rank,reward,equations,equations_with_constants
1,0.950990049896535,B0*i*s ; B1 + B2*i,0.399998148975214*i*s ; 0.100003129479716*i - 6.98365496767315e-7
2,0.9509900498937034,B0*i*s ; B1*i,0.400014071512435*i*s ; 0.100009532138038*i
3,0.9509052735332966,B0*i*s ; B1*i**2,0.330446273365364*i*s ; 0.184276688016221*i**2
4,0.9506952091578503,B0*i*s ; B1 + i - r,0.489118965239907*i*s ; i - r - 0.0166256633720537
5,0.950661683500833,B0*i*s ; B1 + B2*r,-0.00163619948655989*i*s ; 0.0985531499778999*r + 3.37930632211277
6,0.9506315566775159,B0*i*s ; B1 + r**2,0.221526022438771*i*s ; r**2 - 0.0129647964664186
7,0.9505889829296019,B0*i*s ; B1 - i*r,0.253411721002761*i*s ; -i*r - 0.00947077090738712
8,0.9505790713953736,B0*i*s ; B1 - r,0.253258556910859*i*s ; -r - 0.0300005967001082
9,0.9498741050418562,B0*i*s ; i - r,0.552010215014505*i*s ; i - r
10,0.9491230952037817,B0*i*s ; B1*sqrt(Abs(i)),-0.00141462687314479*i*s ; 1.66493532946014*sqrt(Abs(i))
11,0.9483428245346792,B0*i*s ; 2*r,0.313714403772127*i*s ; 2*r
12,0.9483428244329217,B0*i*s ; r,0.313698311759469*i*s ; r
13,0.9483428241864371,B0*i*s ; Abs(r)**(1/4),0.313719476419987*i*s ; Abs(r)**(1/4)
14,0.9483428234815859,B0*i*s ; sqrt(Abs(r)),0.313688583710697*i*s ; sqrt(Abs(r))
15,0.9482670776556014,B0*i*s ; B1 + i*r,0.309509888095008*i*s ; i*r + 1.57159692271644e-10
16,0.9475952882363187,B0 + B1*i ; B2 + i*r,0.504031014105317*i + 0.0112021793679512 ; i*r + 0.0197299092020159
17,0.9474773887324578,B0*i*s ; B1 + Abs(i)**(1/4),0.00141582936224505*i*s ; Abs(i)**(1/4) - 8.50927048996755
18,0.9453720494343008,B0*i*s ; sqrt(Abs(i)),-0.00407124756350323*i*s ; sqrt(Abs(i))
19,0.9411510663280963,B0*s*sqrt(Abs(i)) ; B1 + B2*r,0.0159495136215646*s*sqrt(Abs(i)) ; 0.350373693839845*r + 0.370364649807964
20,0.9411406943622806,B0*i*s ; sqrt(Abs(B1 + B2*i)),-0.00163926565504431*i*s ; sqrt(Abs(1.1995437812004*i - 7.93577459631145))
21,0.941036170056969,B0*i*sqrt(Abs(s)) ; B1*i,0.585659425981864*i*sqrt(Abs(s)) ; 0.354447431120959*i
22,0.9409179840312452,B0*s*sqrt(Abs(i)) ; B1 - i - r,0.0866165279416006*s*sqrt(Abs(i)) ; -i - r + 0.0405398537150693
23,0.9406110045033088,B0*s*sqrt(Abs(i)) ; B1 - sqrt(Abs(r)),0.0276270419990175*s*sqrt(Abs(i)) ; 0.187665497351492 - sqrt(Abs(r))
24,0.9403508076048512,B0*s*sqrt(Abs(i)) ; B1 - sqrt(Abs(i)),0.0255473353524475*s*sqrt(Abs(i)) ; 0.152475303077962 - sqrt(Abs(i))
25,0.9402593911856966,B0*i*s ; B1 - i,0.000951385694938584*i*s ; -i - 0.0203522260847397
26,0.940022560678725,B0*s*sqrt(Abs(i)) ; sqrt(Abs(B1 - i)),0.0226706991220708*s*sqrt(Abs(i)) ; sqrt(Abs(i + 0.61058147418888))
27,0.9400167005246681,B0*i*s ; B1 + r,0.000887751516624768*i*s ; r - 0.0904640545436062
28,0.9399616745866288,B0*s*sqrt(Abs(i)) ; B1 - r,0.188901299658179*s*sqrt(Abs(i)) ; 0.0602783352500971 - r
29,0.9399528131584544,B0*i*s ; B1 + i + sqrt(Abs(r)),-0.149697621469618*i*s ; i + sqrt(Abs(r)) - 0.193805970437943
30,0.9399387398778313,B0*i ; B1 + B2*r,-0.130534892281479*i ; 0.139542248001104 - 0.126085403016366*r
31,0.9393723844541785,B0*i*sqrt(Abs(s)) ; B1*i**2,0.379511550646991*i*sqrt(Abs(s)) ; 1.22749186798896*i**2
32,0.9393601777464087,B0*s*sqrt(Abs(i)) ; B1*i,0.0817039473769319*s*sqrt(Abs(i)) ; -0.247720710029576*i
33,0.9389603045822389,B0*s*sqrt(Abs(i)) ; -i - r,0.0655273952811146*s*sqrt(Abs(i)) ; -i - r
34,0.938916793510901,B0*i*s ; Abs(B1 + sqrt(2)*sqrt(Abs(i)))**(1/4),-0.001518161480276*i*s ; (sqrt(2)*sqrt(Abs(i)) + 1276.20642482488)**(1/4)
35,0.9387885262609179,B0*s*sqrt(Abs(i)) ; sqrt(Abs(i)),0.0185428400528173*s*sqrt(Abs(i)) ; sqrt(Abs(i))
36,0.9376862700507571,B0*s*sqrt(Abs(i)) ; B1 + r - sqrt(Abs(r)),0.0116851208836426*s*sqrt(Abs(i)) ; r - sqrt(Abs(r)) + 0.528731544081072
37,0.9363951600647848,B0*s*sqrt(Abs(i)) ; B1*r - i,0.0115027752732436*s*sqrt(Abs(i)) ; -i - 0.127513324255064*r
38,0.9355866730718906,i**2 ; B0 + B1*r,i**2 ; 0.0849166128633234 - 0.073900780211413*r
39,0.9355836873918497,B0*s*sqrt(Abs(i)) ; B1 + r,0.0108980916131624*s*sqrt(Abs(i)) ; r - 0.0136964510812439
40,0.9355252273287976,B0*s*sqrt(Abs(i)) ; B1 - i,0.0108737224482104*s*sqrt(Abs(i)) ; 0.00875362718180849 - i
41,0.935176488333367,B0*s*sqrt(Abs(i)) ; -i,0.0102722875090893*s*sqrt(Abs(i)) ; -i
42,0.9349104262803467,B0*i*s ; B1 - i + r,0.000755700909879735*i*s ; -i + r + 0.014502363760297
43,0.9349102171539627,B0*i*s ; B1 - 2*i,0.000755061904915696*i*s ; 0.034513540406252 - 2*i
44,0.933889900003797,B0*s*sqrt(Abs(i)) ; -2*i - r,0.00945400958711764*s*sqrt(Abs(i)) ; -2*i - r
45,0.9336325314412448,B0*i*s ; -i + r,0.000724887452361887*i*s ; -i + r
46,0.9335596483343749,B0*s*sqrt(Abs(i)) ; B1 - r**2,0.0104426269686138*s*sqrt(Abs(i)) ; 7.22070577634064 - r**2
47,0.9334781612833017,B0 + B1*i ; B2 + B3*r,0.000407915021332557*i + 0.0419819829578136 ; 0.364469594596182*r + 0.00613106334689238
48,0.9332206674579696,B0*i ; B1*i,2.4348632672718*i ; 2.47819497479803*i
49,0.9330312202795394,B0 + B1*i ; B2*i + r,0.000395844980298184*i + 0.0411729574248217 ; 5.22342360950625e-7*i + r
50,0.9327934250321808,B0 + B1*i ; B2 + i + sqrt(Abs(r)),0.0537417449398167*i + 0.0205568213915931 ; i + sqrt(Abs(r)) - 0.802292083165135
51,0.9325767896773528,B0 + B1*i ; B2 - sqrt(Abs(r)),-0.0672349730118041*i - 0.0524923541439881 ; 1.38144030825328 - sqrt(Abs(r))
52,0.9325048554917235,B0*s ; B1 - r,0.047667159308933*s ; 60.7244849075716 - r
53,0.9325048554904136,B0*s ; B1 + i,0.0476668437199182*s ; i + 0.0152956971762914
54,0.9325048553753184,B0*s ; B1*i,0.0476645904431017*s ; 0.00100444271702666*i
55,0.9325048552566587,B0*s ; B1*r,0.0476635277401503*s ; 3.73615038160984*r
56,0.9325048551941534,B0*s ; B1 + r,0.0476711513979789*s ; r + 0.0158643140941415
57,0.9325048521309509,B0*s ; B1*Abs(i)**(5/8),0.0476535521364032*s ; 29.5970431022659*Abs(i)**(5/8)
58,0.9325048492031989,B0*s ; B1 - i,2.71893050168858*s ; 0.0922484574866805 - i
59,0.9325048423336224,B0*s ; i + r,0.0476402796810925*s ; i + r
60,0.9325048159326385,B0*s ; -i**2,0.0477136581157637*s ; -i**2
61,0.9325048121096497,B0*s ; i**2,0.0476183924574062*s ; i**2
62,0.9325048111847086,B0*s ; Abs(r)**(3/4),0.0476178758895236*s ; Abs(r)**(3/4)
63,0.9325048096585121,B0*s ; sqrt(Abs(r)),0.0476170351828369*s ; sqrt(Abs(r))
64,0.9325048095585834,B0*s ; Abs(r)**(7/4),0.047616980629073*s ; Abs(r)**(7/4)
65,0.9325048092136329,B0*s ; sqrt(Abs(i)),0.0476167927658758*s ; sqrt(Abs(i))
66,0.9325048076366248,B0*s ; Abs(i)**(1/4),0.0476159427010591*s ; Abs(i)**(1/4)
67,0.9325048072553807,B0*s ; Abs(r)**(1/4),0.0476157393089216*s ; Abs(r)**(1/4)
68,0.93250480622463,B0*s ; -2**(1/4)*Abs(i)**(1/4),0.0476151933989012*s ; -2**(1/4)*Abs(i)**(1/4)
69,0.9325048053586549,B0*s ; r,2.71895285735111*s ; r
70,0.9325048050795864,B0*s ; i*r,0.0476145936130083*s ; i*r
71,0.932504804846467,B0*s ; -i + r,0.0477197787228488*s ; -i + r
72,0.9325048042935623,B0*s ; i,0.047720065469123*s ; i
73,0.9325048039330665,B0*s ; r**2,0.0476139998431646*s ; r**2
74,0.9325048018636328,B0*s ; -r,0.0476129445895577*s ; -r
75,0.9325048012447026,B0*s ; -i,0.04761263295514*s ; -i
76,0.9325048010674274,B0*s ; 0,0.0476125440242922*s ; 0
77,0.9325048007629941,B0*s ; i - r,0.0476123916414313*s ; i - r
78,0.9325048007629941,B0*s ; 2*i,0.0476123916414313*s ; 2*i
79,0.9325048007629941,B0*s ; -r**2,0.0476123916414313*s ; -r**2
80,0.9325048007629941,B0*s ; Abs(r)**(3/2),0.0476123916414313*s ; Abs(r)**(3/2)
81,0.9325048007629941,B0*s ; Abs(i)**(3/2),0.0476123916414313*s ; Abs(i)**(3/2)
82,0.9325048007626383,B0*s ; 2*r,0.047612391463525*s ; 2*r
83,0.9324109247348119,B0 + B1*i ; B2 + Abs(i)**(3/2),0.000394003229607946*i + 0.0412334877983326 ; Abs(i)**(3/2) + 0.0445699944198745
84,0.9323842613240191,B0 + B1*sqrt(Abs(i)) ; B2 - r,0.0969920856316237 - 0.128341167729828*sqrt(Abs(i)) ; 0.481612114299315 - r
85,0.9323102128841774,B0 + B1*i ; B2 + sqrt(Abs(r)),0.000456691759016068*i + 0.0461042381009862 ; sqrt(Abs(r)) - 0.189927475707811
86,0.9322676523709016,B0 + B1*i ; sqrt(Abs(i + sqrt(Abs(r)))),0.000420946195096442*i + 0.0424320785945094 ; sqrt(Abs(i + sqrt(Abs(r))))
87,0.9319926509495069,B0 + B1*i ; B2 + sqrt(Abs(i)),0.000413562245168079*i + 0.0418751447012532 ; sqrt(Abs(i)) - 0.100450710453716
88,0.9319493386539209,B0 + i ; B1 + i,i + 0.0159375058612453 ; i + 0.016535812812855
89,0.9319190246733942,B0*i*s ; B1*Abs(i)**(5/2),0.322990794710973*i*s ; 0.274467903601663*Abs(i)**(5/2)
90,0.9319078338468345,B0*i*s ; B1 + B2*r + i,0.78638102017896*i*s ; i - 0.374841624349253*r + 0.00172974692835623
91,0.9317823807593426,B0*i*Abs(s)**(3/2) ; B1*i**2,0.342739788789909*i*Abs(s)**(3/2) ; -0.0436307347052807*i**2
92,0.9317492304151608,B0*i*s**2 ; B2*sqrt(Abs(B1 + r)),-2.75473856080722*i*s**2 ; 0.118123613334765*sqrt(Abs(r + 0.00278542730578553))
93,0.9316890679997573,B0*i*s**2 ; sqrt(Abs(B1*r + B2)),-0.00835184339125787*i*s**2 ; sqrt(Abs(1.13390081367327*r - 2.3441975368617))
94,0.93168709556484,B0*i*s ; B1 + B2*Abs(i)**(3/2),-0.00164416918293504*i*s ; 0.011734967849742*Abs(i)**(3/2) + 4.01911553648912
95,0.9316636332872242,B0*i*s**2 ; B1*i,0.248397525885264*i*s**2 ; -0.143169948984584*i
96,0.9316223845630158,B0*i ; 2*i,1.9633081481489*i ; 2*i
97,0.93159726505437,B0*s*sqrt(Abs(i)) ; B1 + B2*i - r,0.10080237227383*s*sqrt(Abs(i)) ; -0.893713183035226*i - r + 0.0450162299459709
98,0.931593558963712,B0*i*s**2 ; B1 + B2*r,-0.0124190379461151*i*s**2 ; 0.205057584370013*r + 0.358774604970956
99,0.93145944284149,B0 + B1*i*s ; B2 + i - sqrt(Abs(r)),0.43380705936621*i*s + 0.00555989511609978 ; i - sqrt(Abs(r)) + 0.196562801272009
100,0.9314186054975797,B0 + B1*i*s ; r,0.251841228738289*i*s + 0.00579456015849484 ; r
101,0.9314186052272818,B0 + B1*i*s ; B2*i*sqrt(Abs(r)),0.251838464508974*i*s + 0.00579586493638828 ; 0.00690863245314316*i*sqrt(Abs(r))
102,0.9313375943525377,B0*s*Abs(i)**(1/4) ; B1*i + r,0.0462648283963116*s*Abs(i)**(1/4) ; 0.362141621076205*i + r
103,0.9313374033306385,B0*s*sqrt(Abs(i)) ; sqrt(Abs(-B1 + i + sqrt(Abs(i)))),0.0371716742430486*s*sqrt(Abs(i)) ; sqrt(Abs(i + sqrt(Abs(i)) - 0.262006868020018))
104,0.9311333860974336,B0*s*sqrt(Abs(i)) ; B1 + i*r,0.11785383088451*s*sqrt(Abs(i)) ; i*r + 3.74541191462536e-6
105,0.931052702785596,B0*s*sqrt(Abs(i)) ; B1 - i + r,0.00910077020212935*s*sqrt(Abs(i)) ; -i + r + 0.0204931305924019
106,0.93083987024298,B0*Abs(i)**(5/4) ; B1 + B2*r,0.149100238707918*Abs(i)**(5/4) ; 0.145026144469088 - 0.126406935033415*r
107,0.930782585878774,B0*i*s ; i + r - Abs(i)**(1/4),0.00709515268430303*i*s ; i + r - Abs(i)**(1/4)
108,0.9307569116611206,B0*i*s ; B1*i - i*r,0.780309489759661*i*s ; -i*r + 0.572493187504159*i
109,0.9307139847091402,B0 + B1*i*s ; B2 + i + r,-0.0168296995432932*i*s - 0.00382301284974356 ; i + r + 0.512583151562458
110,0.9307100970112694,B0*i ; i - r**2 + r,-0.397763583235403*i ; i - r**2 + r
111,0.9305325918672163,B0*i*s**2 ; sqrt(Abs(i)),-0.00537107549385325*i*s**2 ; sqrt(Abs(i))
112,0.9304969194882833,B0*i**2*s ; B1 + sqrt(Abs(r)),0.176173592573995*i**2*s ; sqrt(Abs(r)) - 0.596769189313247
113,0.9304727874416053,B0*s*Abs(i)**(1/4) ; B1 + r,0.0420460752137851*s*Abs(i)**(1/4) ; r + 0.00178117095071849
114,0.9302723878551219,B0*s*sqrt(Abs(i)) ; B1*Abs(r)**(3/4),0.122779225729926*s*sqrt(Abs(i)) ; 0.000607182552136817*Abs(r)**(3/4)
115,0.930272378701442,B0*s*sqrt(Abs(i)) ; -i*r,0.122744709829749*s*sqrt(Abs(i)) ; -i*r
116,0.930272378302177,B0*s*sqrt(Abs(i)) ; -2*r,0.122743982145403*s*sqrt(Abs(i)) ; -2*r
117,0.9302723782768788,B0*s*sqrt(Abs(i)) ; -Abs(r)**(3/2),0.122743936554638*s*sqrt(Abs(i)) ; -Abs(r)**(3/2)
118,0.9302723781122444,B0*s*sqrt(Abs(i)) ; -sqrt(Abs(r)),0.12274364132069*s*sqrt(Abs(i)) ; -sqrt(Abs(r))
119,0.9302723769486136,B0*s*sqrt(Abs(i)) ; -r,0.122741622038659*s*sqrt(Abs(i)) ; -r
120,0.9302723757943622,B0*s*sqrt(Abs(i)) ; sqrt(Abs(r)),0.122739722914842*s*sqrt(Abs(i)) ; sqrt(Abs(r))
121,0.9302723748247985,B0*s*sqrt(Abs(i)) ; i*r + r,0.122738196849004*s*sqrt(Abs(i)) ; i*r + r
122,0.9302723704998754,B0*s*sqrt(Abs(i)) ; r,0.122731996204046*s*sqrt(Abs(i)) ; r
123,0.9302287704789245,B0*i*s ; B1 + i - r**2,0.82363116568927*i*s ; i - r**2 - 0.0113179275224237
124,0.9298785438289188,B0 + B1*i ; B2 + sqrt(3)*sqrt(Abs(i)),0.000308241190002486*i + 0.0326110551453786 ; sqrt(3)*sqrt(Abs(i)) - 0.398016870862464
125,0.9296855945775483,B0 + B1*i ; sqrt(Abs(B2 + i)),0.000457555092266912*i + 0.0477939180555088 ; sqrt(Abs(i + 7.07000467137969))
126,0.9296364585264588,s*sqrt(Abs(B0 + sqrt(2)*sqrt(Abs(s)))) ; sqrt(Abs(i)),s*sqrt(sqrt(2)*sqrt(Abs(s)) + 5.78589052624694) ; sqrt(Abs(i))
127,0.9296057431800918,B0 + B1*i ; sqrt(Abs(B2 + r)),0.000472191356396439*i + 0.0489758933273548 ; sqrt(Abs(r - 11.0796210071136))
128,0.9294708025017638,B0*i*s ; B1*r + i*r,0.31370807217936*i*s ; i*r + 46.964241141951*r
129,0.9293764899459976,B0*sqrt(Abs(i)) ; B1 + B2*i*r,0.104839503057996*sqrt(Abs(i)) ; 0.882640268156047*i*r + 0.00368455687361729
130,0.9287463155403394,B0*i*s ; B1 + r - sqrt(Abs(i)),0.000828858609607928*i*s ; r - sqrt(Abs(i)) + 0.141005912025593
131,0.9284966563412356,-i*s ; sqrt(Abs(B0*i + B1)),-i*s ; sqrt(Abs(0.00160878653889544*i - 0.00268538210818227))
132,0.9282220362140029,B0*i + B1*s ; B2 + i*r,0.167124644308426*i + 0.0114158310222002*s ; i*r + 0.00207471189658515
133,0.9281110906370007,B0 + B1*i ; B2*i + i*r,0.293421112792992*i + 0.00173248330788289 ; i*r + 0.0720274879799716*i
134,0.9272887411274073,B0*s*Abs(i)**(1/4) ; B1*i**2,0.0438151396337234*s*Abs(i)**(1/4) ; -1.09510435520008*i**2
135,0.9272665685876995,B0*i ; B1*i + i*r,0.339528807243483*i ; i*r + 0.0958217389454901*i
136,0.927186480770298,B0*i*s**2 ; r,0.366851083809149*i*s**2 ; r
137,0.9271531911950521,B0*Abs(s)**(3/4) ; sqrt(Abs(B1 - i)),0.0488133282116838*Abs(s)**(3/4) ; sqrt(Abs(i - 0.00595738637709428))
138,0.9269664010637355,B0*i*s ; B1 + i,-1.43204131151245*i*s ; i + 0.0856856499804233
139,0.926753921158781,B0 + B1*i ; B2 + B3*r + i,0.810508650719344*i - 0.032815652394494 ; i + 0.0208415829855676*r - 0.0585853909986461
140,0.9267539042487363,B0*i + B1*s ; B2 + B3*i - r,-0.0196401097927906*i - 0.0165602424705432*s ; -0.834354831494796*i - r + 0.921619932976792
141,0.926593414932607,B0*i*s ; B1 + i - sqrt(Abs(r)),0.275498115297355*i*s ; i - sqrt(Abs(r)) + 0.145885173018629
142,0.9264719729214415,B0*i*s ; B1*sqrt(Abs(i)) + i,-0.524901773258033*i*s ; i + 0.513807167945051*sqrt(Abs(i))
143,0.9258588866306994,B0*i*s ; B1 + 2*i - r,-0.010354927343323*i*s ; 2*i - r + 1.90762671745959
144,0.9257124727468011,B0*i ; B1*i + i*Abs(r)**(3/4),0.277165961613301*i ; i*Abs(r)**(3/4) + 0.013655883162965*i
145,0.9256354318345918,B0 + B1*i ; B2*Abs(i)**(1/4),0.000460480666108274*i + 0.0463645091324651 ; 1.20845827729565*Abs(i)**(1/4)
146,0.9255642909544788,B0*i ; B1 + B2*i + r,0.0144900947760813*i ; 1.16528568357952*i + r - 0.930921217484864
147,0.9255558916374165,B0*i ; B1 + B2*r + i,0.0174247334382532*i ; i + 0.831648487619936*r - 0.774497132231042
148,0.9252471244598407,B0*i + B0*s ; B1 + i*r,0.0425276750045155*i + 0.0425276750045155*s ; i*r + 1.80547240437833e-5
149,0.9251937230655088,i*s ; B0 + i,i*s ; i - 0.0112466719678993
150,0.9251202316839947,B0 + B1*i ; B2 + Abs(r)**(1/4),0.000460697402738315*i + 0.0461397335829016 ; Abs(r)**(1/4) + 0.340441398827646
151,0.9249493952075855,B0*i + B0*sqrt(Abs(i)) ; B1 + B2*i,-0.570797387120586*i - 0.570797387120586*sqrt(Abs(i)) ; 2.45549918449245*i + 2.38050618183547
152,0.9247840390908709,B0 + B1*i ; sqrt(Abs(B2 + sqrt(Abs(r)))),0.000462019955839811*i + 0.0461104451265502 ; sqrt(sqrt(Abs(r)) + 1.19599985096317)
153,0.9247758548393923,B0 + B1*i ; sqrt(Abs(B2 + sqrt(Abs(i)))),0.000462193167453274*i + 0.0461304110010475 ; sqrt(sqrt(Abs(i)) + 1.24111870003531)
154,0.924756988324703,B0*sqrt(Abs(i)) ; B1 - r,0.0363072323280724*sqrt(Abs(i)) ; 1.10588212874634 - r
155,0.9244887116476027,B0*sqrt(Abs(i)) ; B1*i + i*r,0.0925823825898559*sqrt(Abs(i)) ; i*r + 0.00771498577317491*i
156,0.9244167404651811,B0 + B1*i ; Abs(B2 + i)**(1/4),0.000461839417242739*i + 0.045861139770654 ; Abs(i - 7.60283550787367)**(1/4)
157,0.9242893178489177,B0 + B1*i ; B2 + B3*Abs(r)**(3/2),-0.147727886855807*i - 0.0164598019852204 ; 0.122008355248954 - 0.096459070756728*Abs(r)**(3/2)
158,0.9240871083866857,B0 + B1*i ; B2 + i + r,0.000476377208737216*i + 0.0477480859139112 ; i + r + 2.01246027665251
159,0.923984052535669,B0 + B1*i ; B2 - i - r,0.0477749304858837 - 0.000476631855810011*i ; -i - r - 1.94552988309166
160,0.9237999291940684,B1*sqrt(Abs(B0 + i)) ; B2 + B3*i,0.00417686523846148*sqrt(Abs(i + 100.104081387386)) ; 0.0599687997514553 - 0.351481107398157*i
161,0.9236498932360888,B0*s*sqrt(Abs(i)) ; -i - sqrt(Abs(r)),0.00712216035338608*s*sqrt(Abs(i)) ; -i - sqrt(Abs(r))
162,0.9236394227846475,B0 + B1*i ; B2 - r,-0.0531092158728376*i - 0.0442376875444608 ; 1.95601575522434 - r
163,0.9235217279813193,sqrt(Abs(B0 + B1*i)) ; B2*i,sqrt(Abs(1.85059609970075e-5*i - 0.00185314485611537)) ; -0.287078286871611*i
164,0.9233406370025519,B0*s*sqrt(Abs(i)) ; -i*r - i,0.0590738643954603*s*sqrt(Abs(i)) ; -i*r - i
165,0.9233055325892416,B0*i ; B1 + B2*Abs(r)**(3/2),-0.142440000435557*i ; 0.107556778820041 - 0.0945076355424534*Abs(r)**(3/2)
166,0.9232207952915155,B0*i + i*s ; B1 + B2*r,i*s - 0.291072932645804*i ; 0.00190909735759351*r + 0.0131378193275714
167,0.9231798069300212,B0*s ; sqrt(Abs(B1 - r)),2.71891864538119*s ; sqrt(Abs(r - 0.335524063925693))
168,0.9231798068096531,B0*s ; sqrt(Abs(B1 - i)),2.71891648668829*s ; sqrt(Abs(i - 0.00331531991505807))
169,0.9231798066938419,B0*s ; B1 + sqrt(Abs(r)),2.71892066220609*s ; sqrt(Abs(r)) + 0.606008214811931
170,0.9231798066064608,B0*s ; B1*sqrt(Abs(i)),0.0476713892778224*s ; 0.00425861458400064*sqrt(Abs(i))
171,0.9231798065999278,B0*s ; B1 + sqrt(Abs(i)),0.0476627990246566*s ; sqrt(Abs(i)) + 0.113669523887678
172,0.9231798063804455,B0*s ; B1*sqrt(Abs(r)),0.0476615685895987*s ; 0.0188660879697195*sqrt(Abs(r))
173,0.9231798062281116,B0*s ; sqrt(Abs(B1 + i)),0.04766085520409*s ; sqrt(Abs(i + 16.1694390441557))
174,0.9231798062134223,B0*s ; sqrt(Abs(B1 + r)),2.71892241962365*s ; sqrt(Abs(r + 0.000622940243453795))
175,0.9231798059358451,B0*s ; B1 - sqrt(Abs(r)),0.047659675644431*s ; 2.76188490267585 - sqrt(Abs(r))
176,0.9231797937944715,B0*s ; -i + sqrt(Abs(i)),0.0476940750155857*s ; -i + sqrt(Abs(i))
177,0.923179764657698,B0*s ; 2**(1/4)*Abs(r)**(5/4),2.71895019089479*s ; 2**(1/4)*Abs(r)**(5/4)
178,0.9231797644375558,B0*s ; sqrt(Abs(i - r)),0.0476186477652926*s ; sqrt(Abs(i - r))
179,0.9231797620368242,B0*s ; -i*sqrt(Abs(r)),0.0476172978930757*s ; -i*sqrt(Abs(r))
180,0.9231797605272503,B0*s ; Abs(i)**(9/16)*sqrt(Abs(r)),0.04761646752716*s ; Abs(i)**(9/16)*sqrt(Abs(r))
181,0.9231797573890729,B0*s ; r*sqrt(Abs(i)),0.0476147834932665*s ; r*sqrt(Abs(i))
182,0.9231797560934781,B0*s ; -r + sqrt(Abs(i)),0.0476141038499181*s ; -r + sqrt(Abs(i))
183,0.9231797551948131,B0*s ; -r + sqrt(Abs(r)),2.71895358549025*s ; -r + sqrt(Abs(r))
184,0.9231797527553641,B0*s ; sqrt(Abs(i))*Abs(r)**(3/4),0.0476123916414313*s ; sqrt(Abs(i))*Abs(r)**(3/4)
185,0.9231797527553641,B0*s ; i + sqrt(Abs(i)),0.0476123916414313*s ; i + sqrt(Abs(i))
186,0.9231797527553641,B0*s ; i*sqrt(Abs(r)),0.0476123916414313*s ; i*sqrt(Abs(r))
187,0.9230695160415533,B0*s*Abs(i)**(1/4) ; sqrt(Abs(B1*r + i)),0.0570805719015076*s*Abs(i)**(1/4) ; sqrt(Abs(i + 0.580751495478598*r))
188,0.9229257621367281,i**2 ; B0 + B1*r**2,i**2 ; 0.068317441826842 - 0.0558011798152982*r**2
189,0.9229041149188277,B0 + B1*i*s ; i**2 + r,-0.000882723958303565*i*s + 0.0176748145195558 ; i**2 + r
190,0.9226960125355914,B0 + B1*i ; B2 + B3*sqrt(Abs(i)),0.000410046964327281*i + 0.041126127669794 ; 0.884138051020647*sqrt(Abs(i)) - 0.0580681648522099
191,0.9226544543012927,B0 + B2*sqrt(Abs(B1 + s)) ; sqrt(Abs(i - sqrt(Abs(B3 + i)))),7.67303601560258*sqrt(Abs(s + 2.15852130739525)) - 11.3854619516086 ; sqrt(Abs(i - sqrt(Abs(i + 48.9219975973795))))
192,0.9226337161021491,B0*i + B1*s ; B2 + B3*r,-0.157501451023881*i - 0.0205808089817383*s ; 0.145132308066779 - 0.13690387629796*r
193,0.9226098547576168,B0*i*s ; B1 + B2*sqrt(Abs(i - r)),0.379169420211727*i*s ; 0.0908750441047812*sqrt(Abs(i - r)) - 0.0157912994888382
194,0.9223995125799368,B0*i*s ; B1 + sqrt(Abs(i))*Abs(r)**(3/2),0.235992139567672*i*s ; sqrt(Abs(i))*Abs(r)**(3/2) - 0.0111148574167531
195,0.9223336593098255,B0*i*s ; B1*i + i*sqrt(Abs(r)),0.208502153000717*i*s ; i*sqrt(Abs(r)) - 0.375319243990792*i
196,0.9222887368986231,B0*sqrt(Abs(s)) ; 2*r,0.0341022606702237*sqrt(Abs(s)) ; 2*r
197,0.9222848672864015,B0*sqrt(Abs(s)) ; -i + sqrt(Abs(r)),0.0341022606842135*sqrt(Abs(s)) ; -i + sqrt(Abs(r))
198,0.9222688827782319,B0*sqrt(Abs(s)) ; B1 - sqrt(Abs(i)),0.0341022604383995*sqrt(Abs(s)) ; 0.580527388340119 - sqrt(Abs(i))
199,0.9222613911966722,B0*sqrt(Abs(s)) ; B1 + sqrt(Abs(i)),0.0335176370964397*sqrt(Abs(s)) ; sqrt(Abs(i)) + 0.0023449706035468
200,0.9222565398509848,B0*sqrt(Abs(s)) ; i + r,0.0335176366582545*sqrt(Abs(s)) ; i + r
201,0.9222539026927735,B0*sqrt(Abs(s)) ; sqrt(2)*Abs(i)**(1/4),0.0341022598526319*sqrt(Abs(s)) ; sqrt(2)*Abs(i)**(1/4)
202,0.9222494359133512,B0*sqrt(Abs(s)) ; sqrt(Abs(B1 - r)),0.034102259489539*sqrt(Abs(s)) ; sqrt(Abs(r - 0.000817799816736596))
203,0.9222454716424342,B0*sqrt(Abs(i))*Abs(s)**(3/2) ; B1 + B2*r,0.0312474621472878*sqrt(Abs(i))*Abs(s)**(3/2) ; 0.400232862180165*r + 0.0959533291457832
204,0.9222348851187996,B0*sqrt(Abs(s)) ; i*r,0.0335176344971658*sqrt(Abs(s)) ; i*r
205,0.922234585061423,B0*sqrt(Abs(s)) ; sqrt(Abs(i)),0.0335176344286725*sqrt(Abs(s)) ; sqrt(Abs(i))
206,0.9222276617075467,B0*sqrt(Abs(s)) ; B1 + sqrt(Abs(r)),0.0335176322636132*sqrt(Abs(s)) ; sqrt(Abs(r)) + 0.000260635791239646
207,0.9222233860326079,B0*sqrt(Abs(s)) ; B1*r,0.0335176301776984*sqrt(Abs(s)) ; 0.0134890851348845*r
208,0.922217132437243,B0*sqrt(Abs(s)) ; i,0.0339697210447416*sqrt(Abs(s)) ; i
209,0.92221713205244,B0*sqrt(Abs(s)) ; i**2,0.0339697210220123*sqrt(Abs(s)) ; i**2
210,0.9222170841569889,B0*sqrt(Abs(s)) ; i + sqrt(Abs(i)),0.0339697210606958*sqrt(Abs(s)) ; i + sqrt(Abs(i))
211,0.9222170532403202,B0*sqrt(Abs(s)) ; B1 + r,0.0339697209921142*sqrt(Abs(s)) ; r + 0.118254871658832
212,0.9222165644218059,B0*sqrt(Abs(s)) ; -i + r,0.0339697203854715*sqrt(Abs(s)) ; -i + r
213,0.9222164095503643,B0*sqrt(Abs(s)) ; sqrt(Abs(i + r)),0.0339697200394161*sqrt(Abs(s)) ; sqrt(Abs(i + r))
214,0.9222160182825582,B0*sqrt(Abs(s)) ; r,0.0339697188274342*sqrt(Abs(s)) ; r
215,0.9222154046818787,B0*sqrt(Abs(s)) ; sqrt(Abs(r)),0.0339697159258846*sqrt(Abs(s)) ; sqrt(Abs(r))
216,0.9222091807567198,B0*sqrt(Abs(s)) ; B1 + i,0.0341022824303974*sqrt(Abs(s)) ; i + 78.7186238504706
217,0.9222010888296073,B0*sqrt(Abs(s)) ; r*sqrt(Abs(i)),0.0339045963825978*sqrt(Abs(s)) ; r*sqrt(Abs(i))
218,0.922201054030404,B0*sqrt(Abs(s)) ; sqrt(Abs(B1 - i)),0.0339045967767305*sqrt(Abs(s)) ; sqrt(Abs(i - 0.575493495214512))
219,0.9221976047967511,B0*sqrt(Abs(s)) ; sqrt(Abs(B1 + i)),0.0339630742311437*sqrt(Abs(s)) ; sqrt(Abs(i + 0.000675173184598756))
220,0.9221975196132283,B0*sqrt(Abs(s)) ; r**2,0.033963073421847*sqrt(Abs(s)) ; r**2
221,0.9221974337596615,B0*sqrt(Abs(s)) ; i + sqrt(Abs(r)),0.0339630752443103*sqrt(Abs(s)) ; i + sqrt(Abs(r))
222,0.9221973934997649,B0*sqrt(Abs(s)) ; B1 - r,0.0339630756088849*sqrt(Abs(s)) ; 0.000321158373839004 - r
223,0.9221968533450473,B0*sqrt(Abs(s)) ; sqrt(Abs(B1 + r)),0.0339630622936357*sqrt(Abs(s)) ; sqrt(Abs(r + 0.00600815377081174))
224,0.9221945845872491,B0*sqrt(Abs(s)) ; B1 - i,0.0333895937114114*sqrt(Abs(s)) ; 0.00683699896552612 - i
225,0.9221942719508919,B0*sqrt(Abs(s)) ; B1*i,0.0339644771230244*sqrt(Abs(s)) ; 0.0133807182014996*i
226,0.9221710517291064,B0*sqrt(Abs(s)) ; B1*sqrt(Abs(r)),0.0333794157614115*sqrt(Abs(s)) ; 0.000449765445938368*sqrt(Abs(r))
227,0.922089448713822,B0 + B1*i ; B2 + B3*sqrt(Abs(r)),0.000422121689133312*i + 0.0423325281840393 ; 0.81443810114274*sqrt(Abs(r)) - 0.125979152749883
228,0.9220527406982068,B0*s*sqrt(Abs(i)) ; -i - sqrt(Abs(i)),0.00687508084647967*s*sqrt(Abs(i)) ; -i - sqrt(Abs(i))
229,0.9215855759888112,B0*s*Abs(i)**(1/4) ; sqrt(Abs(B1 - r)),0.0348259532872767*s*Abs(i)**(1/4) ; sqrt(Abs(r + 5.13077398945278e-12))
230,0.9212462835129616,B0*sqrt(Abs(i))*Abs(s)**(3/4) ; r,0.0881403674243193*sqrt(Abs(i))*Abs(s)**(3/4) ; r
231,0.9212002582325477,B0*sqrt(Abs(i))*sqrt(Abs(s)) ; B1*i,0.134982731496739*sqrt(Abs(i))*sqrt(Abs(s)) ; 0.175519753321686*i
232,0.9210851319005156,B0*i*Abs(s)**(1/4) ; i,1.15979624495824*i*Abs(s)**(1/4) ; i
233,0.9209917713046258,B0*i*s ; sqrt(Abs(B1*r + B2*i)),-0.00141559672580658*i*s ; sqrt(Abs(11.7265287058649*i + 8.94600818458772*r))
234,0.9208845509246145,B0*i**2*s ; B1*i**2,11.7358758208415*i**2*s ; 7.22648111928888*i**2
235,0.9208718980430091,B0*s*sqrt(Abs(i)) ; -r - sqrt(Abs(i)),0.0522916901908582*s*sqrt(Abs(i)) ; -r - sqrt(Abs(i))
236,0.9207795061744221,B1*s*sqrt(Abs(B0 + i)) ; sqrt(Abs(i)),0.019619899541098*s*sqrt(Abs(i + 1.05252463886542)) ; sqrt(Abs(i))
237,0.9205376549564926,B0 + B1*s*sqrt(Abs(i)) ; sqrt(Abs(i + r)),0.0867072317839863*s*sqrt(Abs(i)) - 0.0317170794822749 ; sqrt(Abs(i + r))
238,0.9201929082566618,B1*s*sqrt(Abs(B0 + s)) ; B2*i**2,0.172042433894621*s*sqrt(Abs(s - 0.942228661833731)) ; 6.92182752587926*i**2
239,0.9201928784946642,B1*s*sqrt(Abs(B0 - s)) ; sqrt(Abs(i)),0.172036789230612*s*sqrt(Abs(s - 0.942231263731687)) ; sqrt(Abs(i))
240,0.9201900711613168,B1*s*sqrt(Abs(B0 + s)) ; B2*sqrt(Abs(i)),0.17161837205387*s*sqrt(Abs(s - 0.942406193393158)) ; 0.0133369210243072*sqrt(Abs(i))
241,0.9201851585737142,B1*s*sqrt(Abs(B0 + s)) ; r*Abs(i)**(1/8),0.171052957516343*s*sqrt(Abs(s - 0.942641302753122)) ; r*Abs(i)**(1/8)
242,0.9201034604205985,B0*i + B1*s ; B2 + 2*i,0.227232085975048*i + 3.57441073361836*s ; 2*i - 9.17957575576427
243,0.9200567377857979,B0*sqrt(Abs(i))*Abs(s)**(3/2) ; i + r,0.10778568438254*sqrt(Abs(i))*Abs(s)**(3/2) ; i + r
244,0.9200469106928558,B1*s*sqrt(Abs(B0 + s)) ; B2 + r,0.160469258946191*s*sqrt(Abs(s - 0.962883220075772)) ; r + 3.02616257443393
245,0.920040070365427,B1*s*sqrt(Abs(B0 + s)) ; -sqrt(Abs(r)),0.173884234589096*s*sqrt(Abs(s - 0.934132606777861)) ; -sqrt(Abs(r))
246,0.9200400648249393,B1*s*sqrt(Abs(B0 + s)) ; sqrt(Abs(i)),0.173859638110909*s*sqrt(Abs(s - 0.934147220467246)) ; sqrt(Abs(i))
247,0.9199092349471413,B0*sqrt(Abs(i)) + B1*i ; sqrt(Abs(B2 - r)),0.00238755311075228*i + 0.0240799142499402*sqrt(Abs(i)) ; sqrt(Abs(r - 0.622935377966394))
248,0.9198140506333923,B0*i + B1*sqrt(Abs(s)) ; B2 + i*r,0.148365336804924*i + 0.0134580875713372*sqrt(Abs(s)) ; i*r + 0.00169586774643062
249,0.9197292740006525,B0*i ; B1 + i*r + i,0.0498235594567828*i ; i*r + i - 0.34864978645291
250,0.919685198124414,B0*i + Abs(i)**(3/2) ; B1 + B2*r,0.450769144876621*i + Abs(i)**(3/2) ; 0.102481339822779 - 0.082014640598537*r
251,0.919447534799547,B0 + i ; i,i - 0.000292122475271855 ; i
252,0.9194472730111192,B0 + B1*i ; sqrt(Abs(B2*i + r)),0.000443993337504256*i + 0.0449597098655265 ; sqrt(Abs(0.626916505984758*i + r))
253,0.9193661345113034,B0 + B2*sqrt(Abs(B1 + s)) ; B3*i,0.108903594822199 - 0.141982665920133*sqrt(Abs(s - 0.554313552459446)) ; 0.429933907133102*i
254,0.9191767003758315,B0*i ; B1 - r**2,-0.0491382815332851*i ; 1.22212053824943 - r**2
255,0.9191191265515849,B0*i*s ; sqrt(Abs(B1*i + B1*sqrt(Abs(i)))),-0.00122556846508167*i*s ; sqrt(Abs(5.61132573049027*i + 5.61132573049027*sqrt(Abs(i))))
256,0.9189762577947788,B0 + B1*sqrt(Abs(i - s)) ; B2*Abs(i)**(5/4),0.113671148413603 - 0.0979319412995143*sqrt(Abs(i - s)) ; -0.00330966132223958*Abs(i)**(5/4)
257,0.9189609887117572,B0 + B1*i ; sqrt(Abs(B2*Abs(i)**(3/4) + i)),0.00036326860377316*i + 0.0358780583965591 ; sqrt(Abs(i + 0.802581438895428*Abs(i)**(3/4)))
258,0.918941897837297,B0 + B1*sqrt(Abs(i)) ; sqrt(Abs(B2 + B3*i)),0.0477714215031444 - 0.00487102392283107*sqrt(Abs(i)) ; sqrt(Abs(0.422294281916101*i + 1.01038195548786))
259,0.918897506219948,B0*i*s ; -i + r + sqrt(Abs(r)),-0.000639739273018076*i*s ; -i + r + sqrt(Abs(r))
260,0.9187679617293699,B0*i + B1*s ; B2 + B3*i,0.593657882160277*i + 0.014051767100854*s ; 0.702536237197922*i + 0.000171579075618698
261,0.9187627449658915,B0*i + B1*s ; B2*i,0.592291653094747*i + 0.0140667224463236*s ; 0.702517986779882*i
262,0.9186116218644428,B0 + B1*sqrt(Abs(i)) ; sqrt(Abs(B2 - i*r)),0.035169276036331 - 0.00303906139815028*sqrt(Abs(i)) ; sqrt(Abs(i*r + 0.00108728326073064))
263,0.9183255079518075,B0 + B1*sqrt(Abs(i)) ; sqrt(Abs(B2 + B3*r)),0.0522029449165804 - 0.00519167628380256*sqrt(Abs(i)) ; sqrt(Abs(0.465421773019079*r - 1.78301765298484))
264,0.9182595354263167,B0*i + B1*s ; B2*r + i,0.88872913763224*i + 0.00953233225460577*s ; i + 0.000469554351912389*r
265,0.9181857586353126,B0*sqrt(Abs(i)) + B1*i ; B2 + B3*r,0.0022298580262409*i + 0.022459664869048*sqrt(Abs(i)) ; 0.147412088505759*r + 0.615458724708408
266,0.9181736594487943,B0*i + B1*s ; B2 + i,0.885657684509428*i + 0.00989004797901762*s ; i + 6.56437608373641e-5
267,0.9181718494223419,B0*i + B1*s ; i,0.885038930708941*i + 0.00988215635789705*s ; i
268,0.9179105593490509,B0 + B1*i ; B2*r*sqrt(Abs(i)) + i,1.12192770040308*i + 0.000587964505190017 ; i + 0.0624264018201863*r*sqrt(Abs(i))
269,0.917803436840595,B0 + B1*sqrt(Abs(i)) ; sqrt(Abs(B2 - Abs(i)**(3/2))),0.032054807926885 - 0.00271592667554143*sqrt(Abs(i)) ; sqrt(Abs(Abs(i)**(3/2) - 0.00414589811445105))
270,0.9177350801957387,B0 + B1*i ; B2*sqrt(Abs(i)),0.0464843521216552 - 0.0293127090779537*i ; -0.00973777960044467*sqrt(Abs(i))
271,0.9175096845268725,B0 + B1*i ; B2 + B3*i,0.0475038457320231 - 0.0539711413496984*i ; 0.0186421395274861 - 0.0284720393667001*i
272,0.9175096465814305,B0 + B1*i ; B2*i,0.0470335426923107 - 0.0327890859723725*i ; -0.0073820460350781*i
273,0.9175094384594157,B0 + B1*i ; B2 + i,0.974319888400407*i + 0.027004397400107 ; i + 0.0280697118646954
274,0.9174863775994062,B0 + B1*i + B1*s ; B2 + B3*r + i,0.0168729436034013*i + 0.0168729436034013*s - 0.0334123236605217 ; i + 0.831650006381692*r - 1.07362957174288
275,0.9171863115873196,B0 + B1*i ; i - sqrt(Abs(r)),0.0859107766832922 - 0.123536139471413*i ; i - sqrt(Abs(r))
276,0.9167065238640839,B0*i**2*sqrt(Abs(s)) ; B1*i**2,17.4444538241208*i**2*sqrt(Abs(s)) ; 13.2760975918147*i**2
277,0.9165925815213931,B0*i + B1*s ; i - r + sqrt(Abs(B2 + r)),-1.02865301834748*i - 0.11720535501673*s ; i - r + sqrt(Abs(r - 0.0572254498330964))
278,0.9164970480814798,B0*i**2 ; B1 + B2*i + B2*r,0.432413632832137*i**2 ; -0.0791244393390526*i - 0.0791244393390526*r + 0.0809629039565585
279,0.9161312290754364,i ; B0*i,i ; 1.0219546850522*i
280,0.9160781450922598,B0 + B1*i ; sqrt(Abs(i)),0.000446052954348472*i + 0.0490576280897834 ; sqrt(Abs(i))
281,0.9159653810699648,B0 + i + s ; B1 + B2*i,i + s - 0.953940179128919 ; 0.00168631077511515 - 0.00129155145838234*i
282,0.915639653284057,B0*i + B1*s ; B2 - sqrt(Abs(B3 - i)),0.0117783964590332*i + 2.74572556984964*s ; -sqrt(Abs(i - 0.471647808221228)) - 0.659222977180156
283,0.9155580777023928,B0*i ; i,0.978854907813683*i ; i
284,0.9155516215294616,B0 + B1*sqrt(Abs(i)) ; sqrt(Abs(B2 + i)),0.0552085452083691 - 0.00518975036129979*sqrt(Abs(i)) ; sqrt(Abs(i + 4.26938779501108))
285,0.9152674282083298,B0*i + B0*s ; B2*sqrt(Abs(B1 - i)),0.0487439917691701*i + 0.0487439917691701*s ; 0.0646932181651791*sqrt(Abs(i - 0.155413536354286))
286,0.9151454426460047,B0*i + B0*s ; B1*i**2,0.0456460639350054*i + 0.0456460639350054*s ; 0.198960264061236*i**2
287,0.9151379796834375,B0*i**2 ; B1 + i - sqrt(Abs(r)),0.0151908379860944*i**2 ; i - sqrt(Abs(r)) - 0.34720111492389
288,0.915136858988298,B0*i ; -r + sqrt(Abs(r + Abs(i)**(3/2))),-0.0318470235967825*i ; -r + sqrt(Abs(r + Abs(i)**(3/2)))
289,0.9151190264805924,B0 + B1*i ; i*r**2 + i,1.10759583096808*i + 0.000263513611244995 ; i*r**2 + i
290,0.9150599508814063,B0*i + i*s ; B1 - r,i*s - 0.433785182335368*i ; 0.0293725422653103 - r
291,0.9149614551433437,B0*i + B0*s ; B1*Abs(i)**(3/2),0.0456597566555046*i + 0.0456597566555046*s ; 0.137950211890376*Abs(i)**(3/2)
292,0.9148990652943838,B0 + B1*i ; B2 + i + r + sqrt(Abs(i)),0.0196716150915611*i - 0.0418030381614974 ; i + r + sqrt(Abs(i)) - 2.49917120503756
293,0.9146497893116771,B0 + B1*i ; B2*sqrt(Abs(r)),0.0494923204188305 - 0.0432090581380744*i ; 0.000427105753586653*sqrt(Abs(r))
294,0.9146497892910972,B0 + B1*s ; B2 + Abs(r)**(3/4),0.0432098942572266*s + 0.00628430811672938 ; Abs(r)**(3/4) + 0.000487738263871841
295,0.9146497892885305,B0 + B1*s ; B2 - r,0.0432079527900998*s + 0.00628311196060352 ; 0.000166245217420709 - r
296,0.9146497892249414,B0 + B1*s ; B2 + 2*i,0.0432053232053511*s + 0.00628469486012307 ; 2*i + 44.1499340412327
297,0.9146497890549847,B0 + B1*s ; B2 + sqrt(Abs(i)),2.72186366699283*s + 0.395636208619851 ; sqrt(Abs(i)) + 45.4813890073128
298,0.9146497888756964,B0 + B1*s ; B2 + r,2.72186974363378*s + 0.396152603815322 ; r + 0.325573434214053
299,0.9146497888572515,B0 + B1*i ; B2*i*r,0.0494897891082217 - 0.0432020693575596*i ; 4.27434267222022*i*r
300,0.9146497887831,B0 + B1*s ; B2 + 2*r,0.043210645119719*s + 0.00627934228746243 ; 2*r + 13.1796818847735
301,0.9146497887061383,B0 + B1*s ; sqrt(Abs(B2 + r)),2.72187025146686*s + 0.396220127279075 ; sqrt(Abs(r + 0.37658352648618))
302,0.9146497886726336,B0 + B1*s ; B2 + i + r,0.0432042252588452*s + 0.00629041853064974 ; i + r + 0.0392998525821635
303,0.9146497886115508,B0 + B1*s ; B2 - i,0.0432150150144205*s + 0.0062829172068982 ; 10.2214505198713 - i
304,0.9146497885946334,B0 + B1*s ; B2*i,0.0432095196501914*s + 0.00628912405095367 ; 0.134401850060386*i
305,0.9146497884785948,B0 + B1*s ; B2 - i + r,0.0432129137033258*s + 0.00627811814325977 ; -i + r + 0.010012655406675
306,0.9146497879157044,B0 + B1*s ; B2*i**2,0.0431978752879403*s + 0.00628968446977319 ; 0.217052436664801*i**2
307,0.9146497877062572,B0 + B1*s ; B2*i*r,0.0432182708426145*s + 0.00627785070751534 ; 27.0107768480934*i*r
308,0.9146497876954759,B0 + B1*s ; sqrt(Abs(B2 - i)),2.72186311464485*s + 0.395290984516143 ; sqrt(Abs(i - 0.000662163108340932))
309,0.9146497874368876,B0 + B1*s ; B2 + B3*r,0.0432144264199566*s + 0.00628890177610033 ; 0.017137558771757*r + 0.0848640741066516
310,0.9146497864979767,B0 + B1*s ; sqrt(Abs(B2 - r)),0.0432216327993076*s + 0.00628185974716688 ; sqrt(Abs(r - 0.00122286049954778))
311,0.9146497864833953,B0 + B1*s ; B2 + i,0.0432190878809892*s + 0.00628641659412164 ; i + 0.000335852068007469
312,0.9146497861168349,B0 + B1*i ; B2*r,0.0494973496763665 - 0.0432223500046461*i ; 0.0335340839263192*r
313,0.9146497859106785,B0 + B1*s ; B2 + B3*i,0.0431986749804152*s + 0.00627944038361166 ; 18.7108714500273*i + 0.570381625858434
314,0.91464978465172,B0 + B1*s ; Abs(i)**(3/2),0.0431896000129485*s + 0.00629235010455978 ; Abs(i)**(3/2)
315,0.9146497840067178,B0 + B1*s ; sqrt(Abs(B2 + i)),0.0431951195953562*s + 0.00627942432992518 ; sqrt(Abs(i + 17.8477385846535))
316,0.9146497832542156,B0 + B1*s ; B2*r,0.0432098547397445*s + 0.00629875867312971 ; 0.317948710191748*r
317,0.9146497777374795,B0 + B1*i ; r**2,3.1188109678963 - 2.72188503235289*i ; r**2
318,0.9146496668827264,B0 + B1*s ; r**3,2.72180395894779*s + 0.392508384894388 ; r**3
319,0.9146496467554192,B0 + B1*s ; i*r,2.72179905449358*s + 0.392237742066978 ; i*r
320,0.9146496300888535,B0 + B1*s ; i + sqrt(Abs(i)),0.0433149058941106*s + 0.00623964513567316 ; i + sqrt(Abs(i))
321,0.9146496260029531,B0 + B1*s ; -i + sqrt(Abs(i)),2.72179434791441*s + 0.391977516049991 ; -i + sqrt(Abs(i))
322,0.9146496152848548,B0 + B1*i ; i*r,0.04942798975168 - 0.0430963288929835*i ; i*r
323,0.9146496141053332,B0 + B1*s ; i + r,2.72194000436042*s + 0.399858831293109 ; i + r
324,0.9146496080926821,B0 + B1*s ; i**2,0.0430940481693482*s + 0.00633262285873299 ; i**2
325,0.9146496078245117,B0 + B1*i ; r,0.0494266223735928 - 0.0430939640140577*i ; r
326,0.9146496073464531,B0 + B1*s ; 2*i - r,0.0430938141475135*s + 0.00633272154471063 ; 2*i - r
327,0.9146496065627607,B0 + B1*s ; -i + r,0.0430935688941905*s + 0.00633282510821032 ; -i + r
328,0.9146496063816562,B0 + B1*s ; sqrt(Abs(i))*sqrt(Abs(r)),0.043093512292892*s + 0.00633284888620415 ; sqrt(Abs(i))*sqrt(Abs(r))
329,0.9146496048150075,B0 + B1*i ; sqrt(Abs(r)),0.0494260787743893 - 0.0430930238310513*i ; sqrt(Abs(r))
330,0.9146496034371491,B0 + B1*i ; Abs(r)**(1/4),0.049425831451523 - 0.0430925959459594*i ; Abs(r)**(1/4)
331,0.914649599832663,B0 + B1*s ; sqrt(Abs(i - r)),0.043324632508282*s + 0.00623555848299258 ; sqrt(Abs(i - r))
332,0.9146495988082395,B0 + B1*i ; sqrt(Abs(i))*Abs(r)**(3/4),0.049560373774997 - 0.0433249477187809*i ; sqrt(Abs(i))*Abs(r)**(3/4)
333,0.9146495987797201,B0 + B1*s ; sqrt(Abs(i)),0.043324956481961*s + 0.00623542236314206 ; sqrt(Abs(i))
334,0.9146495974270185,B0 + B1*s ; i + Abs(r)**(1/4),0.0433253713780007*s + 0.00623524815577132 ; i + Abs(r)**(1/4)
335,0.9146495973148216,B0 + B1*s ; r,0.0430907136297947*s + 0.00633402946582992 ; r
336,0.9146495970410534,B0 + B1*i ; sqrt(Abs(r + sqrt(Abs(r)))),0.049560687985944 - 0.0433254894922461*i ; sqrt(Abs(r + sqrt(Abs(r))))
337,0.9146495932457736,B0 + B1*s ; r + sqrt(Abs(r)),2.72194428277168*s + 0.400083183788755 ; r + sqrt(Abs(r))
338,0.914649592908363,B0 + B1*s ; i + sqrt(Abs(r)),0.0433267468491551*s + 0.0062346703564053 ; i + sqrt(Abs(r))
339,0.9146495924359686,B0 + B1*s ; 2*i + r,0.0433268897293026*s + 0.00623461035158761 ; 2*i + r
340,0.9146495918649562,B0 + B1*i ; r*sqrt(Abs(i)),0.0494237889245132 - 0.0430890631993596*i ; r*sqrt(Abs(i))
341,0.9146495903078348,B0 + B1*s ; 2*i,0.0433275312923303*s + 0.00623434086127189 ; 2*i
342,0.914649587165754,B0 + B1*s ; r**2,0.0433284723010736*s + 0.00623394560614339 ; r**2
343,0.9146495866204761,B0 + B1*s ; i - r,0.0430874963749319*s + 0.00633538665843331 ; i - r
344,0.9146495864467052,B0 + B1*s ; i*r - i,0.043087444809338*s + 0.00633540842556697 ; i*r - i
345,0.9146495816047759,B0 + B1*s ; sqrt(Abs(r)),0.0433301200193288*s + 0.00623325357094308 ; sqrt(Abs(r))
346,0.9146495711239175,B0 + B1*s ; i,0.0430829817138172*s + 0.00633729133364929 ; i
347,0.9146495592982073,B0 + B1*s ; r + sqrt(Abs(i)),0.0430796436143113*s + 0.00633869972541958 ; r + sqrt(Abs(i))
348,0.9146495415078651,B0 + B1*s ; Abs(r)**(1/4),0.0433414015097545*s + 0.00622851580530103 ; Abs(r)**(1/4)
349,0.9146495280649094,B0 + B1*i ; Abs(r)**(5/8),0.0495719911905955 - 0.0433449766153251*i ; Abs(r)**(5/8)
350,0.9141273229120545,B1*Abs(B0 + i)**(1/4) ; B2*i,0.0134055122554845*Abs(i - 100.00029684226)**(1/4) ; -0.301781424664056*i
351,0.9139593680497554,B0*i*s ; B1 + r - sqrt(Abs(i - r)),-0.000977080139930168*i*s ; r - sqrt(Abs(i - r)) + 1.20162465228535
352,0.9139480088674455,B0*s ; sqrt(Abs(B1 - sqrt(Abs(r)))),2.71891821362121*s ; sqrt(Abs(sqrt(Abs(r)) - 0.00464240233066629))
353,0.9139480088633154,B0*s ; B1*Abs(r)**(3/2),0.0476666332245549*s ; 0.910004539311339*Abs(r)**(3/2)
354,0.9139480088631035,B0*s ; B1*r**2,0.0476676091264928*s ; 0.00547115760720457*r**2
355,0.9139480088547393,B0*s ; B1 - i + r,0.0476662717784499*s ; -i + r + 7.58197065607589
356,0.9139480088538859,B0*s ; B1 + i + r,0.047667986241501*s ; i + r + 0.040627049436988
357,0.9139480088528302,B0*s ; B1 + B2*i,0.0476680194509317*s ; 1.01790824339635*i + 0.00112162089262641
358,0.913948008846952,B0*s ; B1*i*r,0.0476660445342186*s ; 0.461928752637161*i*r
359,0.9139480088383521,B0*s ; B1 - 2*r,0.047668390441168*s ; 0.0780286089372266 - 2*r
360,0.913948008829901,B0*s ; B1*r + i,0.0476656665048439*s ; i + 45.2519411818025*r
361,0.9139480088265015,B0*s ; B1*i**2,0.0476656023903113*s ; 1.72244299431931*i**2
362,0.9139480088220403,B0*s ; B1*Abs(i)**(1/4),0.0476687080746771*s ; 0.297530724565089*Abs(i)**(1/4)
363,0.9139480088187357,B0*s ; B1 + i - r,0.0476687649909505*s ; i - r + 5.76105095261874
364,0.9139480088124173,B0*s ; sqrt(Abs(B1 - sqrt(Abs(i)))),0.047665361558972*s ; sqrt(Abs(sqrt(Abs(i)) - 0.000613768797605025))
365,0.913948008800078,B0*s ; B1 + B2*r,0.0476690552662226*s ; 0.316294797218406*r + 0.000144420605182841
366,0.9139480087967393,B0*s ; B1 + i**2,2.71891955319808*s ; i**2 + 0.00962408302831537
367,0.9139480087793294,B0*s ; B1*Abs(r)**(1/4),2.71891677297696*s ; 92.5379967507545*Abs(r)**(1/4)
368,0.9139480087784742,B0*s ; B1 + i*r,0.047669344650174*s ; i*r + 28.1235980368951
369,0.9139480087007825,B0*s ; B1*r - i,0.0476701663752394*s ; -i + 0.0344532913737667*r
370,0.9139480086714362,B0*s ; B1 - Abs(r)**(3/2),0.0476704240882822*s ; 0.0945432670125378 - Abs(r)**(3/2)
371,0.9139480085875921,B0*s ; B1 + 2*r,0.047663161441198*s ; 2*r + 0.317588750987775
372,0.9139480085697826,B0*s ; Abs(B1 + r)**(1/4),0.0476630375919183*s ; Abs(r + 0.00224833922008596)**(1/4)
373,0.9139480084135255,B0*s ; B1*i + r,0.0476620799336135*s ; 10.0681123497338*i + r
374,0.913948008402328,B0*s ; B1 - i - r,0.0476722121995366*s ; -i - r + 4.89933614218305
375,0.9139480080125909,B0*s ; B1 + 2*i,0.0476602053667259*s ; 2*i + 0.00692323982205073
376,0.9139480048252401,B0*s ; B1*Abs(i)**(3/2),0.0476821415148045*s ; 0.000249198968823677*Abs(i)**(3/2)
377,0.9139479997699911,B0*s ; i*r - r,0.0476896584005018*s ; i*r - r
378,0.9139479786615478,B0*s ; 2*i - r,0.0477081953588883*s ; 2*i - r
379,0.9139479673928862,B0*s ; 3*r,0.0476189943569662*s ; 3*r
380,0.9139479667429288,B0*s ; i**2 + i,0.0476186188357354*s ; i**2 + i
381,0.9139479663862606,B0*s ; i + 2*r,0.0477158340602948*s ; i + 2*r
382,0.9139479643175628,B0*s ; i + Abs(i)**(1/4),0.0477170064079971*s ; i + Abs(i)**(1/4)
383,0.9139479604609534,B0*s ; sqrt(Abs(i)) - sqrt(Abs(r)),0.0477191215074204*s ; sqrt(Abs(i)) - sqrt(Abs(r))
384,0.9139479586906324,B0*s ; sqrt(Abs(r + sqrt(2)*sqrt(Abs(r)))),0.0476141871461689*s ; sqrt(Abs(r + sqrt(2)*sqrt(Abs(r))))
385,0.91394795853362,B0*s ; i*r + i,0.0476141044167248*s ; i*r + i
386,0.91394795841341,B0*s ; sqrt(Abs(i))*sqrt(Abs(r)),2.71895331869004*s ; sqrt(Abs(i))*sqrt(Abs(r))
387,0.913947956832992,B0*s ; i + Abs(r)**(1/4),0.0476132165007803*s ; i + Abs(r)**(1/4)
388,0.9139479552278105,B0*s ; 2*i + r,0.0476123916414313*s ; 2*i + r
389,0.9137170905213001,B0 + B1*i ; sqrt(Abs(B2 + i + sqrt(Abs(r)))),0.000425552950957593*i + 0.0429040965918672 ; sqrt(Abs(i + sqrt(Abs(r)) - 0.0164117876565065))
390,0.9137117895266584,B0 + B1*i ; Abs(B2 + sqrt(2)*sqrt(Abs(i)))**(1/4),0.000479846475056933*i + 0.048123891246421 ; (sqrt(2)*sqrt(Abs(i)) + 35.6266385097191)**(1/4)
391,0.9136856795610988,B0 + B1*i ; sqrt(Abs(B2 + i + sqrt(Abs(i)))),0.00042162368100865*i + 0.042510648435721 ; sqrt(Abs(i + sqrt(Abs(i)) - 0.142797984358924))
392,0.9135517998145106,B0 + B1*i*s ; B2 - i + r - sqrt(Abs(i)),-0.000826101474141634*i*s + 0.0137441389454515 ; -i + r - sqrt(Abs(i)) + 0.180357516745477
393,0.913517247482997,B0*s + B1*i*s ; B2*i,0.399995084979506*i*s + 6.3309049905187e-7*s ; 0.0999976020877871*i
394,0.9135172474806295,B0*i + B1*i*s ; B2 + B3*i,0.400005868309562*i*s + 2.33947343711098e-6*i ; 0.100009640400143*i - 4.0020702510583e-7
395,0.913517247480325,B0*i + B1*i*s ; B2*i + B3*r,0.400015671869732*i*s + 4.4059356680469e-6*i ; 0.100016438332794*i + 3.22428021911407e-7*r
396,0.9135172474802811,B0*i + B1*i*s ; B2*i,0.400015747805077*i*s + 4.25564258829144e-6*i ; 0.100016403413041*i
397,0.9135172474796258,B0*i*s ; B1*i + B2*i**2,0.40002450076663*i*s ; -3.39792750367941e-5*i**2 + 0.100024293790084*i
398,0.9135171319885362,B0*i + B1*i*s ; B2 + B3*i + B4*r,0.402887643932773*i*s - 0.00805586777024149*i ; 0.107053282929013*i - 0.03881869388476*r - 0.000347633035790991
399,0.9134977758827921,B0*s + B1*i*s ; B2*i**2,0.304436612444507*i*s + 0.00185040919841842*s ; 0.119924083189451*i**2
400,0.9134759985564441,B0 + B1*i + B2*s ; B3*i*r + i**2,0.336296272401476*i - 4.88489500575979e-5*s + 0.000140433436177932 ; i**2 + 0.591449340644174*i*r
401,0.913459265691166,B0*i + B1*i**2 ; B2 + i - r,-1.15072167488077*i**2 + 0.553961149389155*i ; i - r - 0.00318652490489972
402,0.913452443679257,B0*i*s**2 ; sqrt(Abs(B1 + B2*sqrt(Abs(i)) + r)),-0.0263205610182764*i*s**2 ; sqrt(Abs(r - 1.82956008942277*sqrt(Abs(i)) + 0.823620547600632))
403,0.9134502474680182,B0*s*sqrt(Abs(i)) ; B1*i + B2*i*r,0.0514796450653339*s*sqrt(Abs(i)) ; -0.0388362248614736*i*r - 0.446263623242233*i
404,0.913430593895777,B0*i + B1*i**2 ; B2 + B3*i*r**2,-0.248563594956816*i**2 + 0.256438896724896*i ; 1.25465548754712*i*r**2 - 0.00707313398163435
405,0.9134077989177969,B0 + B1*sqrt(Abs(i)) ; sqrt(Abs(B2 - sqrt(Abs(i)))),0.0445299202074315 - 0.00479837859914643*sqrt(Abs(i)) ; sqrt(Abs(sqrt(Abs(i)) - 1.09780833302104))
406,0.9133878278979106,B0*i + B1*i**2 ; B2 + B3*r + r**2,-0.186849005115565*i**2 + 0.222534394637108*i ; r**2 + 0.208583146332021*r - 0.00704330220712021
407,0.9133806027880995,B0 + B1*i + B2*s ; i**3 - r,0.69109442170835*i + 0.484629435179684*s - 0.477935721303602 ; i**3 - r
408,0.9133395034713345,B0*i + B1*i*s ; B2*i**3,0.325957173554665*i*s - 0.00832125480847186*i ; 0.340439820962461*i**3
409,0.9133240486166367,B0*i + B1*i*s ; B2 - r,0.281076013249236*i*s - 0.0141986703145998*i ; -r - 0.0206974856137851
410,0.9133183161360167,B0 + B1*sqrt(Abs(s)) ; B2*r**2,0.0502249699116566*sqrt(Abs(s)) - 0.000376591795563024 ; 0.124837699829276*r**2
411,0.913317393662306,B0 + B1*sqrt(Abs(s)) ; r,0.049793104777019*sqrt(Abs(s)) - 0.000382236347872998 ; r
412,0.9133171572888134,B0 + B1*sqrt(Abs(s)) ; B2 + i,0.0500056734054915*sqrt(Abs(s)) - 0.000390862490534421 ; i + 0.0103946954902996
413,0.9133155925987773,B0 + B1*sqrt(Abs(s)) ; B2 + i*sqrt(Abs(r)),0.0502968585330215*sqrt(Abs(s)) - 0.000386889067069658 ; i*sqrt(Abs(r)) + 0.0063995095919408
414,0.913314302183872,B0 + B1*sqrt(Abs(s)) ; sqrt(Abs(B2 - r)),0.0503471514370139*sqrt(Abs(s)) - 0.000389565121499411 ; sqrt(Abs(r - 0.0200814106020573))
415,0.9133135729210673,B0 + B1*sqrt(Abs(s)) ; B2 - i,0.0494365581040263*sqrt(Abs(s)) - 0.000364505750775594 ; 0.000623179005402225 - i
416,0.913311000198864,B0 + B1*sqrt(Abs(s)) ; Abs(r)**(3/8),0.0505899456748456*sqrt(Abs(s)) - 0.000371607204668464 ; Abs(r)**(3/8)
417,0.9133101465447521,B0 + B1*sqrt(Abs(s)) ; i + sqrt(Abs(r)),0.0504146409512973*sqrt(Abs(s)) - 0.000406786373485863 ; i + sqrt(Abs(r))
418,0.9133099784393072,B0 + B1*sqrt(Abs(s)) ; -i + r,0.0504055919319802*sqrt(Abs(s)) - 0.000408362255751465 ; -i + r
419,0.9133096162047291,B0 + B1*sqrt(Abs(s)) ; sqrt(Abs(i)),0.0506242713014968*sqrt(Abs(s)) - 0.00037307788716865 ; sqrt(Abs(i))
420,0.9133091825895764,B0 + B1*sqrt(Abs(s)) ; i,0.0495453922813216*sqrt(Abs(s)) - 0.000399171150358084 ; i
421,0.9133084312262049,B0 + B1*sqrt(Abs(s)) ; B2*sqrt(Abs(r)),0.0505669149299105*sqrt(Abs(s)) - 0.000392913457916122 ; 0.0193445184052544*sqrt(Abs(r))
422,0.9133065538882078,B0 + B1*sqrt(Abs(s)) ; B2*r,0.0506265747311047*sqrt(Abs(s)) - 0.000392397947898915 ; 0.0130552703809699*r
423,0.9133063484918927,B0 + B1*sqrt(Abs(s)) ; B2 + i - r,0.0506409108100852*sqrt(Abs(s)) - 0.000390716364954264 ; i - r + 0.0149642515784687
424,0.913302964761008,B0 + B1*sqrt(Abs(s)) ; B2 + i*r,0.0507544056891719*sqrt(Abs(s)) - 0.000385047379051767 ; i*r + 0.000658512865232099
425,0.9133001597235512,B0*Abs(i)**(3/2) ; B1 + i - r,0.090455500504736*Abs(i)**(3/2) ; i - r + 1.39562850011471
426,0.9132993689952839,B0 + B1*sqrt(Abs(s)) ; r + sqrt(Abs(r)),0.0508319650029029*sqrt(Abs(s)) - 0.000387466807320542 ; r + sqrt(Abs(r))
427,0.9132647714907376,B0*i + B1*i*s ; B2 + B3*i + B3*r,-0.00172678634286731*i*s + 4.90371180395811e-5*i ; 17.4712744359898*i + 17.4712744359898*r + 3.3844259714559
428,0.9132530381309946,B0*i + B1*Abs(i)**(3/2) ; r,0.439942647604457*i - 0.442562950953756*Abs(i)**(3/2) ; r
429,0.9132530379806725,B0*i + B1*Abs(i)**(3/2) ; B2*r + i*r,0.43995309646305*i - 0.442576880583305*Abs(i)**(3/2) ; i*r + 0.00220912812409813*r
430,0.9132240350304239,B0*i*s ; B1 + B2*i + B3*r,-0.0016588591171645*i*s ; 27.0746787588866*i + 27.0099249700821*r + 3.73785082489166
431,0.9132005845151142,B0 + B1*i + B2*s ; B3 + B4*Abs(r)**(1/4),-0.00149352167518621*i + 0.162651316104309*s - 0.152025135385326 ; 3.92700916347998*Abs(r)**(1/4) - 1.29606569694065
432,0.9131769123109421,B0*i*s ; B1 + B2*r + r**2,0.205883151737765*i*s ; r**2 + 0.0965993008299375*r - 0.0125976161033989
433,0.9131612291498188,B0 + B1*i + B2*s ; B3*Abs(i)**(1/4),-0.00151670587016906*i + 0.161187517495143*s - 0.153839433952299 ; 3.27161776553317*Abs(i)**(1/4)
434,0.9131462937891561,B0*i*s ; B1 + B2*r - i*r,0.245770088611844*i*s ; -i*r + 0.196884774902068*r - 0.00638893796289523
435,0.9131367962676311,B0 + B1*i + B2*s ; B3 - sqrt(Abs(i)),0.00144332453804766*i + 0.154747116234264*s - 0.146022063584464 ; -sqrt(Abs(i)) - 2.18696513401727
436,0.91313241218537,B0 + B1*i + B2*s ; B3*r + i*r + i,1.2437265403155*i + 0.17027447374616*s - 0.171804318917967 ; i*r + i - 0.296658955260633*r
437,0.9131277090863602,B0*i*s ; B1 + B2*r - r**2,0.25583085416554*i*s ; -r**2 - 2.41949758722105*r - 0.0605172859706654
438,0.9131270787139232,B0*s + B1*i*s ; B2 - r,0.254759455292112*i*s + 0.00216395163720361*s ; -r - 0.0186420642362717
439,0.9131267948624303,B0*i*s ; B1 - i*r + r**2,0.254379374238519*i*s ; -i*r + r**2 - 0.00990514104742811
440,0.9131183176474087,B0*s + B1*i*s ; B2*Abs(i)**(1/4),0.238694902351851*i*s + 0.0053205270192824*s ; -0.00526894239827735*Abs(i)**(1/4)
441,0.9131146030402595,B0*s + B1*s**2 ; B2 - r + sqrt(Abs(i)),-0.257860419161557*s**2 + 0.263549635123109*s ; -r + sqrt(Abs(i)) + 0.00526822165804394
442,0.9131146030399429,B0*s + B1*i*s ; -i*r,0.257860028279482*i*s + 0.00568922702131807*s ; -i*r
443,0.9131146030399426,B0*s + B1*s**2 ; B2 - r,-0.257859908764613*s**2 + 0.263549176053508*s ; 33.5026908550866 - r
444,0.9131146030398638,B0*s + B1*s**2 ; i**2,-0.25785994692525*s**2 + 0.26354918091225*s ; i**2
445,0.9131146030398358,B0*s + B1*s**2 ; sqrt(Abs(r)),-0.257859870546*s**2 + 0.263549116493738*s ; sqrt(Abs(r))
446,0.9131146030398292,B0*s + B1*s**2 ; i**2*r + i*r,-0.257859866140956*s**2 + 0.263549112255753*s ; i**2*r + i*r
447,0.9131146030398191,B0*s + B1*s**2 ; Abs(r)**(1/4),-0.257859864485327*s**2 + 0.263549109825895*s ; Abs(r)**(1/4)
448,0.913114603039761,B0*s + B1*s**2 ; Abs(i)**(1/4)*Abs(r)**(3/8),-0.257859841732813*s**2 + 0.263549085792922*s ; Abs(i)**(1/4)*Abs(r)**(3/8)
449,0.9131146030397076,B0*s + B1*i*s ; r,0.257859842829146*i*s + 0.00568923939338458*s ; r
450,0.9131146030396385,B0*s + B1*i*s ; r**2,0.257859795743372*i*s + 0.00568924252900773*s ; r**2
451,0.9131146030395039,B0*s + B1*i*s ; B2*r,0.257861499272067*i*s + 0.00568914476483457*s ; 0.0171317801218218*r
452,0.9131146030394983,B0*s + B1*s**2 ; i*r - Abs(i)**(3/2),-0.257859666477505*s**2 + 0.26354892229206*s ; i*r - Abs(i)**(3/2)
453,0.9131146030394574,B0*s + B1*s**2 ; i + Abs(r)**(1/8),-0.257859609415167*s**2 + 0.263548873188444*s ; i + Abs(r)**(1/8)
454,0.9131146030392153,B0*s + B1*s**2 ; -i + r - sqrt(Abs(i))*sqrt(Abs(r)),-0.257859537124585*s**2 + 0.263548798173929*s ; -i + r - sqrt(Abs(i))*sqrt(Abs(r))
455,0.9131146030392019,B0*s + B1*s**2 ; r,-0.257859529096808*s**2 + 0.263548790801454*s ; r
456,0.9131146030391869,B0*s + B1*i*s ; -r,0.25785950083162*i*s + 0.00568926594841247*s ; -r
457,0.9131146030391422,B0*s + B1*s**2 ; r + sqrt(Abs(i)),-0.257859426696181*s**2 + 0.26354870402643*s ; r + sqrt(Abs(i))
458,0.9131146030389924,B0*s + B1*s**2 ; i,-0.257859431125028*s**2 + 0.263548698712614*s ; i
459,0.9131146030389675,B0*s + B1*s**2 ; B2 + r,-0.257861762475179*s**2 + 0.263550785420087*s ; r + 0.00123225424980022
460,0.9131146030389344,B0*s + B1*s**2 ; Abs(i)**(1/4)*Abs(r)**(3/4),-0.257859391293447*s**2 + 0.263548662957107*s ; Abs(i)**(1/4)*Abs(r)**(3/4)
461,0.9131146030388285,B0*s + B1*i*s ; i**2*r,0.257859273933419*i*s + 0.00568928792410814*s ; i**2*r
462,0.9131146030386423,B0*s + B1*s**2 ; B2*i*r**2,-0.257862299269723*s**2 + 0.263551297917425*s ; 0.0761133357982607*i*r**2
463,0.9131146030383516,B0*s + B1*i*s ; sqrt(Abs(r)),0.257859038622976*i*s + 0.00568930839767871*s ; sqrt(Abs(r))
464,0.913114603038271,B0*s + B1*s**2 ; B2 + r - sqrt(Abs(i)),-0.257862535745322*s**2 + 0.263551545170848*s ; r - sqrt(Abs(i)) + 0.0119650838061287
465,0.913114603037438,B0*s + B1*s**2 ; B2*Abs(i)**(3/2),-0.257861559215003*s**2 + 0.263550553676814*s ; 0.000246869516867229*Abs(i)**(3/2)
466,0.9131146030373719,B0*s + B1*s**2 ; r**2,-0.257858696277129*s**2 + 0.263548027066923*s ; r**2
467,0.9131146030372176,B0*s + B1*s**2 ; -i + r,-0.257858762175657*s**2 + 0.263548074766119*s ; -i + r
468,0.9131146030362194,B0*s + B1*s**2 ; sqrt(Abs(i)),-0.25785847665991*s**2 + 0.263547808044707*s ; sqrt(Abs(i))
469,0.9131146030338593,B0*s + B1*s**2 ; B2*i**2,-0.257858245356637*s**2 + 0.263547559569423*s ; 0.00334745847408012*i**2
470,0.913114603031148,B0*s + B1*s**2 ; i + sqrt(Abs(i)),-0.257857207106369*s**2 + 0.263546643873861*s ; i + sqrt(Abs(i))
471,0.9131146030286308,B0*s + B1*s**2 ; B2 - i,-0.257865081459231*s**2 + 0.26355386239879*s ; 0.00139808347823966 - i
472,0.9131146030131759,B0*s + B1*s**2 ; B2 - i*r**2 - r,-0.257867124725275*s**2 + 0.263555774408066*s ; -i*r**2 - r + 88.968005036538
473,0.9131146029954235,B0*s + B1*s**2 ; B2*i - i*r,-0.257852577467321*s**2 + 0.263542406680498*s ; -i*r + 0.0247420322311951*i
474,0.9131146029765745,B0*s + B1*s**2 ; B2*i + i*r,-0.257870920034475*s**2 + 0.263559176116059*s ; i*r + 0.0627464683996622*i
475,0.9131146029743071,B0*s + B1*s**2 ; B2*Abs(r)**(1/4),-0.257850304612962*s**2 + 0.263540420346995*s ; 0.0386817098351097*Abs(r)**(1/4)
476,0.9131146029559056,B0*s + B1*s**2 ; sqrt(Abs(B2 - i + r)),-0.257872573696081*s**2 + 0.263560640371249*s ; sqrt(Abs(-i + r + 0.00085247519721565))
477,0.9131146026891134,B0*s + B1*s**2 ; B2 + B3*i,-0.257884968216061*s**2 + 0.263571615101677*s ; 0.000541282668514811*i + 0.00149138883443163
478,0.9131146026305892,B0*s + B1*s**2 ; B2*sqrt(Abs(r)),-0.257834656465392*s**2 + 0.263526637045438*s ; 0.0217394025512768*sqrt(Abs(r))
479,0.9131102606182211,B0 + B1*i + B2*s ; B3 + sqrt(Abs(r)),-0.00149907401799573*i + 0.162496014679137*s - 0.152780437400783 ; sqrt(Abs(r)) + 2.07631353617809
480,0.9130848356287382,B0 + B1*i + B2*s ; sqrt(Abs(B3 + r)),-0.0015438452263651*i + 0.161523119535902*s - 0.156693666984392 ; sqrt(Abs(r + 20.885580635928))
481,0.9130758095563332,B0 + B1*i + B2*s ; B3 + i + r + sqrt(Abs(i)),-0.00149131599577673*i + 0.162375334137756*s - 0.152113288324093 ; i + r + sqrt(Abs(i)) + 1.96714801890904
482,0.9130674175902299,B0*s + B1*i*s ; B2 + sqrt(Abs(r)),0.249319044151899*i*s - 0.00753142203009526*s ; sqrt(Abs(r)) - 0.256780615248386
483,0.9130540081054106,B0*sqrt(Abs(s)) ; i + r**2,0.0335176369605255*sqrt(Abs(s)) ; i + r**2
484,0.9130332036970322,B0*sqrt(Abs(s)) ; B1 + i*r,0.0341022599698579*sqrt(Abs(s)) ; i*r + 0.000697674775623607
485,0.9130267432445045,B0 + B1*i + B2*s ; B3 + B4*r,0.0015447692271852*i + 0.160932423796385*s - 0.156743843529115 ; 0.0651523181812229*r - 4.96559569499836
486,0.9130208650540569,B0*sqrt(Abs(s)) ; sqrt(Abs(B1 - sqrt(Abs(r)))),0.0335176358426008*sqrt(Abs(s)) ; sqrt(Abs(sqrt(Abs(r)) - 0.0545619355687595))
487,0.9130198808084582,B0*sqrt(Abs(s)) ; B1 + B2*r,0.0335176357306841*sqrt(Abs(s)) ; 0.373993318345104*r + 0.00365987884639881
488,0.9130154629974542,B0*sqrt(Abs(s)) ; B1*i - r,0.0341022577124834*sqrt(Abs(s)) ; 0.00204222937700661*i - r
489,0.9130146774054948,B0*sqrt(Abs(s)) ; i*r + i,0.0335176349421726*sqrt(Abs(s)) ; i*r + i
490,0.9130089020442976,B0*sqrt(Abs(s)) ; B1*i + r,0.0335176335277102*sqrt(Abs(s)) ; 0.00146716302366547*i + r
491,0.9130072075272515,B0*sqrt(Abs(s)) ; B1 - Abs(i)**(1/4),0.0341022551405732*sqrt(Abs(s)) ; 1.08057203297585 - Abs(i)**(1/4)
492,0.9130063645935039,B0*sqrt(Abs(s)) ; B1 + r**2,0.0335176411576437*sqrt(Abs(s)) ; r**2 + 2.37057526633506
493,0.9130051083616525,B0*Abs(s)**(3/8) ; B1 - i,0.0263754869211701*Abs(s)**(3/8) ; 0.00490489712816696 - i
494,0.9130028598617692,B0*sqrt(Abs(s)) ; B1*i*r,0.033517631104779*sqrt(Abs(s)) ; 0.00354922394946603*i*r
495,0.9129938563948824,B0*sqrt(Abs(s)) ; B1 + i + r,0.0339697188210169*sqrt(Abs(s)) ; i + r + 0.0315317443653351
496,0.9129930206239154,B0*sqrt(Abs(s)) ; sqrt(Abs(B1 + sqrt(Abs(i)))),0.0339697144989664*sqrt(Abs(s)) ; sqrt(sqrt(Abs(i)) + 0.00107573304933521)
497,0.9129789888301337,B0*sqrt(Abs(s)) ; B1 + Abs(i)**(3/2),0.0339045961508316*sqrt(Abs(s)) ; Abs(i)**(3/2) + 0.463911532672225
498,0.9129789026644746,B0*sqrt(Abs(s)) ; B1*r + i,0.0339045958290312*sqrt(Abs(s)) ; i + 0.000346557741263633*r
499,0.9129788184524444,B0*sqrt(Abs(s)) ; r*Abs(i)**(3/2),0.0339045954219189*sqrt(Abs(s)) ; r*Abs(i)**(3/2)
500,0.9129787752116099,B0*sqrt(Abs(s)) ; B1 - 2*r,0.0339045951773687*sqrt(Abs(s)) ; 0.0358978173891787 - 2*r
501,0.9129785962066077,B0*sqrt(Abs(s)) ; i*r - i,0.0339045939093381*sqrt(Abs(s)) ; i*r - i
502,0.9129785284162415,B0*i*s ; B1 + i*r - r**2,0.362163656582853*i*s ; i*r - r**2 + 0.00252172826788676
503,0.9129784337435629,B0*sqrt(Abs(s)) ; B1 - i + r,0.0339046007772546*sqrt(Abs(s)) ; -i + r + 0.294923748160275
504,0.9129782607651961,B0*sqrt(Abs(s)) ; i*r**2,0.0339045904293106*sqrt(Abs(s)) ; i*r**2
505,0.9129782219875879,B0*sqrt(Abs(s)) ; sqrt(Abs(B1 + sqrt(Abs(r)))),0.0339045899346153*sqrt(Abs(s)) ; sqrt(sqrt(Abs(r)) + 0.00438746095371948)
506,0.9129769590764611,B0*sqrt(Abs(s)) ; B1 + B2*i,0.0339046319189296*sqrt(Abs(s)) ; 9.25342660964525*i + 8.62933088145459
507,0.9129728449312842,B0*sqrt(Abs(s)) ; i*r + r,0.0339645047069735*sqrt(Abs(s)) ; i*r + r
508,0.9129720317174059,B0*sqrt(Abs(s)) ; B1*r**2,0.0333895917417039*sqrt(Abs(s)) ; 0.0693895868488294*r**2
509,0.9129553957688964,B0*sqrt(Abs(s)) ; B1*i**2,0.033383170346002*sqrt(Abs(s)) ; 0.00237372727765276*i**2
510,0.9129463056436784,B0*i ; 3*i,2.94964575807721*i ; 3*i
511,0.9129436415261912,B0*i ; B1*i + B2*i*r,0.592086269810671*i ; 0.548837439438211*i*r + 0.381344232104046*i
512,0.9128656946440072,B0 + B1*i + B2*s ; B3*i + B4*sqrt(Abs(r)),28.9037447421948*i + 29.3904795618859*s - 29.3602889788971 ; 0.00367111335151924*i - 0.02904569698921*sqrt(Abs(r))
513,0.9128600247288259,B0 + B1*sqrt(Abs(i)) ; sqrt(Abs(B2 - r)),0.0680844013853411 - 0.00656146266548358*sqrt(Abs(i)) ; sqrt(Abs(r - 23.4645872851144))
514,0.9128490533182642,B0*i + B1*i*s ; sqrt(Abs(B2 - i + r)),-0.00154813024397485*i*s + 5.80397021083788e-5*i ; sqrt(Abs(-i + r + 2.13020118426924))
515,0.9128374103517087,B0*i + B1*i**2 ; B2*i*sqrt(Abs(i - r)),-0.35466908231111*i**2 + 0.314069463507518*i ; 0.00145122953494422*i*sqrt(Abs(i - r))
516,0.9128336941742348,B0*i + B1*i**2 ; B2*i,-0.356109978247537*i**2 + 0.314705092514502*i ; 0.00129939933487324*i
517,0.9128015214852901,B0 + B1*i + B2*s ; B3*i + Abs(i)**(3/2),-2.4041297913546*i + 0.154722707258066*s - 0.0412878232739674 ; 0.175057384845735*i + Abs(i)**(3/2)
518,0.9127827377823551,B0*i*s**3 ; B1*i + B2*i**2,0.168131272436944*i*s**3 ; 0.00262318482876072*i**2 - 0.289530354784606*i
519,0.9127672899540716,B0 + B1*i ; B2 + i**2 + r,0.000397773786499444*i + 0.0423065211429493 ; i**2 + r - 0.231339251247111
520,0.9127594423698856,B0 + B1*sqrt(Abs(i)) ; sqrt(Abs(B2 - i)),0.0512504922427916 - 0.00461197603968105*sqrt(Abs(i)) ; sqrt(Abs(i + 2.48149197447973))
521,0.9127505147580562,B0*i + B1*i**2 ; B2*Abs(i)**(1/4),-0.362655252995358*i**2 + 0.318084967239533*i ; 0.000869553449267584*Abs(i)**(1/4)
522,0.9126657597604059,B0*i + B1*i*s ; B2*sqrt(Abs(i)),0.375555542522128*i*s - 0.0402282874954688*i ; 0.00716118810361158*sqrt(Abs(i))
523,0.9126630588669117,B0*i + B1*i*s ; i*sqrt(Abs(r)),0.349874280493035*i*s - 0.0378281910116911*i ; i*sqrt(Abs(r))
524,0.9126630588665243,B0*i + B1*i*s ; B2*r*sqrt(Abs(i + r)),0.349876354731085*i*s - 0.0378288006406761*i ; 0.00433048141518835*r*sqrt(Abs(i + r))
525,0.9126630588652316,B0*i + B1*i*s ; sqrt(Abs(r)),0.349873848579725*i*s - 0.037828073231752*i ; sqrt(Abs(r))
526,0.9126630588644811,B0*i + B1*i**2 ; B2*sqrt(Abs(r)),-0.349877528759624*i**2 + 0.312047655912925*i ; 19.1100083953369*sqrt(Abs(r))
527,0.9126630588636664,B0*i + B1*i*s ; 2**(1/4)*sqrt(Abs(i))*Abs(r)**(1/4),0.349873511960209*i*s - 0.0378279521547908*i ; 2**(1/4)*sqrt(Abs(i))*Abs(r)**(1/4)
528,0.912663058863023,B0*i + B1*i**2 ; 2**(1/4)*Abs(r)**(1/4),-0.349873385189305*i**2 + 0.312045482805057*i ; 2**(1/4)*Abs(r)**(1/4)
529,0.9126630588622219,B0*i + B1*i*s ; -i*r**2,0.349873248226685*i*s - 0.03782785765159*i ; -i*r**2
530,0.9126630588607236,B0*i + B1*i*s ; 2**(1/4)*sqrt(Abs(i))*sqrt(Abs(r)),0.349873003161389*i*s - 0.0378277678585696*i ; 2**(1/4)*sqrt(Abs(i))*sqrt(Abs(r))
531,0.9126630588544727,B0*i + B1*i*s ; r,0.349872182432881*i*s - 0.0378274729864239*i ; r
532,0.9126630588528559,B0*i + B1*i**2 ; sqrt(Abs(r)),-0.34987200109011*i**2 + 0.312044594451106*i ; sqrt(Abs(r))
533,0.912663058851325,B0*i + B1*i**2 ; r,-0.349871839190602*i**2 + 0.312044490621999*i ; r
534,0.912663058825043,B0*i + B1*i**2 ; B2*r - i*r,-0.349882629307531*i**2 + 0.312049597482093*i ; -i*r + 0.637160566767626*r
535,0.9126630587796699,B0*i + B1*i*s ; B2*sqrt(Abs(r)),0.349886155447758*i*s - 0.0378378433295824*i ; 0.00140457689542621*sqrt(Abs(r))
536,0.9126630587649923,B0*i + B1*i**2 ; B2*Abs(r)**(1/4),-0.349883796433748*i**2 + 0.312052399646662*i ; 0.000102688758674843*Abs(r)**(1/4)
537,0.9126630586136892,B0*i + B1*i**2 ; B2*i*r,-0.349893637683008*i**2 + 0.312049396879057*i ; 0.222326366788945*i*r
538,0.9126140691741802,B0 + B1*sqrt(Abs(i)) ; B2 + r + Abs(i)**(3/2),0.0465652840534381 - 0.00440031713816736*sqrt(Abs(i)) ; r + Abs(i)**(3/2) - 0.301629851106602
539,0.9125686934733812,B0 + B1*i + B2*s ; -Abs(i)**(5/4) + Abs(i)**(3/2),0.126595146340788*i + 0.153933181737289*s - 0.137457427016252 ; -Abs(i)**(5/4) + Abs(i)**(3/2)
540,0.9125281165074182,B0*s + B1*i*s ; Abs(i)**(1/4),0.00443941800780957*i*s + 2.74260614131156*s ; Abs(i)**(1/4)
541,0.9125057202777626,i**2 ; B0 + i*r,i**2 ; i*r + 0.109844665854226
542,0.9124917829943899,B0*i + B1*i*s ; sqrt(Abs(B2*i + B3*r)),-0.0130556807563839*i*s + 0.00145637077650856*i ; sqrt(Abs(20.3536703355722*i + 19.9033118582119*r))
543,0.9124917818549964,B0 + B1*i + B2*s ; B3 - i - r,0.0015803711742147*i + 0.154352042812153*s - 0.158386984576344 ; -i - r - 7.18066022368664
544,0.9124712506957204,B0 + B1*i + B2*s ; sqrt(Abs(i)) + Abs(r)**(1/4),-0.00160719026511357*i + 0.18619635971475*s - 0.168517327597209 ; sqrt(Abs(i)) + Abs(r)**(1/4)
545,0.9124642122017209,B0 + B1*i + B2*s ; B3 + i + r,-0.00157881723367967*i + 0.154011096879107*s - 0.158170981481725 ; i + r + 7.25864815181422
546,0.9124006002852096,B0*i + B1*i*s ; sqrt(Abs(r + sqrt(Abs(i)))),-0.00279944714752775*i*s + 0.000296000107615925*i ; sqrt(Abs(r + sqrt(Abs(i))))
547,0.9123721754079395,B0 + B1*i + B2*s ; sqrt(Abs(B3 + sqrt(Abs(i + r)))),-0.00157352520237794*i + 0.152685152477169*s - 0.157480375022117 ; sqrt(sqrt(Abs(i + r)) + 54.9053518647308)
548,0.9123515121820995,B0*Abs(i)**(3/2) ; i,7.07106298323446*Abs(i)**(3/2) ; i
549,0.9122514297173105,s*sqrt(Abs(B0 + sqrt(Abs(B1 - s)))) ; sqrt(Abs(i)),s*sqrt(sqrt(Abs(s - 0.53066460134803)) + 6.35079677214887) ; sqrt(Abs(i))
550,0.912196581262538,B0*s + B1*Abs(s)**(3/2) ; B2 + i + r + sqrt(Abs(r)),0.429825927893188*s - 0.419737617050653*Abs(s)**(3/2) ; i + r + sqrt(Abs(r)) + 0.29165569324789
551,0.9121965812409606,B0*s + B1*Abs(s)**(3/2) ; B2 + B3*r,0.429839054693215*s - 0.419751662289669*Abs(s)**(3/2) ; 0.0571817814539852*r + 0.0237771227127532
552,0.9121965811551177,B0*s + B1*Abs(s)**(3/2) ; B2*r + i*r,0.429823213469989*s - 0.419735828096447*Abs(s)**(3/2) ; i*r + 7.43022473292959*r
553,0.9121965811348957,B0*s + B1*Abs(s)**(3/2) ; B2 + r,0.429850768910887*s - 0.419764718323185*Abs(s)**(3/2) ; r + 62.3693850968175
554,0.9121726536519607,B0*i + B1*s ; B2 + i - r,-0.994195844326708*i - 0.425516860921589*s ; i - r + 1.01998158990669
555,0.9120734503802067,B0 + B1*i + B2*s ; Abs(i)**(3/2),-2.53882220726459*i + 0.153477244785396*s - 0.028175854608269 ; Abs(i)**(3/2)
556,0.912037161537269,B0 + B1*i + B2*s ; -r + sqrt(Abs(B3*i + r)),-0.605877699029103*i - 0.0275454705240302*s - 0.00479053000821751 ; -r + sqrt(Abs(1.29631621622979*i + r))
557,0.9120360026705271,B0*s + B1*i*s ; sqrt(Abs(i)),-0.00343083388005787*i*s + 0.0162711599399157*s ; sqrt(Abs(i))
558,0.9119900421140282,s*sqrt(Abs(B0 + sqrt(Abs(B1 + i)))) ; sqrt(Abs(i)),s*sqrt(Abs(sqrt(Abs(i + 1917.88276098728)) - 36.2962511659804)) ; sqrt(Abs(i))
559,0.911852356271139,B0*i - i**2 ; sqrt(Abs(B1*i + B2*r)),-i**2 + 0.47766305603655*i ; sqrt(Abs(0.00181363608635739*i - 0.00137416806712683*r))
560,0.9118125713886939,B0 + B1*i + B2*s ; B3 + B4*sqrt(Abs(i)),-0.519275394833535*i - 0.188229145989367*s + 0.17583238146671 ; 0.0538842051760228 - 0.0941192599974888*sqrt(Abs(i))
561,0.9115577883118698,B0*i + B1*s ; B2*sqrt(Abs(i)),0.164987213009515*i + 0.0270969605590366*s ; 0.0962749524574174*sqrt(Abs(i))
562,0.9115403157580324,B0*sqrt(Abs(i)) ; B1 + B2*r + i*r,0.0988855100781771*sqrt(Abs(i)) ; i*r + 0.00190234642731005*r + 0.00150955844919109
563,0.9115092286391474,B0*i + B1*s ; 2*i,1.89004859686309*i + 0.00405654522189852*s ; 2*i
564,0.9113368949457316,B0*i + B1*i*s ; B2 + B3*r,-0.0671082239931267*i*s + 0.00202439480288088*i ; 0.0403361430514519*r + 0.146221736014822
565,0.9112710607725685,B0 + B1*i*s**2 ; r,0.483080826152708*i*s**2 - 0.00675428523655878 ; r
566,0.9112404081794714,B0 + B1*i + B2*s ; B3 + i + sqrt(Abs(r)),-0.306488034396891*i + 0.430661409542973*s - 0.404496566858524 ; i + sqrt(Abs(r)) - 0.209550426675064
567,0.9112237960797578,B0*i + B1*s ; B2 - r*sqrt(Abs(B3 + i)),-0.53633906806185*i + 2.22714061530653*s ; -r*sqrt(Abs(i - 0.0090209712581414)) + 0.338474825003344
568,0.9112039493967725,B0 + B1*i ; i - sqrt(Abs(i - r)),0.0559333667673935*i - 0.0310147261499433 ; i - sqrt(Abs(i - r))
569,0.9111911465587438,B0 + B1*i ; sqrt(Abs(i + r)),0.000647984200182993*i + 0.0308738469802568 ; sqrt(Abs(i + r))
570,0.9111759968408498,B0*i*s ; B1 + r - sqrt(Abs(i))*sqrt(Abs(r)),-0.00155272823579651*i*s ; r - sqrt(Abs(i))*sqrt(Abs(r)) + 5.79999942677058
571,0.9111007880211589,B0*i + B1*i*s ; sqrt(Abs(i)),-0.00445248984570111*i*s + 0.000680847307752899*i ; sqrt(Abs(i))
572,0.9111003366976714,B0*i + B1*i*s ; Abs(B2 - sqrt(Abs(i)))**(1/4),-0.0014390109866223*i*s - 4.99213450913315e-5*i ; Abs(sqrt(Abs(i)) - 1452.48499047341)**(1/4)
573,0.911011794159423,B0*s + B0*sqrt(Abs(B1 + s)) ; B2*r**3,2.9161548467835*s + 2.9161548467835*sqrt(Abs(s + 0.805739896871039)) ; 0.00697320878461681*r**3
574,0.9110117914533025,B0*s + B0*sqrt(Abs(B1 + s)) ; B2 + i - r,2.91616850586392*s + 2.91616850586392*sqrt(Abs(s + 0.805699080307908)) ; i - r + 0.00393157920033108
575,0.9109225382921411,B0*i*s ; B1 + sqrt(Abs(B2 + sqrt(Abs(i - r)))),0.0015055536228933*i*s ; sqrt(sqrt(Abs(i - r)) + 321.470541413677) - 24.0834543993266
576,0.9109019686123498,B0*Abs(i)**(3/2) ; B1 + B2*i + B3*r,0.000103899117554521*Abs(i)**(3/2) ; -15.6312290546481*i - 15.7637560758628*r + 15.2042692547369
577,0.9108674626367234,B0 + B1*i*s**2 ; sqrt(Abs(B2 + B3*sqrt(Abs(r)))),-0.0499788458417554*i*s**2 - 0.00047213283992979 ; sqrt(Abs(0.211074251998029*sqrt(Abs(r)) - 0.0948373988449402))
578,0.9108615263456228,B0 + B1*i + B2*s ; B3*i + r*Abs(i)**(3/2),0.15709466141643*i + 0.0154284148862083*s + 0.0013961844106701 ; 0.0427217230320452*i + r*Abs(i)**(3/2)
579,0.9107056169594915,B0*i ; i*r + Abs(i)**(3/2),0.495807646584119*i ; i*r + Abs(i)**(3/2)
580,0.9106880701103791,B0*i + B1*i**2 ; B2 + i + r,-2.29497644157072e-5*i**2 - 0.00230918563935063*i ; i + r + 3.96837829165773
581,0.9106874154318889,B0*i + B1*i**2 ; B2 + B3*i,-2.28849340476529e-5*i**2 - 0.00230236262348543*i ; 3.95777898290334 - 0.00912877161266558*i
582,0.910667322628169,B0*i*s ; -i - r + Abs(B1 - i)**(1/4),-0.00145240467383224*i*s ; -i - r + Abs(i + 1663.92129922525)**(1/4)
583,0.910634833935731,B0 + B1*i ; B2 + r,0.000147622056317024*i + 0.0207201576514219 ; r + 4.92591838223056e-9
584,0.9104844230515479,B0 + B1*i ; B2 + B3*i + i*r,0.467343030263412*i + 0.00791047110959124 ; i*r + 0.0386152135084443*i + 0.014469221494173
585,0.9104090024763338,B0*i*s ; B1 + 2*i - r**2,1.20278303404306*i*s ; 2*i - r**2 - 0.0202113765061609
586,0.9103866246124761,B0 + B1*i ; sqrt(Abs(B2 + B3*r)),0.00827820932625441*i + 0.0461265493778701 ; sqrt(Abs(0.00633986183657546*r - 0.0429583669954345))
587,0.9103406863025268,B0 + B2*sqrt(Abs(B1 + s)) ; r + Abs(B3 + i - r)**(1/4),0.110069461538647 - 0.144376117775291*sqrt(Abs(s - 0.546377651282597)) ; r + Abs(i - r + 0.00310704593837502)**(1/4)
588,0.9102525371488354,B0 + B1*i + B2*s ; B3 + i**2 - i*r,-0.218900026872264*i - 0.0921325550800845*s + 0.103909360920746 ; i**2 - i*r + 0.029997839476286
589,0.9101902148167189,B0*i + B1*i**2 ; B2 + B3*i + B3*r,0.132036872928599*i**2 - 0.0442964815265488*i ; -0.124238946379272*i - 0.124238946379272*r + 0.104698745133749
590,0.9097302401368814,B0*s + B0*sqrt(Abs(i)) ; B1 + B2*r**2,0.0331844983280068*s + 0.0331844983280068*sqrt(Abs(i)) ; 0.117361529850583 - 0.11594204644267*r**2
591,0.9096860122552494,B0*i**2*s ; Abs(i)**(1/4),0.000303045916152885*i**2*s ; Abs(i)**(1/4)
592,0.9096433220373835,i*s ; B0 + i - r,i*s ; i - r + 0.0307348493012246
593,0.909591101244974,B0*i ; i*Abs(B1 + r)**(1/4) + i,1.63330589723645*i ; i*Abs(r - 0.270636205627899)**(1/4) + i
594,0.9095837932304454,B0*i**2*s ; B1 + i,9.7117039127837*i**2*s ; i + 0.12486328574011
595,0.9094957746095912,B0*i + B1*s ; B2 + Abs(r)**(1/4),-0.012114414433742*i + 2.72314761715946*s ; Abs(r)**(1/4) + 3.28866681168281
596,0.9091010289717805,B0 + B1*i*s ; B2 + i,-1.48020599464049*i*s + 0.0112910454287699 ; i + 0.0793773344011086
597,0.9089674877623389,B0 + i + s ; B1*i,i + s - 0.971699590297565 ; 0.000698360770031868*i
598,0.9089547221212989,B0*i ; B1*i**2 + i*r,0.282038805161353*i ; 0.402517041986749*i**2 + i*r
599,0.9088951052617472,i*s ; B0 + B1*i,i*s ; 0.00514950928606221*i + 0.0190667570484193
600,0.9086591397414447,B0*s + B1*i*s ; B2 + r,0.00101009190526392*i*s + 0.0254439814102729*s ; r - 0.00566875695581628
601,0.908581188166583,B0*i ; B2*sqrt(Abs(B1 + r)),-0.564007214427064*i ; 0.0368767308789534*sqrt(Abs(r - 1.11547267793273))
602,0.908540010379848,B0*i + B0*sqrt(Abs(s)) ; B1 + B2*i,0.0441579940303551*i + 0.0441579940303551*sqrt(Abs(s)) ; 0.0525514158465622*i + 0.0228976605507636
603,0.9084446892849495,B0*sqrt(Abs(i)) ; B1*i + B2*i*r,0.0899792630087245*sqrt(Abs(i)) ; 1.52317383144601*i*r + 0.000880382215856685*i
604,0.9084205561710729,B0*s + B1*i*s ; B2*i + r,0.00100629830568563*i*s + 0.0260972760814865*s ; -0.0704703127393807*i + r
605,0.9083614416724095,B0 + B1*Abs(s)**(1/4) ; sqrt(Abs(B2*r + i)),0.058084760965948*Abs(s)**(1/4) - 0.00928712449143062 ; sqrt(Abs(i + 1.45401076853684*r))
606,0.9083532541921471,B0 + B1*Abs(s)**(1/4) ; B2*sqrt(Abs(i)) - r,0.0577201058455823*Abs(s)**(1/4) - 0.009244672340484 ; -r + 0.184006026773092*sqrt(Abs(i))
607,0.9083115264088194,B0 + B1*i ; B2 + B3*i + B4*r,0.129591928938485*i - 0.0191810767951524 ; 0.428492027964418*i + 0.130308611772006*r - 0.162562464157859
608,0.9083115233318745,B0*i ; B1 + B2*i + B3*r,-0.827509013227396*i ; -0.67949006179899*i - 0.0203934171565144*r + 0.018531257670414
609,0.908311517128711,B0 + B1*i + B2*s ; B3 + i,0.848507029871235*i + 0.0168740691646199*s - 0.0500499319418665 ; i - 0.0571685621923618
610,0.9083115084360015,B0 + B1*i + B2*s ; B3 + 2*i,4.84211988074269*i + 4.07992141465276*s - 6.1276678906632 ; 2*i - 2.37741098433031
611,0.9083024335191973,B0 + B1*i ; i + r,0.000685654262472172*i + 0.0276729717926331 ; i + r
612,0.9082818581178634,B0*i + B1*s ; B2 + i**2,0.124898336942024*i + 0.0325130766427371*s ; i**2 - 0.00197281113404833
613,0.9080855532474646,B0 + B1*sqrt(Abs(i))*sqrt(Abs(s)) ; B2 + r,0.00798163522951983*sqrt(Abs(i))*sqrt(Abs(s)) - 0.000950333832823122 ; r - 0.0937609353102452
614,0.9079848382791029,B1*sqrt(Abs(B0 + i)) ; B2 - sqrt(Abs(i)) + sqrt(Abs(r)),0.00473829753554825*sqrt(Abs(i + 100.019881969977)) ; -sqrt(Abs(i)) + sqrt(Abs(r)) + 3.48065401640892
615,0.9079628599626297,B0*i + B1*s ; B2*i + B3*i**2,-0.584974411072972*i + 2.12713862990122*s ; 0.0999656664472031*i**2 + 0.18903798871322*i
616,0.9079292484433431,B0*i - i*s ; B1 + i,-i*s - 0.0920289187499122*i ; i + 0.101714595830294
617,0.9079201840418065,B0*Abs(s)**(3/2) ; B1*i**2,0.0457652908047251*Abs(s)**(3/2) ; 21.3319658965722*i**2
618,0.9079201840388382,B0*Abs(s)**(3/2) ; B1 - i + r,0.0457645020199296*Abs(s)**(3/2) ; -i + r + 0.291590862247368
619,0.9079201840217459,B0*Abs(s)**(3/2) ; sqrt(Abs(B1 + i)),0.0457662473034091*Abs(s)**(3/2) ; sqrt(Abs(i + 0.00018056589526119))
620,0.9079201839538728,B0*Abs(s)**(3/2) ; B1 + B2*r,0.045767533723988*Abs(s)**(3/2) ; 0.031494517367018*r + 0.0501298047426916
621,0.9079199007953106,B0*Abs(s)**(3/2) ; -r,0.0456237655410084*Abs(s)**(3/2) ; -r
622,0.9079198915330134,B0*Abs(s)**(3/2) ; r,0.0459087956066524*Abs(s)**(3/2) ; r
623,0.9079198915330134,B0*Abs(s)**(3/2) ; i,0.0459087956066524*Abs(s)**(3/2) ; i
624,0.9079198915330134,B0*Abs(s)**(3/2) ; -i,0.0459087956066524*Abs(s)**(3/2) ; -i
625,0.9079198915330134,B0*Abs(s)**(3/2) ; sqrt(Abs(i)),0.0459087956066524*Abs(s)**(3/2) ; sqrt(Abs(i))
626,0.9079198915330134,B0*Abs(s)**(3/2) ; sqrt(Abs(r)),0.0459087956066524*Abs(s)**(3/2) ; sqrt(Abs(r))
627,0.9078494532271838,B0*i*s ; -i**2 - i + r,0.00061418367978593*i*s ; -i**2 - i + r
628,0.9078410100168044,B0*i + B1*i*s ; i,0.312299843368384*i*s + 0.854776885679214*i ; i
629,0.9077794473415601,B0*i + B1*s ; i**2,0.114482587390312*i + 0.0319190297755835*s ; i**2
630,0.9077412541154586,B0*i*sqrt(Abs(s)) ; -i + r,0.000368090144547595*i*sqrt(Abs(s)) ; -i + r
631,0.9076248221398587,B0 + B1*s + B1*sqrt(Abs(i)) ; B2 + B3*i,0.455196812902283*s + 0.455196812902283*sqrt(Abs(i)) - 0.511597075821536 ; -0.000428551222627414*i - 0.000846111718772358
632,0.907559917913199,B0*i*sqrt(Abs(s)) ; i,1.19575775854124*i*sqrt(Abs(s)) ; i
633,0.9075208794143647,B0*sqrt(Abs(i - s)) ; B1*i,0.0430889286793728*sqrt(Abs(i - s)) ; 0.172689168501178*i
634,0.9074814105617214,B0 + B1*i + B2*s ; B3*sqrt(Abs(i)) - i,0.000833237668438587*i + 0.109317928409127*s - 0.0808414806070195 ; -i + 0.100985040870376*sqrt(Abs(i))
635,0.9074112415886967,B0 + B1*i + B2*s ; B3 + r,-0.000830250439289747*i + 0.109215605998332*s - 0.080629291401848 ; r + 0.0149997198843439
636,0.9073400227614675,B0 + B1*i + B2*s ; B3 + i + 2*r,0.000803380036469607*i + 0.10207050549904*s - 0.076682284388384 ; i + 2*r - 0.0678537274277424
637,0.9073243692383598,B0 + B1*i + B2*s ; B3 - i,-0.000802258708870913*i + 0.102089348868375*s - 0.0766079000354872 ; 0.0680408180514315 - i
638,0.907291839917653,B0 + B1*s + B1*sqrt(Abs(i)) ; B2*r + r**2,0.468518974628847*s + 0.468518974628847*sqrt(Abs(i)) - 0.525359657348192 ; r**2 + 1.72875641104554*r
639,0.9072916451396161,B0 + B1*s + B1*sqrt(Abs(i)) ; sqrt(Abs(r)),0.468855983461192*s + 0.468855983461192*sqrt(Abs(i)) - 0.52573796520804 ; sqrt(Abs(r))
640,0.9072896900523435,B0 + B1*s + B1*sqrt(Abs(i)) ; r,0.47072447198678*s + 0.47072447198678*sqrt(Abs(i)) - 0.527835315259913 ; r
641,0.9072390709840035,B0 + B1*i + B2*s ; B3 + B4*r**2,-0.0860213647211314*i + 0.0702788797323249*s - 0.0841834947401558 ; 0.186382021974892 - 0.043732050192106*r**2
642,0.9072049759518069,B0 + B1*i ; Abs(B2*i - r)**(1/4),0.000460463882184689*i + 0.0463670297763337 ; Abs(1.11488834599706*i - r)**(1/4)
643,0.9071729272584966,B0 + B1*sqrt(Abs(i)) ; sqrt(Abs(B2 + i + r)),0.0572731112838501 - 0.00574176676634397*sqrt(Abs(i)) ; sqrt(Abs(i + r + 3.46563628289456))
644,0.9071640873123195,B0*i ; B1 + B2*r + 2*i,0.0078894302265904*i ; 2*i + 1.84095764067701*r - 1.71381335735669
645,0.9070699577227566,B0*i + B0*s ; B1 + i,0.0408323195848739*i + 0.0408323195848739*s ; i - 0.233166330671571
646,0.9070270558313548,B0*i + B1*s ; sqrt(Abs(B2 + 2*i + r)),-0.0133633943222001*i + 2.72616494390363*s ; sqrt(Abs(2*i + r - 8.9253029067761))
647,0.9069834351193283,B0*i + B1*s ; B2 + 2*i + r,0.0990753393358732*i - 0.0537913246720688*s ; 2*i + r - 1.0466832482681
648,0.9069111318921415,B0*i - i**2 ; B1*Abs(i)**(1/4),-i**2 + 0.436617090973512*i ; 0.0127086389398733*Abs(i)**(1/4)
649,0.9068448290101309,B0 + B1*i + B1*s ; B2*i + i*r,0.0420615316090844*i + 0.0420615316090844*s + 0.000702447679114081 ; i*r + 9.96234522085515e-5*i
650,0.9067895469411406,B0*s + B1*i*s ; B2 - i + 2*r,0.000834007725605697*i*s + 0.0197416130431745*s ; -i + 2*r + 0.026413192046098
651,0.906768160264259,B0 + B1*sqrt(Abs(i)) ; sqrt(Abs(B2 - i + sqrt(Abs(i)))),0.064652060380453 - 0.00617300403753759*sqrt(Abs(i)) ; sqrt(Abs(i - sqrt(Abs(i)) + 18.6343902262036))
652,0.9066971868616862,B0*i + B1*s ; B2 + 2*r,-0.000225949333887242*i + 0.0510882908045896*s ; 2*r + 5.4948100746294e-5
653,0.9066905938713301,B0*i + B1*s ; B2 - i + r,-0.000225836211351476*i + 0.0510779878900378*s ; -i + r + 0.0444562412164072
654,0.906634691942667,B0*i + B1*s ; B2 + i + r**2,-0.000224887209699984*i + 0.0512241269324947*s ; i + r**2 + 0.216419149667571
655,0.9066294604515533,B0*i + B1*s ; B2*Abs(i)**(3/4) + r,-0.000226103676939713*i + 0.0508905427954942*s ; r + 0.220944121757586*Abs(i)**(3/4)
656,0.9066198204812806,B0*s - s*sqrt(Abs(i)) ; B1 + B2*i,-s*sqrt(Abs(i)) + 0.207684338727924*s ; 1.83972088293486*i + 0.0500098658167224
657,0.9065919831867328,B0*i + B1*s ; B2 + r,-0.000226099177846958*i + 0.050884536377125*s ; r + 0.0296408588498676
658,0.9065722106463098,B0*i + B1*s ; B2 - i,0.000226020271401019*i + 0.0508208039623206*s ; 0.0379223183080336 - i
659,0.9063589436011659,B0 + B1*i ; B2 + sqrt(Abs(B3 + B4*r)),0.000413334915809299*i + 0.0424687385085556 ; sqrt(Abs(6.0776362088044*r + 17.5972987347777)) - 4.19485099576129
660,0.9063086960829995,B0 + B1*i + B2*s ; B3 + i - r,-1.21566983030738*i - 0.397929856981498*s + 25.9479227162241 ; i - r - 41.6692640527119
661,0.9062320236500625,B0 + B1*Abs(i)**(1/4) ; B2*r + i + sqrt(Abs(i)),0.22252479452764*Abs(i)**(1/4) - 0.137613676727329 ; i - 0.220004935047738*r + sqrt(Abs(i))
662,0.9061057284074163,B0*i ; i*sqrt(Abs(B1 + B2*i)),2.05018522328761*i ; i*sqrt(Abs(82.7708541210872*i - 5.85891724466658))
663,0.9060481128825331,B0 + B1*i ; B2 + 2*i + r,0.0491347584693576*i - 0.0444994355919079 ; 2*i + r - 2.01982695787102
664,0.906046540674114,B0 + B1*sqrt(Abs(i)) ; B2 + r,0.0268855655760512 - 0.00184171723384733*sqrt(Abs(i)) ; r + 9.62107657693313e-9
665,0.9060406239316874,B0 + B1*i + B2*s ; B3*i + B4*r,0.901613458543065*i + 2.01093554387786*s - 2.02935874360359 ; 1.15453524476979*i + 2.07519415285204*r
666,0.9059260160002387,B0 + B1*i ; B2 + sqrt(Abs(B3 + i - r)),0.000418066846752338*i + 0.042501821896088 ; sqrt(Abs(-i + r + 1.16463217832798)) - 1.04857987534693
667,0.905833864792396,B0 + B1*sqrt(Abs(i)) ; sqrt(Abs(B2 + B3*i*r)),0.0442599024811702 - 0.0043243376806611*sqrt(Abs(i)) ; sqrt(Abs(0.234662993670116*i*r - 0.00242315866361711))
668,0.9058320923504408,B0*i + B1*s ; B2 - Abs(i)**(3/4),0.00022302176878021*i + 0.050469113318411*s ; -Abs(i)**(3/4) - 0.205003532441359
669,0.905784064134194,B0 + B1*sqrt(Abs(i)) ; sqrt(Abs(-B2 + i + Abs(i)**(3/2))),0.0453004961204137 - 0.00442940338529412*sqrt(Abs(i)) ; sqrt(Abs(i + Abs(i)**(3/2) + 0.151204647743393))
670,0.9057298918867289,B0 + B1*i ; B2 + B3*i + B3*r,0.0003866404723251*i + 0.0371892916235892 ; 10.8236251496605*i + 10.8236251496605*r - 3.70235691971135
671,0.9057048307904381,B0 + B1*sqrt(Abs(i)) ; sqrt(Abs(B2 + B3*sqrt(Abs(i)))),0.0523212200642093 - 0.00518835100167821*sqrt(Abs(i)) ; sqrt(Abs(1.77748912148548*sqrt(Abs(i)) - 1.8611313057309))
672,0.9056183141126211,B0 + B1*i + B2*s ; i,8.04448384769888*i + 8.16648776888841*s + 0.283530296431503 ; i
673,0.9055900072186115,B0*i + B0*s ; B1 + i**2*sqrt(Abs(r)),0.0438206504050798*i + 0.0438206504050798*s ; i**2*sqrt(Abs(r)) - 0.00874395394104904
674,0.905543845580831,B0 + B1*i + B2*s ; B3 + i + r**2,-0.0007382736740749*i + 0.0988469896504979*s - 0.0702034876312856 ; i + r**2 + 0.283409147284087
675,0.905503291273326,B0 + B1*s ; B2*i*sqrt(Abs(r)),0.0432062114944913*s + 0.00628765522499536 ; 60.5991557357705*i*sqrt(Abs(r))
676,0.9055032911178565,B0 + B1*s ; B2*r*sqrt(Abs(i)),0.0432030509996957*s + 0.00628616469334508 ; 2.8616925635807*r*sqrt(Abs(i))
677,0.9055032910171614,B0 + B1*s ; B2 + i - sqrt(Abs(r)),0.0432128571625509*s + 0.00628456321735213 ; i - sqrt(Abs(r)) + 44.0830373169527
678,0.9055032906669861,B0 + B1*s ; B2 + B3*sqrt(Abs(r)),0.0432128068458004*s + 0.00628674204335782 ; 0.00219863164474912*sqrt(Abs(r)) + 0.0018077013309589
679,0.9055032902445995,B0 + B1*s ; B2*i + sqrt(Abs(r)),0.0432032357849386*s + 0.00629241686385493 ; 0.000358769869727935*i + sqrt(Abs(r))
680,0.9055032900368293,B0 + B1*s ; B2 + B3*sqrt(Abs(i)),0.0432039318544697*s + 0.00627963782185219 ; 0.0732340540951221*sqrt(Abs(i)) + 0.16979145404269
681,0.9055032890790471,B0 + B1*s ; B2 + i + sqrt(Abs(i)),0.0431993699574874*s + 0.00629535660465157 ; i + sqrt(Abs(i)) + 0.0725544936435577
682,0.9055030877436108,B0 + B1*s ; sqrt(Abs(i))*Abs(r)**(1/4),0.0430865971254931*s + 0.0063357660434892 ; sqrt(Abs(i))*Abs(r)**(1/4)
683,0.9055030820610391,B0 + B1*s ; sqrt(Abs(i)) + Abs(r)**(1/4),0.0433312232209676*s + 0.00623279024070704 ; sqrt(Abs(i)) + Abs(r)**(1/4)
684,0.9055030531874436,B0 + B1*i ; Abs(r - sqrt(Abs(r)))**(1/4),0.0494166517983213 - 0.0430767173166439*i ; Abs(r - sqrt(Abs(r)))**(1/4)
685,0.9055030291853741,B0 + B1*s ; Abs(i)**(5/16)*Abs(r)**(1/4),0.0433459275316399*s + 0.00622661537234177 ; Abs(i)**(5/16)*Abs(r)**(1/4)
686,0.9054949336863035,B0*i + B1*s ; sqrt(Abs(B2 + B3*i)),-0.000217707861927002*i + 0.0495526240475843*s ; sqrt(Abs(4.81341825652545*i + 2.25227193763488))
687,0.905489559107907,B0*sqrt(Abs(i)) + B1*i ; r,-0.162995614828919*i + 0.175654363543999*sqrt(Abs(i)) ; r
688,0.9053615562285009,B0 + B1*i**2 ; r,0.0446387298610389 - 0.0381015789003562*i**2 ; r
689,0.905314772588682,B0*sqrt(Abs(s + sqrt(Abs(i)))) ; B1 + B2*r + i,0.0429165999143847*sqrt(Abs(s + sqrt(Abs(i)))) ; i - 0.213095713475358*r + 0.224451462070465
690,0.9052593438829586,B0 + B1*i + B2*s ; B3 + i*r + 2*i,-0.219273160106117*i - 0.0813357672290432*s + 0.0710981647871042 ; i*r + 2*i + 0.376522758385064
691,0.9052589790306874,B0*i + B1*s ; B2 - r,-0.0973636876783331*i - 0.0442442682386242*s ; 1.06708291748127 - r
692,0.9051901838854742,B0 + B1*sqrt(Abs(i)) ; sqrt(Abs(B2 - i*r**2)),0.0407567229379732 - 0.00389411178942892*sqrt(Abs(i)) ; sqrt(Abs(i*r**2 - 0.000465690643184755))
693,0.9050717540602938,B0*sqrt(Abs(i + s)) ; B1 + B2*i,0.0338004521444017*sqrt(Abs(i + s)) ; 2.77300928121554*i - 0.0638321092013348
694,0.9050603213646878,B0*sqrt(Abs(s)) + B1*s ; i,2.76464050879647*s + 0.712659317776915*sqrt(Abs(s)) ; i
695,0.90504907135206,B0*i + B0*s ; i,0.0458245762127871*i + 0.0458245762127871*s ; i
696,0.9050475061135086,B0*i ; i*sqrt(Abs(B1 + i)),2.4580990219364*i ; i*sqrt(Abs(i + 6.24806365881938))
697,0.9048672224704656,B0*i ; B1 + B2*i + i*r,-0.187857479166373*i ; i*r - 0.782115034225857*i + 0.0153300489942492
698,0.90486288668337,B0*i*Abs(i + s)**(1/4) ; i,1.1491006630031*i*Abs(i + s)**(1/4) ; i
699,0.9048559216168872,B0*s*sqrt(Abs(i)) ; -i - r*sqrt(Abs(i)) + r,0.0336963021054764*s*sqrt(Abs(i)) ; -i - r*sqrt(Abs(i)) + r
700,0.9048434671390075,B0*i - i*s ; sqrt(Abs(B1*i + B1*r + B2)),-i*s + 0.00968089572772439*i ; sqrt(Abs(0.00388810244816761*i + 0.00388810244816761*r + 0.00147054805134889))
701,0.9048085287787981,B0*s ; B1 + i + sqrt(Abs(r)),0.0476671121151045*s ; i + sqrt(Abs(r)) + 0.0716910834658344
702,0.9048085287782099,B0*s ; B1 - i + sqrt(Abs(r)),0.0476672973139957*s ; -i + sqrt(Abs(r)) + 0.224093786185215
703,0.904808528777699,B0*s ; sqrt(Abs(B1 + B2*i)),0.0476673641552539*s ; sqrt(Abs(82.6756927464376*i + 0.262796350178901))
704,0.9048085287775411,B0*s ; B1*r*sqrt(Abs(i)),0.0476668487869448*s ; 0.167894882656798*r*sqrt(Abs(i))
705,0.9048085287770392,B0*s ; B1 + r - sqrt(2)*sqrt(Abs(i)),0.0476668000789098*s ; r - sqrt(2)*sqrt(Abs(i)) + 36.5280174046812
706,0.9048085287769461,B0*s ; B1 + i - sqrt(Abs(i)),0.047666791846257*s ; i - sqrt(Abs(i)) + 0.00483693680224338
707,0.9048085287767859,B0*s ; B1*i*sqrt(Abs(r)),0.0476674520631388*s ; 0.941109159861957*i*sqrt(Abs(r))
708,0.9048085287764935,B0*s ; B1*i + B1*r,0.0476674757071887*s ; 0.144531611199526*i + 0.144531611199526*r
709,0.90480852877255,B0*s ; r*sqrt(Abs(B1 + i)),0.0476665213819935*s ; r*sqrt(Abs(i + 0.220583720045796))
710,0.9048085287710653,B0*s ; sqrt(Abs(B1 - i**2)),0.0476677756201585*s ; sqrt(Abs(i**2 - 0.00237478677269192))
711,0.9048085287702473,B0*s ; sqrt(Abs(B1 - i + r)),0.0476664205456873*s ; sqrt(Abs(-i + r + 0.105367807844002))
712,0.904808528767944,B0*s ; B1 + i + sqrt(Abs(i)),0.0476678976433003*s ; i + sqrt(Abs(i)) + 75.4045253568101
713,0.9048085287672678,B0*s ; sqrt(Abs(B1*r + B2)),0.0476679216566279*s ; sqrt(Abs(0.001524358079212*r + 22.8577564696684))
714,0.904808528751311,B0*s ; B1 + sqrt(Abs(B2 + i)),0.0476658698261085*s ; sqrt(Abs(i + 0.0020023334549074)) + 0.344006845240007
715,0.9048085287438064,B0*s ; B2*sqrt(Abs(B1 + r)),0.0476685201484933*s ; 0.118053316576626*sqrt(Abs(r + 0.00182656567599702))
716,0.904808528681655,B0*s ; B1*r + sqrt(Abs(i)),0.0476694561691859*s ; 0.00487469211934803*r + sqrt(Abs(i))
717,0.9048085286680814,B0*s ; B1 - i + sqrt(Abs(i)),0.0476646158817101*s ; -i + sqrt(Abs(i)) + 0.950475209705569
718,0.9048085286662575,B0*s ; B1*sqrt(Abs(r)) - i,0.0476645953820905*s ; -i + 0.0426235096529381*sqrt(Abs(r))
719,0.9048085285890151,B0*s ; sqrt(Abs(B1 - 2*i)),0.047670387283852*s ; sqrt(Abs(2*i - 0.0185283883776705))
720,0.9048085284421544,B0*s ; sqrt(Abs(B1*i + B2)),0.0476714731845349*s ; sqrt(Abs(0.0177739220805271*i + 0.0010388495922446))
721,0.9048085284345773,B0*s ; B1 - sqrt(Abs(B2 + r)),0.0476627084038849*s ; 0.00349257886002486 - sqrt(Abs(r + 9.3463449720484))
722,0.9048085283437082,B0*s ; i*sqrt(Abs(B1 + i)),0.0476621607901943*s ; i*sqrt(Abs(i + 0.00530737717223119))
723,0.9048085281022945,B0*s ; sqrt(Abs(B1 + 2*r)),0.0476732931034816*s ; sqrt(Abs(2*r + 8.00446228448861))
724,0.9048085279216381,B0*s ; B1 + r + sqrt(Abs(i)),2.71891364315305*s ; r + sqrt(Abs(i)) + 0.340689938320515
725,0.9048085278282183,B0*s ; B1 + B2*sqrt(Abs(r)),0.0476597921808148*s ; 0.000443980987062068*sqrt(Abs(r)) + 7.74485249342255
726,0.9048085272188267,B0*s ; B1*sqrt(Abs(r)) + r,0.0476764966887822*s ; r + 80.8401483813628*sqrt(Abs(r))
727,0.904808527192076,B0*s ; B1 + r + sqrt(Abs(r)),0.0476576541010133*s ; r + sqrt(Abs(r)) + 3.41697109350866
728,0.9048085271029472,B0*s ; B1 + sqrt(Abs(B2 + r)),0.0476768389059834*s ; sqrt(Abs(r + 0.0878650428960864)) + 0.110764230168655
729,0.9048085269718628,B0*s ; B1 + r - sqrt(Abs(r)),2.71892491255054*s ; r - sqrt(Abs(r)) + 1.08218225727431
730,0.9048085265770366,B0*s ; B1 + B2*sqrt(Abs(i)),0.047655970384363*s ; 8.92952268495227*sqrt(Abs(i)) + 1.07617573824618
731,0.90480852627632,B0*s ; B1*sqrt(Abs(r)) + i,0.047655233694858*s ; i + 0.000260262268909111*sqrt(Abs(r))
732,0.9048085250774167,B0*s ; B1 + i - sqrt(Abs(r)),0.0476526653465404*s ; i - sqrt(Abs(r)) + 0.426602503113929
733,0.9048084873510817,B0*s ; r + sqrt(Abs(i - r)),0.0476187793077849*s ; r + sqrt(Abs(i - r))
734,0.904808484585551,B0*s ; sqrt(Abs(2*i - r)),0.0476171923257805*s ; sqrt(Abs(2*i - r))
735,0.9048084841526813,B0*s ; sqrt(Abs(i - Abs(r)**(1/4))),0.0477173006752391*s ; sqrt(Abs(i - Abs(r)**(1/4)))
736,0.9048084834664762,B0*s ; i - r - sqrt(Abs(i)),0.0476165643168612*s ; i - r - sqrt(Abs(i))
737,0.9048084817464703,B0*s ; -i - r + sqrt(Abs(i)),0.0476156140105175*s ; -i - r + sqrt(Abs(i))
738,0.9048084814640147,B0*s ; sqrt(Abs(r + Abs(r)**(3/2))),0.0476154596253761*s ; sqrt(Abs(r + Abs(r)**(3/2)))
739,0.9048084789067484,B0*s ; 2*i - sqrt(Abs(r)),0.0476140823326365*s ; 2*i - sqrt(Abs(r))
740,0.9048084786587843,B0*s ; -i - r - sqrt(Abs(i)),0.0476139506828295*s ; -i - r - sqrt(Abs(i))
741,0.9048084771363497,B0*s ; sqrt(Abs(i - r**2)),0.0476131494303291*s ; sqrt(Abs(i - r**2))
742,0.9047695766068332,B0 + B1*sqrt(Abs(i)) ; sqrt(Abs(r - sqrt(Abs(i - r)))),0.0524653990667329 - 0.0049825431141099*sqrt(Abs(i)) ; sqrt(Abs(r - sqrt(Abs(i - r))))
743,0.904745487875185,B0*s + s*sqrt(Abs(i)) ; B1 + i,s*sqrt(Abs(i)) - 0.369357042975022*s ; i + 0.234781426349082
744,0.904663831735606,B0 + B1*i + B2*s ; i + r**2 + r,-0.000689227876794102*i + 0.0896026075640806*s - 0.0632886223651209 ; i + r**2 + r
745,0.9046453429313844,B0 + B1*i ; sqrt(Abs(i + sqrt(Abs(B2 + sqrt(Abs(i)))))),0.000452783638512014*i + 0.045732992423081 ; sqrt(Abs(i + sqrt(Abs(sqrt(Abs(i)) - 0.437514862666162))))
746,0.9045230656087679,B0*i + B1*i**2 ; sqrt(Abs(i)),-2.69569275036001e-5*i**2 - 0.00271527799094287*i ; sqrt(Abs(i))
747,0.9045109097510682,B0 + B1*i + B2*s ; B3 + B4*i,0.00161787014203392*i - 0.146402499309641*s + 0.172984484198288 ; 1.60954667002672 - 0.0789079400345764*i
748,0.9044982304769665,B0*i + B1*s ; B3*Abs(B2 + r)**(1/4),-0.000204066652350182*i + 0.0478675641289138*s ; 4.524151409803*Abs(r - 2.10479946610089)**(1/4)
749,0.9044737008847523,B0 + B1*i + B2*s ; i**2*r - i**2,0.0006803610128918*i + 0.0985253641330293*s - 0.0591381400490749 ; i**2*r - i**2
750,0.9044494068821625,B0*i + B1*i**2 ; i - r + sqrt(Abs(r)),-3.80541768917139*i**2 - 0.921321745569987*i ; i - r + sqrt(Abs(r))
751,0.9044478812081914,B0*i*sqrt(Abs(s)) + B0*s ; B1 + B2*i + B3*r,0.0197307705947453*i*sqrt(Abs(s)) + 0.0197307705947453*s ; 0.355623352172561*i + 0.333263655137518*r - 0.30376863814162
752,0.9044292245265003,B0*i*s**3 ; i*sqrt(Abs(r)) + i + r,-0.618006228895247*i*s**3 ; i*sqrt(Abs(r)) + i + r
753,0.9043867780060629,B0*s + B1*i*s ; B2 - r + sqrt(Abs(B3 + i)),0.134287879924248*i*s + 2.54168728777046*s ; -r + sqrt(Abs(i + 0.741408040968975)) - 1.04751639545357
754,0.9043834998040504,B0 + B1*i ; Abs(B2 - r)**(1/8),0.000482064483512113*i + 0.0484127814160162 ; Abs(r + 1971.8402331461)**(1/8)
755,0.9043798281153925,B0*i**2 + B0*i*s ; B1*i + B2*i**2,0.386993012487375*i**2 + 0.386993012487375*i*s ; 0.663453438814246*i**2 + 0.0867111575932356*i
756,0.9043463212505458,B0*i + B1*i**2 ; B2*i*r + B2*Abs(i)**(3/2),0.0422701904008368*i**2 + 0.387962145574638*i ; 0.567735135813074*i*r + 0.567735135813074*Abs(i)**(3/2)
757,0.9043426107245646,B0*i*s ; B1*i*r + B1*Abs(i)**(3/2),0.339624266484308*i*s ; 0.105485558940422*i*r + 0.105485558940422*Abs(i)**(3/2)
758,0.904308779349616,B1*sqrt(Abs(B0 + s)) ; sqrt(Abs(i)),0.0346883960469497*sqrt(Abs(s + 0.105955782764288)) ; sqrt(Abs(i))
759,0.9042945062597677,B1*sqrt(Abs(B0 - s)) ; -i + r,0.0343080527076857*sqrt(Abs(s + 0.118381355371119)) ; -i + r
760,0.904290457073188,sqrt(Abs(B0*s + B1)) ; i,sqrt(Abs(0.00118601747036279*s + 0.000116772744038167)) ; i
761,0.9042899052220743,B1*sqrt(Abs(B0 - i)) ; sqrt(Abs(i))*sqrt(Abs(r)),0.034457894372872*sqrt(Abs(i - 1.09966673748979)) ; sqrt(Abs(i))*sqrt(Abs(r))
762,0.9042880360325986,sqrt(Abs(B0 + B1*s)) ; i,sqrt(Abs(0.00121387561799446*s + 0.000140220103183412)) ; i
763,0.9042745981590711,B1*sqrt(Abs(B0 + s)) ; 2*sqrt(Abs(r)),0.0348907059753438*sqrt(Abs(s + 0.0900975361594352)) ; 2*sqrt(Abs(r))
764,0.9042726681241292,B0 + B1*i*s + B1*s ; B2 - sqrt(Abs(B3 + B4*sqrt(Abs(r)))),0.0431799326356257*i*s + 0.0431799326356257*s - 0.0326358150815549 ; 0.057513434552648 - sqrt(Abs(0.144459955020051*sqrt(Abs(r)) - 0.0191482204450398))
765,0.9042725461491691,B1*sqrt(Abs(B0 + s)) ; B2 + r,0.034759268867502*sqrt(Abs(s + 0.0820502621506549)) ; r + 0.0175913935460819
766,0.9042677573966819,B1*sqrt(Abs(B0 + s)) ; B2 + B3*i,0.0346151393340054*sqrt(Abs(s + 0.113591588978363)) ; 0.41440686492303*i + 0.139274497969403
767,0.9042675118386213,B1*sqrt(Abs(B0 - s)) ; i,0.034045334169602*sqrt(Abs(s + 0.101623935294188)) ; i
768,0.9042557070305731,sqrt(Abs(B0 + B1*s)) ; B2*r,sqrt(Abs(0.00122519774458141*s + 0.000123815103211616)) ; 0.00119471563526002*r
769,0.9042451628749997,B1*sqrt(Abs(B0 + s)) ; B2*r + i,0.0345360424217757*sqrt(Abs(s + 0.0724157816170033)) ; i + 0.0181758789739565*r
770,0.9042433826117281,sqrt(Abs(B0*s + B1)) ; B2*r,sqrt(Abs(0.0012003790005606*s + 9.07421385769875e-5)) ; 17.1557875839642*r
771,0.9042299501698283,B1*sqrt(Abs(B0 + s)) ; B2*r**2,0.0339656690598186*sqrt(Abs(s + 0.0611757987609816)) ; 0.00867942545556064*r**2
772,0.9042294985807231,sqrt(Abs(B0 + B1*i)) ; B2*r,sqrt(Abs(0.00114363323194383*i - 0.00124336287789145)) ; 0.273473632363324*r
773,0.9042249961466535,B1*sqrt(Abs(B0 - s)) ; B2*r**2,0.0346736121850765*sqrt(Abs(s + 0.141913270718281)) ; 0.643003711621308*r**2
774,0.9042113950393733,B0 + B1*i + B2*s ; B3 + B4*sqrt(Abs(i)) + B5*i,-0.00147339128613344*i + 0.165176909023397*s - 0.150262227907552 ; 0.19483118893089*i + 2.81017869734183*sqrt(Abs(i)) - 0.30570838841524
775,0.9042081538253918,B1*sqrt(Abs(B0 + s)) ; r,0.0342986054370542*sqrt(Abs(s + 0.054086186808253)) ; r
776,0.9041987973000081,B1*sqrt(Abs(B0 + s)) ; i*r,0.0339616841653193*sqrt(Abs(s + 0.105933743970366)) ; i*r
777,0.9041974779292965,B1*sqrt(Abs(B0 - s)) ; B2 + i + r,0.0348214261707281*sqrt(Abs(s + 0.151498987658024)) ; i + r + 0.00246546991155377
778,0.9041805823040792,B0 + B1*sqrt(Abs(s)) ; B2 + i*r - i,0.0502565822511249*sqrt(Abs(s)) - 0.000401493008335161 ; i*r - i + 0.000435454388720422
779,0.904178265112535,B0 + B1*sqrt(Abs(s)) ; B2 - 3*r,0.0493919344453519*sqrt(Abs(s)) - 0.000367959361029148 ; 0.00605336818953782 - 3*r
780,0.9041767836300714,B0*i**2 + B0*i*s ; B1*i**2,0.33442907523523*i**2 + 0.33442907523523*i*s ; 0.844325990682273*i**2
781,0.904173996917585,B1*sqrt(Abs(B0 + s)) ; i,0.035305130779157*sqrt(Abs(s + 0.078565569040376)) ; i
782,0.9041256033431768,B0*i + B1*i*s ; B2 + B3*sqrt(Abs(i)) + B4*i,-0.00172244466147892*i*s + 5.11188134990605e-5*i ; -0.103129625924361*i + 0.0175406300372614*sqrt(Abs(i)) + 3.13618174274871
783,0.9041204676895667,B1*sqrt(Abs(B0 + s)) ; B2*i,0.0348395853265382*sqrt(Abs(s + 0.161094071173388)) ; 0.00461337119891358*i
784,0.9041074433806776,B0*i + B1*i*s ; sqrt(Abs(B2 + B3*r + B3*sqrt(Abs(i)))),-0.00173284575866069*i*s + 5.5341577469083e-5*i ; sqrt(Abs(1.09821570638897*r + 1.09821570638897*sqrt(Abs(i)) + 4.87772432361542))
785,0.904085973035344,B0 + B1*i*s ; B2 + B3*i + B4*sqrt(Abs(r)),-0.00161089965601296*i*s + 0.00210915433977768 ; -0.078002865345126*i + 0.2826172541815*sqrt(Abs(r)) + 2.65508842843685
786,0.9040642191891042,B0 + B1*i + B2*s ; B3 + 3*i,0.341337012264455*i + 0.103741554666659*s - 8.70162762134842 ; 3*i - 76.5427676037069
787,0.904057716110012,B0 + B1*i + B2*s ; B3*sqrt(Abs(i)) + B4*i*r,-0.0475570721025673*i + 0.408699668471744*s - 0.383610495175684 ; 0.0203851003696295*i*r + 0.50260180417878*sqrt(Abs(i))
788,0.9040502854554379,B0*s + s*sqrt(Abs(B1 + i)) ; 2*r,s*sqrt(Abs(i + 3.46685324452252)) - 1.8570212480215*s ; 2*r
789,0.9039834570093457,B0*s + B1*s**2 ; sqrt(Abs(3*i - 2*r)),-0.257859835221531*s**2 + 0.263549078911861*s ; sqrt(Abs(3*i - 2*r))
790,0.9039507205589182,B0*i + B1*i*sqrt(Abs(s)) ; B2*i + i*r,-0.661115536215738*i*sqrt(Abs(s)) + 1.28264579437827*i ; i*r + 0.435444601042835*i
791,0.903941228056232,B0*i ; B1 + 2*i + r,0.0465012788817089*i ; 2*i + r - 1.14295244521154
792,0.9039161113309977,B0*i ; B1*r + i,0.998765455505205*i ; i + 0.000632305899619551*r
793,0.9039109314575527,B0*sqrt(Abs(s)) ; sqrt(Abs(B1 - i + r)),0.033517636815249*sqrt(Abs(s)) ; sqrt(Abs(-i + r + 0.13523980572398))
794,0.9039078898376779,B0*sqrt(Abs(s)) ; sqrt(Abs(B1*i + r)),0.0335176367641516*sqrt(Abs(s)) ; sqrt(Abs(0.0108090361487513*i + r))
795,0.9038981499845679,B0*sqrt(Abs(s)) ; r + sqrt(Abs(B1 + r)),0.0335176364319559*sqrt(Abs(s)) ; r + sqrt(Abs(r + 0.0529694370696375))
796,0.9038921566428528,B0*sqrt(Abs(s)) ; B1 + B2*sqrt(Abs(i)),0.0341022589584689*sqrt(Abs(s)) ; 0.00036418557456969*sqrt(Abs(i)) + 1.30841447386609
797,0.9038900455701399,B0*sqrt(Abs(s)) ; sqrt(Abs(B1*i + B2)),0.0341022586397411*sqrt(Abs(s)) ; sqrt(Abs(0.000600879347874369*i + 0.322271467916267))
798,0.9038820647447056,B0*sqrt(Abs(s)) ; B1 - r + sqrt(Abs(r)),0.0335176344163615*sqrt(Abs(s)) ; -r + sqrt(Abs(r)) + 0.118985779108178
799,0.9038780810119009,B0*sqrt(Abs(s)) ; sqrt(Abs(B1 + i - r)),0.033517633291529*sqrt(Abs(s)) ; sqrt(Abs(i - r + 0.000195950902293003))
800,0.9038761638438386,B0*sqrt(Abs(s)) ; B1 + B2*sqrt(Abs(r)),0.0335176412097171*sqrt(Abs(s)) ; 0.0252808761091095*sqrt(Abs(r)) + 2.94328901843835
801,0.9038755809519244,B0*i ; B1 + i - r + sqrt(Abs(r)),-0.249827410633225*i ; i - r + sqrt(Abs(r)) - 0.01998725631645
802,0.9038742149158076,B0*sqrt(Abs(s)) ; sqrt(Abs(B1 - 2*r)),0.0335176317751286*sqrt(Abs(s)) ; sqrt(Abs(2*r - 0.000278398024422801))
803,0.903870267424531,B0*sqrt(Abs(s)) ; B1 + sqrt(Abs(i - r)),0.0335176296476864*sqrt(Abs(s)) ; sqrt(Abs(i - r)) + 0.00944706414687757
804,0.9038662935757947,B0*sqrt(Abs(s)) ; B1 - r - sqrt(Abs(r)),0.0341022724570484*sqrt(Abs(s)) ; -r - sqrt(Abs(r)) + 12.6207587578125
805,0.9038630402099961,B0*sqrt(Abs(s)) ; sqrt(Abs(B1*r + i)),0.0339697141595771*sqrt(Abs(s)) ; sqrt(Abs(i + 0.135104604006885*r))
806,0.9038488471115355,B0*sqrt(Abs(s)) ; B1*sqrt(Abs(i)) - i,0.0339045942070074*sqrt(Abs(s)) ; -i + 0.525606313030186*sqrt(Abs(i))
807,0.9038485761077675,B0*sqrt(Abs(s)) ; sqrt(Abs(-B1 + i + r)),0.0339045916049176*sqrt(Abs(s)) ; sqrt(Abs(i + r - 0.000241197343835102))
808,0.9038485220574464,B0*sqrt(Abs(s)) ; B1*sqrt(Abs(r)) - r,0.0339045909715966*sqrt(Abs(s)) ; -r + 0.0196716662614871*sqrt(Abs(r))
809,0.9038480015668187,B0*sqrt(Abs(s)) ; sqrt(Abs(B1 - r**2)),0.0339045829402173*sqrt(Abs(s)) ; sqrt(Abs(r**2 - 8.02505417281038))
810,0.9038474098997386,B0 + B1*i + B2*s ; -i**2 + Abs(i)**(3/2),-2.24708514406441*i + 0.429687237747954*s - 0.0492850682383823 ; -i**2 + Abs(i)**(3/2)
811,0.9038429928580509,B0*sqrt(Abs(s)) ; sqrt(Abs(B1 + 2*i)),0.0339644928173863*sqrt(Abs(s)) ; sqrt(Abs(2*i + 0.286736739085688))
812,0.9038429629365058,B0*sqrt(Abs(s)) ; B1 + sqrt(Abs(B2 + r)),0.033389593805076*sqrt(Abs(s)) ; sqrt(Abs(r + 0.000993566109554848)) + 0.0127414972547185
813,0.9038419834452595,B0*sqrt(Abs(s)) ; sqrt(Abs(B1 - 2*i)),0.0333895899822255*sqrt(Abs(s)) ; sqrt(Abs(2*i - 0.162164569526782))
814,0.9038417519145286,B0*i**2 + B0*i*s ; B1*i + B2*i*r,0.575066552460834*i**2 + 0.575066552460834*i*s ; -0.111366610323303*i*r + 0.348825067744101*i
815,0.9038327410699045,B0*s + B1*s*sqrt(Abs(i)) ; B2 + 3*i,0.0280925261063894*s*sqrt(Abs(i)) - 0.00394318903624753*s ; 3*i + 0.63569697460866
816,0.9038292264400685,i**2 ; B0 + B1*i + B2*r,i**2 ; -0.0886820687169773*i - 0.0632215519617453*r + 0.06390299301988
817,0.9037886715415165,B0 - i + s ; B1 + i,-i + s + 2.58605640485536 ; i - 3.01237865965025
818,0.9037736985192355,B0 + B1*i + B2*s ; B3 + B4*sqrt(Abs(r)),0.12765268036843*i + 2.68528600832075*s - 5.48462203272842 ; 1.10340963944053*sqrt(Abs(r)) - 7.3069755817628
819,0.9037566497303351,B0*i**2 ; i,49.9999993033501*i**2 ; i
820,0.9037545414857775,B0 + B1*i**2 + B1*s ; B2*r + r**3,-0.251846760012957*i**2 - 0.251846760012957*s + 0.257640923998261 ; r**3 + 0.0293121834514301*r
821,0.9037545414849285,B0 + B1*i**2 + B1*s ; r,-0.251837080531285*i**2 - 0.251837080531285*s + 0.257632036695226 ; r
822,0.9036830822059903,B0*i + B1*i*s ; B2*Abs(i + r)**(1/4) + i,-1.39617245028134*i*s - 0.0727424094802289*i ; i + 0.136931698014919*Abs(i + r)**(1/4)
823,0.9035569588519899,B0 + B1*i + B2*s ; sqrt(Abs(B3 - r + sqrt(Abs(r)))),0.000936700458746988*i - 0.0706455383285715*s + 0.0949900880770795 ; sqrt(Abs(r - sqrt(Abs(r)) + 0.225636362434574))
824,0.9035364282689635,B0*i + B1*i**2 ; r*sqrt(Abs(3*i - r)),-0.34987255320115*i**2 + 0.312044948643283*i ; r*sqrt(Abs(3*i - r))
825,0.9035358592053921,B0*s + B1*s*sqrt(Abs(i)) ; B2*i**2,0.216402645680285*s*sqrt(Abs(i)) - 0.0286142046353892*s ; -0.0185405071673467*i**2
826,0.9035237198464814,B0*s + B1*s*sqrt(Abs(i)) ; r,0.219042645158163*s*sqrt(Abs(i)) - 0.0291338973913625*s ; r
827,0.90350518318511,B0*i + B1*s ; Abs(B2 + i**2)**(1/4),-0.000192952314756692*i + 0.0470999252901548*s ; Abs(i**2 + 5227.18718529168)**(1/4)
828,0.9034226053405936,B0 + B1*i + B2*s ; B3*Abs(i)**(5/16),-0.0193626596129241*i + 2.75564080152411*s - 2.99166968137276 ; 1.96898092897354*Abs(i)**(5/16)
829,0.9034064449228904,B0 + B1*i + B2*sqrt(Abs(s)) ; B3 + i**2 - r,0.455269412926873*i + 0.387577915979703*sqrt(Abs(s)) - 0.389631708216678 ; i**2 - r - 0.0202554679517397
830,0.9033904525522432,B0*s + B1*i*s ; Abs(i**2 - sqrt(2)*i*sqrt(Abs(r)))**(1/4),-0.00262950869607684*i*s + 0.0132823688595083*s ; Abs(i**2 - sqrt(2)*i*sqrt(Abs(r)))**(1/4)
831,0.9032768597573638,B0*i + B1*s ; B2 + i + sqrt(Abs(i)),-0.018543844598281*i + 0.0448965015823057*s ; i + sqrt(Abs(i)) - 0.0454358093373279
832,0.9032438752685321,B0 + B1*i ; B2 - i**2 + sqrt(Abs(i)),0.0416585061834051 - 0.000368034257617143*i ; -i**2 + sqrt(Abs(i)) + 3.92970951711533
833,0.9032287314381966,B0*s**2 ; B1*Abs(i)**(1/4),0.0446156346050201*s**2 ; 0.123226872025342*Abs(i)**(1/4)
834,0.9032287314335802,B0*s**2 ; B1 + 2*i,0.0446159464388307*s**2 ; 2*i + 0.984962545372077
835,0.9032287314148142,B0*s**2 ; B1*Abs(r)**(1/4),0.0446166453528934*s**2 ; 0.00721711817343815*Abs(r)**(1/4)
836,0.9032287314118703,B0*s**2 ; B1 - 2*r,0.0446167267827731*s**2 ; 3.59779824604693 - 2*r
837,0.903228731404846,B0*s**2 ; B1*i*r,0.0446134332352315*s**2 ; 0.00725662643174741*i*r
838,0.9032287313354154,B0*s**2 ; B1 + i - r,0.0446181427274231*s**2 ; i - r + 0.283777627029104
839,0.9032287312928705,B0*s**2 ; B1*i - r,0.0446186922663255*s**2 ; 0.719893217691992*i - r
840,0.903228731284678,B0*s**2 ; B1 + r,0.0446115505675845*s**2 ; r + 0.000136345794221871
841,0.9032287310979993,B0*s**2 ; B1*i**2,0.0446205324584837*s**2 ; 0.0172581732104363*i**2
842,0.9032287309298507,B0*s**2 ; B1*i,0.0446217170869176*s**2 ; 0.00460594243133608*i
843,0.9032287308194097,B0*s**2 ; B1 + sqrt(Abs(i)),0.0446223901869021*s**2 ; sqrt(Abs(i)) + 8.11659157964514
844,0.9032287304369611,B0*s**2 ; B1 - i,0.0446059926786557*s**2 ; 0.000315515063040436 - i
845,0.9032287295301373,B0*s**2 ; B1 + B2*i,0.0446278317072462*s**2 ; 64.051614988741*i + 0.130333483895096
846,0.903228710311729,B0*s**2 ; i,0.044573075769751*s**2 ; i
847,0.9032287076521907,B0*s**2 ; i - r,0.044570505772191*s**2 ; i - r
848,0.9032287067596521,B0*s**2 ; sqrt(Abs(i)),0.0446606882359101*s**2 ; sqrt(Abs(i))
849,0.9032287047411064,B0*s**2 ; sqrt(Abs(r)),0.0445678525669488*s**2 ; sqrt(Abs(r))
850,0.9032287000810213,B0*s**2 ; r,0.0445638905060524*s**2 ; r
851,0.9032071395428904,B0*i ; i - r + Abs(r)**(1/4),-0.143528354560867*i ; i - r + Abs(r)**(1/4)
852,0.9032067433555176,B0 + B1*sqrt(Abs(i)) ; sqrt(Abs(B2 + r + sqrt(Abs(i)))),0.0639415500630056 - 0.00608582060973741*sqrt(Abs(i)) ; sqrt(Abs(r + sqrt(Abs(i)) - 16.6752000541795))
853,0.9031756000629334,B1*s*sqrt(Abs(B0 + i - s)) ; sqrt(Abs(B2 + i + r)),0.070667279556934*s*sqrt(Abs(i - s + 1.06267720084919)) ; sqrt(Abs(i + r - 0.0425206673005542))
854,0.903175178517848,B0*i*s ; B1 + r + Abs(B2 + i)**(1/4),-0.000950869878462517*i*s ; r + Abs(i - 286.714561271872)**(1/4) - 4.07531086349313
855,0.9031066376413582,B0 + B1*sqrt(Abs(i)) ; Abs(B2 + B3*i)**(1/4),0.0559344010724491 - 0.00553728791644088*sqrt(Abs(i)) ; Abs(1.67903563330171*i + 10.2490079307424)**(1/4)
856,0.9030596321669614,B0 + B1*sqrt(Abs(i)) ; B2 - Abs(B3 + i)**(1/4),0.0487359628634749 - 0.00512163556742925*sqrt(Abs(i)) ; 0.294216081466419 - Abs(i - 3.37234104929632)**(1/4)
857,0.9029161114120531,B0*sqrt(Abs(i))*sqrt(Abs(s)) ; B1 + i,0.213583585821753*sqrt(Abs(i))*sqrt(Abs(s)) ; i - 0.00838755672317351
858,0.9028868619138738,B0*i + B1*s ; -i + r,0.000170205200087996*i + 0.044352710236034*s ; -i + r
859,0.9028428672470988,B0 + B1*i ; B2 + B3*sqrt(Abs(i)) + B4*r,0.0117200704150094 - 0.042206599689163*i ; -0.524269770847221*r + 0.871478316476985*sqrt(Abs(i)) - 0.0459855554460393
860,0.9027936093967709,B0 + B1*s**2 - i ; r,-i - 0.737636147587295*s**2 + 0.729767237670005 ; r
861,0.9026113121328779,B0 + B1*i + B1*s ; B2*sqrt(Abs(i)),0.000434580940334734*i + 0.000434580940334734*s + 0.0434911718379113 ; 0.712781191165481*sqrt(Abs(i))
862,0.9025752597310795,B0*sqrt(Abs(i + sqrt(Abs(i)))) ; B1 + i*r,0.0598074469285495*sqrt(Abs(i + sqrt(Abs(i)))) ; i*r + 0.0140193858985577
863,0.9025696919459536,B0*i + B1*i*sqrt(Abs(s)) ; sqrt(Abs(B2 + B3*i + B4*r)),-0.00150692690891864*i*sqrt(Abs(s)) + 0.000444545028061667*i ; sqrt(Abs(9.20784677144562*i + 4.52966658609068*r + 27.6412508198966))
864,0.9025685401487349,i*Abs(s)**(7/4) ; B0*i,i*Abs(s)**(7/4) ; 0.597250844582305*i
865,0.902519960400061,B0*s + B2*sqrt(Abs(B1 + i)) ; B3*i + B4*i*r,-0.00347711521099315*s + 0.105734390348035*sqrt(Abs(i - 0.00284028261620626)) ; 1.04656245877389*i*r + 0.0116475717608933*i
866,0.9024623369404204,B0*s + B1*s*sqrt(Abs(i)) ; -sqrt(Abs(i)),0.0202492200760363*s*sqrt(Abs(i)) - 0.011291883030493*s ; -sqrt(Abs(i))
867,0.9024561152379467,i ; i,i ; i
868,0.9024243360353975,B0*s + B1*i*s ; B2 + i,-1.16744874094487*i*s - 0.66787682159161*s ; i + 0.692801675789671
869,0.9023555467265052,B0*i + B1*s ; B2 + B3*sqrt(Abs(r)),-0.000174605740997307*i + 0.0451545893698584*s ; 17.6350865021393 - 1.07415044163311*sqrt(Abs(r))
870,0.9023159934194723,B0*i ; i*r + i,1.20291920648147*i ; i*r + i
871,0.90220846398901,B0 + B1*i ; sqrt(Abs(B2*Abs(i)**(1/4) - r)),0.000450880147652413*i + 0.0468338115672527 ; sqrt(Abs(r - 2.73305128121918*Abs(i)**(1/4)))
872,0.9021642547622358,B0*i + B2*sqrt(Abs(B1 + i)) ; B3*i - i*r,-0.415154816021752*i + 0.333547715902552*sqrt(Abs(i - 0.0176984438121636)) ; -i*r + 0.391109612977232*i
873,0.902128664080517,B0 + B1*sqrt(Abs(i)) + B2*s ; r,0.361650208731545*s + 0.407756736257433*sqrt(Abs(i)) - 0.411784436277251 ; r
874,0.9021205588337456,B0*i + B2*sqrt(Abs(B1 + i)) ; B3*sqrt(Abs(i)) + B4*sqrt(Abs(r)),0.00238198834371312*i + 0.0240049624879703*sqrt(Abs(i + 0.27300814760106)) ; -5.12095015585706e-10*sqrt(Abs(i)) + 0.9212459779682*sqrt(Abs(r))
875,0.9020974011266373,B0 + B1*sqrt(Abs(s)) + B2*s ; B3*i + B4*r,-0.569921882573252*s + 0.791910163686686*sqrt(Abs(s)) - 0.211875110764566 ; 35.529441029167*i + 0.0502647986741268*r
876,0.9020974010339485,B0 + B1*sqrt(Abs(s)) + B2*s ; B3*sqrt(Abs(r)) + B4*r,-0.569933617933842*s + 0.791929377165014*sqrt(Abs(s)) - 0.211883286482872 ; 0.000806274332468936*r + 0.000255814564430929*sqrt(Abs(r))
877,0.9020974010322664,B0 + B1*i + B2*sqrt(Abs(s)) ; r,0.569875829106621*i + 0.791838498380434*sqrt(Abs(s)) - 0.781724457927436 ; r
878,0.9020974010071693,B0 + B1*sqrt(Abs(s)) + B2*s ; i,-0.569865614499519*s + 0.791822776090358*sqrt(Abs(s)) - 0.211842854528663 ; i
879,0.9020974009739231,B0 + B1*sqrt(Abs(s)) + B2*s ; -i*r + Abs(r)**(3/2),-0.569859146666698*s + 0.79181303106569*sqrt(Abs(s)) - 0.211839434436903 ; -i*r + Abs(r)**(3/2)
880,0.902097400963808,B0 + B1*i + B2*sqrt(Abs(s)) ; sqrt(Abs(r)),0.569806620729146*i + 0.791721262466335*sqrt(Abs(s)) - 0.781605539565171 ; sqrt(Abs(r))
881,0.9020974008859635,B0 + B1*sqrt(Abs(s)) + B2*s ; B3 + B4*i + i*r,-0.56993137292032*s + 0.791929184941327*sqrt(Abs(s)) - 0.211885382405975 ; i*r + 1.28721208641154*i + 26.5453411212676
882,0.9020974008694187,B0 + B1*sqrt(Abs(s)) + B2*s ; r,-0.569877277459347*s + 0.791844077844105*sqrt(Abs(s)) - 0.211852931086229 ; r
883,0.9020974008257855,B0 + B1*sqrt(Abs(s)) + B2*s ; B3 + i*r - i,-0.569941155894826*s + 0.791945865754396*sqrt(Abs(s)) - 0.211892533933001 ; i*r - i + 0.0858065174657515
884,0.9020974004393539,B0 + B1*sqrt(Abs(s)) + B2*s ; B3*Abs(r)**(3/2),-0.569900256652041*s + 0.791886999238101*sqrt(Abs(s)) - 0.211873611842027 ; 0.176739966767002*Abs(r)**(3/2)
885,0.9020974002170639,B0 + B1*sqrt(Abs(s)) + B2*s ; B3 - i - r,-0.570129605436409*s + 0.792231976729686*sqrt(Abs(s)) - 0.211994618112771 ; -i - r + 0.0675670336083577
886,0.9020974001341188,B0 + B1*sqrt(Abs(s)) + B2*s ; B3 - i + r + Abs(i)**(1/4),-0.570092617057553*s + 0.792165144995567*sqrt(Abs(s)) - 0.211963558937423 ; -i + r + Abs(i)**(1/4) + 0.0209587387440095
887,0.9020973999740897,B0 + B1*sqrt(Abs(s)) + B2*s ; B3 + i + r,-0.569700923556132*s + 0.791545136228287*sqrt(Abs(s)) - 0.211724707072642 ; i + r + 0.0697608688781957
888,0.9020973937675671,B0 + B1*sqrt(Abs(s)) + B2*s ; B3 + B4*i**2,-0.569358047557053*s + 0.790975889761848*sqrt(Abs(s)) - 0.211490239196922 ; 0.000383944929815504*i**2 + 2.22910999056531
889,0.9020973761783716,B0 + B1*sqrt(Abs(s)) + B2*s ; B3*r + B4*i*r,-0.570886770282528*s + 0.793482955716646*sqrt(Abs(s)) - 0.212510600041812 ; 0.000324618693486873*i*r + 0.747628944682504*r
890,0.9020579752533037,B0*i + B0*sqrt(Abs(i + s)) ; B1 + i + sqrt(Abs(B2 + sqrt(Abs(r)))),-0.132208868156912*i - 0.132208868156912*sqrt(Abs(i + s)) ; i + sqrt(Abs(sqrt(Abs(r)) - 1.53477612100738)) - 0.0817096131199221
891,0.9020579374803136,B0*i + B1*s*sqrt(Abs(i)) ; B2 + B3*sqrt(Abs(r)) + i + r,0.00546634157559488*i + 0.0632893192092383*s*sqrt(Abs(i)) ; i + r - 0.548573740714984*sqrt(Abs(r)) + 0.0283788450975872
892,0.9020480122870567,sqrt(Abs(B0*i + B1)) ; B2*r,sqrt(Abs(0.00135063015929507*i - 0.00132420502822076)) ; 0.0265050608562987*r
893,0.90200097600529,B0*i + B1*s ; B2 + i + r,0.00180994389842332*i + 0.0447118053386976*s ; i + r - 0.758414839339258
894,0.9018957277687027,B0*i + B2*sqrt(Abs(B1 + i)) ; B3*i + B4*r,-0.135083242591132*i + 0.189204578504845*sqrt(Abs(i - 0.0434524128149934)) ; -0.198159243116121*i - 0.39146286501931*r
895,0.9018918710711354,B0*i*s**2 + B0*s ; sqrt(Abs(B1 + sqrt(Abs(B2 + r)))),-0.0246602150740305*i*s**2 - 0.0246602150740305*s ; sqrt(Abs(sqrt(Abs(r - 2.2688572747502)) - 0.460039277149094))
896,0.9018774877818844,s*sqrt(Abs(B0 + B1*i + s)) ; sqrt(Abs(r)),s*sqrt(Abs(1.02941966547425*i + s - 1.00169321688377)) ; sqrt(Abs(r))
897,0.9018645900906389,B0*i*s ; r*sqrt(Abs(i)) + sqrt(Abs(i))*sqrt(Abs(r)),0.313701580508042*i*s ; r*sqrt(Abs(i)) + sqrt(Abs(i))*sqrt(Abs(r))
898,0.9018645899726307,B0*i*s ; Abs(i*r + r*sqrt(Abs(i)))**(1/4),0.313699054239664*i*s ; Abs(i*r + r*sqrt(Abs(i)))**(1/4)
899,0.9017646541559199,B0 + B1*sqrt(Abs(i)) ; sqrt(Abs(B2 + B3*Abs(r)**(3/2))),0.0468432976379737 - 0.00465992591269352*sqrt(Abs(i)) ; sqrt(Abs(0.1254144827561*Abs(r)**(3/2) - 0.105338305271525))
900,0.9017320211422909,B0 + B1*i ; i,1.01131332388324*i - 0.000429018610071416 ; i
901,0.9017223727813053,B0*i + B2*sqrt(Abs(B1 + i)) ; B3*sqrt(Abs(i)) + B4*i,-0.00232594144333782*i + 0.0234478833941767*sqrt(Abs(i - 0.424068893468217)) ; -0.0168881192927948*i - 0.763327966765264*sqrt(Abs(i))
902,0.9017089354770349,B0*i + B1*i**2 ; sqrt(Abs(B2 + B3*i + B4*r)),-2.2991579152653e-5*i**2 - 0.00231297229757632*i ; sqrt(Abs(58.1874654882502*i + 57.5011185424896*r - 12.1596080536914))
903,0.9016946303874172,B0*i*s**2 ; B1*i + r,-0.0015361162488366*i*s**2 ; 0.121923163516998*i + r
904,0.9016900299402374,B0*sqrt(Abs(i)) + B1*s ; B2 + 2*i + sqrt(Abs(r)),0.0105887793279222*s + 0.0554550633541337*sqrt(Abs(i)) ; 2*i + sqrt(Abs(r)) - 1.02183125475926
905,0.9016787370117587,B0*i + B2*sqrt(Abs(B1 + i)) ; B3*i - i*sqrt(Abs(i - r)),-0.823348807403805*i + 0.0102223267931005*sqrt(Abs(i + 0.0154022071392127)) ; -i*sqrt(Abs(i - r)) + 2.91020954652629*i
906,0.9016657740714539,B0 + B1*i ; B2 + B3*Abs(r)**(1/8),-0.118659839832761*i - 0.0561208075606409 ; 1.49742361513847 - 1.41714057785244*Abs(r)**(1/8)
907,0.9016448178716974,i**2 - i*s ; B0 + B1*i + B2*r,i**2 - i*s ; 1.61479488971832*i + 0.247895178087738*r + 0.0776569283683366
908,0.9016140461109912,B0*sqrt(Abs(s)) + B1*s ; B2 + r,2.77226989413733*s + 0.764978197379066*sqrt(Abs(s)) ; r + 6.7193583456274
909,0.9015985817449388,B0*Abs(s)**(5/4) ; B1*i**2,0.0465976997289312*Abs(s)**(5/4) ; 0.143365682064659*i**2
910,0.9015985817209381,B0*Abs(s)**(5/4) ; sqrt(Abs(B1 - i)),0.0465972524413487*Abs(s)**(5/4) ; sqrt(Abs(i - 1.96324041066896))
911,0.9015984467437255,B0*Abs(s)**(5/4) ; -i*sqrt(Abs(r)),0.0466923818445196*Abs(s)**(5/4) ; -i*sqrt(Abs(r))
912,0.9015984463871984,B0*Abs(s)**(5/4) ; i,0.0466925048267388*Abs(s)**(5/4) ; i
913,0.9015984432601434,B0*Abs(s)**(5/4) ; sqrt(Abs(i)),0.0466935766307218*Abs(s)**(5/4) ; sqrt(Abs(i))
914,0.9015984381233476,B0*Abs(s)**(5/4) ; r,0.0466953113700452*Abs(s)**(5/4) ; r
915,0.901585321331327,B0 + B1*Abs(i)**(3/2) ; -2*r + sqrt(Abs(r)),0.0459269954674941 - 0.039286339810843*Abs(i)**(3/2) ; -2*r + sqrt(Abs(r))
916,0.9015560500186509,B0*s + B1*sqrt(Abs(i - s)) ; r,2.77360612551684*s + 0.13153526630096*sqrt(Abs(i - s)) ; r
917,0.9015437178985584,B0*sqrt(Abs(s)) + B1*s ; B2*i,2.75918651074888*s - 0.283685176749056*sqrt(Abs(s)) ; 0.0004333087321819*i
918,0.9015037812037746,B0*i ; B1*i - sqrt(Abs(r)),0.0160676501330962*i ; 0.711855966726351*i - sqrt(Abs(r))
919,0.9014109896884624,B0*s*sqrt(Abs(i)) + B0*s ; -i**2 - i*r,0.0333298518752823*s*sqrt(Abs(i)) + 0.0333298518752823*s ; -i**2 - i*r
920,0.9011430261544808,B0*i + B1*i*sqrt(Abs(s)) ; r,0.521476802334604*i*sqrt(Abs(s)) - 0.232447313416786*i ; r
921,0.9010896344350979,B0*i + B1*Abs(i)**(3/2) ; 2*i + r,-0.671055466896392*i - 0.81766174568153*Abs(i)**(3/2) ; 2*i + r
922,0.9010712928583174,B0 + i**2 ; B1 + B2*i + i*r,i**2 + 0.00205965319082264 ; i*r - 0.70066753846151*i + 0.0177553840707624
923,0.9010138584337479,B0 + B1*i ; sqrt(Abs(B2 + i + 2*r)),0.000465723287415231*i + 0.0487853655815092 ; sqrt(Abs(i + 2*r - 11.0996349188009))
924,0.9009618581396347,B1*sqrt(Abs(B0*sqrt(Abs(i)) + i)) ; Abs(i)**(3/4),0.0151769387447456*sqrt(Abs(i + 10.006879005826*sqrt(Abs(i)))) ; Abs(i)**(3/4)
925,0.9008876720832457,B0 + B1*sqrt(Abs(i)) ; sqrt(Abs(B2 + i - r)),0.0583576483223924 - 0.00520087125459359*sqrt(Abs(i)) ; sqrt(Abs(i - r + 28.5189101979349))
926,0.9008338713185776,-i*s ; sqrt(Abs(B0 + B1*r + B2*i)),-i*s ; sqrt(Abs(0.0266357567386053*i + 0.0152013040379133*r + 0.00068933993865707))
927,0.9006982704564773,i**2 ; B0 + B1*i + i*r,i**2 ; i*r - 0.696007828633867*i + 0.0156987637896504
928,0.9005201055577123,B0 + B1*i + B2*s ; B3 + i**2,0.0575977098796327*i + 2.77504871746814*s - 0.461218481671072 ; i**2 - 1.5612170311762
929,0.9004976960003651,B0 + B1*i ; i + r + sqrt(Abs(i)),0.000397018731219918*i + 0.0453041871004566 ; i + r + sqrt(Abs(i))
930,0.9004955451154995,B0*i + B1*i*sqrt(Abs(s)) ; i,0.41082193876353*i*sqrt(Abs(s)) + 0.736179904719398*i ; i
931,0.9004590920691424,B0*s + B2*sqrt(Abs(B1 + i)) ; r**2,2.79666174474153*s - 0.304476401540434*sqrt(Abs(i - 1.09398369632711)) ; r**2
932,0.900280996037263,B0*i + B1*s ; B2*Abs(i)**(1/4),0.0263887058439869*i + 0.0449133106860708*s ; 0.0276315589817169*Abs(i)**(1/4)
933,0.900269206971717,B0*i + B2*sqrt(Abs(B1 + i)) ; B3*r - r**2,-0.283871587918018*i + 0.291850290956048*sqrt(Abs(i - 0.0437051612108122)) ; -r**2 + 0.0305947445115386*r
934,0.9002664443401789,B0*sqrt(Abs(i))*sqrt(Abs(s)) ; B1 + i - r,0.0575042972871398*sqrt(Abs(i))*sqrt(Abs(s)) ; i - r + 1.45906204377525
935,0.9002661953653184,B0*i + B2*sqrt(Abs(B1 + i)) ; B3*sqrt(Abs(r)) + B4*r,-0.286628637511623*i + 0.29269693581693*sqrt(Abs(i - 0.0417259603412911)) ; 7.97578649587379*r + 0.000614285956674097*sqrt(Abs(r))
936,0.9002405213796386,B0*i + B2*sqrt(Abs(B1 + i)) ; B3*r + B4*i*r,-0.291082664502565*i + 0.296434859447412*sqrt(Abs(i - 0.0410667079719789)) ; 0.0014730806703603*i*r + 1.16098680494258*r
937,0.9002349169114393,B0*i + B2*sqrt(Abs(B1 + i)) ; B3*i*r - i*sqrt(Abs(r)),-0.280871437541238*i + 0.288908041190715*sqrt(Abs(i - 0.0406976231753838)) ; 0.22211617448548*i*r - i*sqrt(Abs(r))
938,0.9002250554601556,B0 + B2*sqrt(Abs(B1 + i - s)) ; B3 + i,0.111055514936114 - 0.144710840586881*sqrt(Abs(i - s + 0.384403250128173)) ; i - 0.161665813827756
939,0.900207775537384,B0*i + B2*sqrt(Abs(B1 + i)) ; -i*r + i*Abs(r)**(3/2),-0.277510271275998*i + 0.285771913216454*sqrt(Abs(i - 0.0398247428863321)) ; -i*r + i*Abs(r)**(3/2)
940,0.9001980617673677,B0*i + B2*sqrt(Abs(B1 + i)) ; B3 + B4*i - i**2,0.341869307196256*i + 0.272088407199976*sqrt(Abs(i - 0.0143460378624168)) ; -i**2 - 0.578572991981685*i + 0.0393113745033747
941,0.9001429147295212,B0*i + B2*sqrt(Abs(B1 + i)) ; B3*r + i*r,-0.273306955373848*i + 0.282033966049836*sqrt(Abs(i - 0.0384967005792932)) ; i*r + 0.00385222240237396*r
942,0.9001247036676936,B0*i + B2*sqrt(Abs(B1 + i)) ; i**2*r,-0.271486256624318*i + 0.281240898009774*sqrt(Abs(i - 0.0385170282150687)) ; i**2*r
943,0.9001044962562676,B0*i + B2*sqrt(Abs(B1 + i)) ; r,-0.269477358801438*i + 0.278311749609193*sqrt(Abs(i - 0.0379562763223192)) ; r
944,0.9001006525560166,B0*i + B2*sqrt(Abs(B1 + i)) ; B3 + B4*r**2,-0.267244816989901*i + 0.283500045195023*sqrt(Abs(i - 0.0518128773762092)) ; 0.326546740505743*r**2 - 0.00186621422059571
945,0.9000770100728891,B0*sqrt(Abs(2*i + s)) ; B1 + i*r,0.0305821089746385*sqrt(Abs(2*i + s)) ; i*r + 0.000183252969074678
946,0.9000211657256616,B0*i + B2*sqrt(Abs(B1 + i)) ; B3*r,-0.271572587808538*i + 0.27920984093382*sqrt(Abs(i - 0.0415180004518789)) ; 6.02161558667885*r
947,0.9000100795190827,B0*i + B2*sqrt(Abs(B1 + i)) ; B3 + B4*i + B5*r,-0.0103492354248262*i - 0.00753020811978617*sqrt(Abs(i + 5.67067952990319)) ; -1.10358119112406*i - 1.25338076949642*r + 1.35115534482075
948,0.9000046478287839,B0*s + B2*sqrt(Abs(B1 + i)) ; r*sqrt(Abs(B3*i + B3*r)),-0.362713980511059*s + 0.40601742448525*sqrt(Abs(i - 0.855016537364384)) ; r*sqrt(Abs(0.0280251096372071*i + 0.0280251096372071*r))
949,0.9000046469279123,B0*s + B2*sqrt(Abs(B1 + s)) ; r,-0.362404088742325*s + 0.405670592159501*sqrt(Abs(s - 0.14485640441776)) ; r
950,0.900004645998691,B0*s + B2*sqrt(Abs(B1 + s)) ; Abs(r)**(3/2),-0.362391109956412*s + 0.40565623236493*sqrt(Abs(s - 0.14485304171681)) ; Abs(r)**(3/2)
951,0.9000046434284135,B0*s + B2*sqrt(Abs(B1 + s)) ; B3*sqrt(Abs(i))*sqrt(Abs(r)),-0.362618098401463*s + 0.405912905476578*sqrt(Abs(s - 0.144962298000854)) ; 2.3620055136158*sqrt(Abs(i))*sqrt(Abs(r))
952,0.8999550428965134,B0 + B1*sqrt(Abs(s)) + B2*s ; B3 + Abs(i)**(3/2),2.89774157722042*s - 0.870913178565458*sqrt(Abs(s)) + 0.353757531009897 ; Abs(i)**(3/2) + 0.043746128566623
953,0.8999454264086046,B0 + B1*i + B2*s ; -i*r + i*sqrt(Abs(B3 + r)),-1.38983776074602*i + 1.23327252979695*s + 0.0173447992577488 ; -i*r + i*sqrt(Abs(r + 0.137383869343332))
954,0.8998910790294342,B0*i + B2*sqrt(Abs(B1 + i)) ; B3*Abs(r)**(5/4),-0.263239177581975*i + 0.272097595030442*sqrt(Abs(i - 0.0377088425299816)) ; 0.000277662657729487*Abs(r)**(5/4)
955,0.8998702355221777,B0*i**2 ; B1 - i - 2*r,0.00571626404785123*i**2 ; -i - 2*r + 3.21672924729014
956,0.8997727524834117,B0*i ; B1*i + B2*r,2.28300300424192*i ; 2.31281900630452*i + 0.000161471502696592*r
957,0.8996668074425688,B0*sqrt(Abs(i))*sqrt(Abs(s)) ; B1 + r,0.00367670344441387*sqrt(Abs(i))*sqrt(Abs(s)) ; r - 0.56904179706773
958,0.8996629040242198,B0 + B1*sqrt(Abs(i)) + B2*s ; B3 - r,0.241342024779907*s + 0.248058654327767*sqrt(Abs(i)) - 0.232503682181156 ; 0.066273102456243 - r
959,0.8996535842966281,B1*sqrt(Abs(B0 + i - s)) ; B2 + B3*i,0.0734655555751409*sqrt(Abs(i - s + 1.1570014981301)) ; 0.113401211248376*i + 0.165235464837235
960,0.8996386233967377,B0*i + B1*sqrt(Abs(s)) ; B2 - i - r,-0.00198064456915208*i + 0.0428380906602195*sqrt(Abs(s)) ; -i - r + 0.669609665453756
961,0.8995185211290275,B0*i*s ; B1 + r*Abs(i)**(5/2),0.000801611962632096*i*s ; r*Abs(i)**(5/2) - 0.118362903664735
962,0.8995146183613243,B0*sqrt(Abs(2*i + s)) ; B1*sqrt(Abs(i)) + i*r,0.0295089610703729*sqrt(Abs(2*i + s)) ; i*r + 0.000154749156178483*sqrt(Abs(i))
963,0.8994038761556691,B0*Abs(i)**(1/4) + B1*s ; sqrt(Abs(B2 + i - sqrt(Abs(i)))),2.7104341016111*s + 0.25946447108748*Abs(i)**(1/4) ; sqrt(Abs(i - sqrt(Abs(i)) + 7.92394464124003))
964,0.8993777210856078,B0*s + B0*sqrt(Abs(s)) ; sqrt(Abs(r)),0.0237027260132184*s + 0.0237027260132184*sqrt(Abs(s)) ; sqrt(Abs(r))
965,0.8993748156260928,B0*s + B0*sqrt(Abs(s)) ; sqrt(Abs(i)),0.0239863856826367*s + 0.0239863856826367*sqrt(Abs(s)) ; sqrt(Abs(i))
966,0.8993747597670314,B0*s + B0*sqrt(Abs(s)) ; Abs(i)**(1/4),0.0240198080120255*s + 0.0240198080120255*sqrt(Abs(s)) ; Abs(i)**(1/4)
967,0.8993738763250471,B0*s + B0*sqrt(Abs(s)) ; i,0.024019538555375*s + 0.024019538555375*sqrt(Abs(s)) ; i
968,0.8993736567091872,B0*s + B0*sqrt(Abs(s)) ; r,0.0240193305328972*s + 0.0240193305328972*sqrt(Abs(s)) ; r
969,0.8993682667692232,B1*sqrt(Abs(B0 + sqrt(Abs(i)))) ; B2 + B3*r + i,0.042474843123413*sqrt(Abs(sqrt(Abs(i)) - 1.86742632456116)) ; i - 1.69613407518038*r + 11.3749588525718
970,0.8993594639594396,B0 + B1*sqrt(Abs(i)) + B2*s ; B3 + B4*i**2,0.0882834054745773*s + 0.166854593567405*sqrt(Abs(i)) - 0.127829601587164 ; 0.158475632334584*i**2 - 0.0411044244505221
971,0.8993347874765741,B0*i + B1*s ; i + sqrt(Abs(B2 + r)),-0.00845890625682617*i + 0.0478852587127251*s ; i + sqrt(Abs(r - 0.072650489673382))
972,0.8992768738377525,Abs(i)**(3/2) ; B0 + B1*r + i,Abs(i)**(3/2) ; i - 0.165459428965184*r + 0.219123082282611
973,0.899248832308724,B0 + B1*sqrt(Abs(i*s + s)) ; sqrt(Abs(i)),0.0180741475264365*sqrt(Abs(i*s + s)) - 0.00482691631366336 ; sqrt(Abs(i))
974,0.8991411682446326,B1*sqrt(Abs(B0 + sqrt(Abs(i)))) ; sqrt(Abs(i)),0.0166408528866193*sqrt(Abs(sqrt(Abs(i)) - 10.0204158212281)) ; sqrt(Abs(i))
975,0.8991325670644547,B1*sqrt(Abs(B0*i**2 + i)) ; sqrt(Abs(i)),0.0121885125480749*sqrt(Abs(0.0100031867560012*i**2 + i)) ; sqrt(Abs(i))
976,0.8991226766261151,B0 + B1*i + B2*s ; sqrt(Abs(i)),-0.0143781569205518*i + 2.70036511973061*s - 1.47495871112741 ; sqrt(Abs(i))
977,0.8991143964119799,B0*i ; B1*r + 2*i,1.97615175288103*i ; 2*i + 0.000209416075069626*r
978,0.8990994292601221,B0*i + B1*s ; B2 + i*r + i,-0.74174441226219*i + 0.0623678569959113*s ; i*r + i + 0.0305319212096096
979,0.8990428564416449,i**2 - i*s ; sqrt(Abs(B0*i + B1)),i**2 - i*s ; sqrt(Abs(0.00511603516267029*i + 0.00221149500515228))
980,0.899014354862543,B0*i**2*s ; B1*sqrt(Abs(i)),5.13379478238245e-6*i**2*s ; 113.501271544247*sqrt(Abs(i))
981,0.8989490495474575,B0*sqrt(Abs(s)) + B1*s ; 2*i,2.83344579856127*s - 0.51709498737542*sqrt(Abs(s)) ; 2*i
982,0.8989007924846283,B0*i - i*s**2 ; B1*sqrt(Abs(i)),-i*s**2 + 0.00552371876832388*i ; 0.182217629665203*sqrt(Abs(i))
983,0.8988409822006362,B0*Abs(s)**(3/2) ; B1 + B2*sqrt(Abs(r)),0.0457653785645104*Abs(s)**(3/2) ; 0.0123582028891704*sqrt(Abs(r)) + 0.080568627056734
984,0.8988409813601564,B0*Abs(s)**(3/2) ; B1*i + B1*r,0.0457572821328447*Abs(s)**(3/2) ; 46.0618982260235*i + 46.0618982260235*r
985,0.8988164102205909,B0*i + B2*sqrt(Abs(B1 + i)) ; B3*i,-0.220255076062448*i + 0.231111753259588*sqrt(Abs(i - 0.0211427346456012)) ; -0.00203292156035251*i
986,0.8987852553185497,B0*s*sqrt(Abs(i)) ; i,0.228915767200121*s*sqrt(Abs(i)) ; i
987,0.8987675802037268,B1*i*sqrt(Abs(B0 - i + s)) ; i,0.792126295874913*i*sqrt(Abs(-i + s + 1.18617341202842)) ; i
988,0.8987628940318494,B0*i + B2*sqrt(Abs(B1 + i)) ; sqrt(Abs(i)),0.00247678882989598*i + 0.0251760237417245*sqrt(Abs(i + 0.986254792161906)) ; sqrt(Abs(i))
989,0.8987175836887105,B0 + B1*sqrt(Abs(i)) ; sqrt(2)*sqrt(Abs(r)),0.0630848608254577 - 0.0572770967985612*sqrt(Abs(i)) ; sqrt(2)*sqrt(Abs(r))
990,0.8987175078943457,B0 + B1*sqrt(Abs(i)) ; Abs(r)**(3/4),0.0629271301063778 - 0.0570618254720208*sqrt(Abs(i)) ; Abs(r)**(3/4)
991,0.8987175073907168,B0 + B1*sqrt(Abs(i)) ; sqrt(Abs(r)),0.0629269353230559 - 0.0570615594884782*sqrt(Abs(i)) ; sqrt(Abs(r))
992,0.8987175035146516,B0 + B1*sqrt(Abs(i)) ; r,0.0629254493359366 - 0.0570595301334834*sqrt(Abs(i)) ; r
993,0.8987174984350605,B0 + B1*sqrt(Abs(i)) ; sqrt(Abs(i*r + r)),0.0629235349572347 - 0.0570569160676667*sqrt(Abs(i)) ; sqrt(Abs(i*r + r))
994,0.8987174952788531,B0 + B1*sqrt(Abs(i)) ; Abs(r)**(1/4),0.0631259021308075 - 0.0573330444605349*sqrt(Abs(i)) ; Abs(r)**(1/4)
995,0.8987174931155448,B0 + B1*sqrt(Abs(i)) ; r + Abs(r)**(1/4),0.0629215687066088 - 0.0570542310758335*sqrt(Abs(i)) ; r + Abs(r)**(1/4)
996,0.8986962810239145,B0*i ; B1*i - i**2,2.37087091515077*i ; -i**2 + 2.42442082029066*i
997,0.8986834004185396,B0*s*sqrt(Abs(i)) ; B1*r**2 - i + r,0.00756487971296322*s*sqrt(Abs(i)) ; -i + 0.0201796434300075*r**2 + r
998,0.8985947152116807,B0*i + B2*sqrt(Abs(B1 + i)) ; B3*r + B4*r**2,-0.226147279485983*i + 0.237519626583031*sqrt(Abs(i - 0.0225374879681707)) ; 0.13217348278513*r**2 + 0.000499069173507342*r
999,0.8985779328074953,B0*i + B0*Abs(s)**(1/4) ; B1 + 2*i,0.0556586628984053*i + 0.0556586628984053*Abs(s)**(1/4) ; 2*i + 0.309296135608136
1000,0.8985540645584132,B0 + B1*sqrt(Abs(i)) ; B2 + Abs(i)**(1/8),0.0557806836753327 - 0.00558918902520308*sqrt(Abs(i)) ; Abs(i)**(1/8) + 0.519368195435778
1001,0.8985391474446112,B0 + B1*i*s**2 ; B2 + r,-0.0011555877478205*i*s**2 + 0.00326556912528378 ; r + 0.0255270935649908
1002,0.8983904551598685,B0*i**2 ; B1 + B2*r + i,3.41714228870513*i**2 ; i - 0.131844755238111*r + 0.194945043785165
1003,0.8982922129288867,B0 + B1*i + B2*s ; B3 + sqrt(Abs(B4 + i*r + i)),-0.000828112587056531*i + 0.109054064230888*s - 0.0803933846192889 ; sqrt(Abs(i*r + i + 0.0804688585347543)) - 0.13212184438929
1004,0.8981528767614053,B0*i + B1*s ; B2 + 2*i - r,0.344217852778044*i + 0.147951933787934*s ; 2*i - r + 0.886976008547774
1005,0.8981311278332248,s*Abs(B0 + i)**(1/4) ; B1*sqrt(Abs(r)),s*Abs(i + 53.1517486242081)**(1/4) ; 32.7281186691863*sqrt(Abs(r))
1006,0.8980956127854218,B0 + B1*sqrt(Abs(i)) ; sqrt(Abs(2*i + r)),0.0503248584647001 - 0.00445936768597182*sqrt(Abs(i)) ; sqrt(Abs(2*i + r))
1007,0.8980436779939924,B0*i + B1*sqrt(Abs(s)) ; B2 + B3*r,-0.00495333099136139*i - 0.0709405281885802*sqrt(Abs(s)) ; 87.0299831563736 - 4.16342022343426*r
1008,0.8979471036228516,B0 + B1*i + B2*s ; B3*i + i**2,0.754989585369697*i + 0.0119678640214199*s - 0.000587166878642676 ; i**2 + 0.830760028161778*i
1009,0.8979126422082748,B0*i*s ; 2*i + 2*r + sqrt(Abs(r)),-0.00351125822508555*i*s ; 2*i + 2*r + sqrt(Abs(r))
1010,0.8979011768726635,B0 + B1*i + B2*s ; i + sqrt(Abs(r)),-0.10273483402513*i + 0.141844094632462*s - 0.156569821351797 ; i + sqrt(Abs(r))
1011,0.8978427543648306,B0 + i ; B1 + B2*r + i,i + 0.0260597254183606 ; i - 0.0011766674031287*r + 0.0277092471448453
1012,0.8977775991848773,B0*sqrt(Abs(i))*sqrt(Abs(s)) ; B1*i - r,0.00392060885448915*sqrt(Abs(i))*sqrt(Abs(s)) ; -2.22817221057608*i - r
1013,0.8977771871957142,B0*s + B0*sqrt(Abs(i)) ; i,0.040901115647256*s + 0.040901115647256*sqrt(Abs(i)) ; i
1014,0.897773269806666,B0*i + B0*s ; B1*i + B2*i*r,0.0426144622321987*i + 0.0426144622321987*s ; 0.936644319122654*i*r + 0.000159239359629567*i
1015,0.8977671454191404,B0 + B1*sqrt(Abs(i)) + B2*i ; sqrt(Abs(B4 + Abs(B3 - r)**(1/4))),0.00305331210269858*i + 0.0358542968094836*sqrt(Abs(i)) - 0.0524339566041447 ; sqrt(Abs(r - 5.38427731055765)**(1/4) + 11.5037338654281)
1016,0.8977100847686549,B0*i**2 + B1*s ; B2*i + Abs(i)**(9/8),1.79421167732247*i**2 + 0.0282240998623461*s ; -0.44987860718944*i + Abs(i)**(9/8)
1017,0.8976604780107954,B0*sqrt(Abs(i - s)) ; B1 + r**2,0.027902217064872*sqrt(Abs(i - s)) ; r**2 + 0.000300962478717389
1018,0.8975738094450617,B0 + B1*s + B1*sqrt(Abs(i)) ; B2 + i - 2*r,-0.00814777220526345*s - 0.00814777220526345*sqrt(Abs(i)) + 0.0515323459634233 ; i - 2*r - 0.0134935892536348
1019,0.8975622003546347,B0 + B1*sqrt(Abs(i)) - i ; r,-i + 0.873714790959799*sqrt(Abs(i)) - 0.117030107436683 ; r
1020,0.8974613160435588,B0 + B1*i + B1*s ; B2*Abs(i)**(3/2),0.0507435509390056*i + 0.0507435509390056*s - 0.00734496516097902 ; 0.116134049175139*Abs(i)**(3/2)
1021,0.8973531854775213,B0 + B1*sqrt(Abs(i)) ; sqrt(Abs(B2 + r**2)),0.0255663402502371 - 0.00156185747756199*sqrt(Abs(i)) ; sqrt(Abs(r**2 - 8.23124438750808e-11))
1022,0.8973136561798103,B0 + B1*i + B2*s ; B3*sqrt(Abs(i)),0.012748728729141*i + 2.72981961192123*s - 1.51009334240544 ; -1.28676195853986*sqrt(Abs(i))
1023,0.8972963723807617,B0*i + i*sqrt(Abs(s)) ; i,i*sqrt(Abs(s)) + 0.197609346588766*i ; i
1024,0.8972874260293336,B0*sqrt(Abs(s)) + B1*s ; B2 + sqrt(Abs(B3 - 2*i)),2.73463762569342*s + 0.452502588403058*sqrt(Abs(s)) ; sqrt(Abs(2*i - 0.418708269944235)) + 7.81674827638313
1025,0.8971294436726411,B0*i ; B1*i + B2*i**2,2.09772586889427*i ; -19.7857682231115*i**2 + 2.49350929142898*i
1026,0.8970261299244172,B0 + B1*i ; B2 + 2*i - r,0.0111948902546987 - 0.0288151814777379*i ; 2*i - r + 0.415017140064543
1027,0.8969773846004716,B0*sqrt(Abs(i)) + B1*s ; B2 + r,0.0504754651509035*s + 0.00223508356698866*sqrt(Abs(i)) ; r + 0.0134452439257566
1028,0.8968682503471631,B0*i + B1*sqrt(Abs(s)) ; sqrt(Abs(i**2 + i*r)),0.000165323010767604*i + 0.0452370873775582*sqrt(Abs(s)) ; sqrt(Abs(i**2 + i*r))
1029,0.8967717177060053,B0 + B1*i + B2*s ; i - r + sqrt(Abs(i)),-0.724344734347173*i - 0.123580995090612*s + 0.153511516247161 ; i - r + sqrt(Abs(i))
1030,0.896767820137751,B0*i + B1*s**2 ; i,0.913930742612022*i + 0.00940435853431905*s**2 ; i
1031,0.8966563291092369,B0 + B1*i ; B2*i + B3*Abs(r)**(1/4),0.0422592845476489 - 0.000409337698253665*i ; -0.415346540328253*i + 0.121133592922702*Abs(r)**(1/4)
1032,0.8965877788984107,B0 + B1*i + B1*s ; B2 + i,0.0509286589822096*i + 0.0509286589822096*s - 0.0951713127177002 ; i - 1.98858594001112
1033,0.8965804598340102,B0*s*sqrt(Abs(i)) ; i*sqrt(Abs(B1*sqrt(Abs(i)) + i)),0.150796968117165*s*sqrt(Abs(i)) ; i*sqrt(Abs(i - 0.462374588282163*sqrt(Abs(i))))
1034,0.8965785210958401,B0 + B1*i + B1*s ; B2 + i + r,0.000471949542288151*i + 0.000471949542288151*s + 0.047304378574693 ; i + r + 2.00565750081432
1035,0.8965457295471874,B0*sqrt(Abs(i**2 + s)) ; B1 + B2*i,0.0500068361919102*sqrt(Abs(i**2 + s)) ; 0.0718038393083019*i + 0.0169505678092378
1036,0.8965072390727364,B0 + B1*i + B1*sqrt(Abs(i)) ; B2 + B3*i,-0.000371941544203637*i - 0.000371941544203637*sqrt(Abs(i)) + 0.042115198147093 ; 0.0471818260475899 - 0.400506500985226*i
1037,0.896490102576097,B0 + B1*s - s**2 ; r,-s**2 + 1.4264349131141*s - 0.436983993035954 ; r
1038,0.8964741200813485,B0*i + B1*s ; i + r,0.000175189679450069*i + 0.0459846057611807*s ; i + r
1039,0.8964718677195275,B0 + B1*i ; B2 + B3*i + r,0.118393303916736*i + 0.0226050023014564 ; 3.90424873032343*i + r - 0.586498523312479
1040,0.8964482585085491,B0 + B1*s ; B2*i + i**2,0.0432094095952264*s + 0.00628358310915212 ; i**2 + 0.023492592901621*i
1041,0.896448258416113,B0 + B1*s ; B2 + r + sqrt(2)*Abs(r)**(3/2),0.0432109714268873*s + 0.00628309536793064 ; r + sqrt(2)*Abs(r)**(3/2) + 6.71030835807593
1042,0.8964482584150614,B0 + B1*s ; B2*i**2*r,0.0432094869363265*s + 0.00628208496767898 ; 0.0220383340727175*i**2*r
1043,0.8964482583718459,B0 + B1*i ; B2*Abs(r)**(1/8),0.0494949845456157 - 0.0432077432765463*i ; 4.5454412877562*Abs(r)**(1/8)
1044,0.8964482583645749,B0 + B1*s ; B2 + B3*r - i,0.0432046271164838*s + 0.00628702464264313 ; -i + 0.000300776961214512*r + 88.2516570570956
1045,0.8964482581000487,B0 + B1*s ; B2 + i + 2*r,0.0432085032241453*s + 0.00628033039176592 ; i + 2*r + 0.142385369298609
1046,0.8964482573600626,B0 + B1*s ; i*sqrt(Abs(B2 + sqrt(Abs(i)))),0.0432097250892608*s + 0.00627732819254353 ; i*sqrt(sqrt(Abs(i)) + 0.00045000080674188)
1047,0.8964482572846828,B0*i + B1*s ; B2*Abs(r)**(1/4),0.00628921864287078*i + 0.0494876130309031*s ; 0.196278882315875*Abs(r)**(1/4)
1048,0.8964482571124504,B0 + B1*s ; Abs(B2*i + B3)**(1/4),0.0432023361387376*s + 0.00629311896322787 ; Abs(0.0338661617619461*i + 6.08537607765666)**(1/4)
1049,0.8964482570866967,B0 + B1*i ; B2*r + i*r,0.0495015547058143 - 0.0432167271076584*i ; i*r + 0.00413341535625818*r
1050,0.8964482554453466,B0 + B1*s ; Abs(B2 + B3*r)**(1/4),0.0432086992346832*s + 0.00629509386066525 ; Abs(0.000449546056588188*r + 0.000122804655629005)**(1/4)
1051,0.8964482554244648,B0*i + B1*s ; B2*sqrt(Abs(r)),0.00629075969243069*i + 0.049483614098358*s ; 0.558859922504063*sqrt(Abs(r))
1052,0.8964482539334113,B0 + B1*s ; B2*i - i*r,0.043192165101473*s + 0.00628454444241712 ; -i*r + 0.953309842705829*i
1053,0.8964482532305095,B0*i + B1*s ; B2*Abs(r)**(1/8),0.00626826902819009*i + 0.0494874263505722*s ; 15.519895418294*Abs(r)**(1/8)
1054,0.8964482505150508,B0 + B1*s ; B2*i + i*r,0.0432253714649301*s + 0.00626519819009715 ; i*r + 0.0132681620190888*i
1055,0.896448137833194,B0 + B1*i ; Abs(i)**(1/4)*Abs(r)**(1/4),3.11430204375837 - 2.72180378389078*i ; Abs(i)**(1/4)*Abs(r)**(1/4)
1056,0.8964480872845623,B0*i + B1*s ; Abs(r)**(1/4),0.00633174801381881*i + 0.0494278626408662*s ; Abs(r)**(1/4)
1057,0.8964480809785101,B0*i + B1*s ; i*r + r,0.00633260794723118*i + 0.0494266839370953*s ; i*r + r
1058,0.8964480797312336,B0*i + B1*s ; -i*r + r,0.00633277623497343*i + 0.0494264533213023*s ; -i*r + r
1059,0.8964480797001435,B0*i + B1*s ; sqrt(Abs(r)),0.00633278036439675*i + 0.0494264475251644*s ; sqrt(Abs(r))
1060,0.8964480787549484,B0 + B1*s ; r + sqrt(Abs(r - sqrt(Abs(i)))),0.0430933658308514*s + 0.00633291066075389 ; r + sqrt(Abs(r - sqrt(Abs(i))))
1061,0.8964480741554682,B0*i + B1*s ; i*r,0.00633352129103292*i + 0.0494254319474242*s ; i*r
1062,0.8964480686031548,B0 + B1*s ; Abs(i)**(1/4)*Abs(r)**(1/4),0.0433259432507824*s + 0.00623500796287264 ; Abs(i)**(1/4)*Abs(r)**(1/4)
1063,0.8964480586643075,B0*i + B1*s ; Abs(i)**(1/8)*Abs(r)**(5/8),0.00623372343454866*i + 0.0495627171886359*s ; Abs(i)**(1/8)*Abs(r)**(5/8)
1064,0.8964480580693791,B0 + B1*s ; -r**2 - 2*r,2.72178581820085*s + 0.391504330915929 ; -r**2 - 2*r
1065,0.8964480480776201,B0*i + B1*s ; 2*r,0.00623239327848391*i + 0.049564554214772*s ; 2*r
1066,0.8964480401694747,B0 + B1*s ; i*Abs(i + r)**(1/4),0.0433344752040694*s + 0.0062314242749431 ; i*Abs(i + r)**(1/4)
1067,0.8964480369960861,B0*i + B1*s ; -i*r + 2*r,0.00623103619035516*i + 0.0495664282971932*s ; -i*r + 2*r
1068,0.8964480329951564,B0*i + B1*s ; 2**(1/4)*Abs(i)**(1/4)*Abs(r)**(1/4),0.0063387052829663*i + 0.0494183281345545*s ; 2**(1/4)*Abs(i)**(1/4)*Abs(r)**(1/4)
1069,0.8964480053869712,B0*i + B1*s ; r,0.00634192030754239*i + 0.0494139237424301*s ; r
1070,0.8964377351091309,B0*i + B1*s ; sqrt(Abs(i)),-6.26449898341261e-5*i + 0.0492473691554499*s ; sqrt(Abs(i))
1071,0.8963639905921897,B0 + B1*i + B1*s ; sqrt(Abs(B2 + B3*i*sqrt(Abs(r)))),0.000415633822101836*i + 0.000415633822101836*s + 0.042380228425577 ; sqrt(Abs(0.268029656030892*i*sqrt(Abs(r)) + 0.076590678249783))
1072,0.8962728248604321,B0 + B1*i + B1*sqrt(Abs(s)) ; B2 + r,0.000397291158082141*i + 0.000397291158082141*sqrt(Abs(s)) + 0.0414474074942521 ; r + 5.63831586500573e-8
1073,0.8961886501608025,B0*i ; B1 - r,0.000120428088990489*i ; -r - 250.109574520764
1074,0.8961886501608025,B0*i ; B1 - i,0.00012042808898967*i ; -i - 150.101624698717
1075,0.8961886501608025,B0*i ; B1 + r,0.00012042808899023*i ; r - 150.121636256752
1076,0.8961726609008902,B0 - i ; i,0.0241184423484968 - i ; i
1077,0.8961554262573843,B0*i ; B1 + i*sqrt(Abs(B2 - r)) + i,-0.586824448983651*i ; i*sqrt(Abs(r - 2.30489290333125)) + i - 0.0123781905995299
1078,0.8960828865649899,B0*i ; B1 + i,0.253026687193306*i ; i - 0.0355954484566828
1079,0.8960301841557234,Abs(i)**(3/2) ; B0 + i,Abs(i)**(3/2) ; i + 0.0648786322351175
1080,0.8960203321356123,B0 + B1*i ; B2 + i*r + Abs(i)**(3/2),-0.112582327916618*i - 0.00531230305083081 ; i*r + Abs(i)**(3/2) + 0.0449302011682824
1081,0.8960089027774731,B0*i + B1*s ; Abs(i)**(1/4),4.31076251259966e-5*i + 0.0467431025766529*s ; Abs(i)**(1/4)
1082,0.8959843581395656,B0*i + B2*sqrt(Abs(B1 + i)) ; B3 + B4*r,-0.21801117281324*i - 0.0989365605613807*sqrt(Abs(i - 0.0200000001971957)) ; 0.1782993459602 - 0.138133659166623*r
1083,0.895963671786015,i**2 ; B0 + i,i**2 ; i + 0.122222223818337
1084,0.8959473061965867,B0*i + B1*sqrt(Abs(s)) ; B2*sqrt(Abs(r)) + i + r,0.0120135451132341*i + 0.043968689410128*sqrt(Abs(s)) ; i + r - 0.622727922573167*sqrt(Abs(r))
1085,0.8959097103298425,B0 + i ; 2*i,i + 0.00593703890315721 ; 2*i
1086,0.895877134151235,B0*i + B0*s ; B1 - sqrt(Abs(i))*sqrt(Abs(r)),0.0514051434421466*i + 0.0514051434421466*s ; -sqrt(Abs(i))*sqrt(Abs(r)) + 0.16344363682749
1087,0.8958655644043902,B0*i + B1*s ; 2*i - r,0.00209991576654267*i + 0.0486752075352443*s ; 2*i - r
1088,0.8958117050363715,B0*sqrt(Abs(i + sqrt(2)*sqrt(Abs(s)))) ; B1,0.0342452380751582*sqrt(Abs(i + sqrt(2)*sqrt(Abs(s)))) ; 0.0332121038528957
1089,0.8958060601838044,B0*i + B1*s ; sqrt(Abs(B2 - i + 2*r)),-0.00021328776153486*i + 0.0495670623848743*s ; sqrt(Abs(-i + 2*r + 2.33401573593581))
1090,0.8957626020511025,B0 + B1*sqrt(Abs(i)) ; sqrt(Abs(B2 + r)),0.0507189159515743 - 0.00446125771429052*sqrt(Abs(i)) ; sqrt(Abs(r - 0.132375900016076))
1091,0.8957604434909874,B0*s ; B1 + 3*i,0.047667151243119*s ; 3*i + 0.135818125521194
1092,0.8957604434909743,B0*s ; B1 - r**2 + r,0.0476670698278268*s ; -r**2 + r + 0.000740390570304147
1093,0.8957604434909537,B0*s ; B1 + B2*r - i,0.0476671719088882*s ; -i + 0.000121765719578657*r + 14.3496738621858
1094,0.8957604434908808,B0*s ; B1 + 3*r,2.7189181827101*s ; 3*r + 0.408758512548617
1095,0.8957604434907211,B0*s ; B1 - sqrt(2)*sqrt(Abs(i))*sqrt(Abs(r)),0.0476669867343221*s ; -sqrt(2)*sqrt(Abs(i))*sqrt(Abs(r)) + 0.00123521247716761
1096,0.8957604434901769,B0*s ; B1 + i - r**2,0.0476673330407681*s ; i - r**2 + 0.00260737709036405
1097,0.8957604434889125,B0*s ; B1 + i + 2*r,0.0476674608639674*s ; i + 2*r + 36.6877720308281
1098,0.895760443488484,B0*s ; B1 + B2*r + i,0.0476667356845714*s ; i + 6.29652664285919*r + 0.00140964079643557
1099,0.8957604434863236,B0*s ; B1 + B2*i - r,0.0476665983086104*s ; 0.000859080165008827*i - r + 0.460841613166519
1100,0.8957604434858166,B0*s ; B1*i*r + r,0.0476676591390788*s ; 0.296050966828866*i*r + r
1101,0.8957604434851902,B0*s ; B1 - 2*i + r,2.7189178588452*s ; -2*i + r + 38.8317233257601
1102,0.8957604434828477,B0*s ; B1 - r - Abs(r)**(3/2),0.0476664330855709*s ; -r - Abs(r)**(3/2) + 0.000230254016822217
1103,0.8957604434805561,B0*s ; B1 + Abs(r)**(1/8),0.0476678869557959*s ; Abs(r)**(1/8) + 3.89233789650013
1104,0.8957604434798246,B0*s ; B1*r - r**2,0.047667913503374*s ; -r**2 + 2.34546958124749*r
1105,0.8957604434770915,B0*s ; B1*Abs(r)**(3/2) + r,0.0476662245057552*s ; r + 0.025112676634055*Abs(r)**(3/2)
1106,0.8957604434765049,B0*s ; B1 + Abs(i)**(3/4)*Abs(r)**(1/4),0.0476680242928522*s ; Abs(i)**(3/4)*Abs(r)**(1/4) + 0.0174097444179726
1107,0.8957604434737889,B0*s ; B1 + Abs(B2 + i)**(1/4),0.0476681057582751*s ; Abs(i + 0.00108972675792281)**(1/4) + 0.00257403571648818
1108,0.8957604434701569,B0*s ; B1*r + r**2,0.0476682052279491*s ; r**2 + 4.56741462956124*r
1109,0.8957604434700519,B0*s ; B1 + 2*i + r,0.0476660222522582*s ; 2*i + r + 0.275242051177523
1110,0.8957604434557195,B0*s ; B1 + r - Abs(i)**(3/2),0.0476656969875452*s ; r - Abs(i)**(3/2) + 0.000196591366151377
1111,0.8957604434506843,B0*s ; B1 + i - Abs(r)**(1/4),0.0476686310406897*s ; i - Abs(r)**(1/4) + 1.63593722414841
1112,0.8957604434342145,B0*s ; sqrt(Abs(B1*i + sqrt(Abs(i)))),0.0476689141688693*s ; sqrt(Abs(0.000243755965883369*i + sqrt(Abs(i))))
1113,0.8957604434017358,B0*s ; B1 + i - 2*r,0.0476648595966318*s ; i - 2*r + 1.33691985096059
1114,0.8957604434013672,B0*s ; B1 - i + 2*r,0.0476648549470109*s ; -i + 2*r + 0.522690277878548
1115,0.8957604433976238,B0*s ; B1 + i + r**2,0.04766480823923*s ; i + r**2 + 0.863053339378555
1116,0.8957604433950801,B0*s ; B1 - i*r + i,0.0476694532248238*s ; -i*r + i + 12.0080044271244
1117,0.895760443318548,B0*s ; B1 + i**2 - r,0.0476702501033621*s ; i**2 - r + 0.724227031948516
1118,0.895760443259623,B0*s ; B1 - i + Abs(i)**(1/4),0.0476707463947326*s ; -i + Abs(i)**(1/4) + 89.2174346047704
1119,0.8957604432050734,B0*s ; B1 + sqrt(2)*sqrt(Abs(i))*sqrt(Abs(r)),0.0476711518070554*s ; sqrt(2)*sqrt(Abs(i))*sqrt(Abs(r)) + 2.59153337786773
1120,0.8957604432038315,B0*s ; B1*r + i*r,0.0476630697744281*s ; i*r + 0.00614139052559268*r
1121,0.8957604432009127,B0*s ; B1*sqrt(Abs(r + sqrt(Abs(i)))),0.0476711810711417*s ; 0.000728037028904439*sqrt(Abs(r + sqrt(Abs(i))))
1122,0.8957604431715909,B0*s ; sqrt(Abs(-B1 + r + sqrt(Abs(i)))),2.71892105934426*s ; sqrt(Abs(r + sqrt(Abs(i)) - 0.00520674998801955))
1123,0.8957604431699393,B0*s ; B1 + i*r - r,0.0476628377230402*s ; i*r - r + 0.939643313475068
1124,0.895760443109973,B0*s ; B1*i + B2*r,0.0476624553764021*s ; 15.0817836317379*i + 0.390760590415699*r
1125,0.8957604431047742,B0*s ; B1*Abs(r)**(1/4) - i,2.71892134027439*s ; -i + 0.000944749295334909*Abs(r)**(1/4)
1126,0.8957604427771317,B0*s ; B1*sqrt(Abs(i))*sqrt(Abs(r)),2.71892245504214*s ; 93.6796276611005*sqrt(Abs(i))*sqrt(Abs(r))
1127,0.895760442757199,B0*s ; B1 + sqrt(Abs(i + sqrt(Abs(i)))),2.71892251348805*s ; sqrt(Abs(i + sqrt(Abs(i)))) + 0.00085892390449867
1128,0.895760442719636,B0*s ; B1*i - i*r,0.0476737453311847*s ; -i*r + 1.56458522456853*i
1129,0.8957604426357593,B0*s ; B1*r - i*r,0.0476740965146052*s ; -i*r + 65.6693151743401*r
1130,0.8957604422354593,B0*s ; sqrt(Abs(B1*i + B1*r)),0.0476586567100611*s ; sqrt(Abs(0.309277953578666*i + 0.309277953578666*r))
1131,0.895760442010961,B0*s ; B1 + i - Abs(i)**(3/2),0.0476762992338111*s ; i - Abs(i)**(3/2) + 0.819974860452887
1132,0.8957604419340937,B0*s ; B1*sqrt(Abs(i - sqrt(Abs(r)))),0.0476765347154668*s ; 0.00058794388414677*sqrt(Abs(i - sqrt(Abs(r))))
1133,0.8957604411196215,B0*s ; B1 + 2*i - r,0.0476787404330195*s ; 2*i - r + 0.541353202804225
1134,0.8957604010052262,B0*s ; Abs(i)**(5/4)*sqrt(Abs(r)),0.0477163289104372*s ; Abs(i)**(5/4)*sqrt(Abs(r))
1135,0.8957603998690633,B0*s ; 2*r**2,0.0477169827339693*s ; 2*r**2
1136,0.8957603981847212,B0*s ; -2*i + Abs(i)**(1/4),0.0476163130815134*s ; -2*i + Abs(i)**(1/4)
1137,0.8957603978649384,B0*s ; -2*i + 2*r,0.0476161341446162*s ; -2*i + 2*r
1138,0.8957603926457727,B0*s ; i*Abs(r)**(5/2),0.0476132977952858*s ; i*Abs(r)**(5/2)
1139,0.8957603909187771,B0*s ; i**2 - Abs(i)**(3/2),0.0476123916414313*s ; i**2 - Abs(i)**(3/2)
1140,0.8957603909187771,B0*s ; -i*r + r**2,0.0476123916414313*s ; -i*r + r**2
1141,0.8957603909187771,B0*s ; sqrt(Abs(i - r + sqrt(Abs(r)))),0.0476123916414313*s ; sqrt(Abs(i - r + sqrt(Abs(r))))
1142,0.8957493017644739,B0*i + B1*s ; sqrt(Abs(i*r**2 - i)),-0.000192944666499641*i + 0.0465213484177951*s ; sqrt(Abs(i*r**2 - i))
1143,0.8957462198355558,B0 + B1*i ; B2 + sqrt(Abs(r + sqrt(Abs(i + r)))),0.000419643747916974*i + 0.04228639291091 ; sqrt(Abs(r + sqrt(Abs(i + r)))) - 0.477682148110608
1144,0.8955946570780042,B0 + B1*i ; sqrt(Abs(i + sqrt(Abs(i + sqrt(Abs(i)))))),0.000456335718599447*i + 0.0488307859863904 ; sqrt(Abs(i + sqrt(Abs(i + sqrt(Abs(i))))))
1145,0.8955376400432511,B0 + B1*i ; B2 - i**2 + i - r,0.0413845988460266 - 0.000395315136539381*i ; -i**2 + i - r - 0.378101255869375
1146,0.895525777518635,B0 + B1*sqrt(Abs(i)) ; sqrt(Abs(i)),0.0524289327022647 - 0.00463652703540894*sqrt(Abs(i)) ; sqrt(Abs(i))
1147,0.8955095442835049,B0 + B1*i ; B2 + B3*r + r**2,0.000397483191957409*i + 0.0418925752854626 ; r**2 + 0.00627440300853226*r + 0.00621379590809209
1148,0.8953894584132422,B0*i + Abs(i)**(3/2)*sqrt(Abs(s)) ; B1 + B2*r,0.262523330974004*i + Abs(i)**(3/2)*sqrt(Abs(s)) ; 0.0759480478300421 - 0.0313379514075932*r
1149,0.8953382542581397,B0*Abs(s)**(3/2) + B1*i*s ; B2*i + B3*r,0.399994729593998*i*s + 6.48497247932248e-7*Abs(s)**(3/2) ; 0.0999969169824221*i + 2.27164171791438e-7*r
1150,0.8953382542557741,B0 + B1*i + B2*i*s ; B3 + B4*i,0.40000541877851*i*s + 2.34297115417643e-6*i - 1.2421273348578e-8 ; 0.100009524100921*i - 4.35436654426386e-7
1151,0.895338254255675,B0*i**2 + B1*i*s ; B2*i + B3*i**2,1.75182036389352e-5*i**2 + 0.400021889491108*i*s ; 1.61611742914744e-5*i**2 + 0.100019475148543*i
1152,0.8953382542555977,B0*i**2 + B1*i*s ; B2*i,1.28404370632239e-5*i**2 + 0.4000234349404*i*s ; 0.100021963531175*i
1153,0.8953322120553119,B0*s*sqrt(Abs(i - s)) ; B2*sqrt(Abs(B1 + i)) - 2*i,0.00943146766083367*s*sqrt(Abs(i - s)) ; -2*i + 0.225803813011761*sqrt(Abs(i + 0.0254901078696417))
1154,0.895329666591406,B0*i + B1*sqrt(Abs(s)) ; B2 + i,0.0427743201634381*i + 0.047990473120655*sqrt(Abs(s)) ; i + 0.00787301590816559
1155,0.8953281635531022,B0 + B1*i + B2*s ; B3 + B4*Abs(i)**(3/2) + B5*r,0.182516174839736*i + 2.9193408612491*s - 2.29976323873136 ; 0.523619755453191*r + 0.139374489279775*Abs(i)**(3/2) - 0.0776798887689515
1156,0.8953207217461194,B0*s**2 + B1*i*s ; B2 + B3*i,-0.130367381224553*i*s - 0.0934114521658199*s**2 ; 2.69867808005621*i + 1.87186972608426
1157,0.8953195279673437,B0*s**2 + B1*i*s ; B2*i**2,0.306179939035105*i*s + 0.00185625341327331*s**2 ; 0.118815326478686*i**2
1158,0.8953008531520014,B0*i + B1*i**2 ; B2*i + B3*i*r - r,-0.695459108524674*i**2 + 0.432348998668325*i ; 0.402591515315475*i*r + 0.413370928811792*i - r
1159,0.8952994631440944,B0*Abs(s)**(3/2) + B1*s**2 ; B2*r,-0.636659065689354*s**2 + 0.637635946271253*Abs(s)**(3/2) ; 0.00264506854074312*r
1160,0.895268680013495,B0*Abs(i)**(3/2) + B1*i*s ; B2*i**2,0.330518978706182*i*s - 0.0099634244369562*Abs(i)**(3/2) ; 0.14722078595479*i**2
1161,0.8952605674595244,B1*sqrt(Abs(B0 + i - s)) ; B2 + B3*i*r,0.0423704238019276*sqrt(Abs(-i + s + 0.109239876481636)) ; -0.201546798573532*i*r + 0.0319165184844052
1162,0.895258922457812,B0*i**2 + B1*i*s ; B2*i**2,-0.00454029294814618*i**2 + 0.329866369528726*i*s ; 0.170945380988834*i**2
1163,0.8952573823140719,B1*sqrt(Abs(B0 + s)) ; r + sqrt(2)*sqrt(Abs(i))*sqrt(Abs(r)),0.0348030490459383*sqrt(Abs(s + 0.113146341518426)) ; r + sqrt(2)*sqrt(Abs(i))*sqrt(Abs(r))
1164,0.8952529971711869,B1*sqrt(Abs(B0 + s)) ; B2*i + i*r,0.0349204317548634*sqrt(Abs(s + 0.12053239937079)) ; i*r + 0.388987534889622*i
1165,0.8952470380391538,B0 + B1*i + B2*Abs(i)**(3/2) ; B3*Abs(i)**(1/4)*Abs(r)**(1/4),0.476465166612663*i - 0.483917543478655*Abs(i)**(3/2) - 0.00227856053983897 ; 0.0099258966002494*Abs(i)**(1/4)*Abs(r)**(1/4)
1166,0.8952457354397398,B0 + B1*i + B2*i*s ; B3 + i - r,0.60795515843144*i*s - 0.602079577690893*i + 0.00616753249191796 ; i - r + 0.933342101493932
1167,0.8952291882620218,B1*sqrt(Abs(B0 + s)) ; i*r + i - r,0.0349754550497281*sqrt(Abs(s + 0.0953025684872753)) ; i*r + i - r
1168,0.8952253787582516,B0 + B1*s + B2*i*s ; B3*Abs(i)**(1/4),0.220822866769711*i*s + 0.0208871455949787*s - 0.0188897941238395 ; -0.0199240371237418*Abs(i)**(1/4)
1169,0.8952245220714619,B0 + B1*s + B2*i*s ; B3 + i - r,0.528745868166264*i*s + 0.00788948001476236*s - 0.01240012142568 ; i - r - 0.0292877405814623
1170,0.8951869561858035,B0 + B1*i**2*s ; B2 + 2*i,86.7403450229532*i**2*s - 0.0035130644120232 ; 2*i + 0.0532123056988007
1171,0.8951825477574329,B1*sqrt(Abs(B0 + s)) ; i*r + 2*i,0.0339337155366237*sqrt(Abs(s + 0.102526290190644)) ; i*r + 2*i
1172,0.8951740431038316,B0 + B1*i + B2*i*s ; B3*sqrt(Abs(i)),0.321659106825851*i*s - 0.0197361934380283*i + 0.00387925682417765 ; 0.012292682187586*sqrt(Abs(i))
1173,0.8951715295502327,B0*s + B1*s**3 ; r,-0.176485074562042*s**3 + 0.175981536937411*s ; r
1174,0.8951715295484259,B0*s + B1*s**3 ; B2*r + r**2,-0.176486097752884*s**3 + 0.175982382843384*s ; r**2 + 0.0227804596290483*r
1175,0.8951655974587946,B0 + i**2 ; B1*i + B1*sqrt(Abs(r)) - r,i**2 - 0.0434019029367743 ; 1.38722046245531*i - r + 1.38722046245531*sqrt(Abs(r))
1176,0.8951646440561768,B0*i*s**2 ; B1*r*sqrt(Abs(i)) + B1*Abs(i)**(3/2),0.309284811802479*i*s**2 ; -0.254961897006759*r*sqrt(Abs(i)) - 0.254961897006759*Abs(i)**(3/2)
1177,0.8951605949409903,B0*s + s*Abs(B1 + s)**(1/4) ; B2*Abs(i)**(3/4),s*Abs(s - 1.70110158447676)**(1/4) - 0.913525934035409*s ; 11.6393298213856*Abs(i)**(3/4)
1178,0.895134736654206,B0 + B1*i**2 + B2*s ; Abs(r)**(3/2),-0.284654280349814*i**2 - 0.266114572040342*s + 0.270218292070435 ; Abs(r)**(3/2)
1179,0.8951347366541309,B0 + B1*s + B2*s**2 ; i - r - sqrt(Abs(i - sqrt(Abs(r)))),-0.284654104501412*s**2 + 0.303193746243553*s - 0.0144359172935186 ; i - r - sqrt(Abs(i - sqrt(Abs(r))))
1180,0.8951347366541276,B0 + B1*s + B2*s**2 ; i,-0.284654096928029*s**2 + 0.303193736426482*s - 0.0144359147202794 ; i
1181,0.8951347366540331,B0 + B1*i + B2*i*s ; r,0.284653928106387*i*s - 0.0185396070034706*i + 0.00410373294705247 ; r
1182,0.8951347366539912,B0 + B1*s + B2*s**2 ; r,-0.284653743798982*s**2 + 0.303193303307014*s - 0.014435810902099 ; r
1183,0.8951347366539236,B0 + B1*i + B2*s**2 ; 3*r,-0.303193195525071*i - 0.284653654387437*s**2 + 0.288757406523429 ; 3*r
1184,0.8951347366535938,B0 + B1*s + B2*i*s ; r,0.284653265316101*i*s + 0.0185394368769118*s - 0.014435668153089 ; r
1185,0.895134736652173,B0 + B1*i + B2*s**2 ; i*r**2,-0.303190940852446*i - 0.284651846935043*s**2 + 0.288755702887578 ; i*r**2
1186,0.8951347366521517,B0 + B1*s + B2*i*s ; B3*Abs(r)**(5/16),0.284654788695171*i*s + 0.0185388962159281*s - 0.0144352869160851 ; 0.0573955832075401*Abs(r)**(5/16)
1187,0.8951347366508684,B0 + B1*i + B2*i*s ; B3*Abs(r)**(5/8),0.284650686480952*i*s - 0.0185383966561478*i + 0.0041039076974596 ; 0.000452640018177825*Abs(r)**(5/8)
1188,0.8951347366507749,B0 + B1*s + B2*i*s ; B3*r + r**2,0.284650810906432*i*s + 0.0185381765388903*s - 0.0144342150243053 ; r**2 + 0.00532942242084185*r
1189,0.8951347366449017,B0 + B1*s + B2*s**2 ; B3 - i,-0.284662540418003*s**2 + 0.303205161379628*s - 0.0144394223989082 ; 2.97064536470465 - i
1190,0.8951347366043056,B0 + B1*s + B2*i*s ; B3*sqrt(Abs(r)),0.284637529279647*i*s + 0.0185341733811515*s - 0.0144294490440884 ; 0.00229186123231946*sqrt(Abs(r))
1191,0.8951295447841909,B0 + B1*sqrt(Abs(s)) ; B2 + i - sqrt(Abs(i + r)),0.0500014982819994*sqrt(Abs(s)) - 0.000456902803390099 ; i - sqrt(Abs(i + r)) + 2.02590511185517
1192,0.895114528163481,B0 + B1*s + B2*i*s ; Abs(B3*r + B4)**(1/4),-0.0017009088119161*i*s + 0.0049845577540621*s - 0.00374195682559039 ; Abs(83.402897445291*r - 498.414564077736)**(1/4)
1193,0.8951125493827321,B0*i**2 + B1*i*s ; i**2,0.431958394593995*i**2 + 0.333362578823053*i*s ; i**2
1194,0.8950967708087806,B0 + B1*i + B2*s ; B3*i - i*r + Abs(i)**(3/2),-2.85723584665432*i - 0.559240004304915*s + 0.649031779997217 ; -i*r + 0.278646467039324*i + Abs(i)**(3/2)
1195,0.8950947673611804,B0 + B1*i*s ; B2 + B3*r + B4*r**2,0.263776976291664*i*s - 0.0102442740045125 ; -16.6785133018954*r**2 - 2.68838716196543*r - 0.108416313833319
1196,0.8950717900757378,B0*i + B1*sqrt(Abs(s)) ; B2*sqrt(Abs(r)),-0.000358100316865841*i + 0.0489214441715117*sqrt(Abs(s)) ; 0.000403128390390578*sqrt(Abs(r))
1197,0.8950655995534077,B1*sqrt(Abs(B0 + i)) ; B2 + sqrt(Abs(B3 + B4*r)),0.00691859331506472*sqrt(Abs(i + 51.2436559185207)) ; sqrt(Abs(0.154055049574042*r - 8.04351872903629)) - 0.027323297703477
1198,0.8950611715123654,B0*i*s ; B1 + B2*r + i*r**2,0.194319288418948*i*s ; i*r**2 + 0.0810550203328775*r - 0.0130138574020411
1199,0.895059248645937,B0*i + B1*sqrt(Abs(s)) ; r,-0.000373584897944112*i + 0.0487587285193363*sqrt(Abs(s)) ; r
1200,0.8950584500868256,B0*i + B1*sqrt(Abs(s)) ; B2 - r,-0.000387147272798088*i + 0.0487503530361877*sqrt(Abs(s)) ; 0.0298548782628811 - r
1201,0.8950562636387944,B1*sqrt(Abs(B0 + s)) ; B2*r + Abs(r)**(3/2),0.0339198579583527*sqrt(Abs(s + 0.0351969637413612)) ; 6.82479485288264*r + Abs(r)**(3/2)
1202,0.895053933677563,B0*i + B1*sqrt(Abs(s)) ; sqrt(Abs(B2 + r)),3.50174116754152e-6*i + 0.0483047217002638*sqrt(Abs(s)) ; sqrt(Abs(r - 0.0530692596208591))
1203,0.8950491896250494,B0*i ; B1*sqrt(Abs(r)) + i,1.00421243269524*i ; i + 0.00055015530150531*sqrt(Abs(r))
1204,0.8950356978090558,B0*i + B1*sqrt(Abs(s)) ; Abs(i)**(1/8)*sqrt(Abs(r)),-0.000360429642705939*i + 0.0482941722547697*sqrt(Abs(s)) ; Abs(i)**(1/8)*sqrt(Abs(r))
1205,0.8950309873328406,B0*i + B1*sqrt(Abs(s)) ; sqrt(2)*i*r,-0.000354274533008076*i + 0.0482031891939425*sqrt(Abs(s)) ; sqrt(2)*i*r
1206,0.895028202841553,B0*i + B1*sqrt(Abs(s)) ; B2*i*r + sqrt(Abs(r)),-0.000348327429955088*i + 0.0481417525453803*sqrt(Abs(s)) ; 0.884658897708804*i*r + sqrt(Abs(r))
1207,0.8950272810470035,B0*i + B1*sqrt(Abs(s)) ; sqrt(Abs(r)),-0.000408858321346655*i + 0.048424373931869*sqrt(Abs(s)) ; sqrt(Abs(r))
1208,0.8950207233917661,B0*sqrt(Abs(i)) ; B1 + B2*i - r,0.0332519409304709*sqrt(Abs(i)) ; -0.0123133219004464*i - r + 0.886466740531083
1209,0.8950156979042697,B0*i**2 + B1*s ; B2*i**2 + B3*i*r,7.49800312093894*i**2 + 0.00749096048979585*s ; 7.10812673170354*i**2 + 0.194261848140758*i*r
1210,0.8949911471074722,B0*i + B1*sqrt(Abs(s)) ; B2*sqrt(Abs(i))*Abs(r)**(1/4),-0.000367096382517627*i + 0.0478053479826353*sqrt(Abs(s)) ; 0.0832765654320557*sqrt(Abs(i))*Abs(r)**(1/4)
1211,0.8949885561483484,B0*s**2 + B1*i*s ; sqrt(Abs(B2 - i)),-0.00172948187266614*i*s + 0.00153904207630747*s**2 ; sqrt(Abs(i - 8.58814284063651))
1212,0.8949761149409982,B0 + B2*sqrt(Abs(B1 + s)) ; r,0.0498335306522354*sqrt(Abs(s + 0.034766014352295)) - 0.000382742382600973 ; r
1213,0.8949442466650795,B0*s + B1*i*s ; B2 + r*Abs(i)**(3/2) - 2*r,0.259189505353641*i*s + 0.00711375954888276*s ; r*Abs(i)**(3/2) - 2*r + 0.0132627736970757
1214,0.8949436224394599,B0*s**2 + B1*i*s ; i*r,0.26354926101801*i*s + 0.00568922726854291*s**2 ; i*r
1215,0.894943622439425,B0*s**2 + B1*i*s ; r,0.263549223203009*i*s + 0.00568923120080417*s**2 ; r
1216,0.894943622437835,B0*s + B1*s**2 ; B2 + B3*i - i*r + r,-0.257862495531325*s**2 + 0.263551517844956*s ; -i*r + 0.684631518768327*i + r + 0.0504705001395955
1217,0.8949436224358542,B0*s**2 + B1*i*s ; sqrt(Abs(r)),0.263547831312118*i*s + 0.00568932844450583*s**2 ; sqrt(Abs(r))
1218,0.8949436224215069,B0*s**2 + B1*i*s ; i*r - r*sqrt(Abs(B2 + i)),0.263546703326605*i*s + 0.00568976763800306*s**2 ; i*r - r*sqrt(Abs(i + 7.62730184972269))
1219,0.8949285417185848,B0*i + B0*s ; B1 + i**2 - i,0.0398586100628599*i + 0.0398586100628599*s ; i**2 - i + 0.0563970405014054
1220,0.8949249915593537,B0*i*s ; sqrt(Abs(B1 - i - 2*r + sqrt(Abs(r)))),-0.00172191647306629*i*s ; sqrt(Abs(i + 2*r - sqrt(Abs(r)) + 12.3673775185783))
1221,0.8948886974440111,B0*i + B1*i*sqrt(Abs(s)) ; Abs(B2*i*r + B3*i)**(1/4),-0.00148966229455479*i*sqrt(Abs(s)) + 0.000374331772441579*i ; Abs(10.4303844058499*i*r - 306.509573805564*i)**(1/4)
1222,0.8948880831958569,B0*sqrt(Abs(s)) ; B1*Abs(i)**(1/4) + r,0.0341022605795161*sqrt(Abs(s)) ; r + 0.0337810435977287*Abs(i)**(1/4)
1223,0.8948758878607588,B0*sqrt(Abs(s)) ; sqrt(Abs(B1 + B2*sqrt(Abs(i)))),0.0341022608610504*sqrt(Abs(s)) ; sqrt(0.00596298743215967*sqrt(Abs(i)) + 0.137426528459453)
1224,0.8948749935494036,B0*sqrt(Abs(s)) ; B1*i**3,0.0335176368534596*sqrt(Abs(s)) ; 0.000780126256914682*i**3
1225,0.894872184716889,B0*sqrt(Abs(s)) ; B1*r + r**2,0.0341022603308708*sqrt(Abs(s)) ; r**2 + 0.42363293322466*r
1226,0.8948603849965064,B0*sqrt(Abs(s)) ; B1 + sqrt(Abs(i + sqrt(Abs(r)))),0.0335176364939865*sqrt(Abs(s)) ; sqrt(Abs(i + sqrt(Abs(r)))) + 0.21288553080883
1227,0.8948471765982005,B0*i + B0*sqrt(Abs(s)) ; i,0.0327369802587648*i + 0.0327369802587648*sqrt(Abs(s)) ; i
1228,0.8948470728729295,B0*sqrt(Abs(s)) ; i*r + i - r,0.0341022578538393*sqrt(Abs(s)) ; i*r + i - r
1229,0.8948462746515763,B0*sqrt(Abs(s)) ; -i + Abs(r)**(1/8),0.0341022576699116*sqrt(Abs(s)) ; -i + Abs(r)**(1/8)
1230,0.8948449750176775,B0*sqrt(Abs(s)) ; B1 + B2*i**2,0.0335176390489645*sqrt(Abs(s)) ; 0.441181108407434*i**2 + 0.000922071001690895
1231,0.8948449100484749,B0*i + B1*s*sqrt(Abs(i)) ; i,0.881728996233086*i + 0.0531203371353587*s*sqrt(Abs(i)) ; i
1232,0.894838043894072,B0*sqrt(Abs(s)) ; B1 + i - Abs(r)**(3/2),0.034102255005371*sqrt(Abs(s)) ; i - Abs(r)**(3/2) + 0.0288260316934309
1233,0.8948355972089655,B0*sqrt(Abs(s)) ; B1*i**2 + r,0.0335176318323822*sqrt(Abs(s)) ; 1.41219520641158*i**2 + r
1234,0.8948327937381493,B0*sqrt(Abs(s)) ; B1*i + r**2,0.0335176303903905*sqrt(Abs(s)) ; 0.00205586796636487*i + r**2
1235,0.8948291498890579,B0*sqrt(Abs(s)) ; B1 + i*r - i,0.0341022712572889*sqrt(Abs(s)) ; i*r - i + 3.28152404331212
1236,0.8948261966051012,B0*sqrt(Abs(s)) ; sqrt(Abs(B1 + B2*sqrt(Abs(r)))),0.0339697211313749*sqrt(Abs(s)) ; sqrt(0.083157849269782*sqrt(Abs(r)) + 0.000174192408999379)
1237,0.8948260813425966,B0*sqrt(Abs(s)) ; -i + 2*sqrt(Abs(r)),0.0339697212425136*sqrt(Abs(s)) ; -i + 2*sqrt(Abs(r))
1238,0.8948260334506855,B0*sqrt(Abs(s)) ; B1 + 2*i + r,0.0339697213008779*sqrt(Abs(s)) ; 2*i + r + 0.541131294949072
1239,0.8948252628125795,B0*s**2 + B1*i*s ; B2 + i - sqrt(Abs(B3 + i)),0.385153278656255*i*s + 0.00493818515548883*s**2 ; i - sqrt(Abs(i + 0.153425165391233)) + 0.4068928672862
1240,0.894825226391006,B0*sqrt(Abs(s)) ; B1 + 2*i - r,0.0339697186154613*sqrt(Abs(s)) ; 2*i - r + 0.236655308781597
1241,0.8948247488685809,B0*sqrt(Abs(s)) ; sqrt(Abs(B1 + i + sqrt(Abs(i)))),0.0339697162972536*sqrt(Abs(s)) ; sqrt(Abs(i + sqrt(Abs(i)) + 0.00131439764203561))
1242,0.8948193411173816,B0 + B1*i + B2*i*s ; B3*Abs(i)**(1/4),-0.0017032736237635*i*s + 3.2439974164135e-5*i + 0.000393710614432299 ; 2.75537220345391*Abs(i)**(1/4)
1243,0.8948109053784707,B0*sqrt(Abs(s)) ; B1 + B2*i - r,0.0339045965520125*sqrt(Abs(s)) ; 3.3564700828581*i - r + 0.000953431847638668
1244,0.8948106844555074,B0*sqrt(Abs(s)) ; B1*i + B2*r,0.0339045960744839*sqrt(Abs(s)) ; 2.86515243265754*i + 6.19805845696833*r
1245,0.894810503169826,B0*sqrt(Abs(s)) ; B1*r - r**2,0.0339045978876437*sqrt(Abs(s)) ; -r**2 + 3.14141561657676*r
1246,0.894810406063778,B0*sqrt(Abs(s)) ; B1 + B2*i + r,0.0339045945672149*sqrt(Abs(s)) ; 0.192678034517568*i + r + 0.00106657828286235
1247,0.8948103775032655,B0*sqrt(Abs(s)) ; B1 + B2*i*r,0.033904594353879*sqrt(Abs(s)) ; 0.000121405007847968*i*r + 1.24765104576728
1248,0.8948102948713786,B0*sqrt(Abs(s)) ; B1*r + Abs(r)**(3/2),0.0339045994625817*sqrt(Abs(s)) ; 0.0260007076852476*r + Abs(r)**(3/2)
1249,0.8948100656031305,B0*sqrt(Abs(s)) ; i**2 + i*r,0.0339045913167775*sqrt(Abs(s)) ; i**2 + i*r
1250,0.8948073174393097,B0*sqrt(Abs(s)) ; B1*i - i*r,0.033963073334821*sqrt(Abs(s)) ; -i*r + 0.220003921515294*i
1251,0.8948065716026951,B0*sqrt(Abs(s)) ; B1 + B2*r - i,0.0339630587608918*sqrt(Abs(s)) ; -i + 0.00416992046034396*r + 1.96382916774242
1252,0.8948065131932235,B0*sqrt(Abs(s)) ; B1 - i + 2*r,0.0339044681339542*sqrt(Abs(s)) ; -i + 2*r + 47.6612573638522
1253,0.8948049365630719,B0*sqrt(Abs(s)) ; -r*sqrt(Abs(i)) + sqrt(Abs(r)),0.0339644996246956*sqrt(Abs(s)) ; -r*sqrt(Abs(i)) + sqrt(Abs(r))
1254,0.8948047529579554,B0*sqrt(Abs(s)) ; B1*i + Abs(i)**(3/2),0.0333895940866949*sqrt(Abs(s)) ; 0.00165504017028299*i + Abs(i)**(3/2)
1255,0.8948044629672837,B0*sqrt(Abs(s)) ; B1 + i*Abs(r)**(3/2),0.0333895946453509*sqrt(Abs(s)) ; i*Abs(r)**(3/2) + 0.000648619067631056
1256,0.8948043385814253,B0*sqrt(Abs(s)) ; sqrt(Abs(B1 + r - sqrt(Abs(r)))),0.0333895933787284*sqrt(Abs(s)) ; sqrt(Abs(r - sqrt(Abs(r)) + 0.0127918345008833))
1257,0.8948028564107258,B0*sqrt(Abs(s)) ; B1 + Abs(B2 + i)**(1/4),0.0339642870941091*sqrt(Abs(s)) ; Abs(i + 0.000116002533627882)**(1/4) + 35.8262258218776
1258,0.8948022171140202,B0*sqrt(Abs(s)) ; B1 + i*r + i,0.0333895771945842*sqrt(Abs(s)) ; i*r + i + 3.99570895034515
1259,0.8947796763409979,B0*s + B1*sqrt(Abs(i))*sqrt(Abs(s)) ; i,-0.0528779650328485*s + 0.510742956382055*sqrt(Abs(i))*sqrt(Abs(s)) ; i
1260,0.8947728093998405,B0*i*Abs(s)**(3/2) ; i*Abs(r)**(3/2) + Abs(r)**(5/2),0.343697391362299*i*Abs(s)**(3/2) ; i*Abs(r)**(3/2) + Abs(r)**(5/2)
1261,0.8947525682230477,B0*sqrt(Abs(s)) ; r**2 + Abs(i)**(3/2),0.0329527183076521*sqrt(Abs(s)) ; r**2 + Abs(i)**(3/2)
1262,0.8947169960804724,B0 + B1*i*s ; Abs(-r**2 + r + Abs(r)**(3/2))**(1/4),0.251840368701996*i*s + 0.00579467559195034 ; Abs(-r**2 + r + Abs(r)**(3/2))**(1/4)
1263,0.8946845275436728,B0 + i ; B1 + B2*i*r**2 + i,i - 0.0145959301396713 ; 0.431900904363368*i*r**2 + i - 0.0204982936717932
1264,0.8946820121167757,B0 + i**2 ; B1 + B2*r + B2*sqrt(Abs(i)),i**2 - 0.0123254249889275 ; -0.0757565135274314*r - 0.0757565135274314*sqrt(Abs(i)) + 0.121701926670977
1265,0.8946700405853693,B0*sqrt(Abs(i)) ; B1*r*sqrt(Abs(i)) + i,0.233235461923752*sqrt(Abs(i)) ; i + 0.200623570172562*r*sqrt(Abs(i))
1266,0.894652680454058,B0 + B1*sqrt(Abs(i)) + B2*sqrt(Abs(s)) ; sqrt(Abs(B3*r + i*r)),0.254265850556995*sqrt(Abs(i)) + 0.298559395862118*sqrt(Abs(s)) - 0.329257946475051 ; sqrt(Abs(i*r + 6.83944407763726*r))
1267,0.8946504998887798,B0*i + B1*i**2*s ; sqrt(Abs(B2 + B3*r)),1.69772596109088e-5*i**2*s + 5.0856144435968e-5*i ; sqrt(Abs(0.890601365265827*r - 99.0048703479632))
1268,0.894643565938089,B0 + B1*sqrt(Abs(i - s)) ; i,0.0513552236275945*sqrt(Abs(i - s)) - 0.000990417005139329 ; i
1269,0.8946175258622789,B0*sqrt(Abs(i)) + B1*s ; sqrt(Abs(B2 + B3*r)),0.047262037417653*s + 0.0019359230443141*sqrt(Abs(i)) ; sqrt(Abs(3.3467478449087*r - 7.24703998261753e-9))
1270,0.8945878363022295,B0 + B1*i ; B2*r + B4*sqrt(Abs(B3 + sqrt(Abs(r)))),-0.296964298090761*i - 0.0124141444934242 ; -0.333371192442111*r + 0.428291367843209*sqrt(Abs(sqrt(Abs(r)) - 0.373692751388194))
1271,0.8945857323235703,B1*sqrt(Abs(B0 + i*s)) ; i - Abs(B2 - r)**(1/4),0.0398639099349455*sqrt(Abs(i*s - 0.0502954251155798)) ; i - Abs(r - 0.227652582834857)**(1/4)
1272,0.8945644438404373,B0*i + B2*sqrt(Abs(B1 + i)) ; B3 + B4*i + B5*sqrt(Abs(r)),0.15627002848438*i - 0.195557802469478*sqrt(Abs(i - 0.244176140803895)) ; 0.854186102068055*i - 0.83665563600807*sqrt(Abs(r)) - 0.549297438799273
1273,0.8945373702254329,B0*sqrt(Abs(i)) + B1*Abs(i)**(3/2) ; r,-0.112638755062973*Abs(i)**(3/2) + 0.125989581092996*sqrt(Abs(i)) ; r
1274,0.8945373642747746,B0*sqrt(Abs(i)) + B1*Abs(i)**(3/2) ; sqrt(Abs(r)),-0.112568673720367*Abs(i)**(3/2) + 0.12594200651824*sqrt(Abs(i)) ; sqrt(Abs(r))
1275,0.8945048068932634,B0*i + B1*i**2*s ; B2 + B3*r + B4*i*r,7.28610265338864e-5*i**2*s + 0.000293606359512886*i ; -0.000599197391396678*i*r - 0.104058274634293*r + 5.89090192000164
1276,0.8945010639959913,B0*i**2 + B1*i*s ; B2*r + i*r,-0.0378291349340429*i**2 + 0.312047252735855*i*s ; i*r + 1.4352468676402*r
1277,0.8945010639948279,B0*i + B1*i*s ; Abs(B2*r**2 + B3*r)**(1/4),0.34987631468079*i*s - 0.037829966450286*i ; Abs(0.501353013466324*r**2 + 0.0189024360205839*r)**(1/4)
1278,0.8945010639926936,B0*i**2 + B1*i*s ; r**2,-0.0378279765903805*i**2 + 0.312045615106272*i*s ; r**2
1279,0.8945010639577539,B0*i**2 + B1*i*s ; B2*Abs(r)**(1/4) + sqrt(Abs(r)),-0.0378248779840923*i**2 + 0.312043812872959*i*s ; 37.5388720537965*Abs(r)**(1/4) + sqrt(Abs(r))
1280,0.8945010639513816,B0*i**2 + B1*i*s ; r,-0.0378307146779647*i**2 + 0.312050499860299*i*s ; r
1281,0.8945010639175186,B0*i + B1*i*s ; B2*i*r + i**2*r,0.349877983699088*i*s - 0.0378261689544821*i ; i**2*r + 0.0469250141244541*i*r
1282,0.8945010639073272,B0*i + B1*i*s ; B2*Abs(i)**(1/8)*Abs(r)**(1/4),0.349871315423009*i*s - 0.0378209772490896*i ; 69.1831926118408*Abs(i)**(1/8)*Abs(r)**(1/4)
1283,0.8944923675695955,B0 + B1*i - sqrt(2)*Abs(i)**(3/2) ; r,1.08359607906725*i - sqrt(2)*Abs(i)**(3/2) - 0.0175898523827368 ; r
1284,0.8944691952828835,B0 + B1*i + B2*i*s ; Abs(i)**(1/4),-0.00711579876006506*i*s + 0.0003548726838493*i - 0.000389559983855873 ; Abs(i)**(1/4)
1285,0.8944628999373992,B0*sqrt(Abs(i)) + B1*s ; sqrt(Abs(B2*r + B3)),0.04715467234298*s + 0.00193043060592875*sqrt(Abs(i)) ; sqrt(Abs(3.74660884196425*r - 1.54472528263347))
1286,0.8944513975094388,B0*Abs(s)**(1/4) ; B1 - r,0.0210853678716667*Abs(s)**(1/4) ; 0.000444929147678481 - r
1287,0.8944501906811154,B0*Abs(s)**(1/4) ; sqrt(Abs(i)),0.021088900799467*Abs(s)**(1/4) ; sqrt(Abs(i))
1288,0.8944483114742209,B0*Abs(s)**(1/4) ; B1*i,0.0210889009067904*Abs(s)**(1/4) ; 1.30869106802416*i
1289,0.8944477698708145,B0*Abs(s)**(1/4) ; B1*i**2,0.0210853675771826*Abs(s)**(1/4) ; 0.853620148659059*i**2
1290,0.8944473449850653,B0*Abs(s)**(1/4) ; B1 + r,0.0210853674984795*Abs(s)**(1/4) ; r + 0.00708482797483743
1291,0.8944467439256601,B0 + B1*s + B2*i*s ; i,0.0753626160763463*i*s + 3.01329598744278*s - 3.12794829801848 ; i
1292,0.8944434649321374,B0*Abs(s)**(1/4) ; B1*sqrt(Abs(i)),0.0210888993398989*Abs(s)**(1/4) ; 0.00118046690062864*sqrt(Abs(i))
1293,0.8944426380629494,B0*Abs(s)**(1/4) ; sqrt(Abs(r)),0.0210853652977243*Abs(s)**(1/4) ; sqrt(Abs(r))
1294,0.8944424282839761,B0*Abs(s)**(1/4) ; i*r,0.0210888987173603*Abs(s)**(1/4) ; i*r
1295,0.894440330262471,B0*Abs(s)**(1/4) ; sqrt(2)*sqrt(Abs(i)),0.0210853627773521*Abs(s)**(1/4) ; sqrt(2)*sqrt(Abs(i))
1296,0.8944014726612467,B0*Abs(s)**(1/4) ; i,0.0212406387304552*Abs(s)**(1/4) ; i
1297,0.8943945928012283,B0*Abs(s)**(1/4) ; -i + r,0.0214357657795948*Abs(s)**(1/4) ; -i + r
1298,0.8943916889240631,B1*sqrt(Abs(B0 + 2*i)) ; B2*i**2 - i + r,0.00276446006690587*sqrt(Abs(2*i + 199.736792499707)) ; 1.61014137721926*i**2 - i + r
1299,0.8943894593859776,B0*Abs(s)**(1/4) ; i**2,0.02143576099118*Abs(s)**(1/4) ; i**2
1300,0.8943455813076338,B0*Abs(s)**(1/4) ; r,0.0206951793066049*Abs(s)**(1/4) ; r
1301,0.8943221405903256,B0*Abs(s)**(1/4) ; sqrt(Abs(i + r)),0.0217978266135506*Abs(s)**(1/4) ; sqrt(Abs(i + r))
1302,0.8942111159500757,B0*i ; B1*i + i**2,2.50121540769512*i ; i**2 + 2.53573336437266*i
1303,0.894196443944076,B0*s**2 ; sqrt(Abs(B1 + i + r)),0.0446191001111819*s**2 ; sqrt(Abs(i + r + 0.0519912414987809))
1304,0.8941964433862655,B0*s**2 ; B1 + r - sqrt(Abs(i)),0.0446072500066215*s**2 ; r - sqrt(Abs(i)) + 32.0448675670847
1305,0.8941884043931262,B0*s**2 + B1*i*s ; B2 + B3*r**2 - i,0.11616177587947*i*s + 0.0129119303321442*s**2 ; -i + 3.56580377662946*r**2 + 0.03334434961523
1306,0.8941560230320936,B0 + B1*i + B2*sqrt(Abs(s)) ; B3 + 3*i + r,-0.453887228862381*i + 0.279738152308956*sqrt(Abs(s)) - 0.131424333490538 ; 3*i + r - 0.507304447400572
1307,0.8941367209670037,B0*i ; -i + r,0.00011883218908127*i ; -i + r
1308,0.8940999945845226,B1*sqrt(Abs(B0 + sqrt(Abs(i)))) ; r,0.0492809668883189*sqrt(Abs(sqrt(Abs(i)) - 1.11560202778391)) ; r
1309,0.8940112519902691,B0 + B1*s - i ; i,-i + 0.08176411409323*s + 0.0111096064462809 ; i
1310,0.8939368752141631,B0 + B1*i + B2*i*s ; B3 + i,0.271514002048627*i*s + 0.796973197960723*i - 0.0237506733478172 ; i - 0.0291955308433637
1311,0.8939314848873929,B0 + B1*sqrt(Abs(i)) ; sqrt(Abs(B2*i - 2*r)),0.0507810973708726 - 0.00501325189917783*sqrt(Abs(i)) ; sqrt(Abs(1.81110487224203*i + 2*r))
1312,0.8938616790651819,B0*i ; B1 + i - r**2 + Abs(r)**(3/2),-0.962650233241028*i ; i - r**2 + Abs(r)**(3/2) + 0.0377281124799335
1313,0.8938480647880024,B1*sqrt(Abs(B0 + sqrt(Abs(s)))) ; sqrt(Abs(r)),0.0381787925103348*sqrt(Abs(sqrt(Abs(s)) - 0.304374112892287)) ; sqrt(Abs(r))
1314,0.8938086391311223,B0*s**2 + B1*i*s ; sqrt(Abs(i)),-0.00366702877888723*i*s + 0.0167556539626373*s**2 ; sqrt(Abs(i))
1315,0.8937761197270742,B1*sqrt(Abs(B0 + sqrt(Abs(s)))) ; B2 + r + Abs(i)**(3/2),0.0392497689478066*sqrt(Abs(sqrt(Abs(s)) - 0.311149546301689)) ; r + Abs(i)**(3/2) + 0.0131579215193382
1316,0.8937016910250561,B0*Abs(i)**(1/4)*sqrt(Abs(s)) ; i,0.102626184326004*Abs(i)**(1/4)*sqrt(Abs(s)) ; i
1317,0.8936025140623528,B1*sqrt(Abs(B0 + sqrt(Abs(s)))) ; B2 + r + Abs(r)**(3/2),0.038932597729037*sqrt(Abs(sqrt(Abs(s)) - 0.293550657919154)) ; r + Abs(r)**(3/2) + 0.00941671684451608
1318,0.8935734330560954,B0 + B1*s + B2*i*s ; Abs(B3 + r + sqrt(Abs(r)))**(1/4),-0.00164048565419739*i*s - 0.00950076601036057*s - 0.000487187066425605 ; Abs(r + sqrt(Abs(r)) - 1563.08265258375)**(1/4)
1319,0.8935308316728954,B0*s**2 + B1*i*s ; B2*i + i**2,0.589505844894153*i*s - 0.00816129941718553*s**2 ; i**2 + 0.0839463172758843*i
1320,0.8934147218088047,B0*i**2 + B1*s ; i,-18.2648059867784*i**2 + 0.132533158942488*s ; i
1321,0.8933793947753457,B0*s*Abs(i)**(1/4) ; i,0.104052170974803*s*Abs(i)**(1/4) ; i
1322,0.8933509745958131,B0*i*s + i*s**2 ; B1 + B2*i,i*s**2 - 0.0121115009143063*i*s ; 0.0183750231215158 - 0.0150405734378939*i
1323,0.8933379026053403,B0*i*s ; B1 + sqrt(Abs(i))*sqrt(Abs(r)) + sqrt(Abs(r)),-0.000879193967264404*i*s ; sqrt(Abs(i))*sqrt(Abs(r)) + sqrt(Abs(r)) - 0.359371036799451
1324,0.8933251584377071,B0 + B1*i + B2*sqrt(Abs(s)) ; -i**2 + i + sqrt(Abs(r)),-0.169738410896441*i + 0.107443880289086*sqrt(Abs(s)) - 0.1304254653742 ; -i**2 + i + sqrt(Abs(r))
1325,0.8933098003222429,B0*i + B1*s ; B2*i + i**2 + Abs(i)**(3/2),-2.27821917161055*i + 0.0931099108634867*s ; i**2 + 0.329900150414044*i + Abs(i)**(3/2)
1326,0.8932139391102397,B0*s + B1*i*s**2 ; B2*sqrt(Abs(r)) + i,-1.88926981414673*i*s**2 - 0.0853435299282667*s ; i + 0.340754531056748*sqrt(Abs(r))
1327,0.893201791024063,B0*i + B1*i**2 ; i + sqrt(Abs(r)),-0.0767603406400997*i**2 - 0.129759414359122*i ; i + sqrt(Abs(r))
1328,0.8931912979742228,B0*Abs(i)**(1/4) ; B1 + B2*r,0.0217214866623299*Abs(i)**(1/4) ; 0.661660951587774 - 0.791537491569395*r
1329,0.8931279525041087,B0*i ; B1 + 2*i + r*sqrt(Abs(i)),0.0169252327020796*i ; 2*i + r*sqrt(Abs(i)) - 1.5235382367801
1330,0.8930764269321102,B0 + B1*sqrt(Abs(s)) + B2*s ; B3 + B4*r + i*r**2,-0.570009687345343*s + 0.792044286356372*sqrt(Abs(s)) - 0.211923668556982 ; i*r**2 + 0.0022297366499317*r + 0.11829925750188
1331,0.893076426431975,B0 + B1*sqrt(Abs(s)) + B2*s ; 2*i - r + sqrt(Abs(i - sqrt(Abs(r)))),-0.56979814607233*s + 0.791722350238248*sqrt(Abs(s)) - 0.211808372271324 ; 2*i - r + sqrt(Abs(i - sqrt(Abs(r))))
1332,0.8930442213170617,B0 + B1*i + B2*Abs(i)**(3/2) ; Abs(B3 + B4*r + B5*i)**(1/4),-0.00395345869922048*i - 0.000396458637353664*Abs(i)**(3/2) + 0.00270934291300775 ; Abs(130.021531450552*i + 145.889117969166*r - 52.478045682653)**(1/4)
1333,0.8929383754398762,B0*i + B1*i*s ; B2*i + B3*sqrt(Abs(i))*sqrt(Abs(r)),-0.00152561744365155*i*s + 0.000107728660416025*i ; 208.080194767472*i + 207.964636679703*sqrt(Abs(i))*sqrt(Abs(r))
1334,0.8928731772573698,B0*Abs(i)**(3/2) + B1*i**2 ; Abs(B3 + sqrt(Abs(B2 + i)))**(1/8),-5.72690921941425e-5*i**2 + 0.000574299644004279*Abs(i)**(3/2) ; (sqrt(Abs(i - 12543.4298053691)) + 193988.108343401)**(1/8)
1335,0.8928459442967754,B0*i*s ; B1*r + B2*r**3,0.313707476054821*i*s ; 0.00367681991098344*r**3 + 7.21374534087098*r
1336,0.8928459442856922,B0*i*s ; B1*r + r*Abs(i + r)**(1/4),0.313705413357098*i*s ; r*Abs(i + r)**(1/4) + 80.7450175472691*r
1337,0.8927327632998102,B0 + B1*i*s + B1*s ; B2 - i + 2*r,-0.000753837815008904*i*s - 0.000753837815008904*s + 0.0122250997330862 ; -i + 2*r + 0.0238426583928925
1338,0.892724094901461,B0*i**2 + B1*i*s ; sqrt(Abs(B2*i + B3*r)),-3.5644306625646e-5*i**2 - 0.0401290600944279*i*s ; sqrt(Abs(1.33112359441046*i + 1.27167891120509*r))
1339,0.8926329275302453,i ; B0*i + i*r,i ; i*r + 0.767974575550562*i
1340,0.8926217626461155,B0 + B1*Abs(s)**(1/4) + B2*s ; r,-0.385529080754328*s + 0.886096066990639*Abs(s)**(1/4) - 0.489759572013064 ; r
1341,0.8925825956325408,B0*Abs(s)**(5/4) ; B1 - 2*i + r,0.0465945748076201*Abs(s)**(5/4) ; -2*i + r + 0.000141603477733152
1342,0.8925257297944176,B1*sqrt(Abs(B0 + i + s)) ; sqrt(Abs(i + r + sqrt(Abs(r)))),0.00357472538365188*sqrt(Abs(i + s + 100.076942728491)) ; sqrt(Abs(i + r + sqrt(Abs(r))))
1343,0.892507142706084,B0*s + B0*sqrt(Abs(i)) + B1*i ; B2 - sqrt(Abs(i)),-0.0019008701753466*i + 0.0191447057938831*s + 0.0191447057938831*sqrt(Abs(i)) ; 0.164552052376576 - sqrt(Abs(i))
1344,0.8924821421745398,B0*sqrt(Abs(i)) + B1*s ; B2 + 2*i,0.0561144354967158*s - 0.168876088394869*sqrt(Abs(i)) ; 2*i + 0.022177324371284
1345,0.8924702081159863,B0*sqrt(Abs(i)) + B1*s ; B2 + i,0.0273582422484232*s + 0.103963990446777*sqrt(Abs(i)) ; i + 0.00368557689968755
1346,0.8923797668993847,B0*sqrt(Abs(i)) + B1*s ; B2 + B3*r,0.0423091410567616*s + 0.00123568644734097*sqrt(Abs(i)) ; 12.5612349623376*r + 1.68925951293199e-8
1347,0.8923674761068683,B0*sqrt(Abs(i)) + B1*i + B1*s ; B2*sqrt(Abs(i)),0.002204358368981*i + 0.002204358368981*s + 0.0221745342029629*sqrt(Abs(i)) ; 0.864059991720385*sqrt(Abs(i))
1348,0.892363160001968,B0*i + B1*s ; B2 + B3*r*sqrt(Abs(i)),-0.00183066581019863*i + 0.0442196496478601*s ; -0.0562759221704088*r*sqrt(Abs(i)) + 1.67968690119253
1349,0.8923116905396293,B0 + B1*i ; B2 + sqrt(Abs(B3 + B4*i)),0.00156839737548818*i + 0.0486857769934487 ; sqrt(Abs(0.033894663778384*i + 1.08341629077093)) - 0.00724758891806506
1350,0.892243205168258,B0*i ; i - Abs(r)**(1/4),0.0185735116417941*i ; i - Abs(r)**(1/4)
1351,0.8920521069899371,B0*i*s ; i - r + Abs(r)**(1/4),-0.139972806410402*i*s ; i - r + Abs(r)**(1/4)
1352,0.892016989134322,B0*Abs(i)**(3/2) ; B1 + B2*i + B3*i*r,1.16508389249873*Abs(i)**(3/2) ; 0.524978061064909*i*r + 0.406602762049211*i - 0.0182277270877014
1353,0.8920025646896217,B0 + B1*i + B2*s ; i*sqrt(Abs(i + Abs(i)**(1/4))),0.560225724220535*i + 0.0176950354546885*s - 0.000834083141915563 ; i*sqrt(Abs(i + Abs(i)**(1/4)))
1354,0.8919918229241962,B0*i*s - i**2*s ; B1 + i**2 - i*sqrt(Abs(r)),-i**2*s + 0.694759746630545*i*s ; i**2 - i*sqrt(Abs(r)) + 0.0147435612546007
1355,0.8918500433367468,B0*i + B1*s ; B2 + 2*i + sqrt(Abs(i)),-0.0522463705468792*i + 0.0440913899827423*s ; 2*i + sqrt(Abs(i)) - 0.0462061554678928
1356,0.8918308348213445,B0 + B1*i**2*s ; i + Abs(i)**(1/4),0.0704413255695163*i**2*s + 0.00367584745506185 ; i + Abs(i)**(1/4)
1357,0.8918224259843136,B0 + B1*Abs(i)**(1/4) + B2*s ; r,0.230644189446756*s + 0.355018667000273*Abs(i)**(1/4) - 0.359497293649853 ; r
1358,0.891720596387868,i**2 ; B0 + B1*i + i*sqrt(Abs(r)),i**2 ; i*sqrt(Abs(r)) - 0.885256542011095*i + 0.0189490538526493
1359,0.8917069530976428,B0*i + B1*i*Abs(s)**(1/4) ; i,0.618156970225121*i*Abs(s)**(1/4) + 0.518735633172933*i ; i
1360,0.8916948966895554,B1*sqrt(Abs(B0 + i + s)) ; B2 + i*Abs(r)**(1/4),0.032610662667874*sqrt(Abs(i + s - 0.0890283580527735)) ; i*Abs(r)**(1/4) - 0.171524598301014
1361,0.8916811406151585,B0*sqrt(Abs(i)) ; B1 + i,0.13611687208382*sqrt(Abs(i)) ; i + 0.00497384950890189
1362,0.8916215663160661,B0 + B1*Abs(s)**(1/8) ; sqrt(2)*sqrt(Abs(r)),0.0881744501148796*Abs(s)**(1/8) - 0.0398367221392485 ; sqrt(2)*sqrt(Abs(r))
1363,0.8915290623264843,i*sqrt(Abs(s)) ; i,i*sqrt(Abs(s)) ; i
1364,0.8915272016970462,B0*i**2 + B1*s ; B2 + sqrt(Abs(B3 + i + r)),0.000734953459786699*i**2 + 0.045325953996696*s ; sqrt(Abs(i + r - 0.127571992235676)) - 0.795859341431025
1365,0.8912684602442297,B0*i + B2*sqrt(Abs(B1 + i)) ; B3*r + i*r - r**2,-0.285706863414131*i + 0.293508855591974*sqrt(Abs(i - 0.0439912265520067)) ; i*r - r**2 + 0.00283222957286623*r
1366,0.8911755148134772,B0*i + B2*sqrt(Abs(B1 + i)) ; B3*r + B4*i**2*r,-0.275535452910142*i + 0.284445286110723*sqrt(Abs(i - 0.0397666017656524)) ; 0.0162554298008663*i**2*r + 0.00185053280061858*r
1367,0.8911563609708778,B0*i*s ; i,1.23806425762689*i*s ; i
1368,0.8911325573099564,B0*i + B2*sqrt(Abs(B1 + i)) ; B3*i*r**2 - r**2,-0.271708794300852*i + 0.279489154948363*sqrt(Abs(i - 0.038066394369856)) ; 0.146071745469026*i*r**2 - r**2
1369,0.8911112216442414,B0 + B1*i + B1*s ; B2*sqrt(Abs(r)) + i,0.0746616119030854*i + 0.0746616119030854*s - 0.0300108417643775 ; i - 0.6698391609337*sqrt(Abs(r))
1370,0.8911089419320816,B0*i + B2*sqrt(Abs(B1 + i)) ; B3*r + B4*i*r**2,-0.26994680933211*i + 0.278765861908805*sqrt(Abs(i - 0.0380217976560616)) ; 0.716074103585861*i*r**2 + 0.0396756309710497*r
1371,0.8911057819010638,B0 + B1*i + B2*sqrt(Abs(s)) ; B3 - i - r + sqrt(Abs(r)),0.000984257079457106*i - 0.0715327691598231*sqrt(Abs(s)) + 0.108470538763793 ; -i - r + sqrt(Abs(r)) - 0.125143991626148
1372,0.8910346480517595,B0*i*s ; B1 - i + r + sqrt(Abs(B2 + i)),0.000805145425079263*i*s ; -i + r + sqrt(Abs(i - 5.45186856026405)) - 2.31149907996285
1373,0.8909332523781223,B0*i + B1*i*Abs(s)**(1/4) ; B2*r + i*r + r**2,0.912838448689496*i*Abs(s)**(1/4) - 0.63212604280918*i ; i*r + r**2 + 0.0010401150664591*r
1374,0.8908101521886045,B0 + B1*sqrt(Abs(i)) ; B2*r - i + sqrt(Abs(r)),0.0530737709059518 - 0.00515753907533173*sqrt(Abs(i)) ; -i - 1.06228604150679*r + sqrt(Abs(r))
1375,0.8908062444837151,B0*sqrt(Abs(i*s + s)) ; B1 + B2*i + r,0.00361137313481861*sqrt(Abs(i*s + s)) ; 0.573588751014048*i + r + 3.43074796629282
1376,0.8907624933233509,B0*sqrt(Abs(i*s + s)) ; B1 + 3*i,0.00593265392908348*sqrt(Abs(i*s + s)) ; 3*i + 8.0299591992711
1377,0.8907570075816769,B0*i + B1*s ; B2*r + 2*i + r**2,0.420655988719481*i + 0.0144368765185494*s ; 2*i + r**2 - 0.877592904619782*r
1378,0.8907324917119349,B0*i ; B1*i + B2*sqrt(Abs(r)),2.28032694919254*i ; 2.30797195929656*i + 0.000159832166556269*sqrt(Abs(r))
1379,0.8906796060018082,i*s**2 ; B0*i,i*s**2 ; 0.56323713758263*i
1380,0.8906625704798959,B0 + B1*i ; sqrt(Abs(B2 - i + r)),0.000320225873543081*i + 0.0399387523392932 ; sqrt(Abs(-i + r + 0.0203989037164068))
1381,0.8906517105536206,B0*i + B1*i*s**2 ; B2*sqrt(Abs(r)),0.36685027546341*i*s**2 + 4.99281361663809e-5*i ; 0.089333121389883*sqrt(Abs(r))
1382,0.8906517094269896,B0*i + B1*i*s**2 ; r,0.366861046462333*i*s**2 + 6.07182824474314e-5*i ; r
1383,0.8906516330302126,B0*i*s**2 ; -r + sqrt(Abs(i))*sqrt(Abs(r)) + Abs(r)**(3/2),0.366933006013586*i*s**2 ; -r + sqrt(Abs(i))*sqrt(Abs(r)) + Abs(r)**(3/2)
1384,0.8906245864022996,B1*sqrt(Abs(B0 + Abs(s)**(3/2))) ; B2*r,0.0487936357111332*sqrt(Abs(Abs(s)**(3/2) - 0.000344504527058927)) ; 0.00697733228812886*r
1385,0.8905837611014776,B1*s**2*sqrt(Abs(B0 + s)) ; B2*i,0.197822241325667*s**2*sqrt(Abs(s - 0.926182934634442)) ; 0.000132101679329925*i
1386,0.8905612505163797,B0 + Abs(B1 + B2*s)**(1/4) ; B3 + i - r,Abs(1.09693627730733e-5*s - 6.63940375965734e-7)**(1/4) - 0.00932750064372852 ; i - r + 0.0336221931942327
1387,0.8905576965690718,B0*i + B1*i*s ; B2 + i,-1.35923031940171*i*s - 0.0642659096307488*i ; i + 0.0878260446099937
1388,0.8905558601222081,i*s ; B0 + B1*i*r,i*s ; 0.0154588909237259*i*r + 0.0191657547757757
1389,0.8905491269525493,B1*s**2*sqrt(Abs(B0 + s)) ; B2*i**2,0.19201447235483*s**2*sqrt(Abs(s - 0.929871111576424)) ; 2.3140477027396*i**2
1390,0.8904881018381732,B0*s + B1*i**2*s ; r,0.383692216220971*i**2*s + 0.0310283626669711*s ; r
1391,0.8904834186054745,B0*i + B1*Abs(s)**(1/4) ; sqrt(Abs(B2 + i + 2*r)),8.18504608549205e-5*i + 0.0491954630638485*Abs(s)**(1/4) ; sqrt(Abs(i + 2*r - 25.2882549755717))
1392,0.8904638412155881,B0*sqrt(Abs(s)) + B1*s ; B2 - Abs(r)**(1/4),0.0207932042923671*s + 0.0258948114161288*sqrt(Abs(s)) ; 0.0147395697642565 - Abs(r)**(1/4)
1393,0.8904636737905522,B0*sqrt(Abs(s)) + B1*s ; B2*sqrt(Abs(i + r)) + r,0.021128077244489*s + 0.0257611991882909*sqrt(Abs(s)) ; r + 0.0231255624061522*sqrt(Abs(i + r))
1394,0.8904625743086604,B0*sqrt(Abs(s)) + B1*s ; Abs(r + sqrt(Abs(i)))**(1/8),0.0212826982558092*s + 0.0256996847534443*sqrt(Abs(s)) ; Abs(r + sqrt(Abs(i)))**(1/8)
1395,0.8904619747091864,B0*sqrt(Abs(s)) + B1*s ; B2*Abs(i)**(3/2),0.0208824517233705*s + 0.025849128946424*sqrt(Abs(s)) ; 15.4749601020717*Abs(i)**(3/2)
1396,0.8904607975493357,B0*sqrt(Abs(s)) + B1*s ; B2*i + B3*r,0.0202382519618912*s + 0.0261173058425894*sqrt(Abs(s)) ; 0.000597410539179037*i + 0.0495110524020987*r
1397,0.890459331100335,B0*sqrt(Abs(s)) + B1*s ; B2 + i,0.0203645843238483*s + 0.0260566716208203*sqrt(Abs(s)) ; i + 24.695461657189
1398,0.8904589820336383,B0*i ; B1*i - i**2 + i*r,0.456352287881424*i ; -i**2 + i*r + 0.278170633960819*i
1399,0.8904587563027249,B0*sqrt(Abs(s)) + B1*s ; B2 + sqrt(Abs(B3 + r)),0.0214594891920503*s + 0.0255696266333959*sqrt(Abs(s)) ; sqrt(Abs(r + 0.638939560602627)) + 1.34914526427533
1400,0.8904580900279414,B0*sqrt(Abs(s)) + B1*s ; 3*i + r,0.0202375715515952*s + 0.0261076448409005*sqrt(Abs(s)) ; 3*i + r
1401,0.8904524918037708,B0 + B1*Abs(s)**(3/2) ; B2*i,0.0426320591152389*Abs(s)**(3/2) + 0.00345995190959456 ; 0.00303171357169022*i
1402,0.8904524914675133,B0 + B1*Abs(s)**(3/2) ; B2 + B3*i + r,0.0426099727707674*Abs(s)**(3/2) + 0.00346289927817898 ; 0.577072072556722*i + r + 1.7125108508294
1403,0.8904524829364677,B0 + B1*Abs(s)**(3/2) ; r,0.0425917629331344*Abs(s)**(3/2) + 0.00346845112497182 ; r
1404,0.8904524814998857,B0 + B1*Abs(s)**(3/2) ; i,0.0426524900413928*Abs(s)**(3/2) + 0.0034595892992438 ; i
1405,0.8904507536143965,B0 + B2*sqrt(Abs(B1 + i)) ; B3*sqrt(Abs(i)),3.71283412135498 - 0.465542563208713*sqrt(Abs(i + 62.0219240578301)) ; -0.00973505728991552*sqrt(Abs(i))
1406,0.89045024810239,B0*sqrt(Abs(s)) + B1*s ; r,0.0224337387837411*s + 0.0247775285294251*sqrt(Abs(s)) ; r
1407,0.890436209064877,B0 + B1*i + B2*i*s ; B3*i + 2*i*r,-5.09576542812083*i*s + 0.320461693109199*i - 0.0470892558651172 ; 2*i*r - 2.40890375155434*i
1408,0.890335585465257,B0 + B1*i*sqrt(Abs(s)) ; i + r,0.00574737085914785*i*sqrt(Abs(s)) + 0.0435724027623759 ; i + r
1409,0.8903272196154728,B0 + B1*i**2 + B1*i ; B2 + i*r**2 + 2*i,0.254434664316618*i**2 + 0.254434664316618*i - 0.121111565089764 ; i*r**2 + 2*i - 0.911009066834149
1410,0.890237514665074,B0*sqrt(Abs(i*s + s)) ; B1 + i*r,0.0292941848749176*sqrt(Abs(i*s + s)) ; i*r + 1.55894762742814e-5
1411,0.8902312795743182,B0 + B2*sqrt(Abs(B1 + i)) ; B3*i,4.31814372683267 - 0.530483762611968*sqrt(Abs(i + 64.8253563816903)) ; -0.00741579319437883*i
1412,0.890215350002901,B0 + B1*Abs(i)**(5/4) ; r,0.0473315897480709 - 0.0409122961475372*Abs(i)**(5/4) ; r
1413,0.890069261763561,B0*i*s ; B1 - i**2*r + i,-1.44787338008113*i*s ; -i**2*r + i + 0.0848603421010077
1414,0.8899470899614768,B0*i ; B1 + i + r*Abs(i)**(1/4),0.0423793588557565*i ; i + r*Abs(i)**(1/4) - 0.243950086026133
1415,0.8899088975925731,B0 + B1*i + B2*i*s ; i,0.313117831374868*i*s + 0.85856838960302*i - 0.000176288115964317 ; i
1416,0.8898893656328181,B0*i*s + i**2 ; B1 + i,i**2 - 1.30533749535056*i*s ; i + 0.0900993325671994
1417,0.8898393748501289,B0*i + B0*sqrt(Abs(i - s)) ; B1 + B2*r + i,0.0246733588754332*i + 0.0246733588754332*sqrt(Abs(i - s)) ; i + 0.839711999493128*r - 0.35891861267571
1418,0.889802785256549,B0*s + B0*Abs(i)**(1/4) ; B1 + i,0.0353297488320844*s + 0.0353297488320844*Abs(i)**(1/4) ; i + 0.00651477950314897
1419,0.8897303191254937,B0 + B1*sqrt(Abs(i)) ; Abs(i*r - r)**(1/4),0.0631263507529132 - 0.0573336562616231*sqrt(Abs(i)) ; Abs(i*r - r)**(1/4)
1420,0.8897015801837589,B0*sqrt(Abs(i*s - s)) ; sqrt(Abs(B1 + r)),0.00360007259570498*sqrt(Abs(i*s - s)) ; sqrt(Abs(r + 58.6873819624287))
1421,0.8896457061588716,B0 + B1*s + B2*i*s ; B3 - i + r,0.000904078164552357*i*s + 0.0210051332059628*s + 0.00484698677011991 ; -i + r + 0.0325883673552358
1422,0.8896155452781336,-i**2 + i*s ; B0 + i,-i**2 + i*s ; i - 0.0146560194490281
1423,0.8895196895044687,i*s ; i,i*s ; i
1424,0.8894101328909456,B0*sqrt(Abs(i)) + B1*s ; sqrt(Abs(i)),0.0494641934533591*s + 0.00124934997633043*sqrt(Abs(i)) ; sqrt(Abs(i))
1425,0.8893605628080573,B0*Abs(i)**(1/4) + B1*i ; B2*i**2,-0.074165756321479*i + 0.0875147919287969*Abs(i)**(1/4) ; -0.00340203013164623*i**2
1426,0.8892593600299705,B0*i + B1*i**3 ; r,-0.435828479274647*i**3 + 0.255275842397388*i ; r
1427,0.8891456682426393,B0*Abs(i)**(1/4) + B1*sqrt(Abs(i)) ; B2 + r,0.0764726944444307*Abs(i)**(1/4) - 0.0238999648297488*sqrt(Abs(i)) ; r + 9.30996995117277e-7
1428,0.8890516754636989,B0*i + s ; r,-1.70024553769238*i + s ; r
1429,0.8889885272965824,B0*i ; -i,0.000108008353201385*i ; -i
1430,0.8889702804575803,B0*s + B1*i*sqrt(Abs(s)) ; B2 + r,0.000332470340403818*i*sqrt(Abs(s)) + 0.0358610789740614*s ; r - 0.0274144288012137
1431,0.8889054040672068,B0 + B1*i ; B2 + 2*i + 2*r,0.000469499064351684*i + 0.0469646197202864 ; 2*i + 2*r + 1.42635518380424
1432,0.888823662481393,B0 + B1*i + B1*s ; sqrt(Abs(i)),0.000441890455345069*i + 0.000441890455345069*s + 0.0486398118819983 ; sqrt(Abs(i))
1433,0.8887428176704787,B1*sqrt(Abs(B0 + i - s)) ; B2 - r,0.0259386266529924*sqrt(Abs(i - s + 3.25545879480322)) ; 4.43622486377065 - r
1434,0.8886603819452771,B0*i + B1*s ; B2 + i + 3*r,-0.00022594359388717*i + 0.0511100808343608*s ; i + 3*r - 0.0443586638205744
1435,0.8886268683028842,B1*sqrt(Abs(B0 - i)) ; sqrt(2)*sqrt(Abs(i)),0.00451773047482923*sqrt(Abs(i + 98.8733648621334)) ; sqrt(2)*sqrt(Abs(i))
1436,0.88857920428694,B0*i**2 + B1*s ; B2 + i + 3*r,2.21756342122535e-6*i**2 + 0.0506784851470879*s ; i + 3*r - 0.0443275463146955
1437,0.8885540997832077,B0*sqrt(Abs(s + sqrt(Abs(s)))) ; r,0.0240664049010888*sqrt(Abs(s + sqrt(Abs(s)))) ; r
1438,0.8885285213132924,B0*sqrt(Abs(i)) + B1*s ; B2 + i - r,0.048247905846871*s + 0.0143450955354631*sqrt(Abs(i)) ; i - r + 0.0688115216285444
1439,0.8885020774617264,B0*i + B1*Abs(s)**(1/4) ; r,-0.00784430564081836*i + 0.0512150278506067*Abs(s)**(1/4) ; r
1440,0.8884910628961069,B0 + B1*i + B2*i*s ; B3 + 4*i,0.0198612200269247*i*s + 1.39086709473601*i - 4.36100832418702 ; 4*i - 12.5570759953494
1441,0.8884533578043038,B1*sqrt(Abs(B0*s + i)) ; B2 - r,0.0388097355826736*sqrt(Abs(i + 0.135405558136276*s)) ; 1.12049552585344 - r
1442,0.8884521882426706,B0 + B1*sqrt(Abs(i)) ; sqrt(Abs(B2 + r**2 - Abs(r)**(3/2))),0.0443105175020619 - 0.0043000955765894*sqrt(Abs(i)) ; sqrt(Abs(r**2 - Abs(r)**(3/2) + 0.105404965999965))
1443,0.888399478238338,B0 + B1*i + B2*s ; B3 + 2*i - r + sqrt(Abs(i)),0.286241344102821*i + 0.0718019452138483*s + 0.00228189655740607 ; 2*i - r + sqrt(Abs(i)) + 0.176584647779769
1444,0.8883934712408903,B0*sqrt(Abs(s**2 + s)) ; B1 + B2*r,0.0294814044777579*sqrt(Abs(s**2 + s)) ; 17.3139714379424*r + 0.00456067908164826
1445,0.88837120291953,B0*i + B0*sqrt(Abs(B1 + s)) ; B2*r + i,0.00480157718065651*i + 0.00480157718065651*sqrt(Abs(s + 84.1277936666186)) ; i + 0.909843771983605*r
1446,0.888352419058776,B0*sqrt(Abs(i)) + B1*s ; r,0.0477171900777569*s + 0.00933565830562622*sqrt(Abs(i)) ; r
1447,0.8883523940427535,B0*sqrt(Abs(i)) + B1*s ; r**2,0.0475980412590042*s + 0.00939859421365671*sqrt(Abs(i)) ; r**2
1448,0.8882879147208761,B0 + B1*i + B2*s ; sqrt(Abs(B3*sqrt(Abs(i - r**2)) + i)),-0.0164909629799141*i + 2.71201822236669*s - 1.49973454648115 ; sqrt(Abs(i + 2.0821618168635*sqrt(Abs(i - r**2))))
1449,0.888268110203774,B0*sqrt(Abs(i)) + B1*i + B1*s ; sqrt(Abs(i)),0.00227053327180534*i + 0.00227053327180534*s + 0.0230133537046236*sqrt(Abs(i)) ; sqrt(Abs(i))
1450,0.8882390608974964,B0*sqrt(Abs(-i + s + sqrt(Abs(i)))) ; B1 + B2*r + i,0.0347176493729779*sqrt(Abs(-i + s + sqrt(Abs(i)))) ; i - 1.58006648299346*r + 1.72731577887337
1451,0.8881823549660958,B0 + B1*i ; B2 + i - sqrt(Abs(i + r)),-0.0693747270075471*i - 0.0422627156061236 ; i - sqrt(Abs(i + r)) + 1.70443408528525
1452,0.8881738558283818,B0 + B1*i + B1*sqrt(Abs(i - s)) ; B2*i + B3*i*r,-0.0871280105314304*i - 0.0871280105314304*sqrt(Abs(i - s)) + 0.117644774306275 ; -5.15974663824646*i*r + 2.00429252435516*i
1453,0.8879997753624154,B0 + B1*i + B2*sqrt(Abs(s)) ; r + sqrt(Abs(B3 - i + r)),-0.000624119634714264*i + 0.0635047272379873*sqrt(Abs(s)) - 0.0631471339519896 ; r + sqrt(Abs(-i + r + 10.7300155624077))
1454,0.8879763128566178,B0*sqrt(Abs(i)) ; B1*Abs(i)**(3/4),0.106515284994987*sqrt(Abs(i)) ; 0.322916613683067*Abs(i)**(3/4)
1455,0.8879694692561544,B1*sqrt(Abs(B0 + i + s)) ; B2*i + i**2 + i*r,0.0244636466418603*sqrt(Abs(i + s + 0.206092477360852)) ; i**2 + i*r - 0.5773232320294*i
1456,0.8879408900727661,B1*sqrt(Abs(B0 + i + s)) ; B2 + B3*i - r,0.138008874980501*sqrt(Abs(i + s - 1.01933306535923)) ; 0.0704326446869133*i - r - 0.0972811635413459
1457,0.8878856663021881,B0*i**2 + B1*i*s ; i,11.3106459349233*i**2 + 0.874982275904538*i*s ; i
1458,0.8878832580184576,B0*s + B1*i*s ; i,-2.20784947569197*i*s + 0.129207342897205*s ; i
1459,0.8878636290364145,B0 + B1*i + B1*s ; B2*i - i*r,0.0435221053987624*i + 0.0435221053987624*s + 0.00477094915548006 ; -i*r + 1.26559956230314*i
1460,0.8878106926322799,B0*sqrt(Abs(i)) + B1*s ; i + r,2.72200271045976*s - 0.0191249114734331*sqrt(Abs(i)) ; i + r
1461,0.8877812038515416,B1*sqrt(Abs(B0*i + s)) ; B2 + i*r,0.0337536647999015*sqrt(Abs(0.814208393735651*i - s)) ; i*r + 0.219329406588069
1462,0.8877130498708405,B0*Abs(i)**(3/2)*sqrt(Abs(s)) ; -i + 2*r,3.95119824594463e-5*Abs(i)**(3/2)*sqrt(Abs(s)) ; -i + 2*r
1463,0.8877087922086816,B0 + B1*i + B1*s ; i,0.0416846598270606*i + 0.0416846598270606*s + 0.00605130040760654 ; i
1464,0.88769591004107,B0 + B1*sqrt(Abs(i - 2*s)) ; B2 + sqrt(Abs(i**2 + i*r)),0.0488112789669242 - 0.00492660522631536*sqrt(Abs(i - 2*s)) ; sqrt(Abs(i**2 + i*r)) + 0.00473029295310475
1465,0.8876694219134338,B0 + B1*i + B2*s ; Abs(i)**(1/4),0.000473783896634832*i - 0.00551387531232487*s + 0.0457943809018041 ; Abs(i)**(1/4)
1466,0.8876430995068748,B0 + B1*sqrt(Abs(i)) + B2*s ; B3 + i - r - sqrt(Abs(r)),0.177840258819753*s + 0.288068987364296*sqrt(Abs(i)) - 0.228718253007586 ; i - r - sqrt(Abs(r)) + 0.0887166858434153
1467,0.887641679711723,s*sqrt(Abs(B0*s + B1*i)) ; -i + sqrt(Abs(i)),s*sqrt(Abs(5.42084462956473e-5*i + 0.000239984879694275*s)) ; -i + sqrt(Abs(i))
1468,0.8876351703630055,B0*sqrt(Abs(i - sqrt(2)*sqrt(Abs(s)))) ; sqrt(Abs(r)),0.0204216102023997*sqrt(Abs(i - sqrt(2)*sqrt(Abs(s)))) ; sqrt(Abs(r))
1469,0.8875172891380437,B0 + B1*sqrt(Abs(i)) ; sqrt(Abs(B2 - 2*r)),0.0484457713415404 - 0.00408321478081233*sqrt(Abs(i)) ; sqrt(Abs(2*r - 7.29296361879403))
1470,0.8875012040851733,B0 + B1*i + B1*s ; i - r,0.0844607534244849*i + 0.0844607534244849*s - 0.0360237445240095 ; i - r
1471,0.8875011734160477,B0 + B1*i + B1*s ; 2*i,0.042451350158784*i + 0.042451350158784*s + 0.00611076710078246 ; 2*i
1472,0.8874929101754669,B0*s + B1*s*sqrt(Abs(i)) ; -i + r,0.00729221988060847*s*sqrt(Abs(i)) - 0.00129870931642072*s ; -i + r
1473,0.8874837758712588,B0 + B1*s ; B2*sqrt(Abs(i)) + B3*r,0.043205461190281*s + 0.00628541899509173 ; 0.0387199744558038*r + 0.045827183215651*sqrt(Abs(i))
1474,0.8874837751380388,B0 + B1*i ; B2*r + r*sqrt(Abs(i)),0.0494855830207114 - 0.0432018483844485*i ; r*sqrt(Abs(i)) + 17.8846249149199*r
1475,0.8874837751368444,B0 + B1*s ; sqrt(Abs(B2*r + Abs(i)**(1/4))),0.0432116877189873*s + 0.006287951412618 ; sqrt(Abs(0.000741777241187811*r + Abs(i)**(1/4)))
1476,0.8874837750692331,B0 + B1*s ; Abs(B2*i + B2*r)**(1/4),0.0432134000166813*s + 0.00627802992770651 ; Abs(0.175390950377567*i + 0.175390950377567*r)**(1/4)
1477,0.8874837750438556,B0 + B1*s ; B2 + sqrt(Abs(B3*r + i)),0.0432134486567194*s + 0.00628668992642332 ; sqrt(Abs(i + 0.0869844901954872*r)) + 0.00014228780320785
1478,0.8874837750232608,B0 + B1*s ; B2*i + B3*sqrt(Abs(r)),0.0432002842280535*s + 0.0062855624166466 ; 76.2846049165361*i + 4.8908458220841*sqrt(Abs(r))
1479,0.887483773543841,B0 + B1*s ; B2 - r + sqrt(Abs(B3 + i)),0.0432211779305767*s + 0.00628039137264269 ; -r + sqrt(Abs(i + 8.53686318113273)) + 6.74127271849987
1480,0.8874837715269388,B0 + B1*s ; B2 - i - r + sqrt(Abs(i)),2.72187165440072*s + 0.396924387022875 ; -i - r + sqrt(Abs(i)) + 0.00275832091965127
1481,0.8874837711468462,B0 + B1*s ; sqrt(Abs(B2*i + 2*r)),0.0431921764974317*s + 0.00629866467614409 ; sqrt(Abs(1.10409624373817*i + 2*r))
1482,0.8874837667713783,B0 + B1*i ; B2*r**2*sqrt(Abs(i)),0.0495161707664529 - 0.0432278299797241*i ; 0.111620179598677*r**2*sqrt(Abs(i))
1483,0.887483766332957,B0 + B1*i ; -r**2 + r*sqrt(Abs(i)),0.0495080244286757 - 0.043234627308691*i ; -r**2 + r*sqrt(Abs(i))
1484,0.8874835824058405,B0 + B1*i ; sqrt(Abs(r**2 + 2*r)),0.0495619476362295 - 0.0433276614456774*i ; sqrt(Abs(r**2 + 2*r))
1485,0.8874835821103216,B0 + B1*i ; sqrt(Abs(r + Abs(i)**(1/4)*Abs(r)**(3/4))),0.0495620006163143 - 0.0433277528823991*i ; sqrt(Abs(r + Abs(i)**(1/4)*Abs(r)**(3/4)))
1486,0.8874835807213658,B0 + B1*s ; sqrt(Abs(i - r + Abs(r)**(3/2))),0.0430879478369027*s + 0.00633519626050925 ; sqrt(Abs(i - r + Abs(r)**(3/2)))
1487,0.8874519354575771,B0 + B2*sqrt(Abs(B1 + i)) ; i**2*r,7.45532269207567 - 0.801307917166653*sqrt(Abs(i + 85.420171833415)) ; i**2*r
1488,0.8873815790831923,B1*sqrt(Abs(B0 + 2*i)) ; B2 + B3*r + i,0.0195995236661152*sqrt(Abs(2*i + 0.355099294181918)) ; i + 0.584810332217197*r - 0.528998917589958
1489,0.8873633499652673,B0*i + i*s ; i**2,i*s - 0.542535718872055*i ; i**2
1490,0.8873193396410313,B0*sqrt(Abs(i)) ; B1*i,0.0980139010344089*sqrt(Abs(i)) ; 0.808456814370322*i
1491,0.8872868355188784,B0*sqrt(Abs(i)) ; i,0.109096689609754*sqrt(Abs(i)) ; i
1492,0.8872470855683555,B0 + B1*i + B1*s**2 ; B2 + r,-0.000395443777679701*i - 0.000395443777679701*s**2 + 0.0411035282661862 ; r - 3.23321461029992e-8
1493,0.8872444006954671,B0 + B1*i + B2*s ; B3 - r,0.621859965332314*i + 0.674925133340679*s - 0.719134171115591 ; -r - 0.166953145539927
1494,0.8872267636591945,B0*i ; B1 + sqrt(Abs(r)),-0.000120428088990166*i ; sqrt(Abs(r)) + 169.266144199879
1495,0.8872267636591944,B0*i ; B1*sqrt(Abs(i)),-0.000120428088990709*i ; 1062.35758114736*sqrt(Abs(i))
1496,0.8872267636591944,B0*i ; B1 - sqrt(Abs(i)),0.000120428088994486*i ; -sqrt(Abs(i)) - 169.086347718736
1497,0.8872267636591912,B0*sqrt(Abs(i)) ; B1 + r,0.00120428088998105*sqrt(Abs(i)) ; r + 122.420236460689
1498,0.8872267636591902,B0*sqrt(Abs(i)) ; B1 + sqrt(Abs(i)),0.00120428089001793*sqrt(Abs(i)) ; sqrt(Abs(i)) + 147.468319404695
1499,0.8872267636569781,B0*sqrt(Abs(i)) ; sqrt(Abs(B1 + r)),0.00120428088998713*sqrt(Abs(i)) ; sqrt(Abs(r + 23002.1278046581))
1500,0.8872267636565486,B0*i ; sqrt(Abs(B1 + i)),-0.000120428088990194*i ; sqrt(Abs(i - 30186.3926722795))
1501,0.8872267636517982,B0*i ; sqrt(Abs(B1 - i)),-0.000120428095216146*i ; sqrt(Abs(i - 30180.2326305253))
1502,0.8872267636412843,B0*i ; sqrt(Abs(B1 - r)),-0.000120428088990241*i ; sqrt(Abs(r - 30259.7154419747))
1503,0.8871824793234715,B0*i**2 ; B1*i + B2*i*r,18.3263884552642*i**2 ; 2.57638653940327*i*r + 0.315013092374294*i
1504,0.8871744614829485,B0*s + B1*i*s**2 ; B2 - i,-0.00165390503901064*i*s**2 + 0.0244778049009196*s ; 0.0471439033068036 - i
1505,0.8871376028310752,B1*sqrt(Abs(B0 + s**2)) ; r,0.046977776027211*sqrt(Abs(s**2 - 0.00840128251732533)) ; r
1506,0.8870974184208271,B0 + B1*i ; sqrt(Abs(B2 + r + sqrt(Abs(r)))),0.000393619421693737*i + 0.0457500258189266 ; sqrt(Abs(r + sqrt(Abs(r)) - 5.89247250773026e-11))
1507,0.8870324152814584,B0 + B1*i ; B2 + r - sqrt(Abs(i))*sqrt(Abs(r)),0.000479564644869875*i + 0.0481248179131224 ; r - sqrt(Abs(i))*sqrt(Abs(r)) + 2.30361286056341
1508,0.8870192532018577,B0*sqrt(Abs(i + 2*s)) ; B1 + B2*r,0.0291402475736848*sqrt(Abs(i + 2*s)) ; 0.0784961534899495 - 0.0854431251835789*r
1509,0.8870044539439447,B0 + B1*Abs(i)**(1/4) ; i - r,0.100850779764162 - 0.113181549793699*Abs(i)**(1/4) ; i - r
1510,0.8870015154016068,B0*i + B2*sqrt(Abs(B1 + i)) ; B3*i + B3*r,-0.161541551658126*i + 0.176618378698996*sqrt(Abs(i - 0.029169440063572)) ; -0.00354960893309007*i - 0.00354960893309007*r
1511,0.8869192283585663,B0 + B1*i ; B2 + sqrt(Abs(B3 + i + 2*r)),0.000419895377677468*i + 0.0423152605424762 ; sqrt(Abs(i + 2*r + 0.107198193138745)) - 0.398983282527461
1512,0.8868955708487157,B1*sqrt(Abs(B0 - i + s)) ; i,0.0358890433640383*sqrt(Abs(-i + s + 0.119776561583597)) ; i
1513,0.8868638259934503,B0*Abs(i)**(1/4) + B1*s ; B2 + r,2.70506539142048*s - 0.189122821433667*Abs(i)**(1/4) ; r + 3.82532657239377
1514,0.8868028390553602,B0*s ; r*sqrt(Abs(B1 + 2*i)),0.0476673215017702*s ; r*sqrt(Abs(2*i + 0.0113910649286592))
1515,0.8868028390548395,B0*s ; B1 + i + sqrt(Abs(B2 + r)),0.0476668457201155*s ; i + sqrt(Abs(r + 53.7172637628446)) + 0.00019047575342142
1516,0.8868028390540094,B0*s ; i*sqrt(Abs(B1 + i - r)),0.0476674620304062*s ; i*sqrt(Abs(i - r + 1.7431587409751))
1517,0.886802839053076,B0*s ; sqrt(Abs(B1 - i + 2*r)),0.0476666978791726*s ; sqrt(Abs(-i + 2*r + 0.245706843981521))
1518,0.886802839053048,B0*s ; B2*sqrt(Abs(B1 + 2*i)),0.0476666959503768*s ; 0.000246985841623551*sqrt(Abs(2*i + 0.0040812394873138))
1519,0.8868028390520349,B0*s ; B1 + B2*sqrt(Abs(r)) + i,0.0476666313660666*s ; i + 0.452422323508787*sqrt(Abs(r)) + 0.000637500454388923
1520,0.8868028390517677,B0*s ; B1*r**2*sqrt(Abs(i)),0.0476666157188473*s ; 83.0388130003423*r**2*sqrt(Abs(i))
1521,0.8868028390515068,B0*s ; B1*Abs(i)**(1/4)*sqrt(Abs(r)),0.0476666009055506*s ; 0.00430904882796944*Abs(i)**(1/4)*sqrt(Abs(r))
1522,0.8868028390512449,B0*s ; r*sqrt(Abs(B1 + i - r)),0.0476665864500757*s ; r*sqrt(Abs(i - r + 3.8761142346699))
1523,0.8868028390505752,B0*s ; B1 + B2*i + B2*r,0.0476676790519235*s ; 1.51998204055652*i + 1.51998204055652*r + 0.0174987644875009
1524,0.886802839049723,B0*s ; -r + sqrt(Abs(B1*r + i)),0.0476665092347895*s ; -r + sqrt(Abs(i + 81.9572775525225*r))
1525,0.8868028390465899,B0*s ; sqrt(Abs(B1*i + i*r)),0.047667854998157*s ; sqrt(Abs(i*r + 34.0698248179361*i))
1526,0.8868028390461545,B0*s ; B1 + i - sqrt(Abs(B2 + i)),0.0476663584760017*s ; i - sqrt(Abs(i + 0.00170168253379)) + 4.33188760076187
1527,0.8868028390414422,B0*s ; B1 + i - sqrt(Abs(B2 + r)),0.0476680336648726*s ; i - sqrt(Abs(r + 0.27813828490456)) + 45.0216349528121
1528,0.8868028390379622,B0*s ; B1 + i + r - sqrt(Abs(i)),0.0476681369022395*s ; i + r - sqrt(Abs(i)) + 0.00752101959742955
1529,0.8868028390306328,B0*s ; sqrt(Abs(B1 + i - 2*r)),0.0476659043499206*s ; sqrt(Abs(i - 2*r + 11.0100176583939))
1530,0.8868028390287007,B0*s ; B1 + Abs(i)**(1/4)*sqrt(Abs(r)),0.047668370967189*s ; Abs(i)**(1/4)*sqrt(Abs(r)) + 0.553398859090318
1531,0.8868028390278645,B0*s ; B2*sqrt(Abs(B1 + i + r)),0.0476658402427744*s ; 3.57619598350091*sqrt(Abs(i + r + 0.292079505672157))
1532,0.8868028390223576,B0*s ; B1 + i + r - sqrt(Abs(r)),0.0476685087759533*s ; i + r - sqrt(Abs(r)) + 0.144306611470169
1533,0.886802839021106,B0*s ; B1 + i - sqrt(Abs(B2 - i)),0.0476685343879104*s ; i - sqrt(Abs(i - 5.77261540445052)) + 14.4712941003669
1534,0.8868028390192816,B0*s ; sqrt(Abs(i))*Abs(B1 + i)**(1/4),0.0476685709138992*s ; sqrt(Abs(i))*Abs(i + 0.000186977609452525)**(1/4)
1535,0.8868028390123466,B0*s ; r + sqrt(Abs(B1 + B2*r)),0.0476655281282399*s ; r + sqrt(Abs(0.0430277929020019*r + 0.00648642964262743))
1536,0.8868028390121848,B0*s ; sqrt(Abs(B1 + B2*i*r)),0.0476655251963952*s ; sqrt(Abs(0.000129515515841918*i*r + 0.00786262654233924))
1537,0.8868028389787574,B0*s ; B1*sqrt(Abs(i))*Abs(r)**(1/4),0.0476650051500902*s ; 0.000370454074462513*sqrt(Abs(i))*Abs(r)**(1/4)
1538,0.8868028389576174,B0*s ; B1 + i - sqrt(Abs(B2 - r)),0.0476647341950691*s ; i - sqrt(Abs(r - 0.000339661236551805)) + 0.00215888583117592
1539,0.8868028388960324,B0*s ; i*r*sqrt(Abs(B1 + r)),0.0476701505658424*s ; i*r*sqrt(Abs(r + 0.00505989055536628))
1540,0.8868028388826313,B0*s ; B1 + i - r + sqrt(Abs(i)),0.0476702750785432*s ; i - r + sqrt(Abs(i)) + 0.00182842540825665
1541,0.8868028388696914,B0*s ; B1 + i - r + sqrt(Abs(r)),0.0476703908210942*s ; i - r + sqrt(Abs(r)) + 0.0407208501295593
1542,0.8868028388692766,B0*s ; i*sqrt(Abs(B1 + 2*i)),0.047663835833554*s ; i*sqrt(Abs(2*i + 0.0235064667506929))
1543,0.8868028388303625,B0*s ; B1*sqrt(Abs(i)) + i - r,0.0476707198578838*s ; i - r + 0.00513909001926364*sqrt(Abs(i))
1544,0.8868028388137277,B0*s ; sqrt(Abs(B1*r + B2*i)),0.047663380003178*s ; sqrt(Abs(0.00130168691428821*i + 13.2912017072027*r))
1545,0.886802838809409,B0*s ; -i + sqrt(Abs(B1*i + B2)),0.0476708834479549*s ; -i + sqrt(Abs(0.000374539842629104*i + 1.30479621277301))
1546,0.8868028388034918,B0*s ; sqrt(Abs(B1*i + i**2)),2.71891571912084*s ; sqrt(Abs(i**2 + 8.99832366496383*i))
1547,0.8868028386876224,B0*s ; B1 + i - sqrt(Abs(i - r)),0.0476625097301384*s ; i - sqrt(Abs(i - r)) + 8.91356183481307
1548,0.8868028386740042,B0*s ; r*Abs(B1 + sqrt(Abs(r)))**(1/4),0.0476718049811542*s ; r*(sqrt(Abs(r)) + 18.6272746684447)**(1/4)
1549,0.8868028386686249,B0*s ; i*sqrt(Abs(B1 - r**2)),0.0476623925040236*s ; i*sqrt(Abs(r**2 - 0.000580008626552776))
1550,0.8868028386143637,B0*s ; B1 - i*r + sqrt(Abs(r)),0.0476620726697841*s ; -i*r + sqrt(Abs(r)) + 0.00326253328537725
1551,0.8868028384643495,B0*s ; 2*r - sqrt(Abs(B1 - i)),0.0476612789504148*s ; 2*r - sqrt(Abs(i - 0.0971032632465265))
1552,0.8868028379430867,B0*s ; B1 - i - r + sqrt(Abs(i)),0.047659111159164*s ; -i - r + sqrt(Abs(i)) + 1.2604712526479
1553,0.8868028378230594,B0*s ; -r + sqrt(Abs(B1 + 2*i)),0.0476755401029378*s ; -r + sqrt(Abs(2*i + 5.95170703505123))
1554,0.8868028378226838,B0*s ; sqrt(Abs(B1*r - r**2)),0.0476755413860194*s ; sqrt(Abs(r**2 - 0.550436733141895*r))
1555,0.8868028377229555,B0*s ; sqrt(Abs(B1 + 2*i + r)),2.7189240292341*s ; sqrt(Abs(2*i + r + 75.2683973371666))
1556,0.8868028376976838,B0*s ; sqrt(Abs(B1 + B2*Abs(i)**(1/4))),0.0476759580759521*s ; sqrt(0.000946483061847644*Abs(i)**(1/4) + 0.00800125897892456)
1557,0.8868028376812442,B0*s ; B1 + sqrt(Abs(B2 + r**2)),0.0476760114255252*s ; sqrt(Abs(r**2 + 0.884846435160043)) + 0.000559288543526806
1558,0.8868028375492649,B0*s ; sqrt(Abs(B1*r + i*r)),2.71891208371952*s ; sqrt(Abs(i*r + 7.75438924919178*r))
1559,0.8868028370530966,B0*s ; B1 - i + r + sqrt(Abs(r)),0.0476778531611122*s ; -i + r + sqrt(Abs(r)) + 0.118809589717696
1560,0.8868028366659855,B0*s ; sqrt(Abs(B1 - 2*i + r)),0.0476553862057722*s ; sqrt(Abs(-2*i + r + 0.000236361782089083))
1561,0.8868028292854888,B0*s ; r*sqrt(Abs(B1 + i + r)),0.0476908324895988*s ; r*sqrt(Abs(i + r + 0.0100708384403505))
1562,0.8868027982459271,B0*s ; -i + r*sqrt(Abs(i)) - r,0.0476186563546704*s ; -i + r*sqrt(Abs(i)) - r
1563,0.886802797685861,B0*s ; Abs(i)**(1/8)*sqrt(Abs(r)),0.0476183250320554*s ; Abs(i)**(1/8)*sqrt(Abs(r))
1564,0.8868027976589127,B0*s ; i - 2*r + sqrt(Abs(r)),0.0476183091467263*s ; i - 2*r + sqrt(Abs(r))
1565,0.8868027912092963,B0*s ; 2*i + r - sqrt(Abs(i)),0.0476146454857592*s ; 2*i + r - sqrt(Abs(i))
1566,0.8868027907989453,B0*s ; r*sqrt(Abs(i*r - i)),0.0476144210116642*s ; r*sqrt(Abs(i*r - i))
1567,0.8868027903754412,B0*s ; sqrt(Abs(i)) - Abs(i - r)**(1/4),0.047614190341296*s ; sqrt(Abs(i)) - Abs(i - r)**(1/4)
1568,0.8868027870095894,B0*s ; i - 2**(1/4)*Abs(i)**(1/4)*sqrt(Abs(r)),0.0476123916414313*s ; i - 2**(1/4)*Abs(i)**(1/4)*sqrt(Abs(r))
1569,0.8868027870095894,B0*s ; sqrt(Abs(i*sqrt(Abs(r)) - sqrt(Abs(i)))),0.0476123916414313*s ; sqrt(Abs(i*sqrt(Abs(r)) - sqrt(Abs(i))))
1570,0.8868027870094576,B0*s*sqrt(Abs(i + s)) ; r,0.0476123915722023*s*sqrt(Abs(i + s)) ; r
1571,0.8867555895904565,B0 + B1*sqrt(Abs(i - s)) ; B2 + B3*sqrt(Abs(i)) - i,0.170473135202609*sqrt(Abs(i - s)) - 0.348868478741139 ; -i - 11.3703578611287*sqrt(Abs(i)) + 19.8199593985014
1572,0.8866112237055591,B0 + B1*sqrt(Abs(i)) ; sqrt(Abs(B2 + i**2 - r)),0.0409669727623811 - 0.00335639865145765*sqrt(Abs(i)) ; sqrt(Abs(i**2 - r + 0.324331893623495))
1573,0.8866007942917215,B0*i ; B1 + B2*i*r,-0.205464821229123*i ; 1.05291609505214*i*r + 0.0774416681050515
1574,0.8865782819321467,2*i**2*s ; B0 + B1*i + i*r**2,2*i**2*s ; i*r**2 + 0.314935166879687*i - 0.0270215605031884
1575,0.8865391919635369,B0 + B1*sqrt(Abs(i)) ; sqrt(Abs(B2 + B3*i + B3*r)),0.0566955259887957 - 0.00565934591485435*sqrt(Abs(i)) ; sqrt(Abs(16.7628754578085*i + 16.7628754578085*r - 5.48851793910924))
1576,0.8865138236081795,B1*sqrt(Abs(B0 + i)) ; i + r,0.00336963209327179*sqrt(Abs(i + 37.1461215022724)) ; i + r
1577,0.8864185261878125,B0 + B1*s + i ; i,i + 0.00092102123107361*s - 0.00074484240294668 ; i
1578,0.8864111910029931,B0 + B1*i*s ; i,0.965944297860469*i*s + 0.00824195486143195 ; i
1579,0.8863837446748025,B0*i*s ; B1 - i + Abs(B2 + i**2)**(1/4),0.000969181821614174*i*s ; -i + Abs(i**2 - 0.0283520934245917)**(1/4) - 0.681891211391962
1580,0.8863584503481734,B0 + B1*s**2 ; B2*i,0.0403634964963534*s**2 + 0.00425354501283997 ; 1.26701799240913*i
1581,0.8863584361540748,B0 + B1*s**2 ; r,0.0403315280815336*s**2 + 0.00425506185646617 ; r
1582,0.8863584349407304,B0 + B1*s**2 ; i,0.0404122180560588*s**2 + 0.00424147901052059 ; i
1583,0.8863584327911849,B0 + B1*s**2 ; sqrt(Abs(r)),0.0403277435103738*s**2 + 0.00425608992978108 ; sqrt(Abs(r))
1584,0.8863535810213209,B0*i + B1*s ; -i**2 + i*r + r,0.000186101371620237*i + 0.0448081079937481*s ; -i**2 + i*r + r
1585,0.8863511931135024,B0 + B1*i ; sqrt(Abs(B2 + 2*r)),0.000308804812046852*i + 0.0389889673503232 ; sqrt(Abs(2*r + 7.15152586416051e-12))
1586,0.886347033884673,B0*i**2*s + B0*i*s ; B1 + B2*i,0.26235424198267*i**2*s + 0.26235424198267*i*s ; 0.123353504006975*i - 0.0100867508075843
1587,0.8863338999793569,B0*i + B1*i*s ; i*sqrt(Abs(B2 + B3*r + i*r)),-0.751608291501083*i*s + 1.0834352530098*i ; i*sqrt(Abs(-i*r + 1.71000587936066*r + 0.00208987680517646))
1588,0.8863294558570405,B0*Abs(s)**(5/4) + B1*s**2 ; sqrt(Abs(i)),-0.386106629319277*s**2 + 0.389179294685409*Abs(s)**(5/4) ; sqrt(Abs(i))
1589,0.8863262121274359,B2*sqrt(Abs(B0 + B1*s)) ; i*r + i - r,0.133630556349157*sqrt(Abs(0.0674887008015578*s + 0.00481116811112511)) ; i*r + i - r
1590,0.8863013645686353,B2*sqrt(Abs(B0 + B1*i)) ; 2*i*r,0.0984361158480782*sqrt(Abs(0.119533705005125*i - 0.131587161680103)) ; 2*i*r
1591,0.8862945394653029,B2*sqrt(Abs(B0*s + B1)) ; i*r + i - r,0.147218352930859*sqrt(Abs(0.0546476631609372*s + 0.00529972892979548)) ; i*r + i - r
1592,0.8862900346205478,B2*sqrt(Abs(B0 + B1*s)) ; B3*r - r**2,0.84143365825452*sqrt(Abs(0.00168527217745053*s + 0.00017691301463844)) ; -r**2 + 3.6004107911661*r
1593,0.8862861787141668,B1*sqrt(Abs(B0*s + i)) ; i*r + r,0.00990733561619086*sqrt(Abs(i + 13.0033399683127*s)) ; i*r + r
1594,0.8862856042848172,B1*sqrt(Abs(B0*s + i)) ; sqrt(Abs(r)),0.0107351478906361*sqrt(Abs(i + 11.2799878293242*s)) ; sqrt(Abs(r))
1595,0.8862811068768979,B2*sqrt(Abs(B0 + B1*s)) ; B3 + i**2*r,0.68490579733986*sqrt(Abs(0.00257644699576828*s + 0.000306580236070309)) ; i**2*r + 0.00281367306303198
1596,0.8862787879740575,B2*sqrt(Abs(B0*s + B1)) ; B3 + i*r + i,0.118950949839533*sqrt(Abs(0.084383014561203*s + 0.00895249736146089)) ; i*r + i + 0.0412133209096553
1597,0.8862782825509191,B2*sqrt(Abs(B0 + B1*i)) ; B3*r,0.114608986536886*sqrt(Abs(0.0901868067446633*i - 0.0989888469613249)) ; 0.414554498285325*r
1598,0.88627654604691,B2*sqrt(Abs(B0 + B1*s)) ; r,0.578116680646937*sqrt(Abs(0.00356817668963708*s + 0.000386895708018042)) ; r
1599,0.8862744457616833,B2*sqrt(Abs(B0 + B1*s)) ; sqrt(Abs(i)),19.36059175664*sqrt(Abs(3.15655919672442e-6*s + 3.02994365028071e-7)) ; sqrt(Abs(i))
1600,0.886274025122816,B2*sqrt(Abs(B0*s + B1)) ; B3 - i - r,2.3409347273753*sqrt(Abs(0.000218615609496916*s + 2.39310228760616e-5)) ; -i - r + 0.0596491476791105
1601,0.8862733908576069,B1*sqrt(Abs(B0*s + i)) ; r,0.0114601215208703*sqrt(Abs(i + 10.0931785513285*s)) ; r
1602,0.8862719946898292,B2*sqrt(Abs(B0 + B1*s)) ; sqrt(Abs(r)),0.00142608899828363*sqrt(Abs(581.668001131989*s + 55.9447746408542)) ; sqrt(Abs(r))
1603,0.8862710062667382,B2*sqrt(Abs(B0 + B1*s)) ; B3 + i,0.127754012295483*sqrt(Abs(0.0724234851607547*s + 0.00691430785677816)) ; i + 0.000165677473191441
1604,0.8862685800193234,sqrt(Abs(B0 + B1*i + s)) ; B2*r,sqrt(Abs(1.00121431934328*i + s - 1.00132050284031)) ; 3.20639845968541*r
1605,0.8862685011521165,sqrt(Abs(B0 + B1*s - i)) ; B2*r,sqrt(Abs(i + 1.00119757999856*s - 0.99986467002877)) ; 14.1475474278831*r
1606,0.8862662591637535,B1*sqrt(Abs(B0 + 2*s)) ; B2*r + r**2,0.024520301108767*sqrt(Abs(2*s + 0.228177517790149)) ; r**2 + 9.35803604724645*r
1607,0.8862624497831167,B1*sqrt(Abs(B0*i + s)) ; r,0.0367247498522705*sqrt(Abs(0.0916796964827733*i + s)) ; r
1608,0.8862596627476225,sqrt(Abs(B0 + B1*s + i)) ; B2*r,sqrt(Abs(i + 0.998781994994187*s - 1.00015535279)) ; 0.00152577535855767*r
1609,0.8862489252560545,B1*sqrt(Abs(B0 + 2*s)) ; r,0.0240588656501054*sqrt(Abs(2*s + 0.145341322388508)) ; r
1610,0.8862479880421044,B0*i - i**2 ; B1*Abs(r)**(1/4),-i**2 + 0.376727329788914*i ; 0.84858701300835*Abs(r)**(1/4)
1611,0.8862479880227,B0*i - i**2 ; B1*r,-i**2 + 0.376713950483359*i ; 0.000873331038736977*r
1612,0.8862478512256289,B2*sqrt(Abs(B0*s + B1)) ; i*r - i + r,0.035468511464263*sqrt(Abs(0.924307670554526*s + 0.0718556640177647)) ; i*r - i + r
1613,0.8862478157241684,B0*i + i*s ; r,i*s - 0.622810544703812*i ; r
1614,0.8862478083715453,B0*i + i*s ; i*r,i*s - 0.623756237840275*i ; i*r
1615,0.8862384927524513,B2*sqrt(Abs(B0*s + B1)) ; r,0.142486536817419*sqrt(Abs(0.0572049100387272*s + 0.00639743594682987)) ; r
1616,0.8862334197884156,B2*sqrt(Abs(B0 + B1*s)) ; B3 + i - r,0.540809631260094*sqrt(Abs(0.00395221738734632*s + 0.000296405122270774)) ; i - r + 3.45172251343038
1617,0.8862262684033015,B1*sqrt(Abs(B0 + 2*s)) ; i,0.0239554840350934*sqrt(Abs(2*s + 0.197970196805656)) ; i
1618,0.8862095917150212,B2*sqrt(Abs(B0*s + B1)) ; i*r + i,0.00575866604845122*sqrt(Abs(35.0587811559723*s + 4.10024032795082)) ; i*r + i
1619,0.8862047602502797,B0*i*s**2 + B0*i*s ; B1*i*r,0.173386820573791*i*s**2 + 0.173386820573791*i*s ; 5.07733942879063*i*r
1620,0.8862009245451353,B0*s + s*sqrt(Abs(B1 + B2*s)) ; i*r**2,s*sqrt(Abs(0.155873790658793*s - 0.20838099995667)) - 0.228159812955811*s ; i*r**2
1621,0.8862009235664334,B0*s + s*sqrt(Abs(B1*s + B2)) ; r,s*sqrt(Abs(0.156299670295632*s - 0.209181898543963)) - 0.228963853228225*s ; r
1622,0.8861912797334796,B0 + B1*sqrt(Abs(s)) ; B2*i + B3*i**2,0.049827937377707*sqrt(Abs(s)) - 0.000382790863092765 ; 0.454510318012036*i**2 + 0.618763227266578*i
1623,0.8861892814889334,B0 + B1*sqrt(Abs(s)) ; B2 + i**2*r - r,0.0503667909580865*sqrt(Abs(s)) - 0.000378930810094399 ; i**2*r - r + 0.281393803084285
1624,0.8861876431484174,B0 + B1*sqrt(Abs(s)) ; Abs(B2*r - i*r)**(1/4),0.0494787275512994*sqrt(Abs(s)) - 0.000368319859898152 ; Abs(i*r - 4.05986798388932*r)**(1/4)
1625,0.8861842480643682,B0 + B1*sqrt(Abs(s)) ; Abs(-i*r + i + r)**(1/4),0.0506013950804815*sqrt(Abs(s)) - 0.000371992234693068 ; Abs(-i*r + i + r)**(1/4)
1626,0.8861772640398621,B0 + B1*sqrt(Abs(s)) ; B2 + B3*r + i*r,0.0507360632437434*sqrt(Abs(s)) - 0.00038780591578494 ; i*r + 0.000149578783696908*r + 7.25696872988711
1627,0.8861677922574817,B0*s*sqrt(Abs(i)) + B1*i*s ; i*sqrt(Abs(i - r)) - r,0.357801041701562*i*s + 0.00861343859329205*s*sqrt(Abs(i)) ; i*sqrt(Abs(i - r)) - r
1628,0.8861661184873638,B0*i + B1*i*s + B1*s ; B2 + B3*sqrt(Abs(r)),0.00178288943083802*i*s - 6.30543363549818e-5*i + 0.00178288943083802*s ; -0.967484224438639*sqrt(Abs(r)) - 1.27378648650651
1629,0.8861627677806203,B0*i**3 + B0*i*s ; B1*i,0.463026771449565*i**3 + 0.463026771449565*i*s ; 0.180503832825714*i
1630,0.8861589941762261,B0 + B1*sqrt(Abs(s)) ; -i + 2*r**2,0.0510825512738894*sqrt(Abs(s)) - 0.000403293425229878 ; -i + 2*r**2
1631,0.8861490668176896,B0*i + B1*sqrt(Abs(s)) ; B2 - i**2 + i*r,-4.99582291239993e-6*i + 0.0506198723733126*sqrt(Abs(s)) ; -i**2 + i*r - 268.244859681866
1632,0.8861295357059185,B0*i + B1*sqrt(Abs(s)) ; i,0.310342831154529*i + 0.0231810658758214*sqrt(Abs(s)) ; i
1633,0.8861134072640307,B0*sqrt(Abs(i)) + B1*sqrt(Abs(s)) ; Abs(r)**(1/4),-0.000375781853209615*sqrt(Abs(i)) + 0.0496563820078021*sqrt(Abs(s)) ; Abs(r)**(1/4)
1634,0.8861085005764701,B0*i*sqrt(Abs(s)) + B1*i*s ; B2*sqrt(Abs(i)),0.452208884360144*i*s - 0.123814113311304*i*sqrt(Abs(s)) ; 0.00268763244224612*sqrt(Abs(i))
1635,0.886097917747103,B0*sqrt(Abs(i)) + B1*sqrt(Abs(s)) ; r,-0.000408196317340156*sqrt(Abs(i)) + 0.0494551343180168*sqrt(Abs(s)) ; r
1636,0.8860938973008448,B0*i + B1*i*s + B1*s ; B2*i + B3*r,0.00612919902669765*i*s - 0.000328838873960162*i + 0.00612919902669765*s ; -111.726588554571*i - 114.072850645436*r
1637,0.8860785814615671,B0*s*sqrt(Abs(i)) + B1*i*s ; r,0.221327782609348*i*s + 0.0323755377886394*s*sqrt(Abs(i)) ; r
1638,0.8860739267714928,B0*i - i**2 + i*sqrt(Abs(s)) ; B1 + B2*i + r,-i**2 + i*sqrt(Abs(s)) - 0.0795682804790856*i ; 3.11392537235775*i + r - 1.31910033222943
1639,0.8860241096582205,B0*sqrt(Abs(i*s + s)) ; i*r + i,0.0337698326162232*sqrt(Abs(i*s + s)) ; i*r + i
1640,0.8859941862142076,B0*s + B1*i*s ; sqrt(Abs(B2*r + i*r - r**2)),0.257859294408111*i*s + 0.0056893018261048*s ; sqrt(Abs(i*r - r**2 + 0.0199231805032859*r))
1641,0.8859871887583654,B0*s + B2*s*sqrt(Abs(B1 + s)) ; i*r + r,-3.25773310466909*s*sqrt(Abs(s + 39.2074527893216)) + 20.6628352141337*s ; i*r + r
1642,0.8859680322032052,B1*sqrt(Abs(B0 - s)) ; B2 + r - sqrt(Abs(i + r)),0.0351881565937707*sqrt(Abs(s + 0.0393128634834013)) ; r - sqrt(Abs(i + r)) + 0.000105375583274785
1643,0.8859597344600442,B0*sqrt(Abs(s)) ; sqrt(Abs(B1 - Abs(i)**(1/8))),0.0341022606370352*sqrt(Abs(s)) ; sqrt(Abs(Abs(i)**(1/8) - 0.0389734618064576))
1644,0.885959052329274,B0*i**2 + B1*i*sqrt(Abs(s)) ; sqrt(Abs(B2 + i - r)),-3.33630170214109e-6*i**2 - 0.00140815248832414*i*sqrt(Abs(s)) ; sqrt(Abs(-i + r + 4.02770204929622))
1645,0.8859360230323678,B0*i ; i + sqrt(Abs(i)),-0.0123260770734164*i ; i + sqrt(Abs(i))
1646,0.885933489355544,B0*sqrt(Abs(s)) ; B1*i*r + sqrt(Abs(i)),0.033517636967753*sqrt(Abs(s)) ; 0.0144003466294175*i*r + sqrt(Abs(i))
1647,0.8859161734395107,B0*sqrt(Abs(s)) ; i*sqrt(Abs(B1*r + i)),0.0335176366651268*sqrt(Abs(s)) ; i*sqrt(Abs(i + 2.35232586519892*r))
1648,0.8859035689709985,B0*sqrt(Abs(s)) ; B1*sqrt(Abs(i)) + Abs(i)**(3/2),0.0341022587901335*sqrt(Abs(s)) ; Abs(i)**(3/2) + 0.00538608730157953*sqrt(Abs(i))
1649,0.8858861116295856,B0*sqrt(Abs(s)) ; B1 + r*sqrt(Abs(i)) + r,0.0341022532676559*sqrt(Abs(s)) ; r*sqrt(Abs(i)) + r + 0.889018226242418
1650,0.8858778631696158,B0*sqrt(Abs(s)) ; i + sqrt(Abs(B1 + i*r)),0.033969721196129*sqrt(Abs(s)) ; i + sqrt(Abs(i*r + 1.3803967051639))
1651,0.8858774717048558,B1*sqrt(Abs(B0 + i + s)) ; i,0.0339480893672596*sqrt(Abs(i + s + 0.0889753673085954)) ; i
1652,0.8858766033978989,B0*sqrt(Abs(s)) ; sqrt(Abs(i + sqrt(Abs(B1 + sqrt(Abs(r)))))),0.0339697168653209*sqrt(Abs(s)) ; sqrt(Abs(i + sqrt(sqrt(Abs(r)) + 0.00011597065224887)))
1653,0.8858666423711654,B0*sqrt(Abs(s)) ; r*sqrt(Abs(B1*i - r)),0.0335176647267787*sqrt(Abs(s)) ; r*sqrt(Abs(13.606746402415*i - r))
1654,0.8858627731634504,B0*sqrt(Abs(s)) ; r + sqrt(Abs(i))*Abs(r)**(3/2),0.0339045965689299*sqrt(Abs(s)) ; r + sqrt(Abs(i))*Abs(r)**(3/2)
1655,0.8858626653097424,B0*sqrt(Abs(s)) ; sqrt(Abs(B1 + i*r - i)),0.0339045967459938*sqrt(Abs(s)) ; sqrt(Abs(i*r - i + 0.0318622165454615))
1656,0.8858625326421583,B0*sqrt(Abs(s)) ; sqrt(Abs(i + sqrt(Abs(r - sqrt(Abs(r)))))),0.0339045958995735*sqrt(Abs(s)) ; sqrt(Abs(i + sqrt(Abs(r - sqrt(Abs(r))))))
1657,0.8858621887729001,B0*sqrt(Abs(s)) ; B1 + i - Abs(i)**(5/4),0.0339045994913735*sqrt(Abs(s)) ; i - Abs(i)**(5/4) + 4.99643036569045
1658,0.8858593849138507,B0*sqrt(Abs(s)) ; sqrt(Abs(B1 + B2*r - i)),0.033963074101835*sqrt(Abs(s)) ; sqrt(Abs(-i + 0.00663670469558146*r + 0.0142981053515779))
1659,0.8858588353935313,B0*sqrt(Abs(s)) ; B1*sqrt(Abs(i)) + i - r,0.0339630801502117*sqrt(Abs(s)) ; i - r + 1.21143862812085*sqrt(Abs(i))
1660,0.8858578626687872,B0*sqrt(Abs(s)) ; B1 + sqrt(Abs(B2 + i - r)),0.0335176901726073*sqrt(Abs(s)) ; sqrt(Abs(i - r + 0.000495854559234378)) + 33.8483740690801
1661,0.8858575278601197,B1*sqrt(Abs(B0 + s + sqrt(Abs(s)))) ; Abs(i + r*sqrt(Abs(i)))**(1/4),0.0354054838453412*sqrt(Abs(s + sqrt(Abs(s)) - 0.221130271098312)) ; Abs(i + r*sqrt(Abs(i)))**(1/4)
1662,0.8858568316778533,B0*sqrt(Abs(s)) ; -i + sqrt(Abs(2*i + r)),0.0339644990630418*sqrt(Abs(s)) ; -i + sqrt(Abs(2*i + r))
1663,0.8858536059867428,B0 + B1*Abs(i)**(1/4) ; B2*r + r**2,0.0932018126422238 - 0.0874693861521537*Abs(i)**(1/4) ; r**2 + 0.0017950385121974*r
1664,0.8858535320233515,B0 + B1*Abs(i)**(1/4) ; r,0.0934633469723462 - 0.0877604114386679*Abs(i)**(1/4) ; r
1665,0.8858535290900463,B0 + B1*Abs(i)**(1/4) ; sqrt(Abs(r)),0.0934657777476794 - 0.0877632887373695*Abs(i)**(1/4) ; sqrt(Abs(r))
1666,0.8858500525691445,B0*sqrt(Abs(s)) ; sqrt(Abs(B1 + i - 2*r)),0.0333894706331399*sqrt(Abs(s)) ; sqrt(Abs(i - 2*r + 29.6638037668809))
1667,0.8858460827931677,B1*sqrt(Abs(B0 + s + sqrt(Abs(s)))) ; B2 + B3*Abs(i)**(5/4),0.0357333571024801*sqrt(Abs(s + sqrt(Abs(s)) - 0.224479372474071)) ; 2.44455552855818*Abs(i)**(5/4) + 0.000998912073955441
1668,0.885839180433538,B0*sqrt(Abs(s)) ; B1*r - i - sqrt(Abs(i)),0.0333831568159874*sqrt(Abs(s)) ; -i + 5.23079718966409*r - sqrt(Abs(i))
1669,0.885839116804003,B0*sqrt(Abs(s)) ; sqrt(Abs(B1 + 2*i - r)),0.033383154206913*sqrt(Abs(s)) ; sqrt(Abs(2*i - r + 0.00134370984306914))
1670,0.8858333897645415,B0*sqrt(Abs(s)) ; sqrt(Abs(r*sqrt(Abs(i)) + sqrt(Abs(r)))),0.0333266687346338*sqrt(Abs(s)) ; sqrt(Abs(r*sqrt(Abs(i)) + sqrt(Abs(r))))
1671,0.8858145999038096,B0 + B1*i ; B2*i + i*sqrt(Abs(B3 - i + r)),0.606794505787242*i + 0.000302516623029508 ; i*sqrt(Abs(-i + r + 0.486120461459214)) - 0.26787770422341*i
1672,0.8857698260654828,B0*i + B0*s + B1*i*s ; B2*r,0.251840151778408*i*s + 0.00579426832707998*i + 0.00579426832707998*s ; 6.8463061438378*r
1673,0.8857591178925045,B0*i + B1*s ; B2*i*r - i + r,0.000182417788024799*i + 0.0451119729241827*s ; -0.0200498727865819*i*r - i + r
1674,0.8857318842595749,B1*sqrt(Abs(B0*s + i)) ; B2*i,0.0112641318159851*sqrt(Abs(i + 8.977549942336*s)) ; 0.98558318241683*i
1675,0.885706460321401,B0*s**2 + B1*s*sqrt(Abs(i)) ; B2*r,-0.0263036627957872*s**2 + 0.198446966081333*s*sqrt(Abs(i)) ; 10.3021748411183*r
1676,0.8856995831929555,2*Abs(i)**(3/2) ; B0*i + i*r,2*Abs(i)**(3/2) ; i*r + 0.23575825965165*i
1677,0.8856726302593093,B0*i + B0*Abs(s)**(3/2) + B1*s ; B2 + 2*i,-0.645278659262651*i + 0.677501653922239*s - 0.645278659262651*Abs(s)**(3/2) ; 2*i - 0.0755326217933004
1678,0.88566523754265,B0*i + i**2 ; B1 + i,i**2 + 0.99280908208125*i ; i + 0.000411072117707974
1679,0.8856237757870996,B0*i**2 + B1*s ; r,-0.0821416779604879*i**2 + 2.5304517019236*s ; r
1680,0.8856028367974936,B0 + B1*s + B2*s*sqrt(Abs(i)) ; 2*r,0.225245120230185*s*sqrt(Abs(i)) - 0.0243404971337686*s - 0.00583902202690296 ; 2*r
1681,0.8855660990352072,B0*s*sqrt(Abs(i**2 - i*s)) ; Abs(B1 + 2*i + r)**(1/4),0.00802949222576567*s*sqrt(Abs(i**2 - i*s)) ; Abs(2*i + r + 1.10852062540875)**(1/4)
1682,0.8855031181321776,B0*i ; r + sqrt(Abs(i)),-0.000119417308406667*i ; r + sqrt(Abs(i))
1683,0.8854981528920518,B0*Abs(s)**(1/4) ; sqrt(Abs(i + 2*r)),0.0210853652480291*Abs(s)**(1/4) ; sqrt(Abs(i + 2*r))
1684,0.8854951314516964,B0*s + B1*sqrt(Abs(i))*Abs(s)**(3/2) ; r,2.59020215466397*s - 0.180561101684269*sqrt(Abs(i))*Abs(s)**(3/2) ; r
1685,0.8854860812274831,B0*Abs(s)**(1/4) ; B1 + r + sqrt(Abs(r)),0.0208983603394024*Abs(s)**(1/4) ; r + sqrt(Abs(r)) + 0.000833354737997804
1686,0.8854486819383145,B0 + B1*i + B2*sqrt(Abs(s)) ; i,0.649042068203903*i + 0.0211903333864946*sqrt(Abs(s)) - 0.00108460929695959 ; i
1687,0.8854299679031592,B0*i + B2*sqrt(Abs(B1 + i)) ; B3 + B4*i,0.112742074756714*i + 0.100125214840039*sqrt(Abs(i + 0.155885451332054)) ; 0.0676245913767306*i + 0.0432667299820128
1688,0.8854191172587024,B0*i ; -i + sqrt(Abs(i)),-0.000119286216255772*i ; -i + sqrt(Abs(i))
1689,0.8852784134409073,B2*sqrt(Abs(B0 + B1*i)) ; i*r + i,0.378902275779183*sqrt(Abs(0.271834256256857*i - 0.00116039840401916)) ; i*r + i
1690,0.885261737270022,B0 + B1*i*s ; sqrt(Abs(B2*i**2 - i**3)),0.597267835607313*i*s + 5.98104915932776e-5 ; sqrt(Abs(i**3 - 0.167191666382883*i**2))
1691,0.8851734258722103,B0 + B1*i + B2*sqrt(Abs(s)) ; B3 + 2*r,-0.000598627333376067*i + 0.0589089690517534*sqrt(Abs(s)) - 0.0603821632732216 ; 2*r + 3.00222775259338
1692,0.8851728681212617,B0*i + B2*sqrt(Abs(B1 + i)) ; B3*i*r + B3*i + B4*r,0.146000320482079*i + 0.0861620213477891*sqrt(Abs(i - 0.0187916508242525)) ; 0.138393209477129*i*r + 0.138393209477129*i + 0.0884804162855888*r
1693,0.8851699853272841,B0 + B1*i + B2*i*sqrt(Abs(s)) ; B3 - 2*r,0.293280966028327*i*sqrt(Abs(s)) - 0.0818018636535629*i - 0.0141909721628293 ; -2*r - 0.240350746193261
1694,0.8851484131599058,B0 + B1*i ; sqrt(Abs(i - r + sqrt(Abs(r)))),0.000377548693345265*i + 0.0443736599654371 ; sqrt(Abs(i - r + sqrt(Abs(r))))
1695,0.8850570050424247,B0 + B1*i ; i + sqrt(Abs(B2*i*r + r)),0.000435827790511707*i + 0.0445526328661132 ; i + sqrt(Abs(1.23855060832469*i*r - r))
1696,0.8850022823167428,B0 - i - sqrt(Abs(B1 + s)) ; i,-i - sqrt(Abs(s - 37.7269284222609)) + 6.15326401371004 ; i
1697,0.8849882363934366,B0*i*s ; B1 + r - sqrt(Abs(i**2 - i*r)),-0.208335397478227*i*s ; r - sqrt(Abs(i**2 - i*r)) + 0.0732253561346757
1698,0.8849674244636906,B0*i*s**2 ; B1 - i**2 + i*r,-2.49350581194543*i*s**2 ; -i**2 + i*r + 0.0452375542100941
1699,0.8848953420906601,B0 + B1*sqrt(Abs(i)) ; sqrt(Abs(B2 - i - r + sqrt(Abs(r)))),0.0432127592233046 - 0.00478281280761065*sqrt(Abs(i)) ; sqrt(Abs(i + r - sqrt(Abs(r)) + 0.825065435807886))
1700,0.8848496415099395,B1*sqrt(Abs(B0 + sqrt(Abs(s)))) ; B3*sqrt(Abs(B2 + 2*i)),0.0377496532614229*sqrt(Abs(sqrt(Abs(s)) - 0.281762245659743)) ; 0.00906882503216567*sqrt(Abs(2*i + 0.000107030917927367))
1701,0.884800893134658,B0 + B1*i + B2*sqrt(Abs(s)) ; 2*i + sqrt(Abs(i)),-0.295648897440772*i + 0.0755138530660439*sqrt(Abs(s)) - 0.0748989206035537 ; 2*i + sqrt(Abs(i))
1702,0.8847815710440772,B0 + B1*i*s ; i - r + sqrt(Abs(B2 + 2*r)),-0.212364362697428*i*s + 0.00068136802903628 ; i - r + sqrt(Abs(2*r - 0.357014635504847))
1703,0.8847195476057621,B0 + B1*sqrt(Abs(i)) ; sqrt(Abs(B2*i + B3)),0.0485722764749668 - 0.00401621065873393*sqrt(Abs(i)) ; sqrt(Abs(2.79822311100128*i + 25.6119437857571))
1704,0.8846302172796091,B0*s + B0*Abs(s)**(1/4) ; i + r,0.0202859645047444*s + 0.0202859645047444*Abs(s)**(1/4) ; i + r
1705,0.8846028757353495,B0*s + B0*Abs(s)**(1/4) ; B1 - r,0.0209652949057853*s + 0.0209652949057853*Abs(s)**(1/4) ; 0.00050146197214368 - r
1706,0.8845538717034829,B0*i + B0*s ; B1 + i + sqrt(Abs(i)),0.0209230350659361*i + 0.0209230350659361*s ; i + sqrt(Abs(i)) - 0.122742731495261
1707,0.8845001687489719,B1*sqrt(Abs(B0 - i + s)) ; B2 + B3*i**2*r,0.00814053402332009*sqrt(Abs(-i + s + 32.2634908589441)) ; -4.30227568553351e-5*i**2*r - 1.3962357527795
1708,0.8844526171607976,B0 + B1*i*sqrt(Abs(s)) ; B2 + B3*sqrt(Abs(i)) + B4*r,-0.0018608371858897*i*sqrt(Abs(s)) + 0.0484731015079671 ; 0.373902668456584*r + 0.297478972284987*sqrt(Abs(i)) - 0.192267568838046
1709,0.8844417446598791,B0*i*s + B0*s*sqrt(Abs(i)) ; -i,0.000907732990008866*i*s + 0.000907732990008866*s*sqrt(Abs(i)) ; -i
1710,0.8844225879888179,B0 + B1*s + B1*sqrt(Abs(i)) ; B2 - 2*r + sqrt(Abs(r)),0.0431325294707107*s + 0.0431325294707107*sqrt(Abs(i)) - 0.139276825159858 ; -2*r + sqrt(Abs(r)) + 21.3393270402516
1711,0.88440632293535,B0*i ; B1*i + Abs(i)**(3/2),2.68681672986939*i ; 2.64919840888095*i + Abs(i)**(3/2)
1712,0.8844020028292536,B0*s + B0*sqrt(Abs(i)) ; B1 - r + Abs(i)**(3/2),0.0427208182186932*s + 0.0427208182186932*sqrt(Abs(i)) ; -r + Abs(i)**(3/2) + 0.126839965838621
1713,0.884226647801797,B1*sqrt(Abs(B0 + i)) ; B2*i*r + B2*r,0.0385237311255488*sqrt(Abs(i - 1.1570007353478)) ; 0.520067899041254*i*r + 0.520067899041254*r
1714,0.8841993466790926,B0 + B2*i*sqrt(Abs(B1 + s)) ; sqrt(Abs(i)),0.000690383318970864*i*sqrt(Abs(s - 0.393493203718919)) + 0.0462145877866976 ; sqrt(Abs(i))
1715,0.8841604238856602,B0*i**2 + B1*i*sqrt(Abs(s)) ; r,-0.150858214908398*i**2 + 0.297527645956471*i*sqrt(Abs(s)) ; r
1716,0.8841456574921699,B0 + B1*sqrt(Abs(s)) + B2*s ; B3*r + B4*sqrt(Abs(i))*Abs(r)**(3/2),-0.569520545264246*s + 0.79124081502601*sqrt(Abs(s)) - 0.211595368589756 ; 0.00191406735615494*r + 10.2158319783655*sqrt(Abs(i))*Abs(r)**(3/2)
1717,0.8840438123260068,B0 + B1*i + B2*s ; B3 + r + sqrt(Abs(B4 - i + sqrt(Abs(i)))),-0.000633614128659401*i + 0.0669850415517174*s - 0.0553621198957068 ; r + sqrt(Abs(i - sqrt(Abs(i)) + 0.0749082001192288)) - 0.147372803399751
1718,0.8840158720644358,B0*i + B1*s*Abs(i)**(1/4) ; sqrt(Abs(i)),-0.00010698159240849*i + 0.0356280529613467*s*Abs(i)**(1/4) ; sqrt(Abs(i))
1719,0.8839629319876489,B0 + B2*sqrt(Abs(B1*s + i*s)) ; B3*i + i**2,0.193057480497048*sqrt(Abs(i*s - 0.0368083510314021*s)) - 0.00639068556498098 ; i**2 - 0.062121135929279*i
1720,0.8838934661732213,B0*i ; sqrt(2)*sqrt(Abs(i)),-9.46031100354564e-5*i ; sqrt(2)*sqrt(Abs(i))
1721,0.8837822969814038,B0*s + B0*Abs(s)**(3/2) ; B1 + i + r,0.0235186667894237*s + 0.0235186667894237*Abs(s)**(3/2) ; i + r + 0.000220287623911066
1722,0.8837642215066311,B0*s - s**2 + Abs(s)**(3/2) ; B1 + r + sqrt(Abs(B2*r + i)),-s**2 - 0.00824783404234106*s + Abs(s)**(3/2) ; r + sqrt(Abs(i + 0.505130259425191*r)) + 0.206946896245641
1723,0.8837642215066235,B0*s - s**2 + Abs(s)**(3/2) ; B1 - i + r,-s**2 - 0.00824783252605893*s + Abs(s)**(3/2) ; -i + r + 14.0489943804977
1724,0.883764221506493,B0*s - s**2 + Abs(s)**(3/2) ; B1 + i**2,-s**2 - 0.00824782802276078*s + Abs(s)**(3/2) ; i**2 + 0.00131097265494972
1725,0.8837642215058565,B0*s - s**2 + Abs(s)**(3/2) ; B1 + 2*i - r,-s**2 - 0.00824784784933251*s + Abs(s)**(3/2) ; 2*i - r + 1.54042762510897
1726,0.883764221504535,B0*s - s**2 + Abs(s)**(3/2) ; B1 + i*r - i,-s**2 - 0.00824785684141969*s + Abs(s)**(3/2) ; i*r - i + 0.0619430442166242
1727,0.8837642214788691,B0*s - s**2 + Abs(s)**(3/2) ; B1 + B2*i**2 - i,-s**2 - 0.00824791736686225*s + Abs(s)**(3/2) ; 0.00184585652967176*i**2 - i + 0.327123497838192
1728,0.8837642116381171,B0*s - s**2 + Abs(s)**(3/2) ; r + sqrt(Abs(i)) - sqrt(Abs(r)),-s**2 - 0.00824625965195024*s + Abs(s)**(3/2) ; r + sqrt(Abs(i)) - sqrt(Abs(r))
1729,0.8837389231640752,i**2*s - i*s ; sqrt(Abs(B0*i + B1)),i**2*s - i*s ; sqrt(Abs(0.0148886505693704*i + 0.00149940359330384))
1730,0.8837108558281258,B0 + B1*sqrt(Abs(i)) ; sqrt(Abs(B2 - i + r)),0.0443086380780404 - 0.00359939330177427*sqrt(Abs(i)) ; sqrt(Abs(i - r + 2.66633137247957))
1731,0.8836827451997954,B0*i + B2*sqrt(Abs(B1 + i)) ; B3*i - i*sqrt(Abs(B4 - i)),-0.0044405197634144*i + 0.0446584810074952*sqrt(Abs(i + 0.361169184338448)) ; -i*sqrt(Abs(i + 1.19412155970217)) + 1.15296558875234*i
1732,0.8835313213664546,B0*Abs(i)**(3/2) + B1*i**2 ; r**2,-1.68381847521272*i**2 + 1.36762768573571*Abs(i)**(3/2) ; r**2
1733,0.8835274277255912,B0*i + B1*sqrt(Abs(s)) + B2*s ; B3*r + 2*i,0.186281450679295*i - 0.513603986126752*s + 0.522618206554819*sqrt(Abs(s)) ; 2*i + 0.840022308168568*r
1734,0.8834989334353064,B0 + B1*i + B2*Abs(s)**(1/4) ; B3 + r,0.00103621320854349*i - 0.206876474642761*Abs(s)**(1/4) + 0.240077633453719 ; r + 1.3699226427689e-5
1735,0.8834522687696655,B0 + B1*sqrt(Abs(i)) ; sqrt(Abs(B2 - 2*i)),0.040878280995414 - 0.00318045672191873*sqrt(Abs(i)) ; sqrt(Abs(2*i - 0.0414166922791916))
1736,0.8834204132888942,B0 + B1*sqrt(Abs(i)) + B2*s ; i**2,0.0353514189391161*s + 0.11551173284604*sqrt(Abs(i)) - 0.031771906927714 ; i**2
1737,0.8834110877782829,B0*i + B1*i*s - s ; r,0.0481379484852037*i*s - 3.90910378778896*i - s ; r
1738,0.8833037709063417,B0*i - i**2 + i*sqrt(Abs(s)) ; i - r*sqrt(Abs(i)),-i**2 + i*sqrt(Abs(s)) - 0.140723775613392*i ; i - r*sqrt(Abs(i))
1739,0.8832472342356225,B0*s + i*s ; i,i*s + 0.00881227811591478*s ; i
1740,0.8831333642396837,B0*i + i*s ; i,i*s + 0.256073890537405*i ; i
1741,0.8830571718852366,B0*i + B1*i**2 + B1*s ; B2 + B3*i,0.0780439865672139*i**2 - 0.150944698167782*i + 0.0780439865672139*s ; 0.355083502138978*i - 0.685758813742177
1742,0.8829363498164426,B0 + B1*i*sqrt(Abs(s)) ; sqrt(Abs(i)),0.000808701433446919*i*sqrt(Abs(s)) + 0.0477679047201884 ; sqrt(Abs(i))
1743,0.8828466372439314,B0 + B1*i + B2*s ; B3*i*sqrt(Abs(i + r)) + i*r,0.15613655095611*i + 0.00981385972555788*s + 0.0014585527330877 ; i*r + 0.0279118417834574*i*sqrt(Abs(i + r))
1744,0.8827318789881943,B0*i - i**2 + i*sqrt(Abs(s)) ; B1 + B2*i - r,-i**2 + i*sqrt(Abs(s)) - 0.200578094120772*i ; 1.58470550798345*i - r + 0.0156039534631242
1745,0.8827296426625288,B1*sqrt(Abs(s + sqrt(Abs(B0 - s)))) ; sqrt(Abs(i)),0.0345298670028829*sqrt(Abs(s + sqrt(Abs(s + 0.204250870746898)))) ; sqrt(Abs(i))
1746,0.8827170682619189,B1*sqrt(Abs(s + sqrt(Abs(B0 + i)))) ; sqrt(Abs(r)),0.0343815614857912*sqrt(Abs(s + sqrt(Abs(i - 1.20029735076089)))) ; sqrt(Abs(r))
1747,0.8826771502482121,B0 + B1*i + B1*sqrt(Abs(s)) ; B2 + B3*r,0.0112781671366683*i + 0.0112781671366683*sqrt(Abs(s)) + 0.0370454199140474 ; 0.159243338745194 - 0.0283746329720108*r
1748,0.8826533520258404,B0 + B1*s*sqrt(Abs(i)) ; i,0.203399517484893*s*sqrt(Abs(i)) + 0.00582801280809456 ; i
1749,0.882645960831439,-s**2 + Abs(s)**(3/2) ; sqrt(Abs(r)),-s**2 + Abs(s)**(3/2) ; sqrt(Abs(r))
1750,0.8826146185283054,i**2 ; B0 + B1*sqrt(Abs(i*r - r)),i**2 ; 0.124844569714731 - 0.109375521012583*sqrt(Abs(i*r - r))
1751,0.8825268589792441,B0 + B1*i + B1*s ; B2*i - r*Abs(i)**(3/2),0.0472654753580541*i + 0.0472654753580541*s + 0.0451145246339181 ; 98.5188670632*i - r*Abs(i)**(3/2)
1752,0.8822911417700077,B0*s + B1*sqrt(Abs(i - s)) ; sqrt(Abs(r)),0.170327648166258*s - 0.14068497870387*sqrt(Abs(i - s)) ; sqrt(Abs(r))
1753,0.8822518937129057,B0 + B1*sqrt(Abs(i)) ; sqrt(Abs(B2 + B3*r + B4*i)),0.0513189304020001 - 0.00516664940400815*sqrt(Abs(i)) ; sqrt(Abs(0.169194332503981*i - 0.270408270579561*r + 2.00023482494236))
1754,0.8822350879512184,i ; B0*i - i**2,i ; -i**2 + 1.03569315741921*i
1755,0.8822183926388681,s*sqrt(Abs(B0 + sqrt(Abs(i)))) ; B1*r,s*sqrt(Abs(sqrt(Abs(i)) - 8.53316780630358)) ; 68.7116251960465*r
1756,0.8821828964253569,B0 + B1*i*s + B1*i ; B2 - r,0.0383685653608934*i*s + 0.0383685653608934*i - 0.0869949007066176 ; -r - 1.83233334831257
1757,0.8820885283337729,B1*sqrt(Abs(B0 + s + sqrt(Abs(i)))) ; sqrt(Abs(i)),0.0174512124824976*sqrt(Abs(s + sqrt(Abs(i)) - 10.1305182242036)) ; sqrt(Abs(i))
1758,0.8820088003619215,B0*i + B1*sqrt(Abs(s**2 - s)) ; -i - r + sqrt(Abs(B2 + i)),0.000147221933765431*i + 0.1118167538334*sqrt(Abs(s**2 - s)) ; -i - r + sqrt(Abs(i + 1.75944295423375))
1759,0.8820059618088069,B0*Abs(i)**(9/8) ; i,1.62792398744672*Abs(i)**(9/8) ; i
1760,0.8819736650368306,B1*sqrt(Abs(B0 + sqrt(Abs(i - s)))) ; sqrt(Abs(i)),0.0170842638293665*sqrt(Abs(sqrt(Abs(i - s)) - 9.99740798750909)) ; sqrt(Abs(i))
1761,0.8819023690676165,B0*s + B0*sqrt(Abs(B1 - i)) ; B2*r,0.0247922060123053*s + 0.0247922060123053*sqrt(Abs(i - 1.00402469423623)) ; 7.13691697046462*r
1762,0.881900622573857,B0 + B1*s + B1*sqrt(Abs(s)) ; i - r - Abs(r)**(1/4),0.0248087672754149*s + 0.0248087672754149*sqrt(Abs(s)) - 9.24714954233613e-5 ; i - r - Abs(r)**(1/4)
1763,0.881900483662031,B0 + B1*s + B1*sqrt(Abs(s)) ; B2 + 2*i - r,0.0248423228040835*s + 0.0248423228040835*sqrt(Abs(s)) - 9.32481959215599e-5 ; 2*i - r + 0.779551662708177
1764,0.8819004665200663,B0 + B1*s + B1*sqrt(Abs(s)) ; B2*Abs(r)**(3/8),0.0247859884127851*s + 0.0247859884127851*sqrt(Abs(s)) - 9.2604023261899e-5 ; 0.135621311071925*Abs(r)**(3/8)
1765,0.8819002601085745,B0 + B1*s + B1*sqrt(Abs(s)) ; i,0.0248408849575485*s + 0.0248408849575485*sqrt(Abs(s)) - 9.42319595297899e-5 ; i
1766,0.8819002257250131,B0 + B1*s + B1*sqrt(Abs(s)) ; B2*sqrt(Abs(i)),0.0248825678555954*s + 0.0248825678555954*sqrt(Abs(s)) - 9.35417536042189e-5 ; 0.00996801661210559*sqrt(Abs(i))
1767,0.8818999361372682,B0 + B1*s + B1*sqrt(Abs(s)) ; B2 + i,0.0248821620977156*s + 0.0248821620977156*sqrt(Abs(s)) - 9.48319022604595e-5 ; i + 0.0202115428163027
1768,0.8818982235376848,B0 + B1*s + B1*sqrt(Abs(s)) ; r,0.0247516830044727*s + 0.0247516830044727*sqrt(Abs(s)) - 0.000100677047061583 ; r
1769,0.8818966076826698,B0*i + B2*sqrt(Abs(B1 + i)) ; B3*i - Abs(i)**(3/2),-0.00489788995814356*i + 0.0492190703432289*sqrt(Abs(i + 0.356605363068187)) ; 0.460691893834467*i - Abs(i)**(3/2)
1770,0.8818950627407649,B0 + B1*s + B1*sqrt(Abs(s)) ; B2*i,0.0250839044802736*s + 0.0250839044802736*sqrt(Abs(s)) - 9.50092106295369e-5 ; 0.000100896565769764*i
1771,0.8818942544637187,B0 + B1*s + B1*sqrt(Abs(s)) ; 2**(1/8)*sqrt(Abs(i))*Abs(r)**(1/8),0.0251033229394617*s + 0.0251033229394617*sqrt(Abs(s)) - 9.49832123513201e-5 ; 2**(1/8)*sqrt(Abs(i))*Abs(r)**(1/8)
1772,0.881867296569522,B0 + B1*i + B2*s ; i + r,0.000371141224376932*i + 0.0297892853983483*s + 0.0163437766542686 ; i + r
1773,0.8817499295462236,B0 + B1*i + B1*s ; i + r,0.000680744432616858*i + 0.000680744432616858*s + 0.0274580011078097 ; i + r
1774,0.8817451191452869,B0*i*s**2 ; B2*r*sqrt(Abs(B1 + i)) - r**2,0.366888895289765*i*s**2 ; -r**2 + 0.000970722960192453*r*sqrt(Abs(i + 44.8636189253045))
1775,0.8817206638416766,B0*i + B1*i**2 ; sqrt(Abs(B2*r + B3)),4.11803351643914*i**2 - 0.198714670530121*i ; sqrt(Abs(0.00134737095063622*r - 0.0015441798280235))
1776,0.8816403729924865,B0*s + B1*s*Abs(i)**(3/2) ; i,-7.54565465051339*s*Abs(i)**(3/2) + 0.151882766496458*s ; i
1777,0.8816330331487718,B0 + B1*sqrt(Abs(i)) - 2*i ; B2 - r + sqrt(Abs(B3 + r)),-2*i + 0.534824839304057*sqrt(Abs(i)) - 0.412139923436123 ; -r + sqrt(Abs(r + 0.0579415041144598)) - 0.240689885601468
1778,0.8815422046272339,B0*s + B2*sqrt(Abs(B1 + i)) ; i**2,0.031600939079279*s + 0.0761355919043814*sqrt(Abs(i - 0.0815965413399598)) ; i**2
1779,0.8815027855689935,B0 + i**2 ; B1*i + B1*sqrt(Abs(B2 + r)) - r,i**2 - 0.0221497621667896 ; 1.35239954638324*i - r + 1.35239954638324*sqrt(Abs(r - 0.0417873726473258))
1780,0.8814977269494426,B0*s + B2*sqrt(Abs(B1 + i)) ; Abs(i)**(5/4),0.0199144614054874*s + 0.140178512970385*sqrt(Abs(i - 0.0276298633134555)) ; Abs(i)**(5/4)
1781,0.8814799437065768,B0*s + B0*sqrt(Abs(s)) ; i**2*r + 2*r,0.0237027254807261*s + 0.0237027254807261*sqrt(Abs(s)) ; i**2*r + 2*r
1782,0.8814476843458884,B0*s*Abs(i)**(1/4) ; sqrt(Abs(r - Abs(i*r + r)**(1/4))),0.0777324301256914*s*Abs(i)**(1/4) ; sqrt(Abs(r - Abs(i*r + r)**(1/4)))
1783,0.8814397462691652,i*s*sqrt(Abs(B0 + s)) ; r,i*s*sqrt(Abs(s - 0.605988417737555)) ; r
1784,0.8814309581544242,B0*s**2 + B0*s ; Abs(r)**(1/4),0.0235454957679884*s**2 + 0.0235454957679884*s ; Abs(r)**(1/4)
1785,0.8813829806020601,B0*i + B1*i**2 ; sqrt(Abs(B2 + B3*r)),0.456720977210167*i**2 - 0.436889713491677*i ; sqrt(Abs(0.0013205941174107*r - 0.00138050920437073))
1786,0.8813657062730582,B0*s + B2*sqrt(Abs(B1 + i)) ; sqrt(Abs(B3*i + B4*sqrt(Abs(i)))),2.71961333931317*s + 0.0697957818584883*sqrt(Abs(i + 0.764365505946829)) ; sqrt(Abs(2.16148946530305*i + 2.05560951792258*sqrt(Abs(i))))
1787,0.8813496220948004,B1*sqrt(Abs(B0 + 2*i + s)) ; B2 + i**2,0.00252237298982994*sqrt(Abs(2*i + s + 199.851761697827)) ; i**2 + 0.0410980957682126
1788,0.8813278160349044,B0*s*Abs(i)**(3/2) + B0*s ; B1 - r,0.022725876061745*s*Abs(i)**(3/2) + 0.022725876061745*s ; -r - 1.08865148648819
1789,0.8811425731495537,B0*sqrt(Abs(i*s + s)) ; r,0.0262533676276914*sqrt(Abs(i*s + s)) ; r
1790,0.8810638871984453,B0*sqrt(Abs(i*s + i)) ; i*r + i,0.158996913998136*sqrt(Abs(i*s + i)) ; i*r + i
1791,0.881045644533356,B0*i ; B1*i + 2*i*r,0.243361009452783*i ; 2*i*r + 0.0087785791881925*i
1792,0.880938211507966,B0*s**2 + B0*sqrt(Abs(i)) ; B1*sqrt(Abs(i)),0.0410163861678418*s**2 + 0.0410163861678418*sqrt(Abs(i)) ; 0.07241075896769*sqrt(Abs(i))
1793,0.8809373974506609,B0*s*sqrt(Abs(i + s)) ; i,0.0447808767661989*s*sqrt(Abs(i + s)) ; i
1794,0.8809341502282719,B1*i*sqrt(Abs(B0*i - s)) ; i + sqrt(Abs(B2 + i**2)),-0.0189718823578501*i*sqrt(Abs(0.053350296542171*i - s)) ; i + sqrt(Abs(i**2 + 1.06825097675446))
1795,0.8809321211853529,B0 + B1*i + B1*sqrt(Abs(i)) ; sqrt(Abs(i)),0.000490591620126912*i + 0.000490591620126912*sqrt(Abs(i)) + 0.0484817135467187 ; sqrt(Abs(i))
1796,0.8808974245365608,B0*i + Abs(i)**(3/2) ; B1 - i**2 + i*sqrt(Abs(i + r)),0.204682186533068*i + Abs(i)**(3/2) ; -i**2 + i*sqrt(Abs(i + r)) + 0.000680769249902566
1797,0.8808786480675843,B0 + B1*i + B1*s ; B2*i + i**2 - i*r,0.233329121155227*i + 0.233329121155227*s - 0.254486069368972 ; i**2 - i*r - 0.92264284664472*i
1798,0.8808463989201903,B0 + B1*i ; B2 + sqrt(Abs(B3*i + i*r)),0.000373752572406008*i + 0.0409020530815379 ; sqrt(Abs(i*r - 0.00402920000360916*i)) - 0.00174907108885683
1799,0.8808331471630603,B0 + B1*sqrt(Abs(i)) ; sqrt(Abs(B2*r + Abs(r)**(1/4))),0.0630042524641364 - 0.0571836297782043*sqrt(Abs(i)) ; sqrt(Abs(0.0251621127238289*r + Abs(r)**(1/4)))
1800,0.8808228374601964,Abs(i)**(3/2) ; Abs(i)**(3/2),Abs(i)**(3/2) ; Abs(i)**(3/2)
1801,0.8806039711806355,B0*i**2*sqrt(Abs(i + 2*s)) ; B1*i**2,12.8514146885981*i**2*sqrt(Abs(i + 2*s)) ; 14.1778642000948*i**2
1802,0.8805675006240372,B0*i + B1*s ; B2 + B3*r**2 + i + r,0.0173974477724697*i + 0.0310629060748885*s ; i - 0.32008268071608*r**2 + r - 0.178657190483553
1803,0.8804134101144241,B0 + B1*i*s + B1*i ; i,0.599191418434327*i*s + 0.599191418434327*i + 0.000482933790372123 ; i
1804,0.8803867358093389,B0 + B1*sqrt(Abs(i)) ; sqrt(Abs(B2 - Abs(r)**(5/4))),0.0539348260909014 - 0.00465691725627029*sqrt(Abs(i)) ; sqrt(Abs(Abs(r)**(5/4) - 21.5519613364148))
1805,0.8803694970179723,B0*i**2 + B1*s ; B2 + r,-1.80873703672136e-5*i**2 + 2.7154954028103*s ; r + 4.44815028306751
1806,0.8803403258066822,B0*i + B1*i**2 ; sqrt(Abs(B2*i + B2*r + B3)),12.5917989215782*i**2 + 0.592741280442003*i ; sqrt(Abs(0.00126787182754625*i + 0.00126787182754625*r - 0.00141714897802599))
1807,0.8803323033878698,B0*i + i**2 ; sqrt(Abs(B1 + B2*i + B2*r)),i**2 - 0.592665680472447*i ; sqrt(Abs(0.00125594133325861*i + 0.00125594133325861*r - 0.00137476117026917))
1808,0.8802751882523302,B0*i + B2*sqrt(Abs(B1 + s)) ; sqrt(Abs(B3*i + i*r)),-0.000930662386825565*i - 0.0884418145942829*sqrt(Abs(s - 0.982328391238762)) ; sqrt(Abs(i*r + 5.04907747995493*i))
1809,0.8801340573391999,B0 + B1*sqrt(Abs(i)) ; sqrt(Abs(-B2 + i**2 + i)),0.0317063294254925 - 0.00227812909560425*sqrt(Abs(i)) ; sqrt(Abs(i**2 + i + 0.203608699588806))
1810,0.8801186604692192,B0*sqrt(Abs(i))*sqrt(Abs(s)) ; B1 + B2*i*r + i,0.0844083028080795*sqrt(Abs(i))*sqrt(Abs(s)) ; 0.767174851443611*i*r + i + 0.288099999054986
1811,0.8801093676743477,B0*s - i*s + Abs(s)**(3/2) ; B1 + B2*r,-i*s - 1.02362450055437*s + Abs(s)**(3/2) ; 0.00155619410176447*r + 0.0767701023699254
1812,0.8800851614931571,B0*i + B1*i*s**2 ; B2 + r,-0.00123784194791741*i*s**2 + 1.16250434148403e-5*i ; r + 0.0142004408045621
1813,0.8800622737520468,B0 + B1*i + B2*s**2 ; i,0.935459494821684*i + 0.00931150237248701*s**2 - 0.000347340485387601 ; i
1814,0.880006727659271,B0*Abs(s)**(1/4) + B1*s ; i,0.0356984555419148*s + 0.0131186823812298*Abs(s)**(1/4) ; i
1815,0.8799844386638781,B0*s - i*s + Abs(s)**(3/2) ; B1 + B2*i,-i*s - 1.02604948216832*s + Abs(s)**(3/2) ; 0.0787513455849766 - 0.00115974854912814*i
1816,0.8799346648587542,B0 + B1*i*s ; sqrt(Abs(i))*Abs(i*r - i + r)**(1/4),-0.000997016620781174*i*s + 0.0144020114997255 ; sqrt(Abs(i))*Abs(i*r - i + r)**(1/4)
1817,0.8799214490545698,B0 + B1*i + B2*s ; i - sqrt(Abs(r)),0.0587359546430981*i - 0.0283329807482865*s + 0.000819426736243093 ; i - sqrt(Abs(r))
1818,0.8798746486530622,B0*Abs(i)**(3/2) + B1*s*sqrt(Abs(i)) ; i**2,0.0931558831721485*s*sqrt(Abs(i)) + 0.323989305988119*Abs(i)**(3/2) ; i**2
1819,0.8797099145881384,B0*i + B1*s ; B2 + i**2 + 2*i,-0.0115681696930112*i + 0.0432289051565391*s ; i**2 + 2*i + 0.978262243307444
1820,0.8797074780248183,B1*sqrt(Abs(B0 + i + s)) ; B2 + B3*i + B4*i**2,0.0106344730205867*sqrt(Abs(i + s + 16.0187480783299)) ; -0.0433489783392722*i**2 - 0.691489521982605*i + 0.0576533615170527
1821,0.879657016470237,sqrt(Abs(B0*s + B0*sqrt(Abs(s)))) ; B1*r,sqrt(Abs(0.000607000247213789*s + 0.000607000247213789*sqrt(Abs(s)))) ; 0.000254336335916443*r
1822,0.879513772059874,B0 + B1*i ; i**2,0.020327510653181 - 0.0816712677414753*i ; i**2
1823,0.8794689681669536,B0*sqrt(Abs(i)) + B1*s ; B2*i*r - r**2,0.0476574187701707*s + 0.00934024960059024*sqrt(Abs(i)) ; 0.00128414776370953*i*r - r**2
1824,0.879441046316805,B0*Abs(i)**(1/4) + B1*s ; B2*r + B3*r**2,0.045105987254055*s + 0.00918480471545326*Abs(i)**(1/4) ; 0.0502253137807316*r**2 + 1.75631915657041*r
1825,0.8794409625018652,B0*Abs(i)**(1/4) + B1*s ; r,0.0450425490055246*s + 0.00922217156343328*Abs(i)**(1/4) ; r
1826,0.879428280131763,B0*s + B1*s**2*sqrt(Abs(i)) ; sqrt(Abs(r)),0.36019920573528*s**2*sqrt(Abs(i)) - 0.0498821333593375*s ; sqrt(Abs(r))
1827,0.8793724267848896,B0 - i**2 + i ; i,-i**2 + i - 0.000159903092946378 ; i
1828,0.8792801929168913,B0*i + B0*sqrt(Abs(s)) ; B1*i - i**2 + r,0.0447243935325832*i + 0.0447243935325832*sqrt(Abs(s)) ; -i**2 + 3.26236881913163*i + r
1829,0.879203408430226,B0 + B1*sqrt(Abs(i)) ; sqrt(Abs(B2*Abs(i)**(3/2) - 2*i)),0.0529914935304886 - 0.00502336023483571*sqrt(Abs(i)) ; sqrt(Abs(2*i + 0.565764830548201*Abs(i)**(3/2)))
1830,0.879092362920504,i*sqrt(Abs(i + Abs(s)**(1/4))) ; i,i*sqrt(Abs(i + Abs(s)**(1/4))) ; i
1831,0.8789971268674202,B0*sqrt(Abs(i + sqrt(Abs(i - s)))) ; B1 + B2*r,0.0457411467773438*sqrt(Abs(i + sqrt(Abs(i - s)))) ; 0.158381041648631 - 0.0782979870461245*r
1832,0.8789484744540086,B0 + i**2 ; B1 + i**2,i**2 + 0.0114976571555694 ; i**2 + 0.0117667047385859
1833,0.8789327186887268,B0*i ; i**2,0.0886127850442892*i ; i**2
1834,0.8788956639813555,B0*sqrt(Abs(i)) ; B1 + i*r - r,0.0327702654910494*sqrt(Abs(i)) ; i*r - r + 0.479387315510754
1835,0.8788505718270021,B0*i ; B1 + i + r,0.00764453950635586*i ; i + r - 0.194331881518818
1836,0.878674174746812,B0*i - 2*i*s ; B2*Abs(B1 + i)**(1/4),-2*i*s + 0.226872205247781*i ; 0.0175086699888619*Abs(i + 25.789492807716)**(1/4)
1837,0.8786662953343142,B0 + B1*i ; i + sqrt(Abs(i)),0.0100946096669554*i + 0.0214891874221852 ; i + sqrt(Abs(i))
1838,0.8786640866277585,B0 + B1*i + B2*s ; B3*i,-0.00992449508961504*i + 0.0413130124963473*s + 0.0138895691744084 ; 105.344621046791*i
1839,0.8786633014217534,B0 + B1*sqrt(Abs(i)) ; sqrt(2)*sqrt(Abs(i)),0.0410062075125604 - 0.00318274032364115*sqrt(Abs(i)) ; sqrt(2)*sqrt(Abs(i))
1840,0.8786371054142684,B0*s*sqrt(Abs(i - s)) ; i**2,0.0473059310542385*s*sqrt(Abs(i - s)) ; i**2
1841,0.8786089381972999,B0 + B1*i + B2*s ; B3*r + r*sqrt(Abs(i)),63.0323925637495*i + 63.0756005742739*s - 63.0261080113959 ; r*sqrt(Abs(i)) + 46.6410477476226*r
1842,0.8786089381247274,B0 + B1*s ; B2 + 3*i - r,0.0432102395995926*s + 0.00628397924762971 ; 3*i - r + 0.000474703105171433
1843,0.8786089380944528,B0*i + B1*s ; Abs(B2*r + i*r)**(1/4),0.00628393978900275*i + 0.049494592286071*s ; Abs(i*r + 0.044341038660137*r)**(1/4)
1844,0.8786089379368702,B0*i + B1*s ; B2*r + B3*r**2,0.00628098510375774*i + 0.049490671142062*s ; 38.3012072574706*r**2 + 0.00430258213019849*r
1845,0.878608937891169,B0 + B1*i + B2*s ; B3*Abs(i)**(1/4)*Abs(r)**(1/4),-41.834132491102*i - 41.7909197571338*s + 41.8404151451958 ; 87.0154472636843*Abs(i)**(1/4)*Abs(r)**(1/4)
1846,0.878608937772689,B0 + B1*i ; B2*r + B3*r**2,0.0494930753040874 - 0.0432039320422796*i ; 8.18233120430523*r**2 + 34.6393618601123*r
1847,0.8786089377663711,B0 + B1*s ; B2*r + B3*i*r,0.0432080155563531*s + 0.00628052867198198 ; 0.0479596076709258*i*r + 0.0557086906365137*r
1848,0.8786089377160587,B0 + B1*i + B2*s ; sqrt(Abs(r)),0.00435333823864007*i + 0.0475672857951813*s + 0.00192875705454689 ; sqrt(Abs(r))
1849,0.8786089374239868,B0 + B1*s ; B2 + B3*i + B3*sqrt(Abs(i)),0.0432091742439088*s + 0.00628948905777328 ; 34.5550808361726*i + 34.5550808361726*sqrt(Abs(i)) + 0.633125266651938
1850,0.8786089372830861,B0 + B1*s ; B2 + B3*i + B4*r,2.72186152264949*s + 0.395439220874994 ; 0.0135984455314018*i + 1.84517526572981*r + 1.7190466951901
1851,0.8786089371566399,B0 + B1*s ; B3*Abs(B2 + 2*r)**(1/4),0.0432135750790896*s + 0.00628712653642494 ; 1.07999436243716*Abs(2*r + 0.09237836729056)**(1/4)
1852,0.8786089367439408,B0 + B1*i + B2*s ; 2*r + sqrt(Abs(r)),0.223608941699094*i + 0.266806479359357*s - 0.217319934137871 ; 2*r + sqrt(Abs(r))
1853,0.878608936580347,B0 + B1*s ; sqrt(Abs(B2 + B3*sqrt(Abs(i)) + r)),0.043197894737099*s + 0.00628568780486948 ; sqrt(Abs(r + 45.4254956851095*sqrt(Abs(i)) + 93.6793902079693))
1854,0.8786089363474303,B0*i + B1*s ; B2*Abs(i)**(1/4)*Abs(r)**(1/4),0.00629364893834006*i + 0.0494922233875102*s ; 40.292887607378*Abs(i)**(1/4)*Abs(r)**(1/4)
1855,0.8786089360275829,B0 + B1*s ; B2 + 2*i + 2*r,0.0432183468058575*s + 0.00627497751536937 ; 2*i + 2*r + 2.97611554743572
1856,0.8786089360222157,B0 + B1*s ; B2*i + B2*sqrt(Abs(i + r)),0.0432022321654699*s + 0.0062951984363992 ; 4.18675706219413*i + 4.18675706219413*sqrt(Abs(i + r))
1857,0.8786089309904154,B0 + B1*i ; B2*r + B3*i*r,0.0494714875009294 - 0.0431906140288599*i ; 0.221189329958483*i*r + 0.00324238030206202*r
1858,0.8786089301747078,B0 + B1*s ; B2*i + i**2*r,0.0432018522767643*s + 0.00630419007861691 ; i**2*r + 0.000767287165553559*i
1859,0.8786089277698017,B0 + B1*i + B2*s ; B3*Abs(r)**(1/4),-0.0835415754962229*i - 0.0403057167403886*s + 0.0898144438498764 ; 0.883906461271245*Abs(r)**(1/4)
1860,0.8786089155416575,B0 + B1*i + B2*s ; B3*sqrt(Abs(r)) + B4*r,113.039907024552*i + 115.761766279242*s - 112.64617334383 ; 0.000229026440652386*r + 28.5381860628534*sqrt(Abs(r))
1861,0.8786089071225972,B0 + B1*i + B2*s ; r*sqrt(Abs(i)),103.188277183388*i + 105.910157088344*s - 102.793582105685 ; r*sqrt(Abs(i))
1862,0.8786088865915945,B0 + B1*i + B2*s ; -i*r,0.111988789143891*i + 0.155134705596396*s - 0.105678036033595 ; -i*r
1863,0.8786088857339004,B0 + B1*i + B2*s ; B3*r,-4638.05941211909*i - 4638.01614181635*s + 4638.06567456226 ; 0.0375516341506784*r
1864,0.8786088612215506,B0 + B1*i + B2*s ; B3*Abs(r)**(5/16),-237.514424233033*i - 234.792562485751*s + 237.91350640103 ; 1.73680019079643*Abs(r)**(5/16)
1865,0.8786088492700316,B0 + B1*i + B2*s ; Abs(r)**(5/8),208.706890345389*i + 208.750179824805*s - 208.700640233788 ; Abs(r)**(5/8)
1866,0.8786088392437471,B0 + B1*i + B2*s ; -2*r,11.1711548751609*i + 13.8930775146504*s - 10.7724229750168 ; -2*r
1867,0.8786088381804825,B0 + B1*i + B2*s ; -sqrt(Abs(r)),-0.0281206204280547*i + 0.0150009845682217*s + 0.0344416824561426 ; -sqrt(Abs(r))
1868,0.8786088149105159,B0 + B1*i + B2*s ; -r**2 + sqrt(2)*Abs(r)**(3/2),53.8293525770321*i + 56.5512800158907*s - 53.4311802022344 ; -r**2 + sqrt(2)*Abs(r)**(3/2)
1869,0.8786088116542674,B0 + B1*i + B2*s ; r**2,0.776493769070411*i + 0.819798986356068*s - 0.77025005207173 ; r**2
1870,0.8786087957009914,B0 + B1*i + B2*s ; B3*r + i*r,33.8539405540316*i + 33.8972517252263*s - 33.847699364166 ; i*r + 2.8603748025387*r
1871,0.8786087711910214,B0 + B1*i + B2*s ; r**2 + r,-0.128684641129869*i - 0.0855882454401178*s + 0.135016256804025 ; r**2 + r
1872,0.8786087688591718,B0 + B1*s ; 2*i - sqrt(Abs(i))*sqrt(Abs(r)),0.0430956202914201*s + 0.00633195968807371 ; 2*i - sqrt(Abs(i))*sqrt(Abs(r))
1873,0.878608765073831,B0 + B1*i + B2*s ; -i*r + r,-0.0829440574331893*i - 0.0396223240063029*s + 0.089180835508534 ; -i*r + r
1874,0.8786087563455063,B0 + B1*s ; -i - r + sqrt(Abs(i)) - sqrt(Abs(r)),0.0430915473955253*s + 0.00633367775962609 ; -i - r + sqrt(Abs(i)) - sqrt(Abs(r))
1875,0.878608746875195,B0 + B1*i + B2*s ; r*sqrt(Abs(B3 + i)),-0.124856747553834*i - 0.081529177900714*s + 0.131091079391407 ; r*sqrt(Abs(i + 0.0291785859024419))
1876,0.8786087385519699,B0 + B1*i + B2*s ; B3*r + B4*r**2,8.23420755714608*i + 10.9561540992736*s - 7.83414260949576 ; 15.6493641648483*r**2 + 1.41328053479101*r
1877,0.878608726728415,B0 + B1*i + B2*s ; r,-0.0335842695670427*i + 0.00974944645378993*s + 0.0398160128595158 ; r
1878,0.8786087022215059,B0 + B1*i + B2*s ; Abs(r)**(1/8),-0.0212667610388445*i + 0.0218086070316772*s + 0.0276072649771341 ; Abs(r)**(1/8)
1879,0.8786086941812207,B0 + B1*i ; -i**2*r + 2*r,0.0495708779621376 - 0.0433430576248551*i ; -i**2*r + 2*r
1880,0.8785944643495102,B0*s*Abs(i)**(1/4) ; B1*i + 2*i**2,0.0181775867043425*s*Abs(i)**(1/4) ; 2*i**2 + 9.63029470775569*i
1881,0.8785620593368226,B0*Abs(i)**(1/4) ; -r + sqrt(Abs(B1 + i)),0.0150003095242465*Abs(i)**(1/4) ; -r + sqrt(Abs(i + 0.0294157742194001))
1882,0.8785606882618214,B0*Abs(i)**(3/2) ; B1*i**2,5.62453471564997*Abs(i)**(3/2) ; 43.9991634273203*i**2
1883,0.8785486529530953,B0*s + B1*sqrt(Abs(i - s)) ; B2 + i*r + r,0.0489456784260443*s + 0.00208251006561117*sqrt(Abs(i - s)) ; i*r + r - 0.000603369849791627
1884,0.8785479837148823,B0*i + B0*Abs(s)**(1/4) ; B1 + B3*r*sqrt(Abs(B2 + r)),0.0462218881755972*i + 0.0462218881755972*Abs(s)**(1/4) ; -0.00943871403904455*r*sqrt(Abs(r + 12.8179238770966)) + 0.0585616163798633
1885,0.8785367973943631,B0*s + B1*i**2*s ; i,-24.9756161727642*i**2*s + 0.114346632214519*s ; i
1886,0.8785142896754544,B0*i ; B1*Abs(i)**(3/2),0.751735289448752*i ; 5.99868648506055*Abs(i)**(3/2)
1887,0.8785095179707083,B0*i + B1*i**2 ; sqrt(Abs(B2*r + B3*i)),6.1626169703429*i**2 - 0.918880967357289*i ; sqrt(Abs(0.0395386421846144*i + 0.00055367233686173*r))
1888,0.8784791462739958,B0 + B1*i ; Abs(i)**(3/2),0.0169224932307655 - 0.0960646866702107*i ; Abs(i)**(3/2)
1889,0.8784714533840309,B0 + B1*i*s + B1*s ; r,0.0381161016159855*i*s + 0.0381161016159855*s + 0.00652833658950523 ; r
1890,0.8784637416018537,B0*s**2 + B1*s*sqrt(Abs(i)) ; B2*i + 2*i*r,0.026302171754283*s**2 + 0.0109841981514478*s*sqrt(Abs(i)) ; 2*i*r - 0.0460303219852163*i
1891,0.8784183533939307,B0*s + B1*Abs(i)**(1/4)*sqrt(Abs(s)) ; B2 + r,2.71165112837877*s - 0.0773549583742104*Abs(i)**(1/4)*sqrt(Abs(s)) ; r + 0.000678576475865381
1892,0.878354504929808,B0*i + B2*sqrt(Abs(B1 + 2*i)) ; sqrt(Abs(B3 + i + r)),0.0022572210643497*i + 0.0162900552025856*sqrt(Abs(2*i + 6.91627929321685)) ; sqrt(Abs(i + r + 11.9461398335982))
1893,0.8783544960226025,B0*i ; B1 + i - r,0.000120428088990439*i ; i - r - 350.10959551972
1894,0.8783544960226025,B0*i ; B1 - 2*i,-0.000120428088994603*i ; 150.280135881933 - 2*i
1895,0.8783544960226025,B0*i ; B1 + 2*r,-0.000120428088989705*i ; 2*r + 150.240135900216
1896,0.8783544960226025,B0*i**2 ; sqrt(Abs(B1 - i)),1.20428088991256e-6*i**2 ; sqrt(Abs(i - 34303.2214307251))
1897,0.8783544960225539,B0*sqrt(Abs(i)) ; sqrt(Abs(B1 + sqrt(Abs(r)))),0.00120428089005413*sqrt(Abs(i)) ; sqrt(sqrt(Abs(r)) + 23047.0534758609)
1898,0.8783544960223602,B0*i**2 ; B1 + r,1.20428088991261e-6*i**2 ; r + 172.271587428174
1899,0.8783544960221433,B0*i**2 ; B1 + sqrt(Abs(r)),1.20428088991261e-6*i**2 ; sqrt(Abs(r)) + 180.501859533956
1900,0.8783544960214027,B0*i ; sqrt(Abs(B1 + sqrt(Abs(i)))),-0.000120428088989648*i ; sqrt(sqrt(Abs(i)) + 30228.5452142199)
1901,0.8783544960206436,B0*sqrt(Abs(i)) ; B1 + i - r,0.00120428083907144*sqrt(Abs(i)) ; i - r - 311.964775593281
1902,0.8783544960205623,B0*sqrt(Abs(i)) ; B1 + B2*i,0.00120428089004286*sqrt(Abs(i)) ; 112.092276568972 - 1.88664498772903*i
1903,0.8783544960204416,B0*Abs(i)**(1/4) ; B1 + i + r,0.00380827055164055*Abs(i)**(1/4) ; i + r + 103.292748876836
1904,0.8783544960154497,B0*Abs(i)**(1/4) ; B1 - 2*i,0.00380827055706667*Abs(i)**(1/4) ; -2*i - 71.5825624796397
1905,0.8783544960116615,B0*sqrt(Abs(i)) ; B1*i + r,0.00120428088999634*sqrt(Abs(i)) ; -5594.14984146735*i + r
1906,0.8783544959910418,B0*sqrt(Abs(i)) ; B1 - 2*i,0.00120428088994275*sqrt(Abs(i)) ; -2*i - 111.729704646368
1907,0.8783544958949513,B0*i ; sqrt(Abs(B1 - sqrt(Abs(r)))),-0.000120428088990279*i ; sqrt(sqrt(Abs(r)) + 30170.8432156398)
1908,0.8783544958649148,B0*Abs(i)**(3/2) ; B1 + r,1.20428088991565e-5*Abs(i)**(3/2) ; r + 164.875709018241
1909,0.8783544954763487,B0*Abs(i)**(1/4) ; B1 + r,0.00380827055700421*Abs(i)**(1/4) ; r + 83.0280765493444
1910,0.8783465976690162,B0*i ; B1 + 2*i,0.357204983799345*i ; 2*i - 0.0553852715831222
1911,0.8783464709163611,B0*sqrt(Abs(i)) ; B1 + 2*i,0.0445099700439543*sqrt(Abs(i)) ; 2*i - 0.134395030340554
1912,0.8783463607848412,B0*i ; B1 + B2*i,0.369005221143489*i ; 1.9987218152163*i - 0.0530288491671146
1913,0.878340510285043,B0*i ; B1*i**2,0.647238642297071*i ; 34.9752671186155*i**2
1914,0.8783365155418303,B0 + B1*i ; 2*i,0.0126287100129802 - 0.102400645723571*i ; 2*i
1915,0.8783360422877864,B0*Abs(i)**(1/4) ; i,0.0362019328221303*Abs(i)**(1/4) ; i
1916,0.8783357850769942,B0 - i**2 ; i,0.0121518381360409 - i**2 ; i
1917,0.8783356198593079,B0*Abs(i)**(1/4) ; B1*i**2,0.0308932006343434*Abs(i)**(1/4) ; 22.9745343212473*i**2
1918,0.8783353169492099,B0*i**2 ; B1 + 2*i,50.6477654832934*i**2 ; 2*i + 0.02379166216263
1919,0.8783350044864152,B0*sqrt(Abs(i)) ; B1*i**2,0.0830388771447572*sqrt(Abs(i)) ; 27.4271591920237*i**2
1920,0.8783346507629184,B0 - i - s ; r,-i - s + 1.01200522767825 ; r
1921,0.878334650762918,B0 - i - s ; Abs(r)**(1/4),-i - s + 1.01200522768403 ; Abs(r)**(1/4)
1922,0.8783343355601774,B0*Abs(i)**(1/4) ; i**2 + i,0.0363093376035597*Abs(i)**(1/4) ; i**2 + i
1923,0.8783192084657928,B0*i**2 ; B1 - i,1.24627361038669e-6*i**2 ; -i - 247.750005284034
1924,0.8783133364326535,B1*sqrt(Abs(B0*s + i)) ; B2*r + i*r - i,0.00135666414827531*sqrt(Abs(i + 702.654778896412*s)) ; i*r - i - 1.09969955564068*r
1925,0.8783047272076896,i**2 ; B0 + B1*i,i**2 ; 1.65238836410384*i + 0.193676565989823
1926,0.8782667178478084,B1*sqrt(Abs(B0 + s**2)) ; B2 + B3*r + r**2,0.0470336256196733*sqrt(Abs(s**2 - 0.0075857956230021)) ; r**2 + 0.00218831562396292*r + 0.527403058760241
1927,0.8782604806144847,B0*s**3 ; B1 + 2*i,0.0433339685428145*s**3 ; 2*i + 0.129755716882748
1928,0.8782604093602904,B0*s**3 ; sqrt(Abs(i)),0.0432458503855286*s**3 ; sqrt(Abs(i))
1929,0.8782178829175216,B0 + B1*i ; B2 + B3*sqrt(Abs(i)) + B4*i,0.0331288399636849*i + 0.0372551130227695 ; 0.128251331460043*i + 0.113651886414385*sqrt(Abs(i)) + 0.0355000274818386
1930,0.8782066658647298,B1*sqrt(Abs(B0*sqrt(Abs(i)) + s)) ; B2 + r + sqrt(Abs(i)),0.0355361237367112*sqrt(Abs(s + 0.0197504142899063*sqrt(Abs(i)))) ; r + sqrt(Abs(i)) - 0.0488128706022644
1931,0.8782037287635157,B0*i**2 ; B1 + i,25.835444359297*i**2 ; i + 0.0337327562952548
1932,0.8781919491415098,B0*i + B1*s*sqrt(Abs(i - s)) ; B2 - i + r,1.09951975742111e-5*i + 0.00957603060764281*s*sqrt(Abs(i - s)) ; -i + r + 0.0246746295488061
1933,0.8781281732873549,i**2 ; B0 + 2*i,i**2 ; 2*i + 0.230067208142713
1934,0.8779599942122089,s*Abs(B0 - s)**(1/8) ; i,s*Abs(s - 2986.34009963379)**(1/8) ; i
1935,0.8779348106655064,B0*s ; B1 - i + r + Abs(r)**(1/4),0.0476671587879866*s ; -i + r + Abs(r)**(1/4) + 9.94310915204767
1936,0.8779348106653212,B0*s ; B1 + B2*r**2 + r,0.0476670025285865*s ; 0.00189103220278943*r**2 + r + 3.89683571136997
1937,0.8779348106620983,B0*s ; B1*i - i**2 + r,0.0476666678255346*s ; -i**2 + 65.2737864553262*i + r
1938,0.8779348106618572,B0*s ; B1 + i*r**2 - i,2.71891854531292*s ; i*r**2 - i + 5.18631364989765
1939,0.8779348106617612,B0*s ; sqrt(Abs(B1 + B2*sqrt(Abs(i)) + i)),0.0476675837891259*s ; sqrt(Abs(i + 0.91538687835939*sqrt(Abs(i)) + 0.222599298680112))
1940,0.877934810660252,B0*s ; B1 + B2*Abs(i)**(1/4) + i,0.0476676695573823*s ; i + 2.04454222477853*Abs(i)**(1/4) + 1.06226618856685
1941,0.8779348106589733,B0*s ; B1 + B2*i + B3*r,0.0476664972362921*s ; 0.000491158391855102*i + 0.000173040108281921*r + 0.000480527516658418
1942,0.8779348106587606,B0*s ; B1 + 3*i - r,0.0476677429070351*s ; 3*i - r + 0.000221440954802534
1943,0.877934810657542,B0*s ; B1 + B2*r**2 - i,0.0476677970044614*s ; -i + 84.0518821981179*r**2 + 13.2964200222687
1944,0.8779348106573286,B0*s ; B1*Abs(i)**(1/4) + B2*r,0.0476678060446795*s ; 0.00042149326966469*r + 0.0527742903794834*Abs(i)**(1/4)
1945,0.8779348106570981,B0*s ; r*sqrt(Abs(B1 - sqrt(Abs(i)))) + r,0.0476664145433302*s ; r*sqrt(Abs(sqrt(Abs(i)) - 0.0114043943418422)) + r
1946,0.877934810655721,B0*s ; sqrt(Abs(B1 - i + r + sqrt(Abs(i)))),2.71891774010915*s ; sqrt(Abs(-i + r + sqrt(Abs(i)) + 0.00381970167478791))
1947,0.8779348106511515,B0*s ; B1 - i + 3*r,0.0476662004802055*s ; -i + 3*r + 2.85682913724756
1948,0.8779348106455785,B0*s ; B1 + r + sqrt(Abs(i))*sqrt(Abs(r)),0.0476681924156055*s ; r + sqrt(Abs(i))*sqrt(Abs(r)) + 0.0133911443086583
1949,0.8779348106445639,B0*s ; B2*i*Abs(B1 + r)**(1/4),0.0476660107693871*s ; 0.00344139632733474*i*Abs(r + 0.00292143300095807)**(1/4)
1950,0.8779348106424656,B0*s ; B1 + B2*i + 2*r,0.04766595685056*s ; 0.639621308650674*i + 2*r + 0.555180243187793
1951,0.8779348106424526,B0*s ; B1 + B2*sqrt(Abs(i))*sqrt(Abs(r)),0.0476659565229553*s ; 0.000444578048834908*sqrt(Abs(i))*sqrt(Abs(r)) + 0.494395820780791
1952,0.8779348106411342,B0*s ; B1 + i**2 - 2*r,0.0476683063234533*s ; i**2 - 2*r + 38.4475011119303
1953,0.8779348106307286,B0*s ; B1*r + B2*i*r,0.0476656924422751*s ; 0.128819291815538*i*r + 33.0791843176938*r
1954,0.8779348106200302,B0*s ; B1*i**2*r**2,0.0476687417831526*s ; 1.18365542096411*i**2*r**2
1955,0.8779348106188032,B0*s ; r + Abs(B1 + B2*r)**(1/4),0.047665466670005*s ; r + Abs(0.0224023981621871*r + 0.0294677304824816)**(1/4)
1956,0.8779348106112425,B0*s ; B1*r + i*r + i,0.0476653383293891*s ; i*r + i + 0.00798770827503775*r
1957,0.8779348106106868,B0*s ; B1 + 3*i + r,0.0476689009805477*s ; 3*i + r + 0.00530226230966066
1958,0.8779348106002763,B0*s ; B1 + B2*i + i**2,0.0476690630932729*s ; i**2 + 0.239498393230247*i + 0.00265138779010935
1959,0.8779348105934676,B0*s ; B1*sqrt(Abs(i)) + r*sqrt(Abs(i)),0.0476650680583775*s ; r*sqrt(Abs(i)) + 0.900267483124448*sqrt(Abs(i))
1960,0.8779348105825022,B0*s ; B1 + i + 3*r,0.0476649178457399*s ; i + 3*r + 0.000957886646432274
1961,0.8779348105221734,B0*s ; i*sqrt(Abs(B1 + i - sqrt(Abs(r)))),0.0476700023095293*s ; i*sqrt(Abs(i - sqrt(Abs(r)) + 0.00438578013132659))
1962,0.8779348105150864,B0*s ; B1*i*r + r**2,0.0476641574702944*s ; 52.205672665574*i*r + r**2
1963,0.8779348105101186,B0*s ; B1*i + B2*i*r,0.0476641090383785*s ; 0.000212587166308266*i*r + 0.0544391880808601*i
1964,0.8779348105057182,B0*s ; r + sqrt(Abs(r)) + sqrt(Abs(B1 + i)),0.0476701635042791*s ; r + sqrt(Abs(r)) + sqrt(Abs(i + 1.09507308174706))
1965,0.8779348105055864,B0*s ; B1 + 2*i - 2*r,0.0476640655243893*s ; 2*i - 2*r + 0.496694426080593
1966,0.8779348104480338,B0*s ; B1*Abs(i)**(1/4)*Abs(r)**(1/4),0.0476635589688325*s ; 0.000331712692622716*Abs(i)**(1/4)*Abs(r)**(1/4)
1967,0.8779348104287857,B0*s ; B1 - i**3 + i,0.0476708253640707*s ; -i**3 + i + 0.464808609802334
1968,0.8779348103658288,B0*s ; B1*i + i**2 + r,0.0476712896352763*s ; i**2 + 0.000128008133833263*i + r
1969,0.877934810339963,B0*s ; B1*i**2 + B2*r,0.0476714660470732*s ; 93.0484727096027*i**2 + 4.6507043032432*r
1970,0.8779348102927205,B0*s ; B2*Abs(B1 + 2*r)**(1/4),0.0476717710333499*s ; 0.0184688292114763*Abs(2*r + 0.00239324195803927)**(1/4)
1971,0.8779348102185889,B0*s ; i*sqrt(Abs(B1*i + B1*r)),0.0476620174482627*s ; i*sqrt(Abs(59.5211125726408*i + 59.5211125726408*r))
1972,0.8779348101880785,B0*s ; B1 + B2*r + B2*sqrt(Abs(i)),0.0476723840927866*s ; 0.0121567827499113*r + 0.0121567827499113*sqrt(Abs(i)) + 0.000369765485921062
1973,0.8779348099821401,B0*s ; B1 + B3*sqrt(Abs(B2 + sqrt(Abs(i)))),0.0476734188300797*s ; 78.501815816744*sqrt(sqrt(Abs(i)) + 0.155664717888118) + 0.00549584311633077
1974,0.8779348097473043,B0*s ; B1*i + B2*i**2,0.0476744220953586*s ; 0.0996546764727516*i**2 + 0.00631611930823173*i
1975,0.8779348096847325,B0*s ; B1*r - r**3,0.0476595636824305*s ; -r**3 + 0.0659149314008866*r
1976,0.8779348094425291,B0*s ; B1*Abs(r)**(1/4) + 2*r,0.0476755480352351*s ; 2*r + 1.00465545336278*Abs(r)**(1/4)
1977,0.8779348092249505,B0*s ; B1 + B2*r - i*r,0.0476762674975067*s ; -i*r + 0.039973068502073*r + 1.24866813806807
1978,0.8779348092003915,B0*s ; B1*i - i*r + r,0.0476763451851092*s ; -i*r + 17.3823894975786*i + r
1979,0.8779348090340654,B0*s ; B1 + i - 3*r,0.0476573758987807*s ; i - 3*r + 1.23167469409017
1980,0.8779348090179137,B0*s ; B1*sqrt(Abs(i*r + sqrt(Abs(i)))),0.0476573278099552*s ; 13.0119594907583*sqrt(Abs(i*r + sqrt(Abs(i))))
1981,0.8779348084908761,B0*s ; r + sqrt(Abs(i)) - sqrt(Abs(B1 + i)),0.047678360223038*s ; r + sqrt(Abs(i)) - sqrt(Abs(i + 5.17554010243913))
1982,0.8779348071865996,B0*s ; B1 + i - r**2 - r,0.0476813382721005*s ; i - r**2 - r + 4.88334666103179
1983,0.8779348069824002,B0*s ; B1 - i - r**2 + r,0.0476817497634182*s ; -i - r**2 + r + 0.0390248857960731
1984,0.8779347702890301,B0*s ; i*r**2 + i*r,0.0476186716841168*s ; i*r**2 + i*r
1985,0.8779347701666547,B0*s ; Abs(r)**(1/16),0.047618598340477*s ; Abs(r)**(1/16)
1986,0.8779347700961773,B0*s ; 3*i - 2*r,0.0476185561513655*s ; 3*i - 2*r
1987,0.8779347649835607,B0*s ; -i*r**2 - r**2,0.0477186624375364*s ; -i*r**2 - r**2
1988,0.877934761883987,B0*s ; -i**2 + i*r + r,2.71895343268912*s ; -i**2 + i*r + r
1989,0.8779347591394934,B0*s ; 2*i - sqrt(Abs(i))*sqrt(Abs(r)),0.0476123916414313*s ; 2*i - sqrt(Abs(i))*sqrt(Abs(r))
1990,0.8779310327411597,B0 + B2*sqrt(Abs(B1 + i)) ; B3 + B4*i,0.0844702428421195 - 0.00762961161488812*sqrt(Abs(i + 10.7476265105145)) ; 0.0589946831907857*i - 6.16440162954249
1991,0.8778923766023307,B0 + B1*i*sqrt(Abs(s)) ; r,-0.0744202935395968*i*sqrt(Abs(s)) + 0.0730909991394415 ; r
1992,0.8778843433647531,B0*s + i*s**2 ; r,i*s**2 - 0.0195678730011167*s ; r
1993,0.8778362416561571,B0*sqrt(Abs(i)) ; B1 + B2*Abs(r)**(1/4) + i,0.067368575441999*sqrt(Abs(i)) ; i - 1.11050889876378*Abs(r)**(1/4) + 1.12314538014874
1994,0.8777936619895352,B0 + B1*i + B2*s ; B3 - sqrt(Abs(B4 + B5*i**2)),-0.00442462288968801*i + 2.71587243605463*s + 0.781153705494583 ; -sqrt(Abs(16.9899665708732*i**2 + 1.59605037725995)) - 6.03403374773036
1995,0.8777924467499605,B0 + B1*i + B2*s ; B3*i + 2*i**2,0.901555730425389*i + 0.0107374496405567*s - 0.000450726647638289 ; 2*i**2 + 0.966161671444674*i
1996,0.8777060341875548,B1*sqrt(Abs(B0 + i)) ; i - 2*r,0.00221515905773864*sqrt(Abs(i - 51.1202514456926)) ; i - 2*r
1997,0.8776803539003224,B0 + B1*i + B1*sqrt(Abs(s)) ; B2*i - i**2 + i*r,-0.000384009304258812*i - 0.000384009304258812*sqrt(Abs(s)) + 0.0403286799002792 ; -i**2 + i*r + 0.2007920367582*i
1998,0.8776192318258831,B1*sqrt(Abs(B0 + i + sqrt(Abs(s)))) ; B2 + i,0.0405712742762994*sqrt(Abs(i + sqrt(Abs(s)) - 3.32346421928297)) ; i - 2.98431213012154
1999,0.8775506993089643,B0 + B1*i ; B2*i - i**2 + Abs(i)**(3/2),0.0421295409413541 - 0.000399720496965826*i ; -i**2 - 0.222636433735648*i + Abs(i)**(3/2)
2000,0.8775254656111846,B0*i + B1*i**2*s ; i,19.1293474776355*i**2*s + 0.649583847516263*i ; i
2001,0.877521022998495,B0 + B1*s**2 + B2*i*s ; B3*i + B4*i**2*r,0.399986423084691*i*s + 8.77166071398473e-7*s**2 - 2.65129176157543e-8 ; 3.63229224086084e-5*i**2*r + 0.0999900827413593*i
2002,0.8775024879865931,B0 + B1*i ; -i*r + i*sqrt(Abs(B2 - i + r)),0.0304670445490153 - 1.56382075793196*i ; -i*r + i*sqrt(Abs(-i + r + 2.16592306891814))
2003,0.8774948494868341,B0 + B1*s**2 ; i*Abs(i - sqrt(Abs(i)))**(1/4),0.0404134991328607*s**2 + 0.00424123362850112 ; i*Abs(i - sqrt(Abs(i)))**(1/4)
2004,0.8774948449263225,B0 + B1*s**2 ; B2 + r - sqrt(Abs(B3 - r)),0.0404065461769101*s**2 + 0.00425427129177064 ; r - sqrt(Abs(r - 0.25929178655737)) + 0.0639448503171711
2005,0.8774919010294302,B0 + B1*i + B2*s ; B3*i + i**2 + i*r - r,0.610031899501834*i + 0.318106500052136*s - 0.316636978521657 ; i**2 + i*r - 0.0381283726686749*i - r
2006,0.8774896360338267,B0*i + B1*s + B2*i*s ; B3 + B4*i**2,0.0370658410453324*i*s + 0.0524630506638505*i + 2.73900107955994*s ; 0.466797839216606 - 0.15239893995883*i**2
2007,0.8774687742712366,B0 + B1*s + B2*s**3 ; -i + r,0.0337972128018929*s**3 + 2.62739340712267*s - 0.0650957865517617 ; -i + r
2008,0.8774229728383567,B0*s + s*sqrt(Abs(i)) ; B1*i**2 + B2*i*r,s*sqrt(Abs(i)) - 0.131498824342192*s ; 24.308636279551*i**2 - 0.488739882915936*i*r
2009,0.8774166050315186,B0*i + B1*s + B2*s**2 ; B3*Abs(i)**(5/16),-0.0242162447487742*i - 0.292264188292642*s**2 + 0.295853082605542*s ; 0.0252957622788128*Abs(i)**(5/16)
2010,0.8774154628309548,B1*sqrt(Abs(B0 + s)) ; sqrt(Abs(B2*r + r*sqrt(Abs(i)))),0.0345631605009958*sqrt(Abs(s + 0.106683832571149)) ; sqrt(Abs(r*sqrt(Abs(i)) + 2.39945713733413*r))
2011,0.8774075548485193,B2*sqrt(Abs(B0 + B1*s)) ; B3 + 2*i - 2*r,0.0395469922720421*sqrt(Abs(0.76686313365521*s + 0.0879073073705126)) ; 2*i - 2*r + 26.3543202599692
2012,0.8774019932979787,sqrt(Abs(B0 + B1*s)) ; B2*r + B3*i*r,sqrt(Abs(0.00117824098814809*s + 0.000108632946087415)) ; 79.8925348163946*i*r + 0.00795875641381397*r
2013,0.8773983680873594,B1*sqrt(Abs(B0 + s)) ; Abs(i + r + Abs(r)**(1/4))**(1/4),0.0350167487984301*sqrt(Abs(s + 0.101916532191521)) ; Abs(i + r + Abs(r)**(1/4))**(1/4)
2014,0.8773892851159543,B0*s + B1*i*s ; B3*Abs(i)**(1/4)*Abs(B2 + r)**(1/8),-0.00162462406133851*i*s + 0.00486402163492299*s ; 2.09034338830694*Abs(i)**(1/4)*Abs(r - 9.96421863856342)**(1/8)
2015,0.8773863416854388,B0*i*s + B1*i**2*s ; r,-0.152688864660795*i**2*s + 0.343151307000238*i*s ; r
2016,0.8773863416854276,B0*i*s + B1*i*s**2 ; r,0.152691213508972*i*s**2 + 0.190460409153796*i*s ; r
2017,0.8773863416852469,B0*i*s + B1*i**2*s ; sqrt(Abs(r)),-0.152691752094805*i**2*s + 0.343151684977722*i*s ; sqrt(Abs(r))
2018,0.8773863416769154,B0*i*s + B1*i*s**2 ; B2*i*r,0.152680860514015*i*s**2 + 0.190469090027353*i*s ; 2.00435223700842*i*r
2019,0.8773863416726951,B0*i*s + B1*i**2*s ; B2*r*Abs(i)**(1/4),-0.152701052838171*i**2*s + 0.343153146146257*i*s ; 0.0506296038394714*r*Abs(i)**(1/4)
2020,0.8773728490791657,B1*sqrt(Abs(B0 + i + s)) ; B2 + i**3 + i,0.0343497846463704*sqrt(Abs(i + s - 0.101406551572576)) ; i**3 + i - 0.241172284232238
2021,0.8773338985060054,B0 + B2*sqrt(Abs(B1 + 2*s)) ; r,0.0352944623996631*sqrt(Abs(2*s - 0.0134719249936022)) - 0.000448000333690107 ; r
2022,0.8773215553947132,B0*i + B1*s + B2*i*s ; Abs(i)**(1/4)*Abs(r)**(3/8),0.284654152360299*i*s - 0.0144359428657484*i + 0.00410372031919433*s ; Abs(i)**(1/4)*Abs(r)**(3/8)
2023,0.8773215553943218,B0 + B1*s**2 + B2*i*s ; r,0.303192842232877*i*s + 0.01853946934112*s**2 - 0.0144357023606425 ; r
2024,0.877321555393943,B0 + B1*s**2 + B2*i*s ; Abs(i)**(3/8)*Abs(r)**(3/8),0.303192442555207*i*s + 0.0185393729357592*s**2 - 0.0144355989222903 ; Abs(i)**(3/8)*Abs(r)**(3/8)
2025,0.8773215553936846,B0*i + B1*s + B2*i*s ; r,0.284652603656458*i*s - 0.0144354751970843*i + 0.00410381334181148*s ; r
2026,0.8773215553936494,B0 + B1*s**2 + B2*i*s ; sqrt(Abs(r)),0.303192033333491*i*s + 0.0185392935236568*s**2 - 0.0144354994721859 ; sqrt(Abs(r))
2027,0.8773215553934225,B0*i + B1*i**2 + B2*s ; Abs(i)**(3/8)*Abs(r)**(1/4),-0.284652350996383*i**2 + 0.270216953374225*i + 0.00410382820080774*s ; Abs(i)**(3/8)*Abs(r)**(1/4)
2028,0.8773215553933771,B0*i + B1*i**2 + B2*s ; r,-0.284652360136338*i**2 + 0.270216963423089*i + 0.00410382417988671*s ; r
2029,0.8773215553924247,B0 + B1*s**2 + B2*i*s ; B3*sqrt(Abs(r)),0.303197037931762*i*s + 0.018540776637404*s**2 - 0.0144372224773993 ; 0.00993024249243429*sqrt(Abs(r))
2030,0.8773215553912981,B0*i + B1*i**2 + B2*s ; B3*Abs(r)**(1/4)*Abs(i - r)**(1/8),-0.284650213040596*i**2 + 0.270215766735111*i + 0.00410400924580288*s ; 1.46894436965941*Abs(r)**(1/4)*Abs(i - r)**(1/8)
2031,0.877321555389789,B0 + B1*i**2 + B2*i*s ; B3*sqrt(Abs(r)),-0.0185386949235431*i**2 + 0.266111437718892*i*s + 0.00410407926535637 ; 0.00145780598036744*sqrt(Abs(r))
2032,0.8773215553857603,B0*i + B1*s + B2*s**2 ; B3*Abs(r)**(1/4),-0.0144390725829035*i - 0.284661603153698*s**2 + 0.288764783605979*s ; 0.616815809408393*Abs(r)**(1/4)
2033,0.877321555376546,B0*i + B1*s + B2*i*s ; B3*r**2 + B4*r**3,0.28466378790267*i*s - 0.0144404278245208*i + 0.00410303044012882*s ; 0.00625499036259175*r**3 + 0.00724432432607291*r**2
2034,0.8773215549282988,B0 + B1*i**2 + B2*s ; B3*r + B4*i*r - r**2,-0.284708329693464*i**2 - 0.266154006590914*s + 0.270253853727193 ; 48.0542396832023*i*r - r**2 + 0.017548988877755*r
2035,0.877316090236285,B0 + B1*sqrt(Abs(s)) - i - s ; r,-i - s + 0.0507228722615863*sqrt(Abs(s)) + 0.999612936034204 ; r
2036,0.8773108122183211,B0*i + B1*s + B2*s**2 ; i,-1.00335551806444*i - 0.513743451042054*s**2 + 0.522949912909822*s ; i
2037,0.8773020291285608,B0 + B1*i + B2*s ; B3*r + B4*r**2 + i,-0.000563055751384601*i + 0.064312798284994*s - 0.0497599503866079 ; i + 2.73347385527805*r**2 + 1.58325500389043*r
2038,0.8773015023874156,B0 + B1*i + B2*s ; B3 + B4*i - i**2 + r,0.000562559115670254*i + 0.0642151031409188*s - 0.0496705229926224 ; -i**2 - 2.02267414349855*i + r + 0.0492502577526538
2039,0.8772949544829546,B0*i + B1*s + B2*s**2 ; B3*i - i**2,-0.000126586695219317*i - 0.283148720870186*s**2 + 0.299384670565611*s ; -i**2 - 11595.9077334619*i
2040,0.8772858786284229,B0*i + B2*sqrt(Abs(B1 + s)) ; r,-0.000367434802348907*i + 0.0488118308914163*sqrt(Abs(s - 0.0194172833963169)) ; r
2041,0.8772421005359801,B0*i + B1*i*s ; sqrt(Abs(B2*r + B3)),-0.00059932453823434*i*s + 5.23876785371343e-5*i ; sqrt(Abs(1054.48519185448*r + 44717.5788582128))
2042,0.8772331861456001,B0 + B1*i ; Abs(B2 + B3*i*r**2)**(1/4),0.000428213350186217*i + 0.0435527108265591 ; Abs(0.019426210465909*i*r**2 + 0.0100690007714102)**(1/4)
2043,0.8772266764941384,B1*sqrt(Abs(B0 + s)) ; B2 + B3*i*r - i,0.0349592356689165*sqrt(Abs(s + 0.168945543568738)) ; 0.00330749712333729*i*r - i + 0.000815448725054021
2044,0.8772213343381264,B0*i**2 + B1*i**2*s ; B2*i**2,8.08981104155326*i**2*s + 23.248030134748*i**2 ; 27.3535746581517*i**2
2045,0.8771648856843933,B0 + B1*i*s + B1*s ; i*r - i*sqrt(Abs(B2 - i + r)),0.000814489850025221*i*s + 0.000814489850025221*s + 0.0152511968181646 ; i*r - i*sqrt(Abs(-i + r + 0.0420572745819525))
2046,0.8771422946187326,B0*i*s ; B1 - i*r + 2*r**2,0.255076747827362*i*s ; -i*r + 2*r**2 - 0.0103560836118841
2047,0.8771393771780464,B0*i*s ; B1 + B2*r + i*r + r**2,0.252888167567169*i*s ; i*r + r**2 - 2.53437397978593*r - 0.065362078515708
2048,0.8771378813380706,B0*i*s + B1*i*s**2 ; B2 + r,0.00256264056038383*i*s**2 - 0.00262573670394325*i*s ; r + 221.294252077799
2049,0.8771086082372173,B0*s**3 + B1*i*s ; r,0.26671346400976*i*s + 0.00587814563306786*s**3 ; r
2050,0.8771017557575134,B0*sqrt(Abs(i + sqrt(Abs(i - s)))) ; B1*i + r,0.0359472259079118*sqrt(Abs(i + sqrt(Abs(i - s)))) ; 2.27165260530842*i + r
2051,0.8770976275123079,B0*i**2 ; B1 + B2*sqrt(Abs(i))*sqrt(Abs(r)),0.424519436786181*i**2 ; -0.358616212400243*sqrt(Abs(i))*sqrt(Abs(r)) + 0.169557022363635
2052,0.8770887848923938,B0*i + B2*sqrt(Abs(B1 + s)) ; B3*r + Abs(r)**(3/2),-0.000429254254104478*i + 0.046981948993299*sqrt(Abs(s - 0.0186196695512943)) ; 0.00693259901603063*r + Abs(r)**(3/2)
2053,0.8770726700253739,B0*sqrt(Abs(s)) ; B1 + B2*i**2 + r,0.0335176369747706*sqrt(Abs(s)) ; 0.000690896328477603*i**2 + r + 0.00341465043505074
2054,0.8770711705235691,B0*sqrt(Abs(s)) ; B1*i*sqrt(Abs(i - sqrt(Abs(i)))),0.0335176369832792*sqrt(Abs(s)) ; 0.000353844502597742*i*sqrt(Abs(i - sqrt(Abs(i))))
2055,0.8770502478919783,B0*sqrt(Abs(s)) ; B1 + i + sqrt(Abs(B2 + sqrt(Abs(r)))),0.0335176375076994*sqrt(Abs(s)) ; i + sqrt(sqrt(Abs(r)) + 0.448432371312668) + 0.0661289460334875
2056,0.8770418167488642,B0*sqrt(Abs(s)) ; sqrt(Abs(i*r - i + sqrt(Abs(i)))),0.0335176355400817*sqrt(Abs(s)) ; sqrt(Abs(i*r - i + sqrt(Abs(i))))
2057,0.8770404908140952,B0*sqrt(Abs(s)) ; B1*r**2 + Abs(r)**(3/2),0.0341022580470519*sqrt(Abs(s)) ; 0.00448036944140282*r**2 + Abs(r)**(3/2)
2058,0.8770380046508005,B0*sqrt(Abs(s)) ; B1*i**2 + i - r,0.0335176348920833*sqrt(Abs(s)) ; 0.00299243293869387*i**2 + i - r
2059,0.8770302375047916,B0*sqrt(Abs(s)) ; B1 + B2*i*r**2,0.0335176326398009*sqrt(Abs(s)) ; 0.0160015006191461*i*r**2 + 0.279651612353393
2060,0.8770294392068265,B0*sqrt(Abs(s)) ; i*r + i + Abs(r)**(3/2),0.0341022543990403*sqrt(Abs(s)) ; i*r + i + Abs(r)**(3/2)
2061,0.8770283088176632,B0*sqrt(Abs(s)) ; B1 + B2*r - r**2,0.0341022538362794*sqrt(Abs(s)) ; -r**2 + 1.88750373205024*r + 0.000684162110076992
2062,0.8770189129383261,B0*sqrt(Abs(s)) ; sqrt(Abs(B1 + Abs(r - sqrt(Abs(r)))**(1/4))),0.0339697206392766*sqrt(Abs(s)) ; sqrt(Abs(r - sqrt(Abs(r)))**(1/4) + 0.000137974951052191)
2063,0.8770175634256365,B0*sqrt(Abs(s)) ; B1*r + B2*r**2,0.0339697152365268*sqrt(Abs(s)) ; 0.227235440552381*r**2 + 0.583389363394018*r
2064,0.8770173874240778,B0*sqrt(Abs(s)) ; B1 + B2*r - i*r,0.0339697140416684*sqrt(Abs(s)) ; -i*r + 0.269248721207576*r + 1.046722385288
2065,0.8770158051941712,B0*i*Abs(s)**(1/4) ; sqrt(Abs(B1 + i + r)),-0.000212943874903695*i*Abs(s)**(1/4) ; sqrt(Abs(i + r + 1070.43738435183))
2066,0.8770099031588457,B1*sqrt(Abs(B0*s + i*s)) ; B3*sqrt(Abs(B2*sqrt(Abs(r)) + i)),0.0673983374439258*sqrt(Abs(i*s + 0.166206634488269*s)) ; 0.00500981397157832*sqrt(Abs(i + 23.1324459915018*sqrt(Abs(r))))
2067,0.877003490914144,B0*sqrt(Abs(s)) ; B1 + i*r + 2*i,0.0341022214849565*sqrt(Abs(s)) ; i*r + 2*i + 8.30467942389324
2068,0.877003443093188,B0*sqrt(Abs(s)) ; i**2*r + i*r,0.0339045924290842*sqrt(Abs(s)) ; i**2*r + i*r
2069,0.8770005586065928,B0*sqrt(Abs(s)) ; B1 - Abs(i + 2*r)**(1/4),0.0339630754762914*sqrt(Abs(s)) ; 0.0687235818076341 - Abs(i + 2*r)**(1/4)
2070,0.8770002295676118,B0*sqrt(Abs(s)) ; i*r + i - 2*r,0.0339630673776218*sqrt(Abs(s)) ; i*r + i - 2*r
2071,0.8769963413800029,B0*sqrt(Abs(s)) ; B1 + B2*i**2 + i,0.0339643061034302*sqrt(Abs(s)) ; 57.9892551902535*i**2 + i + 0.000106378017064234
2072,0.8769811062280465,B0*sqrt(Abs(s)) ; B1 + i*r - i + r,0.0333831666934547*sqrt(Abs(s)) ; i*r - i + r + 0.00287357277744888
2073,0.8769753258139756,B0*sqrt(Abs(s)) ; B1*i + B2*r**2,0.0333796352251494*sqrt(Abs(s)) ; 0.00277756877252218*i + 5.2626470206259*r**2
2074,0.8769246447599104,B0*Abs(i - s)**(1/4) ; B1 + i,0.021171477559664*Abs(i - s)**(1/4) ; i + 0.00512210336607015
2075,0.8769217509500112,B1*sqrt(Abs(B0 + s)) ; B2*r + B3*i*r,0.0345873655784313*sqrt(Abs(s + 0.00253956053029139)) ; 10.9831032732723*i*r + 21.7280999977738*r
2076,0.8769207181694323,B0*i + B0*s ; -i**2 + 3*i,0.0409123509813604*i + 0.0409123509813604*s ; -i**2 + 3*i
2077,0.8768557389433467,B0*i ; sqrt(Abs(i)),-6.87985216780332e-5*i ; sqrt(Abs(i))
2078,0.8767521111716734,B1*Abs(B0 + s**2)**(1/4) ; i*sqrt(Abs(r)) + i,0.0334122578938061*Abs(s**2 - 6.59215072911376e-7)**(1/4) ; i*sqrt(Abs(r)) + i
2079,0.8767461521991813,B1*sqrt(Abs(B0 - s + sqrt(Abs(s)))) ; B2*sqrt(Abs(i)),0.0834037734765309*sqrt(Abs(s - sqrt(Abs(s)) + 0.249955324409907)) ; 3.89450131854162*sqrt(Abs(i))
2080,0.8767250021467892,B0*Abs(i)**(1/4)*Abs(s)**(3/4) ; B1*i*r**2 - i*r,0.0739485560979483*Abs(i)**(1/4)*Abs(s)**(3/4) ; 38.9996222082284*i*r**2 - i*r
2081,0.8767217606133143,B0*i + B0*s + B1*sqrt(Abs(s)) ; B2 - r,-0.0984517144476433*i - 0.0984517144476433*s + 0.0581839124664753*sqrt(Abs(s)) ; 0.994030364194957 - r
2082,0.8767004927761638,B0*i + B1*i**2 ; B2*r - i*r**2 + Abs(r)**(3/2),-0.349883310423938*i**2 + 0.312047725588216*i ; -i*r**2 + 33.7008199506492*r + Abs(r)**(3/2)
2083,0.8767004927214408,B0*i + B1*i**2 ; B2*r**2 + B3*r**3,-0.349863550377422*i**2 + 0.312044954766201*i ; 23.9647915760525*r**3 + 1.93317681406001*r**2
2084,0.8766902515797633,B0*s + B2*sqrt(Abs(B1 + i)) ; sqrt(Abs(B3*r - i)),0.0469335279987382*s + 0.00193756395899275*sqrt(Abs(i + 1.55292988539225)) ; sqrt(Abs(i - 2.65467513748484*r))
2085,0.8766715595856256,B1*Abs(B0 + s**2)**(1/4) ; B2*r + i*r,0.0334177674920527*Abs(s**2 - 2.60203762798298e-6)**(1/4) ; i*r + 0.000114464888201563*r
2086,0.8766475895962997,B0*i*s + B0*Abs(s)**(3/2) ; B1*i + i*sqrt(Abs(B2 + i)),0.00321717355393459*i*s + 0.00321717355393459*Abs(s)**(3/2) ; i*sqrt(Abs(i - 0.89654261382923)) + 13.2367241984622*i
2087,0.8766440102851243,B0*Abs(s)**(1/4) ; sqrt(Abs(r)) + sqrt(Abs(B1 + i)),0.0210889021917419*Abs(s)**(1/4) ; sqrt(Abs(r)) + sqrt(Abs(i + 2.80940561732886))
2088,0.8766420789453399,B1*Abs(B0 + s)**(1/4) ; B2 + 3*i,0.0210709443497514*Abs(s - 0.00089352707114448)**(1/4) ; 3*i + 0.075812285271001
2089,0.8766414340409345,B1*Abs(B0 + s)**(1/4) ; B2*i**3,0.02108575460237*Abs(s + 0.0211065330332036)**(1/4) ; 0.611360489237117*i**3
2090,0.8766315945373799,B1*Abs(B0 + s)**(1/4) ; i*r,0.0211429014450095*Abs(s + 0.00345194342035966)**(1/4) ; i*r
2091,0.8766236651669337,B0*Abs(s)**(1/4) ; B1*i + B2*r,0.021240642547177*Abs(s)**(1/4) ; 0.00309867596673092*i + 0.369409807883557*r
2092,0.8766208339537797,B0*sqrt(Abs(i)) + B1*i ; i,1.06979785929206*i - 0.0108321316143221*sqrt(Abs(i)) ; i
2093,0.8766120399805193,B1*Abs(B0 + s)**(1/4) ; B2 - i + r,0.0211335697011897*Abs(s + 0.0243283251019219)**(1/4) ; -i + r + 94.2937894803157
2094,0.8766091868819881,B1*Abs(B0 + s)**(1/4) ; r,0.0209299440157304*Abs(s + 0.0324598375741429)**(1/4) ; r
2095,0.8766052481427246,B0*i*s ; B1 + i + r + sqrt(Abs(i**2 + i)),-0.00095639401037001*i*s ; i + r + sqrt(Abs(i**2 + i)) + 0.0522039067133188
2096,0.8766026966522128,B0*i - i*s + i*sqrt(Abs(s)) ; B1 + B2*Abs(i)**(1/4),-i*s + i*sqrt(Abs(s)) - 0.25001653802688*i ; 0.14727451477698*Abs(i)**(1/4) - 0.0206854386269877
2097,0.8765675967524639,B0*i*s + B1*i*s**2 ; sqrt(Abs(i)),-0.0041902545935029*i*s**2 - 0.0011163156954464*i*s ; sqrt(Abs(i))
2098,0.8765306750355758,B0*Abs(i + s)**(1/4) ; i,0.0212258503069753*Abs(i + s)**(1/4) ; i
2099,0.876463275070446,B0*i + B1*s ; B2*i + B2*sqrt(Abs(B4 + i)) + B3*r,0.0146209144654528*i + 2.34218750886181*s ; 6.6086419290588*i + 4.05121664400301*r + 6.6086419290588*sqrt(Abs(i + 103.209703759091))
2100,0.8764580271293235,B0*s + s*sqrt(Abs(B1 - s)) ; 2*r,s*sqrt(Abs(s - 48.3645784616663)) - 4.26187975916515*s ; 2*r
2101,0.8764237967116731,B0*s**2 + B1*s*Abs(i)**(1/4) ; B2*i*Abs(r)**(1/8),-0.0721425147567644*s**2 + 0.190741209725307*s*Abs(i)**(1/4) ; 0.0018916582057234*i*Abs(r)**(1/8)
2102,0.8764082123848208,B0*s**2 + B1*Abs(s)**(5/2) ; r*sqrt(Abs(B2 + B3*i)),0.83704235667381*s**2 - 0.841744290075384*Abs(s)**(5/2) ; r*sqrt(Abs(8.30280937254094*i + 2.81865649779302))
2103,0.876401934502509,B0*s**2 ; sqrt(Abs(r))*Abs(B1 + r)**(1/4),0.0446093942307782*s**2 ; sqrt(Abs(r))*Abs(r + 1.14382404172587)**(1/4)
2104,0.8764019341623953,B0*s**2 ; B1 + i + r - sqrt(Abs(r)),0.0446230923215547*s**2 ; i + r - sqrt(Abs(r)) + 0.0210298231492405
2105,0.8763242925416296,B0*Abs(i)**(1/4) + B1*i + B1*s ; B2*i + B3*r,0.00501752890840334*i + 0.00501752890840334*s + 0.047241368486448*Abs(i)**(1/4) ; 3.1141561654495*i + 2.96974557459188*r
2106,0.8763222773702605,B0*i + B1*Abs(i)**(3/2) ; i,0.173199609820855*i + 5.84632924057314*Abs(i)**(3/2) ; i
2107,0.8763179430378396,B0*i + B1*s + B2*i*s ; i,0.706640995538375*i*s + 0.758648985660268*i - 0.00837687397303052*s ; i
2108,0.8762914766695006,B0*s + B1*i*s**2 ; i,-2.39315123443342*i*s**2 + 0.122342013617821*s ; i
2109,0.8762585601224216,B0*i + B1*i**2 ; i,19.1035191594149*i**2 + 0.617918948746611*i ; i
2110,0.8762209724299543,B1*Abs(B0 - s)**(1/4) ; -i + r,0.0196975430665081*Abs(s - 0.00344879453660182)**(1/4) ; -i + r
2111,0.8761903735110417,B1*sqrt(Abs(B0 + 2*i - s)) ; B2 + B3*i*r,0.03275945099771*sqrt(Abs(2*i - s + 2.13931965521408)) ; 0.115980622136831*i*r + 0.328533796916556
2112,0.8760545477093102,B2*sqrt(Abs(B0 + B1*i*s)) ; B3 + B4*i**2 + i,0.37534645241989*sqrt(Abs(0.318006715890594*i*s + 0.000238414744209827)) ; 0.0523920552750849*i**2 + i - 0.0101105202634843
2113,0.8760217465666499,B0 + B1*sqrt(Abs(i)) ; sqrt(Abs(i - r + sqrt(Abs(i)))),0.0452814627143235 - 0.00372805376786438*sqrt(Abs(i)) ; sqrt(Abs(i - r + sqrt(Abs(i))))
2114,0.8759799421414466,B0*Abs(i + sqrt(Abs(i)))**(1/4) ; B1 + B2*r,0.0323328857622569*Abs(i + sqrt(Abs(i)))**(1/4) ; 0.0797771660261636 - 0.0349407620415378*r
2115,0.8759706269094917,B0 - sqrt(Abs(i)) ; i,0.222795362835142 - sqrt(Abs(i)) ; i
2116,0.8759594968991236,B0*s**2 + B0*sqrt(Abs(s)) ; r*sqrt(Abs(i)),0.0251087819361387*s**2 + 0.0251087819361387*sqrt(Abs(s)) ; r*sqrt(Abs(i))
2117,0.8759319861229526,B0 + B1*s*sqrt(Abs(i)) ; i**2 + i*sqrt(Abs(B2 + r)),0.00507933024945482*s*sqrt(Abs(i)) + 0.00554633003075651 ; i**2 + i*sqrt(Abs(r + 120.410918715149))
2118,0.8759257850543964,B0 + B1*i*sqrt(Abs(s)) + B1*i ; B2 + B3*i,-0.0584503051792379*i*sqrt(Abs(s)) - 0.0584503051792379*i - 0.0673389147522086 ; 0.991180316426399*i + 1.1281704540432
2119,0.8759210774893378,B0*sqrt(Abs(i))*Abs(s)**(5/2) ; B1*i*r + 2*i,0.318914420446484*sqrt(Abs(i))*Abs(s)**(5/2) ; -6.96709095042213*i*r + 2*i
2120,0.875903721349273,B0*i + B1*s ; Abs(i)**(1/4)*Abs(B2 + r)**(1/8),-0.011742400114404*i + 2.72005525168921*s ; Abs(i)**(1/4)*Abs(r + 563.739810827466)**(1/8)
2121,0.8758652211125242,B1*sqrt(Abs(B0 + sqrt(Abs(s)))) ; i**3 + i - r,0.0369581241901851*sqrt(Abs(sqrt(Abs(s)) - 0.281378968642497)) ; i**3 + i - r
2122,0.8758649044988777,B0 + B1*i + B1*sqrt(Abs(i)) ; B2*r,-0.0247857431876309*i - 0.0247857431876309*sqrt(Abs(i)) + 0.0558869493282523 ; 0.00470449197937354*r
2123,0.8758647620371878,B0 + B1*i + B1*sqrt(Abs(i)) ; r,-0.0248363502249608*i - 0.0248363502249608*sqrt(Abs(i)) + 0.0559346858618804 ; r
2124,0.8758616930448996,B1*sqrt(Abs(B0*i + i*s)) ; i,0.222871574240618*sqrt(Abs(i*s + 0.162693945081958*i)) ; i
2125,0.8757955601475215,B0*i**2 + B1*i*s ; -i*r + i + sqrt(Abs(i)),3.10232578745895e-7*i**2 - 0.000646225743382116*i*s ; -i*r + i + sqrt(Abs(i))
2126,0.8757946538335294,B0*i + B1*i*s ; i + r,-0.130824414182867*i*s + 0.0607341114189341*i ; i + r
2127,0.8757911776555543,i**2*s - i ; B0 + i*r,i**2*s - i ; i*r + 0.0282690700233729
2128,0.8757622425636709,B1*i*Abs(B0 + i)**(1/4) ; i,2.70376124009351*i*Abs(i - 0.00129506551284559)**(1/4) ; i
2129,0.8756462046846158,B0 + B1*s + i**2*s ; i + sqrt(Abs(i + sqrt(Abs(B2 - i)))),i**2*s - 0.0804851172010146*s + 0.00962745206509886 ; i + sqrt(Abs(i + sqrt(Abs(i + 0.077028145355088))))
2130,0.8756424393410042,B0*s**2 + B1*s**3 ; i**2,-0.470697283685983*s**3 + 0.464020961327335*s**2 ; i**2
2131,0.8756424393272473,B0*s**2 + B1*s**3 ; i,-0.470724269473209*s**3 + 0.464046697527818*s**2 ; i
2132,0.8756075011906372,B0 + B1*i + B1*sqrt(Abs(s)) + B2*s ; B3 - r,0.736569265126612*i + 0.210712459520962*s + 0.736569265126612*sqrt(Abs(s)) - 0.954356467455217 ; -r - 0.0303754630690471
2133,0.8755505736582889,B0*sqrt(Abs(i)) ; B1 + r*Abs(i)**(3/2),0.0709630083688417*sqrt(Abs(i)) ; r*Abs(i)**(3/2) + 0.0028740217332821
2134,0.875500761450312,B1*sqrt(Abs(B0 + i - s)) ; B2 - i,0.0311406007706959*sqrt(Abs(i - s + 99.9601554764739)) ; 215.490884960352 - i
2135,0.8754739807407583,B0 + B1*s**2 + B2*i*s ; Abs(i)**(9/16),-0.00331760617060266*i*s + 0.03582478474411*s**2 - 0.0155962709502819 ; Abs(i)**(9/16)
2136,0.8754690842199766,B1*sqrt(Abs(B0 + i + s)) ; B2 + B3*i + r,0.0306451091243111*sqrt(Abs(i + s - 99.9270476111204)) ; -30.5994198839009*i + r - 282.295394668537
2137,0.875448779303774,B0 + B1*i + B2*sqrt(Abs(s)) ; B3 + B4*r,-4.52776747979832e-5*i + 4.00649136247402*sqrt(Abs(s)) - 3.16837527521924 ; -108.573595150489*r - 616.661797115287
2138,0.8754059424009875,B0*i**2*s + B0*s ; r,0.0508188944668464*i**2*s + 0.0508188944668464*s ; r
2139,0.8753980782557773,B1*sqrt(Abs(B0 - i + s)) ; sqrt(Abs(B2 + 2*i + r)),0.0313465594029692*sqrt(Abs(i - s + 99.9702764107351)) ; sqrt(Abs(2*i + r + 45734.7989796735))
2140,0.8753345533020045,B0 + B1*s + B1*sqrt(Abs(i)) + B2*i ; sqrt(Abs(r)),0.0461327536346586*i + 0.407657574686296*s + 0.407657574686296*sqrt(Abs(i)) - 0.457779236121788 ; sqrt(Abs(r))
2141,0.8753042053886798,B0 + B1*sqrt(Abs(s)) + B2*s ; B3 + B4*i*r + i**2*r,-0.569750764979317*s + 0.791649070238151*sqrt(Abs(s)) - 0.211780975689006 ; i**2*r + 0.190034020688975*i*r + 1.19067675552241
2142,0.8752600061210299,B0 + B1*i ; -sqrt(Abs(2*i - r)),0.0316666598598845 - 0.000217360962292656*i ; -sqrt(Abs(2*i - r))
2143,0.8752072404581892,B1*sqrt(Abs(B0 + i*s + i)) ; i**2 + i,0.16616738239902*sqrt(Abs(i*s + i - 0.0106908528886121)) ; i**2 + i
2144,0.8752013176406988,B0*i*sqrt(Abs(s)) ; -r + sqrt(Abs(i)),-0.0126744638950956*i*sqrt(Abs(s)) ; -r + sqrt(Abs(i))
2145,0.8751951292768655,B0 + B1*s + B1*sqrt(Abs(i)) ; sqrt(Abs(B3*sqrt(Abs(B2 + r)) + B4*r)),-0.00546354112159689*s - 0.00546354112159689*sqrt(Abs(i)) + 0.0546106339749494 ; sqrt(Abs(0.7603181322224*r - 1.38478601314098*sqrt(Abs(r - 0.133007650028825))))
2146,0.8751148216954788,B0*s + B2*sqrt(Abs(B1 + s)) ; i**2*r + r**2,0.0119104013667292*s + 0.0361866836270116*sqrt(Abs(s + 0.0197476753080992)) ; i**2*r + r**2
2147,0.8750645197329984,B2*sqrt(Abs(B0*i + B1*s)) ; i**2,0.270397410597317*sqrt(Abs(0.0147070710512176*i - 0.0286418847771157*s)) ; i**2
2148,0.8750078945526393,B0*s + B2*sqrt(Abs(B1 + s)) ; B3 + i**2 + i*r,0.0129348026585584*s + 0.0356241051322933*sqrt(Abs(s + 0.0153731468319765)) ; i**2 + i*r + 0.0747460465037776
2149,0.8749942444030431,B0*i ; sqrt(Abs(i - r)),-9.44189646478747e-5*i ; sqrt(Abs(i - r))
2150,0.8746423763010504,B0 + B1*i**2 + B1*i ; r,-0.0201761969288346*i**2 - 0.0201761969288346*i + 0.0478052601399465 ; r
2151,0.8746182744977926,B0*i + B1*sqrt(Abs(i))*Abs(s)**(3/2) ; i,0.895336623179312*i + 0.0526994411262989*sqrt(Abs(i))*Abs(s)**(3/2) ; i
2152,0.8745733980772787,B0 + B2*sqrt(Abs(B1 - i + s)) ; B3 - i,0.0284449564903411 - 0.00219150310434976*sqrt(Abs(-i + s + 0.0235440748807716)) ; 0.0463009998040904 - i
2153,0.8745034580718599,B0 + B1*i ; 2*i - Abs(r)**(1/4),0.1325735020738 - 0.258528126465467*i ; 2*i - Abs(r)**(1/4)
2154,0.8744929324016706,B0*i + i**2 + Abs(i)**(3/2) ; B1 + B2*sqrt(Abs(r)),i**2 + 0.553091061822887*i + Abs(i)**(3/2) ; 0.119609169122076 - 0.107052821345101*sqrt(Abs(r))
2155,0.8743250255821221,B0 + B1*i + B2*s ; B3 - sqrt(Abs(B4 - r)),0.00344715227285305*i + 0.515903052117807*s - 0.503362652544891 ; 0.14116735434371 - sqrt(Abs(r - 9.70456400098201e-10))
2156,0.8742481722760423,B0 + B1*Abs(i)**(1/4) + B2*i ; B3*r + B4*r**2,-0.450294548723192*i + 0.458452975116629*Abs(i)**(1/4) - 0.163399848378147 ; 0.801426227557142*r**2 + 0.430666790377796*r
2157,0.8742386260712836,s*sqrt(Abs(B0*i + i**2*s)) ; B1 + i,s*sqrt(Abs(i**2*s - 0.161391381533299*i)) ; i - 0.166597961044467
2158,0.8742363324919844,B0 + B1*i ; -i**2 + i*sqrt(Abs(B2 + sqrt(2)*sqrt(Abs(r)))),1.42311867920165*i + 9.49918053085387e-5 ; -i**2 + i*sqrt(sqrt(2)*sqrt(Abs(r)) + 1.33099977120541)
2159,0.8741791636667539,B0*i + B1*i**2 ; sqrt(Abs(B2 + B3*r + B3*sqrt(Abs(r)))),1.51568541018131*i**2 - 0.211994813282065*i ; sqrt(Abs(0.000919602454740716*r + 0.000919602454740716*sqrt(Abs(r)) - 0.00195542310444102))
2160,0.8741112245807023,B0*i + B1*s*Abs(i)**(1/4) ; i**2*r**3,0.0125384242058968*i + 0.0800543553073721*s*Abs(i)**(1/4) ; i**2*r**3
2161,0.8740791619311892,B0*i**2 + B1*i*Abs(s)**(1/4) ; i,2.9812197836086*i**2 + 1.0437384885042*i*Abs(s)**(1/4) ; i
2162,0.8740710909898944,B0*i - i**2 + i*s ; B1 + B2*i*r - i*r**2,-i**2 + i*s + 0.107423836512804*i ; -i*r**2 + 0.684459097713515*i*r + 0.0206098308180606
2163,0.8740397855429838,B0*s + B2*sqrt(Abs(B1 + i)) ; i + Abs(i)**(3/2),0.0275512724662598*s + 0.107831141372624*sqrt(Abs(i - 0.00279318558888808)) ; i + Abs(i)**(3/2)
2164,0.8739960394012134,B0*Abs(i)**(5/4)*Abs(s)**(1/4) ; B1 - r,0.0370083524843838*Abs(i)**(5/4)*Abs(s)**(1/4) ; 1.40480799991914 - r
2165,0.8738822857132046,B1*sqrt(Abs(B0*i + i**2)) ; B2 + i*r + r,0.0995646082480089*sqrt(Abs(i**2 + 0.995239933489077*i)) ; i*r + r + 1.19672969522347e-6
2166,0.8738628224646072,B0*sqrt(Abs(i))*sqrt(Abs(s)) ; sqrt(Abs(i)),0.00385790435520438*sqrt(Abs(i))*sqrt(Abs(s)) ; sqrt(Abs(i))
2167,0.8738149357686309,B0*s + B2*sqrt(Abs(B1 + i)) ; B3*i + i**2,0.0415470204239738*s + 0.0201082718045704*sqrt(Abs(i - 0.145263478794265)) ; i**2 - 0.619444769246187*i
2168,0.873762496293765,B0*i + B2*Abs(B1 + s)**(1/4) ; B3 - sqrt(Abs(i)),-0.000156288049134942*i + 0.0454372482576574*Abs(s + 0.0799855622880404)**(1/4) ; 0.190810717300918 - sqrt(Abs(i))
2169,0.8737516113700251,B0 + B1*sqrt(Abs(i)) ; sqrt(Abs(i**2 - r)),0.0266613605136477 - 0.00164460457786986*sqrt(Abs(i)) ; sqrt(Abs(i**2 - r))
2170,0.8736485525230834,B0*sqrt(Abs(i)) + B1*i + B2*s ; B3 + B4*sqrt(Abs(i)),-0.0307618762886958*i + 2.71184512617945*s - 0.310451975756672*sqrt(Abs(i)) ; 1.02111385105959*sqrt(Abs(i)) + 2.05002249245276
2171,0.8734624186430646,B0*i + B1*s + B2*i*s ; B3 - i,-0.000698597163735386*i*s - 0.000508648901103075*i + 2.73530037841334*s ; 0.729514670898131 - i
2172,0.8733899432345851,B0*sqrt(Abs(i)) ; sqrt(Abs(i)),0.000899973887598176*sqrt(Abs(i)) ; sqrt(Abs(i))
2173,0.8733216151621593,B1*sqrt(Abs(B0 - i + s)) ; B2 + B3*sqrt(Abs(i)) + B4*i,0.0493156241639357*sqrt(Abs(i - s + 0.0567647408081469)) ; 0.327087545040758*i - 0.0520759622216743*sqrt(Abs(i)) + 0.00361786339061455
2174,0.8732890376502843,B0*i*s + B1*i*s**2 ; i*sqrt(Abs(r + sqrt(Abs(B2 + r)))),-2.32047163012062*i*s**2 + 3.21771457791688*i*s ; i*sqrt(Abs(r + sqrt(Abs(r - 0.740166519489392))))
2175,0.8731949507593297,i**2 ; B0 + B1*sqrt(Abs(i)) + B2*i,i**2 ; 2.57115360999184*i + 0.0559264491918869*sqrt(Abs(i)) + 0.252580868917538
2176,0.8731946984797154,B0*sqrt(Abs(i)) + B1*i ; i*sqrt(Abs(B2*i + B3)),0.950427874937186*i - 0.0110610700284435*sqrt(Abs(i)) ; i*sqrt(Abs(0.234814661402371*i - 0.775956984044455))
2177,0.8731262691965753,B0 + B1*sqrt(Abs(i)) + B2*s ; i,0.0342392629891968*s + 0.0810941752417998*sqrt(Abs(i)) - 0.0014321186662087 ; i
2178,0.8730638479416108,sqrt(Abs(B0 + B1*sqrt(Abs(i))*sqrt(Abs(s)))) ; i,sqrt(Abs(0.00746135261217478*sqrt(Abs(i))*sqrt(Abs(s)) - 0.000165110352190732)) ; i
2179,0.8730431933275543,B0*s + B0*sqrt(Abs(i)) + B1*i ; B2*i**2 + Abs(i)**(3/2),0.0555137470229043*i + 0.0319407400838173*s + 0.0319407400838173*sqrt(Abs(i)) ; -1.29794744426344*i**2 + Abs(i)**(3/2)
2180,0.8730293262261317,B1*sqrt(Abs(B0 + i*s - s)) ; B2 + B3*r,0.0261688938621111*sqrt(Abs(-i*s + s + 0.194493216370667)) ; 1.25698790872741 - 0.713024168789532*r
2181,0.8730158926857716,B0*Abs(s)**(3/2) + B1*i*s ; -2*i + r,0.000648709190672474*i*s - 0.00259180107417331*Abs(s)**(3/2) ; -2*i + r
2182,0.8729418254989959,B0*i**2 + B1*i*s**2 ; r*sqrt(Abs(B2 - sqrt(Abs(i - r)))),-0.000880275193127807*i**2 + 0.366266647995914*i*s**2 ; r*sqrt(Abs(sqrt(Abs(i - r)) - 0.0610136789809768))
2183,0.8728981624114627,B0*i**2 + B0*i ; i,0.965665710914974*i**2 + 0.965665710914974*i ; i
2184,0.8728382790515761,B0 + B1*i + B2*i**2*s ; Abs(r)**(1/8),0.429740991929782*i**2*s - 0.0431166664077638*i + 0.0312014842420327 ; Abs(r)**(1/8)
2185,0.8728173339831857,B0*i**2 + i*s ; B1*i + i*r,-4.42667958511977*i**2 + i*s ; i*r + 0.0990260895412338*i
2186,0.8728135890665537,B0 + B1*i**2 + B1*s ; B2 + B3*sqrt(Abs(r)),0.0510332869632154*i**2 + 0.0510332869632154*s - 0.000708002886551403 ; 0.0086320510284164*sqrt(Abs(r)) + 0.0117153369468074
2187,0.87277562167111,B0*i + B0*s + B0*sqrt(Abs(s)) ; i,0.0234103095430981*i + 0.0234103095430981*s + 0.0234103095430981*sqrt(Abs(s)) ; i
2188,0.8727416682371106,B0*sqrt(Abs(s)) + B1*s ; i + sqrt(Abs(B2*i + i**2)),0.021082308472882*s + 0.0257694297295056*sqrt(Abs(s)) ; i + sqrt(Abs(i**2 + 0.0156711940433927*i))
2189,0.8727190026720715,B1*sqrt(Abs(B0 + i*s - s)) ; B2 + i**2*r - i,0.00373524375016422*sqrt(Abs(i*s - s + 10.1104966441356)) ; i**2*r - i - 0.0608897877447293
2190,0.8727115397943367,B0*s**3 + i*s**2 ; B1*i - i*r + Abs(i)**(3/2),i*s**2 - 0.0159814801143014*s**3 ; -i*r + 0.0600111231423332*i + Abs(i)**(3/2)
2191,0.872609352723545,B0*i ; i - r,0.0534436728635805*i ; i - r
2192,0.8725765446453444,B0*i ; B1*r,0.0269794237770272*i ; 1.79345100327752*r
2193,0.8725765040923017,B0*i ; i*r,0.0270451589087139*i ; i*r
2194,0.8725764673764622,B0*i ; Abs(r)**(1/4),0.0269170576305252*i ; Abs(r)**(1/4)
2195,0.8725763190658475,B0*i ; r,0.0268653858498934*i ; r
2196,0.8725761490402454,B0*i ; sqrt(Abs(r)),0.0271556518686584*i ; sqrt(Abs(r))
2197,0.8725265372947684,B0 + B1*i ; sqrt(Abs(B2*sqrt(Abs(r)) + i*sqrt(Abs(r)))),-2.75171184302036*i - 62.4038119407951 ; sqrt(Abs(i*sqrt(Abs(r)) + 0.00114214900551732*sqrt(Abs(r))))
2198,0.8725032497960235,B2*sqrt(Abs(B0*s + B1 + i)) ; B3 + i*r - i,0.00334987157171045*sqrt(Abs(i + 128.971419282854*s - 68.0035348367771)) ; i*r - i + 6.37076724675977
2199,0.8724036234706919,B0*i + B1*sqrt(Abs(i))*Abs(s)**(1/4) ; Abs(B2*r**2 + r**3)**(1/4),-0.0336367016441802*i + 0.12137599381733*sqrt(Abs(i))*Abs(s)**(1/4) ; Abs(r**3 + 0.00697167999683526*r**2)**(1/4)
2200,0.8723962412194382,B0*i + B1*Abs(s)**(3/2) ; B2*sqrt(Abs(r)),0.00254856276931121*i + 0.0460872956076063*Abs(s)**(3/2) ; 70.0852159235884*sqrt(Abs(r))
2201,0.8723961843399649,B0*i + B1*Abs(s)**(3/2) ; r,0.00254178327804087*i + 0.046015489391404*Abs(s)**(3/2) ; r
2202,0.8722733832050599,B0*s*sqrt(Abs(i - s)) ; r,0.0315307948474605*s*sqrt(Abs(i - s)) ; r
2203,0.8722424909541656,B0*Abs(i)**(1/4) ; B1*i + r,0.00295396450871125*Abs(i)**(1/4) ; 4.46458181736145*i + r
2204,0.8721441976344271,B0*Abs(s)**(3/2) ; r*Abs(2*i - r)**(1/4),0.0459156895539968*Abs(s)**(3/2) ; r*Abs(2*i - r)**(1/4)
2205,0.8721295178372545,B0*s + B0*sqrt(Abs(B1 + i*s)) ; B2*i - r,0.0362767259731758*s + 0.0362767259731758*sqrt(Abs(i*s + 0.0058325769792298)) ; -0.014565739511365*i - r
2206,0.8721043339334293,i*s ; B1*Abs(B0 - i + r)**(1/4),i*s ; 0.00626956437618125*Abs(-i + r + 87.462197808421)**(1/4)
2207,0.8720907954467977,B0*i - i**2 + i*sqrt(Abs(s)) ; B1 + B2*i,-i**2 + i*sqrt(Abs(s)) - 0.226632965665657*i ; 0.0149358696871406 - 0.0166339809155288*i
2208,0.8720645640011767,B0 + B1*s + B1*Abs(i)**(1/4) ; i,0.0365069964258308*s + 0.0365069964258308*Abs(i)**(1/4) - 0.00439886640335182 ; i
2209,0.8717781842159348,B0*i + B1*s**2 + B1*s ; B2 + i,0.9034489295767*i + 0.00486866032918822*s**2 + 0.00486866032918822*s ; i + 0.00013305191705845
2210,0.8717522135531153,B0 + B1*i*sqrt(Abs(s)) ; sqrt(Abs(r)),-0.0861372706164043*i*sqrt(Abs(s)) + 0.0375804347758318 ; sqrt(Abs(r))
2211,0.8717373409043042,B0*s + B2*sqrt(Abs(B1 + i)) ; sqrt(Abs(i)),0.0493948363921554*s + 0.00125630464309531*sqrt(Abs(i + 0.039165324394242)) ; sqrt(Abs(i))
2212,0.8716265532793144,B0*i ; B1 + 2*i - r,-0.0283888784705153*i ; 2*i - r + 0.0958300651697106
2213,0.8715983884444202,B0*i ; B1 + i*sqrt(Abs(r)) + i,1.15977539993394*i ; i*sqrt(Abs(r)) + i - 0.00654974072816797
2214,0.8714966309007276,B0 + B1*sqrt(Abs(i - 2*s)) ; r,0.0288007359778216*sqrt(Abs(i - 2*s)) - 0.000398416220135371 ; r
2215,0.8714893645647186,B0 + B1*i**2 ; B2*i + B3*i*r + B3*r,0.044409253633274 - 0.0681990749068065*i**2 ; 0.189360402419023*i*r + 0.0815752992693744*i + 0.189360402419023*r
2216,0.8714636514121504,B0 + B1*i*sqrt(Abs(s)) + B1*s ; B2 - i*r + i,-0.000530597984733034*i*sqrt(Abs(s)) - 0.000530597984733034*s - 0.000467101341022778 ; -i*r + i + 53.0430979794874
2217,0.8714348589843138,B0*i + B1*s**2 ; sqrt(Abs(B2 + r)),-6.36241722159615e-5*i + 0.0411762943424063*s**2 ; sqrt(Abs(r + 64.4011622669062))
2218,0.8713989682084683,B0*i + B0*s + B0*sqrt(Abs(i)) ; B1 + i,0.0395955425660677*i + 0.0395955425660677*s + 0.0395955425660677*sqrt(Abs(i)) ; i + 0.00156349928082947
2219,0.8712923962562295,B0*i ; i + 2*r,-0.000107991519860491*i ; i + 2*r
2220,0.8712703153549676,B0*i + B1*i**2 + B2*s ; i,7.20913333017458*i**2 + 0.527785486529223*i + 0.0125737036164404*s ; i
2221,0.8712481426742803,B1*sqrt(Abs(B0*s + i*s)) ; i + sqrt(Abs(i)),0.0413025032653977*sqrt(Abs(i*s + 0.204997499484195*s)) ; i + sqrt(Abs(i))
2222,0.8712460117793233,B0 + B2*sqrt(Abs(B1*i + i**2)) ; r,0.0668939141140665 - 0.101933206204327*sqrt(Abs(i**2 - 0.578457512911331*i)) ; r
2223,0.8711722221185247,B0*i + B1*s ; 2*i + r*sqrt(Abs(i)) - r,0.0701908706701841*i + 0.05703106723309*s ; 2*i + r*sqrt(Abs(i)) - r
2224,0.8711221874762309,B0 - i*s ; i,-i*s + 0.0140479028681939 ; i
2225,0.8711052325900631,B1*sqrt(Abs(B0 - i*s)) ; r,0.0675964657094203*sqrt(Abs(i*s - 0.25003673746772)) ; r
2226,0.8710321674063601,B0*s + B2*sqrt(Abs(B1 + i)) ; i*r,0.0489341389201586*s + 0.0108312791673094*sqrt(Abs(i - 0.0923194478880864)) ; i*r
2227,0.871031655004356,B0*s + B2*sqrt(Abs(B1 + i)) ; r,0.04892510241323*s + 0.0108518537238895*sqrt(Abs(i - 0.09231294397836)) ; r
2228,0.8710293013317058,B0*s + B2*sqrt(Abs(B1 + i)) ; B3*r**2,0.0492549626208752*s + 0.0109465192464238*sqrt(Abs(i - 0.09279203649882)) ; 0.245570333195986*r**2
2229,0.8710258229756982,B0*i + B0*sqrt(Abs(i)) + B1*s ; B2 + B3*r,0.041669973636677*i + 0.0388724134282044*s + 0.041669973636677*sqrt(Abs(i)) ; 0.035091246854576 - 0.0059256917594637*r
2230,0.8709997727535536,B1*sqrt(Abs(B0*s + s**2)) ; B2 + Abs(i + sqrt(Abs(i)))**(1/4),0.0374178014833418*sqrt(Abs(s**2 + 0.517419504692402*s)) ; Abs(i + sqrt(Abs(i)))**(1/4) + 0.00266678251773641
2231,0.87099761844837,B1*sqrt(Abs(B0*i*s + s)) ; i*r + r,0.0454144500038158*sqrt(Abs(0.647936150520711*i*s - s)) ; i*r + r
2232,0.870995942819219,B1*sqrt(Abs(B0*s + s**2)) ; B2 + i*r + i,0.0367311480166185*sqrt(Abs(s**2 + 0.538709270439287*s)) ; i*r + i + 0.000677289624654551
2233,0.8709884376855899,sqrt(Abs(B0*s**2 + B1*s)) ; i**2*(-1 + sqrt(2)),sqrt(Abs(0.00141279091542329*s**2 + 0.000710664803045207*s)) ; i**2*(-1 + sqrt(2))
2234,0.8709860980386419,B1*sqrt(Abs(B0*s - s**2)) ; i*r + i - r,0.0365840495263446*sqrt(Abs(s**2 + 0.517851096640333*s)) ; i*r + i - r
2235,0.8709512782188338,B1*sqrt(Abs(B0*s + s**2)) ; B2 + r,0.0390831988981637*sqrt(Abs(s**2 + 0.436453835242389*s)) ; r + 17.2825121156572
2236,0.8709503323615333,B1*sqrt(Abs(B0 + i)) ; B2*i + r,0.00189013919250626*sqrt(Abs(i + 59.2595838512099)) ; 0.00407252595556948*i + r
2237,0.8709308032963148,B2*sqrt(Abs(B0*s + B1*i)) ; B3*sqrt(Abs(i)) + B4*Abs(i)**(3/2),0.0735828443854352*sqrt(Abs(1.86506910711537*i + 0.0900100893586625*s)) ; 0.0913327902852509*Abs(i)**(3/2) + 0.129037562719016*sqrt(Abs(i))
2238,0.8708688134245546,B0*s + B2*sqrt(Abs(B1 + s**2)) ; i,0.221784825230624*s - 0.213372535850369*sqrt(Abs(s**2 - 0.166956205763938)) ; i
2239,0.8707975046855145,B0 + B1*i ; -i**2 - i*r + Abs(i)**(3/2),0.0496839459990471 - 0.0432294270919057*i ; -i**2 - i*r + Abs(i)**(3/2)
2240,0.8707422602774061,B0*i ; i + r,-0.000922501301931444*i ; i + r
2241,0.870673070642071,B0 + s ; r,s - 0.955496415981459 ; r
2242,0.870673070642071,B0 + s ; i,s - 0.955496416844929 ; i
2243,0.870673070642071,B0 + s ; i + r,s - 0.955496416962152 ; i + r
2244,0.870673070642071,B0 + s ; 2*i,s - 0.955496418023073 ; 2*i
2245,0.870673070642071,B0 - i ; r,0.0445035854327906 - i ; r
2246,0.870673070642071,B0 + s ; sqrt(Abs(i)),s - 0.955496417502111 ; sqrt(Abs(i))
2247,0.870673070642071,B0 - i ; sqrt(Abs(r)),0.0445035840569702 - i ; sqrt(Abs(r))
2248,0.8706730705171186,B0 - i ; B1*r,0.0444924692107329 - i ; 17.6788116681901*r
2249,0.8706730700197908,B0 + s ; B1 + i,s - 0.955521218283344 ; i + 0.00168138736783835
2250,0.8706730689270705,B0 + s ; B1*i,s - 0.955455245002364 ; 60.4748750090616*i
2251,0.8703500038337662,B0*i**2 ; i + 2*r,1.05419132194607e-6*i**2 ; i + 2*r
2252,0.8702775587953038,B0 + B1*sqrt(Abs(i**2 - i*s)) ; r,0.0580668501601645 - 0.0635318799185542*sqrt(Abs(i**2 - i*s)) ; r
2253,0.8702605404607842,B0*sqrt(Abs(s)) + B1*Abs(s)**(3/2) ; i*r,0.0158071141949254*Abs(s)**(3/2) + 0.0283806033369043*sqrt(Abs(s)) ; i*r
2254,0.8701223422809841,B0 + B1*sqrt(Abs(s)) + B2*i*s ; -i + sqrt(Abs(B3 + i + r**2)),-0.000530118175581948*i*s + 0.0171349925170407*sqrt(Abs(s)) - 4.79436319048285e-5 ; -i + sqrt(Abs(i + r**2 + 0.0997681683523521))
2255,0.870078426712526,B0 + B1*s + B2*i*s ; i**3 + i,-2.14544774200798*i*s + 0.123738593373683*s + 0.00951129947838326 ; i**3 + i
2256,0.8700747723193933,i**2 ; i,i**2 ; i
2257,0.8700569326963057,-i**2 ; i,-i**2 ; i
2258,0.870051491567056,B1*sqrt(Abs(B0 + i)) ; B2*sqrt(Abs(i)) + i,0.00217154411861883*sqrt(Abs(i - 125.167973032715)) ; i - 9.89088591097419*sqrt(Abs(i))
2259,0.8699903979500392,B1*sqrt(Abs(B0 + sqrt(Abs(i))*sqrt(Abs(s)))) ; B2 + i*r + i,0.0641402992520201*sqrt(Abs(sqrt(Abs(i))*sqrt(Abs(s)) - 0.0865143074526531)) ; i*r + i + 0.206498982992963
2260,0.8699823990406703,B0*i*s + B0*i*sqrt(Abs(s)) ; B1 + i,-0.0773735199962785*i*s - 0.0773735199962785*i*sqrt(Abs(s)) ; i + 0.381898858090591
2261,0.8699407629418006,B0*Abs(i)**(1/4) ; sqrt(Abs(i)),0.00333163894120656*Abs(i)**(1/4) ; sqrt(Abs(i))
2262,0.8699374861267347,B1*Abs(B0 + sqrt(Abs(i)))**(1/4) ; r,0.0247315673454715*Abs(sqrt(Abs(i)) - 1.01528481016738)**(1/4) ; r
2263,0.8698991990767199,B0 + B1*i ; B2*r + B5*sqrt(Abs(B3 + B4*i)),0.0422132687569351 - 0.00041005936021979*i ; 0.361878369363828*r - 0.00170759075012042*sqrt(Abs(85.528606253314*i + 0.00249144531609772))
2264,0.8698735840455184,B0 + B1*i ; sqrt(Abs(B2*i + B2*Abs(i + r)**(1/4))),0.0422644224798792*i + 0.0435575199420183 ; sqrt(Abs(0.00581106957496228*i + 0.00581106957496228*Abs(i + r)**(1/4)))
2265,0.8698627500524106,B0 + B1*sqrt(Abs(i)) ; B2 + i,0.0125691950824118 - 0.0159169825341943*sqrt(Abs(i)) ; i + 0.0125247250613206
2266,0.8698402641458723,B0*i*s ; B1*i**2 + B2*i*r + r,-0.309854056411928*i*s ; 1.18092161695564*i**2 + 3.2947047494332*i*r + r
2267,0.8698351622274915,B1*sqrt(Abs(B0 + 2*s + sqrt(Abs(s)))) ; sqrt(Abs(i)),0.0291832645189053*sqrt(Abs(2*s + sqrt(Abs(s)) - 0.124209761374401)) ; sqrt(Abs(i))
2268,0.8698249871722121,B0 + B1*i ; B2*sqrt(Abs(i)) + i,0.0199966063554722 - 0.000263943993783096*i ; i - 5.60680297396841*sqrt(Abs(i))
2269,0.8698228483721239,B0 + B1*s ; sqrt(Abs(B2 + B3*sqrt(Abs(i - sqrt(Abs(r)))))),0.0432105654891648*s + 0.00627982402941565 ; sqrt(0.00421292182844415*sqrt(Abs(i - sqrt(Abs(r)))) + 11.2730950258272)
2270,0.8698228475612936,B0 + B1*i ; B2*r + B3*r*sqrt(Abs(i)),0.0494884148475452 - 0.0431984162913258*i ; 0.000224970233879459*r*sqrt(Abs(i)) + 51.9588320119177*r
2271,0.8698228474086833,B0 + B1*i ; B2*Abs(r)**(5/4) + r**2,0.0494981712752808 - 0.0432052906238505*i ; r**2 + 5.51794569325112*Abs(r)**(5/4)
2272,0.869822846851693,B0*i + B1*sqrt(Abs(i + s)) ; B2*r*sqrt(Abs(i)),-0.0432163166918088*i + 0.0495037597798646*sqrt(Abs(i + s)) ; 0.000190079113869151*r*sqrt(Abs(i))
2273,0.869822838971693,B0 + B1*s ; B2 + 2*i + r + sqrt(Abs(i)),0.0431820675381003*s + 0.00628943423747991 ; 2*i + r + sqrt(Abs(i)) + 11.1311044486941
2274,0.8698226876733915,B0 + B1*s ; -i*r + i*sqrt(Abs(i + r)),0.043097818573723*s + 0.00633101959064583 ; -i*r + i*sqrt(Abs(i + r))
2275,0.869822678814911,B0*i + B1*sqrt(Abs(i + s)) ; r,-0.0430948345118387*i + 0.0494271258359993*sqrt(Abs(i + s)) ; r
2276,0.8698226702009882,B0 + B1*s ; i*r + r*Abs(i)**(5/4),2.72178916678503*s + 0.391690738624316 ; i*r + r*Abs(i)**(5/4)
2277,0.8698226334864249,B0*s + B1*sqrt(Abs(i + s)) ; r,0.0433354997096961*s + 0.00623099420815298*sqrt(Abs(i + s)) ; r
2278,0.8698226094161905,B0 + B1*s ; -sqrt(Abs(i))*Abs(r)**(3/2) + Abs(r)**(3/2),0.0433424469167351*s + 0.00622807682565375 ; -sqrt(Abs(i))*Abs(r)**(3/2) + Abs(r)**(3/2)
2279,0.8697872723111338,B0*i ; B1*Abs(i)**(1/4) + B2*i,1.1043434766798*i ; 1.08094057996767*i + 0.00182432853245412*Abs(i)**(1/4)
2280,0.8697785690900054,B1*sqrt(Abs(B0 + i*s)) ; r,0.0341360822358868*sqrt(Abs(i*s + 0.413738825737556)) ; r
2281,0.869763504785787,B1*sqrt(Abs(B0 + i*s)) ; sqrt(Abs(r)),0.033989894310973*sqrt(Abs(i*s + 0.431297525042281)) ; sqrt(Abs(r))
2282,0.8697486534481338,B0*i + B1*i*s + B1*s ; r - sqrt(Abs(i)),0.000665717409935262*i*s + 5.02955020499039e-5*i + 0.000665717409935262*s ; r - sqrt(Abs(i))
2283,0.8697289397279916,B1*sqrt(Abs(B0 + i)) ; B2 + Abs(i)**(3/2),0.002639100302594*sqrt(Abs(i + 22.1753384757097)) ; Abs(i)**(3/2) + 0.0125647262049976
2284,0.8696754817801543,B0*sqrt(Abs(s + Abs(s)**(1/4))) ; sqrt(Abs(i)),0.0183545366994223*sqrt(Abs(s + Abs(s)**(1/4))) ; sqrt(Abs(i))
2285,0.8696195351338782,i**2 ; B0 + r**2 - Abs(r)**(3/2),i**2 ; r**2 - Abs(r)**(3/2) + 0.10726650343206
2286,0.8696069925933899,B0 + B1*i*s + B1*s ; 2*i,0.0420016128096746*i*s + 0.0420016128096746*s + 0.00633055196574031 ; 2*i
2287,0.869605334350804,B1*sqrt(Abs(B0 + i)) ; i,0.189321591424131*sqrt(Abs(i - 0.0158136782481154)) ; i
2288,0.8695709528236356,B1*sqrt(Abs(B0 + i)) ; B2 + sqrt(Abs(i)),0.00106343312929567*sqrt(Abs(i - 28.2500961213148)) ; sqrt(Abs(i)) + 89.2227499342398
2289,0.8695709510623765,B0*i ; B1 + r + sqrt(Abs(r)),-0.000120428088990244*i ; r + sqrt(Abs(r)) + 150.240112009497
2290,0.8695709510623765,B0*i ; B1 + r + sqrt(Abs(i)),-0.000120428088990266*i ; r + sqrt(Abs(i)) + 150.098714470823
2291,0.8695709510613232,B0*i ; sqrt(Abs(B1 + i + r)),-0.000120428088990684*i ; sqrt(Abs(i + r + 30233.6487113207))
2292,0.8695709510569055,B0*i ; sqrt(Abs(B1 - i + r)),-0.000120428088990677*i ; sqrt(Abs(-i + r + 30138.3750991551))
2293,0.8695709509318221,B0*i ; sqrt(Abs(B1 + B2*i)),-0.000120428088999489*i ; sqrt(Abs(22612.9520766412*i + 22007.5563316561))
2294,0.8695709507067872,B0*i ; r - sqrt(Abs(B1 + r)),0.000120428088990932*i ; r - sqrt(Abs(r + 22351.4947286515))
2295,0.8695709480397981,B0*sqrt(Abs(i)) ; sqrt(Abs(B1*r + B2)),0.00120420069973195*sqrt(Abs(i)) ; sqrt(Abs(2140.9461015534*r + 11995.3821711631))
2296,0.8695709473040207,B0*i ; B1 - sqrt(Abs(B2 + i)),0.000120428088990677*i ; -sqrt(Abs(i - 106.670029713176)) - 167.590781319593
2297,0.8695709470005186,B0*i ; -i*sqrt(Abs(B1 + r)),0.000120428088994948*i ; -i*sqrt(Abs(r - 54785691.8370751))
2298,0.8695709454567451,B0*sqrt(Abs(i)) ; sqrt(Abs(B1 + B2*i)),0.00120428089876546*sqrt(Abs(i)) ; sqrt(Abs(3121.42373895244*i - 11826.2723008701))
2299,0.869570924072164,B0*i ; sqrt(Abs(B1 + B2*r)),-0.000120436349888491*i ; sqrt(Abs(1858.74037297249*r + 20979.2948734443))
2300,0.8695646678979353,sqrt(Abs(B0*i + B1)) ; i,sqrt(Abs(0.0143848689434449*i - 0.000318504336175324)) ; i
2301,0.8695646678720615,sqrt(Abs(B0 + B1*i)) ; i,sqrt(Abs(0.0143630391126601*i - 0.000318238745379328)) ; i
2302,0.869563294095815,B1*sqrt(Abs(B0 - i)) ; i,0.101290236274908*sqrt(Abs(i - 0.02611302735315)) ; i
2303,0.8695625601101235,B0 + B1*sqrt(Abs(i)) ; i,0.0268540554460623 - 0.134998856821234*sqrt(Abs(i)) ; i
2304,0.8695560473994186,B1*sqrt(Abs(B0 - i)) ; B2 + i,0.0139509067632463*sqrt(Abs(i - 0.482276271303698)) ; i + 0.269442720232598
2305,0.8695553935261985,B0*i + B0*s ; B1 - r,0.00999062315872761*i + 0.00999062315872761*s ; -r - 0.204202060511754
2306,0.8695548444877296,B0 + B1*i*s + B1*s ; i,0.0414384590088802*i*s + 0.0414384590088802*s + 0.00620329641019831 ; i
2307,0.8695521122974643,B0 + B1*sqrt(Abs(i)) ; -i + r + sqrt(Abs(i)),4.47562713282247e-5*sqrt(Abs(i)) + 0.0115707156634243 ; -i + r + sqrt(Abs(i))
2308,0.869551966680122,B1*sqrt(Abs(B0 + i)) ; -i + r,5.66242021749368e-5*sqrt(Abs(i - 45030.279994685)) ; -i + r
2309,0.8695513042552887,B0*i + B0*s ; i*r,0.012005227683522*i + 0.012005227683522*s ; i*r
2310,0.8695513042552887,B0*sqrt(Abs(i + s)) ; r,0.012005227677099*sqrt(Abs(i + s)) ; r
2311,0.8695513042552887,B0*i + B0*s ; r,0.0120052276530783*i + 0.0120052276530783*s ; r
2312,0.8695513042552887,B0*sqrt(Abs(i + s)) ; r - sqrt(Abs(r)),0.0120052276963088*sqrt(Abs(i + s)) ; r - sqrt(Abs(r))
2313,0.8695513042552887,B0*i + B0*s ; sqrt(Abs(r)),0.0120052277089183*i + 0.0120052277089183*s ; sqrt(Abs(r))
2314,0.8695513042456743,sqrt(Abs(-B0 + i + s)) ; B1*r,sqrt(Abs(i + s - 1.00014411992095)) ; 0.0651654281485686*r
2315,0.8695512895761999,B1*sqrt(Abs(B0 + i)) ; Abs(r)**(5/2),1.30577204626557e-5*sqrt(Abs(i + 844546.360060142)) ; Abs(r)**(5/2)
2316,0.869551275159258,B1*sqrt(Abs(B0 + i)) ; r,2.24126974264134e-5*sqrt(Abs(i + 286832.888988975)) ; r
2317,0.8695506504024819,B1*sqrt(Abs(B0 + i)) ; i*r,4.13636648808977e-6*sqrt(Abs(i + 8339002.3812924)) ; i*r
2318,0.8695499979690328,B0*i ; B1*r + sqrt(Abs(i)),-0.000120553493604999*i ; 2879.31958776559*r + sqrt(Abs(i))
2319,0.8695498083779595,B1*sqrt(Abs(B0 + i)) ; i**2,0.000774168257051605*sqrt(Abs(i + 238.142383383307)) ; i**2
2320,0.8695122830849147,B0 + B2*sqrt(Abs(B1 + s**2)) ; sqrt(Abs(B3 + i)),0.0474769608472165*sqrt(Abs(s**2 - 0.00681548548296475)) - 5.49265138346842e-5 ; sqrt(Abs(i + 0.000235850478404971))
2321,0.8695006949547393,B0*s + B1*sqrt(Abs(i + s)) ; Abs(i)**(1/4),0.0483370680915667*s + 0.000526983493499308*sqrt(Abs(i + s)) ; Abs(i)**(1/4)
2322,0.8694711554733904,B0*Abs(i)**(5/4) + B1*s ; sqrt(Abs(r)),0.049164149114456*s + 0.00439770269297916*Abs(i)**(5/4) ; sqrt(Abs(r))
2323,0.8694390481938754,B0*i ; i**2 + r,-0.000102958255471888*i ; i**2 + r
2324,0.8694053102425583,B0*i + B0*s ; B1 + r,-0.000120248097637124*i - 0.000120248097637124*s ; r + 156.714209605884
2325,0.8694053099032778,B0*i + B0*s ; B1 + sqrt(Abs(B2 + r)),-0.000120248087902295*i - 0.000120248087902295*s ; sqrt(Abs(r - 233.121822571144)) + 163.221010212102
2326,0.869387059598803,i*s ; B0*i**2 + B1*i*sqrt(Abs(r)),i*s ; 36.2794888643705*i**2 - 3.49381589918927*i*sqrt(Abs(r))
2327,0.8693761433928283,B0*i + B1*sqrt(Abs(i - s)) ; i,0.455786666616609*i + 0.0192499519290475*sqrt(Abs(i - s)) ; i
2328,0.8693656983359442,B0*i - i*s + i*sqrt(Abs(s)) ; B1 + i*r - i,-i*s + i*sqrt(Abs(s)) - 0.299636063150009*i ; i*r - i + 0.0150704278992876
2329,0.8692312376630383,B1*sqrt(Abs(B0 + i + s)) ; B2 + B3*i*r + r,0.0311024964344919*sqrt(Abs(i + s - 99.9713983141326)) ; 4.1670817006966*i*r + r - 195.483308828539
2330,0.8692219095062292,B1*sqrt(Abs(B0 + sqrt(Abs(i)))) ; i,0.0625518035712696*sqrt(Abs(sqrt(Abs(i)) - 0.0750089881359569)) ; i
2331,0.8691872828333426,B0*i*s + B0*s**2 ; B1*i**2,0.0485771867771378*i*s + 0.0485771867771378*s**2 ; -0.0105725235584868*i**2
2332,0.8691554625587297,B0*s ; i - r*sqrt(Abs(B1 + r**2)),2.71891830237973*s ; i - r*sqrt(Abs(r**2 + 0.0190797251614445))
2333,0.8691554625582721,B0*s ; B1 + B3*i*sqrt(Abs(B2 + i)),0.0476669255821242*s ; 7.60987439158317*i*sqrt(Abs(i + 0.00804127656695684)) + 0.0114747306274456
2334,0.8691554625582465,B0*s ; B1 + i - r + sqrt(Abs(i - r)),0.0476673085814372*s ; i - r + sqrt(Abs(i - r)) + 0.024763632349508
2335,0.8691554625581569,B0*s ; B1 + B2*r - i + sqrt(Abs(i)),0.0476669084807731*s ; -i + 0.102647897433647*r + sqrt(Abs(i)) + 0.0180123824860301
2336,0.8691554625578422,B0*s ; i*sqrt(Abs(B1*r + i*r)),0.0476668677678894*s ; i*sqrt(Abs(i*r + 0.00090744374503244*r))
2337,0.8691554625568274,B0*s ; B1*sqrt(Abs(r)) + 3*i,2.71891846919748*s ; 3*i + 0.0117916801404652*sqrt(Abs(r))
2338,0.8691554625550331,B0*s ; r + sqrt(Abs(B1 + i - 2*r)),0.0476666395462974*s ; r + sqrt(Abs(i - 2*r + 0.0274086317349215))
2339,0.8691554625487414,B0*s ; B1 - i + 2*r + sqrt(Abs(i)),0.0476663433159613*s ; -i + 2*r + sqrt(Abs(i)) + 4.99295227007245
2340,0.8691554625477652,B0*s ; sqrt(Abs(B1 - 2*i + 2*r)),0.0476679231957067*s ; sqrt(Abs(-2*i + 2*r + 0.0128796083678564))
2341,0.8691554625475538,B0*s ; Abs(B1 + B2*i*sqrt(Abs(r)))**(1/4),0.0476662993821347*s ; Abs(0.0208427724248878*i*sqrt(Abs(r)) + 58.1749914692437)**(1/4)
2342,0.8691554625419416,B0*s ; B1 + i + sqrt(Abs(B2 - i + r)),0.0476681126205979*s ; i + sqrt(Abs(-i + r + 0.060271338197731)) + 0.000174417307466481
2343,0.8691554625380787,B0*s ; B1 + r - sqrt(Abs(B2 + B3*r)),0.0476682205055956*s ; r - sqrt(Abs(0.0599217462960519*r + 0.161711071145081)) + 0.00119452778828061
2344,0.8691554625330183,B0*s ; B1 + sqrt(Abs(i*r + r**2)),0.0476658825984548*s ; sqrt(Abs(i*r + r**2)) + 0.000660305069593079
2345,0.869155462530726,B0*s ; -i + Abs(B1 + B2*sqrt(Abs(i)))**(1/4),0.0476684010880137*s ; -i + (0.14250658946135*sqrt(Abs(i)) + 0.140712900299466)**(1/4)
2346,0.8691554625164228,B0*s ; r*sqrt(Abs(B1 + r**2 - r)),0.0476655359542372*s ; r*sqrt(Abs(r**2 - r + 0.00038591802060664))
2347,0.8691554625144351,B0*s ; B1 + B2*sqrt(Abs(i)) + B3*r,0.0476687308190893*s ; 0.00571582372062477*r + 22.5433945494109*sqrt(Abs(i)) + 1.39888121749466
2348,0.8691554625137071,B0*s ; r*sqrt(Abs(B1 + 2*i + r)),0.0476687439979159*s ; r*sqrt(Abs(2*i + r + 0.928239782552472))
2349,0.8691554624887518,B0*s ; B2*sqrt(Abs(B1 + i - 2*r)),0.0476691446294512*s ; 0.519291709636497*sqrt(Abs(i - 2*r + 0.0107954755154908))
2350,0.8691554624409908,B0*s ; 2*i - r + sqrt(Abs(B1 + r)),0.0476697464674276*s ; 2*i - r + sqrt(Abs(r + 20.0212538318299))
2351,0.8691554624374628,B0*s ; i*sqrt(Abs(B1*r + 2*i)),0.0476697855514795*s ; i*sqrt(Abs(2*i + 0.790850133275155*r))
2352,0.8691554624273442,B0*s ; sqrt(Abs(B1*i + B2*i*r)),0.0476698945959618*s ; sqrt(Abs(80.1115324564587*i*r + 0.821926613302726*i))
2353,0.8691554624243675,B0*s ; B2*Abs(B1 + i*sqrt(Abs(r)))**(1/4),0.0476643044047454*s ; 15.6320044615521*Abs(i*sqrt(Abs(r)) + 15.2151467199292)**(1/4)
2354,0.8691554622066421,B0*s ; B1 + B2*sqrt(Abs(i - r**2)),0.0476716635200347*s ; 1.25307776504279*sqrt(Abs(i - r**2)) + 0.533720963937275
2355,0.8691554620584231,B0*s ; B1*sqrt(Abs(i)) + B2*Abs(i)**(3/2),0.0476616937497509*s ; 24.5871393813439*Abs(i)**(3/2) + 0.0396393850841724*sqrt(Abs(i))
2356,0.8691554619240669,B0*s ; B1 + B2*sqrt(Abs(i)) + i - r,0.0476610092563112*s ; i - r + 0.000136031066364606*sqrt(Abs(i)) + 10.8391908575292
2357,0.8691554618681155,B0*s ; B1*i**2 + B1*i*r,0.0476607458664723*s ; 0.000663376815766134*i**2 + 0.000663376815766134*i*r
2358,0.8691554618600181,B0*s ; sqrt(Abs(B1 - i + sqrt(Abs(i - sqrt(Abs(i)))))),0.0476607086447056*s ; sqrt(Abs(-i + sqrt(Abs(i - sqrt(Abs(i)))) + 0.000803057155343216))
2359,0.8691554616248343,B0*s ; -i + sqrt(Abs(B1*i + i**2)),0.0476597087482852*s ; -i + sqrt(Abs(i**2 + 0.0289298219088398*i))
2360,0.8691554613236396,B0*s ; sqrt(Abs(B1*i**2 + B2*i)),0.0476756328064265*s ; sqrt(Abs(0.00121595048258093*i**2 + 0.0100969806804146*i))
2361,0.8691554610885395,B0*s ; B1 + B2*sqrt(Abs(i)) + B3*i,2.71892438126863*s ; 0.0100089952481785*i + 65.082381800665*sqrt(Abs(i)) + 0.00277030653740178
2362,0.8691554228537078,B0*i*s + B0*s**2 ; sqrt(Abs(r)),0.0476188340612485*i*s + 0.0476188340612485*s**2 ; sqrt(Abs(r))
2363,0.8691554222397898,B0*s ; i*sqrt(Abs(i**2 - i)) + i,0.0476184623023808*s ; i*sqrt(Abs(i**2 - i)) + i
2364,0.8691554203084675,B0*s ; i + sqrt(Abs(i*r + r**2)),0.0476173108901909*s ; i + sqrt(Abs(i*r + r**2))
2365,0.8691554182549714,B0*s ; 2*i - 2*r - sqrt(Abs(r)),0.0476161151622217*s ; 2*i - 2*r - sqrt(Abs(r))
2366,0.869155411552822,B0*s ; i*sqrt(Abs(i + r - Abs(i)**(1/4))),0.0476123941746725*s ; i*sqrt(Abs(i + r - Abs(i)**(1/4)))
2367,0.8691554115480985,B0*s ; i*sqrt(Abs(r**2 - Abs(r)**(3/2))),0.0476123916414313*s ; i*sqrt(Abs(r**2 - Abs(r)**(3/2)))
2368,0.8691513368607268,B2*sqrt(Abs(B0*s + B1*i)) ; i*r - 2*i + r,0.023071704624099*sqrt(Abs(0.00322222604468172*i + 2.33754803543093*s)) ; i*r - 2*i + r
2369,0.8690501325276666,B0*i**2 ; B1*sqrt(Abs(i)),24.3787784081782*i**2 ; 0.0842058315307447*sqrt(Abs(i))
2370,0.869035937287405,B0 + B1*i + B1*sqrt(Abs(i + s)) ; i,0.047890799081483*i + 0.047890799081483*sqrt(Abs(i + s)) - 0.00105383482656467 ; i
2371,0.8690317146716369,B0*s*sqrt(Abs(i - sqrt(Abs(s)))) ; B1*i**2,0.0411860006717937*s*sqrt(Abs(i - sqrt(Abs(s)))) ; 0.000334951762348877*i**2
2372,0.868904316569084,B0*sqrt(Abs(i)) + B1*i + B1*s ; B2*i - r,0.0519033981479724*i + 0.0519033981479724*s + 0.00533622045392759*sqrt(Abs(i)) ; 98.6851406090469*i - r
2373,0.8688971526006819,B0*sqrt(Abs(2*i + 2*s)) ; i**2 + i*sqrt(Abs(i - r)),0.0230906579555294*sqrt(Abs(2*i + 2*s)) ; i**2 + i*sqrt(Abs(i - r))
2374,0.8688780163570794,B1*sqrt(Abs(B0 + i**2)) ; r,0.0311854213536428*sqrt(Abs(i**2 - 0.348106595845425)) ; r
2375,0.8688651175415979,sqrt(2)*i*sqrt(Abs(s)) ; B0 + i,sqrt(2)*i*sqrt(Abs(s)) ; i + 0.00128299176206441
2376,0.8687458127683989,B0*i*s + B1*s*sqrt(Abs(i + s)) ; B2*i,0.3999948392349*i*s + 6.39727826779863e-7*s*sqrt(Abs(i + s)) ; 0.0999973333934831*i
2377,0.8687300499864331,B0*i + B1*sqrt(Abs(s)) + B2*s ; -i + r,0.0005658578694432*i + 0.0936624302551597*s - 0.0699993021639918*sqrt(Abs(s)) ; -i + r
2378,0.8687111929185388,B0 + B1*sqrt(Abs(i)) ; B2*i + B3*i**2 + B3*i*r,0.0519316215315644*sqrt(Abs(i)) - 0.00130564776840823 ; 1.12998643134522*i**2 + 1.12998643134522*i*r - 0.467752739625149*i
2379,0.8686995353278348,B0*i*s**2 + B0*i + B1*s ; B2 + 2*i + r,-0.0160834734298758*i*s**2 - 0.0160834734298758*i + 2.58469639319927*s ; 2*i + r - 2.79431154085466
2380,0.8686832357622026,B0*i*s + B1*Abs(i)**(3/2)*sqrt(Abs(s)) ; r,0.345587061706188*i*s - 0.0809691462865751*Abs(i)**(3/2)*sqrt(Abs(s)) ; r
2381,0.8686688559957072,B0*s + B1*i*s + B1*s**2 ; B2*sqrt(Abs(i)) + B3*i**2,0.00161670293383012*i*s + 0.00161670293383012*s**2 + 0.00813157829641908*s ; 0.000618952210402885*i**2 - 1.50654169481092*sqrt(Abs(i))
2382,0.868644695153906,sqrt(Abs(B0 + B1*i + B2*s)) ; B3*r,sqrt(Abs(1.9823993009383*i + 1.98359672884833*s - 1.98226894426189)) ; 1.14411515628288*r
2383,0.8686427368931477,B2*sqrt(Abs(B0*i + B1 + s)) ; i*r + r,0.0319405428576717*sqrt(Abs(-0.203495218061401*i + s + 0.357643414840762)) ; i*r + r
2384,0.8686395958659738,B1*sqrt(Abs(B0*s + i)) ; sqrt(Abs(B2*r**3 + r)),0.0106347029153785*sqrt(Abs(i + 11.4554282421597*s)) ; sqrt(Abs(0.364788835267301*r**3 + r))
2385,0.8686324155354589,B1*sqrt(Abs(B0 - i + s)) ; B2 + B3*r*sqrt(Abs(i)) + i,0.0366175174348759*sqrt(Abs(-i + s + 0.0536061375183473)) ; i - 0.166184367774421*r*sqrt(Abs(i)) + 0.0830274154470096
2386,0.8686298945410211,B2*sqrt(Abs(B0 + B1*s)) ; sqrt(Abs(B3*Abs(i)**(1/4) - i + r)),0.0271521104505136*sqrt(Abs(1.65248743086923*s + 0.156900126943614)) ; sqrt(Abs(-i + r + 0.263183745966076*Abs(i)**(1/4)))
2387,0.8686282227634963,B0*i*s + B1*i**2*sqrt(Abs(s)) ; r,-0.0832832552035033*i**2*sqrt(Abs(s)) + 0.32545910900612*i*s ; r
2388,0.8686262962411736,B1*sqrt(Abs(B0*Abs(i)**(1/4) - s)) ; B2*r + i*r,0.0347045426282186*sqrt(Abs(s + 0.0863466138913225*Abs(i)**(1/4))) ; i*r + 0.0280681427097582*r
2389,0.8686248642472968,B2*sqrt(Abs(B0*s + B1*i)) ; B3*r,0.00139732793433355*sqrt(Abs(57.6770798382842*i + 662.430638910678*s)) ; 0.00117668118333324*r
2390,0.8686108498021621,B0*i**2*s + B0*i*s**2 ; B1*i**2,0.321958350155696*i**2*s + 0.321958350155696*i*s**2 ; 0.0989011674000878*i**2
2391,0.8686063483844906,B1*sqrt(Abs(B0 + s)) ; B2 + i*r*sqrt(Abs(i - r)),0.0345982326588048*sqrt(Abs(s + 0.0728887038928257)) ; i*r*sqrt(Abs(i - r)) + 0.0159613240159243
2392,0.8685960320609547,B0 + B1*i*s**2 + B1*i*s ; Abs(i)**(1/4)*Abs(r)**(3/8),0.178127157821766*i*s**2 + 0.178127157821766*i*s - 0.000721363909079175 ; Abs(i)**(1/4)*Abs(r)**(3/8)
2393,0.8685960320609406,B0 + B1*i*s**2 + B1*i*s ; sqrt(Abs(i))*Abs(r)**(1/4),0.178127123082109*i*s**2 + 0.178127123082109*i*s - 0.000721354991659647 ; sqrt(Abs(i))*Abs(r)**(1/4)
2394,0.8685738710481509,B0*s + B1*i*s + B1*s**2 ; i + sqrt(Abs(B2*i**2 + B3*i)),-0.00157814448737348*i*s - 0.00157814448737348*s**2 + 0.00865997962200883*s ; i + sqrt(Abs(1.22279496927574*i**2 - 8.71143992548107*i))
2395,0.8685690455988285,B0*sqrt(Abs(2*i - 2*s)) ; B1 + i*Abs(r)**(3/2),0.0258815424514157*sqrt(Abs(2*i - 2*s)) ; i*Abs(r)**(3/2) + 0.0369567529111229
2396,0.8685543678303156,B0*i + B1*sqrt(Abs(s)) ; Abs(i)**(1/4)*Abs(B2 + i)**(1/8),3.75332246415419e-6*i + 0.0485802486928793*sqrt(Abs(s)) ; Abs(i)**(1/4)*Abs(i + 0.388526840982693)**(1/8)
2397,0.8685540277726255,B0 + B1*sqrt(Abs(s)) ; Abs(B2*i + B3 + B4*r)**(1/4),0.0501615915523896*sqrt(Abs(s)) - 0.00039617044891769 ; Abs(14.9628876838047*i + 0.0408159324146063*r + 0.0224440810697327)**(1/4)
2398,0.8685538411644352,B0 + B1*sqrt(Abs(s)) ; B2*r + B3*i*r + i,0.050091391454205*sqrt(Abs(s)) - 0.000399136654511551 ; 0.000916681748570401*i*r + i + 1.67934234828082*r
2399,0.868550674953293,B0*i + B1*i**2 + B1*Abs(i)**(3/2) ; B2*i*r + r*Abs(i)**(3/2),-0.192966451019105*i**2 + 0.366110830289721*i - 0.192966451019105*Abs(i)**(3/2) ; 2.3965079471759*i*r + r*Abs(i)**(3/2)
2400,0.8685501108038517,B0*i + B0*s + B1*sqrt(Abs(s)) ; r,-0.000372501108300681*i - 0.000372501108300681*s + 0.0505690927666571*sqrt(Abs(s)) ; r
2401,0.8685405465788152,B0 + B1*sqrt(Abs(s)) ; B2*r + B3*i*r - i,0.050791767504754*sqrt(Abs(s)) - 0.000385417008614245 ; 0.0143569951314231*i*r - i + 0.000525068389972*r
2402,0.8685386874865108,B0*sqrt(Abs(i)) ; sqrt(2)*sqrt(Abs(r)),0.0125900438026309*sqrt(Abs(i)) ; sqrt(2)*sqrt(Abs(r))
2403,0.8685386874806471,B0*sqrt(Abs(i)) ; i*r,0.0125900325236492*sqrt(Abs(i)) ; i*r
2404,0.8685386874181832,B0*sqrt(Abs(i)) ; i*sqrt(Abs(r)),0.0125899153614348*sqrt(Abs(i)) ; i*sqrt(Abs(r))
2405,0.8685386874151337,B0*sqrt(Abs(i)) ; sqrt(Abs(r)),0.0125899097745548*sqrt(Abs(i)) ; sqrt(Abs(r))
2406,0.8685386873303195,B0*sqrt(Abs(i)) ; B1*sqrt(Abs(r)),0.012589758853459*sqrt(Abs(i)) ; 0.0041129301013679*sqrt(Abs(r))
2407,0.8685386869666364,B0*sqrt(Abs(i)) ; r,0.0125891875235944*sqrt(Abs(i)) ; r
2408,0.8685386557234224,B0*sqrt(Abs(i)) ; B1*r,0.0126102593986108*sqrt(Abs(i)) ; 0.0574632829622694*r
2409,0.8685050259313386,B2*sqrt(Abs(B0*s + B1 + i)) ; i*r + i - r,0.0125979214800235*sqrt(Abs(i + 7.70019144462586*s + 0.08945619600366)) ; i*r + i - r
2410,0.868493128676138,B0*i + B0*s + B1*sqrt(Abs(s)) ; B2 + B3*r,6.34800355353451e-5*i + 6.34800355353451e-5*s + 0.0478306583335075*sqrt(Abs(s)) ; 0.0022145433691027*r + 0.140190258251954
2411,0.8684901050609193,B2*sqrt(Abs(B0*s + B1*i)) ; i*r + i - r,0.101074706658362*sqrt(Abs(0.0188929471730051*i + 0.120551857004244*s)) ; i*r + i - r
2412,0.868469544192743,B0*i + B2*sqrt(Abs(B1 + s)) ; B3*r + B4*sqrt(Abs(r - sqrt(Abs(i)))),-0.000326229988641309*i + 0.0490602851400559*sqrt(Abs(s - 0.0545761308082608)) ; -2.19800447128494*r - 0.382459519896192*sqrt(Abs(r - sqrt(Abs(i))))
2413,0.8684209741036316,B0 + B1*s + B1*sqrt(Abs(i)) ; sqrt(Abs(i)),-0.00516007203014816*s - 0.00516007203014816*sqrt(Abs(i)) + 0.0579762436637339 ; sqrt(Abs(i))
2414,0.8683867789297356,B1*sqrt(Abs(B0 + i)) ; B2*r + B2*sqrt(Abs(i)),0.00671288733494051*sqrt(Abs(i + 5.25905317556136)) ; 0.0413051006221202*r + 0.0413051006221202*sqrt(Abs(i))
2415,0.868362901909349,B0*s**2 + B0*s + B1*i*s ; r,0.260704608683101*i*s + 0.0028446153350782*s**2 + 0.0028446153350782*s ; r
2416,0.8683629019061512,B0*s + B1*s**2 ; B2*i + B3*i*r + B3*r**2,-0.257858196157485*s**2 + 0.26354760739844*s ; 0.00368572946954015*i*r + 0.000517740666050723*i + 0.00368572946954015*r**2
2417,0.8683581363112901,B0*i*s ; B1*r*sqrt(Abs(i)) + i + r*Abs(i)**(3/2),0.958469782692395*i*s ; i + r*Abs(i)**(3/2) - 0.817068609653169*r*sqrt(Abs(i))
2418,0.86833620435971,B0*i + B1*i**2 + B1*i*s ; B2*i,0.484421904461262*i**2 + 0.484421904461262*i*s + 0.0943734697587332*i ; 0.353361621710308*i
2419,0.8682917674117984,B0*s + s*sqrt(Abs(2*i + s)) ; r,s*sqrt(Abs(2*i + s)) - 1.00821951271346*s ; r
2420,0.8682741977567434,B0*sqrt(Abs(s)) ; B1*sqrt(Abs(r)) + i - Abs(r)**(3/2),0.033517635891794*sqrt(Abs(s)) ; i - Abs(r)**(3/2) + 0.000165917151732936*sqrt(Abs(r))
2421,0.8682648526148556,B0*sqrt(Abs(s)) ; B1*r + r*sqrt(Abs(B2 + r)),0.033517634250652*sqrt(Abs(s)) ; r*sqrt(Abs(r + 0.00104807402968377)) + 0.0205923820931136*r
2422,0.8682628904370827,B0*s + B1*Abs(i + s)**(1/4) ; B2 + r,2.70586261697179*s - 0.159312071415429*Abs(i + s)**(1/4) ; r + 9.79192675455235
2423,0.8682486072248063,B0*sqrt(Abs(s)) ; -i + r - sqrt(Abs(B1 + 2*i)),0.0339697204237683*sqrt(Abs(s)) ; -i + r - sqrt(Abs(2*i + 0.00589598648970169))
2424,0.8682474945749741,B0*sqrt(Abs(s)) ; B1 + r + sqrt(Abs(B2 + i + r)),0.0335176238612932*sqrt(Abs(s)) ; r + sqrt(Abs(i + r + 2.03920480053675)) + 0.000218836210127713
2425,0.8682340507753721,B0*sqrt(Abs(s)) ; sqrt(Abs(B1 - 2*i + r**2)),0.0339045966377845*sqrt(Abs(s)) ; sqrt(Abs(-2*i + r**2 + 0.0556600062563582))
2426,0.8682338784095548,B0*s + B1*i*s + B1*s**2 ; B2*Abs(i)**(1/4),0.00165282852917897*i*s + 0.00165282852917897*s**2 - 0.000677368633588522*s ; -2.75346827156165*Abs(i)**(1/4)
2427,0.8682304283605147,B0*sqrt(Abs(s)) ; B1 + B2*i + B3*sqrt(Abs(r)),0.0339630710388369*sqrt(Abs(s)) ; 0.532441062963653*i + 0.000108734311276487*sqrt(Abs(r)) + 0.00103069997339944
2428,0.868229510820204,B0 + B2*sqrt(Abs(B1 + i)) ; B4*sqrt(Abs(B3 - i*r + Abs(r)**(3/2))),0.00426865359920589*sqrt(Abs(i + 99.9999992304197)) + 0.001186498922876 ; 0.132232804883391*sqrt(Abs(-i*r + Abs(r)**(3/2) + 42.8887211340879))
2429,0.8682293158574818,B0*sqrt(Abs(s)) ; B1 + sqrt(Abs(B2*r + B2*sqrt(Abs(i)))),0.0335176900768369*sqrt(Abs(s)) ; sqrt(Abs(0.00123632093021552*r + 0.00123632093021552*sqrt(Abs(i)))) + 28.0567321481041
2430,0.8682276338052449,B0*sqrt(Abs(s)) ; B1 + sqrt(Abs(B2*i + i**2)),0.0333895952748944*sqrt(Abs(s)) ; sqrt(Abs(i**2 + 0.11660251366011*i)) + 0.472587021431899
2431,0.8681430064329112,B0 + B1*i + B1*s**2 ; B2*r + B3*i*r + B3*r**2,-0.251860579338094*i - 0.251860579338094*s**2 + 0.257653490244187 ; 0.00724362425564762*i*r + 0.00724362425564762*r**2 + 0.00920772799639399*r
2432,0.8681054925554699,B0*sqrt(Abs(i + sqrt(Abs(s)))) ; B1*i*sqrt(Abs(r)) + i,0.0220007082136561*sqrt(Abs(i + sqrt(Abs(s)))) ; 2.15055017446828*i*sqrt(Abs(r)) + i
2433,0.8680984115683908,B0*s + B1*i*s + B1*s**2 ; i,-0.284268152537648*i*s - 0.284268152537648*s**2 + 0.294490773911505*s ; i
2434,0.8680951433499261,B0*s + B1*s**2 + B1*Abs(s)**(3/2) ; B2 + B3*i,-0.160200854766452*s**2 + 0.327629079334082*s - 0.160200854766452*Abs(s)**(3/2) ; 28.541070136029*i + 99.1455578176744
2435,0.8680487391423702,B0*Abs(s)**(1/8) ; B1*i,0.016433904845111*Abs(s)**(1/8) ; 0.000311420407928964*i
2436,0.8680441889574007,B0*Abs(s)**(1/8) ; B1 + sqrt(Abs(r)),0.0166810849429057*Abs(s)**(1/8) ; sqrt(Abs(r)) + 0.00748362516595934
2437,0.8680417444297731,B0*Abs(s)**(1/8) ; sqrt(Abs(B1 - i)),0.0166811403732611*Abs(s)**(1/8) ; sqrt(Abs(i - 0.251694624568263))
2438,0.8680382367862226,B0*i + B1*s**2 ; Abs(i)**(1/8)*Abs(r)**(3/8),0.00316952469259685*i + 0.0447784826777172*s**2 ; Abs(i)**(1/8)*Abs(r)**(3/8)
2439,0.8680317559677708,B0*Abs(s)**(1/8) ; i,0.0166810790784708*Abs(s)**(1/8) ; i
2440,0.8679334878814452,B0*i**2 + B0*i + B1*i*s ; r,-0.0189148945632406*i**2 + 0.330963739262231*i*s - 0.0189148945632406*i ; r
2441,0.8679253283292824,B0*sqrt(Abs(i)) + B1*i + B1*s ; B2 + i,0.0188447810953584*i + 0.0188447810953584*s + 0.153978684463003*sqrt(Abs(i)) ; i + 0.00655896599041947
2442,0.8678651552072795,B0*Abs(s)**(1/4) ; sqrt(Abs(B1 + sqrt(Abs(i - sqrt(Abs(r)))))),0.0210872178453387*Abs(s)**(1/4) ; sqrt(sqrt(Abs(i - sqrt(Abs(r)))) + 0.173621850206407)
2443,0.867864139097355,B0*i*s ; B1*i + i*sqrt(Abs(r + sqrt(Abs(i))*sqrt(Abs(r)))),0.213578038593554*i*s ; i*sqrt(Abs(r + sqrt(Abs(i))*sqrt(Abs(r)))) - 0.322346280842219*i
2444,0.8678595145585581,B0*Abs(s)**(1/4) ; i + sqrt(Abs(i - 2*r)),0.0208983601696145*Abs(s)**(1/4) ; i + sqrt(Abs(i - 2*r))
2445,0.8678435543351445,B0*Abs(s)**(1/4) ; B1 + B3*sqrt(Abs(B2 + i)),0.0214375013477052*Abs(s)**(1/4) ; 0.416405202905011*sqrt(Abs(i + 0.000276807485510291)) + 0.00269423721535121
2446,0.8678017023008006,B0*s + B1*i*s + B1*s**2 ; B2*Abs(2*i - r)**(1/4),48.0704137183812*i*s + 48.0704137183812*s**2 - 48.0699950565613*s ; -0.000299769706791736*Abs(2*i - r)**(1/4)
2447,0.8678002460839348,B0 + B1*i**2 + B2*i*sqrt(Abs(s)) ; r,-0.0870927157122413*i**2 + 0.225117634083027*i*sqrt(Abs(s)) + 0.00653084657896976 ; r
2448,0.8677804709217153,B1*sqrt(Abs(B0*i + i*s + s)) ; B2 + B3*r,0.0611228191126855*sqrt(Abs(i*s + 0.0528513250082859*i + s)) ; 0.620613715296066 - 0.244349036096011*r
2449,0.8677313835059721,B0*i + B1*i**2 ; B2 + i,-5.2038720855041*i**2 - 1.08993982998354*i ; i + 0.210057660291871
2450,0.8676773793270438,B0*i*s + B0*i + B1*s**2 ; i,0.716411719879247*i*s + 0.716411719879247*i - 0.00815458042557636*s**2 ; i
2451,0.8675921269796719,B1*sqrt(Abs(B0 + i + 2*s)) ; B2 + i*sqrt(Abs(B3 + i)),0.0226091522635003*sqrt(Abs(i + 2*s + 0.00699852095647662)) ; i*sqrt(Abs(i - 0.00126195811068614)) + 0.0258642857203558
2452,0.867508832134927,B0*i + B0*s + B1*sqrt(Abs(s)) ; i*r + i + r**2 + r,2.97169336669247e-6*i + 2.97169336669247e-6*s + 0.043445910107939*sqrt(Abs(s)) ; i*r + i + r**2 + r
2453,0.8674405027281351,B0*sqrt(Abs(i - sqrt(Abs(i)))) ; B1*r + i,0.0369984508582408*sqrt(Abs(i - sqrt(Abs(i)))) ; i + 0.0113712108400981*r
2454,0.8673384824449797,B0*i + B0*s + B1*sqrt(Abs(s)) ; -i**2 + i + r,0.000321661636258173*i + 0.000321661636258173*s + 0.0430392018887485*sqrt(Abs(s)) ; -i**2 + i + r
2455,0.8673073134712711,B0 + B1*sqrt(Abs(i)) ; i**2 - i*sqrt(Abs(B2 + i)),0.0344123878702259 - 0.0341142648618111*sqrt(Abs(i)) ; i**2 - i*sqrt(Abs(i - 0.156575824816629))
2456,0.8672879174894566,B0*Abs(i)**(1/8) ; B1*i + B2*r,0.0246252423424472*Abs(i)**(1/8) ; 0.648925874547646*i + 0.0128443827814033*r
2457,0.8672838005082713,B0*Abs(i)**(1/4) ; i - r,0.0140394637505344*Abs(i)**(1/4) ; i - r
2458,0.8672648541949466,B1*sqrt(Abs(B0 + i + s**2)) ; B2*i**2 + r,0.0037679599935003*sqrt(Abs(i + s**2 + 93.9684141048546)) ; 0.00430483854253117*i**2 + r
2459,0.867211008737258,B0 + B1*i + B1*Abs(s)**(1/4) ; B2*sqrt(Abs(r)),-0.0584913237379986*i - 0.0584913237379986*Abs(s)**(1/4) + 0.125516753973574 ; 0.924259074527109*sqrt(Abs(r))
2460,0.8671036812937377,B0 + B1*i**2 + i ; i,0.837441709742365*i**2 + i - 0.000466380968467254 ; i
2461,0.8670857357838143,B0*Abs(i)**(1/4) ; r,0.0117750720048835*Abs(i)**(1/4) ; r
2462,0.8670857356880992,B0*Abs(i)**(1/4) ; B1*r,0.0117743661698954*Abs(i)**(1/4) ; 0.000247492388804566*r
2463,0.8670746484277849,B0*s*sqrt(Abs(i)) ; i*r**3 - i*r**2,0.122744958125118*s*sqrt(Abs(i)) ; i*r**3 - i*r**2
2464,0.866924263406185,B0*i + B1*sqrt(Abs(s)) + B2*s ; -i + sqrt(Abs(i - 2*r)),-0.000595385594492076*i + 0.0900132365284922*s - 0.0700201029316651*sqrt(Abs(s)) ; -i + sqrt(Abs(i - 2*r))
2465,0.8669163252503589,B0*s + B1*sqrt(Abs(i + s)) ; Abs(B2*sqrt(Abs(i)) - r*sqrt(Abs(i)))**(1/4),2.72345500724238*s + 0.0735020866297048*sqrt(Abs(i + s)) ; Abs(r*sqrt(Abs(i)) - 0.113617684026148*sqrt(Abs(i)))**(1/4)
2466,0.866881635489784,B0*i + B1*i**2 + B1*s ; B2 + 2*i,0.00408568262912113*i**2 + 1.88650365256243*i + 0.00408568262912113*s ; 2*i - 0.000132272327947406
2467,0.8668432930959276,B0*Abs(i + s**2)**(1/4) ; i,0.0263273279632381*Abs(i + s**2)**(1/4) ; i
2468,0.8667954981812273,B0*Abs(i - 2*s)**(1/4) ; B1*i,0.0187247422172366*Abs(i - 2*s)**(1/4) ; 0.0358446841361889*i
2469,0.86669940637999,B0*Abs(i)**(1/4) ; Abs(i)**(1/4),0.00316619459958826*Abs(i)**(1/4) ; Abs(i)**(1/4)
2470,0.8666420865972279,B0 + B1*i ; sqrt(Abs(i**2 - i*sqrt(Abs(r)))),0.000248493222544748*i + 0.0344154823542139 ; sqrt(Abs(i**2 - i*sqrt(Abs(r))))
2471,0.8664978831662503,B1*sqrt(Abs(B0*s**2 + i)) ; B2 + i*r + 2*r,0.00056639912068367*sqrt(Abs(i + 5344.16068947621*s**2)) ; i*r + 2*r + 229.681847935713
2472,0.8663844803761961,B1*sqrt(Abs(B0 - i + s**2)) ; B2 + i**2,0.0444192565912387*sqrt(Abs(-i + s**2 + 0.250519730773815)) ; i**2 - 0.0724248221982418
2473,0.8663352599783072,B1*sqrt(Abs(B0*s**2 + s**3)) ; sqrt(Abs(B2 + r)),0.17096575889912*sqrt(Abs(s**3 - 0.942678439087635*s**2)) ; sqrt(Abs(r + 6.75969739100016))
2474,0.8662346143159146,B0*s + B0*sqrt(Abs(i)) ; sqrt(Abs(r)),0.0166176208609728*s + 0.0166176208609728*sqrt(Abs(i)) ; sqrt(Abs(r))
2475,0.8661667335793024,B0*Abs(i)**(1/8)*Abs(s)**(1/4) - i ; B1 + B2*r + i*r - r**2,-i + 0.102148707866994*Abs(i)**(1/8)*Abs(s)**(1/4) ; i*r - r**2 + 0.571796261901818*r + 0.000571560363178595
2476,0.8661464716338224,B0 + i**2 ; B1 + B2*i - r,i**2 + 0.00217068073442771 ; 0.740528603831132*i - r + 0.436389935939283
2477,0.8660486252253305,B0*i + B1*i**2 + B1*i*s ; B2*Abs(i)**(1/4),-2.44492643171819e-5*i**2 - 2.44492643171819e-5*i*s - 0.0024616810537876*i ; 1.99573141771421*Abs(i)**(1/4)
2478,0.8659661525461511,B0 + B1*i ; B2 + i**2 - i*r + i,0.07223011950528 - 0.529947952526477*i ; i**2 - i*r + i - 0.00623615875459586
2479,0.8656800447130839,B0*i**2 ; i + sqrt(Abs(r)),0.00500703510061226*i**2 ; i + sqrt(Abs(r))
2480,0.8654406737942795,B0*i ; B1 - i**2 + i*r,-0.278087086716567*i ; -i**2 + i*r + 0.0619731037941865
2481,0.8653256165840151,B0*i**2 + B0*i*sqrt(Abs(s)) ; i,1.15942935380893*i**2 + 1.15942935380893*i*sqrt(Abs(s)) ; i
2482,0.8651994928875366,B0*Abs(i)**(1/4)*Abs(s)**(1/4) ; i,0.0629574312977048*Abs(i)**(1/4)*Abs(s)**(1/4) ; i
2483,0.8651966102658214,B0*i + i*s - i*sqrt(Abs(s)) ; r + sqrt(Abs(r)),i*s - i*sqrt(Abs(s)) + 0.252407173698917*i ; r + sqrt(Abs(r))
2484,0.8651950286041572,B0*s + B0*sqrt(Abs(i)) + B1*i ; r,-0.030930583539877*i + 0.0391859243137137*s + 0.0391859243137137*sqrt(Abs(i)) ; r
2485,0.8651777815387943,B0*i + B1*i**3*s ; r,-1.82390007579003*i**3*s + 0.271686102850193*i ; r
2486,0.8651154414558363,B0*i - 2*i*s ; B1*Abs(i)**(1/8),-2*i*s + 0.212252222277741*i ; 0.0464648431086938*Abs(i)**(1/8)
2487,0.8650718301537395,B0*s + B0*sqrt(Abs(B1 + 2*s)) ; B3*sqrt(Abs(B2 - r**2)),0.0205926049190495*s + 0.0205926049190495*sqrt(Abs(2*s + 0.0123411174440729)) ; 6.14714235360929*sqrt(Abs(r**2 - 37.5545052297908))
2488,0.8650465088614201,B0 + B1*i + B1*sqrt(Abs(i)) ; i,0.193338836301249*i + 0.193338836301249*sqrt(Abs(i)) - 0.0117951236062746 ; i
2489,0.864885941381163,B0*i + B0*sqrt(Abs(i)) + B1*s ; i,0.0821809355749371*i + 0.0256276948050273*s + 0.0821809355749371*sqrt(Abs(i)) ; i
2490,0.8647551353924743,B0*i + B2*sqrt(Abs(B1 + i)) ; 2*i*r - r*sqrt(Abs(i + r)),-0.298072412471048*i + 0.302521141472339*sqrt(Abs(i - 0.0428791783987008)) ; 2*i*r - r*sqrt(Abs(i + r))
2491,0.8646687984440673,B0*Abs(i)**(5/2) ; i,353.55338702662*Abs(i)**(5/2) ; i
2492,0.8646395489867271,B0 + B1*i ; sqrt(Abs(r)) + sqrt(Abs(B2 + i)),0.000176799449956927*i + 0.0280806672273992 ; sqrt(Abs(r)) + sqrt(Abs(i - 0.02071173867114))
2493,0.8645961384271388,B0*i + B0*sqrt(Abs(s)) + B1*s ; i**2 + i*r,0.0252789915208644*i + 0.0172540649799684*s + 0.0252789915208644*sqrt(Abs(s)) ; i**2 + i*r
2494,0.8644164355593873,B0 + B1*s**2 + B1*s ; sqrt(Abs(B2 + i**2)),0.0220220806053663*s**2 + 0.0220220806053663*s + 0.00394192745467441 ; sqrt(Abs(i**2 + 0.000396742017828698))
2495,0.8644164348313673,B0 + B1*s**2 + B1*s ; B2 + i,0.0220187281743828*s**2 + 0.0220187281743828*s + 0.00394087874177278 ; i + 0.00016391012596424
2496,0.8644161911591522,B0 + B1*s**2 + B1*s ; 2*i + r,0.0220933518893694*s**2 + 0.0220933518893694*s + 0.0039026773338021 ; 2*i + r
2497,0.8643504036532745,B0 + B1*s + B1*sqrt(Abs(s)) ; B2*r + r**2 - Abs(r)**(3/2),0.0248865977970861*s + 0.0248865977970861*sqrt(Abs(s)) - 9.34294000808967e-5 ; r**2 + 0.0765792617548537*r - Abs(r)**(3/2)
2498,0.864347913666777,B0 + B1*s + B1*sqrt(Abs(s)) ; B2*r**2 + B3*i*r,0.0247135844687845*s + 0.0247135844687845*sqrt(Abs(s)) - 0.000100332648871285 ; 9.64356609929936*i*r + 51.9228356636756*r**2
2499,0.8643442447330086,B0 + B1*s + B1*sqrt(Abs(s)) ; B2 + Abs(i)**(1/4)*Abs(r)**(1/8),0.0251044100106809*s + 0.0251044100106809*sqrt(Abs(s)) - 9.62903934792504e-5 ; Abs(i)**(1/4)*Abs(r)**(1/8) + 0.000281938256798055
2500,0.864320138760449,B0*s + B0*sqrt(Abs(i - 2*s)) ; i**2*sqrt(Abs(B1 + sqrt(Abs(B2 + r)))),0.0193314214396783*s + 0.0193314214396783*sqrt(Abs(i - 2*s)) ; i**2*sqrt(Abs(sqrt(Abs(r + 79.3077084944232)) - 62.6025905511941))
2501,0.8642957337506251,B0*i ; B1*i + B2*r + B2*sqrt(Abs(r)),2.28281449260061*i ; 2.31159088038709*i + 8.00929017199161e-5*r + 8.00929017199161e-5*sqrt(Abs(r))
2502,0.8642872146822682,B0*i + B1*s + B1*sqrt(Abs(s)) ; sqrt(Abs(B2 + B3*i - i*r)),8.8192788899298e-7*i + 0.0245051262250786*s + 0.0245051262250786*sqrt(Abs(s)) ; sqrt(Abs(-i*r + 2.79773764477488*i + 4.44220666842147))
2503,0.8642598207724824,B0*i*s**2 ; B1*i**3 + B1*i**2*r,0.368205715295601*i*s**2 ; -0.014791054221622*i**3 - 0.014791054221622*i**2*r
2504,0.8642499901998949,B0*sqrt(Abs(i))*sqrt(Abs(s)) ; sqrt(Abs(B1 + B2*i + Abs(i)**(5/4))),0.00368756914237319*sqrt(Abs(i))*sqrt(Abs(s)) ; sqrt(Abs(12.0327702259158*i + Abs(i)**(5/4) + 35.4259625376512))
2505,0.8642462332466191,B0*i + B0*s + B1*sqrt(Abs(i))*sqrt(Abs(s)) ; i + r,0.00390041589527905*i + 0.00390041589527905*s + 0.0756247387249747*sqrt(Abs(i))*sqrt(Abs(s)) ; i + r
2506,0.8642343125494043,B0*s + B1*Abs(i + s)**(1/4) ; B2 + i,0.0288337268777434*s + 0.0205633800417106*Abs(i + s)**(1/4) ; i - 0.0990942324911029
2507,0.8641446355802902,-i**2 + s*Abs(i)**(3/2) ; sqrt(Abs(B0*i + B1*r)),-i**2 + s*Abs(i)**(3/2) ; sqrt(Abs(1.54775078368276e-6*i - 0.000504533921741593*r))
2508,0.8641216363904614,B1*sqrt(Abs(B0 + sqrt(Abs(2*i - s)))) ; sqrt(Abs(i)),0.0141513356710577*sqrt(Abs(sqrt(Abs(2*i - s)) - 14.1760786383529)) ; sqrt(Abs(i))
2509,0.8640702368749489,B0*i + B1*s + B1*sqrt(Abs(B2 + i)) ; B3 - i + sqrt(Abs(B4 - 2*r)),0.00275191429756022*i + 0.027914656557667*s + 0.027914656557667*sqrt(Abs(i + 0.0105355423924298)) ; -i + sqrt(Abs(2*r - 5.22832177114822)) - 2.20741768518213
2510,0.86403360385199,B0 + B1*i ; sqrt(Abs(i)**(3/2) + sqrt(Abs(r))),0.000165477775468662*i + 0.0271023079533393 ; sqrt(Abs(i)**(3/2) + sqrt(Abs(r)))
2511,0.8639996592741244,B0*sqrt(Abs(s)) + B1*s ; B2*r**2 + B3*i*r,0.0221701111119862*s + 0.0252893564103848*sqrt(Abs(s)) ; 0.000249316981466581*i*r + 0.00879297780561465*r**2
2512,0.8639894915850207,B0 + B1*i + B2*s ; Abs(i)**(1/4)*Abs(2*i + r)**(1/8),0.00117773697146632*i - 0.090236329591599*s + 0.117907491773232 ; Abs(i)**(1/4)*Abs(2*i + r)**(1/8)
2513,0.8639729412153365,B0*Abs(i + s)**(1/4) ; i - r,0.0151223494432913*Abs(i + s)**(1/4) ; i - r
2514,0.8638796700248919,B0*i + B1*i**2 + B1*i*s ; i,0.318815828877679*i**2 + 0.318815828877679*i*s + 0.836920366582223*i ; i
2515,0.8638566066088619,B0*Abs(i)**(1/4) ; B1*Abs(i)**(1/8),0.0300001405772743*Abs(i)**(1/4) ; 0.0184168804284267*Abs(i)**(1/8)
2516,0.8638507811673674,B0*i ; B1*sqrt(Abs(r)),0.0269913648653351*i ; 0.00146265724254032*sqrt(Abs(r))
2517,0.8638505769094573,B0*i ; -r + sqrt(Abs(r)),0.0271098388577799*i ; -r + sqrt(Abs(r))
2518,0.8638504049955948,B0*i ; r*sqrt(Abs(i)),0.0271519855579741*i ; r*sqrt(Abs(i))
2519,0.8637965660711452,B0*i*s + B0*s**2 ; i - r,0.0464735044358649*i*s + 0.0464735044358649*s**2 ; i - r
2520,0.8637733859479071,B0 + i*s - 2*i ; B1*i + B2*i**2,i*s - 2*i + 0.13278024296882 ; 10.8824393214576*i**2 - 0.572265241189196*i
2521,0.8637473313014201,B0*Abs(i)**(1/4)*sqrt(Abs(s)) ; r + Abs(i*r + i)**(1/8),0.0113299386420534*Abs(i)**(1/4)*sqrt(Abs(s)) ; r + Abs(i*r + i)**(1/8)
2522,0.8637404828045594,B0*i ; B1*i + r,-8.53565651960586e-5*i ; 0.103899387656865*i + r
2523,0.8636333711380304,sqrt(Abs(B0 + B1*i + i**2)) ; B2 + i*r + i,sqrt(Abs(-i**2 + 0.00844496480958142*i + 1.25196495917321e-5)) ; i*r + i - 0.0109472050638921
2524,0.8636100728516118,B0*i*s**2 + B0*i + B1*s ; B2 + i + r,-0.00569413922253958*i*s**2 - 0.00569413922253958*i + 2.71589389235658*s ; i + r + 0.41736466381275
2525,0.8634671860776227,i*s**2 ; i,i*s**2 ; i
2526,0.8634441722008152,B0*sqrt(Abs(-i*s + i + s**2)) ; B1 + i*r,0.0505407018599209*sqrt(Abs(-i*s + i + s**2)) ; i*r + 5.25672766018972e-5
2527,0.8634327865955569,B0 + B1*sqrt(Abs(i)) ; sqrt(Abs(i + sqrt(Abs(B2*r + r**2)))),0.043101877592547 - 0.00681863014081942*sqrt(Abs(i)) ; sqrt(Abs(i + sqrt(Abs(r**2 - 0.391748112256054*r))))
2528,0.8634230610964887,B0*Abs(s)**(3/2) ; sqrt(Abs(B1*i + i*r + r)),0.0457634987769973*Abs(s)**(3/2) ; sqrt(Abs(i*r + 0.0216291987548826*i + r))
2529,0.8633905667462276,B0*s + B1*Abs(i)**(1/4)*sqrt(Abs(s)) ; B2*i,0.00753100377080875*s + 0.0620998989559723*Abs(i)**(1/4)*sqrt(Abs(s)) ; 0.144155844739639*i
2530,0.863340739452843,B0 + sqrt(Abs(s)) ; B1 + i,sqrt(Abs(s)) - 0.960149995678481 ; i + 0.190819888233755
2531,0.8633043680651992,B0 + B1*sqrt(Abs(i)) - i - s ; r,-i - s - 0.0570216454600059*sqrt(Abs(i)) + 1.06289770897104 ; r
2532,0.8632398544936137,B0*i + B1*i*s + B1*s ; B2*sqrt(Abs(r)),0.0445166960697488*i*s + 0.0182154415655494*i + 0.0445166960697488*s ; 0.000483587298434571*sqrt(Abs(r))
2533,0.8630970382627748,i**2 ; B0*sqrt(Abs(i)),i**2 ; 0.0025758403666*sqrt(Abs(i))
2534,0.8630172805915707,B0 + B1*s**3 ; B2*Abs(i)**(1/4)*Abs(r)**(1/4),0.0372212421455791*s**3 + 0.0054575736194691 ; 2.26852035211608*Abs(i)**(1/4)*Abs(r)**(1/4)
2535,0.863017251319425,B0 + B1*s**3 ; r,0.0371553050746216*s**3 + 0.00546343043637945 ; r
2536,0.8629686788200049,B0*s**2 + B1*i*s ; i,-2.86970135784825*i*s + 0.0788864333319117*s**2 ; i
2537,0.8628958814051875,B0*s + B2*sqrt(Abs(s))*Abs(B1 + s)**(1/4) ; i,2.95100598075582*s + 1.21001062597743*sqrt(Abs(s))*Abs(s + 0.282125436313986)**(1/4) ; i
2538,0.862657568985175,B0*sqrt(Abs(i))*sqrt(Abs(s)) ; Abs(i)**(1/4),0.00418172396220535*sqrt(Abs(i))*sqrt(Abs(s)) ; Abs(i)**(1/4)
2539,0.8626139201407343,B0*sqrt(Abs(s + sqrt(Abs(i)))) ; r,0.0128449206353601*sqrt(Abs(s + sqrt(Abs(i)))) ; r
2540,0.8625710235792323,B0*sqrt(Abs(i))*sqrt(Abs(s)) ; Abs(r)**(1/4),0.0445601511316568*sqrt(Abs(i))*sqrt(Abs(s)) ; Abs(r)**(1/4)
2541,0.8625380136558122,B0*s + B0*sqrt(Abs(i)) ; sqrt(Abs(B1*i + r)),0.00122910980784416*s + 0.00122910980784416*sqrt(Abs(i)) ; sqrt(Abs(16304.61142225*i - r))
2542,0.862535204697067,B0*s + B0*sqrt(Abs(i)) ; sqrt(Abs(B1 + Abs(i)**(3/2))),0.00123052468272215*s + 0.00123052468272215*sqrt(Abs(i)) ; sqrt(Abs(i)**(3/2) + 3922.82844255911)
2543,0.8625223566385025,B0*s + B0*sqrt(Abs(2*i - s)) ; B1 + B2*i*r,0.0333617106444654*s + 0.0333617106444654*sqrt(Abs(2*i - s)) ; 0.425442362160325*i*r + 0.00346972789960835
2544,0.8624964061472344,B0*sqrt(Abs(i))*sqrt(Abs(s)) ; r,0.045113239138552*sqrt(Abs(i))*sqrt(Abs(s)) ; r
2545,0.8624802950775216,B0*i ; sqrt(Abs(i + r)),-0.000227247378689004*i ; sqrt(Abs(i + r))
2546,0.8624778743859784,B0*sqrt(Abs(i))*sqrt(Abs(s)) ; B1*r,0.0443259506041689*sqrt(Abs(i))*sqrt(Abs(s)) ; 0.115717966657251*r
2547,0.8624475277095873,B0 + B1*Abs(i + sqrt(Abs(s)))**(1/4) ; sqrt(Abs(r)),0.365043805355714 - 0.320032085266076*Abs(i + sqrt(Abs(s)))**(1/4) ; sqrt(Abs(r))
2548,0.862141835366937,B0*i + B0*Abs(i)**(1/4) + B1*s ; B2 + r - sqrt(Abs(r)),-0.000233986976561521*i + 0.0509229256341272*s - 0.000233986976561521*Abs(i)**(1/4) ; r - sqrt(Abs(r)) + 0.65901323989842
2549,0.8619018124511115,B1*sqrt(Abs(B0 - 2*i + s)) ; B2 + B3*i + B4*i**2,0.0480164040267832*sqrt(Abs(-2*i + s + 0.0162304503787223)) ; 0.703778245637637*i**2 + 0.298981593537543*i + 0.0143957303115032
2550,0.8617858840624492,i*s + s*sqrt(Abs(i*s - i)) ; B0 + i,i*s + s*sqrt(Abs(i*s - i)) ; i + 0.0451239240910419
2551,0.8617348072186141,Abs(i)**(5/4) ; i,Abs(i)**(5/4) ; i
2552,0.8617104996538626,B0*s + s*sqrt(Abs(B1*s + s**2)) ; r,s*sqrt(Abs(s**2 - 1.27216965334901*s)) - 0.534588357698036*s ; r
2553,0.8615004612655973,B0*i + B0*sqrt(Abs(i)) + B1*s ; i*r**2,0.00387653272555672*i + 0.0488695301742781*s + 0.00387653272555672*sqrt(Abs(i)) ; i*r**2
2554,0.8614860505618682,B0*s + B1*sqrt(Abs(s + sqrt(Abs(i)))) ; r,0.0412022962735464*s + 0.00774292412480158*sqrt(Abs(s + sqrt(Abs(i)))) ; r
2555,0.8613949842826337,B0*i**2 ; sqrt(Abs(B1*r**2 + B2*i)),32.4046605063172*i**2 ; sqrt(Abs(0.0285356481944196*i + 0.00051152913608468*r**2))
2556,0.8613848232793768,B0*i*s**2 - i*s ; sqrt(Abs(B1 + B2*i*r)),0.0330536740702594*i*s**2 - i*s ; sqrt(Abs(0.0202594983733826*i*r + 0.000882629274469391))
2557,0.8613051223556609,B0*i ; B1 + i*r - Abs(i)**(3/2),-0.30618668623859*i ; i*r - Abs(i)**(3/2) + 0.0663536148110544
2558,0.8612978342922085,B0 + B1*i*s + B1*i + B2*s ; i**2 + r,-0.000392948331524344*i*s - 0.000392948331524344*i + 0.0582049208829181*s - 0.0371545980373023 ; i**2 + r
2559,0.861260006373876,B0*i - i**2 + i*sqrt(Abs(s)) ; i,-i**2 + i*sqrt(Abs(s)) + 0.232330514236749*i ; i
2560,0.8612375151857072,B0*s + B0*sqrt(Abs(i)) ; -i + r,0.0012277492902893*s + 0.0012277492902893*sqrt(Abs(i)) ; -i + r
2561,0.8612056044195376,B0*sqrt(Abs(i + s)) ; B1 + 2*i - r,0.00239918025833888*sqrt(Abs(i + s)) ; 2*i - r + 67.0677885310554
2562,0.8611874801620519,B0*i - i**2 + i*sqrt(Abs(s)) ; B1 + i*r - r,-i**2 + i*sqrt(Abs(s)) - 0.313686337135289*i ; i*r - r + 0.0328051096881082
2563,0.8611447804946961,B0 + B1*sqrt(Abs(i)) + B2*i ; i,0.747737429039493*i + 0.0878952654608223*sqrt(Abs(i)) - 0.00744925005173444 ; i
2564,0.861124620311595,B0 + B1*s ; B2 + B3*i + i**2 - r,0.0432070760146887*s + 0.0062854604856052 ; i**2 + 0.000128677257944747*i - r + 4.45591666031807
2565,0.8611246202585547,B0 + B1*s ; B2*r + B2*sqrt(Abs(i)) + B3*i,0.0432077844346325*s + 0.00628633117450094 ; 0.00208691374492354*i + 0.827038493205859*r + 0.827038493205859*sqrt(Abs(i))
2566,0.8611246191312516,B0 + B1*s ; B2*i**2 + B3*i*r,0.0432128329139887*s + 0.00628845324255807 ; 0.000339181779884732*i**2 + 0.562315943715589*i*r
2567,0.8611246189343907,B0 + B1*s ; B2*r**2 + 3*r,0.0432085297790542*s + 0.00627700413978584 ; 0.0148491283120537*r**2 + 3*r
2568,0.8611246189047959,B0 + B1*i ; B2*r + i*r - r**2,0.0494974192098045 - 0.0432042610089518*i ; i*r - r**2 + 0.48340752977598*r
2569,0.8611246184526614,B0 + B1*s ; B2*r + B3*i**2*r,0.0432124413436521*s + 0.0062906779223414 ; 0.416954113227924*i**2*r + 36.2292132286542*r
2570,0.8611246179622518,B0 + B1*s ; B2*i + i*r - Abs(i)**(3/2),0.0432018470172122*s + 0.00629576617595876 ; i*r + 50.8005484053927*i - Abs(i)**(3/2)
2571,0.8611246173204745,B0 + B1*s ; B2*i**2*r - i**2,0.0432204459720397*s + 0.00627323509970607 ; 0.17750648134691*i**2*r - i**2
2572,0.861124594254466,B0 + B1*s ; B2*i - i**2 + i*r,0.0432525256003806*s + 0.00626632033104013 ; -i**2 + i*r + 0.000166997930790351*i
2573,0.8611245819028918,B0*s + B1*Abs(i + s)**(1/4) ; r,0.0431538784091428*s + 0.0063074107745546*Abs(i + s)**(1/4) ; r
2574,0.8611244453230136,B0 + B1*s ; i**2*r + Abs(i)**(5/2),0.0430926056391939*s + 0.00633323136731438 ; i**2*r + Abs(i)**(5/2)
2575,0.8611244453012148,B0 + B1*i ; sqrt(Abs(i))*Abs(r + sqrt(Abs(r)))**(1/8),0.0495595422946412 - 0.0433235140836594*i ; sqrt(Abs(i))*Abs(r + sqrt(Abs(r)))**(1/8)
2576,0.8611244423724099,B0 + B1*i ; i**2*r - 3*r,0.049425277680974 - 0.0430916381896686*i ; i**2*r - 3*r
2577,0.8611244374257491,B0 + B1*s ; 2*i**2*r,0.0430900341230428*s + 0.00633431606431063 ; 2*i**2*r
2578,0.8611244270210305,B0*i + B1*s ; Abs(i*r - r*Abs(i)**(3/2))**(1/4),0.00633570690906196*i + 0.0494224365015421*s ; Abs(i*r - r*Abs(i)**(3/2))**(1/4)
2579,0.8611243960038049,B0 + B1*s ; -i**2 + i*r + Abs(i)**(3/2),0.0433387954873141*s + 0.00622961012144868 ; -i**2 + i*r + Abs(i)**(3/2)
2580,0.861120434416674,B0*sqrt(Abs(i)) ; i**2*r + i,0.110027596577938*sqrt(Abs(i)) ; i**2*r + i
2581,0.8610353129559173,B0*i**2 + B1*i**3 ; B2*i**2,886.888161991814*i**3 + 82.6417587297283*i**2 ; 100.382941942022*i**2
2582,0.8609947201603824,B0*i + B0*sqrt(Abs(s)) ; B1 - i + r,0.000120469524743342*i + 0.000120469524743342*sqrt(Abs(s)) ; -i + r - 146.107080611047
2583,0.8609925737219016,B0*i - i**2 ; B1 + i,-i**2 - 0.275660578526432*i ; i + 0.234108244235351
2584,0.8609899799336397,B0 + B1*i**2 ; B2*r + B3*sqrt(Abs(r - Abs(r)**(1/4))),0.0446792042906394 - 0.0381917252061358*i**2 ; 0.84844538989179*r + 0.0672971018915091*sqrt(Abs(r - Abs(r)**(1/4)))
2585,0.8609898465133364,B0*i + B0*s + B1*i**2 ; r,-0.0381067680995477*i**2 + 0.0446407704852938*i + 0.0446407704852938*s ; r
2586,0.8609851142161021,B0*i + B0*sqrt(Abs(i)) ; i,0.0982726663203872*i + 0.0982726663203872*sqrt(Abs(i)) ; i
2587,0.860980336830384,B0*sqrt(Abs(i)) ; B1*i - i**2,0.0976951283801821*sqrt(Abs(i)) ; -i**2 + 0.818099109811919*i
2588,0.8609161214694308,B0*Abs(i + s)**(1/4) ; B1 - 2*i,0.00380974509621784*Abs(i + s)**(1/4) ; -2*i - 54.5216627457167
2589,0.8609161196802332,B0*Abs(i - s)**(1/4) ; B1 - i + r,0.00380974363674419*Abs(i - s)**(1/4) ; -i + r + 54.0648793893546
2590,0.8608783507261085,B1*Abs(B0 + i)**(1/4) ; B2*i + i**2,0.0271272387651541*Abs(i + 0.0336107043875456)**(1/4) ; i**2 + 2.57663128938521*i
2591,0.860875243284849,B0 + B1*Abs(i)**(1/4) ; B2 + i,0.00384299972828867*Abs(i)**(1/4) - 0.000109461900787782 ; i + 146.879269498584
2592,0.8608752432209061,B1*Abs(B0 + i)**(1/4) ; B2*i - r,0.00383662450631619*Abs(i - 27.6506907831577)**(1/4) ; 18.4466240795443*i - r
2593,0.8608752415517527,B0*i ; B1 + Abs(i)**(1/8),-0.000120428088990266*i ; Abs(i)**(1/8) + 172.71376045192
2594,0.8608752415517525,B0*i ; B1 + i + 2*r,-0.00012042808899045*i ; i + 2*r + 150.220123242915
2595,0.8608752415517519,B0*i ; B1*Abs(i + r)**(1/4),-0.000120432984892264*i ; 462.391092901583*Abs(i + r)**(1/4)
2596,0.8608752415509915,B0*sqrt(Abs(i + sqrt(Abs(i)))) ; B1 + sqrt(Abs(r)),0.00126942351825918*sqrt(Abs(i + sqrt(Abs(i)))) ; sqrt(Abs(r)) + 147.463012825079
2597,0.8608752414876923,B1*sqrt(Abs(B0 - i)) ; B2 + B3*i + r,0.00122038612819535*sqrt(Abs(i - 32.0154816250517)) ; 105.140096763529*i + r - 35.7938206496482
2598,0.8608752410063996,B0*sqrt(Abs(i + sqrt(Abs(i)))) ; B1 + i + sqrt(Abs(r)),0.00126942351829583*sqrt(Abs(i + sqrt(Abs(i)))) ; i + sqrt(Abs(r)) + 200.966760411535
2599,0.8608752407426862,B0*i ; -i + Abs(B1 + i)**(1/4),-0.000120429892177685*i ; -i + Abs(i + 497141012.411225)**(1/4)
2600,0.8608752405191322,B1*Abs(B0 - i)**(1/4) ; B2 + B3*i,0.00353831245763992*Abs(i - 34.1005452405144)**(1/4) ; 2.23650937827437 - 8.71728512175011*i
2601,0.8608752404100967,B0*sqrt(Abs(i)) ; B1 - i + 2*r,0.0012042808900101*sqrt(Abs(i)) ; -i + 2*r + 110.475528591764
2602,0.8608752388017015,B0*i ; Abs(B1 + r)**(1/8),-0.000120411384879086*i ; Abs(r + 8.07682749965398e+17)**(1/8)
2603,0.8608752305096027,B0*sqrt(Abs(i)) ; B1 + B2*r - i,0.00120433579671042*sqrt(Abs(i)) ; -i + 12.1530473162943*r + 106.977184511252
2604,0.8608752234790404,B0*Abs(i)**(1/4) ; Abs(B1 - i + r)**(1/4),0.00380823789836424*Abs(i)**(1/4) ; Abs(-i + r + 92874345.6827853)**(1/4)
2605,0.8608728476865609,B0*Abs(i)**(1/8) ; B1 + i,0.00676585321480933*Abs(i)**(1/8) ; i + 147.6054087155
2606,0.8608692608852255,B0 + B1*i**2 ; i,0.0154918434062577 - 23.7277687991672*i**2 ; i
2607,0.8608632665792524,sqrt(Abs(B0*i + B1)) ; B2 + 3*i,sqrt(Abs(2.74873141301765e-6*i + 0.000130082494077097)) ; 3*i + 26.8348051254733
2608,0.860862422522963,B0*Abs(i)**(1/4) ; B1 + 2*i - r,0.00505206508388437*Abs(i)**(1/4) ; 2*i - r + 35.6558400018453
2609,0.8608570041638631,B0*i**3 + B1*s ; B2*Abs(i)**(1/4)*Abs(r)**(1/8),-0.00702033118431651*i**3 + 0.0457419105269893*s ; 0.0200696525233347*Abs(i)**(1/4)*Abs(r)**(1/8)
2610,0.8608561333661516,B0 + i**3 ; B1 + i,i**3 + 0.012075638624222 ; i + 0.0546055926693418
2611,0.8608557986200565,B0 + B1*sqrt(Abs(i)) ; r*sqrt(Abs(i)) + sqrt(Abs(i)),0.0120439944958366 - 4.00710312974577e-6*sqrt(Abs(i)) ; r*sqrt(Abs(i)) + sqrt(Abs(i))
2612,0.8608549225947094,B0*i ; B1*i**2 + r,-0.000120621566333843*i ; 4132.06340213497*i**2 + r
2613,0.8608501858562456,B1*Abs(B0 + i)**(1/4) ; sqrt(Abs(i)),0.000699058025934668*Abs(i - 86473.7929233748)**(1/4) ; sqrt(Abs(i))
2614,0.8607773591166215,B0*s**2 + B0*s*sqrt(Abs(i)) ; -i*r,0.0373299589513451*s**2 + 0.0373299589513451*s*sqrt(Abs(i)) ; -i*r
2615,0.8607668976232337,B0*i ; i**2 + 2*i - r,-0.287138290254516*i ; i**2 + 2*i - r
2616,0.8607212722658273,B0 + B1*i + B2*sqrt(Abs(i))*sqrt(Abs(s)) ; B3 + i,0.0363764298812274*i + 0.5169685012754*sqrt(Abs(i))*sqrt(Abs(s)) - 0.0120799383239116 ; i + 0.0658095696500099
2617,0.860711256378343,B0*i + B0*s ; -i + sqrt(Abs(B1 + sqrt(Abs(i)))),-0.000120248104815761*i - 0.000120248104815761*s ; -i + sqrt(sqrt(Abs(i)) + 24280.3803853147)
2618,0.8606866923303984,B0 + B1*i ; 2*i + sqrt(Abs(r**2 - r)),0.0756633385992771*i + 0.0485585155908599 ; 2*i + sqrt(Abs(r**2 - r))
2619,0.860684771964696,B0*i**2 + B0*i + B0*s ; i,0.045738751262709*i**2 + 0.045738751262709*i + 0.045738751262709*s ; i
2620,0.860642560473697,B0*i**2 ; B1 + i*r + i - r,0.268592201800096*i**2 ; i*r + i - r + 0.723241508914582
2621,0.8605418031960115,B0 + B1*sqrt(Abs(i)) ; sqrt(Abs(B2 - 2*i**2)),0.0233510468749073 - 0.00123408925944362*sqrt(Abs(i)) ; sqrt(Abs(2*i**2 - 0.00358878468157764))
2622,0.8604789758351586,B0 + B1*s*sqrt(Abs(i)) + B1*s ; i,0.035827243329398*s*sqrt(Abs(i)) + 0.035827243329398*s + 0.0059693782788277 ; i
2623,0.8604708269695946,B0*i**2 + B1*s ; B2*Abs(i)**(1/4)*Abs(r)**(1/8),-0.000716911810472337*i**2 + 0.0474020663052853*s ; 0.0574110249276513*Abs(i)**(1/4)*Abs(r)**(1/8)
2624,0.8604639079332725,B0*s ; B1*r - i*r - r**2,0.0476670786339217*s ; -i*r - r**2 + 3.97609177114228*r
2625,0.8604639079332213,B0*s ; B1*Abs(2*i + 2*r)**(1/4),0.0476671812430597*s ; 63.4999139316203*Abs(2*i + 2*r)**(1/4)
2626,0.8604639079330066,B0*s ; B1*sqrt(Abs(i)) + B2*r*sqrt(Abs(i)),2.71891832593838*s ; 50.140384585995*r*sqrt(Abs(i)) + 54.8587107956649*sqrt(Abs(i))
2627,0.860463907932956,B0*s ; B1*r + B2*i*r**2,0.0476669732986838*s ; 10.9966964101635*i*r**2 + 0.00704080439498591*r
2628,0.8604639079328484,B0*s ; B1*i + B2*i**2*r,0.0476672778773196*s ; 0.000205701638431891*i**2*r + 0.0331653276776285*i
2629,0.8604639079326105,B0*s ; B1 + i**2 + i*r + i,0.0476673166103504*s ; i**2 + i*r + i + 0.00108946271494028
2630,0.8604639079324732,B0*s ; B1*r - i*r + 2*i,0.0476668943065757*s ; -i*r + 2*i + 0.000545960827841324*r
2631,0.8604639079323306,B0*s ; B1 - i*r + 2*i + r,0.0476668759220335*s ; -i*r + 2*i + r + 13.4569703992706
2632,0.8604639079317554,B0*s ; B1 + i**2*r - i**2,0.0476674173132566*s ; i**2*r - i**2 + 0.000184080110477191
2633,0.8604639079314282,B0*s ; sqrt(Abs(B2 - r + sqrt(Abs(B1 + i - r)))),0.0476667823270394*s ; sqrt(Abs(-r + sqrt(Abs(i - r + 2.34473313155593)) + 0.00351909117397782))
2634,0.8604639079310363,B0*s ; i*sqrt(Abs(B3 + sqrt(Abs(B1 + B2*i)))),0.0476667490565446*s ; i*sqrt(sqrt(Abs(0.0001982904622255*i + 0.0308531998212834)) + 1.53412359938975)
2635,0.8604639079288537,B0*s ; B1 + B2*i**2 + B3*r,0.0476676284054387*s ; 0.0153775703475983*i**2 + 0.0271755597117501*r + 0.175357998851241
2636,0.8604639079274835,B0*s ; B1*i + B2*i**2 + r,0.0476677022698946*s ; 3.15535066857629*i**2 + 0.414386481006744*i + r
2637,0.8604639079185861,B0*s ; B1*i + 2*i**2,0.0476680492372137*s ; 2*i**2 + 0.000984671573334812*i
2638,0.8604639079175932,B0*s ; B1 + i**2*r + i*r,0.0476661499733694*s ; i**2*r + i*r + 0.000147785856383428
2639,0.8604639079166115,B0*s ; B2*sqrt(Abs(B1*i*r + B1*r)),0.0476661202656386*s ; 0.000117769096484222*sqrt(Abs(1.32631883597596*i*r + 1.32631883597596*r))
2640,0.8604639078915121,B0*s ; B1*i + 2*i*r,0.047668689511831*s ; 2*i*r + 0.00044626100655442*i
2641,0.8604639078883439,B0*s ; B1*r + r**2 + Abs(r)**(3/2),0.0476687481109637*s ; r**2 + 0.0785309907325807*r + Abs(r)**(3/2)
2642,0.8604639078465375,B0*s ; B1*r + i*r - r**2,0.0476693837793289*s ; i*r - r**2 + 0.0345304271322443*r
2643,0.8604639078288945,B0*s ; sqrt(Abs(B1*i**2 + B1*i*r)),0.0476646264703104*s ; sqrt(Abs(0.00132222959013161*i**2 + 0.00132222959013161*i*r))
2644,0.8604639078237397,B0*s ; B1*i + B1*r + B1*Abs(i)**(1/4),0.0476696644919628*s ; 0.00228709957586409*i + 0.00228709957586409*r + 0.00228709957586409*Abs(i)**(1/4)
2645,0.8604639077959891,B0*s ; B1*r - 2*r**2,0.0476699691708495*s ; -2*r**2 + 0.000131521873145142*r
2646,0.8604639077432075,B0*s ; B1*i**2 + B2*i*r,0.0476704732312773*s ; 1.50432840197745*i**2 + 6.92767569557923*i*r
2647,0.86046390761198,B0*s ; B1*i*r + B1*r*sqrt(Abs(i)),0.0476627492183057*s ; 0.000939104853607717*i*r + 0.000939104853607717*r*sqrt(Abs(i))
2648,0.8604639074109661,B0*s ; B1*sqrt(Abs(r)) + B2*r + sqrt(Abs(i)),0.0476615486713886*s ; 0.366859217971054*r + sqrt(Abs(i)) + 0.000930064503728749*sqrt(Abs(r))
2649,0.8604639071682049,B0*s ; B1*i + i**2*r + r,0.0476603782151054*s ; i**2*r + 4.14155291778079*i + r
2650,0.860463906840193,B0*s ; B3*r*sqrt(Abs(B1 + B2*sqrt(Abs(r)))),0.0476751681105149*s ; 0.000400455651832998*r*sqrt(2.91351311256923*sqrt(Abs(r)) + 0.0039033952483209)
2651,0.860463906506905,B0*s ; B1 + sqrt(Abs(i + sqrt(Abs(B2 + 2*i)))),0.0476579165768779*s ; sqrt(Abs(i + sqrt(Abs(2*i + 0.000182425849114063)))) + 0.000763809856669319
2652,0.8604639050770313,B0*s ; B1*i - 2*i*r,2.7189096354595*s ; -2*i*r + 70.6402446226165*i
2653,0.8604639040543954,B0*s ; B1*i + i**2 - i*r,0.0476822853806412*s ; i**2 - i*r + 0.000130638362709117*i
2654,0.8604639032139676,B0*s ; B1*i*r - i*r**2,0.0476503839082982*s ; -i*r**2 + 0.000872688289537836*i*r
2655,0.8604638656501038,B0*s ; -i**2 + i*r + Abs(i)**(3/2),0.0476170406257257*s ; -i**2 + i*r + Abs(i)**(3/2)
2656,0.8604205515789405,B0*s + s*Abs(B1 + i)**(1/4) ; i**2 + i,s*Abs(i + 119.047165533601)**(1/4) - 3.25591574738195*s ; i**2 + i
2657,0.8604024372853447,B0 + B1*sqrt(Abs(i)) ; sqrt(Abs(B2 + B3*r + r**2)),0.0243859098247336 - 0.00144794844874398*sqrt(Abs(i)) ; sqrt(Abs(r**2 - 0.0215295356299509*r + 0.000115201302537539))
2658,0.8602077705810082,B0*i + B1*s ; B2 + sqrt(Abs(i**2 + i*r - r)),0.00155777585109192*i + 0.0383912380789598*s ; sqrt(Abs(i**2 + i*r - r)) - 4.79057812538081
2659,0.86018821838885,B0*i + B0*s ; -i*r + i - sqrt(Abs(i)),0.0133791673240777*i + 0.0133791673240777*s ; -i*r + i - sqrt(Abs(i))
2660,0.8601276140521023,B0 + B1*i**3 + B1*i ; r,-0.0193506704260809*i**3 - 0.0193506704260809*i + 0.0485597221376739 ; r
2661,0.8601024673964509,B0 + B1*s ; B2*r - r**2 + r*sqrt(Abs(i)),2.75173743818013*s - 64.4155660968032 ; -r**2 + r*sqrt(Abs(i)) + 51.7922771033326*r
2662,0.860058354640763,B0*s + B1*s**2 + B2*i*s ; B3 + B4*i,0.399995279009468*i*s + 1.99769616359713e-6*s**2 - 1.39619058522061e-6*s ; 0.0999963541542013*i - 1.11481267086793e-7
2663,0.860058354640763,B0*s + B1*s**2 + B2*i*s ; B3 + B4*i + B5*r,0.248385518007507*i*s - 0.151607764947038*s**2 + 0.151608366429683*s ; 0.161032214244648*i + 0.0610358593633723*r - 1.79471040679417e-7
2664,0.8600583546407371,B0*s + B1*s**2 + B2*i*s ; B3*i,0.399995985580723*i*s + 1.46052073304141e-6*s**2 - 8.13860456963356e-7*s ; 0.0999967460932042*i
2665,0.8600583546407371,B0*s + B1*s**2 + B2*i*s ; B3*i + B4*r,0.257707819232707*i*s - 0.142286707774009*s**2 + 0.142287354376534*s ; 0.15520793109995*i + 0.0552111840871381*r
2666,0.8600583546399818,B0*i + B1*i**2 + B2*i*s ; B3*i,1.08509454628765e-5*i**2 + 0.400023380575393*i*s + 3.54177503570702e-6*i ; 0.100025757570588*i
2667,0.8600438224930745,B0*i*s**2 + B1*i**2*s ; B2*sqrt(Abs(i)),0.350327368889277*i**2*s + 0.444479895654572*i*s**2 ; 0.0289048193746709*sqrt(Abs(i))
2668,0.8600426445524842,B0*i*s**2 + B1*i**2*s ; B2*i,0.349703220815619*i**2*s + 0.361126965065926*i*s**2 ; 0.045755441643809*i
2669,0.8600340307024223,B0*s + B1*Abs(s)**(3/2) + B2*s**2 ; i,-0.571237799955062*s**2 + 0.0473450048474651*s + 0.525558249221553*Abs(s)**(3/2) ; i
2670,0.8600250326421811,B0 + B1*s + B1*sqrt(Abs(i)) ; B2*i + B3*Abs(i)**(3/2) + B4*i**2,0.155868113212781*s + 0.155868113212781*sqrt(Abs(i)) - 0.168141707213558 ; 0.87151970089317*i**2 + 0.0976690303263918*i - 1.00586008992747*Abs(i)**(3/2)
2671,0.8600125340978181,B2*sqrt(Abs(B0 + B1*s)) ; B3*i + 2*i**2,0.0594153007967869*sqrt(Abs(0.338041675964542*s + 0.0327855985724074)) ; 2*i**2 + 0.0022362864751902*i
2672,0.8600122103717017,B0 + B1*i + B2*s ; B3 + B4*sqrt(Abs(i)) + B5*r - r*sqrt(Abs(i)),0.672474967138364*i + 0.645267712515647*s - 0.636755828360354 ; -r*sqrt(Abs(i)) + 0.761693035032533*r + 0.0148139484940689*sqrt(Abs(i)) - 0.00411922287319438
2673,0.8599979819840902,B0*i*s**2 + B1*i**2*s ; B2*i**2,0.241509931829183*i**2*s + 0.334162014013015*i*s**2 ; 0.0414624812237221*i**2
2674,0.8599819227667083,B1*sqrt(Abs(B0*s - i)) ; B2 + B3*i**2 + B4*r,0.00109493331660283*sqrt(Abs(i - 1056.55245921849*s)) ; 64.1291862501613*i**2 + 71.1868042079847*r - 441.799471725702
2675,0.8599776865790636,B0 + B1*i + B2*s + B3*s**2 ; i,-0.651450637569267*i - 0.460486388364431*s**2 + 0.48645098287974*s - 0.0199238586644257 ; i
2676,0.8599770704723859,B0*i + B1*Abs(i)**(3/2) + B2*i**2 ; r,-0.101873951803462*i**2 + 0.399915589625615*i - 0.308947552973256*Abs(i)**(3/2) ; r
2677,0.8599770704217837,B0*i + B1*Abs(i)**(3/2) + B2*i**2 ; B3*r,-0.101939480393895*i**2 + 0.399891681315559*i - 0.308864122559167*Abs(i)**(3/2) ; 0.147967216257513*r
2678,0.8599541155889339,B1*sqrt(Abs(B0 + 2*s)) ; i*r + i*Abs(r)**(3/2) + r,0.0243341433238236*sqrt(Abs(2*s + 0.201798069459624)) ; i*r + i*Abs(r)**(3/2) + r
2679,0.8599520655598076,B0*s + B1*s**2 + B2*i*s ; i,0.53085060352807*i*s - 0.200941048488254*s**2 + 0.199330990983565*s ; i
2680,0.8599515467194175,B2*sqrt(Abs(B0*s + B1)) ; B3*r + B4*i**2*r,0.0130204761331574*sqrt(Abs(7.13172345869586*s + 0.590505412566511)) ; 0.0121261457312153*i**2*r + 0.0297392942474478*r
2681,0.8599508707409613,B1*sqrt(Abs(B0 + s)) ; B2 - i*r + i*Abs(r)**(3/2),0.0345717630730174*sqrt(Abs(s + 0.110851601694803)) ; -i*r + i*Abs(r)**(3/2) + 2.69285796835064
2682,0.8599507774195201,B2*sqrt(Abs(B0 + B1*s)) ; B3*i + B4*r + i*r,0.012629125767687*sqrt(Abs(7.40780464125239*s + 0.728513283170197)) ; i*r + 0.000288261471658915*i + 0.000126531431658136*r
2683,0.8599493773381536,B1*sqrt(Abs(B0 + 2*i)) ; i,0.0951435081181425*sqrt(Abs(2*i - 0.00917742169446628)) ; i
2684,0.8599422312933448,B2*sqrt(Abs(B0 + B1*s)) ; r*sqrt(Abs(B3*sqrt(Abs(r)) + B4*i)),0.0109723823415766*sqrt(Abs(9.9977507096692*s + 1.15140433647021)) ; r*sqrt(Abs(0.271527705283583*i + 2.69737839199807*sqrt(Abs(r))))
2685,0.8599263534858105,B0*i*s**2 + B1*i**2*s ; i**2*Abs(r)**(1/4),0.19046017801004*i**2*s + 0.34315165818021*i*s**2 ; i**2*Abs(r)**(1/4)
2686,0.8599088899599833,B1*sqrt(Abs(B0 + s)) ; B2 - i*r + r**2 + r,0.0344714579533556*sqrt(Abs(s + 0.0649373169482414)) ; -i*r + r**2 + r + 0.100746572356946
2687,0.8599019631479036,B1*sqrt(Abs(B0 + s)) ; B2*Abs(i)**(1/16),0.0341045268565555*sqrt(Abs(s + 0.113858494606889)) ; 0.00502881344420519*Abs(i)**(1/16)
2688,0.8598919399042773,B0*sqrt(Abs(i)) + B1*s**2 ; sqrt(Abs(r)),0.0435703243459506*s**2 + 0.00415563277021006*sqrt(Abs(i)) ; sqrt(Abs(r))
2689,0.8598854100652873,B0 + B3*sqrt(Abs(B1*s + B2*i)) ; i,0.0581847192203038*sqrt(Abs(0.0703195524237195*i + 0.758639741254412*s)) - 0.000402965920277318 ; i
2690,0.859882102688685,B0*i*s**2 + i**2*s**2 ; B1*i + B2*r,i**2*s**2 - 0.627345649701555*i*s**2 ; 3.19811820963684*i + 1.32342490856616*r
2691,0.8598727418476836,B0*i**2 + B1*s + B2*i*s ; B3*Abs(i)**(1/4),-0.0178672322231863*i**2 + 0.291555981647441*i*s + 0.00435400342080915*s ; 0.00458306857637955*Abs(i)**(1/4)
2692,0.8598628564422048,B0*i**2 + B1*s + B2*i*s ; Abs(i)**(3/8)*Abs(r)**(3/8),-0.0144358256950225*i**2 + 0.270217937533757*i*s + 0.00410374488404867*s ; Abs(i)**(3/8)*Abs(r)**(3/8)
2693,0.859862856425364,B0 + B1*i + B2*s + B3*s**2 ; B4*r + i*r,-0.375800727641524*i - 0.284648754259541*s**2 - 0.0726128392171283*s + 0.361365599973095 ; i*r + 0.312593398774928*r
2694,0.8598628564106295,B0*i + B1*s**2 + B2*i*s ; B3*Abs(r)**(1/16),0.288771572628126*i*s - 0.0144413547435994*i + 0.00410288836175742*s**2 ; 0.329757896745679*Abs(r)**(1/16)
2695,0.8598540450936537,B1*sqrt(Abs(B0 + 2*s)) ; B2*i + i**2 + i*r,0.024960927742701*sqrt(Abs(2*s + 0.164664459832079)) ; i**2 + i*r + 0.0259151534968462*i
2696,0.8598533005985294,B0*sqrt(Abs(i)) ; B1*i*r,0.0125900183896461*sqrt(Abs(i)) ; 0.477731067527324*i*r
2697,0.8598533002096648,B0*sqrt(Abs(i)) ; B1*Abs(r)**(3/2),0.0125893553652142*sqrt(Abs(i)) ; 56.4603618936294*Abs(r)**(3/2)
2698,0.8598533000487034,B0*sqrt(Abs(i)) ; sqrt(Abs(i))*sqrt(Abs(r)),0.0125891181436992*sqrt(Abs(i)) ; sqrt(Abs(i))*sqrt(Abs(r))
2699,0.8598474269677444,B0*i**3 + B1*i**2*s ; B2 + B3*i*r - i*r**2 + i,-1.28556059185853*i**3 + 12.5627299589553*i**2*s ; -i*r**2 - 0.0248753173674909*i*r + i - 0.0270660091484987
2700,0.8598341049183974,B0*i*s ; B1 + B2*i + B2*sqrt(Abs(B4 + r)) + B3*r,-0.996107277405139*i*s ; 2.30344753189319*i - 0.722253739855774*r + 2.30344753189319*sqrt(Abs(r + 0.476631103698657)) - 1.57998752257086
2701,0.8597776692859926,B0*s + B1*s**2 + B2*i*s ; B5*sqrt(Abs(B3 + B4*i)),-0.0657774547923703*i*s - 0.281353316838513*s**2 + 0.284132841027408*s ; 0.0462092606611294*sqrt(Abs(1.08131898450819*i - 0.386258760633316))
2702,0.8597697164689098,B0*s*Abs(i)**(5/2) ; B1 + B2*i**2 + i**3 + i,0.413654961446647*s*Abs(i)**(5/2) ; i**3 - 1.59222374914183*i**2 + i - 0.208797289555731
2703,0.8597403308793872,B0*s + i*s**2 ; i,i*s**2 + 0.0143915035704484*s ; i
2704,0.8597143597826743,B0*i + B1*i**2 + B2*i*s ; B3*i + B3*sqrt(Abs(r)),-0.0348510543716881*i**2 + 0.340059982031007*i*s - 0.00329963879053176*i ; 0.0142712856180335*i + 0.0142712856180335*sqrt(Abs(r))
2705,0.859707036529405,B0*i**2 - i**3 ; sqrt(Abs(B1*i + B2*r)),-i**3 + 25.7906397425291*i**2 ; sqrt(Abs(0.0336893778601655*i + 0.00076514806381017*r))
2706,0.8596996836023227,B0*i + B0*sqrt(Abs(B1*s + i)) ; B2*i**2,0.0482978187771583*i + 0.0482978187771583*sqrt(Abs(i - 0.404176225827417*s)) ; 18.9319399775091*i**2
2707,0.8596808956139523,B0 + B1*i ; B2 + B3*i**2 + B4*i*r + i,0.944887802047342*i - 0.0179813230701591 ; -1.23239552669604*i**2 + 0.357952025882677*i*r + i - 0.0252901917838212
2708,0.8596792728906264,B0*s + B1*s**2 + B2*i*s ; r,0.258904284548517*i*s + 0.0010435897582594*s**2 + 0.00464559263686199*s ; r
2709,0.8596792728906263,B0*s + B1*s**2 + B2*i*s ; B3*i*r,0.451665618618994*i*s + 0.193804918882435*s**2 - 0.188115737123878*s ; 0.00780215088465426*i*r
2710,0.8596792728906262,B0*s + B1*s**2 + B2*i*s ; Abs(B3*sqrt(Abs(r)) + Abs(r)**(3/2))**(1/4),0.188253809526998*i*s - 0.0696068614529271*s**2 + 0.0752960462730359*s ; (Abs(r)**(3/2) + 3.90814870941422*sqrt(Abs(r)))**(1/4)
2711,0.8596792728906262,B0*s + B1*s**2 + B2*i*s ; Abs(i)**(5/16)*Abs(r)**(1/4),-0.0777514160477346*i*s - 0.335612084745731*s**2 + 0.341301269821522*s ; Abs(i)**(5/16)*Abs(r)**(1/4)
2712,0.8596610377054088,B0*i*s + B1*i**2*s**2 ; 3*i**2 - r,0.936284949024229*i**2*s**2 + 0.308844489054215*i*s ; 3*i**2 - r
2713,0.8596239406627869,B0*sqrt(Abs(s)) ; B1*r**2 + i*r**2,0.033517636915408*sqrt(Abs(s)) ; i*r**2 + 0.000940097575973858*r**2
2714,0.8595992624170511,B0*sqrt(Abs(s)) ; B1 + B2*i**3 - i,0.0341022597243406*sqrt(Abs(s)) ; 2.98619492325924*i**3 - i + 0.000118417992231416
2715,0.8595937397749797,B0*sqrt(Abs(s)) ; B1*i**2*r - i + r,0.033517637747653*sqrt(Abs(s)) ; 0.475965969790324*i**2*r - i + r
2716,0.859592200268355,B0*sqrt(Abs(s)) ; B1 - r**3 - r**2,0.0335176359712093*sqrt(Abs(s)) ; -r**3 - r**2 + 0.00155568791632188
2717,0.8595835385313733,B0*sqrt(Abs(s)) ; B1 + B2*i + B3*i**2,0.0335176345826757*sqrt(Abs(s)) ; 1.41108620067206*i**2 + 0.000266632080050841*i + 0.0350153050834467
2718,0.8595794190963506,B0*sqrt(Abs(s)) ; sqrt(Abs(i + sqrt(Abs(r**2 + Abs(r)**(3/2))))),0.0341022556627393*sqrt(Abs(s)) ; sqrt(Abs(i + sqrt(Abs(r**2 + Abs(r)**(3/2)))))
2719,0.8595777462124824,B0*sqrt(Abs(s)) ; i - Abs(B1*r + r**2)**(1/4),0.0341022549570245*sqrt(Abs(s)) ; i - Abs(r**2 + 1.23929376777087*r)**(1/4)
2720,0.8595767595879251,B0*sqrt(Abs(s)) ; B1*sqrt(Abs(i)) + B2*r*sqrt(Abs(i)),0.0335176323994128*sqrt(Abs(s)) ; 0.0318725439186235*r*sqrt(Abs(i)) + 0.31423213357342*sqrt(Abs(i))
2721,0.8595666704478554,B0*sqrt(Abs(s)) ; i*r + i + r**3,0.0339697210366413*sqrt(Abs(s)) ; i*r + i + r**3
2722,0.8595651320909364,B0*sqrt(Abs(s)) ; B1*r - i*r + r**2,0.0339697165813183*sqrt(Abs(s)) ; -i*r + r**2 + 0.0038518769471806*r
2723,0.8595514615082991,B0*sqrt(Abs(s)) ; 2*i*r - r**2,0.0339045955714218*sqrt(Abs(s)) ; 2*i*r - r**2
2724,0.859546108809054,B0*sqrt(Abs(s)) ; B1*i**2*r + i - r,0.0339645008244095*sqrt(Abs(s)) ; 13.8417481892631*i**2*r + i - r
2725,0.8595293358343292,B0*sqrt(Abs(s)) ; sqrt(Abs(B1 + i*r + i*sqrt(Abs(r)))),0.0333831747530347*sqrt(Abs(s)) ; sqrt(Abs(i*r + i*sqrt(Abs(r)) + 0.000148018543416032))
2726,0.8595292381761825,B0*sqrt(Abs(s)) ; B1 + B2*i*r**2 - i,0.0333831679181301*sqrt(Abs(s)) ; 0.000596391798727247*i*r**2 - i + 0.00835005519873055
2727,0.8595266214480837,i*s + i*sqrt(Abs(B0*i + B1)) ; i,i*s + i*sqrt(Abs(22.5813037783183*i - 0.992327545536634)) ; i
2728,0.8595231717203111,B0*sqrt(Abs(s)) ; sqrt(Abs(i + r*sqrt(Abs(r**2 + r)))),0.0333266676398829*sqrt(Abs(s)) ; sqrt(Abs(i + r*sqrt(Abs(r**2 + r))))
2729,0.8595143213054984,B0*i + B1*i**2 ; sqrt(Abs(B2 + B3*r + B4*i)),0.210552290424782*i**2 - 0.0584764274606373*i ; sqrt(Abs(0.0456035087513831*i - 0.00731702244002339*r + 0.0150469298577126))
2730,0.8594825920425614,B0*sqrt(Abs(s)) ; B1*i - i**2*r**2,0.0345029173823063*sqrt(Abs(s)) ; -i**2*r**2 + 0.12175756192734*i
2731,0.8594635633593377,i**2 ; B0 + i*sqrt(Abs(r + sqrt(Abs(i)))),i**2 ; i*sqrt(Abs(r + sqrt(Abs(i)))) + 0.150107303279611
2732,0.8594615764655718,B0 + B1*i*s ; B2*r + B3*r**3 + i*r,0.251832558054884*i*s + 0.00579523568096626 ; i*r + 61.3455751762012*r**3 + 1.33688553392485*r
2733,0.8594376260976645,B0*i**2 - i**3 ; sqrt(Abs(B1*r + B2*i)),-i**3 + 25.4930278029818*i**2 ; sqrt(Abs(0.0337810274466094*i + 0.000700661973956369*r))
2734,0.8593610197522932,B0*i + B1*s ; i*r**2 + 2*i - r,0.00154206168110092*i + 0.0557674913472032*s ; i*r**2 + 2*i - r
2735,0.859349917782198,B0*Abs(s)**(1/8) ; B1 + sqrt(Abs(B2 + 2*r)),0.0166811194184858*Abs(s)**(1/8) ; sqrt(Abs(2*r + 0.0003874718579938)) + 61.1771404960892
2736,0.8593483937991235,B0*sqrt(Abs(i*s + i - s)) ; B1*i**2 + i - r,0.025607098991954*sqrt(Abs(i*s + i - s)) ; 1.56170964306126*i**2 + i - r
2737,0.8593285028963916,B0*s**2 + B0*s + B1*s*sqrt(Abs(i)) ; sqrt(2)*r**2,-0.0138302968378527*s**2 + 0.208251484729737*s*sqrt(Abs(i)) - 0.0138302968378527*s ; sqrt(2)*r**2
2738,0.8593014082748616,B0*s + s*sqrt(Abs(B1 + i - s)) ; 2*r,s*sqrt(Abs(i - s + 171.540752200141)) - 10.4442288657733*s ; 2*r
2739,0.8592541530162414,B0*i + B1*i**2 + B2*i*s ; B3*i*r,58.6968661638991*i**2 + 59.0467415357706*i*s - 58.7346947865735*i ; 0.000173426211545425*i*r
2740,0.8592541530162414,B0*i + B1*i**2 + B2*i*s ; r,2.84459821419118*i**2 + 3.19447359725436*i*s - 2.88242683695768*i ; r
2741,0.8592541530162414,B0*i + B1*i**2 + B2*i*s ; B3*i*r + B4*i*Abs(r)**(3/2),5.24078794966338*i**2 + 5.59066333302216*i*s - 5.27861657195648*i ; 0.00084481312616953*i*r + 0.52700787865565*i*Abs(r)**(3/2)
2742,0.8592541530162414,B0*i + B1*i**2 + B2*i*s ; B3*Abs(r)**(1/4) + Abs(r)**(3/4),7.9271757246582*i**2 + 8.27705109769207*i*s - 7.96500434237127*i ; Abs(r)**(3/4) + 1.46159169056358*Abs(r)**(1/4)
2743,0.8592541530162414,B0*i + B1*i**2 + B2*i*s ; i*r,10.3578234108223*i**2 + 10.7076987870584*i*s - 10.3956520297649*i ; i*r
2744,0.8592541530162414,B0*i + B1*i**2 + B2*i*s ; B3*sqrt(Abs(r)),5.82727736159163*i**2 + 6.17715274536519*i*s - 5.86510598519788*i ; 1.50960764979676*sqrt(Abs(r))
2745,0.8592541529258674,B0*i + B1*i**2 ; B2*Abs(i)**(1/16)*Abs(r)**(1/4),-0.349886727735417*i**2 + 0.312050097149849*i ; 0.00598556357948004*Abs(i)**(1/16)*Abs(r)**(1/4)
2746,0.8592112867298598,B0 + B1*i ; B2 + 2*i*r,0.0249510141888107 - 0.000144015588142395*i ; 2*i*r + 1.81625161786122
2747,0.8592004946727412,B2*Abs(B0 + B1*s)**(1/4) ; B3 + r**2 + r,0.0419015645310152*Abs(0.0651633481515888*s + 0.00111117971908308)**(1/4) ; r**2 + r + 0.0942778378106794
2748,0.8591910181375642,B0*Abs(s)**(1/4) ; B1*i + i*Abs(r)**(1/4),0.0210888872127469*Abs(s)**(1/4) ; i*Abs(r)**(1/4) + 5.34137694754195*i
2749,0.8591885421126096,B1*sqrt(Abs(B0 - i*s + s)) ; sqrt(Abs(i**2 + i*r - r)),0.00409962726348614*sqrt(Abs(-i*s + s + 29.6255284685258)) ; sqrt(Abs(i**2 + i*r - r))
2750,0.8591822635283072,B0*Abs(s)**(1/4) ; B1 - i*r + i + r,0.0207514531721458*Abs(s)**(1/4) ; -i*r + i + r + 2.96842035552844
2751,0.8591773192125622,B0*Abs(s)**(1/4) ; sqrt(Abs(B1 + 2*i - sqrt(Abs(i)))),0.0207480365325676*Abs(s)**(1/4) ; sqrt(Abs(2*i - sqrt(Abs(i)) + 0.790615294282264))
2752,0.8591494321441678,B0*i + B1*i**2*s ; r,-1.44179052485493*i**2*s + 0.363507899742987*i ; r
2753,0.8591490627462685,B0*Abs(i + s)**(1/4) ; B1 + 3*i + r,0.0192688628262049*Abs(i + s)**(1/4) ; 3*i + r - 0.935238525150398
2754,0.859129589813499,B0*Abs(i + 2*s)**(1/4) ; i,0.0179418326467226*Abs(i + 2*s)**(1/4) ; i
2755,0.8589714425355233,B0*i ; B1 + B2*i + B2*r,0.00019576061912332*i ; 40.7953023879265*i + 40.7953023879265*r - 9.72421191155355
2756,0.8589615362682333,B0*s**2 ; B1*sqrt(Abs(i)) + sqrt(Abs(i))*sqrt(Abs(r)),0.0446183650920771*s**2 ; sqrt(Abs(i))*sqrt(Abs(r)) + 0.532815129212688*sqrt(Abs(i))
2757,0.8589537664182224,B0*i + B0*s + B1*sqrt(Abs(i))*sqrt(Abs(s)) ; B2 - i + sqrt(Abs(B3 + i)),7.65418978500011e-6*i + 7.65418978500011e-6*s + 0.00708106484050717*sqrt(Abs(i))*sqrt(Abs(s)) ; -i + sqrt(Abs(i + 0.156816436523312)) + 0.00506648019942707
2758,0.8589348549149733,B0*i*s + B1*i**2*s**2 ; r,-0.389829338327289*i**2*s**2 + 0.371002540768863*i*s ; r
2759,0.8589348088042063,B0*s + B1*sqrt(Abs(2*i - s)) ; r,0.114441596717772*s - 0.101823337049587*sqrt(Abs(2*i - s)) ; r
2760,0.8589195687930096,B0*sqrt(Abs(i + sqrt(Abs(s)))) ; i*r + Abs(r)**(1/4),0.0114133852650388*sqrt(Abs(i + sqrt(Abs(s)))) ; i*r + Abs(r)**(1/4)
2761,0.8589134837428375,B0*i + B1*i**2 + B2*i*s ; B3 + i,5.27193675828964*i**2 + 0.163746618956188*i*s - 0.473127931382245*i ; i - 0.0906569730921378
2762,0.8588555464745871,B0*s + B1*s**2 + B1*s*sqrt(Abs(i)) ; B2*i,-0.319489907000529*s**2 - 0.319489907000529*s*sqrt(Abs(i)) + 0.366457204211791*s ; 1.1713454987268*i
2763,0.8585868510109038,B2*sqrt(Abs(B0 + B1*sqrt(Abs(s)))) ; B3*i*r + r*Abs(i)**(3/2),1.4792148861797*sqrt(Abs(0.000699211024419598*sqrt(Abs(s)) - 0.000214422827078379)) ; 7.31863823785502*i*r + r*Abs(i)**(3/2)
2764,0.8585840477336474,sqrt(Abs(B0 + B1*i + B2*s)) ; i,sqrt(Abs(0.0544125806030329*i + 0.000533219128224856*s - 0.00102966550115865)) ; i
2765,0.858519211557414,B0*i**3 + B1*i**2*s ; B2 - 2*r,-0.0129552537421304*i**3 + 0.240666705137234*i**2*s ; -2*r - 0.530232982418003
2766,0.8584825675735831,B0*s + B0*sqrt(Abs(i - s)) ; r,0.0104717893195182*s + 0.0104717893195182*sqrt(Abs(i - s)) ; r
2767,0.8582648248878708,B0 + B1*i + B2*i**2 ; i,13.9254705822038*i**2 + 0.721472643481651*i - 1.51785800701021e-6 ; i
2768,0.8582357476088431,B0 + B1*s**2 + B2*s**3 ; B3 + B4*i + B5*r,-0.473727636630568*s**3 + 0.468020690213948*s**2 - 0.0010351085318371 ; 0.197897458030723*i + 0.00145515596241853*r + 0.509167820495658
2769,0.8582171548012666,B0*s**3 + B1*i*s**2 ; sqrt(Abs(r)),0.464036672626723*i*s**2 - 0.00667721974200684*s**3 ; sqrt(Abs(r))
2770,0.8582089798373027,B0*i + B1*i*s + B1*s ; i - r,0.0472113693301726*i*s + 0.0256633529858228*i + 0.0472113693301726*s ; i - r
2771,0.8581115179262315,B0*i + i*s + s*Abs(i)**(3/2) ; B1 + B2*i,i*s - 0.0070739830499878*i + s*Abs(i)**(3/2) ; 1.50275482174854*i + 1.70906941691235
2772,0.8580875790578883,B0 + B1*sqrt(Abs(i)) ; sqrt(Abs(B2 - i + 2*r)),0.0324179832819481 - 0.00221855063548204*sqrt(Abs(i)) ; sqrt(Abs(-i + 2*r + 0.0201145121535403))
2773,0.858046179510216,B1*Abs(B0 + i)**(1/8) ; B2 + B3*r + i,0.0169500679595028*Abs(i + 10.7757764604909)**(1/8) ; i - 1.69513531710023*r + 31.2338206362003
2774,0.8579993375750051,B0 - i + s ; i,-i + s - 0.853337829803081 ; i
2775,0.8579784877483526,B0*Abs(s)**(17/8) ; B1 + sqrt(Abs(r)),0.0443917388386472*Abs(s)**(17/8) ; sqrt(Abs(r)) + 0.0204750549170621
2776,0.8579191475280838,B0*Abs(i + s)**(1/4) ; sqrt(Abs(B1 + B3*sqrt(Abs(B2 - r)))),0.0157170115143832*Abs(i + s)**(1/4) ; sqrt(Abs(0.00199156985650705*sqrt(Abs(r - 0.202338040814002)) - 0.00177810134087228))
2777,0.8578884708195728,B3*sqrt(Abs(B0 + B1*s + B2*i)) ; i*r + sqrt(Abs(i)),0.0262221887986205*sqrt(Abs(4.05983974318024*i - 0.48896202864614*s + 1.56583493973409)) ; i*r + sqrt(Abs(i))
2778,0.8577757014150823,B0 + B1*i + B2*s ; B3*i - i**2 + i*r + Abs(i)**(3/2),-0.30425835676556*i + 2.52914444488428*s - 2.81110960119419 ; -i**2 + i*r - 0.713569937193227*i + Abs(i)**(3/2)
2779,0.8576880605383276,B0 + B1*sqrt(Abs(i)) ; sqrt(Abs(B2 + i - 2*r)),0.032553056322306 - 0.00222981053922748*sqrt(Abs(i)) ; sqrt(Abs(-i + 2*r + 0.0198811427268165))
2780,0.857664251548293,B0*i*s ; B1*i*r**2 + B2*r*Abs(i)**(3/2),0.313712492277163*i*s ; 0.00114582444860319*i*r**2 + 6.59518680613758*r*Abs(i)**(3/2)
2781,0.857664251411486,B0*i*s ; B1*r + B2*r**2 + B3*i*r,0.313698872892385*i*s ; 2.82285623606249*i*r + 76.669082163425*r**2 + 0.0408719382941791*r
2782,0.8575725459293373,B0*s**2 + i*s**2 ; B1 + i,i*s**2 - 0.0610522285661946*s**2 ; i - 0.0723857090798032
2783,0.8575230377907878,B0*s + B1*sqrt(Abs(i - 2*s)) ; Abs(B2*r - i)**(1/4),0.0448351859837941*s + 0.00167672286377243*sqrt(Abs(i - 2*s)) ; Abs(i - 231.304103455853*r)**(1/4)
2784,0.8573786716135561,i*sqrt(Abs(sqrt(Abs(i)) - sqrt(Abs(s)))) ; B0*i*sqrt(Abs(i + sqrt(Abs(r)))),i*sqrt(Abs(sqrt(Abs(i)) - sqrt(Abs(s)))) ; 1.08571392181243*i*sqrt(Abs(i + sqrt(Abs(r))))
2785,0.8571577809098226,B0*s**2 + i*s**2 ; B1*r**2,i*s**2 - 0.0199728121720655*s**2 ; 0.000251528144135705*r**2
2786,0.8571549744847965,B0*i + B1*i**2 + B2*i*s ; i,3.07426598386091*i**2 + 0.406675395489646*i*s + 0.657846955006384*i ; i
2787,0.8571401104231283,B0*i*s + B0*s**2 + B0*s ; B1 + i,-0.0416663202597707*i*s - 0.0416663202597707*s**2 - 0.0416663202597707*s ; i + 3.27498934890567
2788,0.8571193882337391,i**2 ; B0 + B1*r + r**2,i**2 ; r**2 - 0.839546706478778*r + 0.177264603118002
2789,0.8570128141945594,B0*i ; B1*i - i*r,2.2994217488693*i ; -i*r + 2.6103904513672*i
2790,0.8568934146620105,B0*i ; B1*i + 2*i**2,2.57839372886739*i ; 2*i**2 + 2.60572026908988*i
2791,0.8567483476459435,B0*i + B0*sqrt(Abs(B1 + i + s)) ; B2 + sqrt(Abs(i)),0.0320915750113914*i + 0.0320915750113914*sqrt(Abs(i + s + 0.201853994069568)) ; sqrt(Abs(i)) - 0.161017294207002
2792,0.8566276761967692,B0 + i**2 ; B1*i - r,i**2 - 0.00743461835874315 ; -1.06931926238766*i - r
2793,0.8564967778708062,B0*i*s + B0*i + B1*s ; B2*r + r*sqrt(Abs(i)),0.0261289494353112*i*s + 0.0261289494353112*i + 0.0490498773088811*s ; r*sqrt(Abs(i)) + 0.021461057843742*r
2794,0.8564966568841191,B0*i*s + B0*i + B1*s ; r,0.0260200200575771*i*s + 0.0260200200575771*i + 0.0490561333836159*s ; r
2795,0.8564585447445832,B0*i ; Abs(i)**(3/2) - sqrt(Abs(i))*sqrt(Abs(r)),0.0228551079057383*i ; Abs(i)**(3/2) - sqrt(Abs(i))*sqrt(Abs(r))
2796,0.8564539759469353,B2*sqrt(Abs(B0 - s + sqrt(Abs(B1 + i)))) ; i,0.0359520738741149*sqrt(Abs(-s + sqrt(Abs(i + 0.0114569403079619)) + 0.0200583825008201)) ; i
2797,0.8562753264565517,B0*i + B2*sqrt(Abs(B1 + 2*i)) ; B3 + r,-0.000389710697455265*i + 0.00226330229442833*sqrt(Abs(2*i + 193.755978088854)) ; r - 3.19469700817185e-6
2798,0.8561183009588954,B0 + B1*sqrt(Abs(2*i - 2*s)) ; B2*r**2 - i*r + r**3,0.117399761481332 - 0.0722856879564497*sqrt(Abs(2*i - 2*s)) ; -i*r + r**3 + 0.00180624605738518*r**2
2799,0.8559114102751757,B2*sqrt(Abs(B0 + B1*i + i*s)) ; B3 + i*r + r,0.0370298516619813*sqrt(Abs(i*s + 0.153038641394723*i + 0.00684361479751932)) ; i*r + r + 0.0202497371135786
2800,0.8558347589840649,B0 + B1*i + B1*s + B1*sqrt(Abs(s)) ; i,0.0242837002493387*i + 0.0242837002493387*s + 0.0242837002493387*sqrt(Abs(s)) - 9.15318414915082e-5 ; i
2801,0.8558157462864716,s*Abs(i)**(3/2) ; r,s*Abs(i)**(3/2) ; r
2802,0.8558128731517254,B0*i + B1*i**2*s + B1*s ; i,0.00986208429559605*i**2*s + 0.885160913042996*i + 0.00986208429559605*s ; i
2803,0.8557728326785693,B0*i ; B1*i**2 + i**3 + i*r,0.274513629979159*i ; i**3 + 0.176206557759054*i**2 + i*r
2804,0.85576785415811,-i*s + Abs(i)**(5/4) ; sqrt(Abs(B0 + B1*r + B2*i)),-i*s + Abs(i)**(5/4) ; sqrt(Abs(0.0533940822192108*i + 0.000224106830834928*r + 0.0017267887448158))
2805,0.8557631045908161,B0*s**4 ; B1*i*r,0.0426607050049716*s**4 ; 0.143960022305677*i*r
2806,0.8557631036218284,B0*s**4 ; B1*r + r**2,0.0426405169718522*s**4 ; r**2 + 0.0218903390818558*r
2807,0.8557359057685564,B0 + B1*i ; B2*Abs(i)**(1/4)*Abs(i - r)**(1/8),0.000450208515726072*i + 0.0454039376257359 ; 0.795741821186479*Abs(i)**(1/4)*Abs(i - r)**(1/8)
2808,0.8557093034664689,B0*s + B0*sqrt(Abs(B1 + i)) ; B2*i*r + B2*r**2 - r,0.0248606279445295*s + 0.0248606279445295*sqrt(Abs(i - 1.00387327326585)) ; 18.8186138680396*i*r + 18.8186138680396*r**2 - r
2809,0.8556624513706136,B1*sqrt(Abs(B0 + i*s - s**2)) ; B2 + i*r + 2*i,0.00373001905052768*sqrt(Abs(i*s - s**2 + 6.25524579516722)) ; i*r + 2*i + 5.46642465572742
2810,0.8555809168762927,B1*sqrt(Abs(B0 + 2*i)) ; B2 - r,0.0163108593402333*sqrt(Abs(2*i + 0.0209260166784422)) ; 0.293035506785807 - r
2811,0.8555564072224123,B0*i*s**2 ; B1*i*r + B1*r**2 + B1*Abs(r)**(3/2),0.366876093053168*i*s**2 ; 0.124154360801583*i*r + 0.124154360801583*r**2 + 0.124154360801583*Abs(r)**(3/2)
2812,0.8555305446066966,B0*sqrt(Abs(-i*s + s**2 + s)) ; i*r - i + sqrt(Abs(i)),0.022176562385592*sqrt(Abs(-i*s + s**2 + s)) ; i*r - i + sqrt(Abs(i))
2813,0.8554482008323067,B0*i*s + i*s**2 ; i**3*sqrt(Abs(r)),i*s**2 - 0.554464870486048*i*s ; i**3*sqrt(Abs(r))
2814,0.8554419392463075,B0*i - i*s + i*sqrt(Abs(s)) ; B1 + B2*i*r + r,-i*s + i*sqrt(Abs(s)) - 0.284640025626415*i ; 4.85632224506359*i*r + r + 0.000391461619507059
2815,0.8554369287230124,B0*i + B1*sqrt(Abs(s + sqrt(Abs(i)))) ; B2 + 2*r,0.000734596616405483*i + 0.0263547705909126*sqrt(Abs(s + sqrt(Abs(i)))) ; 2*r + 3.37022926147786e-10
2816,0.8552798297534443,B0*i + B1*i**2*s ; sqrt(Abs(B2 + r)),0.000107391288175569*i**2*s + 0.000278565481399172*i ; sqrt(Abs(r + 0.246416419321865))
2817,0.855263484697262,B0*s + B2*sqrt(Abs(B1 + i)) ; i**2 + i*sqrt(Abs(B3 + B4*r)),0.0405531085945117*s + 0.00103390675094313*sqrt(Abs(i - 20.9035889234933)) ; i**2 + i*sqrt(Abs(40.1540739877009*r + 24.4275370006889))
2818,0.8552240499472169,B0*i*s**2 ; i,1.29052407024547*i*s**2 ; i
2819,0.8552122732682805,B0*i ; B1*i*r,0.0269886436481957*i ; 10.4073828253312*i*r
2820,0.8552122726846353,B0*i ; B1*Abs(r)**(1/4),0.0269842605552563*i ; 0.0776455726276521*Abs(r)**(1/4)
2821,0.8552121807217009,B0*i ; r**3,0.0270715853044172*i ; r**3
2822,0.8552120509972263,B0*i ; r*Abs(i)**(1/4),0.0271155854996817*i ; r*Abs(i)**(1/4)
2823,0.8552120174396095,B0*i ; sqrt(Abs(i))*sqrt(Abs(r)),0.0268563939397519*i ; sqrt(Abs(i))*sqrt(Abs(r))
2824,0.8552061753301639,B0 + B1*Abs(s)**(1/4) ; B2 + B3*r + i*r + Abs(r)**(3/2),0.0583953257858155*Abs(s)**(1/4) - 0.00932945320001324 ; i*r + 0.385997287900581*r + Abs(r)**(3/2) + 0.000762892843449664
2825,0.8551953475348661,B2*sqrt(Abs(B0 + B1*i + i*s)) ; B3*sqrt(Abs(i)) + B4*r*sqrt(Abs(i)),0.00402015950656475*sqrt(Abs(i*s + 0.083706606518694*i - 0.661986700862628)) ; 0.0284021234918639*r*sqrt(Abs(i)) + 2.22575525786387*sqrt(Abs(i))
2826,0.8551837405373145,B0*i ; sqrt(Abs(i + sqrt(Abs(r)))),-4.33735460421876e-5*i ; sqrt(Abs(i + sqrt(Abs(r))))
2827,0.8550440406704775,B1*sqrt(Abs(B0 + 3*i)) ; B2 + B3*i*r**2 - r,0.017664550521856*sqrt(Abs(3*i - 0.207966989623027)) ; -0.0751931336660529*i*r**2 - r + 0.651077108040829
2828,0.855006074387367,B0*sqrt(Abs(i)) ; i + r**2,0.0274022976861464*sqrt(Abs(i)) ; i + r**2
2829,0.8549116964792909,B0*i ; B1 + B2*i**2 + B3*i*r - i,-0.00073556480620785*i ; 1.19274704607257*i**2 + 1.19994411809864*i*r - i + 0.157700977107943
2830,0.8548660514836343,B1*sqrt(Abs(B0 - i**2 + i*s)) ; B2 + i*r + i,0.12656534847212*sqrt(Abs(-i**2 + i*s + 0.00392520165332221)) ; i*r + i - 0.103452356344382
2831,0.8548342372322546,B0*s + B0*Abs(i)**(1/4)*Abs(s)**(1/4) ; i,0.0338975610622851*s + 0.0338975610622851*Abs(i)**(1/4)*Abs(s)**(1/4) ; i
2832,0.8548211838763877,B1*sqrt(Abs(B0 - i**2 + i*s)) ; B2 + i*r - r,0.0338225630635422*sqrt(Abs(-i**2 + i*s + 0.854327082615916)) ; i*r - r + 0.00915559495924155
2833,0.8547946729137607,B0*sqrt(Abs(i)) ; B1 + i*r + sqrt(Abs(r)),0.0134365475936495*sqrt(Abs(i)) ; i*r + sqrt(Abs(r)) + 0.241812630649719
2834,0.8547888305167513,B0*Abs(s)**(3/2) ; B1*i*r + i*r**2,0.0457650729740115*Abs(s)**(3/2) ; i*r**2 + 0.000281958713655993*i*r
2835,0.8547723269995022,B0 + B1*sqrt(Abs(i))*sqrt(Abs(s)) ; B2*i - i**2 + i*r + r,0.00531741156914511*sqrt(Abs(i))*sqrt(Abs(s)) - 0.000433403757493039 ; -i**2 + i*r - 72.3029366857834*i + r
2836,0.8547080704428407,B0 - i - sqrt(Abs(s)) ; B1 + sqrt(Abs(B3 + sqrt(Abs(B2 + i)))),-i - sqrt(Abs(s)) + 1.04754016731836 ; sqrt(sqrt(Abs(i - 2694.84594418207)) + 2466.40439188601) - 50.1677405091847
2837,0.8546715238547655,B0 + B1*sqrt(Abs(i)) ; B2*Abs(r)**(1/16),0.063006502681025 - 0.057182037600323*sqrt(Abs(i)) ; 0.00399803322366964*Abs(r)**(1/16)
2838,0.8546189884745924,B0 + B1*i ; i**2 + i*r + i - r,0.0420655725877096 - 0.134667991452419*i ; i**2 + i*r + i - r
2839,0.8545570568779969,B0*i*s - i**2 ; r,-i**2 + 0.360179912334765*i*s ; r
2840,0.8545566045477888,B0 + B1*sqrt(Abs(s)) - i ; i*r,-i - 1.56750872420214*sqrt(Abs(s)) + 1.61617874348239 ; i*r
2841,0.8545177295486355,B0*Abs(i)**(1/8) ; Abs(i)**(1/4),0.00627492506160017*Abs(i)**(1/8) ; Abs(i)**(1/4)
2842,0.8544140157261593,B0*i ; Abs(i)**(1/8),-4.64573094183276e-5*i ; Abs(i)**(1/8)
2843,0.8542093361159637,Abs(i)**(5/4)*Abs(s)**(9/4) ; B0*Abs(r)**(3/2),Abs(i)**(5/4)*Abs(s)**(9/4) ; 11.8172667589314*Abs(r)**(3/2)
2844,0.8541958409776779,B0 + B2*sqrt(Abs(B1 + i)) ; i,0.0133663692599845 - 0.0359336894977927*sqrt(Abs(i - 0.0131495005318668)) ; i
2845,0.8540815462491593,B0*Abs(i)**(3/2) ; r,0.0990555904203797*Abs(i)**(3/2) ; r
2846,0.8540815228708878,B0*Abs(i)**(3/2) ; sqrt(Abs(i))*sqrt(Abs(r)),0.0995864438360936*Abs(i)**(3/2) ; sqrt(Abs(i))*sqrt(Abs(r))
2847,0.8540736561408842,B0 + B1*i ; sqrt(Abs(2*i - r + sqrt(Abs(r)))),0.000274918392272047*i + 0.036416681911549 ; sqrt(Abs(2*i - r + sqrt(Abs(r))))
2848,0.8540254845823254,B0*i*s ; sqrt(Abs(i + r)),-0.000288308648898836*i*s ; sqrt(Abs(i + r))
2849,0.8540087031140233,B0*s + B0*Abs(i)**(1/8) ; B1*i**2*sqrt(Abs(r)),0.0239299836308786*s + 0.0239299836308786*Abs(i)**(1/8) ; 0.000191723097721473*i**2*sqrt(Abs(r))
2850,0.8539941001569029,B1*sqrt(Abs(B0 + sqrt(Abs(i)))) ; B2 + B3*Abs(r)**(3/2) + B4*i*r,0.0757411440461704*sqrt(Abs(sqrt(Abs(i)) - 0.180837743210332)) ; 0.0876183281132879*i*r - 0.0449296673701432*Abs(r)**(3/2) + 0.0629670540455184
2851,0.8539877307917267,B0*i ; B1*sqrt(Abs(i)) + B2*r,-0.00440183277853997*i ; -6.24896262032019*r + 1.75032109599075*sqrt(Abs(i))
2852,0.8539072486460648,B0*i*s**2 + i**2*s**2 ; B1*i*r**2 + i**2*r,i**2*s**2 + 0.234645899395593*i*s**2 ; i**2*r + 18.944800594592*i*r**2
2853,0.8538786164845397,B0*i*s ; i + Abs(i)**(3/2)*Abs(r)**(3/2),1.23198299015592*i*s ; i + Abs(i)**(3/2)*Abs(r)**(3/2)
2854,0.8538782081378622,B2*sqrt(Abs(B0 + B1*s + s**2)) ; i*r + i - r,0.0354622176330436*sqrt(Abs(s**2 + 0.715016293240521*s + 0.0424947729470772)) ; i*r + i - r
2855,0.8538494851419179,B0*i - i**3 + i*s ; i - r,-i**3 + i*s - 0.411010645437574*i ; i - r
2856,0.8537621146106833,B0*sqrt(Abs(i)) + B1*s ; B2*i**3 + i**2 + i*r,0.0086150632147963*s + 0.0900663841940731*sqrt(Abs(i)) ; -3.93904662539961*i**3 + i**2 + i*r
2857,0.8537142231237219,B0*sqrt(Abs(i + sqrt(Abs(i))*sqrt(Abs(s)))) ; B1*i,0.0731979999813006*sqrt(Abs(i + sqrt(Abs(i))*sqrt(Abs(s)))) ; 2.74470144275428*i
2858,0.8536686076821028,i**2*sqrt(Abs(B0 + i - s)) ; B1*i + i**2,i**2*sqrt(Abs(i - s + 0.138282997502219)) ; i**2 - 0.177903119891932*i
2859,0.8536396949047111,B0*i**2 ; sqrt(Abs(i))*sqrt(Abs(r)),0.460396560655682*i**2 ; sqrt(Abs(i))*sqrt(Abs(r))
2860,0.8536396640218399,B0*i**2 ; r,0.459912990855939*i**2 ; r
2861,0.8536396631023665,B0*i**2 ; sqrt(Abs(r)),0.459901687303247*i**2 ; sqrt(Abs(r))
2862,0.8535333906061294,B0*i + B1*s ; B2 + B3*r**2 + r**3,-0.000219993623371136*i + 0.0501978912786749*s ; r**3 + 5.79562053385654*r**2 + 0.0105612846727049
2863,0.8535301749411487,B0*i + B2*sqrt(Abs(B1 + i)) ; i,0.0997973078867006*i + 0.154669477906129*sqrt(Abs(i - 0.00757027698069378)) ; i
2864,0.8534826607018584,B0*sqrt(Abs(i)) + B0*sqrt(Abs(s)) ; sqrt(Abs(B1 + r)),0.00120070938138383*sqrt(Abs(i)) + 0.00120070938138383*sqrt(Abs(s)) ; sqrt(Abs(r + 8306.71864468612))
2865,0.8534748172760185,B0*sqrt(Abs(i)) + B0*sqrt(Abs(s)) ; sqrt(Abs(B1 - i + r)),0.00119450937114282*sqrt(Abs(i)) + 0.00119450937114282*sqrt(Abs(s)) ; sqrt(Abs(-i + r + 3743.54465358696))
2866,0.8534230763882227,B0 - i*s ; r,-i*s + 0.0455477489100413 ; r
2867,0.8534108228592957,B0*sqrt(Abs(i)) + B0*sqrt(Abs(s)) ; Abs(B1*sqrt(Abs(r)) + i)**(1/4),0.00120984887967549*sqrt(Abs(i)) + 0.00120984887967549*sqrt(Abs(s)) ; Abs(i - 896108.26111657*sqrt(Abs(r)))**(1/4)
2868,0.8533466765338198,B0 + s ; B1 + 2*i,s - 0.955494837871244 ; 2*i + 0.620324473255071
2869,0.8533307470908964,B0*i*s + B0*s*sqrt(Abs(i)) ; i,0.190833420249392*i*s + 0.190833420249392*s*sqrt(Abs(i)) ; i
2870,0.8532879322178524,B0*s + B1*sqrt(Abs(2*i + s)) ; B2 - i**2,0.0376890520727858*s + 0.00987873800391519*sqrt(Abs(2*i + s)) ; 0.0354889748742648 - i**2
2871,0.8532819147224354,B0 + 2*s ; i,2*s - 1.91523290885027 ; i
2872,0.8532819147224354,B0 - 2*i ; r,0.0847670865581557 - 2*i ; r
2873,0.8532819147111765,B0 + 2*s ; B1 + Abs(i)**(1/4),2*s - 1.91522639030461 ; Abs(i)**(1/4) + 0.0785738974130525
2874,0.8532819123172896,B0 + 2*s ; B1 + r,2*s - 1.9153282271098 ; r + 0.412082535186361
2875,0.8531944298834794,B0*i - i*s ; i,-i*s + 1.79971563064631*i ; i
2876,0.8531697340633708,B0 + B1*i**2 ; B3*Abs(i)**(1/4)*Abs(B2 + r)**(1/8),0.0442854934877947 - 0.031151211160057*i**2 ; -0.00266936474000507*Abs(i)**(1/4)*Abs(r - 5.86496804006381)**(1/8)
2877,0.8531602706961979,B1*sqrt(Abs(B0 - i + sqrt(Abs(i)))) ; B2*i*r + i - r,0.00296907883634301*sqrt(Abs(-i + sqrt(Abs(i)) + 81.6257621742949)) ; 26.0948230674583*i*r + i - r
2878,0.8531544909393964,B0*i + B1*i*s + B1*s**2 ; i,0.00914191747046884*i*s + 0.912474455963868*i + 0.00914191747046884*s**2 ; i
2879,0.8530783024816918,B2*sqrt(Abs(B0 + B1*i + i*s)) ; Abs(i)**(1/4),0.00245886087515593*sqrt(Abs(-i*s + 1.40429743650808*i + 144.443410462705)) ; Abs(i)**(1/4)
2880,0.8530748248813589,B1*sqrt(Abs(B0 + i + s)) ; B2*i + r,0.00167355635714*sqrt(Abs(i + s - 100.072532361011)) ; 132.314024177927*i + r
2881,0.8530567538473464,B0 + B1*sqrt(Abs(i)) ; sqrt(Abs(-B2 + i*r + i)),0.0176474280995685 - 0.000606245819908747*sqrt(Abs(i)) ; sqrt(Abs(i*r + i - 0.0196229984421791))
2882,0.8530425667346115,i**2 ; B0*Abs(i)**(1/4),i**2 ; 0.0166204750138773*Abs(i)**(1/4)
2883,0.8529122589686751,B0*s**3 + B0*s**2*sqrt(Abs(i)) ; sqrt(2)*i + 2*r,0.0168106303830461*s**3 + 0.0168106303830461*s**2*sqrt(Abs(i)) ; sqrt(2)*i + 2*r
2884,0.8528382246050632,s*Abs(i)**(3/2) ; i,s*Abs(i)**(3/2) ; i
2885,0.8528207731712568,B0*i + B1*i**2 + B1*i*sqrt(Abs(s)) ; i**2 + i*r + Abs(i)**(3/2),-0.572703393426995*i**2 - 0.572703393426995*i*sqrt(Abs(s)) + 1.14091868514205*i ; i**2 + i*r + Abs(i)**(3/2)
2886,0.8527514012247154,-i**3 ; i,-i**3 ; i
2887,0.8527303153801332,B1*sqrt(Abs(B0*s + i + s**2)) ; i*r + i - r,0.0229001050295658*sqrt(Abs(i + s**2 + 2.54418168916113*s)) ; i*r + i - r
2888,0.852718449580929,-i**3 ; B0*sqrt(Abs(r)),-i**3 ; 0.000684897309828795*sqrt(Abs(r))
2889,0.8526707119309099,B0*i ; B1*r + i**2,0.129695461438048*i ; i**2 + 0.012090601136905*r
2890,0.8526305494523823,i**2*s**2 + i*s ; B0*i,i**2*s**2 + i*s ; 0.73939370202156*i
2891,0.852534391258184,B0*i*s**2 - i**2 ; B1*sqrt(Abs(i)),-i**2 + 0.490553282665807*i*s**2 ; 0.0303050618533753*sqrt(Abs(i))
2892,0.8525211154500328,B0*sqrt(Abs(s + Abs(i)**(3/2))) ; i*r,0.0119778152640112*sqrt(Abs(s + Abs(i)**(3/2))) ; i*r
2893,0.852517488994178,B0 + B1*i ; B2*sqrt(Abs(i)) + Abs(i)**(3/2),0.0189774715969497 - 0.0608363082491152*i ; Abs(i)**(3/2) - 0.0839857873594642*sqrt(Abs(i))
2894,0.8525133741235551,B0 + B1*i + B2*s ; B3*r - i*r + r*sqrt(Abs(i)),-77.2205889983087*i - 77.1773811857523*s + 77.2268737679289 ; -i*r + r*sqrt(Abs(i)) + 30.8507755671855*r
2895,0.8525133739830953,B0 + B1*s ; B2*i + B2*sqrt(Abs(i)) + B3*sqrt(Abs(r)),0.0432110476677545*s + 0.00628251430196196 ; 0.0706388022025471*i + 0.0706388022025471*sqrt(Abs(i)) + 8.97534989808334*sqrt(Abs(r))
2896,0.8525133738980935,B0 + B1*s ; i*sqrt(Abs(B2 + B3*r + B4*i)),0.0432044719000169*s + 0.0062877341546977 ; i*sqrt(Abs(0.00254238214608042*i + 0.000171744143904962*r + 1.40896715226541))
2897,0.8525133738076871,B0 + B1*s ; B2 - sqrt(Abs(B3*r - i + r**2)),2.72186652487033*s + 0.396147288850105 ; 0.0024829382809846 - sqrt(Abs(-i + r**2 + 0.000273365629534243*r))
2898,0.8525133737473995,B0 + B1*s ; B2*i*r + B2*i + B3*r,0.0432117072029731*s + 0.00628027597718421 ; 0.000753458451696584*i*r + 0.000753458451696584*i + 11.8194047639134*r
2899,0.8525133735986051,B0 + B1*i ; sqrt(Abs(B2*r + 2*i*r)),0.0494898295697191 - 0.0432017116667418*i ; sqrt(Abs(2*i*r + 0.00485345608298261*r))
2900,0.8525133735356631,B0 + B1*s ; i*r - i*sqrt(Abs(2*i - r)),0.0432146811022914*s + 0.00628179146932147 ; i*r - i*sqrt(Abs(2*i - r))
2901,0.8525133734493091,B0 + B1*s ; sqrt(Abs(B2 + B3*i + i**3)),0.0432015704823714*s + 0.0062897067695637 ; sqrt(Abs(i**3 + 0.00506607589994854*i + 1.11276002026676))
2902,0.8525133726813219,B0*i + B1*s ; B2*sqrt(Abs(i))*Abs(r)**(1/8) + r,0.00627961646456667*i + 0.0494980739471405*s ; r + 0.238786204095529*sqrt(Abs(i))*Abs(r)**(1/8)
2903,0.8525133720307916,B0*i + B1*s ; B2*r + r*sqrt(Abs(B3 - i*r)),0.00627919981965116*i + 0.0494810651265894*s ; r*sqrt(Abs(i*r - 0.000155677611029711)) + 0.0077128226237293*r
2904,0.8525133709554625,B0 + B1*i**2 + B1*i*s ; B2*sqrt(Abs(r)),-0.0432124268660886*i**2 - 0.0432124268660886*i*s + 0.0494844366387321 ; 0.00250527133774911*sqrt(Abs(r))
2905,0.8525133702919554,B0 + B1*i ; B2*r - i*r + r*sqrt(Abs(i)),0.0495081426717173 - 0.0432161338396607*i ; -i*r + r*sqrt(Abs(i)) + 0.0578780147794441*r
2906,0.8525133660786199,B0 + B1*s ; B2*i + B2*r + B3*i**2,0.043185805642564*s + 0.00630206503100921 ; 0.00394156031071694*i**2 + 0.0079862133408976*i + 0.0079862133408976*r
2907,0.8525133502282917,B0 + B1*i + B2*s ; B3*r + r*sqrt(Abs(B4 + 2*i)),0.574706676306949*i + 3.2966009681496*s - 0.177308987038878 ; r*sqrt(Abs(2*i + 0.843852073581256)) + 0.0584729991758417*r
2908,0.852513344557821,B0 + B1*i + B2*s ; B3*r + r*sqrt(Abs(B4 + 2*r)),39.3342493392086*i + 42.0561418449693*s - 38.9380776568087 ; r*sqrt(Abs(2*r + 0.00783327936175604)) + 71.2899301828636*r
2909,0.8525132082827447,B0 + B1*i*s + B1*s**2 ; r,0.0430950980903239*i*s + 0.0430950980903239*s**2 + 0.00633217996082529 ; r
2910,0.8525131958208166,B0 + B1*i ; -i*r + r**2 + r*sqrt(Abs(i)),0.0495605084443689 - 0.0433251800356167*i ; -i*r + r**2 + r*sqrt(Abs(i))
2911,0.8525131787281643,B0 + B1*i**2 + B1*i*s ; r,-0.0433306755288202*i**2 - 0.0433306755288202*i*s + 0.0495636957112578 ; r
2912,0.8525131528406887,B0 + B1*s ; sqrt(Abs(i*r - 2*r**2)),0.0433385603416657*s + 0.00622968754586712 ; sqrt(Abs(i*r - 2*r**2))
2913,0.8524870318646142,B0*i ; B1*i + B1*r,0.0769886876372507*i ; 0.028798718446601*i + 0.028798718446601*r
2914,0.8524856315475788,B0*i + B0*s*sqrt(Abs(i)) + B1*s ; B2 + r,-0.000213905370625287*i - 0.000213905370625287*s*sqrt(Abs(i)) + 0.051602740396979*s ; r + 0.0315178519148782
2915,0.852447659842106,B0*i*s ; B1*i - 2*i**2 - i*r,1.31082274711002*i*s ; -2*i**2 - i*r + 1.15181312049252*i
2916,0.8523567017421199,B0*s + B1*sqrt(Abs(i + s)) ; B2*i**2 - 2*i*r,0.0490006283935568*s + 0.00211117159234932*sqrt(Abs(i + s)) ; -2.22279286376173*i**2 - 2*i*r
2917,0.852347327535612,B0*sqrt(Abs(s + sqrt(Abs(i - s)))) ; sqrt(Abs(r)),0.011681756464631*sqrt(Abs(s + sqrt(Abs(i - s)))) ; sqrt(Abs(r))
2918,0.8523438349749813,B0 + B2*sqrt(Abs(B1 + i)) ; B3 + i,0.0188386835606103 - 0.0156295593193244*sqrt(Abs(i - 1.23071123936221)) ; i - 1.40960339783864
2919,0.8523361958986192,B1*sqrt(Abs(B0 + i**2)) ; B2 + i*sqrt(Abs(r)) + r,0.002187421257616*sqrt(Abs(i**2 + 2.16597467547045)) ; i*sqrt(Abs(r)) + r + 7.06445985362642
2920,0.8523253204395154,B0*sqrt(Abs(i - sqrt(Abs(s)))) ; B1 - i - r + sqrt(Abs(i)),0.00120439975911601*sqrt(Abs(i - sqrt(Abs(s)))) ; -i - r + sqrt(Abs(i)) + 138.821368686765
2921,0.85228670045981,sqrt(Abs(B0*i + B1)) ; B2*i + B2*r + i*r + r**2,sqrt(Abs(1.75470912022922e-5*i + 0.00175104364778519)) ; i*r + 0.00984080313176744*i + r**2 + 0.00984080313176744*r
2922,0.8522861603715196,B0 + B1*i + B1*s ; -i + r,-2.20233151383481e-5*i - 2.20233151383481e-5*s + 0.0140965313797408 ; -i + r
2923,0.8522745301954298,B0*sqrt(Abs(i)) + B1*i ; B2 + i,0.0260363454160395*i + 0.0367166066072267*sqrt(Abs(i)) ; i + 0.810636361479721
2924,0.8522664891362352,B0*i ; B1*sqrt(Abs(i)) - i - r,-0.000120428088989701*i ; -i - r + 1062.49961028535*sqrt(Abs(i))
2925,0.8522664891362352,B0*i**2 + B0*i ; sqrt(Abs(B1 + r)),1.21644534334616e-6*i**2 + 1.21644534334616e-6*i ; sqrt(Abs(r + 34325.9116304135))
2926,0.8522664891362352,B0*i ; B1 - i + r - sqrt(Abs(i)),0.000120428088994905*i ; -i + r - sqrt(Abs(i)) - 149.960159497558
2927,0.8522664891362267,B0*i ; B1*sqrt(Abs(i)) + i + r,-0.00012042808081228*i ; i + r + 1062.19557491237*sqrt(Abs(i))
2928,0.85226648913262,B0*sqrt(Abs(i)) ; sqrt(Abs(B1 + i + 2*r)),0.00120428088951565*sqrt(Abs(i)) ; sqrt(Abs(i + 2*r + 22998.2186392806))
2929,0.8522664891306934,B0*i ; sqrt(Abs(B1*i + i**2)),-0.000120428088990932*i ; sqrt(Abs(i**2 + 1127435.38234124*i))
2930,0.8522664891301482,B0*sqrt(Abs(i)) ; B1*Abs(i + sqrt(Abs(i)))**(1/4),0.0012042808899735*sqrt(Abs(i)) ; -176.573991728681*Abs(i + sqrt(Abs(i)))**(1/4)
2931,0.8522664890272833,B0*i ; sqrt(Abs(B1 + B2*r + i)),-0.000120427310947336*i ; sqrt(Abs(i - 1515.06496011946*r + 22676.3061433109))
2932,0.8522664889013867,B0*i ; -i + sqrt(Abs(B1 + i + r)),-0.000120428088990709*i ; -i + sqrt(Abs(i + r + 22426.0186040525))
2933,0.8522664867555195,B0*i ; B2*sqrt(Abs(B1 - i + r)),-0.000120428088990563*i ; 17.611984325102*sqrt(Abs(-i + r + 71.2355264787579))
2934,0.8522664789857329,B0 + B1*i ; B2 + sqrt(Abs(B3 + Abs(r)**(3/2))),-0.000182187643204774*i - 0.00617523500231689 ; sqrt(Abs(r)**(3/2) + 212433.311264067) + 10002.9966620904
2935,0.8522661061910102,B1*sqrt(Abs(B0 + i**2)) ; i,1.08807924212804*sqrt(Abs(i**2 - 0.00026876026370334)) ; i
2936,0.8522600826982144,B2*sqrt(Abs(B0 + B1*i)) ; i,0.0182272309222305*sqrt(Abs(46.1588952207803*i - 0.990542948678829)) ; i
2937,0.8522597926983533,B0 + i**2 ; B1*sqrt(Abs(i)) + B2*i,i**2 + 0.0117573730573577 ; 0.0104511237314737*i + 0.095804632614562*sqrt(Abs(i))
2938,0.8522512410689932,B0 + B1*i + B1*s ; B2 - r,-6.08441329779179*i - 6.08441329779179*s + 6.09440394331452 ; 0.000335155697030066 - r
2939,0.8522494031300637,B0 + i**2 ; B1 + B3*sqrt(Abs(B2 + i)),i**2 + 0.0118714903633282 ; 0.1270607446094 - 0.376145869480385*sqrt(Abs(i - 0.105025615640138))
2940,0.8522472333006146,B0 + B1*i + B1*s ; B2*r**2,-6.44929681698403*i - 6.44929681698403*s + 6.46130204460477 ; 9.14434513848223*r**2
2941,0.8522472333006104,B0 + B1*i + B1*s ; r*Abs(i)**(1/4),-1.59482719282744*i - 1.59482719282744*s + 1.60683242053397 ; r*Abs(i)**(1/4)
2942,0.8522472333006091,B0 + B1*i + B1*s ; sqrt(Abs(i))*sqrt(Abs(r)),-1.08664645063683*i - 1.08664645063683*s + 1.09865167842118 ; sqrt(Abs(i))*sqrt(Abs(r))
2943,0.8522472333006087,B0 + B1*i + B1*s ; r,-0.535763617083498*i - 0.535763617083498*s + 0.547768844740512 ; r
2944,0.8522472333006085,B0 + B1*i + B1*s ; sqrt(Abs(r)),0.150317456630825*i + 0.150317456630825*s - 0.138312228920509 ; sqrt(Abs(r))
2945,0.8522472333006085,B0 + B1*i + B1*s ; 2*r,0.0165393711834148*i + 0.0165393711834148*s - 0.00453414349284438 ; 2*r
2946,0.8522472333006084,B0 + B1*i + B1*s ; Abs(r)**(1/4),0.551091620266632*i + 0.551091620266632*s - 0.539086392557698 ; Abs(r)**(1/4)
2947,0.852247226871741,Abs(B0*i + B0*s)**(1/4) ; B1*r,Abs(2.07302154684499e-8*i + 2.07302154684499e-8*s)**(1/4) ; 0.000777303049570969*r
2948,0.8522472222469464,B1*sqrt(Abs(B0 + 2*i)) ; r,9.7285440470482e-6*sqrt(Abs(2*i + 1522378.81074853)) ; r
2949,0.852246591857902,B1*sqrt(Abs(B0 + i + s)) ; B2 + r,4.39977929963554e-6*sqrt(Abs(i + s - 7370250.89325449)) ; r + 321.279283217009
2950,0.8522280964440768,B0 + i**2 ; B1 + B2*sqrt(Abs(i)) - r,i**2 + 0.00109488968936773 ; -r - 0.148223132070951*sqrt(Abs(i)) + 0.345530595204459
2951,0.852223364301474,B0*i ; 3*i - sqrt(Abs(i)),0.101514880010769*i ; 3*i - sqrt(Abs(i))
2952,0.8521696875061407,B0*s**2 + B0*s*sqrt(Abs(i)) ; B1*r*sqrt(Abs(i)) - r*Abs(i)**(3/2),0.0372722246973722*s**2 + 0.0372722246973722*s*sqrt(Abs(i)) ; -r*Abs(i)**(3/2) + 0.0889273903320739*r*sqrt(Abs(i))
2953,0.8521567301881516,B1*sqrt(Abs(B0*s + i)) ; i + sqrt(Abs(i))*Abs(i + r)**(1/8),0.0131434452100184*sqrt(Abs(i - 7.5877587542445*s)) ; i + sqrt(Abs(i))*Abs(i + r)**(1/8)
2954,0.8521041087945832,B0*i + B0*s ; sqrt(Abs(r - sqrt(Abs(B1 - sqrt(Abs(r)))))),-0.000120256767069023*i - 0.000120256767069023*s ; sqrt(Abs(r - sqrt(sqrt(Abs(r)) + 919048772.290991)))
2955,0.8521032348368918,B0*sqrt(Abs(i + 2*s)) ; B1*sqrt(Abs(i)) + r,0.00120247352709893*sqrt(Abs(i + 2*s)) ; r + 723.268904614657*sqrt(Abs(i))
2956,0.8520359564825243,B0*i*s + B0*i + B1*s ; sqrt(Abs(i + r)),7.35527035171141e-5*i*s + 7.35527035171141e-5*i + 0.0468072613280436*s ; sqrt(Abs(i + r))
2957,0.8519780986065106,B1*sqrt(Abs(B0*s + i + s**2)) ; i*r + r,0.0122322964125798*sqrt(Abs(i + s**2 + 8.79528036614672*s)) ; i*r + r
2958,0.8519642604807665,B0 + B1*i ; B2*i + i*sqrt(Abs(B3 + r)) + r,0.119418702424432*i + 0.0464967040109051 ; i*sqrt(Abs(r + 14.8536313104544)) - 0.0759123749346196*i + r
2959,0.8518833248701018,B0*i + B1*Abs(s)**(1/4) ; Abs(B2*i + 2*i*r)**(1/4),7.00803519572014e-5*i + 0.0451406593663172*Abs(s)**(1/4) ; Abs(2*i*r - 0.102438518916168*i)**(1/4)
2960,0.8518592688525053,B0*s ; r*sqrt(Abs(B1 + B2*r - r**2)),0.0476674105626103*s ; r*sqrt(Abs(-r**2 + 17.9241894332744*r + 33.018479025298))
2961,0.8518592688377532,B0*s ; sqrt(Abs(B1*i + i**2 + i*r)),0.0476661295734072*s ; sqrt(Abs(i**2 + i*r + 1.30609048576406*i))
2962,0.8518592688368574,B0*s ; B1*i + B3*sqrt(Abs(B2 - i + r)),0.0476661027077175*s ; 0.000492911850162489*i + 82.9908071289294*sqrt(Abs(-i + r + 0.00336439710254942))
2963,0.8518592687876275,B0*s ; B1*Abs(i)**(3/2) + B2*r*sqrt(Abs(i)),0.0476651213903579*s ; 0.186211756281134*r*sqrt(Abs(i)) + 0.0996713557886698*Abs(i)**(3/2)
2964,0.8518592687617779,B0*s ; B1 + B2*i*r + B2*r**2,0.0476647648208294*s ; 31.6087192870198*i*r + 31.6087192870198*r**2 + 0.015780197612664
2965,0.8518592686597518,B0*s ; B1 + B2*sqrt(Abs(r)) - i + 2*r,0.0476637037506547*s ; -i + 2*r + 0.000303912150240351*sqrt(Abs(r)) + 0.121828356018948
2966,0.8518592686201385,B0*s ; i*sqrt(Abs(B1 + B2*r + B2*sqrt(Abs(i)))),0.0476633719788878*s ; i*sqrt(Abs(0.00093390962721089*r + 0.00093390962721089*sqrt(Abs(i)) + 1.74896967677786))
2967,0.8518592685474394,B0*s ; B1 + sqrt(Abs(B2 - i**2 + i*r)),0.0476628294153714*s ; sqrt(Abs(-i**2 + i*r + 0.00093926366415266)) + 0.00724431090376973
2968,0.8518592685367375,B0*s ; sqrt(Abs(B1*i*r + i + 2*r)),0.0476714751155793*s ; sqrt(Abs(0.124077939646598*i*r + i + 2*r))
2969,0.8518592681237628,B0*s ; B1*i + i*sqrt(Abs(B2*i + r)),2.71892261143408*s ; i*sqrt(Abs(0.423868356832209*i + r)) + 0.0846066073843552*i
2970,0.8518592678858312,B0*s ; -i + sqrt(Abs(B1*r + r*Abs(i)**(1/4))),0.047674731972229*s ; -i + sqrt(Abs(r*Abs(i)**(1/4) + 0.00548877738821457*r))
2971,0.8518592670475471,B0*s ; -r + sqrt(Abs(B1*i + B2*i*r)),0.0476567113913018*s ; -r + sqrt(Abs(17.7157014969599*i*r + 0.664290782592438*i))
2972,0.8518592654406844,B0*s ; -i + sqrt(Abs(B1 + B2*i + B3*r)),0.04765281434499*s ; -i + sqrt(Abs(3.23643254370607*i + 0.00265581580641514*r + 33.5712569193692))
2973,0.8518592636858735,B0*s ; B2*sqrt(Abs(B1 + i)) + i*sqrt(Abs(B1 + i)),0.0476847142081414*s ; i*sqrt(Abs(i + 39.1780146184916)) + 0.0113733555836654*sqrt(Abs(i + 39.1780146184916))
2974,0.8518592270858045,B0*s ; -i*r + r**2 - r*sqrt(Abs(i)),0.0476170957929021*s ; -i*r + r**2 - r*sqrt(Abs(i))
2975,0.8518592188582913,B0*s ; i*r + i*sqrt(Abs(r)) - 2*i,0.0476123916414313*s ; i*r + i*sqrt(Abs(r)) - 2*i
2976,0.8518568340112963,B0*i + B1*i**2 + B1*s ; 3*i,0.0439981932648728*i**2 + 0.229353612454253*i + 0.0439981932648728*s ; 3*i
2977,0.851785360605584,B0*sqrt(Abs(i)) + B0*sqrt(Abs(s)) ; sqrt(Abs(r)),0.00987584264391363*sqrt(Abs(i)) + 0.00987584264391363*sqrt(Abs(s)) ; sqrt(Abs(r))
2978,0.8517011026604873,B0*i*s ; B1 + r*Abs(i)**(3/2),0.239298335047617*i*s ; r*Abs(i)**(3/2) + 0.00452039970646483
2979,0.851666177134266,sqrt(Abs(B0*sqrt(Abs(i))*sqrt(Abs(s)) + B1)) ; B2*r,sqrt(Abs(0.00376450885952791*sqrt(Abs(i))*sqrt(Abs(s)) - 0.00188260372572265)) ; 0.000813914531224895*r
2980,0.8516360436130092,B0*i**2 ; B1 + 2*r + sqrt(Abs(r)),1.39327415072129e-6*i**2 ; 2*r + sqrt(Abs(r)) + 228.298374999505
2981,0.8515817718118643,B0*i + B1*i*s + B1*s ; i - sqrt(Abs(r)),0.0338813334447975*i*s - 0.00134580964898157*i + 0.0338813334447975*s ; i - sqrt(Abs(r))
2982,0.8515688338911339,B1*sqrt(Abs(B0*s + i*s + i)) ; i*r + i,0.123786566898018*sqrt(Abs(i*s + i + 0.0269663393147497*s)) ; i*r + i
2983,0.8514488061302848,B0*i**3 ; i,2499.99997458753*i**3 ; i
2984,0.8514313493642864,B0*sqrt(Abs(-i**2 + i*s + s)) ; B1 + i*r + i,0.0323770532993588*sqrt(Abs(-i**2 + i*s + s)) ; i*r + i - 0.231001376472162
2985,0.8513992814407947,B1*sqrt(Abs(B0 + s)) ; i*r*sqrt(Abs(r**3 - r)),0.0346615686767359*sqrt(Abs(s + 0.104276469311751)) ; i*r*sqrt(Abs(r**3 - r))
2986,0.8513869801224786,B1*sqrt(Abs(B0*s + i + s**2)) ; B2 + i*r + r,0.00114408166002583*sqrt(Abs(i + s**2 + 908.212053027787*s)) ; i*r + r + 115.684487304368
2987,0.8513376161052386,B0*i + B1*i*sqrt(Abs(s)) + B2*i*s ; sqrt(Abs(r)),0.48187184017304*i*s - 0.173812228286226*i*sqrt(Abs(s)) + 0.0157077205458722*i ; sqrt(Abs(r))
2988,0.8513173484809683,B0*s + B1*i*s + B1*s**3 ; i,-0.191687556905849*i*s - 0.191687556905849*s**3 + 0.193023136149614*s ; i
2989,0.8513161697648935,B0*s + B1*s**2 + B2*s*sqrt(Abs(i)) ; i,-0.208408100057097*s**2 + 0.170595988603918*s*sqrt(Abs(i)) + 0.193294369348755*s ; i
2990,0.8512574897225774,B0*i + B2*sqrt(Abs(B1*i + s)) ; i,0.222043564348762*i + 0.0258398500430367*sqrt(Abs(0.280007147118411*i - s)) ; i
2991,0.8512547672744988,B0*sqrt(Abs(i)) ; sqrt(Abs(r + Abs(r)**(3/2))),0.0125894604197278*sqrt(Abs(i)) ; sqrt(Abs(r + Abs(r)**(3/2)))
2992,0.8512455520452953,B0*Abs(i - s)**(1/8) ; B1 + B2*r + i,0.0183634313733214*Abs(i - s)**(1/8) ; i + 0.378783459443641*r - 0.365029876145431
2993,0.8512289925979439,B0 + B1*i*s + B1*s ; B2 + B3*i**2 + B3*i*r - i - r,0.0488486846667016*i*s + 0.0488486846667016*s - 0.0449932404889569 ; 0.0616349777526118*i**2 + 0.0616349777526118*i*r - i - r - 0.0755050526770576
2994,0.8512142833721618,B0*s + B1*s**2 + B2*s*sqrt(Abs(i)) ; B3 - r,-0.173253588567412*s**2 + 0.0720602933557828*s*sqrt(Abs(i)) + 0.169483146204584*s ; 0.022574516703038 - r
2995,0.8512047952182777,B0*s + B1*s*sqrt(Abs(i)) + B2*i*s ; B3*i*r**2 + 2*i*r,0.174300062522997*i*s + 0.0750536444035793*s*sqrt(Abs(i)) - 0.00742319434623054*s ; 0.00337899171376717*i*r**2 + 2*i*r
2996,0.8510878095003298,B0 + B1*s + B2*i*s + B2*s**2 ; B3 + i,-0.322451556522189*i*s - 0.322451556522189*s**2 + 0.345349506603309*s - 0.0192545775348432 ; i + 0.0188063403720343
2997,0.8510829665046062,B0*Abs(i)**(1/4)*Abs(s)**(1/4) ; B1 + i + r + sqrt(Abs(i + r)),0.00675863854100998*Abs(i)**(1/4)*Abs(s)**(1/4) ; i + r + sqrt(Abs(i + r)) + 24.995444364129
2998,0.851082480152242,B0*s + B1*s**2 ; B2*i + B2*r + B4*sqrt(Abs(B3*i + B3*r)),-0.257857525645065*s**2 + 0.263546888321679*s ; 0.000505851643830245*i + 0.000505851643830245*r + 13.2198832630503*sqrt(Abs(1.0326967571542*i + 1.0326967571542*r))
2999,0.8510549688285447,B0*i*s + B0*i + B1*sqrt(Abs(s)) ; B2*r**2,-0.000338585806804824*i*s - 0.000338585806804824*i + 0.0476486743170732*sqrt(Abs(s)) ; 0.728052475963275*r**2
3000,0.8510213585256593,B0*i*s + B0*i + B1*sqrt(Abs(s)) ; B2*r,-0.00035170167621987*i*s - 0.00035170167621987*i + 0.0474134654022213*sqrt(Abs(s)) ; 0.00280437748506136*r
3001,0.8510150880911846,B0*sqrt(Abs(s)) ; B1*r + B2*sqrt(Abs(i))*Abs(r)**(3/2),0.0341022603473871*sqrt(Abs(s)) ; 0.0554552339759153*r + 0.0252555578340909*sqrt(Abs(i))*Abs(r)**(3/2)
3002,0.8509653291690998,B0*sqrt(Abs(s)) ; sqrt(Abs(B1 + i**2 - i*r + r)),0.0339696547955585*sqrt(Abs(s)) ; sqrt(Abs(i**2 - i*r + r + 24.9817781396348))
3003,0.8509613514046727,B0 + B1*sqrt(Abs(i))*Abs(s)**(1/4) ; r,-0.0758985929646355*sqrt(Abs(i))*Abs(s)**(1/4) + 0.052211380231922 ; r
3004,0.8509559574238552,B0*sqrt(Abs(s)) ; B1 + B2*r + B3*r*sqrt(Abs(i)),0.0339045974636753*sqrt(Abs(s)) ; 0.131153281657686*r*sqrt(Abs(i)) + 0.00506199059755677*r + 0.10540561389025
3005,0.8509474580290096,B0 + B1*Abs(i)**(1/4) ; Abs(B2*r + B3*i*r)**(1/4),0.0933391843447005 - 0.087609993345794*Abs(i)**(1/4) ; Abs(5.83224333341713*i*r + 0.00903050317423974*r)**(1/4)
3006,0.8509350585864972,B0*Abs(i - s)**(1/8) ; i,0.0169769941177808*Abs(i - s)**(1/8) ; i
3007,0.8509126188725387,B0*sqrt(Abs(i + 2*s)) ; i*r + i - sqrt(Abs(r)),0.00119923151580535*sqrt(Abs(i + 2*s)) ; i*r + i - sqrt(Abs(r))
3008,0.8509106775758656,B1*sqrt(Abs(B0 + 2*i)) ; B2 + B3*i*r**2 + i,0.0922152487841821*sqrt(Abs(2*i - 0.0808606358904695)) ; 0.325583799122472*i*r**2 + i - 0.0525118381311873
3009,0.8508907016707712,B0*i ; sqrt(Abs(-i + r + sqrt(Abs(r)))),-0.000100160414074123*i ; sqrt(Abs(-i + r + sqrt(Abs(r))))
3010,0.8508731408711155,B0*i + B1*s**2 + B1*s ; B2 + sqrt(Abs(i + sqrt(Abs(i)))),-0.0101594863380384*i + 0.0216616823090136*s**2 + 0.0216616823090136*s ; sqrt(Abs(i + sqrt(Abs(i)))) - 0.285699107786321
3011,0.8508591148879089,B0*sqrt(Abs(i)) ; sqrt(Abs(i*r + 2*i)),0.00120017490309267*sqrt(Abs(i)) ; sqrt(Abs(i*r + 2*i))
3012,0.8507781799921804,B0*i - 2*i**2 ; B1*Abs(i)**(1/4),-2*i**2 + 0.505634149204043*i ; 0.0180272465827228*Abs(i)**(1/4)
3013,0.8507742021427489,B0 + B1*i + B1*sqrt(Abs(i)) ; B2 - i + r,-4.92046626401639e-5*i - 4.92046626401639e-5*sqrt(Abs(i)) + 0.01591332072735 ; -i + r + 0.0279522718350098
3014,0.85073786902796,B0*i**2 + B0*Abs(i)**(3/2) + B1*i*s ; r**2,-0.0184565129309277*i**2 + 0.317045268072136*i*s - 0.0184565129309277*Abs(i)**(3/2) ; r**2
3015,0.8507179689893444,B0*i**2*s**2 + B0*i**2*s ; sqrt(Abs(B1 + B2*i + r)),1.26366312991738e-5*i**2*s**2 + 1.26366312991738e-5*i**2*s ; sqrt(Abs(1.33405703871619*i + r + 57.5849478500969))
3016,0.8506661779626765,B0*Abs(i + s)**(1/8) ; i,0.016255073523865*Abs(i + s)**(1/8) ; i
3017,0.8506406412979789,B0*i + B0*s ; sqrt(Abs(i)),-6.83117455982583e-5*i - 6.83117455982583e-5*s ; sqrt(Abs(i))
3018,0.8505787527650501,B0*Abs(s)**(1/4) ; sqrt(Abs(B1*r**2 + B2*r)),0.0212406435863679*Abs(s)**(1/4) ; sqrt(Abs(0.0580180025013595*r**2 + 0.144691826477523*r))
3019,0.8504992127212365,B1*Abs(B0*i + B0*s)**(1/4) ; i,0.0188842063650325*Abs(1.49524089436504*i + 1.49524089436504*s)**(1/4) ; i
3020,0.8504949307936338,B0*s**2 + B1*i*s ; i - 2*r + sqrt(Abs(i)),0.000902925068824504*i*s + 0.0450123500943264*s**2 ; i - 2*r + sqrt(Abs(i))
3021,0.8504483475388824,B1*Abs(B0 + s)**(1/4) ; B3*sqrt(Abs(B2*r + i)) + i,0.0218349694274075*Abs(s + 0.0280642812259576)**(1/4) ; i + 0.0172193981707291*sqrt(Abs(i + 0.00812214371240482*r))
3022,0.8502359630760388,i**2*sqrt(Abs(B0 + i)) - i**2 ; sqrt(Abs(B1*r + B2*i)),i**2*sqrt(Abs(i - 342.137635634103)) - i**2 ; sqrt(Abs(0.0299827912857568*i + 0.000788481578823377*r))
3023,0.8502249519928781,B0*i*Abs(s)**(1/8) ; sqrt(Abs(B1 + r**3)),-0.000173902769421618*i*Abs(s)**(1/8) ; sqrt(Abs(r**3 + 2.26249476942617))
3024,0.8500455023723317,B0 + s - sqrt(Abs(i)) ; r,s - sqrt(Abs(i)) - 0.622448413381424 ; r
3025,0.849770154333297,B0 + B1*i + B1*sqrt(Abs(i)) ; i**3 + r,0.037918426103954*i + 0.037918426103954*sqrt(Abs(i)) + 0.0120661394240783 ; i**3 + r
3026,0.8497568763505187,B1*sqrt(Abs(B0 + i)) ; B2 + r*Abs(i)**(5/2),0.0368783148440103*sqrt(Abs(i + 0.117756415646581)) ; r*Abs(i)**(5/2) + 0.0138051323145646
3027,0.849721015013598,B0*i ; B1*i + i**2 + i*r + Abs(i)**(3/2),0.103633850280197*i ; i**2 + i*r - 0.89531743074138*i + Abs(i)**(3/2)
3028,0.8496851252543641,B0*s + B0*sqrt(Abs(B1 - i)) ; sqrt(Abs(B2 + r)),0.00731006113002744*s + 0.00731006113002744*sqrt(Abs(i + 97.4295384030586)) ; sqrt(Abs(r + 9222.90091001513))
3029,0.8496562774105609,B0*sqrt(Abs(s + sqrt(Abs(i + s)))) ; i*r + sqrt(2)*sqrt(Abs(i)),0.0152073112216195*sqrt(Abs(s + sqrt(Abs(i + s)))) ; i*r + sqrt(2)*sqrt(Abs(i))
3030,0.8496461143347636,B0*i**2*s + i**3*s ; B1*i**2,i**3*s + 11.7963212397182*i**2*s ; 7.32655484012547*i**2
3031,0.8496362530217595,B0*s + 2*i*s ; B1 + i,2*i*s - 0.0365636106360342*s ; i - 0.0166506383676413
3032,0.8495911867065383,B0 - i*s + i ; i,-i*s + i + 0.00460944088645422 ; i
3033,0.8495454094132184,B0 + B1*i + B2*s ; i**2 - i*r - i*sqrt(Abs(r)) + Abs(r)**(3/2),0.713987157043954*i + 0.459847766053847*s - 0.453583353721038 ; i**2 - i*r - i*sqrt(Abs(r)) + Abs(r)**(3/2)
3034,0.8495032015133349,B1*sqrt(Abs(B0 + i - s)) ; B2 + i**2*r**2 - r,0.0309150977785176*sqrt(Abs(i - s + 99.9433439852168)) ; i**2*r**2 - r + 218.064989054108
3035,0.8494801297904345,B0*sqrt(Abs(2*i*s + i)) ; B1 - 2*i,0.0027614554912552*sqrt(Abs(2*i*s + i)) ; -2*i - 0.0828494152103859
3036,0.8494735932320994,B0*i + B2*sqrt(Abs(B1 + i)) ; B4*sqrt(Abs(B3 - sqrt(Abs(i)))),0.0420268719340403*i + 0.084980722010123*sqrt(Abs(i - 0.00150107578227113)) ; 0.0393552394326848*sqrt(Abs(sqrt(Abs(i)) - 0.0417741063421951))
3037,0.8494711108073033,B1*sqrt(Abs(B0*i + i*s + s)) ; i*r + i - r,0.0297620140276179*sqrt(Abs(i*s + 0.0232560782732575*i + s)) ; i*r + i - r
3038,0.8494128306332259,B0*sqrt(Abs(i)) ; B1*i + B2*r + Abs(i)**(1/4),0.02298348789983*sqrt(Abs(i)) ; 0.383509996150226*i - 0.785217344097712*r + Abs(i)**(1/4)
3039,0.8493303190502307,B0*i + B1*i*s + i**2*s ; B2*Abs(i)**(1/4),i**2*s + 0.691947357536534*i*s - 0.500846565223098*i ; -0.00334661655052663*Abs(i)**(1/4)
3040,0.84903338040088,B0*s - i*s + Abs(s)**(3/2) ; B1 + B2*i + i**2 - r,-i*s - 0.913815976630544*s + Abs(s)**(3/2) ; i**2 + 1.1339577127647*i - r - 0.0123755439607113
3041,0.8489967350900094,B0*s + B0*sqrt(Abs(i)) ; B1*Abs(r)**(3/2) + i*r,0.0166833937181375*s + 0.0166833937181375*sqrt(Abs(i)) ; i*r + 0.853735261107233*Abs(r)**(3/2)
3042,0.8489877896142523,B0 - i**2*s ; r,-i**2*s + 0.0231830186125248 ; r
3043,0.8488894687364444,i*s + s*sqrt(Abs(B0 - i)) ; B1 + i,i*s + s*sqrt(Abs(i + 0.181379971447042)) ; i + 0.649768968086581
3044,0.8488763182521702,B0*sqrt(Abs(i - sqrt(Abs(i))*sqrt(Abs(s)))) ; r,0.0297803960319674*sqrt(Abs(i - sqrt(Abs(i))*sqrt(Abs(s)))) ; r
3045,0.8488371671606861,B0*Abs(s)**(5/4) ; B1*r + B3*r*sqrt(Abs(B2 + r)),0.046603823175871*Abs(s)**(5/4) ; 0.592960546192869*r*sqrt(Abs(r + 0.0438257742182914)) + 0.0234998403876863*r
3046,0.8487829680507878,B0*i**2*s**2 ; B1 - i + sqrt(Abs(B2*r + i*r)),5.52324610913931e-6*i**2*s**2 ; -i + sqrt(Abs(i*r + 97.4992027257639*r)) + 0.571880587999074
3047,0.8486653124895175,B0*i + B1*i*sqrt(Abs(s)) + B2*i*s ; i,-0.917083901368045*i*s + 1.74177356345381*i*sqrt(Abs(s)) + 0.273530946233318*i ; i
3048,0.8485713108279331,B0*Abs(i)**(3/2) + B1*i**2 - i*s ; sqrt(Abs(B2*i + B3*r)),0.0155270974028844*i**2 - i*s - 0.0110923715613653*Abs(i)**(3/2) ; sqrt(Abs(0.020294212516274*i + 0.0150052776683236*r))
3049,0.8484684491151205,B1*sqrt(Abs(B0 - i + 2*s)) ; B2 + B3*i**2 - i**3,0.0384567160553184*sqrt(Abs(-i + 2*s + 0.0749981301052627)) ; -i**3 + 1.63295697749888*i**2 + 0.00183154833749556
3050,0.848446774738548,B0*Abs(i - s)**(1/4) ; sqrt(Abs(i + r)),0.00422868813624827*Abs(i - s)**(1/4) ; sqrt(Abs(i + r))
3051,0.848412146690507,B0*s**2 + B1*i**2*s ; i,-27.0248751298469*i**2*s + 0.1052039001177*s**2 ; i
3052,0.8483622886951621,B0*i + B0*sqrt(Abs(s)) ; B2*r*sqrt(Abs(B1 + r)),0.0105770025939698*i + 0.0105770025939698*sqrt(Abs(s)) ; 0.235515521837344*r*sqrt(Abs(r + 0.0944420461123708))
3053,0.8483187809518384,B0*s + B2*sqrt(Abs(B1 + i)) ; B3*i + i**2*r + i*r,0.0571558217277615*s - 0.0860223640260608*sqrt(Abs(i - 0.0206760393653335)) ; i**2*r + i*r + 0.738548693411744*i
3054,0.8480989177071194,B0 + Abs(B1 + i**2)**(1/4) ; B2 + 2*i,Abs(i**2 + 0.00914516180183057)**(1/4) - 0.319650449946512 ; 2*i + 0.1144309770374
3055,0.8479679595482804,B0*i - i**2 + i*s + Abs(i)**(3/2) ; B1 + B2*i + B2*r,-i**2 + i*s - 0.583832319382781*i + Abs(i)**(3/2) ; -0.00294175221172424*i - 0.00294175221172424*r + 0.00976635031189294
3056,0.847866080304453,B0*i**2 + B0*i*s ; i,1.20428699974219*i**2 + 1.20428699974219*i*s ; i
3057,0.8478316263144964,B0*i + i**2 - i*s ; B1*sqrt(Abs(i)),i**2 - i*s - 1.85263950509749*i ; 0.072503653466897*sqrt(Abs(i))
3058,0.8478277415745435,B2*sqrt(Abs(B0 + B1*i + i*s)) ; i*r + i,0.063101636154175*sqrt(Abs(i*s - 9.89691447760884*i + 0.0418791693064174)) ; i*r + i
3059,0.8477942530746894,B1*sqrt(Abs(B0 + 2*i - s)) ; B2*i*r,0.0151549692734018*sqrt(Abs(-2*i + s + 0.25902695601517)) ; 0.0131643269814694*i*r
3060,0.8477517512612156,B0 + B1*i + B2*s ; B3 + B4*i + B5*i**2 + r,-0.000825981562748265*i + 0.0472545192046557*s - 0.0761144896436352 ; 10.053434197837*i**2 - 60.55505402478*i + r - 16.8553539551846
3061,0.8477255893067203,B0 + B1*sqrt(Abs(i)) ; sqrt(Abs(B2 - 3*i + r)),0.0507763430015129 - 0.00416729272555679*sqrt(Abs(i)) ; sqrt(Abs(3*i - r + 115.173233883417))
3062,0.8477201425160695,B0*sqrt(Abs(i - sqrt(Abs(s)))) ; sqrt(Abs(i)),0.000906404804619481*sqrt(Abs(i - sqrt(Abs(s)))) ; sqrt(Abs(i))
3063,0.8476487321407034,B0*i + B2*sqrt(Abs(B1 + i)) ; B3*r + B3*sqrt(Abs(r)) - i*r - i*sqrt(Abs(r)),-0.303130039440117*i + 0.310124794807072*sqrt(Abs(i - 0.0507923000559218)) ; -i*r - i*sqrt(Abs(r)) + 0.000241411633439835*r + 0.000241411633439835*sqrt(Abs(r))
3064,0.8476097646871129,B0*i + B2*sqrt(Abs(B1 + i)) ; -i**2 + i*r*sqrt(Abs(B3 + r)),-0.00813655225476058*i + 0.0820603358545503*sqrt(Abs(i - 0.0309174694893045)) ; -i**2 + i*r*sqrt(Abs(r + 0.0271506511916398))
3065,0.8475238145825452,B0*i + B2*sqrt(Abs(B1 + i)) ; B3*sqrt(Abs(r)) + B4*r + r**2 - Abs(r)**(3/2),-0.280945357759718*i + 0.288737666214058*sqrt(Abs(i - 0.03952038226209)) ; r**2 + 0.000552382926242777*r - Abs(r)**(3/2) + 0.000679800158510788*sqrt(Abs(r))
3066,0.847450376567337,B1*sqrt(Abs(B0 + i**2 - i*s)) ; B2 + i*r + r,0.0352598939199327*sqrt(Abs(-i**2 + i*s + 1.33010461385484)) ; i*r + r + 0.250339443234104
3067,0.8474414500104975,B0*Abs(i - s)**(1/8) ; sqrt(Abs(i))*sqrt(Abs(r)),0.0125255265086385*Abs(i - s)**(1/8) ; sqrt(Abs(i))*sqrt(Abs(r))
3068,0.8474314645394349,B0*sqrt(Abs(2*i + s)) ; r,0.00840225729736622*sqrt(Abs(2*i + s)) ; r
3069,0.8472898471089503,B1*sqrt(Abs(B0 + 2*i)) ; B2*i + B3*i**2,0.0144330349014151*sqrt(Abs(2*i - 1.07480443897307)) ; -1.05133066194183*i**2 + 0.226299013735038*i
3070,0.8471641524296704,Abs(s)**(3/2)*Abs(B0 + B1*i)**(1/4) ; B2*i + i*r + i*Abs(r)**(3/2),Abs(s)**(3/2)*Abs(7.25633946111757e-5*i - 2.25174005445399e-6)**(1/4) ; i*r + i*Abs(r)**(3/2) + 0.00410018516128707*i
3071,0.8469426242825346,B0*i ; B1*i - i**2 + 2*i*r,0.312589898722968*i ; -i**2 + 2*i*r + 0.127517893607205*i
3072,0.8468794527294776,B0*sqrt(Abs(i)) ; Abs(i**2 - r)**(1/4),0.000880685157793057*sqrt(Abs(i)) ; Abs(i**2 - r)**(1/4)
3073,0.8468662210453364,B0*i + B1*s**2 + B1*s ; B2*Abs(r)**(3/2) + B3*r**2,0.00232827708162437*i + 0.0238402534475944*s**2 + 0.0238402534475944*s ; 0.514181730722749*r**2 + 56.3068038308436*Abs(r)**(3/2)
3074,0.8467968483464869,B0*i*sqrt(Abs(s)) ; i*r,0.029061655583151*i*sqrt(Abs(s)) ; i*r
3075,0.8467968387918376,B0*i*sqrt(Abs(s)) ; r,0.0290668446721746*i*sqrt(Abs(s)) ; r
3076,0.8467677604501892,B0 + i*s + s ; 2*r,i*s + s - 0.982053687589083 ; 2*r
3077,0.846660131194031,B0*i ; B1*r*sqrt(Abs(i)),0.0269539488060492*i ; 1.24946375036478*r*sqrt(Abs(i))
3078,0.8466601281773706,B0*i ; Abs(i)**(3/2)*sqrt(Abs(r)),0.0270309915674642*i ; Abs(i)**(3/2)*sqrt(Abs(r))
3079,0.8464931610773696,B0 + i**2 ; B1 + B2*i + 2*i**2,i**2 - 0.0371773340768833 ; 2*i**2 + 2.31940022859801*i - 0.513848531790039
3080,0.8464809517276324,B0 + B1*sqrt(Abs(i)) ; sqrt(Abs(-i + 2*r + sqrt(Abs(r)))),0.0306842283061076 - 0.00200290015666318*sqrt(Abs(i)) ; sqrt(Abs(-i + 2*r + sqrt(Abs(r))))
3081,0.8464652927308873,B0*sqrt(Abs(i)) ; sqrt(Abs(i*r + i + r)),0.0011130576023911*sqrt(Abs(i)) ; sqrt(Abs(i*r + i + r))
3082,0.8464485838445176,B0*sqrt(Abs(i*s + s)) ; B1*r + r**2*sqrt(Abs(B2 + i)),0.0262533706340209*sqrt(Abs(i*s + s)) ; r**2*sqrt(Abs(i + 0.0571668000585635)) + 0.808372207709916*r
3083,0.8464117172512435,B0*i + B1*Abs(i)**(3/2)*sqrt(Abs(s)) ; r*Abs(i)**(5/4),0.575536007263138*i - 1.14385061180166*Abs(i)**(3/2)*sqrt(Abs(s)) ; r*Abs(i)**(5/4)
3084,0.8464064277875075,B0*sqrt(Abs(i + s)) ; i*r**3 + i - r,0.0363672754866756*sqrt(Abs(i + s)) ; i*r**3 + i - r
3085,0.8462921233496916,B1*sqrt(Abs(B0 + sqrt(Abs(i))*sqrt(Abs(s)))) ; sqrt(Abs(i)),0.0106532324725889*sqrt(Abs(sqrt(Abs(i))*sqrt(Abs(s)) - 1.82297322836756)) ; sqrt(Abs(i))
3086,0.8461840789909834,B0*i**2*s + B0*s**2 ; B1*sqrt(Abs(i))*sqrt(Abs(r)),0.0557066074925452*i**2*s + 0.0557066074925452*s**2 ; 0.000364097411313802*sqrt(Abs(i))*sqrt(Abs(r))
3087,0.8460643800433174,i*sqrt(Abs(B0 + B1*i*s)) ; r,i*sqrt(Abs(0.0887046048447702*i*s - 0.0221733418138562)) ; r
3088,0.8459836553809639,B0*i**2 + B1*i**2*s ; B2*i,53.4636114793171*i**2*s - 18.7756456090847*i**2 ; 0.649234537481487*i
3089,0.8459496207205194,B0*Abs(i)**(5/4) ; sqrt(2)*sqrt(Abs(r)),0.0498521320671345*Abs(i)**(5/4) ; sqrt(2)*sqrt(Abs(r))
3090,0.8456782571893287,B0 + B1*i**2 + B1*i*sqrt(Abs(s)) ; B2*Abs(r)**(1/8),-0.0251656437673302*i**2 - 0.0251656437673302*i*sqrt(Abs(s)) + 0.0536331891759446 ; 4.47332710701809*Abs(r)**(1/8)
3091,0.8456547218890843,B0*i ; B1 + B2*i + i**2 - i*r + r,0.162011194682646*i ; i**2 - i*r + 2.85398218560208*i + r - 1.04818680239387
3092,0.8455547913874117,B1*sqrt(Abs(B0 - i**2 + i*s)) ; i*r + i - r,0.0480681755328832*sqrt(Abs(-i**2 + i*s + 0.267766585197831)) ; i*r + i - r
3093,0.8454886963253816,B0*s**2 + B0*sqrt(Abs(i)) ; sqrt(Abs(B1 - i)),0.00121958851842973*s**2 + 0.00121958851842973*sqrt(Abs(i)) ; sqrt(Abs(i - 3030.6698221866))
3094,0.8454686158899587,B0*s + B0*Abs(i)**(1/8) ; B1*r + 2*i*r,0.0239278300591074*s + 0.0239278300591074*Abs(i)**(1/8) ; 2*i*r + 0.00083130587061286*r
3095,0.8454567238144802,B0*s + B0*sqrt(Abs(i - s)) ; B1 + r,0.00123032208457963*s + 0.00123032208457963*sqrt(Abs(i - s)) ; r + 74.1209369903172
3096,0.8453317330135014,B0*i + 2*i*s ; B1 + B2*i + i*r,2*i*s - 0.381129893737225*i ; i*r + 2.55995431395849*i - 0.0328247624639965
3097,0.8452567408063417,B0*i + i*s + Abs(i)**(3/2) ; r,i*s - 0.957158697971644*i + Abs(i)**(3/2) ; r
3098,0.8452325699934782,B1*sqrt(Abs(B0 + s**2 - s)) ; B2*r + B3*i*r**2,0.0676879751516228*sqrt(Abs(s**2 - s + 0.250035151209168)) ; 3.73544037883391*i*r**2 + 0.00105777820566049*r
3099,0.8451405725872163,B0 - sqrt(Abs(i))*sqrt(Abs(s)) ; i**2,-sqrt(Abs(i))*sqrt(Abs(s)) + 0.225416523611215 ; i**2
3100,0.8451115649914128,B1*sqrt(Abs(B0 - i + s)) ; B2 + B3*i - i**2 + i*r,0.0328075936738988*sqrt(Abs(-i + s + 0.00285771694887833)) ; -i**2 + i*r - 0.487597440248869*i + 0.0763057997487914
3101,0.845011170683808,B0*i**2 + i**2*sqrt(Abs(s)) ; i,i**2*sqrt(Abs(s)) + 49.0202632063987*i**2 ; i
3102,0.8449776388365002,B0*i**2 + B0*i*s + B1*s ; B2 + r,2.24359613752546e-6*i**2 + 2.24359613752546e-6*i*s + 0.0511783773205305*s ; r + 0.0432967594237695
3103,0.8449586094384979,B0*i - 2*i*s ; B1*r,-2*i*s - 0.836729080313439*i ; 12.7900374835751*r
3104,0.8449210564690779,B1*sqrt(Abs(B0*i + i*s)) ; i*r + i - r,0.0693933243696761*sqrt(Abs(i*s - 0.149406152323811*i)) ; i*r + i - r
3105,0.8448143926676844,B0*sqrt(Abs(i)) + B1*s ; Abs(B2*r - 2*r**2)**(1/4),0.0476571113457266*s + 0.009369775152446*sqrt(Abs(i)) ; Abs(2*r**2 - 15.6676740670607*r)**(1/4)
3106,0.8448071932952526,B0*i**2 + B0*Abs(i)**(3/2) + B1*s ; Abs(B2*i + B3*i*r)**(1/4),2.05217107261598e-6*i**2 + 0.0505825811990485*s + 2.05217107261598e-6*Abs(i)**(3/2) ; Abs(34.0013670337343*i*r - 22.6535570548045*i)**(1/4)
3107,0.8447157154231824,B0*sqrt(Abs(i)) + B1*s ; sqrt(Abs(B2 + B3*r - 2*r**2)),0.0497428040695042*s + 0.0022117324837126*sqrt(Abs(i)) ; sqrt(Abs(2*r**2 - 0.47281224819108*r + 0.0168341369802316))
3108,0.844667026825878,B0*Abs(i)**(1/4) + B1*i ; i + sqrt(Abs(i)),0.0359828108810329*i + 0.0468544761996332*Abs(i)**(1/4) ; i + sqrt(Abs(i))
3109,0.8445104349389769,s*sqrt(Abs(B0 - s + sqrt(Abs(i)))) ; r,s*sqrt(Abs(-s + sqrt(Abs(i)) + 6.60099884055776)) ; r
3110,0.8444075837961734,B0 + i**2 ; B1 + B2*i*r**2,i**2 + 0.0113969772722403 ; 0.00796354864286281*i*r**2 + 0.011889334879829
3111,0.8442545099403015,B0*i ; i + r*sqrt(Abs(i)),-0.0999897492222279*i ; i + r*sqrt(Abs(i))
3112,0.8442544103096334,B0*i + B2*sqrt(Abs(B1 + i)) ; B3*i + B4*i**2 - i**3,2.11679789140912*i - 6.71132076708205e-6*sqrt(Abs(i - 0.163829736687025)) ; -i**3 - 16.8928083156592*i**2 + 2.45511536793309*i
3113,0.8442383207320845,B1*i*s*sqrt(Abs(B0*i + i*s)) ; i,0.924259609206472*i*s*sqrt(Abs(i*s + 66.7510383004871*i)) ; i
3114,0.8441356274813991,B0*Abs(i)**(1/4)*Abs(s)**(1/4) ; r,0.0237472323713392*Abs(i)**(1/4)*Abs(s)**(1/4) ; r
3115,0.8439882402869072,B0 + B1*s ; B2*r + B3*i*r + r**2,0.0432064807514*s + 0.00628359493580776 ; 0.0314706061028271*i*r + r**2 + 0.00035278521377899*r
3116,0.843988240055423,B0 + B1*s ; B2*i + i*Abs(i - r)**(1/8),0.0432030855194469*s + 0.00628761944592034 ; i*Abs(i - r)**(1/8) + 0.0910381857909752*i
3117,0.8439882369865819,B0 + B1*s ; B2*r - 2*i*r + i,0.0432126227225141*s + 0.00627149568474064 ; -2*i*r + i + 0.010675811799803*r
3118,0.84398823563922,B0 + B1*s ; B2*r + B3*Abs(i + r**2)**(1/4),0.0431969680126815*s + 0.00630054013508096 ; 10.1928036127058*r + 0.062329010555967*Abs(i + r**2)**(1/4)
3119,0.8439881182529547,B0 + B1*s ; -r**2 + r*Abs(i + 2*r)**(1/4),2.72180150324313*s + 0.392372310336891 ; -r**2 + r*Abs(i + 2*r)**(1/4)
3120,0.8439880716771502,B0 + B1*i ; -i*r + r*sqrt(Abs(2*r + sqrt(Abs(i)))),0.0494263863119228 - 0.0430935556073029*i ; -i*r + r*sqrt(Abs(2*r + sqrt(Abs(i))))
3121,0.8439880574813962,B0 + B1*i ; Abs(i)**(3/2)*sqrt(Abs(r)) + sqrt(Abs(i))*Abs(r)**(3/2),0.0494236623174363 - 0.0430888441773342*i ; Abs(i)**(3/2)*sqrt(Abs(r)) + sqrt(Abs(i))*Abs(r)**(3/2)
3122,0.8439599725946539,B0*i + B0*s ; Abs(i)**(1/4) + Abs(r)**(1/4),-7.71116051903167e-5*i - 7.71116051903167e-5*s ; Abs(i)**(1/4) + Abs(r)**(1/4)
3123,0.8439577842303756,B0*i + B0*s + B2*sqrt(Abs(B1 + i)) ; Abs(B3*r + B4*i*r)**(1/4),7.41044844824922*i + 7.41044844824922*s - 0.798885519406304*sqrt(Abs(i + 84.900659495735)) ; Abs(2.33457651409716*i*r + 0.00630865044117942*r)**(1/4)
3124,0.8438286923333034,B0*sqrt(Abs(i)) + B1*i ; r + sqrt(Abs(B2 + B3*sqrt(Abs(r)))),0.000456697053006961*i + 0.00576123083984217*sqrt(Abs(i)) ; r + sqrt(Abs(5.45997659404724*sqrt(Abs(r)) - 16.5123200837652))
3125,0.8438271079482642,B0*i + B0*sqrt(Abs(B1 + s)) ; sqrt(Abs(B2 + r)),-0.000122227078734909*i - 0.000122227078734909*sqrt(Abs(s - 0.864977026520069)) ; sqrt(Abs(r + 2927.8416696217))
3126,0.8438240883931015,B0*sqrt(Abs(i + s)) ; B1 - i + sqrt(Abs(i))*sqrt(Abs(r)),0.00120522023419358*sqrt(Abs(i + s)) ; -i + sqrt(Abs(i))*sqrt(Abs(r)) - 140.855267739829
3127,0.8437580845512384,B1*sqrt(Abs(s + sqrt(Abs(B0 - i)))) ; sqrt(Abs(i)),0.00112480728923906*sqrt(Abs(s + sqrt(Abs(i - 12827.2288993766)))) ; sqrt(Abs(i))
3128,0.8437528515882168,B1*sqrt(Abs(B0 - i**2 + i*s)) ; i*r,0.0208594644765814*sqrt(Abs(-i**2 + i*s + 1.38313476338259)) ; i*r
3129,0.843752336381306,B0 + i**2 ; B1 + B2*i + B2*sqrt(Abs(i)),i**2 + 0.00695389486652423 ; -2.09674043353667*i - 2.09674043353667*sqrt(Abs(i)) + 0.422222446126195
3130,0.8437438242448728,B0*i ; B1 + i**2 + i + r,-0.000120428088989684*i ; i**2 + i + r + 150.219735925226
3131,0.8437438242448728,B0*i ; B1 + B2*i - i*r,-0.000120428088994486*i ; -i*r - 11.3182850557475*i + 150.466351898887
3132,0.8437438242448728,B0*i ; B1 + r + Abs(r)**(1/8),-0.00012042808898967*i ; r + Abs(r)**(1/8) + 150.240139816417
3133,0.8437438242448727,B0*i ; B1 + Abs(i + r)**(1/8),-0.000120428088990286*i ; Abs(i + r)**(1/8) + 173.281883263668
3134,0.8437438242448727,B0*i ; B1 + i - r + Abs(i)**(3/2),-0.000120428088990095*i ; i - r + Abs(i)**(3/2) + 150.217307472848
3135,0.8437438242448307,B0*i ; B1*sqrt(Abs(i)) + r*sqrt(Abs(i)),-0.000120428088990219*i ; r*sqrt(Abs(i)) + 1062.31002546563*sqrt(Abs(i))
3136,0.8437438242361773,B0*sqrt(Abs(i)) ; B1*i - i**2 + r,0.0012042808899797*sqrt(Abs(i)) ; -i**2 - 5594.86332318033*i + r
3137,0.8437438237946845,B0*i ; B3*sqrt(Abs(B1 + sqrt(Abs(B2 - r)))),0.000120428088990227*i ; -21.0224580913981*sqrt(sqrt(Abs(r + 30.8194904372108)) + 61.5347892607233)
3138,0.843743823790344,B0 + B1*i ; B2 - 2*i + 2*r,-0.000177229813712137*i - 0.00568032568710819 ; -2*i + 2*r + 247.234537729262
3139,0.8437438237247219,B0*i + B1*i**2 ; r - Abs(B2*i + r)**(1/4),-5.19261177565293e-6*i**2 + 0.000639689266558962*i ; r - Abs(2475397.49284445*i - r)**(1/4)
3140,0.8437438236124363,B0*i ; Abs(B1*r + B2*i)**(1/4),-0.000120412840317691*i ; Abs(25861292337.8354*i - 52732271.0492056*r)**(1/4)
3141,0.8437438230808219,B0*i ; Abs(B1 - i + 2*r)**(1/4),-0.000120425603132138*i ; Abs(-i + 2*r + 926458214.804212)**(1/4)
3142,0.8437438219189701,B0*sqrt(Abs(i)) ; -i + sqrt(Abs(B1*sqrt(Abs(i)) - i)),0.00120428089005731*sqrt(Abs(i)) ; -i + sqrt(Abs(i - 85159.4350425611*sqrt(Abs(i))))
3143,0.843743821825452,B0*Abs(i)**(1/4) ; B1 + Abs(B2 + 2*i)**(1/4),0.00380824050611792*Abs(i)**(1/4) ; Abs(2*i + 93.1480867328387)**(1/4) + 98.9356470534677
3144,0.84374380922469,B0*Abs(i)**(1/4) ; B1 + B2*Abs(r)**(1/4) - i,0.00380849891355624*Abs(i)**(1/4) ; -i + 85.4498829206654*Abs(r)**(1/4) + 42.3507802642443
3145,0.8437438028486883,B0*Abs(i)**(1/4) ; B1 + B2*i**2 + i,0.00380838474493356*Abs(i)**(1/4) ; 0.00349098753153622*i**2 + i + 126.456589249917
3146,0.8437437933697026,B0 + B1*i ; B2 + B3*i + i**2,0.00862274018555051 - 3.41981500110999e-5*i ; i**2 + 94.2492608477963*i - 236.27603775837
3147,0.8437437716179358,B1*sqrt(Abs(B0 + sqrt(Abs(i)))) ; B2*i*r - i + r,0.00254849891329108*sqrt(sqrt(Abs(i)) + 12.3251373022479) ; 192.608306652056*i*r - i + r
3148,0.8437436891453075,B0 + B1*i ; sqrt(Abs(B2*i**2 + B2*i)),0.00892221540488926 - 3.12307591871265e-5*i ; sqrt(Abs(149.701963035257*i**2 + 149.701963035257*i))
3149,0.8437419571907732,B0*i ; B1 + B2*r + r**2,-0.000120348185028678*i ; r**2 + 12.8056382938245*r + 195.856069857234
3150,0.843741750712569,B0*i ; B1 - i*r + 2*i,-0.000120129361917694*i ; -i*r + 2*i + 221.327888155295
3151,0.8437377196463582,sqrt(Abs(B0 - sqrt(Abs(B1 + B2*i)))) ; i,sqrt(Abs(sqrt(Abs(0.0382746247316947*i + 1.77782701217551)) - 1.33367014838441)) ; i
3152,0.8437356505207698,B0*i + B1*i**2 ; B2 + 2*i,1.3680460735703*i**2 + 0.314399992775422*i ; 2*i - 0.0546816782941948
3153,0.8437355864502494,B0 + B2*sqrt(Abs(B1 + sqrt(Abs(i)))) ; i,0.332657648073477*sqrt(Abs(sqrt(Abs(i)) - 1.39790724364159)) - 0.365533532611755 ; i
3154,0.8437349112232173,B0*i + B0*sqrt(Abs(i - s)) ; B1 + r,-0.000133797575567504*i - 0.000133797575567504*sqrt(Abs(i - s)) ; r + 153.926950610863
3155,0.8437279739252835,B0*Abs(i**2 + i)**(1/4) ; B1*Abs(i)**(3/2),0.00120913844901958*Abs(i**2 + i)**(1/4) ; 433.817569612168*Abs(i)**(3/2)
3156,0.8437247609720071,B1*sqrt(Abs(B0 + i + s)) ; B2*r + B3*i*r,15.3998117407306*sqrt(Abs(i + s - 0.999999392271361)) ; 0.000135135673631407*i*r + 0.00143583805899735*r
3157,0.843724760967612,B0 + B1*i + B1*s ; B2*r + B3*r**2,-39.0505539720054*i - 39.0505539720054*s + 39.0625591996656 ; 55.0170111271534*r**2 + 0.000850790976626404*r
3158,0.8437247607940159,B1*Abs(B0 + i + s)**(1/4) ; sqrt(Abs(r))*Abs(B2 - r)**(1/4),0.0120394419928727*Abs(i + s - 0.0116489308924023)**(1/4) ; sqrt(Abs(r))*Abs(r - 0.00388695275219404)**(1/4)
3159,0.8437247602396981,B1*Abs(B0 + i + s)**(1/4) ; B2*r + i*r,0.00514078890137806*Abs(i + s + 28.721157472793)**(1/4) ; i*r + 0.00165965555548825*r
3160,0.8437247565369466,B1*Abs(B0 + i + s)**(1/4) ; B2*r + B3*r**2,0.0117906205539572*Abs(i + s + 0.0730071071671146)**(1/4) ; 0.0186433933150411*r**2 + 0.224171554889957*r
3161,0.8437234506397748,B0*i ; B1*r - i*r + i,-0.000120520131820262*i ; -i*r + i + 25160.6342753089*r
3162,0.8437233224642995,B0*i ; B2*sqrt(Abs(B1*i + B1*r)),-0.000120341308625278*i ; 187.099035641693*sqrt(Abs(66.558890967169*i + 66.558890967169*r))
3163,0.8437222261378705,B0*i + B0*sqrt(Abs(B1 - s)) ; -i + r,5.18988074418107e-7*i + 5.18988074418107e-7*sqrt(Abs(s - 530193341.932929)) ; -i + r
3164,0.8437193146660174,B2*sqrt(Abs(B0 + sqrt(Abs(B1 - i)))) ; sqrt(Abs(i)),0.000255992939096547*sqrt(sqrt(Abs(i - 1500.18904794892)) + 2157.0054499196) ; sqrt(Abs(i))
3165,0.8437127882818767,B0*i + B0*sqrt(Abs(i - s)) ; Abs(r)**(1/8),0.00915545996207481*i + 0.00915545996207481*sqrt(Abs(i - s)) ; Abs(r)**(1/8)
3166,0.8436945450429207,B0*Abs(i)**(3/2) ; B1*Abs(i)**(1/4) + 2*i,0.946946001062121*Abs(i)**(3/2) ; 2*i + 0.25093884147449*Abs(i)**(1/4)
3167,0.8436373049500406,B0*s*sqrt(Abs(i)) + s*Abs(i)**(3/2) ; i,s*Abs(i)**(3/2) + 0.191221116255206*s*sqrt(Abs(i)) ; i
3168,0.8436346827784877,B0*i ; B1*i*r - i**2,0.000120579349068638*i ; -i**2 + 54506.2453893393*i*r
3169,0.8436126409268323,B0 + B1*i + B1*s ; -2*i**2 + i*Abs(r)**(1/4),0.0386840836148597*i + 0.0386840836148597*s + 0.0065733635914942 ; -2*i**2 + i*Abs(r)**(1/4)
3170,0.8436072321321079,B0*i + B1*i**2 ; sqrt(Abs(B2*i + B3)),0.0116273984399427*i**2 - 0.0617871818636144*i ; sqrt(Abs(0.0707952993644656*i + 0.013517448096013))
3171,0.8435023754242151,i**3*s - i*s ; sqrt(Abs(B0*i + B1*r)),i**3*s - i*s ; sqrt(Abs(0.0186179711622534*i + 0.000555926548411732*r))
3172,0.8434163353348079,B0*i + B1*i**2 - i*s ; sqrt(Abs(B2*i + B2*r)),5.56615827801549e-10*i**2 - i*s + 0.62263390352523*i ; sqrt(Abs(0.0111086025804054*i + 0.0111086025804054*r))
3173,0.843379237554898,B0*sqrt(Abs(i)) ; -i + r**2 + Abs(r)**(1/4),0.00120725309276241*sqrt(Abs(i)) ; -i + r**2 + Abs(r)**(1/4)
3174,0.8433457180700167,B0*i ; sqrt(Abs(i))*Abs(i - r)**(1/4),-0.000102601829295274*i ; sqrt(Abs(i))*Abs(i - r)**(1/4)
3175,0.8433406761646697,B0*s ; B1*r**2 + B2*r**3,0.0476669016689159*s ; 0.00298746278787294*r**3 + 71.1673019232143*r**2
3176,0.8433406761632305,B0*s ; B1 + B2*r + B2*sqrt(Abs(i)) + B3*i,0.0476667508704289*s ; 0.085795080306837*i + 2.63974126964787*r + 2.63974126964787*sqrt(Abs(i)) + 0.0107681237280405
3177,0.8433406761570581,B0*s ; B1*i + i**2*r - i**2,0.0476678266409956*s ; i**2*r - i**2 + 0.0301311479661426*i
3178,0.8433406761165244,B0*s ; B1*r + B2*sqrt(Abs(i))*sqrt(Abs(r)) - i,0.0476653947406514*s ; -i + 0.0925439395174049*r + 0.0415700390304429*sqrt(Abs(i))*sqrt(Abs(r))
3179,0.8433406760634414,B0*s ; B1*i + B2*r + B3*r**2,0.0476646306330349*s ; 17.5693746451868*i + 0.0465829896616205*r**2 + 0.121122166834213*r
3180,0.8433406760602647,B0*s ; sqrt(Abs(B1*i*sqrt(Abs(r)) + i*Abs(r)**(3/2))),0.0476645922341074*s ; sqrt(Abs(i*Abs(r)**(3/2) + 0.000110150630400561*i*sqrt(Abs(r))))
3181,0.8433406759849941,B0*s ; B1*sqrt(Abs(i - r)) + i*sqrt(Abs(i - r)),0.0476704198441639*s ; i*sqrt(Abs(i - r)) + 0.0136533591232639*sqrt(Abs(i - r))
3182,0.8433406753073232,B0*s ; B1 + B2*i + B2*sqrt(Abs(r)) + B3*r,0.0476599084130003*s ; 0.00336983647491056*i + 0.00147039493983445*r + 0.00336983647491056*sqrt(Abs(r)) + 1.09044862517996
3183,0.8433406744667504,B0*s ; B1*Abs(i)**(1/4)*Abs(i + r)**(1/8),0.0476569755889426*s ; 0.0475795986695908*Abs(i)**(1/4)*Abs(i + r)**(1/8)
3184,0.843340673998698,B0*s ; B1 + i**2 - i*r - i - r,0.0476785675918052*s ; i**2 - i*r - i - r + 1.83192506282343
3185,0.843340636126696,B0*s ; i*r + 2*i - r**2 + r,2.71888569582568*s ; i*r + 2*i - r**2 + r
3186,0.8433406354665011,B0*s ; Abs(i**2*r + i*r**2)**(1/4),0.0476174913581016*s ; Abs(i**2*r + i*r**2)**(1/4)
3187,0.8433406325835879,B0*s ; 2*i*sqrt(Abs(i - r)),2.71888428614776*s ; 2*i*sqrt(Abs(i - r))
3188,0.8432175933496634,B0*sqrt(Abs(i)) ; i*r + i - r,0.0188987871755242*sqrt(Abs(i)) ; i*r + i - r
3189,0.8432013727182484,B0*i ; B1*r - i + Abs(r)**(3/2),0.000210239196168815*i ; -i + 7.70557463605391*r + Abs(r)**(3/2)
3190,0.8431650875322195,B0*sqrt(Abs(s - sqrt(Abs(s)))) ; sqrt(Abs(i))*sqrt(Abs(r)),0.0193267428618671*sqrt(Abs(s - sqrt(Abs(s)))) ; sqrt(Abs(i))*sqrt(Abs(r))
3191,0.8430360964182592,B0*i + B2*sqrt(Abs(B1 + i)) ; B3*i + i**2,-0.453735097252576*i + 0.274910771322244*sqrt(Abs(i - 0.0379575493264142)) ; i**2 - 0.230723197647094*i
3192,0.8429238423417353,B0*s + B1*s**2 + B2*i*s**2 ; B3*i + B3*r,-0.116489462796602*i*s**2 - 0.0396668114252138*s**2 + 0.0507243206036504*s ; 0.984514661911291*i + 0.984514661911291*r
3193,0.8429195083678337,B0 + B1*i + B2*s ; B3*i**2 + i**3 - i**2*r,0.486923033670747*i + 0.241411829346195*s - 0.237751029732116 ; i**3 - i**2*r + 0.0228246560641466*i**2
3194,0.8428979941279742,B0*i + B1*i**2 ; B2*i**2 + B2*i*sqrt(Abs(r)) + B3*i*r,0.232560207860111*i**2 + 0.324974586520421*i ; 0.537054425635505*i**2 + 0.0111352003609277*i*r + 0.537054425635505*i*sqrt(Abs(r))
3195,0.8428565173177875,B0*s + B1*s**3 + B2*i*s ; r,0.0210737873146203*i*s + 0.0321762822740193*s**3 + 2.6029366064744*s ; r
3196,0.8428276558150491,B0*s + B1*i*s + B2*i**2*s ; B3*sqrt(Abs(r)),-0.125793357112006*i**2*s + 0.327051317909539*i*s + 0.0010406921116481*s ; 49.8626498641426*sqrt(Abs(r))
3197,0.8427975027215107,B1*sqrt(Abs(B0*s + i)) ; B2*r + B3*r**2 - i*r,0.0123617743339012*sqrt(Abs(i + 9.01113635251515*s)) ; -i*r + 38.5189703593117*r**2 + 0.00225390985078576*r
3198,0.8427629578609805,B0 + B1*i + s ; i,-1.07489672096623*i + s - 0.812510127209698 ; i
3199,0.8427515855975635,B0*i + B1*s + B2*i*s ; Abs(i*r**2 - i*r + r**3)**(1/4),0.284652258315588*i*s - 0.0144353556258348*i + 0.00410381982045201*s ; Abs(i*r**2 - i*r + r**3)**(1/4)
3200,0.8427422156446349,B0*sqrt(Abs(i)) ; B1*i**2*r,0.0125855498806155*sqrt(Abs(i)) ; 5.8051735941846*i**2*r
3201,0.8426447586212967,B0*i**2*s - i**2 - i*s ; sqrt(Abs(B1*r + B2)),4.14050221905843*i**2*s - i**2 - i*s ; sqrt(Abs(0.00183194037982601*r - 0.002561841520799))
3202,0.8426425493111299,B0*i ; B1*i + B3*sqrt(Abs(B2*r + i*r)),0.286310947361802*i ; 0.0535836956644538*i + 0.1657249888501*sqrt(Abs(i*r - 0.0131732480604983*r))
3203,0.8426276919925129,i*s + s*Abs(B0 - i)**(1/4) ; B1 + 2*i + r,i*s + s*Abs(i - 77.2736984021819)**(1/4) ; 2*i + r - 0.754025104377794
3204,0.842622598539502,B0*i + B1*i**2 + B2*sqrt(Abs(s)) ; B3*sqrt(Abs(i)),0.0421760595867631*i**2 - 0.0141213776314057*i + 0.0455631208772469*sqrt(Abs(s)) ; 0.0290012153736017*sqrt(Abs(i))
3205,0.8426195255842802,B0*s + B1*s**2 + B2*i**2*s ; B3 + B4*i,0.177887399687167*i**2*s - 0.253388410591321*s**2 + 0.257662930224505*s ; 0.0486000587894092 - 0.0196552116055955*i
3206,0.8425252894488604,B0*i*s ; B1 + B2*i + i**2*r + i*r**2,0.228219688679638*i*s ; i**2*r + i*r**2 + 0.061153845589132*i - 0.015261607113311
3207,0.8424879697273705,B0*sqrt(Abs(s)) ; B1*i**2 + B2*i**3,0.0335176361310287*sqrt(Abs(s)) ; 0.00010717701031095*i**3 + 0.000177619045864044*i**2
3208,0.8424585410319392,B0*sqrt(Abs(s)) ; B1 + B2*i + 2*i*r,0.0339697060837535*sqrt(Abs(s)) ; 2*i*r + 2.3910800879832*i + 0.0165098349569642
3209,0.8424570308353541,B0*i + B2*sqrt(Abs(B1 + i)) ; i**2,-2.93515184161437*i - 0.0403138215541295*sqrt(Abs(i + 33.0306420958797)) ; i**2
3210,0.8424556570922102,B0*sqrt(Abs(s)) ; B1 + B2*r + B3*i*r + i,0.0339697748601823*sqrt(Abs(s)) ; 0.0686406392702745*i*r + i + 0.0195782119121323*r + 14.7406136324851
3211,0.8424331656823717,B0*i + B2*sqrt(Abs(B1 + i)) ; B3*i + B4*i**2,0.0321373957555976*i + 0.133935445077408*sqrt(Abs(i - 0.00440886703756437)) ; -0.00233801654446106*i**2 + 1.05963660529315*i
3212,0.8424001756533738,B0*i*s**2 + B1*i**2*s**2 ; Abs(r)**(3/2),0.44072964656673*i**2*s**2 + 0.301641942701863*i*s**2 ; Abs(r)**(3/2)
3213,0.8421647337053958,B0*i + B2*sqrt(Abs(B1 + s)) ; B3*i**2*r + B3*i*r**2,-0.000417953621262278*i + 0.0493963380407227*sqrt(Abs(s + 0.0781153973221479)) ; 0.000926995698793084*i**2*r + 0.000926995698793084*i*r**2
3214,0.8421375152022826,B0*i**2*s ; B1*i,4.08307771847488*i**2*s ; 0.0785169229301408*i
3215,0.8421359327211004,B0*i + B0*sqrt(Abs(i)) ; i + r,0.0115885856901334*i + 0.0115885856901334*sqrt(Abs(i)) ; i + r
3216,0.8420789714939666,B0*Abs(s)**(1/4) ; B1*i + 2*i**2,0.0208983598813099*Abs(s)**(1/4) ; 2*i**2 + 0.184605342038864*i
3217,0.8420694520098695,B1*sqrt(Abs(B0*s - i)) ; B2*i**2 + i**2*r + i,0.0340817106994217*sqrt(Abs(i + 0.900602235180945*s)) ; i**2*r - 0.881442736601114*i**2 + i
3218,0.841889574285418,B1*Abs(B0 + i)**(1/4) ; B2*i*r + i**2*r,0.0214026251396813*Abs(i - 0.968716574135322)**(1/4) ; i**2*r + 0.562091163640878*i*r
3219,0.8415964541037058,B0*i + B2*sqrt(Abs(B1 + i)) ; -i**2 + i*r + i*sqrt(Abs(r)),-0.00165433721853515*i + 0.0170205561506153*sqrt(Abs(i + 2.49266261986868)) ; -i**2 + i*r + i*sqrt(Abs(r))
3220,0.8414057592596099,B0*Abs(i)**(1/4) ; sqrt(Abs(i)) - sqrt(Abs(r - sqrt(Abs(i)))),0.00457963040386868*Abs(i)**(1/4) ; sqrt(Abs(i)) - sqrt(Abs(r - sqrt(Abs(i))))
3221,0.8412977655589847,B0*i ; B1*i + 3*i*r,0.225728321772298*i ; 3*i*r + 0.00107578838497702*i
3222,0.8412896111592448,B1*Abs(B0 + s)**(1/4) ; B2 + B3*i + B4*i*r,0.0228857609916422*Abs(s - 4.16117756658634e-5)**(1/4) ; 0.00145795992840615*i*r + 0.000269414398871361*i + 0.000112485088143764
3223,0.8412752260747174,B1*sqrt(Abs(B0 + sqrt(Abs(s)))) ; i*r - r**3 - r**2,0.0372976173502851*sqrt(Abs(sqrt(Abs(s)) - 0.281664954963815)) ; i*r - r**3 - r**2
3224,0.8412506917685386,B0*i*s + i**2*s + i*s**2 ; B1*sqrt(Abs(i)) + B2*sqrt(Abs(r)),i**2*s + i*s**2 + 0.0678213660272936*i*s ; 0.350849786085583*sqrt(Abs(i)) - 0.163775529270896*sqrt(Abs(r))
3225,0.8411404482171683,B0*Abs(2*i + s)**(1/4) ; i*r,0.0099625382670188*Abs(2*i + s)**(1/4) ; i*r
3226,0.8410865933607787,B0 + B1*s + B2*i*s**2 ; Abs(B3*r**2 + B4*r + B5*i*r)**(1/4),0.481382050012659*i*s**2 - 0.00553741617805422*s - 0.00128004838479203 ; Abs(29.0783873374505*i*r + 0.115232963143831*r**2 + 0.799551610033388*r)**(1/4)
3227,0.8409586582897266,B0*i + B0*sqrt(Abs(i)) ; B1*r*sqrt(Abs(i)),0.00785631234768894*i + 0.00785631234768894*sqrt(Abs(i)) ; 0.0472358102514686*r*sqrt(Abs(i))
3228,0.8409586458537781,B0*i + B0*sqrt(Abs(i)) ; i*r,0.00786354161938755*i + 0.00786354161938755*sqrt(Abs(i)) ; i*r
3229,0.8409586456276316,B0*i + B0*sqrt(Abs(i)) ; Abs(r)**(1/4),0.00786360701703966*i + 0.00786360701703966*sqrt(Abs(i)) ; Abs(r)**(1/4)
3230,0.8409586453663932,B0*i + B0*sqrt(Abs(i)) ; r,0.00786368183909684*i + 0.00786368183909684*sqrt(Abs(i)) ; r
3231,0.8409586001213972,B0*i + B0*sqrt(Abs(i)) ; sqrt(Abs(i))*sqrt(Abs(r)),0.00784065452205472*i + 0.00784065452205472*sqrt(Abs(i)) ; sqrt(Abs(i))*sqrt(Abs(r))
3232,0.8409298305764552,B0*i*s + B0*i + B0*Abs(s)**(3/2) ; sqrt(Abs(B1 + 2*r)),-0.000389631312598822*i*s - 0.000389631312598822*i - 0.000389631312598822*Abs(s)**(3/2) ; sqrt(Abs(2*r + 76.495863895324))
3233,0.8408277654154301,B0*i**2 + B1*i*sqrt(Abs(s)) ; B2*i*r + i**2*r + i*r**2,-0.15087475466786*i**2 + 0.297526885738824*i*sqrt(Abs(s)) ; i**2*r + i*r**2 + 0.00356127569117841*i*r
3234,0.8406640907065761,B0*i**2 - i*s ; B1*Abs(i)**(1/4),72.6476623709908*i**2 - i*s ; 0.0371930993706403*Abs(i)**(1/4)
3235,0.8405964769550934,B2*sqrt(Abs(B0 + sqrt(Abs(B1 + i)))) ; B3*i - i**2 - i*r + r,0.0326351087330949*sqrt(Abs(sqrt(Abs(i + 0.0509769991756046)) - 0.94629598841581)) ; -i**2 - i*r + 2.96078527903796*i + r
3236,0.8404821688954189,B0*i ; i + r - sqrt(Abs(i - r)),9.42923834733424e-5*i ; i + r - sqrt(Abs(i - r))
3237,0.8404478406196577,B0*Abs(i - s)**(1/8) ; B1 + 2*i - 2*r,0.00467824667904466*Abs(i - s)**(1/8) ; 2*i - 2*r + 61.0810025108748
3238,0.8403702216157968,B1*sqrt(Abs(B0 + i)) ; B2*r + i**2*r + r**2,0.0319788851161647*sqrt(Abs(i - 0.851960153271076)) ; i**2*r + r**2 + 0.0751752914731707*r
3239,0.840225384312054,B1*sqrt(Abs(B0 + i)) ; B2 + B3*i + B4*i**2 + r,0.0219391326174187*sqrt(Abs(i + 4.24393986009068)) ; -0.0240636298572582*i**2 + 1.29057094197133*i + r + 0.622443639936912
3240,0.8400903121878877,B0*s - i*s ; i - r,-i*s + 0.065940662606559*s ; i - r
3241,0.839971510538142,B0 + B1*i ; B2 + i*r**2 - i*r + i,0.0851672458622157 - 0.088805766285803*i ; i*r**2 - i*r + i - 0.777368796013558
3242,0.8399202501348627,B0*s**2 - s**3 + Abs(s)**(5/2) ; i,-s**3 - 0.00768963298045288*s**2 + Abs(s)**(5/2) ; i
3243,0.839872894960336,B0 + B1*Abs(i)**(3/2)*sqrt(Abs(s)) ; Abs(B2*i*r + i*r**2)**(1/4),-0.0626591702466447*Abs(i)**(3/2)*sqrt(Abs(s)) + 0.0663729244334523 ; Abs(i*r**2 + 0.0216136681616469*i*r)**(1/4)
3244,0.8398276384717761,B0*i*s + B0*i*sqrt(Abs(s)) ; B1*sqrt(Abs(i))*sqrt(Abs(r)),-1.41620448502369*i*s - 1.41620448502369*i*sqrt(Abs(s)) ; 1.50827365901562*sqrt(Abs(i))*sqrt(Abs(r))
3245,0.8396007565503134,B0*sqrt(Abs(i)) ; B1 + B2*i**2*r - r,0.0260585113919637*sqrt(Abs(i)) ; 0.645235555798083*i**2*r - r + 0.400910727803477
3246,0.8395336656597319,B1*sqrt(Abs(B0*i - i*s)) ; i*r,0.0456919429068864*sqrt(Abs(i*s - 0.299929880659205*i)) ; i*r
3247,0.8395202340195316,B0*i ; i**2 - Abs(i)**(3/2),0.00549365546255422*i ; i**2 - Abs(i)**(3/2)
3248,0.8395139745348381,B0*i ; i**2 - i*r,0.0449310340118982*i ; i**2 - i*r
3249,0.8394917577170274,B0*i + B1*i**2 + B2*i*s**2 ; i,5.25412428477862*i**2 + 0.416077476439313*i*s**2 + 0.628191881741572*i ; i
3250,0.8393333736629834,B0 + B1*i ; B2*i - i**3 + Abs(i)**(3/2),2.37944667364368*i - 0.000229409350684009 ; -i**3 + 2.29206951275049*i + Abs(i)**(3/2)
3251,0.8393233382220273,B0 - i*s + s ; i,-i*s + s - 0.896011431717095 ; i
3252,0.839215366119395,B0*i + B1*i*s**2 + B1*s ; r,0.0419206859127108*i*s**2 + 0.00413318425045637*i + 0.0419206859127108*s ; r
3253,0.8390869928753986,B0*i + B2*sqrt(Abs(B1 + i)) ; B3*r + i**2*r**2 + i*r**2,-0.283459268056749*i + 0.291480885586868*sqrt(Abs(i - 0.0422821730319441)) ; i**2*r**2 + i*r**2 + 0.00528985086215055*r
3254,0.8390625394929311,B0*Abs(i)**(1/4) ; i*Abs(r)**(3/2) + i + r,0.0140107431742998*Abs(i)**(1/4) ; i*Abs(r)**(3/2) + i + r
3255,0.8388642377211665,B1*sqrt(Abs(B0 - i**2)) ; i + Abs(i**2*r + r**2)**(1/4),0.0184387698386733*sqrt(Abs(i**2 - 5.32273455181036)) ; i + Abs(i**2*r + r**2)**(1/4)
3256,0.8386311655614336,B0*i*s + i**2*s ; i,i**2*s + 1.21036947952131*i*s ; i
3257,0.8385753556288105,B0*sqrt(Abs(i)) ; B1 + B2*i*r**2 + r,0.0193000895913516*sqrt(Abs(i)) ; 0.860547920399083*i*r**2 + r + 0.298650139586491
3258,0.8384277628412425,B0*i**3 ; B1*i**2,81.51828425474*i**3 ; 1.60658782709177*i**2
3259,0.8384268998316828,B0*i + B2*sqrt(Abs(B1 + i)) ; B3*r**2 - 2*r**3,-0.246834967096025*i + 0.252185656021613*sqrt(Abs(i - 0.0228374773569529)) ; -2*r**3 + 0.00845699898346921*r**2
3260,0.8382794627075035,B0*sqrt(Abs(i - s**2 + s)) ; i,0.0428754077724327*sqrt(Abs(i - s**2 + s)) ; i
3261,0.8381935491166591,B0*i ; r*Abs(B1 - r)**(1/4),0.0269911133481012*i ; r*Abs(r - 6.09545691823383)**(1/4)
3262,0.8381935491045218,B0*i ; B1*sqrt(Abs(i))*sqrt(Abs(r)),0.0269920661141512*i ; 0.000744915022737699*sqrt(Abs(i))*sqrt(Abs(r))
3263,0.838193549055829,B0*i ; B1*Abs(r)**(1/8),0.0269932213999546*i ; 0.680231389153944*Abs(r)**(1/8)
3264,0.838193548503509,B0*i ; B1*r + r**2,0.0269977618528951*i ; r**2 + 0.0144832348586722*r
3265,0.8381935484335998,B0*i ; B1*r - r**2,0.0269841332635025*i ; -r**2 + 18.6847700554509*r
3266,0.8381935468188593,B0*i ; B1*i**2*r,0.0270039625656883*i ; 0.00359598522255698*i**2*r
3267,0.8381935432056093,B0*i ; B1*r + i*r,0.0269705316816288*i ; i*r + 0.0525823049635367*r
3268,0.8381933830468337,B0*i ; -i*r + r**2,0.0270998326400916*i ; -i*r + r**2
3269,0.8381933673669515,B0*i ; i*r - Abs(r)**(3/2),0.0271048284011628*i ; i*r - Abs(r)**(3/2)
3270,0.838193361048903,B0*i ; 2*i*r,0.027106779700886*i ; 2*i*r
3271,0.8381933390793653,B0*i ; r**2 + Abs(r)**(3/2),0.027113319677622*i ; r**2 + Abs(r)**(3/2)
3272,0.8381932815859243,B0*i ; r**3 - r,0.0271289561989626*i ; r**3 - r
3273,0.8381011603155996,B0*Abs(i)**(1/8) ; B1*i*Abs(r)**(1/4) + r,0.0118979062418382*Abs(i)**(1/8) ; 0.0024338015088508*i*Abs(r)**(1/4) + r
3274,0.8380946467169123,B0*i + B1*i**2 + B2*i*s ; B3 + B4*sqrt(Abs(r)),-0.00149456124875748*i**2 - 0.0245181022796612*i*s - 0.00673918400551734*i ; 10.7658057433128 - 7.04803594248531*sqrt(Abs(r))
3275,0.8379282991443949,B1*sqrt(Abs(B0 - s)) ; B2 + B3*i + B4*i*r + r,0.0310185682325768*sqrt(Abs(s - 0.242864020123604)) ; 0.00655720254590898*i*r + 0.000104774587253854*i + r + 0.154127234976163
3276,0.8379247100599252,i*sqrt(Abs(B0 + i**2 + i*s)) ; i,i*sqrt(Abs(i**2 + i*s + 0.949914869431884)) ; i
3277,0.8379154284056318,B0*s + Abs(s)**(3/2) ; Abs(i)**(1/4),-0.956786193922032*s + Abs(s)**(3/2) ; Abs(i)**(1/4)
3278,0.8379154284056302,B0*s + Abs(s)**(3/2) ; 2*r,-0.95678619672234*s + Abs(s)**(3/2) ; 2*r
3279,0.8379154284056235,B0*s + Abs(s)**(3/2) ; i,-0.95678620771795*s + Abs(s)**(3/2) ; i
3280,0.8379154284054207,B0*s + Abs(s)**(3/2) ; r - sqrt(Abs(r)),-0.956786408785248*s + Abs(s)**(3/2) ; r - sqrt(Abs(r))
3281,0.8379154284052521,B0*s + Abs(s)**(3/2) ; r,-0.956786515066906*s + Abs(s)**(3/2) ; r
3282,0.8379154283869265,B0*s + Abs(s)**(3/2) ; B1 - i + Abs(i)**(1/4),-0.956782877247511*s + Abs(s)**(3/2) ; -i + Abs(i)**(1/4) + 3.32887025272557
3283,0.8379154283737795,B0*s + Abs(s)**(3/2) ; B1 - r + sqrt(Abs(r)),-0.956781915084955*s + Abs(s)**(3/2) ; -r + sqrt(Abs(r)) + 4.79519402205857
3284,0.837915428048282,B0*s + Abs(s)**(3/2) ; B1 + i*r - i,-0.956772234195267*s + Abs(s)**(3/2) ; i*r - i + 0.0971697677404896
3285,0.8379154270221659,B0*s + Abs(s)**(3/2) ; B1 - r,-0.956758877439137*s + Abs(s)**(3/2) ; 0.301516944384589 - r
3286,0.8379154260610584,B0*s + Abs(s)**(3/2) ; B1 + i*r - r,-0.956821397401743*s + Abs(s)**(3/2) ; i*r - r + 0.00122115519250887
3287,0.8379154221411493,B0*s + Abs(s)**(3/2) ; B1*r,-0.95684383453148*s + Abs(s)**(3/2) ; 0.000282982825027577*r
3288,0.8378946022380399,B0*i + B1*sqrt(Abs(s)) ; B2*i + i**3 + i**2 + i*r,0.121790150679971*i - 0.00130849731719937*sqrt(Abs(s)) ; i**3 + i**2 + i*r - 0.413666654273426*i
3289,0.8378378438242231,B0*i ; i + r**3,0.760551716559991*i ; i + r**3
3290,0.8378261016514761,B0*i**2 + B1*i**2*s ; r,11.7557680253011*i**2*s - 7.51830496015363*i**2 ; r
3291,0.8378260693799718,B0*i**2 + B1*i**3 ; r,-11.8063918249458*i**3 + 4.25309064109746*i**2 ; r
3292,0.8378260478025977,B0*i**2 + B1*i**2*s ; Abs(r)**(1/4),11.7548167641222*i**2*s - 7.51764822563911*i**2 ; Abs(r)**(1/4)
3293,0.8378260333701462,B0*i**2 + B1*i**2*s ; i*r,11.8070432240102*i**2*s - 7.55375754643384*i**2 ; i*r
3294,0.8377301765179326,B0*Abs(s)**(3/2) - s ; B1 + 2*i,-s + 1.04177895700226*Abs(s)**(3/2) ; 2*i + 1.52119070279651
3295,0.8376624758938079,B0*i + B1*s**2 ; Abs(B2*i**2 - i**3)**(1/4),-6.61529455807704e-5*i + 0.0419288888052564*s**2 ; Abs(i**3 - 5.76015025387571*i**2)**(1/4)
3296,0.8376304411163309,B0*Abs(i)**(1/4) ; B1*sqrt(Abs(i - r)) + i*sqrt(Abs(i - r)),0.0590452687808402*Abs(i)**(1/4) ; i*sqrt(Abs(i - r)) + 0.00847698988837975*sqrt(Abs(i - r))
3297,0.837527071839499,B0*i + B1*s*Abs(i)**(3/2) ; sqrt(Abs(r)),0.624818347552316*i - 1.61176135275026*s*Abs(i)**(3/2) ; sqrt(Abs(r))
3298,0.8374902639380971,B0*Abs(i)**(5/4) ; B1*i**2*r,0.0496441340982603*Abs(i)**(5/4) ; 9.77984861344517*i**2*r
3299,0.8374671649570244,B0*i + B0*sqrt(Abs(i)) ; Abs(i)**(1/4),-4.4606009909694e-5*i - 4.4606009909694e-5*sqrt(Abs(i)) ; Abs(i)**(1/4)
3300,0.8374510141039408,B0*i + B0*s**3 ; i*r,0.0136665506924296*i + 0.0136665506924296*s**3 ; i*r
3301,0.8371715268841127,B0*i**2 - i ; B1 - sqrt(Abs(r)),-1.28315915335989*i**2 - i ; 0.293457407802438 - sqrt(Abs(r))
3302,0.8371660887645388,B0*s + B1*s**2 + B2*i*s ; B3*i*r + B3*i + B4*r,0.033770708029078*i*s - 0.0818482498701321*s**2 - 0.68986177658185*s ; 18.9061428071489*i*r + 18.9061428071489*i + 7.90044001631385*r
3303,0.8370913875894938,B0*Abs(i)**(3/4)*Abs(s)**(1/4) ; i + r,0.00138543133884385*Abs(i)**(3/4)*Abs(s)**(1/4) ; i + r
3304,0.8369668127975116,i**2 - i ; B0*i + B1*r,i**2 - i ; 1.46004644559074*i + 0.0727687681275594*r
3305,0.8368434438790232,B0*s + B1*s**2 + i*s ; i - sqrt(Abs(i)),i*s + 0.256891988184969*s**2 + 1.90855127212789*s ; i - sqrt(Abs(i))
3306,0.836825969922833,B0*i + B1*i**2 + B1*i*s ; sqrt(Abs(B2*i + B2*r + B3)),-0.000445666064166211*i**2 - 0.000445666064166211*i*s - 0.0446320412215074*i ; sqrt(Abs(2009.01526391315*i + 2009.01526391315*r + 55827.9717484303))
3307,0.836801716462912,B0 - i + sqrt(Abs(i))*Abs(B1 + s)**(1/4) ; B2 + B3*sqrt(Abs(r)),-i + sqrt(Abs(i))*Abs(s - 0.260546977235014)**(1/4) - 0.0552170966144122 ; 0.10681604672256 - 0.120416380906302*sqrt(Abs(r))
3308,0.836695129617841,B0 - sqrt(Abs(i))*sqrt(Abs(s)) ; B1*r - r**2,-sqrt(Abs(i))*sqrt(Abs(s)) + 0.174938438514456 ; -r**2 + 1.9005706317373*r
3309,0.8366747668263776,B0*i**2*s ; r,0.482637073345368*i**2*s ; r
3310,0.8366747666353529,B0*i**2*s ; B1*i*r,0.482627265044281*i**2*s ; 2.2280951910401*i*r
3311,0.8366522798148159,B0*i**2 ; B1*sqrt(Abs(i))*sqrt(Abs(r)),0.461023605399383*i**2 ; 2.11604373382669*sqrt(Abs(i))*sqrt(Abs(r))
3312,0.836571052136977,B0 + B1*sqrt(Abs(i)) ; sqrt(Abs(B2 + B3*i + i*r)),0.0229618544915196 - 0.00115938341777446*sqrt(Abs(i)) ; sqrt(Abs(-i*r + 6.33151249680042*i + 2.49516320615378))
3313,0.8365522965049159,B0 - i*s**2 ; r,-i*s**2 + 0.0478373331944888 ; r
3314,0.8365337092712473,B0*i ; i + Abs(B1 + B2*i*r)**(1/4),-0.0843819912198114*i ; i + Abs(0.0256928363765563*i*r + 0.00425324508270047)**(1/4)
3315,0.836439957168397,B0 + s**2 - s ; i,s**2 - s + 0.0455477773949133 ; i
3316,0.8364299606218429,B0*Abs(i)**(5/2) ; r,2.40673262396598*Abs(i)**(5/2) ; r
3317,0.8363927580494381,B0*s + s**2 ; -i + r,s**2 - 0.954372290439788*s ; -i + r
3318,0.836392758047176,B0*s + s**2 ; sqrt(Abs(i)),s**2 - 0.954373464158354*s ; sqrt(Abs(i))
3319,0.8363927580468219,B0*s + s**2 ; r,s**2 - 0.954373577876546*s ; r
3320,0.8363927580465285,B0*s + s**2 ; B1 + sqrt(Abs(i + r)),s**2 - 0.954373666766309*s ; sqrt(Abs(i + r)) + 0.000169560852208733
3321,0.8363927580437145,B0*s + s**2 ; 2*r,s**2 - 0.954374365549189*s ; 2*r
3322,0.8363927580404771,B0*s + s**2 ; i,s**2 - 0.954374983274425*s ; i
3323,0.8363927566351269,B0*s + s**2 ; B1*i*sqrt(Abs(r)),s**2 - 0.954332661129113*s ; 0.00044622215277416*i*sqrt(Abs(r))
3324,0.8363927558626364,B0*s + s**2 ; B1 + B2*i*r,s**2 - 0.954323125629183*s ; 52.5550750407641*i*r + 0.00024435246630635
3325,0.8363927381492439,B0*s + s**2 ; B1 + i + r**2,s**2 - 0.954518750771189*s ; i + r**2 + 7.6415672908351
3326,0.8363903355203529,B0 - i**2 + s ; i,-i**2 + s - 0.954568028614111 ; i
3327,0.8363751704767721,B0*i ; -i**2 - i*r,0.00610694082885924*i ; -i**2 - i*r
3328,0.8363650776732215,B0 - 2*i - s ; r,-2*i - s + 1.04450358088209 ; r
3329,0.836301582196753,B0 + 2*s ; B1*i**2 + i,2*s - 1.91493894284739 ; 0.00454060050576171*i**2 + i
3330,0.8362965040062754,B0*i**3 ; B1*sqrt(Abs(r)),13.4177276314716*i**3 ; 0.00293456455196743*sqrt(Abs(r))
3331,0.8362964957035361,B0*i**3 ; r,13.4062867470968*i**3 ; r
3332,0.8362301712947253,B0 + s + Abs(s)**(1/4) ; r*sqrt(Abs(i)),s + Abs(s)**(1/4) - 1.94999912768347 ; r*sqrt(Abs(i))
3333,0.8362205137705587,B0*i**2 ; Abs(B1*i + B2)**(1/4),1.06717609628079e-6*i**2 ; Abs(0.0235646759391962*i + 1.00127472840137)**(1/4)
3334,0.8362006902083453,B0*s + sqrt(2)*s**2 ; r,sqrt(2)*s**2 - 1.35920884879082*s ; r
3335,0.8361688864407293,B0*i**2 ; B1*sqrt(Abs(i)) + B2*Abs(i)**(3/2),0.000155405836045951*i**2 ; -1.21992158059874*Abs(i)**(3/2) + 11.1807901021607*sqrt(Abs(i))
3336,0.836168567931964,B0*i ; sqrt(Abs(Abs(i)**(1/4) - sqrt(Abs(r)))),-2.35045237720929e-5*i ; sqrt(Abs(Abs(i)**(1/4) - sqrt(Abs(r))))
3337,0.8361532134833582,B0*i + B1*i*s + i*s**2 ; r,i*s**2 - 0.701776971235175*i*s + 0.125434181200967*i ; r
3338,0.8361290566724643,B0*i + B2*sqrt(Abs(B1 + i)) ; B3*i*r + B3*i + B4*r**2,-0.0408453126555398*i + 0.00414486229268916*sqrt(Abs(i + 126.216212155877)) ; 0.104238309353058*i*r + 0.104238309353058*i - 34.5204103599489*r**2
3339,0.8358730509279746,B0*i + B1*i*s**2 + B1*s ; 3*i,0.039248588142447*i*s**2 - 0.0053944961465527*i + 0.039248588142447*s ; 3*i
3340,0.8358385767085258,B0*s + i*s ; r,i*s + 2.15331042342619*s ; r
3341,0.8358385767001933,B0*s + i*s ; 2*r,i*s + 2.15331075758131*s ; 2*r
3342,0.835837213493892,B0*s + i*s ; B1*r,i*s + 2.15293198663388*s ; 0.0166445231127095*r
3343,0.8358351973933112,i**3*s ; B0*Abs(i)**(3/2),i**3*s ; -0.0809395789083361*Abs(i)**(3/2)
3344,0.8357967011886456,B0*i + B2*sqrt(Abs(B1 + i)) ; -i + Abs(r)**(1/4),0.000816980169012066*i + 0.00938133975084621*sqrt(Abs(i + 0.846612606970802)) ; -i + Abs(r)**(1/4)
3345,0.835790351577007,i**2 ; i + r**3,i**2 ; i + r**3
3346,0.8357864351384856,Abs(i)**(7/2) ; B0*sqrt(Abs(i))*sqrt(Abs(r)),Abs(i)**(7/2) ; 0.000130992430779661*sqrt(Abs(i))*sqrt(Abs(r))
3347,0.8357818822676689,i**3*s ; i,i**3*s ; i
3348,0.835746036776503,i*s**2 - i ; i,i*s**2 - i ; i
3349,0.8356589759806219,B1*sqrt(Abs(B0 + sqrt(Abs(i)))) ; B2*i + i*sqrt(Abs(r)) + r,0.00783956787420947*sqrt(sqrt(Abs(i)) + 1.37392836578369) ; i*sqrt(Abs(r)) - 0.190352765409285*i + r
3350,0.8355888816767922,B0*s*Abs(i)**(3/2) + i*s ; r,i*s - 1.17492710630583*s*Abs(i)**(3/2) ; r
3351,0.8355558446617183,B0 + B1*i ; -i + sqrt(Abs(B2 + i*r - r)),1.66676296133209e-5*i + 0.0134860993394904 ; -i + sqrt(Abs(-i*r + r + 0.000312485329286059))
3352,0.8355483578609928,B0 + B1*s ; B2*sqrt(Abs(i)) + 2*r*sqrt(Abs(i)),0.0432109943998338*s + 0.00628340839286548 ; 2*r*sqrt(Abs(i)) + 11.1633612547915*sqrt(Abs(i))
3353,0.8355483576338611,B0 + B1*s ; B2*i + i*sqrt(Abs(B3*i*r - i)),0.0432129365673338*s + 0.00628144884209148 ; i*sqrt(Abs(0.000809607457105732*i*r - i)) + 0.00582521998485163*i
3354,0.835548355892837,B0 + B1*i ; sqrt(Abs(B2*r**3 + B3*r**2)),0.0494877576569083 - 0.0431955826484109*i ; sqrt(Abs(4.47042758006236*r**3 + 0.00476528785443431*r**2))
3355,0.8355483476699743,B0 + B1*s ; B2 + sqrt(Abs(B3 + B4*i + B5*i*r)),0.0431904553040584*s + 0.00630807057718082 ; sqrt(Abs(0.000105404283444784*i*r + 0.000686747890803509*i + 4.22073054809321)) + 0.111167393004358
3356,0.8355481726156917,B0 + B1*s ; r*sqrt(Abs(i*r + r**3)) + r,0.0433286889491356*s + 0.00623385466156138 ; r*sqrt(Abs(i*r + r**3)) + r
3357,0.8355481436890874,B0 + B1*s ; i**2 + i*sqrt(Abs(i**2 - i*r)),0.0433377773119272*s + 0.00623003774763923 ; i**2 + i*sqrt(Abs(i**2 - i*r))
3358,0.8355437453334449,B0*sqrt(Abs(i - 3*s)) ; sqrt(Abs(B1 + i + r)),0.00120717456928503*sqrt(Abs(i - 3*s)) ; sqrt(Abs(i + r - 17060.6736403183))
3359,0.8353849894100949,B0*sqrt(Abs(s + sqrt(Abs(i - s)))) ; 2*i*r - r**2,0.011681050671511*sqrt(Abs(s + sqrt(Abs(i - s)))) ; 2*i*r - r**2
3360,0.8353206246985944,B1*sqrt(Abs(B0*i + i**2)) ; B2 - Abs(B3 + 2*i)**(1/4),0.0457062304790402*sqrt(Abs(i**2 - 0.187254309189493*i)) ; 0.791268143389999 - Abs(2*i + 0.00162418394799379)**(1/4)
3361,0.835319569757275,B0*i + B2*sqrt(Abs(B1 + i)) ; B3 + B4*sqrt(Abs(i)) + B5*i,0.0216863245385489*i + 0.0167323657791207*sqrt(Abs(i + 0.553678965140327)) ; 0.861431116563864*i + 0.0733751670942245*sqrt(Abs(i)) + 0.0154122420843059
3362,0.835306386002424,B0*i ; B1 + B2*sqrt(Abs(i)) - 2*r,0.000120428088989729*i ; -2*r - 62.4180041208309*sqrt(Abs(i)) - 141.294302485995
3363,0.8353063860000647,B0*i ; sqrt(Abs(B1 + B2*i - i**2)),-0.000120428088989673*i ; sqrt(Abs(i**2 + 13623.9947487667*i + 22284.2007463414))
3364,0.8353063859914369,B0*i ; sqrt(Abs(B1 - i**2 + i*r)),-0.000120428088990202*i ; sqrt(Abs(i**2 - i*r + 24310.9612475985))
3365,0.8353063859759973,B0*i ; B1 - i + r + sqrt(Abs(B2 + i)),-0.000120428088994884*i ; -i + r + sqrt(Abs(i - 297.543929186654)) + 132.839504150487
3366,0.8353063859392885,B0*i ; B1 + sqrt(Abs(B2 + r*Abs(i)**(1/4))),-0.000120428088994575*i ; sqrt(Abs(r*Abs(i)**(1/4) - 268.638970750235)) + 163.749611253544
3367,0.8353063858923311,B0*i ; sqrt(Abs(B1 + B2*i + B3*r)),-0.00012042808899515*i ; sqrt(Abs(20540.8258796164*i - 1584.75617372611*r + 22056.0706256766))
3368,0.8353063855909765,B0*i ; B1 + i + sqrt(Abs(B2 + i - r)),-0.000120428087971567*i ; i + sqrt(Abs(-i + r + 345.679576803132)) + 226.2147101696
3369,0.8353063855489833,B0 + B1*i ; B2 - 2*i + r + sqrt(Abs(r)),0.00809806871367499 - 3.94510133377851e-5*i ; -2*i + r + sqrt(Abs(r)) + 16.656954898708
3370,0.8353063850700497,B0*sqrt(Abs(i)) ; sqrt(Abs(B1 + B2*i + B3*r)),0.00120428089007649*sqrt(Abs(i)) ; sqrt(Abs(6805.21452193701*i + 1264.62879156486*r - 12366.8865967923))
3371,0.8353063829159326,B0*i ; sqrt(Abs(B1 + B2*r + r**2)),-0.00012042266883562*i ; sqrt(Abs(r**2 + 2057.90284668415*r - 23134.84471707))
3372,0.8352996515090496,i**2 - i*s ; B0*i + i**2,i**2 - i*s ; i**2 + 1.29846857039596*i
3373,0.8352961034650623,B0*sqrt(Abs(i)) + i**2 ; i**2*sqrt(Abs(B1 - r)) - i,i**2 + 0.0624816842151395*sqrt(Abs(i)) ; i**2*sqrt(Abs(r - 1940.4625158545)) - i
3374,0.8352875133579353,B0 + B1*i + B1*s ; sqrt(Abs(B2*i*r**2 + r)),6.90116917737236*i + 6.90116917737236*s - 6.88916394969999 ; sqrt(Abs(45.4231239430839*i*r**2 + r))
3375,0.8352875133579265,B0 + B1*i + B1*s ; sqrt(Abs(r))*Abs(i + r)**(1/8),0.434662284238253*i + 0.434662284238253*s - 0.422657056424962 ; sqrt(Abs(r))*Abs(i + r)**(1/8)
3376,0.8352875133563332,B1*Abs(B0*i + B0*s)**(1/4) ; r,0.459439225099997*Abs(4.66211814147488e-7*i + 4.66211814147488e-7*s)**(1/4) ; r
3377,0.8352866172481376,B0*i**2 ; sqrt(Abs(B1*Abs(r)**(1/4) + B2*i)),1.20621911857605e-6*i**2 ; sqrt(Abs(13823.5919239644*i - 2934.56571898679*Abs(r)**(1/4)))
3378,0.8352777370109131,B1*sqrt(Abs(B0 + i*s + i)) ; i**2*r + i - r,0.000595852471158757*sqrt(Abs(i*s + i + 404.27835492674)) ; i**2*r + i - r
3379,0.835165377133157,B0 + i ; i + sqrt(Abs(B1*i - i**2)),i + 0.00185030320049455 ; i + sqrt(Abs(i**2 - 0.00980858526701208*i))
3380,0.8351296124672729,B0*i + B0*s + B0*sqrt(Abs(i)) ; B1 + r,-0.000133587560188831*i - 0.000133587560188831*s - 0.000133587560188831*sqrt(Abs(i)) ; r + 159.601114894878
3381,0.8349611136515869,B0*s**5 ; -i + r,0.0421833427963455*s**5 ; -i + r
3382,0.8349216288297617,B0*i**3 + B0*i + B1*s ; r,0.000475181496986823*i**3 + 0.000475181496986823*i + 0.0479769782581408*s ; r
3383,0.8349072694038219,B0*s + B1*i*s + B1*s**2 ; r,287.494383036209*i*s + 287.494383036209*s**2 - 287.446715924048*s ; r
3384,0.8349072692764908,B0*s ; r*sqrt(Abs(B1*i*r - i**2*r)),0.0476699047067565*s ; r*sqrt(Abs(i**2*r - 0.00318215029306856*i*r))
3385,0.8349072691511424,B0*s ; sqrt(Abs(B1*i**2*r + i**3)),0.047663185095689*s ; sqrt(Abs(i**3 + 74.7055088409721*i**2*r))
3386,0.8349072670187047,B0*s ; B1*r - r**2*sqrt(Abs(i)) - r**2,0.047655039977946*s ; -r**2*sqrt(Abs(i)) - r**2 + 15.4480926318115*r
3387,0.8349072655278982,B0*s + B1*i*s + B1*s**2 ; sqrt(Abs(B2*r - r**2)),0.407816017069246*i*s + 0.407816017069246*s**2 - 0.360164294881641*s ; sqrt(Abs(r**2 - 0.00180379687758863*r))
3388,0.8349072654251134,B0*s ; sqrt(Abs(B1*r + i**2*r - r**2)),0.0476827126137991*s ; sqrt(Abs(i**2*r - r**2 + 0.00241461779483762*r))
3389,0.83490723124561,B0*s + B1*i*s + B1*s**2 ; -i**2*r - r,0.0526881123128422*i*s + 0.0526881123128422*s**2 - 0.00506928934025752*s ; -i**2*r - r
3390,0.834741202318457,B0*sqrt(Abs(i*s**2 + s**2)) ; i + sqrt(Abs(r)),0.0844117996537802*sqrt(Abs(i*s**2 + s**2)) ; i + sqrt(Abs(r))
3391,0.8344615026571777,B0*i - i*s ; i**2,-i*s + 0.0249680143779643*i ; i**2
3392,0.8344504600012498,B0*i + B1*i**2 + B2*i**2*sqrt(Abs(s)) ; B3*Abs(i)**(1/4)*Abs(r)**(5/4),-0.0971663887788628*i**2*sqrt(Abs(s)) - 0.32157060211343*i**2 + 0.328274078643288*i ; 0.000692920149083236*Abs(i)**(1/4)*Abs(r)**(5/4)
3393,0.834448633802883,-i*s + Abs(i)**(3/2) ; B0 + sqrt(Abs(r)),-i*s + Abs(i)**(3/2) ; sqrt(Abs(r))
3394,0.8344436546498364,B0*i - i*s ; B1*sqrt(Abs(r)),-i*s + 0.0202211629394835*i ; 0.0571603923245155*sqrt(Abs(r))
3395,0.8344435328785909,i**2 - i ; B0*r + i*r,i**2 - i ; i*r + 0.14477220188032*r
3396,0.8343592650344928,B0*i*s + B2*i*sqrt(Abs(B1 + s)) ; 2*i*r - r**2 + r*sqrt(Abs(i - r)),0.458507640321437*i*s - 0.138021060015846*i*sqrt(Abs(s - 0.022983087121842)) ; 2*i*r - r**2 + r*sqrt(Abs(i - r))
3397,0.8343240697430953,B0*i + B0*s**2 + B1*s + B2*i*s ; sqrt(Abs(i))*Abs(r)**(1/4),0.270218069897653*i*s - 0.0144358732341796*i - 0.0144358732341796*s**2 + 0.0185396066133683*s ; sqrt(Abs(i))*Abs(r)**(1/4)
3398,0.8343147975573767,B0*sqrt(Abs(i)) ; sqrt(Abs(i*r + r**2)),0.0125897181164153*sqrt(Abs(i)) ; sqrt(Abs(i*r + r**2))
3399,0.8342734156274928,B0*sqrt(Abs(i*s - i)) ; B1 + r,0.00125738452657371*sqrt(Abs(i*s - i)) ; r + 236.149182336817
3400,0.83426737914995,B1*i*sqrt(Abs(B0 + i)) ; r,0.127325004422082*i*sqrt(Abs(i - 0.223912618213312)) ; r
3401,0.834249260380417,sqrt(Abs(B0 + B1*i + i**2 + i*s)) ; B2*r,sqrt(Abs(i**2 + i*s - 1.00125342905863*i + 0.00145421678410983)) ; 0.00272087884730831*r
3402,0.8341576066187931,B0*s + B1*i**2*s + B1*i*s**2 ; B2 - r,0.25005757631913*i**2*s + 0.25005757631913*i*s**2 + 0.00224432347195162*s ; -r - 0.0184589538748435
3403,0.8340605956864419,B0*i ; sqrt(Abs(B1 - i + r + sqrt(Abs(r)))),-0.00010046661381735*i ; sqrt(Abs(i - r - sqrt(Abs(r)) + 0.129274207664917))
3404,0.8340349464762626,B0*sqrt(Abs(s)) ; B1*r**2 + r**2*sqrt(Abs(B2 + r)),0.0339697150314562*sqrt(Abs(s)) ; r**2*sqrt(Abs(r + 6.47464186196425)) + 0.215289416224596*r**2
3405,0.8340184742475237,B0*sqrt(Abs(s)) ; B1 + B2*i + B3*r**2 + B3*r,0.0339630809126603*sqrt(Abs(s)) ; 0.0287108806968016*i + 0.0190568035083381*r**2 + 0.0190568035083381*r + 0.000359304207301093
3406,0.8339129704889646,B0*sqrt(Abs(i*s + i - s**2)) ; i*r + i - r,0.0205943098603682*sqrt(Abs(i*s + i - s**2)) ; i*r + i - r
3407,0.8338975258770115,B0*i + B1*s + B2*i*s + B2*s**2 ; B3*Abs(i)**(1/4),-0.308244345510129*i*s - 0.0116952866425828*i - 0.308244345510129*s**2 + 0.313170975703994*s ; 0.0928666741241868*Abs(i)**(1/4)
3408,0.8338204519254171,B0*i*Abs(s)**(1/8) ; sqrt(Abs(B1 - i - r + sqrt(Abs(i - r)))),-0.000167070115848038*i*Abs(s)**(1/8) ; sqrt(Abs(i + r - sqrt(Abs(i - r)) - 1987.05923889611))
3409,0.8336887133914118,B0 + B1*sqrt(Abs(i)) - 2*i ; r,-2*i - 0.66210052250361*sqrt(Abs(i)) + 0.780461710103444 ; r
3410,0.8334495197461438,B0*s**2 ; i*r + i*sqrt(Abs(B1*sqrt(Abs(r)) - r)),0.0446131311873754*s**2 ; i*r + i*sqrt(Abs(r - 0.000120724157103861*sqrt(Abs(r))))
3411,0.8333773993097795,B0*i*Abs(s)**(3/2) - i*Abs(s)**(5/2) ; B1*r,-i*Abs(s)**(5/2) + 1.21012522353227*i*Abs(s)**(3/2) ; 1.05982288009263*r
3412,0.8333109582826896,B0*sqrt(Abs(i + Abs(i)**(3/2))) ; i*r + r,0.00982196260843269*sqrt(Abs(i + Abs(i)**(3/2))) ; i*r + r
3413,0.8332684881575572,B0*i + i*s ; sqrt(Abs(i**2*r**2 + i**2)),i*s + 0.235880479945575*i ; sqrt(Abs(i**2*r**2 + i**2))
3414,0.8332349173916098,B0*sqrt(Abs(-i**2 + i*s + i)) ; B1 + i*r + i,0.0579511854935027*sqrt(Abs(-i**2 + i*s + i)) ; i*r + i + 0.178716541845236
3415,0.8331973040561224,B0*i ; B1*i + B1*sqrt(Abs(B2 + 2*i)),-0.00747366742618804*i ; 6.57286994659132*i + 6.57286994659132*sqrt(Abs(2*i - 0.0202461011338736))
3416,0.8330606834446949,B0*i ; B1 - i**2 + 2*i*r,-0.330534996981283*i ; -i**2 + 2*i*r + 0.0825016310712349
3417,0.8329109668955192,B0 + B1*i ; -i**2 - i*r + i*Abs(r)**(5/4),0.045985911943166 - 0.0198284263848879*i ; -i**2 - i*r + i*Abs(r)**(5/4)
3418,0.8325945980643946,B1*sqrt(Abs(B0 + i - s)) ; B2 + B3*r + B4*r**2 - i,0.0310724293880297*sqrt(Abs(i - s + 99.9333465537488)) ; -i + 8.45166519000381*r**2 + 3.09206822322798*r + 219.808502504949
3419,0.8323933798508855,B0*i + B0*s + B0*Abs(s)**(1/4) ; Abs(r + Abs(r)**(1/4))**(1/4),0.00794230643505045*i + 0.00794230643505045*s + 0.00794230643505045*Abs(s)**(1/4) ; Abs(r + Abs(r)**(1/4))**(1/4)
3420,0.8322131138973695,B0*i**2 + B1*i*s + i ; sqrt(Abs(B2*i + i**2)),0.000162272392371573*i**2 + 0.00865643274381659*i*s + i ; sqrt(Abs(i**2 + 0.000648667399738687*i))
3421,0.8321455437102648,B0*sqrt(Abs(i)) + B0*sqrt(Abs(s)) ; sqrt(Abs(sqrt(Abs(i)) - Abs(r)**(1/4))),0.000665497567586148*sqrt(Abs(i)) + 0.000665497567586148*sqrt(Abs(s)) ; sqrt(Abs(sqrt(Abs(i)) - Abs(r)**(1/4)))
3422,0.8320280220008184,B0*s - i*s + Abs(s)**(3/2) ; B1 + i*r,-i*s - 0.877659189159188*s + Abs(s)**(3/2) ; i*r + 0.0253436303918967
3423,0.8316711141969834,B0*s + B0*Abs(i)**(3/2) ; sqrt(Abs(i)),5.63074765029317e-6*s + 5.63074765029317e-6*Abs(i)**(3/2) ; sqrt(Abs(i))
3424,0.8316207106585143,B0*i*sqrt(Abs(i + s)) ; sqrt(Abs(i)),-5.6196131325947e-6*i*sqrt(Abs(i + s)) ; sqrt(Abs(i))
3425,0.8315292148534938,s**2 - s*sqrt(Abs(B0 - s)) ; i,s**2 - s*sqrt(Abs(s - 0.303556565016303)) ; i
3426,0.8315179215750441,B0*Abs(i**2 + i)**(1/4) ; sqrt(Abs(r)),0.0101672555875803*Abs(i**2 + i)**(1/4) ; sqrt(Abs(r))
3427,0.8314229625107071,B0*sqrt(Abs(i)) + i**2 ; B1 - r - sqrt(Abs(r)),i**2 + 0.00922269687641971*sqrt(Abs(i)) ; -r - sqrt(Abs(r)) + 0.619713046970204
3428,0.8312037007010052,B0 + B1*sqrt(Abs(i)) ; sqrt(Abs(3*i - sqrt(Abs(B2 + i)))),0.0306402373730558 - 0.0020065880490214*sqrt(Abs(i)) ; sqrt(Abs(3*i - sqrt(Abs(i - 0.0237102419580441))))
3429,0.831180461291988,i*sqrt(Abs(s)) ; -i**2 + i + r*Abs(i)**(3/2),i*sqrt(Abs(s)) ; -i**2 + i + r*Abs(i)**(3/2)
3430,0.8310478149769828,B0 - Abs(i)**(3/2)*sqrt(Abs(s)) ; r,-Abs(i)**(3/2)*sqrt(Abs(s)) + 0.0260236843816067 ; r
3431,0.8308259211709893,B0*i + B1*i**2 + B1*i*s ; Abs(i)**(1/4)*sqrt(Abs(B2 + i)),-3.09873200189304e-5*i**2 - 3.09873200189304e-5*i*s - 0.00316582307972863*i ; Abs(i)**(1/4)*sqrt(Abs(i - 0.00410435817976967))
3432,0.8304865013128577,B0*sqrt(Abs(i)) ; sqrt(Abs(i**2 + i*sqrt(Abs(r)))),0.000883955666214278*sqrt(Abs(i)) ; sqrt(Abs(i**2 + i*sqrt(Abs(r))))
3433,0.8304542803766387,i ; B0*i + i**2 + i*sqrt(Abs(B1 + i)),i ; i**2 + i*sqrt(Abs(i - 0.0213054645379141)) + 0.944300906027614*i
3434,0.8303238514255933,B1*sqrt(Abs(i + sqrt(Abs(B0 - i)))) ; sqrt(Abs(i)),0.000933009830559836*sqrt(Abs(i + sqrt(Abs(i + 18.6651808673287)))) ; sqrt(Abs(i))
3435,0.830287367309507,B0 + B1*s + B1*sqrt(Abs(s)) ; B2*i + 2*i**2 - i*r,0.0250368757099749*s + 0.0250368757099749*sqrt(Abs(s)) - 9.9648009403774e-5 ; 2*i**2 - i*r + 9.82363729618592*i
3436,0.8300938588443432,i*s ; B0*i + i**2 + i*r,i*s ; i**2 + i*r + 0.648449676793886*i
3437,0.830044542187987,B0 + B1*sqrt(Abs(i)) - s ; r,-s - 2.27553622851874*sqrt(Abs(i)) + 1.60458920076158 ; r
3438,0.8300073921143213,B0*i ; i**2 - i*sqrt(Abs(r)),0.0298572971502792*i ; i**2 - i*sqrt(Abs(r))
3439,0.8298116061358557,B0*i ; i*r - i*sqrt(Abs(r)),0.0270144035701287*i ; i*r - i*sqrt(Abs(r))
3440,0.8298114757143831,B0*i ; r**2 - r*sqrt(Abs(i)),0.026890841372425*i ; r**2 - r*sqrt(Abs(i))
3441,0.8298114206913515,B0*i ; i*sqrt(Abs(r)) + Abs(r)**(3/2),0.0271088478531087*i ; i*sqrt(Abs(r)) + Abs(r)**(3/2)
3442,0.8298084350828548,B1*i*sqrt(Abs(B0 + i)) ; i*r,0.00435731029914723*i*sqrt(Abs(i + 37.8958960911261)) ; i*r
3443,0.8296547166469265,B0 + B1*i*s + i*s**2 ; B2 + i,i*s**2 - 0.31516071161943*i*s + 0.00608922607638503 ; i - 0.0289006876127545
3444,0.8296403110488226,-i*s + i*sqrt(Abs(s)) ; B0 + B1*i + B2*i*r,-i*s + i*sqrt(Abs(s)) ; 2.23055796758583*i*r + 0.96314967272627*i - 0.133847636980712
3445,0.8295034623023224,B0*i + B0*Abs(i)**(3/2) ; r,0.0203390092977459*i + 0.0203390092977459*Abs(i)**(3/2) ; r
3446,0.8294177117018297,B0*i + B1*i**2 ; sqrt(Abs(B2*i + B3*r)),-0.0249745166543487*i**2 - 0.0265838974914697*i ; sqrt(Abs(0.0368952973055819*i + 0.0290264756056634*r))
3447,0.8293830937634009,B0*i - 2*i*s ; i,-2*i*s + 0.130295799033003*i ; i
3448,0.8291640440675809,B0*i + B1*i*s ; B2*Abs(i + Abs(i)**(1/4))**(1/4),0.026538883191727*i*s + 0.109601161127345*i ; 0.00340466133752013*Abs(i + Abs(i)**(1/4))**(1/4)
3449,0.8291614501702917,i*s + s*Abs(i)**(3/2) ; B0 + i - r + sqrt(Abs(i)),i*s + s*Abs(i)**(3/2) ; i - r + sqrt(Abs(i)) + 1.31878903407116
3450,0.8291043134929333,B0*sqrt(Abs(i**2 - i*sqrt(Abs(s)))) ; r*sqrt(Abs(i)),0.0347908419653846*sqrt(Abs(i**2 - i*sqrt(Abs(s)))) ; r*sqrt(Abs(i))
3451,0.8290801677825699,B0*i + B0*sqrt(Abs(i)) ; sqrt(Abs(B1*r + B1*Abs(i)**(1/8))),0.056981114407099*i + 0.056981114407099*sqrt(Abs(i)) ; sqrt(Abs(0.000423027889020412*r + 0.000423027889020412*Abs(i)**(1/8)))
3452,0.8288827310757563,B0 + B1*i + i**2 ; i*r + i - 2*r**2,i**2 - 0.428886969760978*i + 0.0485989366527346 ; i*r + i - 2*r**2
3453,0.8288700540786926,B0*i ; B1*Abs(i)**(3/2) + B2*i**2,0.59254215424814*i ; -27.7917430456644*i**2 + 8.19583491422401*Abs(i)**(3/2)
3454,0.8287586925122893,B0 + B1*i ; B2*i + B3*r**2 + B4*i*r**2,0.0450202771257698 - 0.12209488555486*i ; -6.92352370047914*i*r**2 + 2.52945884500692*i + 0.114739631475525*r**2
3455,0.8287434578815176,B0*Abs(i)**(3/2)*sqrt(Abs(s)) ; B1*r,0.102729458446377*Abs(i)**(3/2)*sqrt(Abs(s)) ; 0.00244668452619636*r
3456,0.8286902971295922,B0*i + B2*sqrt(Abs(B1 + i)) ; -2*i**2 + i*r,-0.00180167071549728*i + 0.019144798921781*sqrt(Abs(i - 0.635123287898249)) ; -2*i**2 + i*r
3457,0.8286463556458054,-2*i - s + sqrt(Abs(i)) ; B0 + B1*r,-2*i - s + sqrt(Abs(i)) ; 0.34685834306822 - 1.17098809934487*r
3458,0.8283419192062853,B0*i + B2*sqrt(Abs(B1 + i)) ; i*sqrt(Abs(i**2 - 2*i*r)),-0.0175045189782133*i + 0.127716466331867*sqrt(Abs(i - 0.0312244068131938)) ; i*sqrt(Abs(i**2 - 2*i*r))
3459,0.8282674888584234,B1*sqrt(Abs(B0 + i + s)) ; B2 + B3*i*r + B3*r**2 - r,0.023128840593496*sqrt(Abs(i + s - 0.00573974371999737)) ; -2.86894121042905*i*r - 2.86894121042905*r**2 - r + 2.88416220614261
3460,0.8282659872853736,i**2 ; sqrt(Abs(B0*r + B1*i)),i**2 ; sqrt(Abs(0.00453715783001821*i + 0.00189900258602188*r))
3461,0.8281936629399842,B0*i + B0*sqrt(Abs(i)) + B1*s ; B2 + 3*i*r + i,-0.0201127860420756*i + 0.0647769967826153*s - 0.0201127860420756*sqrt(Abs(i)) ; 3*i*r + i - 0.177964129923155
3462,0.8281807636281877,B0*i + B0*s + B0*sqrt(Abs(i)) ; sqrt(Abs(r)),0.00593100918684153*i + 0.00593100918684153*s + 0.00593100918684153*sqrt(Abs(i)) ; sqrt(Abs(r))
3463,0.8281807636044829,B0*i + B0*s + B0*sqrt(Abs(i)) ; r,0.00593095805178992*i + 0.00593095805178992*s + 0.00593095805178992*sqrt(Abs(i)) ; r
3464,0.8280288303373199,B0*s + s**2 ; B1 + i**2*sqrt(Abs(r)),s**2 - 0.954383849775754*s ; i**2*sqrt(Abs(r)) + 2.45951633545379
3465,0.8280147412212089,B0*sqrt(Abs(s)) + Abs(s)**(3/2) ; sqrt(Abs(B1 + r)),Abs(s)**(3/2) - 0.955003027143917*sqrt(Abs(s)) ; sqrt(Abs(r + 0.000285151725191894))
3466,0.8280014268964893,B0 - sqrt(Abs(i*s - i)) ; r,0.0445035836897096 - sqrt(Abs(i*s - i)) ; r
3467,0.8279307802119509,B0*i - i*s + i*sqrt(Abs(s)) ; B1 + i - r,-i*s + i*sqrt(Abs(s)) - 0.253808754980936*i ; i - r + 0.562603451570854
3468,0.8279303299998386,B0*i ; i**2 + i*r + r,-7.82955154056507e-5*i ; i**2 + i*r + r
3469,0.827914153739852,B0 - s**2*sqrt(Abs(i)) ; r,-s**2*sqrt(Abs(i)) + 0.152156979260518 ; r
3470,0.8278227480263347,B0*i - i*s ; sqrt(Abs(B1*r + B1*sqrt(Abs(r)))),-i*s + 0.984154567914402*i ; sqrt(Abs(15.6113341002901*r + 15.6113341002901*sqrt(Abs(r))))
3471,0.8277688714179413,B1*sqrt(Abs(B0 + i - s)) ; B2 + B3*i*r**2 - r,0.00167682320414655*sqrt(Abs(i - s + 100.103548009341)) ; 9.09528737824637*i*r**2 - r - 5.957406547755
3472,0.827740191959522,i**2 ; sqrt(Abs(B0*i + B1*r)),i**2 ; sqrt(Abs(0.00601534369976055*i + 0.00083294414701381*r))
3473,0.8272372400415607,B0 + B1*i + B1*s ; -i**2 + i*r - Abs(i)**(3/2),-3.77451053111382e-5*i - 3.77451053111382e-5*s + 0.0153925562390147 ; -i**2 + i*r - Abs(i)**(3/2)
3474,0.8271928740394875,B0 + B1*s ; B2*i - i**2 - i*r + Abs(i)**(3/2),0.0432130836421165*s + 0.00628140072542521 ; -i**2 - i*r + 22.9379982195803*i + Abs(i)**(3/2)
3475,0.8271928547466153,B0 + B1*s ; i**2*r + i*r**2 + r**2,0.0431684911018292*s + 0.00630123972437256 ; i**2*r + i*r**2 + r**2
3476,0.8271927961998006,B0 + B1*i + B2*s ; 2*i*r - 2*r**2,-64.4293551876097*i - 61.7074373866542*s + 64.8283599318812 ; 2*i*r - 2*r**2
3477,0.8271927145763818,B0 + B1*i + B2*s ; B3*Abs(i)**(1/16)*Abs(r)**(1/4),-1.59396776840948*i + 1.12797254634404*s + 1.99384076424248 ; 54.7322674104571*Abs(i)**(1/16)*Abs(r)**(1/4)
3478,0.8271596428671671,B0*sqrt(Abs(i)) ; B1 + B2*i + i**2 + 2*i*r,0.0617389074463508*sqrt(Abs(i)) ; i**2 + 2*i*r - 1.34398248027621*i + 0.0351865466200575
3479,0.8270005177319988,B1*sqrt(Abs(B0 + 2*i)) ; i**2*r + Abs(i)**(5/2),0.0117806906418691*sqrt(Abs(2*i + 0.875761940831977)) ; i**2*r + Abs(i)**(5/2)
3480,0.8269533221423998,B0*i ; B1*i + B1*r**2 + B1*r,-0.000120428088990489*i ; 7512.00679475442*i + 7512.00679475442*r**2 + 7512.00679475442*r
3481,0.8269533221423935,B0*i ; B1*r + B3*Abs(B2 + r)**(1/4),-0.000120428088990266*i ; -1.03828407764731*r + 51.0658050733638*Abs(r + 512.891395206202)**(1/4)
3482,0.8269533221412859,B0*i ; sqrt(Abs(B1 + B2*r**2 + B2*r)),-0.000120428011428232*i ; sqrt(Abs(471.955748494287*r**2 + 471.955748494287*r + 22582.7862125524))
3483,0.8269533218544066,B0*i + B1*i**2 ; Abs(B2*i*r + B3*i)**(1/4),-4.95717234331498e-6*i**2 - 0.000616145323326728*i ; Abs(23508914.551892*i*r - 210206.054209054*i)**(1/4)
3484,0.8269533207187859,B0*i + B2*sqrt(Abs(B1 + i)) ; B3*r + B4*sqrt(Abs(r - sqrt(Abs(i)))),-8.44934097906353e-5*i + 0.000428940859103441*sqrt(Abs(i + 170.069670539981)) ; 43.2127210477068*r + 59.4339838720614*sqrt(Abs(r - sqrt(Abs(i))))
3485,0.8269532801424526,B0*i ; B1*r + B3*sqrt(Abs(B2 + sqrt(Abs(i)))),-0.000120428088990219*i ; 17.9383391061773*r + 18.2086294984735*sqrt(sqrt(Abs(i)) + 61.8445614765882)
3486,0.8269532289008756,B0*i ; B1 + B2*i + B3*Abs(i)**(3/2),-0.000120447353838211*i ; 58.715459489938*i + 15.4894169925619*Abs(i)**(3/2) + 138.733251399602
3487,0.8269531028674276,B0*i ; B1 + B2*r + B3*i*r,-0.000120456772471444*i ; -0.117926277279295*i*r - 5.36363252405218*r + 134.463499617142
3488,0.8269346382244429,B1*sqrt(Abs(B0 + i + s)) ; B2*r - 2*i*r,3.66121255335767*sqrt(Abs(i + s - 1.00001075204343)) ; -2*i*r + 46.3838105744618*r
3489,0.8269346382190804,B0*i + B0*s ; B1*r + i*r + r**2,0.0120050514750358*i + 0.0120050514750358*s ; i*r + r**2 + 0.0385124308196669*r
3490,0.8269346382144426,sqrt(Abs(B0 + i + s)) ; B1*i*r - i**2*r,sqrt(Abs(i + s - 1.00014411969328)) ; -i**2*r + 0.00049781845384696*i*r
3491,0.8269340079851838,B1*sqrt(Abs(B0 - s + sqrt(Abs(s)))) ; B2 + B3*i + B4*i**2,2.36812079310415e-5*sqrt(Abs(-s + sqrt(Abs(s)) + 254413.837498324)) ; 0.00151488599123127*i**2 + 26.6979571707142*i + 0.011764662502909
3492,0.8269174368971154,B1*sqrt(Abs(B0 - i + 2*s)) ; B2*i**2*r - i + r,0.000439265244759483*sqrt(Abs(i - 2*s + 743.030159369191)) ; -4999.82056605638*i**2*r - i + r
3493,0.8269157503125953,B0*i + B0*sqrt(Abs(B1 + 2*i)) ; r,1.4506663993325e-5*i + 1.4506663993325e-5*sqrt(Abs(2*i + 682269.233601361)) ; r
3494,0.8268646485147643,B0*Abs(i)**(1/16) ; sqrt(Abs(r)) - sqrt(Abs(B1 + r)),0.00952394511608432*Abs(i)**(1/16) ; sqrt(Abs(r)) - sqrt(Abs(r + 78389.4808746452))
3495,0.8268466200474842,B0*i ; B1*i**2*r - i - r,0.000120579396390046*i ; 67217.396519686*i**2*r - i - r
3496,0.8267833308894141,i*s - i*sqrt(Abs(s)) ; B0*sqrt(Abs(r)),i*s - i*sqrt(Abs(s)) ; 4.24372467996482*sqrt(Abs(r))
3497,0.8267381741026123,B0*i + B1*i**3 ; B2*sqrt(Abs(i)),13.6775690645516*i**3 - 2.38050129736698*i ; 0.169218136615186*sqrt(Abs(i))
3498,0.8267160259935739,B0*i + B1*s**2 + B2*i*s ; B3*Abs(i)**(1/4),0.0817881610058648*i*s + 0.030895060317833*i + 0.0339065494265395*s**2 ; 0.0270037486040616*Abs(i)**(1/4)
3499,0.8266983849927902,B0*sqrt(Abs(s - sqrt(Abs(i)))) ; B1 + B2*r + B3*i*r - r**2,0.0124334054022744*sqrt(Abs(s - sqrt(Abs(i)))) ; -0.999704169476971*i*r - r**2 + 0.392819014041463*r + 1.64267929354734
3500,0.8266849804330343,B1*sqrt(Abs(B0 + i**2 - i)) ; B2 + B3*i*r + i*r**2 + i,0.0977512502534845*sqrt(Abs(-i**2 + i + 0.0958786452281129)) ; i*r**2 - 0.0071393589184031*i*r + i + 0.211116378006908
3501,0.8265581967095185,B0*s ; B1*r + B2*r**2 + B3*i*r,0.0476670006690823*s ; 1.24800553356721*i*r + 0.0445592344471982*r**2 + 0.000176956405458907*r
3502,0.8265581967089496,B0*s ; B1*i*Abs(r)**(1/4) + i**2 - i*r,0.047667334704861*s ; i**2 - i*r + 0.00011789465590839*i*Abs(r)**(1/4)
3503,0.8265581967045567,B0*s ; B1*i**2 + B2*i*r - i - r,2.71891786588506*s ; 9.32318643691643*i**2 + 0.00119869081915813*i*r - i - r
3504,0.8265581967044442,B0*s ; B1*r - 2*i*r - r**2,0.0476676864804923*s ; -2*i*r - r**2 + 0.00344513753364378*r
3505,0.8265581966654553,B0*s ; B1 - i*r - 2*r**2 - r,0.0476687686954799*s ; -i*r - 2*r**2 - r + 0.00108406580777485
3506,0.8265581965773372,B0*s ; B1*i*r - i**2*r + i**2,0.0476699745508792*s ; -i**2*r + i**2 + 13.4674309687581*i*r
3507,0.8265581965444062,B0*s ; B1*i - i**2 - 2*i*r,0.0476703104515139*s ; -i**2 - 2*i*r + 0.00673909386737514*i
3508,0.8265581953658447,B0*s ; B1*i*r + i**2*r - r**2,0.0476762255619459*s ; i**2*r + 0.180606510878878*i*r - r**2
3509,0.8265581945959682,B0*s ; B2*sqrt(Abs(B1*i**2 + B1*i*r + i)),0.0476556901825891*s ; 3.8298054224461*sqrt(Abs(0.0189426229946582*i**2 + 0.0189426229946582*i*r + i))
3510,0.8265581514884465,B0*s ; i**2 + 2*i*r + i + r,0.0476142792048078*s ; i**2 + 2*i*r + i + r
3511,0.8264457850061505,-i*s + Abs(i)**(9/8) ; B0*sqrt(Abs(i)),-i*s + Abs(i)**(9/8) ; 0.101083197470034*sqrt(Abs(i))
3512,0.8264173643972683,B0*i**2 ; B1*i + 2*i**2,0.00820584901433632*i**2 ; 2*i**2 - 2.41645062314115*i
3513,0.8263412771012281,B1*sqrt(Abs(B0*s - i)) ; B2*r**2 + B3*i*r - i + r,0.00132430743847822*sqrt(Abs(i + 510.462525390729*s)) ; -6.94417289712612*i*r - i - 1.82075278767236*r**2 + r
3514,0.8262690563476351,B0 + i + s - sqrt(Abs(s)) ; i,i + s - sqrt(Abs(s)) + 0.00755087893203522 ; i
3515,0.8261520524336388,B0*s + B1*i*s**2 + B2*i**2*s ; B3 + B4*i + B4*sqrt(Abs(r)),0.275673250538961*i**2*s + 0.294487313406933*i*s**2 + 0.00107572704575645*s ; 0.0237848279107185*i + 0.0237848279107185*sqrt(Abs(r)) - 0.00392206962108473
3516,0.8261439770904421,B0*i*s + B0*i + B1*s**2 ; Abs(i)**(5/8)*Abs(r)**(1/8),0.00424836410170647*i*s + 0.00424836410170647*i + 0.0445751986098969*s**2 ; Abs(i)**(5/8)*Abs(r)**(1/8)
3517,0.8261038280196012,-i*sqrt(Abs(s)) + Abs(i)**(3/2) ; -r + sqrt(Abs(r)),-i*sqrt(Abs(s)) + Abs(i)**(3/2) ; -r + sqrt(Abs(r))
3518,0.8260678859465064,B1*sqrt(Abs(B0 + s)) ; B2 + B3*Abs(r)**(3/2) + B4*i*r - r,0.034487963194547*sqrt(Abs(s + 0.10557131226129)) ; 0.000435358063807538*i*r - r + 25.1949773187862*Abs(r)**(3/2) + 0.0024093506296437
3519,0.8260553854622319,B0*s + B1*i*s**2 + B2*i**2*s ; r,0.201251668067241*i**2*s + 0.327057767165148*i*s**2 + 0.00104030003280802*s ; r
3520,0.8259761628823946,B1*sqrt(Abs(B0 - s)) ; B2 + B3*i**2 + B4*i*r + i,0.0351224683144568*sqrt(Abs(s + 0.145852313041704)) ; 65.4419406886083*i**2 + 31.3592102519061*i*r + i + 0.891003652300982
3521,0.8259716502938697,B0*sqrt(Abs(i)) ; B1*i**3*r,0.0125916615851134*sqrt(Abs(i)) ; 0.000176184742181816*i**3*r
3522,0.8259716492809923,B0*sqrt(Abs(i)) ; sqrt(Abs(r + Abs(i)**(1/4)*sqrt(Abs(r)))),0.0125892217286611*sqrt(Abs(i)) ; sqrt(Abs(r + Abs(i)**(1/4)*sqrt(Abs(r))))
3523,0.825971646770147,B0*sqrt(Abs(i)) ; B1*r + B2*i*r,0.0125864986937783*sqrt(Abs(i)) ; 0.000116114212141611*i*r + 0.00915107644817514*r
3524,0.8259069932491118,i**2 + s - sqrt(Abs(s)) ; B0*r + sqrt(Abs(r)),i**2 + s - sqrt(Abs(s)) ; 8.1491778977217*r + sqrt(Abs(r))
3525,0.8258044794104907,B0*s + B1*s**2 ; Abs(B2*r**2 + i*r**2 - r**3)**(1/4),-0.257864018828462*s**2 + 0.263552968404059*s ; Abs(i*r**2 - r**3 + 0.00018859559360589*r**2)**(1/4)
3526,0.8257311817870306,B0*sqrt(Abs(s)) ; B1*i*r + i**3*r + i,0.0341022599903703*sqrt(Abs(s)) ; i**3*r + 0.00111611317743824*i*r + i
3527,0.8256815963286878,B0*sqrt(Abs(s)) ; B1*r + 2*i*r + r**2,0.0339045948818838*sqrt(Abs(s)) ; 2*i*r + r**2 + 0.927613336834011*r
3528,0.8256814297994236,B0*sqrt(Abs(s)) ; B1*i + B2*i*r - i*r**2,0.0339045934595477*sqrt(Abs(s)) ; -i*r**2 + 0.27968843508156*i*r + 0.0161176356321325*i
3529,0.8256812185675039,B0*sqrt(Abs(s)) ; B1*i**3 - i**3*r,0.0339046022027343*sqrt(Abs(s)) ; -i**3*r + 2.24313678071215*i**3
3530,0.8256787803213277,B0*sqrt(Abs(s)) ; B1 + B2*sqrt(Abs(r)) + i*sqrt(Abs(r)) + Abs(r)**(3/2),0.0339630742849089*sqrt(Abs(s)) ; i*sqrt(Abs(r)) + Abs(r)**(3/2) + 0.281747795240263*sqrt(Abs(r)) + 0.422989230557902
3531,0.8256749743252666,B0*sqrt(Abs(s)) ; B1*r + i*r**2 - r**3,0.0333895879968593*sqrt(Abs(s)) ; i*r**2 - r**3 + 0.00358844314942744*r
3532,0.8253693568763613,B0*i - 2*i**2 ; r,-2*i**2 + 0.419769208301814*i ; r
3533,0.8253693551625442,B0*i + 2*i*s ; r,2*i*s - 1.58022216697635*i ; r
3534,0.8252751758150226,B0*i + B1*i**2*s + B1*i*s**2 ; i,0.290622925058034*i**2*s + 0.290622925058034*i*s**2 + 0.90099216027796*i ; i
3535,0.8249541284191361,B0*i + i*s + i*sqrt(Abs(s)) ; r - sqrt(Abs(B1*i*r - r)),i*s + i*sqrt(Abs(s)) - 1.60687480964676*i ; r - sqrt(Abs(0.000264053013958298*i*r - r))
3536,0.8249540776559727,B0*i - i**2 + i*sqrt(Abs(s)) ; -r,-i**2 + i*sqrt(Abs(s)) - 0.606501042735506*i ; -r
3537,0.8248077259219434,B0*i**2 + B0*i*sqrt(Abs(s)) ; B1*Abs(i)**(1/4),-0.747389116406761*i**2 - 0.747389116406761*i*sqrt(Abs(s)) ; 0.0356262184451235*Abs(i)**(1/4)
3538,0.824609432484057,B0 + B1*i + B1*sqrt(Abs(i)) ; B2*r + B3*r**2 + B4*i*r,-0.0247689275914842*i - 0.0247689275914842*sqrt(Abs(i)) + 0.0558493906168754 ; 0.00301434555779958*i*r + 0.0042797269349077*r**2 + 0.645551148281584*r
3539,0.8245510796943062,B0*i + B1*i**2 + i**3 ; sqrt(Abs(B2*i + B3*r)),i**3 + 10.9564451647479*i**2 - 0.362065548753498*i ; sqrt(Abs(0.0296351637913688*i + 0.000638014772099509*r))
3540,0.8245304158077069,B0*s + B0*Abs(s)**(1/4) ; B1*i - 2*i**2 + i*r,0.0207546946322306*s + 0.0207546946322306*Abs(s)**(1/4) ; -2*i**2 + i*r + 7.39479003169629*i
3541,0.824381900662558,B0*i*s + i*s**2 ; i,i*s**2 + 0.305909890363703*i*s ; i
3542,0.8242078036083856,B0 + i**2 ; B1 + B2*r*sqrt(Abs(i)) - r,i**2 + 0.0022185163305112 ; 5.40361531736094*r*sqrt(Abs(i)) - r + 0.000988478642616818
3543,0.8241581189840246,B0 + B1*sqrt(Abs(i)) ; sqrt(Abs(B2 - i + r**3 - r)),0.0180137016090419 - 0.000768734834311462*sqrt(Abs(i)) ; sqrt(Abs(i - r**3 + r - 0.0425890049470303))
3544,0.8241172594759029,B0*i + B1*i**2 ; B2*i**2 + B2*r,0.0865734670625095*i**2 + 0.0434972513089171*i ; 0.0750526839411201*i**2 + 0.0750526839411201*r
3545,0.8238363157413139,i**2*s - i*s**2 ; i*sqrt(Abs(B0 + i**2 + i*r)),i**2*s - i*s**2 ; i*sqrt(Abs(i**2 + i*r + 3.68612943458029))
3546,0.8232027412989812,B0*Abs(i**2 + i)**(1/4) ; r*sqrt(Abs(B1*r + r**2)),0.0101658232798609*Abs(i**2 + i)**(1/4) ; r*sqrt(Abs(r**2 + 0.000271439609354767*r))
3547,0.8225366247198124,B0 + i**2 ; B1*i + B1*sqrt(Abs(i)) - r,i**2 + 0.000901750579264524 ; 0.629458614250868*i - r + 0.629458614250868*sqrt(Abs(i))
3548,0.8222608245670777,2*i**3 ; B0 + B1*i + B2*r + 2*i*r,2*i**3 ; 2*i*r + 0.48874037103306*i - 0.275356880852669*r - 0.0839042297809632
3549,0.8220232602887863,-3*i + sqrt(Abs(i)) ; B0 - r + sqrt(Abs(r)),-3*i + sqrt(Abs(i)) ; -r + sqrt(Abs(r))
3550,0.8218366255061703,B0 + B1*sqrt(Abs(s)) - 2*i ; B2*r + i*r + r**2,-2*i - 3.36944461351166*sqrt(Abs(s)) + 3.42038296293218 ; i*r + r**2 + 0.0238710815458904*r
3551,0.8218195506837758,B0*sqrt(Abs(i + s**2 + s)) ; sqrt(Abs(i)),0.000885780596680253*sqrt(Abs(i + s**2 + s)) ; sqrt(Abs(i))
3552,0.8217599136590569,B0 + B1*s + B2*i**2*s ; -i**2*r + 2*i*r**2 - r,0.429697856152086*i**2*s + 0.0431086485619745*s - 0.0119058379432131 ; -i**2*r + 2*i*r**2 - r
3553,0.8217284742835079,B0*i**3*s ; B1*i**2,81.5171884658864*i**3*s ; 1.54111373115522*i**2
3554,0.8216480922641299,B0*sqrt(Abs(-i*s + i + s**2)) ; i*r,0.0132514121145567*sqrt(Abs(-i*s + i + s**2)) ; i*r
3555,0.8215442556912025,B0*i*Abs(s)**(1/8) ; r,0.0275613411932077*i*Abs(s)**(1/8) ; r
3556,0.8215134974848342,B0*i ; B1*r + i**2*r,0.0269917009818186*i ; i**2*r + 1.14552793201714*r
3557,0.8215134974755525,B0*i ; B1*i*r + r**2,0.0269921337985495*i ; 1.9658394310644*i*r + r**2
3558,0.8215134974754393,B0*i ; B1*i*sqrt(Abs(r)) + sqrt(Abs(r)),0.0269901281810395*i ; 0.00011055597231464*i*sqrt(Abs(r)) + sqrt(Abs(r))
3559,0.8215134974691832,B0*i ; B1*r**2 - i*r,0.026989921664485*i ; -i*r + 0.000183355008794195*r**2
3560,0.821513496735576,B0*i ; B1*r + i*r**2,0.0269985562621993*i ; i*r**2 + 0.0618438228521576*r
3561,0.8215134869172368,B0*i ; B1*r + B2*r**2,0.0269632963338187*i ; 2.33463881433837*r**2 + 0.0535525422692972*r
3562,0.821513486273312,B0*i ; B1*r + B2*i*r,0.0269624602719768*i ; 0.0651353845333468*i*r + 0.000140637158080649*r
3563,0.8215134519430758,B0*i ; B1*r + B2*Abs(r)**(3/2),0.0269332935521089*i ; 0.000444210045874213*r + 0.000514036990331018*Abs(r)**(3/2)
3564,0.8215131519252756,B0*i ; i*r - r*Abs(i)**(1/4),0.0271492406370405*i ; i*r - r*Abs(i)**(1/4)
3565,0.8214647125801431,B0*i - i*s + i*sqrt(Abs(s)) ; B1 - r,-i*s + i*sqrt(Abs(s)) - 0.191552540132299*i ; 0.421466846656865 - r
3566,0.8214159732147379,B0*i**2 - i*s ; sqrt(Abs(B1*i + B1*r)),49.5408582331467*i**2 - i*s ; sqrt(Abs(0.000169044298943227*i + 0.000169044298943227*r))
3567,0.8213674673223441,B0*Abs(s)**(3/2) + s**2 ; r,s**2 - 0.954717115864904*Abs(s)**(3/2) ; r
3568,0.8213057354404497,B0*i + B2*sqrt(Abs(B1 + i)) ; B3*r + B4*i*r + i*r**2 - r**2,-0.237064669095085*i + 0.245141310366976*sqrt(Abs(i - 0.0197642805404246)) ; i*r**2 + 0.256972717767854*i*r - r**2 + 15.3056808132522*r
3569,0.8212409053108071,B0*s + Abs(s)**(3/2) ; B1 + i*r - r**2,-0.956843502876374*s + Abs(s)**(3/2) ; i*r - r**2 + 0.0050770130576585
3570,0.8212408915182908,B0*s + Abs(s)**(3/2) ; B1 + B2*i*r - r,-0.956682080062306*s + Abs(s)**(3/2) ; 0.000561409589868543*i*r - r + 0.00281838291434159
3571,0.820996879618034,B0*i**2 + i*s ; r,-8.35525425135741*i**2 + i*s ; r
3572,0.820877124548199,i**2*sqrt(Abs(i - sqrt(Abs(s)))) ; B0*Abs(i)**(3/2),i**2*sqrt(Abs(i - sqrt(Abs(s)))) ; 0.104505705534966*Abs(i)**(3/2)
3573,0.82086467621122,B0*i + i**3 ; 2*r,i**3 + 0.0190247822441439*i ; 2*r
3574,0.820694278037942,B0*i**2 + B0*i + B0*s ; B1*r*Abs(i)**(3/2),0.00723207319831774*i**2 + 0.00723207319831774*i + 0.00723207319831774*s ; 0.0959121054614977*r*Abs(i)**(3/2)
3575,0.8205514727014922,B0*s - i*s - s**2 + Abs(s)**(3/2) ; i**2 - i*r,-i*s - s**2 + 0.0886984513510536*s + Abs(s)**(3/2) ; i**2 - i*r
3576,0.8205388646003225,B0*i + i**2 - s ; i*r,i**2 - 2.99295506449241*i - s ; i*r
3577,0.8204004149494005,B0*i + i*s - Abs(i)**(3/2) ; r - sqrt(Abs(r)),i*s - 0.337212136158189*i - Abs(i)**(3/2) ; r - sqrt(Abs(r))
3578,0.8202805325703693,B0*Abs(s)**(3/2) - Abs(s)**(5/2) ; r,-Abs(s)**(5/2) + 0.980019297022868*Abs(s)**(3/2) ; r
3579,0.8201856402826835,B0*i + i**2 - i*s ; i,i**2 - i*s + 1.7914596598049*i ; i
3580,0.8200717085064027,i*sqrt(Abs(B0*i - i**2)) ; B1*sqrt(Abs(i)),i*sqrt(Abs(i**2 + 0.726112391679104*i)) ; 0.0172946483142488*sqrt(Abs(i))
3581,0.8200487703458055,B0*i**2*s**2 ; B1*i*r,0.506882891001071*i**2*s**2 ; 2.7877841019025*i*r
3582,0.820048714792795,B0*i**2*s**2 ; sqrt(Abs(r)),0.505197710438329*i**2*s**2 ; sqrt(Abs(r))
3583,0.8200486315333475,B0*i**2*s**2 ; -sqrt(Abs(r)),0.504373067604328*i**2*s**2 ; -sqrt(Abs(r))
3584,0.820036616073824,B0*i**2*Abs(s)**(3/2) ; r*sqrt(Abs(B1 + 2*r)),0.494467419804116*i**2*Abs(s)**(3/2) ; r*sqrt(Abs(2*r + 0.00727830059944495))
3585,0.8200365484376158,B0*i**2*Abs(s)**(3/2) ; Abs(i)**(3/2)*Abs(r)**(3/2),0.493021568452296*i**2*Abs(s)**(3/2) ; Abs(i)**(3/2)*Abs(r)**(3/2)
3586,0.8197948020041285,B0 - i*s - i - s ; r,-i*s - i - s + 1.04555973362836 ; r
3587,0.8197491846263183,B0 + B1*s ; B2 + B3*i + B3*r + B4*sqrt(Abs(i))*sqrt(Abs(r)),2.7513413792658*s - 63.9557704195803 ; 16.0638987065644*i + 16.0638987065644*r + 4.30860713443475*sqrt(Abs(i))*sqrt(Abs(r)) + 2.58197418499009
3588,0.819721412520988,B0 + s ; B1 + i*Abs(r)**(1/4) + i,s - 0.95550699330816 ; i*Abs(r)**(1/4) + i + 1.94758775170929
3589,0.8195421015432272,B0*Abs(s)**(5/2) - s ; B1 - 2*r + sqrt(Abs(i)),-s + 1.06002497294152*Abs(s)**(5/2) ; -2*r + sqrt(Abs(i)) + 0.0174389155819919
3590,0.8194092557776278,B0*i**2 ; Abs(B1*i + B2)**(1/8),9.53310848553969e-7*i**2 ; Abs(0.00450369836827422*i + 0.154776785136859)**(1/8)
3591,0.8193280599045998,B0 + i**2 ; B1*r + B2*i*r,i**2 - 0.000367399363072387 ; 0.0367245216132315*i*r + 24.9176104196609*r
3592,0.819198008163751,B1*sqrt(Abs(B0 + 2*i)) ; B2 + B3*i**2 + B4*i*r + i,0.0942049833862116*sqrt(Abs(2*i - 0.023985804811469)) ; 0.00582512657109121*i**2 + 3.83352857748248*i*r + i - 0.0524621032045951
3593,0.8191497213496891,B0*i**4 ; B1 + B2*r + r**2,0.051058007223526*i**4 ; r**2 + 0.0151504777567135*r + 0.000201821341312172
3594,0.819048103153899,B0 + B1*sqrt(Abs(i + s)) ; B4*sqrt(Abs(B2 + B3*i)) + 2*r,0.00927665343612883*sqrt(Abs(i + s)) - 0.0806664294770297 ; 2*r - 79.9618970454348*sqrt(Abs(78.7970901895829*i + 175.789196849636))
3595,0.8189209390908518,B0 + B1*s ; B2*r + i*r - r**2 - r*sqrt(Abs(i)),2.72188001456649*s + 0.396270267776332 ; i*r - r**2 - r*sqrt(Abs(i)) + 92.0012875818585*r
3596,0.8189209364862137,B0 + B1*s ; B2*i + i**2 - i*r - i*sqrt(Abs(r)),0.0432336065786907*s + 0.00626754386476159 ; i**2 - i*r - i*sqrt(Abs(r)) + 0.00010387553043343*i
3597,0.8189207443423528,B0 + B1*s ; -2*i*r + r**2 + r*sqrt(Abs(i)),0.0433350533102458*s + 0.00623118164723413 ; -2*i*r + r**2 + r*sqrt(Abs(i))
3598,0.8186872271807226,B0 + B1*i + B1*s ; -i + sqrt(Abs(2*i - r**2 + r)),2.00729356035321e-5*i + 2.00729356035321e-5*s + 0.0139330343730199 ; -i + sqrt(Abs(2*i - r**2 + r))
3599,0.8186833103969933,B1*sqrt(Abs(B0 - i**2 + i*s)) ; B2*r + i*r - i,0.000147229807896807*sqrt(Abs(-i**2 + i*s + 3309.012549227)) ; i*r - i - 238.368654777325*r
3600,0.8186652918421053,B0 + B1*i + B1*s ; sqrt(Abs(B2*r + 2*r**2)),2.13302297675197*i + 2.13302297675197*s - 2.12101774903345 ; sqrt(Abs(2*r**2 + 1.09179500600359*r))
3601,0.8186652918421045,B0 + B1*i + B1*s ; -i*r + r**2 + r*sqrt(Abs(i)),0.907014469760465*i + 0.907014469760465*s - 0.895009241980362 ; -i*r + r**2 + r*sqrt(Abs(i))
3602,0.8185927760152599,B0 - i**2 + i + s ; i,-i**2 + i + s - 0.98168632343973 ; i
3603,0.818527437619697,B0*i + B0*s + B0*sqrt(Abs(B1 + i)) ; B2 + 2*r,-0.000120540560509524*i - 0.000120540560509524*s - 0.000120540560509524*sqrt(Abs(i + 99.9762411855099)) ; 2*r + 161.571830992593
3604,0.8182926146272615,B0*s ; B1*i + B2*i**2 + B2*i*r - r,0.0476697978578795*s ; 3.96849090987731*i**2 + 3.96849090987731*i*r + 3.37881898619822*i - r
3605,0.8182926145957737,B0*s ; B1*i**2 + B3*i*sqrt(Abs(B2 + i + r)),0.0476640883874551*s ; 0.000403966675185474*i**2 + 0.0474385661632276*i*sqrt(Abs(i + r + 0.348974881132053))
3606,0.8182926133842827,B0*s ; r + sqrt(Abs(B1 + B2*r**2 + B3*i*r)),0.0476579102469514*s ; r + sqrt(Abs(0.00104896697163573*i*r + 1.21742412632878*r**2 + 0.00052963486409061))
3607,0.8182926128836338,B0*s ; B1*r + 2*i*r - r*sqrt(Abs(i)),0.0476563467767129*s ; 2*i*r - r*sqrt(Abs(i)) + 0.107146934097148*r
3608,0.8182925720585519,B0*s ; sqrt(Abs(i**2*r**2 - i*r**3)),0.0476155239714663*s ; sqrt(Abs(i**2*r**2 - i*r**3))
3609,0.8182861299115332,B0*i + B2*sqrt(Abs(B1 + i)) ; B3*sqrt(Abs(i)) + B4*r - r**2 + r*sqrt(Abs(i)),-0.0557226200848511*i - 0.0138306876611959*sqrt(Abs(i + 0.112639306272312)) ; -r**2 + r*sqrt(Abs(i)) + 0.387700398876277*r + 0.181878864153374*sqrt(Abs(i))
3610,0.8181167903548746,i*s**2 - i*s ; r,i*s**2 - i*s ; r
3611,0.8179540067052897,B0*i**2*s + B0*i*s**2 ; B1 + B2*sqrt(Abs(i)) + B3*i + r,0.00027041893337212*i**2*s + 0.00027041893337212*i*s**2 ; 0.0998923204326514*i + r + 99.8813738675258*sqrt(Abs(i)) + 0.000305854514342964
3612,0.8179118806662548,B0*i ; sqrt(Abs(B1*i**2 + B2*i*r)),-0.00012041137574928*i ; sqrt(Abs(4.14604957585754*i**2 + 24.631200545558*i*r))
3613,0.817902457232018,B0*s**2 + B1*i*s**2 + B1*s**3 ; B2*i + B3*i*r,-2.29868011368549*i*s**2 - 2.29868011368549*s**3 + 2.30740017903771*s**2 ; 0.198712259196196*i*r + 0.0475344858273656*i
3614,0.8177119333653609,B0*sqrt(Abs(i)) ; sqrt(Abs(i*r**2 - r**2)),0.0125902801977671*sqrt(Abs(i)) ; sqrt(Abs(i*r**2 - r**2))
3615,0.8177119327433308,B0*sqrt(Abs(i**2 + i*s)) ; sqrt(Abs(i))*sqrt(Abs(r)),0.0125891532374044*sqrt(Abs(i**2 + i*s)) ; sqrt(Abs(i))*sqrt(Abs(r))
3616,0.8177094576785617,i*s ; B0 - r,i*s ; 0.0394546313752822 - r
3617,0.8172308108309114,i*sqrt(Abs(B0 + B1*i + B2*i*s)) ; r,i*sqrt(Abs(0.0686427556466277*i*s + 0.0150300789779015*i - 0.0254971807544951)) ; r
3618,0.8171021134366099,B0 + B2*sqrt(Abs(B1 + s)) ; B3*i*r - i**2*r + i*r**2,0.0491094758318373*sqrt(Abs(s + 0.0890080107176939)) - 0.000360228469586464 ; -i**2*r + i*r**2 + 0.00296277286642175*i*r
3619,0.8169447707245818,B1*sqrt(Abs(B0 + i + s)) ; B2*i*r**2 - i + r,0.00164468955250556*sqrt(Abs(i + s + 0.267649915313722)) ; 0.0303166525327465*i*r**2 - i + r
3620,0.8168638743328152,B0*s**2 ; B1*r + 2*i*r + r**2,0.0446139834060968*s**2 ; 2*i*r + r**2 + 0.024708835202501*r
3621,0.8167195491199232,B0*i**2 ; B1*i*r + i - 2*r,0.0305098067294512*i**2 ; 1.45365017267347*i*r + i - 2*r
3622,0.8164552611033129,B0*i + B0*sqrt(Abs(i))*sqrt(Abs(s)) ; i*r,0.00882322179524096*i + 0.00882322179524096*sqrt(Abs(i))*sqrt(Abs(s)) ; i*r
3623,0.8161121323262244,i**2 - i*s + Abs(i)**(3/2) ; B0*sqrt(Abs(i)),i**2 - i*s + Abs(i)**(3/2) ; 0.0802341584687549*sqrt(Abs(i))
3624,0.8157179961160217,B0*s**2 + B1*i**2*s + B1*i*s**2 ; B2 + Abs(i)**(3/4)*sqrt(Abs(r)),0.258853365646407*i**2*s + 0.258853365646407*i*s**2 - 0.0105377600257033*s**2 ; Abs(i)**(3/4)*sqrt(Abs(r)) - 0.0597098824563439
3625,0.8156334722686874,B0*i + B1*s ; B2 - i*r**2 - 2*r**3,-0.438152606237344*i + 2.29468709463688*s ; -i*r**2 - 2*r**3 - 0.0727849014217959
3626,0.8156301694610845,B0*i*s + B1*i**2*s + B1*i*s**2 ; B2*i*sqrt(Abs(r)),-1460.86089698932*i**2*s - 1460.86089698932*i*s**2 + 1461.1746042442*i*s ; 5.89369947038497*i*sqrt(Abs(r))
3627,0.8153934633796186,B0 - i*Abs(s)**(3/2) + i ; i + r,-i*Abs(s)**(3/2) + i + 0.000223240723851295 ; i + r
3628,0.8146278691339299,B0*s - i*s + Abs(s)**(3/2) ; B1 + i**2,-i*s - 0.858157306152937*s + Abs(s)**(3/2) ; i**2 + 0.00406332949356007
3629,0.8144836377853868,B0*i*s + i**2*s - i*s**2 ; i,i**2*s - i*s**2 + 2.09738689710517*i*s ; i
3630,0.8139371360816209,B0 + i ; 2*i + r,i + 3.55267535957671e-5 ; 2*i + r
3631,0.8138468091799749,B0 + B1*sqrt(Abs(s)) + B2*i*s ; B3*i*r + B4*i*r**2 - i**2 - r,0.00090560648792706*i*s + 0.0448137795266791*sqrt(Abs(s)) - 0.000317712680225593 ; -i**2 - 78.8521035415767*i*r**2 - 9.37114229397032*i*r - r
3632,0.8136602577214812,B0*sqrt(Abs(i))*sqrt(Abs(s)) ; B1 + B2*i**2 + i**4 - i,0.0368695269589673*sqrt(Abs(i))*sqrt(Abs(s)) ; i**4 + 0.0622682083112603*i**2 - i + 0.0202921453162231
3633,0.8136509589733907,-i + s*sqrt(Abs(B0 + s)) ; B1*r**2 + i*r**2 + i*r,-i + s*sqrt(Abs(s - 3.54489169407646)) ; i*r**2 + i*r + 53.3211457690378*r**2
3634,0.8135515129763924,i*s**4 ; B0*i*r + B1*i**2*r,i*s**4 ; 0.0622452835903487*i**2*r + 0.0122566752014431*i*r
3635,0.8132983619246961,B0*i ; i*r - r*sqrt(Abs(B1 + i)),0.0269845307743619*i ; i*r - r*sqrt(Abs(i + 0.000161593505131063))
3636,0.8132981787599666,B0*i**2 + B0*i*s ; Abs(i)**(1/4)*Abs(r)**(1/4),0.0271071805504278*i**2 + 0.0271071805504278*i*s ; Abs(i)**(1/4)*Abs(r)**(1/4)
3637,0.8132981716270424,B0*i**2 + B0*i*s ; i*r,0.0271094021665834*i**2 + 0.0271094021665834*i*s ; i*r
3638,0.8132981270155238,B0*i ; sqrt(2)*r**2*sqrt(Abs(i)) + r**2,0.0271224367724446*i ; sqrt(2)*r**2*sqrt(Abs(i)) + r**2
3639,0.8132981009227694,B0*i ; sqrt(Abs(r**3 - r**2)),0.026851417704904*i ; sqrt(Abs(r**3 - r**2))
3640,0.8131002804502095,B0*s + s*sqrt(Abs(B1 - i)) ; r,s*sqrt(Abs(i - 0.0948768251611074)) - 0.201607391714114*s ; r
3641,0.8129904431340611,B0 + B1*i ; sqrt(Abs(B2 + B3*i + i**2 - i*r)),0.000151811620929394*i + 0.0253189781129449 ; sqrt(Abs(i**2 - i*r + 2.43625156399211*i + 0.654960830342996))
3642,0.8128929950669584,i**2*s**2 ; B0*i**2 + B0*i*r,i**2*s**2 ; 0.40804155133618*i**2 + 0.40804155133618*i*r
3643,0.8128827829549664,3*i**2*s ; B0*i,3*i**2*s ; 2.83996217608971*i
3644,0.8124432329067987,B0*i + B1*s ; B2*i + B3*i**2 + i**2*r - r,0.00241754275865747*i + 2.71480626963664*s ; i**2*r - 2.03704909284949*i**2 + 15.6439480511846*i - r
3645,0.8121442143417142,B1*sqrt(Abs(B0 - i + s)) ; B2 + B3*i**2 + B4*i**3 - r,0.0264017049338969*sqrt(Abs(-i + s + 0.301004162988197)) ; 0.547524327916606*i**3 + 0.527653794903254*i**2 - r + 0.812056975972318
3646,0.811802868117344,B0*i**2 ; sqrt(Abs(B1*r**2 + B2*r)),0.461303162784857*i**2 ; sqrt(Abs(0.000230350704073956*r**2 + 0.217871911361127*r))
3647,0.811648193304526,B0 + B1*i + B2*s + B3*i*s ; B5*sqrt(Abs(B4 - 2*r)) - i,-0.00027528228018858*i*s - 0.000821221057927341*i + 2.71749671936211*s - 1.52647686633486 ; -i - 1.35005906806034*sqrt(Abs(2*r - 42.206076821496))
3648,0.8115551571487565,B0 - i*sqrt(Abs(i + s**2)) ; r,-i*sqrt(Abs(i + s**2)) + 0.0448534062314676 ; r
3649,0.8115241978262618,B0 + s ; B1*sqrt(Abs(i)) + B2*r + i,s - 0.955469662791062 ; i + 0.0067588091739184*r + 0.0257983767697552*sqrt(Abs(i))
3650,0.8115088297848726,B0*i + B2*sqrt(Abs(B1 + i)) ; B3*i + B4*r + B5*r**2,0.00197338058577118*i + 0.0208937939121778*sqrt(Abs(i - 0.268181882771326)) ; -0.0639527670033077*i + 10.0185430672281*r**2 + 7.62672716956897*r
3651,0.8114626106437317,B0 + 2*s ; sqrt(Abs(B1*Abs(i)**(3/2) - i**2)),2*s - 1.91524111078003 ; sqrt(Abs(i**2 - 12.7735778712251*Abs(i)**(3/2)))
3652,0.8113294748519647,B0*i*s + B3*i*sqrt(Abs(B1*s + B2*i)) ; B4*i + r,-0.00210510283922156*i*s + 2.06350050070822e-5*i*sqrt(Abs(15.5713867327311*i + 0.205975852546736*s)) ; 0.129837094690117*i + r
3653,0.8109703682459234,i*s + s*sqrt(Abs(B0 + i)) ; 2*r,i*s + s*sqrt(Abs(i + 4.42333582597772)) ; 2*r
3654,0.8107317361684501,B0 + B1*s ; B2*r + B3*r**2 + B4*i*r + i,0.0432071364429969*s + 0.00628401237886779 ; 5.67777245886319*i*r + i + 0.00081493681731901*r**2 + 0.37448953952046*r
3655,0.8107317331983144,B0 + B1*s ; B2*i + B3*i**2 + B4*i**2*r,0.0432234712665593*s + 0.00627909249787653 ; 0.00114586900274237*i**2*r + 0.00622518525795682*i**2 + 0.0111578129859062*i
3656,0.8107316323320848,B0 + B1*i + B2*s - i**2 - i*s ; r,-i**2 - i*s - 81.6363027242847*i - 79.9143765203758*s + 83.0358854249116 ; r
3657,0.8107151248044095,B1*sqrt(Abs(B0 - i)) ; B2 + B3*i*r**2 - i**2*r + i,0.047528871108097*sqrt(Abs(i - 1.17281960877585)) ; -i**2*r + 1.16493290460734*i*r**2 + i - 1.16260979111644
3658,0.8106450094546082,B0*Abs(i)**(1/8)*Abs(s)**(1/8) ; B1*r**2 + i*r**2,0.0173102322086311*Abs(i)**(1/8)*Abs(s)**(1/8) ; i*r**2 + 0.000226716544387602*r**2
3659,0.8106311477121703,B0 + i*s*sqrt(Abs(i + s)) + i*s ; B1 + 2*i,i*s*sqrt(Abs(i + s)) + i*s + 0.00543542679756156 ; 2*i - 0.00262413090296441
3660,0.8105265145095337,B0 + i**2 ; B1 + B2*i**2 + i**3,i**2 + 0.0119167831433302 ; i**3 + 17.000605907717*i**2 + 0.0119365310464283
3661,0.8104969510317657,B0*i ; B1 + B2*i + B2*r + B3*sqrt(Abs(r)),-0.000120428088994557*i ; 203.335198880244*i + 203.335198880244*r + 68.2053465548485*sqrt(Abs(r)) + 146.172766114895
3662,0.8104969510155087,B1*sqrt(Abs(B0 + i**2 + i)) ; B2 + B3*i*r - i*r**2,0.00012100409175829*sqrt(Abs(i**2 + i + 5.02596693874972)) ; -i*r**2 - 5.19391331064669*i*r + 148.075458068049
3663,0.8104969508347774,B0*sqrt(Abs(i)) ; B1*i + 2*i**2 + r,0.0012042808899861*sqrt(Abs(i)) ; 2*i**2 + 5570.38813929353*i + r
3664,0.8104969448131677,B0*i ; B1 + B2*r - i*r + Abs(r)**(3/2),-0.000120433169668104*i ; -i*r - 27.6470354616673*r + Abs(r)**(3/2) + 147.555892568832
3665,0.8104969416609634,B1*sqrt(Abs(B0 - i)) ; B2*r + B3*r**3 - i,0.000802711376266542*sqrt(Abs(i + 125.029390828611)) ; -i + 6.02731593868698*r**3 + 25.9648672091183*r
3666,0.8104791273605466,B0*i ; B1*Abs(i)**(5/2) - i**3,0.58117274188006*i ; -i**3 + 195.707043820751*Abs(i)**(5/2)
3667,0.8104780168752229,B1*sqrt(Abs(B0 + i)) ; B2*i*r + B3*i**2*r,1.54080409336886e-5*sqrt(Abs(i + 600971.077819282)) ; 29.9186177957775*i**2*r + 0.35738367434001*i*r
3668,0.810477196103031,B2*sqrt(Abs(B0 + B1*i - s)) ; B3 + i*r**3 - i*r**2 + r,0.0342355835698854*sqrt(Abs(0.0196162682919971*i + s - 1.82832073780948)) ; i*r**3 - i*r**2 + r - 86.9475183835656
3669,0.810469969756988,B1*sqrt(Abs(B0 + i)) ; B2*i**2*r - i*r**2,0.00040238724083496*sqrt(Abs(i + 886.344445989976)) ; 48.0804528291314*i**2*r - i*r**2
3670,0.8104134486406557,sqrt(Abs(B0 + B1*s**2)) ; B2*i*r + 2*i*r**2,sqrt(Abs(0.00220577027406476*s**2 - 1.81042113677576e-5)) ; 2*i*r**2 + 0.00870644734861823*i*r
3671,0.8103046168543272,B0*Abs(i)**(3/2) ; B1*i + B2*i**2 + B2*i*r + B2*r,4.60761041010522*Abs(i)**(3/2) ; 0.0218978758526153*i**2 + 0.0218978758526153*i*r + 0.612381057079365*i + 0.0218978758526153*r
3672,0.8102907547480633,B0*sqrt(Abs(i)) ; B1*i**3 + i - r,0.019200110752719*sqrt(Abs(i)) ; 12.8605493318259*i**3 + i - r
3673,0.8102259614742298,B0*i**2 - i*s ; sqrt(Abs(B1*i + B1*r + B1*sqrt(Abs(i)))),-0.00185458663969818*i**2 - i*s ; sqrt(Abs(0.000155957558606578*i + 0.000155957558606578*r + 0.000155957558606578*sqrt(Abs(i))))
3674,0.8101096424807125,B0*s ; Abs(i)**(1/32),0.0477210308434321*s ; Abs(i)**(1/32)
3675,0.8099910009315806,B0*i + B0*s + B0*sqrt(Abs(i))*sqrt(Abs(s)) ; r,0.00973775077921854*i + 0.00973775077921854*s + 0.00973775077921854*sqrt(Abs(i))*sqrt(Abs(s)) ; r
3676,0.8098869345915333,B1*sqrt(Abs(B0 + i - s)) ; B2 + B3*i**3 - i**2*r + i,0.0341132948900916*sqrt(Abs(i - s + 0.0618045662657563)) ; 0.000238094621175828*i**3 - i**2*r + i + 0.0711454502418167
3677,0.8097147612724445,B0*i*s + B1*i*s**2 + B2*i**2*s ; B3*i**2,-0.598498726858572*i**2*s - 0.687641972291736*i*s**2 + 1.04419798281861*i*s ; 1.04291644133162*i**2
3678,0.8096035917538962,B0*i*s + B1*i*s**2 + B2*i**2*s ; r,-2.83490241164454*i**2*s - 2.68221231163617*i*s**2 + 3.02536378611214*i*s ; r
3679,0.8095578684857373,B0*i*s + B1*i*s**2 + B2*i**2*s ; B3 + B4*i + 2*i*r,-0.0644941182611731*i**2*s + 0.471556382305491*i*s**2 - 0.517672703299293*i*s ; 2*i*r - 0.439988940777015*i + 0.888833209579951
3680,0.8095267297697397,B0*i + B1*i**2 + B2*i*s + B2*i*sqrt(Abs(s)) ; B3*i**3 + B3*i**2*r,-0.0752092158598985*i**2 + 0.16296973748904*i*s + 0.16296973748904*i*sqrt(Abs(s)) - 0.00825528721187212*i ; 0.309230921989782*i**3 + 0.309230921989782*i**2*r
3681,0.8093189426123383,B1*i*sqrt(Abs(B0 + s)) ; B2*r + i*r - r**2,0.111146586219296*i*sqrt(Abs(s - 0.731880130864681)) ; i*r - r**2 + 0.00467104750049416*r
3682,0.8093045733747563,B0*sqrt(Abs(s)) ; -2*i*r**2 + Abs(r)**(5/2),0.0335176367899151*sqrt(Abs(s)) ; -2*i*r**2 + Abs(r)**(5/2)
3683,0.809267850380496,B0*sqrt(Abs(s)) ; B1*i**2 + B2*i**3 - i + r,0.0341022501320533*sqrt(Abs(s)) ; 0.00196309633052486*i**3 + 2.97523440794097*i**2 - i + r
3684,0.8091030099973848,B0 + B1*i + B2*s - i*s ; B3 + B4*i + i*r - r,-i*s + 0.229652164455609*i - 0.202456098235211*s + 0.178440346266204 ; i*r + 0.27466788158869*i - r + 0.188552675105496
3685,0.8089059537872575,B0*Abs(s)**(1/4) ; B1*r + B2*r**2 + B3*i*r,0.0210854197936823*Abs(s)**(1/4) ; 12.9776976160961*i*r + 3.3397903428046*r**2 + 0.00137207293847012*r
3686,0.8088926063498075,B0*Abs(s)**(1/4) ; B1 + B2*i**2 + B3*i*r + r,0.0210857949283762*Abs(s)**(1/4) ; 0.144306888126098*i**2 + 45.4754116307045*i*r + r + 0.804867734939872
3687,0.8081323077399489,B0*s + B0*Abs(s)**(1/4) ; B1*r**2 - i*r**2 + r**3,0.020283456108929*s + 0.020283456108929*Abs(s)**(1/4) ; -i*r**2 + r**3 + 0.000922234870065707*r**2
3688,0.8081216567876505,B0 + B1*s*sqrt(Abs(i)) ; B2*i*r + B3*i*r**2 + B4*i**2*r,0.250882188911973*s*sqrt(Abs(i)) - 0.0340242526695913 ; 0.000525360940926988*i**2*r + 0.000261007938755307*i*r**2 + 22.6201570894196*i*r
3689,0.8080187208432132,B0*i ; B1*i + i**2 - i*r - r,0.00810523033170148*i ; i**2 - i*r - 3.33272583140159*i - r
3690,0.8074422370078902,i**2 - s ; B0 + B2*r*sqrt(Abs(B1 + sqrt(Abs(i)))),i**2 - s ; -0.0748483793494532*r*sqrt(Abs(sqrt(Abs(i)) - 364.923738113269)) + 1.52912898860395
3691,0.8072023715806362,B0*i**2 + B1*i*s ; i + r,-0.0131985890800439*i**2 - 0.014390245883551*i*s ; i + r
3692,0.8070145481756874,s*sqrt(Abs(i**2 + i*sqrt(Abs(s)))) ; B0*i,s*sqrt(Abs(i**2 + i*sqrt(Abs(s)))) ; 6.53731253798748*i
3693,0.8070033961838596,B0*sqrt(Abs(i**2 + i - s)) ; sqrt(Abs(i**2 + i*r - Abs(i)**(3/2))),9.32039180293668e-5*sqrt(Abs(i**2 + i - s)) ; sqrt(Abs(i**2 + i*r - Abs(i)**(3/2)))
3694,0.8069851312213286,B0*i*s + i**2*s ; r,i**2*s + 0.182804749037775*i*s ; r
3695,0.8069183033625373,B1*sqrt(Abs(B0 - i + s)) ; B2 + B3*i**2*r - i*r**2 + i,0.0293542239613185*sqrt(Abs(-i + s + 0.893287277998522)) ; -0.603014101678706*i**2*r - i*r**2 + i - 0.630716958916236
3696,0.8065352542199573,B0 + B1*i ; B2*i**2 + B2*i*r + B2*r + B3*i*sqrt(Abs(r)),0.000155073803023681 - 0.000749527290960948*i ; 1.95098845153032*i**2 + 1.95098845153032*i*r + 0.158310435577487*i*sqrt(Abs(r)) + 1.95098845153032*r
3697,0.8058611541291468,B0*sqrt(Abs(i)) ; B1 + i**2*r**2 - r**3,0.028703611186089*sqrt(Abs(i)) ; i**2*r**2 - r**3 + 0.0565074503773494
3698,0.8057987565921656,B0*s + i*s + s**2 ; B1*Abs(r)**(3/2) + i,i*s + s**2 - 0.955739984882887*s ; i - 6.64710895813079*Abs(r)**(3/2)
3699,0.8057356697579598,B0*i**2 + B1*i**2*s ; B2 + r + sqrt(Abs(i)),0.0340277425837382*i**2*s + 0.188470687489857*i**2 ; r + sqrt(Abs(i)) - 0.333163112488981
3700,0.8053044355948539,B0*i ; 2*i**2 + i - r,0.0564912591092091*i ; 2*i**2 + i - r
3701,0.8052847748809485,B0*i**2 + i**2*s ; i**2,i**2*s + 0.426008443917086*i**2 ; i**2
3702,0.8052273590125097,B0*i*Abs(s)**(1/4) ; B1*r + i*r + r**2,0.0279582372257526*i*Abs(s)**(1/4) ; i*r + r**2 + 0.0218398086309872*r
3703,0.805165378887839,B0*i ; B1*r + i*r + r**2,0.0269914526153417*i ; i*r + r**2 + 3.78562273106811*r
3704,0.8051653788844991,B0*i ; B1*r - r**2 + Abs(r)**(3/2),0.0269917258511269*i ; -r**2 + 0.000499733102978578*r + Abs(r)**(3/2)
3705,0.8051653787975329,B0*i ; B1*r - 2*i*r,0.0269937486282375*i ; -2*i*r + 0.00668751872140762*r
3706,0.8051653787972803,B0*i ; B1*r - i*r + Abs(r)**(3/2),0.0269885134591365*i ; -i*r + 0.037093774209444*r + Abs(r)**(3/2)
3707,0.805165378223468,B0*i ; B1*r + i*r - r**2,0.0269981803836995*i ; i*r - r**2 + 0.345927831030194*r
3708,0.8051653780759965,B0*i ; B1*r + 2*r**2,0.0269833401816252*i ; 2*r**2 + 0.0325774733020574*r
3709,0.805165377225292,B0*i ; B1*Abs(r)**(3/2) + B2*i*r,0.0270022727861242*i ; 99.0019595772435*i*r + 4.24565925830035*Abs(r)**(3/2)
3710,0.8051653768452057,B0*i ; B1*Abs(i)**(1/4)*Abs(r)**(1/8),0.0269787762207024*i ; 5.01107585690695*Abs(i)**(1/4)*Abs(r)**(1/8)
3711,0.8051653724566937,B0*i ; B1*r**2 + B2*i*r,0.0270130275097266*i ; 0.000882062227255959*i*r + 5.3379399730248*r**2
3712,0.8051651922717684,B0*i ; 2*i*r + r**2,0.027108664115336*i ; 2*i*r + r**2
3713,0.8051635146230023,B1*i*sqrt(Abs(B0 + 2*i)) ; B2*r + B3*i**2*r,0.00243418422603589*i*sqrt(Abs(2*i + 122.031187310308)) ; 0.0110027880177433*i**2*r + 0.0218714520360655*r
3714,0.8050338856442337,B0*i + i**4 ; r,i**4 + 0.0252248848054996*i ; r
3715,0.8049822158382018,B0 + B1*s - s*Abs(i)**(1/4) ; r,-s*Abs(i)**(1/4) - 0.612597391676948*s + 1.05799642182405 ; r
3716,0.8048567567020614,B0*i**2*s - i*s ; sqrt(Abs(B1*r + B2*i)),0.000231827795685562*i**2*s - i*s ; sqrt(Abs(0.000615912210584515*i + 0.00017770065880965*r))
3717,0.8046403860619593,B0*i**2 + 2*i**2*s ; i,2*i**2*s + 48.0800645117115*i**2 ; i
3718,0.8046183285275325,B0*s + s*Abs(i - s)**(1/4) ; 2*r,s*Abs(i - s)**(1/4) - 0.960007011273574*s ; 2*r
3719,0.8045666863822538,B0*i + i**3*s ; r,i**3*s + 0.01949834976622*i ; r
3720,0.8045187992637576,B0*s + sqrt(Abs(i))*Abs(s)**(3/2) ; r,-0.18274497355593*s + sqrt(Abs(i))*Abs(s)**(3/2) ; r
3721,0.8044813149368161,B0*s - i*s + Abs(s)**(3/2) ; B1 + 2*i**2 - r,-i*s - 1.03304415287304*s + Abs(s)**(3/2) ; 2*i**2 - r + 0.130586413939088
3722,0.8044568061290364,B0 + i**2 - i ; B1*Abs(i)**(1/4) + r*Abs(i)**(1/4) - r,i**2 - i + 0.0374188827127452 ; r*Abs(i)**(1/4) - r + 0.331109173570537*Abs(i)**(1/4)
3723,0.8043954350296013,i**3 + i**2*s ; i**2,i**3 + i**2*s ; i**2
3724,0.8041008663779223,B0*Abs(i)**(3/2) ; i*r**2 - r**3,0.0993531964512954*Abs(i)**(3/2) ; i*r**2 - r**3
3725,0.8040018119485827,B0*i + s*Abs(i)**(5/2) ; r,0.0106844101304834*i + s*Abs(i)**(5/2) ; r
3726,0.8037651328918765,B0*sqrt(Abs(i)) + s*sqrt(Abs(i)) ; -i*r + i*sqrt(Abs(i**2 + r)),s*sqrt(Abs(i)) - 0.837800957250053*sqrt(Abs(i)) ; -i*r + i*sqrt(Abs(i**2 + r))
3727,0.8037405701186967,B0*i + B0*s**2 + B1*s**3 ; B2*r + B3*i*r,0.00551431081916111*i + 0.0371501570527552*s**3 + 0.00551431081916111*s**2 ; 0.0104526883072453*i*r + 0.000227180114950253*r
3728,0.8036848415028073,B0*i**2 ; B1*r + B2*i*r**2,0.461130026856481*i**2 ; 0.00116235846589981*i*r**2 + 0.000146979055386183*r
3729,0.803643991279236,B0*i**2 + i**3 ; sqrt(Abs(B1*r + B2*i*r)),i**3 + 0.419325362892623*i**2 ; sqrt(Abs(0.0061273820825372*i*r + 12.6421574630487*r))
3730,0.8034653979310943,B0*s**2 + s**3 ; i*sqrt(Abs(B1 - 2*i)),s**3 - 0.953126787105232*s**2 ; i*sqrt(Abs(2*i - 5.67101466211205))
3731,0.8033750477243674,i**2*s**2 + sqrt(2)*i*Abs(s)**(5/2) ; B0*i**2,i**2*s**2 + sqrt(2)*i*Abs(s)**(5/2) ; 38.9493589124208*i**2
3732,0.8033745434002375,B0*s - i*s + Abs(s)**(3/2) ; B1 - i**2 + i*r - r,-i*s - 1.32546172510937*s + Abs(s)**(3/2) ; -i**2 + i*r - r + 0.427285993152263
3733,0.8033583310904332,B0*i**3 + i*s ; r,-327.733322236897*i**3 + i*s ; r
3734,0.8033049764982745,B0*i + i**2*s**2 ; r,i**2*s**2 - 0.0142789496317444*i ; r
3735,0.8032997946578194,B0*s - i*s + s**2 ; 2*r,-i*s + s**2 - 0.919632824251436*s ; 2*r
3736,0.8032377061038115,B0*s - i*s + Abs(s)**(3/2) ; 2*r,-i*s - 0.942288354438707*s + Abs(s)**(3/2) ; 2*r
3737,0.8031421594625376,B0*i + B1*i*s + B1*Abs(i)**(3/2) ; B2*r,-3.11980435376652*i*s + 3.9049111939404*i - 3.11980435376652*Abs(i)**(3/2) ; 0.00866588609898401*r
3738,0.8031371828062605,B0*i + i**3 + i**2 + i*s ; B1 + i,i**3 + i**2 + i*s - 0.100552675061835*i ; i - 0.0135440820507182
3739,0.8029391475737898,i**2*s + s*Abs(i)**(3/2) ; i,i**2*s + s*Abs(i)**(3/2) ; i
3740,0.8029348935134033,B0*i - i**2 + i*sqrt(Abs(s)) ; B1 - i - r,-i**2 + i*sqrt(Abs(s)) - 1.18473252395802*i ; -i - r + 0.0821420910934838
3741,0.8027703558887485,B0*i**2*s - i**2 ; B1 + B2*r - i*r,0.140284519281633*i**2*s - i**2 ; -i*r - 0.130585345466994*r + 0.00306914248472053
3742,0.8027504002271694,3*i*s**2 ; B0*i + B1*r,3*i*s**2 ; 2.91190102619403*i - 0.109817817944428*r
3743,0.8026242471297115,B0 + B1*i ; -r**2 + r*sqrt(Abs(i*r + 2*r**2)),3.11339002746796 - 2.72178757654582*i ; -r**2 + r*sqrt(Abs(i*r + 2*r**2))
3744,0.8026242356496969,B0*i + B1*s + B2*i*s + B2*s**2 ; B3*sqrt(Abs(r)),-0.554422290960239*i*s + 0.400166109688106*i - 0.554422290960239*s**2 + 3.67653515704938*s ; 6.15949957894562*sqrt(Abs(r))
3745,0.8026242107764909,B0*i + B1*i**2 + B1*i*s + B2*s ; B3*Abs(i)**(1/4)*Abs(r)**(1/4),-1.45589202985775*i**2 - 1.45589202985775*i*s + 1.46212177433196*i + 0.0495682188402355*s ; 0.315951389738029*Abs(i)**(1/4)*Abs(r)**(1/4)
3746,0.802458914249117,i*s + sqrt(2)*s**2*Abs(i)**(3/2) ; B0*i + i**3 + i*r,i*s + sqrt(2)*s**2*Abs(i)**(3/2) ; i**3 + i*r + 0.923668417883004*i
3747,0.8023826948437481,B0*i**2 - i**2*s ; B1 - i**3,-i**2*s + 0.136528238805268*i**2 ; 0.000542692988269366 - i**3
3748,0.8023641158656228,B0*Abs(i + sqrt(Abs(s)))**(1/4) ; sqrt(Abs(B1 + i**2*r - i*r**2)),0.00380824336520304*Abs(i + sqrt(Abs(s)))**(1/4) ; sqrt(Abs(i**2*r - i*r**2 + 1808.88729112555))
3749,0.8023570276581088,B0*i*s ; B1 + B2*i + i**2 + sqrt(Abs(r)),0.0226053330806464*i*s ; i**2 + 0.0608283064020874*i + sqrt(Abs(r)) - 0.274767984967374
3750,0.8023287945302419,i**2*s - i*s**2 ; i,i**2*s - i*s**2 ; i
3751,0.8020085536459385,B0*s ; sqrt(Abs(i**2*r + i*r**2 + r*Abs(i)**(3/2))),0.0476179038883032*s ; sqrt(Abs(i**2*r + i*r**2 + r*Abs(i)**(3/2)))
3752,0.8018008068088335,B0*i**2 ; B1 + B2*r + r**2 + r*sqrt(Abs(i)),1.01363293814948e-6*i**2 ; r**2 + r*sqrt(Abs(i)) + 8.79005488775853*r + 348.181734089429
3753,0.8016226887769653,B0 + B1*i ; B2*i**2 + B3*i**3 + r,0.0108893824350896 - 0.00588453615799876*i ; 0.111382792475012*i**3 + 0.978133428602836*i**2 + r
3754,0.801568990572208,B0*i - i*s + Abs(i)**(3/2) ; r,-i*s - 0.0466104678351178*i + Abs(i)**(3/2) ; r
3755,0.8015641625423392,B0*i + i**2 - i*s ; r*sqrt(Abs(B1 + r)),i**2 - i*s + 0.0141898549360456*i ; r*sqrt(Abs(r + 0.000308714326190475))
3756,0.8015572435530249,B0*i - i*s - Abs(i)**(3/2) ; B1*r**2 + B1*Abs(r)**(3/2),-i*s + 0.0837132736693006*i - Abs(i)**(3/2) ; 1.72024405205924*r**2 + 1.72024405205924*Abs(r)**(3/2)
3757,0.8015539731821051,-2*i*s + Abs(i)**(3/2) ; r**2 - r,-2*i*s + Abs(i)**(3/2) ; r**2 - r
3758,0.8015066291132146,B0*i - i**2 ; i**2*r + 2*i*r**2,-i**2 + 0.377203420653883*i ; i**2*r + 2*i*r**2
3759,0.8011708211159885,B0*sqrt(Abs(s)) ; B1 + B2*i**2*r + B2*i*r**2 - r,0.0339697255341111*sqrt(Abs(s)) ; 3.79427118650192*i**2*r + 3.79427118650192*i*r**2 - r + 0.00402849338504657
3760,0.8006082657524964,B0*s**2 + i*s**2 + s**3 ; -i*sqrt(Abs(r)) + Abs(r)**(3/2),i*s**2 + s**3 - 0.955344125037551*s**2 ; -i*sqrt(Abs(r)) + Abs(r)**(3/2)
3761,0.7992542082153499,B0*s + s*sqrt(Abs(s - sqrt(Abs(s)))) ; 2*r,s*sqrt(Abs(s - sqrt(Abs(s)))) - 0.106370204232818*s ; 2*r
3762,0.7990323419296068,B0*i*s - i*s**2 + i*Abs(s)**(3/2) ; i,-i*s**2 + 1.18562232049155*i*s + i*Abs(s)**(3/2) ; i
3763,0.7988850184974292,B0*i + B0*sqrt(Abs(i)) + i*s + s*sqrt(Abs(i)) ; B1 + i,i*s - 0.515014029601351*i + s*sqrt(Abs(i)) - 0.515014029601351*sqrt(Abs(i)) ; i + 0.0584215846978811
3764,0.7986594624166939,B0*i ; i*sqrt(Abs(B1 + r)) - r*sqrt(Abs(B1 + r)),0.0503104446406131*i ; i*sqrt(Abs(r - 0.00352760548004386)) - r*sqrt(Abs(r - 0.00352760548004386))
3765,0.7974267850053421,B0*i**2 + B1*i**2*s ; B2 + B3*i*r + i**2 + r,0.126693642983493*i**2*s + 0.0657109831591062*i**2 ; i**2 + 12.185246225251*i*r + r + 0.0981770951717821
3766,0.7972751585751994,B0*i*s + B0*i*Abs(s)**(1/4) ; r,0.0147818898465019*i*s + 0.0147818898465019*i*Abs(s)**(1/4) ; r
3767,0.7971925073692481,B0*s + s*sqrt(Abs(B1 + i*s)) ; 2*r,s*sqrt(Abs(i*s - 0.0624516084594119)) - 0.171443867251399*s ; 2*r
3768,0.7971137246796385,B0*i ; i*r - r*sqrt(Abs(B1 + 2*i)),0.0269967636102255*i ; i*r - r*sqrt(Abs(2*i + 53.8692059689141))
3769,0.797113722056689,B0*i ; B1*r + r**2 - r*sqrt(Abs(i)),0.0269759769455869*i ; r**2 - r*sqrt(Abs(i)) + 0.0105755938224117*r
3770,0.7968759118113438,-i + sqrt(Abs(i**2*s - i)) ; sqrt(Abs(i)),-i + sqrt(Abs(i**2*s - i)) ; sqrt(Abs(i))
3771,0.7963308800259845,B0*i + i**2 + 2*i*s ; i**2,i**2 + 2*i*s - 1.6321517682413*i ; i**2
3772,0.7959359763745351,B1*sqrt(Abs(B0 + i)) ; i*r + r**2 + r*sqrt(Abs(i)) + Abs(i)**(3/2),0.00212164525213337*sqrt(Abs(i + 112.92968721342)) ; i*r + r**2 + r*sqrt(Abs(i)) + Abs(i)**(3/2)
3773,0.795620324882422,B0*i - i*s + i*sqrt(Abs(s)) ; r,-i*s + i*sqrt(Abs(s)) - 0.000677092336313115*i ; r
3774,0.7953357161893596,B0*s + s*sqrt(Abs(i - 2*s)) ; 2*r,s*sqrt(Abs(i - 2*s)) - 1.36773067732239*s ; 2*r
3775,0.7952255589401451,B0*i + B1*i*s + B1*s ; B2 + 3*i - r,0.000735357895953808*i*s + 0.000138219869637741*i + 0.000735357895953808*s ; 3*i - r + 0.00247146594496324
3776,0.7952006386127591,B0*s + s*sqrt(Abs(2*i - s)) ; 2*r,s*sqrt(Abs(2*i - s)) - 0.941064675333633*s ; 2*r
3777,0.7948741697840651,i*s + s*sqrt(Abs(B0 + i + s)) ; 2*r,i*s + s*sqrt(Abs(i + s + 3.63674114028306)) ; 2*r
3778,0.7947968381797669,B1*sqrt(Abs(B0 + i)) ; B2*i**2 + B3*i*r - i + r,0.00699420053258539*sqrt(Abs(i + 2.54747282106955)) ; 1.51734731391568*i**2 - 1.26873835238272*i*r - i + r
3779,0.7946230264533256,B0*i ; B1*i + B2*r + i**2 - i*r,0.00598414749081633*i ; i**2 - i*r - 0.136543132516066*i + 3.49103815237932*r
3780,0.7943534949114024,B1*sqrt(Abs(B0 + 2*i + s)) ; B2 - i**3 + i**2*r**2,0.00051198826572829*sqrt(Abs(2*i + s - 352.172732352199)) ; -i**3 + i**2*r**2 - 217.410594498115
3781,0.7943501140091032,B0 + B1*i + B1*s ; B2*r - 2*i*r - r**2,-2.43534293508714*i - 2.43534293508714*s + 2.44734816298512 ; -2*i*r - r**2 + 3.44104166759042*r
3782,0.7943501124825874,B0*i + B0*s ; B1*r + B2*r**2 + B3*i*r,0.0120082887132862*i + 0.0120082887132862*s ; 0.000127348623785902*i*r + 56.6587713055188*r**2 + 8.00895158128835*r
3783,0.7941555861589384,B0*sqrt(Abs(i - s + sqrt(Abs(i)))) ; B1*r**2 + B2*i*r - i + r,0.00115007322217424*sqrt(Abs(i - s + sqrt(Abs(i)))) ; 26.1184356449636*i*r - i - 111.651053032117*r**2 + r
3784,0.7939885057918782,B0*s ; B1*i + B2*r + i*r - 2*r**2,0.0476672502514815*s ; i*r + 60.4236145045333*i - 2*r**2 + 0.00326767153383669*r
3785,0.7939885054067128,B0*s ; B1*r + i*r**2 - i*r - r**3,0.0476720932285545*s ; i*r**2 - i*r - r**3 + 0.00938271935055355*r
3786,0.7939191977847734,B0*sqrt(Abs(i)) + B0*sqrt(Abs(s)) ; Abs(r)**(1/4)*Abs(i + r)**(1/16),0.00987854574359207*sqrt(Abs(i)) + 0.00987854574359207*sqrt(Abs(s)) ; Abs(r)**(1/4)*Abs(i + r)**(1/16)
3787,0.7935782573543323,B0*i*s + 2*i*s**2 ; i*sqrt(Abs(B1 - i)),2*i*s**2 - 1.20286287390436*i*s ; i*sqrt(Abs(i - 0.142162374939496))
3788,0.793547978215094,-2*i*s + i*sqrt(Abs(s)) ; B0 + r,-2*i*s + i*sqrt(Abs(s)) ; r
3789,0.7934924802768751,B0*i*s**2 + B1*i**2*s ; B2*i*r + i**2*r - 2*i*r**2,0.190458569521455*i**2*s + 0.343152068111436*i*s**2 ; i**2*r - 2*i*r**2 + 0.0055921594821442*i*r
3790,0.7930475132480247,B0*i**2 + B1*i*s + i**3 - i**2*s ; B2*i + B3*r + B4*i*r,i**3 - i**2*s + 0.574940211389763*i**2 + 0.543260145064475*i*s ; 0.217977610726057*i*r + 0.246536113943586*i - 0.026649807439437*r
3791,0.7928268773389558,B0*Abs(s)**(1/4) ; B1*i + B2*r + B3*r**2 - i*r,0.0210853678124649*Abs(s)**(1/4) ; -i*r + 0.028329334659864*i + 0.00317782964945146*r**2 + 0.00567777435827212*r
3792,0.7928166732577937,B0*Abs(s)**(1/4) ; B1*i**2*r + B1*i**2*sqrt(Abs(B2 + r)),0.021088894167695*Abs(s)**(1/4) ; 0.00166336605356723*i**2*r + 0.00166336605356723*i**2*sqrt(Abs(r + 0.0166797358792261))
3793,0.7920977738130497,B0*Abs(i)**(1/4) ; B1*r + B2*r*sqrt(Abs(i)) - i*r,0.0117775851812446*Abs(i)**(1/4) ; -i*r + 0.00337643291944208*r*sqrt(Abs(i)) + 0.00973937968834227*r
3794,0.790999565095898,B0*i + B1*i**2 + B1*i*s ; sqrt(Abs(B2*i + B3*r)),-0.0261682528588492*i**2 - 0.0261682528588492*i*s - 0.00884451682922391*i ; sqrt(Abs(0.0408351717828099*i + 0.0310414763584728*r))
3795,0.7891425877478864,B0*i ; B1*r**2 + r**2*Abs(i)**(1/4),0.0269939119942053*i ; r**2*Abs(i)**(1/4) + 0.00425549174195911*r**2
3796,0.7891425874123835,B0*i ; B1*r + B2*r**2 + i*r,0.0269853636048869*i ; i*r + 0.00674389583623574*r**2 + 0.000300353149996217*r
3797,0.7891424387217677,B0*i ; i*r**2 + i*r + r**2,0.0270973013200724*i ; i*r**2 + i*r + r**2
3798,0.7890474675288719,B0 - i*s + Abs(i)**(3/2) ; B1*i + B2*i**2 - i*r - r,-i*s + Abs(i)**(3/2) + 0.0481926556350347 ; 0.134194540766641*i**2 - i*r + 1.32879970493421*i - r
3799,0.7886436008324931,B0 + B1*sqrt(Abs(i)) ; B2*i**2*r + 2*i*r**2,0.0629739402287102 - 0.0571495192099315*sqrt(Abs(i)) ; 0.000267440929723444*i**2*r + 2*i*r**2
3800,0.7884235302488279,B0*Abs(i)**(5/2) + i**2*s ; B1 + B2*Abs(i)**(1/4),i**2*s + 0.0274944965258505*Abs(i)**(5/2) ; 0.00103415498434519*Abs(i)**(1/4) - 3.11043791068747e-5
3801,0.7877408071718901,B0 + B1*i ; -i**2 + i*r**2 + i*r,0.000259468944084302*i + 0.000214124487824011 ; -i**2 + i*r**2 + i*r
3802,0.7877331615234948,B0 - i ; B1 + B2*i + B3*i*r + r,-i - 0.63641894015334 ; 1.79834073119251*i*r + 0.651843632253164*i + r + 1.29503992746321
3803,0.7876684112245549,B0*i**2*s + i**3 ; B1*i*r,i**3 + 0.43781760495407*i**2*s ; 0.432969727852891*i*r
3804,0.7876299575785086,3*i**2 - i*s ; B0*Abs(i + r)**(1/8),3*i**2 - i*s ; 0.0138028854973874*Abs(i + r)**(1/8)
3805,0.7873128520871373,B1*sqrt(Abs(B0 + 2*i - s)) ; B2*i*r + i**2*r + i*r**2,0.0139711862115992*sqrt(Abs(-2*i + s + 0.122320491464903)) ; i**2*r + i*r**2 + 0.509061765865764*i*r
3806,0.7871335150426935,B0*i - i*s + i*sqrt(Abs(s)) ; B1 - i - r,-i*s + i*sqrt(Abs(s)) + 0.012992761110543*i ; -i - r + 0.0895797663365488
3807,0.7870432660620257,B0 + i**2 ; B1*i*r**2 + i*r - r,i**2 - 0.000367390729637372 ; 0.00514708582274376*i*r**2 + i*r - r
3808,0.7868719424153658,i**5*s**2 ; i,i**5*s**2 ; i
3809,0.786864956794812,-i**2*s + s*Abs(i)**(5/2) ; i,-i**2*s + s*Abs(i)**(5/2) ; i
3810,0.7864431149873007,B0*s + s*sqrt(Abs(B1 + s)) ; 2*r,s*sqrt(Abs(s - 0.94083346486987)) + 1.96084035775563*s ; 2*r
3811,0.7864243320692881,B0*i ; B1*i + B2*sqrt(Abs(r)) + i*r - Abs(r)**(3/2),0.0001204125698151*i ; i*r - 7888.68799739947*i - Abs(r)**(3/2) - 79.1223914523744*sqrt(Abs(r))
3812,0.7864060421095852,B0*i ; B1*i + B2*sqrt(Abs(r)) - i*r + Abs(r)**(3/2),-0.000120621334397284*i ; -i*r + 127.280352426055*i + Abs(r)**(3/2) + 458.979114582167*sqrt(Abs(r))
3813,0.7856110692929879,i**3 - i**2 - i*s ; B0*sqrt(Abs(r)),i**3 - i**2 - i*s ; 57.8421805416549*sqrt(Abs(r))
3814,0.7853438580356132,-i*s + s**3*sqrt(Abs(i)) ; i,-i*s + s**3*sqrt(Abs(i)) ; i
3815,0.7851259753992548,-i*s + s*sqrt(Abs(B0 + 2*i + s)) ; r*sqrt(Abs(B1 + B2*r)),-i*s + s*sqrt(Abs(2*i + s - 1.16543224871732)) ; r*sqrt(Abs(0.0037425746046627*r + 0.0294541569220594))
3816,0.7846534843169911,B0*i - 2*i**2 + i*sqrt(Abs(s)) ; i**2 - r,-2*i**2 + i*sqrt(Abs(s)) - 0.490770575008806*i ; i**2 - r
3817,0.7844433764775439,B0*i**2 - i**3 - i*s ; sqrt(Abs(B1*i + B2*r)),-i**3 - 0.059499001473369*i**2 - i*s ; sqrt(Abs(0.021259060948557*i + 0.00677214978653231*r))
3818,0.7843582811580919,B0*Abs(i)**(1/4) ; i**2*r - i*r**2 + i - r,0.0140437532588701*Abs(i)**(1/4) ; i**2*r - i*r**2 + i - r
3819,0.7841934065343141,B0*i + 3*i*s ; sqrt(Abs(r)),3*i*s - 2.54369051972798*i ; sqrt(Abs(r))
3820,0.7841767953083877,B0*Abs(i)**(1/4) ; B1*i*r + i**2*r + r**2,0.0117784976823586*Abs(i)**(1/4) ; i**2*r + 32.514897730159*i*r + r**2
3821,0.7840828264679691,B0*i*s + 2*i*s**2 ; B1*i,2*i*s**2 - 1.34394104557691*i*s ; 0.193924249473035*i
3822,0.7840304424050631,B0*i + B1*i**2 + B1*i*s ; sqrt(Abs(B2*i + B2*r)),-6.71973883749188e-5*i**2 - 6.71973883749188e-5*i*s - 0.0012677597946408*i ; sqrt(Abs(0.743475033900983*i + 0.743475033900983*r))
3823,0.7839061212230573,B0*sqrt(Abs(i)) ; B1 + B2*i**3 - i**2*r + r,0.01820391917853*sqrt(Abs(i)) ; 2.18092827104328*i**3 - i**2*r + r - 0.190909538221568
3824,0.7825450360164573,B0*s**2 + B1*i*s - i**2*s + i*s**2 ; B2*i**2,-i**2*s + i*s**2 + 0.0671716227058576*i*s - 0.0203554335752137*s**2 ; 1.36510138373046*i**2
3825,0.7820239525679598,s*sqrt(Abs(i)) ; B0*i**2,s*sqrt(Abs(i)) ; 58.3846091428202*i**2
3826,0.7817546969012189,B0*i*s - i**2*s + i*Abs(s)**(3/2) ; i,-i**2*s + 0.302439721186803*i*s + i*Abs(s)**(3/2) ; i
3827,0.7817104820706597,B0*i - i**2*s - i*s ; B1 + B2*r - i,-i**2*s - i*s - 0.343394861553508*i ; -i + 0.0616051949290708*r + 0.00229996695744486
3828,0.7812511617839332,B0*i ; B1*sqrt(Abs(i))*sqrt(Abs(r)) + Abs(i)**(3/2)*sqrt(Abs(r)),0.0269873410572728*i ; Abs(i)**(3/2)*sqrt(Abs(r)) + 8.90143379863368*sqrt(Abs(i))*sqrt(Abs(r))
3829,0.781251150469477,B0*i ; i**2*r + i*r*sqrt(Abs(B1 + r)),0.0269613578103302*i ; i**2*r + i*r*sqrt(Abs(r + 0.00187528992590018))
3830,0.781251076338653,B0*i + B1*i**2 + B1*i*s ; B2*Abs(i)**(1/8)*Abs(r)**(1/4),0.872335008942775*i**2 + 0.872335008942775*i*s - 0.84542526931101*i ; 0.00217691208590308*Abs(i)**(1/8)*Abs(r)**(1/4)
3831,0.781251053667168,B0*i + B1*i**2 + B1*i*s ; B2*Abs(i)**(1/4)*Abs(r)**(1/4),0.0114438769154779*i**2 + 0.0114438769154779*i*s + 0.0156382375827354*i ; 0.000124539211434414*Abs(i)**(1/4)*Abs(r)**(1/4)
3832,0.7812509244894845,B0*i + B1*i**2 + B1*i*s ; r,0.0155395921398926*i**2 + 0.0155395921398926*i*s + 0.0113157355598077*i ; r
3833,0.7812506479512692,B0*i + B1*i**2 + B1*i*s ; i*r,-0.0479913924607671*i**2 - 0.0479913924607671*i*s + 0.0751799883106298*i ; i*r
3834,0.7809919352935172,B0*i*s + B0*s**2 + Abs(s)**(3/2) ; r,-0.956786215679062*i*s - 0.956786215679062*s**2 + Abs(s)**(3/2) ; r
3835,0.7806516072324566,B0*i*s**2 - i**2*s - i*s**3 ; B1*r**2 + B2*i*r,-i**2*s - i*s**3 + 1.31022671408741*i*s**2 ; 0.000690174403014191*i*r + 0.000558872693299808*r**2
3836,0.7805795279408331,B1*sqrt(Abs(B0 + sqrt(Abs(i)))) ; B2 + B3*i**2 + B4*i**3 + r,0.0120863841274495*sqrt(sqrt(Abs(i)) + 0.244450509327976) ; 1.19614404801405*i**3 - 0.667251388831904*i**2 + r + 0.218983676405344
3837,0.7800940372033127,B0 + i**2 ; B1*i + B2*r + i**2 - i*r,i**2 + 0.00177773442447298 ; i**2 - i*r + 0.0339171099391384*i + 0.0414413155141069*r
3838,0.7792583286408323,B1*sqrt(Abs(B0 + i + s)) ; B2*r**2 + B3*i*r**2 - i + r,0.00166101232299813*sqrt(Abs(i + s - 100.070219727442)) ; 1192580.64833628*i*r**2 - i + 1344921.29101037*r**2 + r
3839,0.779134404999305,B0*i*s + 2*i*s**2 ; B1*r**2,2*i*s**2 - 1.52710058663139*i*s ; 0.00307751006340095*r**2
3840,0.7790043302725449,i*s*sqrt(Abs(i**2*s - i**2)) ; i,i*s*sqrt(Abs(i**2*s - i**2)) ; i
3841,0.7790035314697115,-i**3*sqrt(Abs(s)) + i**3 ; r,-i**3*sqrt(Abs(s)) + i**3 ; r
3842,0.7785428348180116,B1*sqrt(Abs(B0 + i)) ; B2*i*r + B3*i*r**2 + i - r,0.000194174254053804*sqrt(Abs(i + 3818.98857994355)) ; 394.8321210546*i*r**2 - 5285.12502165912*i*r + i - r
3843,0.7781881345085354,B0*s ; B1*r**2 + 2*i*r**2 - i + r,0.0476660176032971*s ; 2*i*r**2 - i + 0.000202631976263535*r**2 + r
3844,0.7781881344900996,B0*s ; B1*i**2 + i**3 + i**2*r - i*r,0.0476686687674144*s ; i**3 + i**2*r + 12.8805977424139*i**2 - i*r
3845,0.7777112529627351,B1*sqrt(Abs(B0 + s)) ; B2 + B3*i**2 + 2*i**3 - i,0.0347540424114343*sqrt(Abs(s + 0.0821393672961202)) ; 2*i**3 + 0.000614566709569226*i**2 - i + 0.000353043433266987
3846,0.7777022552389814,B1*sqrt(Abs(B0 + s)) ; B2 + B3*i*r + i**2*r - i*r**2 + r,0.0348637274591167*sqrt(Abs(s + 0.125576312074068)) ; i**2*r - i*r**2 + 1.12984110867806*i*r + r + 0.081418570311434
3847,0.7776345393459254,B1*sqrt(Abs(B0 - s)) ; B2*i*r + i**2*r + i*r**2 - i + r,0.0357611681623803*sqrt(Abs(s + 0.135585167681239)) ; i**2*r + i*r**2 + 0.000115767605582287*i*r - i + r
3848,0.7774442441777795,B0 + i*s ; -i*r + r*sqrt(Abs(i)),i*s - 0.0195869593262635 ; -i*r + r*sqrt(Abs(i))
3849,0.7774076865744075,B0*s + s*sqrt(Abs(B1*i - i*s)) ; r,s*sqrt(Abs(i*s - 0.0531349586706219*i)) - 0.173242051473313*s ; r
3850,0.7768294135754712,B0*s**2 + B1*i*s**2 + B1*s**3 ; B2*i*r,0.0159187208757503*i*s**2 + 0.0159187208757503*s**3 + 0.028713706075118*s**2 ; 0.00147732280113847*i*r
3851,0.776718470853921,B0*i*s - i**2*s + i*s**2 ; i,-i**2*s + i*s**2 + 0.334632376448655*i*s ; i
3852,0.7758613313830653,B0*i*s + 2*i**2*s + i*s**2 ; B1*i**2 - i**3 + 2*i**2*r,2*i**2*s + i*s**2 - 0.796913275968813*i*s ; -i**3 + 2*i**2*r + 0.533771323986327*i**2
3853,0.7755972292697294,B0*i*s + i**2*s + i*s**2 ; i,i**2*s + i*s**2 + 0.277893284314492*i*s ; i
3854,0.7745310160356392,B0*s - 2*i*s + s**2 ; B1 - sqrt(Abs(i))*sqrt(Abs(r)),-2*i*s + s**2 - 0.596378723680718*s ; -sqrt(Abs(i))*sqrt(Abs(r)) + 0.138446804884938
3855,0.7744711997860851,s*sqrt(Abs(B0 + s)) ; sqrt(Abs(i)),s*sqrt(Abs(s + 10.3372074751327)) ; sqrt(Abs(i))
3856,0.7744711844205908,s*sqrt(Abs(B0 + s)) ; r,s*sqrt(Abs(s + 10.3370658011685)) ; r
3857,0.7739843225532671,3*i**2*s ; B0*i + i**3 + i**2,3*i**2*s ; i**3 + i**2 - 0.0891924328985543*i
3858,0.7734800284652801,B0*i ; i**4 + i**3*r,0.0277321516576606*i ; i**4 + i**3*r
3859,0.7734386503511103,B0*i ; B1*r - i*r + 2*r**2,0.026991137103726*i ; -i*r + 2*r**2 + 0.0506270776346009*r
3860,0.7734386497008462,B0*i ; B1*r + B1*sqrt(Abs(r)) + r**2 + Abs(r)**(3/2),0.0269840232109244*i ; r**2 + 0.578925466713658*r + Abs(r)**(3/2) + 0.578925466713658*sqrt(Abs(r))
3861,0.7734386490034055,B0*i ; B1*r + B2*i*r - i*r**2,0.026980896331061*i ; -i*r**2 + 0.00538314433153574*i*r + 0.000292462989288383*r
3862,0.7734386486063837,B0*i ; B1*r + i*r + 2*r**2,0.0269794851174434*i ; i*r + 2*r**2 + 1.28052114659394*r
3863,0.7734386442238935,B0*i ; B1*r + 3*r**2,0.0269692970367956*i ; 3*r**2 + 0.00817115257663045*r
3864,0.7734383513749237,B0*i ; 2*i*r**2 + r**2,0.0271427337424439*i ; 2*i*r**2 + r**2
3865,0.7733477585240289,B0*i + 2*i*s ; B1*sqrt(Abs(i)),2*i*s - 0.978501522360809*i ; 0.0344525536162089*sqrt(Abs(i))
3866,0.7733466768554539,B0*i**2 + i**3 - i*s ; sqrt(Abs(B1*i + B1*r)),i**3 + 49.9133930208103*i**2 - i*s ; sqrt(Abs(0.000167591464381538*i + 0.000167591464381538*r))
3867,0.7729298178672197,B0*i**3*s + i**2*s ; -r,-8.06307333604237*i**3*s + i**2*s ; -r
3868,0.7726553661431691,B0*s - s**2 ; B1 - sqrt(Abs(r)),-s**2 + 0.98001114612623*s ; 0.0183013964992618 - sqrt(Abs(r))
3869,0.7724926557868496,B0*s**2 + i*s**2 + s**3 ; B1*i + B2*i*r,i*s**2 + s**3 - 0.975041595328447*s**2 ; -1.09729059783767*i*r + 4.27429936980418*i
3870,0.7719968611755307,B0*i**2*s + i**3*s ; B1*r,i**3*s + 0.440709299290745*i**2*s ; 0.00960785973555742*r
3871,0.7718381025105163,B0*s**3 + s**4 ; B1*r + B2*r**2 + B3*i*r,s**4 - 0.95161602299873*s**3 ; 0.00946057220135298*i*r + 0.0116313808943854*r**2 + 0.249958169175351*r
3872,0.7717769799481059,B0*s + i*s + 2*s**2 ; r,i*s + 2*s**2 - 1.95437221821704*s ; r
3873,0.7716885896797769,B0*i**3 + i**3*s ; B1*sqrt(Abs(r)),i**3*s + 12.4511854639951*i**3 ; 13.4831874683031*sqrt(Abs(r))
3874,0.7712339937006039,-i**2*s**2 + i**2*Abs(s)**(3/2) ; B0*i**2,-i**2*s**2 + i**2*Abs(s)**(3/2) ; -0.534107173560281*i**2
3875,0.7711995444807022,B0*i + B1*i**3 - i**2 ; B2 + B3*i,1.68446247621201*i**3 - i**2 + 0.00032262846672209*i ; 0.567244682218412*i + 0.00016616714454147
3876,0.7704062528830836,B0*s ; B1*r**2 + B2*i*r**2 + B2*r**3 - i,0.0476626675785345*s ; 0.000273981112460833*i*r**2 - i + 0.000273981112460833*r**3 + 0.00612668124241885*r**2
3877,0.7702605137905424,i**3*s - i**2*s**2 ; i**2*r,i**3*s - i**2*s**2 ; i**2*r
3878,0.7674355012955173,2*i*s**2 + i*s ; B0*i + B0*r*sqrt(Abs(i)),2*i*s**2 + i*s ; 4.03576062654184*i + 4.03576062654184*r*sqrt(Abs(i))
3879,0.7665182197052279,B0 - i - sqrt(Abs(i))*sqrt(Abs(s)) ; B1*r + B2*r**2 + B3*r*sqrt(Abs(i)),-i - sqrt(Abs(i))*sqrt(Abs(s)) + 0.324518522291798 ; 8.31441020456563*r**2 + 0.000102221344713795*r*sqrt(Abs(i)) + 48.2841640617016*r
3880,0.7660886240765482,i**2*s**2 - 2*i*s**2 ; B0 + B1*i + r,i**2*s**2 - 2*i*s**2 ; 1.28647159473174*i + r - 0.0127065551716607
3881,0.7658865898799069,B0*i ; i**2 + i*r - i*sqrt(Abs(r)) - Abs(r)**(3/2),0.0298184076382025*i ; i**2 + i*r - i*sqrt(Abs(r)) - Abs(r)**(3/2)
3882,0.765761798618328,B0*i**2 + B0*i*s + B0*i*sqrt(Abs(s)) ; i*r*Abs(i + r)**(1/4),0.0140134788957164*i**2 + 0.0140134788957164*i*s + 0.0140134788957164*i*sqrt(Abs(s)) ; i*r*Abs(i + r)**(1/4)
3883,0.7657042637462294,B0*i ; Abs(B1*i*r + B1*r**2 + B2*r)**(1/4),0.0269883121798804*i ; Abs(0.565598422527713*i*r + 0.565598422527713*r**2 + 0.000434441942993663*r)**(1/4)
3884,0.7657042606441813,B0*i ; B1*r - i*r + r**2 + r*sqrt(Abs(i)),0.0270069803625911*i ; -i*r + r**2 + r*sqrt(Abs(i)) + 0.00062380422957987*r
3885,0.7655941392528335,i*s - i*sqrt(Abs(i + s)) + s ; B0 + 2*i,i*s - i*sqrt(Abs(i + s)) + s ; 2*i - 0.303721505142445
3886,0.7655608504240904,B0*i**2 + 2*i**3 ; B1*i + i**3*r + i**2*r**2,2*i**3 + 137.469141316057*i**2 ; i**3*r + i**2*r**2 + 3.63979105367896*i
3887,0.7636292845807523,B0*i*s - i**2*s + i*s**2 ; 2*i*r**2 + i*r + r**2,-i**2*s + i*s**2 - 0.525427667123238*i*s ; 2*i*r**2 + i*r + r**2
3888,0.7630495500601877,B0*i + B0*s ; -i**2*r + i*r**2 + i*Abs(r)**(5/2),0.012005227716013*i + 0.012005227716013*s ; -i**2*r + i*r**2 + i*Abs(r)**(5/2)
3889,0.7630495500601876,B0 + B1*i + B1*s ; 2*i**3*r**2,0.0115121476934108*i + 0.0115121476934108*s + 0.000493079970185757 ; 2*i**3*r**2
3890,0.763049549906778,B0*i + B0*s ; B1*r**3 + B2*i*r**2 + r**2,0.0120042376071921*i + 0.0120042376071921*s ; 55.018622302022*i*r**2 + 0.000224185005005561*r**3 + r**2
3891,0.7619701002179032,B0*sqrt(Abs(s)) ; B1*i**2*r + i**3*r + i**2*r**2,0.0335176369377542*sqrt(Abs(s)) ; i**3*r + i**2*r**2 + 0.0149770351778032*i**2*r
3892,0.7601822844816225,3*i*s**2 ; B0*i,3*i*s**2 ; 5.29424715608667*i
3893,0.7601143284410186,i**2*s + 2*i*s**2 ; B0*i,i**2*s + 2*i*s**2 ; 4.4812871599851*i
3894,0.7596632923192448,B0*s**2 + s**4 + s**3 ; i*sqrt(Abs(r)),s**4 + s**3 - 1.94987566944238*s**2 ; i*sqrt(Abs(r))
3895,0.7584492732562003,B0 + i**2 ; B1 + i**2 + 2*i*r + r**2,i**2 + 7.24379604435814e-5 ; i**2 + 2*i*r + r**2 - 0.000492678997547836
3896,0.7580472210895536,B0*i ; B1*r - i**2*r + i*r - r**2,0.0269880539352006*i ; -i**2*r + i*r - r**2 + 0.0147709065877113*r
3897,0.7580472015920637,B0*i ; i*r**2 - i*r + 2*r**2,0.0270305140722918*i ; i*r**2 - i*r + 2*r**2
3898,0.7580470773213117,B0*i ; -i*r**2 - i*r + 2*r**2,0.0270975360370277*i ; -i*r**2 - i*r + 2*r**2
3899,0.7574974644413768,i*s ; i**2,i*s ; i**2
3900,0.7567477589293241,B0*i**2 + 2*i**2*s ; i*r,2*i**2*s - 1.44632866314752*i**2 ; i*r
3901,0.7565804782441243,B0*i**2 + i**3 - i**2*s ; B1*r + B2*r**2 + B3*i*r,i**3 - i**2*s + 1.37955277434326*i**2 ; 0.0017205280307702*i*r + 0.0189544843657356*r**2 + 6.70108716525404*r
3902,0.7565804642045236,B0*i**2 + 2*i**3 ; r,2*i**3 + 0.380241594794214*i**2 ; r
3903,0.7564186142044192,B0*s + s**2 ; B1*i*r + 2*i**2*r,s**2 - 0.954303940746972*s ; 2*i**2*r + 0.0138890960827522*i*r
3904,0.7562224607799374,B0 + B1*i + 3*i**2 ; B2 + i - r,3*i**2 + 1.21342116912067*i - 0.46859744487551 ; i - r + 0.573032260315708
3905,0.7559269045464394,i**3*s - i**2*s + i**2 ; r,i**3*s - i**2*s + i**2 ; r
3906,0.755262145723743,i**2*s - 3*i**2 ; B0 - r**2,i**2*s - 3*i**2 ; 0.00069001284845729 - r**2
3907,0.7546763457548896,2*i**2 - 2*i*sqrt(Abs(s)) ; i**2,2*i**2 - 2*i*sqrt(Abs(s)) ; i**2
3908,0.7546575171197183,B0*i*s - 2*i*s**2 ; i*r - 3*r,-2*i*s**2 + 0.99327511874061*i*s ; i*r - 3*r
3909,0.7545702315366954,B0*sqrt(Abs(s)) + i*sqrt(Abs(s)) ; B1*i + B2*sqrt(Abs(r)) + i**2 - i*sqrt(Abs(r)),i*sqrt(Abs(s)) + 0.00548254243176889*sqrt(Abs(s)) ; i**2 - i*sqrt(Abs(r)) + 2.83130465693588*i + 0.206423347168833*sqrt(Abs(r))
3910,0.7540914293354897,B0*Abs(s)**(3/2) + i*s ; 2*r,i*s - 0.0201929854040063*Abs(s)**(3/2) ; 2*r
3911,0.7539327206567014,B0*sqrt(Abs(i)) ; 3*i**2 + i*r - i - r,0.0164136399423151*sqrt(Abs(i)) ; 3*i**2 + i*r - i - r
3912,0.7512271607537893,B0 - i + sqrt(Abs(i)) ; B1*i*r + i**2*r**2 - 2*i*r**2,-i + sqrt(Abs(i)) - 0.143972407062533 ; i**2*r**2 - 2*i*r**2 + 0.000977782045798312*i*r
3913,0.7504667300250455,B0*i ; B1*i*r + B1*r + i*r**2 + r**2,0.0269521021306161*i ; i*r**2 + 0.276584103226172*i*r + r**2 + 0.276584103226172*r
3914,0.7492996762376395,B0*sqrt(Abs(i**2 - i)) ; B1*r + B2*r**2 - i*r**2 + r**3,0.0444033110257928*sqrt(Abs(i**2 - i)) ; -i*r**2 + r**3 + 44.7685157444565*r**2 + 0.00310144823169162*r
3915,0.7431688552504925,B0*i**2*s + i**3*s - i*s**2 ; i,i**3*s + 100.034132166213*i**2*s - i*s**2 ; i
3916,0.7424158981022622,-i**3*s**2 + i**2*Abs(s)**(5/2) ; B0*i**2,-i**3*s**2 + i**2*Abs(s)**(5/2) ; 0.488458951210195*i**2
3917,0.7414742087435265,i**2*Abs(s)**(3/2) - 2*i*s**2 ; B0*i**2,i**2*Abs(s)**(3/2) - 2*i*s**2 ; 42.9857837234272*i**2
3918,0.741419310636181,B0*Abs(i)**(5/2) + B1*i**3 ; i**3*r + i*r**2 - i*r - r,-1.83386568644214*i**3 + 2.73585722290888*Abs(i)**(5/2) ; i**3*r + i*r**2 - i*r - r
3919,0.7412356101919378,B0*i**2*s + i**3*s + i**2*s**2 ; B2*Abs(B1 + r)**(1/4),i**3*s + i**2*s**2 + 0.130116754436567*i**2*s ; 0.0202327592776679*Abs(r - 1.20953685705111)**(1/4)
3920,0.7393190548453648,B0*i - i**2*s + i*s ; r,-i**2*s + i*s + 0.000672004129203076*i ; r
3921,0.7264827413648681,B0*s + i*s ; 2*i + sqrt(Abs(B1 - r)),i*s + 0.243595755880013*s ; 2*i + sqrt(Abs(r - 0.301723171214068))
3922,0.7246491161264544,B0*s + s**2*sqrt(Abs(i)) ; i,s**2*sqrt(Abs(i)) - 0.0954502249427321*s ; i
3923,0.7245805396322625,i**2*s**2 + i*s**3 ; r,i**2*s**2 + i*s**3 ; r
3924,0.7245805396322625,i**2*s**2 + i*s**3 ; B0*sqrt(Abs(r)) + B1*Abs(r)**(3/2),i**2*s**2 + i*s**3 ; 0.00333250490902267*Abs(r)**(3/2) + 0.968078452020718*sqrt(Abs(r))
3925,0.7218326157738809,i**2*s**2 - i ; i - sqrt(Abs(B0 + r)),i**2*s**2 - i ; i - sqrt(Abs(r - 1.20532983950762))
3926,0.721514219787371,s*sqrt(Abs(B0 + Abs(s)**(1/4))) ; r,s*sqrt(Abs(Abs(s)**(1/4) - 0.915784873952708)) ; r
3927,0.7207635586478512,i**2 - i ; B0*r**2 + i*r**2 - i,i**2 - i ; i*r**2 - i + 0.0193325948408703*r**2
3928,0.7183383990083361,-i*s**2 + i*s ; i - sqrt(Abs(r)),-i*s**2 + i*s ; i - sqrt(Abs(r))
3929,0.7156466683361712,i**3 + 3*i**2*s ; B0*i,i**3 + 3*i**2*s ; 0.0580970836221116*i
3930,0.7124152205135007,B0*i**2 + i**3 + 2*i**2*s ; B1*r,i**3 + 2*i**2*s - 1.49452173267902*i**2 ; 0.485185116551894*r
3931,0.7123227926051366,B0*i**2*s + 2*i**3*s ; B1*sqrt(Abs(r)),2*i**3*s + 0.399326708902169*i**2*s ; 17.5667423758155*sqrt(Abs(r))
3932,0.7110781273058518,i*s ; B0 + B1*i + i*r,i*s ; i*r + 0.0107380314571652*i + 0.0136203382931776
3933,0.7110747147303685,B0*s + s*Abs(i)**(1/4) ; i + r,s*Abs(i)**(1/4) - 0.381518077180948*s ; i + r
3934,0.7104959225450586,B0*i*s + 2*i**2*s - i*s**2 ; B1*i*r + i*r**2 - r**2,2*i**2*s - i*s**2 + 0.00108388068355338*i*s ; i*r**2 + 0.000922704223170404*i*r - r**2
3935,0.7070775804207036,2*i*s ; i,2*i*s ; i
3936,0.701077206210538,2*i*s - i*sqrt(Abs(s)) ; r,2*i*s - i*sqrt(Abs(s)) ; r
3937,0.6985010915201649,s*sqrt(Abs(B0 - sqrt(Abs(i)))) ; B1*i**2 + B2*Abs(i)**(5/2),s*sqrt(Abs(sqrt(Abs(i)) - 0.288195616087529)) ; 6.25464685656686*i**2 + 12.5842622301637*Abs(i)**(5/2)
3938,0.6945894525936587,B0*s + s*sqrt(Abs(i)) ; r,s*sqrt(Abs(i)) - 0.141421358767742*s ; r
3939,0.6937119242062794,i**2*s ; r,i**2*s ; r
3940,0.6887662041469309,B0*s + 2*i*s ; i,2*i*s - 0.00414635535183558*s ; i
3941,0.6867771579815012,i*s + sqrt(2)*s*sqrt(Abs(i)) ; B0 - r,i*s + sqrt(2)*s*sqrt(Abs(i)) ; 2.49886640326545 - r
3942,0.6856341243732504,B0*s + s*sqrt(Abs(i)) ; 2*r,s*sqrt(Abs(i)) - 0.141421357647741*s ; 2*r
3943,0.6844322528544171,-i*s + Abs(s)**(3/2)*Abs(B0 + i)**(1/4) ; r,-i*s + Abs(s)**(3/2)*Abs(i - 0.116408091241709)**(1/4) ; r
3944,0.6833405096864775,3*i**2*s ; i**2,3*i**2*s ; i**2
3945,0.6829911404111706,B0*s**2 + i*s**3 + i*s**2 + s**4 ; B1*i + i**2 + i*r,i*s**3 + i*s**2 + s**4 - 0.971953563045159*s**2 ; i**2 + i*r + 1.73886514196142*i
3946,0.6824987413325416,2*i**2*s**2 - i**2*s - i*s**2 ; r,2*i**2*s**2 - i**2*s - i*s**2 ; r
3947,0.6819623793807142,i*s - s**2 + s*sqrt(Abs(B0 - i)) ; i,i*s - s**2 + s*sqrt(Abs(i - 9.64366628384468)) ; i
3948,0.6815546897744594,B0*s**2 + i*s**2 - s**3 ; i*r,i*s**2 - s**3 + 0.960000087182295*s**2 ; i*r
3949,0.6811429107517314,B0*i - i**2 + i*sqrt(Abs(s)) ; B1 + i*sqrt(Abs(r)) - i,-i**2 + i*sqrt(Abs(s)) - 0.324708548001727*i ; i*sqrt(Abs(r)) - i + 0.0180692649976151
3950,0.6767641949009383,B0 + Abs(i)**(1/8) ; i,Abs(i)**(1/8) - 0.663456727565596 ; i
3951,0.6765096485908048,i*s + s**2 ; B0 + B1*i + B2*i**2,i*s + s**2 ; -2.31556813156978*i**2 - 0.0340819187481614*i + 2.41290843814238
3952,0.6713582746849347,-i + s ; r,-i + s ; r
3953,0.6699217465835522,B0*i*s**2 - i**2*s**2 + 2*i*s**3 ; B1*i*r**4 - i*r**2,-i**2*s**2 + 2*i*s**3 - 1.43948661324143*i*s**2 ; 0.00035750502233311*i*r**4 - i*r**2
3954,0.6677266502575863,2*i*s**3 ; sqrt(Abs(i))*Abs(r)**(3/2),2*i*s**3 ; sqrt(Abs(i))*Abs(r)**(3/2)
3955,0.6631057008091872,s*sqrt(Abs(B0*i + i**2*s - i*s)) ; r,s*sqrt(Abs(i**2*s - i*s + 0.261976303620608*i)) ; r
3956,0.6616804988581646,s**2*sqrt(Abs(i)) ; i**2,s**2*sqrt(Abs(i)) ; i**2
3957,0.6610460952523035,B0 - i - sqrt(Abs(i))*sqrt(Abs(s)) ; i,-i - sqrt(Abs(i))*sqrt(Abs(s)) + 0.185963579117838 ; i
3958,0.6556357511993275,s*sqrt(Abs(s + sqrt(Abs(B0 + s)))) ; sqrt(Abs(i)),s*sqrt(Abs(s + sqrt(Abs(s + 104.124496477469)))) ; sqrt(Abs(i))
3959,0.653724152866155,B0*i*s + B1*i**2*s ; B2 + B3*i,0.000369726926442481*i**2*s + 0.0171293109546662*i*s ; 23.0646202631878*i + 1.05066441045632
3960,0.6463183825424983,i*s ; r,i*s ; r
3961,0.6463183825424983,i*s ; i*r,i*s ; i*r
3962,0.6463183825424983,i*s ; 2*r,i*s ; 2*r
3963,0.6463183825424983,i*s ; B0*r,i*s ; 0.155954386755068*r
3964,0.6455222493332974,B0 + B1*i ; 2*i - 2*r,0.00241934412158114*i + 0.0443419246907471 ; 2*i - 2*r
3965,0.6398551987170732,i*s ; B0*sqrt(Abs(r)),i*s ; 11.4357416052523*sqrt(Abs(r))
3966,0.6374232817629194,s*sqrt(Abs(B0 + sqrt(Abs(B1 + sqrt(Abs(i)))))) ; sqrt(Abs(i)),s*sqrt(Abs(sqrt(sqrt(Abs(i)) + 4.68706330282387) - 2.29649836435058)) ; sqrt(Abs(i))
3967,0.6348345679688772,i*s ; B0 + r**2,i*s ; r**2 + 0.000427540716460952
3968,0.6277384774536756,s*sqrt(Abs(i + sqrt(Abs(B0 + i**2)))) ; sqrt(Abs(i)),s*sqrt(Abs(i + sqrt(Abs(i**2 - 0.00252404307555188)))) ; sqrt(Abs(i))
3969,0.625994277840212,-i**2*s + 2*i*s**2 ; r,-i**2*s + 2*i*s**2 ; r
3970,0.6241504763958486,B0*s - 2*s**2 + Abs(s)**(3/2) ; i + sqrt(Abs(r)),-2*s**2 + 4.53902851162215*s + Abs(s)**(3/2) ; i + sqrt(Abs(r))
3971,0.6236655448677394,s**2 + s*sqrt(Abs(i*s + s)) ; B0 + B1*r + r*sqrt(Abs(B2 + i)),s**2 + s*sqrt(Abs(i*s + s)) ; r*sqrt(Abs(i + 14.8959600983394)) - 8.31618751034203*r - 5.78877902600934
3972,0.6208508594599774,i*s ; B0*r + r**2,i*s ; r**2 + 0.000406060018755862*r
3973,0.6194922860258056,-i + s ; Abs(r)**(1/4)*Abs(i + r)**(1/8),-i + s ; Abs(r)**(1/4)*Abs(i + r)**(1/8)
3974,0.6146423508653777,i*sqrt(Abs(i*s - s)) ; r,i*sqrt(Abs(i*s - s)) ; r
3975,0.6024109680831566,i*s ; sqrt(Abs(B0*i + i*r**2)),i*s ; sqrt(Abs(i*r**2))
3976,0.6024109680831566,i*sqrt(Abs(B0*s + s**2)) ; Abs(r)**(1/4),i*sqrt(Abs(s**2)) ; Abs(r)**(1/4)
3977,0.5994880154302462,B0 - i*s - s*Abs(i)**(1/4) ; r,-i*s - s*Abs(i)**(1/4) + 0.406140953728246 ; r
3978,0.5963868584023251,i**2*s + i*s**2 ; r,i**2*s + i*s**2 ; r
3979,0.5940793480239527,B0*i*s**2 + i + s ; B1 + i,-0.361237379908266*i*s**2 + i + s ; i + 2.86264603943394
3980,0.5931102722441899,s*sqrt(Abs(i)) ; i,s*sqrt(Abs(i)) ; i
3981,0.5929744986521045,-s**3 + Abs(s)**(3/2) ; B0*r**3 + i*r**3,-s**3 + Abs(s)**(3/2) ; i*r**3 + 0.0014165443522685*r**3
3982,0.5904229898183019,i*s ; Abs(i)**(1/16)*sqrt(Abs(r)),i*s ; Abs(i)**(1/16)*sqrt(Abs(r))
3983,0.5760760070329378,s*sqrt(Abs(B0 + sqrt(Abs(i - s)))) ; i,s*sqrt(Abs(sqrt(Abs(i - s)) - 0.534525284211012)) ; i
3984,0.5743512887799964,B0*i**2 + B1*i*sqrt(Abs(s)) ; sqrt(Abs(i)),3.704980127191e-5*i**2 + 0.00278876440470066*i*sqrt(Abs(s)) ; sqrt(Abs(i))
3985,0.5728302932848168,B0 - i - s - sqrt(Abs(i))*sqrt(Abs(s)) ; r,-i - s - sqrt(Abs(i))*sqrt(Abs(s)) + 1.57763713711878 ; r
3986,0.5674183728558331,i**2 + s - sqrt(Abs(i)) ; B0 + B1*i,i**2 + s - sqrt(Abs(i)) ; 0.00235479775903121*i - 0.00225707284475946
3987,0.5625034183763876,s*sqrt(Abs(B0 + i)) ; sqrt(Abs(r)),s*sqrt(Abs(i - 0.351817884184853)) ; sqrt(Abs(r))
3988,0.5615010121465669,B0*s + s**3 - 3*s**2 ; B1*i + 2*i*r,s**3 - 3*s**2 + 1.97960976176462*s ; 2*i*r + 0.0115806250375488*i
3989,0.5611624876587613,s*Abs(i)**(1/4) ; B0 + i,s*Abs(i)**(1/4) ; i + 0.309186115671382
3990,0.5426300410794591,i*s**2 + i*Abs(s)**(3/2) ; r,i*s**2 + i*Abs(s)**(3/2) ; r
3991,0.5419961946939066,-i**3 + i**2*s + i**2 ; r,-i**3 + i**2*s + i**2 ; r
3992,0.5290891792496172,i*sqrt(Abs(s)) - i ; i + Abs(i)**(3/4)*Abs(r)**(1/4),i*sqrt(Abs(s)) - i ; i + Abs(i)**(3/4)*Abs(r)**(1/4)
3993,0.5286789324235566,B0 - i - sqrt(Abs(s)) ; i,-i - sqrt(Abs(s)) + 1.04522294522772 ; i
3994,0.5181856796646243,s*sqrt(Abs(B0*s - i*s + s**2)) ; i**2,s*sqrt(Abs(i*s - s**2 + 0.234866944599945*s)) ; i**2
3995,0.5180819179967311,-i + s + sqrt(Abs(s)) ; i*sqrt(Abs(B0 - r)),-i + s + sqrt(Abs(s)) ; i*sqrt(Abs(r))
3996,0.4981160880353393,i**2*s + i*s ; r,i**2*s + i*s ; r
3997,0.49258105963863286,-s**3 + s ; sqrt(Abs(i)),-s**3 + s ; sqrt(Abs(i))
3998,0.49024958622364395,B0*i*s + i*sqrt(Abs(s)) ; i*r + i - r,0.888703452235896*i*s + i*sqrt(Abs(s)) ; i*r + i - r
3999,0.4879460642670308,-i*s + s**2 ; sqrt(Abs(r)),-i*s + s**2 ; sqrt(Abs(r))
4000,0.4869629952717936,Abs(s)**(5/2) ; B0*i*r,Abs(s)**(5/2) ; 70.4975488145024*i*r
4001,0.48306660362436055,-i*s + s**2 ; sqrt(Abs(i))*sqrt(Abs(r)) - sqrt(Abs(r)),-i*s + s**2 ; sqrt(Abs(i))*sqrt(Abs(r)) - sqrt(Abs(r))
4002,0.4829652818361245,s*sqrt(Abs(i)) ; r,s*sqrt(Abs(i)) ; r
4003,0.48277869655182415,i*s**2 + i*s ; r,i*s**2 + i*s ; r
4004,0.47500052187475,B0 + i*s**2 + i*s ; B1 + Abs(r)**(5/4),i*s**2 + i*s - 0.00148980607360451 ; Abs(r)**(5/4) - 2.05455441689756e-6
4005,0.472333248718426,B0*i + s ; 2*i,-0.479650378863879*i + s ; 2*i
4006,0.47169981578321923,s**2*sqrt(Abs(i)) ; r - sqrt(Abs(B0*i*r - i)),s**2*sqrt(Abs(i)) ; r - sqrt(Abs(0.679874417484583*i*r + i))
4007,0.46871904243011336,-i*s + s**2 ; B0*r + 2*i*r,-i*s + s**2 ; 2*i*r + 0.0204569594134732*r
4008,0.4671635983535416,i*s**2 + 2*s**3 ; B0*i + B1*i*r,i*s**2 + 2*s**3 ; -2.54658573671281*i*r + 3.47438846685355*i
4009,0.4657015802265481,i*s**2 - i*s + s**3 ; B0*i*r + i**2,i*s**2 - i*s + s**3 ; i**2 + 0.589139147008456*i*r
4010,0.46425290187363094,3*i*s ; B0 + i,3*i*s ; i + 0.0037358632592542
4011,0.46044068201743527,s*sqrt(Abs(i)) ; i - r - sqrt(Abs(B0 + i**2)),s*sqrt(Abs(i)) ; i - r - sqrt(Abs(i**2 - 0.0163985795586072))
4012,0.4596339774438002,2*i**2*s + i*s**2 ; i**2*r + i*r**2,2*i**2*s + i*s**2 ; i**2*r + i*r**2
4013,0.4550174101906372,s**2 ; i,s**2 ; i
4014,0.4550174101906372,s**2 ; B0*i,s**2 ; 0.00795042917040107*i
4015,0.4550174101906372,s**2 ; sqrt(Abs(i)),s**2 ; sqrt(Abs(i))
4016,0.4550174101906372,s**2 ; 2*r,s**2 ; 2*r
4017,0.4550174101906372,s**2 ; r,s**2 ; r
4018,0.4550174101906372,s**2 ; -i + r,s**2 ; -i + r
4019,0.45046723608873074,s**2 ; r - sqrt(Abs(r)),s**2 ; r - sqrt(Abs(r))
4020,0.44596256372784343,s**2 ; -i*r - i,s**2 ; -i*r - i
4021,0.44596256372784343,s**2 ; B0 + B1*r,s**2 ; 0.0430619623916772*r + 0.00041656252572066
4022,0.44596256372784343,s**2 ; i*r - i,s**2 ; i*r - i
4023,0.44589461755614973,-i*s + Abs(s)**(3/2) ; B0*i*r**2 + B1*i**2*r**2,-i*s + Abs(s)**(3/2) ; 22.3627319140834*i**2*r**2 + 82.8277707893237*i*r**2
4024,0.4453831389343888,s*sqrt(Abs(B0 + 2*s)) ; -i + r,s*sqrt(Abs(2*s - 1.64686776555686)) ; -i + r
4025,0.4389721165820994,i + s*Abs(B0 + i)**(1/4) ; B1*i + i**2*r + i*r,i + s*Abs(i - 0.0627426596816936)**(1/4) ; i**2*r + i*r + 2.71468549187303*i
4026,0.43708790870965936,s**2 ; B0 + i*r + r,s**2 ; i*r + r + 0.000906641738429069
4027,0.434680928966854,B0*s**2 + 2*s**3 ; B1*i,2*s**3 + 0.54456292301653*s**2 ; 0.00567814212503275*i
4028,0.4173665832647563,2*i*s ; r,2*i*s ; r
4029,0.4108982698252741,s*sqrt(Abs(B0*s + 2*i)) ; B1*sqrt(Abs(r)),s*sqrt(Abs(2*i - 0.652218672213511*s)) ; 0.00781512012489346*sqrt(Abs(r))
4030,0.4033205487604333,s**2 ; B0*i + B1*i**2 + B2*i*r,s**2 ; 0.00537051722925692*i**2 + 1.37011473798768*i*r + 0.000100026658201888*i
4031,0.39837039560117093,i ; B0 + B1*sqrt(Abs(i)),i ; 0.313763220478596 - 1.64143409973995*sqrt(Abs(i))
4032,0.3953201609063456,B0 + i*s + i ; i,i*s + i - 0.00217820639707494 ; i
4033,0.39294235316708764,2*i*s ; B0*Abs(i)**(1/8)*Abs(r)**(1/8),2*i*s ; 59.7218338539754*Abs(i)**(1/8)*Abs(r)**(1/8)
4034,0.3905366203182902,Abs(s)**(3/2) ; sqrt(Abs(r)),Abs(s)**(3/2) ; sqrt(Abs(r))
4035,0.3905366203182902,Abs(s)**(3/2) ; r,Abs(s)**(3/2) ; r
4036,0.3905366203182902,Abs(s)**(3/2) ; B0 + r,Abs(s)**(3/2) ; r + 0.00355416849133904
4037,0.3905366203182902,Abs(s)**(3/2) ; i,Abs(s)**(3/2) ; i
4038,0.3905366203182902,Abs(s)**(3/2) ; -i + r,Abs(s)**(3/2) ; -i + r
4039,0.38663125411510724,Abs(s)**(3/2) ; i - sqrt(Abs(r)),Abs(s)**(3/2) ; i - sqrt(Abs(r))
4040,0.38663125411510724,Abs(s)**(3/2) ; i - sqrt(Abs(i)),Abs(s)**(3/2) ; i - sqrt(Abs(i))
4041,0.3827649415739562,Abs(s)**(3/2) ; B0 - i + r,Abs(s)**(3/2) ; -i + r + 0.000104228166946439
4042,0.36700048543848335,-i*s + s**2 + s*sqrt(Abs(i)) ; B0*i + B1*i*r,-i*s + s**2 + s*sqrt(Abs(i)) ; 0.0484266346755412*i*r + 0.55039317348275*i
4043,0.3640056508873872,Abs(s)**(3/2) ; r*sqrt(Abs(B0 + B1*r)) - r,Abs(s)**(3/2) ; r*sqrt(Abs(21.1942969475064*r + 22.1575069895802)) - r
4044,0.3567619384347282,Abs(s)**(3/2) ; B0*i + i*sqrt(Abs(B1 + 2*r)),Abs(s)**(3/2) ; i*sqrt(Abs(2*r + 0.0006008206158125)) + 6.51910664268363*i
4045,0.3567619384347282,Abs(s)**(3/2) ; sqrt(Abs(i**2*r - r**2 + r)),Abs(s)**(3/2) ; sqrt(Abs(i**2*r - r**2 + r))
4046,0.35433166316808395,s**3 + s**2*sqrt(Abs(i)) ; i,s**3 + s**2*sqrt(Abs(i)) ; i
4047,0.35326720992328653,i*s**3 + i*s**2 + s**3 ; B0*r,i*s**3 + i*s**2 + s**3 ; 0.0261548045137153*r
4048,0.346146835818806,i**2 - sqrt(Abs(i)) ; B0*r + Abs(r)**(3/2),i**2 - sqrt(Abs(i)) ; 1.3672471842803*r + Abs(r)**(3/2)
4049,0.3448088182931697,i*s + s*sqrt(Abs(i)) ; 2*r,i*s + s*sqrt(Abs(i)) ; 2*r
4050,0.34360586895689343,i*s + s**2 ; i,i*s + s**2 ; i
4051,0.33898080502737726,i*s + s*sqrt(Abs(i - s)) ; i,i*s + s*sqrt(Abs(i - s)) ; i
4052,0.33601967872895055,-i*s + s**2 + s*sqrt(Abs(i)) ; r,-i*s + s**2 + s*sqrt(Abs(i)) ; r
4053,0.33601967872895055,-i*s + s**2 + s*sqrt(Abs(i)) ; 2*r,-i*s + s**2 + s*sqrt(Abs(i)) ; 2*r
4054,0.3352870727986421,i*s + s*sqrt(Abs(B0 + i - s)) ; 2*r,i*s + s*sqrt(Abs(i - s + 0.962550095795609)) ; 2*r
4055,0.31072755607533636,i*s**2 + Abs(s)**(3/2) ; 2*r,i*s**2 + Abs(s)**(3/2) ; 2*r
4056,0.30895613005814404,s*sqrt(Abs(i + sqrt(Abs(i)))) ; sqrt(Abs(B0 - r)),s*sqrt(Abs(i + sqrt(Abs(i)))) ; sqrt(Abs(r))
4057,0.30751230326375306,s ; r,s ; r
4058,0.30751230326375306,s ; i,s ; i
4059,0.3013928084288044,s ; B0 + i,s ; i + 0.00194844458277342
4060,0.3013928084288044,s ; i*r,s ; i*r
4061,0.3013928084288044,s ; B0*i,s ; 0.0216200497500366*i
4062,0.3013928084288044,s ; i**2,s ; i**2
4063,0.29539509154107113,s ; B0 + 2*i,s ; 2*i + 0.0584389515153842
4064,0.2895167292194039,i*s + s**2 ; B0*r,i*s + s**2 ; 0.00183100914106498*r
4065,0.2895167292194038,s ; -i**2 - i*r,s ; -i**2 - i*r
4066,0.28849466325411716,Abs(i)**(1/16)*Abs(s)**(17/16) ; i,Abs(i)**(1/16)*Abs(s)**(17/16) ; i
4067,0.2866215619272098,s ; sqrt(Abs(B0 - 2*i + r)),s ; sqrt(Abs(-2*i + r + 0.571344335939701))
4068,0.28533165370268704,s**2 + s*sqrt(Abs(B0 + s)) ; i + r,s**2 + s*sqrt(Abs(s - 0.825200859886321)) ; i + r
4069,0.28532916214039356,s**2 + s*sqrt(Abs(B0 - s)) ; 2*r,s**2 + s*sqrt(Abs(s - 0.825200861057075)) ; 2*r
4070,0.28532860257680337,s**2 + s*sqrt(Abs(B0 + s)) ; B1*i - i**2,s**2 + s*sqrt(Abs(s - 0.825200858104172)) ; -i**2 + 0.00167947584527099*i
4071,0.28526377162785355,i*s + Abs(s)**(3/2) ; i,i*s + Abs(s)**(3/2) ; i
4072,0.2849705727004741,i*s + sqrt(2)*s**2 ; i*Abs(B0 + r)**(1/4) + i,i*s + sqrt(2)*s**2 ; i*Abs(r)**(1/4) + i
4073,0.28460584200434735,i**2*s + Abs(s)**(3/2) ; 2*i,i**2*s + Abs(s)**(3/2) ; 2*i
4074,0.2837553463079377,s ; i**2 - i*Abs(r)**(3/2),s ; i**2 - i*Abs(r)**(3/2)
4075,0.2837553463079377,s ; B0*i + B1*i*r,s ; 0.018698498493048*i*r + 0.000412359840289968*i
4076,0.2837553463079377,s ; B0*Abs(i)**(1/4)*Abs(r)**(1/4),s ; 0.323160218696446*Abs(i)**(1/4)*Abs(r)**(1/4)
4077,0.27876019282615805,B0*i*s + i**2 + i*s**2 ; r,i**2 + i*s**2 + 4.43543132372021*i*s ; r
4078,0.2781086149164097,s ; r*Abs(i)**(1/16),s ; r*Abs(i)**(1/16)
4079,0.2776382299872124,s**2 + s*Abs(B0 - i)**(1/4) ; B1 + B3*sqrt(Abs(B2 + i)),s**2 + s*Abs(i - 0.0334417063075056)**(1/4) ; 0.163434805683394*sqrt(Abs(i + 0.00526801582936284)) + 0.232335306602219
4080,0.27532752876724564,s ; B0 + r + sqrt(Abs(B1*r + B2*i)),s ; r + sqrt(Abs(0.000143269860928518*i + 0.613332649405042*r)) + 0.340476955422279
4081,0.26926159140678996,s*sqrt(Abs(s + Abs(i)**(1/4))) ; sqrt(Abs(B0 + i)),s*sqrt(Abs(s + Abs(i)**(1/4))) ; sqrt(Abs(i + 0.178574238862512))
4082,0.26715002583532976,i**2*s + i*s**2 + s**2 ; B0*i*r,i**2*s + i*s**2 + s**2 ; 7.95144001908219*i*r
4083,0.2653043226038365,2*s ; i + sqrt(Abs(B0*i + r)),2*s ; i + sqrt(Abs(5.0819989058028*i + r))
4084,0.2644785255769764,s ; B0 + i*r**2 + r**2*sqrt(Abs(B1 + r)),s ; i*r**2 + r**2*sqrt(Abs(r + 6.3280483702663)) + 0.450700501331345
4085,0.2580711366693311,s**3 + s**2*Abs(i - s)**(1/4) ; B0*sqrt(Abs(i)) + B1*r,s**3 + s**2*Abs(i - s)**(1/4) ; 45.8063223313273*r - 0.442265614139208*sqrt(Abs(i))
4086,0.2538602821125974,B0 - sqrt(Abs(s)) ; r,1.01045651699116 - sqrt(Abs(s)) ; r
4087,0.25087498902126487,i*s + Abs(s)**(3/2) ; sqrt(Abs(r)),i*s + Abs(s)**(3/2) ; sqrt(Abs(r))
4088,0.25087498902126487,i*s + Abs(s)**(3/2) ; 2*r,i*s + Abs(s)**(3/2) ; 2*r
4089,0.24850000423142768,s**2 + s*sqrt(Abs(B0 - i + s)) ; 2*r,s**2 + s*sqrt(Abs(i - s + 0.661319824388028)) ; 2*r
4090,0.24849875069936644,s**2 + s*sqrt(Abs(B0 + i - s)) ; 2*r,s**2 + s*sqrt(Abs(i - s + 0.661319824838939)) ; 2*r
4091,0.2483662391310522,i*s + Abs(s)**(3/2) ; sqrt(Abs(B0*i - 2*r)),i*s + Abs(s)**(3/2) ; sqrt(2)*sqrt(Abs(r))
4092,0.2480077817712584,s**2 + s*sqrt(Abs(i)) ; 2*r,s**2 + s*sqrt(Abs(i)) ; 2*r
4093,0.24771947617252238,s + sqrt(Abs(B0*s + i*s + s**2)) ; B1 + B2*i,s + sqrt(Abs(i*s + s**2 - 0.967396744045285*s)) ; 0.0655306877811661 - 0.0569629295371396*i
4094,0.23728642797292793,s*sqrt(Abs(2*i + 2*s)) ; i,s*sqrt(Abs(2*i + 2*s)) ; i
4095,0.23330697345729462,s*sqrt(Abs(s + sqrt(Abs(s)))) ; B0*r - i*r**2 + i*r,s*sqrt(Abs(s + sqrt(Abs(s)))) ; -i*r**2 + i*r + 0.000213943079665454*r
4096,0.23293242959484287,s**2 + s*Abs(B0 - i)**(1/4) ; B1 - i**2 - i + r,s**2 + s*Abs(i - 2.53584771593075)**(1/4) ; -i**2 - i + r - 0.780079333508491
4097,0.23263948634252501,B0*i + 2*i**2 + i*s + s ; i,2*i**2 + i*s - 1.12867489527394*i + s ; i
4098,0.2282623813184506,s*sqrt(Abs(i + s + sqrt(Abs(i)))) ; r,s*sqrt(Abs(i + s + sqrt(Abs(i)))) ; r
4099,0.22508367432938597,s*sqrt(Abs(s + sqrt(Abs(i*s - s)))) ; sqrt(Abs(i)),s*sqrt(Abs(s + sqrt(Abs(i*s - s)))) ; sqrt(Abs(i))
4100,0.2241381834567697,i*s + Abs(s)**(5/4) ; r,i*s + Abs(s)**(5/4) ; r
4101,0.21724694678186457,s**2 + s*Abs(i)**(1/4) ; i*r,s**2 + s*Abs(i)**(1/4) ; i*r
4102,0.21698535650527032,s*sqrt(Abs(2*i + 2*s)) ; B0 + r,s*sqrt(Abs(2*i + 2*s)) ; r
4103,0.21025859838321134,B0*i*s + i*s**2 ; -i*r - r + sqrt(Abs(i)),i*s**2 + 6.03228815417178*i*s ; -i*r - r + sqrt(Abs(i))
4104,0.20362535947675198,s*sqrt(Abs(s + sqrt(Abs(B0 - i)))) ; sqrt(Abs(i)),s*sqrt(Abs(s + sqrt(Abs(i - 0.0124124331470352)))) ; sqrt(Abs(i))
4105,0.20219073877631022,-i*s**2 + i*Abs(s)**(5/2) ; -sqrt(Abs(B0 + B1*r)),-i*s**2 + i*Abs(s)**(5/2) ; -sqrt(Abs(0.0181933719532392*r + 0.00155040742001854))
4106,0.17797837343159054,s**2 + s*sqrt(Abs(2*i - s)) ; 2*r,s**2 + s*sqrt(Abs(2*i - s)) ; 2*r
4107,0.1745570956415598,i*sqrt(Abs(s)) + s ; i,i*sqrt(Abs(s)) + s ; i
4108,0.16667790339134228,i*s + i*Abs(s)**(3/2) + s ; i,i*s + i*Abs(s)**(3/2) + s ; i
4109,0.15369152424717547,i*s**2 + 2*s**3 ; i**2 - i*r,i*s**2 + 2*s**3 ; i**2 - i*r
4110,0.14570106563368643,sqrt(Abs(-i**2 + i*s + i)) ; i,sqrt(Abs(-i**2 + i*s + i)) ; i
4111,0.1448869880919838,B0 - sqrt(Abs(s)) ; i,1.08990307646553 - sqrt(Abs(s)) ; i
4112,0.10362798642501116,B0*i*s + i**2 ; r,i**2 + 2.69185248564941*i*s ; r
4113,0.10279610667768356,B0*i - i**2 + i*sqrt(Abs(s)) ; B1 + r*Abs(i)**(3/2),-i**2 + i*sqrt(Abs(s)) + 0.120215481207029*i ; r*Abs(i)**(3/2) + 0.00798241874174186
4114,0.10048955007645179,-i*s - i + sqrt(Abs(i)) ; B0 - i,-i*s - i + sqrt(Abs(i)) ; 0.0940399777107098 - i
4115,0.09664945767019123,i*s + i*Abs(s)**(1/4) ; i - sqrt(Abs(r + sqrt(Abs(r)))),i*s + i*Abs(s)**(1/4) ; i - sqrt(Abs(r + sqrt(Abs(r))))
4116,0.09308717267998004,-i*s + i + s ; i,-i*s + i + s ; i
4117,0.08945191340281113,B0*Abs(i)**(5/2) - i*s ; sqrt(Abs(B1*i + B1*r + B2)),-i*s + 0.310157681077098*Abs(i)**(5/2) ; sqrt(Abs(0.00499386485975103*i + 0.00499386485975103*r - 0.000531297091520067))
4118,0.0882075767558613,s + sqrt(Abs(B0 + B1*i - s)) ; B2 + i,s + sqrt(Abs(0.371584924397818*i + s - 0.6359238840889)) ; i - 1.16389695525233
4119,0.07880563563164206,i + s ; i,i + s ; i
4120,0.07879906218308692,s**3 + s**2 ; i,s**3 + s**2 ; i
4121,0.07350076048111949,s**2 + s*Abs(i + s)**(1/4) ; 2*r,s**2 + s*Abs(i + s)**(1/4) ; 2*r
4122,0.0724404083010682,i**2 - s ; B0 + B1*i + B1*sqrt(Abs(i)),i**2 - s ; 0.610619972710258*i + 0.610619972710258*sqrt(Abs(i)) + 0.161030823838989
4123,0.07166162743924548,-i*s + s**2 + s*Abs(i)**(1/4) ; i,-i*s + s**2 + s*Abs(i)**(1/4) ; i
4124,0.06359806900117702,-i*s**2 - i*s + s**3 + s**2 ; r,-i*s**2 - i*s + s**3 + s**2 ; r
4125,0.053726465723703966,i**2 - sqrt(Abs(s)) ; i**2 + i*r,i**2 - sqrt(Abs(s)) ; i**2 + i*r
4126,0.05356568162701144,B0 - s**2 ; r,0.970311012493824 - s**2 ; r
4127,0.04992902637119752,s + sqrt(Abs(s)) ; r,s + sqrt(Abs(s)) ; r
4128,0.04901355189263779,B0 - i**2 + i ; sqrt(Abs(i)),-i**2 + i + 0.113253107938671 ; sqrt(Abs(i))
4129,0.04796162351535712,s + sqrt(Abs(s)) ; i + r - sqrt(Abs(B0 - i)),s + sqrt(Abs(s)) ; i + r - sqrt(Abs(i - 0.0493483270352101))
4130,0.045774144095072494,B0 + i ; sqrt(Abs(i)),i + 0.113893483677487 ; sqrt(Abs(i))
4131,0.04477644809580798,B0*i**2*s + i**2 ; r,3.72643093935126*i**2*s + i**2 ; r
4132,0.041929328119505005,B0 + B1*i**2 ; sqrt(Abs(i)),11.6390830180712*i**2 + 0.126160715548023 ; sqrt(Abs(i))
4133,0.03600175030465704,sqrt(Abs(B0 + i**2 - i)) ; i,sqrt(Abs(i**2 - i + 0.11934375670738)) ; i
4134,0.03176492398191293,B0*i**2 + B0*i + B1*i*s ; 3*i - r,1.06898113023744*i**2 + 0.749594977033169*i*s + 1.06898113023744*i ; 3*i - r
4135,0.021042591023746202,sqrt(Abs(i)) ; B1*sqrt(Abs(B0 - i)) + i,sqrt(Abs(i)) ; i + 0.858522490469288*sqrt(Abs(i + 0.0155613239583039))
4136,0.015406314675499596,B0*s + 2*i ; B1 + i,2*i + 2.08247261058582*s ; i + 1.16227317866173
4137,0.012296417042746564,B0*sqrt(Abs(s)) + sqrt(Abs(i)) ; 2*i,sqrt(Abs(i)) - 0.0533463200307722*sqrt(Abs(s)) ; 2*i
4138,0.007456688985852764,B0 + B1*i + i**2 ; sqrt(Abs(i)),i**2 - 0.323907282960246*i + 0.168462234470437 ; sqrt(Abs(i))
4139,0.004520121800008025,B0 - i ; sqrt(Abs(i)),0.178449793671459 - i ; sqrt(Abs(i))
4140,0.003653592376222836,-i**2*s ; B0 - i,-i**2*s ; 0.0196078280306521 - i
4141,0.0032752126006795838,sqrt(Abs(B0 - i)) ; i,sqrt(Abs(i - 0.178285363705791)) ; i
4142,0.0022160477728095348,B0 + i ; i + sqrt(Abs(i)),i + 0.150030996703273 ; i + sqrt(Abs(i))
4143,0.0018902725256397402,B0 - i*sqrt(Abs(s)) + i ; sqrt(Abs(i)),-i*sqrt(Abs(s)) + i + 0.17910037766909 ; sqrt(Abs(i))
4144,0.0017754749841006143,B0 + i - Abs(s)**(1/4) ; i,i - Abs(s)**(1/4) + 1.01724290549732 ; i
4145,0.0008985549830325983,sqrt(Abs(B0 + 2*i + s)) ; B1 + B2*i,sqrt(Abs(2*i + s - 1.08127793409867)) ; 0.131159155144494 - 0.00797334698511983*i
4146,0.000762363598001756,sqrt(Abs(B0 + i)) ; i,sqrt(Abs(i - 0.201101920429044)) ; i
4147,0.0007162173924423799,B0 - s**2 - s + sqrt(Abs(s)) ; sqrt(Abs(B1 + r)),-s**2 - s + sqrt(Abs(s)) + 1.08663952055842 ; sqrt(Abs(r + 10.1668291237273))
4148,0.00026846150828509815,B0*i**3 ; B1 + r,1.86751160826343e-7*i**3 ; r + 252.297269302648
4149,2.7806370337650697e-05,s + sqrt(Abs(i)) + sqrt(Abs(B0 + i)) ; i,s + sqrt(Abs(i)) + sqrt(Abs(i + 0.0683953412372239)) ; i
4150,2.0395123797251066e-06,B0*i + 2*i**2 ; sqrt(Abs(i)),2*i**2 - 3.62331220111028*i ; sqrt(Abs(i))
4151,8.732603687613951e-07,i*sqrt(Abs(B0 + B1*i)) ; sqrt(Abs(i)),i*sqrt(Abs(4.40587833121937e-6*i + 0.000440595967281757)) ; sqrt(Abs(i))
4152,8.274826022385359e-07,B0*s**2 - i ; sqrt(Abs(B1 + i)),-i + 0.000452566194220126*s**2 ; sqrt(Abs(i + 0.259498026889126))
4153,1.6601441519399174e-07,B0*i**2 + B1*Abs(i)**(5/2) ; sqrt(Abs(B2 + i)),0.527049217745237*i**2 + 0.951459533656268*Abs(i)**(5/2) ; sqrt(Abs(i + 0.561333175081198))
4154,9.736120489570787e-09,B0 + B1*i + B2*sqrt(Abs(s)) ; sqrt(Abs(i)),-0.317470272451348*i - 0.134424560546188*sqrt(Abs(s)) + 0.79060680967976 ; sqrt(Abs(i))
4155,7.665636180066842e-09,B0*i + B1*i**2 + B2*i*s ; B3*Abs(i)**(1/4),0.000119410290801324*i**2 + 4.24692740320579*i*s + 0.000141424303120749*i ; 0.00467219090018023*Abs(i)**(1/4)
4156,3.3224328114470234e-09,sqrt(Abs(B0 + B1*s + i)) ; i,sqrt(Abs(i + 0.0158984778857806*s - 0.231770710103409)) ; i
4157,6.075322435850159e-11,B0 + B1*sqrt(Abs(i)) + B2*s + i ; sqrt(Abs(i)),i + 1.54929299962686*s + 16.0912656000599*sqrt(Abs(i)) - 53.8999770346268 ; sqrt(Abs(i))
4158,7.944189553445134e-13,s*sqrt(Abs(B0 + sqrt(Abs(i - s)))) ; sqrt(Abs(i)),s*sqrt(Abs(sqrt(Abs(i - s)) - 0.0410568366410823)) ; sqrt(Abs(i))
4159,8.634459165685058e-14,s - sqrt(Abs(B0 + i)) ; sqrt(Abs(B1 + B2*r + r**3)),s - sqrt(Abs(i + 44.2112279125479)) ; sqrt(Abs(r**3 - 307.257127306512*r + 1155.93886018202))
4160,8.7411905096767e-15,B0*i**2 + B0*i*s ; sqrt(Abs(i)),0.359868282122371*i**2 + 0.359868282122371*i*s ; sqrt(Abs(i))
4161,6.243652815713494e-15,sqrt(Abs(B0 + Abs(s)**(1/4))) ; B1*r,sqrt(Abs(Abs(s)**(1/4) - 2.03837130870396)) ; 0.887949713849965*r
4162,3.212519560512324e-15,sqrt(Abs(B0 + B1*s - i)) ; i,sqrt(Abs(-i + 0.0375595863588613*s + 1.0170179388632)) ; i
4163,1.869399045115594e-16,B0*i + i*Abs(s)**(1/4) ; sqrt(Abs(B1 + B2*i + B2*r)),i*Abs(s)**(1/4) - 1.93319105383184*i ; sqrt(Abs(1.00288027909823*i + 1.00288027909823*r - 4.97347017078342))
4164,2.521809541425349e-17,i + s ; i + sqrt(Abs(i))*sqrt(Abs(r)),i + s ; i + sqrt(Abs(i))*sqrt(Abs(r))
4165,2.340064665718822e-20,sqrt(Abs(-B0 + i + sqrt(Abs(i)))) ; i,sqrt(Abs(i + sqrt(Abs(i)) - 1.39651447244221)) ; i
4166,2.0042420751044437e-21,Abs(i)**(5/4) ; sqrt(Abs(B0*r + i)),Abs(i)**(5/4) ; sqrt(Abs(i + 0.0225415740483677*r))
4167,2.784561734620862e-22,sqrt(Abs(B0*s + i)) ; B1*r,sqrt(Abs(i + 1.03844416989833*s)) ; 3.24166703205779*r
4168,2.6670981339250713e-23,i**2*s + i**2 + i*s ; r,i**2*s + i**2 + i*s ; r
4169,5.2757423840389315e-27,sqrt(Abs(B0 + B1*i*sqrt(Abs(s)) - i)) ; B2*r,sqrt(Abs(0.149693197164244*i*sqrt(Abs(s)) - i + 6.94620431955419)) ; 60.5307077291326*r
4170,2.3910532723504555e-32,-i**2 - i + s ; i,-i**2 - i + s ; i
4171,3.764343146354182e-40,sqrt(Abs(B0 + B1*sqrt(Abs(s)) + i)) ; B2*r,sqrt(Abs(i - 9.27567535810499*sqrt(Abs(s)) + 20.508626448318)) ; 0.000101337018855127*r
4172,3.7301885328167615e-43,sqrt(Abs(B0*i + 2*s)) ; B1*r - r**2,sqrt(Abs(1.94583883871569*i + 2*s)) ; -r**2 + 0.000337113382793166*r
4173,4.112702942706657e-46,B0 + i**2 ; B1 + B2*sqrt(Abs(r)) - i,i**2 + 0.321268186932682 ; -i - 0.0419384767617305*sqrt(Abs(r)) + 0.362077147704728
4174,4.034705731379537e-49,Abs(i)**(7/4) ; Abs(B0 + 3*i)**(1/8),Abs(i)**(7/4) ; Abs(3*i + 2.52629529035967)**(1/8)
4175,1.0462044567000116e-50,i ; B0 + Abs(i)**(3/2),i ; Abs(i)**(3/2) + 0.0171715727656298
4176,7.38089791117745e-53,sqrt(Abs(i + s)) ; B0*Abs(i)**(3/2),sqrt(Abs(i + s)) ; 9.38084203713155e-5*Abs(i)**(3/2)
4177,2.8446671628239337e-56,sqrt(Abs(B0 - sqrt(Abs(B1 + s)))) ; i,sqrt(Abs(sqrt(Abs(s + 21.9215537647531)) - 4.17027995065021)) ; i
4178,1.99354813374083e-61,B0 + 3*s ; i,3*s + 46.0058265410054 ; i
4179,1.602132307912944e-61,B0*i + i**2 ; B1 - i,i**2 - 0.0507566263460134*i ; 0.0193848677863844 - i
4180,1.545727673635557e-65,B0 - i**2 + 2*i ; i,-i**2 + 2*i - 0.0195999902601158 ; i
4181,9.099511249156402e-69,B0 - 2*i ; i,0.504337741648208 - 2*i ; i
4182,2.908910475743737e-83,-i ; sqrt(Abs(i)),-i ; sqrt(Abs(i))
4183,9.841375830750339e-85,sqrt(Abs(i)) ; i,sqrt(Abs(i)) ; i
4184,1.2357989048345595e-86,Abs(i)**(1/4) ; i,Abs(i)**(1/4) ; i
4185,8.310124657927358e-87,sqrt(Abs(B0 + sqrt(Abs(s - sqrt(Abs(i)))))) ; B1*r,sqrt(Abs(sqrt(Abs(s - sqrt(Abs(i)))) - 6.95176261366071)) ; 0.000442127994187752*r
4186,5.447565795670524e-87,sqrt(Abs(B0 + sqrt(Abs(s)))) ; B1*r,sqrt(Abs(sqrt(Abs(s)) - 6.65062059072426)) ; 15.8997635880025*r
4187,1.004772866490358e-87,sqrt(Abs(i + s)) ; B0*r,sqrt(Abs(i + s)) ; 1.66785537605956*r
4188,6.384116698663e-90,B0*s + i**2 - i ; B1 - i,i**2 - i - 0.00818207514924051*s ; 0.575147622981057 - i
4189,9.981436194550854e-94,B0 + B1*sqrt(Abs(s)) - 2*i ; B2 + r,-2*i - 34.0682227550652*sqrt(Abs(s)) - 7.86504239588093 ; r + 146.264039767883
4190,6.772215903070705e-96,sqrt(Abs(B0 + B1*i**2 + s)) ; B2*r,sqrt(Abs(0.0126351605254807*i**2 + s + 18.7786455417529)) ; 0.204490319942743*r
4191,1.5971753188632733e-106,sqrt(Abs(B0 - sqrt(Abs(s)))) ; i,sqrt(Abs(sqrt(Abs(s)) - 5.27414893735272)) ; i
4192,1.9036002641421175e-128,B0 - i - s ; B1*i + B2*i*r**2,-i - s - 0.205264089728264 ; -0.0411920270255667*i*r**2 - 4.10816074415659e-6*i
4193,1.053803747094799e-169,B0 - i - s - sqrt(Abs(B1 + s)) ; B2*Abs(i)**(1/16),-i - s - sqrt(Abs(s + 8.94043959463974)) + 4.3892193618048 ; 0.0905172567343321*Abs(i)**(1/16)
4194,9.005753778430489e-173,B0*i + B1*i**2 + B1*i*s + B2*s ; B3*Abs(i)**(1/4),0.0271821625059287*i**2 + 0.0271821625059287*i*s - 2.94058703628606*i - 0.00562674467464533*s ; 2.1284910623136*Abs(i)**(1/4)
4195,3.1102006123185017e-174,Abs(i**3 + i**2)**(1/4) ; i,Abs(i**3 + i**2)**(1/4) ; i
4196,8.538405846891255e-186,i*Abs(B0 + B1*i)**(1/4) ; B2 + B3*r + i*r,i*Abs(0.00208964375488818*i - 0.208964307764447)**(1/4) ; i*r - 18.2149689619146*r + 0.24488172615546
4197,5.741284540107774e-191,sqrt(Abs(B0 + i + s)) ; B1*i**2,sqrt(Abs(i + s + 3.00508880156458)) ; 4.65304849326548e-5*i**2
4198,1.3842636985466885e-191,sqrt(Abs(i + sqrt(Abs(i)))) ; i,sqrt(Abs(i + sqrt(Abs(i)))) ; i
4199,6.413724460855592e-199,B0 + i ; i + sqrt(Abs(B1*i + i**2 - r)),i + 1.56023880319352 ; i + sqrt(Abs(i**2 + 2.1065510376148*i - r))
4200,2.479184554285848e-208,B0*i + B1*i**2 ; sqrt(Abs(B2 + r)),-0.000553047985782349*i**2 - 0.074124648333609*i ; sqrt(Abs(r + 10300.5571815391))
4201,4.030655153354424e-209,B0*i + B1*i*s + i**2 ; sqrt(Abs(B2 + B3*r - i)),i**2 - 0.0425433436121542*i*s - 1.35924822601552*i ; sqrt(Abs(i + 0.0339793790216592*r - 3.64058693523706))
4202,2.6444549609784593e-219,B0 - i + s ; Abs(i)**(3/8),-i + s + 7.67014557777543 ; Abs(i)**(3/8)
4203,9.289274895152512e-223,B0*i**2 + B1*i**3 ; sqrt(Abs(B2 + B3*i + B4*r)),4.46964587052636*i**3 + 9.40632491022202*i**2 ; sqrt(Abs(11.772478127719*i - 0.00900644954189164*r + 1.41367143345294))
4204,2.8315522620752046e-225,B0 + i**2 ; B1 + B2*sqrt(Abs(i)) - i,i**2 + 2.00058726462331 ; -i - 0.973224847273409*sqrt(Abs(i)) + 2.27206194492206
4205,2.304267467138731e-232,s*Abs(i)**(1/4) ; B0 + r,s*Abs(i)**(1/4) ; r + 59.3576323062295
4206,1.1909152538913253e-234,Abs(B0 + s)**(1/4) ; B1*r,Abs(s + 50.4768104889905)**(1/4) ; 31.901113636369*r
4207,2.3122699110766204e-236,B0*i + B1*i**2 + B2*i*s ; sqrt(Abs(B3*r + B4)),0.0689180040513886*i**2 + 0.0366987022270142*i*s + 0.147685945900514*i ; sqrt(Abs(0.0895979519381143*r + 0.0541038919712215))
4208,1.0221878605405057e-241,B0*i*s + B0*Abs(i)**(3/2) + B1*i**2 ; B2 + B3*r,0.932794657272015*i**2 + 0.0379200075401433*i*s + 0.0379200075401433*Abs(i)**(3/2) ; 2.16971095157363 - 0.00105719097467092*r
4209,1.3058380970549618e-245,B0 - i + sqrt(Abs(s - sqrt(2)*sqrt(Abs(i)))) ; sqrt(Abs(i)),-i + sqrt(Abs(s - sqrt(2)*sqrt(Abs(i)))) + 0.0027969848465214 ; sqrt(Abs(i))
4210,7.808588744689155e-260,Abs(i)**(1/4) ; B0*sqrt(Abs(i)),Abs(i)**(1/4) ; 0.131038550984946*sqrt(Abs(i))
4211,1.0453013126130733e-262,B0 - s - sqrt(Abs(i))*sqrt(Abs(s)) ; r,-s - sqrt(Abs(i))*sqrt(Abs(s)) + 2.86965207518325 ; r
4212,8.083201341758518e-275,B0*i + B1*i**2 ; -i + r,-0.0111086746703266*i**2 + 1.10991076007354*i ; -i + r
4213,4.8700746560106916e-276,sqrt(Abs(B0*i + Abs(i)**(3/2))) ; B1*i + B2*r**2,sqrt(Abs(10.0618896475462*i - Abs(i)**(3/2))) ; -0.0503261086471185*i - 655.701116062951*r**2
4214,2.9826148632931397e-277,Abs(B0 - s)**(1/4) ; r,Abs(s - 0.0728310351241603)**(1/4) ; r
4215,2.711555632101802e-277,Abs(B0*s**2 - s)**(1/4) ; i**3 + i,Abs(0.000168898256504252*s**2 + s)**(1/4) ; i**3 + i
4216,2.4335586492057226e-277,Abs(s)**(1/4) ; i*r + sqrt(Abs(r)),Abs(s)**(1/4) ; i*r + sqrt(Abs(r))
4217,8.80901891094493e-278,sqrt(Abs(B0 + sqrt(Abs(2*i + s)))) ; B1*r + r**2,sqrt(Abs(sqrt(Abs(2*i + s)) - 0.176403921977621)) ; r**2 + 0.0650327984260683*r
4218,2.960176174074502e-280,B0 + Abs(i)**(1/4) ; sqrt(Abs(r)),Abs(i)**(1/4) + 0.00819863528605611 ; sqrt(Abs(r))
4219,9.368304259518231e-281,-Abs(i)**(1/4) ; r,-Abs(i)**(1/4) ; r
4220,3.3e-322,sqrt(Abs(B0*s + i)) ; r*sqrt(Abs(B1*i + i*sqrt(Abs(i + r)))),sqrt(Abs(i + 1.21875070801408*s)) ; r*sqrt(Abs(i*sqrt(Abs(i + r)) + 6.43238711719339*i))
4221,0.0,i ; B0 + B1*r**2,i ; 0.272008908960199 - 13.4573459574551*r**2
4222,0.0,B0 - i*s ; B1 + i + r,-i*s + 0.0120187126517042 ; i + r + 0.0262520034685761
4223,0.0,sqrt(Abs(s)) ; B0 - 2*r,sqrt(Abs(s)) ; 0.0249213605252748 - 2*r
4224,0.0,i ; Abs(B0 + r)**(1/4),i ; Abs(r + 1.78904073172367)**(1/4)
4225,0.0,B0 - s ; B1*i,-s - 0.222813650826156 ; 0.444944988394813*i
4226,0.0,i - s ; r,i - s ; r
4227,0.0,B0 - s ; B1*r + B1*sqrt(Abs(i - r)),-s - 0.222605659770946 ; 0.00069289561380429*r + 0.00069289561380429*sqrt(Abs(i - r))
4228,0.0,B0 + B1*i**2 + i**3 ; sqrt(Abs(i + r - Abs(r)**(1/8))),i**3 + 0.484612164374042*i**2 - 1.73718058366433 ; sqrt(Abs(i + r - Abs(r)**(1/8)))
4229,0.0,B0 - s ; r,-s - 0.222564305494377 ; r
4230,0.0,B0 - s ; i,-s - 0.22256431295155 ; i
4231,0.0,B0 - s ; i**2 - i,-s - 0.222564305494377 ; i**2 - i
4232,0.0,-i**2 + i*s - s ; B0 - r,-i**2 + i*s - s ; 0.64214277297689 - r
4233,0.0,B0*sqrt(Abs(i)) - s ; r,-s + 0.492493475117379*sqrt(Abs(i)) ; r
4234,0.0,B0*sqrt(Abs(s)) - s ; sqrt(Abs(B1 + sqrt(Abs(r)))),-s - 0.114385384098635*sqrt(Abs(s)) ; sqrt(sqrt(Abs(r)) + 0.0437258700045729)
4235,0.0,i*sqrt(Abs(s)) - sqrt(Abs(s)) ; sqrt(Abs(i))*sqrt(Abs(r)),i*sqrt(Abs(s)) - sqrt(Abs(s)) ; sqrt(Abs(i))*sqrt(Abs(r))
4236,0.0,B0 + B1*i - s ; i,-2.62233632650489*i - s - 0.0961770593862535 ; i
4237,0.0,B0*i**2 + B0*i*s**2 - s ; r,0.00302150859948002*i**2 + 0.00302150859948002*i*s**2 - s ; r
4238,0.0,B0*i - s ; r,0.0515953479781219*i - s ; r
4239,0.0,B0 + i*s + i*sqrt(Abs(B1 - s)) ; i + Abs(r)**(3/4),i*s + i*sqrt(Abs(s - 0.765355961347744)) - 0.0690202243491346 ; i + Abs(r)**(3/4)
4240,0.0,B0*i + i*s - s ; B1*i + B2*i*r,i*s + 3.03533762114637*i - s ; 0.144464570913578*i*r - 0.610066955555424*i
4241,0.0,i*s - sqrt(Abs(i)) ; i,i*s - sqrt(Abs(i)) ; i
4242,0.0,B0 - i**2 + 2*i*s ; sqrt(Abs(B1*r + B1*sqrt(Abs(r)) + B2*i)),-i**2 + 2*i*s - 0.0412160594526359 ; sqrt(Abs(0.0530498558738603*i + 0.0614654638149523*r + 0.0614654638149523*sqrt(Abs(r))))
4243,0.0,i**2 - 2*i ; B0 - i + r,i**2 - 2*i ; -i + r + 0.209576291618619
4244,0.0,B0*i - sqrt(Abs(s)) ; sqrt(Abs(B1 + i)),0.00042617087077686*i - sqrt(Abs(s)) ; sqrt(Abs(i + 43528.224829753))
4245,0.0,B0*i**2 - s ; B1 - i**2,-0.038502667257464*i**2 - s ; 0.335414097691747 - i**2
4246,0.0,B0 + Abs(i)**(3/2) ; B1 + B2*i - i*r,Abs(i)**(3/2) + 0.122815240693891 ; -i*r + 0.054830033826607*i + 0.129568885505029
4247,0.0,i**2 + i*sqrt(Abs(s)) - i ; B0 + r - sqrt(Abs(B1 + i)),i**2 + i*sqrt(Abs(s)) - i ; r - sqrt(Abs(i + 0.0575513606274904)) + 0.0964799171312969
4248,0.0,B0 + B1*i + i*s ; sqrt(Abs(i - r)),i*s + 23.2412880483914*i + 5.6805044655129 ; sqrt(Abs(i - r))
4249,0.0,B0 + i**2 ; -2*i + sqrt(2)*sqrt(Abs(i)),i**2 - 0.336442863170254 ; -2*i + sqrt(2)*sqrt(Abs(i))
4250,0.0,i**2 + i - s**2 ; r - sqrt(Abs(i + r)),i**2 + i - s**2 ; r - sqrt(Abs(i + r))
4251,0.0,i**2 - s ; B0*sqrt(Abs(i)) - i,i**2 - s ; -i + 1.43386772506104*sqrt(Abs(i))
4252,0.0,i**2 - i ; -i + r,i**2 - i ; -i + r
4253,0.0,B0 + i**2 ; B1 - r,i**2 + 0.524180719275168 ; 5.50727281982456 - r
4254,0.0,B0 + i**2 - s ; B1 + r,i**2 - s + 0.980633524651861 ; r + 0.00103362412225275
4255,0.0,i**2 - i ; B0 + r,i**2 - i ; r + 0.620428664033183
4256,0.0,B0 + i**2 + i - s ; B1 + r,i**2 + i - s - 1.60820473076537 ; r + 0.0612889824627344
4257,0.0,B0 + i**2 ; -i,i**2 + 0.33674065343112 ; -i
4258,0.0,i**2 - sqrt(Abs(B0 + s)) ; B1 - Abs(i)**(3/4),i**2 - sqrt(Abs(s + 0.107407589316791)) ; 2.71643914487858 - Abs(i)**(3/4)
4259,0.0,i**2 - s ; B0 + B1*Abs(r)**(3/2) + B2*i*sqrt(Abs(r)),i**2 - s ; -0.536129022380759*i*sqrt(Abs(r)) + 0.179987488107615*Abs(r)**(3/2) + 0.716123998518814
4260,0.0,i**2 - i*s + s ; B0*r*sqrt(Abs(i)) - r,i**2 - i*s + s ; 0.000284220390460848*r*sqrt(Abs(i)) - r
4261,0.0,-i**2*s + i**2 ; i*r - i,-i**2*s + i**2 ; i*r - i
4262,0.0,i**2 - sqrt(Abs(i)) ; -i*r - i + r**2 + sqrt(2)*Abs(r)**(3/2),i**2 - sqrt(Abs(i)) ; -i*r - i + r**2 + sqrt(2)*Abs(r)**(3/2)
4263,0.0,i**2 - s - sqrt(Abs(s)) ; -i,i**2 - s - sqrt(Abs(s)) ; -i
4264,0.0,B0 + B1*i + i**2 ; i*Abs(r)**(3/2) - r,i**2 + 0.00352065672647313*i + 5.82641181607981e-5 ; i*Abs(r)**(3/2) - r
4265,0.0,i**2 - s ; -i,i**2 - s ; -i
4266,0.0,B0 + i**2 ; i*r - i,i**2 + 0.252016670762775 ; i*r - i
4267,0.0,B0 + i**2 ; -i + r**2,i**2 + 0.369360077849449 ; -i + r**2
4268,0.0,B0 + i**2 ; B1*r - i + r**2,i**2 + 0.849641151871164 ; -i + r**2 - 8.15464380237055*r
4269,0.0,B0 + i**2 ; B1*r*sqrt(Abs(i)) - r,i**2 + 0.0470123386017107 ; 10.2538547870434*r*sqrt(Abs(i)) - r
4270,0.0,B0 + i**2 ; B1*i + B2*r,i**2 + 4.42652400264802 ; 1.64209802667564*i + 1.88032657164647*r
4271,0.0,B0 + i**2 ; B1*sqrt(Abs(r)) - i,i**2 + 0.0075942499196695 ; -i + 0.457131051573963*sqrt(Abs(r))
4272,0.0,B0 + i**2 ; B1*r,i**2 + 0.0268536555030436 ; 0.0888938120626372*r
4273,0.0,B0 + i**2 ; B1*Abs(i)**(5/4) - i,i**2 + 3.33818362689122 ; -i + 4.08003937480787*Abs(i)**(5/4)
4274,0.0,B0 + i**2 ; B1*sqrt(Abs(r)) - r,i**2 + 0.0170383143407834 ; -r + 0.828962826196151*sqrt(Abs(r))
4275,0.0,B0 + i**2 ; B1 + B2*i + B2*r,i**2 + 1.41985934464062 ; 3.2087345252584*i + 3.2087345252584*r - 2.85792025090916
4276,0.0,B0 + i**2 ; B1 + B2*i*r + B2*i,i**2 + 0.0798483546110366 ; 0.0124214698573589*i*r + 0.0124214698573589*i + 3.93361849659183
4277,0.0,B0 + i**2 ; B1 + B2*r + B2*sqrt(Abs(r)),i**2 + 2.90703908023122 ; -0.000858782649335324*r - 0.000858782649335324*sqrt(Abs(r)) + 2.98277711772388
4278,0.0,B0 + i**2 ; B1 + B2*sqrt(Abs(r)),i**2 + 3.38613193889236 ; 0.168442988195282*sqrt(Abs(r)) + 8.82226610474695
4279,0.0,B0 + i**2 ; B1 + B2*sqrt(Abs(r)) - r,i**2 + 11.0797869183705 ; -r + 12.7592158698992*sqrt(Abs(r)) + 3.09686071148944
4280,0.0,B0 + i**2 ; B1 + B2*Abs(i)**(1/4) - i,i**2 + 0.0797893217769091 ; -i + 2.71775851808681*Abs(i)**(1/4) + 1.22747971957091
4281,0.0,B0 + i**2 ; B1*sqrt(Abs(i)) + B2*r,i**2 + 2.3614217600388 ; 1.5942247583672*r + 1.01713461608257*sqrt(Abs(i))
4282,0.0,2*s**2 ; i,2*s**2 ; i
4283,0.0,i*s ; B0 + B1*sqrt(Abs(i)) + Abs(i)**(3/2),i*s ; Abs(i)**(3/2) - 4.7543398603082*sqrt(Abs(i)) + 3.0712373337754
4284,0.0,i*s + s**2 ; sqrt(Abs(B0 - i + sqrt(Abs(i))*sqrt(Abs(r)))),i*s + s**2 ; sqrt(Abs(-i + sqrt(Abs(i))*sqrt(Abs(r)) + 0.000915808906606326))
4285,0.0,i ; B0 + sqrt(Abs(r)),i ; sqrt(Abs(r)) + 0.0269055620146403
4286,0.0,B0 - i ; B1*i + i**2 + r,4.09100197175561 - i ; i**2 + 103.855909204495*i + r
4287,0.0,sqrt(Abs(i - s + Abs(i)**(1/8))) ; B0 + i,sqrt(Abs(i - s + Abs(i)**(1/8))) ; i + 23.9379434008335
4288,0.0,i ; i + sqrt(Abs(r)),i ; i + sqrt(Abs(r))
4289,0.0,-s - sqrt(Abs(B0 + i)) ; 2*i,-s - sqrt(Abs(i + 8.23718659868562)) ; 2*i
4290,0.0,i ; i + r,i ; i + r
4291,0.0,B0*sqrt(Abs(i)) - s ; i + sqrt(Abs(r)),-s + 0.579358772042005*sqrt(Abs(i)) ; i + sqrt(Abs(r))
4292,0.0,B0 - s + sqrt(Abs(s)) ; i + r,-s + sqrt(Abs(s)) + 0.000678172586773404 ; i + r
4293,0.0,2*i ; i*r**2,2*i ; i*r**2
4294,0.0,2*i ; i + r,2*i ; i + r
4295,0.0,i + sqrt(Abs(i)) ; B0 + i + r,i + sqrt(Abs(i)) ; i + r + 0.019858202640211
4296,0.0,B0 + sqrt(Abs(B1*i - i**2 + i*s)) ; i - r + Abs(r)**(3/2),sqrt(Abs(i**2 - i*s + 31.088399847339*i)) - 0.834323111693836 ; i - r + Abs(r)**(3/2)
4297,0.0,B0 - s ; i + r,-s - 0.222564306840021 ; i + r
4298,0.0,B0 + B1*i*s + i*s**2 ; i + r,i*s**2 + 4.45626230662074*i*s + 0.703759075345335 ; i + r
4299,0.0,B0 - i + s + sqrt(Abs(s)) ; i**2*r**2 + i,-i + s + sqrt(Abs(s)) + 0.546083237599547 ; i**2*r**2 + i
4300,0.0,B0 + i ; B1 + 2*i - r,i - 33.078760864094 ; 2*i - r - 110.715350571257
4301,0.0,B0 + i ; i + r,i + 0.00208423878849667 ; i + r
4302,0.0,B0 + i ; i + sqrt(Abs(r)),i + 0.878166863176321 ; i + sqrt(Abs(r))
4303,0.0,B0 + i ; i + sqrt(Abs(r + sqrt(Abs(r)))),i + 0.137117898173934 ; i + sqrt(Abs(r + sqrt(Abs(r))))
4304,0.0,B0 + i ; i + sqrt(Abs(i*r - r)),i + 0.000321422484870246 ; i + sqrt(Abs(i*r - r))
4305,0.0,B0 + i ; i + Abs(r)**(1/4),i + 1.87663372183491 ; i + Abs(r)**(1/4)
4306,0.0,sqrt(Abs(s)) ; B0*i*sqrt(Abs(r)),sqrt(Abs(s)) ; 0.0122624344455857*i*sqrt(Abs(r))
4307,0.0,sqrt(Abs(s)) ; B0 + B1*i*r**2,sqrt(Abs(s)) ; 0.606750506457765*i*r**2 + 0.0011930837017684
4308,0.0,sqrt(Abs(i)) ; r + sqrt(Abs(B0 + 2*i + r)),sqrt(Abs(i)) ; r + sqrt(Abs(2*i + r + 0.365869442006111))
4309,0.0,sqrt(Abs(s)) ; B0 + 2*i + r,sqrt(Abs(s)) ; 2*i + r + 0.066697637376887
4310,0.0,sqrt(Abs(B0 - s + sqrt(2)*sqrt(Abs(i)))) ; B1*i*r,sqrt(Abs(s - sqrt(2)*sqrt(Abs(i)) + 62.154390765663)) ; 94.6063627018687*i*r
4311,0.0,sqrt(2)*sqrt(Abs(s)) ; r,sqrt(2)*sqrt(Abs(s)) ; r
4312,0.0,sqrt(Abs(B0*i + s)) ; B1 + i + 2*r,sqrt(Abs(0.769581545027287*i - s)) ; i + 2*r + 220.834960088846
4313,0.0,sqrt(Abs(s)) ; B0 - Abs(r)**(1/4),sqrt(Abs(s)) ; 11.3393927259417 - Abs(r)**(1/4)
4314,0.0,sqrt(Abs(i)) ; B0*sqrt(Abs(r)),sqrt(Abs(i)) ; 0.00256749941656065*sqrt(Abs(r))
4315,0.0,sqrt(Abs(i)) ; B0*r,sqrt(Abs(i)) ; 4.24880970835723*r
4316,0.0,sqrt(Abs(s)) ; B0 + B1*i,sqrt(Abs(s)) ; 0.0542249842470318*i + 0.903634533667644
4317,0.0,sqrt(Abs(i)) ; i*r,sqrt(Abs(i)) ; i*r
4318,0.0,sqrt(Abs(B0 + i)) ; B1*r**2 + B1*Abs(r)**(3/2),sqrt(Abs(i - 3.06246219042099)) ; 3.67688283186301*r**2 + 3.67688283186301*Abs(r)**(3/2)
4319,0.0,sqrt(Abs(s)) ; i**2,sqrt(Abs(s)) ; i**2
4320,0.0,sqrt(Abs(i)) ; B0*r - i*r + Abs(r)**(3/2),sqrt(Abs(i)) ; -i*r + 0.00320605721022398*r + Abs(r)**(3/2)
4321,0.0,sqrt(Abs(B0 + s - sqrt(Abs(s)))) ; B1*Abs(r)**(3/4),sqrt(Abs(s - sqrt(Abs(s)) + 54.4946792207788)) ; 0.00119990803351311*Abs(r)**(3/4)
4322,0.0,sqrt(Abs(B0 + s)) ; r*sqrt(Abs(B1 + i)),sqrt(Abs(s + 48.7738688752124)) ; r*sqrt(Abs(i + 1.21353222358138))
4323,0.0,sqrt(Abs(s + Abs(i)**(1/8))) ; B1*sqrt(Abs(B0*i + i**2)),sqrt(Abs(s + Abs(i)**(1/8))) ; -0.658678409088305*sqrt(Abs(i**2 - 5.06591997463402*i))
4324,0.0,sqrt(2)*sqrt(Abs(i)) ; B0*i + i*r,sqrt(2)*sqrt(Abs(i)) ; i*r
4325,0.0,sqrt(Abs(B0*sqrt(Abs(s)) + i + s)) ; 2*i**2 - i*r,sqrt(Abs(i + s + 28.3437713648706*sqrt(Abs(s)))) ; 2*i**2 - i*r
4326,0.0,sqrt(Abs(i - s)) ; B0*i**2,sqrt(Abs(i - s)) ; 1.549766943974*i**2
4327,0.0,sqrt(Abs(B0 + s)) ; i*sqrt(Abs(r)),sqrt(Abs(s + 25.6549095862384)) ; i*sqrt(Abs(r))
4328,0.0,sqrt(Abs(B0*sqrt(Abs(s)) + i)) ; B1*i + i*r,sqrt(Abs(i - 10.9582924923939*sqrt(Abs(s)))) ; i*r - 0.00310027782032913*i
4329,0.0,sqrt(Abs(B0*i + i**2 - 2*i*s)) ; B1*r + B2*r**2,sqrt(Abs(-i**2 + 2*i*s + 50.1207161104544*i)) ; 39.6614897362326*r**2 + 0.000269153596799597*r
4330,0.0,sqrt(Abs(B0 + B1*s + i*s)) ; B2*r*Abs(i)**(5/4),sqrt(Abs(i*s - 39.4055988220084*s + 38.1966079897936)) ; 8.29629446163762*r*Abs(i)**(5/4)
4331,0.0,sqrt(Abs(B0 + B1*i + s)) ; i*Abs(B2 - i)**(1/4),sqrt(Abs(9.30962071722643*i + s - 0.790004682499737)) ; i*Abs(i - 5.43838958948381)**(1/4)
4332,0.0,sqrt(Abs(B0 + i)) ; i*r,sqrt(Abs(i + 0.0156218668463402)) ; i*r
4333,0.0,sqrt(Abs(B0 + 3*s)) ; B1*r + r*Abs(i)**(3/2),sqrt(Abs(3*s + 160.497027617479)) ; r*Abs(i)**(3/2) + 0.00276186706349289*r
4334,0.0,sqrt(Abs(B0 + i)) ; B1*r,sqrt(Abs(i - 1.36257801019659)) ; 1.01925688172857*r
4335,0.0,sqrt(Abs(B0 + B1*s + i*s)) ; -r**3 + sqrt(Abs(i))*Abs(r)**(5/2),sqrt(Abs(-i*s + 61.6636823469643*s + 192.746155092338)) ; -r**3 + sqrt(Abs(i))*Abs(r)**(5/2)
4336,0.0,sqrt(Abs(B0 - s + sqrt(Abs(i*s - s**2)))) ; B1*r + B2*r**2,sqrt(Abs(s - sqrt(Abs(i*s - s**2)) + 57.8471913838972)) ; 32.0265455565032*r**2 + 0.00254883125106418*r
4337,0.0,sqrt(Abs(i + sqrt(Abs(i*s - i)))) ; B0*r + i**2*r**2,sqrt(Abs(i + sqrt(Abs(i*s - i)))) ; i**2*r**2 + 0.00168516661644119*r
4338,0.0,sqrt(Abs(B0 + i*s + i + s)) ; r**2,sqrt(Abs(i*s + i + s + 82.1582940423305)) ; r**2
4339,0.0,sqrt(Abs(i + 3*s)) ; B0*r + i*r,sqrt(Abs(i + 3*s)) ; i*r + 10.6619552985356*r
4340,0.0,sqrt(Abs(2*i + sqrt(Abs(B0 + i + s)))) ; B1*r - 2*i*r + r**2,sqrt(Abs(2*i + sqrt(Abs(i + s - 1.07021553925121)))) ; -2*i*r + r**2 + 0.00661394734412938*r
4341,0.0,sqrt(Abs(B0 + B1*s**3 + s)) ; B2*r**2,sqrt(Abs(-0.000108855225657571*s**3 + s + 21.4765046872966)) ; 0.000203186258075979*r**2
4342,0.0,sqrt(Abs(B0 + i)) ; sqrt(2)*Abs(r)**(3/2),sqrt(Abs(i + 0.0156220574989676)) ; sqrt(2)*Abs(r)**(3/2)
4343,0.0,sqrt(Abs(B0 + s)) ; B1*r,sqrt(Abs(s + 62.2547596961787)) ; 0.0740230865051386*r
4344,0.0,sqrt(Abs(B0 + i - s)) ; B1*r,sqrt(Abs(-i + s + 26.5461060580699)) ; 23.7259563951631*r
4345,0.0,sqrt(Abs(i*s**2 - s)) ; B0*r,sqrt(Abs(i*s**2 - s)) ; 32.8790854102102*r
4346,0.0,sqrt(Abs(B0*sqrt(Abs(i)) + 2*s)) ; B1*r,sqrt(Abs(2*s + 14.5172341409185*sqrt(Abs(i)))) ; 1.75774802313465*r
4347,0.0,sqrt(Abs(B0 + s - sqrt(Abs(s)))) ; B1*r,sqrt(Abs(s - sqrt(Abs(s)) + 59.6987587473023)) ; 0.10187098229867*r
4348,0.0,sqrt(Abs(B0 - 2*i)) ; B1*r,sqrt(Abs(2*i - 89.5930728227466)) ; 0.0060211094422025*r
4349,0.0,sqrt(Abs(-i + s + Abs(i)**(5/2))) ; B0*r,sqrt(Abs(-i + s + Abs(i)**(5/2))) ; 0.00254448699120299*r
4350,0.0,sqrt(Abs(B0 + s*sqrt(Abs(i + s)) + s)) ; B1*r,sqrt(Abs(s*sqrt(Abs(i + s)) + s + 95.2968767609081)) ; 44.0869960049694*r
4351,0.0,sqrt(Abs(i))*sqrt(Abs(s)) ; B0*r,sqrt(Abs(i))*sqrt(Abs(s)) ; 17.4657659449704*r
4352,0.0,sqrt(Abs(B0*s + B1 + s**2)) ; B2*r,sqrt(Abs(s**2 + 55.193474170935*s + 264.932863544398)) ; 17.9243543309879*r
4353,0.0,sqrt(Abs(B0 - i*s + Abs(s)**(3/2))) ; B1*r,sqrt(Abs(-i*s + Abs(s)**(3/2) + 0.0072641733806803)) ; 0.00263358755343321*r
4354,0.0,Abs(i)**(3/2) ; B0*r,Abs(i)**(3/2) ; 0.00264129299760721*r
4355,0.0,sqrt(Abs(i + s*sqrt(Abs(i)) - s)) ; B0*r,sqrt(Abs(i + s*sqrt(Abs(i)) - s)) ; 3.65392612568236*r
4356,0.0,sqrt(Abs(B0 - i + s)) ; B1*r,sqrt(Abs(-i + s + 96.3079072767708)) ; 0.0825404683238739*r
4357,0.0,sqrt(Abs(B0 - s + sqrt(Abs(i)))) ; B1*r,sqrt(Abs(s - sqrt(Abs(i)) + 36.7901901677934)) ; 33.3839517362112*r
4358,0.0,B0 + i*s + Abs(s)**(3/2) ; i,i*s + Abs(s)**(3/2) + 11.486858393116 ; i
4359,0.0,B0*i + i**2 + Abs(i)**(5/4) ; -i**2 + r - sqrt(Abs(i)),i**2 + 7.67705138668309*i + Abs(i)**(5/4) ; -i**2 + r - sqrt(Abs(i))
4360,0.0,-s**2 ; i,-s**2 ; i
4361,0.0,i*sqrt(Abs(s)) - sqrt(Abs(i))*sqrt(Abs(s)) ; -i,i*sqrt(Abs(s)) - sqrt(Abs(i))*sqrt(Abs(s)) ; -i
4362,0.0,Abs(i)**(3/2) ; sqrt(Abs(r)),Abs(i)**(3/2) ; sqrt(Abs(r))
4363,0.0,s*sqrt(Abs(B0 + i - 2*s)) ; Abs(B1 - i*r)**(1/4),s*sqrt(Abs(-i + 2*s + 0.0137867104376969)) ; Abs(i*r + 0.0535716248059567)**(1/4)
4364,0.0,i*Abs(s)**(1/4) ; i*r - i + 2*r,i*Abs(s)**(1/4) ; i*r - i + 2*r
4365,0.0,i*sqrt(Abs(B0*s + s**2)) ; B1 + B2*sqrt(Abs(r)),i*sqrt(Abs(s**2 + 0.0468580780523381*s)) ; 0.00874878664855383 - 0.0195445267616096*sqrt(Abs(r))
4366,0.0,i*sqrt(Abs(s)) ; r,i*sqrt(Abs(s)) ; r
4367,0.0,-2*Abs(s)**(3/2) ; B0 + r,-2*Abs(s)**(3/2) ; r + 0.000371476261039822
4368,0.0,i**3*sqrt(Abs(s)) ; B0 + r,i**3*sqrt(Abs(s)) ; r + 0.0800029662068504
4369,0.0,sqrt(Abs(i))*sqrt(Abs(s)) ; i,sqrt(Abs(i))*sqrt(Abs(s)) ; i
4370,0.0,Abs(s)**(3/2) + sqrt(Abs(s))*sqrt(Abs(i - s)) ; i,Abs(s)**(3/2) + sqrt(Abs(s))*sqrt(Abs(i - s)) ; i
4371,0.0,B0*i*Abs(s)**(3/2) ; B1 + B2*r + sqrt(Abs(i)),0.000332973622112616*i*Abs(s)**(3/2) ; 18.5485871952064*r + sqrt(Abs(i)) + 19.5139474278485
4372,0.0,sqrt(Abs(i))*sqrt(Abs(s)) + Abs(s)**(3/2) ; B0 + i**2*sqrt(Abs(r)) - i**2,sqrt(Abs(i))*sqrt(Abs(s)) + Abs(s)**(3/2) ; i**2*sqrt(Abs(r)) - i**2 + 0.637721369725384
4373,0.0,sqrt(Abs(s))*sqrt(Abs(i + sqrt(Abs(s)))) ; B0*r,sqrt(Abs(s))*sqrt(Abs(i + sqrt(Abs(s)))) ; 0.000295505991884013*r
4374,0.0,B0*sqrt(Abs(s)) + 2*i*sqrt(Abs(s)) + Abs(s)**(3/2) ; r,2*i*sqrt(Abs(s)) + Abs(s)**(3/2) + 0.253108115207822*sqrt(Abs(s)) ; r
4375,0.0,i ; i*r + r*sqrt(Abs(i)),i ; i*r + r*sqrt(Abs(i))
4376,0.0,i ; B0*i + B0*sqrt(Abs(i*r + i)),i ; 0.504611837437412*i + 0.504611837437412*sqrt(Abs(i*r + i))
4377,0.0,i ; i*r**2,i ; i*r**2
4378,0.0,2*i ; B0*r,2*i ; 0.000224295645005795*r
4379,0.0,i ; B0*r**2 + B1*i*r,i ; 0.161258681221237*i*r + 0.0690510297859084*r**2
4380,0.0,i ; r*sqrt(Abs(B0 + 2*i)),i ; r*sqrt(Abs(2*i + 10.0129694986584))
4381,0.0,2*i ; i**2,2*i ; i**2
4382,0.0,sqrt(Abs(B0*s - i)) ; i*sqrt(Abs(r)),sqrt(Abs(i + 0.0411538683198801*s)) ; i*sqrt(Abs(r))
4383,0.0,i ; i*r,i ; i*r
4384,0.0,sqrt(Abs(B0*i + i**2*s + i*s - s)) ; i**2*r,sqrt(Abs(i**2*s + i*s + 22.3848342948038*i - s)) ; i**2*r
4385,0.0,Abs(i)**(5/4) ; i*r,Abs(i)**(5/4) ; i*r
4386,0.0,B0*i + i*sqrt(Abs(i + s)) ; i - Abs(i**2 + i*r)**(1/4),i*sqrt(Abs(i + s)) + 0.084051493331543*i ; i - Abs(i**2 + i*r)**(1/4)
4387,0.0,i**2 + i*s ; r,i**2 + i*s ; r
4388,0.0,B0*i**2*s + i**2*s**2 + i*s ; B1 + r,i**2*s**2 + 0.193321758642412*i**2*s + i*s ; r + 0.000900195594196385
4389,0.0,i**2 + i*sqrt(Abs(s)) ; i**2,i**2 + i*sqrt(Abs(s)) ; i**2
4390,0.0,B0*i + i*sqrt(Abs(s)) ; r,i*sqrt(Abs(s)) + 0.000448034125203113*i ; r
4391,0.0,B0*s + 2*s**2 ; r,2*s**2 + 0.507176306409251*s ; r
4392,0.0,B0*i + B0*s + i*sqrt(Abs(s)) + Abs(s)**(3/2) ; r,i*sqrt(Abs(s)) + 0.178030378301821*i + 0.178030378301821*s + Abs(s)**(3/2) ; r
4393,0.0,B0*i + i*Abs(s)**(1/8) ; r,i*Abs(s)**(1/8) + 0.066897747437006*i ; r
4394,0.0,B0*i + i*sqrt(Abs(i**2 + i*s)) ; r,i*sqrt(Abs(i**2 + i*s)) + 0.0023676375935196*i ; r
4395,0.0,B0*i + i*sqrt(Abs(B1*i + B2*s)) ; r,i*sqrt(Abs(0.279377452456148*i + 0.282971595490145*s)) - 0.0182115940643089*i ; r
4396,0.0,i*s ; sqrt(Abs(i)),i*s ; sqrt(Abs(i))
4397,0.0,i*s ; sqrt(Abs(B0*r**2 + B1*i*r + i)),i*s ; sqrt(Abs(21.2802441165812*i*r - i + 31.6319339406912*r**2))
4398,0.0,B0*i + i*s + Abs(i)**(3/2) ; sqrt(Abs(r + sqrt(Abs(B1 + i)))),i*s + 12.6208913243004*i + Abs(i)**(3/2) ; sqrt(Abs(r + sqrt(Abs(i + 0.0291717274591792))))
4399,0.0,i*sqrt(Abs(s)) ; B0*sqrt(Abs(r)),i*sqrt(Abs(s)) ; 0.0687697283814178*sqrt(Abs(r))
4400,0.0,i**2 ; sqrt(Abs(r)),i**2 ; sqrt(Abs(r))
4401,0.0,i*sqrt(Abs(s)) ; sqrt(Abs(B0*sqrt(Abs(r)) + i)),i*sqrt(Abs(s)) ; sqrt(Abs(i + 0.514943543843116*sqrt(Abs(r))))
4402,0.0,i**2 ; B0*Abs(i)**(5/4)*sqrt(Abs(r)),i**2 ; 0.464819189518308*Abs(i)**(5/4)*sqrt(Abs(r))
4403,0.0,i*sqrt(Abs(s)) ; B0*sqrt(Abs(i))*sqrt(Abs(r)),i*sqrt(Abs(s)) ; 4.54530858764768*sqrt(Abs(i))*sqrt(Abs(r))
4404,0.0,i**2 + i*s + i*sqrt(Abs(B0 + i)) ; sqrt(Abs(B1*r + r**2)),i**2 + i*s + i*sqrt(Abs(i + 0.0241887029981981)) ; sqrt(Abs(r**2 + 87.3456537547556*r))
4405,0.0,i*sqrt(Abs(B0 - s)) ; B1*Abs(i)**(1/4)*Abs(r)**(1/8),i*sqrt(Abs(s + 0.00221764525268111)) ; 0.144384694046652*Abs(i)**(1/4)*Abs(r)**(1/8)
4406,0.0,i*s ; sqrt(Abs(B0 + B1*Abs(i)**(1/4))),i*s ; sqrt(Abs(0.0473180470764921*Abs(i)**(1/4) - 0.0466057789209137))
4407,0.0,B0*i**2 + B1*i*s ; sqrt(Abs(B2*sqrt(Abs(r)) + B3)),0.604942601609101*i**2 - 0.0306239847608134*i*s ; sqrt(0.610964253348409*sqrt(Abs(r)) + 1.08743959787548)
4408,0.0,Abs(i)**(3/2) ; sqrt(Abs(B0*i*r + B1*r)),Abs(i)**(3/2) ; sqrt(Abs(60.3702791718375*i*r + 69.5452627680967*r))
4409,0.0,B0*i + i*sqrt(Abs(s)) ; sqrt(Abs(B1*r + B2)),i*sqrt(Abs(s)) - 0.417162658491685*i ; sqrt(Abs(0.207167447118618*r - 0.122172635486649))
4410,0.0,i**2 ; B0*Abs(r)**(5/8),i**2 ; 0.000687068542137401*Abs(r)**(5/8)
4411,0.0,B0*i + B1*i*s + i*s**2 ; B2*sqrt(Abs(i)),i*s**2 + 0.131246939647161*i*s + 0.151711083071442*i ; 0.829329075705421*sqrt(Abs(i))
4412,0.0,B0*i - i*s ; sqrt(Abs(B1 + B2*i)),-i*s + 0.0297140061399014*i ; sqrt(Abs(0.0148808656234505*i + 0.0608660275243751))
4413,0.0,-i**2 + i*s ; sqrt(Abs(B0 + B1*r)),-i**2 + i*s ; sqrt(Abs(0.0273197432418082*r - 0.00241141352000615))
4414,0.0,B0*i*s - i**2*s ; sqrt(Abs(B1*i + B1*r)),-i**2*s + 0.000229403451262805*i*s ; sqrt(Abs(0.000451297101591307*i + 0.000451297101591307*r))
4415,0.0,B0*i + 2*i*s**2 ; sqrt(Abs(B1*i + B1*r + B2)),2*i*s**2 - 0.0398280271753725*i ; sqrt(Abs(0.129855196356518*i + 0.129855196356518*r + 0.00685264876531917))
4416,0.0,-i**3 + i**2*s - i*s ; sqrt(Abs(B0 + B1*r)),-i**3 + i**2*s - i*s ; sqrt(Abs(0.387153337468431*r + 1.48445043438183))
4417,0.0,B0*i - i**2 + i*s ; sqrt(Abs(B1 + B2*r)),-i**2 + i*s - 0.0225935979221322*i ; sqrt(Abs(0.0951089019724487*r - 0.0125753416171174))
4418,0.0,B0*i*s - i**2 ; sqrt(Abs(B1*r + B2*i + B3)),-i**2 - 0.00513767545202647*i*s ; sqrt(Abs(0.0135221171965312*i + 0.00495205446331188*r + 0.0156578860477719))
4419,0.0,B0*i*sqrt(Abs(s)) - i**2 ; sqrt(Abs(B1*r + B1*sqrt(Abs(B2 + r)))),-i**2 + 0.476041441990802*i*sqrt(Abs(s)) ; sqrt(Abs(0.0233115197086318*r + 0.0233115197086318*sqrt(Abs(r + 1.56534781472584))))
4420,0.0,B0*i + i*s ; sqrt(Abs(B1 + B2*r)),i*s - 0.422528575054722*i ; sqrt(Abs(0.517686004152458*r - 0.191274569640916))
4421,0.0,B0*i + i**2 + i*s ; sqrt(Abs(B1 + B2*i)),i**2 + i*s + 0.0656662966619189*i ; sqrt(Abs(0.0152819129563363*i + 0.049410225770633))
4422,0.0,-i**2 ; sqrt(Abs(B0 + B1*i)),-i**2 ; sqrt(Abs(0.000793191176784855*i + 0.000667078785862885))
4423,0.0,-i**2 + i*sqrt(Abs(B0 + 2*i)) ; sqrt(Abs(B1 + B2*i + B2*sqrt(Abs(i)))),-i**2 + i*sqrt(Abs(2*i + 3.78291236142662)) ; sqrt(Abs(0.209366567856569*i + 0.209366567856569*sqrt(Abs(i)) - 0.127233668418699))
4424,0.0,B0*i**3 - i**2 ; sqrt(Abs(B1*sqrt(Abs(i)) + B2*i)),-0.337797864488723*i**3 - i**2 ; sqrt(Abs(1.10788068380444*i - 0.223240860638018*sqrt(Abs(i))))
4425,0.0,B0*i + B1*i*s + i**2*s ; sqrt(Abs(B2 + B3*i + B3*r)),i**2*s + 0.00128066993611484*i*s + 0.88625850356152*i ; sqrt(Abs(0.210800681568541*i + 0.210800681568541*r + 0.087738131835416))
4426,0.0,B0*i*s + i**2*s ; sqrt(Abs(B1*r + B2)),i**2*s + 1.31816189824193*i*s ; sqrt(Abs(0.488789971111569*r + 0.00644441695459406))
4427,0.0,B0*i - i*s ; sqrt(Abs(B1*i + B2*r)),-i*s - 3.40479619736682*i ; sqrt(Abs(0.235682585583593*i + 7.13925509935247*r))
4428,0.0,B0*i + i**3 ; sqrt(Abs(B1*i + B2*r)),i**3 + 0.133961004327612*i ; sqrt(Abs(0.00246085743760256*i + 0.016034718805435*r))
4429,0.0,B0*i*s + i**2*s - i**2 ; sqrt(Abs(B1 + B2*i + B3*r)),i**2*s - i**2 + 3.48652217237185*i*s ; sqrt(Abs(0.379966736919659*i + 1.43838441059299*r - 14.9061589917796))
4430,0.0,i**2*s - i**2 ; sqrt(Abs(B0 + B1*r + B2*i)),i**2*s - i**2 ; sqrt(Abs(-0.0103556288127969*i + 0.115955070518946*r + 7.55264137211018))
4431,0.0,B0*i*s - i**2 ; sqrt(Abs(B1*i + B1*r)),-i**2 + 0.0137761689894075*i*s ; sqrt(Abs(0.000150082620777894*i + 0.000150082620777894*r))
4432,0.0,B0*i**2*s - i*s**2 - i*s ; sqrt(Abs(B1 + B2*i + B3*r)),-3.19208875359066*i**2*s - i*s**2 - i*s ; sqrt(Abs(-0.45804699343362*i + 4.76903203460406*r + 1.96483581217941))
4433,0.0,B0*i*Abs(s)**(1/4) - i**2 ; sqrt(Abs(B1*i + B1*r + B2)),-i**2 + 0.00664555220169292*i*Abs(s)**(1/4) ; sqrt(Abs(0.195535812580299*i + 0.195535812580299*r + 0.00275096289982136))
4434,0.0,B0*i**2 + i**3 + i**2*s ; sqrt(Abs(B1 + B2*i + B3*r)),i**3 + i**2*s - 0.00315977301416128*i**2 ; sqrt(Abs(0.0515540737428327*i + 0.0256154188446209*r + 0.00609015785695154))
4435,0.0,-i**2 ; sqrt(Abs(B0 + B1*r)),-i**2 ; sqrt(Abs(0.0432534651923287*r - 0.0136345034161733))
4436,0.0,i**3*s - i*s ; sqrt(Abs(B0 + B1*r)),i**3*s - i*s ; sqrt(Abs(1.606518526969*r - 6.50475778819482))
4437,0.0,i**3 - i**2 ; sqrt(Abs(B0*r + B1)),i**3 - i**2 ; sqrt(Abs(0.0258729008499559*r - 0.00616906290680908))
4438,0.0,B0*i*s - i**2 ; sqrt(Abs(B1 + B2*i + B3*r)),-i**2 + 0.000270074211042464*i*s ; sqrt(Abs(0.134784317834594*i + 0.00256854719538107*r + 0.0639848180281386))
4439,0.0,i**2*s - i**2 ; sqrt(Abs(B0 + B1*i + B2*r)),i**2*s - i**2 ; sqrt(Abs(39.2952035555039*i - 25.7668590519527*r + 17.826785751875))
4440,0.0,-i**2 ; sqrt(Abs(B0*i + B0*r + B1)),-i**2 ; sqrt(Abs(0.00684766830916735*i + 0.00684766830916735*r + 0.00358083305628514))
4441,0.0,B0*i*s - i**2*s + i*s**2 ; sqrt(Abs(B1 + B2*i + B3*r)),-i**2*s + i*s**2 + 0.487742163750396*i*s ; sqrt(Abs(0.270595940542676*i + 0.144704561397589*r - 1.0507909454652))
4442,0.0,B0*i + B1*i**2 - 2*i**2*s ; sqrt(Abs(B2*i + B2*r)),-2*i**2*s + 7.31115655868437*i**2 + 6.16845105799322*i ; sqrt(Abs(4.77013418485736*i + 4.77013418485736*r))
4443,0.0,B0*i + B1*i*s**2 - i**2*s ; sqrt(Abs(B2*r + B3)),-i**2*s + 0.0358480565028092*i*s**2 + 0.171565796214909*i ; sqrt(Abs(0.16095213409781*r - 0.0593336132023467))
4444,0.0,-i**2*s - i**2 + i*Abs(s)**(3/2) ; sqrt(Abs(B0 + B1*r)),-i**2*s - i**2 + i*Abs(s)**(3/2) ; sqrt(Abs(0.0231703602739724*r - 0.00153192693127134))
4445,0.0,B0*i*s - i**2*s ; sqrt(Abs(B1 + B2*r + B3*i)),-i**2*s + 0.143651423642823*i*s ; sqrt(Abs(0.262483831536744*i + 0.180286989797896*r + 0.0155393276338094))
4446,0.0,B0*i**2 - i**2*s - i*s ; sqrt(Abs(B1 + B2*i + B3*r)),-i**2*s + 0.225912931469191*i**2 - i*s ; sqrt(Abs(0.142619312925901*i - 0.397442984604859*r + 0.200548137499917))
4447,0.0,B0*i*s - i**2 - i*s**2 ; sqrt(Abs(B1 + B2*i + B3*r)),-i**2 - i*s**2 + 0.00320172861091466*i*s ; sqrt(Abs(0.00351626862946106*i + 0.000910404422384059*r + 0.00276119259144124))
4448,0.0,B0*i*s - i**2*s - i**2 ; sqrt(Abs(B1*r + B2)),-i**2*s - i**2 + 0.275086212509026*i*s ; sqrt(Abs(0.26429202739686*r - 0.0298239584222242))
4449,0.0,B0*i**2 - i**3 - i*s ; sqrt(Abs(B1 + B2*i + B3*r)),-i**3 + 0.662698040825042*i**2 - i*s ; sqrt(Abs(-1.63805885159116*i + 0.0857375982500091*r + 0.217233466020896))
4450,0.0,B0*i*s - i**2*s ; sqrt(Abs(B1 + B2*i + B3*r)),-i**2*s - 4.4736549414795*i*s ; sqrt(Abs(-5.11206303225048*i + 6.47765138110212*r + 0.482672334413289))
4451,0.0,B0*i + B1*i**2 - i*s ; sqrt(Abs(B2 + B3*i + B4*r)),1.90710556980511*i**2 - i*s + 3.72541172335178*i ; sqrt(Abs(-4.68087731744682*i + 10.0146778099052*r + 39.5645502617707))
4452,0.0,B0*i + B1*i**2 - i*s ; sqrt(Abs(B2 + B3*r + B4*i)),4.85067071300058*i**2 - i*s + 3.62193622219869*i ; sqrt(Abs(35.5303267849694*i - 6.29837164744427*r + 4.84844236767406))
4453,0.0,B0*i + B1*i**2 - i*s ; sqrt(Abs(B2*r + B3)),0.89584409434889*i**2 - i*s - 0.542416928675696*i ; sqrt(Abs(0.274636211321631*r + 2.88592097661073e-9))
4454,0.0,-s**3 + s**2*sqrt(Abs(i)) ; i,-s**3 + s**2*sqrt(Abs(i)) ; i
4455,0.0,i**2*sqrt(Abs(s)) ; B0 - i*r + r,i**2*sqrt(Abs(s)) ; -i*r + r + 0.157994473503915
4456,0.0,i**2*sqrt(Abs(B0 - 2*s)) ; i + r,i**2*sqrt(Abs(2*s + 0.354065289136379)) ; i + r
4457,0.0,B0*i**3 ; sqrt(Abs(i)),0.000671031426857385*i**3 ; sqrt(Abs(i))
4458,0.0,B0*s + s*sqrt(Abs(B1 - i)) ; Abs(i)**(1/4),s*sqrt(Abs(i + 1.98200060554627)) + 2.05899194468788*s ; Abs(i)**(1/4)
4459,0.0,i*s - 2*s**2 ; B0 + B1*i + r,i*s - 2*s**2 ; 0.0181540567149337*i + r + 25.8359009592989
4460,0.0,B0*s + i*s + s**2 ; sqrt(Abs(B1*i**2 + B2*i)),i*s + s**2 + 0.0077603713007833*s ; sqrt(Abs(0.000603292560201831*i**2 + 0.0172187233275392*i))
4461,0.0,B0*s + i*s ; sqrt(2)*sqrt(Abs(i)),i*s - 0.0120049535167763*s ; sqrt(2)*sqrt(Abs(i))
4462,0.0,B0*s + i*s ; sqrt(Abs(i)),i*s - 0.102219565403209*s ; sqrt(Abs(i))
4463,0.0,2*s**2 - s*sqrt(Abs(i)) ; r,2*s**2 - s*sqrt(Abs(i)) ; r
4464,0.0,s**2 + s*sqrt(Abs(B0 + 2*i)) ; B1 + r,s**2 + s*sqrt(Abs(2*i + 1.38594617758743)) ; r + 9.47921695799492
4465,0.0,B0*s + s*sqrt(Abs(i)) ; B1 - i + r,s*sqrt(Abs(i)) - 0.0362178668276422*s ; -i + r + 3.83584128976906
4466,0.0,B0*s + i*s ; i + 2*r,i*s + 0.00438588017767176*s ; i + 2*r
4467,0.0,B0*s + s*sqrt(Abs(i)) ; B1 + sqrt(Abs(B2 + r)),s*sqrt(Abs(i)) - 0.10159476786003*s ; sqrt(Abs(r + 92.342634926383)) + 0.734719447734798
4468,0.0,i*s + s*sqrt(Abs(i)) ; r + sqrt(Abs(i)),i*s + s*sqrt(Abs(i)) ; r + sqrt(Abs(i))
4469,0.0,B0*s + i*s + s*sqrt(Abs(i)) ; i + r,i*s + s*sqrt(Abs(i)) + 0.122790369751168*s ; i + r
4470,0.0,B0*s + s*sqrt(Abs(i)) ; B1 + 2*r,s*sqrt(Abs(i)) - 0.005361185374704*s ; 2*r + 0.000827060386366849
4471,0.0,B0*s + i*s ; i + r,i*s - 0.00138337110726134*s ; i + r
4472,0.0,s**2 + sqrt(2)*Abs(s)**(3/2) ; B0 + r,s**2 + sqrt(2)*Abs(s)**(3/2) ; r + 0.00631005242862127
4473,0.0,B0*s + i*s + Abs(s)**(3/2) ; B1 + i + r,i*s + 0.399162502052376*s + Abs(s)**(3/2) ; i + r + 14.1054843181519
4474,0.0,s**2 + s*sqrt(Abs(i)) ; r + sqrt(Abs(i)),s**2 + s*sqrt(Abs(i)) ; r + sqrt(Abs(i))
4475,0.0,s**2 + sqrt(2)*Abs(s)**(3/2) ; 2*r,s**2 + sqrt(2)*Abs(s)**(3/2) ; 2*r
4476,0.0,2*s**2 ; 2*r,2*s**2 ; 2*r
4477,0.0,B0*s + B1*i*s + s*sqrt(Abs(i)) ; B2 - i + sqrt(Abs(i - sqrt(Abs(r)))),0.0510273125218593*i*s + s*sqrt(Abs(i)) - 5.17244232246057*s ; -i + sqrt(Abs(i - sqrt(Abs(r)))) - 2.68861779387752
4478,0.0,Abs(i - s)**(3/2) ; r,Abs(i - s)**(3/2) ; r
4479,0.0,B0*s - i**2*s ; B1 + B2*i + r,-i**2*s - 0.184735814604607*s ; 0.0555875277143119*i + r - 0.0267695598534743
4480,0.0,B0*i - i*sqrt(Abs(s)) + Abs(i)**(3/2) ; Abs(2*i - sqrt(Abs(i)))**(1/8),-i*sqrt(Abs(s)) + 9.48137565568306*i + Abs(i)**(3/2) ; Abs(2*i - sqrt(Abs(i)))**(1/8)
4481,0.0,-s*sqrt(Abs(i)) + sqrt(Abs(i))*sqrt(Abs(s)) ; r,-s*sqrt(Abs(i)) + sqrt(Abs(i))*sqrt(Abs(s)) ; r
4482,0.0,B0*i + i**2 + i*sqrt(Abs(s)) ; r,i**2 + i*sqrt(Abs(s)) + 0.187536675291142*i ; r
4483,0.0,-i**2 ; B0 - i*r - i + 2*r**2,-i**2 ; -i*r - i + 2*r**2 + 0.166557226816434
4484,0.0,-i**2 - i*s + i*sqrt(Abs(s)) ; sqrt(Abs(i)),-i**2 - i*s + i*sqrt(Abs(s)) ; sqrt(Abs(i))
4485,0.0,B0*i - i**2 - i*s + i*sqrt(Abs(s)) ; B1 + r,-i**2 - i*s + i*sqrt(Abs(s)) + 1.72114421813901*i ; r - 0.0332664237798319
4486,0.0,B0*i*s - i**2 + i*sqrt(Abs(s)) ; sqrt(Abs(i)),-i**2 + 0.096388040898225*i*s + i*sqrt(Abs(s)) ; sqrt(Abs(i))
4487,0.0,-s**2 - s*sqrt(Abs(i)) + Abs(s)**(3/2) ; i,-s**2 - s*sqrt(Abs(i)) + Abs(s)**(3/2) ; i
4488,0.0,-i**3 - i*s + i*sqrt(Abs(s)) ; sqrt(Abs(B0 - r + Abs(r)**(3/2))),-i**3 - i*s + i*sqrt(Abs(s)) ; sqrt(Abs(-r + Abs(r)**(3/2) + 0.0209838252950884))
4489,0.0,-i*s + i*sqrt(Abs(s)) - Abs(i)**(3/2) ; B0*sqrt(Abs(i)) + i + r,-i*s + i*sqrt(Abs(s)) - Abs(i)**(3/2) ; i + r + 13.2559956686917*sqrt(Abs(i))
4490,0.0,B0*i - i**2 + i*sqrt(Abs(s)) ; B1*i*r - i,-i**2 + i*sqrt(Abs(s)) + 3.55361135632905*i ; -0.694060121112277*i*r - i
4491,0.0,B0*i - i*s + i*sqrt(Abs(s)) ; B1 + B2*r,-i*s + i*sqrt(Abs(s)) - 1.12755161030737*i ; 6.67921921541303*r + 0.483555107033093
4492,0.0,B0*i - i*s + i*sqrt(Abs(s)) ; B1 - sqrt(Abs(r)),-i*s + i*sqrt(Abs(s)) + 0.0229579678390929*i ; 0.00827649742836054 - sqrt(Abs(r))
4493,0.0,B0*i + i*sqrt(Abs(s)) ; B1 + i,i*sqrt(Abs(s)) - 0.770515809277786*i ; i + 0.564900703441587
4494,0.0,B0*i + i*sqrt(Abs(s)) ; -i + r - sqrt(Abs(i)),i*sqrt(Abs(s)) + 0.393146133697637*i ; -i + r - sqrt(Abs(i))
4495,0.0,B0*i - i**2 + i*sqrt(Abs(s)) ; B1 + 2*i + Abs(i)**(1/4),-i**2 + i*sqrt(Abs(s)) - 0.114138741029669*i ; 2*i + Abs(i)**(1/4) + 0.420749662816509
4496,0.0,B0*s - i*s + Abs(s)**(3/2) ; -i + r,-i*s + 6.19829531428597*s + Abs(s)**(3/2) ; -i + r
4497,0.0,B0*s - i*s + Abs(s)**(3/2) ; B1 - 2*i,-i*s - 6.78510308908643*s + Abs(s)**(3/2) ; 14.3326525703053 - 2*i
4498,0.0,B0*i - i**2 + i*sqrt(Abs(s)) ; B1 + 2*r,-i**2 + i*sqrt(Abs(s)) + 0.248151796196881*i ; 2*r + 0.0945884018324611
4499,0.0,B0*s - i*s + Abs(s)**(3/2) ; B1 + r + sqrt(Abs(i)),-i*s + 0.505709963379369*s + Abs(s)**(3/2) ; r + sqrt(Abs(i)) + 0.744744482191078
4500,0.0,B0*i - i**2 + i*sqrt(Abs(s)) ; B1 + B2*r - i,-i**2 + i*sqrt(Abs(s)) + 0.00123444397158864*i ; -i - 0.000118379471972046*r + 0.0119288457587831
4501,0.0,B0*i + i*sqrt(Abs(s)) ; B1 - r,i*sqrt(Abs(s)) - 0.589045309530678*i ; 1.78062339138488 - r
4502,0.0,B0*i + i*sqrt(Abs(s)) ; B1 + B2*r,i*sqrt(Abs(s)) + 1.59755031987631*i ; 4.16813800684744 - 4.69953265791313*r
4503,0.0,B0*i + i*sqrt(Abs(s)) ; B1 + i**3,i*sqrt(Abs(s)) + 0.0386598243472266*i ; i**3 + 0.0108392779919702
4504,0.0,B0*i + i*sqrt(Abs(s)) ; B1 + i*r - r,i*sqrt(Abs(s)) + 0.0102967664810491*i ; i*r - r + 0.00269814478752371
4505,0.0,B0*i - i**2 + i*sqrt(Abs(s)) ; B1 + i*r - i,-i**2 + i*sqrt(Abs(s)) - 4.9072247096406*i ; i*r - i - 1.020656085334
4506,0.0,B0*s + i*s**2 + i*s - s**2 ; r,i*s**2 + i*s - s**2 + 0.485295245225305*s ; r
4507,0.0,i**2*sqrt(Abs(i - s)) ; r,i**2*sqrt(Abs(i - s)) ; r
4508,0.0,B0*sqrt(Abs(s)) + i*sqrt(Abs(s)) + Abs(s)**(3/2) ; r,i*sqrt(Abs(s)) + Abs(s)**(3/2) + 0.934458756407612*sqrt(Abs(s)) ; r
4509,0.0,i*sqrt(Abs(B0 + 2*s)) ; r,i*sqrt(Abs(2*s + 7.94201754650831)) ; r
4510,0.0,i*Abs(B0*s + s**2)**(1/4) ; r,i*Abs(s**2 + 2.52673401634227*s)**(1/4) ; r
4511,0.0,i*sqrt(Abs(B0 + i)) ; r,i*sqrt(Abs(i + 0.00866285372010217)) ; r
4512,0.0,i*sqrt(Abs(s + Abs(i)**(1/4))) ; r,i*sqrt(Abs(s + Abs(i)**(1/4))) ; r
4513,0.0,i*sqrt(Abs(i - s)) ; r,i*sqrt(Abs(i - s)) ; r
4514,0.0,i*sqrt(Abs(B0*i**2 - i*s + i)) ; r,i*sqrt(Abs(0.0266064367974258*i**2 - i*s + i)) ; r
4515,0.0,i*sqrt(Abs(B0 + sqrt(2)*sqrt(Abs(s)))) ; r,i*sqrt(sqrt(2)*sqrt(Abs(s)) + 0.134973875296786) ; r
4516,0.0,i*sqrt(Abs(B0 - i + s)) ; r,i*sqrt(Abs(-i + s + 8.9456183946875)) ; r
4517,0.0,B1*sqrt(Abs(B0 + s)) + i*sqrt(Abs(B0 + s)) ; r,i*sqrt(Abs(s + 0.495419225007185)) - 0.000333194862449658*sqrt(Abs(s + 0.495419225007185)) ; r
4518,0.0,i*sqrt(Abs(B0 + s)) ; r,i*sqrt(Abs(s + 4.04297041337914)) ; r
4519,0.0,2*i*sqrt(Abs(B0 + s)) ; r,2*i*sqrt(Abs(s + 9.63079615266696)) ; r
4520,0.0,B1*sqrt(Abs(B0 + s)) - s*sqrt(Abs(B0 + s)) ; r,-s*sqrt(Abs(s - 0.114134122263729)) + 0.115299680128607*sqrt(Abs(s - 0.114134122263729)) ; r
4521,0.0,i + sqrt(Abs(B0*i + s)) ; i,i + sqrt(Abs(3.16486348673051*i + s)) ; i
4522,0.0,B0 + i + sqrt(Abs(i**2 + i*s)) ; i,i + sqrt(Abs(i**2 + i*s)) + 0.0196246638785726 ; i
4523,0.0,-i + sqrt(Abs(i + s)) ; i,-i + sqrt(Abs(i + s)) ; i
4524,0.0,B0 + B1*s + 2*i ; i,2*i + 0.230358717754628*s + 0.155283603289273 ; i
4525,0.0,B0 - 2*i + s + sqrt(Abs(i)) ; i,-2*i + s + sqrt(Abs(i)) + 50.2584097920013 ; i
4526,0.0,B0 + i - s + sqrt(Abs(B1 - i)) ; i,i - s + sqrt(Abs(i - 0.0200012110166576)) + 0.309380281639826 ; i
4527,0.0,B0 - i - s ; i,-i - s + 0.167952017172212 ; i
4528,0.0,B0 + i*s - s ; i,i*s - s - 1.40778969381024 ; i
4529,0.0,B0 - 2*i - s + sqrt(Abs(i)) ; i,-2*i - s + sqrt(Abs(i)) + 0.320813175650511 ; i
4530,0.0,B0 + i - s ; i,i - s + 0.314880365727508 ; i
4531,0.0,i - 2*s ; i,i - 2*s ; i
4532,0.0,B0 - 2*i - s ; i,-2*i - s + 0.313687316732971 ; i
4533,0.0,B0 + i - s - sqrt(Abs(s)) ; i,i - s - sqrt(Abs(s)) + 2.74285953130909 ; i
4534,0.0,B0 - i*s + 2*i - s ; i,-i*s + 2*i - s + 3.30925534847577 ; i
4535,0.0,-i**2 + i - s ; i,-i**2 + i - s ; i
4536,0.0,B0 - i**2 + i - 2*s ; i,-i**2 + i - 2*s - 0.00389115675598985 ; i
4537,0.0,B0 - i**2 + 2*i - s ; i,-i**2 + 2*i - s - 1.04704475850245 ; i
4538,0.0,B0*s + 2*s**2 ; B1 + sqrt(Abs(i)),2*s**2 + 0.507181924178753*s ; sqrt(Abs(i)) + 0.000276689166026409
4539,0.0,i*sqrt(Abs(B0 + sqrt(Abs(i)))) ; -r + Abs(i)**(1/4)*Abs(r)**(5/8),i*sqrt(sqrt(Abs(i)) + 0.0112923981190723) ; -r + Abs(i)**(1/4)*Abs(r)**(5/8)
4540,0.0,i*s*sqrt(Abs(B0*i + i*s)) ; B1 - r + sqrt(Abs(r)),i*s*sqrt(Abs(i*s - 0.160760177189604*i)) ; -r + sqrt(Abs(r)) + 0.0134036941511579
4541,0.0,B0*s**2 - i*s**2 + 2*s**3 ; i,-i*s**2 + 2*s**3 - 0.0463566113225298*s**2 ; i
4542,0.0,3*i*s**2 - i*s ; i + Abs(i)**(1/4),3*i*s**2 - i*s ; i + Abs(i)**(1/4)
4543,0.0,B0 + i - s - sqrt(Abs(i)) ; i,i - s - sqrt(Abs(i)) + 0.910808638402834 ; i
4544,0.0,i**2*s**2 - s ; r,i**2*s**2 - s ; r
4545,0.0,B0*i**3 + i ; r,0.00176812551993175*i**3 + i ; r
4546,0.0,B0 + i ; r,i + 0.00154376907998288 ; r
4547,0.0,i*sqrt(Abs(B0 + Abs(B1 + s)**(1/4))) ; i + sqrt(Abs(B2 + i*r + r**2)),i*sqrt(Abs(Abs(s + 33754.6471218108)**(1/4) - 13.5617095206874)) ; i + sqrt(Abs(i*r + r**2 + 42597.8008320716))
4548,0.0,sqrt(Abs(s))*sqrt(Abs(B0 + s)) ; 2*i + r - sqrt(Abs(r)),sqrt(Abs(s))*sqrt(Abs(s + 21.702733388637)) ; 2*i + r - sqrt(Abs(r))
4549,0.0,i*sqrt(Abs(B0 + i)) ; r**2,i*sqrt(Abs(i + 0.00866285478614633)) ; r**2
4550,0.0,i*sqrt(Abs(s**2 + s)) ; sqrt(Abs(r)),i*sqrt(Abs(s**2 + s)) ; sqrt(Abs(r))
4551,0.0,i*sqrt(Abs(i + s)) ; sqrt(Abs(B0*r + Abs(r)**(3/2))),i*sqrt(Abs(i + s)) ; sqrt(Abs(4.02487957521655*r + Abs(r)**(3/2)))
4552,0.0,i*sqrt(Abs(B0 + sqrt(Abs(B1 + i)))) ; sqrt(Abs(r)),i*sqrt(Abs(sqrt(Abs(i + 2167.14634500866)) - 39.0070305412676)) ; sqrt(Abs(r))
4553,0.0,s*sqrt(Abs(B0 + i)) ; Abs(B1*i - i**2)**(1/4),s*sqrt(Abs(i - 3.63627010921559e-6)) ; Abs(i**2 - 0.0115915438988763*i)**(1/4)
4554,0.0,s*sqrt(Abs(i + 2*s)) ; sqrt(Abs(i)),s*sqrt(Abs(i + 2*s)) ; sqrt(Abs(i))
4555,0.0,i*sqrt(Abs(B0 + i - 2*s)) ; sqrt(Abs(i)),i*sqrt(Abs(-i + 2*s + 5.60253098337702)) ; sqrt(Abs(i))
4556,0.0,Abs(i + s)**(3/2) ; sqrt(Abs(i)),Abs(i + s)**(3/2) ; sqrt(Abs(i))
4557,0.0,s*sqrt(Abs(-i + s + sqrt(Abs(s)))) ; sqrt(Abs(i)),s*sqrt(Abs(-i + s + sqrt(Abs(s)))) ; sqrt(Abs(i))
4558,0.0,i*sqrt(Abs(B0 + Abs(B1 + s)**(1/4))) ; sqrt(Abs(i)),i*sqrt(Abs(Abs(s + 12020.8797308515)**(1/4) - 8.99995647157464)) ; sqrt(Abs(i))
4559,0.0,s*sqrt(Abs(B0 + i + sqrt(Abs(s)))) ; sqrt(Abs(i)),s*sqrt(Abs(i + sqrt(Abs(s)) + 25.9651239199408)) ; sqrt(Abs(i))
4560,0.0,sqrt(2)*s*Abs(i)**(1/4) ; sqrt(Abs(i)),sqrt(2)*s*Abs(i)**(1/4) ; sqrt(Abs(i))
4561,0.0,i*sqrt(Abs(B0 + sqrt(Abs(s)))) ; sqrt(Abs(i)),i*sqrt(sqrt(Abs(s)) + 1.1870780984231) ; sqrt(Abs(i))
4562,0.0,i*sqrt(Abs(s + sqrt(Abs(s)))) ; sqrt(Abs(i)),i*sqrt(Abs(s + sqrt(Abs(s)))) ; sqrt(Abs(i))
4563,0.0,i*sqrt(Abs(s + sqrt(Abs(B0 - s)))) ; sqrt(Abs(i)),i*sqrt(Abs(s + sqrt(Abs(s + 211.969391407623)))) ; sqrt(Abs(i))
4564,0.0,i*sqrt(Abs(i + sqrt(Abs(B0 - i)))) ; sqrt(Abs(i)),i*sqrt(Abs(i + sqrt(Abs(i - 15.8655372761466)))) ; sqrt(Abs(i))
4565,0.0,i*sqrt(Abs(s + sqrt(Abs(B0 - i)))) ; sqrt(Abs(i)),i*sqrt(Abs(s + sqrt(Abs(i - 211.334040603332)))) ; sqrt(Abs(i))
4566,0.0,i*sqrt(Abs(B0 + sqrt(Abs(B1 - i)))) ; sqrt(Abs(i)),i*sqrt(Abs(sqrt(Abs(i - 10970.6654618057)) - 101.060372045579)) ; sqrt(Abs(i))
4567,0.0,B0*i + i**2 ; sqrt(Abs(i - r)),i**2 + 0.0109945853620813*i ; sqrt(Abs(i - r))
4568,0.0,2*s**2 ; B0 + B1*i*r + B1*r**2,2*s**2 ; 1.78289566087585*i*r + 1.78289566087585*r**2 + 10.056196884014
4569,0.0,s**2 - s*Abs(i)**(3/2) ; i + r,s**2 - s*Abs(i)**(3/2) ; i + r
4570,0.0,i*s*Abs(B0 - i)**(1/4) ; -i + sqrt(Abs(B1 + sqrt(Abs(i + 2*r)))),i*s*Abs(i - 25.4753487340667)**(1/4) ; -i + sqrt(sqrt(Abs(i + 2*r)) + 2.16706772278425)
4571,0.0,B0*s - s*Abs(i)**(3/2) ; B1 - i,-s*Abs(i)**(3/2) - 0.430191590122403*s ; -i - 3.55882282611541
4572,0.0,-i**2 + 2*i*s + Abs(i)**(3/2) ; -i + r,-i**2 + 2*i*s + Abs(i)**(3/2) ; -i + r
4573,0.0,B0*i**3 + i**2*s ; B1 + r,9.17458206911838*i**3 + i**2*s ; r + 0.709180159674192
4574,0.0,i*s ; -i + sqrt(Abs(i)),i*s ; -i + sqrt(Abs(i))
4575,0.0,B0*s + s*sqrt(Abs(i)) ; -3*i + r,s*sqrt(Abs(i)) + 0.0938624666907282*s ; -3*i + r
4576,0.0,s*sqrt(Abs(B0 + i)) ; B1 + r,s*sqrt(Abs(i + 0.370963761805993)) ; r + 6.91515696914103
4577,0.0,B0*i*s + i*s**2 ; B1 + B2*i + B2*r,i*s**2 - 0.178608011200728*i*s ; 0.175955932155767*i + 0.175955932155767*r + 0.323977993923311
4578,0.0,i*s ; -i + r,i*s ; -i + r
4579,0.0,B0*s + i**2*s - 2*i*s ; -i + r,i**2*s - 2*i*s + 0.0182017670039964*s ; -i + r
4580,0.0,i*sqrt(Abs(s)) + Abs(i)**(3/2) ; B0*r + B1*i**2*r,i*sqrt(Abs(s)) + Abs(i)**(3/2) ; 0.000168468901081515*i**2*r + 3.74973982476956*r
4581,0.0,i*sqrt(Abs(B0 + i + s)) ; B1*i**2*r**2,i*sqrt(Abs(i + s - 0.96253437463293)) ; 3.93976536272349*i**2*r**2
4582,0.0,2*i**2 + Abs(i)**(3/2) ; i*r**2 + r**3,2*i**2 + Abs(i)**(3/2) ; i*r**2 + r**3
4583,0.0,-s**2 ; B0*r + B1*i*r + B1*r**2,-s**2 ; 6.93396568936215*i*r + 6.93396568936215*r**2 + 86.9319415833295*r
4584,0.0,Abs(i)**(3/2) ; i*r + r**2,Abs(i)**(3/2) ; i*r + r**2
4585,0.0,i**2 + i*sqrt(Abs(s)) ; r**2*Abs(i)**(1/4) - r**2,i**2 + i*sqrt(Abs(s)) ; r**2*Abs(i)**(1/4) - r**2
4586,0.0,i**2*s - i*s**2 + i*s - s**2 ; B0*sqrt(Abs(i)) + B1*r - i*r + Abs(i)**(3/2),i**2*s - i*s**2 + i*s - s**2 ; -i*r - 0.109583217213244*r + Abs(i)**(3/2) - 0.127821399482248*sqrt(Abs(i))
4587,0.0,B0*i*sqrt(Abs(s)) + i**2*sqrt(Abs(s)) ; -r**2 + r*sqrt(Abs(-i**2 + i*r + i)),i**2*sqrt(Abs(s)) + 0.00105594198537591*i*sqrt(Abs(s)) ; -r**2 + r*sqrt(Abs(-i**2 + i*r + i))
4588,0.0,i*s ; sqrt(Abs(B0 + B1*i + r)),i*s ; sqrt(Abs(0.886029830359131*i + r + 0.380710013354623))
4589,0.0,i**2 ; i*Abs(r)**(3/2),i**2 ; i*Abs(r)**(3/2)
4590,0.0,i ; sqrt(Abs(B0 + 2*r)),i ; sqrt(Abs(2*r + 0.20989614136383))
4591,0.0,B0 - 2*i ; sqrt(Abs(i - r)),29.8515945147284 - 2*i ; sqrt(Abs(i - r))
4592,0.0,-s + sqrt(Abs(i + sqrt(Abs(B0 + B1*s)))) ; sqrt(Abs(r)),-s + sqrt(Abs(i + sqrt(Abs(0.0103736283661973*s + 0.111804359891155)))) ; sqrt(Abs(r))
4593,0.0,B0*i + i*s ; Abs(B1 + i + 2*r)**(1/4),i*s - 0.170514094686799*i ; Abs(i + 2*r + 0.0676700452331138)**(1/4)
4594,0.0,-i*s + 2*i - s**2 ; sqrt(Abs(B0 + r + sqrt(Abs(i))*sqrt(Abs(r)))),-i*s + 2*i - s**2 ; sqrt(Abs(r + sqrt(Abs(i))*sqrt(Abs(r)) + 0.718887187023138))
4595,0.0,B0 + B1*i + i*s + s ; sqrt(Abs(i)),i*s + 0.0277877562938611*i + s - 0.0291637078475162 ; sqrt(Abs(i))
4596,0.0,B0 - s ; sqrt(Abs(r)),0.922042219981974 - s ; sqrt(Abs(r))
4597,0.0,B0 + i - s ; Abs(i)**(3/2),i - s + 0.177225470284871 ; Abs(i)**(3/2)
4598,0.0,B0 - i - s ; sqrt(Abs(B1*i + i**2 + i*r)),-i - s + 3.17144835614489 ; sqrt(Abs(i**2 + i*r - 16.0014702976041*i))
4599,0.0,i*s - 2*i - s ; sqrt(Abs(i)),i*s - 2*i - s ; sqrt(Abs(i))
4600,0.0,i - sqrt(Abs(i)) ; sqrt(Abs(i)),i - sqrt(Abs(i)) ; sqrt(Abs(i))
4601,0.0,i**2 + i*s ; sqrt(Abs(i)),i**2 + i*s ; sqrt(Abs(i))
4602,0.0,i*s**2 - s**3 - s ; sqrt(Abs(i)),i*s**2 - s**3 - s ; sqrt(Abs(i))
4603,0.0,B0 + s*sqrt(Abs(i**2 + i*s)) ; sqrt(Abs(i)),s*sqrt(Abs(i**2 + i*s)) + 55.7321524247847 ; sqrt(Abs(i))
4604,0.0,B0 - 2*s ; sqrt(Abs(i)),1.6526872574283 - 2*s ; sqrt(Abs(i))
4605,0.0,B0 - i + s + sqrt(Abs(s)) ; sqrt(Abs(i)),-i + s + sqrt(Abs(s)) + 5.46493154745647 ; sqrt(Abs(i))
4606,0.0,B0 - 3*s ; sqrt(Abs(i)),-3*s - 6.41659835314507 ; sqrt(Abs(i))
4607,0.0,i**2 + i*s - 2*i ; sqrt(Abs(i)),i**2 + i*s - 2*i ; sqrt(Abs(i))
4608,0.0,B0 + i - 2*s ; sqrt(Abs(i)),i - 2*s + 2.6689023012298 ; sqrt(Abs(i))
4609,0.0,-s ; sqrt(Abs(i)),-s ; sqrt(Abs(i))
4610,0.0,B0 - s ; sqrt(Abs(i)),-s - 0.222564305494377 ; sqrt(Abs(i))
4611,0.0,B0 + i - s ; sqrt(Abs(i)),i - s + 1.03317182907405 ; sqrt(Abs(i))
4612,0.0,B0 + 2*i - s ; sqrt(Abs(i)),2*i - s + 0.692570324353955 ; sqrt(Abs(i))
4613,0.0,B0 + i - sqrt(Abs(i)) ; sqrt(Abs(i)),i - sqrt(Abs(i)) + 3.36926373516167 ; sqrt(Abs(i))
4614,0.0,B0 + i - s**2 ; sqrt(Abs(i)),i - s**2 - 0.614564245857271 ; sqrt(Abs(i))
4615,0.0,B0 - i**2*s + i ; sqrt(Abs(i)),-i**2*s + i + 0.209962814854246 ; sqrt(Abs(i))
4616,0.0,B0 - i*s + i ; sqrt(Abs(i)),-i*s + i + 0.140607954282835 ; sqrt(Abs(i))
4617,0.0,B0 - s ; B1*i**2 - 2*r,-s - 0.222560004860876 ; 0.00281956759446195*i**2 - 2*r
4618,0.0,B0 - 2*s ; r,1.65268725755124 - 2*s ; r
4619,0.0,B0 - s**2 - sqrt(Abs(i)) ; B1*i*r**2 + i + r,-s**2 - sqrt(Abs(i)) - 0.641757014124483 ; -1.88172947971141*i*r**2 + i + r
4620,0.0,B0 + i*sqrt(Abs(B1 - i)) - s ; i,i*sqrt(Abs(i + 3.30217320042185)) - s - 0.506971738164199 ; i
4621,0.0,B0 - s + sqrt(Abs(B1 + i + s)) ; i,-s + sqrt(Abs(i + s + 19.5623994447113)) - 3.33708442712039 ; i
4622,0.0,B0 - s - sqrt(Abs(i)) ; B1 + B2*i + B3*r,-s - sqrt(Abs(i)) + 4.13737426839984 ; -2.48718990235264*i + 0.141372903605736*r + 3.511279146129
4623,0.0,B0 + i**2 + i*s - i ; 3*i**2*r - i,i**2 + i*s - i + 0.202869062242983 ; 3*i**2*r - i
4624,0.0,-sqrt(Abs(B0 + i)) ; B1*i**2*Abs(r)**(3/2),-sqrt(Abs(i + 48.1770656995486)) ; 46.3606692117281*i**2*Abs(r)**(3/2)
4625,0.0,B0 + i*s - s ; B1*r + B1*sqrt(Abs(B2 - i + r)),i*s - s - 0.688228904167299 ; 1.03533897356348*r + 1.03533897356348*sqrt(Abs(i - r + 0.2643339363013))
4626,0.0,B0 + i - 2*s ; sqrt(Abs(B1 + i)),i - 2*s - 6.80889053401851 ; sqrt(Abs(i - 2.63009130063922))
4627,0.0,-3*i ; i,-3*i ; i
4628,0.0,B0 + 2*i**2 - i - s ; B1 + i,2*i**2 - i - s - 0.755103866460026 ; i + 0.523110528824601
4629,0.0,-3*i + s**2 - 2*s ; i,-3*i + s**2 - 2*s ; i
4630,0.0,B0 - i - s + sqrt(Abs(B1 + i)) ; B2 + r,-i - s + sqrt(Abs(i + 1423.89283997947)) - 32.0142518156092 ; r - 4.5654056167599e-8
4631,0.0,B0 + 2*i*s - s ; B1 + r,2*i*s - s - 0.0439041377877651 ; r + 0.0774812620476823
4632,0.0,B0 - 2*i - s ; sqrt(Abs(i)),-2*i - s - 0.100981680343769 ; sqrt(Abs(i))
4633,0.0,B0 - 2*s - sqrt(Abs(s)) ; B1 - r + sqrt(Abs(r)),-2*s - sqrt(Abs(s)) + 3.26300954822371 ; -r + sqrt(Abs(r)) + 3.52998689421327
4634,0.0,B0 - i - 2*s ; B1*i*sqrt(Abs(r)),-i - 2*s + 1.92207950380761 ; 0.70053790441167*i*sqrt(Abs(r))
4635,0.0,B0 - i - s**2 - s ; sqrt(Abs(i)),-i - s**2 - s - 0.210225404951405 ; sqrt(Abs(i))
4636,0.0,B0 + i - s ; B1 + i*sqrt(Abs(r)),i - s + 2.55951765482363 ; i*sqrt(Abs(r)) + 31.6739146031195
4637,0.0,B0 + B1*i - 2*s ; B2 + r,-1.43149625371593*i - 2*s - 26.31747187637 ; r + 4.60395817857155
4638,0.0,B0 - s ; B1 + i,-s - 0.222169950442155 ; i + 0.0165776394707952
4639,0.0,B0 - 2*s ; sqrt(Abs(B1 + r)),-2*s - 0.246223863585279 ; sqrt(Abs(r + 0.000102619508105002))
4640,0.0,B0 - i - 2*s ; B1*r*sqrt(Abs(i)) - r**2,-i - 2*s + 1.54294629220602 ; -r**2 + 0.000245821301950886*r*sqrt(Abs(i))
4641,0.0,B0 - s - sqrt(Abs(i))*sqrt(Abs(s)) ; B1 + i,-s - sqrt(Abs(i))*sqrt(Abs(s)) + 31.1432524891321 ; i - 68.1390226977915
4642,0.0,B0 - 2*s - sqrt(Abs(s)) ; sqrt(Abs(B1 - i)),-2*s - sqrt(Abs(s)) + 1.40830298404571 ; sqrt(Abs(i - 0.00262211051569387))
4643,0.0,B0 - s - sqrt(Abs(i)) ; i,-s - sqrt(Abs(i)) + 1.22025102732906 ; i
4644,0.0,B0 - s - sqrt(Abs(B1 + s)) ; B2*r,-s - sqrt(Abs(s + 8252.11391952578)) + 90.6458587865594 ; 0.00179551006028473*r
4645,0.0,B0 - s ; B1*r*sqrt(Abs(i)),0.543150420227074 - s ; 0.000489919264816242*r*sqrt(Abs(i))
4646,0.0,B0 - s - Abs(i)**(1/4) ; sqrt(Abs(i))*Abs(r)**(5/16),-s - Abs(i)**(1/4) + 0.791017057689496 ; sqrt(Abs(i))*Abs(r)**(5/16)
4647,0.0,B0 - s - Abs(i)**(1/4) ; r,-s - Abs(i)**(1/4) + 3.36755911957278 ; r
4648,0.0,B0 - i - s ; B1*r + i + sqrt(Abs(i)),-i - s - 1.68475354457473 ; i - 1.9301651866555*r + sqrt(Abs(i))
4649,0.0,B0 - 2*s - sqrt(Abs(B1 + s)) ; B2 - i,-2*s - sqrt(Abs(s + 2350.30303059521)) + 48.2801745981064 ; 0.890550206654715 - i
4650,0.0,B0 - s - sqrt(2)*sqrt(Abs(i)) ; B1*i,-s - sqrt(2)*sqrt(Abs(i)) + 4.97730421390259 ; -0.843021178302037*i
4651,0.0,B0 - s ; sqrt(Abs(B1 + B2*i**3 + B2*i**2*r)),0.82089664724397 - s ; sqrt(Abs(23.7230970594643*i**3 + 23.7230970594643*i**2*r + 0.00262551887371994))
4652,0.0,B0 + B1*sqrt(Abs(i)) - s ; B2*i + r,-s + 9.07282031050572*sqrt(Abs(i)) - 33.930732667829 ; -0.0215209315305639*i + r
4653,0.0,B0 + B1*sqrt(Abs(i)) - s ; B3*Abs(B2 - sqrt(Abs(r)))**(1/4),-s + 5.96874202461485*sqrt(Abs(i)) - 3.39077830532544 ; -3.15288326684706*(sqrt(Abs(r)) + 1.21421812083671)**(1/4)
4654,0.0,B0 - 2*s - sqrt(Abs(i))*sqrt(Abs(s)) ; sqrt(Abs(i)),-2*s - sqrt(Abs(i))*sqrt(Abs(s)) + 2.61950144385723 ; sqrt(Abs(i))
4655,0.0,B0 + B1*sqrt(Abs(i)) - 2*i ; 2*i + r,-2*i - 0.0182052838721994*sqrt(Abs(i)) + 0.00252248244035297 ; 2*i + r
4656,0.0,B0 + B1*sqrt(Abs(i)) - 2*s ; sqrt(Abs(r)),-2*s - 21.1242061765879*sqrt(Abs(i)) + 68.7776308037507 ; sqrt(Abs(r))
4657,0.0,B0 + B1*sqrt(Abs(i)) - i - s ; i,-i - s + 7.24254173080806*sqrt(Abs(i)) - 12.1653983894874 ; i
4658,0.0,B0 - i - s ; i + r,-i - s + 0.109036168989848 ; i + r
4659,0.0,B0 - i - 2*s ; B1 - i + Abs(B2 + i)**(1/4),-i - 2*s + 3.30409651632723 ; -i + Abs(i + 0.351593768045926)**(1/4) - 1.81752501071315
4660,0.0,B0 - i - s ; sqrt(Abs(B1 + i)),-i - s + 0.236301230537023 ; sqrt(Abs(i - 0.430155159815026))
4661,0.0,B0 + B1*sqrt(Abs(i)) - 2*s ; r,-2*s + 20.4410127867477*sqrt(Abs(i)) - 65.613020436715 ; r
4662,0.0,2*i**4 ; B0*i*r - i**2 + i*r**2,2*i**4 ; -i**2 + i*r**2 + 14.0238679042494*i*r
4663,0.0,B0*i**2 + 2*i**3 ; B1 + B2*sqrt(Abs(r)),2*i**3 - 0.00020172603771998*i**2 ; 0.0398017750971187*sqrt(Abs(r)) + 0.00397425688476812
4664,0.0,B0*i**2 + 2*i**3 + i**2*s ; r*Abs(B1 - r)**(1/4),2*i**3 + i**2*s + 0.0717225049437217*i**2 ; r*Abs(r - 0.000568383280754826)**(1/4)
4665,0.0,B0*s + B1*i**2*s ; B2 + r,1.99094806120659*i**2*s + 1.63398507564869*s ; r - 0.547562019979469
4666,0.0,B0*i + i*s**2 ; sqrt(Abs(B1 + i)),i*s**2 + 0.95253972907447*i ; sqrt(Abs(i + 2.55623134632844))
4667,0.0,i**2 + i*sqrt(Abs(i + 2*s)) ; B0 + Abs(i)**(1/4),i**2 + i*sqrt(Abs(i + 2*s)) ; Abs(i)**(1/4) + 0.00188807521669651
4668,0.0,i**2 ; B0 + i + 3*r,i**2 ; i + 3*r + 0.00685914281881946
4669,0.0,B0*i + B1*i**2 + B2*i*s ; B3 + r,0.124673599333843*i**2 + 0.242155657474653*i*s + 0.539932175546003*i ; r + 0.515267783588602
4670,0.0,i**2 ; B0 + i + r,i**2 ; i + r + 0.00112961109962007
4671,0.0,i*sqrt(Abs(s)) ; B0 - i*r + r**2,i*sqrt(Abs(s)) ; -i*r + r**2 + 0.13922340716435
4672,0.0,B0*i + i*sqrt(Abs(s)) ; B1 + r,i*sqrt(Abs(s)) + 0.108227502897349*i ; r + 0.001438201662232
4673,0.0,B0*i - i**2 ; B1 + r,-i**2 + 0.50851487660019*i ; r + 0.00801613675086197
4674,0.0,i*s ; B0 + r,i*s ; r + 0.0199695397768722
4675,0.0,2*i*s ; B0 - i + sqrt(Abs(i)),2*i*s ; -i + sqrt(Abs(i)) + 1.55246646047291
4676,0.0,B0*i + i*s ; B1 + sqrt(Abs(r + sqrt(Abs(i)))),i*s + 0.495154920822629*i ; sqrt(Abs(r + sqrt(Abs(i)))) + 3.63745984694609
4677,0.0,i**2 ; B0 + i*r + Abs(r)**(3/2),i**2 ; i*r + Abs(r)**(3/2) + 0.0327214289998048
4678,0.0,i**3 ; B0 + Abs(i)**(3/2),i**3 ; Abs(i)**(3/2) + 0.000683802740404387
4679,0.0,i*sqrt(Abs(B0*s + i*s + s**2)) ; B1 + B2*i*r**2,i*sqrt(Abs(i*s + s**2 - 0.00156295295636845*s)) ; 0.00026803320637773*i*r**2 + 0.0152042408937708
4680,0.0,i*s ; B0 + B1*r + r**2,i*s ; r**2 - 3.52523451281548*r + 0.435014267675716
4681,0.0,i*sqrt(Abs(s)) ; B0 + B1*r - i*r - r**2,i*sqrt(Abs(s)) ; -i*r - r**2 - 1.1395806527587*r + 0.179223062130421
4682,0.0,i*s ; B0 + B1*r + 2*i**2*r,i*s ; 2*i**2*r - 3.01604606331386*r + 0.366472912533405
4683,0.0,i**2 ; B0 - i*r + r**2,i**2 ; -i*r + r**2 + 0.000158108694879684
4684,0.0,i*s ; B0 + i*r - Abs(i)**(3/2),i*s ; i*r - Abs(i)**(3/2) + 0.100957868210282
4685,0.0,2*i**2 ; B0 - i*r + r**2,2*i**2 ; -i*r + r**2 - 2.53078517936232e-6
4686,0.0,B0*i + i*s ; B1 + B2*i + B3*r,i*s + 16.8614693728558*i ; 0.0875096840246643*i + 0.000384124935011362*r + 21.8168585574347
4687,0.0,i*sqrt(Abs(s)) ; B0 + B1*r,i*sqrt(Abs(s)) ; 7.38621510971934 - 3.22074411153716*r
4688,0.0,B0*s + 2*i*s ; sqrt(Abs(i)),2*i*s - 0.919099507888425*s ; sqrt(Abs(i))
4689,0.0,B0*i + B1*i**2 + B2*i*s ; B3 + B4*i,0.00493417409516427*i**2 + 0.0710101169811652*i*s + 0.00518428324347298*i ; 3.67230324236138*i - 0.00308393821327577
4690,0.0,B0*s - i*s + 2*s**2 ; i,-i*s + 2*s**2 + 3.04860280806058*s ; i
4691,0.0,B0*i + B0*s + s*sqrt(Abs(i)) + Abs(i)**(3/2) ; B1 + Abs(i - r)**(1/4),3.56538673256242*i + s*sqrt(Abs(i)) + 3.56538673256242*s + Abs(i)**(3/2) ; Abs(i - r)**(1/4) - 3.46114775807726
4692,0.0,i*s ; sqrt(Abs(B0 - i)),i*s ; sqrt(Abs(i - 0.125213712044953))
4693,0.0,i*s ; Abs(2*i - r)**(1/4),i*s ; Abs(2*i - r)**(1/4)
4694,0.0,sqrt(Abs(s)) ; i,sqrt(Abs(s)) ; i
4695,0.0,sqrt(Abs(i**2 + i*s - s)) ; i,sqrt(Abs(i**2 + i*s - s)) ; i
4696,0.0,sqrt(Abs(i + s - sqrt(Abs(i)))) ; i,sqrt(Abs(i + s - sqrt(Abs(i)))) ; i
4697,0.0,sqrt(Abs(B0 + 2*s)) ; i,sqrt(Abs(2*s + 90.9920269982898)) ; i
4698,0.0,sqrt(Abs(s - sqrt(Abs(B0 + s)))) ; i,sqrt(Abs(s - sqrt(Abs(s + 5.97052255751161)))) ; i
4699,0.0,sqrt(Abs(B0 - 2*s)) ; i,sqrt(Abs(2*s - 0.597490190385208)) ; i
4700,0.0,sqrt(Abs(B0 - 2*i + s)) ; i,sqrt(Abs(-2*i + s + 89.2950911181534)) ; i
4701,0.0,sqrt(Abs(B0 + i - s)) ; i,sqrt(Abs(-i + s + 0.0907653702076956)) ; i
4702,0.0,sqrt(Abs(B0 - s + sqrt(Abs(s - sqrt(Abs(s)))))) ; i,sqrt(Abs(s - sqrt(Abs(s - sqrt(Abs(s)))) + 0.0784096586005969)) ; i
4703,0.0,sqrt(Abs(-B0 + s + sqrt(Abs(i)))) ; i,sqrt(Abs(s + sqrt(Abs(i)) + 1.82749309120725)) ; i
4704,0.0,sqrt(Abs(-B0 + i + s + sqrt(Abs(s)))) ; i,sqrt(Abs(i + s + sqrt(Abs(s)) - 0.403726610854286)) ; i
4705,0.0,sqrt(Abs(B0 - i*s**2)) ; i,sqrt(Abs(i*s**2 - 0.292114698044983)) ; i
4706,0.0,sqrt(Abs(B0 - s)) ; i,sqrt(Abs(s + 0.362557847429538)) ; i
4707,0.0,sqrt(Abs(B0 - s*sqrt(Abs(i)))) ; i,sqrt(Abs(s*sqrt(Abs(i)) - 0.0930908295416205)) ; i
4708,0.0,B0*i*s + i*s**2 ; sqrt(Abs(B1 + B2*i + r)),i*s**2 - 0.32042910917797*i*s ; sqrt(Abs(0.451693750848972*i + r + 0.0745836625834632))
4709,0.0,B0*s + i*s ; B1 + sqrt(Abs(B2 + i**2*r + i)),i*s - 0.193550727050663*s ; sqrt(Abs(i**2*r + i + 0.260674467854338)) - 0.0721934179331152
4710,0.0,B0*s**2 + B1*i**2*s ; sqrt(Abs(B2 + 2*i - sqrt(Abs(r)))),0.003818767531969*i**2*s + 0.0557635901944018*s**2 ; sqrt(Abs(-2*i + sqrt(Abs(r)) + 0.00186375109201197))
4711,0.0,B0*i*s**2 + B0*i*s + B1*i**2*s ; Abs(B2 + B3*i)**(1/4),-0.0098084975288461*i**2*s - 0.0097404025186217*i*s**2 - 0.0097404025186217*i*s ; Abs(0.0390135950611378*i + 0.174206559067037)**(1/4)
4712,0.0,i**2 ; Abs(r)**(1/8),i**2 ; Abs(r)**(1/8)
4713,0.0,s*sqrt(Abs(i)) ; sqrt(Abs(i + r)),s*sqrt(Abs(i)) ; sqrt(Abs(i + r))
4714,0.0,B0*sqrt(Abs(i)) - s*sqrt(Abs(i)) ; B1 + r,-s*sqrt(Abs(i)) + 5.67057876909204*sqrt(Abs(i)) ; r + 6.89846338729562
4715,0.0,i**2 ; r,i**2 ; r
4716,0.0,B0*i*sqrt(Abs(s)) + i**2 ; r,i**2 + 0.000540818865410101*i*sqrt(Abs(s)) ; r
4717,0.0,B0*i + i**2 + i*s ; r,i**2 + i*s + 0.00703828594149881*i ; r
4718,0.0,B0*i*sqrt(Abs(i + s)) + i**2 ; r,i**2 + 0.0810845725882977*i*sqrt(Abs(i + s)) ; r
4719,0.0,i**3 + i*s ; r,i**3 + i*s ; r
4720,0.0,i**3 + i**2*s + i**2 ; r,i**3 + i**2*s + i**2 ; r
4721,0.0,i**4 + i*s ; r,i**4 + i*s ; r
4722,0.0,i**2*s**2 + i**2 ; r,i**2*s**2 + i**2 ; r
4723,0.0,i*s - sqrt(Abs(i))*Abs(s)**(3/2) ; B0*sqrt(Abs(i)) + B1*r,i*s - sqrt(Abs(i))*Abs(s)**(3/2) ; 66.212782647131*r + 0.36917216394197*sqrt(Abs(i))
4724,0.0,B0*s + s*sqrt(Abs(i - s)) ; i + sqrt(Abs(B1*i + i*r)),s*sqrt(Abs(i - s)) + 0.13636686291761*s ; i + sqrt(Abs(i*r + 4.95197964481655*i))
4725,0.0,i*s + i*sqrt(Abs(s)) ; r + sqrt(Abs(B0 + i)),i*s + i*sqrt(Abs(s)) ; r + sqrt(Abs(i + 7.03523049340693))
4726,0.0,B0*i + B1*i**2 + B2*i*s ; sqrt(Abs(B3*sqrt(Abs(i)) - i + r)),-0.00120269761738301*i**2 + 0.000131866623920313*i*s - 0.14648216638955*i ; sqrt(Abs(-i + r + 0.0597318217228616*sqrt(Abs(i))))
4727,0.0,B0*i**2 + B0*i + B1*i*s ; sqrt(Abs(B2 + r)),0.0271035365103785*i**2 - 0.0221806208639945*i*s + 0.0271035365103785*i ; sqrt(Abs(r + 0.647795369744772))
4728,0.0,B0 + B1*i + B2*s ; B3 + i + 2*r + sqrt(Abs(r)),8.32107256060321e-5*i - 0.000788601230286452*s + 8.27863031564996 ; i + 2*r + sqrt(Abs(r)) + 7.15953126632846
4729,0.0,2*s**2 + Abs(s)**(3/2) ; B0 + 2*i**2 - i + r,2*s**2 + Abs(s)**(3/2) ; 2*i**2 - i + r + 0.0330347743369625
4730,0.0,i*s - Abs(s)**(3/2) ; B0 + i**2 - i + r,i*s - Abs(s)**(3/2) ; i**2 - i + r + 0.587462951740723
4731,0.0,B0*i - Abs(i)**(3/2) ; B1 + 2*r**2,-0.0263733045597417*i - Abs(i)**(3/2) ; 2*r**2 + 0.00121955892884461
