node_hash,best_reward_seen,average_reward,variance_rewards,visit_count,L_bound,U_bound,lower_confidence_interval,upper_confidence_interval,is_terminal,is_invalid_constant,num_children,num_parents
"('INTERNAL', ('M0*M1', 'M0'))",0.9325048551941534,0.668287043200488,0.1075435798502773,179,6.416832856266659,9.820258841008517,0.5962835697388675,0.7330875426663768,False,False,14,1
"('INTERNAL', ('B0*M0', 'M0'))",0.9325767896773528,0.8854102995461653,0.001190309686589957,143,6.215707666030023,9.87528220625911,0.8226959568396381,0.9275857583627116,False,False,14,3
"('INTERNAL', ('B0*s', 'M0'))",0.9325048552566587,0.9210203850824032,0.0005657562474820743,30,5.392076816667061,9.884501842203173,0.7694245286575622,0.9740370293492131,False,False,7,6
"('INTERNAL', ('B0*M0 + B0*M1', 'M0'))",0.9325048053586549,0.898872337726771,0.0005700259694473805,21,5.590771440924463,9.887395576219243,0.7010207978753225,0.9683532698466222,False,False,14,1
"('INTERNAL', ('B0*M0', 'M0 + M1'))",0.9399387398778313,0.8943189158733249,0.0007860893189884593,18,5.392076816667061,9.886847425108522,0.6752265091654649,0.9685039642430532,False,False,14,2
"('INTERNAL', ('B0*M0', 'sqrt(Abs(M0))'))",0.9325048096585121,0.8842253813803203,0.001325185712973453,16,5.034368715462924,9.890171552685446,0.6464692748297116,0.9659529127579397,False,False,14,2
"('INTERNAL', ('B0*M0', 'r'))",0.9325048053586549,0.8919461734277815,0.000739305094693628,16,5.265562570017319,9.888310523893562,0.655704805361567,0.9691326588847873,False,False,7,10
"('INTERNAL', ('B0*M0', 'M0 - M1'))",0.9255642909544788,0.8908668577046381,0.0006377251614123352,16,5.3798567910529105,9.888664516750868,0.6348516388975349,0.9706705892291788,False,False,14,2
"('INTERNAL', ('B0*M0 + B1*M1', 'M0'))",0.922089448713822,0.8932536775992175,0.0005629733386545064,16,5.15872733898844,9.889499485160334,0.6572812332113359,0.9696602819696786,False,False,14,2
"('INTERNAL', ('B0*M0', 'i'))",0.9325048042935623,0.9002092890946324,0.0007137423143320959,15,5.302184932379691,9.885475755921991,0.6560785120907056,0.9731660032041276,False,False,7,5
"('INTERNAL', ('B0*sqrt(Abs(M0))', 'M0'))",0.922217132437243,0.8791242446855568,0.001863295999136541,13,3.9990739855778226,9.892027803667506,0.6087693889929702,0.9669854835321032,False,False,14,1
"('INTERNAL', ('B0*M0', 'M0*M1'))",0.9325048552566587,0.8786161107928117,0.0010619566877271486,12,4.4843920887952775,9.888336094156964,0.5950809359839485,0.9679386964246509,False,False,14,2
"('INTERNAL', ('B0*s', 'sqrt(Abs(M0))'))",0.9325048096585121,0.9103392044560462,0.00041861004278892895,12,2.2597084555627656,9.892719222700093,0.6320584370767972,0.9788377746804683,False,False,7,4
"('TERMINAL', ('B0 + B1*s', 'r'))",0.9146495973148216,0.9146495973148216,0.0,11,0.9146495973148216,0.9146495973148216,0.6217933996424327,0.9807891676173643,True,False,0,7
"('TERMINAL', ('B0*s', 'B1 + i'))",0.9325048554904136,0.9325048554904136,0.0,10,0.9325048554904136,0.9325048554904136,0.625360076569283,0.986047894548402,True,False,0,8
"('INTERNAL', ('B0*s', 'M0 + M1'))",0.9325048554917235,0.9132368829787805,0.0006225278855677045,9,5.344483820492715,9.891972367432338,0.5820413782236183,0.9816439216715552,False,False,7,3
"('TERMINAL', ('B0 + B1*i', 'r'))",0.9146496078245117,0.9146496078245117,0.0,9,0.9146496078245117,0.9146496078245117,0.5836495772582913,0.982012565557003,True,False,0,6
"('TERMINAL', ('B0 + B1*i + B2*s', 'i'))",0.9056183141126211,0.9056183141126211,0.0,9,0.9056183141126211,0.9056183141126211,0.5734437107766993,0.9795997181732744,True,False,0,4
"('INTERNAL', ('M0 - M1', 'M0'))",0.8991226766261151,0.36500508592986436,0.1913547204917069,9,4.195440454976329,9.80733853932136,0.13920463044902562,0.6777853712469932,False,False,14,1
"('INTERNAL', ('B0 + B1*M0', 'r'))",0.9314186054975797,0.9071391066561179,0.00029800682820933045,8,4.703404036347873,9.890102240104046,0.5514952377639162,0.9807492602347215,False,False,7,6
"('INTERNAL', ('M0*M1', 'M0*M1'))",0.9187627449658915,0.7396438630430144,0.061028850670664936,8,4.631033815899698,9.886880875612942,0.3910017756573274,0.9205313440884496,False,False,14,2
"('INTERNAL', ('B0*i', 'M0'))",0.9155580777023928,0.8733462413256181,0.0006419291015085717,8,3.481202512404442,9.887017882207406,0.5158041239598934,0.971358553907331,False,False,7,4
"('INTERNAL', ('B0 + B1*M0', 'M0'))",0.9146497887831,0.9034597988360521,0.00017647318280081264,8,5.123580152200675,9.892049872928727,0.5475052020078328,0.9798062005024653,False,False,14,6
"('INTERNAL', ('B0 + B1*M0', 'i'))",0.9146495711239175,0.8957867692202665,0.0002370161545824184,8,5.093678432187204,9.892048704133451,0.5392695632321904,0.9777755296527456,False,False,7,6
"('INTERNAL', ('B0*M0*M1', 'M0'))",0.9133001597235512,0.7612589451572539,0.09669339928282279,8,6.413440928203575,9.888729093818359,0.40971599812546794,0.9300435136697541,False,False,14,2
"('TERMINAL', ('B0', 'i'))",0.0,0.0,0.0,8,0.0,0.0,0.0028091367465992163,0.3362671168799428,True,True,0,6
"('INTERNAL', ('B0*s', 'M0 - M1'))",0.9325048554917235,0.9028170154972981,0.0012480552931224253,7,5.400976532006929,9.892314317165166,0.5189779122466742,0.9804438860697351,False,False,7,3
"('INTERNAL', ('B0*s', 'B1 - M0 + i'))",0.9325048554917235,0.9101625799765677,0.0003038524641297373,7,4.692452217065862,9.892092566029602,0.5266313119109535,0.9821685345372434,False,False,7,5
"('INTERNAL', ('B0*M0', 'B1 + i'))",0.9325048554904136,0.8947176033072265,0.000814372220517577,7,2.1357012539051192,9.89198832477735,0.5106548353337159,0.9784581085963217,False,False,7,5
"('INTERNAL', ('B0*M0 + B0*s', 'M0'))",0.9325048096585121,0.9140344448703271,0.00030021769344793935,7,5.622293663657917,9.892347831235005,0.5307071436323373,0.9830478661309369,False,False,14,1
"('TERMINAL', ('B0*s', 'i'))",0.9325048042935623,0.9325048042935623,0.0,7,0.9325048042935623,0.9325048042935623,0.5505715872449943,0.9869523681577259,True,False,0,5
"('INTERNAL', ('B0*M0 + B1*M1', 'i'))",0.9325048042935623,0.9088496833727701,0.00030858342852629287,7,5.123580152200675,9.891190473663421,0.5252558666812567,0.9818656791052456,False,False,7,3
"('INTERNAL', ('B0*M0 + B1*s', 'i'))",0.9325048042935623,0.9135162147239501,0.00019257107264600138,7,1.2320207667911216,9.891515571296463,0.5301599091758669,0.9829313734558127,False,False,7,5
"('INTERNAL', ('B0*s', 'M0*M1'))",0.9325048039330665,0.9011514380387494,0.0004859548995001202,7,4.407928330736742,9.890067601501375,0.5172565911322096,0.9800426746645078,False,False,7,3
"('INTERNAL', ('M0*M1', 'r'))",0.9222160182825582,0.6574548105451169,0.11432848777262572,7,5.3947111183771534,9.871327321652588,0.30555673619256435,0.8882176194329445,False,False,7,1
"('INTERNAL', ('M0*M1', 'M0 - M1'))",0.913948008800078,0.5657802794116222,0.17683842312251574,7,5.476722750845155,9.891026204867824,0.2410884467815246,0.8398132705345785,False,False,14,1
"('INTERNAL', ('M0', 'i'))",0.9024561152379467,0.6657535621953874,0.13102657014983954,7,1.3971867754600669,9.781675698610403,0.31174079682777317,0.8922648302089752,False,False,7,1
"('INTERNAL', ('M1*sqrt(Abs(M0))', 'M0'))",0.9014109896884624,0.7102724788183836,0.10945618657923471,7,6.416832856266659,9.889778654822877,0.34596855936488974,0.9129831281067753,False,False,14,1
"('INTERNAL', ('B0*i', 'B1*M0 + 2*M0*r'))",0.9399387398778313,0.897845481129367,0.0028939195634968403,6,1.3250368579317717,1.8343843164896065,0.48065573708592885,0.9801200253614515,False,False,3,2
"('INTERNAL', ('B0*s', 'B1 + M0 - M1 + i'))",0.9325048554904136,0.9186103775229539,0.00012836342195827923,6,4.749838307270228,9.893338599164949,0.5011539008916668,0.9845122719037409,False,False,7,4
"('INTERNAL', ('B0*s', 'B1*M0'))",0.9325048553753184,0.9010212796327475,0.0015919884778301102,6,4.350958899235334,9.893338599149594,0.4837422846589235,0.9808255192797389,False,False,7,4
"('TERMINAL', ('B0*s', 'B1 + r'))",0.9325048551941534,0.9325048551941534,0.0,6,0.9325048551941534,0.9325048551941534,0.5153121778110331,0.9871539096121538,True,False,0,4
"('TERMINAL', ('B0*s', 'sqrt(Abs(i))'))",0.9325048092136329,0.9325048092136329,0.0,6,0.9325048092136329,0.9325048092136329,0.5153121303316309,0.9871539012740734,True,False,0,4
"('TERMINAL', ('B0*s', 'r'))",0.9325048053586549,0.9325048053586549,0.0,6,0.9325048053586549,0.9325048053586549,0.5153121263509878,0.987153900575014,True,False,0,4
"('INTERNAL', ('B0*M0 + B0*M1', 'r'))",0.9325048053586549,0.9075916481375043,0.0007964435585485413,6,4.784558870477002,9.892140663509368,0.49018248917708573,0.9822467305736359,False,False,7,2
"('INTERNAL', ('B0*M0 + B1*s', 'r'))",0.9325048053586549,0.9102090053764261,0.00024466696932936915,6,1.425771962366631,9.89203533144308,0.49276889363830995,0.9827983417985221,False,False,7,4
"('INTERNAL', ('B0*M0 + B0*M1', 'i'))",0.9325048042935623,0.89985829199226,0.0007576756979080738,6,5.123580152200675,9.892002697741443,0.48261001514180635,0.9805685602102568,False,False,7,2
"('TERMINAL', ('B0*sqrt(Abs(s))', 'r'))",0.9222160182825582,0.9222160182825582,0.0,6,0.9222160182825582,0.9222160182825582,0.5047923759554256,0.9852210714223502,True,False,0,4
"('TERMINAL', ('B0*i + B1*s', 'i'))",0.9181718494223419,0.9181718494223419,0.0,6,0.9181718494223419,0.9181718494223419,0.5007130361852627,0.984424962984979,True,False,0,3
"('INTERNAL', ('B0*M0', 'B1*M0'))",0.9152674282083298,0.8834646326916364,0.0005004607045627982,6,4.399605293970724,9.893402460901438,0.46688550737989454,0.9767766653975942,False,False,14,4
"('TERMINAL', ('B0 + B1*s', 'i'))",0.9146495711239175,0.9146495711239175,0.0,6,0.9146495711239175,0.9146495711239175,0.49718484137392377,0.9837150637487505,True,False,0,4
"('INTERNAL', ('B0 + B1*M0 + B1*M1', 'i'))",0.9146495711239175,0.8997002210002978,0.00032439026102244734,6,5.123580152200675,9.891242598753525,0.48245629520659716,0.9805335102230199,False,False,7,4
"('TERMINAL', ('B0 + B1*i', 'i'))",0.9017320211422909,0.9017320211422909,0.0,6,0.9017320211422909,0.9017320211422909,0.48443537895450284,0.9809817598621294,True,False,0,4
"('INTERNAL', ('B0*M0*i', 'r'))",0.9483428244329217,0.8622842307760958,0.0037100442691126124,5,3.4309299120241152,9.894359420620654,0.40908596382796847,0.9732063284994515,False,False,7,3
"('INTERNAL', ('B0*M0*M2 + B1*M1*M2', 'r'))",0.9483428244329217,0.8807894903095597,0.0023417978522376217,5,4.9586640172469885,9.892044846159846,0.4249599638410125,0.9773941318162608,False,False,7,3
"('INTERNAL', ('B0*i', 'M0*M2 - M1*M2'))",0.9399387398778313,0.8715931146176165,0.002492289449056901,5,3.3693499613728637,9.889117623454169,0.41701384115800305,0.9753550525504674,False,False,7,3
"('TERMINAL', ('B0*i', 'B1 + B2*r'))",0.9399387398778313,0.9399387398778313,0.0,5,0.9399387398778313,0.9399387398778313,0.4790919920417237,0.9884394505995584,True,False,0,3
"('INTERNAL', ('B0*s', 'B1 - M0'))",0.9325048554917235,0.9094505112998843,0.002163534283772602,5,4.083917103881993,9.893338598751946,0.45049922995984876,0.9832020712838687,False,False,7,3
"('INTERNAL', ('B0*s', 'M0 + i'))",0.9325048554904136,0.9105119227342152,0.0005208778351998805,5,4.719679277673635,9.893338599164949,0.45146883073627286,0.9834009329256572,False,False,7,3
"('INTERNAL', ('B0*s', 'M0 - M1 + i'))",0.9325048554904136,0.9031997822135789,0.00047102002341303144,5,4.749838307270228,9.893338599164949,0.4448248011304297,0.9820071873227691,False,False,7,3
"('INTERNAL', ('B0*s', 'B1 - M0 + i + r'))",0.9325048554904136,0.9250821168358025,0.00010330696712748239,5,1.4646144465106552,1.8264082792868919,0.46496240501369224,0.9860110279645303,False,False,3,3
"('INTERNAL', ('B0*s', 'M1*sqrt(Abs(M0))'))",0.9325048553753184,0.9070177540524722,0.0008665005646988735,5,4.399605293970724,9.893338595569938,0.44828356616308995,0.9827418503069508,False,False,7,3
"('TERMINAL', ('B0*s', 'B1*i'))",0.9325048553753184,0.9325048553753184,0.0,5,0.9325048553753184,0.9325048553753184,0.47197334901675564,0.9872540126279911,True,False,0,3
"('INTERNAL', ('B0*s', '-M0 + i'))",0.9325048553753184,0.9104567324709649,0.0003950904866437841,5,5.499509068235573,9.89333859564224,0.4514183705949136,0.983390621694635,False,False,7,3
"('TERMINAL', ('B0*s', 'sqrt(Abs(r))'))",0.9325048096585121,0.9325048096585121,0.0,5,0.9325048096585121,0.9325048096585121,0.47197330554149536,0.9872540051544232,True,False,0,3
"('INTERNAL', ('B0*M0 + B1*M1', 'B2 + M0'))",0.9319926509495069,0.9083591025244121,0.0003679696413478741,5,2.991760535064314,9.89333242822193,0.44950407213466076,0.982996364258748,False,False,14,3
"('INTERNAL', ('B0*i', 'M0 + M1 - M2'))",0.9255558916374165,0.8856774136077081,0.0017425148649297226,5,2.238531687400724,9.89102012402925,0.429230926039447,0.9784436411862873,False,False,7,3
"('INTERNAL', ('B0*i', 'M0 - M1 + i'))",0.9255558916374165,0.9018810265277994,0.0003498396673136636,5,2.1214173076054115,9.891393459277477,0.4436353098232566,0.9817499251346882,False,False,7,3
"('INTERNAL', ('B0*i', 'M0 - M1'))",0.9233055325892416,0.8833311804321211,0.0015412341112804172,5,2.342864274295662,9.891346493870197,0.42717665423487544,0.9779428574986331,False,False,7,3
"('INTERNAL', ('B0*s', 'M0 - M1 - M2'))",0.9231798059358451,0.8907085610432729,0.0007377881042077822,5,5.075184448891167,9.892957188360182,0.43366239922748484,0.9794988069925469,False,False,7,3
"('INTERNAL', ('B0*sqrt(Abs(s))', 'sqrt(Abs(B1 - M0))'))",0.9222494359133512,0.9167040821190069,6.750731105142944e-05,5,4.278497621862981,9.892656680395143,0.4571611176322135,0.9845375544386025,False,False,7,3
"('INTERNAL', ('B0*M0*M1', 'r'))",0.9222160182825582,0.8637450722477225,0.002021616632322889,5,5.3947111183771534,9.89011868493459,0.41032256347787993,0.9735491133142028,False,False,7,3
"('TERMINAL', ('B0*i', 'i'))",0.9155580777023928,0.9155580777023928,0.0,5,0.9155580777023928,0.9155580777023928,0.45610298041865394,0.9843302324999783,True,False,0,3
"('INTERNAL', ('B0*M0 + B0*M1 + B0*s', 'i'))",0.9155580777023928,0.9094431166565653,0.00014777377803992607,5,1.6389785992878763,9.892380951726054,0.4504924811615283,0.9832006817307433,False,False,7,3
"('INTERNAL', ('B0 + B1*M0', 'M0 + M1'))",0.9146496141053332,0.8897200569922435,0.0005273475726252288,5,1.7682838615837582,9.892140675911119,0.43278885062854167,0.9792935103533217,False,False,14,3
"('INTERNAL', ('B0 + B1*M0 + B2*M1', 'i'))",0.9146495711239175,0.8926413921251145,0.0004714176865705421,5,5.123580152200675,9.891242598753525,0.4353745467048756,0.9798973622114604,False,False,7,3
"('INTERNAL', ('B0 + B1*M0 + B2*s', 'i'))",0.9146495711239175,0.9092308169171397,2.4469080961227593e-05,5,1.3885001934780583,1.8068996777602764,0.45029876021517246,0.9831607634301565,False,False,3,3
"('INTERNAL', ('B0*s', '-M0 + M1 + i'))",0.9139480088187357,0.9139480026260691,1.7959006513273767e-16,5,5.605432366464303,9.89209256597188,0.45461993841770093,0.984036622350987,False,False,3,3
"('TERMINAL', ('B0*s', 'B1 + i - r'))",0.9139480088187357,0.9139480088187357,0.0,5,0.9139480088187357,0.9139480088187357,0.4546199441137545,0.9840366234855068,True,False,0,3
"('INTERNAL', ('B0*M0*M1', 'i'))",0.907559917913199,0.8932165995157043,0.0002993946792211147,5,5.406999781433502,9.890538449760381,0.43588512908954014,0.9800152387343793,False,False,7,3
"('INTERNAL', ('B0 + B1*M0 + B2*i', 'i'))",0.9056183141126211,0.902509279736357,3.020654610247485e-06,5,1.3885001934780583,1.7946562008746334,0.4442016514368802,0.981872708350432,False,False,3,3
"('TERMINAL', ('B0*i + B0*s', 'i'))",0.90504907135206,0.90504907135206,0.0,5,0.90504907135206,0.90504907135206,0.44649729985405484,0.9823649180780935,True,False,0,3
"('INTERNAL', ('B0*M0', 'B1 + M0'))",0.904808528751311,0.8869744444930091,0.0004232892931868326,5,4.607398020213939,9.892492313558662,0.4303698995859038,0.9787181066561721,False,False,14,3
"('TERMINAL', ('B1*sqrt(Abs(B0 + s))', 'r'))",0.9042081538253918,0.9042081538253918,0.0,5,0.9042081538253918,0.9042081538253918,0.44573612309087,0.9822026877714561,True,False,0,3
"('INTERNAL', ('M0*M1*M2', 'M0'))",0.9025685401487349,0.6654947621503929,0.14612975914133577,5,6.215707666030023,9.890645718331653,0.26354764195416863,0.9098145872741508,False,False,14,1
"('INTERNAL', ('M0*i', 'M0'))",0.8617348072186141,0.5555393686215497,0.11735652730457058,5,3.648886385123891,9.889902827691035,0.19698116370758142,0.8611273962911016,False,False,14,1
"('TERMINAL', ('B0*i**2', 'r'))",0.8536396640218399,0.8536396640218399,0.0,5,0.8536396640218399,0.8536396640218399,0.40182442197871243,0.9711357335861582,True,False,0,3
"('INTERNAL', ('B0', 'M0'))",0.0,0.0,0.0,5,0.0,9.900000000000002,0.004210744514489474,0.4592581264399005,True,True,0,5
"('TERMINAL', ('B0*s', 'B1'))",0.0,0.0,0.0,5,0.0,9.900000000000002,0.004210744514489474,0.4592581264399005,True,True,0,5
"('INTERNAL', ('B0*M0*M1', 'B1*i**2'))",0.9509052735332966,0.9214322155426252,0.0003930353220821809,4,4.004052749120292,9.89452091726733,0.40835482228432723,0.9855354562642402,False,False,7,2
"('INTERNAL', ('B0*M0*s', 'B1*i**2'))",0.9509052735332966,0.9297468217477736,0.0006160572617838665,4,1.216719334123423,9.892092566027724,0.4152790706892562,0.9867841888569762,False,False,3,2
"('TERMINAL', ('B0*i*s', 'B1 + B2*r'))",0.950661683500833,0.950661683500833,0.0,4,0.950661683500833,0.950661683500833,0.43314534246340214,0.9896621818182022,True,False,0,2
"('INTERNAL', ('B0*i*s', 'B1 + M0'))",0.9400167005246681,0.9347269089899766,4.137881896563988e-05,4,2.025932300263052,9.8943046473238,0.4194738793407621,0.9875037127359767,False,False,7,2
"('INTERNAL', ('B0*s*sqrt(Abs(i))', 'B1 - M0'))",0.9399616745866288,0.9366343391432554,4.92051606787949e-06,4,1.1990876950321145,9.893536292100713,0.42109016580242864,0.987773643713091,False,False,3,2
"('INTERNAL', ('B0*M0*M1', 'M0 + M1'))",0.9399387398778313,0.8948185543293133,0.0010310520007514804,4,5.52809564416582,9.891972158548034,0.38682343927222956,0.9811432977457895,False,False,14,2
"('INTERNAL', ('B0*M0', 'M0*M2 - M1*M2'))",0.9399387398778313,0.9003800362877477,0.001155007783901844,4,3.4494288063935805,9.890785486782871,0.39124625989038325,0.982110522516466,False,False,14,2
"('INTERNAL', ('B0*i', 'B1*M2 + M0*M2 - M1*M2 + M2*r'))",0.9399387398778313,0.8710115887998496,0.002184085366540429,4,1.848689351458591,9.890707492640788,0.3683211466762603,0.9767123135437282,False,False,3,2
"('INTERNAL', ('B0*s*sqrt(Abs(M0))', 'sqrt(Abs(i))'))",0.9387885262609179,0.9295004383171206,0.0002157611330960914,4,1.2568520324663115,9.893748283876006,0.41507247194384783,0.9867480378085,False,False,7,2
"('INTERNAL', ('B0*i', '-M0*M1 + M1*i'))",0.9332206674579696,0.8814659995770378,0.003344347812430089,4,1.461986559211677,9.887786805305812,0.37636203561652104,0.9787157794616098,False,False,7,2
"('INTERNAL', ('B0*M0', 'B1*i'))",0.9332206674579696,0.9213619549380572,7.234497440904166e-05,4,1.2568521129122956,9.893385580317661,0.408296725293965,0.9855246520539624,False,False,7,2
"('INTERNAL', ('B0*s', 'M0 - M1 + M2'))",0.9325048554917235,0.9049691666042999,0.0003910186708862713,4,5.499509068235573,9.893939746621113,0.39492565908069927,0.9828890798162135,False,False,7,2
"('INTERNAL', ('B0*s', 'B1 - M0 - M1 + i'))",0.9325048554917235,0.9325048523471338,1.3179102023252561e-17,4,4.749838307270228,9.88720681016062,0.41759774052265675,0.9871853054975251,False,False,3,2
"('INTERNAL', ('B0*s', 'B1 - M0 + i - r'))",0.9325048554917235,0.9140403291327327,0.0002250366673603078,4,1.2771731520506167,1.8264396758936838,0.40227992469167695,0.9843757067897568,False,False,3,2
"('TERMINAL', ('B0*s', 'B1 - r'))",0.9325048554917235,0.9325048554917235,0.0,4,0.9325048554917235,0.9325048554917235,0.4175977431726035,0.9871853059511327,True,False,0,2
"('INTERNAL', ('B0*s', 'B1 - M0 + M1 + M2'))",0.9325048554904136,0.9053085134363912,0.0011938286760138043,4,4.09887102242212,9.891957051292286,0.39519882080707086,0.9829459464196474,False,False,7,2
"('INTERNAL', ('B0*s', 'B1 + M0 + M1 - M2 + i'))",0.9325048554904136,0.923318752416492,0.00033753795148157707,4,4.776008377434872,9.890818464706957,0.4099173350952385,0.9858239780340572,False,False,3,2
"('INTERNAL', ('B0*M0', 'B1 - M0 + i'))",0.9325048554904136,0.9178681954797511,9.74702322833624e-05,4,4.749838307270228,9.893338599164949,0.40541643497004215,0.9849820911432874,False,False,14,2
"('INTERNAL', ('B0*s', 'B1*sqrt(Abs(M0))*sqrt(Abs(M1))'))",0.9325048553753184,0.9209874891659616,0.0003021698327802786,4,1.50440157766105,9.893338599149594,0.4079872033947263,0.9854669980683449,False,False,7,2
"('INTERNAL', ('B0*s', 'B1*sqrt(Abs(M0))*sqrt(Abs(i))'))",0.9325048553753184,0.896055899889638,0.0007126221075952265,4,1.2406639101591463,9.892719225531852,0.3878040585178182,0.9813607315389522,False,False,7,2
"('INTERNAL', ('B0*s', '-M0 - M1 + i'))",0.9325048553753184,0.932504814932089,7.270428138228353e-16,4,5.175096377664644,9.892092566027191,0.41759770899298654,0.9871853001003984,False,False,7,2
"('INTERNAL', ('B0*M0', '-M0 + r'))",0.9325048552566587,0.8961014881692588,0.0018712420198125576,4,3.024711808103443,9.893338595838179,0.38784022495311304,0.9813687181204165,False,False,14,2
"('INTERNAL', ('B0*s', 'sqrt(Abs(M0))*sqrt(Abs(M1))'))",0.9325048552566587,0.9209874684567598,0.0003021702199957925,4,2.0574680769780422,9.892719222714875,0.40798718628252756,0.9854669948765763,False,False,7,2
"('TERMINAL', ('B0*s', 'B1*r'))",0.9325048552566587,0.9325048552566587,0.0,4,0.9325048552566587,0.9325048552566587,0.4175977429745143,0.9871853059172246,True,False,0,2
"('INTERNAL', ('B0*M0', 'B1 + r'))",0.9325048551941534,0.8951517261638566,0.0010858559894982736,4,2.991760535064314,9.892654500982212,0.3870872943728174,0.9812019706756949,False,False,7,2
"('INTERNAL', ('B0*s', 'M0 + M1 - M2'))",0.9325048551941534,0.9163023503881622,0.00013523831598542598,4,4.719679277673635,9.893002110192242,0.4041309864072481,0.9847355476158232,False,False,7,2
"('INTERNAL', ('B0*s', '-M1 + sqrt(Abs(M0))'))",0.9325048551941534,0.8894924498114741,0.0010935971249716445,4,4.126024623453643,9.892719222079416,0.38262427335186927,0.980192769106129,False,False,7,2
"('TERMINAL', ('B0*s', 'B1 - i'))",0.9325048492031989,0.9325048492031989,0.0,4,0.9325048492031989,0.9325048492031989,0.41759773787326165,0.987185305044012,True,False,0,2
"('INTERNAL', ('B0*s', 'B1 + M0 - i'))",0.9325048492031989,0.9233187477173049,0.0003375378420365723,4,4.09887102242212,9.89583361261933,0.4099173311969629,0.9858239773191662,False,False,7,2
"('INTERNAL', ('B0*s', 'B1 + M0 + M1 - i'))",0.9325048492031989,0.9232495084696124,0.0001704657515019448,4,4.098901251376871,9.892865961657346,0.4098598961829364,0.9858134418470731,False,False,7,2
"('TERMINAL', ('B0*s', 'i + r'))",0.9325048423336224,0.9325048423336224,0.0,4,0.9325048423336224,0.9325048423336224,0.41759773208426726,0.9871853040530745,True,False,0,2
"('INTERNAL', ('B0*M0 + B1*M1', 'M0 + i'))",0.9325048423336224,0.9028839524887134,0.0004982263000338347,4,3.9093294454682566,9.892381074702785,0.3932504305105461,0.9825375156967742,False,False,14,2
"('INTERNAL', ('B0*M0', 'sqrt(Abs(r))'))",0.9325048096585121,0.8911734139656037,0.0007749704259606052,4,3.8475191738182444,9.892049876443732,0.3839457547875688,0.9804953182384925,False,False,7,2
"('INTERNAL', ('B0*M0 + B0*s', 'M0*M1'))",0.9325048095585834,0.8754921042850365,0.0038645421824731498,4,4.4843920887952775,9.891890431116352,0.3717515117513978,0.977581942954521,False,False,14,2
"('INTERNAL', ('B0*M0*M1', 'sqrt(Abs(i))'))",0.9325048092136329,0.9053788407769695,0.0005243650786499228,4,3.907781645496272,9.893338596125055,0.3952554505510178,0.9829577194872429,False,False,7,2
"('INTERNAL', ('M0*M2 + M1*M2', 'r'))",0.9325048053586549,0.5661302491119806,0.1994433820327464,4,5.156060226535331,9.889514659974331,0.17850564042474984,0.8823040222601549,False,False,7,2
"('INTERNAL', ('B0*M0 + B0*s + B1*M1', 'r'))",0.9325048053586549,0.894502590675625,0.001296066778465898,4,1.7759636597682777,9.894013810947724,0.38657334111839525,0.9810875695175357,False,False,7,2
"('INTERNAL', ('B0*M0 + B0*s', 'r'))",0.9325048053586549,0.9145630013438173,0.00021669213584926068,4,1.984940634909845,9.89203533144308,0.40270702224868893,0.9844592395905387,False,False,7,2
"('INTERNAL', ('B0*M0 + B0*M1 + B0*s', 'r'))",0.9325048053586549,0.9035128083222267,0.0012389170708628583,4,1.733575705553765,9.894013810947724,0.39375504847085296,0.9826439257126427,False,False,7,2
"('INTERNAL', ('B0*s', 'M0 + M1 - M2 + i'))",0.9325048042935623,0.9163023374847092,0.00013523776660842045,4,4.776008377434872,9.893338598751946,0.40413097582822705,0.9847355455755634,False,False,7,2
"('INTERNAL', ('B0*M2 + B1*M0*M1', 'i'))",0.9325048042935623,0.9008503262192509,0.000873292029145681,4,5.136478003661864,9.892380951726054,0.39162207092081935,0.9821911231977333,False,False,7,2
"('INTERNAL', ('B0*s', 'M0*M2 - M1*M2'))",0.9325048039330665,0.9004901252829522,0.0005261405519586617,4,1.8726191160750623,9.89209256602591,0.3913342070981895,0.9821294067879227,False,False,7,2
"('TERMINAL', ('B0 + i', 'B1 + i'))",0.9319493386539209,0.9319493386539209,0.0,4,0.9319493386539209,0.9319493386539209,0.41712983372480616,0.9871050398310173,True,False,0,2
"('INTERNAL', ('B0 + B1*M0*M1', 'r'))",0.9314186054975797,0.9079138556006157,0.0003553496335125714,4,4.784558870477002,9.891908334516298,0.3973010529185719,0.9833793027409572,False,False,7,2
"('INTERNAL', ('B0*M0 + B1*M1', 'sqrt(Abs(M0))'))",0.9314186052272818,0.7001651946561083,0.19263719276354707,4,3.6020672624157943,9.892140660995429,0.25254815220127913,0.9319579688636447,False,False,14,2
"('INTERNAL', ('B0*M0 + B1*M1', 'M0 - M1 + i'))",0.9307139847091402,0.909655625012086,0.0003018001982995557,4,3.900686644293146,9.892500428772685,0.39871146560442505,0.9836658177871571,False,False,14,2
"('INTERNAL', ('B0*i + B1*s', 'B2 + M0 - M1 + i'))",0.9282220362140029,0.9163147357965219,8.500678422188367e-05,4,1.3846311964125102,9.892421424805475,0.4041411408092093,0.9847375058983567,False,False,7,2
"('INTERNAL', ('B0*M0 + B1*M1', 'M0 + M1'))",0.9272665685876995,0.8983625368622462,0.0016054210385188711,4,3.911646931431977,9.892665862827313,0.38963727984716506,0.9817626458946176,False,False,14,2
"('INTERNAL', ('B0*sqrt(Abs(M0))', 'sqrt(Abs(M0))'))",0.9271531911950521,0.8935209887309684,0.0006043770665854607,4,4.0147520259474945,9.890681433186474,0.3857971622250774,0.9809139069218514,False,False,14,2
"('INTERNAL', ('M0*M1*i', 'M0'))",0.9269664010637355,0.8241126341348058,0.018360792798070038,4,3.6764623116538435,9.891670613405486,0.33375297281497585,0.9666388708222682,False,False,14,2
"('INTERNAL', ('B0*M0*i', 'M0 + M1'))",0.9269664010637355,0.8960171487521197,0.00045453629718898323,4,2.570526424952345,9.893827638868254,0.387773318239138,0.9813539413844395,False,False,14,2
"('INTERNAL', ('B0*M0 + B1*M1', 'Abs(M0)**(1/4)*Abs(M1)**(1/4)'))",0.9256354318345918,0.8966091558163982,0.0007151784729439429,4,3.538934811637903,9.891507512382132,0.3882431491440239,0.9814575385399679,False,False,14,2
"('INTERNAL', ('B0*i', 'M0 + M1 - M2 + i'))",0.9255558916374165,0.9032593612777284,0.00042053763451736526,4,1.998169716046347,9.890841511955124,0.39355161118809856,0.9826010794695837,False,False,7,2
"('TERMINAL', ('B0*i', 'B1 + B2*r + i'))",0.9255558916374165,0.9255558916374165,0.0,4,0.9255558916374165,0.9255558916374165,0.4117767062203277,0.9861621743277097,True,False,0,1
"('INTERNAL', ('B0*i + B0*s', 'M0'))",0.9252471244598407,0.8558727968803725,0.004759643994130507,4,1.2095341301465632,9.888889288578193,0.3569008799493454,0.9736530677772192,False,False,7,2
"('INTERNAL', ('M0*i', 'B0 + i'))",0.9251937230655088,0.913570091590094,0.00020400758235874055,4,1.1755084504234858,9.890841511955124,0.40189598926061565,0.9843003556913804,False,False,7,2
"('INTERNAL', ('B0*sqrt(Abs(M0))', 'M0 - M1'))",0.924756988324703,0.895735766123783,0.0014984575453735182,4,2.339024850110968,9.892305088016634,0.3875501615113027,0.9813045985222436,False,False,14,2
"('TERMINAL', ('B0 + B1*i', 'B2 - r'))",0.9236394227846475,0.9236394227846475,0.0,4,0.9236394227846475,0.9236394227846475,0.41018342379947537,0.9858727178910232,True,False,0,1
"('INTERNAL', ('B0*s', 'sqrt(Abs(B1 - M0))'))",0.9231798069300212,0.9185869871863712,8.437596271978217e-05,4,1.1723114019744243,9.892719225545498,0.40600763778867016,0.9850945660067687,False,False,7,2
"('INTERNAL', ('B0*s', 'sqrt(Abs(B1 - M0 - M1 + r))'))",0.9231798069300212,0.9003985022580598,0.00030270680739265184,4,1.461087899565652,9.89271922550546,0.3912610107836487,0.9821136908134982,False,False,3,2
"('TERMINAL', ('B0*s', 'B1*sqrt(Abs(i))'))",0.9231798066064608,0.9231798066064608,0.0,4,0.9231798066064608,0.9231798066064608,0.4098020842133317,0.985802831841691,True,False,0,2
"('INTERNAL', ('B0*M0', 'B1 + M0 - M1'))",0.9231798065999278,0.9052530939141349,0.00026246247321775067,4,4.680270911513247,9.892719225537721,0.3951541998520165,0.9829366660386619,False,False,14,2
"('INTERNAL', ('B0*s', 'sqrt(Abs(M0))*sqrt(Abs(r))'))",0.9231798063804455,0.9185638823969278,2.8409005628818963e-05,4,1.3112276262752545,9.892719225516675,0.40598862315825784,0.9850909574728052,False,False,7,2
"('INTERNAL', ('B0*sqrt(Abs(s))', 'M0 + M1'))",0.9222887368986231,0.9063110293754971,0.00035230759673223985,4,1.8231240407180227,9.892653971124764,0.39600668904354913,0.9831133771286502,False,False,7,2
"('INTERNAL', ('B0*sqrt(Abs(s))', 'M0 - M1'))",0.9222688827782319,0.8974232952045835,0.0008333218361431357,4,2.166816506662494,9.892653971124764,0.38888999411472347,0.9815995280163127,False,False,7,2
"('INTERNAL', ('B0*sqrt(Abs(s))', 'sqrt(Abs(-B1 + M0 + M1))'))",0.9222494359133512,0.9130473578449323,0.00011290432828023344,4,4.307808977308897,9.892656680395143,0.4014695422849743,0.9842163721666691,False,False,3,2
"('TERMINAL', ('B0*sqrt(Abs(s))', 'sqrt(Abs(B1 - r))'))",0.9222494359133512,0.9222494359133512,0.0,4,0.9222494359133512,0.9222494359133512,0.40903106964915076,0.9856608131756102,True,False,0,2
"('INTERNAL', ('B0*sqrt(Abs(s))', 'M0*M1'))",0.9222348851187996,0.895175932229487,0.0007999056049281077,4,1.4246599810376934,9.892025529269972,0.38710646978520075,0.9812062298467905,False,False,7,2
"('INTERNAL', ('B0*sqrt(Abs(s))', 'B1 + M0'))",0.9222276617075467,0.919906199608149,2.1328613130016518e-05,4,1.3783470154064466,9.892654500982212,0.4070945352885479,0.9852998471725772,False,False,7,2
"('TERMINAL', ('B0*sqrt(Abs(s))', 'B1*r'))",0.9222233860326079,0.9222233860326079,0.0,4,0.9222233860326079,0.9222233860326079,0.40900949907555556,0.9856568260795047,True,False,0,2
"('INTERNAL', ('B0*sqrt(Abs(M0))', 'i'))",0.922217132437243,0.899641098372323,0.0007492261566004026,4,1.2389997401277386,9.89265450631251,0.39065634396196874,0.9819835042772826,False,False,7,2
"('TERMINAL', ('B0*sqrt(Abs(s))', 'i'))",0.922217132437243,0.922217132437243,0.0,4,0.922217132437243,0.922217132437243,0.40900432093421984,0.9856558688415484,True,False,0,2
"('INTERNAL', ('B0*sqrt(Abs(M0))', 'M0*M1 + M2'))",0.922217132437243,0.8846155978108711,0.0008654071684331345,4,2.4899779365801504,9.891394622999664,0.378810017237971,0.97930171706804,False,False,14,2
"('INTERNAL', ('M0*sqrt(Abs(s))', 'r'))",0.9222160182825582,0.46110800914127914,0.2834941281256453,4,1.1707829470881812,9.892654431324946,0.12926168365413357,0.8349818360462786,False,False,7,2
"('INTERNAL', ('B0*M0 + B0*M1 + B1*M2', 'r'))",0.9222160182825582,0.9061555287243821,0.00021156973606216073,4,2.3776702802356695,9.892140663509368,0.39588129401094424,0.9830874624705349,False,False,7,2
"('INTERNAL', ('M2*sqrt(Abs(M0 + M1))', 'r'))",0.9222160182825582,0.6654157118490068,0.1992395628743792,4,5.000513384636146,9.803365501604086,0.2320794544666289,0.9202584110220364,False,False,7,2
"('INTERNAL', ('B0*sqrt(Abs(M0 + M1))', 'r'))",0.9222160182825582,0.8770191935845826,0.0010134117483618444,4,1.636371089094128,9.89141679971255,0.37292605864181827,0.9778745761251034,False,False,7,2
"('INTERNAL', ('B0*sqrt(Abs(s))', 'M0'))",0.9222154046818787,0.8952600992640475,0.0010193908447934052,4,2.339024850110968,9.892879328055002,0.38717315045181333,0.9812210356184953,False,False,7,2
"('INTERNAL', ('B0*sqrt(Abs(s))', 'sqrt(Abs(B1 + M0))'))",0.9221976047967511,0.9198962708906162,2.117993978979764e-05,4,4.213646743234058,9.892653191987142,0.4070863460539704,0.9852983077204229,False,False,7,2
"('INTERNAL', ('B0*sqrt(Abs(s))', 'B1 - M0'))",0.9221973934997649,0.9108974825483429,0.0005106673140701289,4,1.8153466872150243,9.892653177765279,0.3997195303679836,0.9838685307488368,False,False,7,2
"('INTERNAL', ('B0*M0*M1*M2', 'B1*i**2'))",0.9208845509246145,0.9028842663998226,0.0008255682772842607,4,4.012002296492589,9.893291099401953,0.39325068227696125,0.9825375688974034,False,False,7,2
"('INTERNAL', ('B0*M0 + B0*M1', 'M0 - M1'))",0.9199092349471413,0.886249439987314,0.0006133079704927441,4,2.33506402826539,9.891645583089874,0.3800846307052426,0.979602435558108,False,False,14,2
"('INTERNAL', ('B0*M0 + B1*i', 'i'))",0.9181718494223419,0.8947630899046006,0.0008048417312482471,4,0.0,9.900000000000002,0.3867795278324675,0.9811335212220132,False,False,0,4
"('INTERNAL', ('B0*M0 + B0*s', 'i'))",0.9181718494223419,0.9155301406985237,3.1016111028877713e-06,4,1.933638338126511,9.892380951726054,0.40349828896089257,0.9846131941819429,False,False,7,2
"('INTERNAL', ('B0*M0 + B0*i + B1*M1', 'i'))",0.9181718494223419,0.9068135514548861,6.069447521916818e-05,4,2.0077473429871118,9.891515571296463,0.39641213759698757,0.983196984354597,False,False,7,2
"('INTERNAL', ('B0*M0 + B0*s + B1*M1', 'i'))",0.9181718494223419,0.9157572673431424,2.7746216527811163e-06,4,1.699948934345425,9.892202827171399,0.4036842972156284,0.9846492341235206,False,False,7,2
"('INTERNAL', ('M0*M1', 'M0*i'))",0.9175096465814305,0.8757355461584211,0.001086419185201063,4,1.7532890696769645,9.892806987420869,0.3719385686840991,0.9776287215802044,False,False,14,2
"('INTERNAL', ('B0 + B1*i', 'M0 + i'))",0.9175094384594157,0.9103571486148926,5.8420463603500044e-05,4,1.2308801189723286,9.892958232941812,0.39928066753883684,0.9837804906064742,False,False,7,2
"('TERMINAL', ('B0 + B1*i', 'B2 + i'))",0.9175094384594157,0.9175094384594157,0.0,4,0.9175094384594157,0.9175094384594157,0.4051216243588544,0.9849257889712123,True,False,0,2
"('TERMINAL', ('B0 + B1*i', 'sqrt(Abs(i))'))",0.9160781450922598,0.9160781450922598,0.0,4,0.9160781450922598,0.9160781450922598,0.403947203781678,0.9847000754821843,True,False,0,2
"('INTERNAL', ('B0*M0 + B0*i', 'i'))",0.9155580777023928,0.9051392421889396,0.00017751133622926412,4,2.203384746285388,9.891242598753525,0.3950625448752857,0.9829175926538912,False,False,7,2
"('INTERNAL', ('B0*M0 + B1*s', 'B2 + r'))",0.9146497888756964,0.9090307654619815,7.687993644166727e-05,4,2.7734546297162708,9.892140675911119,0.39820501798431734,0.9835633258068525,False,False,7,2
"('INTERNAL', ('B0*M0 + B0*M1', 'M0 + M1'))",0.9146497864833953,0.8815348790975274,0.0011905651684777773,4,1.9117734580243047,9.892092562973984,0.3764154434705233,0.978728681196942,False,False,14,2
"('TERMINAL', ('B0 + B1*s', 'B2 + i'))",0.9146497864833953,0.9146497864833953,0.0,4,0.9146497864833953,0.9146497864833953,0.4027779738505397,0.9844730870054894,True,False,0,2
"('INTERNAL', ('B0 + B1*M0 + B2*s', 'B3 + i'))",0.9146497864833953,0.9114806518060532,1.339121947084345e-05,4,1.2259627816855956,9.891703332564372,0.40019362172420364,0.983963272692091,False,False,3,2
"('INTERNAL', ('B0 + B1*M0', 'M0 + i'))",0.9146496300888535,0.9021196690202486,0.0004631264824163024,4,1.5070727746139325,9.893357548602152,0.3926378295670164,0.9824077414935911,False,False,14,2
"('INTERNAL', ('B0*M0 + B1*i', 'r'))",0.9146496078245117,0.8990490141935359,0.0009735140865553635,4,1.9062259280945997,9.89202947034851,0.39018416999460903,0.9818813983354557,False,False,7,2
"('INTERNAL', ('B0 + B1*M0 + B1*M1', 'r'))",0.9146496078245117,0.8946199744288975,0.00037421842687917453,4,4.784558870477002,9.891384960187901,0.3866662405144128,0.9811082828702576,False,False,7,2
"('INTERNAL', ('B0*M0*M1 + B1*M1*i', 'r'))",0.9146496078245117,0.9061469234003011,0.0002155701280328362,4,5.069766290672408,9.890768288601564,0.39587435564182133,0.9830860277708846,False,False,7,2
"('INTERNAL', ('B0*M0 + B1*M0*i', 'r'))",0.9146496078245117,0.9133854681888129,7.555533758113064e-07,4,1.3203695250600123,1.8068997182673947,0.40174533114503996,0.9842707202020092,False,False,3,2
"('INTERNAL', ('B0 + B1*M0', 'sqrt(Abs(M0))'))",0.9146496048150075,0.9039252496881547,0.0004600463351763415,4,1.9153884200730262,9.892140663303222,0.39408628585917677,0.9827135349083269,False,False,14,2
"('INTERNAL', ('B0 + B1*M0', 'sqrt(Abs(r))'))",0.9146496048150075,0.9075768060064939,0.00020009749417973995,4,1.2259624696495393,9.892140663303222,0.397028587341102,0.9833235629448386,False,False,7,2
"('TERMINAL', ('B0 + B1*i', 'sqrt(Abs(r))'))",0.9146496048150075,0.9146496048150075,0.0,4,0.9146496048150075,0.9146496048150075,0.40277782531603257,0.9844730580252136,True,False,0,2
"('INTERNAL', ('B0 + B1*s', 'sqrt(Abs(M0))'))",0.914649599832663,0.8944327415974775,0.0005578272088552569,4,1.2259624297833378,9.892140662889812,0.3865180696440478,0.9810752385940242,False,False,7,2
"('INTERNAL', ('B0*M0', 'sqrt(Abs(i))'))",0.9146495987797201,0.894724031138239,0.0002591103696791218,4,3.9122589314976626,9.893106920598202,0.38674860714837533,0.9811266349242258,False,False,7,2
"('INTERNAL', ('B0 + B1*M0 + B1*M1', 'M0'))",0.9146495987797201,0.9137025733910206,3.587354806456115e-06,4,5.15872733898844,9.892363193742582,0.4020041266348796,0.9843216036451855,False,False,14,2
"('INTERNAL', ('B0*M0 + B1*M1', 'r'))",0.9146495973148216,0.897229975775544,0.0004114731778351338,4,4.784558870477002,9.892140663509368,0.3887363230904927,0.9815658625275211,False,False,7,2
"('INTERNAL', ('B0 + B1*M0 + B2*s', 'r'))",0.9146495973148216,0.9146495973148216,0.0,4,1.4449780372257721,1.803973805200704,0.4027778191837811,0.9844730568287613,False,False,3,2
"('INTERNAL', ('B0 + B1*M0 + B1*s', 'r'))",0.9146495973148216,0.8834484153077152,0.0012980183448541153,4,1.3829103498251076,1.8057959187895425,0.3779014442256997,0.9790855362358235,False,False,3,2
"('INTERNAL', ('B0*M0 + B1*M1', 'sqrt(Abs(r))'))",0.9146495816047759,0.8965386696802804,0.00021649894404489027,4,1.5003948100256874,9.892140661713352,0.3881871864265885,0.981445219338646,False,False,7,2
"('INTERNAL', ('B0*M0*M1', 'sqrt(Abs(r))'))",0.9146495816047759,0.8931162346345306,0.0005631845337347355,4,3.8467130112239887,9.892289395647772,0.3854774637166546,0.9808420645161621,False,False,7,2
"('TERMINAL', ('B0 + B1*s', 'sqrt(Abs(r))'))",0.9146495816047759,0.9146495816047759,0.0,4,0.9146495816047759,0.9146495816047759,0.4027778063390396,0.9844730543226471,True,False,0,2
"('INTERNAL', ('B0*M0 + B0*M1 + B1*M2', 'i'))",0.9146495711239175,0.8913031114058898,0.0005719766670100233,4,5.0465966836854825,9.892048704133451,0.38404786123661494,0.980518564107737,False,False,7,2
"('INTERNAL', ('B0*M0 + B0*M1 + B0*M2', 'i'))",0.9146495711239175,0.9024271746468777,0.00012556145557457386,4,5.093678432187204,9.891515571296463,0.3928842156760265,0.9824600146015481,False,False,7,2
"('INTERNAL', ('B0*M0 + B0*M1 + B0*s', 'M0'))",0.9146495711239175,0.8845864598361383,0.001967991554801043,4,1.8859061079288288,9.892035331443063,0.37878731520019593,0.9792963339748972,False,False,14,2
"('INTERNAL', ('B0 + B1*M0 + B2*M1 + B2*M2', 'i'))",0.9146495711239175,0.9069045551228627,3.0016404169873752e-05,4,5.093678432187204,9.891242598753525,0.3964855973214542,0.9832121023011642,False,False,3,2
"('TERMINAL', ('B0*s', 'B1 + i + r'))",0.9139480088538859,0.9139480088538859,0.0,4,0.9139480088538859,0.9139480088538859,0.40220452427890097,0.9843609281607898,True,False,0,2
"('INTERNAL', ('B0*s', 'B1*M0*M1'))",0.913948008846952,0.9004650010792004,0.000454245455649529,4,4.399605293970724,9.893338599149594,0.3913141346616819,0.9821250979688163,False,False,7,2
"('INTERNAL', ('B0*s', 'M0 + i - r'))",0.9139480088187357,0.9139479937401418,3.031519946563762e-16,4,1.3545664491153815,1.8264082242460766,0.4022045119360492,0.984360925740789,False,False,3,2
"('INTERNAL', ('B0*s', 'B1 - M0 + M1'))",0.9139480088187357,0.9049447092803821,0.000324237610309275,4,4.098901251376871,9.893338599165034,0.3949059776428098,0.9828849775874935,False,False,7,2
"('INTERNAL', ('B0*s', 'B1 + M0'))",0.9139480080125909,0.9048313763231186,5.5131948391084596e-05,4,0.0,9.900000000000002,0.3948147858848033,0.9828659616573443,False,False,0,4
"('TERMINAL', ('B0*s', '2*i - r'))",0.9139479786615478,0.9139479786615478,0.0,4,0.9139479786615478,0.9139479786615478,0.4022044996219037,0.9843609233264163,True,False,0,2
"('INTERNAL', ('B0*M0', 'M0 - M1 + i'))",0.9139479552278105,0.9072046137862848,3.1142892432075736e-05,4,4.719679277673635,9.892202827171399,0.396727886990193,0.9832618998568886,False,False,14,2
"('INTERNAL', ('M0*M1*M2', 'M0*M1*M2'))",0.9135172474796258,0.8491686419201535,0.005882216864366185,4,3.7148291968383558,9.887938352770796,0.35192515008129094,0.9722391897967473,False,False,14,2
"('INTERNAL', ('B0*M0 + B1*M1', 'M1 + sqrt(Abs(M0))'))",0.9133101465447521,0.8896094958089387,0.001073801367892276,4,3.0271269563468866,9.893165538384668,0.3827161753076696,0.9802139118677633,False,False,14,2
"('INTERNAL', ('B0*M2*M3 + M0*M2*M3 - M1*M2*M3', 'i'))",0.9133091825895764,0.8782341719525361,0.0008553835826240432,4,2.911909753549727,9.892048704133451,0.3738625172066615,0.9781060308183182,False,False,7,2
"('INTERNAL', ('B0*M4 + B1*M0*M3 + B1*M1*M3 + B1*M2*M3', 'B2*Abs(M0)**(1/4)*Abs(M1)**(1/4)'))",0.9131612291498188,0.872060432980101,0.0023569224321484997,4,1.7929705380528298,9.890776508473518,0.36912206201955466,0.9769173585789718,False,False,6,2
"('INTERNAL', ('B0*M1 + B1*M0*i + B2*M0*s', 'B3*Abs(i)**(1/4)'))",0.9131612291498188,0.6499375011641781,0.18900964285050817,4,1.4159040974668522,9.888148805588832,0.2232577394789126,0.9147795472431199,False,False,3,1
"('INTERNAL', ('B0*M0 + B1*M1', 'Abs(M0)**(1/4)'))",0.9131146030398191,0.8939183624833982,0.0007886457189020066,4,3.5732844796181364,9.892802168765188,0.3861112307594718,0.9809843062701562,False,False,14,2
"('INTERNAL', ('B0*M0 + B0*M1', 'M0*M1'))",0.9131146030388285,0.9010921942012665,0.00010516502900706395,4,4.4077043916671474,9.892140675526054,0.3918154594950425,0.9822325033863399,False,False,14,2
"('INTERNAL', ('B0*sqrt(Abs(s))', 'M0*M1 + M2'))",0.9129789026644746,0.9061636787324393,7.56931872804291e-05,4,1.5858179726269594,9.892028819386201,0.39588786535375925,0.9830888212011962,False,False,7,2
"('INTERNAL', ('B0*i + B1*i**2', 'sqrt(Abs(B2*M0 + B2*M1 + B2*M2 + B2*r))'))",0.9126630588644811,0.8991053139063083,0.00018316497243235763,4,1.5300939087746097,9.889561124997424,0.3902290484914623,0.9818911199765364,False,False,3,1
"('TERMINAL', ('B0*i + B1*i**2', 'r'))",0.912663058851325,0.912663058851325,0.0,4,0.912663058851325,0.912663058851325,0.4011562652701619,0.9841544819045063,True,False,0,2
"('INTERNAL', ('B0*i', 'M0*M1'))",0.9107056169594915,0.8819231227051612,0.0009400342667112834,4,3.4494288063935805,9.8900584574971,0.37671658665021973,0.9788013293370081,False,False,7,2
"('INTERNAL', ('B0*M0*i', 'M0'))",0.9106880701103791,0.901903332475374,9.570556899537167e-05,4,3.648886385123891,9.892174097439542,0.39246456504234134,0.9823709186100349,False,False,14,2
"('INTERNAL', ('B0*M0 + B1*M1', 'B2 + r'))",0.910634833935731,0.8948871710632824,0.0006667991956116798,4,2.894314184728961,9.891640696506895,0.3868777688082488,0.9811553890232512,False,False,7,2
"('INTERNAL', ('B0*M0', 'i**2'))",0.9077794473415601,0.8892770187783996,0.00021962553493007982,4,1.187151603846821,9.892654506286613,0.38245516579963945,0.98015382463896,False,False,7,2
"('INTERNAL', ('B0 + B1*sqrt(Abs(i))', 'sqrt(Abs(B2 - M0))'))",0.905784064134194,0.8903460468361339,0.0006327573821260208,4,1.5816442167421751,9.892055479359144,0.3832948873488846,0.980346698162188,False,False,7,2
"('INTERNAL', ('B0 + B1*M0', 'M0*M1'))",0.905503291273326,0.885474952698794,0.00023837562920919623,4,0.0,9.900000000000002,0.3794800231123131,0.9794601623029104,False,False,0,4
"('INTERNAL', ('B0*M0 + B1*M1', 'M0*M1'))",0.9044982304769665,0.8566672588208795,0.00411543804758035,4,2.6462651719746577,9.892048523513036,0.3574937934709064,0.9738182236731387,False,False,14,2
"('INTERNAL', ('sqrt(Abs(B0 - M0))', 'i'))",0.9042880360325986,0.438644045220079,0.2533390840242505,4,0.7981282672246356,9.752721497560486,0.11968749817323533,0.8238951732999729,False,False,7,2
"('INTERNAL', ('B0*sqrt(Abs(M0 + M1))', 'M0 + M1'))",0.9042745981590711,0.8748130864475907,0.0010156604902574046,4,2.7031543133124414,9.890782474668192,0.371230133325874,0.9774512090937303,False,False,14,2
"('INTERNAL', ('B0*sqrt(Abs(M0))', 'r'))",0.9042081538253918,0.8724323951226802,0.0005527357288697576,4,1.7851857710795744,9.888812528347325,0.3694064058536084,0.9769898596318117,False,False,7,2
"('INTERNAL', ('B0*M0', 'M0 - M1 - M2'))",0.9024623369404204,0.889767186216858,7.91571691411881e-05,4,5.001328403229535,9.892966340161374,0.3828400171032393,0.9802423784647737,False,False,14,2
"('INTERNAL', ('B0*i + B2*sqrt(Abs(B1 + i))', 'B3*M1 - M0*M1'))",0.9021642547622358,0.8962153679874976,7.169438608001214e-05,4,1.779494011085211,9.891238839374957,0.3879305804137606,0.9813886610532019,False,False,7,2
"('INTERNAL', ('B0*M0', '-M0 + i'))",0.9020579374803136,0.8786184068521559,0.0007027287827642992,4,5.348211484645686,9.894456050805674,0.37415903509454285,0.9781789751784924,False,False,14,2
"('INTERNAL', ('M1*sqrt(Abs(M0))', 'r'))",0.9015984381233476,0.8260870146223085,0.012031222721742276,4,5.3947111183771534,9.892589089724968,0.3351612987555734,0.9670980886146099,False,False,7,2
"('TERMINAL', ('B0*i + B1*s', 'B2*Abs(i)**(1/4)'))",0.900280996037263,0.900280996037263,0.0,4,0.900280996037263,0.900280996037263,0.39116715252231404,0.9820935248069674,True,False,0,1
"('INTERNAL', ('B0*i + B2*sqrt(Abs(B1 + i))', 'B3*M0'))",0.9000211657256616,0.899719976849394,3.628589567495263e-07,4,1.5430830327250373,9.891121666037039,0.3907192816326774,0.9819970847941907,False,False,7,2
"('INTERNAL', ('B0 + B1*sqrt(Abs(i))', 'sqrt(Abs(M0))'))",0.8987175078943457,0.8735617810363787,0.0008620460960388131,4,2.3717421470405298,9.8910292029205,0.3702707452375072,0.9772093000387597,False,False,7,2
"('INTERNAL', ('B0*M0', 'M0*i'))",0.8986962810239145,0.8702912273647088,0.0005666203647623604,4,1.539463626915031,9.8927192219156,0.36777180545343646,0.9765709648004122,False,False,14,2
"('INTERNAL', ('B0*M0*M1', 'sqrt(Abs(M0))'))",0.8949249915593537,0.8793287918438268,0.0003053206914168733,4,5.177401118746343,9.890112518952186,0.37470770859121505,0.978313516740432,False,False,14,2
"('INTERNAL', ('B0*sqrt(Abs(M0))', 'M0*M1'))",0.8948073174393097,0.8832665916871048,0.00018761056761990445,4,1.6693004527191249,9.892470072380258,0.3777600551240223,0.9790517581201595,False,False,14,2
"('INTERNAL', ('B0*Abs(s)**(1/4)', 'M0'))",0.8944424282839761,0.8834420587544767,0.0004800001891957764,4,1.1914546539603348,9.890724728216936,0.377896500589443,0.9790843558142809,False,False,7,2
"('INTERNAL', ('B0*sqrt(Abs(M0))', 'sqrt(Abs(M0 + M1))'))",0.894440330262471,0.8810678950354746,0.00016898604795303118,4,4.111904741437191,9.892653191987142,0.3760534645375048,0.9786411342695186,False,False,14,2
"('TERMINAL', ('B0*Abs(s)**(1/4)', 'i'))",0.8944014726612467,0.8944014726612467,0.0,4,0.8944014726612467,0.8944014726612467,0.38649332856521285,0.9810697171590628,True,False,0,2
"('INTERNAL', ('B0*sqrt(Abs(M0))', 'M0 + M1'))",0.8916948966895554,0.8812619746178977,4.9026108094851844e-05,4,2.8040690153070713,9.892460506276608,0.376203871998082,0.9786775408220872,False,False,14,2
"('INTERNAL', ('B0*M3*M4 + M0*M3*M4 + M1*M3*M4 - M2*M3*M4', 'i'))",0.8762585601224216,0.6383802228113221,0.18143876412771442,4,2.994581295401416,9.888154936378037,0.21678658768845283,0.9105821477087046,False,False,3,2
"('INTERNAL', ('sqrt(Abs(M0))', 'i'))",0.8730638479416108,0.21845655371551137,0.19044933344527848,4,0.8446555810922238,9.751886116991583,0.04399115130439213,0.6956841326193357,False,False,7,2
"('TERMINAL', ('B0*i', 'r'))",0.8725763190658475,0.8725763190658475,0.0,4,0.0,9.900000000000002,0.36951647072601207,0.9770178822074035,True,False,0,4
"('INTERNAL', ('M0*i', 'r'))",0.8725763190658475,0.5933629396215856,0.16702211173378692,4,1.7534978501407346,9.889117606483447,0.19250182567751375,0.8933731909634125,False,False,7,2
"('INTERNAL', ('sqrt(Abs(M0))', 'M0*M1'))",0.8709884376855899,0.21774710942139744,0.18965521464549617,4,1.1362211023706417,9.884144714327617,0.043802741259331715,0.6952075710778389,False,False,14,2
"('INTERNAL', ('sqrt(Abs(-B0 + M0 + M1))', 'i'))",0.8695646678979353,0.21820997012465373,0.1885636914756057,4,0.8380029386754073,9.752721497560486,0.04392562241676904,0.6955185449542318,False,False,7,2
"('INTERNAL', ('B0*i', 'M0 + M1'))",0.8608549225947094,0.8501522650551704,6.705101637058165e-05,4,0.0,9.900000000000002,0.3526521080110444,0.972448886792721,False,False,0,4
"('INTERNAL', ('M0*M1*M2', 'M0*M1'))",0.859882102688685,0.8399591114447638,0.0005208529093009055,4,3.695271427235811,9.890609392491559,0.3451692278939493,0.970238406999308,False,False,14,2
"('INTERNAL', ('B0*i**2 + M0*i', 'r'))",0.8536396640218399,0.837318271819937,0.0003551837912111162,4,1.2225530182363544,9.885019982494113,0.3432485884703071,0.9696522613504847,False,False,3,2
"('TERMINAL', ('B0 + B1*i + B1*s', 'r'))",0.8522472333006087,0.8522472333006087,0.0,4,0.8522472333006087,0.8522472333006087,0.3542039283903136,0.9728929280678406,True,False,0,2
"('INTERNAL', ('B0*M0', 'B1'))",0.0,0.0,0.0,4,0.0,9.900000000000002,0.005050763379468061,0.5218237501049814,True,True,0,4
"('INTERNAL', ('B0', 'M0 + M1'))",0.0,0.0,0.0,4,0.0,9.900000000000002,0.005050763379468061,0.5218237501049814,True,True,0,4
"('INTERNAL', ('B0', 'M0 + i'))",0.0,0.0,0.0,4,0.0,9.900000000000002,0.005050763379468061,0.5218237501049814,True,True,0,4
"('TERMINAL', ('B0', 'r'))",0.0,0.0,0.0,4,0.0,9.900000000000002,0.005050763379468061,0.5218237501049814,True,True,0,4
"('TERMINAL', ('B0*sqrt(Abs(s))', 'B1'))",0.0,0.0,0.0,4,0.0,9.900000000000002,0.005050763379468061,0.5218237501049814,True,True,0,4
"('INTERNAL', ('B0*i*s', 'M0 - M1 + M2'))",0.950990049896535,0.950880594431301,3.5941496608785327e-08,3,2.3614243872257212,9.893827638868254,0.36088688142086817,0.9889691740119027,False,False,7,1
"('INTERNAL', ('M0*M1*M2*M3', 'B0*M0*i'))",0.9509900498937034,0.9004916784009064,0.0034654990623715276,3,3.9186780739171736,9.892435553859332,0.3261458978067263,0.982552123233446,False,False,14,1
"('INTERNAL', ('M0*M1*M2 + 2*M1*M2*s', 'M0*i'))",0.9509900498937034,0.908039005550709,0.0020647819982535405,3,1.7093212934529651,9.89203533144309,0.33117785248847376,0.9836150626697633,False,False,10,1
"('INTERNAL', ('3*M0*i*s', 'B0*i'))",0.9509900498937034,0.8413517057767641,0.009709760510363034,3,1.2168564628193546,9.884335434190428,0.28860073873431824,0.9729918987544532,False,False,3,1
"('TERMINAL', ('B0*i*s', 'B1*i'))",0.9509900498937034,0.9509900498937034,0.0,3,0.9509900498937034,0.9509900498937034,0.3609654179150215,0.9889813722565219,True,False,0,1
"('INTERNAL', ('B0*M0', 'B1*M0*M1'))",0.9509900498937034,0.9206259742463373,0.0007503219437728654,3,4.426530271953546,9.89091620163812,0.3397001152870125,0.9853080767826521,False,False,14,1
"('INTERNAL', ('B0*M1*M2*sqrt(Abs(M0))', 'B1*i**2'))",0.9509052735332966,0.9189182343075084,0.0013609837928419137,3,4.012002296492589,9.893786037527912,0.3385341268672535,0.9850842249298407,False,False,7,1
"('INTERNAL', ('B0*M0*M2 + B0*M1*M2', 'B1*i**2'))",0.9509052735332966,0.9117459996708812,0.0016781246604152748,3,1.6845506112594613,9.892035331442678,0.3336706364005717,0.9841240312105778,False,False,3,1
"('TERMINAL', ('B0*i*s', 'B1*i**2'))",0.9509052735332966,0.9509052735332966,0.0,3,0.9509052735332966,0.9509052735332966,0.3609045879434561,0.9889719250283479,True,False,0,1
"('INTERNAL', ('B0*i*s', 'B1 + M0*r'))",0.950661683500833,0.9256718360409057,0.0004683693570528252,3,1.6955024906549718,9.894505608890789,0.34316343321715376,0.9859587574020889,False,False,7,1
"('INTERNAL', ('B0*i*s', 'B1 + M0*r - M1*r'))",0.950661683500833,0.9136491181560118,0.001351572006013345,3,1.5117184257461869,9.894505608890789,0.3349559074834037,0.984381970141603,False,False,7,1
"('INTERNAL', ('B0*i*s', 'B1 + B2*r - M0*r'))",0.950661683500833,0.9381565535969407,0.00046913482173966417,3,1.288740857614152,9.892037509832726,0.3518516538934503,0.9874997310883145,False,False,3,1
"('INTERNAL', ('B0*i*s', 'B1 - M0 + M1'))",0.9505889829296019,0.9252788701695784,0.0012441764939613218,3,2.242812949577509,9.894507716350194,0.34289273260596287,0.9859086592315,False,False,7,1
"('INTERNAL', ('M0*i', 'sqrt(Abs(M0))*sqrt(Abs(M1))'))",0.9491230952037817,0.8096019774642103,0.024596850886836566,3,1.7646286877600645,9.886849040685851,0.26971496063085104,0.9669696657228327,False,False,14,1
"('INTERNAL', ('M0*M1*i - M2*i', 'sqrt(Abs(B0*M0 + B0*M1 + B0*M2))'))",0.9491230952037817,0.5864496855593372,0.2627655287090553,3,1.7247472020951042,9.891409733568729,0.1576761762731681,0.9078397698780228,False,False,14,1
"('INTERNAL', ('B0*M0*M1*i', 'r'))",0.9483428244329217,0.879426328052766,0.003637308976816281,3,3.4650343504230925,9.887663853419195,0.3123989966433317,0.9793964221792031,False,False,7,1
"('INTERNAL', ('B0*M0*M1*M2 + B0*M3 + B1*M4', 'r'))",0.9483428244329217,0.8741599397940262,0.00413193432498887,3,2.178130845871107,9.889472777774523,0.30902864574482614,0.9785641650485299,False,False,3,1
"('INTERNAL', ('B0*M0*M2 + B0*M1*M2 + B1*M2*i', 'r'))",0.9483428244329217,0.9074155284245583,0.0020234467722709303,3,5.265562570017319,9.888133848416313,0.3307599776568216,0.9835286106139267,False,False,3,1
"('INTERNAL', ('M0*i', 'sqrt(Abs(M0))'))",0.9483428241864371,0.31611427472881237,0.2997847040619692,3,1.8578807796149093,9.887617064485834,0.06279110532721018,0.7975242632120705,False,False,14,1
"('INTERNAL', ('B0*M0*s', 'sqrt(Abs(r))'))",0.9483428234815859,0.9370400029781534,9.70612537390618e-05,3,1.2568520332416027,9.894359420560509,0.35106760563797434,0.9873659171433149,False,False,7,1
"('TERMINAL', ('B0*i*s', 'sqrt(Abs(r))'))",0.9483428234815859,0.9483428234815859,0.0,3,0.9483428234815859,0.9483428234815859,0.3590699145824547,0.9886842384498655,True,False,0,1
"('INTERNAL', ('B0*i*s', 'B1 + M0*M1'))",0.9482670776556014,0.9264908981164895,0.0006143557917978205,3,1.8691156748066284,9.894505608890789,0.34372819293708634,0.9860628646174219,False,False,7,1
"('INTERNAL', ('B0*M0 + B0*M1 + B1*M2', 'M0 + M1 - M2 + i'))",0.9475952882363187,0.9029080516998202,0.0018858810657946363,3,4.056442803257032,9.89214066347662,0.3277506799015079,0.9828963310037777,False,False,14,1
"('INTERNAL', ('B0*i*s', 'M0 + M1'))",0.9474773887324578,0.9107128636985905,0.0024922778528717257,3,2.486168829924017,9.894359420627088,0.3329744780207294,0.9839830509049449,False,False,7,1
"('TERMINAL', ('B0*i*s', 'sqrt(Abs(i))'))",0.9453720494343008,0.9453720494343008,0.0,3,0.9453720494343008,0.9453720494343008,0.35695245312720686,0.9883455346735058,True,False,0,1
"('INTERNAL', ('B0*s*sqrt(Abs(i))', '-M0 - M1 + r'))",0.9411510663280963,0.9251393847128285,0.0005326882557896882,3,2.0431765444513745,9.893540104431068,0.34279668594848195,0.9858908532000284,False,False,7,1
"('INTERNAL', ('M0*M1*i - M2*i', 'sqrt(Abs(B0*M0 + B0*M1 + B0*M2 + B0*M3))'))",0.9411406943622806,0.31371356478742685,0.29524860219490523,3,1.8473456009926874,9.889947323521065,0.06213616120168547,0.7963438961877206,False,False,10,1
"('INTERNAL', ('B0*M1*M3 + B0*M3*sqrt(Abs(M0)) + B1*M2*M3', 'B2*M0'))",0.941036170056969,0.8680517999804301,0.004802590482538244,3,2.0353107726759276,9.892652967660961,0.30515192197947083,0.977577257015934,False,False,10,1
"('INTERNAL', ('B0*s*sqrt(Abs(i))', '-M0'))",0.9409179840312452,0.9370506791064387,3.468764922374912e-05,3,1.8801127206631554,9.893536292100713,0.35107509585453445,0.9873672003537254,False,False,7,1
"('INTERNAL', ('B0*s*sqrt(Abs(i))', '-M0 - M1'))",0.9409179840312452,0.9367777037879466,1.3525014234759676e-05,3,1.6991434446994067,9.893759396985507,0.3508836204336895,0.9873343676939768,False,False,7,1
"('INTERNAL', ('B0*s*sqrt(Abs(i))', '-M1 - sqrt(Abs(M0))'))",0.9406110045033088,0.9339445700503897,0.00012818799066590606,3,1.5002690913313317,9.892750775787244,0.34890126250120823,0.9869908332671145,False,False,3,1
"('INTERNAL', ('B0*s*sqrt(Abs(M0))', 'sqrt(Abs(M0))'))",0.940022560678725,0.9119834769962822,0.0017827146410434136,3,2.613361639394812,9.893295382584935,0.3338308117361504,0.9841563421195885,False,False,14,1
"('TERMINAL', ('B0*s*sqrt(Abs(i))', 'B1 - r'))",0.9399616745866288,0.9399616745866288,0.0,3,0.9399616745866288,0.9399616745866288,0.3531221879041485,0.9877144052924022,True,False,0,1
"('INTERNAL', ('M0*i', 'B0 + M0*M2 - M1*M2'))",0.9399387398778313,0.901716893257161,0.0011842494514679516,3,1.5896940838182314,9.892483591122412,0.32695886510195954,0.9827271109185656,False,False,14,1
"('INTERNAL', ('M0*i', 'B0 - M0*M1 + M1*r'))",0.9399387398778313,0.6209548340048531,0.28926103975840084,3,1.5742578833496033,9.89072855805735,0.17286198880358847,0.9188603095810695,False,False,14,1
"('INTERNAL', ('B0*i', 'B1 + B2*r - M0 + i'))",0.9399387398778313,0.9351444571310263,6.89554411689344e-05,3,1.2698478675122848,1.8341787070226645,0.34973973809365194,0.9871369444171804,False,False,3,1
"('INTERNAL', ('B0*i', 'B1*M0 + M1'))",0.9399387398778313,0.8999207030824602,0.0014625902219674307,3,1.4543528451078755,9.892878903193683,0.32576755172023325,0.9824702534847991,False,False,7,1
"('INTERNAL', ('B0*i', 'B1*r + M0'))",0.9399387398778313,0.8780095940026699,0.0035282730279493756,3,1.2698478675122848,9.893822608648868,0.3114897643468191,0.9791742328163121,False,False,7,1
"('INTERNAL', ('B0*M2 + B1*M0*M2 + B2*M1*M2', 'B3*M0 + B4*M1'))",0.9399387398778313,0.9045047806660461,0.0016561374049956742,3,1.7384725827642051,9.89233592824809,0.3288143384961703,0.9831217699247,False,False,10,1
"('INTERNAL', ('B0*M1 + B1*M0*M1 + B2*M1*s', 'B3*M0 + B4*M1'))",0.9399387398778313,0.8926439683917139,0.001757488477378077,3,1.5749983130435417,9.891912878934242,0.3209741010250175,0.9814089635928143,False,False,10,1
"('INTERNAL', ('B0*i', 'M0*M2 + M1*M2 + M2*r'))",0.9399387398778313,0.8680251248950409,0.0046024541567812,3,2.06692900732254,9.893822608648868,0.30513506719430783,0.9775728961827512,False,False,7,1
"('INTERNAL', ('B0*i', 'M0*M3 + M1*M3 + M2*M3 + M3*r'))",0.9399387398778313,0.9188539288471934,0.00033342694214828105,3,1.9204874730779968,9.89170333299551,0.3384902815523429,0.9850757598336033,False,False,7,1
"('INTERNAL', ('B0*i', 'M0*M2 + M1*M2 + 2*M2*r'))",0.9399387398778313,0.8289386775693695,0.009240760374361803,3,1.821522593378262,9.89170333299551,0.28111713903756097,0.9707106775357014,False,False,3,1
"('INTERNAL', ('B0*i', 'B1*M1 + M0*M1 + 2*M1*r'))",0.9399387398778313,0.8844718804285674,0.004967211193159963,3,1.6731889092245233,9.89170333299551,0.315652575076191,0.980177552919313,False,False,3,1
"('INTERNAL', ('B0*i', '-M0*M2 - M1*M2 + M2*r'))",0.9399387398778313,0.9160076718977058,0.0004477496629026787,3,3.4107158942158464,9.891104068017293,0.33655398665963215,0.9846984733782611,False,False,7,1
"('INTERNAL', ('B0*i', 'M1*M3 - M2*M3 + M3*r - M3*sqrt(Abs(M0))'))",0.9399387398778313,0.8950142862145005,0.0060546196108462545,3,2.032141562988992,9.885751248861192,0.322529773928948,0.9817583129163439,False,False,3,1
"('INTERNAL', ('B0*i', 'B1*M1 - M0*M1 + 2*M1*r'))",0.9399387398778313,0.9251722772658018,0.000253359748716943,3,1.6731889092245233,9.880850564060383,0.3428193331565199,0.9858950532073171,False,False,3,1
"('INTERNAL', ('B0*M1*M3 + B0*M3*sqrt(Abs(M0)) + B1*M2*M3', 'M0*M1'))",0.9393601777464087,0.8715277719816614,0.009172558268408458,3,2.136931617387806,9.893851514784355,0.3073538292382247,0.9781417241986061,False,False,10,1
"('INTERNAL', ('B0*M0', 'Abs(M0)**(1/4)'))",0.938916793510901,0.9130381106439177,0.0006567683444266705,3,3.6020672624157943,9.892092566024488,0.33454285400262684,0.9842994057173494,False,False,14,1
"('TERMINAL', ('B0*s*sqrt(Abs(i))', 'sqrt(Abs(i))'))",0.9387885262609179,0.9387885262609179,0.0,3,0.9387885262609179,0.9387885262609179,0.3522960497113117,0.9875751221396558,True,False,0,1
"('INTERNAL', ('B0*M0*s', '-M0 - M1 + r'))",0.9376862700507571,0.8869878776741004,0.003657477497228249,3,2.2955989022904864,9.892035331443045,0.3172840749937651,0.9805611267279545,False,False,14,1
"('INTERNAL', ('B0*s*sqrt(Abs(M0))', '-M0 - M1 + r'))",0.9363951600647848,0.9094259927066386,0.0008697396283297599,3,2.181655575954719,9.893676864495355,0.33210888393123905,0.9838065072537773,False,False,14,1
"('INTERNAL', ('M0*i', 'B0 + B1*M0 + M0*r'))",0.9355866730718906,0.8991910945920317,0.0015634425182371476,3,1.3877481323832006,9.893229010332112,0.3252845642047227,0.9823653402267954,False,False,10,1
"('INTERNAL', ('i**2', 'B0 + B1*M0 + M0*r'))",0.9355866730718906,0.8832751498464563,0.002052371596623868,3,1.1920771662275929,9.891169583330454,0.31487868277836684,0.9799937182579332,False,False,3,1
"('TERMINAL', ('i**2', 'B0 + B1*r'))",0.9355866730718906,0.9355866730718906,0.0,3,0.9355866730718906,0.9355866730718906,0.3500491604628915,0.9871905645107996,True,False,0,1
"('INTERNAL', ('B0*M0*M1', 'M0 - M1 - M2'))",0.9349102171539627,0.9166547725960649,0.0002598072521924279,3,4.884035580009821,9.892004275487027,0.33699345804752906,0.9847846980549995,False,False,14,1
"('INTERNAL', ('B0*M2 + B1*M0*M1 + B1*s', 'M0 - M1'))",0.9349102171539627,0.9149294446505263,0.0006125243636139662,3,2.6686019705663724,9.892140675893025,0.33582269440350543,0.9845542164850094,False,False,10,1
"('INTERNAL', ('M0*s', '-M0 + r'))",0.9336325314412448,0.5904716277352794,0.08962465917952228,3,1.3175718301110129,9.892314317165166,0.15940890456403126,0.9091592396940463,False,False,14,1
"('INTERNAL', ('B0*i', 'M1*i - M1*sqrt(Abs(M0))'))",0.9332206674579696,0.8495050178686501,0.005706642318846205,3,1.2982205086422003,9.886792747469478,0.2935881014336967,0.9744388007145244,False,False,7,1
"('INTERNAL', ('M0*M1*M2*M3', 'B0*M0*M1'))",0.9332206674579696,0.8859300199617971,0.005111246977594444,3,3.8529561643321824,9.891348012049033,0.3165973658640771,0.9804003342140242,False,False,14,1
"('INTERNAL', ('B0*i', 'B1*M0 + M1 - M2 + i'))",0.9332206674579696,0.9219830152415893,0.00017935549402047223,3,1.6803953088606112,9.89198832477735,0.3406288671043745,0.9854846487753401,False,False,3,1
"('TERMINAL', ('B0*i', 'B1*i'))",0.9332206674579696,0.9332206674579696,0.0,3,0.9332206674579696,0.9332206674579696,0.3483961752699272,0.9869022441669464,True,False,0,1
"('INTERNAL', ('B0*M0*M1 + B0*M2 + B1*M3', 'M0 + M1 + M2 - M3 + i'))",0.9330312202795394,0.9040323346248867,0.001261550177868127,3,4.2522480993081295,9.892972378634576,0.32849935098514355,0.9830552330588288,False,False,14,1
"('INTERNAL', ('B0*M0', 'B1*M0 + M1'))",0.9327934250321808,0.8938928559112257,0.001147136441608443,3,4.5770281177784495,9.892878903193683,0.3217930758778412,0.9815934696860549,False,False,14,1
"('INTERNAL', ('B0*M0 + B0*M2 + B1*M1', 'B2 - M0'))",0.9325767896773528,0.9083374077505151,0.0006376369097326251,3,2.1065751565074784,9.892140675893025,0.3313779920743651,0.9836563529846634,False,False,14,1
"('INTERNAL', ('B0*s', 'M0 + M1 + M2'))",0.9325048554904136,0.9201336104902973,0.00011478577714010234,3,4.997066711933474,9.89209256599939,0.3393636283465719,0.9852437258345746,False,False,7,1
"('INTERNAL', ('B0*s', 'M0 + M1 + i - r'))",0.9325048554904136,0.9325048372479404,9.983634801530077e-16,3,5.280796514806731,9.892092566027191,0.34789729045787077,0.9868143181079058,False,False,7,1
"('INTERNAL', ('B0*s', 'M0 - M1 + M2 + i - r'))",0.9325048554904136,0.9081292249382452,0.0007698661367974072,3,5.499509068235573,9.889518413197873,0.33123835339471525,0.983627552352739,False,False,3,1
"('INTERNAL', ('B0*s', 'B1 + M0 + M1 - M2'))",0.9325048554904136,0.9325048552929067,2.925670965126792e-20,3,4.776008377434872,9.89209256602591,0.3478973030268472,0.9868143203284562,False,False,7,1
"('INTERNAL', ('B0*s', 'B1 + M0 - M1 - M2 + i'))",0.9325048554904136,0.9202567173668162,0.0004500506624841582,3,4.692452217065862,9.893338599164949,0.3394477368416066,0.9852598299723263,False,False,3,1
"('INTERNAL', ('B0*M0 + B0*s + B1*M1', 'B2 + i'))",0.9325048554904136,0.9145808069574065,0.00032251266636020557,3,1.683185963442266,9.89214067574725,0.3355864957741435,0.9845074153888079,False,False,7,1
"('INTERNAL', ('B0*s', 'B1 + i - sqrt(Abs(M0))'))",0.9325048554904136,0.902036844496491,0.0006962247704443392,3,1.8104239888918727,9.893338599164949,0.32717141045529996,0.98277265181544,False,False,7,1
"('INTERNAL', ('B0*s', 'B1 + i - sqrt(Abs(M0 - M1))'))",0.9325048554904136,0.9172708499794815,0.0006962247717213272,3,1.6366796890710078,9.890171552703146,0.3374122687279657,0.984866543947246,False,False,3,1
"('INTERNAL', ('B0*s', 'B1 + i - sqrt(Abs(M0 - r))'))",0.9325048554904136,0.9172708500074231,0.0006962247691673516,3,1.443630467026709,9.890171552702803,0.33741226874696956,0.9848665439509526,False,False,3,1
"('INTERNAL', ('B0*M0 + B1*M1 + B2*M2', 'M0 + M1 + M2 - M3 + i'))",0.9325048554904136,0.927212308193434,7.080036824561472e-05,3,4.342246531362107,9.892486575053308,0.34422622108223366,0.9861542095304087,False,False,10,1
"('INTERNAL', ('B0*s', '-M0 + M1 - M2 + i'))",0.9325048554904136,0.9110852344438356,0.0005283151851528043,3,5.3798567910529105,9.892092566029602,0.3332252657170251,0.9840339414970057,False,False,7,1
"('INTERNAL', ('B0*s', 'B1*M2 - M0*M2 - M1*M2'))",0.9325048553753184,0.8903011909977745,0.0014121700671715675,3,1.5551529409143616,9.890818464875716,0.31944190606047124,0.981060215107443,False,False,7,1
"('INTERNAL', ('B0*s', 'Abs(M0)**(1/4)*sqrt(Abs(M1))*sqrt(Abs(M2))'))",0.9325048553753184,0.8996750947303157,0.0024019144298876105,3,1.7619486232896713,9.893338599149594,0.3256049041531479,0.9824349737991994,False,False,7,1
"('INTERNAL', ('M0*M1', 'M0*M1*M2'))",0.9325048553753184,0.847653967071585,0.013424663605077264,3,3.6367954261720397,9.89205078742921,0.29245074625247713,0.9741139012868819,False,False,14,1
"('INTERNAL', ('3*M0*M1*s', 'B0*i'))",0.9325048553753184,0.9325048553753184,0.0,3,1.3837715552717373,9.891348012015635,0.3478973030842499,0.9868143203385975,False,False,3,1
"('INTERNAL', ('B0*M0 + B0*s + B1*M1', 'M0 - M1'))",0.9325048553753184,0.9206014168498766,0.0001062688865550133,3,2.7375644679132405,9.892140675939396,0.33968332638470033,0.9853048707989589,False,False,14,1
"('INTERNAL', ('B0*s', 'M2*sqrt(Abs(-M0 + M1 + i))'))",0.9325048553753184,0.9325048189671022,9.94168652685243e-16,3,4.407928330736742,9.89017155270372,0.34789727772460144,0.9868143158583296,False,False,7,1
"('INTERNAL', ('B0*M0 + B1*M1 + B1*M2', 'M0*M1'))",0.9325048552566587,0.90858785650043,0.0007537528801043563,3,2.5719101472606205,9.892140663527737,0.3315460394400992,0.9836909647010758,False,False,14,1
"('INTERNAL', ('B0*M0 + B1*M1 + B1*M2', 'M0*M2 - M1*M2'))",0.9325048552566587,0.8652499795610883,0.003828839609029902,3,2.5205833486543905,9.891748004316048,0.3033851334716686,0.9771168021116621,False,False,14,1
"('INTERNAL', ('B0*s', 'M2*sqrt(Abs(M0 - M1))'))",0.9325048552566587,0.914162500244132,0.0005831524359922067,3,4.206569980857614,9.89017155267561,0.33530326437360974,0.9844511609589507,False,False,7,1
"('INTERNAL', ('B0*M2 + B1*M0*M2 + B2*M1*M2', 'B3*M0'))",0.9325048552566587,0.9080945149746403,0.0007436080547719297,3,1.893439662983955,9.893338599149594,0.3312150759903681,0.9836227478222831,False,False,10,1
"('INTERNAL', ('B0*s', 'B1*M0*r'))",0.9325048552566587,0.9263192397921403,0.00011478551602466845,3,1.2568521127055072,9.892092566030234,0.34360977099435036,0.9860410809371801,False,False,7,1
"('INTERNAL', ('B0*s', 'M0 + r'))",0.9325048551941534,0.9023055765850815,0.0013991334959105955,3,1.3112277185192116,9.893338598300687,0.32735001013877735,0.9828108526648893,False,False,7,1
"('INTERNAL', ('M1*s + s*sqrt(Abs(M0))', 'M0 + r'))",0.9325048551941534,0.579041061240562,0.25555515387766026,3,1.483820213848464,9.886412199520482,0.1545099337446597,0.9053851287240641,False,False,14,1
"('INTERNAL', ('B0*s', 'M0 + M1 + M2 - M3'))",0.9325048551941534,0.9201335929233581,0.00011478609762962679,3,4.702538515519612,9.89209256599939,0.3393636163457187,0.9852437235358869,False,False,7,1
"('INTERNAL', ('B0*s + B1*M0*M1', 'B2 + r'))",0.9325048551941534,0.6113729671017147,0.2805712391985189,3,2.894314184728961,9.893338599145487,0.16857186346020558,0.9158679870890114,False,False,7,1
"('INTERNAL', ('B0*s + B1*M0*s', 'B2 + r'))",0.9325048551941534,0.9166077115590143,0.0001895393818171836,3,1.354566547485771,9.89203533144303,0.33696148224638006,0.9847784361700944,False,False,3,1
"('INTERNAL', ('B0*s', '-M0 - M1 + r'))",0.9325048551941534,0.8991402537293172,0.0010118537255875194,3,0.0,9.900000000000002,0.3252509282698288,0.9823580171706994,False,False,0,3
"('INTERNAL', ('B0*M0 + B1*M1 + B2*M2', 'B3 + M0 + M1 - M2 + i'))",0.9325048551941534,0.9208800254877907,0.0001827038389761582,3,4.447080770957769,9.89214067574725,0.33987383750011446,0.985341221039032,False,False,6,1
"('INTERNAL', ('B0*s', 'B1 + M0 - M1 + i + r'))",0.9325048551941534,0.9325048551941534,0.0,3,1.783115406873282,9.890818464875018,0.3478973029580618,0.986814320316304,False,False,3,1
"('INTERNAL', ('B0*s', 'B1 + M0 - M1'))",0.9325048492031989,0.8991402517488786,0.0010118535249973885,3,0.0,9.900000000000002,0.3252509269596357,0.9823580168854078,False,False,0,3
"('INTERNAL', ('M0*M1', 'i**2'))",0.9325048121096497,0.8591218755054313,0.008255078594220122,3,1.3892580344928658,9.889304297168135,0.2995456772547175,0.9760927288678816,False,False,7,1
"('TERMINAL', ('B0*s', 'i**2'))",0.9325048121096497,0.9325048121096497,0.0,3,0.9325048121096497,0.9325048121096497,0.34789727294813616,0.9868143150144754,True,False,0,1
"('INTERNAL', ('B0*M0*s', 'sqrt(Abs(i))'))",0.9325048092136329,0.9185911935994081,0.00021584696459512514,3,1.5462393011635283,9.894170915685885,0.3383111864888148,0.9850411466115824,False,False,7,1
"('INTERNAL', ('M0*s + M1*s', 'M0'))",0.9325048076366248,0.3108349358788749,0.28985507208847283,3,1.5611080554063657,9.890775545625056,0.0613552205218291,0.7949235174465794,False,False,14,1
"('INTERNAL', ('B0*M0 + B0*s', 'sqrt(Abs(M0))'))",0.9325048072553807,0.8939134431308817,0.0026638384237270356,3,2.6657960470832864,9.894013810252307,0.32180658904259224,0.9815965029796467,False,False,14,1
"('INTERNAL', ('B0*M1 + M1*sqrt(Abs(M0))', 'r'))",0.9325048053586549,0.8806389548882115,0.00229947412402732,3,5.3947111183771534,9.891029202645184,0.313178741745361,0.979585606541705,False,False,7,1
"('INTERNAL', ('B0*M3 + M3*sqrt(Abs(M0*M2 - M1*M2))', 'r'))",0.9325048053586549,0.6016937081415008,0.272424344680139,3,5.00225494591834,9.88484983107832,0.1642954382921539,0.9127921423055272,False,False,3,1
"('INTERNAL', ('B0*M2 + M2*sqrt(Abs(M0*M1 - M1*s))', 'r'))",0.9325048053586549,0.9089067034570575,0.0016706112400745297,3,5.189438746612754,9.890127621311642,0.3317600739668616,0.9837349718978425,False,False,3,1
"('INTERNAL', ('B0*M1', 'r'))",0.9325048053586549,0.9125286432610524,0.0011971411564490656,3,5.3947111183771534,9.868612130388993,0.334198740073315,0.9842303826231498,False,False,3,1
"('INTERNAL', ('B0*M0*M1 + B0*M2 + B1*M3', 'r'))",0.9325048053586549,0.9140963832790526,0.000349360051796094,3,2.2693464070288223,9.892140662789469,0.33525851390972944,0.9844422593838252,False,False,7,1
"('INTERNAL', ('B0*M2*M3 + B1*M0*M1*M3', 'r'))",0.9325048053586549,0.8825724162318529,0.002261185760818748,3,4.846034870182547,9.892004275486494,0.31442488142095415,0.9798853516006372,False,False,7,1
"('INTERNAL', ('B0*s*sqrt(Abs(M0))', 'M0'))",0.9325048053586549,0.9187188583195997,0.00048281224605505773,3,5.605432366464303,9.893278915649484,0.3383982008057322,0.98505797082546,False,False,14,1
"('INTERNAL', ('B0*M0*M3 + B0*M1*M3 + B1*M2*M3', 'M0*M1'))",0.9325048050795864,0.9080944982342561,0.0007436068297120719,3,2.23059228488725,9.893785248757112,0.33121506476412843,0.9836227455049074,False,False,14,1
"('INTERNAL', ('M0*s', '-i + r'))",0.932504804846467,0.7733423399611904,0.07599807068507072,3,1.1871515922508855,9.89022184661267,0.24913539708521593,0.9593456410453145,False,False,7,1
"('TERMINAL', ('B0*s', '-i + r'))",0.932504804846467,0.932504804846467,0.0,3,0.932504804846467,0.932504804846467,0.3478972678890652,0.9868143141206933,True,False,0,1
"('INTERNAL', ('B0*s', '-M0 + M1 + 2*i - r'))",0.9325048042935623,0.908129194402825,0.0007698661089810491,3,1.6213143161398924,9.889518413209263,0.3312383329163266,0.9836275481263791,False,False,3,1
"('INTERNAL', ('M0*M2*M3 - M1*M2*M3', 'i'))",0.9325048042935623,0.9048083254138519,0.0008602868032897218,3,3.0141724632051052,9.889672146198192,0.32901683594553655,0.9831644456097988,False,False,7,1
"('INTERNAL', ('B0*M0 + B1*M1 + B2*i', 'i'))",0.9325048042935623,0.917469558286065,0.00023711095534886226,3,1.6938518255671329,9.891133521222015,0.3375474361472875,0.9848928913750791,False,False,3,1
"('INTERNAL', ('B0*M0 + B1*i + B2*s', 'i'))",0.9325048042935623,0.9235426408999152,0.00024096111808328337,3,1.3898259111092004,1.826206692021932,0.34169869460444313,0.9856861471620393,False,False,3,1
"('INTERNAL', ('B0*M1 + B1*s + B2*M0*s', 'i'))",0.9325048042935623,0.9152704634566772,0.00035544401923529723,3,1.5675645734079526,9.889397962881915,0.3360538541004665,0.9845999207990664,False,False,3,1
"('INTERNAL', ('B0*M1*Abs(M0)**(1/4)', 'i'))",0.9325048042935623,0.9110137881849651,0.001385591320139948,3,5.406999781433502,9.89064776132598,0.33317713633872137,0.9840241839521714,False,False,7,1
"('INTERNAL', ('B0*s', 'M0 - M1 + i - r'))",0.9325048042935623,0.9141624523824293,0.0005831521651160577,3,5.400976532006929,9.893939746621113,0.3353032319773512,0.9844511545161452,False,False,7,1
"('INTERNAL', ('B0*M0', 'M0 + i'))",0.9325048007629941,0.8915559808042606,0.002412936948385652,3,4.699180180642545,9.893338595569938,0.3202618826730775,0.9812474319642512,False,False,14,1
"('INTERNAL', ('M0*M1', '-M0 + i'))",0.9325048007629941,0.8591050575642573,0.014870537873690918,3,5.187549371275661,9.892854146683451,0.2995351868330806,0.9760898863911602,False,False,14,1
"('INTERNAL', ('M1*s + s*sqrt(Abs(M0))', 'M0 + M1'))",0.9325048007629941,0.9024684292881452,0.0013352970564745738,3,1.4899481262082772,9.891458890260523,0.327458277591953,0.9828339804621982,False,False,14,1
"('INTERNAL', ('B0*s', 'M0*M3 - M1*M3 - M2*M3'))",0.9325048007629941,0.8994373455672097,0.0017838466501722487,3,1.7190795528833966,9.891458890253979,0.3254475184800053,0.9824007869645133,False,False,7,1
"('INTERNAL', ('M1*s + s*sqrt(Abs(M0))', '2*r'))",0.9325048007626383,0.5055107537542824,0.1386794606369534,3,1.5099674495775586,9.882194560742128,0.12484950922866117,0.8793241978181668,False,False,7,1
"('INTERNAL', ('M2*s + s*sqrt(Abs(M0 - M1))', '2*r'))",0.9325048007626383,0.80488725333511,0.021194154806955696,3,1.3810962025239675,9.88316093054594,0.26698086730598797,0.9660231026358618,False,False,7,1
"('INTERNAL', ('B0*M2 + B1*M0*M1', 'M0'))",0.9325048007626383,0.9165263069349179,0.00022884959327674074,3,5.300135838300932,9.890767568223659,0.33690617705180886,0.984767601276572,False,False,14,1
"('TERMINAL', ('B0 + B1*i', 'B2 + sqrt(Abs(r))'))",0.9323102128841774,0.9323102128841774,0.0,3,0.9323102128841774,0.9323102128841774,0.34776174840006374,0.9867903563746122,True,False,0,1
"('INTERNAL', ('B0 + B1*i', 'sqrt(Abs(M0 + sqrt(Abs(r))))'))",0.9322676523709016,0.9000194663443619,0.0016692939426744748,3,1.1867730007249577,9.892826751823998,0.32583297203550704,0.9824844293689534,False,False,7,1
"('TERMINAL', ('B0 + B1*i', 'sqrt(Abs(i + sqrt(Abs(r))))'))",0.9322676523709016,0.9322676523709016,0.0,3,0.9322676523709016,0.9322676523709016,0.34773211359114625,0.9867851132339803,True,False,0,1
"('INTERNAL', ('B0 + B1*i', 'B2 + sqrt(Abs(M0))'))",0.9319926509495069,0.9086567051868634,0.0004302994931578694,3,1.1868409399958233,9.893304932237836,0.3315922471377252,0.9837004725953935,False,False,7,1
"('INTERNAL', ('B0*M0 + B1*M1', 'M0 + M1 - M2 + i'))",0.9319926509495069,0.8911437984937968,0.0019301962631396892,3,3.978549202832837,9.892700706077093,0.3199923617435924,0.9811860423583516,False,False,14,1
"('INTERNAL', ('B0 + M0', 'M0 + i'))",0.9319493386539209,0.5933494187870134,0.2658053728544039,3,1.2977598568150763,9.891387356951396,0.16065471731111972,0.9100976977070991,False,False,14,1
"('INTERNAL', ('B0 + i', 'M0 + i'))",0.9319493386539209,0.6088779553991979,0.2783964399651014,3,1.2558842385133349,9.892467496067466,0.1674640421530749,0.9150802348688146,False,False,7,1
"('INTERNAL', ('B0 + i', 'i + sqrt(Abs(M0))'))",0.9319493386539209,0.31138846214224347,0.28882307880963887,3,1.2558842385133349,9.88618911952345,0.06150501458871843,0.7951970663490028,False,False,7,1
"('INTERNAL', ('M0*M1*M2*M3', 'M0*M1*M2'))",0.9317492304151608,0.8741104152321929,0.002565914370834635,3,3.7842579137630414,9.893300089446752,0.3089970744516184,0.9785562565782615,False,False,14,1
"('INTERNAL', ('M0*i - M1*i', 'sqrt(Abs(B0*M0 + B0*M1))'))",0.9316890679997573,0.6175602797681277,0.28606413239961204,3,1.702224925034463,9.8924452409171,0.17133564862758666,0.9178062089189294,False,False,14,1
"('INTERNAL', ('B0*M0 + B1*i + B2*s', 'M0 + M1 - M2 + i'))",0.9316223845630158,0.91607191993653,0.00018136293248891756,3,2.191904355629811,9.892381074702785,0.3365976003853777,0.9847070460698942,False,False,10,1
"('INTERNAL', ('B0*M0*s', 'M0 - M1 - M2'))",0.931593558963712,0.9154675974636907,0.0002276389195712384,3,5.001328403229535,9.893338598751946,0.33618753688235425,0.984626307869413,False,False,14,1
"('INTERNAL', ('B0 - M0', 'r'))",0.9314186054975797,0.8909215822605739,0.0012300066682939407,3,4.628124474979794,9.88897412865232,0.31984712599121395,0.9811529017847699,False,False,7,1
"('TERMINAL', ('B0 + B1*i*s', 'r'))",0.9314186054975797,0.9314186054975797,0.0,3,0.9314186054975797,0.9314186054975797,0.3471413408578661,0.9866802783336708,True,False,0,1
"('INTERNAL', ('B0*M1*M2 + B1*M0*M2*i', 'r'))",0.9314186054975797,0.9037220224552411,0.0005757029857736738,3,4.9586640172469885,9.890350241050232,0.3282925835672928,0.9830114539957183,False,False,3,1
"('INTERNAL', ('M0*i', 'B0 + M0'))",0.9304969194882833,0.5729734832457037,0.2512701713595325,3,1.9089284490191776,9.891884265175529,0.1519413742814222,0.903351522107462,False,False,14,1
"('INTERNAL', ('B0 + B1*i', 'sqrt(Abs(M0 + M1))'))",0.9296855945775483,0.9211662732885156,5.512048490360998e-05,3,1.5864829579865343,9.893152781383602,0.34006965821469115,0.9853785170359326,False,False,7,1
"('INTERNAL', ('B0 + B1*i', 'sqrt(Abs(M1 + sqrt(Abs(M0))))'))",0.9296855945775483,0.9091852671001154,0.00044633490897536953,3,1.3939286726879692,9.89330171299329,0.3319471525673622,0.9837733668746548,False,False,7,1
"('INTERNAL', ('M2*sqrt(Abs(M0 + M1))', 'sqrt(Abs(M0))'))",0.9296364585264588,0.6034864319955517,0.27374259760244146,3,1.1631566841174796,9.891252859621847,0.16508316168224765,0.9133658546679178,False,False,14,1
"('INTERNAL', ('B0*sqrt(Abs(M0 + M1))', 'M0*i + M1'))",0.9293764899459976,0.882412952950662,0.0017383482844933395,3,2.3417701682602967,9.89087456527268,0.314321970961256,0.9798607182675575,False,False,14,1
"('INTERNAL', ('M0*i - M1*i', 'sqrt(Abs(B0*M0 + B0*M1 + B0*M2))'))",0.9284966563412356,0.5993558601378,0.2702886457920029,3,1.709948658158762,9.891461337985863,0.16327113269157723,0.9120412283603367,False,False,14,1
"('INTERNAL', ('B0 + B1*M0 + B2*M1 + B2*M2', 'M0*M2 - M1*M2'))",0.9281110906370007,0.8884111508572977,0.0024530016772582536,3,2.354542202763303,9.8910961463808,0.3182096955490309,0.9807763575791286,False,False,10,1
"('INTERNAL', ('B0*M0 + B0*M1', 'B1 + i'))",0.9269664010637355,0.9197085420021821,4.155179097401744e-05,3,1.9962532391677135,9.89214067574725,0.33907333865417694,0.9851880474168467,False,False,7,1
"('INTERNAL', ('B0*M0 + B0*M1 + B1*M2', 'M0 - M1'))",0.9267539042487363,0.8899239054726664,0.0010211528186999331,3,2.8034913475066165,9.892208402740806,0.3191956581217232,0.9810037307026723,False,False,14,1
"('INTERNAL', ('B0*M4 + B1*M0*M3 + B1*M1*M3 + B1*M2*M3', 'B2*Abs(i)**(1/4)'))",0.9256354318345918,0.9130258856738912,0.00016072559204257443,3,1.6535199497153577,9.890751103187814,0.33453459363223753,0.9842977513801727,False,False,3,1
"('INTERNAL', ('B0*i', 'M0*M1 + M2 - M3 + i'))",0.9255642909544788,0.9070027456260199,0.0002795032477009219,3,1.8529846450789245,9.891283770362403,0.33048353547531495,0.9834712392204058,False,False,7,1
"('INTERNAL', ('B0*M0*M1 + B0*M2 + B1*M3', 'M0 + M1 - M2 + i'))",0.9255642909544788,0.8857373763601512,0.0012101227879301787,3,4.15552264036246,9.892140675891866,0.31647242693081823,0.980370977421149,False,False,14,1
"('INTERNAL', ('B0*i', 'B1*r + M0 - M1 + i'))",0.9255558916374165,0.9167420598956043,0.00023305088991892924,3,1.4926028188547085,9.891396304698588,0.33705277189137367,0.9847963087060397,False,False,3,1
"('INTERNAL', ('M0*M1', 'B0 + i'))",0.9251937230655088,0.7631644645101769,0.03432804874392426,3,2.3195555262054173,9.892381074702785,0.24353912231233532,0.9570642489557649,False,False,7,1
"('TERMINAL', ('i*s', 'B0 + i'))",0.9251937230655088,0.9251937230655088,0.0,3,0.9251937230655088,0.9251937230655088,0.3428340996645279,0.985897791226378,True,False,0,1
"('INTERNAL', ('B0*M0 + B0*sqrt(Abs(i))', 'M0'))",0.9249493952075855,0.899516192865956,0.0011515230835285153,3,2.6035331478035255,9.89046254774794,0.3254997077238689,0.9824121286415086,False,False,14,1
"('INTERNAL', ('B0*sqrt(Abs(-M0 + M1 + i))', 'B1*M0*M1*i - M2 + M3'))",0.9237999291940684,0.8783787962809044,0.0030468157709857644,3,2.035440324822356,9.890254455442806,0.3117265290008045,0.9792322561739769,False,False,6,1
"('INTERNAL', ('B0 + B1*i', 'M0 + M1'))",0.9236394227846475,0.9072811038821553,0.0002076132514944781,3,1.597348808483691,9.892172800606996,0.3306699339484362,0.9835099391272429,False,False,7,1
"('INTERNAL', ('B0*M0 + B0*M2 + B1*M1', 'B2 - r'))",0.9236394227846475,0.9206428782859418,2.6937836798169785e-05,3,1.963181649152687,9.892140675939396,0.3397116722700603,0.985310283394995,False,False,7,1
"('INTERNAL', ('B0*M0 + B1*M1 + B1*i', 'B2 - r'))",0.9236394227846475,0.9144891652433659,0.0002511816392153463,3,1.8085080207725923,9.891490432483613,0.33552443045735386,0.9844951007136179,False,False,7,1
"('INTERNAL', ('B0*M0 + B1*M1 + B1*M2 + B1*i', 'B2 - r'))",0.9236394227846475,0.9115077487549207,0.00044153254429064404,3,1.6388866920838132,9.892532144361056,0.33350999789716024,0.9840915793920462,False,False,3,1
"('INTERNAL', ('B0 + B1*M0 + B1*M1 + B1*i', 'B2 - r'))",0.9236394227846475,0.8998433622127627,0.0016987574962224268,3,1.4590781819837466,9.887554965871345,0.3257163282984413,0.9824591481679013,False,False,3,1
"('INTERNAL', ('B0 + B1*M0 + B2*i', 'B3 - r'))",0.9236394227846475,0.9236394227846475,0.0,3,1.241458904305658,9.890203743504173,0.34176516810865415,0.9856986005501593,False,False,3,1
"('INTERNAL', ('M0', 'M0 + i'))",0.9235217279813193,0.39627535019505195,0.22608815306462465,3,1.3573838040800168,9.888191123927768,0.08655804797847629,0.8348120176067505,False,False,14,1
"('INTERNAL', ('B0*i', 'M0*M3 - M1*M3 - M2*M3'))",0.9233055325892416,0.8658636604666686,0.007578130609269928,3,3.4061982914538937,9.889996295002158,0.30377149906435924,0.9772180720889035,False,False,7,1
"('INTERNAL', ('M0*i', 'B0 + M0*M1'))",0.9232207952915155,0.9017987941721417,0.0005065207094694284,3,1.7576835405383677,9.892449143736222,0.3270132625346467,0.9827387745692722,False,False,14,1
"('TERMINAL', ('B0*s', 'sqrt(Abs(B1 - r))'))",0.9231798069300212,0.9231798069300212,0.0,3,0.9231798069300212,0.9231798069300212,0.34144957573740514,0.9856394070384499,True,False,0,1
"('INTERNAL', ('B0*s', 'sqrt(Abs(-B1 + M0 + M1 + M2 - r))'))",0.9231798069300212,0.9170560475033072,0.00011250128633748927,3,1.7062401203927355,9.892957188469612,0.33726620027303295,0.9848380345714741,False,False,3,1
"('INTERNAL', ('B0*s', 'sqrt(Abs(M0 - M1))'))",0.9231798068096531,0.9140400048938078,0.0002506067753667351,3,1.3923464618926276,9.89271922550546,0.3352203584817681,0.9844346667768727,False,False,7,1
"('INTERNAL', ('B0*s', 'sqrt(Abs(M0 - M1 - M2 + r))'))",0.9231798068096531,0.8990479324865709,0.0007545457896176627,3,2.022860278009599,9.892719225506445,0.325189855811667,0.9823447151844135,False,False,7,1
"('INTERNAL', ('B0*s', 'sqrt(Abs(-M0 + M1 + M2 + M3 - r))'))",0.9231798068096531,0.9170560474631845,0.00011250128560038396,3,1.872882308626495,9.891458890319976,0.33726620024575354,0.9848380345661463,False,False,3,1
"('INTERNAL', ('-M0*M2 - M1*M2 + M2*sqrt(Abs(s))', 'M0'))",0.9231798066064608,0.6084257358795757,0.27774752401665115,3,1.9650889737035362,9.891268363623388,0.1672636592173202,0.9149370755929302,False,False,14,1
"('INTERNAL', ('B0*s', 'sqrt(Abs(M0))*sqrt(Abs(M1))*sqrt(Abs(M2))'))",0.9231798066064608,0.9170252747497019,2.8408696781896012e-05,3,1.911358665113852,9.891458890320434,0.33724527837557533,0.9848339479190065,False,False,7,1
"('INTERNAL', ('B0*M0', 'B1*M0*sqrt(Abs(i))'))",0.9231798066064608,0.8786526376864703,0.001647304508093086,3,1.6793883869594632,9.890939849846044,0.311902222846599,0.9792752378366975,False,False,14,1
"('INTERNAL', ('B0*s', 'B1*M0*sqrt(Abs(i))'))",0.9231798066064608,0.899406294000183,0.0016955397049225422,3,1.50440157766105,9.892092565753199,0.3254269670645182,0.9823963193255061,False,False,7,1
"('TERMINAL', ('B0*s', 'B1 + sqrt(Abs(i))'))",0.9231798065999278,0.9231798065999278,0.0,3,0.9231798065999278,0.9231798065999278,0.3414495755108299,0.9856394069958896,True,False,0,1
"('TERMINAL', ('B0*s', 'B1*sqrt(Abs(r))'))",0.9231798063804455,0.9231798063804455,0.0,3,0.9231798063804455,0.9231798063804455,0.3414495753601778,0.9856394069675909,True,False,0,1
"('INTERNAL', ('B0*M0', 'B1*M1*sqrt(Abs(M0))'))",0.9231798063804455,0.9103838092236874,0.0003056972958539651,3,4.426530271953546,9.892035331442923,0.33275298235212436,0.9839380075994246,False,False,14,1
"('INTERNAL', ('B0*M0', 'sqrt(Abs(M0 - M1 + r))'))",0.9231798062134223,0.8957631476677667,0.0022550194974272296,3,2.259380011407358,9.891613927862835,0.3230224109862295,0.981867951928377,False,False,14,1
"('INTERNAL', ('B0*s', 'sqrt(Abs(B1 - M0 + r))'))",0.9231798062134223,0.9109322879179723,0.00011250127829803705,3,1.1723114008376136,9.891458890319976,0.3331222405647517,0.984013049392435,False,False,3,1
"('TERMINAL', ('B0*s', 'sqrt(Abs(B1 + r))'))",0.9231798062134223,0.9231798062134223,0.0,3,0.9231798062134223,0.9231798062134223,0.3414495752455335,0.985639406946056,True,False,0,1
"('INTERNAL', ('B0*s', '-M0 + sqrt(Abs(i))'))",0.9231797937944715,0.9170560261898681,0.00011250089641062156,3,1.172311401450765,9.892719224671492,0.3372661857820261,0.9848380317412345,False,False,7,1
"('INTERNAL', ('B0 + B1*M0 + B1*M1 + B2*i', '-M0*M1 + M1*sqrt(Abs(i))'))",0.9226960125355914,0.895213782393047,0.0010231401750541453,3,2.024222347058036,9.89199778121917,0.32266095807480577,0.9817875550246177,False,False,10,1
"('INTERNAL', ('B0*M2 + B1*sqrt(Abs(M0 + M1))', 'M0'))",0.9226544543012927,0.9071158532208652,0.0003019570667481479,3,4.960336606512328,9.89109456199109,0.3305592667635547,0.9834869703459772,False,False,14,1
"('INTERNAL', ('B0*M0 + B1*i + B2*s', 'M0 + M1 - M2'))",0.9226337161021491,0.9015526508201335,0.0010710578092123534,3,2.411504926309325,9.892380951726054,0.32684979788604523,0.9827037081780774,False,False,10,1
"('INTERNAL', ('B0*i + B1*s', 'B2*M0 + M1 - M2 + i'))",0.9226337161021491,0.9198584457601044,5.864892903748869e-06,3,1.6503092175804686,9.892421070856232,0.33917568973853607,0.9852076958415431,False,False,3,1
"('INTERNAL', ('B0*sqrt(Abs(s))', '-M1 + sqrt(Abs(M0))'))",0.9222848672864015,0.9161315935135067,0.00011315552107770951,3,2.0335315488615056,9.891391582294467,0.33663811268713884,0.9847150060578118,False,False,7,1
"('INTERNAL', ('B0*sqrt(Abs(s))', 'B1 + sqrt(Abs(M0))'))",0.9222613911966722,0.8981217296152518,0.0007547468694272513,3,1.1708548808921964,9.892655214969583,0.32457762260346973,0.9822109685058977,False,False,7,1
"('TERMINAL', ('B0*sqrt(Abs(s))', 'B1 + sqrt(Abs(i))'))",0.9222613911966722,0.9222613911966722,0.0,3,0.9222613911966722,0.9222613911966722,0.3408196288151914,0.985520726375887,True,False,0,1
"('INTERNAL', ('B0*sqrt(Abs(s))', 'sqrt(Abs(M1 + sqrt(Abs(M0))))'))",0.9222539026927735,0.9130920854527018,0.00025027248177144664,3,4.199368414964622,9.890103926351827,0.3345793264510423,0.9843067087036304,False,False,7,1
"('INTERNAL', ('B0*sqrt(Abs(s))', 'sqrt(Abs(B1 - M0 - M1 + i))'))",0.9222494359133512,0.910116308131949,0.000441638369279503,3,4.307808977308897,9.892656680395143,0.332573002154657,0.9839013399677499,False,False,3,1
"('INTERNAL', ('B0*sqrt(Abs(s))', 'sqrt(Abs(-B1 + M0 + r))'))",0.9222494359133512,0.9099992885816555,0.00011254958223618958,3,1.2390555619711667,9.891393363370835,0.33249429216898885,0.9838852853969873,False,False,3,1
"('INTERNAL', ('B0*sqrt(Abs(M0*M2 - M1*M2 + M3))', '-M0 + i*r + i'))",0.9222348851187996,0.8808088811939405,0.0019726300611073383,3,1.7759696545895352,9.8868815972277,0.313288119164277,0.9796120437918141,False,False,6,1
"('INTERNAL', ('B0*sqrt(Abs(s))', 'M0*r'))",0.9222348851187996,0.8749780149577079,0.002333754212511453,3,1.2390105465049026,9.892655701120571,0.30955048918328093,0.978694580719632,False,False,7,1
"('TERMINAL', ('B0*sqrt(Abs(s))', 'i*r'))",0.9222348851187996,0.9222348851187996,0.0,3,0.9222348851187996,0.9222348851187996,0.34080146152422636,0.9855172932840132,True,False,0,1
"('INTERNAL', ('sqrt(Abs(M0 + M1))', 'B0*r'))",0.9222233860326079,0.3074077953442026,0.2834986579151495,3,1.3442939766327233,9.802432545509877,0.060431716365203725,0.7932253115453158,False,False,7,1
"('INTERNAL', ('sqrt(Abs(B0*s - M0 + M1))', 'B1*r'))",0.9222233860326079,0.6148155906884053,0.2834986579151495,3,1.3528975486346253,9.890132556428862,0.17010672284713,0.916949106768389,False,False,3,1
"('INTERNAL', ('B0*sqrt(Abs(s))', 'B1*r + M0'))",0.9222233860326079,0.9160740565018469,2.8361110060488228e-05,3,1.1707946277023502,9.892028819386201,0.33659905083195113,0.9847073311096766,False,False,7,1
"('INTERNAL', ('M0*sqrt(Abs(s))', 'M0'))",0.922217132437243,0.8757607071834768,0.002219769814133848,3,2.492295515551685,9.884812430867997,0.3100503467028713,0.9788189655542456,False,False,14,1
"('INTERNAL', ('B0*M1*sqrt(Abs(M0))', 'i'))",0.922217132437243,0.9142126989410019,7.664999443015707e-05,3,5.406999781433502,9.89198282934928,0.3353372437925331,0.9844579175603491,False,False,7,1
"('INTERNAL', ('M2*sqrt(Abs(M0 + M1))', 'M0'))",0.9222160182825582,0.8781438339372406,0.0014715262386058672,3,4.73254150063916,9.89013239271067,0.3115758358434071,0.9791953396260972,False,False,14,1
"('INTERNAL', ('B0*M0', 'sqrt(Abs(M0))*sqrt(Abs(r))'))",0.9222160182825582,0.9015675546754292,0.0008352697620755946,3,5.3947111183771534,9.891422534446633,0.3268596938579001,0.9827058325122199,False,False,14,1
"('INTERNAL', ('B0*s + B0*sqrt(Abs(M0)) + B1*M1', 'B2 + i'))",0.9222091807567198,0.9062529677924611,0.0004590887235440111,3,1.5035601252412398,9.892653971124764,0.32998185072514996,0.9833667559798975,False,False,3,1
"('INTERNAL', ('B0*sqrt(Abs(s))', 'B1 - M0 + M1'))",0.9222091807567198,0.9100085527981182,0.00019390992791103534,3,1.6476068491543496,9.892653971124764,0.33250052297610955,0.9838865567209308,False,False,7,1
"('INTERNAL', ('B0*sqrt(Abs(s))', 'sqrt(Abs(B1 + M0 - M1))'))",0.922201054030404,0.916102946277668,0.00011148392344187169,3,4.307808977308897,9.892653191987142,0.33661866365605125,0.9847111850206607,False,False,7,1
"('INTERNAL', ('B0*sqrt(Abs(s))', 'sqrt(Abs(B1 + M0 - M1 - M2))'))",0.922201054030404,0.9042106527169411,0.0009707369198580214,3,4.278497621862981,9.892653191987142,0.3286182120513405,0.9830803629349639,False,False,7,1
"('INTERNAL', ('B0*sqrt(Abs(s))', 'sqrt(Abs(M0 + M1))'))",0.9221976047967511,0.9099678792882661,0.00011217473998374739,3,4.199368414964622,9.892654457659031,0.33247316796903026,0.9838809747130883,False,False,7,1
"('INTERNAL', ('B0*sqrt(Abs(s))', 'B1*M0*i - M1 + M2'))",0.9221942719508919,0.90409413499124,0.0005686823101270706,3,1.5915920643857848,9.892027649062914,0.32854054146792827,0.9830639446755856,False,False,3,1
"('INTERNAL', ('B0*sqrt(Abs(s))', 'B1*i - M0 + M1'))",0.9221942719508919,0.9160600443572169,2.8221816216551297e-05,3,1.3944472509646346,9.892028515631528,0.33658953851761364,0.9847054616931215,False,False,3,1
"('INTERNAL', ('B0*sqrt(Abs(s))', 'B1*i + M0'))",0.9221942719508919,0.9221942719508919,0.0,3,1.170748471431809,9.892028064515499,0.34077362667600636,0.9855120321699709,False,False,3,1
"('TERMINAL', ('B0*sqrt(Abs(s))', 'B1*i'))",0.9221942719508919,0.9221942719508919,0.0,3,0.9221942719508919,0.9221942719508919,0.34077362667600636,0.9855120321699709,True,False,0,1
"('TERMINAL', ('B0*i*Abs(s)**(1/4)', 'i'))",0.9210851319005156,0.9210851319005156,0.0,3,0.9210851319005156,0.9210851319005156,0.3400141409353263,0.9853679501482026,True,False,0,1
"('INTERNAL', ('M0*M1*M2*M3', 'B0*i**2'))",0.9208845509246145,0.8835102378942313,0.0010619766454970086,3,4.004052749120292,9.89206165969284,0.3150305997089113,0.9800299017033172,False,False,7,1
"('INTERNAL', ('B0*M0', 'sqrt(Abs(M0))*sqrt(Abs(M1))'))",0.9201851585737142,0.8705987017292622,0.002078783429748448,3,5.182099700397338,9.892048829022366,0.306764205398488,0.9779915869426591,False,False,14,1
"('INTERNAL', ('B0*i + B1*s', 'B2 - M0 + 2*i'))",0.9201034604205985,0.9121433322102661,0.00014773066569761178,3,1.1674361461894263,9.892381074702785,0.33393866484202656,0.9841780718661114,False,False,3,1
"('TERMINAL', ('B0*i + B1*s', 'B2 + 2*i'))",0.9201034604205985,0.9201034604205985,0.0,3,0.9201034604205985,0.9201034604205985,0.33934303181088754,0.9852397803194957,True,False,0,1
"('INTERNAL', ('B0*M0 + B1*i + B2*s', 'B3 + M0 + M1 - M2 + i'))",0.9201034604205985,0.9098148197291187,8.65184505249442e-05,3,4.708324874786624,9.893629046316095,0.3323702428695274,0.9838599595867581,False,False,6,1
"('INTERNAL', ('M0 - M1 - M2 + M3', 'i'))",0.919447534799547,0.3070743365945492,0.2812514884877179,3,1.477506242827441,9.886292666766954,0.06034222237472962,0.7930596593970661,False,False,7,1
"('INTERNAL', ('-M0*M1 - M2 - M3 + M4 + i', 'i'))",0.919447534799547,0.5965014891652842,0.26747037782633143,3,1.3590013252181625,9.891242598753525,0.16202503023421086,0.9111201883901588,False,False,3,1
"('INTERNAL', ('B0 + B1*sqrt(Abs(i))', 'sqrt(Abs(B2 + B3*M0))'))",0.918941897837297,0.9102032091406963,5.727351010207151e-05,3,1.165597970497133,9.892391389745358,0.33263146284927,0.9839132568332153,False,False,7,1
"('TERMINAL', ('B0 + B1*sqrt(Abs(i))', 'sqrt(Abs(B2 + B3*i))'))",0.918941897837297,0.918941897837297,0.0,3,0.918941897837297,0.918941897837297,0.33855026244356573,0.9850873393139229,True,False,0,1
"('INTERNAL', ('B0*M0 + B1*i + B2*s', 'M0 - M1 + i'))",0.9187679617293699,0.9109357285275181,0.0001704206838236827,3,2.3093115204522077,9.892036555645072,0.33312455790233847,0.9840135195327033,False,False,10,1
"('INTERNAL', ('B0*i + B1*s', 'M0*M1 + M2 - M3 + i'))",0.9187679617293699,0.89879617230266,0.0011664130668294322,3,1.8244539855609578,9.891586565196722,0.32502335426684575,0.9823084134685028,False,False,7,1
"('INTERNAL', ('B0 + B1*sqrt(Abs(i))', 'sqrt(Abs(B2 - M0*M1))'))",0.9186116218644428,0.9183422268564935,2.1772101092395725e-07,3,1.3816696362966898,9.89241081552617,0.3381415440751544,0.98500830716007,False,False,7,1
"('INTERNAL', ('B0*M1 + B1*M0*i + B1*s', 'M0 - M1'))",0.9182595354263167,0.8942573382328405,0.000447366255217423,3,2.6072995466607676,9.889456099032188,0.3220323785716816,0.9816471327549658,False,False,10,1
"('INTERNAL', ('B0*M0 + B0*s', 'B1 + i'))",0.9181736594487943,0.9075420770629129,0.00023911627551256347,3,1.8504538628721827,9.893338599164949,0.3308447625827491,0.98354617776144,False,False,7,1
"('INTERNAL', ('B0*i + B1*s', 'M0 + M1 - M2 + i'))",0.9181736594487943,0.9144435846723056,4.1740373514590165e-05,3,1.9670319412717079,9.891924771576102,0.335493563796489,0.9844889736967928,False,False,7,1
"('INTERNAL', ('B0*M2 + B1*M0*M1 + B1*i', 'i'))",0.9181718494223419,0.9091666866051872,0.00024327887209039608,3,1.8620140791577071,9.890487567167876,0.3319346717451752,0.9837708074072538,False,False,3,1
"('INTERNAL', ('B0*M1 + B1*M0*s', 'i'))",0.9181718494223419,0.8962361531555466,0.00036771905720472486,3,1.888767357750872,9.890752935217844,0.32333386192321195,0.9819370223669532,False,False,7,1
"('INTERNAL', ('B0*M0 + B0*i + B0*s', 'i'))",0.9181718494223419,0.9181718494223419,0.0,3,1.3270677006653706,1.8107796274650867,0.33802548900128565,0.9849858113732765,False,False,3,1
"('INTERNAL', ('B0*M4 + B1*M0*M3 + B1*M1*M3 + B1*M2*M3', 'Abs(M0)**(1/8)*Abs(M1)**(1/4)*Abs(M2)**(1/4)'))",0.9177350801957387,0.8849731640106289,0.0008812089063619781,3,2.107360850630377,9.889568501818179,0.31597714818915584,0.9802542912260229,False,False,10,1
"('INTERNAL', ('B0 + B1*M0 + B1*M1 + B2*i', 'M0*M1 - M1*i + M1*sqrt(Abs(i))'))",0.9177350801957387,0.8978364950353378,0.0010132010743681356,3,1.7370496497237018,9.891417027098944,0.32438925031139576,0.982169671325028,False,False,6,1
"('INTERNAL', ('B0 + B1*M0 + B2*i', 'M0*M1 - M1*i + M1*sqrt(Abs(i))'))",0.9177350801957387,0.8829092001977632,0.0010781867690671924,3,1.5804526038293734,9.889568506114125,0.3146423062772655,0.9799373246336016,False,False,6,1
"('INTERNAL', ('B0 + B1*M0 + B2*i', 'M0*sqrt(Abs(i))'))",0.9177350801957387,0.9139606603187174,1.0684684056040006e-05,3,1.3836510423219077,9.89214066241616,0.3351666657396564,0.984423977871277,False,False,6,1
"('INTERNAL', ('B0 + B1*i', 'M0*sqrt(Abs(i))'))",0.9177350801957387,0.915678087975217,3.173412746465013e-06,3,1.163689689244891,9.89214066241616,0.33633032200150587,0.9846544557466236,False,False,3,1
"('TERMINAL', ('B0 + B1*i', 'B2*sqrt(Abs(i))'))",0.9177350801957387,0.9177350801957387,0.0,3,0.9177350801957387,0.9177350801957387,0.3377281170687261,0.9849280590413005,True,False,0,1
"('INTERNAL', ('M0*i - M1', 'M0 - M1'))",0.9175096845268725,0.5977669540608089,0.268429106979246,3,1.4795486249976364,9.888224737764492,0.16257686917506037,0.9115290972943951,False,False,14,1
"('INTERNAL', ('B0 + B1*i', 'B2 + M0'))",0.9175096845268725,0.9175095204819013,2.0183064438745824e-14,3,1.3997490931339662,9.89278008864062,0.33757462466312144,0.9848981870990665,False,False,7,1
"('INTERNAL', ('B0 + B1*i', 'M0'))",0.9175096845268725,0.8817587378321701,0.0009662087416235086,3,0.0,9.900000000000002,0.31390002299874586,0.9797594912046814,False,False,0,3
"('INTERNAL', ('B0*M0 + B0*i', 'M0'))",0.9160781450922598,0.8843721830501611,0.0018570423752060103,3,3.648886385123891,9.891984252232865,0.3155880512934292,0.9801622721636821,False,False,14,1
"('INTERNAL', ('B0 + B1*i', 'sqrt(Abs(M0))'))",0.9160781450922598,0.8976627273970262,0.0005080622217468938,3,1.767904320402572,9.892238354980137,0.3242745317107114,0.9821444876711498,False,False,7,1
"('INTERNAL', ('M0 - M1', 'sqrt(Abs(i))'))",0.9160781450922598,0.5996714983029008,0.26997902405616053,3,1.1321444613842242,9.88897412865232,0.1634092320099736,0.9121427926843516,False,False,7,1
"('INTERNAL', ('M0 - M1 - M2', 'sqrt(Abs(i))'))",0.9160781450922598,0.46955306824363097,0.21019750826968514,3,1.1340593723103511,9.751886116991583,0.11149102630490804,0.8654475026353886,False,False,7,1
"('INTERNAL', ('B0 - M0 + i', 'sqrt(Abs(i))'))",0.9160781450922598,0.3078449446927042,0.2774746201038724,3,1.3216043097141872,9.823422238729458,0.0605491363283024,0.7934423616743184,False,False,7,1
"('INTERNAL', ('B0 - M0*M1 + i', 'sqrt(Abs(i))'))",0.9160781450922598,0.6259768114265307,0.25247635138390406,3,1.2738567986237546,9.892238354980137,0.17513319095280797,0.9204077192473347,False,False,7,1
"('INTERNAL', ('B0 - M0*i + i', 'sqrt(Abs(i))'))",0.9160781450922598,0.6107187633948399,0.2797330559718918,3,1.228417534364712,9.764074638312735,0.16828101769551373,0.9156617778010586,False,False,3,1
"('INTERNAL', ('M0 + M1', 'M0 + i'))",0.9159653810699648,0.5955461499990118,0.26651926096879647,3,1.3286385884446885,9.891748890248492,0.1616090744797972,0.9108108862206435,False,False,14,1
"('INTERNAL', ('B0*M0', 'M0*M1 + M2'))",0.9155580777023928,0.9008249607196958,0.00016809794597046974,3,4.441118381878446,9.892793635495694,0.3263668918188783,0.9825998166006653,False,False,14,1
"('INTERNAL', ('M1*sqrt(Abs(M0))', 'i'))",0.9155580777023928,0.8837533249860107,0.0016542364763351936,3,5.406999781433502,9.891462698370592,0.31518774119601933,0.980067280013307,False,False,7,1
"('INTERNAL', ('-M0*i - M1 - M2 + M3 + i', 'i'))",0.9155580777023928,0.5849604719748067,0.25808699920565126,3,1.3355158359539614,9.88734546929958,0.1570370728595974,0.9073488702902497,False,False,3,1
"('INTERNAL', ('B0*M0 + B0*M2 + B0*M3 + B1*M1', 'i'))",0.9155580777023928,0.9152552421762344,2.7512806771095634e-07,3,4.980796186289938,9.892202827171399,0.33604353376022555,0.9845978823604887,False,False,7,1
"('INTERNAL', ('B0 + B1*sqrt(Abs(i))', 'sqrt(Abs(-M0 + M1 + M2))'))",0.9155516215294616,0.8830871428781464,0.0008744877914225517,3,2.180550067500146,9.891346466012559,0.3147572281866845,0.9799647564287437,False,False,7,1
"('INTERNAL', ('B0 + B1*sqrt(Abs(i))', 'sqrt(Abs(B2 - M0 - M1 + i))'))",0.9155516215294616,0.895366568932205,0.001066563669424916,3,1.8067746824168422,9.892202385856683,0.3227614535494742,0.9818099335743332,False,False,3,1
"('INTERNAL', ('B0*M0*M1 + B0*M1*s', 'B1*i**2'))",0.9151454426460047,0.8991491095044022,0.0006743143704825287,3,1.510326471400337,9.892035331442678,0.3252567869991578,0.9823592928624354,False,False,3,1
"('INTERNAL', ('B0*M0', '-M1 + sqrt(Abs(M0))'))",0.915136858988298,0.890555330887967,0.0004625721384540723,3,4.096046434460147,9.892140664754566,0.3196078569063866,0.9810982128327953,False,False,14,1
"('INTERNAL', ('B0*M0 + B1*M1 + B2*s', 'B3 + M0 + M1 - M2 + i'))",0.9146497892249414,0.9125370317431163,1.3391230317414196e-05,3,4.5698626301774885,9.892381074702785,0.33420440379802907,0.984231520424657,False,False,6,1
"('INTERNAL', ('B0 + B1*s', 'M0*M1'))",0.9146497885946334,0.8876937986929025,0.0005642686659961482,3,1.3666468428482033,9.892140662094272,0.31774292375381946,0.9806680361982852,False,False,7,1
"('TERMINAL', ('B0 + B1*s', 'B2*i'))",0.9146497885946334,0.9146497885946334,0.0,3,0.9146497885946334,0.9146497885946334,0.33563322009367086,0.9845166815498856,True,False,0,1
"('INTERNAL', ('M0*M3*M4 + M1*M3*M4 + M2*M3*M4', 'M0*M1'))",0.9146497885946334,0.9025359889666582,0.00040035300974684135,3,2.0823656084451243,9.888822404967412,0.3275032003322331,0.982843570174503,False,False,14,1
"('INTERNAL', ('B0*M0 + B1*M1', 'B2 + i'))",0.9146497864833953,0.8956456241904012,0.0005359328587757079,3,0.0,9.900000000000002,0.32294506180153354,0.9818507688538128,False,False,0,3
"('INTERNAL', ('B0 + B1*M0 + B1*M1 + B2*i', '-M0*M2 + M1*M2 + M2*sqrt(Abs(i))'))",0.9146497832542156,0.8991566951387288,0.00034389868139784806,3,1.8877339350627276,9.89214066241616,0.32526180550158107,0.9823603855487797,False,False,10,1
"('INTERNAL', ('B0*M0 + B0*M1 + B1*M2', 'M0'))",0.9146497777374795,0.8727699838350369,0.0022196531707502965,3,4.925984876553549,9.89248592241606,0.3081434324716225,0.9783416260505182,False,False,14,1
"('INTERNAL', ('B0 + B1*s', 'M0*i'))",0.9146496080926821,0.8968078871694593,0.0009549810165065037,3,1.1588180298288409,9.892140675831014,0.3237106160022465,0.9820203223376975,False,False,7,1
"('INTERNAL', ('B0*M2 + B1*M3 + B2*M0*M1', 'r'))",0.9146496078245117,0.904337681519709,9.612992907789571e-05,3,2.054919934355055,9.891009184288109,0.3287029049515575,0.9830982525694443,False,False,3,1
"('INTERNAL', ('B0 + B1*M0 + B1*i', 'r'))",0.9146496078245117,0.9146496078245117,0.0,3,1.3203695250600123,1.8068997182673947,0.33563309764356974,0.9845166572713223,False,False,3,1
"('INTERNAL', ('B0 - M0*M1', 'r'))",0.9146496078245117,0.8942407605091853,0.0012495625027490423,3,4.784558870477002,9.890727666108335,0.32202149155049237,0.9816446938084885,False,False,7,1
"('INTERNAL', ('B0*sqrt(Abs(M0)) + B1*i', 'r'))",0.9146496078245117,0.8994036446440584,0.00018507866845956516,3,1.756445238284922,9.891506566052989,0.32542521363816984,0.9823959381132907,False,False,7,1
"('INTERNAL', ('B0*i + B1*sqrt(Abs(M0 + M1))', 'r'))",0.9146496078245117,0.8966539485824433,0.0005609144011262094,3,1.5920401051228419,9.888909831551231,0.3236091436743643,0.9819979141013048,False,False,3,1
"('INTERNAL', ('B0*M1 + B1*M2 + B2*M0*s', 'r'))",0.9146495973148216,0.9043376780166114,9.612982069912614e-05,3,1.9180189241547942,9.890773694167354,0.32870290261574014,0.9830982520762381,False,False,3,1
"('INTERNAL', ('B0*M0 + B1*M1 + B2*s', 'r'))",0.9146495973148216,0.8906223502572171,0.0004329814508753703,3,1.7759636597682777,9.88956849271863,0.3196516303633443,0.9811082264967386,False,False,3,1
"('INTERNAL', ('B0*sqrt(Abs(M0)) + B1*s', 'r'))",0.9146495973148216,0.8948256259097196,0.0005224808655482609,3,1.2259624567671206,9.892140662789469,0.32240575127622234,0.9817306361779055,False,False,7,1
"('INTERNAL', ('B0 + B1*M0*s', 'r'))",0.9146495973148216,0.9052192102612394,0.00026679659994111607,3,1.3203695051077995,9.893267151732708,0.32929108966530035,0.9832221201351526,False,False,3,1
"('INTERNAL', ('B0 + B1*M0 + B1*M2 + B2*M1', 'i'))",0.9146495711239175,0.9073333021262765,4.3921662297191985e-05,3,5.0465966836854825,9.891242598753525,0.3307048965299186,0.9835171907805068,False,False,3,1
"('INTERNAL', ('B0 + B1*M0 + B1*M1 + B2*s', 'i'))",0.9146495711239175,0.9086287331163866,2.718786773469735e-05,3,5.123580152200675,9.880619363372853,0.331573473136791,0.983696610056348,False,False,3,1
"('INTERNAL', ('B0*M0', 'M1 + sqrt(Abs(M0))'))",0.9146495592982073,0.8834139822351654,0.0007436619075417984,3,4.5770281177784495,9.891972367432338,0.3149683916844027,0.9800150907409243,False,False,14,1
"('INTERNAL', ('B0*M0 + B0*M1 + B0*M2', 'M0'))",0.9146495415078651,0.8986263726463045,0.00022658287784382825,3,5.044858731724475,9.893720226779852,0.32491109293885956,0.9822839073202698,False,False,14,1
"('INTERNAL', ('B0*M2 + B1*M0*M1', 'Abs(M0)**(1/4)*Abs(M1)**(1/4)*Abs(M2)**(1/4)'))",0.9146495280649094,0.8477903574675698,0.005720067331608536,3,2.3664818451187832,9.891029202956272,0.29253444746178653,0.9741379128141923,False,False,14,1
"('INTERNAL', ('B0*Abs(M0 + M1)**(1/4)', 'M0'))",0.9141273229120545,0.8493364534509071,0.003360878670984245,3,1.623413537467331,9.890721147830376,0.29348440506075457,0.9744093014277635,False,False,14,1
"('INTERNAL', ('B0*s', '-M0 + r'))",0.9139480088547393,0.89883709693206,0.00019131441624230141,3,0.0,9.900000000000002,0.3250504154650999,0.9823143171651644,False,False,0,3
"('INTERNAL', ('B0*s', 'M0 - M1 + M2 + M3'))",0.9139480088538859,0.9139480086763567,2.3637478566849312e-20,3,5.179898452218926,9.890818464876507,0.3351581049364403,0.9844222731388124,False,False,7,1
"('INTERNAL', ('B0*s', 'B1 + M0 - M1 + r'))",0.9139480088538859,0.9139480087460724,1.9653457885976824e-20,3,1.783115406873282,9.893338599145487,0.3351581049836135,0.9844222731482064,False,False,7,1
"('INTERNAL', ('B0*s', 'B1 - M0 + i + 2*r'))",0.9139480088538859,0.9078854869767968,0.00011026250968731496,3,1.2247577322473984,9.892092566011332,0.33107492243352676,0.9835937982871956,False,False,3,1
"('INTERNAL', ('B0*sqrt(Abs(M0))', 'M0*i + M1'))",0.9139480088528302,0.8760798475598238,0.0014381952702468242,3,2.421915122395523,9.890746318374758,0.3102543264241796,0.978869573563191,False,False,14,1
"('INTERNAL', ('B0*M0', 'B1 + B2*i'))",0.9139480088528302,0.9020807928301672,0.0004224924483856497,3,1.1577113130233982,9.889549004703712,0.3272006136073666,0.9827789022680659,False,False,3,1
"('TERMINAL', ('B0*s', 'B1 + B2*i'))",0.9139480088528302,0.9139480088528302,0.0,3,0.9139480088528302,0.9139480088528302,0.335158105055851,0.9844222731625918,True,False,0,1
"('INTERNAL', ('B0*s', 'B1*M1 - M0*M1 - M1*r'))",0.913948008800078,0.8958512289670761,0.0002456200802431056,3,1.3689694993911163,9.889518413198209,0.32308039146235673,0.9818808245935653,False,False,7,1
"('INTERNAL', ('B0*s', 'B1*M0 - M0*r'))",0.913948008800078,0.9018229649998463,0.00011026251536815367,3,1.1577113129402263,9.890818464875716,0.32702931774491273,0.9827422159736833,False,False,3,1
"('TERMINAL', ('B0*s', 'B1 + B2*r'))",0.913948008800078,0.913948008800078,0.0,3,0.913948008800078,0.913948008800078,0.33515810502015614,0.9844222731554835,True,False,0,1
"('INTERNAL', ('B0*s', '-M0 + M1 + M2 + i'))",0.9139480080125909,0.9018229642074631,0.00011026251545720177,3,5.392076816667061,9.89271922548682,0.32702931721857115,0.9827422158608711,False,False,7,1
"('INTERNAL', ('B0*s', 'M0 + 2*i - 2*r'))",0.9139479786615478,0.9019435892762273,0.00043231609354318196,3,1.1577112654223463,9.889518413197873,0.3271094498848431,0.9827593847850076,False,False,3,1
"('INTERNAL', ('B0*M0', 'sqrt(Abs(M0 + r))'))",0.9139479586906324,0.8890286854060682,0.0005704580686788917,3,2.3564644212528516,9.892467478333696,0.3186119159251457,0.9808693484784359,False,False,14,1
"('INTERNAL', ('B0*M1 + B1*M0*M1 + B2*M1*s', 'B3*M0 + B4*i'))",0.9135172474806295,0.8839739876354112,0.0007382159438930253,3,1.3996309750846003,9.89201821620669,0.31533043546740125,0.980101178263707,False,False,10,1
"('INTERNAL', ('M0*M2*M3 + M1*M2*M3 + M2*M3*s', 'M0*i'))",0.9135172474802811,0.8606881022574734,0.004265226001812786,3,1.8695670165961422,9.890728289673696,0.3005237456743322,0.9763566763561479,False,False,14,1
"('INTERNAL', ('M0*M1*M2 + 2*M1*M2*s', 'B0*i'))",0.9135172474802811,0.8192381341297562,0.006810035635037811,3,1.5932917028288134,9.890788263171125,0.2753587609070331,0.9688623787274256,False,False,3,1
"('INTERNAL', ('B0*M0*M2 + B1*M1*M2', 'M0*M1'))",0.9135172474802811,0.907368081209931,0.00010980652540416866,3,2.3387481211626535,9.89077369416722,0.33072819323554076,0.9835220215220101,False,False,14,1
"('INTERNAL', ('B0*M1 - M0*M1 + M1*sqrt(Abs(s))', 'B1 + M0 - M1'))",0.9133171572888134,0.8666720907696134,0.003265166738894332,3,1.7221980699864017,9.890118344889137,0.30428100054688695,0.9773511229034972,False,False,10,1
"('INTERNAL', ('B0*M1 - M0*M1 + M1*sqrt(Abs(s))', 'B1 + M0*i - M1'))",0.9133155925987773,0.8986675048278283,0.00023508420026227393,3,1.6811167478237952,9.891268364863267,0.3249382844312264,0.9822898453372682,False,False,10,1
"('INTERNAL', ('-M0*M2 - M1*M2 + M2*sqrt(Abs(s))', 'M0 - M1'))",0.9133135729210673,0.8630963363675664,0.0020612039182874788,3,1.8478411522542708,9.890766065200715,0.30203193667469247,0.9767595577965198,False,False,14,1
"('INTERNAL', ('B0*M2*M3 - M1*M2*M3 + M2*M3*sqrt(Abs(M0))', 'i'))",0.9133091825895764,0.878162664595565,0.0009267667366027891,3,1.6479226285015875,9.88939828633713,0.3115879109756512,0.9791982995090509,False,False,3,1
"('INTERNAL', ('B0*M1*M2 - M0*M1*M2 + M1*M2*sqrt(Abs(s))', 'i'))",0.9133091825895764,0.865186474868765,0.005261693507448696,3,1.4939749524257866,9.886982046963807,0.3033451713183796,0.9771063091861215,False,False,3,1
"('INTERNAL', ('B0*M1 - M0*M1 + M1*sqrt(Abs(s))', 'B1 - M0 + i*r'))",0.913302964761008,0.8708019569947061,0.0014901488713833337,3,1.5269151299066868,9.888875231390468,0.3068931309077772,0.9780244787593028,False,False,6,1
"('INTERNAL', ('B0*M2 + B1*M0*M1', 'Abs(M0)**(1/4)*Abs(M1)**(1/4)'))",0.9131612291498188,0.8956968577588033,0.00028555040440816,3,3.5732844796181364,9.892140658045946,0.3229787799815804,0.9818582607640277,False,False,14,1
"('INTERNAL', ('B0*M2 + B1*M0*M1 + B1*M1*i + B1*M1*s', 'B2*Abs(i)**(1/4)'))",0.9131612291498188,0.8686419601229077,0.0018732373265993585,3,1.4975714271990797,9.886085853068996,0.30552498453891563,0.9776736230969091,False,False,3,1
"('INTERNAL', ('B0*M0 + B1*i + B2*s', 'B3*Abs(i)**(1/4)'))",0.9131612291498188,0.9131612291498188,0.0,3,1.2014200489558506,9.892038536418998,0.3346260534065866,0.9843160614166,False,False,3,1
"('INTERNAL', ('B0*M0 + B1*i + B2*s', 'M0 - M1'))",0.9131367962676311,0.8989430674500232,0.0001722730381402161,3,2.5357545011009712,9.892381074702785,0.32512049566989304,0.9823295993545726,False,False,10,1
"('INTERNAL', ('B0*M3 + B1*M0*M2 + B1*M1*M2 + B1*M2*i', 'B2*Abs(i)**(1/4)'))",0.9131183176474087,0.6044664404501026,0.27407595047891403,3,1.6533392690180873,9.892010292981604,0.165514607599079,0.9136787059155874,False,False,3,1
"('INTERNAL', ('B0*M0', 'M0*M1 + M1*r'))",0.9131146030398292,0.864350613939458,0.004896172609008222,3,2.258319867834402,9.891632379550398,0.3028195236897973,0.9769679660639392,False,False,14,1
"('INTERNAL', ('B0*M3 + B1*M0*M2 + B1*M1*M2', 'Abs(M0)**(1/8)*Abs(M1)**(1/4)*Abs(M2)**(1/4)'))",0.913114603039761,0.8466813121892475,0.0043477520080131,3,2.212601913756495,9.890970036780951,0.2918543094593421,0.97394233313643,False,False,14,1
"('TERMINAL', ('B0*s + B1*i*s', 'r'))",0.9131146030397076,0.9131146030397076,0.0,3,0.9131146030397076,0.9131146030397076,0.33459454317558235,0.9843097548723927,True,False,0,1
"('INTERNAL', ('B0*M0*s', 'M0'))",0.9131146030394983,0.8978262795610817,0.00019141443582245532,3,5.605432366464303,9.892113208525263,0.32438250539018215,0.9821681913491489,False,False,14,1
"('INTERNAL', ('B0*M0*M2 + B1*M1*M2', 'M0'))",0.9131146030392019,0.9040627527990356,0.000245807978024134,3,4.887757579363303,9.89204933169907,0.3285196244808032,0.983059521221206,False,False,14,1
"('INTERNAL', ('M0*M3*M4 + M1*M3*M4 - M2*M3*M4', 'i'))",0.9131146030389924,0.8896995603031905,0.00050908203221462,3,2.994581295401416,9.890487567167876,0.31904929734383114,0.9809701011594114,False,False,7,1
"('INTERNAL', ('M0*M4*M5 + M1*M4*M5 + M2*M4*M5 - M3*M4*M5', 'i'))",0.9131146030389924,0.8596332565318826,0.0029433774657127297,3,2.911909753549727,9.888457212809598,0.29986477933523137,0.9761790760869724,False,False,7,1
"('TERMINAL', ('B0*s + B1*s**2', 'i'))",0.9131146030389924,0.9131146030389924,0.0,3,0.9131146030389924,0.9131146030389924,0.33459454317509907,0.9843097548722959,True,False,0,1
"('TERMINAL', ('B0*s + B1*s**2', 'B2 + r'))",0.9131146030389675,0.9131146030389675,0.0,3,0.9131146030389675,0.9131146030389675,0.33459454317508225,0.9843097548722926,True,False,0,1
"('INTERNAL', ('B0*M0', 'sqrt(Abs(M0 - M1 - M2 + r))'))",0.9131146029559056,0.9035714904123773,8.282984996375586e-05,3,2.145764106020306,9.8920170715796,0.3281923159890822,0.9829901950387037,False,False,14,1
"('INTERNAL', ('B0*M1 + B1*M0*M1 + B2*M1*s', 'B3 + B4*i'))",0.9131146026891134,0.608743068459409,0.27792609254803247,3,1.3691407953284251,9.89203533141898,0.16740425928901778,0.91503754585879,False,False,3,1
"('INTERNAL', ('B0*sqrt(Abs(s))', 'M0*r + M1'))",0.9130540081054106,0.9130267511691242,6.028774484598853e-10,3,1.3903142157640664,9.892025585189803,0.33453517843929964,0.9842978685059207,False,False,7,1
"('INTERNAL', ('B0*sqrt(Abs(M0*M2 - M1*M2 + M3))', 'M0 - M1 + i*r'))",0.9130332036970322,0.8875611791541593,0.0008867773618522856,3,1.9116608082948585,9.890749876183715,0.31765668436661953,0.9806479751707741,False,False,10,1
"('INTERNAL', ('B0*M0 + B0*M1 + B1*M2 + B1*M3', 'M0*M2 - M1*M2'))",0.9130267432445045,0.9018020699827952,0.00037258265238860206,3,2.4372976780360034,9.891286557012206,0.3270154384219873,0.9827392409955267,False,False,14,1
"('INTERNAL', ('B0*sqrt(Abs(M0 + M1))', 'M0 + i*r'))",0.9130146774054948,0.8951934450288712,0.0005036405468885896,3,2.243469539298344,9.892025585189803,0.3226475828917874,0.9817845751199678,False,False,14,1
"('INTERNAL', ('B0*Abs(M0)**(1/4)', 'M0'))",0.9130051083616525,0.8885296656791728,0.0005340397468194357,3,1.7545565887813526,9.889549609139523,0.31828685949472235,0.9807942225308185,False,False,14,1
"('INTERNAL', ('B0*sqrt(Abs(M0))', 'B1*M0*M1*i - M2 + M3'))",0.9130028598617692,0.8891471915514755,0.0007374820794320714,3,1.9075013108314203,9.890755090585767,0.31868914507407775,0.9808871663343822,False,False,6,1
"('INTERNAL', ('B0*sqrt(Abs(M0 - M1 + M2))', 'M0*M2*M3 - M1*M2*M3 - M4 + M5'))",0.9129769590764611,0.872532001137614,0.0013002175144668305,3,2.4104838025342947,9.889334557178309,0.30799204970998745,0.978303403245315,False,False,14,1
"('INTERNAL', ('B0*sqrt(Abs(s))', 'B1*M0*M1*i - M2 + M3'))",0.9129769590764611,0.8951594878848038,0.0009512346931388483,3,1.7609733994151346,9.889448552313093,0.322625251357799,0.9817795990177364,False,False,3,1
"('INTERNAL', ('B0*sqrt(Abs(M0*M1 + M2))', 'M0 + i*r'))",0.9129728449312842,0.8836125476240789,0.0007345222811448925,3,2.1426364547227763,9.890421122863861,0.31509673004784494,0.9800456378672519,False,False,14,1
"('INTERNAL', ('B0 + B1*M0 + B2*M1 + B2*M2', '-M1*M2 + M2*sqrt(Abs(M0))'))",0.9128015214852901,0.9042975494848353,8.402494083566133e-05,3,2.2509622849856075,9.8910961463808,0.3286761462762562,0.983092601817282,False,False,10,1
"('INTERNAL', ('B0 + B1*sqrt(Abs(i))', 'sqrt(Abs(M0 - M1))'))",0.9127594423698856,0.8945354879325532,0.0009963375460019046,3,2.277252288936816,9.892202385856683,0.3222150869973956,0.9816880289845238,False,False,7,1
"('INTERNAL', ('B0 + B1*sqrt(Abs(i))', 'sqrt(Abs(-M0 + M1 + M2 + M3))'))",0.9127594423698856,0.8742088148308814,0.0016777165878814808,3,2.0794336247633893,9.892010907187172,0.3090598052130958,0.9785719683003271,False,False,7,1
"('INTERNAL', ('B0 + B1*sqrt(Abs(i))', 'sqrt(Abs(M0 + M1 + M2 - i))'))",0.9127594423698856,0.8994574480977837,0.00016068252150844381,3,1.9488586677246322,9.891624094405703,0.3254608238112202,0.9824036789548231,False,False,7,1
"('INTERNAL', ('M0*M2*M3 + M1*M2*M3 + M2*M3*s', 'M0*M1'))",0.9126630588665243,0.8559070032430166,0.0069606720162732625,3,1.9831340606108603,9.890728289679087,0.2975449538953499,0.9755461876616384,False,False,14,1
"('INTERNAL', ('-M1*M2 + M2*sqrt(Abs(M0))', 'M0'))",0.912663058851325,0.5950222274406723,0.2659437938956362,3,1.8943662878551977,9.890341992438179,0.1613811933829413,0.9106410395599813,False,False,14,1
"('INTERNAL', ('B0*M1 + B1*M0*M1 + B2*M1*i', 'r'))",0.912663058851325,0.8771988282527309,0.000943328920689589,3,5.3947111183771534,9.888133848416313,0.3109702804838739,0.9790465156841691,False,False,3,1
"('INTERNAL', ('M0*i**2 + M1*i', 'r'))",0.912663058851325,0.858390274028642,0.002987313118503945,3,1.4504215384417947,9.887663853419195,0.29908956509576107,0.9759689157252798,False,False,7,1
"('INTERNAL', ('B0*M0*M1', 'M0*M1'))",0.912663058825043,0.8727355275926746,0.0018632127767895328,3,0.0,9.900000000000002,0.3081215113183085,0.9783360941569612,False,False,0,3
"('INTERNAL', ('B0*M1*i - M0*M1*i - M2*i', 'sqrt(Abs(B1*M0 + B1*M1 + B1*M2 + B1*r))'))",0.9124917829943899,0.901909039955863,0.00031609155108048084,3,1.7322518897430195,9.889561124997424,0.3270864968671093,0.9827544682113131,False,False,6,1
"('INTERNAL', ('M2*sqrt(Abs(M1 + sqrt(Abs(B0 - M0))))', 'sqrt(Abs(i))'))",0.9122514297173105,0.8751016412684776,0.0017216718251371018,3,1.0440035605743707,9.822617869435149,0.309629403679592,0.9787142526919349,False,False,3,1
"('INTERNAL', ('M1*s + s*sqrt(Abs(M0))', 'M0'))",0.9121965812409606,0.3040655270803202,0.27736753427589883,3,1.6684115911794026,9.889480328950974,0.05953762334490331,0.7915616154451889,False,False,14,1
"('INTERNAL', ('B0*M0', 'M0*M2 + M1*M2'))",0.9121965811551177,0.8954324971030747,0.00028663902385783687,3,2.335307404740759,9.891398734220441,0.3228048249680052,0.981819585513199,False,False,14,1
"('INTERNAL', ('M3*sqrt(Abs(M2 + sqrt(Abs(M0 - M1))))', 'sqrt(Abs(i))'))",0.9119900421140282,0.3039966807049409,0.2772419456381408,3,1.2492326081965257,9.889817449450106,0.059519274129491095,0.791527266928558,False,False,7,1
"('INTERNAL', ('B0*sqrt(Abs(M0*M2 - M1*M2 + M3))', 'M0 + i*r'))",0.9115403157580324,0.8730163196570799,0.0011162286748357152,3,2.0381514118319926,9.890128254378086,0.308300184073983,0.9783811533417729,False,False,10,1
"('INTERNAL', ('B0*M0 + B0*M1', 'B1 - M0'))",0.9097302401368814,0.9070242886612557,7.447837315977827e-06,3,2.227295632931096,9.893330676271546,0.33049795862740394,0.9834742360688359,False,False,14,1
"('INTERNAL', ('B0*sqrt(Abs(-M0 + M1 + i))', 'B1*M0*M2*M3 - M1*M2*M3 - M4 + M5'))",0.9084446892849495,0.8430711536360785,0.003205283139201709,3,2.2301052080212047,9.890782702668453,0.2896477287062447,0.9733004387582681,False,False,6,1
"('INTERNAL', ('B0*i', 'M0*M1 + M1*r'))",0.9083115233318745,0.8748766750559973,0.0010462751678420206,3,2.1653711737845938,9.88783053406764,0.30948581142826753,0.9786784479609453,False,False,7,1
"('INTERNAL', ('B0*i', '-M0*M3 + M1*M3 - M2*M3 + M3*r'))",0.9083115233318745,0.8697558187990928,0.0027133883645004777,3,3.4494288063935805,9.893822608648868,0.3062299684616238,0.9778549131396003,False,False,7,1
"('INTERNAL', ('B0*sqrt(Abs(M0 + M1))', 'M0 - M1 + M2'))",0.9079848382791029,0.8933590311536833,0.000160470753919705,3,2.6463460970424557,9.89082212997959,0.3214428259742309,0.981514723934793,False,False,14,1
"('INTERNAL', ('B0*M2 + B1*M0*s + B1*M1*s', 'i'))",0.9078410100168044,0.8859211070313173,0.0008358922311108869,3,1.746861970167624,9.890724394499596,0.3165915846000102,0.9803989764920467,False,False,3,1
"('INTERNAL', ('M0*M1', '-M0 + r'))",0.9077412541154586,0.8941795328191606,0.00021520392644985644,3,3.1100808522462122,9.893261815871266,0.3219812840792786,0.981635684380711,False,False,14,1
"('INTERNAL', ('B0*M0', 'B1 - M0'))",0.9066905938713301,0.86810517755681,0.0011303224575617919,3,0.0,9.900000000000002,0.30518565082485805,0.9775859818352768,False,False,0,3
"('INTERNAL', ('B0*sqrt(Abs(M0)) + B1*M1', 'M0'))",0.9058320923504408,0.8865730402444727,0.0006553382196454757,3,5.15872733898844,9.891706233271156,0.31701465463605427,0.9804981555583462,False,False,14,1
"('INTERNAL', ('M0 - M1 + M2', 'i'))",0.9056183141126211,0.5918976954773381,0.26307299727433947,3,1.3900978409194267,9.892140660995429,0.16002563067631906,0.9096248748732003,False,False,7,1
"('INTERNAL', ('B0 + B1*M0 + B1*i + B2*s', 'i'))",0.9056183141126211,0.904322883122511,5.0344243504124755e-06,3,1.3885001934780583,1.7946562008746334,0.32869303769420305,0.9830961690132743,False,False,3,1
"('INTERNAL', ('B0*M3 + B1*M0*M2 + B1*M1*M2', 'Abs(M0)**(1/4)*Abs(M1)**(1/4)*Abs(M2)**(1/4)'))",0.9055030291853741,0.8781899627386365,0.0005760074384870373,3,2.2831960318401876,9.892035331443026,0.31160541646261425,0.9792025899546856,False,False,14,1
"('INTERNAL', ('B0*M4 + B1*M0*M3 + B1*M1*M3 + B1*M2*M3', 'Abs(M0)**(1/16)*Abs(M1)**(1/4)*Abs(M2)**(1/4)'))",0.9055030291853741,0.8954933463705022,0.00030058125016302627,3,1.9827955462671016,9.891361640494647,0.3228448589899857,0.9818284914784446,False,False,6,1
"('INTERNAL', ('B0 - M0*M1*M2', 'r'))",0.9053615562285009,0.8566093354910896,0.0018012386477293642,3,4.703404036347873,9.892140662789469,0.2979812514501391,0.9756661327574907,False,False,7,1
"('INTERNAL', ('B0*sqrt(Abs(M0 + M1))', 'M0*M1 - M2 + M3'))",0.905314772588682,0.8924468021284656,0.0004566069376357313,3,2.5838901675753663,9.890765529523492,0.32084494622462584,0.9813797456626315,False,False,14,1
"('INTERNAL', ('B0*s', 'M1*sqrt(Abs(B1 + M0 + i))'))",0.90480852877255,0.8928047356262153,0.00010806828742499323,3,1.3209216703047688,9.890171552701812,0.3210794406043064,0.9814327695540919,False,False,3,1
"('INTERNAL', ('B0*s', 'M1*sqrt(Abs(M0 - i))'))",0.9048085283437082,0.8957906031096823,8.10518939965655e-05,3,4.315032775387669,9.891458890320138,0.3230404830087117,0.9818719649330933,False,False,7,1
"('INTERNAL', ('B0*sqrt(Abs(M0)) + B0*sqrt(Abs(i))', 'sqrt(Abs(M0))'))",0.9047695766068332,0.8658020939274411,0.003884519953842332,3,2.5048386775739844,9.889178763229658,0.303732722077595,0.9772079228917665,False,False,10,1
"('INTERNAL', ('B0*M0', '-M0*M1 + M1*i'))",0.9045109097510682,0.8698634318244598,0.002768369047076756,3,1.6267702220383318,9.890818464855982,0.30629813940615536,0.9778723872307928,False,False,14,1
"('INTERNAL', ('B0 + B1*M0 + B1*M1 + B2*i', '-M1*M2 + M2*sqrt(Abs(M0))'))",0.9045109097510682,0.8926030919959449,0.00010704362190896936,3,2.144461070427038,9.89202929121941,0.32094732160127304,0.9814029081492286,False,False,10,1
"('INTERNAL', ('M2*sqrt(Abs(M0 + M1))', 'sqrt(Abs(i))'))",0.904308779349616,0.3014362597832053,0.2725914561362641,3,1.2270198612436307,9.891058670814969,0.05883880899821201,0.7902475764372293,False,False,7,1
"('INTERNAL', ('M1*sqrt(Abs(B0 + M0))', 'sqrt(Abs(i))'))",0.904308779349616,0.6011502736182057,0.2710421272140734,3,0.0,9.900000000000002,0.16405704041930091,0.9126178694351477,False,False,0,3
"('INTERNAL', ('M2*sqrt(Abs(M1 + sqrt(Abs(M0))))', 'sqrt(Abs(i))'))",0.904308779349616,0.5954657692277963,0.26605804663034016,3,1.1838286215063643,9.888898690261229,0.1615741018879028,0.9107848383100836,False,False,7,1
"('INTERNAL', ('sqrt(Abs(-M0 + M1 + M2))', 'i'))",0.904290457073188,0.5876248349356118,0.25949947893850717,3,0.7981282672246356,9.760903487974417,0.15818144211052848,0.9082262509658333,False,False,7,1
"('INTERNAL', ('sqrt(Abs(M0 + M1))', 'M0*r'))",0.9042557070305731,0.30141856901019104,0.2725594612324539,3,1.2702962953346548,9.889478767026436,0.05883412065078887,0.7902387193350864,False,False,14,1
"('INTERNAL', ('sqrt(Abs(B0 + B1*s + M0))', 'B2*r'))",0.9042557070305731,0.8982570256029229,0.00010795253661130662,3,1.1424783852139693,9.891419271087823,0.3246670019420529,0.9822305392489078,False,False,3,1
"('TERMINAL', ('sqrt(Abs(B0 + B1*s))', 'B2*r'))",0.9042557070305731,0.9042557070305731,0.0,3,0.9042557070305731,0.9042557070305731,0.32864824888645355,0.9830867091537413,True,False,0,1
"('INTERNAL', ('B0*sqrt(Abs(M0 - M1 + M2))', 'M0*M1*M2 - M3 + M4'))",0.9042299501698283,0.8843270087248354,0.00033007876429169236,3,2.4774274719908527,9.891648331365992,0.31555881776397926,0.9801553461875416,False,False,14,1
"('INTERNAL', ('sqrt(Abs(B0*M0 - M1 + M2))', 'B1*r'))",0.9042294985807231,0.5909580645782097,0.2622401451262489,3,1.387714516618293,9.891264883719812,0.15961913370316444,0.9093181996494376,False,False,7,1
"('INTERNAL', ('M0*sqrt(Abs(B0 + s))', 'r'))",0.9042081538253918,0.3014027179417973,0.2725307951481078,3,1.142403884591865,9.89141679971255,0.05882992000949489,0.7902307831249442,False,False,7,1
"('INTERNAL', ('B0*sqrt(Abs(M0 + s))', 'r'))",0.9042081538253918,0.8965196269334457,0.0001773403373045317,3,1.4587227417894995,9.89013211453391,0.32352062148357863,0.9819783492855343,False,False,7,1
"('INTERNAL', ('B0*sqrt(Abs(s + sqrt(Abs(M0))))', 'r'))",0.9042081538253918,0.8989901358113304,8.168313598520711e-05,3,1.2595234615337225,9.890299039256234,0.3251516264091492,0.9823363849035247,False,False,3,1
"('INTERNAL', ('B0*M1 - M0*M1 + M1*sqrt(Abs(s))', 'B1 + i*r - i'))",0.9041805823040792,0.8809706596586558,0.00040402538190489976,3,1.3483587249619,9.886412199998322,0.3133922774409767,0.979637196650226,False,False,3,1
"('INTERNAL', ('M2*s + s*sqrt(Abs(M0 - M1 + i))', '2*r'))",0.9040502854554379,0.8313750312840873,0.003961296072126819,3,1.2583493434873108,9.872137609248496,0.28257569676432776,0.9711658648287609,False,False,3,1
"('INTERNAL', ('M0*M2*i - M1*M2*i - M3*i', 'sqrt(Abs(B0*M0 + B0*M1 + B0*M2 + B0*r))'))",0.9025696919459536,0.8450571483929833,0.003522150423643784,3,1.8861131976358267,9.889696833947305,0.2908601989608047,0.9736545456495247,False,False,10,1
"('INTERNAL', ('B0*M1 + B2*sqrt(Abs(B1 + M0))', 'M0*M1'))",0.902519960400061,0.881660546354733,0.0011542684211414448,3,2.4692614310339933,9.891130287351443,0.3138367277251353,0.9797442749212519,False,False,10,1
"('TERMINAL', ('i', 'i'))",0.9024561152379467,0.9024561152379467,0.0,3,0.9024561152379467,0.9024561152379467,0.3274500900538192,0.9828322322439417,True,False,0,1
"('INTERNAL', ('M0*i - M1', 'M0'))",0.90220846398901,0.3007361546630033,0.2713267041644696,3,1.4941706316729333,9.89033517147056,0.058653407937864666,0.7898968996598273,False,False,14,1
"('INTERNAL', ('B0*i + B2*sqrt(Abs(B1 + i))', 'M0*M2 - M1*M2'))",0.9021642547622358,0.8588804633545223,0.0015109012534195798,3,2.23039618891264,9.889811768735965,0.29939511741518643,0.9760519099201512,False,False,7,1
"('INTERNAL', ('B0*i + B2*sqrt(Abs(B1 + i))', 'B3*M0 + B4*M1'))",0.9021205588337456,0.9012843370447112,1.257437214305085e-06,3,1.3515681707521696,9.891137197385607,0.3266716790480846,0.9826654399827961,False,False,7,1
"('INTERNAL', ('B0*M0 + B1*M0*sqrt(Abs(s)) + B2*M0*s', 'i'))",0.9020974010071693,0.8702655813997031,0.0007922604930928108,3,1.1390993109580037,9.888161270241806,0.30655298845936296,0.977937624138002,False,False,3,1
"('TERMINAL', ('B0 + B1*sqrt(Abs(s)) + B2*s', 'i'))",0.9020974010071693,0.9020974010071693,0.0,3,0.9020974010071693,0.9020974010071693,0.32721165005155123,0.982781264012816,True,False,0,1
"('INTERNAL', ('B0*M1 - M0*M1 + M1*sqrt(Abs(s))', 'M0 + M1 - M2'))",0.9020974009739231,0.8898752780392989,0.00011203521677182389,3,1.8542592635346486,9.891360504720218,0.3191639298716182,0.9809964440805127,False,False,10,1
"('INTERNAL', ('B0*M1 - M0*M1 + M1*sqrt(Abs(s))', 'B1 + M0*M1 - M2'))",0.9020974008859635,0.3349645025212157,0.2438715531927219,3,1.8379433574726423,9.890625975721557,0.06804904826102356,0.8066610390020075,False,False,10,1
"('INTERNAL', ('B0*M0 - M0*s + M0*sqrt(Abs(s))', 'B1 + i*r - i'))",0.9020974008257855,0.8959863410520353,0.00011203515467504168,3,1.1390993106742235,9.889949181132277,0.3231693453550989,0.981900561132444,False,False,3,1
"('TERMINAL', ('B0 + B1*sqrt(Abs(s)) + B2*s', 'B3 + i*r - i'))",0.9020974008257855,0.9020974008257855,0.0,3,0.9020974008257855,0.9020974008257855,0.3272116499310167,0.9827812639870235,True,False,0,1
"('INTERNAL', ('B0*M1 - M0*M1 + M1*sqrt(Abs(s))', 'M0 - M1'))",0.9020974001341188,0.30069913337803955,0.2712599064429121,3,1.987997267052802,9.890483913175798,0.0586436119067488,0.7898783468342534,False,False,10,1
"('INTERNAL', ('B0*i + B2*sqrt(Abs(B1 + i))', 'B3*M0 + B4*r'))",0.9018957277687027,0.9012708737543557,1.1713276177368357e-06,3,1.138783808159353,9.89113901471554,0.32666274340875195,0.9826635185930024,False,False,7,1
"('TERMINAL', ('B0*i + B2*sqrt(Abs(B1 + i))', 'B3*i + B4*r'))",0.9018957277687027,0.9018957277687027,0.0,3,0.9018957277687027,0.9018957277687027,0.3270776531675205,0.982752573607904,True,False,0,1
"('INTERNAL', ('B0*M0', 'M1*sqrt(Abs(M0))'))",0.9018645900906389,0.8901523477165103,0.0002505542723381253,3,4.426530271953546,9.890202458326447,0.3193447420243603,0.9810379420311877,False,False,14,1
"('INTERNAL', ('B0*M0*i - M0*i**2 - M1*i', 'sqrt(Abs(B1*M0 + B1*M1 + B1*M2 + B1*r))'))",0.9017089354770349,0.5944765331062372,0.2651516440612505,3,1.7456754110558184,9.888115158027095,0.16114401979278303,0.9104639686994432,False,False,6,1
"('INTERNAL', ('B0*i + B1*i**2', 'sqrt(Abs(B2 + B3*M0 + B3*M1 + B3*r))'))",0.9017089354770349,0.8879233083751312,0.00014300896921726889,3,1.3468907779103843,9.889773879406548,0.3178922086552639,0.9807027275642244,False,False,3,1
"('INTERNAL', ('B0*i + B1*i**2', 'sqrt(Abs(B2 + B3*M0 + B3*i + B3*r))'))",0.9017089354770349,0.8945860655869173,0.00015220582641463032,3,1.1384916219449814,9.889696833947305,0.32224831815990085,0.9816954601851875,False,False,3,1
"('TERMINAL', ('B0*i + B1*i**2', 'sqrt(Abs(B2 + B3*i + B4*r))'))",0.9017089354770349,0.9017089354770349,0.0,3,0.9017089354770349,0.9017089354770349,0.32695358001565006,0.9827259774128692,True,False,0,1
"('INTERNAL', ('M0*M1', 'M0*M2 - M1*M2'))",0.9016448178716974,0.810607691381535,0.01406214299626742,3,3.4957321856446057,9.891545089536162,0.2703004850002906,0.9671698389099699,False,False,14,1
"('INTERNAL', ('B0*M0*Abs(s)**(1/4)', 'i'))",0.9015984463871984,0.8968004639032305,1.726547693734615e-05,3,1.1914546539603348,9.891233173741012,0.3237057222391544,0.982019242102966,False,False,3,1
"('INTERNAL', ('B0*M2 + M2*sqrt(Abs(M0))*sqrt(Abs(M1))', 'r'))",0.9011430261544808,0.5791145721209421,0.2525846424816515,3,4.66632488961866,9.892044846159846,0.15454118812137363,0.9054096380348562,False,False,7,1
"('INTERNAL', ('-M0 + i**2', 'M0 - M1'))",0.9010712928583174,0.5756594287024764,0.24995025137448174,3,1.4738588259553407,9.88633539042812,0.1530756816378299,0.9042543291390648,False,False,14,1
"('INTERNAL', ('B0*M0 + B2*sqrt(Abs(B1 + i))', 'M0*M1'))",0.9004590920691424,0.8722004415521039,0.0014621460315303173,3,2.4016446684134185,9.890436554818962,0.3077812294619164,0.9782500921435971,False,False,10,1
"('INTERNAL', ('B0*i + B2*sqrt(Abs(B1 + i))', 'B3*M0*M2 - M1*M2'))",0.9002405213796386,0.8996188007723269,7.98592652376118e-07,3,1.9894751903904506,9.891139227884842,0.3255676334678736,0.9824268822871598,False,False,7,1
"('INTERNAL', ('B0*i + B2*sqrt(Abs(B1 + i))', 'M0*M1*M3 - M2*M3'))",0.900207775537384,0.9001363602164724,3.825111045679487e-09,3,2.116095304819279,9.891036227196455,0.32591041457528847,0.9825011997009805,False,False,7,1
"('INTERNAL', ('B0*M1 + B2*sqrt(Abs(B1 + M0))', 'M0'))",0.9001044962562676,0.8872924704860135,0.00012348465346972602,3,5.15872733898844,9.89103242656396,0.3174820014227318,0.980607294555722,False,False,10,1
"('INTERNAL', ('B0*i + B2*sqrt(Abs(B1 + M0))', 'r'))",0.9001044962562676,0.9001044962562676,0.0,3,1.4068342243003518,9.891127567110228,0.32588930325252513,0.9824966291465562,False,False,3,1
"('TERMINAL', ('B0*i + B2*sqrt(Abs(B1 + i))', 'r'))",0.9001044962562676,0.9001044962562676,0.0,3,0.9001044962562676,0.9001044962562676,0.32588930325252513,0.9824966291465562,True,False,0,1
"('INTERNAL', ('B0*i + B2*sqrt(Abs(B1 + i))', 'M0*M1'))",0.9000211657256616,0.8996195805573047,4.838119423327154e-07,3,2.3067516874365626,9.891128997936494,0.32556814972051223,0.9824269943845217,False,False,7,1
"('INTERNAL', ('B0*sqrt(Abs(-M0 + M1 + i))', 'B1*M1*M2*i - M0*M1*M2 - M3 + M4'))",0.8996535842966281,0.8612012431935631,0.0011119983114819083,3,2.143622821340925,9.886777771868001,0.3008446688143719,0.9764428227100117,False,False,6,1
"('INTERNAL', ('B0*M0', 'sqrt(Abs(M0 + M1))'))",0.8994038761556691,0.8601864219913253,0.001366843102241228,3,4.0767677318309765,9.892092562587921,0.3002102192728688,0.976272296337729,False,False,14,1
"('INTERNAL', ('B0*sqrt(Abs(M0 + M1))', 'M0*M1*M2 - M3 + M4'))",0.8993682667692232,0.8488267157286877,0.003942015943075306,3,2.5452435425557467,9.891410647483767,0.2931709792751944,0.9743199891878537,False,False,14,1
"('INTERNAL', ('M0*i - M1*i', 'B0*sqrt(Abs(M0))'))",0.8990428564416449,0.8083820144002742,0.0213418928675801,3,1.7033380811586034,9.89160584610666,0.2690057915620565,0.9667260269430366,False,False,14,1
"('INTERNAL', ('B0 + B1*sqrt(Abs(i)) - M0 - M1', 'r'))",0.8975622003546347,0.5758689141808739,0.24985841328097116,3,1.3291893155941283,9.885770398629017,0.1531643315074913,0.904324569192274,False,False,3,1
"('INTERNAL', ('B0 + B1*sqrt(Abs(i)) - M0 - i', 'r'))",0.8975622003546347,0.8762710380335604,0.001359940778947003,3,1.1320141593773425,9.888413093309312,0.3103765721545199,0.9788998613904455,False,False,3,1
"('TERMINAL', ('B0 + B1*sqrt(Abs(i)) - i', 'r'))",0.8975622003546347,0.8975622003546347,0.0,3,0.8975622003546347,0.8975622003546347,0.3242081790581712,0.9821299099224757,True,False,0,1
"('INTERNAL', ('M0 - M1', 'r'))",0.896490102576097,0.5890543910727226,0.2604054365160127,3,4.485159153473028,9.887381331630412,0.15879721685060308,0.9086953408539894,False,False,7,1
"('INTERNAL', ('B0*M0 + B1*i', 'M0'))",0.8964741200813485,0.886947391915514,8.085018109572996e-05,3,2.1057875052797486,9.892961914768753,0.3172577738110558,0.9805549858407878,False,False,14,1
"('INTERNAL', ('B0*M4 + B1*M0*M3 + B1*M1*M3 + B1*M2*M3', 'B2*Abs(M0)**(1/4)'))",0.8964482572846828,0.5743880969812976,0.24865690388098138,3,1.8227025483760595,9.892092566024488,0.15253824451437625,0.9038275180259855,False,False,6,1
"('INTERNAL', ('M1*sqrt(Abs(B0 + M0))', 'r'))",0.8964480053869712,0.5569730632691874,0.23638383111886274,3,5.3947111183771534,9.888889286374992,0.1452733780967072,0.8978882234014102,False,False,7,1
"('INTERNAL', ('B0*i', 'B1 + M0'))",0.8961886501608025,0.8903740361842648,9.959546957937854e-05,3,0.0,9.900000000000002,0.31948946682812784,0.9810711106889145,False,False,0,3
"('INTERNAL', ('-M0 - M1 - M2 + M3 + i', 'i'))",0.8961726609008902,0.29872422030029677,0.26770847938206066,3,1.385126222930557,9.82156587367772,0.05812219051131615,0.7888873026385632,False,False,7,1
"('TERMINAL', ('B0*s', 'B1 + i - 2*r'))",0.8957604434017358,0.8957604434017358,0.0,3,0.8957604434017358,0.8957604434017358,0.3230206309948031,0.9818675566357314,True,False,0,1
"('INTERNAL', ('B0*s', 'B1*sqrt(Abs(M0))'))",0.8957604422354593,0.8897887067421338,2.6746218601681896e-05,3,0.0,9.900000000000002,0.3191074498306955,0.9809834680626681,False,False,0,3
"('INTERNAL', ('M0*M1 - M2', 'M0'))",0.8951869561858035,0.5770085109647765,0.25058467383098615,3,1.4034069764435047,9.89069314921223,0.15364704573202398,0.9047062358209624,False,False,14,1
"('INTERNAL', ('B0 + i**2', 'B1*M0 + B1*M1 - M2'))",0.8951655974587946,0.5731244670223934,0.24761249315180617,3,1.4440134855967413,9.888630528619792,0.15200502203125085,0.9034023801861301,False,False,7,1
"('INTERNAL', ('B0*M0 + B1*s + B2*s**2', 'i'))",0.8951347366541276,0.8832521203635899,0.00010589742743111327,3,1.1563976859101923,9.890773694167361,0.314863803664785,0.9799901718315184,False,False,3,1
"('INTERNAL', ('B0*M1 + M0*M1', 'r'))",0.8951347366540331,0.861162164030241,0.000935112356137448,3,5.3947111183771534,9.892140662789469,0.3008202199958928,0.9764362678195159,False,False,7,1
"('INTERNAL', ('B0*sqrt(Abs(-M0*M1 + M1*s + M2))', 'i*r + i - r'))",0.8948470728729295,0.8688515904278374,0.0006664987927137133,3,1.490735538354431,9.887025362983332,0.3056575767293986,0.9777078011268147,False,False,3,1
"('INTERNAL', ('B0*M1 + B0*sqrt(Abs(M0))', 'M0'))",0.8947796763409979,0.8890316757958077,2.9596531887528713e-05,3,5.15872733898844,9.892049268316537,0.31861386456182683,0.9808697982031406,False,False,14,1
"('INTERNAL', ('B0 + i**2', 'B1*M0 + B1*sqrt(Abs(i)) - M1'))",0.8946820121167757,0.8805307068925428,0.0006007783186482091,3,1.2461513168131326,9.871615568839884,0.3131090794112827,0.9795687558492747,False,False,3,1
"('INTERNAL', ('B0*M0 + B0*sqrt(Abs(i))', 'sqrt(Abs(M0))'))",0.8946175258622789,0.8618557838403873,0.0008691228312199378,3,2.558087531894181,9.888812528386776,0.30125436909876246,0.9765524705409442,False,False,14,1
"('INTERNAL', ('B0*Abs(M0 + s)**(1/4)', 'M0'))",0.8944434649321374,0.8884399070917823,0.00010637475142741943,3,1.4502056891537443,9.890717139079703,0.31822841722896117,0.9807806931079701,False,False,10,1
"('INTERNAL', ('M0*M1*M2', 'i'))",0.8937016910250561,0.86826824683933,0.0004925070600186749,3,5.302184932379691,9.890487567167876,0.3052887091270799,0.9776126253230589,False,False,7,1
"('INTERNAL', ('M0*M2*M3 + M1*M2*M3', 'M0*M1'))",0.8928459442856922,0.8706771486787903,0.0007050227562728154,3,2.201632247932845,9.892140666176081,0.3068139600484925,0.9780042846773505,False,False,14,1
"('INTERNAL', ('M0*M1*i - M2*i', 'sqrt(Abs(B0*M0 + B0*M1 + B0*M2 + B0*r))'))",0.892724094901461,0.297574698300487,0.26565210320587757,3,1.9883620768330488,9.891240970036025,0.0578197318429435,0.7883092429038161,False,False,10,1
"('INTERNAL', ('M0*M2 - M1*M2', 'M0'))",0.8911563609708778,0.5697577171085841,0.2448015868725316,3,1.866310852452619,9.891670613405486,0.1505889923849441,0.9022652243041099,False,False,14,1
"('INTERNAL', ('B0*i', 'M0*i - M0*sqrt(Abs(r))'))",0.8907324917119349,0.8419684203505161,0.0019377324177428507,3,1.1213828208884633,9.890456932831457,0.2889759698425834,0.9731027718409867,False,False,7,1
"('TERMINAL', ('B0*i', 'B1*i + B2*sqrt(Abs(r))'))",0.8907324917119349,0.8907324917119349,0.0,3,0.8907324917119349,0.8907324917119349,0.3197235783477219,0.981124677116753,True,False,0,1
"('INTERNAL', ('-M0*M1 + M1*sqrt(Abs(s))', 'M0'))",0.8904580900279414,0.5733661336922546,0.24748624300889158,3,1.935843735550503,9.891476525729502,0.15210692585974497,0.9034837572839598,False,False,14,1
"('INTERNAL', ('M0*i + M1*i', 'r'))",0.8892593600299705,0.825528127321559,0.011618291173812622,3,1.6382379450515778,9.885384331036215,0.2790836995943145,0.9700673878924433,False,False,7,1
"('INTERNAL', ('M0*M1*i**2 + M2*i', 'r'))",0.8892593600299705,0.5646086821374081,0.24088043520110525,3,1.4466501209536469,9.88366281482935,0.14843642958351252,0.9005135891557072,False,False,3,1
"('TERMINAL', ('B0*sqrt(Abs(s + sqrt(Abs(s))))', 'r'))",0.8885540997832077,0.8885540997832077,0.0,3,0.8885540997832077,0.8885540997832077,0.31830277001192553,0.9807979046407171,True,False,0,1
"('TERMINAL', ('B0 + B1*i + B1*s', 'i'))",0.8877087922086816,0.8877087922086816,0.0,3,0.8877087922086816,0.8877087922086816,0.31775267475489855,0.980670303537945,True,False,0,1
"('INTERNAL', ('B0*sqrt(Abs(M0 - M1 + M2))', 'B1*M0*M2*M3 - M1*M2*M3 - M4 + M5'))",0.8873815790831923,0.8361394665915713,0.00197195880808621,3,2.296742415925329,9.889649985125747,0.2854424442210833,0.9720455133976608,False,False,10,1
"('TERMINAL', ('B0*s', 'r*sqrt(Abs(B1 + 2*i))'))",0.8868028390553602,0.8868028390553602,0.0,3,0.8868028390553602,0.8868028390553602,0.31716387932169177,0.9805330516738875,True,False,0,1
"('INTERNAL', ('B0*s', 'M0*sqrt(Abs(B1 + 2*i))'))",0.886802839053048,0.8868028389917909,1.125731776093517e-20,3,1.1152864344715159,9.890171552703649,0.3171638792804047,0.9805330516642388,False,False,3,1
"('TERMINAL', ('B0*s', 'B1 + i - sqrt(Abs(B2 + r))'))",0.8868028390414422,0.8868028390414422,0.0,3,0.8868028390414422,0.8868028390414422,0.31716387931265233,0.980533051671775,True,False,0,1
"('INTERNAL', ('M0*i', 'M0 + M1'))",0.8865782819321467,0.5882354850731673,0.2595335905084754,3,1.869976978398682,9.892854146683451,0.1584443257767778,0.9084267700712986,False,False,14,1
"('INTERNAL', ('B0*sqrt(Abs(M0 + M1))', 'M0'))",0.8865138236081795,0.8803220033316385,2.8984322110639728e-05,3,2.8040690153070713,9.892657484965772,0.31297480082833395,0.9795362468532561,False,False,14,1
"('INTERNAL', ('B1*sqrt(Abs(B0*M0 + M0*s + M1))', 'i*r + i - r'))",0.8863262121274359,0.8643115785484771,0.00036381248315767644,3,1.319933941466641,9.887682529600497,0.30279499103445406,0.9769614947324647,False,False,3,1
"('INTERNAL', ('B2*sqrt(Abs(B0*s + B1 + M0))', 'i*r + i - r'))",0.8863262121274359,0.8863050970193472,3.343858421970085e-10,3,1.1145480191351216,9.890134457782567,0.31684072424503157,0.9804574253260856,False,False,3,1
"('TERMINAL', ('B2*sqrt(Abs(B0 + B1*s))', 'i*r + i - r'))",0.8863262121274359,0.8863262121274359,0.0,3,0.8863262121274359,0.8863262121274359,0.31685442822042925,0.9804606366773201,True,False,0,1
"('INTERNAL', ('M0*M1*i + M2*i', 'r'))",0.8862478157241684,0.6668656300757062,0.11361095471670134,3,1.6044689496933762,9.888100960780672,0.1942158903275393,0.932470391357139,False,False,7,1
"('INTERNAL', ('M0*M2 + M1*M2', 'M0'))",0.8854951314516964,0.5797815388645382,0.2523603363386899,3,4.818959844306548,9.891026204867824,0.154824908456626,0.9056318712217725,False,False,14,1
"('INTERNAL', ('B0 - M1 - M2 - sqrt(Abs(M0))', 'M0'))",0.8850022823167428,0.29500076077224757,0.26107634656861456,3,1.5323940580865432,9.875546212877211,0.057145264728907734,0.7870116498637965,False,False,14,1
"('INTERNAL', ('B0*M0', 'M0 + M1 - M2'))",0.8844020028292536,0.8776165930360246,5.635682906392318e-05,3,4.6518423363135195,9.891558458489866,0.31123787877269293,0.9791123759053243,False,False,14,1
"('INTERNAL', ('M0', 'M0*i'))",0.8822350879512184,0.49104820853314224,0.11480564128598637,3,1.9498987313933671,9.892241978947483,0.11938708717970174,0.8738330217472798,False,False,14,1
"('INTERNAL', ('B0*i + B1*i**2 - M0*i', 'sqrt(Abs(B2*M0 + B2*M1 + B2*M2 + B2*r))'))",0.8817206638416766,0.5804116617157249,0.2527815532039153,3,1.767313566388611,9.888121091117918,0.15509320130606846,0.9058415952994204,False,False,6,1
"('INTERNAL', ('B0 - M1 - M2 - sqrt(Abs(M0))*sqrt(Abs(i))', 'M0'))",0.8816330331487718,0.5705591917789196,0.24481868659246322,3,1.3591460006059768,9.880212040265608,0.1509254724176899,0.9025365166856631,False,False,10,1
"('INTERNAL', ('B0 + i**2', 'B1*M1 + B1*sqrt(Abs(M0)) - M2'))",0.8815027855689935,0.5750850406500998,0.2483983770881133,3,1.434645264543102,9.88789712091313,0.1528327475079494,0.9040616097652804,False,False,7,1
"('TERMINAL', ('B0*i', 'B1*i + 2*i*r'))",0.881045644533356,0.881045644533356,0.0,3,0.881045644533356,0.881045644533356,0.31344056357476885,0.9796488495464356,True,False,0,1
"('INTERNAL', ('sqrt(Abs(M0*M1 - M2 + M3))', 'B0*r'))",0.879657016470237,0.29321900549007895,0.2579321555417729,3,1.4085621986596282,9.888349615873242,0.05668063069680605,0.7861107895988251,False,False,7,1
"('INTERNAL', ('-M0 - M1 + M2 - i**2 + i', 'i'))",0.8793724267848896,0.5831431198270651,0.25506361825876067,3,1.310285419622961,9.799333082505985,0.15625895829329656,0.9067480933282857,False,False,3,1
"('INTERNAL', ('B0 - M0 + M1 - i**2 + i', 'i'))",0.8793724267848896,0.5719209207684142,0.24578201975181124,3,1.2875415311400407,9.884818301444641,0.15149804159692434,0.9029966112058071,False,False,3,1
"('TERMINAL', ('B0 - i**2 + i', 'i'))",0.8793724267848896,0.8793724267848896,0.0,3,0.8793724267848896,0.8793724267848896,0.3123643692290095,0.9793879916382865,True,False,0,1
"('INTERNAL', ('B0 + i**2', 'M0*M1 - M2'))",0.8789484744540086,0.8058305949711738,0.004126792176631312,3,1.3601182543615649,9.884134592005253,0.26752649483844787,0.9662135710207991,False,False,7,1
"('TERMINAL', ('B0 + B1*i + B2*s', 'r'))",0.878608726728415,0.878608726728415,0.0,3,0.878608726728415,0.878608726728415,0.31187404526989665,0.9792683487984865,True,False,0,1
"('INTERNAL', ('B0*M0', 'M0 - M1 + M2'))",0.8783544959910418,0.8705754113855277,0.0001719242771922102,3,5.344483820492715,9.892486575053308,0.30674943468849725,0.9779878163384397,False,False,14,1
"('INTERNAL', ('B0 + M0 - i**2', 'i'))",0.8783357850769942,0.8503721520392333,0.000586473579502912,3,1.1037995533354101,9.889548218928502,0.2941219331381715,0.9745902749249471,False,False,3,1
"('INTERNAL', ('B0*M1*M2 - M0*M1*M2', 'i'))",0.8775254656111846,0.8387970013530431,0.0011494143598420011,3,0.0,9.900000000000002,0.28704984392476446,0.9725301249683714,False,False,0,3
"('INTERNAL', ('B0*sqrt(Abs(M0 - M1 + M2))', 'M0*M1*M3*M4 - M2*M3*M4 - M5 + M6'))",0.8769217509500112,0.8489133715020409,0.0011856270736868145,3,2.3525106185538793,9.88946571193101,0.2932242458358032,0.9743351836327082,False,False,10,1
"('INTERNAL', ('M3*s + s*sqrt(Abs(M0 + M1 - M2))', '2*r'))",0.8764580271293235,0.4584469326406156,0.13105201155608925,3,1.4150901059029075,9.886288837072742,0.10751510721135066,0.8610091756171654,False,False,3,1
"('INTERNAL', ('M0 - M1 - M2 - M3', 'M0'))",0.8759706269094917,0.5799146709524663,0.25226296236119916,3,1.4455204324551256,9.887635826948362,0.1548815733779901,0.9056762004759237,False,False,14,1
"('INTERNAL', ('B0*i', 'sqrt(Abs(M0))'))",0.8725761490402454,0.8543267002766841,0.0002519079932092507,3,0.0,9.900000000000002,0.2965648535221366,0.9752751867628815,False,False,0,3
"('INTERNAL', ('M0 - M1 - M2 - M3 + M4', 'i'))",0.8711221874762309,0.8650257242802458,0.00010348822368026987,3,1.3047357911488173,9.88897412865232,0.3032440307935054,0.9770797370668167,False,False,7,1
"('INTERNAL', ('B0*sqrt(Abs(-M0*M1 + M1*s + M2))', '-M0 + i*r + i'))",0.870995942819219,0.8491700288556611,0.0006331360939356379,3,1.6473195612483864,9.890753090180784,0.29338204946598734,0.9743801594296135,False,False,6,1
"('INTERNAL', ('B0 - M0 - M1 - M2', 'M0'))",0.8706730705171186,0.5751270469866531,0.24814206043853382,3,1.4362999170067965,9.88491925986704,0.15285050714900872,0.9040757101513914,False,False,14,1
"('INTERNAL', ('sqrt(Abs(M0 - M1))', 'i'))",0.8695646678720615,0.28985488929068715,0.25204757053714955,3,0.8764968826127004,9.786250479528979,0.055808386740793435,0.7844040012950417,False,False,7,1
"('INTERNAL', ('sqrt(Abs(M0 - M1 + M2))', 'B0*r'))",0.8695513042456743,0.5739328437058051,0.24712403958661486,3,1.3243866094904713,9.887508987618945,0.1523460280912991,0.9036744566528268,False,False,7,1
"('INTERNAL', ('M0', 'M0 + M1'))",0.8688651175415979,0.4726591340476416,0.11845459266618323,3,1.3082034716504913,9.88897412865232,0.11261561729680121,0.8666758550379585,False,False,14,1
"('INTERNAL', ('B0 - M2 - M3 - sqrt(Abs(M0))*sqrt(Abs(M1))', 'M0'))",0.8673073134712711,0.8528530158789669,0.00023645311083345458,3,1.3741568729630689,9.889472370811497,0.2956528724197811,0.9750210791468623,False,False,10,1
"('INTERNAL', ('sqrt(Abs(M0))', 'M0'))",0.8608632665792524,0.2869544221930841,0.2470285212485003,3,1.0785300315207,9.79602356008683,0.05506163865193225,0.782926250157752,False,False,14,1
"('INTERNAL', ('B0*M0*M1 - M0*M1*s + M0*M1*sqrt(Abs(s))', 'i'))",0.8600340307024223,0.8524548852271524,4.308258460147844e-05,3,1.3317423683215663,9.886574043236982,0.2954068209363769,0.9749521993062599,False,False,3,1
"('INTERNAL', ('M1*s + s*sqrt(Abs(B0 - M0 + i))', '2*r'))",0.8593014082748616,0.8355548448548331,0.0005844989314537841,3,1.0813996653413829,9.884172495753498,0.2850896446800662,0.9719383242316344,False,False,3,1
"('INTERNAL', ('M0*s + s*sqrt(Abs(B0 + i - s))', '2*r'))",0.8593014082748616,0.4810290772576234,0.10920052052311319,3,1.0730289465373477,9.823249120852413,0.11567361345776996,0.8699578891884002,False,False,3,1
"('TERMINAL', ('B0*s + s*sqrt(Abs(B1 + i - s))', '2*r'))",0.8593014082748616,0.8593014082748616,0.0,3,0.8593014082748616,0.8593014082748616,0.29965767908997226,0.9761230616060018,True,False,0,1
"('INTERNAL', ('M0 + M1', 'i'))",0.8579993375750051,0.5115971129487603,0.20448891080986853,3,1.411113687503803,9.88897412865232,0.12718445670664413,0.8815989828233142,False,False,7,1
"('INTERNAL', ('B0*M0*i**2', 'r'))",0.8536396640218399,0.8536396640218399,0.0,3,1.1235137053745128,9.886311713551917,0.2961394459953781,0.9751568879125833,False,False,3,1
"('INTERNAL', ('sqrt(Abs(M0 + M1))', 'M0*M1'))",0.85228670045981,0.28409556681993664,0.2421308732602233,3,1.2021007864519784,9.886114528421976,0.0543303945638612,0.7814640625821737,False,False,14,1
"('TERMINAL', ('B0 + i**2', 'B1*sqrt(Abs(i)) + B2*i'))",0.8522597926983533,0.8522597926983533,0.0,3,0.8522597926983533,0.8522597926983533,0.2952863015188792,0.9749184109858036,True,False,0,1
"('INTERNAL', ('M0*i', 'B0*sqrt(Abs(M0))'))",0.8493303190502307,0.5509914367764889,0.22821548268706437,3,1.8020100646047996,9.888551801318721,0.14281962961574488,0.8958083180338776,False,False,14,1
"('INTERNAL', ('-M0 + i**2', 'M0*M1 - M2'))",0.8464931610773696,0.5224189065750736,0.20864311869209282,3,1.4916329237638564,9.886199752097868,0.13138919456787007,0.8855909935984195,False,False,14,1
"('INTERNAL', ('B0 + i**2', 'B1*M0 - M1'))",0.8444075837961734,0.28146919459872444,0.23767472252416388,3,1.451617159068318,9.88789712091313,0.0536628112000785,0.7801158297970671,False,False,7,1
"('INTERNAL', ('M0*sqrt(Abs(s + sqrt(Abs(B0 - i))))', 'sqrt(Abs(i))'))",0.8437580845512384,0.28125269485041277,0.23730923508185825,3,1.0494489972356755,9.798425816831386,0.05360795966998437,0.780004478857312,False,False,3,1
"('TERMINAL', ('B1*sqrt(Abs(s + sqrt(Abs(B0 - i))))', 'sqrt(Abs(i))'))",0.8437580845512384,0.8437580845512384,0.0,3,0.8437580845512384,0.8437580845512384,0.29006672113956106,0.9734231944012411,True,False,0,1
"('INTERNAL', ('B0 + i**2', 'B1*i + B1*sqrt(Abs(i)) - M0'))",0.843752336381306,0.843752336381306,0.0,3,1.062320114947397,9.886881556046248,0.2900632133604752,0.9734221683982592,False,False,3,1
"('INTERNAL', ('M1*sqrt(Abs(M0 + sqrt(Abs(B0 - i))))', 'sqrt(Abs(i))'))",0.8437193146660174,0.5580143886972035,0.2335799031036917,3,0.9981120571820923,9.751886116991583,0.14570270911048766,0.8982482220060243,False,False,3,1
"('INTERNAL', ('B0 - M1 - M2 - sqrt(Abs(M0))*sqrt(Abs(i))', 'r'))",0.8363650776732215,0.5554698732870695,0.23142007238936982,3,1.3494347155422068,9.889548134647882,0.1446547566179905,0.8973674616101407,False,False,3,1
"('INTERNAL', ('M0 - M1', 'sqrt(Abs(M0))'))",0.8322131138973695,0.2774043712991232,0.2308595556475854,3,1.1823392472557754,9.891880459829505,0.05263752582719428,0.7780197888140191,False,False,14,1
"('INTERNAL', ('M0*s', 'M0'))",0.8315292148534938,0.2983757612848903,0.21420063238426645,3,5.605432366464303,9.893338595871825,0.05803042413285762,0.7887121673443016,False,False,14,1
"('INTERNAL', ('B0*M0*i**2 + M1*i', 'r'))",0.820996879618034,0.5622567357772921,0.20083938610418364,3,1.4435463048830262,9.883517892389568,0.1474584465589232,0.8997084593030746,False,False,3,1
"('TERMINAL', ('B0*i', 'B1*r + 2*r**2'))",0.8051653780759965,0.8051653780759965,0.0,3,0.8051653780759965,0.8051653780759965,0.2671416605880781,0.9660793142170434,True,False,0,1
"('INTERNAL', ('M0 - M1 - M2', 'M0'))",0.7512271607537893,0.2504090535845964,0.18811408235139984,3,1.4558499625876031,9.888190005131497,0.046073874229243916,0.7638054724787978,False,False,14,1
"('INTERNAL', ('M0', 'M0*M1'))",0.36700048543848335,0.12233349514616113,0.04489645210402748,3,4.558932209967056,9.887829775549742,0.020879762819651683,0.6887301393621017,False,False,14,1
"('INTERNAL', ('s', 'M0'))",0.30751230326375306,0.29316771070149417,0.0006173020073316397,3,0.3372208504743024,9.814518709278191,0.05666728168687049,0.7860848229132568,False,False,7,1
"('TERMINAL', ('s', 'r'))",0.30751230326375306,0.30751230326375306,0.0,3,0.30751230326375306,0.30751230326375306,0.06045977753692458,0.7932772126288289,True,False,0,1
"('INTERNAL', ('-M0 - M1 + i', 'sqrt(Abs(i))'))",0.045774144095072494,0.03051609606338166,0.0006984240892121533,3,1.249993015071071,9.889438073433045,0.00906565874638727,0.6255581789330582,False,False,7,1
"('TERMINAL', ('sqrt(Abs(B0 - i))', 'i'))",0.0032752126006795838,0.0032752126006795838,0.0,3,0.0032752126006795838,0.0032752126006795838,0.006577737377250975,0.6049145434964365,True,False,0,1
"('INTERNAL', ('B0*M0', '0'))",0.0,0.0,0.0,3,0.0,9.900000000000002,0.0063094632097098705,0.6023646356164746,False,False,0,3
"('INTERNAL', ('B0', 'M0*M1'))",0.0,0.0,0.0,3,0.0,9.900000000000002,0.0063094632097098705,0.6023646356164746,True,True,0,3
"('INTERNAL', ('M0*i', 'B0'))",0.0,0.0,0.0,3,0.0,9.900000000000002,0.0063094632097098705,0.6023646356164746,True,True,0,3
"('INTERNAL', ('B0', 'sqrt(Abs(M0))'))",0.0,0.0,0.0,3,0.0,9.900000000000002,0.0063094632097098705,0.6023646356164746,True,True,0,3
"('INTERNAL', ('B0 - M0 - M1', 'M0'))",0.0,0.0,0.0,3,0.0,9.900000000000002,0.0063094632097098705,0.6023646356164746,False,False,0,3
"('INTERNAL', ('B0*M0*s', 'sqrt(Abs(M0))'))",0.9453720494343008,0.4726860247171504,0.446864155925805,2,0.0,9.900000000000002,0.08697404178328112,0.8980586329296274,False,False,0,2
"('INTERNAL', ('B0*i', 'B1 + M0 - M1'))",0.9399387398778313,0.8876225629269143,0.005473964741519313,2,0.0,9.900000000000002,0.2355100393479722,0.9810201240292474,False,False,0,2
"('INTERNAL', ('B0*s', 'sqrt(Abs(M0))*sqrt(Abs(M1))*sqrt(Abs(r))'))",0.9325048552566587,0.8753987136576054,0.006522222816662285,2,0.0,9.900000000000002,0.22984127029530627,0.9795710242439881,False,False,0,2
"('INTERNAL', ('M1*sqrt(Abs(M0))', 'M0 - M1'))",0.9325048492031989,0.46625242460159944,0.43478264689374035,2,0.0,9.900000000000002,0.08529433863499324,0.8962120950734292,False,False,0,2
"('INTERNAL', ('B0*s', 'M0*i'))",0.9325048121096497,0.8795315043434935,0.005612342671375825,2,0.0,9.900000000000002,0.2317473411511771,0.9800676015013737,False,False,0,2
"('INTERNAL', ('B0*s', 'Abs(M0)**(1/4)'))",0.9325048076366248,0.8713072250586686,0.0074902882267715255,2,0.0,9.900000000000002,0.22796470696236878,0.979072712380374,False,False,0,2
"('INTERNAL', ('B0*s', 'M0 - M1 + r'))",0.9325048053586549,0.9052197878238425,0.0014889443637500384,2,0.0,9.900000000000002,0.24383810307164597,0.9830021101922402,False,False,0,2
"('INTERNAL', ('B0*M0 + B0*M1', '-M0 + r'))",0.932504804846467,0.8923954826089933,0.0032175154606990017,2,0.0,9.900000000000002,0.23774913487724025,0.981569827268485,False,False,0,2
"('INTERNAL', ('B0*M0 + B1*M1', 'B2 - M0 + i'))",0.93145944284149,0.9006610964469504,0.001897076281276111,2,0.0,9.900000000000002,0.24166138840807072,0.982500428772684,False,False,0,2
"('INTERNAL', ('B0 + B1*i', 'sqrt(Abs(B2 + M0))'))",0.9296057431800918,0.9079784681467971,0.0009354780507315422,2,0.0,9.900000000000002,0.24516196740147228,0.9833017129932888,False,False,0,2
"('INTERNAL', ('B0*i', 'B1*M1 - M0*M1 + M1*r'))",0.9272665685876995,0.8621901453221943,0.008469881730062386,2,0.0,9.900000000000002,0.22382019806739148,0.9779383272255463,False,False,0,2
"('INTERNAL', ('B0*i', 'M0*M2 + M1*M2'))",0.9257124727468011,0.8794548884014617,0.00427952821893238,2,0.0,9.900000000000002,0.23171190829610105,0.9800584574970975,False,False,0,2
"('INTERNAL', ('B0*sqrt(Abs(M0))', 'B1*M0'))",0.9237999291940684,0.900387627504022,0.001096271740851497,2,0.0,9.900000000000002,0.24153124253539004,0.9824700723802557,False,False,0,2
"('INTERNAL', ('B0*M0 + B0*M1 + B0*M2', 'M0*M1'))",0.9231797527553641,0.9002506540659551,0.001051487133417321,2,0.0,9.900000000000002,0.24146607418900173,0.9824548565359064,False,False,0,2
"('INTERNAL', ('B0*sqrt(Abs(M0 + M1))', 'M0 - M1'))",0.9222613911966722,0.8989059824274805,0.0010909502375520657,2,0.0,9.900000000000002,0.24082696325775066,0.9823050880166326,False,False,0,2
"('INTERNAL', ('B0*sqrt(Abs(M0))', 'M0 + i'))",0.9222565398509848,0.9003015053836729,0.0009640470769217017,2,0.0,9.900000000000002,0.2414902664772955,0.9824605062766055,False,False,0,2
"('INTERNAL', ('B0*sqrt(Abs(s))', 'sqrt(Abs(M0))'))",0.922234585061423,0.9040971597607336,0.0006579323930761762,2,0.0,9.900000000000002,0.24330079917323422,0.982879328055001,False,False,0,2
"('INTERNAL', ('B0*sqrt(Abs(M0))', '-M0 + i'))",0.9222170532403202,0.8947504268742957,0.0015088311278615826,2,0.0,9.900000000000002,0.23885927405994578,0.9818377206341069,False,False,0,2
"('INTERNAL', ('B0*sqrt(Abs(M0))', '-M0 + r'))",0.9222165644218059,0.8908908482563711,0.0019626009865547603,2,0.0,9.900000000000002,0.23704170226155252,0.9813975120739526,False,False,0,2
"('INTERNAL', ('B0*M0 + B1*i + B2*s', 'B3 + M0 - M1 + i'))",0.9181736594487943,0.9110246202003593,0.00010221752435132549,2,0.0,9.900000000000002,0.24662963534975593,0.9836290463160927,False,False,0,2
"('INTERNAL', ('B0*M0 + B0*M1 + B1*M2', 'M0 + M1'))",0.9175094384594157,0.9011551657970369,0.0005349244686308644,2,0.0,9.900000000000002,0.24189664324881255,0.982555197878863,False,False,0,2
"('INTERNAL', ('B0*sqrt(Abs(M0)) + B1*M1', 'M0 + M1'))",0.9175094384594157,0.9021561386448891,0.000471447630389485,2,0.0,9.900000000000002,0.24237375240472397,0.9826658628273106,False,False,0,2
"('INTERNAL', ('B0*M0 + B0*M1 + B0*M2', 'M0 - M1'))",0.9171863115873196,0.9118792611168147,5.6329569392971814e-05,2,0.0,9.900000000000002,0.24704251791177176,0.9837202267798492,False,False,0,2
"('INTERNAL', ('M0*i', 'M0*M1'))",0.9164970480814798,0.4582485240407399,0.41998341957103313,2,0.0,9.900000000000002,0.08322886126506845,0.893889934247043,False,False,0,2
"('INTERNAL', ('B0*M0*i', 'i'))",0.9155580777023928,0.8835034419163388,0.0020549993507531436,2,0.0,9.900000000000002,0.23358930529884228,0.9805384497603802,False,False,0,2
"('INTERNAL', ('M0*i', 'M0 - M1'))",0.9150599508814063,0.875179801195228,0.003180852677983985,2,0.0,9.900000000000002,0.22974060318014802,0.9795445311673668,False,False,0,2
"('INTERNAL', ('B0*i + B0*s', 'M0*M1'))",0.9149614551433437,0.8390055025250609,0.011538613476301654,2,0.0,9.900000000000002,0.2135063489693134,0.9749040671201243,False,False,0,2
"('INTERNAL', ('B0*M0 + B0*M1', 'M0 - M1 - M2'))",0.9146497892885305,0.9048922629713307,0.00019041863966169162,2,0.0,9.900000000000002,0.2436812599975729,0.9829663401613719,False,False,0,2
"('INTERNAL', ('B0*M0 + B0*M1', 'B1 - r'))",0.9146497892885305,0.9009470949919988,0.00037552766196840496,2,0.0,9.900000000000002,0.24179754936276238,0.9825321443610529,False,False,0,2
"('INTERNAL', ('B0 + B1*M0', 'B2 + M0'))",0.9146497888756964,0.8834581339307146,0.0019458386764136084,2,0.0,9.900000000000002,0.23356823798823614,0.9805331141412932,False,False,0,2
"('INTERNAL', ('B0*M0 + B0*i', 'M0*M1'))",0.9146497888572515,0.8639739579363876,0.005136079679039953,2,0.0,9.900000000000002,0.22462709969346173,0.9781628849561335,False,False,0,2
"('INTERNAL', ('B0 + B1*M0', 'M0 - M1'))",0.9146497874368876,0.8915951670078515,0.001063031046253866,2,0.0,9.900000000000002,0.23737267064539636,0.9814782845241251,False,False,0,2
"('INTERNAL', ('B0 + B1*M0', 'B2 + i'))",0.9146497864833953,0.8877625148841222,0.0014458507481061639,2,0.0,9.900000000000002,0.23557548754541685,0.9810363711242164,False,False,0,2
"('INTERNAL', ('B0*M0 + B1*M1', 'M0*i'))",0.9146496152848548,0.8914929098222824,0.0010724660157606606,2,0.0,9.900000000000002,0.23732459897875116,0.9814665697084446,False,False,0,2
"('INTERNAL', ('B0 + B1*M0 + B1*M1', 'M0 + M1'))",0.9146496078245117,0.896493061683171,0.0006593203355652646,2,0.0,9.900000000000002,0.23968306571407744,0.9820345441232138,False,False,0,2
"('INTERNAL', ('B0*M0 + B1*i', 'sqrt(Abs(M0))'))",0.9146496048150075,0.9048517692462852,0.00019199516366343736,2,0.0,9.900000000000002,0.24366187351204827,0.9829619147687505,False,False,0,2
"('INTERNAL', ('B0*M0 + B0*M1 + B1*M2', 'sqrt(Abs(M0))'))",0.9146495987797201,0.8841446309410432,0.0018611061256774137,2,0.0,9.900000000000002,0.2338875843241863,0.9806138708607799,False,False,0,2
"('INTERNAL', ('B0*M0 + B0*M1 + B0*M2', 'r'))",0.9146495973148216,0.9025499227086058,0.00029280425115260584,2,0.0,9.900000000000002,0.2425616272580979,0.9827092899624746,False,False,0,2
"('INTERNAL', ('B0 + B1*M0 + B1*s', 'M0'))",0.914649592908363,0.8666684100445428,0.0046043878180227,2,0.0,9.900000000000002,0.22584960295143025,0.9784996731543318,False,False,0,2
"('INTERNAL', ('B0 + B1*s', 'M0'))",0.914649587165754,0.8750988798907229,0.0031285168919104045,2,0.0,9.900000000000002,0.22970339897579634,0.9795347331344795,False,False,0,2
"('INTERNAL', ('B0 + B1*M0 + B2*M1', 'M0'))",0.9146495711239175,0.896629228428909,0.0006494655016910997,2,0.0,9.900000000000002,0.23974751812518866,0.9820498729287243,False,False,0,2
"('INTERNAL', ('B0*s', 'M1 + sqrt(Abs(M0))'))",0.9139480088538859,0.8959414097578715,0.0006484752220091734,2,0.0,9.900000000000002,0.23942207249656597,0.9819723674323366,False,False,0,2
"('INTERNAL', ('B0*M0', '-M0 - M1 + r'))",0.9139480085875921,0.8864307461652148,0.0015143994624439543,2,0.0,9.900000000000002,0.2349531933172248,0.98088145032684,False,False,0,2
"('INTERNAL', ('B0*s', 'M0 + M1 + i'))",0.9139480080125909,0.9048542257413215,0.000165393751994512,2,0.0,9.900000000000002,0.243663049535294,0.9829621832474474,False,False,0,2
"('INTERNAL', ('B0*s', 'M0 + M1 + r'))",0.9139479673928862,0.8959413890192324,0.0006484737294530753,2,0.0,9.900000000000002,0.23942206268856056,0.9819723650926184,False,False,0,2
"('INTERNAL', ('B0*M0 + B0*s', 'M0 + M1'))",0.9139479643175628,0.899289090798586,0.0004297651456907215,2,0.0,9.900000000000002,0.24100893159727205,0.982347831235004,False,False,0,2
"('INTERNAL', ('B0*M0*s', 'M0 + M1'))",0.9131270787139232,0.8955309446723259,0.0006192478664197144,2,0.0,9.900000000000002,0.23922800403920555,0.9819260256899659,False,False,0,2
"('INTERNAL', ('B0*M2 + B1*M0*M2 + B2*M1*M2', 'M0*M1'))",0.9131146030396385,0.9131146030395711,9.075487261970063e-27,2,0.0,9.900000000000002,0.2476401803691332,0.983851514784354,False,False,0,2
"('INTERNAL', ('B0*M0 + B1*M1', 'sqrt(Abs(i))'))",0.9131146030362194,0.9061817176724717,9.612979893373411e-05,2,0.0,9.900000000000002,0.24429915418797746,0.9831069205981998,False,False,0,2
"('INTERNAL', ('B0*M0 + B1*M1', 'B2*M0'))",0.9131146026305892,0.8927554219250137,0.000828992478004557,2,0.0,9.900000000000002,0.23791858235362653,0.981610915517847,False,False,0,2
"('INTERNAL', ('B0*M2 + B1*M0*M1', 'sqrt(Abs(M0))'))",0.912663058863023,0.875095065351261,0.0028227082729995814,2,0.0,9.900000000000002,0.22970164531177423,0.9795342712018711,False,False,0,2
"('INTERNAL', ('B0*M0 + B1*M1', 'B2 + M0 - M1'))",0.9124917818549964,0.8919777166335734,0.0008416537438175901,2,0.0,9.900000000000002,0.23755256874419317,0.9815220735030773,False,False,0,2
"('INTERNAL', ('B0*s*sqrt(Abs(M0))', 'sqrt(Abs(r))'))",0.9079198915330134,0.9079198915330134,0.0,2,0.0,9.900000000000002,0.2451338048382817,0.9832953825849333,False,False,0,2
"('INTERNAL', ('B0*M0*M2 + B1*M1*M2', 'i'))",0.9078410100168044,0.8781265783536557,0.0017658948981278666,2,0.0,9.900000000000002,0.23109818374932983,0.9798995544262986,False,False,0,2
"('INTERNAL', ('B0*M0 + B1*M1', 'M0*M2 - M1*M2'))",0.9076248221398587,0.8756747915537353,0.002041608908908444,2,0.0,9.900000000000002,0.2299682674667771,0.9796044083585117,False,False,0,2
"('INTERNAL', ('B0 + B1*M0 + B1*M1', 'sqrt(Abs(M0))'))",0.9072916451396161,0.898977107809756,0.00013826306201927406,2,0.0,9.900000000000002,0.2408607390938245,0.9823130278330706,False,False,0,2
"('INTERNAL', ('M0*M2 + M1*M2', 'M0 - M1'))",0.9066198204812806,0.8876749352338569,0.0007178173540761096,2,0.0,9.900000000000002,0.2355345296735907,0.9810262048678228,False,False,0,2
"('INTERNAL', ('B0 + B1*M0', 'Abs(M0)**(1/4)'))",0.9055030531874436,0.9003087906754623,5.3960726086748484e-05,2,0.0,9.900000000000002,0.24149373256041715,0.9824613156115549,False,False,0,2
"('INTERNAL', ('B0*M0 + B0*i + B1*M1', 'M0'))",0.9054949336863035,0.8852707212738617,0.000818037535407125,2,0.0,9.900000000000002,0.23441206656071745,0.9807459340839771,False,False,0,2
"('INTERNAL', ('B0*sqrt(Abs(M0)) + B1*M1', 'i'))",0.9050603213646878,0.8890932952806316,0.0005098918439378676,2,0.0,9.900000000000002,0.23619844660861491,0.9811904736634195,False,False,0,2
"('INTERNAL', ('B0*s', 'B1 + M0 + M1'))",0.9048085287787981,0.8958056839037494,0.00016210243168838064,2,0.0,9.900000000000002,0.23935788908722969,0.9819570512922835,False,False,0,2
"('INTERNAL', ('B0*s', 'B1 - M0 - M1'))",0.9048085287770392,0.9048085276770379,2.420005773946279e-18,2,0.0,9.900000000000002,0.24364117267828778,0.9829571883601795,False,False,0,2
"('INTERNAL', ('B0*s', 'M0*sqrt(Abs(B1 + i))'))",0.90480852877255,0.8783338962292118,0.0014018123366095706,2,0.0,9.900000000000002,0.2311938990214792,0.9799244016726343,False,False,0,2
"('INTERNAL', ('B0*s', 'sqrt(Abs(M0 + M1))'))",0.9048085287710653,0.8958056832343746,0.00016210245551502735,2,0.0,9.900000000000002,0.23935788877071842,0.9819570512167292,False,False,0,2
"('INTERNAL', ('B0*s', 'sqrt(Abs(-B1 + M0 + M1))'))",0.9048085287672678,0.9048085286781414,1.5887020709930138e-20,2,0.0,9.900000000000002,0.24364117315752715,0.9829571884696111,False,False,0,2
"('INTERNAL', ('B0*M0 + B1*i', 'M0*M1'))",0.9043463212505458,0.891140565935288,0.00034878394689291957,2,0.0,9.900000000000002,0.2371590114584358,0.9814261726275937,False,False,0,2
"('INTERNAL', ('B0*sqrt(Abs(M0))', 'M0 - M1 + M2'))",0.9042675118386213,0.8993550749507854,4.826407235394243e-05,2,0.0,9.900000000000002,0.2410402822987867,0.9823551871911842,False,False,0,2
"('INTERNAL', ('B0*sqrt(Abs(M0 + M1))', 'M0*M1'))",0.9041987973000081,0.8818877784439666,0.0009955631247892767,2,0.0,9.900000000000002,0.23283885350084327,0.9803476796974369,False,False,0,2
"('INTERNAL', ('B0*M0 + B1*M1', 'M0*M1 + M2'))",0.904085973035344,0.8648823766783358,0.0030738439346464502,2,0.0,9.900000000000002,0.2250387643275465,0.978276754673191,False,False,0,2
"('INTERNAL', ('B0*M0*M1', 'sqrt(Abs(M0))*sqrt(Abs(M1))'))",0.9038900455701399,0.8787648702374256,0.001262548870999273,2,0.0,9.900000000000002,0.231392958638118,0.9799759996043061,False,False,0,2
"('INTERNAL', ('B0*sqrt(Abs(s))', 'sqrt(Abs(B1 - M0 + i))'))",0.9038780810119009,0.8948585989079519,0.00016270211484691196,2,0.0,9.900000000000002,0.2389103529336662,0.9818499732490032,False,False,0,2
"('INTERNAL', ('M0*M1*i', 'i'))",0.9037566497303351,0.869769265999002,0.002310284505801766,2,0.0,9.900000000000002,0.22726199651000237,0.9788836764917386,False,False,0,2
"('INTERNAL', ('B0*M0 + B0*M1 + B1*M2', 'M0*M1'))",0.9037545414857775,0.8824395801952867,0.0009086551496302441,2,0.0,9.900000000000002,0.23309497238140092,0.9804129505530156,False,False,0,2
"('INTERNAL', ('B0*M0*s', 'i'))",0.903228710311729,0.8971925356413034,7.287080930377543e-05,2,0.0,9.900000000000002,0.24001427828901206,0.9821132085252617,False,False,0,2
"('INTERNAL', ('M0*s', 'r'))",0.9032287000810213,0.6791230551358293,0.10044668019260099,2,0.0,9.900000000000002,0.15040806050928218,0.9480968126051406,False,False,0,2
"('INTERNAL', ('B0*i', '-M0 + i'))",0.9032071395428904,0.8777152519221822,0.0012996726689336318,2,0.0,9.900000000000002,0.2309083605346809,0.9798502059401732,False,False,0,2
"('INTERNAL', ('M0*M1 - M2', 'r'))",0.9027936093967709,0.8538879126174863,0.004783534354934647,2,0.0,9.900000000000002,0.22009004019919856,0.9768764758906481,False,False,0,2
"('INTERNAL', ('B0 + B1*M0 + B2*M1', 'r'))",0.9020974010322664,0.8771723171664376,0.0012425196114372078,2,0.0,9.900000000000002,0.23065796302912778,0.9797849648040236,False,False,0,2
"('INTERNAL', ('B0*i + B1*s', 'B2 + M0 + M1 - M2 + i'))",0.90200097600529,0.90200097600529,0.0,2,0.0,9.900000000000002,0.24229975196956655,0.9826487344025663,False,False,0,2
"('INTERNAL', ('B0*M0 + B0*M1 + B0*i', 'i'))",0.9017320211422909,0.8812083965534934,0.0008424383325237822,2,0.0,9.900000000000002,0.23252378132343124,0.9802671515468844,False,False,0,2
"('INTERNAL', ('B0*M1 + B0*sqrt(Abs(M0))', 'M0*M1'))",0.9015437178985584,0.8548380128192536,0.004362845773909981,2,0.0,9.900000000000002,0.2205148142520599,0.9769993881164679,False,False,0,2
"('INTERNAL', ('B0*M0 + B1*i', 'M0 + M1'))",0.8990994292601221,0.8756829591981786,0.00109666214032379,2,0.0,9.900000000000002,0.22997202534464786,0.9796053955509579,False,False,0,2
"('INTERNAL', ('B0*sqrt(Abs(M0)) + B1*M1', 'r'))",0.8987175035146516,0.8924077106308773,7.96269724722579e-05,2,0.0,9.900000000000002,0.23775489005966824,0.9815712239800772,False,False,0,2
"('INTERNAL', ('B0*M0*M1', 'B1 + M0'))",0.8983904551598685,0.8841864271002694,0.0004035088262357562,2,0.0,9.900000000000002,0.2339070367722275,0.9806187815438229,False,False,0,2
"('INTERNAL', ('B0*M0 + B0*M1', 'B1 + M0'))",0.8980436779939924,0.8924814531762794,6.187668984556636e-05,2,0.0,9.900000000000002,0.23778959940790045,0.9815796457591545,False,False,0,2
"('INTERNAL', ('B0 + B1*M0 + B2*M1 + B2*M2', 'B3*M1 - M0*M1'))",0.8979471036228516,0.888277994678376,0.00018698333556027574,2,0.0,9.900000000000002,0.2358166578906525,0.9810961463807975,False,False,0,2
"('INTERNAL', ('B0*sqrt(Abs(M0))', 'M0 + M1 - M2'))",0.8977775991848773,0.8708008437889894,0.0014554906633791366,2,0.0,9.900000000000002,0.22773317480728644,0.9790105753663347,False,False,0,2
"('INTERNAL', ('B0*M1 + B0*sqrt(Abs(M0))', 'i'))",0.8977771871957142,0.8962103765669016,4.9097910931201895e-06,2,0.0,9.900000000000002,0.2395492993879541,0.982002697741442,False,False,0,2
"('INTERNAL', ('B0*M2 + B1*M0*M1', 'M0*M1'))",0.8977100847686549,0.8749786590346347,0.0010334354318025495,2,0.0,9.900000000000002,0.22964813400580011,0.9795201718592005,False,False,0,2
"('INTERNAL', ('B0*M0 + B1*M1', 'sqrt(Abs(M0))*sqrt(Abs(M1))'))",0.8968682503471631,0.8956655751422812,2.89285529687559e-06,2,0.0,9.900000000000002,0.23929164552260673,0.9819412329028594,False,False,0,2
"('INTERNAL', ('B0*M0 + B1*M1', 'M0*M2 + M1*M2'))",0.8966563291092369,0.8862941576160948,0.00021474919610657412,2,0.0,9.900000000000002,0.23488943338375512,0.9808655215591254,False,False,0,2
"('INTERNAL', ('B0 + B1*M0', 'M0 - M1 + i'))",0.8965785210958401,0.8755987547852162,0.0008803011888967743,2,0.0,9.900000000000002,0.22993328545560707,0.9795952168061922,False,False,0,2
"('INTERNAL', ('M0*M2 - M1*M2', 'M0 - M1'))",0.8964482585085491,0.8682692853482183,0.0015881090567412778,2,0.0,9.900000000000002,0.2265780409063657,0.9786984007061809,False,False,0,2
"('INTERNAL', ('B0*M3 + B1*M0*M2 + B1*M1*M2', 'B2*Abs(M0)**(1/4)*Abs(M1)**(1/4)'))",0.8964482571124504,0.8871915337802421,0.00017137385369809843,2,0.0,9.900000000000002,0.23530854782048374,0.980970036780949,False,False,0,2
"('INTERNAL', ('B0*M0 + B1*s', 'M0'))",0.8964480809785101,0.8453990974938066,0.005211997429643054,2,0.0,9.900000000000002,0.21631871514680495,0.9757622839924761,False,False,0,2
"('INTERNAL', ('B0*M0 + B1*M1 + B2*M2', 'r'))",0.8964480053869712,0.8875283660576931,0.00015911993152880976,2,0.0,9.900000000000002,0.2354659954192792,0.981009184288106,False,False,0,2
"('TERMINAL', ('B0*i + B1*s', 'r'))",0.8964480053869712,0.8964480053869712,0.0,2,0.0,9.900000000000002,0.23966174165710652,0.982029470348508,True,False,0,2
"('INTERNAL', ('B0*M0 + B0*i', 'M0 + M1'))",0.8961886501608025,0.8930140125054657,2.0156648485365282e-05,2,0.0,9.900000000000002,0.23804036954903138,0.9816404027699958,False,False,0,2
"('INTERNAL', ('B0*i', '-M0 + r'))",0.8961886501608025,0.8828798004337949,0.00035425096211214225,2,0.0,9.900000000000002,0.23329943816166893,0.9804649360013992,False,False,0,2
"('TERMINAL', ('B0*i', 'B1 + i'))",0.8960828865649899,0.8960828865649899,0.0,2,0.0,9.900000000000002,0.2394889881403206,0.9819883247773471,True,False,0,2
"('INTERNAL', ('B0*i', 'B1 + M0 - M1 + i'))",0.8960828865649899,0.8960828865649899,0.0,2,0.0,9.900000000000002,0.2394889881403206,0.9819883247773471,False,False,0,2
"('INTERNAL', ('B0*M0*M2 + B1*M1*M2', 'M0 + M1'))",0.8960203321356123,0.8955749384599017,3.967510527260739e-07,2,0.0,9.900000000000002,0.23924879915820343,0.9819309958073215,False,False,0,2
"('INTERNAL', ('B0*M0 + B0*s', 'M0 - M1'))",0.895877134151235,0.8902400049432923,6.355445141408348e-05,2,0.0,9.900000000000002,0.23673614478935534,0.9813226973476286,False,False,0,2
"('INTERNAL', ('B0*M0 + B0*M1', '-M0 + i'))",0.895760443488484,0.8931064674779987,1.4087177328463627e-05,2,0.0,9.900000000000002,0.23808392305683437,0.9816509390369871,False,False,0,2
"('INTERNAL', ('B0*s', 'B1*M1*sqrt(Abs(M0))'))",0.8957604427771317,0.8868476267108478,0.00015887658046281729,2,0.0,9.900000000000002,0.2351478675675994,0.9809300205491964,False,False,0,2
"('INTERNAL', ('B0*M0 + B1*M1', 'sqrt(Abs(M0 + M1))'))",0.8955946570780042,0.8930390378417394,1.3062379361534155e-05,2,0.0,9.900000000000002,0.23805215789357909,0.9816432550184231,False,False,0,2
"('INTERNAL', ('M0*M1*M2', 'M0*i'))",0.895338254255675,0.8687378847289788,0.0014151593179135755,2,0.0,9.900000000000002,0.2267915626289931,0.9787563778459291,False,False,0,2
"('INTERNAL', ('B0*M0 + B0*M1', 'M0 + i'))",0.895329666591406,0.8833110314238177,0.0002888951825831794,2,0.0,9.900000000000002,0.23349984718055633,0.9805157852371216,False,False,0,2
"('INTERNAL', ('B0*M0 + B1*M1', 'M0 - M1'))",0.8953008531520014,0.8647292298853972,0.0018692482983103406,2,0.0,9.900000000000002,0.22496932812147247,0.9782575808879949,False,False,0,2
"('INTERNAL', ('B0*sqrt(Abs(M0))', 'B1 + M0'))",0.8950207233917661,0.8771853205869821,0.0006362031864177952,2,0.0,9.900000000000002,0.23066395796146005,0.9797865287161897,False,False,0,2
"('INTERNAL', ('B0*M0*M1', 'M0 - M1 + M2'))",0.8949442466650795,0.8866317275654362,0.00013819594756387155,2,0.0,9.900000000000002,0.2350470335412402,0.9809048750292324,False,False,0,2
"('INTERNAL', ('B0*M0*s', 'r'))",0.894943622439425,0.8905111019504961,3.929447576954984e-05,2,0.0,9.900000000000002,0.23686338631952514,0.9813538804881369,False,False,0,2
"('INTERNAL', ('B0*M0*M1', 'M0*M1 + M2'))",0.8948880831958569,0.8823641736708646,0.0003136966195803843,2,0.0,9.900000000000002,0.23305996112443794,0.980404038097063,False,False,0,2
"('INTERNAL', ('B0*M0 + B0*M1', '-M1 + sqrt(Abs(M0))'))",0.8944691952828835,0.8775902258306132,0.0005697992195413459,2,0.0,9.900000000000002,0.23085068312221727,0.97983519271717,False,False,0,2
"('INTERNAL', ('B0*M0', '-M0 + M1 + r'))",0.8944473449850653,0.8874084210015187,9.909290169229138e-05,2,0.0,9.900000000000002,0.23540992049257747,0.9809952491314883,False,False,0,2
"('INTERNAL', ('B0*sqrt(Abs(M0))', 'sqrt(Abs(r))'))",0.8938480647880024,0.890741617575504,1.9300028568078406e-05,2,0.0,9.900000000000002,0.23697161761304159,0.9813803727886923,False,False,0,2
"('INTERNAL', ('B0*M2 + B1*M0*M1', 'M0 + M1'))",0.8932139391102397,0.8557532762472613,0.002806602524267477,2,0.0,9.900000000000002,0.22092452522578004,0.9771174525437146,False,False,0,2
"('INTERNAL', ('B0 + B1*M0 + B1*M1', 'M0*M1'))",0.8920025646896217,0.867807602808227,0.0011707923608842846,2,0.0,9.900000000000002,0.22636780270508636,0.9786411937466178,False,False,0,2
"('INTERNAL', ('B0*i*s', 'M0'))",0.8911563609708778,0.8744103062595854,0.0005608606967871984,2,0.0,9.900000000000002,0.2293869863789472,0.9794512544787072,False,False,0,2
"('INTERNAL', ('M0*M1', 'M0*M1*i'))",0.8906796060018082,0.836351779284884,0.005903025511568282,2,0.0,9.900000000000002,0.2123460759765586,0.9745430502118927,False,False,0,2
"('INTERNAL', ('B0*sqrt(Abs(M0)) + B1*M1', 'sqrt(Abs(M0))'))",0.8894101328909456,0.8794612079879301,0.00019796221345168258,2,0.0,9.900000000000002,0.23171483079927915,0.9800592118191438,False,False,0,2
"('INTERNAL', ('B0*i', 'M0 - M1 - M2'))",0.8889885272965824,0.8706275082164088,0.0006742540433249997,2,0.0,9.900000000000002,0.2276539570972733,0.9789892822408318,False,False,0,2
"('INTERNAL', ('B0*sqrt(Abs(M0 + M1))', 'M0*M1 + M2'))",0.8882390608974964,0.8829291463616897,5.639038475514146e-05,2,0.0,9.900000000000002,0.2333223651033423,0.9804707584434792,False,False,0,2
"('INTERNAL', ('B0*sqrt(Abs(i))', 'sqrt(Abs(M0))'))",0.8879763128566178,0.8674278827930477,0.000844475956154863,2,0.0,9.900000000000002,0.2261949860698883,0.9785940790583959,False,False,0,2
"('INTERNAL', ('B0*M0 + B1*i + B1*s', 'i'))",0.8877087922086816,0.8877087922086816,0.0,2,0.0,9.900000000000002,0.2355503627921752,0.9810301353505828,False,False,0,2
"('INTERNAL', ('B0*M0 + B0*M1 + B0*i', 'M0'))",0.8877087922086816,0.8699974762901006,0.0006273814231355611,2,0.0,9.900000000000002,0.22736617624639166,0.978911786160239,False,False,0,2
"('INTERNAL', ('B0 + B1*M0 + B1*s', 'i'))",0.8877087922086816,0.8877087922086816,0.0,2,0.0,9.900000000000002,0.2355503627921752,0.9810301353505828,False,False,0,2
"('INTERNAL', ('B0*M0 + B0*M1 + B0*M2', 'M0 + M1'))",0.8875011734160477,0.882646810083004,4.7129686738397284e-05,2,0.0,9.900000000000002,0.23319120768056992,0.9804374318501687,False,False,0,2
"('INTERNAL', ('B0*sqrt(Abs(M0)) + B1*M1', 'M0*M1'))",0.8874837667713783,0.88003013543184,0.00011111324029149592,2,0.0,9.900000000000002,0.23197803474054074,0.980127055377959,False,False,0,2
"('INTERNAL', ('B0*M0', '-M0 - M1 + i'))",0.8872267636591944,0.8829178014514707,3.713431061518075e-05,2,0.0,9.900000000000002,0.23331709393286426,0.9804694199165105,False,False,0,2
"('INTERNAL', ('B0*s', '-M0*M1 + M1*i'))",0.8868028390505752,0.8525477259671045,0.0023468255447227355,2,0.0,9.900000000000002,0.21949178353958254,0.9767024858594213,False,False,0,2
"('INTERNAL', ('B0*M1 - M0*M1', 'M0'))",0.8862479880227,0.8476754990100424,0.002975673817263176,2,0.0,9.900000000000002,0.2173258532157627,0.9760638984466949,False,False,0,2
"('INTERNAL', ('B0*sqrt(Abs(M0 + M1))', 'i'))",0.8862262684033015,0.8779158013770527,0.00013812772438873518,2,0.0,9.900000000000002,0.23100089899206488,0.9798742750736923,False,False,0,2
"('INTERNAL', ('B0*M0*M1', 'Abs(M0)**(1/4)'))",0.8855660990352072,0.4427830495176036,0.39211365788021724,2,0.0,9.900000000000002,0.07931362956736919,0.8893242616917207,False,False,0,2
"('INTERNAL', ('B0*M0 + B0*M1', 'M1 + sqrt(Abs(M0))'))",0.8854860812274831,0.8647230269110685,0.000862208849092763,2,0.0,9.900000000000002,0.22496651601664558,0.9782568040863102,False,False,0,2
"('INTERNAL', ('B0 + B1*sqrt(Abs(i))', 'sqrt(Abs(M0 + M1))'))",0.8847195476057621,0.8816914245137577,1.8339058920659542e-05,2,0.0,9.900000000000002,0.23274776200168334,0.9803244244249031,False,False,0,2
"('INTERNAL', ('B0*M0*M1', 'sqrt(Abs(M0 + M1))'))",0.8838934661732213,0.8682034198112651,0.0004923551096806612,2,0.0,9.900000000000002,0.22654803945901025,0.9786902445214197,False,False,0,2
"('INTERNAL', ('B0*M1 + B0*sqrt(Abs(M0))', 'M0 + M1'))",0.8837822969814038,0.8629591148512521,0.0008672098280509351,2,0.0,9.900000000000002,0.2241678015550295,0.9780352857041389,False,False,0,2
"('INTERNAL', ('B0 + B1*sqrt(Abs(i))', 'sqrt(Abs(-B2 + M0 + M1))'))",0.8834522687696655,0.8817931630544327,5.505263548636542e-06,2,0.0,9.900000000000002,0.23279495699205305,0.980336475791372,False,False,0,2
"('INTERNAL', ('B0 + B1*M0 + B1*M1', 'M0*M2 - M1*M2'))",0.8825268589792441,0.8548598665093659,0.0015309249446566087,2,0.0,9.900000000000002,0.2205245910396787,0.9770022110336812,False,False,0,2
"('INTERNAL', ('M0*M1*i', 'M0*M1'))",0.8817451191452869,0.8508908676095555,0.0019039696756603672,2,0.0,9.900000000000002,0.2187536480422156,0.9764863915611488,False,False,0,2
"('INTERNAL', ('B0*M0 + B0*M1', 'sqrt(Abs(M0))'))",0.8809321211853529,0.8579196933566255,0.0010591436691447715,2,0.0,9.900000000000002,0.22189631215150193,0.9773955762192401,False,False,0,2
"('INTERNAL', ('B0*M0 + B0*i', 'M0 - M1'))",0.8792801929168913,0.8781004555431617,2.7835605419482524e-06,2,0.0,9.900000000000002,0.2310861251799308,0.979896422369375,False,False,0,2
"('INTERNAL', ('B0*sqrt(Abs(M0))', 'B1*M0 + M1'))",0.8789971268674202,0.8732188147977776,6.677778074835288e-05,2,0.0,9.900000000000002,0.22884016830447962,0.9793063590439525,False,False,0,2
"('INTERNAL', ('B0*M0', '-M0 + M1 + i'))",0.8788505718270021,0.8783926912429877,4.193092584347617e-07,2,0.0,9.900000000000002,0.23122104860604772,0.9799314451992532,False,False,0,2
"('INTERNAL', ('B0 + B1*M0', 'M1 + sqrt(Abs(M0))'))",0.8786662953343142,0.8716529221605207,9.837480654977409e-05,2,0.0,9.900000000000002,0.22812286054177996,0.9791150734924748,False,False,0,2
"('INTERNAL', ('B0*M0 + B0*s + B1*M1', 'M0'))",0.8786089367439408,0.8779552195656781,8.546922983113698e-07,2,0.0,9.900000000000002,0.23101909046811725,0.9798790040033837,False,False,0,2
"('INTERNAL', ('B0*M0 + B1*M1', 'M0 - M1 + M2'))",0.8786088116542674,0.8713395242646081,0.00010568507830691835,2,0.0,9.900000000000002,0.22797948045954677,0.9790766722842861,False,False,0,2
"('INTERNAL', ('B0*M0 + B0*M1', 'M1*sqrt(Abs(M0))'))",0.878608746875195,0.8780517981810145,6.203836958985877e-07,2,0.0,9.900000000000002,0.23106366555631502,0.9798905877546218,False,False,0,2
"('INTERNAL', ('B0*M0 + B1*M1', 'M1*sqrt(Abs(M0))'))",0.878608746875195,0.8691932080805937,0.00017730474158528012,2,0.0,9.900000000000002,0.22699916420315958,0.9788126285800856,False,False,0,2
"('INTERNAL', ('B0*i', 'B1 - M0 + i'))",0.8783544960226025,0.8783505468458094,3.1191994686931725e-11,2,0.0,9.900000000000002,0.23120158750392245,0.9799263965232234,False,False,0,2
"('INTERNAL', ('B0*M0 + B0*M1', 'M0 - M1 + M2'))",0.8783544960206436,0.8771569964598835,2.8680103960411115e-06,2,0.0,9.900000000000002,0.23065089989990495,0.9797831221071752,False,False,0,2
"('INTERNAL', ('B0*Abs(M0)**(1/4)', 'M0 - M1'))",0.8783544960204416,0.8772877342251979,2.275961455582665e-06,2,0.0,9.900000000000002,0.23071117713413572,0.9797988435800923,False,False,0,2
"('INTERNAL', ('B0*sqrt(Abs(M0))', 'M0 - M1 - M2'))",0.8783544960154497,0.8696148696181779,0.00015276213912777912,2,0.0,9.900000000000002,0.22719153156248775,0.978864647037936,False,False,0,2
"('INTERNAL', ('B0*i', 'B1*M0 + M0*i'))",0.8783463607848412,0.8297987612843871,0.00471373883451297,2,0.0,9.900000000000002,0.20949844618248284,0.973639482946354,False,False,0,2
"('INTERNAL', ('B0*Abs(M0)**(1/4)', 'i'))",0.8783360422877864,0.8645011101252315,0.00038281069588499397,2,0.0,9.900000000000002,0.2248659259639656,0.978229003236196,False,False,0,2
"('INTERNAL', ('B0*sqrt(Abs(M0))', 'M0*i'))",0.8783356198593079,0.873192179500839,5.290995744225151e-05,2,0.0,9.900000000000002,0.2288279544649481,0.9793031135067286,False,False,0,2
"('INTERNAL', ('M0 - M1 - M2', 'r'))",0.8783346507629184,0.864190076567625,0.0004001379583323175,2,0.0,9.900000000000002,0.22472499174617358,0.9781900051314955,False,False,0,2
"('INTERNAL', ('B0*s', 'M0*M1 + M2'))",0.8779348106620983,0.8779348106595982,1.2501112316277749e-23,2,0.0,9.900000000000002,0.23100967164614544,0.9798765556605455,False,False,0,2
"('INTERNAL', ('B0*s', 'M0*M2 + M1*M2'))",0.8779348106589733,0.8691993592736587,0.00015261622181039308,2,0.0,9.900000000000002,0.2270019696699182,0.9788133879339812,False,False,0,2
"('INTERNAL', ('B0*s', 'B1*M1 - M0*M1'))",0.8779348097473043,0.8359616577695912,0.0035234909738883916,2,0.0,9.900000000000002,0.2121758510427869,0.9744897396546082,False,False,0,2
"('INTERNAL', ('B0*M2 + B1*M0*M1', 'r'))",0.8778923766023307,0.8752343478340892,1.4130233865599788e-05,2,0.0,9.900000000000002,0.2297656837208003,0.9795511342584515,False,False,0,2
"('INTERNAL', ('B0*sqrt(Abs(M0 + M1))', 'sqrt(Abs(M0))'))",0.8773983680873594,0.8648728478114858,0.00031377731636264344,2,0.0,9.900000000000002,0.22503444355611082,0.978275561944011,False,False,0,2
"('INTERNAL', ('B0*M0 + B0*M1 + B0*s', 'M0*M1'))",0.8771648856843933,0.847915088763249,0.0017111012398563774,2,0.0,9.900000000000002,0.2174320322066014,0.9760955226159379,False,False,0,2
"('INTERNAL', ('B0*sqrt(Abs(s))', 'M0*i + M1'))",0.877003490914144,0.8597310159730416,0.0005966767811820207,2,0.0,9.900000000000002,0.22271098588774482,0.9776266744375408,False,False,0,2
"('INTERNAL', ('B0*sqrt(Abs(M0))', 'M0*M2 + M1*M2'))",0.8766715595856256,0.8727843560931537,3.0220701983770648e-05,2,0.0,9.900000000000002,0.22864099844733476,0.9792533845405524,False,False,0,2
"('INTERNAL', ('B0*M0', 'B1*M0 + B2*M1'))",0.8766236651669337,0.8685437865499448,0.00013056887693054767,2,0.0,9.900000000000002,0.22670310360806412,0.9787323737993292,False,False,0,2
"('INTERNAL', ('B0*M0 + B0*M1', 'B1*M0'))",0.876463275070446,0.8707675526120927,6.488250864517937e-05,2,0.0,9.900000000000002,0.227717958658448,0.9790064866948328,False,False,0,2
"('INTERNAL', ('M2*sqrt(Abs(M0 + M1))', 'i'))",0.8758616930448996,0.5565740605089138,0.20388918458086938,2,0.0,9.900000000000002,0.11048387158676362,0.9205256011372858,False,False,0,2
"('INTERNAL', ('B0*M0*M1', 'M0 + i'))",0.8757955601475215,0.8724754902279945,2.2045728541096293e-05,2,0.0,9.900000000000002,0.2284994754175447,0.9792156781290281,False,False,0,2
"('INTERNAL', ('B0*M0 + B0*M1', 'M0 + M1 - M2'))",0.8753042053886798,0.8721042609788818,2.0479288451593664e-05,2,0.0,9.900000000000002,0.22832945539964944,0.9791703081028668,False,False,0,2
"('INTERNAL', ('M0*M2 - M1*M2', 'M0*M1'))",0.8751148216954788,0.8383360326242519,0.0027053586510916014,2,0.0,9.900000000000002,0.2132132529782985,0.9748132572989933,False,False,0,2
"('INTERNAL', ('M0*M1', 'M0 + M1'))",0.8742386260712836,0.4371193130356418,0.38214658765750276,2,0.0,9.900000000000002,0.07790470522364253,0.8876261458134312,False,False,0,2
"('INTERNAL', ('B0*M0', 'M0*M1*M2'))",0.8741112245807023,0.8603856778873666,0.00037678126406187254,2,0.0,9.900000000000002,0.2230059191835492,0.9777098774460544,False,False,0,2
"('INTERNAL', ('B0*sqrt(Abs(M0))', 'sqrt(Abs(i))'))",0.8738628224646072,0.8478411865741915,0.001354251068826744,2,0.0,9.900000000000002,0.2173992773453199,0.9760857704931056,False,False,0,2
"('INTERNAL', ('B0*i', 'M0*i'))",0.8725765040923017,0.8560452393135699,0.0005465654303690765,2,0.0,9.900000000000002,0.22105532615673446,0.9771550439261302,False,False,0,2
"('INTERNAL', ('B0*M0 + B0*i', 'r'))",0.8725763190658475,0.8710638116605681,4.575357302050152e-06,2,0.0,9.900000000000002,0.2278533915802136,0.9790428563690811,False,False,0,2
"('INTERNAL', ('M0*M1*i', 'sqrt(Abs(M0))'))",0.8725761490402454,0.854398331405402,0.0006608661079312443,2,0.0,9.900000000000002,0.220318172747017,0.9769425524005013,False,False,0,2
"('INTERNAL', ('i*s', 'M0'))",0.8721043339334293,0.7592113582379638,0.02548964792275394,2,0.0,9.900000000000002,0.1803436672642169,0.9628131104332895,False,False,0,2
"('INTERNAL', ('B0*M0*M1', 'M1 + sqrt(Abs(M0))'))",0.8709997727535536,0.8694296436560558,4.930610765617759e-06,2,0.0,9.900000000000002,0.22710701565536168,0.9788418052836434,False,False,0,2
"('INTERNAL', ('B0*Abs(M0)**(1/4)', 'sqrt(Abs(M0))'))",0.8699407629418006,0.8586911064761491,0.00025310954119035106,2,0.0,9.900000000000002,0.22224302643654542,0.9774941573734679,False,False,0,2
"('INTERNAL', ('B0*M0 + B0*M1', 'M0*M2 + M1*M2'))",0.8698228474086833,0.8670866255309789,1.4973820328056301e-05,2,0.0,9.900000000000002,0.22603974983751554,0.9785516876855446,False,False,0,2
"('TERMINAL', ('B0*i + B0*s', 'r'))",0.8695513042552887,0.8695513042552887,0.0,2,0.0,9.900000000000002,0.2271625252353453,0.9788568098051924,True,False,0,2
"('INTERNAL', ('B0*M0*M2 + B1*M1*M2', 'sqrt(Abs(M0))'))",0.8691554228537078,0.8602465194794733,0.0001587371186628967,2,0.0,9.900000000000002,0.22294320489556843,0.9776922056913167,False,False,0,2
"('INTERNAL', ('B0*sqrt(Abs(M0))', 'M1*sqrt(Abs(M0))'))",0.8685386557234224,0.8642404435083836,3.694925649101729e-05,2,0.0,9.900000000000002,0.2247478098016758,0.9781963228732302,False,False,0,2
"('INTERNAL', ('B0*M0 + B0*M1', 'M0*M2 - M1*M2'))",0.8682304283605147,0.8463804220841108,0.0009548455485577776,2,0.0,9.900000000000002,0.21675250241474256,0.9758925599078659,False,False,0,2
"('INTERNAL', ('B0*Abs(M0)**(1/4)', 'M0*M1'))",0.8672879174894566,0.838096935638357,0.0017042268428624475,2,0.0,9.900000000000002,0.21310863897488838,0.9747807816474575,False,False,0,2
"('INTERNAL', ('B0*M0 + B0*M1 + B0*s', 'sqrt(Abs(M0))'))",0.8644164355593873,0.8583318344299979,7.404474180753311e-05,2,0.0,9.900000000000002,0.22208150571973195,0.9774482745028783,False,False,0,2
"('INTERNAL', ('B0*sqrt(Abs(M0))', 'M1 + sqrt(Abs(M0))'))",0.8637473313014201,0.8492442668099386,0.00042067775928814494,2,0.0,9.900000000000002,0.2180217023718384,0.9762705478778004,False,False,0,2
"('INTERNAL', ('sqrt(Abs(M0))', 'M0 + M1'))",0.8636333711380304,0.4318166855690152,0.3729312998716195,2,0.0,9.900000000000002,0.07659768055154693,0.8860235600868285,False,False,0,2
"('INTERNAL', ('B0*M1 + B0*sqrt(Abs(M0))', 'M0 - M1'))",0.8625223566385025,0.8596353521422231,1.6669589923076286e-05,2,0.0,9.900000000000002,0.222667909855766,0.9776145018983733,False,False,0,2
"('INTERNAL', ('B0*M0 + B0*M1', 'M0*M1 + M2'))",0.8608557986200565,0.8357937673942533,0.0012562108183262687,2,0.0,9.900000000000002,0.21210262128578886,0.9744667784782752,False,False,0,2
"('INTERNAL', ('M0*M1*s', 'M0'))",0.8599263534858105,0.42996317674290524,0.3697366667097015,2,0.0,9.900000000000002,0.0761435657283306,0.8854604707715255,False,False,0,2
"('INTERNAL', ('B0*sqrt(Abs(M0))', 'Abs(M0)**(1/4)'))",0.8599019631479036,0.8572098463482696,1.4494985725743436e-05,2,0.0,9.900000000000002,0.22157758588289433,0.9773046528425097,False,False,0,2
"('INTERNAL', ('M0*M2*M3 + M1*M2*M3', 'M0*M1*M2'))",0.8592541530162414,0.8573511769242741,7.242636013198665e-06,2,0.0,9.900000000000002,0.2216410201005617,0.9773227717351649,False,False,0,2
"('INTERNAL', ('B0*sqrt(Abs(M0))', 'M0*M2 - M1*M2'))",0.8591910181375642,0.8506349948157654,0.00014641107016633015,2,0.0,9.900000000000002,0.21863980180204792,0.976452921760784,False,False,0,2
"('INTERNAL', ('M1*sqrt(Abs(M0))', 'M0*M1'))",0.8573786716135561,0.42868933580677804,0.367549093268913,2,0.0,9.900000000000002,0.07583229631861259,0.8850726061333938,False,False,0,2
"('INTERNAL', ('M0*M2 + M1*M2', 'M0*M1'))",0.8561183009588954,0.4280591504794477,0.3664692726183729,2,0.0,9.900000000000002,0.07567855582972541,0.8848804604085693,False,False,0,2
"('INTERNAL', ('M0*M1*i', 'r'))",0.8558157462864716,0.8468209239689739,0.00016181365704671268,2,0.0,9.900000000000002,0.21694740810007093,0.9759509135435095,False,False,0,2
"('INTERNAL', ('B0*i', 'M1*sqrt(Abs(M0))'))",0.8552120509972263,0.8494779376210285,6.576011242218061e-05,2,0.0,9.900000000000002,0.21812547536937113,0.9763012444773734,False,False,0,2
"('INTERNAL', ('B0*sqrt(Abs(M0))', 'sqrt(Abs(M0 + r))'))",0.8540254845823254,0.8447846149578851,0.00017078734283180541,2,0.0,9.900000000000002,0.2160473771543926,0.9756805121128576,False,False,0,2
"('INTERNAL', ('B0 - M0 - M1 - i', 'M0'))",0.8532819147224354,0.4266409573612177,0.3640450129961928,2,0.0,9.900000000000002,0.07533317369329681,0.8844474083812279,False,False,0,2
"('INTERNAL', ('M0*M1*M2', 'M0*M2 - M1*M2'))",0.852447659842106,0.426223829921053,0.36333350638514145,2,0.0,9.900000000000002,0.07523174626851409,0.8843198677962243,False,False,0,2
"('INTERNAL', ('B0*i', 'sqrt(Abs(M0))*sqrt(Abs(M1))'))",0.8522664891306934,0.847806103600355,3.9790078158503266e-05,2,0.0,9.900000000000002,0.2173837290344591,0.9760811401840831,False,False,0,2
"('INTERNAL', ('B0 + B1*M0 + B1*i', 'B2 - r'))",0.8522512410689932,0.8522512410689932,0.0,2,0.0,9.900000000000002,0.2193595782784692,0.9766638976806019,False,False,0,2
"('INTERNAL', ('B0 + i**2', 'B1 + B2*M0 - M1'))",0.8522280964440768,0.4261140482220384,0.36314636418434737,2,0.0,9.900000000000002,0.0752050640573982,0.884286288268847,False,False,0,2
"('INTERNAL', ('B0*i + B0*s', 'sqrt(Abs(M0))'))",0.8521041087945832,0.851372375046281,1.070868556808642e-06,2,0.0,9.900000000000002,0.21896799233165773,0.9765493048521905,False,False,0,2
"('INTERNAL', ('M0*M1*M2', 'M0 - M1'))",0.8512142833721618,0.7963167970041714,0.00602746801904738,2,0.0,9.900000000000002,0.19532941631988276,0.9687539223432335,False,False,0,2
"('INTERNAL', ('B0*Abs(M0)**(1/4)', 'M0 + M1'))",0.8510829665046062,0.845765403562132,5.655295129435168e-05,2,0.0,9.900000000000002,0.21648057149397867,0.9758109580786524,False,False,0,2
"('INTERNAL', ('B0*M1 + B0*sqrt(Abs(M0))', 'r'))",0.8509613514046727,0.838938550858634,0.0002890954659396549,2,0.0,9.900000000000002,0.2134770255452978,0.9748949935796956,False,False,0,2
"('INTERNAL', ('B0*Abs(M0)**(1/4)', 'r'))",0.8441356274813991,0.8397115704188662,3.914456178509602e-05,2,0.0,9.900000000000002,0.2138157513518371,0.9749996468198001,False,False,0,2
"('INTERNAL', ('B0*M0 + B1*M1', 'Abs(M0)**(1/4)*Abs(M1)**(1/4)*Abs(M2)**(1/4)'))",0.8439577842303756,0.835455553042391,0.00014457587034787318,2,0.0,9.900000000000002,0.21195515002748078,0.9744204890180266,False,False,0,2
"('INTERNAL', ('B0*sqrt(Abs(M0))', '-M1 + sqrt(Abs(M0))'))",0.8437438219189701,0.8353042352168671,0.00014245324740462618,2,0.0,9.900000000000002,0.21188919258565803,0.9743997641787154,False,False,0,2
"('INTERNAL', ('B0*sqrt(Abs(M0))', 'sqrt(Abs(M0))*sqrt(Abs(M1))'))",0.8431650875322195,0.8387399425447981,3.916381631940174e-05,2,0.0,9.900000000000002,0.21339005467637173,0.9748680668787512,False,False,0,2
"('INTERNAL', ('B0*M0 + B0*M1', 'M0*i'))",0.8409586458537781,0.8287069534785455,0.00030020793211466544,2,0.0,9.900000000000002,0.20902640786886723,0.9734872658872167,False,False,0,2
"('INTERNAL', ('B0*M0*M1', 'M0 - M1'))",0.838193548503509,0.8280737776043994,0.000204819526100933,2,0.0,9.900000000000002,0.2087529709821891,0.9733987712090592,False,False,0,2
"('INTERNAL', ('B0*sqrt(Abs(M0 - M1 + M2))', 'B1*M1*M2 - M0*M1*M2 - M3 + M4'))",0.8379282991443949,0.8242126250799517,0.00037623943008407426,2,0.0,9.900000000000002,0.20709050622451222,0.9728556454188616,False,False,0,2
"('INTERNAL', ('M0 - M1', 'M0 + M1'))",0.836801716462912,0.4261040155692058,0.3373452030387524,2,0.0,9.900000000000002,0.07520262589093356,0.8842832192615027,False,False,0,2
"('INTERNAL', ('B0*s + M0*s', '2*r'))",0.8358385767001933,0.8195691856790064,0.0005293861684005579,2,0.0,9.900000000000002,0.20510248323433514,0.9721945607421258,False,False,0,2
"('INTERNAL', ('B0*i', '-M1 + sqrt(Abs(M0))'))",0.8353063859392885,0.8284099417073639,9.512188608809195e-05,2,0.0,9.900000000000002,0.20889811471269118,0.9734457745883245,False,False,0,2
"('INTERNAL', ('B0*M0', 'B1*sqrt(Abs(M0))'))",0.8353063850700497,0.8266091328681522,0.00015128439172682043,2,0.0,9.900000000000002,0.2081213460698637,0.9731934518894314,False,False,0,2
"('INTERNAL', ('B0*i', 'B1*M0'))",0.8269531028674276,0.8160592376620607,0.00023735259822540931,2,0.0,9.900000000000002,0.20360786208940998,0.9716891096588482,False,False,0,2
"('INTERNAL', ('M0*s', 'M0*M1'))",0.8265581953658447,0.5916600669002865,0.11035426151324385,2,0.0,9.900000000000002,0.12122073295679689,0.9290492305065974,False,False,0,2
"('INTERNAL', ('M0*M2 - M1*M2', 'r'))",0.8253693568763613,0.41268467843818063,0.3406172876352491,2,0.0,9.900000000000002,0.07197865938418142,0.8801383671613023,False,False,0,2
"('INTERNAL', ('B0*M1 - M0*M1 + M1*sqrt(Abs(s))', 'B1 - M0'))",0.8214647125801431,0.8214647125801431,0.0,2,0.0,9.900000000000002,0.20591254552649732,0.9724654709335956,False,False,0,2
"('INTERNAL', ('B0*M0*i - M1*i', 'sqrt(Abs(B1*M0 + B1*M1 + B1*M2 + B1*r))'))",0.8214159732147379,0.41070798660736896,0.3373621005261575,2,0.0,9.900000000000002,0.0715100444233023,0.8795210714036303,False,False,0,2
"('INTERNAL', ('B0*M0*i', 'sqrt(Abs(M0))'))",0.8194092557776278,0.6968802722788121,0.030026703594506095,2,0.0,9.900000000000002,0.15677181930124365,0.9515835941842968,False,False,0,2
"('INTERNAL', ('M0 - M1 - M2', 'sqrt(Abs(M0))'))",0.8114626106437317,0.40573130532186585,0.3292357842363703,2,0.0,9.900000000000002,0.07033735084319548,0.8779592059639763,False,False,0,2
"('INTERNAL', ('B0*i', '-M0*M2 - M1*M2 + M2*i'))",0.805165378223468,0.7816062996565107,0.001110060365848123,2,0.0,9.900000000000002,0.1893001477585457,0.9664649872086197,False,False,0,2
"('INTERNAL', ('M0*M1*i', 'M0 + M1'))",0.8023826948437481,0.40119134742187407,0.3219089944923577,2,0.0,9.900000000000002,0.06927645948308668,0.8765247482848513,False,False,0,2
"('INTERNAL', ('B0*i', 'B1*M0 + M0*r'))",0.7734386497008462,0.7619526898629458,0.0002638545467957197,2,0.0,9.900000000000002,0.18142581541491729,0.9632709837055157,False,False,0,2
"('INTERNAL', ('M0*M1*M2', 'r'))",0.7245805396322625,0.36229026981613127,0.2625084792068904,2,0.0,9.900000000000002,0.06053276077101049,0.8638516214191877,False,False,0,2
"('INTERNAL', ('M0 - M1', 'M0*M1'))",0.5180819179967311,0.25904095899836554,0.1342044368775858,2,0.0,9.900000000000002,0.04031275323729984,0.8267621769450743,False,False,0,2
"('INTERNAL', ('M0*s', 'M0 - M1'))",0.48306660362436055,0.24153330181218027,0.11667667176858754,2,0.0,9.900000000000002,0.03731179020959512,0.8199496117488838,False,False,0,2
"('INTERNAL', ('M0*M1', 'i'))",0.4550174101906372,0.2275087050953186,0.10352042178829729,2,0.0,9.900000000000002,0.034996992982885396,0.814377295606094,False,False,0,2
"('INTERNAL', ('M0*sqrt(Abs(s))', 'i'))",0.3905366203182902,0.1952683101591451,0.07625942590481617,2,0.0,9.900000000000002,0.029975855114813474,0.8011684929738101,False,False,0,2
"('INTERNAL', ('s', 'M0 + M1'))",0.30751230326375306,0.3044525558462787,1.872410851748172e-05,2,0.0,9.900000000000002,0.04867368175224435,0.8437111260614025,False,False,0,2
"('TERMINAL', ('s', 'i'))",0.30751230326375306,0.30751230326375306,0.0,2,0.0,9.900000000000002,0.04926702753901255,0.8448165510824621,True,False,0,2
"('INTERNAL', ('s', 'M0*M1'))",0.2837553463079377,0.2837553463079377,0.0,2,0.0,9.900000000000002,0.04475962108338916,0.836113475163609,False,False,0,2
"('INTERNAL', ('M0*M1 - M2', 'sqrt(Abs(M0))'))",8.274826022385359e-07,4.1374130111926796e-07,3.423637285037295e-13,2,0.0,9.900000000000002,0.008403788669223866,0.7075984530422145,False,False,0,2
"('INTERNAL', ('M0 - M1', 'i'))",0.0,0.0,0.0,2,0.0,9.900000000000002,0.008403758659612645,0.7075982261787133,False,False,0,2
"('TERMINAL', ('B0 + B1*i', 'B2'))",0.0,0.0,0.0,2,0.0,9.900000000000002,0.008403758659612645,0.7075982261787133,True,True,0,2
"('INTERNAL', ('sqrt(Abs(M0))', 'M0*i'))",0.0,0.0,0.0,2,0.0,9.900000000000002,0.008403758659612645,0.7075982261787133,False,False,0,2
"('INTERNAL', ('sqrt(Abs(B0 - M0 + M1))', 'B1*r'))",0.0,0.0,0.0,2,0.0,9.900000000000002,0.008403758659612645,0.7075982261787133,False,False,0,2
"('INTERNAL', ('B0', 'M0 - M1'))",0.0,0.0,0.0,2,0.0,9.900000000000002,0.008403758659612645,0.7075982261787133,True,True,0,2
"('INTERNAL', ('B0', 'M0*i'))",0.0,0.0,0.0,2,0.0,9.900000000000002,0.008403758659612645,0.7075982261787133,True,True,0,2
"('INTERNAL', ('B0*s + M0*s', 'M0'))",0.0,0.0,0.0,2,0.0,9.900000000000002,0.008403758659612645,0.7075982261787133,False,False,0,2
"('INTERNAL', ('B0*M0 + B1*M1', 'B2'))",0.0,0.0,0.0,2,0.0,9.900000000000002,0.008403758659612645,0.7075982261787133,True,True,0,2
"('TERMINAL', ('0', 'r'))",0.0,0.0,0.0,2,0.0,9.900000000000002,0.008403758659612645,0.7075982261787133,True,False,0,2
"('INTERNAL', ('M0*M1', '0'))",0.0,0.0,0.0,2,0.0,9.900000000000002,0.008403758659612645,0.7075982261787133,False,False,0,2
"('INTERNAL', ('B0', 'sqrt(Abs(M0 + M1))'))",0.0,0.0,0.0,2,0.0,9.900000000000002,0.008403758659612645,0.7075982261787133,True,True,0,2
"('INTERNAL', ('B0*M0 + B0*M1', 'B1'))",0.0,0.0,0.0,2,0.0,9.900000000000002,0.008403758659612645,0.7075982261787133,True,True,0,2
"('TERMINAL', ('B0', 'sqrt(Abs(i))'))",0.0,0.0,0.0,2,0.0,9.900000000000002,0.008403758659612645,0.7075982261787133,True,False,0,2
"('TERMINAL', ('B0', 'B1 + i'))",0.0,0.0,0.0,2,0.0,9.900000000000002,0.008403758659612645,0.7075982261787133,True,True,0,2
"('TERMINAL', ('B0*s*sqrt(Abs(i))', 'B1'))",0.0,0.0,0.0,2,0.0,9.900000000000002,0.008403758659612645,0.7075982261787133,True,False,0,2
"('INTERNAL', ('B0', 'M0*M1 + M2'))",0.0,0.0,0.0,2,0.0,9.900000000000002,0.008403758659612645,0.7075982261787133,True,True,0,2
"('TERMINAL', ('B0', 'sqrt(Abs(r))'))",0.0,0.0,0.0,2,0.0,9.900000000000002,0.008403758659612645,0.7075982261787133,True,True,0,2
"('TERMINAL', ('B0*s', 'sqrt(Abs(C0 - C1))'))",0.0,0.0,0.0,2,0.0,9.900000000000002,0.008403758659612645,0.7075982261787133,True,True,0,2
"('INTERNAL', ('B0*i*s', 'B1 - M0 + M1 + M2'))",0.9506952091578503,0.9506952091578503,,1,0.0,9.900000000000002,0.14585490717119237,0.9845077163501916,False,False,0,1
"('INTERNAL', ('B0*i*s', 'B1 + B2*M0'))",0.950661683500833,0.950661683500833,,1,0.0,9.900000000000002,0.14584679834198114,0.9845056088907864,False,False,0,1
"('INTERNAL', ('B0*i*s', 'B1 + M0*M1*M2'))",0.950661683500833,0.950661683500833,,1,0.0,9.900000000000002,0.14584679834198114,0.9845056088907864,False,False,0,1
"('INTERNAL', ('B0*i*s', 'B1 + M0*r + M1*r'))",0.950661683500833,0.950661683500833,,1,0.0,9.900000000000002,0.14584679834198114,0.9845056088907864,False,False,0,1
"('INTERNAL', ('B0*i*s', 'B1 + r*sqrt(Abs(M0))'))",0.950661683500833,0.950661683500833,,1,0.0,9.900000000000002,0.14584679834198114,0.9845056088907864,False,False,0,1
"('INTERNAL', ('B0*i*s', 'B1 - M1*r + r*sqrt(Abs(M0))'))",0.950661683500833,0.950661683500833,,1,0.0,9.900000000000002,0.14584679834198114,0.9845056088907864,False,False,0,1
"('TERMINAL', ('B0*i*s', 'B1 + r**2'))",0.9506315566775159,0.9506315566775159,,1,0.0,9.900000000000002,0.14583951184471974,0.9845037149374065,True,False,0,1
"('INTERNAL', ('B0*i*s', 'B1 + M0*r - M1*r - M2*r'))",0.9505889829296019,0.9505889829296019,,1,0.0,9.900000000000002,0.14582921534120735,0.984501038255974,False,False,0,1
"('INTERNAL', ('B0*i*s', 'B1 + M0 - r'))",0.9505790713953736,0.9505790713953736,,1,0.0,9.900000000000002,0.1458268182967845,0.9845004150612922,False,False,0,1
"('INTERNAL', ('B0*M0*M1', '-M0 + i'))",0.9498741050418562,0.9498741050418562,,1,0.0,9.900000000000002,0.145656394298226,0.9844560508056722,False,False,0,1
"('INTERNAL', ('B0*i*s', 'M0 + r'))",0.9483428245346792,0.9483428245346792,,1,0.0,9.900000000000002,0.14528667131118422,0.984359420627086,False,False,0,1
"('TERMINAL', ('B0*i*s', 'r'))",0.9483428244329217,0.9483428244329217,,1,0.0,9.900000000000002,0.14528667128663614,0.9843594206206526,True,False,0,1
"('INTERNAL', ('B0*i*s', 'B1 + M0*i'))",0.9482670776556014,0.9482670776556014,,1,0.0,9.900000000000002,0.14526839881759376,0.9843546312542262,False,False,0,1
"('TERMINAL', ('B0*i*s', 'B1 + i*r'))",0.9482670776556014,0.9482670776556014,,1,0.0,9.900000000000002,0.14526839881759376,0.9843546312542262,True,False,0,1
"('INTERNAL', ('B0*i*s', 'B1 + sqrt(Abs(M0))'))",0.9474773887324578,0.9474773887324578,,1,0.0,9.900000000000002,0.14507799314999006,0.9843046473237986,False,False,0,1
"('INTERNAL', ('B0*M0*i', 'B1 + M0'))",0.9400167005246681,0.9400167005246681,,1,0.0,9.900000000000002,0.14328735093067552,0.9838276388682519,False,False,0,1
"('INTERNAL', ('B0*i*s', 'M0 + i'))",0.9400167005246681,0.9400167005246681,,1,0.0,9.900000000000002,0.14328735093067552,0.9838276388682519,False,False,0,1
"('INTERNAL', ('B0*i*s', '-M0 + M1 + r'))",0.9400167005246681,0.9400167005246681,,1,0.0,9.900000000000002,0.14328735093067552,0.9838276388682519,False,False,0,1
"('TERMINAL', ('B0*i*s', 'B1 + r'))",0.9400167005246681,0.9400167005246681,,1,0.0,9.900000000000002,0.14328735093067552,0.9838276388682519,True,False,0,1
"('INTERNAL', ('B0*i*s', 'B1 + M0 - M1'))",0.9399528131584544,0.9399528131584544,,1,0.0,9.900000000000002,0.1432720814642487,0.98382351676279,False,False,0,1
"('INTERNAL', ('B0*i', 'B1*r + M0 + M1'))",0.9399387398778313,0.9399387398778313,,1,0.0,9.900000000000002,0.14326871801121357,0.9838226086488666,False,False,0,1
"('INTERNAL', ('B0*i', 'B1*M1 + M0*M1 + M1*r'))",0.9399387398778313,0.9399387398778313,,1,0.0,9.900000000000002,0.14326871801121357,0.9838226086488666,False,False,0,1
"('INTERNAL', ('B0*M0*M1*sqrt(Abs(s))', 'B1*i**2'))",0.9393723844541785,0.9393723844541785,,1,0.0,9.900000000000002,0.1431334052676434,0.9837860375279098,False,False,0,1
"('INTERNAL', ('B0*s*sqrt(Abs(i))', '-M0 - i'))",0.9389603045822389,0.9389603045822389,,1,0.0,9.900000000000002,0.14303500543239314,0.9837593969855055,False,False,0,1
"('INTERNAL', ('B0*s*sqrt(Abs(M0))', '-M1 + r - sqrt(Abs(M0))'))",0.9376862700507571,0.9376862700507571,,1,0.0,9.900000000000002,0.14273106648798514,0.9836768644953521,False,False,0,1
"('INTERNAL', ('B0*s*sqrt(Abs(i))', 'B1 - M0 + r'))",0.9355836873918497,0.9355836873918497,,1,0.0,9.900000000000002,0.14223040812034882,0.9835401044310663,False,False,0,1
"('INTERNAL', ('B0*s*sqrt(Abs(i))', '-M1 + r - sqrt(Abs(M0))'))",0.9355836873918497,0.9355836873918497,,1,0.0,9.900000000000002,0.14223040812034882,0.9835401044310663,False,False,0,1
"('INTERNAL', ('B0*s*sqrt(Abs(i))', '-M0 + M1 - M2 + r'))",0.9355252273287976,0.9355252273287976,,1,0.0,9.900000000000002,0.14221650459965274,0.9835362921007113,False,False,0,1
"('INTERNAL', ('B0*s*sqrt(Abs(i))', '-M0 + M1'))",0.9355252273287976,0.9355252273287976,,1,0.0,9.900000000000002,0.14221650459965274,0.9835362921007113,False,False,0,1
"('INTERNAL', ('B0*s*sqrt(Abs(i))', '-M0 - M1 - M2'))",0.9355252273287976,0.9355252273287976,,1,0.0,9.900000000000002,0.14221650459965274,0.9835362921007113,False,False,0,1
"('TERMINAL', ('B0*s*sqrt(Abs(i))', 'B1 - i'))",0.9355252273287976,0.9355252273287976,,1,0.0,9.900000000000002,0.14221650459965274,0.9835362921007113,True,False,0,1
"('TERMINAL', ('B0*s*sqrt(Abs(i))', '-i'))",0.935176488333367,0.935176488333367,,1,0.0,9.900000000000002,0.1421335830307932,0.9835135388460157,True,False,0,1
"('INTERNAL', ('B0*s*sqrt(Abs(i))', '-M0 + M1 - M2'))",0.935176488333367,0.935176488333367,,1,0.0,9.900000000000002,0.1421335830307932,0.9835135388460157,False,False,0,1
"('INTERNAL', ('B0*i*s', 'B1 + M0 - i'))",0.9349104262803467,0.9349104262803467,,1,0.0,9.900000000000002,0.14207034167157734,0.9834961670173944,False,False,0,1
"('INTERNAL', ('B0*s*sqrt(Abs(i))', '-M0*M1 - M2'))",0.9335596483343749,0.9335596483343749,,1,0.0,9.900000000000002,0.14174955886680626,0.9834078008071302,False,False,0,1
"('INTERNAL', ('B0*M0', 'B1*M0 + B1*M1'))",0.9334781612833017,0.9334781612833017,,1,0.0,9.900000000000002,0.14173022275509095,0.9834024609014361,False,False,0,1
"('INTERNAL', ('B0 + B1*M0*M1', 'M0 + i'))",0.9327934250321808,0.9327934250321808,,1,0.0,9.900000000000002,0.14156781061733198,0.9833575486021499,False,False,0,1
"('INTERNAL', ('B0*s', 'B1 + M0 - r'))",0.9325048554917235,0.9325048554917235,,1,0.0,9.900000000000002,0.14149940210630807,0.9833385991650329,False,False,0,1
"('INTERNAL', ('B0*s', 'B1 - M0 - M1 + M2'))",0.9325048554917235,0.9325048554917235,,1,0.0,9.900000000000002,0.14149940210630807,0.9833385991650329,False,False,0,1
"('INTERNAL', ('B0*s', '-M1 + i - r + sqrt(Abs(M0))'))",0.9325048554917235,0.9325048554917235,,1,0.0,9.900000000000002,0.14149940210630807,0.9833385991650329,False,False,0,1
"('INTERNAL', ('B0*s', 'i + sqrt(Abs(M0))'))",0.9325048554904136,0.9325048554904136,,1,0.0,9.900000000000002,0.14149940210599762,0.9833385991649468,False,False,0,1
"('INTERNAL', ('B0*s', 'M0 - M1 - M2 + i'))",0.9325048554904136,0.9325048554904136,,1,0.0,9.900000000000002,0.14149940210599762,0.9833385991649468,False,False,0,1
"('INTERNAL', ('B0*s', 'B1 - M1 + i + sqrt(Abs(M0))'))",0.9325048554904136,0.9325048554904136,,1,0.0,9.900000000000002,0.14149940210599762,0.9833385991649468,False,False,0,1
"('INTERNAL', ('B0*s', 'B1 - M0 - M1 + 2*i'))",0.9325048554904136,0.9325048554904136,,1,0.0,9.900000000000002,0.14149940210599762,0.9833385991649468,False,False,0,1
"('INTERNAL', ('B0*M0*M1 + B0*s', 'B1 + i'))",0.9325048554904136,0.9325048554904136,,1,0.0,9.900000000000002,0.14149940210599762,0.9833385991649468,False,False,0,1
"('INTERNAL', ('B0*M0', 'B1 + i - sqrt(Abs(M0))'))",0.9325048554904136,0.9325048554904136,,1,0.0,9.900000000000002,0.14149940210599762,0.9833385991649468,False,False,0,1
"('INTERNAL', ('B0*s', 'B1 + i - sqrt(Abs(M0 + M1))'))",0.9325048554904136,0.9325048554904136,,1,0.0,9.900000000000002,0.14149940210599762,0.9833385991649468,False,False,0,1
"('INTERNAL', ('B0*M0 + B1*i + B2*s', 'B3 + M0 - M1 + 2*i'))",0.9325048554904136,0.9325048554904136,,1,0.0,9.900000000000002,0.14149940210599762,0.9833385991649468,False,False,0,1
"('INTERNAL', ('B0*s', 'Abs(M0)**(1/4)*Abs(M1)**(1/4)*sqrt(Abs(M2))*sqrt(Abs(M3))'))",0.9325048552566587,0.9325048552566587,,1,0.0,9.900000000000002,0.14149940205059242,0.9833385991495915,False,False,0,1
"('INTERNAL', ('B0*s', 'B1*sqrt(Abs(M0))*sqrt(Abs(r))'))",0.9325048552566587,0.9325048552566587,,1,0.0,9.900000000000002,0.14149940205059242,0.9833385991495915,False,False,0,1
"('INTERNAL', ('B0*M0', 'B1*r'))",0.9325048552566587,0.9325048552566587,,1,0.0,9.900000000000002,0.14149940205059242,0.9833385991495915,False,False,0,1
"('INTERNAL', ('B0*M2 + B1*M0*M2 + B2*M1*M2', 'B3*r'))",0.9325048552566587,0.9325048552566587,,1,0.0,9.900000000000002,0.14149940205059242,0.9833385991495915,False,False,0,1
"('INTERNAL', ('B0*s', 'B1 - M0 + 2*r'))",0.9325048551941534,0.9325048551941534,,1,0.0,9.900000000000002,0.14149940203577724,0.9833385991454856,False,False,0,1
"('INTERNAL', ('B0*s', 'B1 + M0 + M1 - M2 + r'))",0.9325048551941534,0.9325048551941534,,1,0.0,9.900000000000002,0.14149940203577724,0.9833385991454856,False,False,0,1
"('INTERNAL', ('B0*s', 'B1 + M0*M1 - M2 + r'))",0.9325048551941534,0.9325048551941534,,1,0.0,9.900000000000002,0.14149940203577724,0.9833385991454856,False,False,0,1
"('INTERNAL', ('B0*s', 'M0 - M1 + M2 - M3 + i'))",0.9325048492031989,0.9325048492031989,,1,0.0,9.900000000000002,0.14149940061578542,0.9833385987519436,False,False,0,1
"('INTERNAL', ('B0*M0*s', 'M0 - M1 - M2 - M3'))",0.9325048492031989,0.9325048492031989,,1,0.0,9.900000000000002,0.14149940061578542,0.9833385987519436,False,False,0,1
"('INTERNAL', ('B0*s', 'B1 + M0*M1 - i'))",0.9325048492031989,0.9325048492031989,,1,0.0,9.900000000000002,0.14149940061578542,0.9833385987519436,False,False,0,1
"('INTERNAL', ('B0*s', 'M0 - M1 + i + r'))",0.9325048423336224,0.9325048423336224,,1,0.0,9.900000000000002,0.14149939898754033,0.9833385983006854,False,False,0,1
"('INTERNAL', ('B0*s*sqrt(Abs(M0 - M1))', '-M0 - M1 + r'))",0.93250480622463,0.93250480622463,,1,0.0,9.900000000000002,0.14149939042889206,0.9833385959287081,False,False,0,1
"('INTERNAL', ('s*sqrt(Abs(M0))', 'M0'))",0.9325048053586549,0.9325048053586549,,1,0.0,9.900000000000002,0.14149939022363636,0.9833385958718227,False,False,0,1
"('INTERNAL', ('B0*s', 'M0 + M1 - M2 + i - r'))",0.9325048053586549,0.9325048053586549,,1,0.0,9.900000000000002,0.14149939022363636,0.9833385958718227,False,False,0,1
"('INTERNAL', ('B0*s', '-M0 + M1 + r'))",0.932504804846467,0.932504804846467,,1,0.0,9.900000000000002,0.14149939010223625,0.9833385958381774,False,False,0,1
"('TERMINAL', ('B0*s', '2*i'))",0.9325048007629941,0.9325048007629941,,1,0.0,9.900000000000002,0.1414993891343608,0.9833385955699365,True,False,0,1
"('INTERNAL', ('B0*M0', '2*i'))",0.9325048007629941,0.9325048007629941,,1,0.0,9.900000000000002,0.1414993891343608,0.9833385955699365,False,False,0,1
"('INTERNAL', ('B0*s*sqrt(Abs(M0))', '-M0 + M1 - M2 + r'))",0.9325048007629941,0.9325048007629941,,1,0.0,9.900000000000002,0.1414993891343608,0.9833385955699365,False,False,0,1
"('INTERNAL', ('B0*s', 'M0*sqrt(Abs(r))'))",0.9325048007629941,0.9325048007629941,,1,0.0,9.900000000000002,0.1414993891343608,0.9833385955699365,False,False,0,1
"('TERMINAL', ('B0*s', 'i - r'))",0.9325048007629941,0.9325048007629941,,1,0.0,9.900000000000002,0.1414993891343608,0.9833385955699365,True,False,0,1
"('INTERNAL', ('B0*s', '-M0 + 2*i - r'))",0.9325048007629941,0.9325048007629941,,1,0.0,9.900000000000002,0.1414993891343608,0.9833385955699365,False,False,0,1
"('TERMINAL', ('B0*s', '2*r'))",0.9325048007626383,0.9325048007626383,,1,0.0,9.900000000000002,0.14149938913427645,0.9833385955699132,True,False,0,1
"('INTERNAL', ('B0*M0 + B1*i', 'B2 + M0'))",0.9324109247348119,0.9324109247348119,,1,0.0,9.900000000000002,0.141477139555817,0.9833324282219279,False,False,0,1
"('INTERNAL', ('B0*M1 + B0*sqrt(Abs(M0))', 'B1 - M0'))",0.9323842613240191,0.9323842613240191,,1,0.0,9.900000000000002,0.14147082047923207,0.983330676271545,False,False,0,1
"('TERMINAL', ('B0 + B1*i', 'B2 + sqrt(Abs(i))'))",0.9319926509495069,0.9319926509495069,,1,0.0,9.900000000000002,0.14137803267520935,0.9833049322378349,True,False,0,1
"('INTERNAL', ('M0*M1*M2*M3', 'M1*M2*sqrt(Abs(M0))'))",0.9319190246733942,0.9319190246733942,,1,0.0,9.900000000000002,0.14136059225420658,0.9833000894467497,False,False,0,1
"('INTERNAL', ('B0*M0*M1*M2*M3', 'B1*i**2'))",0.9317823807593426,0.9317823807593426,,1,0.0,9.900000000000002,0.1413282281536152,0.9832910994019505,False,False,0,1
"('INTERNAL', ('B0*i*s', 'B1 + M1*sqrt(Abs(M0))'))",0.93168709556484,0.93168709556484,,1,0.0,9.900000000000002,0.14130566277881104,0.9832848286904672,False,False,0,1
"('INTERNAL', ('B0*s*sqrt(Abs(i))', 'M0'))",0.93159726505437,0.93159726505437,,1,0.0,9.900000000000002,0.14128439137267157,0.9832789156494822,False,False,0,1
"('INTERNAL', ('M0*M2*M3*M4 - M1*M2*M3*M4', 'M0*M1*M2'))",0.931593558963712,0.931593558963712,,1,0.0,9.900000000000002,0.14128351383506602,0.9832786716710853,False,False,0,1
"('INTERNAL', ('M1*sqrt(Abs(M0))', '-M0 + r'))",0.9313375943525377,0.9313375943525377,,1,0.0,9.900000000000002,0.14122291464933287,0.983261815871264,False,False,0,1
"('INTERNAL', ('B0*s*sqrt(Abs(i))', 'sqrt(Abs(M0))'))",0.9313374033306385,0.9313374033306385,,1,0.0,9.900000000000002,0.14122286943167797,0.983261803288245,False,False,0,1
"('INTERNAL', ('B0*s*sqrt(Abs(M0))', 'M0 + M1'))",0.9311333860974336,0.9311333860974336,,1,0.0,9.900000000000002,0.1411745810873634,0.9832483609764361,False,False,0,1
"('INTERNAL', ('B0*s*sqrt(Abs(i))', '-M0 - i + r'))",0.931052702785596,0.931052702785596,,1,0.0,9.900000000000002,0.1411554873790939,0.9832430431058867,False,False,0,1
"('INTERNAL', ('M0*i', 'B0 + B1*r'))",0.93083987024298,0.93083987024298,,1,0.0,9.900000000000002,0.14110512878787254,0.9832290103321102,False,False,0,1
"('INTERNAL', ('B0*M0*M2 + B0*M2*i + B1*M1*M2', 'M0*M1'))",0.9307569116611206,0.9307569116611206,,1,0.0,9.900000000000002,0.14108550308235543,0.9832235386685231,False,False,0,1
"('INTERNAL', ('B0*M0*M1*M2', 'sqrt(Abs(i))'))",0.9305325918672163,0.9305325918672163,,1,0.0,9.900000000000002,0.14103244431005665,0.9832087379046854,False,False,0,1
"('INTERNAL', ('B0*s*sqrt(Abs(M0))', 'sqrt(Abs(M0))*sqrt(Abs(M1))'))",0.9302723878551219,0.9302723878551219,,1,0.0,9.900000000000002,0.140970914392307,0.9831915596000539,False,False,0,1
"('INTERNAL', ('B0*s*sqrt(Abs(i))', '-M0 - r'))",0.930272378302177,0.930272378302177,,1,0.0,9.900000000000002,0.14097091213366902,0.9831915589691871,False,False,0,1
"('INTERNAL', ('B0*s*sqrt(Abs(i))', '-M0*M1'))",0.9302723782768788,0.9302723782768788,,1,0.0,9.900000000000002,0.14097091212768756,0.9831915589675164,False,False,0,1
"('INTERNAL', ('B0*s*sqrt(Abs(i))', '-sqrt(Abs(M0))'))",0.9302723781122444,0.9302723781122444,,1,0.0,9.900000000000002,0.14097091208876253,0.9831915589566441,False,False,0,1
"('TERMINAL', ('B0*s*sqrt(Abs(i))', '-r'))",0.9302723769486136,0.9302723769486136,,1,0.0,9.900000000000002,0.14097091181364102,0.983191558879799,True,False,0,1
"('INTERNAL', ('B0*i*s', 'M0 - M1 - M2 + M3'))",0.9302287704789245,0.9302287704789245,,1,0.0,9.900000000000002,0.1409606020254066,0.9831886790036352,False,False,0,1
"('INTERNAL', ('B0*M2 + B1*M0*M1', 'M1 + sqrt(Abs(M0))'))",0.9298785438289188,0.9298785438289188,,1,0.0,9.900000000000002,0.1408778168258875,0.9831655383846668,False,False,0,1
"('INTERNAL', ('B0 + B1*i', 'sqrt(Abs(M0 + i))'))",0.9296855945775483,0.9296855945775483,,1,0.0,9.900000000000002,0.140832222042911,0.9831527813835992,False,False,0,1
"('INTERNAL', ('B0 + B1*i', 'sqrt(Abs(M2 + sqrt(Abs(M0 - M1))))'))",0.9296855945775483,0.9296855945775483,,1,0.0,9.900000000000002,0.140832222042911,0.9831527813835992,False,False,0,1
"('INTERNAL', ('B0*i*s', 'M0*M1 - M2 + M3'))",0.9294708025017638,0.9294708025017638,,1,0.0,9.900000000000002,0.14078147723275802,0.9831385733612279,False,False,0,1
"('INTERNAL', ('B0*i*s', 'B1 + M0 + M1'))",0.9287463155403394,0.9287463155403394,,1,0.0,9.900000000000002,0.14061040613621317,0.9830905967946354,False,False,0,1
"('TERMINAL', ('B0*i*s', 'B1 + i'))",0.9269664010637355,0.9269664010637355,,1,0.0,9.900000000000002,0.14019070599782932,0.9829723786345739,True,False,0,1
"('INTERNAL', ('B0*M0*M1 + B0*M2 + B1*M3', 'M0 - M1 + M2 + M3 - M4 + i'))",0.9269664010637355,0.9269664010637355,,1,0.0,9.900000000000002,0.14019070599782932,0.9829723786345739,False,False,0,1
"('INTERNAL', ('B0 + B1*i', 'M0 - M1 + i'))",0.926753921158781,0.926753921158781,,1,0.0,9.900000000000002,0.1401406592899019,0.9829582329418091,False,False,0,1
"('INTERNAL', ('B0*i*s', 'B1 + M1 - sqrt(Abs(M0))'))",0.926593414932607,0.926593414932607,,1,0.0,9.900000000000002,0.14010286212290154,0.982947542657667,False,False,0,1
"('INTERNAL', ('B0*i*s', '-M0 + M1 + i'))",0.9258588866306994,0.9258588866306994,,1,0.0,9.900000000000002,0.13992997635106047,0.982898568834722,False,False,0,1
"('INTERNAL', ('B0*M0', 'B1*i + M0'))",0.9255642909544788,0.9255642909544788,,1,0.0,9.900000000000002,0.13986067719382178,0.9828789031936802,False,False,0,1
"('INTERNAL', ('B0*i', 'B1*M0 + B2*M1 + M2'))",0.9255642909544788,0.9255642909544788,,1,0.0,9.900000000000002,0.13986067719382178,0.9828789031936802,False,False,0,1
"('INTERNAL', ('M0*s', '-M0 + i'))",0.9251937230655088,0.9251937230655088,,1,0.0,9.900000000000002,0.13977353904190395,0.9828541466834484,False,False,0,1
"('INTERNAL', ('i*s', 'M0 + M1'))",0.9251937230655088,0.9251937230655088,,1,0.0,9.900000000000002,0.13977353904190395,0.9828541466834484,False,False,0,1
"('INTERNAL', ('B0 + B1*i', 'B2 + Abs(M0)**(1/4)'))",0.9251202316839947,0.9251202316839947,,1,0.0,9.900000000000002,0.13975626199671964,0.9828492343837539,False,False,0,1
"('TERMINAL', ('B0 + B1*i', 'sqrt(Abs(B2 + sqrt(Abs(r))))'))",0.9247840390908709,0.9247840390908709,,1,0.0,9.900000000000002,0.13967724472690451,0.9828267518239963,True,False,0,1
"('INTERNAL', ('B0 + B1*i', 'sqrt(sqrt(Abs(M0)) + sqrt(Abs(r)))'))",0.9247840390908709,0.9247840390908709,,1,0.0,9.900000000000002,0.13967724472690451,0.9828267518239963,False,False,0,1
"('INTERNAL', ('B0 + B1*i', 'sqrt(Abs(M1 + Abs(M0)**(1/4)))'))",0.9247758548393923,0.9247758548393923,,1,0.0,9.900000000000002,0.13967532150467393,0.9828262042884162,False,False,0,1
"('INTERNAL', ('M0*M1', 'M0*i + M1*i'))",0.9244887116476027,0.9244887116476027,,1,0.0,9.900000000000002,0.13960785665887288,0.9828069874208663,False,False,0,1
"('INTERNAL', ('B0*M0 + B1*M1 + B1*M2', 'Abs(M0)**(1/4)'))",0.9244167404651811,0.9244167404651811,,1,0.0,9.900000000000002,0.13959095027588894,0.9828021687651859,False,False,0,1
"('INTERNAL', ('B0*M0', 'M0*M1*M2 + M3'))",0.9242893178489177,0.9242893178489177,,1,0.0,9.900000000000002,0.13956102140661458,0.9827936354956925,False,False,0,1
"('INTERNAL', ('B0 + B1*i', 'B2 + M0 + M1'))",0.9240871083866857,0.9240871083866857,,1,0.0,9.900000000000002,0.13951353542058498,0.9827800886406178,False,False,0,1
"('INTERNAL', ('B0*M0 + B0*M1 + B1*i', 'M0'))",0.923984052535669,0.923984052535669,,1,0.0,9.900000000000002,0.1394893383532967,0.9827731820253724,False,False,0,1
"('INTERNAL', ('B0*s*sqrt(Abs(i))', '-M0 - sqrt(Abs(r))'))",0.9236498932360888,0.9236498932360888,,1,0.0,9.900000000000002,0.1394108983185788,0.9827507757872413,False,False,0,1
"('INTERNAL', ('B0*s*sqrt(Abs(i))', '-M0 - M1 - M2 + r'))",0.9233406370025519,0.9233406370025519,,1,0.0,9.900000000000002,0.1393383300259445,0.9827300237109438,False,False,0,1
"('INTERNAL', ('M0*i - M1*i', 'B0 + B1*M0 + M0*r'))",0.9232207952915155,0.9232207952915155,,1,0.0,9.900000000000002,0.1393102153845672,0.9827219779053725,False,False,0,1
"('TERMINAL', ('B0*s', 'sqrt(Abs(B1 - i))'))",0.9231798068096531,0.9231798068096531,,1,0.0,9.900000000000002,0.13930060042551604,0.982719225545496,True,False,0,1
"('INTERNAL', ('B0*M0', 'B1 - M1 + sqrt(Abs(M0))'))",0.9231798066938419,0.9231798066938419,,1,0.0,9.900000000000002,0.13930060039835004,0.9827192255377188,False,False,0,1
"('INTERNAL', ('B0*s', 'B1*Abs(M0)**(1/4)*sqrt(Abs(i))'))",0.9231798066064608,0.9231798066064608,,1,0.0,9.900000000000002,0.1393006003778529,0.982719225531851,False,False,0,1
"('INTERNAL', ('B0*s', 'M0*sqrt(Abs(i))'))",0.9231798066064608,0.9231798066064608,,1,0.0,9.900000000000002,0.1393006003778529,0.982719225531851,False,False,0,1
"('INTERNAL', ('B0*s', 'B1 - M1 + r + sqrt(Abs(M0))'))",0.9231798065999278,0.9231798065999278,,1,0.0,9.900000000000002,0.13930060037632047,0.9827192255314122,False,False,0,1
"('INTERNAL', ('B0*s', 'B1*Abs(M0)**(1/4)*sqrt(Abs(M1))'))",0.9231798063804455,0.9231798063804455,,1,0.0,9.900000000000002,0.13930060032483607,0.9827192255166735,False,False,0,1
"('INTERNAL', ('B0*s', 'sqrt(Abs(M0*r + M1*r))'))",0.9231798063804455,0.9231798063804455,,1,0.0,9.900000000000002,0.13930060032483607,0.9827192255166735,False,False,0,1
"('INTERNAL', ('B0*s', 'M2*sqrt(Abs(M0))*sqrt(Abs(M1))'))",0.9231798063804455,0.9231798063804455,,1,0.0,9.900000000000002,0.13930060032483607,0.9827192255166735,False,False,0,1
"('INTERNAL', ('B0*s', 'sqrt(Abs(M0 + M1 - i - r))'))",0.9231798062281116,0.9231798062281116,,1,0.0,9.900000000000002,0.13930060028910288,0.9827192255064437,False,False,0,1
"('INTERNAL', ('B0*s', 'sqrt(Abs(-M0 + M1 + M2))'))",0.9231798062134223,0.9231798062134223,,1,0.0,9.900000000000002,0.1393006002856572,0.9827192255054573,False,False,0,1
"('INTERNAL', ('B0*s', 'sqrt(Abs(M0 + M1 - 2*r))'))",0.9231798062134223,0.9231798062134223,,1,0.0,9.900000000000002,0.1393006002856572,0.9827192255054573,False,False,0,1
"('INTERNAL', ('B0*s', 'sqrt(Abs(M0 + M1 - M2 - M3 + r))'))",0.9231798062134223,0.9231798062134223,,1,0.0,9.900000000000002,0.1393006002856572,0.9827192255054573,False,False,0,1
"('INTERNAL', ('B0*s', '-M0 - M1 + M2 + M3 + i'))",0.9231798059358451,0.9231798059358451,,1,0.0,9.900000000000002,0.1393006002205454,0.9827192254868172,False,False,0,1
"('INTERNAL', ('B0*s', 'B1 - sqrt(Abs(M0))'))",0.9231798059358451,0.9231798059358451,,1,0.0,9.900000000000002,0.1393006002205454,0.9827192254868172,False,False,0,1
"('INTERNAL', ('B0*s', 'B1 + M1 - sqrt(Abs(M0))'))",0.9231798059358451,0.9231798059358451,,1,0.0,9.900000000000002,0.1393006002205454,0.9827192254868172,False,False,0,1
"('TERMINAL', ('B0*s', '-i + sqrt(Abs(i))'))",0.9231797937944715,0.9231797937944715,,1,0.0,9.900000000000002,0.13930059737252234,0.9827192246714898,True,False,0,1
"('INTERNAL', ('B0*s', 'Abs(M0)**(1/4)*sqrt(Abs(M1))'))",0.923179764657698,0.923179764657698,,1,0.0,9.900000000000002,0.13930059053785906,0.9827192227148732,False,False,0,1
"('INTERNAL', ('B0*s', 'Abs(M0)**(1/8)*sqrt(Abs(M1))*sqrt(Abs(M2))'))",0.9231797605272503,0.9231797605272503,,1,0.0,9.900000000000002,0.13930058956897282,0.982719222437502,False,False,0,1
"('TERMINAL', ('B0*s', '-r + sqrt(Abs(i))'))",0.9231797560934781,0.9231797560934781,,1,0.0,9.900000000000002,0.1393005885289352,0.9827192221397616,True,False,0,1
"('INTERNAL', ('B0*s', '-M0 + sqrt(Abs(r))'))",0.9231797551948131,0.9231797551948131,,1,0.0,9.900000000000002,0.1393005883181338,0.9827192220794138,False,False,0,1
"('INTERNAL', ('B0*s', 'sqrt(Abs(M2))*sqrt(Abs(M3))*Abs(M0 - M1)**(1/4)'))",0.9231797527553641,0.9231797527553641,,1,0.0,9.900000000000002,0.13930058774590806,0.9827192219155978,False,False,0,1
"('INTERNAL', ('B0*M0', 'i*sqrt(Abs(M0))'))",0.9231797527553641,0.9231797527553641,,1,0.0,9.900000000000002,0.13930058774590806,0.9827192219155978,False,False,0,1
"('INTERNAL', ('B0*s*Abs(M0)**(1/4)', 'M0'))",0.9230695160415533,0.9230695160415533,,1,0.0,9.900000000000002,0.1392747309193353,0.9827118182524237,False,False,0,1
"('INTERNAL', ('B0*M0 + B1*M1', 'M0 - M1 + i + r'))",0.9229041149188277,0.9229041149188277,,1,0.0,9.900000000000002,0.1392359408391012,0.9827007060770906,False,False,0,1
"('INTERNAL', ('B0*i*s', 'B1 + M0*M2 + M1*M2'))",0.9226098547576168,0.9226098547576168,,1,0.0,9.900000000000002,0.13916694825752704,0.9826809260951472,False,False,0,1
"('INTERNAL', ('B0*i*s', 'M0*M1 + M2'))",0.9223995125799368,0.9223995125799368,,1,0.0,9.900000000000002,0.13911764505735905,0.9826667786726049,False,False,0,1
"('INTERNAL', ('B0*M0', 'M0*i + M1*i'))",0.9223336593098255,0.9223336593098255,,1,0.0,9.900000000000002,0.13910221174271734,0.9826623480100746,False,False,0,1
"('INTERNAL', ('B0*sqrt(Abs(s))', 'sqrt(Abs(B1 - M0 + i - r))'))",0.9222494359133512,0.9222494359133512,,1,0.0,9.900000000000002,0.13908247487293499,0.9826566803951409,False,False,0,1
"('INTERNAL', ('B0*s*sqrt(Abs(M0))*sqrt(Abs(M1))', '-M0 - M1 + r'))",0.9222454716424342,0.9222454716424342,,1,0.0,9.900000000000002,0.13908154593329275,0.9826564136013507,False,False,0,1
"('TERMINAL', ('B0*sqrt(Abs(s))', 'B1 + sqrt(Abs(r))'))",0.9222276617075467,0.9222276617075467,,1,0.0,9.900000000000002,0.13907737261768532,0.9826552149695807,True,False,0,1
"('INTERNAL', ('B0*sqrt(Abs(M0 - M1))', 'i'))",0.922217132437243,0.922217132437243,,1,0.0,9.900000000000002,0.13907490538386003,0.9826545063125094,False,False,0,1
"('INTERNAL', ('B0*sqrt(Abs(M0))', 'i**2'))",0.92221713205244,0.92221713205244,,1,0.0,9.900000000000002,0.13907490529369293,0.9826545062866104,False,False,0,1
"('INTERNAL', ('B0*M0', 'i + sqrt(Abs(M0))'))",0.9222170841569889,0.9222170841569889,,1,0.0,9.900000000000002,0.13907489407082782,0.9826545030630376,False,False,0,1
"('INTERNAL', ('B0*sqrt(Abs(M0))', 'B1 + r'))",0.9222170532403202,0.9222170532403202,,1,0.0,9.900000000000002,0.13907488682643243,0.9826545009822106,False,False,0,1
"('TERMINAL', ('B0*sqrt(Abs(s))', 'B1 + r'))",0.9222170532403202,0.9222170532403202,,1,0.0,9.900000000000002,0.13907488682643243,0.9826545009822106,True,False,0,1
"('INTERNAL', ('B0*sqrt(Abs(s))', 'sqrt(Abs(M0 + i))'))",0.9222164095503643,0.9222164095503643,,1,0.0,9.900000000000002,0.13907473599702525,0.9826544576590295,False,False,0,1
"('INTERNAL', ('sqrt(Abs(M0))*sqrt(Abs(s))', 'r'))",0.9222160182825582,0.9222160182825582,,1,0.0,9.900000000000002,0.1390746443152199,0.9826544313249436,False,False,0,1
"('INTERNAL', ('B0*M0 + B1*s + B1*sqrt(Abs(s))', 'B2 + i'))",0.9222091807567198,0.9222091807567198,,1,0.0,9.900000000000002,0.13907304215379426,0.982653971124762,False,False,0,1
"('INTERNAL', ('B0*sqrt(Abs(s))', '-M0 + i'))",0.9222091807567198,0.9222091807567198,,1,0.0,9.900000000000002,0.13907304215379426,0.982653971124762,False,False,0,1
"('INTERNAL', ('B0*sqrt(Abs(s))', 'B1 + M1 - sqrt(Abs(M0))'))",0.9222091807567198,0.9222091807567198,,1,0.0,9.900000000000002,0.13907304215379426,0.982653971124762,False,False,0,1
"('TERMINAL', ('B0*sqrt(Abs(s))', 'B1 + i'))",0.9222091807567198,0.9222091807567198,,1,0.0,9.900000000000002,0.13907304215379426,0.982653971124762,True,False,0,1
"('INTERNAL', ('B0*sqrt(Abs(s))', 'B1 + M0 + M1'))",0.9222091807567198,0.9222091807567198,,1,0.0,9.900000000000002,0.13907304215379426,0.982653971124762,False,False,0,1
"('INTERNAL', ('B0*sqrt(Abs(s))', 'r*sqrt(Abs(M0))'))",0.9222010888296073,0.9222010888296073,,1,0.0,9.900000000000002,0.1390711460782446,0.9826534264874988,False,False,0,1
"('TERMINAL', ('B0*sqrt(Abs(s))', 'sqrt(Abs(B1 - i))'))",0.922201054030404,0.922201054030404,,1,0.0,9.900000000000002,0.13907113792423897,0.9826534241452727,True,False,0,1
"('INTERNAL', ('B0*sqrt(Abs(M0 - M1))', 'sqrt(Abs(M0 + M1))'))",0.9221976047967511,0.9221976047967511,,1,0.0,9.900000000000002,0.13907032971561756,0.9826531919871395,False,False,0,1
"('TERMINAL', ('B0*sqrt(Abs(s))', 'sqrt(Abs(B1 + i))'))",0.9221976047967511,0.9221976047967511,,1,0.0,9.900000000000002,0.13907032971561756,0.9826531919871395,True,False,0,1
"('INTERNAL', ('B0*sqrt(Abs(s))', 'sqrt(Abs(B1 + M0 + M1 - M2))'))",0.9221976047967511,0.9221976047967511,,1,0.0,9.900000000000002,0.13907032971561756,0.9826531919871395,False,False,0,1
"('INTERNAL', ('B0*sqrt(Abs(s))', 'sqrt(Abs(B1 + M0 + M1 - M2 - M3))'))",0.9221976047967511,0.9221976047967511,,1,0.0,9.900000000000002,0.13907032971561756,0.9826531919871395,False,False,0,1
"('TERMINAL', ('B0*sqrt(Abs(s))', 'r**2'))",0.9221975196132283,0.9221975196132283,,1,0.0,9.900000000000002,0.13907030975584414,0.9826531862536545,True,False,0,1
"('INTERNAL', ('B0*sqrt(Abs(s))', 'M0 + i'))",0.9221974337596615,0.9221974337596615,,1,0.0,9.900000000000002,0.13907028963907145,0.9826531804750694,False,False,0,1
"('INTERNAL', ('B0*sqrt(Abs(s))', 'M1 + sqrt(Abs(M0))'))",0.9221974337596615,0.9221974337596615,,1,0.0,9.900000000000002,0.13907028963907145,0.9826531804750694,False,False,0,1
"('TERMINAL', ('B0*sqrt(Abs(s))', 'B1 - r'))",0.9221973934997649,0.9221973934997649,,1,0.0,9.900000000000002,0.1390702802055772,0.9826531777652778,True,False,0,1
"('TERMINAL', ('B0*sqrt(Abs(s))', 'sqrt(Abs(B1 + r))'))",0.9221968533450473,0.9221968533450473,,1,0.0,9.900000000000002,0.13907015363931072,0.9826531414088084,True,False,0,1
"('INTERNAL', ('B0*sqrt(Abs(s))', 'sqrt(Abs(B1 - M0 - M1 + r))'))",0.9221968533450473,0.9221968533450473,,1,0.0,9.900000000000002,0.13907015363931072,0.9826531414088084,False,False,0,1
"('TERMINAL', ('B0*sqrt(Abs(s))', 'B1 - i'))",0.9221945845872491,0.9221945845872491,,1,0.0,9.900000000000002,0.13906962203652157,0.9826529887038667,True,False,0,1
"('INTERNAL', ('B0*M0*M2 + B0*M2*sqrt(Abs(s)) + B1*M1*M2', 'B2*M0'))",0.9221942719508919,0.9221942719508919,,1,0.0,9.900000000000002,0.13906954878140357,0.9826529676609591,False,False,0,1
"('INTERNAL', ('B0*sqrt(Abs(s))', 'sqrt(Abs(M0*M1 + M2))'))",0.9221710517291064,0.9221710517291064,,1,0.0,9.900000000000002,0.1390641080265797,0.9826514047127544,False,False,0,1
"('INTERNAL', ('B0*s*sqrt(Abs(i))', '-M0 - sqrt(Abs(i))'))",0.9220527406982068,0.9220527406982068,,1,0.0,9.900000000000002,0.1390363886307722,0.9826434399039614,False,False,0,1
"('INTERNAL', ('B0*s*Abs(M0)**(1/4)', 'sqrt(Abs(M0))'))",0.9215855759888112,0.9215855759888112,,1,0.0,9.900000000000002,0.13892697113259642,0.9826119684030292,False,False,0,1
"('INTERNAL', ('M2*sqrt(Abs(M0))*sqrt(Abs(M1))', 'r'))",0.9212462835129616,0.9212462835129616,,1,0.0,9.900000000000002,0.13884753909738687,0.9825890897249662,False,False,0,1
"('INTERNAL', ('B0*M0*M1*i', 'B1*i**2'))",0.9208845509246145,0.9208845509246145,,1,0.0,9.900000000000002,0.13876288668589917,0.9825646779213772,False,False,0,1
"('INTERNAL', ('B0*M2*M3*sqrt(Abs(M0))*sqrt(Abs(M1))', 'B1*i**2'))",0.9208845509246145,0.9208845509246145,,1,0.0,9.900000000000002,0.13876288668589917,0.9825646779213772,False,False,0,1
"('INTERNAL', ('B0*s*sqrt(Abs(M0 + M1))', 'sqrt(Abs(M0))'))",0.9207795061744221,0.9207795061744221,,1,0.0,9.900000000000002,0.138738310583442,0.9825575850319244,False,False,0,1
"('INTERNAL', ('B0*M2*M3*sqrt(Abs(M0 + M1))', 'B1*i**2'))",0.9201929082566618,0.9201929082566618,,1,0.0,9.900000000000002,0.1386011239871901,0.9825179444718808,False,False,0,1
"('INTERNAL', ('B0*s*sqrt(Abs(M0 - M1))', 'sqrt(Abs(i))'))",0.9201928784946642,0.9201928784946642,,1,0.0,9.900000000000002,0.13860111702908215,0.9825179424592766,False,False,0,1
"('INTERNAL', ('B0*s*sqrt(Abs(M0 - M1))', 'sqrt(Abs(M0))'))",0.9201900711613168,0.9201900711613168,,1,0.0,9.900000000000002,0.13860046069888965,0.9825177526175288,False,False,0,1
"('INTERNAL', ('B0*s*sqrt(Abs(M0 + M1))', '-M0 - M1 + r'))",0.920040070365427,0.920040070365427,,1,0.0,9.900000000000002,0.13856539480176688,0.9825076072296883,False,False,0,1
"('INTERNAL', ('B0*s*sqrt(Abs(M0 + M1))', 'sqrt(Abs(i))'))",0.9200400648249393,0.9200400648249393,,1,0.0,9.900000000000002,0.13856539350666766,0.9825076068548889,False,False,0,1
"('INTERNAL', ('B0*M0', 'B1 + M0*M1'))",0.9198140506333923,0.9198140506333923,,1,0.0,9.900000000000002,0.13851256892923378,0.9824923135586614,False,False,0,1
"('INTERNAL', ('B0*i', 'M0 - M1 + M2'))",0.9197292740006525,0.9197292740006525,,1,0.0,9.900000000000002,0.13849275816577222,0.9824865750533058,False,False,0,1
"('INTERNAL', ('B0*M0 + B1*M1 + B2*i', 'M0 + M1 + M2 - M3 + i'))",0.9197292740006525,0.9197292740006525,,1,0.0,9.900000000000002,0.13849275816577222,0.9824865750533058,False,False,0,1
"('INTERNAL', ('M0*i', 'B0 + M0*M3 + M1*M3 - M2*M3'))",0.919685198124414,0.919685198124414,,1,0.0,9.900000000000002,0.1384824591719602,0.9824835911224099,False,False,0,1
"('INTERNAL', ('B0 + i', 'M0 - M1 + i'))",0.919447534799547,0.919447534799547,,1,0.0,9.900000000000002,0.1384269342731855,0.9824674960674639,False,False,0,1
"('INTERNAL', ('B0*M0*M1', 'sqrt(Abs(M0 + r))'))",0.9194472730111192,0.9194472730111192,,1,0.0,9.900000000000002,0.13842687312009289,0.9824674783336951,False,False,0,1
"('INTERNAL', ('B0 + B1*M0', 'M0 + M1 - M2 + i'))",0.9193661345113034,0.9193661345113034,,1,0.0,9.900000000000002,0.13840792023895943,0.9824619814224889,False,False,0,1
"('INTERNAL', ('B0*i', 'B1 + M0*M1'))",0.9191767003758315,0.9191767003758315,,1,0.0,9.900000000000002,0.13836367760521434,0.9824491437362194,False,False,0,1
"('INTERNAL', ('-M0*i + i**2', 'sqrt(Abs(B0*M0 + B0*M1))'))",0.9191191265515849,0.9191191265515849,,1,0.0,9.900000000000002,0.13835023300222546,0.9824452409170977,False,False,0,1
"('INTERNAL', ('M0*M2*M3*M4 + M1*M2*M3*M4', 'B0*M0*i'))",0.9189762577947788,0.9189762577947788,,1,0.0,9.900000000000002,0.13831687410988971,0.9824355538593297,False,False,0,1
"('INTERNAL', ('B0 + B1*i', 'sqrt(Abs(M2 + sqrt(Abs(M0))*sqrt(Abs(M1))))'))",0.9189609887117572,0.9189609887117572,,1,0.0,9.900000000000002,0.13831330919628354,0.9824345183656096,False,False,0,1
"('INTERNAL', ('B0*i*s', '-M1 + M2 + sqrt(Abs(M0))'))",0.918897506219948,0.918897506219948,,1,0.0,9.900000000000002,0.13829848842027168,0.9824302128193613,False,False,0,1
"('INTERNAL', ('B0*M0*M1', 'B1*M0 + M1'))",0.9187679617293699,0.9187679617293699,,1,0.0,9.900000000000002,0.1382682479059963,0.9824214248054738,False,False,0,1
"('INTERNAL', ('B0*i + B1*s', 'B2 + M0*M1 - M2 + i'))",0.9187679617293699,0.9187679617293699,,1,0.0,9.900000000000002,0.1382682479059963,0.9824214248054738,False,False,0,1
"('INTERNAL', ('B0*i + B1*s', 'B2*i + M0 - M1'))",0.9187627449658915,0.9187627449658915,,1,0.0,9.900000000000002,0.1382670302104144,0.9824210708562302,False,False,0,1
"('INTERNAL', ('B0 + B1*sqrt(Abs(i))', 'sqrt(Abs(B2 - M0*i))'))",0.9186116218644428,0.9186116218644428,,1,0.0,9.900000000000002,0.13823175817078376,0.9824108155261679,False,False,0,1
"('TERMINAL', ('B0 + B1*sqrt(Abs(i))', 'sqrt(Abs(B2 + B3*r))'))",0.9183255079518075,0.9183255079518075,,1,0.0,9.900000000000002,0.13816499564078485,0.9823913897453562,True,False,0,1
"('INTERNAL', ('B0*i + B1*s', 'B2*r + M0 - M1 + i'))",0.9182595354263167,0.9182595354263167,,1,0.0,9.900000000000002,0.13814960447082617,0.9823869086901836,False,False,0,1
"('INTERNAL', ('M1*sqrt(Abs(M0))', 'B0 + i'))",0.9181736594487943,0.9181736594487943,,1,0.0,9.900000000000002,0.13812957158866898,0.9823810747027836,False,False,0,1
"('INTERNAL', ('B0*i + B1*s', 'B2 - M0 + i + r'))",0.9181736594487943,0.9181736594487943,,1,0.0,9.900000000000002,0.13812957158866898,0.9823810747027836,False,False,0,1
"('INTERNAL', ('B0*i + B1*s', 'B2 - M0 + i'))",0.9181736594487943,0.9181736594487943,,1,0.0,9.900000000000002,0.13812957158866898,0.9823810747027836,False,False,0,1
"('INTERNAL', ('B0*i + B1*s', 'B2 - M1 + i + sqrt(Abs(M0))'))",0.9181736594487943,0.9181736594487943,,1,0.0,9.900000000000002,0.13812957158866898,0.9823810747027836,False,False,0,1
"('TERMINAL', ('B0*i + B1*s', 'B2 + i'))",0.9181736594487943,0.9181736594487943,,1,0.0,9.900000000000002,0.13812957158866898,0.9823810747027836,True,False,0,1
"('INTERNAL', ('B0*M2 + B1*M0*M1', 'M0 + i'))",0.9181736594487943,0.9181736594487943,,1,0.0,9.900000000000002,0.13812957158866898,0.9823810747027836,False,False,0,1
"('INTERNAL', ('B0*M0 + B1*M1 + B2*s', 'B3 + M0 - M1 + i'))",0.9181736594487943,0.9181736594487943,,1,0.0,9.900000000000002,0.13812957158866898,0.9823810747027836,False,False,0,1
"('INTERNAL', ('B0*M2 + B1*M1*sqrt(Abs(M0))', 'i'))",0.9181718494223419,0.9181718494223419,,1,0.0,9.900000000000002,0.1381291493719522,0.982380951726051,False,False,0,1
"('INTERNAL', ('B0*i + B1*s', 'M0 + M1 - M2'))",0.9181718494223419,0.9181718494223419,,1,0.0,9.900000000000002,0.1381291493719522,0.982380951726051,False,False,0,1
"('INTERNAL', ('B0*M0*M1 + B0*s', 'i'))",0.9181718494223419,0.9181718494223419,,1,0.0,9.900000000000002,0.1381291493719522,0.982380951726051,False,False,0,1
"('INTERNAL', ('B0 + B1*M0*M1 + B1*M2', 'M0'))",0.9179105593490509,0.9179105593490509,,1,0.0,9.900000000000002,0.13806820835686642,0.9823631937425807,False,False,0,1
"('INTERNAL', ('B0*M0 + B0*M1 + B0*M2', 'B1 - M0'))",0.9175096845268725,0.9175096845268725,,1,0.0,9.900000000000002,0.137974746338415,0.9823359282480879,False,False,0,1
"('INTERNAL', ('B0 + B1*i', 'M0*M1 + i'))",0.9175096845268725,0.9175096845268725,,1,0.0,9.900000000000002,0.137974746338415,0.9823359282480879,False,False,0,1
"('INTERNAL', ('B0*M2 + B1*M0*M2 + B2*M1*M2', 'B3 + B4*M0'))",0.9175096845268725,0.9175096845268725,,1,0.0,9.900000000000002,0.137974746338415,0.9823359282480879,False,False,0,1
"('INTERNAL', ('B0*M0 + B1*M1', 'M0 - M1 - M2 + i'))",0.9174863775994062,0.9174863775994062,,1,0.0,9.900000000000002,0.13796931372698665,0.9823343422473404,False,False,0,1
"('INTERNAL', ('B0*i + B1*s', 'M0 - M1'))",0.9165925815213931,0.9165925815213931,,1,0.0,9.900000000000002,0.13776108535053766,0.9822734560659766,False,False,0,1
"('INTERNAL', ('M0', 'B0*i'))",0.9161312290754364,0.9161312290754364,,1,0.0,9.900000000000002,0.1376536849293936,0.9822419789474807,False,False,0,1
"('INTERNAL', ('B0 - M0*M2 - M1*M2 + i', 'sqrt(Abs(i))'))",0.9160781450922598,0.9160781450922598,,1,0.0,9.900000000000002,0.13764133080351124,0.9822383549801347,False,False,0,1
"('INTERNAL', ('B0*M0*M1 + B0*M2 + B1*M3', 'M0 - M1'))",0.915639653284057,0.915639653284057,,1,0.0,9.900000000000002,0.13753930949011411,0.9822084027408037,False,False,0,1
"('INTERNAL', ('B0*M0', 'B1*M0*M1 + M2'))",0.9155580777023928,0.9155580777023928,,1,0.0,9.900000000000002,0.13752033528470392,0.982202827171398,False,False,0,1
"('INTERNAL', ('B0*M0 + B1*i + B2*s', 'M0 - M1 + M2 - M3'))",0.9155580777023928,0.9155580777023928,,1,0.0,9.900000000000002,0.13752033528470392,0.982202827171398,False,False,0,1
"('INTERNAL', ('B0*M2 + B1*M0*M1 + B1*s', 'i'))",0.9155580777023928,0.9155580777023928,,1,0.0,9.900000000000002,0.13752033528470392,0.982202827171398,False,False,0,1
"('INTERNAL', ('B0*sqrt(Abs(M0))', 'M0 - M1 + i'))",0.9155580777023928,0.9155580777023928,,1,0.0,9.900000000000002,0.13752033528470392,0.982202827171398,False,False,0,1
"('INTERNAL', ('B0*M0 + B0*M3 + B0*M4 + B1*M1 + B1*M2', 'i'))",0.9155580777023928,0.9155580777023928,,1,0.0,9.900000000000002,0.13752033528470392,0.982202827171398,False,False,0,1
"('INTERNAL', ('B0 + B1*sqrt(Abs(i))', 'sqrt(Abs(M0 - i))'))",0.9155516215294616,0.9155516215294616,,1,0.0,9.900000000000002,0.13751883367438408,0.9822023858566816,False,False,0,1
"('INTERNAL', ('B0 + B1*sqrt(Abs(i))', 'sqrt(Abs(B2 - M0 + i))'))",0.9155516215294616,0.9155516215294616,,1,0.0,9.900000000000002,0.13751883367438408,0.9822023858566816,False,False,0,1
"('INTERNAL', ('B0*i**2', 'M0'))",0.9151379796834375,0.9151379796834375,,1,0.0,9.900000000000002,0.13742264924437347,0.9821740974395392,False,False,0,1
"('INTERNAL', ('B0 + B1*i', 'M0 + M1 + M2'))",0.9148990652943838,0.9148990652943838,,1,0.0,9.900000000000002,0.13736711453529396,0.9821577460764126,False,False,0,1
"('INTERNAL', ('B0 + B1*i', 'sqrt(Abs(M0 - M1))'))",0.9146497893116771,0.9146497893116771,,1,0.0,9.900000000000002,0.1373091870944821,0.9821406759409805,False,False,0,1
"('INTERNAL', ('B0*M0 + B1*M1', 'B2 + sqrt(Abs(M0))'))",0.9146497892910972,0.9146497892910972,,1,0.0,9.900000000000002,0.13730918708970033,0.9821406759395708,False,False,0,1
"('INTERNAL', ('B0*M0 + B0*s', 'B1 - M0'))",0.9146497892885305,0.9146497892885305,,1,0.0,9.900000000000002,0.1373091870891039,0.982140675939395,False,False,0,1
"('INTERNAL', ('B0 + B1*M0 + B2*M1', 'B3 - r'))",0.9146497892885305,0.9146497892885305,,1,0.0,9.900000000000002,0.1373091870891039,0.982140675939395,False,False,0,1
"('INTERNAL', ('B0*M2 + B1*M0*M1 + B1*M3', 'B2 - r'))",0.9146497892885305,0.9146497892885305,,1,0.0,9.900000000000002,0.1373091870891039,0.982140675939395,False,False,0,1
"('INTERNAL', ('B0*s + B0*sqrt(Abs(M0)) + B1*M1', 'M0 - M1'))",0.9146497892885305,0.9146497892885305,,1,0.0,9.900000000000002,0.1373091870891039,0.982140675939395,False,False,0,1
"('INTERNAL', ('B0*M0 + B1*M1 + B2*s', 'M0 + M1 + M2 - M3 + i'))",0.9146497892249414,0.9146497892249414,,1,0.0,9.900000000000002,0.13730918707432901,0.9821406759350392,False,False,0,1
"('INTERNAL', ('B0*M0 + B1*s', 'B2 + M0 + M1 - M2 + i'))",0.9146497892249414,0.9146497892249414,,1,0.0,9.900000000000002,0.13730918707432901,0.9821406759350392,False,False,0,1
"('INTERNAL', ('B0*M0 + B1*M1', 'M0 + sqrt(Abs(i))'))",0.9146497890549847,0.9146497890549847,,1,0.0,9.900000000000002,0.1373091870348395,0.9821406759233974,False,False,0,1
"('INTERNAL', ('B0 + B1*M0', 'M0 + r'))",0.9146497888756964,0.9146497888756964,,1,0.0,9.900000000000002,0.13730918699318176,0.9821406759111164,False,False,0,1
"('INTERNAL', ('B0*M0*M1', '-M0 + r'))",0.9146497888756964,0.9146497888756964,,1,0.0,9.900000000000002,0.13730918699318176,0.9821406759111164,False,False,0,1
"('TERMINAL', ('B0 + B1*s', 'B2 + r'))",0.9146497888756964,0.9146497888756964,,1,0.0,9.900000000000002,0.13730918699318176,0.9821406759111164,True,False,0,1
"('INTERNAL', ('B0*M0 + B1*M1 + B1*s', 'B2 + r'))",0.9146497888756964,0.9146497888756964,,1,0.0,9.900000000000002,0.13730918699318176,0.9821406759111164,False,False,0,1
"('INTERNAL', ('B0*s + B1*M0*M2 + B1*M1*M2', 'B2 + r'))",0.9146497888756964,0.9146497888756964,,1,0.0,9.900000000000002,0.13730918699318176,0.9821406759111164,False,False,0,1
"('INTERNAL', ('B0*M0', 'B1 + M0 + M1 - M2'))",0.9146497888756964,0.9146497888756964,,1,0.0,9.900000000000002,0.13730918699318176,0.9821406759111164,False,False,0,1
"('INTERNAL', ('B0*M0 + B0*s + B1*M1', '-M0 + r'))",0.9146497888756964,0.9146497888756964,,1,0.0,9.900000000000002,0.13730918699318176,0.9821406759111164,False,False,0,1
"('INTERNAL', ('B0*M0 + B1*M1', 'B2 + M0 + M1'))",0.9146497887831,0.9146497887831,,1,0.0,9.900000000000002,0.1373091869716669,0.9821406759047737,False,False,0,1
"('INTERNAL', ('B0*M0', 'sqrt(Abs(r + sqrt(Abs(M0))))'))",0.9146497887061383,0.9146497887061383,,1,0.0,9.900000000000002,0.13730918695378488,0.9821406758995019,False,False,0,1
"('INTERNAL', ('B0 + B1*M0 + B2*M1', 'M0 + M1'))",0.9146497886726336,0.9146497886726336,,1,0.0,9.900000000000002,0.13730918694600006,0.9821406758972069,False,False,0,1
"('INTERNAL', ('B0*M0 + B0*i', 'B1 - M0'))",0.9146497886115508,0.9146497886115508,,1,0.0,9.900000000000002,0.1373091869318074,0.9821406758930229,False,False,0,1
"('INTERNAL', ('B0*M0 + B0*M2 + B1*M1', 'B2 - i'))",0.9146497886115508,0.9146497886115508,,1,0.0,9.900000000000002,0.1373091869318074,0.9821406758930229,False,False,0,1
"('INTERNAL', ('B0*M2 + B1*M0*M1 + B1*s', 'B2 - M0'))",0.9146497886115508,0.9146497886115508,,1,0.0,9.900000000000002,0.1373091869318074,0.9821406758930229,False,False,0,1
"('INTERNAL', ('B0*M1 + B1*M0*M1', 'B2*M0'))",0.9146497885946334,0.9146497885946334,,1,0.0,9.900000000000002,0.13730918692787666,0.982140675891864,False,False,0,1
"('INTERNAL', ('B0*M0 + B0*M1', 'B1*i'))",0.9146497885946334,0.9146497885946334,,1,0.0,9.900000000000002,0.13730918692787666,0.982140675891864,False,False,0,1
"('INTERNAL', ('B0*M0 + B1*M1 + B2*M2', 'M0 + M1 - M2 + i'))",0.9146497885946334,0.9146497885946334,,1,0.0,9.900000000000002,0.13730918692787666,0.982140675891864,False,False,0,1
"('INTERNAL', ('B0*M0 + B1*M1', 'M0 + r'))",0.9146497884785948,0.9146497884785948,,1,0.0,9.900000000000002,0.137309186900915,0.9821406758839155,False,False,0,1
"('INTERNAL', ('B0 + B1*s', 'M0*i + M1*i'))",0.9146497877062572,0.9146497877062572,,1,0.0,9.900000000000002,0.13730918672146203,0.9821406758310115,False,False,0,1
"('INTERNAL', ('B0 + B1*s', 'M0*M1*i'))",0.9146497877062572,0.9146497877062572,,1,0.0,9.900000000000002,0.13730918672146203,0.9821406758310115,False,False,0,1
"('INTERNAL', ('B0*M0 + B0*M1 + B0*M2', 'B1 + i'))",0.9146497864833953,0.9146497864833953,,1,0.0,9.900000000000002,0.13730918643732956,0.9821406757472473,False,False,0,1
"('INTERNAL', ('B0*s + B0*sqrt(Abs(M0))', 'B1 + i'))",0.9146497864833953,0.9146497864833953,,1,0.0,9.900000000000002,0.13730918643732956,0.9821406757472473,False,False,0,1
"('INTERNAL', ('B0*M0 + B1*s', 'B2 + i'))",0.9146497864833953,0.9146497864833953,,1,0.0,9.900000000000002,0.13730918643732956,0.9821406757472473,False,False,0,1
"('INTERNAL', ('B0*M0 + B0*M1 + B0*s + B1*M2', 'B2 + i'))",0.9146497864833953,0.9146497864833953,,1,0.0,9.900000000000002,0.13730918643732956,0.9821406757472473,False,False,0,1
"('INTERNAL', ('B0 + B1*s', 'M0 + i'))",0.9146497864833953,0.9146497864833953,,1,0.0,9.900000000000002,0.13730918643732956,0.9821406757472473,False,False,0,1
"('INTERNAL', ('B0*M0 + B0*M1', 'M0 - M1 + i'))",0.9146497864833953,0.9146497864833953,,1,0.0,9.900000000000002,0.13730918643732956,0.9821406757472473,False,False,0,1
"('INTERNAL', ('B0*M0 + B1*M1 + B2*M2', 'B3 + M0 - M1 + i'))",0.9146497864833953,0.9146497864833953,,1,0.0,9.900000000000002,0.13730918643732956,0.9821406757472473,False,False,0,1
"('INTERNAL', ('B0 + B1*M0 + B2*s', 'B3 + M0 + M1 - M2 + i'))",0.9146497864833953,0.9146497864833953,,1,0.0,9.900000000000002,0.13730918643732956,0.9821406757472473,False,False,0,1
"('INTERNAL', ('B0*M0', 'B1*r + M0'))",0.9146497861168349,0.9146497861168349,,1,0.0,9.900000000000002,0.1373091863521591,0.9821406757221384,False,False,0,1
"('INTERNAL', ('B0 + B1*M0', 'B2 - M0'))",0.9146497859106785,0.9146497859106785,,1,0.0,9.900000000000002,0.13730918630425853,0.9821406757080169,False,False,0,1
"('INTERNAL', ('B0*M0 + B0*M2 + B1*M1', 'M0*M1'))",0.9146497832542156,0.9146497832542156,,1,0.0,9.900000000000002,0.13730918568702818,0.982140675526053,False,False,0,1
"('TERMINAL', ('B0 + B1*s', 'i*r'))",0.9146496467554192,0.9146496467554192,,1,0.0,9.900000000000002,0.1373091539714752,0.9821406661760786,True,False,0,1
"('INTERNAL', ('M0*M2*M3 + M1*M2*M3', 'M0*i'))",0.9146496467554192,0.9146496467554192,,1,0.0,9.900000000000002,0.1373091539714752,0.9821406661760786,False,False,0,1
"('INTERNAL', ('B0*M0', '-M0 + sqrt(Abs(i))'))",0.9146496260029531,0.9146496260029531,,1,0.0,9.900000000000002,0.13730914914963135,0.9821406647545639,False,False,0,1
"('INTERNAL', ('B0*M0 + B1*M1', 'i**2'))",0.9146496080926821,0.9146496080926821,,1,0.0,9.900000000000002,0.1373091449881728,0.9821406635277353,False,False,0,1
"('TERMINAL', ('B0 + B1*s', 'i**2'))",0.9146496080926821,0.9146496080926821,,1,0.0,9.900000000000002,0.1373091449881728,0.9821406635277353,True,False,0,1
"('INTERNAL', ('B0*M0 + B1*M1 + B1*M2', 'M0*i'))",0.9146496080926821,0.9146496080926821,,1,0.0,9.900000000000002,0.1373091449881728,0.9821406635277353,False,False,0,1
"('INTERNAL', ('B0*M0 + B0*i + B1*M1', 'r'))",0.9146496078245117,0.9146496078245117,,1,0.0,9.900000000000002,0.13730914492586327,0.982140663509366,False,False,0,1
"('INTERNAL', ('B0*M0 + B0*M2 + B1*M1', 'r'))",0.9146496078245117,0.9146496078245117,,1,0.0,9.900000000000002,0.13730914492586327,0.982140663509366,False,False,0,1
"('INTERNAL', ('B0*M0 + B0*M2 + B0*s + B1*M1', 'r'))",0.9146496078245117,0.9146496078245117,,1,0.0,9.900000000000002,0.13730914492586327,0.982140663509366,False,False,0,1
"('INTERNAL', ('B0*M0 + B0*M1 + B1*M2', 'M0 - M1 + M2 - M3 + i'))",0.9146496073464531,0.9146496073464531,,1,0.0,9.900000000000002,0.13730914481478615,0.9821406634766197,False,False,0,1
"('INTERNAL', ('B0 + B1*M0 + B2*M1', 'sqrt(Abs(r))'))",0.9146496048150075,0.9146496048150075,,1,0.0,9.900000000000002,0.13730914422660376,0.9821406633032193,False,False,0,1
"('INTERNAL', ('B0*M0 + B0*s', 'Abs(M0)**(1/4)'))",0.9146496034371491,0.9146496034371491,,1,0.0,9.900000000000002,0.13730914390645785,0.9821406632088379,False,False,0,1
"('INTERNAL', ('B0*M0 + B1*M1 + B1*M2', 'M1*sqrt(Abs(M0))'))",0.9146495988082395,0.9146495988082395,,1,0.0,9.900000000000002,0.13730914283092885,0.982140662891764,False,False,0,1
"('INTERNAL', ('B0 + B1*M0', 'sqrt(Abs(i))'))",0.9146495987797201,0.9146495987797201,,1,0.0,9.900000000000002,0.1373091428243024,0.9821406628898105,False,False,0,1
"('INTERNAL', ('B0*M0 + B0*s', 'sqrt(Abs(i))'))",0.9146495987797201,0.9146495987797201,,1,0.0,9.900000000000002,0.1373091428243024,0.9821406628898105,False,False,0,1
"('TERMINAL', ('B0 + B1*s', 'sqrt(Abs(i))'))",0.9146495987797201,0.9146495987797201,,1,0.0,9.900000000000002,0.1373091428243024,0.9821406628898105,True,False,0,1
"('INTERNAL', ('B0 + B1*M0', 'i + sqrt(Abs(M0))'))",0.9146495974270185,0.9146495974270185,,1,0.0,9.900000000000002,0.1373091425100016,0.9821406627971523,False,False,0,1
"('INTERNAL', ('B0*M0 + M0*s', 'r'))",0.9146495973148216,0.9146495973148216,,1,0.0,9.900000000000002,0.13730914248393267,0.982140662789467,False,False,0,1
"('INTERNAL', ('B0*M2 + M0*M2 - M1*M2', 'r'))",0.9146495973148216,0.9146495973148216,,1,0.0,9.900000000000002,0.13730914248393267,0.982140662789467,False,False,0,1
"('INTERNAL', ('B0*M0 + B0*M1 + B0*M2 + B1*M3', 'r'))",0.9146495973148216,0.9146495973148216,,1,0.0,9.900000000000002,0.13730914248393267,0.982140662789467,False,False,0,1
"('INTERNAL', ('B0*M0*s + B0*M1 + B1*M2', 'r'))",0.9146495973148216,0.9146495973148216,,1,0.0,9.900000000000002,0.13730914248393267,0.982140662789467,False,False,0,1
"('INTERNAL', ('B0*s + B1*sqrt(Abs(M0))*sqrt(Abs(M1))', 'r'))",0.9146495973148216,0.9146495973148216,,1,0.0,9.900000000000002,0.13730914248393267,0.982140662789467,False,False,0,1
"('INTERNAL', ('B0 - M0*M2*M3 - M1*M2*M3', 'r'))",0.9146495973148216,0.9146495973148216,,1,0.0,9.900000000000002,0.13730914248393267,0.982140662789467,False,False,0,1
"('INTERNAL', ('B0*M0 + B0*M1 + B0*M2 + B0*s', 'r'))",0.9146495973148216,0.9146495973148216,,1,0.0,9.900000000000002,0.13730914248393267,0.982140662789467,False,False,0,1
"('INTERNAL', ('B0*M0 + B0*M1 + B0*s + B1*M2', 'r'))",0.9146495973148216,0.9146495973148216,,1,0.0,9.900000000000002,0.13730914248393267,0.982140662789467,False,False,0,1
"('TERMINAL', ('B0 + B1*i', 'sqrt(Abs(r + sqrt(Abs(r))))'))",0.9146495970410534,0.9146495970410534,,1,0.0,9.900000000000002,0.1373091424203225,0.9821406627707142,True,False,0,1
"('INTERNAL', ('B0*M0 + B1*M1', 'M0 + sqrt(Abs(r))'))",0.9146495932457736,0.9146495932457736,,1,0.0,9.900000000000002,0.13730914153848775,0.9821406625107428,False,False,0,1
"('INTERNAL', ('B0*M0*s + B0*M1 + B1*M2', 'M0 + M1 - M2 + i'))",0.914649592908363,0.914649592908363,,1,0.0,9.900000000000002,0.13730914146009027,0.9821406624876308,False,False,0,1
"('INTERNAL', ('B0 + B1*M0 + B1*M1 + B2*i', 'M0*M1 - M1*r + M1*sqrt(Abs(i))'))",0.9146495918649562,0.9146495918649562,,1,0.0,9.900000000000002,0.13730914121765428,0.9821406624161588,False,False,0,1
"('INTERNAL', ('B0 + B1*M0 + B2*i', 'r*sqrt(Abs(i))'))",0.9146495918649562,0.9146495918649562,,1,0.0,9.900000000000002,0.13730914121765428,0.9821406624161588,False,False,0,1
"('TERMINAL', ('B0 + B1*i', 'r*sqrt(Abs(i))'))",0.9146495918649562,0.9146495918649562,,1,0.0,9.900000000000002,0.13730914121765428,0.9821406624161588,True,False,0,1
"('INTERNAL', ('B0 + B1*s', 'M0*r'))",0.914649587165754,0.914649587165754,,1,0.0,9.900000000000002,0.13730914012579284,0.98214066209427,False,False,0,1
"('INTERNAL', ('B0*M0 + B0*M1 + B0*M2 + B0*M3', 'M0'))",0.914649587165754,0.914649587165754,,1,0.0,9.900000000000002,0.13730914012579284,0.98214066209427,False,False,0,1
"('INTERNAL', ('B0 + B1*M0 + B1*M1 + B2*i', 'M1*M2 - M2*sqrt(Abs(M0)) + M2*sqrt(Abs(i))'))",0.914649587165754,0.914649587165754,,1,0.0,9.900000000000002,0.13730914012579284,0.98214066209427,False,False,0,1
"('INTERNAL', ('B0*M0 + B0*s + B1*M1', '-M0 + i'))",0.9146495866204761,0.9146495866204761,,1,0.0,9.900000000000002,0.13730913999909727,0.9821406620569192,False,False,0,1
"('INTERNAL', ('B0*M2 + B1*M0*M1 + B1*s', '-M0 + i'))",0.9146495866204761,0.9146495866204761,,1,0.0,9.900000000000002,0.13730913999909727,0.9821406620569192,False,False,0,1
"('INTERNAL', ('B0 + B1*M0 + B2*M1', 'sqrt(Abs(M0))'))",0.9146495816047759,0.9146495816047759,,1,0.0,9.900000000000002,0.13730913883369741,0.9821406617133508,False,False,0,1
"('INTERNAL', ('B0 + B1*M0*M1', 'sqrt(Abs(M0))'))",0.9146495816047759,0.9146495816047759,,1,0.0,9.900000000000002,0.13730913883369741,0.9821406617133508,False,False,0,1
"('INTERNAL', ('B0*M0 + B1*s', 'sqrt(Abs(r))'))",0.9146495816047759,0.9146495816047759,,1,0.0,9.900000000000002,0.13730913883369741,0.9821406617133508,False,False,0,1
"('INTERNAL', ('B0 + B1*M0 + B1*M1', 'sqrt(Abs(r))'))",0.9146495816047759,0.9146495816047759,,1,0.0,9.900000000000002,0.13730913883369741,0.9821406617133508,False,False,0,1
"('INTERNAL', ('B0 + B1*M0*M1', 'sqrt(Abs(r))'))",0.9146495816047759,0.9146495816047759,,1,0.0,9.900000000000002,0.13730913883369741,0.9821406617133508,False,False,0,1
"('INTERNAL', ('M0*M1 - M2 + M3', 'i'))",0.9146495711239175,0.9146495711239175,,1,0.0,9.900000000000002,0.1373091363984659,0.9821406609954265,False,False,0,1
"('INTERNAL', ('B0*M0 + B1*M1 + B1*M2', 'sqrt(Abs(M0))'))",0.9146495711239175,0.9146495711239175,,1,0.0,9.900000000000002,0.1373091363984659,0.9821406609954265,False,False,0,1
"('INTERNAL', ('B0*M0 + B0*s + B1*M1 + B1*M2', 'i'))",0.9146495711239175,0.9146495711239175,,1,0.0,9.900000000000002,0.1373091363984659,0.9821406609954265,False,False,0,1
"('INTERNAL', ('B0*M0 + B0*M1 + B0*M2 + B0*s', 'i'))",0.9146495711239175,0.9146495711239175,,1,0.0,9.900000000000002,0.1373091363984659,0.9821406609954265,False,False,0,1
"('INTERNAL', ('B0*M0 + B1*M1', '-M0 + 2*i'))",0.9146495711239175,0.9146495711239175,,1,0.0,9.900000000000002,0.1373091363984659,0.9821406609954265,False,False,0,1
"('INTERNAL', ('B0*M0 + B1*M1', 'M0 - M1 + 2*i'))",0.9146495711239175,0.9146495711239175,,1,0.0,9.900000000000002,0.1373091363984659,0.9821406609954265,False,False,0,1
"('INTERNAL', ('B0*i*s', 'B1 - M0 - M1 + M2'))",0.9139593680497554,0.9139593680497554,,1,0.0,9.900000000000002,0.13714882918986634,0.9820933453691425,False,False,0,1
"('INTERNAL', ('B0*s', 'sqrt(Abs(B1 - M0 + M1))'))",0.9139480088674455,0.9139480088674455,,1,0.0,9.900000000000002,0.13714619192821192,0.9820925660305304,False,False,0,1
"('INTERNAL', ('B0*s', 'B1*M0*M1*M2'))",0.9139480088633154,0.9139480088633154,,1,0.0,9.900000000000002,0.13714619192725308,0.9820925660302471,False,False,0,1
"('TERMINAL', ('B0*s', 'B1*r**2'))",0.9139480088631035,0.9139480088631035,,1,0.0,9.900000000000002,0.1371461919272039,0.9820925660302325,True,False,0,1
"('INTERNAL', ('B0*s', 'B1*M0*r + B1*M1*r'))",0.9139480088631035,0.9139480088631035,,1,0.0,9.900000000000002,0.1371461919272039,0.9820925660302325,False,False,0,1
"('INTERNAL', ('B0*s', 'M1 - M2 + sqrt(Abs(M0))'))",0.9139480088547393,0.9139480088547393,,1,0.0,9.900000000000002,0.13714619192526198,0.9820925660296587,False,False,0,1
"('INTERNAL', ('B0*s', 'B1 - M0 + r'))",0.9139480088547393,0.9139480088547393,,1,0.0,9.900000000000002,0.13714619192526198,0.9820925660296587,False,False,0,1
"('INTERNAL', ('B0*s', 'B1 + M0 - i + r'))",0.9139480088547393,0.9139480088547393,,1,0.0,9.900000000000002,0.13714619192526198,0.9820925660296587,False,False,0,1
"('TERMINAL', ('B0*s', 'B1 - i + r'))",0.9139480088547393,0.9139480088547393,,1,0.0,9.900000000000002,0.13714619192526198,0.9820925660296587,True,False,0,1
"('INTERNAL', ('B0*s', '-M0 + 2*i'))",0.9139480088538859,0.9139480088538859,,1,0.0,9.900000000000002,0.13714619192506383,0.9820925660296002,False,False,0,1
"('INTERNAL', ('B0*s', '-M0 + i + r'))",0.9139480088538859,0.9139480088538859,,1,0.0,9.900000000000002,0.13714619192506383,0.9820925660296002,False,False,0,1
"('INTERNAL', ('B0*s', 'B1 - M0 - M1 + i + r'))",0.9139480088538859,0.9139480088538859,,1,0.0,9.900000000000002,0.13714619192506383,0.9820925660296002,False,False,0,1
"('INTERNAL', ('B0*s', 'B1 - M0 + M1 + i'))",0.9139480088538859,0.9139480088538859,,1,0.0,9.900000000000002,0.13714619192506383,0.9820925660296002,False,False,0,1
"('INTERNAL', ('B0*s', 'M1 - M2 + i - sqrt(Abs(M0))'))",0.9139480088538859,0.9139480088538859,,1,0.0,9.900000000000002,0.13714619192506383,0.9820925660296002,False,False,0,1
"('INTERNAL', ('B0*M0 + B1*i', 'M0 - M1 + i'))",0.9139480088528302,0.9139480088528302,,1,0.0,9.900000000000002,0.13714619192481878,0.9820925660295278,False,False,0,1
"('TERMINAL', ('B0*s', 'B1*i*r'))",0.913948008846952,0.913948008846952,,1,0.0,9.900000000000002,0.137146191923454,0.9820925660291244,True,False,0,1
"('INTERNAL', ('B0*M0', 'B1 - M0 - M1'))",0.9139480088383521,0.9139480088383521,,1,0.0,9.900000000000002,0.13714619192145744,0.9820925660285343,False,False,0,1
"('INTERNAL', ('B0*s', '-M0*M1 + i'))",0.913948008829901,0.913948008829901,,1,0.0,9.900000000000002,0.1371461919194953,0.9820925660279546,False,False,0,1
"('TERMINAL', ('B0*s', 'B1*i**2'))",0.9139480088265015,0.9139480088265015,,1,0.0,9.900000000000002,0.1371461919187061,0.9820925660277213,True,False,0,1
"('INTERNAL', ('B0*s', 'B1*M0*i'))",0.9139480088265015,0.9139480088265015,,1,0.0,9.900000000000002,0.1371461919187061,0.9820925660277213,False,False,0,1
"('INTERNAL', ('B0*s', 'sqrt(Abs(M0))*sqrt(Abs(M1))*Abs(i)**(1/4)'))",0.9139480088220403,0.9139480088220403,,1,0.0,9.900000000000002,0.1371461919176703,0.9820925660274152,False,False,0,1
"('INTERNAL', ('B0*s', 'B1 + M0 + i - r'))",0.9139480088187357,0.9139480088187357,,1,0.0,9.900000000000002,0.13714619191690305,0.9820925660271885,False,False,0,1
"('INTERNAL', ('B0*M0', 'B1 + i - r'))",0.9139480088187357,0.9139480088187357,,1,0.0,9.900000000000002,0.13714619191690305,0.9820925660271885,False,False,0,1
"('INTERNAL', ('B0*s', 'B1 + i - sqrt(Abs(M0))*sqrt(Abs(M1))'))",0.9139480088187357,0.9139480088187357,,1,0.0,9.900000000000002,0.13714619191690305,0.9820925660271885,False,False,0,1
"('INTERNAL', ('B0*s', '-M0'))",0.9139480088187357,0.9139480088187357,,1,0.0,9.900000000000002,0.13714619191690305,0.9820925660271885,False,False,0,1
"('INTERNAL', ('B0*s', '-M0 + i - r'))",0.9139480088187357,0.9139480088187357,,1,0.0,9.900000000000002,0.13714619191690305,0.9820925660271885,False,False,0,1
"('INTERNAL', ('B0*s', 'M0*M1 - M2 + i - r'))",0.9139480088187357,0.9139480088187357,,1,0.0,9.900000000000002,0.13714619191690305,0.9820925660271885,False,False,0,1
"('INTERNAL', ('B0*s', 'sqrt(Abs(B1 - sqrt(Abs(M0))))'))",0.9139480088124173,0.9139480088124173,,1,0.0,9.900000000000002,0.1371461919154362,0.982092566026755,False,False,0,1
"('INTERNAL', ('B0*s', '-M0*M1 + M1*r'))",0.913948008800078,0.913948008800078,,1,0.0,9.900000000000002,0.13714619191257135,0.9820925660259084,False,False,0,1
"('INTERNAL', ('B0*s', 'B1 + M0*M1 + M2 - M3'))",0.913948008800078,0.913948008800078,,1,0.0,9.900000000000002,0.13714619191257135,0.9820925660259084,False,False,0,1
"('INTERNAL', ('B0*s', 'M0 + M1 + M2 - M3 + i'))",0.913948008800078,0.913948008800078,,1,0.0,9.900000000000002,0.13714619191257135,0.9820925660259084,False,False,0,1
"('INTERNAL', ('B0*M0 + B0*M1 + B0*M3 + B1*M2', 'B2 - M0'))",0.913948008800078,0.913948008800078,,1,0.0,9.900000000000002,0.13714619191257135,0.9820925660259084,False,False,0,1
"('INTERNAL', ('B0*s*sqrt(Abs(M0))', 'B1 - M0 + r'))",0.913948008800078,0.913948008800078,,1,0.0,9.900000000000002,0.13714619191257135,0.9820925660259084,False,False,0,1
"('INTERNAL', ('B0*s', 'B1*M0 + M1'))",0.913948008800078,0.913948008800078,,1,0.0,9.900000000000002,0.13714619191257135,0.9820925660259084,False,False,0,1
"('INTERNAL', ('B0*M0 + B0*s + B1*M1', '-M1 + sqrt(Abs(M0))'))",0.913948008800078,0.913948008800078,,1,0.0,9.900000000000002,0.13714619191257135,0.9820925660259084,False,False,0,1
"('INTERNAL', ('B0*M2 + B1*M0*M2 + B2*M1*M2', 'B3*M0 + B4*r'))",0.913948008800078,0.913948008800078,,1,0.0,9.900000000000002,0.13714619191257135,0.9820925660259084,False,False,0,1
"('INTERNAL', ('B0*s', 'B1 + M0*M1 + M2 - i'))",0.913948008800078,0.913948008800078,,1,0.0,9.900000000000002,0.13714619191257135,0.9820925660259084,False,False,0,1
"('INTERNAL', ('B0*M0', 'Abs(M0)**(1/4)*Abs(M1)**(1/4)'))",0.9139480087793294,0.9139480087793294,,1,0.0,9.900000000000002,0.13714619190775415,0.9820925660244848,False,False,0,1
"('INTERNAL', ('B0*M3 + B1*M0*M2 + B1*M1*M2 + B1*M2*s', 'B2*Abs(M0)**(1/4)'))",0.9139480087793294,0.9139480087793294,,1,0.0,9.900000000000002,0.13714619190775415,0.9820925660244848,False,False,0,1
"('INTERNAL', ('B0*s', 'M0*M1 + M2 - M3'))",0.9139480087784742,0.9139480087784742,,1,0.0,9.900000000000002,0.1371461919075556,0.9820925660244262,False,False,0,1
"('INTERNAL', ('B0*M0', 'M0*r + M1'))",0.9139480087784742,0.9139480087784742,,1,0.0,9.900000000000002,0.1371461919075556,0.9820925660244262,False,False,0,1
"('INTERNAL', ('B0*s', 'B1 - M0*M1 + M2'))",0.9139480086714362,0.9139480086714362,,1,0.0,9.900000000000002,0.1371461918827048,0.9820925660170824,False,False,0,1
"('INTERNAL', ('B0*M0 + B1*M1 + B2*s', 'B3 + M0 - M1 + i + r'))",0.9139480085875921,0.9139480085875921,,1,0.0,9.900000000000002,0.13714619186323876,0.9820925660113299,False,False,0,1
"('TERMINAL', ('B0*s', 'B1 + 2*r'))",0.9139480085875921,0.9139480085875921,,1,0.0,9.900000000000002,0.13714619186323876,0.9820925660113299,True,False,0,1
"('INTERNAL', ('B0*s', 'M0*M1 + M2 + M3'))",0.9139480084135255,0.9139480084135255,,1,0.0,9.900000000000002,0.13714619182282603,0.9820925659993872,False,False,0,1
"('INTERNAL', ('B0*s', 'M0*M1 + M2 + M3 - M4'))",0.9139480084135255,0.9139480084135255,,1,0.0,9.900000000000002,0.13714619182282603,0.9820925659993872,False,False,0,1
"('INTERNAL', ('B0*M0 + B1*i + B1*s', 'M0 - M1'))",0.9139480084135255,0.9139480084135255,,1,0.0,9.900000000000002,0.13714619182282603,0.9820925659993872,False,False,0,1
"('INTERNAL', ('B0*M0*s', 'B1 - M0 - M1'))",0.913948008402328,0.913948008402328,,1,0.0,9.900000000000002,0.13714619182022633,0.9820925659986189,False,False,0,1
"('INTERNAL', ('B0*s', 'M0 - M1 + 2*i'))",0.9139480080125909,0.9139480080125909,,1,0.0,9.900000000000002,0.1371461917297416,0.9820925659718792,False,False,0,1
"('INTERNAL', ('B0*s', 'B1 - M0 + 2*i'))",0.9139480080125909,0.9139480080125909,,1,0.0,9.900000000000002,0.1371461917297416,0.9820925659718792,False,False,0,1
"('INTERNAL', ('B0*s', 'B1 + M0 + i'))",0.9139480080125909,0.9139480080125909,,1,0.0,9.900000000000002,0.1371461917297416,0.9820925659718792,False,False,0,1
"('INTERNAL', ('B0*s', '-M0 + M1 + M2 - M3 + i'))",0.9139480080125909,0.9139480080125909,,1,0.0,9.900000000000002,0.1371461917297416,0.9820925659718792,False,False,0,1
"('TERMINAL', ('B0*s', 'B1*Abs(i)**(3/2)'))",0.9139480048252401,0.9139480048252401,,1,0.0,9.900000000000002,0.137146190989739,0.9820925657531964,True,False,0,1
"('INTERNAL', ('B0*s', 'M0 + M1 - M2 + M3'))",0.9139479786615478,0.9139479786615478,,1,0.0,9.900000000000002,0.13714618491535244,0.9820925639581162,False,False,0,1
"('INTERNAL', ('B0*s', 'M0 + M1 + M2 + i - r'))",0.9139479663862606,0.9139479663862606,,1,0.0,9.900000000000002,0.1371461820654169,0.9820925631159138,False,False,0,1
"('INTERNAL', ('B0*s', 'M0*M1 + M2 + i - r'))",0.91394795853362,0.91394795853362,,1,0.0,9.900000000000002,0.13714618024228076,0.9820925625771473,False,False,0,1
"('TERMINAL', ('B0*s', 'sqrt(Abs(i))*sqrt(Abs(r))'))",0.91394795841341,0.91394795841341,,1,0.0,9.900000000000002,0.1371461802143718,0.9820925625688997,True,False,0,1
"('INTERNAL', ('B0 + B1*i', 'Abs(M0)**(1/4)'))",0.9137117895266584,0.9137117895266584,,1,0.0,9.900000000000002,0.13709135645316797,0.9820763547042631,False,False,0,1
"('INTERNAL', ('B0 + B1*i', 'sqrt(Abs(M0 + sqrt(Abs(i))))'))",0.9136856795610988,0.9136856795610988,,1,0.0,9.900000000000002,0.13708529622626633,0.9820745622804051,False,False,0,1
"('INTERNAL', ('B0 + B1*M0 + B2*M1', 'M0 - M1'))",0.9135517998145106,0.9135517998145106,,1,0.0,9.900000000000002,0.13705422497825617,0.9820653698706042,False,False,0,1
"('INTERNAL', ('B0*M0 + B1*M1', 'B2*i'))",0.913517247482997,0.913517247482997,,1,0.0,9.900000000000002,0.137046206714153,0.9820629969885891,False,False,0,1
"('INTERNAL', ('B0*M1 + B1*M0*M1 + B2*M1*s', 'B3*M0'))",0.9135172474802811,0.9135172474802811,,1,0.0,9.900000000000002,0.13704620671352283,0.9820629969884026,False,False,0,1
"('INTERNAL', ('B0*M0*M2 + B0*M1*M2 + B0*M3 + B1*M4', 'M0 + M1 - M2 + i'))",0.9135172474802811,0.9135172474802811,,1,0.0,9.900000000000002,0.13704620671352283,0.9820629969884026,False,False,0,1
"('INTERNAL', ('M0*M2*M3*M4 - M1*M2*M3*M4', 'B0*i**2'))",0.9134977758827921,0.9134977758827921,,1,0.0,9.900000000000002,0.13704168824261515,0.9820616596928394,False,False,0,1
"('INTERNAL', ('B0 + B1*M0 + B1*M2 + B2*M1', 'M0'))",0.9134759985564441,0.9134759985564441,,1,0.0,9.900000000000002,0.1370366348333724,0.982060163970363,False,False,0,1
"('INTERNAL', ('B0*s*sqrt(Abs(M0))', '-M0*M1 - M2 + r'))",0.9134502474680182,0.9134502474680182,,1,0.0,9.900000000000002,0.13703065947464066,0.9820583952228913,False,False,0,1
"('INTERNAL', ('B0*M0*i + B1*M1*i', 'M0'))",0.913430593895777,0.913430593895777,,1,0.0,9.900000000000002,0.13702609911714295,0.9820570452207444,False,False,0,1
"('INTERNAL', ('B0 + B1*sqrt(Abs(i))', 'sqrt(Abs(B2 - sqrt(Abs(M0))))'))",0.9134077989177969,0.9134077989177969,,1,0.0,9.900000000000002,0.13702080996231514,0.9820554793591417,False,False,0,1
"('INTERNAL', ('B0*M2 + B1*M0*M1 + B1*s', 'M0*M1 - M2'))",0.9133806027880995,0.9133806027880995,,1,0.0,9.900000000000002,0.1370144997773125,0.9820536110604402,False,False,0,1
"('INTERNAL', ('M0*M1', 'M0*M1*M2*M3'))",0.9133395034713345,0.9133395034713345,,1,0.0,9.900000000000002,0.13700496406719542,0.9820507874292066,False,False,0,1
"('INTERNAL', ('B0*M0*i + B0*M1*i', 'M0 + M1'))",0.9133240486166367,0.9133240486166367,,1,0.0,9.900000000000002,0.13700137840263366,0.982049725570842,False,False,0,1
"('INTERNAL', ('B0*M0 + B0*sqrt(Abs(s))', 'M0'))",0.913317393662306,0.913317393662306,,1,0.0,9.900000000000002,0.13699983441273714,0.9820492683165343,False,False,0,1
"('INTERNAL', ('B0 + B1*M0', 'sqrt(Abs(M0 - M1))'))",0.913314302183872,0.913314302183872,,1,0.0,9.900000000000002,0.13699911717483118,0.9820490559021989,False,False,0,1
"('INTERNAL', ('B0*M0 + B0*M1', 'sqrt(Abs(M0))*sqrt(Abs(M1))'))",0.913311000198864,0.913311000198864,,1,0.0,9.900000000000002,0.13699835110111802,0.9820488290223643,False,False,0,1
"('INTERNAL', ('B0 + B1*sqrt(Abs(M0))', 'sqrt(Abs(M0))'))",0.9133096162047291,0.9133096162047291,,1,0.0,9.900000000000002,0.13699803000978925,0.9820487339274278,False,False,0,1
"('INTERNAL', ('B0 + B1*sqrt(Abs(M0))', 'M0'))",0.9133091825895764,0.9133091825895764,,1,0.0,9.900000000000002,0.1369979294097066,0.982048704133449,False,False,0,1
"('INTERNAL', ('B0 + B1*sqrt(Abs(M0))', 'i'))",0.9133091825895764,0.9133091825895764,,1,0.0,9.900000000000002,0.1369979294097066,0.982048704133449,False,False,0,1
"('INTERNAL', ('B0*M1 + B0*sqrt(Abs(M0)) + B1*M2', 'i'))",0.9133091825895764,0.9133091825895764,,1,0.0,9.900000000000002,0.1369979294097066,0.982048704133449,False,False,0,1
"('INTERNAL', ('B0*M0 + B1*M1', '-M0 + i + r'))",0.9133091825895764,0.9133091825895764,,1,0.0,9.900000000000002,0.1369979294097066,0.982048704133449,False,False,0,1
"('INTERNAL', ('B0 + B1*M0', 'sqrt(Abs(M0))*sqrt(Abs(M1))'))",0.9133084312262049,0.9133084312262049,,1,0.0,9.900000000000002,0.13699775509115064,0.9820486525067134,False,False,0,1
"('INTERNAL', ('B0*M0 + B1*M1', 'M0*r'))",0.9133065538882078,0.9133065538882078,,1,0.0,9.900000000000002,0.13699731954374292,0.9820485235130338,False,False,0,1
"('INTERNAL', ('B0*M0 + B1*M1', 'B2*M0 + M1'))",0.9133065538882078,0.9133065538882078,,1,0.0,9.900000000000002,0.13699731954374292,0.9820485235130338,False,False,0,1
"('INTERNAL', ('B0*M0', 'M0*M2 - M1*M2 + M3'))",0.9132647714907376,0.9132647714907376,,1,0.0,9.900000000000002,0.13698762615257434,0.9820456524603908,False,False,0,1
"('INTERNAL', ('B0*M1 + M1*sqrt(Abs(M0))*sqrt(Abs(i))', 'r'))",0.9132530381309946,0.9132530381309946,,1,0.0,9.900000000000002,0.13698490412951622,0.9820448461598452,False,False,0,1
"('INTERNAL', ('B0*M2*sqrt(Abs(M0)) + B1*M1*M2', 'r'))",0.9132530381309946,0.9132530381309946,,1,0.0,9.900000000000002,0.13698490412951622,0.9820448461598452,False,False,0,1
"('INTERNAL', ('M0*M1*i', 'B0 + M0*M2 - M1*M2'))",0.9132240350304239,0.9132240350304239,,1,0.0,9.900000000000002,0.13697817585085728,0.9820428530126587,False,False,0,1
"('INTERNAL', ('B0 + B1*i + B2*s', 'M0 - M1'))",0.9132005845151142,0.9132005845151142,,1,0.0,9.900000000000002,0.13697273584684258,0.9820412413521389,False,False,0,1
"('TERMINAL', ('B0 + B1*i + B2*s', 'B3*Abs(i)**(1/4)'))",0.9131612291498188,0.9131612291498188,,1,0.0,9.900000000000002,0.13696360658723775,0.9820385364189962,True,False,0,1
"('TERMINAL', ('B0*i*s', 'B1 + B2*r - i*r'))",0.9131462937891561,0.9131462937891561,,1,0.0,9.900000000000002,0.13696014213828347,0.9820375098327242,True,False,0,1
"('INTERNAL', ('B0 + B1*i + B2*s', 'M0 - M1 + i'))",0.91313241218537,0.91313241218537,,1,0.0,9.900000000000002,0.136956922173565,0.9820365556450703,False,False,0,1
"('TERMINAL', ('B0*i*s', 'B1 + B2*r - r**2'))",0.9131277090863602,0.9131277090863602,,1,0.0,9.900000000000002,0.1369558312581303,0.9820362323585745,True,False,0,1
"('INTERNAL', ('B0*i*s', 'B1 - M0*r + r**2'))",0.9131267948624303,0.9131267948624303,,1,0.0,9.900000000000002,0.136955619198408,0.9820361695152957,False,False,0,1
"('INTERNAL', ('B0*M0*s', '-M1 - M2 + sqrt(Abs(M0))'))",0.9131146030402595,0.9131146030402595,,1,0.0,9.900000000000002,0.136952791252835,0.9820353314431157,False,False,0,1
"('INTERNAL', ('M0*M1*M3*M4 + M2*M3*M4', 'M0*M1'))",0.9131146030398638,0.9131146030398638,,1,0.0,9.900000000000002,0.13695279125274323,0.9820353314430885,False,False,0,1
"('INTERNAL', ('B0*M0*M1 + 2*M0*M1*s', 'M0*i'))",0.9131146030398638,0.9131146030398638,,1,0.0,9.900000000000002,0.13695279125274323,0.9820353314430885,False,False,0,1
"('INTERNAL', ('B0*M0*s + B0*M1*s', 'sqrt(Abs(r))'))",0.9131146030398358,0.9131146030398358,,1,0.0,9.900000000000002,0.13695279125273674,0.9820353314430866,False,False,0,1
"('INTERNAL', ('B0*M3 + M3*sqrt(Abs(M0))*sqrt(Abs(M1))*sqrt(Abs(M2))', 'r'))",0.9131146030397076,0.9131146030397076,,1,0.0,9.900000000000002,0.136952791252707,0.9820353314430778,False,False,0,1
"('INTERNAL', ('B0*s + B1*M0*M1', 'r'))",0.9131146030397076,0.9131146030397076,,1,0.0,9.900000000000002,0.136952791252707,0.9820353314430778,False,False,0,1
"('INTERNAL', ('B0*M0*M1 + B1*M1*i', 'M0'))",0.9131146030397076,0.9131146030397076,,1,0.0,9.900000000000002,0.136952791252707,0.9820353314430778,False,False,0,1
"('INTERNAL', ('B0*M0*M1 + B0*s', 'r'))",0.9131146030397076,0.9131146030397076,,1,0.0,9.900000000000002,0.136952791252707,0.9820353314430778,False,False,0,1
"('INTERNAL', ('B0*M0*M1 + B0*M2 + B0*s', 'M0'))",0.9131146030394574,0.9131146030394574,,1,0.0,9.900000000000002,0.13695279125264895,0.9820353314430605,False,False,0,1
"('INTERNAL', ('B0*M0*s', '-M0 - i + r'))",0.9131146030392153,0.9131146030392153,,1,0.0,9.900000000000002,0.13695279125259277,0.9820353314430439,False,False,0,1
"('INTERNAL', ('B0*M0*M1 + B1*M1*s', 'r'))",0.9131146030392019,0.9131146030392019,,1,0.0,9.900000000000002,0.13695279125258972,0.982035331443043,False,False,0,1
"('INTERNAL', ('B0*M0*s', '-M0'))",0.9131146030391869,0.9131146030391869,,1,0.0,9.900000000000002,0.13695279125258616,0.982035331443042,False,False,0,1
"('INTERNAL', ('B0*M0*M3 + B0*M1*M3 + B1*M2*M3', 'M0'))",0.9131146030389924,0.9131146030389924,,1,0.0,9.900000000000002,0.13695279125254112,0.9820353314430286,False,False,0,1
"('INTERNAL', ('B0*M3 + B1*M0*M2 + B1*M1*M2', 'Abs(M0)**(1/4)*Abs(M1)**(1/4)*Abs(i)**(1/4)'))",0.9131146030389344,0.9131146030389344,,1,0.0,9.900000000000002,0.13695279125252768,0.9820353314430247,False,False,0,1
"('INTERNAL', ('B0*M0*M2 + B0*M1*M2', 'sqrt(Abs(r))'))",0.9131146030383516,0.9131146030383516,,1,0.0,9.900000000000002,0.13695279125239243,0.9820353314429846,False,False,0,1
"('INTERNAL', ('B0*M0*s', 'B1 - M0 + r'))",0.913114603038271,0.913114603038271,,1,0.0,9.900000000000002,0.1369527912523738,0.982035331442979,False,False,0,1
"('INTERNAL', ('B0*M0', 'B1*M2*sqrt(Abs(M0 + M1))'))",0.913114603037438,0.913114603037438,,1,0.0,9.900000000000002,0.13695279125218052,0.9820353314429218,False,False,0,1
"('INTERNAL', ('B0*M0*M1 + B0*M2', 'M0 + M1'))",0.9131146030372176,0.9131146030372176,,1,0.0,9.900000000000002,0.13695279125212945,0.9820353314429067,False,False,0,1
"('INTERNAL', ('B0*M1 + B1*M0*M1', 'B2*i**2'))",0.9131146030338593,0.9131146030338593,,1,0.0,9.900000000000002,0.13695279125135043,0.9820353314426757,False,False,0,1
"('INTERNAL', ('B0*M0 + B1*M0*s', 'B2*i**2'))",0.9131146030338593,0.9131146030338593,,1,0.0,9.900000000000002,0.13695279125135043,0.9820353314426757,False,False,0,1
"('INTERNAL', ('B0*M0 + B1*s', 'M1 + sqrt(Abs(M0))'))",0.913114603031148,0.913114603031148,,1,0.0,9.900000000000002,0.13695279125072152,0.9820353314424893,False,False,0,1
"('INTERNAL', ('B0*M0 + B0*M2 + B1*M1', 'B2 - M0 - M1'))",0.9131146030131759,0.9131146030131759,,1,0.0,9.900000000000002,0.1369527912465529,0.982035331441254,False,False,0,1
"('INTERNAL', ('M0*M1*M2 + 2*M1*M2*s', 'M0*i - M1*i'))",0.9131146029765745,0.9131146029765745,,1,0.0,9.900000000000002,0.13695279123806314,0.9820353314387379,False,False,0,1
"('INTERNAL', ('B0*M0 + B1*s', 'Abs(M0)**(1/4)'))",0.9131146029743071,0.9131146029743071,,1,0.0,9.900000000000002,0.13695279123753715,0.982035331438582,False,False,0,1
"('INTERNAL', ('B0*M0 + B1*M0*s', 'B2 + B3*i'))",0.9131146026891134,0.9131146026891134,,1,0.0,9.900000000000002,0.1369527911713857,0.9820353314189775,False,False,0,1
"('INTERNAL', ('B0*M0 + B1*i + B2*s', '-M1 + sqrt(Abs(M0))'))",0.9131102606182211,0.9131102606182211,,1,0.0,9.900000000000002,0.13695178401866548,0.9820350329370895,False,False,0,1
"('INTERNAL', ('B0*M0 + B1*i + B2*s', 'M0 - M1 + r'))",0.9130758095563332,0.9130758095563332,,1,0.0,9.900000000000002,0.1369437931934443,0.9820326646023579,False,False,0,1
"('INTERNAL', ('B0*M0', '-M0 + sqrt(Abs(r))'))",0.9130674175902299,0.9130674175902299,,1,0.0,9.900000000000002,0.1369418467474555,0.9820320876690474,False,False,0,1
"('INTERNAL', ('B0 + B1*M0 + B1*M1 + B2*i', '-M1*M2 + M2*Abs(M0)**(1/4)'))",0.9130267432445045,0.9130267432445045,,1,0.0,9.900000000000002,0.13693241293320316,0.9820292912194077,False,False,0,1
"('INTERNAL', ('B0*sqrt(Abs(s))', 'sqrt(Abs(B1 - sqrt(Abs(M0))))'))",0.9130208650540569,0.9130208650540569,,1,0.0,9.900000000000002,0.1369310496090904,0.9820288870593834,False,False,0,1
"('INTERNAL', ('B0*sqrt(Abs(s))', 'B1*M0 + M1'))",0.9130198808084582,0.9130198808084582,,1,0.0,9.900000000000002,0.13693082133465276,0.9820288193861987,False,False,0,1
"('TERMINAL', ('B0*sqrt(Abs(s))', 'B1 + B2*r'))",0.9130198808084582,0.9130198808084582,,1,0.0,9.900000000000002,0.13693082133465276,0.9820288193861987,True,False,0,1
"('INTERNAL', ('B0*sqrt(Abs(s))', 'B1*r + M0 - M1'))",0.9130198808084582,0.9130198808084582,,1,0.0,9.900000000000002,0.13693082133465276,0.9820288193861987,False,False,0,1
"('INTERNAL', ('B0*sqrt(Abs(s))', 'B1*r + sqrt(Abs(M0))'))",0.9130198808084582,0.9130198808084582,,1,0.0,9.900000000000002,0.13693082133465276,0.9820288193861987,False,False,0,1
"('INTERNAL', ('B0*sqrt(Abs(s))', 'B1*i + M0 - r'))",0.9130154629974542,0.9130154629974542,,1,0.0,9.900000000000002,0.13692979672221445,0.9820285156315265,False,False,0,1
"('TERMINAL', ('B0*sqrt(Abs(s))', 'B1*i + r'))",0.9130089020442976,0.9130089020442976,,1,0.0,9.900000000000002,0.13692827506521707,0.982028064515496,True,False,0,1
"('INTERNAL', ('B0*sqrt(Abs(s))', 'B1 - sqrt(Abs(M0))'))",0.9130072075272515,0.9130072075272515,,1,0.0,9.900000000000002,0.13692788206411186,0.9820279480032987,False,False,0,1
"('INTERNAL', ('B0*sqrt(Abs(s))', 'M0*r - M1*r'))",0.9130028598617692,0.9130028598617692,,1,0.0,9.900000000000002,0.13692687373458057,0.9820276490629115,False,False,0,1
"('INTERNAL', ('B0*sqrt(Abs(s))', 'B1*i*r - M0 + M1'))",0.9130028598617692,0.9130028598617692,,1,0.0,9.900000000000002,0.13692687373458057,0.9820276490629115,False,False,0,1
"('INTERNAL', ('B0*sqrt(Abs(s))', 'B1 + M0 - i'))",0.9129938563948824,0.9129938563948824,,1,0.0,9.900000000000002,0.1369247856268487,0.9820270299855572,False,False,0,1
"('INTERNAL', ('B0*sqrt(Abs(s))', 'sqrt(Abs(B1 + sqrt(Abs(M0))))'))",0.9129930206239154,0.9129930206239154,,1,0.0,9.900000000000002,0.13692459179371114,0.9820269725173901,False,False,0,1
"('INTERNAL', ('B0*sqrt(Abs(s))', 'M1*sqrt(Abs(M0)) + M2'))",0.9129789888301337,0.9129789888301337,,1,0.0,9.900000000000002,0.13692133754804103,0.9820260076654115,False,False,0,1
"('TERMINAL', ('B0*sqrt(Abs(s))', 'B1*r + i'))",0.9129789026644746,0.9129789026644746,,1,0.0,9.900000000000002,0.13692131756470757,0.9820260017404058,True,False,0,1
"('INTERNAL', ('B0*M0', 'M0*M1*i'))",0.9129788184524444,0.9129788184524444,,1,0.0,9.900000000000002,0.13692129803445688,0.9820259959497363,False,False,0,1
"('INTERNAL', ('B0*sqrt(Abs(s))', 'M0*M1 - M2'))",0.9129785962066077,0.9129785962066077,,1,0.0,9.900000000000002,0.13692124649174803,0.9820259806674466,False,False,0,1
"('INTERNAL', ('B0*i*s', 'B1 - M0*r + i*r'))",0.9129785284162415,0.9129785284162415,,1,0.0,9.900000000000002,0.1369212307699753,0.9820259760059763,False,False,0,1
"('INTERNAL', ('B0*sqrt(Abs(s))', '-M0 + r'))",0.9129784337435629,0.9129784337435629,,1,0.0,9.900000000000002,0.1369212088137257,0.9820259694959959,False,False,0,1
"('INTERNAL', ('B0*sqrt(Abs(s))', 'sqrt(Abs(B1 - M1 + sqrt(Abs(M0))))'))",0.9129782219875879,0.9129782219875879,,1,0.0,9.900000000000002,0.13692115970382054,0.9820259549350078,False,False,0,1
"('INTERNAL', ('B0*sqrt(Abs(s))', 'sqrt(Abs(B1 - M1 - M2 + sqrt(Abs(M0))))'))",0.9129782219875879,0.9129782219875879,,1,0.0,9.900000000000002,0.13692115970382054,0.9820259549350078,False,False,0,1
"('INTERNAL', ('B0*sqrt(Abs(s))', 'B1 + B2*i + M0'))",0.9129769590764611,0.9129769590764611,,1,0.0,9.900000000000002,0.1369208668129375,0.9820258680932309,False,False,0,1
"('TERMINAL', ('B0*sqrt(Abs(s))', 'B1 + B2*i'))",0.9129769590764611,0.9129769590764611,,1,0.0,9.900000000000002,0.1369208668129375,0.9820258680932309,True,False,0,1
"('INTERNAL', ('B0*sqrt(Abs(s))', 'B1 + M0*M1'))",0.9129769590764611,0.9129769590764611,,1,0.0,9.900000000000002,0.1369208668129375,0.9820258680932309,False,False,0,1
"('INTERNAL', ('B0*sqrt(Abs(M0 + M1))', 'i*r + r'))",0.9129728449312842,0.9129728449312842,,1,0.0,9.900000000000002,0.1369199126745401,0.9820255851898013,False,False,0,1
"('INTERNAL', ('B0*sqrt(Abs(s))', 'M0 + i*r'))",0.9129728449312842,0.9129728449312842,,1,0.0,9.900000000000002,0.1369199126745401,0.9820255851898013,False,False,0,1
"('INTERNAL', ('B0*sqrt(Abs(s))', 'B1*M0'))",0.9129720317174059,0.9129720317174059,,1,0.0,9.900000000000002,0.13691972407729344,0.982025529269971,False,False,0,1
"('INTERNAL', ('B0*M0 + B1*M0*i + B2*M0*s', 'B3*M0 + B4*i'))",0.9128656946440072,0.9128656946440072,,1,0.0,9.900000000000002,0.13689506429133197,0.9820182162066888,False,False,0,1
"('INTERNAL', ('B0 + B1*sqrt(Abs(i))', 'sqrt(Abs(B2 - M0 + i - r))'))",0.9128600247288259,0.9128600247288259,,1,0.0,9.900000000000002,0.13689374950852493,0.9820178262223405,False,False,0,1
"('TERMINAL', ('B0 + B1*sqrt(Abs(i))', 'sqrt(Abs(B2 - r))'))",0.9128600247288259,0.9128600247288259,,1,0.0,9.900000000000002,0.13689374950852493,0.9820178262223405,True,False,0,1
"('INTERNAL', ('B0*M0 + B1*M1', 'sqrt(Abs(M0 - M1 - M2 + r))'))",0.9128490533182642,0.9128490533182642,,1,0.0,9.900000000000002,0.13689120539850597,0.9820170715795974,False,False,0,1
"('INTERNAL', ('B0*M2 + B1*M0*M2 + B2*M1*M2', 'B3*M0*M1'))",0.9128374103517087,0.9128374103517087,,1,0.0,9.900000000000002,0.13688850559852161,0.9820162707246072,False,False,0,1
"('INTERNAL', ('M0*M1*M2*M3', 'B0*i'))",0.9128336941742348,0.9128336941742348,,1,0.0,9.900000000000002,0.13688764388945052,0.9820160151048846,False,False,0,1
"('INTERNAL', ('M0*M1*M2*M3*M4', 'B0*M0*i'))",0.9127827377823551,0.9127827377823551,,1,0.0,9.900000000000002,0.13687582845657592,0.9820125098152634,False,False,0,1
"('INTERNAL', ('B0*M0 + B0*s + B1*M1 + B1*M2', 'M0 - M1'))",0.9127672899540716,0.9127672899540716,,1,0.0,9.900000000000002,0.1368722466485246,0.982011447078124,False,False,0,1
"('INTERNAL', ('B0 + B1*sqrt(Abs(i))', 'sqrt(Abs(-B2 + M0 + M1 + M2))'))",0.9127594423698856,0.9127594423698856,,1,0.0,9.900000000000002,0.1368704270934192,0.982010907187171,False,False,0,1
"('TERMINAL', ('B0 + B1*sqrt(Abs(i))', 'sqrt(Abs(B2 - i))'))",0.9127594423698856,0.9127594423698856,,1,0.0,9.900000000000002,0.1368704270934192,0.982010907187171,True,False,0,1
"('INTERNAL', ('B0*M1 + B1*M2 + B2*M0*M1 + B2*M1*i', 'B3*Abs(i)**(1/4)'))",0.9127505147580562,0.9127505147580562,,1,0.0,9.900000000000002,0.1368683571405225,0.9820102929816031,False,False,0,1
"('INTERNAL', ('B0*M2 + B1*M0*M1 + B1*M1*i', 'Abs(M0)**(1/4)*Abs(M1)**(1/4)*Abs(M2)**(1/4)'))",0.9126657597604059,0.9126657597604059,,1,0.0,9.900000000000002,0.13684870690428233,0.9820044613432785,False,False,0,1
"('INTERNAL', ('B0*M0*i', 'sqrt(Abs(r))'))",0.9126630588652316,0.9126630588652316,,1,0.0,9.900000000000002,0.13684808073898747,0.9820042754872322,False,False,0,1
"('INTERNAL', ('B0*M2 + B1*M0*M1', 'sqrt(Abs(r))'))",0.9126630588652316,0.9126630588652316,,1,0.0,9.900000000000002,0.13684808073898747,0.9820042754872322,False,False,0,1
"('INTERNAL', ('B0*M3 + B1*M0*M2 + B1*M1*M2', 'Abs(M0*M2*M3 + M1*M2*M3)**(1/4)'))",0.9126630588636664,0.9126630588636664,,1,0.0,9.900000000000002,0.13684808073862462,0.9820042754871245,False,False,0,1
"('INTERNAL', ('B0*M0*M2 + B1*M1*M2', 'M0 - M1 - M2'))",0.9126630588622219,0.9126630588622219,,1,0.0,9.900000000000002,0.13684808073828977,0.9820042754870252,False,False,0,1
"('INTERNAL', ('B0*M3 + B1*M0*M2 + B1*M1*M2', 'Abs(M0)**(1/4)*Abs(M1)**(1/4)*Abs(M2)**(1/4)*Abs(M3)**(1/4)'))",0.9126630588607236,0.9126630588607236,,1,0.0,9.900000000000002,0.13684808073794238,0.982004275486922,False,False,0,1
"('INTERNAL', ('B0*M3*M4 + B1*M0*M2*M4 + B1*M1*M2*M4', 'r'))",0.9126630588544727,0.9126630588544727,,1,0.0,9.900000000000002,0.13684808073649318,0.9820042754864919,False,False,0,1
"('INTERNAL', ('B0*M0*M1*M2', 'sqrt(Abs(r))'))",0.9126630588528559,0.9126630588528559,,1,0.0,9.900000000000002,0.1368480807361184,0.9820042754863807,False,False,0,1
"('INTERNAL', ('B0*M0*i + B0*M1*i', 'r'))",0.912663058851325,0.912663058851325,,1,0.0,9.900000000000002,0.13684808073576346,0.9820042754862753,False,False,0,1
"('INTERNAL', ('B0*M0*M3 + B1*M1*M3 + B1*M2*M3', 'r'))",0.912663058851325,0.912663058851325,,1,0.0,9.900000000000002,0.13684808073576346,0.9820042754862753,False,False,0,1
"('INTERNAL', ('B0*M2 + B1*M0*M1', 'B2*Abs(M0)**(1/4)'))",0.9126630587649923,0.9126630587649923,,1,0.0,9.900000000000002,0.13684808071574844,0.9820042754803345,False,False,0,1
"('INTERNAL', ('B0*M0*M4 + B0*M2*M4 + B1*M1*M4 + B1*M3*M4', 'M0*M1'))",0.9126630586136892,0.9126630586136892,,1,0.0,9.900000000000002,0.13684808068067095,0.9820042754699229,False,False,0,1
"('INTERNAL', ('B0 + B1*M0 + B1*M1 + B2*i', '-M1*sqrt(Abs(M0)) + M1*sqrt(Abs(i))'))",0.9125686934733812,0.9125686934733812,,1,0.0,9.900000000000002,0.13682620460938708,0.9819977812191673,False,False,0,1
"('INTERNAL', ('M0*i', 'B0 + M0*i'))",0.9125057202777626,0.9125057202777626,,1,0.0,9.900000000000002,0.1368116072150541,0.9819934465914886,False,False,0,1
"('INTERNAL', ('B0*M0', 'B1 + M0 - M1 - M2'))",0.9124917818549964,0.9124917818549964,,1,0.0,9.900000000000002,0.13680837638138235,0.9819924870845484,False,False,0,1
"('INTERNAL', ('B0*M0 + B1*i + B2*s', '-M0 + i + r'))",0.9124642122017209,0.9124642122017209,,1,0.0,9.900000000000002,0.13680198606718508,0.9819905891268645,False,False,0,1
"('INTERNAL', ('B0 + B1*M0 + B2*M1', 'B3 + M0 + M1 - M2 + i'))",0.9124642122017209,0.9124642122017209,,1,0.0,9.900000000000002,0.13680198606718508,0.9819905891268645,False,False,0,1
"('INTERNAL', ('B0*M0', 'sqrt(Abs(M1 + sqrt(Abs(M0))))'))",0.9124006002852096,0.9124006002852096,,1,0.0,9.900000000000002,0.1367872423398969,0.9819862094784818,False,False,0,1
"('INTERNAL', ('B0*M0 + B0*i', 'sqrt(Abs(M0))'))",0.9123721754079395,0.9123721754079395,,1,0.0,9.900000000000002,0.13678065446867707,0.9819842522328627,False,False,0,1
"('INTERNAL', ('B0*M0*sqrt(Abs(i))', 'i'))",0.9123515121820995,0.9123515121820995,,1,0.0,9.900000000000002,0.13677586560220234,0.9819828293492784,False,False,0,1
"('INTERNAL', ('B0*M0*M1', 'M0 + r'))",0.912196581262538,0.912196581262538,,1,0.0,9.900000000000002,0.1367399626511398,0.9819721585480321,False,False,0,1
"('INTERNAL', ('B0*M0*M1', 'B1 - M0 - M1'))",0.9121965811348957,0.9121965811348957,,1,0.0,9.900000000000002,0.1367399626215632,0.9819721585392392,False,False,0,1
"('INTERNAL', ('B0*i + B1*s', 'B2 + M0 - M1 - M2 + i'))",0.9121726536519607,0.9121726536519607,,1,0.0,9.900000000000002,0.13673441833442723,0.981970510205119,False,False,0,1
"('INTERNAL', ('B0 + B1*M0 + B1*s + B2*i', '-M0*M1 + M1*sqrt(Abs(i))'))",0.9120734503802067,0.9120734503802067,,1,0.0,9.900000000000002,0.1367114333162365,0.9819636752495048,False,False,0,1
"('INTERNAL', ('B0 + B1*M0 + B2*i', 'Abs(i)**(3/2)'))",0.9120734503802067,0.9120734503802067,,1,0.0,9.900000000000002,0.1367114333162365,0.9819636752495048,False,False,0,1
"('INTERNAL', ('B0*M0*M2 + B1*M1*M2', 'M0 - M1'))",0.912037161537269,0.912037161537269,,1,0.0,9.900000000000002,0.13670302596603426,0.981961174613633,False,False,0,1
"('INTERNAL', ('B0*M0*s + B1*M1*s', 'sqrt(Abs(i))'))",0.9120360026705271,0.9120360026705271,,1,0.0,9.900000000000002,0.13670275748696092,0.9819610947535924,False,False,0,1
"('INTERNAL', ('B0 + B1*M0 + B1*M1 + B2*i', 'B3*M0 + M0*sqrt(Abs(i))'))",0.9118125713886939,0.9118125713886939,,1,0.0,9.900000000000002,0.13665100079808895,0.9819456936411385,False,False,0,1
"('INTERNAL', ('B0*sqrt(Abs(M0)) + B1*M1', 'M0 - M1 + i'))",0.9115577883118698,0.9115577883118698,,1,0.0,9.900000000000002,0.13659199737905678,0.9819281217993554,False,False,0,1
"('INTERNAL', ('B0*i + B1*s', 'M0 - M1 + 2*i'))",0.9115092286391474,0.9115092286391474,,1,0.0,9.900000000000002,0.13658075369003095,0.9819247715761007,False,False,0,1
"('INTERNAL', ('B0*M0 + B1*M0*s', 'B2*M0 + B3*M1'))",0.9113368949457316,0.9113368949457316,,1,0.0,9.900000000000002,0.13654085581829511,0.9819128789342413,False,False,0,1
"('INTERNAL', ('B0 + B1*M0*M1*M2', 'r'))",0.9112710607725685,0.9112710607725685,,1,0.0,9.900000000000002,0.1365256162315542,0.981908334516296,False,False,0,1
"('INTERNAL', ('B0 + B1*i + B2*s', 'M0 + M1 - M2'))",0.9112404081794714,0.9112404081794714,,1,0.0,9.900000000000002,0.13651852101528913,0.9819062183870156,False,False,0,1
"('INTERNAL', ('B0*M0 + B0*M1 + B1*M2', 'B2 - M0'))",0.9112237960797578,0.9112237960797578,,1,0.0,9.900000000000002,0.13651467588119265,0.9819050714935876,False,False,0,1
"('INTERNAL', ('B0 + B1*i', 'M0 - M1 + M2'))",0.9112039493967725,0.9112039493967725,,1,0.0,9.900000000000002,0.1365100821449451,0.9819037012283527,False,False,0,1
"('INTERNAL', ('B0 + B1*i', 'sqrt(Abs(M0 + r))'))",0.9111911465587438,0.9111911465587438,,1,0.0,9.900000000000002,0.13650711883921493,0.9819028172548837,False,False,0,1
"('INTERNAL', ('B0*M0*s', '-M1 + r - sqrt(Abs(M0))'))",0.9111759968408498,0.9111759968408498,,1,0.0,9.900000000000002,0.13650361238655437,0.9819017712072616,False,False,0,1
"('INTERNAL', ('B0*M0*i', 'sqrt(Abs(i))'))",0.9111007880211589,0.9111007880211589,,1,0.0,9.900000000000002,0.13648620593261787,0.9818965777003293,False,False,0,1
"('INTERNAL', ('B0*s + B0*sqrt(Abs(M0))', 'M0*M1'))",0.911011794159423,0.911011794159423,,1,0.0,9.900000000000002,0.13646561093324133,0.9818904311163501,False,False,0,1
"('INTERNAL', ('M0*M1*i', 'B0 + M0'))",0.9109225382921411,0.9109225382921411,,1,0.0,9.900000000000002,0.13644495735530296,0.9818842651755263,False,False,0,1
"('INTERNAL', ('B0*M1*M3 + B0*M3*sqrt(Abs(M0)) + B1*M2*M3', 'B2*M0 + B2*M1'))",0.9109019686123498,0.9109019686123498,,1,0.0,9.900000000000002,0.1364401978761048,0.9818828440094847,False,False,0,1
"('INTERNAL', ('M0 - M1', 'sqrt(Abs(M0 + M1))'))",0.9108674626367234,0.9108674626367234,,1,0.0,9.900000000000002,0.13643221401702207,0.9818804598295026,False,False,0,1
"('INTERNAL', ('B0*M1 + B1*M0*M1', 'B2*M0 + B3*M1'))",0.9106874154318889,0.9106874154318889,,1,0.0,9.900000000000002,0.1363905603800058,0.9818680164606206,False,False,0,1
"('TERMINAL', ('B0 + B1*i', 'B2 + r'))",0.910634833935731,0.910634833935731,,1,0.0,9.900000000000002,0.13637839731316095,0.9818643814944149,True,False,0,1
"('INTERNAL', ('B0*M0 + B0*M1 + B0*M2 + B1*M3', 'M0 - M1'))",0.910634833935731,0.910634833935731,,1,0.0,9.900000000000002,0.13637839731316095,0.9818643814944149,False,False,0,1
"('INTERNAL', ('B0*M0 + B1*M1 + B1*M2', 'M0 + M1 - M2 + i'))",0.910634833935731,0.910634833935731,,1,0.0,9.900000000000002,0.13637839731316095,0.9818643814944149,False,False,0,1
"('INTERNAL', ('B0*M0 + B1*M1 + B1*M2', 'M0 + M1'))",0.9104844230515479,0.9104844230515479,,1,0.0,9.900000000000002,0.1363436084519825,0.9818539811487945,False,False,0,1
"('INTERNAL', ('B0*i*s', 'M0 + M1 - M2 + M3'))",0.9104090024763338,0.9104090024763338,,1,0.0,9.900000000000002,0.1363261664615257,0.981848764750224,False,False,0,1
"('INTERNAL', ('M0*i', 'B0 + B1*M0'))",0.9101902148167189,0.9101902148167189,,1,0.0,9.900000000000002,0.13627557727358547,0.9818336273889648,False,False,0,1
"('INTERNAL', ('B0*M0', 'M1*sqrt(Abs(M0)) + M2'))",0.909591101244974,0.909591101244974,,1,0.0,9.900000000000002,0.13613711043554683,0.9817921373935719,False,False,0,1
"('INTERNAL', ('B0*M2 + B1*M0*M1 + B1*s', '-M1 + sqrt(Abs(M0))'))",0.9094957746095912,0.9094957746095912,,1,0.0,9.900000000000002,0.1361150871290696,0.9817855305547375,False,False,0,1
"('INTERNAL', ('B0*M0*M1 + B0*M2 + B1*M3', 'M1 - M2 + i + sqrt(Abs(M0))'))",0.9091010289717805,0.9091010289717805,,1,0.0,9.900000000000002,0.1360239140148939,0.9817581564265028,False,False,0,1
"('INTERNAL', ('M0 - M1 + M2', 'M0 + i'))",0.9089674877623389,0.9089674877623389,,1,0.0,9.900000000000002,0.13599307953177595,0.9817488902484892,False,False,0,1
"('INTERNAL', ('B0*M0 + B1*M1 + B1*M2', 'M0*M3 + M1*M3 - M2*M3'))",0.9089547221212989,0.9089547221212989,,1,0.0,9.900000000000002,0.13599013220341127,0.9817480043160466,False,False,0,1
"('INTERNAL', ('i*s', 'B0 + M0*M2 - M1*M2'))",0.9088951052617472,0.9088951052617472,,1,0.0,9.900000000000002,0.13597636843231245,0.9817438665778525,False,False,0,1
"('INTERNAL', ('B0*M0 + B0*M1', 'M0 + r'))",0.9086591397414447,0.9086591397414447,,1,0.0,9.900000000000002,0.13592189995544174,0.9817274837379584,False,False,0,1
"('INTERNAL', ('B0*M1*M2 + B0*s + B1*M0*M2', 'B2 + r'))",0.9086591397414447,0.9086591397414447,,1,0.0,9.900000000000002,0.13592189995544174,0.9817274837379584,False,False,0,1
"('TERMINAL', ('B0*s + B1*i*s', 'B2 + r'))",0.9086591397414447,0.9086591397414447,,1,0.0,9.900000000000002,0.13592189995544174,0.9817274837379584,True,False,0,1
"('INTERNAL', ('B0*M0 + B0*M1', 'B1 - M0*M1'))",0.908540010379848,0.908540010379848,,1,0.0,9.900000000000002,0.1358944064951965,0.9817192093539979,False,False,0,1
"('INTERNAL', ('B0*M0 + B0*M2 + B1*M1', 'M0 + M1'))",0.9084205561710729,0.9084205561710729,,1,0.0,9.900000000000002,0.13586684173636634,0.981710910145427,False,False,0,1
"('INTERNAL', ('B0*M0 + B1*M1', 'sqrt(Abs(M0 + r))'))",0.9083614416724095,0.9083614416724095,,1,0.0,9.900000000000002,0.13585320207916546,0.9817068022648391,False,False,0,1
"('INTERNAL', ('B0*Abs(M0)**(1/4) + B1*M1', 'M0'))",0.9083532541921471,0.9083532541921471,,1,0.0,9.900000000000002,0.13585131302942935,0.9817062332711538,False,False,0,1
"('INTERNAL', ('B0*sqrt(Abs(M0)) + B1*M1 + B1*M2', 'M0*M2 - M1*M2'))",0.9083115264088194,0.9083115264088194,,1,0.0,9.900000000000002,0.13584168568879215,0.9817033332093638,False,False,0,1
"('INTERNAL', ('B0*M0*M1', 'M0*M1 - M2 - M3'))",0.9083115233318745,0.9083115233318745,,1,0.0,9.900000000000002,0.1358416849789028,0.9817033329955073,False,False,0,1
"('INTERNAL', ('B0*i', 'M0*M2 + M1*M2 + M2*i + M2*r'))",0.9083115233318745,0.9083115233318745,,1,0.0,9.900000000000002,0.1358416849789028,0.9817033329955073,False,False,0,1
"('INTERNAL', ('B0*i', 'M0*M1 + M1*i + 2*M1*r'))",0.9083115233318745,0.9083115233318745,,1,0.0,9.900000000000002,0.1358416849789028,0.9817033329955073,False,False,0,1
"('INTERNAL', ('B0*i', 'B1*M0 + M0*i + 2*M0*r'))",0.9083115233318745,0.9083115233318745,,1,0.0,9.900000000000002,0.1358416849789028,0.9817033329955073,False,False,0,1
"('INTERNAL', ('B0*M0 + B0*s + B1*M1 + B1*M2', 'B2 + i'))",0.908311517128711,0.908311517128711,,1,0.0,9.900000000000002,0.13584168354775622,0.9817033325643697,False,False,0,1
"('INTERNAL', ('B0*M2 + B1*M0*M1 + B1*s', 'B2 + i'))",0.908311517128711,0.908311517128711,,1,0.0,9.900000000000002,0.13584168354775622,0.9817033325643697,False,False,0,1
"('TERMINAL', ('B0 + B1*i + B2*s', 'B3 + i'))",0.908311517128711,0.908311517128711,,1,0.0,9.900000000000002,0.13584168354775622,0.9817033325643697,True,False,0,1
"('INTERNAL', ('B0*M0 + B1*i + B2*s', 'B3 - M0 + i'))",0.908311517128711,0.908311517128711,,1,0.0,9.900000000000002,0.13584168354775622,0.9817033325643697,False,False,0,1
"('INTERNAL', ('B0*M0 + B1*M1 + B2*M2', 'M0 - M1 + M2 + M3 - M4 + i'))",0.908311517128711,0.908311517128711,,1,0.0,9.900000000000002,0.13584168354775622,0.9817033325643697,False,False,0,1
"('INTERNAL', ('B0*M0 + B1*i + B2*s', '-M0 + 2*i'))",0.9083115084360015,0.9083115084360015,,1,0.0,9.900000000000002,0.13584168154224055,0.9817033319602015,False,False,0,1
"('INTERNAL', ('B0*M0 + B1*i + B2*s', 'M0 + M1 + M2 - M3 + i'))",0.9083115084360015,0.9083115084360015,,1,0.0,9.900000000000002,0.13584168154224055,0.9817033319602015,False,False,0,1
"('TERMINAL', ('B0 + B1*i', 'i + r'))",0.9083024335191973,0.9083024335191973,,1,0.0,9.900000000000002,0.1358395878572028,0.9817027012210323,True,False,0,1
"('INTERNAL', ('B0*M0', 'r - sqrt(Abs(M0))'))",0.9080855532474646,0.9080855532474646,,1,0.0,9.900000000000002,0.13578955745892562,0.9816876233770149,False,False,0,1
"('INTERNAL', ('B0*M0 + B0*s + B1*M1', 'M0*M1 - M2'))",0.9079628599626297,0.9079628599626297,,1,0.0,9.900000000000002,0.13576125967877833,0.9816790902474921,False,False,0,1
"('INTERNAL', ('B0*M0*M1*s', '-M0 - M1 + r'))",0.9079201840388382,0.9079201840388382,,1,0.0,9.900000000000002,0.13575141788168116,0.9816761216423164,False,False,0,1
"('INTERNAL', ('B0*s*sqrt(Abs(M0))*sqrt(Abs(M1))', 'M0'))",0.9079201839538728,0.9079201839538728,,1,0.0,9.900000000000002,0.1357514178620872,0.9816761216364058,False,False,0,1
"('INTERNAL', ('B0*Abs(s)**(3/2)', '-M0 - M1 + r'))",0.9079199007953106,0.9079199007953106,,1,0.0,9.900000000000002,0.13575135256245147,0.98167610193848,False,False,0,1
"('INTERNAL', ('B0*s*sqrt(Abs(M0))', '-M0'))",0.9079199007953106,0.9079199007953106,,1,0.0,9.900000000000002,0.13575135256245147,0.98167610193848,False,False,0,1
"('INTERNAL', ('B0*M0*sqrt(Abs(s))', 'i'))",0.9079198915330134,0.9079198915330134,,1,0.0,9.900000000000002,0.13575135042645906,0.9816761012941481,False,False,0,1
"('INTERNAL', ('B0*s*sqrt(Abs(M0))', '-M0 - i + r'))",0.9079198915330134,0.9079198915330134,,1,0.0,9.900000000000002,0.13575135042645906,0.9816761012941481,False,False,0,1
"('INTERNAL', ('B0*Abs(s)**(3/2)', 'M0'))",0.9079198915330134,0.9079198915330134,,1,0.0,9.900000000000002,0.13575135042645906,0.9816761012941481,False,False,0,1
"('INTERNAL', ('B0*s*sqrt(Abs(M0))', 'i'))",0.9079198915330134,0.9079198915330134,,1,0.0,9.900000000000002,0.13575135042645906,0.9816761012941481,False,False,0,1
"('INTERNAL', ('B0*Abs(s)**(3/2)', 'sqrt(Abs(M0))'))",0.9079198915330134,0.9079198915330134,,1,0.0,9.900000000000002,0.13575135042645906,0.9816761012941481,False,False,0,1
"('TERMINAL', ('B0*Abs(s)**(3/2)', 'sqrt(Abs(i))'))",0.9079198915330134,0.9079198915330134,,1,0.0,9.900000000000002,0.13575135042645906,0.9816761012941481,True,False,0,1
"('INTERNAL', ('B0*s*sqrt(Abs(M0))*sqrt(Abs(M1))', 'sqrt(Abs(i))'))",0.9079198915330134,0.9079198915330134,,1,0.0,9.900000000000002,0.13575135042645906,0.9816761012941481,False,False,0,1
"('INTERNAL', ('B0*i*s', '-M0 - M1 + r'))",0.9078494532271838,0.9078494532271838,,1,0.0,9.900000000000002,0.13573510718093695,0.9816712008577159,False,False,0,1
"('INTERNAL', ('M0*M2*i - M1*M2*i', 'M0'))",0.9078410100168044,0.9078410100168044,,1,0.0,9.900000000000002,0.13573316024173096,0.9816706134054832,False,False,0,1
"('INTERNAL', ('M0*M2 - M1*M2', 'i'))",0.9078410100168044,0.9078410100168044,,1,0.0,9.900000000000002,0.13573316024173096,0.9816706134054832,False,False,0,1
"('INTERNAL', ('B0*sqrt(Abs(M0 - M1 - M2 + M3))', 'M0*M1*M2 - M3 + M4'))",0.9075208794143647,0.9075208794143647,,1,0.0,9.900000000000002,0.13565935413422547,0.9816483313659898,False,False,0,1
"('INTERNAL', ('B0*M0 + B0*M1', 'M0*M1 - M2'))",0.9074814105617214,0.9074814105617214,,1,0.0,9.900000000000002,0.1356502564174617,0.981645583089871,False,False,0,1
"('INTERNAL', ('B0*M0 + B1*M1 + B1*M2', 'B2 + r'))",0.9074112415886967,0.9074112415886967,,1,0.0,9.900000000000002,0.13563408319929665,0.9816406965068936,False,False,0,1
"('INTERNAL', ('B0*M0 + B1*i + B2*s', 'B3 + M0 - M1'))",0.9074112415886967,0.9074112415886967,,1,0.0,9.900000000000002,0.13563408319929665,0.9816406965068936,False,False,0,1
"('INTERNAL', ('B0*M0 + B0*M1 + B0*s', 'M0 + M1'))",0.9074112415886967,0.9074112415886967,,1,0.0,9.900000000000002,0.13563408319929665,0.9816406965068936,False,False,0,1
"('INTERNAL', ('B0*M0 + B0*M1 + B1*M2', 'B2 + M0 - M1 + i'))",0.9074112415886967,0.9074112415886967,,1,0.0,9.900000000000002,0.13563408319929665,0.9816406965068936,False,False,0,1
"('INTERNAL', ('B0*M0 + B0*M1', 'B1 - i'))",0.9073243692383598,0.9073243692383598,,1,0.0,9.900000000000002,0.13561406178210145,0.9816346456136554,False,False,0,1
"('INTERNAL', ('B0*M0 + B1*M1 + B2*s', 'M0 - M1'))",0.9073243692383598,0.9073243692383598,,1,0.0,9.900000000000002,0.13561406178210145,0.9816346456136554,False,False,0,1
"('INTERNAL', ('B0*M0 + B0*M2 + B0*s + B1*M1', 'M0'))",0.9073243692383598,0.9073243692383598,,1,0.0,9.900000000000002,0.13561406178210145,0.9816346456136554,False,False,0,1
"('INTERNAL', ('B0*M0 + B0*M1', 'M0*M1 + M1*r'))",0.907291839917653,0.907291839917653,,1,0.0,9.900000000000002,0.13560656526935042,0.9816323795503967,False,False,0,1
"('INTERNAL', ('B0*M0 + B0*M1', 'sqrt(Abs(r))'))",0.9072916451396161,0.9072916451396161,,1,0.0,9.900000000000002,0.13560652038278886,0.9816323659812287,False,False,0,1
"('INTERNAL', ('B0*s + B0*sqrt(Abs(M0)) + B1*M1', 'r'))",0.9072896900523435,0.9072896900523435,,1,0.0,9.900000000000002,0.13560606983383908,0.9816322297801808,False,False,0,1
"('INTERNAL', ('B0*M0 + B1*i + B2*s', 'M0*M1 - M2'))",0.9072390709840035,0.9072390709840035,,1,0.0,9.900000000000002,0.13559440503558665,0.9816287031942146,False,False,0,1
"('INTERNAL', ('B0 + B1*sqrt(Abs(i))', 'sqrt(Abs(M0 - M1 + M2 + M3 - i))'))",0.9071729272584966,0.9071729272584966,,1,0.0,9.900000000000002,0.13557916368606115,0.9816240944057009,False,False,0,1
"('TERMINAL', ('B0*i + B0*s', 'B1 + i'))",0.9070699577227566,0.9070699577227566,,1,0.0,9.900000000000002,0.1355554388884869,0.9816169182709363,True,False,0,1
"('INTERNAL', ('B0*M0', 'sqrt(Abs(M0 + M1 - M2 + r))'))",0.9070270558313548,0.9070270558313548,,1,0.0,9.900000000000002,0.13554555484092667,0.9816139278628332,False,False,0,1
"('INTERNAL', ('B0*M0 + B1*M1 + B2*M2', 'M0 + M1 - M2 + 2*i'))",0.9069834351193283,0.9069834351193283,,1,0.0,9.900000000000002,0.13553550567178826,0.9816108870507172,False,False,0,1
"('INTERNAL', ('M0*i - M1*i', 'B0*Abs(M0)**(1/4)'))",0.9069111318921415,0.9069111318921415,,1,0.0,9.900000000000002,0.13551884981507437,0.9816058461066587,False,False,0,1
"('INTERNAL', ('B0 + B1*sqrt(Abs(i))', 'sqrt(Abs(M0 + M1 - M2))'))",0.906768160264259,0.906768160264259,,1,0.0,9.900000000000002,0.1354859186609437,0.9815958757530546,False,False,0,1
"('INTERNAL', ('B0*i + B1*s', 'M0 - M1 + M2 - M3 + i'))",0.9066971868616862,0.9066971868616862,,1,0.0,9.900000000000002,0.13546957306223162,0.9815909251038897,False,False,0,1
"('INTERNAL', ('B0*i + B1*s', 'M0*r + M1 - M2 + i'))",0.906634691942667,0.906634691942667,,1,0.0,9.900000000000002,0.1354551811815865,0.9815865651967206,False,False,0,1
"('TERMINAL', ('B0*i + B1*s', 'B2 + r'))",0.9065919831867328,0.9065919831867328,,1,0.0,9.900000000000002,0.1354453464106971,0.9815835852981735,True,False,0,1
"('INTERNAL', ('B0*s + B1*M0*i', 'B2 + r'))",0.9065919831867328,0.9065919831867328,,1,0.0,9.900000000000002,0.1354453464106971,0.9815835852981735,False,False,0,1
"('INTERNAL', ('B0*s + B1*M0*M1*M2', 'B2 + r'))",0.9065919831867328,0.9065919831867328,,1,0.0,9.900000000000002,0.1354453464106971,0.9815835852981735,False,False,0,1
"('INTERNAL', ('B0*M0 + B1*i + B2*s', 'M0 - M1 - M2 + i'))",0.9065919831867328,0.9065919831867328,,1,0.0,9.900000000000002,0.1354453464106971,0.9815835852981735,False,False,0,1
"('INTERNAL', ('B0*M2 + B1*M0*M1 + B1*M3', 'B2 - M0'))",0.9065722106463098,0.9065722106463098,,1,0.0,9.900000000000002,0.13544079344219653,0.9815822056195826,False,False,0,1
"('INTERNAL', ('B0*M0*M1', '-M0 - M1 + r'))",0.9065722106463098,0.9065722106463098,,1,0.0,9.900000000000002,0.13544079344219653,0.9815822056195826,False,False,0,1
"('INTERNAL', ('B0 + B1*i', 'B2 + sqrt(Abs(M0 + M1))'))",0.9063589436011659,0.9063589436011659,,1,0.0,9.900000000000002,0.13539169141628943,0.9815673204281438,False,False,0,1
"('INTERNAL', ('B0*M0 + B1*i + B2*s', 'M1 - M2 + sqrt(Abs(M0))'))",0.9063086960829995,0.9063086960829995,,1,0.0,9.900000000000002,0.13538012426628204,0.9815638122992154,False,False,0,1
"('INTERNAL', ('B0 + B1*i + B2*s', 'B3 + M0 + M1 - M2 + i'))",0.9063086960829995,0.9063086960829995,,1,0.0,9.900000000000002,0.13538012426628204,0.9815638122992154,False,False,0,1
"('INTERNAL', ('B0*M0', 'M1 - M2 + sqrt(Abs(M0))'))",0.9062320236500625,0.9062320236500625,,1,0.0,9.900000000000002,0.13536247526170606,0.9815584584898644,False,False,0,1
"('INTERNAL', ('B0 + B1*M0', 'M0 - M1 + M2'))",0.9060481128825331,0.9060481128825331,,1,0.0,9.900000000000002,0.13532014753624316,0.9815456127364368,False,False,0,1
"('INTERNAL', ('B0*M0 + B1*M1 + B2*M2', 'M0 + M1 + M2 + M3 - M4 + i'))",0.9060481128825331,0.9060481128825331,,1,0.0,9.900000000000002,0.13532014753624316,0.9815456127364368,False,False,0,1
"('INTERNAL', ('B0 + B1*M0', 'B2 + r'))",0.906046540674114,0.906046540674114,,1,0.0,9.900000000000002,0.13531978572429257,0.9815455028980414,False,False,0,1
"('INTERNAL', ('M0*M1', '-M0*M1 + M1*r'))",0.9060406239316874,0.9060406239316874,,1,0.0,9.900000000000002,0.13531842411145553,0.9815450895361597,False,False,0,1
"('INTERNAL', ('B0 + B1*i', 'B2 + sqrt(Abs(M0 - M1))'))",0.9059260160002387,0.9059260160002387,,1,0.0,9.900000000000002,0.13529205130075772,0.9815370815747125,False,False,0,1
"('INTERNAL', ('B0 + B1*sqrt(Abs(i))', 'sqrt(Abs(B2 + B3*M0*M1))'))",0.905833864792396,0.905833864792396,,1,0.0,9.900000000000002,0.13527084852939988,0.9815306412101287,False,False,0,1
"('INTERNAL', ('B0 + B1*sqrt(Abs(i))', 'sqrt(Abs(B2 + B3*sqrt(Abs(M0))))'))",0.9057048307904381,0.9057048307904381,,1,0.0,9.900000000000002,0.13524116318302248,0.9815216208720444,False,False,0,1
"('INTERNAL', ('B0*M0 + B0*M1 + B1*s', 'i'))",0.9056183141126211,0.9056183141126211,,1,0.0,9.900000000000002,0.13522126169684182,0.9815155712964614,False,False,0,1
"('INTERNAL', ('B0*M0*M1 + B0*M2', 'i'))",0.9056183141126211,0.9056183141126211,,1,0.0,9.900000000000002,0.13522126169684182,0.9815155712964614,False,False,0,1
"('INTERNAL', ('B0*M0 + B0*M1 + B0*i + B1*M2', 'i'))",0.9056183141126211,0.9056183141126211,,1,0.0,9.900000000000002,0.13522126169684182,0.9815155712964614,False,False,0,1
"('INTERNAL', ('B0*M0 + B1*i + B2*s', 'M0 - M1 + M2 - M3 + i'))",0.9056183141126211,0.9056183141126211,,1,0.0,9.900000000000002,0.13522126169684182,0.9815155712964614,False,False,0,1
"('INTERNAL', ('B0*M0*M1 + B0*s', 'M0'))",0.9056183141126211,0.9056183141126211,,1,0.0,9.900000000000002,0.13522126169684182,0.9815155712964614,False,False,0,1
"('INTERNAL', ('B0*M0 + B0*M1 + B0*M2 + B0*M3', 'i'))",0.9056183141126211,0.9056183141126211,,1,0.0,9.900000000000002,0.13522126169684182,0.9815155712964614,False,False,0,1
"('INTERNAL', ('B0*M0*M1 + B0*M2 + B0*M3', 'i'))",0.9056183141126211,0.9056183141126211,,1,0.0,9.900000000000002,0.13522126169684182,0.9815155712964614,False,False,0,1
"('INTERNAL', ('B0*M0 + B1*M1 + B1*M2 + B1*s', 'i'))",0.9056183141126211,0.9056183141126211,,1,0.0,9.900000000000002,0.13522126169684182,0.9815155712964614,False,False,0,1
"('INTERNAL', ('B0*M0 + B1*M1 + B1*M2', 'B2 + M0'))",0.9055900072186115,0.9055900072186115,,1,0.0,9.900000000000002,0.13521475066162292,0.9815135917122765,False,False,0,1
"('INTERNAL', ('B0*M0*M1 + B0*M2', 'M0*M1'))",0.9055032911178565,0.9055032911178565,,1,0.0,9.900000000000002,0.13519480586236296,0.9815075266079534,False,False,0,1
"('INTERNAL', ('B0*M0 + B0*M3 + B1*M1 + B1*M2', 'B2 - M0'))",0.9055032910171614,0.9055032910171614,,1,0.0,9.900000000000002,0.1351948058392041,0.9815075266009099,False,False,0,1
"('INTERNAL', ('B0*M0 + B1*M1 + B1*M2', 'M1 + sqrt(Abs(M0))'))",0.9055032902445995,0.9055032902445995,,1,0.0,9.900000000000002,0.13519480566152256,0.9815075265468699,False,False,0,1
"('INTERNAL', ('B0*M0 + B1*M1', 'B2 + M0*M1'))",0.9055032900368293,0.9055032900368293,,1,0.0,9.900000000000002,0.13519480561373753,0.9815075265323366,False,False,0,1
"('INTERNAL', ('B0*M0 + B1*M1 + B2*M2', 'M1 + M2 - M3 + i + sqrt(Abs(M0))'))",0.9055032890790471,0.9055032890790471,,1,0.0,9.900000000000002,0.13519480539345724,0.9815075264653408,False,False,0,1
"('INTERNAL', ('B0 + B1*M0', 'Abs(M0)**(1/4)*Abs(M1)**(1/4)'))",0.9055030877436108,0.9055030877436108,,1,0.0,9.900000000000002,0.13519475908833167,0.9815075123821307,False,False,0,1
"('INTERNAL', ('B0*M0 + B1*M1 + B1*M2', 'Abs(M0)**(1/4)*Abs(M1)**(1/4)'))",0.9055030877436108,0.9055030877436108,,1,0.0,9.900000000000002,0.13519475908833167,0.9815075123821307,False,False,0,1
"('INTERNAL', ('B0*M0 + B0*M1 + B1*M2', 'M1 + sqrt(Abs(M0))'))",0.9055030820610391,0.9055030820610391,,1,0.0,9.900000000000002,0.1351947577813975,0.9815075119846405,False,False,0,1
"('INTERNAL', ('B0*M0*M1 + B0*i', 'M0'))",0.905489559107907,0.905489559107907,,1,0.0,9.900000000000002,0.1351916476620313,0.9815065660529876,False,False,0,1
"('TERMINAL', ('B0*sqrt(Abs(i)) + B1*i', 'r'))",0.905489559107907,0.905489559107907,,1,0.0,9.900000000000002,0.1351916476620313,0.9815065660529876,True,False,0,1
"('INTERNAL', ('B0*i + B1*sqrt(Abs(M0))*sqrt(Abs(M1))', 'r'))",0.905489559107907,0.905489559107907,,1,0.0,9.900000000000002,0.1351916476620313,0.9815065660529876,False,False,0,1
"('INTERNAL', ('B0 + B1*M0*i', 'r'))",0.9053615562285009,0.9053615562285009,,1,0.0,9.900000000000002,0.1351622108395986,0.9814976108012127,False,False,0,1
"('INTERNAL', ('B0*M0*M1 + B0*M2 + B1*M3', 'M0'))",0.9053615562285009,0.9053615562285009,,1,0.0,9.900000000000002,0.1351622108395986,0.9814976108012127,False,False,0,1
"('INTERNAL', ('B0*M0 + B0*M1 + B1*M2', 'M0 + M1 + M2 - M3 + i'))",0.9052593438829586,0.9052593438829586,,1,0.0,9.900000000000002,0.13513870808825593,0.9814904580188137,False,False,0,1
"('INTERNAL', ('B0*M0 + B0*M3 + B1*M1 + B1*M2', 'B2 - r'))",0.9052589790306874,0.9052589790306874,,1,0.0,9.900000000000002,0.1351386241987715,0.9814904324836103,False,False,0,1
"('INTERNAL', ('B0*M0 + B0*M1 + B1*M2 + B1*i', 'B2 - r'))",0.9052589790306874,0.9052589790306874,,1,0.0,9.900000000000002,0.1351386241987715,0.9814904324836103,False,False,0,1
"('INTERNAL', ('B0*M2 + B0*i + B1*M0*M1', 'B2 - r'))",0.9052589790306874,0.9052589790306874,,1,0.0,9.900000000000002,0.1351386241987715,0.9814904324836103,False,False,0,1
"('INTERNAL', ('-M0*M1 + M1*sqrt(Abs(s))', 'i'))",0.9050603213646878,0.9050603213646878,,1,0.0,9.900000000000002,0.13509295246189,0.9814765257294988,False,False,0,1
"('INTERNAL', ('B0*M0 + B1*M1 + B1*s', 'i'))",0.9050603213646878,0.9050603213646878,,1,0.0,9.900000000000002,0.13509295246189,0.9814765257294988,False,False,0,1
"('INTERNAL', ('B0*sqrt(Abs(M0)) + B1*s', 'i'))",0.9050603213646878,0.9050603213646878,,1,0.0,9.900000000000002,0.13509295246189,0.9814765257294988,False,False,0,1
"('INTERNAL', ('B0*M1 + B0*s + B0*sqrt(Abs(M0))', 'i'))",0.9050603213646878,0.9050603213646878,,1,0.0,9.900000000000002,0.13509295246189,0.9814765257294988,False,False,0,1
"('INTERNAL', ('B0*M0 + B0*M1 + B0*s + B1*M2', 'i'))",0.90504907135206,0.90504907135206,,1,0.0,9.900000000000002,0.13509036636796035,0.9814757380002216,False,False,0,1
"('INTERNAL', ('B0*M0 + B0*M2 + B0*s + B1*M1', 'i'))",0.90504907135206,0.90504907135206,,1,0.0,9.900000000000002,0.13509036636796035,0.9814757380002216,False,False,0,1
"('INTERNAL', ('B0*M0', 'M0*M1 - M2 + M3'))",0.9050475061135086,0.9050475061135086,,1,0.0,9.900000000000002,0.1350900065617025,0.9814756284001512,False,False,0,1
"('INTERNAL', ('B0*i', 'B1 + B2*M0 + M0*r'))",0.9048672224704656,0.9048672224704656,,1,0.0,9.900000000000002,0.13504856840826296,0.9814630020944766,False,False,0,1
"('INTERNAL', ('i*sqrt(Abs(M0))', 'B0 + B1*M0 + M0*r'))",0.9048672224704656,0.9048672224704656,,1,0.0,9.900000000000002,0.13504856840826296,0.9814630020944766,False,False,0,1
"('INTERNAL', ('M0*i', 'B0 + B1*i + i*r'))",0.9048672224704656,0.9048672224704656,,1,0.0,9.900000000000002,0.13504856840826296,0.9814630020944766,False,False,0,1
"('INTERNAL', ('M2*sqrt(Abs(M0))*sqrt(Abs(M1))', 'i'))",0.90486288668337,0.90486288668337,,1,0.0,9.900000000000002,0.13504757193136244,0.9814626983705897,False,False,0,1
"('INTERNAL', ('B0*s*sqrt(Abs(i))', '-M0*M1 - M2 + r'))",0.9048559216168872,0.9048559216168872,,1,0.0,9.900000000000002,0.1350459711876215,0.981462210458209,False,False,0,1
"('INTERNAL', ('M0*i - M1*i', 'sqrt(Abs(B0*M0 + B0*M1 + B0*M2 + B0*M3))'))",0.9048434671390075,0.9048434671390075,,1,0.0,9.900000000000002,0.13504310887305063,0.9814613379858603,False,False,0,1
"('INTERNAL', ('B0*s', 'B1 + M0 - M1 - i'))",0.9048085287782099,0.9048085287782099,,1,0.0,9.900000000000002,0.1350350794772686,0.9814588903205326,False,False,0,1
"('INTERNAL', ('B0*s', 'sqrt(Abs(B1 - M0*M1))'))",0.904808528777699,0.904808528777699,,1,0.0,9.900000000000002,0.13503507947715118,0.9814588903204968,False,False,0,1
"('TERMINAL', ('B0*s', 'B1*r*sqrt(Abs(i))'))",0.9048085287775411,0.9048085287775411,,1,0.0,9.900000000000002,0.13503507947711488,0.9814588903204857,True,False,0,1
"('INTERNAL', ('B0*s', 'B1*r*sqrt(Abs(M0))'))",0.9048085287775411,0.9048085287775411,,1,0.0,9.900000000000002,0.13503507947711488,0.9814588903204857,False,False,0,1
"('TERMINAL', ('B0*s', 'B1 + i - sqrt(Abs(i))'))",0.9048085287769461,0.9048085287769461,,1,0.0,9.900000000000002,0.13503507947697818,0.981458890320444,True,False,0,1
"('INTERNAL', ('B0*s', 'sqrt(Abs(M0))*sqrt(Abs(M1))*sqrt(Abs(i))'))",0.9048085287767859,0.9048085287767859,,1,0.0,9.900000000000002,0.13503507947694138,0.9814588903204328,False,False,0,1
"('INTERNAL', ('B0*s', 'M2*sqrt(Abs(M0 + M1 - i))'))",0.90480852877255,0.90480852877255,,1,0.0,9.900000000000002,0.13503507947596788,0.981458890320136,False,False,0,1
"('INTERNAL', ('B0*s', 'sqrt(Abs(M0 - r))'))",0.9048085287702473,0.9048085287702473,,1,0.0,9.900000000000002,0.1350350794754387,0.9814588903199747,False,False,0,1
"('INTERNAL', ('B0*s', 'sqrt(Abs(M0 + M1 + M2 - 2*r))'))",0.9048085287702473,0.9048085287702473,,1,0.0,9.900000000000002,0.1350350794754387,0.9814588903199747,False,False,0,1
"('TERMINAL', ('B0*s', 'sqrt(Abs(B1 - i + r))'))",0.9048085287702473,0.9048085287702473,,1,0.0,9.900000000000002,0.1350350794754387,0.9814588903199747,True,False,0,1
"('INTERNAL', ('B0*s', 'sqrt(Abs(M0*M1 - M2))'))",0.9048085287672678,0.9048085287672678,,1,0.0,9.900000000000002,0.135035079474754,0.981458890319766,False,False,0,1
"('INTERNAL', ('B0*s', 'B1 - i + sqrt(Abs(M0))'))",0.9048085286680814,0.9048085286680814,,1,0.0,9.900000000000002,0.13503507945195983,0.981458890312817,False,False,0,1
"('INTERNAL', ('B0*M0 + B0*M2 + B1*M1', 'B2 - sqrt(Abs(M0))'))",0.9048085284345773,0.9048085284345773,,1,0.0,9.900000000000002,0.13503507939829787,0.9814588902964578,False,False,0,1
"('INTERNAL', ('B0*s', 'sqrt(Abs(M0 - M1 + r))'))",0.9048085281022945,0.9048085281022945,,1,0.0,9.900000000000002,0.1350350793219354,0.9814588902731783,False,False,0,1
"('INTERNAL', ('M2*s + s*sqrt(Abs(M0 - M1))', 'M0 + M1'))",0.9048085279216381,0.9048085279216381,,1,0.0,9.900000000000002,0.13503507928041847,0.9814588902605216,False,False,0,1
"('INTERNAL', ('B0*s', '-M1*M3 - M2*M3 + M3*sqrt(Abs(M0))'))",0.9048085278282183,0.9048085278282183,,1,0.0,9.900000000000002,0.1350350792589496,0.9814588902539767,False,False,0,1
"('INTERNAL', ('B0*M2 + B1*M0*M2 + B2*M1*M2', 'B3*M0 + B3*M1 + B4*M2'))",0.9048085278282183,0.9048085278282183,,1,0.0,9.900000000000002,0.1350350792589496,0.9814588902539767,False,False,0,1
"('INTERNAL', ('B0*s', 'M1 - M2 + i + sqrt(Abs(M0))'))",0.9048085272188267,0.9048085272188267,,1,0.0,9.900000000000002,0.1350350791189043,0.9814588902112831,False,False,0,1
"('INTERNAL', ('B0*M0', 'B1*sqrt(Abs(M0)) + M1'))",0.9048085265770366,0.9048085265770366,,1,0.0,9.900000000000002,0.1350350789714136,0.9814588901663196,False,False,0,1
"('INTERNAL', ('B0*s', 'i - sqrt(Abs(M0))'))",0.90480852627632,0.90480852627632,,1,0.0,9.900000000000002,0.13503507890230532,0.9814588901452516,False,False,0,1
"('TERMINAL', ('B0*s', 'B1 + i - sqrt(Abs(r))'))",0.9048085250774167,0.9048085250774167,,1,0.0,9.900000000000002,0.13503507862678354,0.9814588900612571,True,False,0,1
"('INTERNAL', ('B0*M0', 'M2 + sqrt(Abs(M0 - M1))'))",0.9048084873510817,0.9048084873510817,,1,0.0,9.900000000000002,0.13503506995683598,0.9814588874181706,False,False,0,1
"('INTERNAL', ('B0*s', 'sqrt(Abs(M0 + M1 + M2 - i - r))'))",0.904808484585551,0.904808484585551,,1,0.0,9.900000000000002,0.13503506932128506,0.981458887224419,False,False,0,1
"('INTERNAL', ('B0*s', 'sqrt(Abs(M0 - i))'))",0.9048084841526813,0.9048084841526813,,1,0.0,9.900000000000002,0.1350350692218066,0.9814588871940924,False,False,0,1
"('INTERNAL', ('B0*s', '-M1 + i - sqrt(Abs(M0))'))",0.9048084834664762,0.9048084834664762,,1,0.0,9.900000000000002,0.13503506906410878,0.9814588871460173,False,False,0,1
"('INTERNAL', ('B0*s', '-M0 - M1 + sqrt(Abs(i))'))",0.9048084817464703,0.9048084817464703,,1,0.0,9.900000000000002,0.13503506866883155,0.9814588870255145,False,False,0,1
"('INTERNAL', ('B0*s', 'sqrt(Abs(M0 + r))'))",0.9048084814640147,0.9048084814640147,,1,0.0,9.900000000000002,0.13503506860391995,0.9814588870057258,False,False,0,1
"('INTERNAL', ('B0*M0*s', '-M0 - M1 - M2 + r'))",0.9048084786587843,0.9048084786587843,,1,0.0,9.900000000000002,0.13503506795924564,0.9814588868091929,False,False,0,1
"('INTERNAL', ('B0*s', 'sqrt(Abs(M0*M1 - M2 - M3 + r))'))",0.9048084771363497,0.9048084771363497,,1,0.0,9.900000000000002,0.1350350676093726,0.981458886702532,False,False,0,1
"('INTERNAL', ('M1*s + s*sqrt(Abs(M0))', 'M0 + i'))",0.904745487875185,0.904745487875185,,1,0.0,9.900000000000002,0.13502059245926418,0.981454473393382,False,False,0,1
"('INTERNAL', ('B0*M0*M1 + B0*M2 + B1*M3', 'M0*M1 + M2 + M3 - M4 + i'))",0.904663831735606,0.904663831735606,,1,0.0,9.900000000000002,0.13500182911182573,0.9814487512599851,False,False,0,1
"('INTERNAL', ('B0 + B1*i', 'sqrt(Abs(M2 + sqrt(Abs(M0 + M1))))'))",0.9046453429313844,0.9046453429313844,,1,0.0,9.900000000000002,0.13499758090151867,0.9814474554917926,False,False,0,1
"('INTERNAL', ('B0*M0 + B1*i + B2*s', 'M0*M1 + M2 - M3'))",0.9045109097510682,0.9045109097510682,,1,0.0,9.900000000000002,0.13496669455324592,0.9814380322501959,False,False,0,1
"('INTERNAL', ('B0*M1 + B1*M0*M1 + B2*M1*s', 'B3 + B4*M0'))",0.9045109097510682,0.9045109097510682,,1,0.0,9.900000000000002,0.13496669455324592,0.9814380322501959,False,False,0,1
"('INTERNAL', ('B0*M0 + B1*M0*i + B2*M0*s', 'B3 + B4*i'))",0.9045109097510682,0.9045109097510682,,1,0.0,9.900000000000002,0.13496669455324592,0.9814380322501959,False,False,0,1
"('INTERNAL', ('B0*M0 + B1*M1 + B2*M2', 'M0*M1 + M2 + M3 - M4 + i'))",0.9045109097510682,0.9045109097510682,,1,0.0,9.900000000000002,0.13496669455324592,0.9814380322501959,False,False,0,1
"('INTERNAL', ('B0*M0 + B1*M1', '-M1 + i + sqrt(Abs(M0))'))",0.9044494068821625,0.9044494068821625,,1,0.0,9.900000000000002,0.13495256566670238,0.9814337201805,False,False,0,1
"('INTERNAL', ('B0*M0*M1 + B0*s', 'M0*M1'))",0.9044478812081914,0.9044478812081914,,1,0.0,9.900000000000002,0.13495221519011535,0.9814336132052803,False,False,0,1
"('INTERNAL', ('B0*M0*M1*M2', 'M0 + M1'))",0.9044292245265003,0.9044292245265003,,1,0.0,9.900000000000002,0.13494792944064216,0.981432305030432,False,False,0,1
"('INTERNAL', ('M0*M1*M2 + M1*M2*i', 'M0*M1'))",0.9043798281153925,0.9043798281153925,,1,0.0,9.900000000000002,0.13493658269636516,0.9814288411705533,False,False,0,1
"('INTERNAL', ('M0*M1*M2*i', 'B0*M0*i'))",0.9043426107245646,0.9043426107245646,,1,0.0,9.900000000000002,0.13492803398244643,0.981426231092415,False,False,0,1
"('INTERNAL', ('B0*sqrt(Abs(M0 - M1 + M2))', 'B1*M0*M1 - M2 + M3'))",0.9042945062597677,0.9042945062597677,,1,0.0,9.900000000000002,0.13491698506952293,0.9814228571707067,False,False,0,1
"('INTERNAL', ('B0*sqrt(Abs(M0))', 'sqrt(Abs(M0))*sqrt(Abs(r))'))",0.9042899052220743,0.9042899052220743,,1,0.0,9.900000000000002,0.13491592830756735,0.9814225344466319,False,False,0,1
"('INTERNAL', ('B0*M0', 'B1 + M0*M1 - M2'))",0.9042677573966819,0.9042677573966819,,1,0.0,9.900000000000002,0.13491084149212404,0.9814209809159354,False,False,0,1
"('TERMINAL', ('sqrt(Abs(B0*s + B1))', 'B2*r'))",0.9042433826117281,0.9042433826117281,,1,0.0,9.900000000000002,0.13490524334384274,0.9814192710878209,True,False,0,1
"('INTERNAL', ('B0 + B1*M0 + B1*M1 + B2*i', 'B3*M0 - M0*i + M0*sqrt(Abs(i))'))",0.9042113950393733,0.9042113950393733,,1,0.0,9.900000000000002,0.13489789700063498,0.9814170270989414,False,False,0,1
"('INTERNAL', ('sqrt(Abs(M0))*sqrt(Abs(B0 + s))', 'r'))",0.9042081538253918,0.9042081538253918,,1,0.0,9.900000000000002,0.13489715263024252,0.9814167997125487,False,False,0,1
"('INTERNAL', ('B0*sqrt(Abs(M0 - M1 + M2))', 'r'))",0.9042081538253918,0.9042081538253918,,1,0.0,9.900000000000002,0.13489715263024252,0.9814167997125487,False,False,0,1
"('INTERNAL', ('B0*M0 + B0*M1', 'B1 - M0 - M1'))",0.904178265112535,0.904178265112535,,1,0.0,9.900000000000002,0.1348902885782709,0.9814147028001083,False,False,0,1
"('INTERNAL', ('B0*M0*i + B0*M0*s', 'B1*i**2'))",0.9041767836300714,0.9041767836300714,,1,0.0,9.900000000000002,0.13488994835637869,0.9814145988595496,False,False,0,1
"('INTERNAL', ('B0*M1 + B1*M0*M1 + B2*M1*s', 'B3*M0 + B4*M1 + B4*i'))",0.9041256033431768,0.9041256033431768,,1,0.0,9.900000000000002,0.13487819516840424,0.9814110078448752,False,False,0,1
"('INTERNAL', ('B0*sqrt(Abs(M0 + M1))', 'B1*M0*M1 - M2 + M3'))",0.9041204676895667,0.9041204676895667,,1,0.0,9.900000000000002,0.13487701583926692,0.9814106474837638,False,False,0,1
"('INTERNAL', ('M0*M2*i - M1*M2*i - M3*i', 'sqrt(Abs(B0*M0 + B0*M1 + B0*M2))'))",0.9041074433806776,0.9041074433806776,,1,0.0,9.900000000000002,0.13487402502401147,0.9814097335687261,False,False,0,1
"('INTERNAL', ('B0*M0 + B0*M1 + B1*M2', 'B2 + M0'))",0.9040642191891042,0.9040642191891042,,1,0.0,9.900000000000002,0.13486409962135712,0.9814067003361571,False,False,0,1
"('INTERNAL', ('B0*M0*M1 + B0*M2 + B1*M3', 'M0 + M1 + M2 + M3 - M4 + i'))",0.9040642191891042,0.9040642191891042,,1,0.0,9.900000000000002,0.13486409962135712,0.9814067003361571,False,False,0,1
"('INTERNAL', ('B0*M0 + B1*M1 + B2*M2', 'B3 + M0 - M1 + 2*i'))",0.9040642191891042,0.9040642191891042,,1,0.0,9.900000000000002,0.13486409962135712,0.9814067003361571,False,False,0,1
"('INTERNAL', ('B0 + B1*M0 + B1*M1 + B2*i', '-M0*M1*M2 + M2*sqrt(Abs(i))'))",0.904057716110012,0.904057716110012,,1,0.0,9.900000000000002,0.13486260638612615,0.9814062439606269,False,False,0,1
"('INTERNAL', ('B0*M0 + B1*M1', 'sqrt(Abs(M0 - M1 + r))'))",0.9039834570093457,0.9039834570093457,,1,0.0,9.900000000000002,0.13484555580105553,0.9814010321003894,False,False,0,1
"('INTERNAL', ('B0*M0', 'M0*M3 + M1*M3 + M2*M3'))",0.9039507205589182,0.9039507205589182,,1,0.0,9.900000000000002,0.13483803965462055,0.9813987342204401,False,False,0,1
"('INTERNAL', ('B0*M0 + B1*M1 + B2*M2', 'B3 + M0 - M1 + i + r'))",0.903941228056232,0.903941228056232,,1,0.0,9.900000000000002,0.1348358602687561,0.9813980678783235,False,False,0,1
"('INTERNAL', ('B0*i', 'B1*r - M0 + 2*i'))",0.9039161113309977,0.9039161113309977,,1,0.0,9.900000000000002,0.1348300938255372,0.9813963046985874,False,False,0,1
"('TERMINAL', ('B0*i', 'B1*r + i'))",0.9039161113309977,0.9039161113309977,,1,0.0,9.900000000000002,0.1348300938255372,0.9813963046985874,True,False,0,1
"('INTERNAL', ('B0*sqrt(Abs(s))', 'sqrt(Abs(B1 - M0 + r))'))",0.9039109314575527,0.9039109314575527,,1,0.0,9.900000000000002,0.13482890462032246,0.9813959410619499,False,False,0,1
"('INTERNAL', ('B0*sqrt(Abs(s))', 'sqrt(Abs(B1 - M0 + M1))'))",0.9039109314575527,0.9039109314575527,,1,0.0,9.900000000000002,0.13482890462032246,0.9813959410619499,False,False,0,1
"('INTERNAL', ('B0*sqrt(Abs(s))', 'sqrt(Abs(M0 + M1 + M2))'))",0.9039078898376779,0.9039078898376779,,1,0.0,9.900000000000002,0.13482820632264317,0.981395727532654,False,False,0,1
"('INTERNAL', ('B0*sqrt(Abs(s))', 'M0 + r'))",0.9038981499845679,0.9038981499845679,,1,0.0,9.900000000000002,0.13482597025484175,0.9813950437607857,False,False,0,1
"('INTERNAL', ('B0*sqrt(Abs(M0))', 'M0*M1 - M2'))",0.9038921566428528,0.9038921566428528,,1,0.0,9.900000000000002,0.13482459432026597,0.9813946229996623,False,False,0,1
"('INTERNAL', ('B0*sqrt(Abs(s))', 'B1 + M0 - M1'))",0.9038820647447056,0.9038820647447056,,1,0.0,9.900000000000002,0.1348222774714201,0.9813939144874476,False,False,0,1
"('INTERNAL', ('B0*i', '-M1 + i + sqrt(Abs(M0))'))",0.9038755809519244,0.9038755809519244,,1,0.0,9.900000000000002,0.13482078896762065,0.9813934592774749,False,False,0,1
"('TERMINAL', ('B0*sqrt(Abs(s))', 'sqrt(Abs(B1 - 2*r))'))",0.9038742149158076,0.9038742149158076,,1,0.0,9.900000000000002,0.13482047536397784,0.9813933633708325,True,False,0,1
"('INTERNAL', ('B0*sqrt(Abs(s))', 'B1 + sqrt(Abs(M0 - M1))'))",0.903870267424531,0.903870267424531,,1,0.0,9.900000000000002,0.13481956913320237,0.9813930862237575,False,False,0,1
"('INTERNAL', ('B0*sqrt(Abs(s))', 'B1 - M0 - M1'))",0.9038662935757947,0.9038662935757947,,1,0.0,9.900000000000002,0.13481865685554661,0.9813928072236628,False,False,0,1
"('INTERNAL', ('B0*sqrt(Abs(s))', '-M2 + sqrt(Abs(M0))*sqrt(Abs(M1))'))",0.9038488471115355,0.9038488471115355,,1,0.0,9.900000000000002,0.13481465171339382,0.9813915822944652,False,False,0,1
"('TERMINAL', ('B0*sqrt(Abs(s))', 'sqrt(Abs(-B1 + i + r))'))",0.9038485761077675,0.9038485761077675,,1,0.0,9.900000000000002,0.13481458950033695,0.9813915632667075,True,False,0,1
"('INTERNAL', ('B0*sqrt(Abs(s))', 'sqrt(Abs(B1 - M0*M1))'))",0.9038480015668187,0.9038480015668187,,1,0.0,9.900000000000002,0.13481445760574337,0.9813915229269128,False,False,0,1
"('INTERNAL', ('B0 + B1*M0 + B1*M1 + B2*i', '-M0*i + M0*sqrt(Abs(i))'))",0.9038474098997386,0.9038474098997386,,1,0.0,9.900000000000002,0.1348143217796749,0.9813914813845993,False,False,0,1
"('INTERNAL', ('B0*sqrt(Abs(s))', '-M2 + sqrt(Abs(M0 - M1))'))",0.9038429629365058,0.9038429629365058,,1,0.0,9.900000000000002,0.13481330091531954,0.9813911691512482,False,False,0,1
"('INTERNAL', ('B0*sqrt(Abs(s))', 'sqrt(Abs(-B1 - M0 + M1 + M2 + M3))'))",0.9038419834452595,0.9038419834452595,,1,0.0,9.900000000000002,0.1348130760597009,0.981391100378088,False,False,0,1
"('INTERNAL', ('B0*sqrt(Abs(s))', 'sqrt(Abs(-B1 + M0 + i))'))",0.9038419834452595,0.9038419834452595,,1,0.0,9.900000000000002,0.1348130760597009,0.981391100378088,False,False,0,1
"('INTERNAL', ('M0*M2*M3*M4 + M1*M2*M3*M4', 'M0*M1*M2'))",0.9038417519145286,0.9038417519145286,,1,0.0,9.900000000000002,0.1348130229086894,0.9813910841215651,False,False,0,1
"('INTERNAL', ('B0*M2 + B1*M0*M1', 'B2 + M0'))",0.9038327410699045,0.9038327410699045,,1,0.0,9.900000000000002,0.1348109543580826,0.9813904514343363,False,False,0,1
"('INTERNAL', ('B0 + M0', 'B1 + i'))",0.9037886715415165,0.9037886715415165,,1,0.0,9.900000000000002,0.1348008379538303,0.9813873569513951,False,False,0,1
"('INTERNAL', ('B0 + B1*M0 + B1*M1 + B2*i', '-M0*M1 + M1*sqrt(Abs(r))'))",0.9037736985192355,0.9037736985192355,,1,0.0,9.900000000000002,0.1347974009270166,0.9813863055023841,False,False,0,1
"('INTERNAL', ('B0 + B1*M0*M1 + B1*M2', 'r'))",0.9037545414849285,0.9037545414849285,,1,0.0,9.900000000000002,0.13479300355258594,0.981384960187899,False,False,0,1
"('INTERNAL', ('B0*M0*i', 'M0*M1'))",0.9035364282689635,0.9035364282689635,,1,0.0,9.900000000000002,0.13474294369702802,0.98136963893537,False,False,0,1
"('INTERNAL', ('B0*M1 + B1*M1*sqrt(Abs(M0))', 'r'))",0.9035237198464814,0.9035237198464814,,1,0.0,9.900000000000002,0.1347400273227583,0.9813687460052264,False,False,0,1
"('INTERNAL', ('B0*M0 + B1*M1', 'Abs(M0 + M1)**(1/4)'))",0.90350518318511,0.90350518318511,,1,0.0,9.900000000000002,0.1347357735376155,0.9813674435202416,False,False,0,1
"('INTERNAL', ('B0*M4 + B1*M0*M3 + B1*M1*M3 + B1*M2*M3', 'Abs(M0)**(1/4)*Abs(M1)**(1/4)*Abs(i)**(1/16)'))",0.9034226053405936,0.9034226053405936,,1,0.0,9.900000000000002,0.13471682467939797,0.9813616404946456,False,False,0,1
"('INTERNAL', ('B0*M1 - M0*M1 + M1*sqrt(Abs(s))', 'M0*M1 + M2 - M3'))",0.9034064449228904,0.9034064449228904,,1,0.0,9.900000000000002,0.1347131166076255,0.9813605047202162,False,False,0,1
"('INTERNAL', ('B0*M3 + B1*M0*M1*M2', 'Abs(M0)**(1/4)*Abs(M1)**(1/4)'))",0.9033904525522432,0.9033904525522432,,1,0.0,9.900000000000002,0.1347094471608217,0.9813593807154206,False,False,0,1
"('INTERNAL', ('B0*M0*i + B0*M1 + B1*M2', 'M0 + M1 + M2 - M3 + i'))",0.9032768597573638,0.9032768597573638,,1,0.0,9.900000000000002,0.13468338519941503,0.9813513958090578,False,False,0,1
"('INTERNAL', ('B0*M0*s', 'M0 + M1 - M2 - M3'))",0.9032287314118703,0.9032287314118703,,1,0.0,9.900000000000002,0.134672343955351,0.9813480120495246,False,False,0,1
"('INTERNAL', ('M0*M1*M2*M3', 'B0*M0*r'))",0.903228731404846,0.903228731404846,,1,0.0,9.900000000000002,0.13467234395373953,0.9813480120490307,False,False,0,1
"('INTERNAL', ('B0*M0*s', '-M0 - M1 + i'))",0.9032287313354154,0.9032287313354154,,1,0.0,9.900000000000002,0.13467234393781172,0.9813480120441489,False,False,0,1
"('INTERNAL', ('B0*M0*s + B0*M1*s', '-M0 - M1 + r'))",0.9032287313354154,0.9032287313354154,,1,0.0,9.900000000000002,0.13467234393781172,0.9813480120441489,False,False,0,1
"('INTERNAL', ('B0*s**2', '-M0 - M1 + r'))",0.9032287312928705,0.9032287312928705,,1,0.0,9.900000000000002,0.13467234392805175,0.9813480120411576,False,False,0,1
"('INTERNAL', ('B0*M0', 'B1 - M0 + r'))",0.903228731284678,0.903228731284678,,1,0.0,9.900000000000002,0.13467234392617228,0.9813480120405815,False,False,0,1
"('INTERNAL', ('B0*M0*M1*s', 'B1*i**2'))",0.9032287310979993,0.9032287310979993,,1,0.0,9.900000000000002,0.134672343883347,0.981348012027456,False,False,0,1
"('TERMINAL', ('B0*s**2', 'B1*i**2'))",0.9032287310979993,0.9032287310979993,,1,0.0,9.900000000000002,0.134672343883347,0.981348012027456,True,False,0,1
"('INTERNAL', ('B0*M0*s', 'B1*i'))",0.9032287309298507,0.9032287309298507,,1,0.0,9.900000000000002,0.1346723438447727,0.9813480120156334,False,False,0,1
"('INTERNAL', ('B0*M0*s', 'M0*M1'))",0.9032287309298507,0.9032287309298507,,1,0.0,9.900000000000002,0.1346723438447727,0.9813480120156334,False,False,0,1
"('INTERNAL', ('B0*s**2', 'M0 - M1 - M2'))",0.9032287308194097,0.9032287308194097,,1,0.0,9.900000000000002,0.1346723438194368,0.9813480120078681,False,False,0,1
"('INTERNAL', ('B0*M0*M1', '-M1 + sqrt(Abs(M0))'))",0.9032287304369611,0.9032287304369611,,1,0.0,9.900000000000002,0.1346723437317006,0.9813480119809779,False,False,0,1
"('INTERNAL', ('B0*s**2', 'M0'))",0.903228710311729,0.903228710311729,,1,0.0,9.900000000000002,0.13467233911484505,0.9813480105659561,False,False,0,1
"('INTERNAL', ('M0*M1', 'i - r'))",0.9032287076521907,0.9032287076521907,,1,0.0,9.900000000000002,0.1346723385047301,0.9813480103789617,False,False,0,1
"('TERMINAL', ('B0*s**2', 'sqrt(Abs(i))'))",0.9032287067596521,0.9032287067596521,,1,0.0,9.900000000000002,0.13467233829997616,0.9813480103162066,True,False,0,1
"('TERMINAL', ('B0*s**2', 'sqrt(Abs(r))'))",0.9032287047411064,0.9032287047411064,,1,0.0,9.900000000000002,0.13467233783690893,0.981348010174281,True,False,0,1
"('INTERNAL', ('B0 + B1*sqrt(Abs(i))', 'sqrt(Abs(M1 + M2 - sqrt(Abs(M0))))'))",0.9032067433555176,0.9032067433555176,,1,0.0,9.900000000000002,0.1346672998179465,0.9813464660125573,False,False,0,1
"('INTERNAL', ('B0*M0*M1', 'sqrt(Abs(M0 - M1 - M2 + r))'))",0.9031756000629334,0.9031756000629334,,1,0.0,9.900000000000002,0.1346601556492186,0.9813442761156043,False,False,0,1
"('INTERNAL', ('B0*M0*M1', 'M0 + M1 + M2'))",0.903175178517848,0.903175178517848,,1,0.0,9.900000000000002,0.1346600589498697,0.98134424647284,False,False,0,1
"('INTERNAL', ('B0 + B1*M0 + B2*M1', 'B3 - M0'))",0.9030596321669614,0.9030596321669614,,1,0.0,9.900000000000002,0.13463355518199935,0.9813361202652497,False,False,0,1
"('INTERNAL', ('B0*sqrt(Abs(M0))', 'B1 - M0 + i'))",0.9029161114120531,0.9029161114120531,,1,0.0,9.900000000000002,0.13460063947085038,0.9813260236985429,False,False,0,1
"('INTERNAL', ('B0*M0 + B0*M1 + B0*s + B1*M2', 'M0 - M1'))",0.9028868619138738,0.9028868619138738,,1,0.0,9.900000000000002,0.13459393190360797,0.9813239656181826,False,False,0,1
"('INTERNAL', ('B0 + B1*M0 + B1*i', 'M0'))",0.9026113121328779,0.9026113121328779,,1,0.0,9.900000000000002,0.1345307529050398,0.9813045704419272,False,False,0,1
"('INTERNAL', ('B0*sqrt(Abs(M0 + M1))', 'B1 + i*r'))",0.9025752597310795,0.9025752597310795,,1,0.0,9.900000000000002,0.13452248812561898,0.9813020319200334,False,False,0,1
"('INTERNAL', ('-M0 + M1 + i', 'i'))",0.9024561152379467,0.9024561152379467,,1,0.0,9.900000000000002,0.1344951773908736,0.9812936412450415,False,False,0,1
"('INTERNAL', ('B0*M0 + B1*M1', 'M1 + Abs(M0)**(1/4)'))",0.9023555467265052,0.9023555467265052,,1,0.0,9.900000000000002,0.1344721275398082,0.9812865570122046,False,False,0,1
"('INTERNAL', ('B0*M0*M1 + B0*M2 + B1*M3 + B1*M4', 'M0*M2 - M1*M2'))",0.9023555467265052,0.9023555467265052,,1,0.0,9.900000000000002,0.1344721275398082,0.9812865570122046,False,False,0,1
"('INTERNAL', ('B0*i', 'M0*r + M1 - M2 + i'))",0.9023159934194723,0.9023159934194723,,1,0.0,9.900000000000002,0.13446306280915576,0.9812837703624016,False,False,0,1
"('INTERNAL', ('B0*M0', 'M0*i + M1'))",0.9023159934194723,0.9023159934194723,,1,0.0,9.900000000000002,0.13446306280915576,0.9812837703624016,False,False,0,1
"('INTERNAL', ('B0*M0 + B1*M1 + B1*M2', 'B2*M0'))",0.9020974011266373,0.9020974011266373,,1,0.0,9.900000000000002,0.13441297358380505,0.9812683653820138,False,False,0,1
"('INTERNAL', ('-M0*M1 + M1*sqrt(Abs(s))', 'M0*M1'))",0.9020974010339485,0.9020974010339485,,1,0.0,9.900000000000002,0.1344129735625686,0.9812683653754801,False,False,0,1
"('INTERNAL', ('B0*M1*sqrt(Abs(M0)) + B0*M2 + B1*M3', 'r'))",0.9020974008694187,0.9020974008694187,,1,0.0,9.900000000000002,0.13441297352487208,0.9812683653638822,False,False,0,1
"('INTERNAL', ('B0*M0 + B1*M1 + B1*M2', 'M0*M3 - M1*M3 - M2*M3'))",0.9020974004393539,0.9020974004393539,,1,0.0,9.900000000000002,0.13441297342633718,0.9812683653335665,False,False,0,1
"('INTERNAL', ('B0*M0 - M0*s + M0*sqrt(Abs(s))', 'M0 + M1 - M2'))",0.9020974002170639,0.9020974002170639,,1,0.0,9.900000000000002,0.13441297337540678,0.9812683653178971,False,False,0,1
"('INTERNAL', ('B0*M1 - M0*M1 + M1*sqrt(Abs(s))', 'M0 - M1 + i'))",0.9020973999740897,0.9020973999740897,,1,0.0,9.900000000000002,0.1344129733197374,0.9812683653007696,False,False,0,1
"('INTERNAL', ('B0*M0 - M0*s + M0*sqrt(Abs(s))', 'B1 + M0*i - M1'))",0.9020973937675671,0.9020973937675671,,1,0.0,9.900000000000002,0.13441297189772047,0.9812683648632657,False,False,0,1
"('INTERNAL', ('-M0*M2 - M1*M2 + M2*sqrt(Abs(s))', 'M0*M1'))",0.9020973761783716,0.9020973761783716,,1,0.0,9.900000000000002,0.13441296786774495,0.981268363623386,False,False,0,1
"('INTERNAL', ('sqrt(Abs(B0*M0 + B1*M1 - M2 + M3))', 'B2*r'))",0.9020480122870567,0.9020480122870567,,1,0.0,9.900000000000002,0.134401658096313,0.9812648837198091,False,False,0,1
"('INTERNAL', ('B0*i + B1*s', 'M0 + M1 + M2 - M3 + i'))",0.90200097600529,0.90200097600529,,1,0.0,9.900000000000002,0.13439088218438233,0.9812615675397323,False,False,0,1
"('INTERNAL', ('B0*M0 + B1*i + B2*s', 'B3 + M0 - M1 + i + r'))",0.90200097600529,0.90200097600529,,1,0.0,9.900000000000002,0.13439088218438233,0.9812615675397323,False,False,0,1
"('INTERNAL', ('B0*M0 + B0*s', 'sqrt(Abs(M0 + M1))'))",0.9018918710711354,0.9018918710711354,,1,0.0,9.900000000000002,0.13436588865687693,0.9812538740014701,False,False,0,1
"('INTERNAL', ('M1*sqrt(Abs(B0 + M0))', 'sqrt(Abs(M0))'))",0.9018774877818844,0.9018774877818844,,1,0.0,9.900000000000002,0.13436259399072453,0.9812528596218452,False,False,0,1
"('INTERNAL', ('B0*M0 + B0*M1 + B1*M2', 'Abs(M0)**(1/4)'))",0.9018645899726307,0.9018645899726307,,1,0.0,9.900000000000002,0.13435963963674138,0.9812519499774778,False,False,0,1
"('INTERNAL', ('B0 + B1*sqrt(Abs(i))', 'sqrt(Abs(B2 - M0*M1*M2))'))",0.9017646541559199,0.9017646541559199,,1,0.0,9.900000000000002,0.13433674992265904,0.981244900901454,False,False,0,1
"('INTERNAL', ('B0*M0 - M1 - M2 + M3 + i', 'i'))",0.9017320211422909,0.9017320211422909,,1,0.0,9.900000000000002,0.13432927607542694,0.9812425987535229,False,False,0,1
"('INTERNAL', ('B0*M0*M1 + B0*i', 'i'))",0.9017320211422909,0.9017320211422909,,1,0.0,9.900000000000002,0.13432927607542694,0.9812425987535229,False,False,0,1
"('INTERNAL', ('B0*M0 + B0*i + B1*M1 + B1*M2', 'i'))",0.9017320211422909,0.9017320211422909,,1,0.0,9.900000000000002,0.13432927607542694,0.9812425987535229,False,False,0,1
"('INTERNAL', ('B0 + B1*M0 + B1*M1 + B1*M2', 'i'))",0.9017320211422909,0.9017320211422909,,1,0.0,9.900000000000002,0.13432927607542694,0.9812425987535229,False,False,0,1
"('INTERNAL', ('B0 + B1*M0 + B2*M1 + B2*s', 'i'))",0.9017320211422909,0.9017320211422909,,1,0.0,9.900000000000002,0.13432927607542694,0.9812425987535229,False,False,0,1
"('INTERNAL', ('B0 + B1*M0 + B2*M1 + B2*i', 'i'))",0.9017320211422909,0.9017320211422909,,1,0.0,9.900000000000002,0.13432927607542694,0.9812425987535229,False,False,0,1
"('INTERNAL', ('B0 + B1*M0 + B1*M1 + B2*M2', 'i'))",0.9017320211422909,0.9017320211422909,,1,0.0,9.900000000000002,0.13432927607542694,0.9812425987535229,False,False,0,1
"('INTERNAL', ('B0*M0 + B1*M1', 'M0*M1 + i'))",0.9017320211422909,0.9017320211422909,,1,0.0,9.900000000000002,0.13432927607542694,0.9812425987535229,False,False,0,1
"('INTERNAL', ('B0*M0 + B0*M1 + B0*M2 + B1*M3', 'i'))",0.9017320211422909,0.9017320211422909,,1,0.0,9.900000000000002,0.13432927607542694,0.9812425987535229,False,False,0,1
"('INTERNAL', ('B0*M0 + B1*M1 + B1*M2 + B1*i', 'i'))",0.9017320211422909,0.9017320211422909,,1,0.0,9.900000000000002,0.13432927607542694,0.9812425987535229,False,False,0,1
"('INTERNAL', ('B0 + B1*M0 + B1*M1 + B2*i', 'i'))",0.9017320211422909,0.9017320211422909,,1,0.0,9.900000000000002,0.13432927607542694,0.9812425987535229,False,False,0,1
"('INTERNAL', ('M0*M1*i - M2*i', 'sqrt(Abs(B0 + B1*M0 + B1*M1 + B1*r))'))",0.9017089354770349,0.9017089354770349,,1,0.0,9.900000000000002,0.1343239889951075,0.9812409700360222,False,False,0,1
"('INTERNAL', ('B0*M0 + B1*M1', 'M1 - M2 + i + sqrt(Abs(M0))'))",0.9016900299402374,0.9016900299402374,,1,0.0,9.900000000000002,0.1343196593496171,0.9812396361676547,False,False,0,1
"('INTERNAL', ('B0*i + B2*sqrt(Abs(B1 + i))', 'B3*M1 - M1*sqrt(Abs(M0))'))",0.9016787370117587,0.9016787370117587,,1,0.0,9.900000000000002,0.13431707314683342,0.9812388393749555,False,False,0,1
"('INTERNAL', ('B0*M1*M2*Abs(M0)**(1/4)', 'B1*i**2'))",0.9015985817449388,0.9015985817449388,,1,0.0,9.900000000000002,0.1342987176615281,0.9812331832932684,False,False,0,1
"('INTERNAL', ('B0*s*sqrt(Abs(M0))', 'sqrt(Abs(M0 + M1))'))",0.9015985817209381,0.9015985817209381,,1,0.0,9.900000000000002,0.13429871765603216,0.9812331832915746,False,False,0,1
"('INTERNAL', ('B0*s*Abs(M0)**(1/4)', '-M0 - M1 + r'))",0.9015984467437255,0.9015984467437255,,1,0.0,9.900000000000002,0.1342986867477563,0.98123317376617,False,False,0,1
"('TERMINAL', ('B0*Abs(s)**(5/4)', 'i'))",0.9015984463871984,0.9015984463871984,,1,0.0,9.900000000000002,0.13429868666611566,0.9812331737410097,True,False,0,1
"('INTERNAL', ('B0*s*Abs(M0)**(1/4)', 'sqrt(Abs(i))'))",0.9015984432601434,0.9015984432601434,,1,0.0,9.900000000000002,0.13429868595005495,0.981233173520332,False,False,0,1
"('INTERNAL', ('B0*s*sqrt(Abs(M0))', 'r'))",0.9015984381233476,0.9015984381233476,,1,0.0,9.900000000000002,0.13429868477378615,0.9812331731578259,False,False,0,1
"('INTERNAL', ('B0*M0 + B1*M1', '-M1 + sqrt(Abs(M0))'))",0.901585321331327,0.901585321331327,,1,0.0,9.900000000000002,0.1342956811970134,0.9812322474858561,False,False,0,1
"('INTERNAL', ('B0*s + B1*sqrt(Abs(M0 - M1))', 'r'))",0.9015560500186509,0.9015560500186509,,1,0.0,9.900000000000002,0.1342889786013998,0.981230181665935,False,False,0,1
"('INTERNAL', ('B0*i', 'M0*M1 - M2'))",0.9015037812037746,0.9015037812037746,,1,0.0,9.900000000000002,0.13427701054337185,0.9812264924600741,False,False,0,1
"('INTERNAL', ('B0 + B1*i', 'sqrt(Abs(M0 - M1 + M2))'))",0.9010138584337479,0.9010138584337479,,1,0.0,9.900000000000002,0.13416486627175817,0.9811918918622987,False,False,0,1
"('INTERNAL', ('M2*sqrt(Abs(M0 + M1))', 'sqrt(Abs(M0))*sqrt(Abs(M1))'))",0.9009618581396347,0.9009618581396347,,1,0.0,9.900000000000002,0.13415296690752807,0.9811882171169113,False,False,0,1
"('INTERNAL', ('B0 + B1*sqrt(Abs(i))', 'sqrt(Abs(M0 + M1 - i))'))",0.9008876720832457,0.9008876720832457,,1,0.0,9.900000000000002,0.13413599191383718,0.9811829738068728,False,False,0,1
"('INTERNAL', ('B0 + B1*sqrt(Abs(i))', 'sqrt(Abs(B2 - M0 + M1))'))",0.9008876720832457,0.9008876720832457,,1,0.0,9.900000000000002,0.13413599191383718,0.9811829738068728,False,False,0,1
"('INTERNAL', ('M0*M1*M2*i - M3*i', 'sqrt(Abs(B0*M0 + B0*M1 + B0*M2))'))",0.9008338713185776,0.9008338713185776,,1,0.0,9.900000000000002,0.13412368229159818,0.981179170736375,False,False,0,1
"('TERMINAL', ('i**2', 'B0 + B1*i + i*r'))",0.9006982704564773,0.9006982704564773,,1,0.0,9.900000000000002,0.13409266007936693,0.9811695833304517,True,False,0,1
"('INTERNAL', ('B0*M1 + B1*M0*i', 'i'))",0.9004955451154995,0.9004955451154995,,1,0.0,9.900000000000002,0.1340462901698111,0.9811552445464518,False,False,0,1
"('INTERNAL', ('B0*i + B1*s', 'M0 - M1 + i'))",0.900280996037263,0.900280996037263,,1,0.0,9.900000000000002,0.13399722722679852,0.9811400623315272,False,False,0,1
"('INTERNAL', ('B0*i + B2*sqrt(Abs(B1 + i))', 'B3*M2*sqrt(Abs(M0)) - M1*M2'))",0.900269206971717,0.900269206971717,,1,0.0,9.900000000000002,0.13399453165196115,0.9811392278848398,False,False,0,1
"('INTERNAL', ('B0*i + B2*sqrt(Abs(B1 + i))', 'B3*sqrt(Abs(M0)) + B4*r'))",0.9002661953653184,0.9002661953653184,,1,0.0,9.900000000000002,0.13399384305257614,0.9811390147155373,False,False,0,1
"('INTERNAL', ('B0*i + B2*sqrt(Abs(B1 + i))', 'B3*M2 + B4*M0*M1'))",0.9002405213796386,0.9002405213796386,,1,0.0,9.900000000000002,0.13398797282751532,0.9811371973856055,False,False,0,1
"('INTERNAL', ('B0*i + B2*sqrt(Abs(B1 + i))', 'B3*M1*r - M0*M1'))",0.9002349169114393,0.9002349169114393,,1,0.0,9.900000000000002,0.13398669141702316,0.9811368006600341,False,False,0,1
"('INTERNAL', ('B0*sqrt(Abs(M0)) + B1*M1', 'M0 + i'))",0.9002250554601556,0.9002250554601556,,1,0.0,9.900000000000002,0.13398443670569637,0.9811361025816604,False,False,0,1
"('INTERNAL', ('B0*M1 + B2*sqrt(Abs(B1 + M0))', 'M0*M2 - M1*M2'))",0.9001429147295212,0.9001429147295212,,1,0.0,9.900000000000002,0.1339656571053305,0.9811302873514414,False,False,0,1
"('INTERNAL', ('B0*i + B2*sqrt(Abs(B1 + i))', 'M0*r'))",0.9001247036676936,0.9001247036676936,,1,0.0,9.900000000000002,0.13396149379582312,0.9811289979364934,False,False,0,1
"('TERMINAL', ('B0*i + B2*sqrt(Abs(B1 + i))', 'B3*r'))",0.9000211657256616,0.9000211657256616,,1,0.0,9.900000000000002,0.13393782515005676,0.9811216660370375,True,False,0,1
"('INTERNAL', ('B0*i + B2*sqrt(Abs(B1 + i))', 'B3*r + B4*M0*M1'))",0.9000211657256616,0.9000211657256616,,1,0.0,9.900000000000002,0.13393782515005676,0.9811216660370375,False,False,0,1
"('INTERNAL', ('B0*i + B2*sqrt(Abs(B1 + i))', 'B3*M0*M3 + B4*M1*M3 - M2*M3'))",0.9000100795190827,0.9000100795190827,,1,0.0,9.900000000000002,0.13393529101924836,0.9811208808809735,False,False,0,1
"('INTERNAL', ('B0*i + B2*sqrt(Abs(B1 + i))', 'B3*M0 + B4*M1 + B4*r'))",0.9000100795190827,0.9000100795190827,,1,0.0,9.900000000000002,0.13393529101924836,0.9811208808809735,False,False,0,1
"('INTERNAL', ('B0*M0 + B1*M1', 'sqrt(Abs(M0))*sqrt(Abs(r))'))",0.9000046469279123,0.9000046469279123,,1,0.0,9.900000000000002,0.13393404922662336,0.9811204961225621,False,False,0,1
"('INTERNAL', ('B0*M1 + B2*sqrt(Abs(B1 + M0))', 'M0*r'))",0.900004645998691,0.900004645998691,,1,0.0,9.900000000000002,0.13393404901422076,0.9811204960567504,False,False,0,1
"('INTERNAL', ('B0*M0 + B2*sqrt(Abs(B1 + s))', 'M0*M1'))",0.9000046434284135,0.9000046434284135,,1,0.0,9.900000000000002,0.13393404842670328,0.9811204958747117,False,False,0,1
"('INTERNAL', ('B0 + B1*M0 + B2*i', '-M1*M2 + M2*sqrt(Abs(M0))'))",0.8999454264086046,0.8999454264086046,,1,0.0,9.900000000000002,0.13392051297019833,0.9811163015769344,False,False,0,1
"('INTERNAL', ('B0*i + B2*sqrt(Abs(B1 + i))', 'B3*M0*M1'))",0.8998910790294342,0.8998910790294342,,1,0.0,9.900000000000002,0.13390809137409296,0.9811124517000464,False,False,0,1
"('INTERNAL', ('B0*M0*M1', 'M0 - M1 - M2 - M3'))",0.8998702355221777,0.8998702355221777,,1,0.0,9.900000000000002,0.13390332759793175,0.9811109750560887,False,False,0,1
"('INTERNAL', ('B0*M1 + B1*M0*M1 + B2*M1*s', 'B3*i + B4*r'))",0.8997727524834117,0.8997727524834117,,1,0.0,9.900000000000002,0.133881049357365,0.9811040680172909,False,False,0,1
"('INTERNAL', ('B0*i', 'M0*M4 + M1*M4 + M2*M4 + M3*M4 + M4*r'))",0.8997727524834117,0.8997727524834117,,1,0.0,9.900000000000002,0.133881049357365,0.9811040680172909,False,False,0,1
"('INTERNAL', ('B0*i', 'M0*M1 + 3*M1*r'))",0.8997727524834117,0.8997727524834117,,1,0.0,9.900000000000002,0.133881049357365,0.9811040680172909,False,False,0,1
"('INTERNAL', ('B0*i', '-M0*M1 - M1*i + M1*r'))",0.8997727524834117,0.8997727524834117,,1,0.0,9.900000000000002,0.133881049357365,0.9811040680172909,False,False,0,1
"('INTERNAL', ('B0*M2 + B0*sqrt(Abs(M0)) + B1*M1', 'B2 - r'))",0.8996629040242198,0.8996629040242198,,1,0.0,9.900000000000002,0.13385594809984985,0.9810962830257894,False,False,0,1
"('INTERNAL', ('B0*M2 + B1*sqrt(Abs(M0 + M1))', 'M0 + M1'))",0.8996386233967377,0.8996386233967377,,1,0.0,9.900000000000002,0.13385040019683048,0.9810945619910886,False,False,0,1
"('INTERNAL', ('B0*sqrt(Abs(M0 + M1 + M2))', 'M0 + i*r'))",0.8995146183613243,0.8995146183613243,,1,0.0,9.900000000000002,0.13382206851963527,0.9810857709259154,False,False,0,1
"('INTERNAL', ('B0*s + B0*sqrt(Abs(M0))', 'sqrt(Abs(M0))'))",0.8993777210856078,0.8993777210856078,,1,0.0,9.900000000000002,0.13379079588688741,0.9810760630448085,False,False,0,1
"('INTERNAL', ('B0*s + B0*sqrt(Abs(M0))', 'M0'))",0.8993747597670314,0.8993747597670314,,1,0.0,9.900000000000002,0.1337901194600606,0.9810758530139585,False,False,0,1
"('INTERNAL', ('B0*s + B0*sqrt(Abs(M0))', 'i'))",0.8993738763250471,0.8993738763250471,,1,0.0,9.900000000000002,0.13378991766394885,0.9810757903557646,False,False,0,1
"('INTERNAL', ('B0*s + B0*sqrt(Abs(M0))', 'r'))",0.8993736567091872,0.8993736567091872,,1,0.0,9.900000000000002,0.13378986749925212,0.9810757747794728,False,False,0,1
"('INTERNAL', ('B0*M0 + B0*M1', 'B1*M0 + M1'))",0.8993594639594396,0.8993594639594396,,1,0.0,9.900000000000002,0.13378662561474944,0.9810747681399897,False,False,0,1
"('INTERNAL', ('B0*i + B1*s', 'M1 - M2 + i + sqrt(Abs(M0))'))",0.8993347874765741,0.8993347874765741,,1,0.0,9.900000000000002,0.13378098917565298,0.9810730178514068,False,False,0,1
"('INTERNAL', ('M0*i', 'M0 + i'))",0.8992768738377525,0.8992768738377525,,1,0.0,9.900000000000002,0.13376776153568334,0.9810689096891304,False,False,0,1
"('INTERNAL', ('M3*sqrt(Abs(M0*M1 + M2))', 'sqrt(Abs(i))'))",0.8991325670644547,0.8991325670644547,,1,0.0,9.900000000000002,0.1337348051827598,0.9810586708149674,False,False,0,1
"('INTERNAL', ('B0*M0*M1', 'B1*M0'))",0.899014354862543,0.899014354862543,,1,0.0,9.900000000000002,0.1337078121914305,0.9810502809307133,False,False,0,1
"('INTERNAL', ('B0*M0 + B1*M1', '2*i'))",0.8989490495474575,0.8989490495474575,,1,0.0,9.900000000000002,0.13369290167478645,0.9810456450550896,False,False,0,1
"('INTERNAL', ('M0*i - M1*i', 'sqrt(Abs(B0*M0*M1 + B0*M2))'))",0.8989007924846283,0.8989007924846283,,1,0.0,9.900000000000002,0.13368188431626493,0.9810422189588348,False,False,0,1
"('INTERNAL', ('B0*M1*M3 + B0*M3*sqrt(Abs(M0)) + B1*M2*M3', 'M0*M2 - M1*M2'))",0.8988409822006362,0.8988409822006362,,1,0.0,9.900000000000002,0.13366823011720202,0.9810379721053196,False,False,0,1
"('INTERNAL', ('B0*M1*M3 + B0*M3*sqrt(Abs(M0)) + B1*M2*M3', 'B2*M0*M1'))",0.8988409813601564,0.8988409813601564,,1,0.0,9.900000000000002,0.1336682299253338,0.981037972045637,False,False,0,1
"('INTERNAL', ('B0*i + B2*sqrt(Abs(B1 + i))', 'M0*M2*i - M1*M2'))",0.8988164102205909,0.8988164102205909,,1,0.0,9.900000000000002,0.13366262079952074,0.9810362271964527,False,False,0,1
"('TERMINAL', ('B0*i + B2*sqrt(Abs(B1 + i))', 'B3*i'))",0.8988164102205909,0.8988164102205909,,1,0.0,9.900000000000002,0.13366262079952074,0.9810362271964527,True,False,0,1
"('INTERNAL', ('B0*M2*sqrt(Abs(M0))*sqrt(Abs(M1))', 'i'))",0.8987852553185497,0.8987852553185497,,1,0.0,9.900000000000002,0.1336555089469371,0.9810340146816803,False,False,0,1
"('INTERNAL', ('B0*M1 + B2*sqrt(Abs(B1 + M0))', 'sqrt(Abs(M0))'))",0.8987628940318494,0.8987628940318494,,1,0.0,9.900000000000002,0.133650404600353,0.9810324265639581,False,False,0,1
"('INTERNAL', ('B0 + B1*sqrt(Abs(i))', 'sqrt(Abs(M0 + M1 - i + r))'))",0.8987175836887105,0.8987175836887105,,1,0.0,9.900000000000002,0.1336400621298734,0.981029208339935,False,False,0,1
"('INTERNAL', ('B0*M2 + B1*M0*M1', 'Abs(M0)**(1/4)*Abs(M1)**(1/4)*Abs(r)**(1/4)'))",0.8987175078943457,0.8987175078943457,,1,0.0,9.900000000000002,0.13364004482960504,0.9810292029562705,False,False,0,1
"('TERMINAL', ('B0 + B1*sqrt(Abs(i))', 'sqrt(Abs(r))'))",0.8987175073907168,0.8987175073907168,,1,0.0,9.900000000000002,0.13364004471465038,0.9810292029204979,True,False,0,1
"('INTERNAL', ('B0*M0 + M0*sqrt(Abs(i))', 'r'))",0.8987175035146516,0.8987175035146516,,1,0.0,9.900000000000002,0.13364004382992814,0.9810292026451813,False,False,0,1
"('INTERNAL', ('B0*M0 + B0*M2 + B1*M1 + B1*M3', 'r'))",0.8987175035146516,0.8987175035146516,,1,0.0,9.900000000000002,0.13364004382992814,0.9810292026451813,False,False,0,1
"('INTERNAL', ('B0 + B1*sqrt(Abs(i))', 'sqrt(Abs(M0 + M1 + M2 - r))'))",0.8987174984350605,0.8987174984350605,,1,0.0,9.900000000000002,0.1336400426704978,0.9810292022843786,False,False,0,1
"('INTERNAL', ('B0 + B1*sqrt(Abs(i))', 'Abs(M0)**(1/4)'))",0.8987174952788531,0.8987174952788531,,1,0.0,9.900000000000002,0.13364004195008497,0.9810292020601936,False,False,0,1
"('INTERNAL', ('B0*sqrt(Abs(M0)) + B1*M1', 'M1 + sqrt(Abs(M0))'))",0.8987174931155448,0.8987174931155448,,1,0.0,9.900000000000002,0.133640041456304,0.981029201906534,False,False,0,1
"('INTERNAL', ('B0*i', '-M0*M4 - M1*M4 + M2*M4 - M3*M4 + M4*r'))",0.8986962810239145,0.8986962810239145,,1,0.0,9.900000000000002,0.133635199796825,0.9810276951781822,False,False,0,1
"('INTERNAL', ('B0*i + B2*sqrt(Abs(B1 + i))', 'M0*M1*M2'))",0.8985947152116807,0.8985947152116807,,1,0.0,9.900000000000002,0.13361201899308914,0.981020479803127,False,False,0,1
"('INTERNAL', ('B0*i + B0*sqrt(Abs(M0))', 'M0'))",0.8985779328074953,0.8985779328074953,,1,0.0,9.900000000000002,0.1336081889259071,0.9810192873995438,False,False,0,1
"('INTERNAL', ('B0 + B1*sqrt(Abs(M0))', 'M0 + M1'))",0.8985540645584132,0.8985540645584132,,1,0.0,9.900000000000002,0.1336027418565003,0.9810175914634391,False,False,0,1
"('INTERNAL', ('B0*M2 + B1*M0*M1', 'B2 + r'))",0.8985391474446112,0.8985391474446112,,1,0.0,9.900000000000002,0.13359933763558463,0.9810165314957046,False,False,0,1
"('INTERNAL', ('B0*M0 + B1*M1', 'M2 + sqrt(Abs(M0 + M1))'))",0.8982922129288867,0.8982922129288867,,1,0.0,9.900000000000002,0.1335429931823988,0.9809989798700521,False,False,0,1
"('TERMINAL', ('B0*i + B1*s', 'B2 + 2*i - r'))",0.8981528767614053,0.8981528767614053,,1,0.0,9.900000000000002,0.13351120692018953,0.9809890718302703,True,False,0,1
"('INTERNAL', ('B0 + B1*sqrt(Abs(i))', 'sqrt(Abs(M0 + M1 + M2 + M3 - i))'))",0.8980956127854218,0.8980956127854218,,1,0.0,9.900000000000002,0.13349814492940065,0.9809849989540512,False,False,0,1
"('INTERNAL', ('B0*M0 + B1*sqrt(Abs(s))', 'M0'))",0.8980436779939924,0.8980436779939924,,1,0.0,9.900000000000002,0.13348629925593097,0.9809813046611449,False,False,0,1
"('INTERNAL', ('M0*M2 - M1*M2', 'M0*i'))",0.8979471036228516,0.8979471036228516,,1,0.0,9.900000000000002,0.13346427368362804,0.9809744338628968,False,False,0,1
"('INTERNAL', ('B0 + B1*i + B2*s', 'M0 + M1 - M2 + i'))",0.8979011768726635,0.8979011768726635,,1,0.0,9.900000000000002,0.13345380007276528,0.9809711658748502,False,False,0,1
"('INTERNAL', ('B0*M0 + B0*M1 + B1*M2', 'M1 - M2 + i + sqrt(Abs(M0))'))",0.8979011768726635,0.8979011768726635,,1,0.0,9.900000000000002,0.13345380007276528,0.9809711658748502,False,False,0,1
"('INTERNAL', ('B0 + i', 'M0*M1 + i'))",0.8978427543648306,0.8978427543648306,,1,0.0,9.900000000000002,0.13344047757728467,0.9809670082453974,False,False,0,1
"('INTERNAL', ('B0*sqrt(Abs(M0 - M1))', 'M0 - M1'))",0.8976604780107954,0.8976604780107954,,1,0.0,9.900000000000002,0.13339891741013613,0.9809540330718671,False,False,0,1
"('INTERNAL', ('B0*M0 + B0*M1 + B0*M2 + B1*M3', 'M0 + M1 - M2 + i'))",0.8975738094450617,0.8975738094450617,,1,0.0,9.900000000000002,0.1333791593970402,0.9809478617892052,False,False,0,1
"('INTERNAL', ('B0*M0', 'B1*M0*M1*sqrt(Abs(i))'))",0.8974613160435588,0.8974613160435588,,1,0.0,9.900000000000002,0.1333535168974928,0.9809398498460423,False,False,0,1
"('INTERNAL', ('B0 + B1*i + B2*s', 'M0*sqrt(Abs(i))'))",0.8973136561798103,0.8973136561798103,,1,0.0,9.900000000000002,0.13331986321360334,0.9809293302289778,False,False,0,1
"('INTERNAL', ('B0 + B1*M0 + B2*i', 'B3*sqrt(Abs(i))'))",0.8973136561798103,0.8973136561798103,,1,0.0,9.900000000000002,0.13331986321360334,0.9809293302289778,False,False,0,1
"('INTERNAL', ('B0*M0 + B0*M1', 'B1*M0*sqrt(Abs(i))'))",0.8973136561798103,0.8973136561798103,,1,0.0,9.900000000000002,0.13331986321360334,0.9809293302289778,False,False,0,1
"('INTERNAL', ('B0*M1 - M0*M1 + M1*sqrt(Abs(s))', 'M0'))",0.8972963723807617,0.8972963723807617,,1,0.0,9.900000000000002,0.13331592436480297,0.9809280986650376,False,False,0,1
"('INTERNAL', ('B0*M0', '-M2 + sqrt(Abs(M0 - M1))'))",0.8972874260293336,0.8972874260293336,,1,0.0,9.900000000000002,0.13331388558798224,0.9809274611704866,False,False,0,1
"('INTERNAL', ('B0*M0 + B0*M1', 'B1*M0*M1'))",0.8971294436726411,0.8971294436726411,,1,0.0,9.900000000000002,0.13327788647549765,0.9809162016381188,False,False,0,1
"('INTERNAL', ('B0*M0*M1 + B0*M2 + B1*M3', 'B2 + M0 + M1 - M2 + i'))",0.8970261299244172,0.8970261299244172,,1,0.0,9.900000000000002,0.13325434802429797,0.9809088362263765,False,False,0,1
"('INTERNAL', ('B0*sqrt(Abs(M0)) + B1*s', 'B2 + r'))",0.8969773846004716,0.8969773846004716,,1,0.0,9.900000000000002,0.13324324309476143,0.9809053604978246,False,False,0,1
"('INTERNAL', ('B0*M0 + B1*i + B1*s', 'B2 + i'))",0.8965877788984107,0.8965877788984107,,1,0.0,9.900000000000002,0.13315450671167592,0.9808775664750321,False,False,0,1
"('INTERNAL', ('B0*M0 + B0*i + B1*M1', 'M0 + M1 - M2 + i'))",0.8965877788984107,0.8965877788984107,,1,0.0,9.900000000000002,0.13315450671167592,0.9808775664750321,False,False,0,1
"('INTERNAL', ('B0*M1*M3 + B0*M3*sqrt(Abs(M0)) + B1*M2*M3', 'M1*sqrt(Abs(M0))'))",0.8965804598340102,0.8965804598340102,,1,0.0,9.900000000000002,0.13315284009543854,0.9808770441093182,False,False,0,1
"('INTERNAL', ('B0*sqrt(Abs(M0*M1 + M2))', 'M0*i + M1'))",0.8965457295471874,0.8965457295471874,,1,0.0,9.900000000000002,0.1331449318853128,0.980874565272679,False,False,0,1
"('INTERNAL', ('B0*M1*M3 + B0*M3*sqrt(Abs(M0)) + B1*M2*M3', 'B2*M0 + B3*M1'))",0.8965072390727364,0.8965072390727364,,1,0.0,9.900000000000002,0.13313616782583965,0.9808718178315556,False,False,0,1
"('INTERNAL', ('B0*sqrt(Abs(M0)) + B1*M1', 'M0 - M1'))",0.896448258416113,0.896448258416113,,1,0.0,9.900000000000002,0.13312273900165852,0.980867607346683,False,False,0,1
"('INTERNAL', ('B0*M0 + B1*M1 + B1*M2', 'M0*M1*M2'))",0.8964482584150614,0.8964482584150614,,1,0.0,9.900000000000002,0.13312273900141908,0.9808676073466078,False,False,0,1
"('INTERNAL', ('B0*M4 + B1*M0*M1*M3 + B1*M2*M3', 'Abs(M0)**(1/8)*Abs(M1)**(1/4)*Abs(M2)**(1/4)'))",0.8964482583718459,0.8964482583718459,,1,0.0,9.900000000000002,0.13312273899158011,0.9808676073435226,False,False,0,1
"('INTERNAL', ('B0*M0 + B0*s + B1*M1', 'M0 - M1 - M2'))",0.8964482583645749,0.8964482583645749,,1,0.0,9.900000000000002,0.13312273898992472,0.9808676073430035,False,False,0,1
"('INTERNAL', ('B0*M0 + B0*M1 + B1*M2', 'M0 - M1 + i + r'))",0.8964482581000487,0.8964482581000487,,1,0.0,9.900000000000002,0.13312273892969884,0.9808676073241184,False,False,0,1
"('INTERNAL', ('B0 + B1*s', 'i*sqrt(Abs(M0))'))",0.8964482573600626,0.8964482573600626,,1,0.0,9.900000000000002,0.133122738761223,0.9808676072712891,False,False,0,1
"('INTERNAL', ('B0*M0 + B0*M1', 'M0*r'))",0.8964482570866967,0.8964482570866967,,1,0.0,9.900000000000002,0.13312273869898458,0.9808676072517729,False,False,0,1
"('INTERNAL', ('B0 + B1*s', 'Abs(M0)**(1/4)'))",0.8964482554453466,0.8964482554453466,,1,0.0,9.900000000000002,0.13312273832529128,0.9808676071345932,False,False,0,1
"('INTERNAL', ('B0 + B1*s', 'M0*i - M1*i'))",0.8964482539334113,0.8964482539334113,,1,0.0,9.900000000000002,0.1331227379810625,0.9808676070266527,False,False,0,1
"('INTERNAL', ('B0*M0 + B1*i', 'Abs(M0)**(1/4)*Abs(M1)**(1/4)'))",0.8964482532305095,0.8964482532305095,,1,0.0,9.900000000000002,0.13312273782102968,0.9808676069764709,False,False,0,1
"('INTERNAL', ('B0 + M0*M1', 'M0 + i'))",0.8964482505150508,0.8964482505150508,,1,0.0,9.900000000000002,0.13312273720278955,0.9808676067826082,False,False,0,1
"('INTERNAL', ('B0*M0 + B1*M1', 'Abs(M0*M2 - M1*M2)**(1/4)'))",0.896448137833194,0.896448137833194,,1,0.0,9.900000000000002,0.13312271154802538,0.9808675987379938,False,False,0,1
"('INTERNAL', ('B0*M0', 'Abs(r)**(1/4)'))",0.8964480872845623,0.8964480872845623,,1,0.0,9.900000000000002,0.1331227000394014,0.9808675951292112,False,False,0,1
"('INTERNAL', ('B0*M2 + B1*M0*M1 + B1*s', '-M0 + r'))",0.8964480797312336,0.8964480797312336,,1,0.0,9.900000000000002,0.13312269831970278,0.9808675945899616,False,False,0,1
"('INTERNAL', ('B0*M0 + B1*i', 'sqrt(Abs(r))'))",0.8964480797001435,0.8964480797001435,,1,0.0,9.900000000000002,0.13312269831262435,0.9808675945877421,False,False,0,1
"('INTERNAL', ('B0 + B1*s', 'M0 + M1'))",0.8964480787549484,0.8964480787549484,,1,0.0,9.900000000000002,0.1331226980974277,0.9808675945202625,False,False,0,1
"('INTERNAL', ('B0*M2 + B1*M0*M1', 'Abs(M0)**(1/4)*Abs(r)**(1/4)'))",0.8964480686031548,0.8964480686031548,,1,0.0,9.900000000000002,0.13312269578612546,0.9808675937955026,False,False,0,1
"('INTERNAL', ('B0*M1*M3 + B0*M4 + B1*M0*M3 + B1*M2*M3', 'Abs(M0)**(1/8)*Abs(M1)**(1/4)*Abs(M2)**(1/4)'))",0.8964480586643075,0.8964480586643075,,1,0.0,9.900000000000002,0.1331226935233056,0.9808675930859454,False,False,0,1
"('INTERNAL', ('B0*M2 + B1*M0*M1 + B1*s', 'M0 - M1 - M2'))",0.8964480580693791,0.8964480580693791,,1,0.0,9.900000000000002,0.13312269338785562,0.9808675930434722,False,False,0,1
"('INTERNAL', ('B0*i + B1*s', 'M0 - M1 + i + r'))",0.8964480480776201,0.8964480480776201,,1,0.0,9.900000000000002,0.13312269111298913,0.9808675923301374,False,False,0,1
"('INTERNAL', ('B0*M0 + B0*s', 'sqrt(Abs(M0))*sqrt(Abs(M1))'))",0.8964480401694747,0.8964480401694747,,1,0.0,9.900000000000002,0.13312268931250792,0.9808675917655568,False,False,0,1
"('INTERNAL', ('B0*M0 + B1*M1', 'Abs(M0)**(1/4)*Abs(i)**(1/4)'))",0.8964480329951564,0.8964480329951564,,1,0.0,9.900000000000002,0.13312268767910018,0.9808675912533656,False,False,0,1
"('INTERNAL', ('B0*M0 + B0*i + B0*s', 'r'))",0.8964480053869712,0.8964480053869712,,1,0.0,9.900000000000002,0.13312268139342687,0.9808675892823537,False,False,0,1
"('INTERNAL', ('B0*i + B1*s', 'M0'))",0.8964480053869712,0.8964480053869712,,1,0.0,9.900000000000002,0.13312268139342687,0.9808675892823537,False,False,0,1
"('INTERNAL', ('B0*M0 + B0*s + B1*M1 + B1*M2', 'r'))",0.8964480053869712,0.8964480053869712,,1,0.0,9.900000000000002,0.13312268139342687,0.9808675892823537,False,False,0,1
"('INTERNAL', ('B0*M2 + B1*M0*M1 + B1*s', 'r'))",0.8964480053869712,0.8964480053869712,,1,0.0,9.900000000000002,0.13312268139342687,0.9808675892823537,False,False,0,1
"('INTERNAL', ('B0*M0*M2 + B1*M1*M2', 'sqrt(Abs(i))'))",0.8964377351091309,0.8964377351091309,,1,0.0,9.900000000000002,0.13312034312890964,0.9808668560550894,False,False,0,1
"('INTERNAL', ('B0 + B1*M1 + B1*sqrt(Abs(M0))', 'M0'))",0.8962728248604321,0.8962728248604321,,1,0.0,9.900000000000002,0.13308280120219104,0.980855080288309,False,False,0,1
"('TERMINAL', ('B0*i', 'B1 + r'))",0.8961886501608025,0.8961886501608025,,1,0.0,9.900000000000002,0.13306364144487923,0.9808490679396853,True,False,0,1
"('INTERNAL', ('B0*M0*M1', 'B1 + r'))",0.8961886501608025,0.8961886501608025,,1,0.0,9.900000000000002,0.13306364144487923,0.9808490679396853,False,False,0,1
"('INTERNAL', ('B0*M0 + B1*M1 + B1*i', 'B2 - M0'))",0.8961886501608025,0.8961886501608025,,1,0.0,9.900000000000002,0.13306364144487923,0.9808490679396853,False,False,0,1
"('INTERNAL', ('B0*M0 + B0*i + B1*s', 'B2 - r'))",0.8961886501608025,0.8961886501608025,,1,0.0,9.900000000000002,0.13306364144487923,0.9808490679396853,False,False,0,1
"('INTERNAL', ('B0*M0', 'B1 - r'))",0.8961886501608025,0.8961886501608025,,1,0.0,9.900000000000002,0.13306364144487923,0.9808490679396853,False,False,0,1
"('INTERNAL', ('B0*i', 'B1 - M0'))",0.8961886501608025,0.8961886501608025,,1,0.0,9.900000000000002,0.13306364144487923,0.9808490679396853,False,False,0,1
"('INTERNAL', ('B0*i', 'M0*M1 + M2 - M3'))",0.8961554262573843,0.8961554262573843,,1,0.0,9.900000000000002,0.13305607955102053,0.9808466945433325,False,False,0,1
"('INTERNAL', ('B0*i', 'M0 + i'))",0.8960828865649899,0.8960828865649899,,1,0.0,9.900000000000002,0.1330395702019783,0.9808415119551218,False,False,0,1
"('INTERNAL', ('B0*M1 + B0*sqrt(Abs(M0))', 'B1 + i'))",0.8960828865649899,0.8960828865649899,,1,0.0,9.900000000000002,0.1330395702019783,0.9808415119551218,False,False,0,1
"('INTERNAL', ('i*sqrt(Abs(M0))', 'B0 + i'))",0.8960301841557234,0.8960301841557234,,1,0.0,9.900000000000002,0.1330275764711654,0.9808377461113705,False,False,0,1
"('INTERNAL', ('B0*M0 + B1*i', 'Abs(M0)**(1/4)'))",0.8960089027774731,0.8960089027774731,,1,0.0,9.900000000000002,0.13302273356991395,0.980836225327451,False,False,0,1
"('INTERNAL', ('B0*M0 + B1*M1', 'Abs(i)**(1/4)'))",0.8960089027774731,0.8960089027774731,,1,0.0,9.900000000000002,0.13302273356991395,0.980836225327451,False,False,0,1
"('TERMINAL', ('B0*i + B2*sqrt(Abs(B1 + i))', 'B3 + B4*r'))",0.8959843581395656,0.8959843581395656,,1,0.0,9.900000000000002,0.13301714820741592,0.9808344712585578,True,False,0,1
"('TERMINAL', ('i**2', 'B0 + i'))",0.895963671786015,0.895963671786015,,1,0.0,9.900000000000002,0.13301244095274856,0.9808329928450341,True,False,0,1
"('TERMINAL', ('B0 + i', '2*i'))",0.8959097103298425,0.8959097103298425,,1,0.0,9.900000000000002,0.1330001623404661,0.980829136002612,True,False,0,1
"('INTERNAL', ('B0*sqrt(Abs(M1 + sqrt(Abs(M0))))', 'M0 - M1 + M2'))",0.8958117050363715,0.8958117050363715,,1,0.0,9.900000000000002,0.13297786370659495,0.980822129979588,False,False,0,1
"('INTERNAL', ('B0*M0 + B0*M1', 'sqrt(Abs(M0 - M1 - M2 + r))'))",0.8958060601838044,0.8958060601838044,,1,0.0,9.900000000000002,0.13297657943712954,0.9808217264039379,False,False,0,1
"('INTERNAL', ('B0 + B1*sqrt(Abs(i))', 'sqrt(Abs(M0 + M1 - r))'))",0.8957626020511025,0.8957626020511025,,1,0.0,9.900000000000002,0.13296669247908052,0.9808186192179296,False,False,0,1
"('INTERNAL', ('B0*M0*s', '-M0*M1 - M2 + r'))",0.8957604434909743,0.8957604434909743,,1,0.0,9.900000000000002,0.1329662014076109,0.9808184648765111,False,False,0,1
"('INTERNAL', ('B0*s', 'M0 - M1 - M2 - M3'))",0.8957604434909537,0.8957604434909537,,1,0.0,9.900000000000002,0.13296620140760626,0.9808184648765097,False,False,0,1
"('INTERNAL', ('B0*s', '-M0 + M1 + M2 + r'))",0.8957604434908808,0.8957604434908808,,1,0.0,9.900000000000002,0.13296620140758966,0.9808184648765045,False,False,0,1
"('INTERNAL', ('B0*s', '-M0 + M1 + M2 + M3 + i'))",0.8957604434908808,0.8957604434908808,,1,0.0,9.900000000000002,0.13296620140758966,0.9808184648765045,False,False,0,1
"('INTERNAL', ('B0*s', 'M0 + M1 - M2 + r'))",0.8957604434908808,0.8957604434908808,,1,0.0,9.900000000000002,0.13296620140758966,0.9808184648765045,False,False,0,1
"('INTERNAL', ('B0*s', 'B1 - M0 + M1 + M2 + M3'))",0.8957604434908808,0.8957604434908808,,1,0.0,9.900000000000002,0.13296620140758966,0.9808184648765045,False,False,0,1
"('INTERNAL', ('B0*s', 'B1 + M0 + M1 + i'))",0.8957604434889125,0.8957604434889125,,1,0.0,9.900000000000002,0.13296620140714183,0.9808184648763637,False,False,0,1
"('TERMINAL', ('B0*s', 'B1 + i + 2*r'))",0.8957604434889125,0.8957604434889125,,1,0.0,9.900000000000002,0.13296620140714183,0.9808184648763637,True,False,0,1
"('INTERNAL', ('B0*s', 'M0 + M1 - M2 + M3 + M4'))",0.895760443488484,0.895760443488484,,1,0.0,9.900000000000002,0.13296620140704438,0.9808184648763331,False,False,0,1
"('INTERNAL', ('B0*s', 'M0 - M1 - M2 + M3 + M4'))",0.8957604434863236,0.8957604434863236,,1,0.0,9.900000000000002,0.13296620140655288,0.9808184648761786,False,False,0,1
"('INTERNAL', ('B0*s', 'B1 + M0*M1 - M2 + i'))",0.8957604434863236,0.8957604434863236,,1,0.0,9.900000000000002,0.13296620140655288,0.9808184648761786,False,False,0,1
"('INTERNAL', ('M0*s', '-M0*M1 + r'))",0.8957604434858166,0.8957604434858166,,1,0.0,9.900000000000002,0.13296620140643753,0.9808184648761423,False,False,0,1
"('INTERNAL', ('B0*s', 'B1 + M0 - M1 - M2 + r'))",0.8957604434851902,0.8957604434851902,,1,0.0,9.900000000000002,0.13296620140629506,0.9808184648760976,False,False,0,1
"('INTERNAL', ('B0*s', 'B1 + M0 - M1 + M2 - i'))",0.8957604434851902,0.8957604434851902,,1,0.0,9.900000000000002,0.13296620140629506,0.9808184648760976,False,False,0,1
"('INTERNAL', ('B0*s', 'B1*M3 - M0*M3 + M1*M3 - M2*M3'))",0.8957604434798246,0.8957604434798246,,1,0.0,9.900000000000002,0.13296620140507437,0.9808184648757139,False,False,0,1
"('TERMINAL', ('B0*s', 'B1*r - r**2'))",0.8957604434798246,0.8957604434798246,,1,0.0,9.900000000000002,0.13296620140507437,0.9808184648757139,True,False,0,1
"('INTERNAL', ('B0*M0', 'B1 + sqrt(Abs(M0))'))",0.8957604434765049,0.8957604434765049,,1,0.0,9.900000000000002,0.1329662014043191,0.9808184648754765,False,False,0,1
"('INTERNAL', ('B0*M0', 'M1 + Abs(M0)**(1/4)'))",0.8957604434737889,0.8957604434737889,,1,0.0,9.900000000000002,0.13296620140370125,0.9808184648752823,False,False,0,1
"('INTERNAL', ('B0*M0', 'M0 + M1 + i'))",0.8957604434700519,0.8957604434700519,,1,0.0,9.900000000000002,0.13296620140285106,0.9808184648750151,False,False,0,1
"('INTERNAL', ('B0*s', 'B1 - M0 + 2*i + r'))",0.8957604434700519,0.8957604434700519,,1,0.0,9.900000000000002,0.13296620140285106,0.9808184648750151,False,False,0,1
"('INTERNAL', ('B0*s', 'B1 + i - Abs(M0)**(1/4)'))",0.8957604434506843,0.8957604434506843,,1,0.0,9.900000000000002,0.132966201398445,0.9808184648736303,False,False,0,1
"('INTERNAL', ('B0*s', 'B1 + M0 + M1 + M2 - i'))",0.8957604434013672,0.8957604434013672,,1,0.0,9.900000000000002,0.13296620138722537,0.980818464870104,False,False,0,1
"('INTERNAL', ('B0*s', 'M0*M1 - M2 + i'))",0.8957604433976238,0.8957604433976238,,1,0.0,9.900000000000002,0.13296620138637374,0.9808184648698364,False,False,0,1
"('INTERNAL', ('B0*s', 'B1 + M0 + M1 - r'))",0.895760443318548,0.895760443318548,,1,0.0,9.900000000000002,0.13296620136838405,0.9808184648641822,False,False,0,1
"('INTERNAL', ('B0*s', 'M0*M3 + M1*M3 - M2*M3'))",0.8957604432038315,0.8957604432038315,,1,0.0,9.900000000000002,0.13296620134228615,0.9808184648559798,False,False,0,1
"('INTERNAL', ('B0*M0', '-M0*M2 + M1*M2 + M2*i'))",0.8957604432038315,0.8957604432038315,,1,0.0,9.900000000000002,0.13296620134228615,0.9808184648559798,False,False,0,1
"('INTERNAL', ('B0*s', 'B1 + M0 - M1 + M2 - M3'))",0.8957604431699393,0.8957604431699393,,1,0.0,9.900000000000002,0.1329662013345757,0.9808184648535564,False,False,0,1
"('INTERNAL', ('B0*M0', 'M0*i - M0*r'))",0.895760443109973,0.895760443109973,,1,0.0,9.900000000000002,0.13296620132093345,0.9808184648492687,False,False,0,1
"('INTERNAL', ('B0*M0*s', 'M0*M1 - M2 - M3'))",0.895760443109973,0.895760443109973,,1,0.0,9.900000000000002,0.13296620132093345,0.9808184648492687,False,False,0,1
"('INTERNAL', ('B0*s', 'B1*M0*M2 + B2*M1*M2'))",0.895760443109973,0.895760443109973,,1,0.0,9.900000000000002,0.13296620132093345,0.9808184648492687,False,False,0,1
"('INTERNAL', ('B0*s', 'sqrt(Abs(B1*M0*M2 + B1*M1*M2))'))",0.8957604427771317,0.8957604427771317,,1,0.0,9.900000000000002,0.13296620124521227,0.9808184648254699,False,False,0,1
"('INTERNAL', ('B0*s', 'sqrt(Abs(B1*M0*M2 + B2*M1*M2))'))",0.8957604427771317,0.8957604427771317,,1,0.0,9.900000000000002,0.13296620124521227,0.9808184648254699,False,False,0,1
"('INTERNAL', ('B0*s', 'B1*sqrt(Abs(M0))*sqrt(Abs(M1))*sqrt(Abs(M2))'))",0.8957604427771317,0.8957604427771317,,1,0.0,9.900000000000002,0.13296620124521227,0.9808184648254699,False,False,0,1
"('TERMINAL', ('B0*s', 'B1*sqrt(Abs(i))*sqrt(Abs(r))'))",0.8957604427771317,0.8957604427771317,,1,0.0,9.900000000000002,0.13296620124521227,0.9808184648254699,True,False,0,1
"('INTERNAL', ('B0*s', 'B1*sqrt(Abs(M0))*sqrt(Abs(M1))*sqrt(Abs(i))'))",0.8957604427771317,0.8957604427771317,,1,0.0,9.900000000000002,0.13296620124521227,0.9808184648254699,False,False,0,1
"('INTERNAL', ('M0*M2 - M1*M2', 'M0 + M1'))",0.895760442757199,0.895760442757199,,1,0.0,9.900000000000002,0.13296620124067754,0.9808184648240446,False,False,0,1
"('TERMINAL', ('B0*s', 'B1*i - i*r'))",0.895760442719636,0.895760442719636,,1,0.0,9.900000000000002,0.132966201232132,0.9808184648213587,True,False,0,1
"('INTERNAL', ('B0*s', 'B1*M3 - M0*M3 - M1*M3 - M2*M3'))",0.8957604426357593,0.8957604426357593,,1,0.0,9.900000000000002,0.13296620121305014,0.9808184648153614,False,False,0,1
"('INTERNAL', ('B0*M0', 'M0*M3 - M1*M3 + M2*M3'))",0.8957604426357593,0.8957604426357593,,1,0.0,9.900000000000002,0.13296620121305014,0.9808184648153614,False,False,0,1
"('INTERNAL', ('B0*s', 'M1*sqrt(Abs(i - sqrt(Abs(M0))))'))",0.8957604419340937,0.8957604419340937,,1,0.0,9.900000000000002,0.1329662010534217,0.9808184647651907,False,False,0,1
"('INTERNAL', ('B0*s', 'M0 + 2*i - r'))",0.8957604411196215,0.8957604411196215,,1,0.0,9.900000000000002,0.13296620086812985,0.9808184647069542,False,False,0,1
"('INTERNAL', ('B0*s', 'M1 + i - r + sqrt(Abs(M0))'))",0.8957604411196215,0.8957604411196215,,1,0.0,9.900000000000002,0.13296620086812985,0.9808184647069542,False,False,0,1
"('INTERNAL', ('B0*s', 'B1 + M0 - M1 + 2*i'))",0.8957604411196215,0.8957604411196215,,1,0.0,9.900000000000002,0.13296620086812985,0.9808184647069542,False,False,0,1
"('INTERNAL', ('B0*s', 'M0 - M1 - M2 + M3'))",0.8957603981847212,0.8957603981847212,,1,0.0,9.900000000000002,0.13296619110047123,0.9808184616370144,False,False,0,1
"('INTERNAL', ('M0*s', '-M0 + M1 + r'))",0.8957603978649384,0.8957603978649384,,1,0.0,9.900000000000002,0.13296619102772086,0.9808184616141492,False,False,0,1
"('INTERNAL', ('B0*s', '-M0*M2 - M1*M2 + M2*i'))",0.8957603909187771,0.8957603909187771,,1,0.0,9.900000000000002,0.13296618944747418,0.9808184611174833,False,False,0,1
"('INTERNAL', ('B0*s', '-M0*M2 - M1*M2 + M2*r'))",0.8957603909187771,0.8957603909187771,,1,0.0,9.900000000000002,0.13296618944747418,0.9808184611174833,False,False,0,1
"('INTERNAL', ('B0*M0 + B0*s', 'sqrt(Abs(M0 - M1))'))",0.8957493017644739,0.8957493017644739,,1,0.0,9.900000000000002,0.13296366668863535,0.980817668208669,False,False,0,1
"('INTERNAL', ('B0 + B1*i', 'B2 + M0 - M1'))",0.8955376400432511,0.8955376400432511,,1,0.0,9.900000000000002,0.1329155200976765,0.9808025299727042,False,False,0,1
"('TERMINAL', ('B0 + B1*sqrt(Abs(i))', 'sqrt(Abs(i))'))",0.895525777518635,0.895525777518635,,1,0.0,9.900000000000002,0.13291282207209118,0.9808016813423639,True,False,0,1
"('INTERNAL', ('B0*M0 + B1*M1', 'M0 + M1 - M2'))",0.895525777518635,0.895525777518635,,1,0.0,9.900000000000002,0.13291282207209118,0.9808016813423639,False,False,0,1
"('INTERNAL', ('B0 + B1*i', 'M0*M1 + M2'))",0.8955095442835049,0.8955095442835049,,1,0.0,9.900000000000002,0.13290913002532484,0.9808005200003406,False,False,0,1
"('INTERNAL', ('M0*i + M1*i', 'B0 + M0*M2 - M1*M2'))",0.8953894584132422,0.8953894584132422,,1,0.0,9.900000000000002,0.1328818200743767,0.9807919276273802,False,False,0,1
"('INTERNAL', ('M0*M1*M3 + M2*M3', 'M0'))",0.8953382542581397,0.8953382542581397,,1,0.0,9.900000000000002,0.13287017633120832,0.9807882631713054,False,False,0,1
"('INTERNAL', ('B0*M0', 'B1*M0 + B1*M1 + M2'))",0.8953382542557741,0.8953382542557741,,1,0.0,9.900000000000002,0.1328701763306704,0.9807882631711361,False,False,0,1
"('INTERNAL', ('M0*M1*i + 2*M0*M1*s', 'B0*i'))",0.8953382542555977,0.8953382542555977,,1,0.0,9.900000000000002,0.1328701763306303,0.9807882631711236,False,False,0,1
"('INTERNAL', ('B0*s*sqrt(Abs(M0))', 'M0 - M1'))",0.8953322120553119,0.8953322120553119,,1,0.0,9.900000000000002,0.13286880238790832,0.9807878307297831,False,False,0,1
"('INTERNAL', ('B0*M1 + B1*M0*M1 + B2*M1*s', 'B3*M0 + B4*M1 + B4*M2'))",0.8953281635531022,0.8953281635531022,,1,0.0,9.900000000000002,0.13286788179962983,0.9807875409744997,False,False,0,1
"('INTERNAL', ('M0*M1*M2*M3', 'B0*M0'))",0.8953207217461194,0.8953207217461194,,1,0.0,9.900000000000002,0.13286618961918684,0.9807870083502216,False,False,0,1
"('INTERNAL', ('M0*M1*M2 + 2*M1*M2*s', 'M0*i + M1*i'))",0.8953195279673437,0.8953195279673437,,1,0.0,9.900000000000002,0.13286591816907437,0.9807869229083802,False,False,0,1
"('INTERNAL', ('B0*M0*M1', 'M0*M2 - M1*M2'))",0.8952994631440944,0.8952994631440944,,1,0.0,9.900000000000002,0.1328613557376641,0.9807854867828685,False,False,0,1
"('INTERNAL', ('B0*sqrt(Abs(M0 + i - s))', 'B1*M0*M2*M3 - M1*M2*M3 - M4 + M5'))",0.8952605674595244,0.8952605674595244,,1,0.0,9.900000000000002,0.13285251175034646,0.9807827026684508,False,False,0,1
"('INTERNAL', ('B0*M0*M2 + B1*M1*M2', 'B2*i**2'))",0.895258922457812,0.895258922457812,,1,0.0,9.900000000000002,0.13285213772313398,0.9807825849155326,False,False,0,1
"('INTERNAL', ('B0*sqrt(Abs(M0 + s))', 'M0 + M1'))",0.8952573823140719,0.8952573823140719,,1,0.0,9.900000000000002,0.13285178753830465,0.9807824746681914,False,False,0,1
"('INTERNAL', ('B0*sqrt(Abs(M0 + M1))', 'M0*M1 + i*r'))",0.8952529971711869,0.8952529971711869,,1,0.0,9.900000000000002,0.13285079048498755,0.9807821607666178,False,False,0,1
"('INTERNAL', ('B0*M1*M2 + B0*M3 + B1*M0*M2', 'Abs(M0)**(1/4)*Abs(M1)**(1/4)*Abs(M2)**(1/4)'))",0.8952470380391538,0.8952470380391538,,1,0.0,9.900000000000002,0.13284943556038228,0.9807817341892903,False,False,0,1
"('INTERNAL', ('B0*M0', 'B1 - M0 + M1 + i'))",0.8952457354397398,0.8952457354397398,,1,0.0,9.900000000000002,0.13284913939026552,0.9807816409435155,False,False,0,1
"('INTERNAL', ('B0*sqrt(Abs(M0 + M1))', 'M0 - M1 + i*r'))",0.8952291882620218,0.8952291882620218,,1,0.0,9.900000000000002,0.13284537712030878,0.9807804564004007,False,False,0,1
"('INTERNAL', ('B0*M2 + B1*M0*M1 + B2*M1*i', 'B3*Abs(i)**(1/4)'))",0.8952253787582516,0.8952253787582516,,1,0.0,9.900000000000002,0.13284451097753325,0.9807801836877887,False,False,0,1
"('INTERNAL', ('B0*M0 + B0*M2 + B1*M1 + B1*M3', 'M0 + M1 - M2 + i'))",0.8952245220714619,0.8952245220714619,,1,0.0,9.900000000000002,0.13284431619858494,0.9807801223594573,False,False,0,1
"('INTERNAL', ('B0*sqrt(Abs(M0 + s))', 'M0 + i*r'))",0.8951825477574329,0.8951825477574329,,1,0.0,9.900000000000002,0.13283477301777663,0.9807771173664918,False,False,0,1
"('INTERNAL', ('B0*M2 + B1*M0*M1', 'Abs(M0*M2*M3 + M1*M2*M3)**(1/4)'))",0.8951740431038316,0.8951740431038316,,1,0.0,9.900000000000002,0.13283283947441893,0.980776508473516,False,False,0,1
"('INTERNAL', ('B0*M3 + B1*M0*M2 + B1*M1*M2 + B1*M2*s', 'B2*Abs(M0)**(1/4)*Abs(M1)**(1/4)'))",0.8951740431038316,0.8951740431038316,,1,0.0,9.900000000000002,0.13283283947441893,0.980776508473516,False,False,0,1
"('INTERNAL', ('B0*M1 + B1*M0*M1', 'M0'))",0.8951715295502327,0.8951715295502327,,1,0.0,9.900000000000002,0.13283226801846687,0.9807763285127518,False,False,0,1
"('INTERNAL', ('B0*M0*M1', 'B1*M0*sqrt(Abs(i))'))",0.8951646440561768,0.8951646440561768,,1,0.0,9.900000000000002,0.132830702610877,0.9807758355327018,False,False,0,1
"('INTERNAL', ('M0*s + M1*s', 'sqrt(Abs(M0))'))",0.8951605949409903,0.8951605949409903,,1,0.0,9.900000000000002,0.1328297820557453,0.9807755456250546,False,False,0,1
"('INTERNAL', ('B0*M0 + B1*M1 + B1*M2', '-M0*M1 + M1*i'))",0.895134736654206,0.895134736654206,,1,0.0,9.900000000000002,0.13282390334412372,0.9807736941673646,False,False,0,1
"('TERMINAL', ('B0 + B1*s + B2*s**2', 'i'))",0.8951347366541276,0.8951347366541276,,1,0.0,9.900000000000002,0.1328239033441059,0.980773694167359,True,False,0,1
"('INTERNAL', ('B0*M0 + B1*M1 + B2*i*s', 'r'))",0.8951347366540331,0.8951347366540331,,1,0.0,9.900000000000002,0.1328239033440844,0.9807736941673523,False,False,0,1
"('INTERNAL', ('B0 + B1*M0*M2 + B2*M1*M2', 'r'))",0.8951347366540331,0.8951347366540331,,1,0.0,9.900000000000002,0.1328239033440844,0.9807736941673523,False,False,0,1
"('INTERNAL', ('B0 + B1*M0 + B2*M1', 'M0 + M1 - M2 + i'))",0.8951347366539236,0.8951347366539236,,1,0.0,9.900000000000002,0.13282390334405955,0.9807736941673444,False,False,0,1
"('INTERNAL', ('B0*M0*M2 + B1*M1*M2', 'M0*M1*M2'))",0.895134736652173,0.895134736652173,,1,0.0,9.900000000000002,0.13282390334366154,0.980773694167219,False,False,0,1
"('INTERNAL', ('B0*M3 + B1*M0*M2 + B1*M1*M2', 'Abs(M0)**(1/16)*Abs(M1)**(1/4)*Abs(M2)**(1/4)'))",0.8951347366521517,0.8951347366521517,,1,0.0,9.900000000000002,0.13282390334365674,0.9807736941672176,False,False,0,1
"('INTERNAL', ('B0*M2 + B1*M0*M1', 'Abs(M0)**(1/4)*Abs(M1)**(1/4)*Abs(M2)**(1/4)*Abs(M3)**(1/4)'))",0.8951347366508684,0.8951347366508684,,1,0.0,9.900000000000002,0.1328239033433649,0.9807736941671257,False,False,0,1
"('INTERNAL', ('B0*M0 + B0*M1 + B1*M2', '-M0 + r'))",0.8951347366507749,0.8951347366507749,,1,0.0,9.900000000000002,0.13282390334334368,0.9807736941671189,False,False,0,1
"('INTERNAL', ('B0*M0 + B0*M1 + B1*M2', '-M1 + sqrt(Abs(M0))'))",0.8951347366449017,0.8951347366449017,,1,0.0,9.900000000000002,0.13282390334200844,0.9807736941666985,False,False,0,1
"('INTERNAL', ('M0*M1*i + 2*M0*M1*s', 'M0*i'))",0.8951125493827321,0.8951125493827321,,1,0.0,9.900000000000002,0.13281885934923363,0.9807721054697576,False,False,0,1
"('INTERNAL', ('M0*M1*M2 + 2*M1*M2*s', 'i**2'))",0.8951125493827321,0.8951125493827321,,1,0.0,9.900000000000002,0.13281885934923363,0.9807721054697576,False,False,0,1
"('INTERNAL', ('B0 + B1*M0 + B2*M1 + B2*M2', 'M0*M3 + M1*M3 - M2*M3'))",0.8950967708087806,0.8950967708087806,,1,0.0,9.900000000000002,0.1328152723666326,0.9807709756126944,False,False,0,1
"('INTERNAL', ('B1*sqrt(Abs(B0 + M0))', 'M0 - M1 + M2'))",0.8950655995534077,0.8950655995534077,,1,0.0,9.900000000000002,0.13280818631338362,0.9807687434141767,False,False,0,1
"('INTERNAL', ('B0*i*s', 'B1 + M0*M1*r - M2*r'))",0.8950611715123654,0.8950611715123654,,1,0.0,9.900000000000002,0.13280717972222741,0.9807684263060135,False,False,0,1
"('INTERNAL', ('B0*M1*sqrt(Abs(M0)) + B1*M1*i', 'r'))",0.895059248645937,0.895059248645937,,1,0.0,9.900000000000002,0.13280674261393305,0.9807682886015615,False,False,0,1
"('TERMINAL', ('B0*i + B1*sqrt(Abs(s))', 'r'))",0.895059248645937,0.895059248645937,,1,0.0,9.900000000000002,0.13280674261393305,0.9807682886015615,True,False,0,1
"('INTERNAL', ('B0*sqrt(Abs(M0)) + B1*M1 + B1*i', 'B2 - r'))",0.8950584500868256,0.8950584500868256,,1,0.0,9.900000000000002,0.13280656108479783,0.9807682314132529,False,False,0,1
"('INTERNAL', ('B0*M1 + B1*M0*i', 'M0'))",0.8950491896250494,0.8950491896250494,,1,0.0,9.900000000000002,0.13280445600060492,0.9807675682236565,False,False,0,1
"('INTERNAL', ('B0*M3 + B1*M1*M2 + B1*M2*sqrt(Abs(M0))', 'Abs(M0)**(1/8)*Abs(M1)**(1/4)*Abs(M2)**(1/4)'))",0.8950356978090558,0.8950356978090558,,1,0.0,9.900000000000002,0.13280138908580985,0.9807666019803402,False,False,0,1
"('INTERNAL', ('-M0*M2 - M1*M2 + M2*sqrt(Abs(s))', '-M1 + sqrt(Abs(M0))'))",0.895028202841553,0.895028202841553,,1,0.0,9.900000000000002,0.13279968537468823,0.980766065200714,False,False,0,1
"('INTERNAL', ('B0*sqrt(Abs(M0 + i))', 'M0*M1 - M2 + M3'))",0.8950207233917661,0.8950207233917661,,1,0.0,9.900000000000002,0.13279798520519775,0.9807655295234905,False,False,0,1
"('INTERNAL', ('M0*M1*M2*M3', 'B0*M0*i + B1*M1*i'))",0.8950156979042697,0.8950156979042697,,1,0.0,9.900000000000002,0.1327968428590343,0.980765169593703,False,False,0,1
"('INTERNAL', ('B0*M0', 'sqrt(Abs(M0))*sqrt(Abs(i))'))",0.8949911471074722,0.8949911471074722,,1,0.0,9.900000000000002,0.1327912622970077,0.9807634111862121,False,False,0,1
"('INTERNAL', ('B0*M0*M3 + B0*M1*M3 + B1*M2*M3', 'M0*i'))",0.8949436224394599,0.8949436224394599,,1,0.0,9.900000000000002,0.1327804600541887,0.9807600070418455,False,False,0,1
"('INTERNAL', ('B0*M0 + B0*M1 + B0*s', 'M0 - M1'))",0.894943622437835,0.894943622437835,,1,0.0,9.900000000000002,0.13278046005381933,0.980760007041729,False,False,0,1
"('INTERNAL', ('B0*M0*s + B1*M1*s', 'sqrt(Abs(r))'))",0.8949436224358542,0.8949436224358542,,1,0.0,9.900000000000002,0.13278046005336913,0.9807600070415872,False,False,0,1
"('INTERNAL', ('B0*M0', 'M0 - M1 - M2 - M3'))",0.8949285417185848,0.8949285417185848,,1,0.0,9.900000000000002,0.1327770323625825,0.9807589267494192,False,False,0,1
"('INTERNAL', ('B0*M3 + B1*M0*M1*M2', 'Abs(M0)**(1/4)*Abs(M1)**(1/4)*Abs(M2)**(1/4)'))",0.8948886974440111,0.8948886974440111,,1,0.0,9.900000000000002,0.13276797644994429,0.9807560723694798,False,False,0,1
"('INTERNAL', ('B0*sqrt(Abs(s))', 'sqrt(Abs(B1 + M0*M1))'))",0.8948758878607588,0.8948758878607588,,1,0.0,9.900000000000002,0.13276506513953662,0.9807551546575415,False,False,0,1
"('INTERNAL', ('B0*sqrt(Abs(M0))', 'B1*M0*i**2 - M1 + M2'))",0.8948749935494036,0.8948749935494036,,1,0.0,9.900000000000002,0.13276486188561706,0.9807550905857646,False,False,0,1
"('INTERNAL', ('B0*sqrt(Abs(s))', 'B1*r + M0 + M1'))",0.894872184716889,0.894872184716889,,1,0.0,9.900000000000002,0.13276422351170813,0.980754889349771,False,False,0,1
"('INTERNAL', ('B0*sqrt(Abs(M1))', '-M0 + i*r + i'))",0.8948470728729295,0.8948470728729295,,1,0.0,9.900000000000002,0.13275851633778088,0.9807530901807814,False,False,0,1
"('INTERNAL', ('B0*sqrt(Abs(s))', '-M1 + Abs(M0)**(1/4)'))",0.8948462746515763,0.8948462746515763,,1,0.0,9.900000000000002,0.13275833492847877,0.9807530329895755,False,False,0,1
"('INTERNAL', ('B0*M1 + B1*s*sqrt(Abs(M0))', 'i'))",0.8948449100484749,0.8948449100484749,,1,0.0,9.900000000000002,0.13275802479972068,0.9807529352178421,False,False,0,1
"('INTERNAL', ('B0*sqrt(Abs(s))', 'M0 + r**2'))",0.8948327937381493,0.8948327937381493,,1,0.0,9.900000000000002,0.1327552711873759,0.9807520670896039,False,False,0,1
"('INTERNAL', ('B0*M0', 'sqrt(Abs(B1 + M0))'))",0.8948261966051012,0.8948261966051012,,1,0.0,9.900000000000002,0.13275377190612522,0.980751594398087,False,False,0,1
"('INTERNAL', ('B0*sqrt(Abs(s))', 'M0 - M1 + M2'))",0.8948260813425966,0.8948260813425966,,1,0.0,9.900000000000002,0.13275374571137336,0.9807515861393454,False,False,0,1
"('INTERNAL', ('B0*sqrt(Abs(s))', 'B1 - M0 + M1 + M2'))",0.8948260334506855,0.8948260334506855,,1,0.0,9.900000000000002,0.1327537348273776,0.9807515827078134,False,False,0,1
"('INTERNAL', ('B0*M0*M1', 'B1 - M0 + i'))",0.8948252628125795,0.8948252628125795,,1,0.0,9.900000000000002,0.1327535596909534,0.9807515274903089,False,False,0,1
"('INTERNAL', ('B0*M0 + B0*s + B1*M1', 'B2 - M0'))",0.894825226391006,0.894825226391006,,1,0.0,9.900000000000002,0.1327535514137332,0.9807515248806401,False,False,0,1
"('INTERNAL', ('B0*sqrt(Abs(s))', 'sqrt(Abs(B1 + M0 + M1))'))",0.8948247488685809,0.8948247488685809,,1,0.0,9.900000000000002,0.1327534428913183,0.9807514906653122,False,False,0,1
"('INTERNAL', ('B0*M1 + B1*M2 + B2*M0*M1', 'Abs(M0)**(1/4)*Abs(M1)**(1/4)*Abs(M2)**(1/4)'))",0.8948193411173816,0.8948193411173816,,1,0.0,9.900000000000002,0.13275221392225492,0.9807511031878112,False,False,0,1
"('INTERNAL', ('B0*M3 + B1*M0*M2 + B1*M1*M2 + B1*M2*s', 'B2*Abs(i)**(1/4)'))",0.8948193411173816,0.8948193411173816,,1,0.0,9.900000000000002,0.13275221392225492,0.9807511031878112,False,False,0,1
"('INTERNAL', ('B0*sqrt(Abs(s))', 'B1 + M0 - r'))",0.8948109053784707,0.8948109053784707,,1,0.0,9.900000000000002,0.13275029682557118,0.9807504987388612,False,False,0,1
"('INTERNAL', ('B0*M0', '-M0*M1*M2 + M2*i'))",0.8948106844555074,0.8948106844555074,,1,0.0,9.900000000000002,0.13275024661910625,0.9807504829088379,False,False,0,1
"('INTERNAL', ('B0*sqrt(Abs(s))', 'B1*r + M0*M1'))",0.8948106844555074,0.8948106844555074,,1,0.0,9.900000000000002,0.13275024661910625,0.9807504829088379,False,False,0,1
"('INTERNAL', ('B0*sqrt(Abs(s))', 'M0*r - M1*r + M2'))",0.894810503169826,0.894810503169826,,1,0.0,9.900000000000002,0.1327502054205317,0.9807504699189803,False,False,0,1
"('INTERNAL', ('B0*sqrt(Abs(s))', 'B1 - M0 - M1 + M2'))",0.894810406063778,0.894810406063778,,1,0.0,9.900000000000002,0.13275018335243408,0.9807504629609342,False,False,0,1
"('INTERNAL', ('B0*sqrt(Abs(M0 + s))', 'M0*i + M1'))",0.8948103775032655,0.8948103775032655,,1,0.0,9.900000000000002,0.13275017686183796,0.9807504609144562,False,False,0,1
"('INTERNAL', ('B0*sqrt(Abs(M0))', 'B1*M0*i - M1 + M2'))",0.8948103775032655,0.8948103775032655,,1,0.0,9.900000000000002,0.13275017686183796,0.9807504609144562,False,False,0,1
"('INTERNAL', ('B0*sqrt(Abs(s))', 'M0*M2 + M1*M2'))",0.8948102948713786,0.8948102948713786,,1,0.0,9.900000000000002,0.13275015808310733,0.9807504549935414,False,False,0,1
"('INTERNAL', ('B0*sqrt(Abs(M0 - M1 + M2))', 'M0 + i*r'))",0.8948100656031305,0.8948100656031305,,1,0.0,9.900000000000002,0.13275010598014725,0.9807504385655222,False,False,0,1
"('INTERNAL', ('B0*sqrt(Abs(M0 + s))', 'M0*M1 - M2 + M3'))",0.8948065716026951,0.8948065716026951,,1,0.0,9.900000000000002,0.13274931194352035,0.9807501882048846,False,False,0,1
"('INTERNAL', ('B0*sqrt(Abs(M0 + M1))', 'M0 - M1 - M2 + M3'))",0.8948065131932235,0.8948065131932235,,1,0.0,9.900000000000002,0.13274929866957597,0.9807501840195701,False,False,0,1
"('INTERNAL', ('B0*sqrt(Abs(s))', '-M0 + sqrt(Abs(r))'))",0.8948049365630719,0.8948049365630719,,1,0.0,9.900000000000002,0.13274894037011983,0.9807500710463687,False,False,0,1
"('INTERNAL', ('B0*sqrt(Abs(s))', 'M0*M1*M2 + M3'))",0.8948044629672837,0.8948044629672837,,1,0.0,9.900000000000002,0.1327488327425202,0.9807500371108545,False,False,0,1
"('INTERNAL', ('B0*sqrt(Abs(s))', 'sqrt(Abs(M0 - M1 + M2))'))",0.8948043385814253,0.8948043385814253,,1,0.0,9.900000000000002,0.13274880447506668,0.9807500281979779,False,False,0,1
"('INTERNAL', ('B0*sqrt(Abs(s))', 'B1 + Abs(M0)**(1/4)'))",0.8948028564107258,0.8948028564107258,,1,0.0,9.900000000000002,0.1327484676429369,0.9807499219927501,False,False,0,1
"('INTERNAL', ('B0*sqrt(Abs(-M0*M1 + M1*s + M2))', 'M0 - M1 + i*r'))",0.8948022171140202,0.8948022171140202,,1,0.0,9.900000000000002,0.13274832235912068,0.9807498761837128,False,False,0,1
"('INTERNAL', ('M0*M1*M2*i', 'M0*M1*M2'))",0.8947728093998405,0.8947728093998405,,1,0.0,9.900000000000002,0.1327416394009336,0.9807477688926235,False,False,0,1
"('INTERNAL', ('B0*sqrt(Abs(M0))', 'M1 + i*sqrt(Abs(M0))'))",0.8947525682230477,0.8947525682230477,,1,0.0,9.900000000000002,0.13273703968326672,0.980746318374755,False,False,0,1
"('INTERNAL', ('B0*M3 + B1*M0*M1*M2', 'M0'))",0.8947169960804724,0.8947169960804724,,1,0.0,9.900000000000002,0.1327289563239132,0.9807437690544872,False,False,0,1
"('INTERNAL', ('-M0*M2 - M1*M2 + M2*sqrt(Abs(s))', 'M0 + M1 - M2'))",0.894652680454058,0.894652680454058,,1,0.0,9.900000000000002,0.13271434215555517,0.9807391592841934,False,False,0,1
"('INTERNAL', ('M0*M1*i - M2*i', 'sqrt(Abs(B0 + B1*M0 + B1*M1))'))",0.8946504998887798,0.8946504998887798,,1,0.0,9.900000000000002,0.13271384669333466,0.9807390029823516,False,False,0,1
"('INTERNAL', ('B0*i + B2*sqrt(Abs(B1 + i))', 'B3*sqrt(Abs(M0)) + B4*M1'))",0.8945644438404373,0.8945644438404373,,1,0.0,9.900000000000002,0.1326942942326256,0.9807328339200303,False,False,0,1
"('INTERNAL', ('B0*M1*sqrt(Abs(M0))', 'sqrt(Abs(r))'))",0.8945373642747746,0.8945373642747746,,1,0.0,9.900000000000002,0.1326881419788877,0.9807308924340148,False,False,0,1
"('INTERNAL', ('M0*i', 'B0 - M0*M1*M2 + M2*r'))",0.8945048068932634,0.8945048068932634,,1,0.0,9.900000000000002,0.13268074545730427,0.9807285580573497,False,False,0,1
"('INTERNAL', ('B0*M0*M2 + B0*M2*s + B1*M1*M2', 'M0*M1'))",0.8945010639959913,0.8945010639959913,,1,0.0,9.900000000000002,0.13267989514756898,0.9807282896793216,False,False,0,1
"('INTERNAL', ('M0*M1*M2 + 2*M1*M2*s', 'M0*M1'))",0.8945010639926936,0.8945010639926936,,1,0.0,9.900000000000002,0.1326798951468199,0.9807282896790851,False,False,0,1
"('INTERNAL', ('B0*M0', 'M0 + sqrt(Abs(r))'))",0.8945010639577539,0.8945010639577539,,1,0.0,9.900000000000002,0.13267989513888234,0.9807282896765798,False,False,0,1
"('INTERNAL', ('B0*M0*i + B1*M0*s', 'r'))",0.8945010639513816,0.8945010639513816,,1,0.0,9.900000000000002,0.13267989513743467,0.9807282896761229,False,False,0,1
"('INTERNAL', ('M0*M2*M3 + M1*M2*M3 + M2*M3*s', 'M0*M1*i'))",0.8945010639175186,0.8945010639175186,,1,0.0,9.900000000000002,0.13267989512974174,0.9807282896736947,False,False,0,1
"('INTERNAL', ('B0*M3 + B1*M0*M2 + B1*M1*M2', 'Abs(M0)**(1/4)*Abs(M1)**(1/4)*Abs(i)**(1/8)'))",0.8945010639073272,0.8945010639073272,,1,0.0,9.900000000000002,0.13267989512742648,0.980728289672964,False,False,0,1
"('INTERNAL', ('B0 - M0*M2 + M1*M2', 'r'))",0.8944923675695955,0.8944923675695955,,1,0.0,9.900000000000002,0.13267791951103763,0.9807276661083326,False,False,0,1
"('INTERNAL', ('B0*Abs(s)**(1/4)', 'M0 - M1'))",0.8944513975094388,0.8944513975094388,,1,0.0,9.900000000000002,0.13266861227428547,0.9807247282169346,False,False,0,1
"('INTERNAL', ('B0*sqrt(Abs(M0))', 'B1*M0*M1'))",0.8944477698708145,0.8944477698708145,,1,0.0,9.900000000000002,0.1326677881981354,0.9807244680723698,False,False,0,1
"('INTERNAL', ('B0*M1 + B1*M0*s + B1*i*s', 'i'))",0.8944467439256601,0.8944467439256601,,1,0.0,9.900000000000002,0.1326675551388866,0.9807243944995946,False,False,0,1
"('INTERNAL', ('B0*M0 + B0*M2 + B1*M1 + B1*M3', 'i'))",0.8944467439256601,0.8944467439256601,,1,0.0,9.900000000000002,0.1326675551388866,0.9807243944995946,False,False,0,1
"('INTERNAL', ('B0*Abs(M0 - M1 + M2)**(1/4)', 'M0'))",0.8944014726612467,0.8944014726612467,,1,0.0,9.900000000000002,0.13265727133993563,0.9807211478303746,False,False,0,1
"('INTERNAL', ('B0*M0', '-i + r'))",0.8943945928012283,0.8943945928012283,,1,0.0,9.900000000000002,0.13265570855977712,0.980720654406361,False,False,0,1
"('INTERNAL', ('B0*Abs(M0 + s)**(1/4)', 'r'))",0.8943455813076338,0.8943455813076338,,1,0.0,9.900000000000002,0.13264457580483155,0.9807171390797015,False,False,0,1
"('TERMINAL', ('B0*Abs(s)**(1/4)', 'r'))",0.8943455813076338,0.8943455813076338,,1,0.0,9.900000000000002,0.13264457580483155,0.9807171390797015,True,False,0,1
"('INTERNAL', ('B0*sqrt(Abs(M0))', 'sqrt(Abs(M0 + i))'))",0.8943221405903256,0.8943221405903256,,1,0.0,9.900000000000002,0.13263925156007322,0.98071545766927,False,False,0,1
"('INTERNAL', ('B0*i', 'B1*M1 - M0*M1 + M1*i + M1*r'))",0.8942111159500757,0.8942111159500757,,1,0.0,9.900000000000002,0.13261403569742486,0.9807074926407852,False,False,0,1
"('INTERNAL', ('B0*M0*M2 + B0*M1*M2', 'M0 - M1 - M2'))",0.8941884043931262,0.8941884043931262,,1,0.0,9.900000000000002,0.13260887784537623,0.980705863046009,False,False,0,1
"('INTERNAL', ('B0*M0', 'M0 + M1 + M2 - M3'))",0.8941560230320936,0.8941560230320936,,1,0.0,9.900000000000002,0.1326015241829349,0.9807035394828061,False,False,0,1
"('INTERNAL', ('B0*sqrt(Abs(M1 + sqrt(Abs(M0))))', 'r'))",0.8940999945845226,0.8940999945845226,,1,0.0,9.900000000000002,0.13258880100188367,0.9806995186984212,False,False,0,1
"('INTERNAL', ('M0*M1 - M2', 'i'))",0.8940112519902691,0.8940112519902691,,1,0.0,9.900000000000002,0.13256865058315706,0.9806931492122283,False,False,0,1
"('INTERNAL', ('B0 + B1*M0', 'M0 + M1 + i'))",0.8939368752141631,0.8939368752141631,,1,0.0,9.900000000000002,0.13255176369278282,0.9806878098598139,False,False,0,1
"('INTERNAL', ('B0 + B1*sqrt(Abs(i))', 'sqrt(Abs(M0*M1 + M2 + M3 - i))'))",0.8939314848873929,0.8939314848873929,,1,0.0,9.900000000000002,0.1325505398995345,0.9806874228651853,False,False,0,1
"('INTERNAL', ('B0*M0*s + B0*M1*s', 'sqrt(Abs(i))'))",0.8938086391311223,0.8938086391311223,,1,0.0,9.900000000000002,0.13252265160414106,0.980678601982171,False,False,0,1
"('INTERNAL', ('B0*sqrt(Abs(M1 + sqrt(Abs(M0))))', 'M0*M1 - M2 + M3'))",0.8937761197270742,0.8937761197270742,,1,0.0,9.900000000000002,0.13251526972974237,0.9806762665370735,False,False,0,1
"('INTERNAL', ('B0*sqrt(Abs(M0 - M1))', 'M0 + M1'))",0.8936025140623528,0.8936025140623528,,1,0.0,9.900000000000002,0.13247586594862312,0.9806637958407315,False,False,0,1
"('INTERNAL', ('B0*M0', 'Abs(M0 + M1)**(1/4)'))",0.8935734330560954,0.8935734330560954,,1,0.0,9.900000000000002,0.13246926609654694,0.980661706379638,False,False,0,1
"('INTERNAL', ('M0*M2*M3 + M1*M2*M3 + M2*M3*s', 'M0*i - M1*i'))",0.8935308316728954,0.8935308316728954,,1,0.0,9.900000000000002,0.1324595982208046,0.9806586452393674,False,False,0,1
"('INTERNAL', ('B0*s + B1*M0*M1', 'i'))",0.8934147218088047,0.8934147218088047,,1,0.0,9.900000000000002,0.13243325081112844,0.9806503006416272,False,False,0,1
"('INTERNAL', ('B0*M0*Abs(i)**(1/4)', 'i'))",0.8933793947753457,0.8933793947753457,,1,0.0,9.900000000000002,0.1324252351529029,0.9806477613259768,False,False,0,1
"('INTERNAL', ('M0*M1*M2', 'M0 + M1'))",0.8933509745958131,0.8933509745958131,,1,0.0,9.900000000000002,0.13241878688082637,0.9806457183316513,False,False,0,1
"('INTERNAL', ('B0*i*s', 'M1 + sqrt(Abs(M0))'))",0.8933379026053403,0.8933379026053403,,1,0.0,9.900000000000002,0.13241582103767086,0.9806447786037367,False,False,0,1
"('INTERNAL', ('B0*M1 - M0*M1 + M1*sqrt(Abs(s))', 'M1 - M2 + sqrt(Abs(M0))'))",0.8933251584377071,0.8933251584377071,,1,0.0,9.900000000000002,0.1324129296144675,0.9806438624162361,False,False,0,1
"('INTERNAL', ('M0*M2*M3 + M1*M2*M3 + M2*M3*s', 'M0*i + M1*i'))",0.8933098003222429,0.8933098003222429,,1,0.0,9.900000000000002,0.1324094451881254,0.9806427582755779,False,False,0,1
"('INTERNAL', ('B0*M0*i', 'M1 + sqrt(Abs(M0))'))",0.893201791024063,0.893201791024063,,1,0.0,9.900000000000002,0.13238494189042976,0.9806349920990017,False,False,0,1
"('INTERNAL', ('B0*sqrt(Abs(M0))', 'B1 + M0 - M1'))",0.8931912979742228,0.8931912979742228,,1,0.0,9.900000000000002,0.1323825615649727,0.9806342375192688,False,False,0,1
"('INTERNAL', ('B0*M0 - M0*s + M0*sqrt(Abs(s))', 'B1 + M0*M1 - M2'))",0.8930764269321102,0.8930764269321102,,1,0.0,9.900000000000002,0.13235650514692504,0.9806259757215553,False,False,0,1
"('INTERNAL', ('B0*M1 - M0*M1 + M1*sqrt(Abs(s))', 'M0 + M1 + M2 - M3'))",0.893076426431975,0.893076426431975,,1,0.0,9.900000000000002,0.13235650503348576,0.9806259756855799,False,False,0,1
"('INTERNAL', ('B0*M2 + B1*M0*M1', 'Abs(M0*M2 + M1*M2)**(1/4)'))",0.8930442213170617,0.8930442213170617,,1,0.0,9.900000000000002,0.13234920048666945,0.9806236590382156,False,False,0,1
"('INTERNAL', ('B0*M0 + B1*M0*s', 'B2*M0 + B3*i'))",0.8929383754398762,0.8929383754398762,,1,0.0,9.900000000000002,0.1323251950928947,0.980616043936007,False,False,0,1
"('INTERNAL', ('B0*M0 + B0*M1 + B1*M2', 'M0 - M1 - M2'))",0.8927327632998102,0.8927327632998102,,1,0.0,9.900000000000002,0.13227857125933298,0.9806012460040765,False,False,0,1
"('INTERNAL', ('M0', 'M0*i - M1*i'))",0.8926329275302453,0.8926329275302453,,1,0.0,9.900000000000002,0.1322559367443916,0.9805940583696503,False,False,0,1
"('INTERNAL', ('B0*s*sqrt(Abs(M0))', '-M0 - M1 - M2 + r'))",0.8925825956325408,0.8925825956325408,,1,0.0,9.900000000000002,0.13224452658146707,0.9805904341406084,False,False,0,1
"('INTERNAL', ('B0*sqrt(Abs(M0 + M1))', 'sqrt(Abs(M0 + M1))'))",0.8925257297944176,0.8925257297944176,,1,0.0,9.900000000000002,0.13223163595742635,0.9805863389366242,False,False,0,1
"('INTERNAL', ('B0*M0 + B1*M1', 'M0 + M1 + i'))",0.8924821421745398,0.8924821421745398,,1,0.0,9.900000000000002,0.13222175585951948,0.9805831996154287,False,False,0,1
"('INTERNAL', ('B0*M0', 'B1*M1 - M0*M1'))",0.8923797668993847,0.8923797668993847,,1,0.0,9.900000000000002,0.13219855213424928,0.980575825020865,False,False,0,1
"('INTERNAL', ('B0*M0 + B1*M1', 'B2*M0*sqrt(Abs(i))'))",0.8923674761068683,0.8923674761068683,,1,0.0,9.900000000000002,0.13219576656049273,0.9805749395417804,False,False,0,1
"('INTERNAL', ('B0*M0 + B1*M1 + B1*i', 'M0'))",0.892363160001968,0.892363160001968,,1,0.0,9.900000000000002,0.13219478837158974,0.9805746285861479,False,False,0,1
"('INTERNAL', ('M0*M1', 'i - sqrt(Abs(M0))'))",0.892243205168258,0.892243205168258,,1,0.0,9.900000000000002,0.13216760406233685,0.9805659851948807,False,False,0,1
"('INTERNAL', ('B0*M0*M1*s', 'M0'))",0.8920521069899371,0.8920521069899371,,1,0.0,9.900000000000002,0.1321243046975076,0.9805522107825387,False,False,0,1
"('INTERNAL', ('M0*i', 'B0 - M0*M1 + M1*i'))",0.8919918229241962,0.8919918229241962,,1,0.0,9.900000000000002,0.13211064734756314,0.9805478642758394,False,False,0,1
"('INTERNAL', ('B0*M0 + B1*i + B2*s', 'M0 - M1 + 2*i'))",0.8918500433367468,0.8918500433367468,,1,0.0,9.900000000000002,0.13207853082483834,0.9805376396128971,False,False,0,1
"('INTERNAL', ('i**2', 'B0 + M0*M2 - M1*M2'))",0.891720596387868,0.891720596387868,,1,0.0,9.900000000000002,0.13204921239354764,0.980528301525789,False,False,0,1
"('INTERNAL', ('B0*M0 + B1*M1', 'i + sqrt(Abs(M0))'))",0.8917069530976428,0.8917069530976428,,1,0.0,9.900000000000002,0.13204612257296527,0.9805273171651961,False,False,0,1
"('INTERNAL', ('B0*M0 + B1*s + B1*sqrt(Abs(i))', 'B2 + i'))",0.8916811406151585,0.8916811406151585,,1,0.0,9.900000000000002,0.13204027690246783,0.9805254547182929,False,False,0,1
"('INTERNAL', ('B0*M1 + B0*Abs(M0)**(1/4)', 'M0'))",0.8916215663160661,0.8916215663160661,,1,0.0,9.900000000000002,0.1320267859456391,0.9805211558490414,False,False,0,1
"('INTERNAL', ('B0*M0', '-M2 + sqrt(Abs(M0 + M1))'))",0.8915272016970462,0.8915272016970462,,1,0.0,9.900000000000002,0.13200541835282836,0.9805143453537086,False,False,0,1
"('INTERNAL', ('B0*i + B2*sqrt(Abs(B1 + i))', 'M0*M2 + M1*M2'))",0.8912684602442297,0.8912684602442297,,1,0.0,9.900000000000002,0.13194684142039195,0.9804956641129208,False,False,0,1
"('INTERNAL', ('B0*i + B2*sqrt(Abs(B1 + i))', 'M0*M1*M2*M4 - M3*M4'))",0.8911755148134772,0.8911755148134772,,1,0.0,9.900000000000002,0.13192580348090752,0.9804889507950553,False,False,0,1
"('INTERNAL', ('M0*M2*M3 + M1*M2*M3', 'M0'))",0.8911563609708778,0.8911563609708778,,1,0.0,9.900000000000002,0.13192146833386934,0.9804875671678729,False,False,0,1
"('INTERNAL', ('M0*M2*M3 + M1*M2*M3', 'i'))",0.8911563609708778,0.8911563609708778,,1,0.0,9.900000000000002,0.13192146833386934,0.9804875671678729,False,False,0,1
"('INTERNAL', ('M1*M2*sqrt(Abs(M0))', 'i'))",0.8911563609708778,0.8911563609708778,,1,0.0,9.900000000000002,0.13192146833386934,0.9804875671678729,False,False,0,1
"('INTERNAL', ('M0*M2*M3 - M1*M2*M3 + M2*M3*s', 'i'))",0.8911563609708778,0.8911563609708778,,1,0.0,9.900000000000002,0.13192146833386934,0.9804875671678729,False,False,0,1
"('INTERNAL', ('B0*M1 + B1*M0*s + B1*i', 'i'))",0.8911563609708778,0.8911563609708778,,1,0.0,9.900000000000002,0.13192146833386934,0.9804875671678729,False,False,0,1
"('INTERNAL', ('B0*i + B2*sqrt(Abs(B1 + i))', 'B3*M0*M1*M3 - M2*M3'))",0.8911325573099564,0.8911325573099564,,1,0.0,9.900000000000002,0.13191608090889587,0.9804858475671449,False,False,0,1
"('INTERNAL', ('B0 + B1*M0 + B1*M1', 'M0 + i'))",0.8911112216442414,0.8911112216442414,,1,0.0,9.900000000000002,0.13191125218125946,0.9804843061797343,False,False,0,1
"('INTERNAL', ('B0*i + B2*sqrt(Abs(B1 + i))', 'B3*M2 - M0*M2 + M1*M2'))",0.8911089419320816,0.8911089419320816,,1,0.0,9.900000000000002,0.13191073623937105,0.9804841414784443,False,False,0,1
"('INTERNAL', ('B0*M1 - M0*M1 + M1*sqrt(Abs(s))', '-M1 + sqrt(Abs(M0))'))",0.8911057819010638,0.8911057819010638,,1,0.0,9.900000000000002,0.13191002106688685,0.9804839131757954,False,False,0,1
"('INTERNAL', ('M1*M2*M3 + M2*M3*sqrt(Abs(M0))', 'M0*M1'))",0.8909332523781223,0.8909332523781223,,1,0.0,9.900000000000002,0.13187097833645176,0.9804714460124689,False,False,0,1
"('INTERNAL', ('B0*M0 + B0*sqrt(Abs(i))', 'M0 - M1'))",0.8908101521886045,0.8908101521886045,,1,0.0,9.900000000000002,0.1318431258709436,0.980462547747939,False,False,0,1
"('INTERNAL', ('B0*sqrt(Abs(M0 + M1))', 'B1 + M0'))",0.8908062444837151,0.8908062444837151,,1,0.0,9.900000000000002,0.13184224178228643,0.9804622652407524,False,False,0,1
"('INTERNAL', ('B0*sqrt(Abs(M0 + M1))', 'M0 + M1 - M2 + M3'))",0.8907624933233509,0.8907624933233509,,1,0.0,9.900000000000002,0.1318323436773215,0.9804591020872897,False,False,0,1
"('INTERNAL', ('B0*i + B1*s', 'M0*M2 + M1*M2 + M3 - M4 + i'))",0.8907570075816769,0.8907570075816769,,1,0.0,9.900000000000002,0.1318311026370712,0.9804587054534695,False,False,0,1
"('INTERNAL', ('B0*i', 'M0*M1*i - M0*M1*sqrt(Abs(r))'))",0.8907324917119349,0.8907324917119349,,1,0.0,9.900000000000002,0.13182555650088987,0.9804569328314554,False,False,0,1
"('INTERNAL', ('B0*i', 'i*sqrt(Abs(M0)) - sqrt(Abs(M0))*sqrt(Abs(r))'))",0.8907324917119349,0.8907324917119349,,1,0.0,9.900000000000002,0.13182555650088987,0.9804569328314554,False,False,0,1
"('INTERNAL', ('B0*M0 + B0*M1 + B0*M2 + B1*M3', 'M0'))",0.8906625704798959,0.8906625704798959,,1,0.0,9.900000000000002,0.13180973931030493,0.9804518766416849,False,False,0,1
"('INTERNAL', ('B0*sqrt(Abs(M0 + M1))', 'M0 + r'))",0.8906245864022996,0.8906245864022996,,1,0.0,9.900000000000002,0.13180114728320377,0.9804491295837606,False,False,0,1
"('INTERNAL', ('B0*M0*M1*M2', 'B1*M0*M1'))",0.8905837611014776,0.8905837611014776,,1,0.0,9.900000000000002,0.13179191297647685,0.9804461767869904,False,False,0,1
"('INTERNAL', ('B0 + M0', 'M0 - M1 + i'))",0.8905612505163797,0.8905612505163797,,1,0.0,9.900000000000002,0.13178682147006937,0.9804445485357082,False,False,0,1
"('INTERNAL', ('M0*i + M1*i', 'B0 + i'))",0.8905576965690718,0.8905576965690718,,1,0.0,9.900000000000002,0.13178601764015965,0.9804442914616972,False,False,0,1
"('INTERNAL', ('M0*i', 'B0 + M0*M1*M2'))",0.8905558601222081,0.8905558601222081,,1,0.0,9.900000000000002,0.1317856022748388,0.9804441586219165,False,False,0,1
"('INTERNAL', ('B0*M2*M3*sqrt(Abs(M0 - M1))', 'B1*i**2'))",0.8905491269525493,0.8905491269525493,,1,0.0,9.900000000000002,0.13178407938200642,0.9804436715720091,False,False,0,1
"('INTERNAL', ('B0*M1 + B1*M0*M1', 'r'))",0.8904881018381732,0.8904881018381732,,1,0.0,9.900000000000002,0.13177027738524877,0.9804392569338095,False,False,0,1
"('INTERNAL', ('-M0*M2 - M1*M2 + M2*sqrt(Abs(s))', '-M0 + r'))",0.8904638412155881,0.8904638412155881,,1,0.0,9.900000000000002,0.13176479064329844,0.9804375017221467,False,False,0,1
"('INTERNAL', ('B0*M1 + B1*sqrt(Abs(M0 + s))', 'M0'))",0.8904636737905522,0.8904636737905522,,1,0.0,9.900000000000002,0.13176475277924904,0.9804374896089239,False,False,0,1
"('INTERNAL', ('B0*M2 + B1*sqrt(Abs(M0 + M1))', 'sqrt(Abs(M0))'))",0.8904625743086604,0.8904625743086604,,1,0.0,9.900000000000002,0.13176450412583288,0.9804374100611557,False,False,0,1
"('INTERNAL', ('B0*M1 + B0*sqrt(Abs(M0)) + B1*M2 + B1*M3', 'M0*M2 - M1*M2'))",0.8904607975493357,0.8904607975493357,,1,0.0,9.900000000000002,0.13176410230333077,0.9804372815117997,False,False,0,1
"('INTERNAL', ('B0*M0 + B1*M1', '-M0 + i'))",0.890459331100335,0.890459331100335,,1,0.0,9.900000000000002,0.13176377065957395,0.9804371754131573,False,False,0,1
"('INTERNAL', ('B0*i', 'M0*M2 - M1*M2 - M2*i + M2*r'))",0.8904589820336383,0.8904589820336383,,1,0.0,9.900000000000002,0.13176369171671742,0.9804371501578795,False,False,0,1
"('INTERNAL', ('-M0*M1 - M1*s + M1*sqrt(Abs(s))', 'M0 - M1'))",0.8904587563027249,0.8904587563027249,,1,0.0,9.900000000000002,0.13176364066676755,0.9804371338260418,False,False,0,1
"('INTERNAL', ('B0*M2 + M0*M2 + M1*M2', 'r'))",0.8904524829364677,0.8904524829364677,,1,0.0,9.900000000000002,0.1317622219250293,0.9804366799390006,False,False,0,1
"('INTERNAL', ('B0*M1 + B1*M0*s', 'M0'))",0.8904524829364677,0.8904524829364677,,1,0.0,9.900000000000002,0.1317622219250293,0.9804366799390006,False,False,0,1
"('INTERNAL', ('B0*M0 + B2*sqrt(Abs(B1 + i))', 'B3*M0'))",0.8904507536143965,0.8904507536143965,,1,0.0,9.900000000000002,0.13176183083509227,0.9804365548189605,False,False,0,1
"('TERMINAL', ('B0*sqrt(Abs(s)) + B1*s', 'r'))",0.89045024810239,0.89045024810239,,1,0.0,9.900000000000002,0.13176171651259855,0.9804365182440274,True,False,0,1
"('INTERNAL', ('B0 + B1*M0', 'i + r'))",0.890335585465257,0.890335585465257,,1,0.0,9.900000000000002,0.1317357870119816,0.9804282210851932,False,False,0,1
"('INTERNAL', ('B0*M0*M1 + B0*M2 + B1*M3', 'M0*M1 + M2 - M3 + i'))",0.8903272196154728,0.8903272196154728,,1,0.0,9.900000000000002,0.1317338953114291,0.980427615637362,False,False,0,1
"('INTERNAL', ('B0*sqrt(Abs(M0*M1 + M2))', 'B1 + i*r'))",0.890237514665074,0.890237514665074,,1,0.0,9.900000000000002,0.13171361218461258,0.98042112286386,False,False,0,1
"('INTERNAL', ('B0*M1 + B2*sqrt(Abs(B1 + M0))', 'B3*M0'))",0.8902312795743182,0.8902312795743182,,1,0.0,9.900000000000002,0.13171220244806392,0.9804206715249564,False,False,0,1
"('INTERNAL', ('B0 + B2*sqrt(Abs(B1 + i))', 'M0*M1'))",0.8902312795743182,0.8902312795743182,,1,0.0,9.900000000000002,0.13171220244806392,0.9804206715249564,False,False,0,1
"('INTERNAL', ('B0 - M1*M2*sqrt(Abs(M0))', 'r'))",0.890215350002901,0.890215350002901,,1,0.0,9.900000000000002,0.13170860086127245,0.980419518404325,False,False,0,1
"('INTERNAL', ('B0*i*s', 'B1 - M0*M1 + M2'))",0.890069261763561,0.890069261763561,,1,0.0,9.900000000000002,0.1316755741237512,0.9804089413720728,False,False,0,1
"('INTERNAL', ('B0*M0', 'M0 - M1 - M2 + M3'))",0.8899470899614768,0.8899470899614768,,1,0.0,9.900000000000002,0.13164795841426297,0.9804000933020846,False,False,0,1
"('INTERNAL', ('M0*M2 - M1*M2', '-M0 + i'))",0.8898893656328181,0.8898893656328181,,1,0.0,9.900000000000002,0.13163491172269193,0.9803959118902065,False,False,0,1
"('INTERNAL', ('M0 - M1', 'Abs(M0)**(1/4)'))",0.8897303191254937,0.8897303191254937,,1,0.0,9.900000000000002,0.13159896883557082,0.9803843881782388,False,False,0,1
"('INTERNAL', ('B0*sqrt(Abs(M0))', 'sqrt(Abs(M0 - M1 - M2 + r))'))",0.8897015801837589,0.8897015801837589,,1,0.0,9.900000000000002,0.1315924748105882,0.9803823054659419,False,False,0,1
"('INTERNAL', ('M0*M2 - M1*M2', 'B0 + i'))",0.8896155452781336,0.8896155452781336,,1,0.0,9.900000000000002,0.13157303509193405,0.9803760697208914,False,False,0,1
"('INTERNAL', ('M2*sqrt(Abs(M0 - M1))', 'i'))",0.8895196895044687,0.8895196895044687,,1,0.0,9.900000000000002,0.13155137853766302,0.9803691207684795,False,False,0,1
"('INTERNAL', ('B0*M0 + B1*M1', 'B2*M0*M1'))",0.8893605628080573,0.8893605628080573,,1,0.0,9.900000000000002,0.13151543240643143,0.9803575818102309,False,False,0,1
"('INTERNAL', ('B0*M0*M1 + B1*M1*i**2', 'r'))",0.8892593600299705,0.8892593600299705,,1,0.0,9.900000000000002,0.1314925744042693,0.9803502410502299,False,False,0,1
"('INTERNAL', ('-M1*M2 + M2*sqrt(Abs(M0))', 'M0 + M1'))",0.8891456682426393,0.8891456682426393,,1,0.0,9.900000000000002,0.1314668986803172,0.9803419924381763,False,False,0,1
"('INTERNAL', ('M0*i - M1', 'r'))",0.8890516754636989,0.8890516754636989,,1,0.0,9.900000000000002,0.1314456741731907,0.9803351714705589,False,False,0,1
"('INTERNAL', ('B0*s + B1*M1*sqrt(Abs(M0))', 'B2 + r'))",0.8889702804575803,0.8889702804575803,,1,0.0,9.900000000000002,0.13142729617291068,0.9803292635662607,False,False,0,1
"('INTERNAL', ('B0 + B1*M0 + B1*M1 + B1*M2', 'M0'))",0.888823662481393,0.888823662481393,,1,0.0,9.900000000000002,0.13139419584530845,0.9803186188926409,False,False,0,1
"('INTERNAL', ('B0*sqrt(Abs(M0 + M1))', 'M1*sqrt(Abs(M0)) - M2 + M3'))",0.8887428176704787,0.8887428176704787,,1,0.0,9.900000000000002,0.13137594672512226,0.9803127479690043,False,False,0,1
"('INTERNAL', ('B0*M0 + B1*M1', 'M0 + M1 + M2 - M3 + i'))",0.8886603819452771,0.8886603819452771,,1,0.0,9.900000000000002,0.13135734018793105,0.9803067604337207,False,False,0,1
"('INTERNAL', ('B0*sqrt(Abs(M0 - M1))', 'sqrt(Abs(M0))'))",0.8886268683028842,0.8886268683028842,,1,0.0,9.900000000000002,0.13134977632693562,0.9803043259331586,False,False,0,1
"('INTERNAL', ('B0*Abs(M0)**(1/4) + B1*i', 'r'))",0.8885020774617264,0.8885020774617264,,1,0.0,9.900000000000002,0.13132161415538485,0.9802952592822141,False,False,0,1
"('INTERNAL', ('B0*M0*M2 + B0*M3 + B1*M1*M2 + B1*M4', 'M0 + M1 + M2 - M3 + i'))",0.8884910628961069,0.8884910628961069,,1,0.0,9.900000000000002,0.13131912863236336,0.9802944589013554,False,False,0,1
"('INTERNAL', ('B0*sqrt(Abs(M0 + M1 + M2))', 'M0 - M1 + M2'))",0.8884533578043038,0.8884533578043038,,1,0.0,9.900000000000002,0.13131062041502786,0.9802917188879527,False,False,0,1
"('INTERNAL', ('B0 + B1*sqrt(Abs(i))', 'sqrt(Abs(B2 - M0*M2 + M1*M2))'))",0.8884521882426706,0.8884521882426706,,1,0.0,9.900000000000002,0.1313103565072222,0.9802916338927448,False,False,0,1
"('INTERNAL', ('B0*M0*M1', 'M0 + M1 - M2 - M3'))",0.888399478238338,0.888399478238338,,1,0.0,9.900000000000002,0.1312984630236417,0.9802878030862271,False,False,0,1
"('INTERNAL', ('B0*sqrt(Abs(M0 + s))', 'M0 - M1 + M2'))",0.8883934712408903,0.8883934712408903,,1,0.0,9.900000000000002,0.1312971076494883,0.9802873664871941,False,False,0,1
"('INTERNAL', ('B0*M0', 'M0*M1 + i'))",0.88837120291953,0.88837120291953,,1,0.0,9.900000000000002,0.13129208327086903,0.9802857479362977,False,False,0,1
"('TERMINAL', ('B0*sqrt(Abs(i)) + B1*s', 'r'))",0.888352419058776,0.888352419058776,,1,0.0,9.900000000000002,0.13128784518492423,0.9802843825880887,True,False,0,1
"('INTERNAL', ('B0*s + B1*sqrt(Abs(M0 + M1))', 'r'))",0.888352419058776,0.888352419058776,,1,0.0,9.900000000000002,0.13128784518492423,0.9802843825880887,False,False,0,1
"('INTERNAL', ('B0*M0', 'sqrt(Abs(M0*M1 + M2))'))",0.8882879147208761,0.8882879147208761,,1,0.0,9.900000000000002,0.13127329214988673,0.9802796935104758,False,False,0,1
"('INTERNAL', ('B0*M0 + B0*M1', 'B1 - M0 + i'))",0.8881823549660958,0.8881823549660958,,1,0.0,9.900000000000002,0.1312494787346478,0.9802720185101144,False,False,0,1
"('INTERNAL', ('B0*sqrt(Abs(-M0 + M1 + i))', 'B1*M0*i - M1 + M2'))",0.8879408900727661,0.8879408900727661,,1,0.0,9.900000000000002,0.13119501681432436,0.9802544554428038,False,False,0,1
"('INTERNAL', ('M0*M2*M3 - M1*M2*M3 + M2*M3*i', 'i'))",0.8878832580184576,0.8878832580184576,,1,0.0,9.900000000000002,0.13118202019670663,0.9802502621634895,False,False,0,1
"('INTERNAL', ('B0*M3*M4 + M0*M3*M4 - M1*M3*M4 - M2*M3*M4', 'i'))",0.8878832580184576,0.8878832580184576,,1,0.0,9.900000000000002,0.13118202019670663,0.9802502621634895,False,False,0,1
"('INTERNAL', ('B0*M0 + B1*i*s', 'i'))",0.8878832580184576,0.8878832580184576,,1,0.0,9.900000000000002,0.13118202019670663,0.9802502621634895,False,False,0,1
"('INTERNAL', ('B0*M0*M1 + B0*M2 + B0*s', 'i'))",0.8878832580184576,0.8878832580184576,,1,0.0,9.900000000000002,0.13118202019670663,0.9802502621634895,False,False,0,1
"('INTERNAL', ('B0*M0 + B0*M1 + B1*M2', 'M0 - M1 + i'))",0.8878636290364145,0.8878636290364145,,1,0.0,9.900000000000002,0.13117759385195804,0.9802488338468821,False,False,0,1
"('INTERNAL', ('B0*M0 + B1*M1', 'i + r'))",0.8878106926322799,0.8878106926322799,,1,0.0,9.900000000000002,0.13116565715262954,0.980244981584051,False,False,0,1
"('INTERNAL', ('B0*sqrt(Abs(M0*M1 + M2))', 'i*r + sqrt(Abs(M0))'))",0.8877812038515416,0.8877812038515416,,1,0.0,9.900000000000002,0.13115900799550892,0.9802428354454025,False,False,0,1
"('INTERNAL', ('B0*M0 + B0*M2 + B1*M1', 'i'))",0.8877087922086816,0.8877087922086816,,1,0.0,9.900000000000002,0.13114268148368668,0.9802375648682851,False,False,0,1
"('INTERNAL', ('B0 + B1*M0 + B1*i', 'i'))",0.8877087922086816,0.8877087922086816,,1,0.0,9.900000000000002,0.13114268148368668,0.9802375648682851,False,False,0,1
"('INTERNAL', ('B0*M0 + B0*M1 + B0*M3 + B0*M4 + B1*M2', 'i'))",0.8877087922086816,0.8877087922086816,,1,0.0,9.900000000000002,0.13114268148368668,0.9802375648682851,False,False,0,1
"('INTERNAL', ('B0*M0 + B0*sqrt(Abs(i)) + B1*M1', 'M0'))",0.8876430995068748,0.8876430995068748,,1,0.0,9.900000000000002,0.1311278710234156,0.9802327826098373,False,False,0,1
"('INTERNAL', ('B0*M0 + B1*M1 + B1*M2', 'M0 - M1 + i'))",0.8875012040851733,0.8875012040851733,,1,0.0,9.900000000000002,0.13109588433003588,0.9802224506260366,False,False,0,1
"('INTERNAL', ('M0*s + M1*s', '-i + r'))",0.8874929101754669,0.8874929101754669,,1,0.0,9.900000000000002,0.1310940148374243,0.9802218466126678,False,False,0,1
"('INTERNAL', ('B0 + B1*M0 + B1*M1 + B2*i', '-M0*r + M0*sqrt(Abs(i))'))",0.8874837758712588,0.8874837758712588,,1,0.0,9.900000000000002,0.1310919559353828,0.9802211813838357,False,False,0,1
"('INTERNAL', ('B0 + B1*M0 + B2*M1 + B2*M2', '-M0*M1 + M1*sqrt(Abs(i))'))",0.8874837751380388,0.8874837751380388,,1,0.0,9.900000000000002,0.13109195577011348,0.9802211813304366,False,False,0,1
"('INTERNAL', ('B0 + B1*s', 'sqrt(Abs(M0 - M1))'))",0.8874837751368444,0.8874837751368444,,1,0.0,9.900000000000002,0.13109195576984425,0.9802211813303496,False,False,0,1
"('INTERNAL', ('B0*M2 + B1*M0*M1', 'B2*Abs(M0)**(1/4)*Abs(M1)**(1/4)'))",0.8874837750692331,0.8874837750692331,,1,0.0,9.900000000000002,0.13109195575460453,0.9802211813254256,False,False,0,1
"('INTERNAL', ('B0 + B1*s', 'M0*M2 - M1*M2'))",0.8874837750232608,0.8874837750232608,,1,0.0,9.900000000000002,0.13109195574424223,0.9802211813220775,False,False,0,1
"('INTERNAL', ('B0*M0 + B0*M1 + B1*M2', 'M0 + M1 - M2'))",0.8874837715269388,0.8874837715269388,,1,0.0,9.900000000000002,0.1310919549561639,0.9802211810674465,False,False,0,1
"('INTERNAL', ('B0*M0 + B0*M1', 'sqrt(Abs(M0 + M1))'))",0.8874837711468462,0.8874837711468462,,1,0.0,9.900000000000002,0.13109195487049022,0.980221181039765,False,False,0,1
"('INTERNAL', ('B0 + B1*i', 'sqrt(Abs(M0 + M1 + M2))'))",0.8874835824058405,0.8874835824058405,,1,0.0,9.900000000000002,0.13109191232787248,0.9802211672940819,False,False,0,1
"('INTERNAL', ('B0 + B1*s', 'sqrt(Abs(M0 + M1))'))",0.8874835807213658,0.8874835807213658,,1,0.0,9.900000000000002,0.13109191194818842,0.9802211671714045,False,False,0,1
"('INTERNAL', ('B0*M0', 'B1*sqrt(Abs(M0))*sqrt(Abs(i))'))",0.8873193396410313,0.8873193396410313,,1,0.0,9.900000000000002,0.13105489507250087,0.9802092036073827,False,False,0,1
"('INTERNAL', ('B0*sqrt(Abs(M0))', 'B1*i'))",0.8873193396410313,0.8873193396410313,,1,0.0,9.900000000000002,0.13105489507250087,0.9802092036073827,False,False,0,1
"('INTERNAL', ('M0*sqrt(Abs(i))', 'i'))",0.8872868355188784,0.8872868355188784,,1,0.0,9.900000000000002,0.13104757005654938,0.9802068354454014,False,False,0,1
"('TERMINAL', ('B0*sqrt(Abs(i))', 'i'))",0.8872868355188784,0.8872868355188784,,1,0.0,9.900000000000002,0.13104757005654938,0.9802068354454014,True,False,0,1
"('INTERNAL', ('B0*i + B0*sqrt(Abs(M0)) + B1*M1', 'i'))",0.8872868355188784,0.8872868355188784,,1,0.0,9.900000000000002,0.13104757005654938,0.9802068354454014,False,False,0,1
"('INTERNAL', ('B0*M0 + B1*M1', '-M0 + r'))",0.8872470855683555,0.8872470855683555,,1,0.0,9.900000000000002,0.13103861250824378,0.9802039391414374,False,False,0,1
"('INTERNAL', ('B0*M2 + B0*sqrt(Abs(M0)) + B1*M1', 'B2 - M0'))",0.8872444006954671,0.8872444006954671,,1,0.0,9.900000000000002,0.1310380074934713,0.9802037435041714,False,False,0,1
"('INTERNAL', ('B0*M0 + B0*M1 + B0*M3 + B1*M2', 'B2 - r'))",0.8872444006954671,0.8872444006954671,,1,0.0,9.900000000000002,0.1310380074934713,0.9802037435041714,False,False,0,1
"('INTERNAL', ('B0*M0 + B0*M1 + B0*i + B1*s', 'B2 - r'))",0.8872444006954671,0.8872444006954671,,1,0.0,9.900000000000002,0.1310380074934713,0.9802037435041714,False,False,0,1
"('TERMINAL', ('B0 + B1*i + B2*s', 'B3 - r'))",0.8872444006954671,0.8872444006954671,,1,0.0,9.900000000000002,0.1310380074934713,0.9802037435041714,True,False,0,1
"('INTERNAL', ('B0*i - M0*i', 'B1*sqrt(Abs(M0))'))",0.8872267636591944,0.8872267636591944,,1,0.0,9.900000000000002,0.13103403317269938,0.9802024583264457,False,False,0,1
"('INTERNAL', ('M0*i - M1*i', 'sqrt(Abs(B0*M0 + B0*i))'))",0.8872267636591944,0.8872267636591944,,1,0.0,9.900000000000002,0.13103403317269938,0.9802024583264457,False,False,0,1
"('INTERNAL', ('B0*i', 'M0 - M1 + M2 - M3'))",0.8872267636591944,0.8872267636591944,,1,0.0,9.900000000000002,0.13103403317269938,0.9802024583264457,False,False,0,1
"('INTERNAL', ('B0*i', 'B1*sqrt(Abs(M0)) + M1'))",0.8872267636591944,0.8872267636591944,,1,0.0,9.900000000000002,0.13103403317269938,0.9802024583264457,False,False,0,1
"('INTERNAL', ('B0*M0', 'B1*sqrt(Abs(i))'))",0.8872267636591944,0.8872267636591944,,1,0.0,9.900000000000002,0.13103403317269938,0.9802024583264457,False,False,0,1
"('INTERNAL', ('B0*M0', 'M0*sqrt(Abs(i))'))",0.8872267636591944,0.8872267636591944,,1,0.0,9.900000000000002,0.13103403317269938,0.9802024583264457,False,False,0,1
"('INTERNAL', ('B0*M0 + B0*M1 + B1*s', 'B2 + r'))",0.8872267636591912,0.8872267636591912,,1,0.0,9.900000000000002,0.13103403317269863,0.9802024583264455,False,False,0,1
"('INTERNAL', ('B0*sqrt(Abs(M0))', 'sqrt(Abs(B1 + M0))'))",0.8872267636569781,0.8872267636569781,,1,0.0,9.900000000000002,0.1310340331722,0.9802024583262842,False,False,0,1
"('INTERNAL', ('B0*i', 'sqrt(Abs(M0 - M1 + r))'))",0.8872267636565486,0.8872267636565486,,1,0.0,9.900000000000002,0.13103403317210324,0.9802024583262529,False,False,0,1
"('INTERNAL', ('B0*i', 'sqrt(Abs(M0 - M1 - M2 + r))'))",0.8872267636517982,0.8872267636517982,,1,0.0,9.900000000000002,0.13103403317103277,0.9802024583259067,False,False,0,1
"('INTERNAL', ('B0*M0', 'sqrt(Abs(-M0 + M1 + M2 + M3 - r))'))",0.8872267636517982,0.8872267636517982,,1,0.0,9.900000000000002,0.13103403317103277,0.9802024583259067,False,False,0,1
"('INTERNAL', ('B0*M0*M1 + B0*M2', 'B1 - M0'))",0.8871744614829485,0.8871744614829485,,1,0.0,9.900000000000002,0.13102224788838557,0.980198646871302,False,False,0,1
"('INTERNAL', ('B1*sqrt(Abs(B0 + M0))', 'r'))",0.8871376028310752,0.8871376028310752,,1,0.0,9.900000000000002,0.13101394291828777,0.9801959605796202,False,False,0,1
"('INTERNAL', ('B0 + B1*i', 'sqrt(Abs(M0 + M1 + sqrt(Abs(r))))'))",0.8870974184208271,0.8870974184208271,,1,0.0,9.900000000000002,0.13100488898075457,0.9801930316550606,False,False,0,1
"('INTERNAL', ('B0*M0*M1 + B0*M2', 'M0 - M1'))",0.8870324152814584,0.8870324152814584,,1,0.0,9.900000000000002,0.1309902440051722,0.9801882932165613,False,False,0,1
"('INTERNAL', ('B0*sqrt(Abs(M0 + M1))', 'B1*M0 - M1 + M2'))",0.8870192532018577,0.8870192532018577,,1,0.0,9.900000000000002,0.13098727876531965,0.9801873336771291,False,False,0,1
"('INTERNAL', ('B0*M1 + B2*sqrt(Abs(B1 + M0))', 'M0*M2 + M1*M2'))",0.8870015154016068,0.8870015154016068,,1,0.0,9.900000000000002,0.1309832827461549,0.9801860405153596,False,False,0,1
"('INTERNAL', ('B0*M2*sqrt(Abs(M0 + M1))', 'i'))",0.8868955708487157,0.8868955708487157,,1,0.0,9.900000000000002,0.13095941692601476,0.9801783156503721,False,False,0,1
"('INTERNAL', ('M0*M1', '-M0*M1 + r'))",0.8868638259934503,0.8868638259934503,,1,0.0,9.900000000000002,0.13095226640637056,0.980176000647799,False,False,0,1
"('INTERNAL', ('B0*s', 'B1 + M1 - M2 + sqrt(Abs(M0))'))",0.8868028390548395,0.8868028390548395,,1,0.0,9.900000000000002,0.13093852982891896,0.9801715527037776,False,False,0,1
"('INTERNAL', ('B0*s', 'M1*sqrt(Abs(M0 + i - r))'))",0.8868028390540094,0.8868028390540094,,1,0.0,9.900000000000002,0.130938529828732,0.980171552703717,False,False,0,1
"('INTERNAL', ('B0*M0', 'sqrt(Abs(M0 - 2*r))'))",0.886802839053076,0.886802839053076,,1,0.0,9.900000000000002,0.13093852982852178,0.980171552703649,False,False,0,1
"('TERMINAL', ('B0*s', 'B2*sqrt(Abs(B1 + 2*i))'))",0.886802839053048,0.886802839053048,,1,0.0,9.900000000000002,0.13093852982851548,0.980171552703647,True,False,0,1
"('INTERNAL', ('B0*s', 'B1*M0*M1*sqrt(Abs(i))'))",0.8868028390517677,0.8868028390517677,,1,0.0,9.900000000000002,0.13093852982822715,0.9801715527035536,False,False,0,1
"('INTERNAL', ('B0*s', 'B1*M0*M1*r'))",0.8868028390517677,0.8868028390517677,,1,0.0,9.900000000000002,0.13093852982822715,0.9801715527035536,False,False,0,1
"('INTERNAL', ('B0*M0', 'B1*M0*M2 + B1*M1*M2'))",0.8868028390505752,0.8868028390505752,,1,0.0,9.900000000000002,0.13093852982795848,0.9801715527034666,False,False,0,1
"('INTERNAL', ('B0*s', 'B1 + i - sqrt(Abs(M0 - i))'))",0.8868028390461545,0.8868028390461545,,1,0.0,9.900000000000002,0.1309385298269629,0.9801715527031442,False,False,0,1
"('INTERNAL', ('B0*s', 'M0*sqrt(Abs(B1 + i + r))'))",0.8868028390278645,0.8868028390278645,,1,0.0,9.900000000000002,0.13093852982284337,0.9801715527018101,False,False,0,1
"('INTERNAL', ('B0*s', 'B1 + i - sqrt(Abs(B2 - M0))'))",0.886802839021106,0.886802839021106,,1,0.0,9.900000000000002,0.1309385298213212,0.9801715527013172,False,False,0,1
"('INTERNAL', ('B0*s', 'r + sqrt(Abs(M0))'))",0.8868028390123466,0.8868028390123466,,1,0.0,9.900000000000002,0.1309385298193483,0.9801715527006782,False,False,0,1
"('INTERNAL', ('B0*s', 'sqrt(Abs(M0))*sqrt(Abs(M1))*Abs(r)**(1/4)'))",0.8868028389787574,0.8868028389787574,,1,0.0,9.900000000000002,0.13093852981178303,0.9801715526982284,False,False,0,1
"('INTERNAL', ('B0*M0 + B1*M1', 'B2*Abs(M0)**(1/4)'))",0.8868028389787574,0.8868028389787574,,1,0.0,9.900000000000002,0.13093852981178303,0.9801715526982284,False,False,0,1
"('INTERNAL', ('B0*M0*M1 + B1*M1*s', 'M0'))",0.8868028388960324,0.8868028388960324,,1,0.0,9.900000000000002,0.13093852979315085,0.9801715526921946,False,False,0,1
"('INTERNAL', ('B0*s', 'M1 + M2 - M3 + sqrt(Abs(M0))'))",0.8868028388826313,0.8868028388826313,,1,0.0,9.900000000000002,0.13093852979013246,0.9801715526912171,False,False,0,1
"('INTERNAL', ('B0*s', 'M0 - M1 + M2 - M3'))",0.8868028388696914,0.8868028388696914,,1,0.0,9.900000000000002,0.130938529787218,0.9801715526902733,False,False,0,1
"('TERMINAL', ('B0*s', 'i*sqrt(Abs(B1 + 2*i))'))",0.8868028388692766,0.8868028388692766,,1,0.0,9.900000000000002,0.13093852978712459,0.9801715526902431,True,False,0,1
"('INTERNAL', ('B0*M0', 'sqrt(Abs(M0*M1 - M2 + r))'))",0.8868028388137277,0.8868028388137277,,1,0.0,9.900000000000002,0.1309385297746133,0.9801715526861915,False,False,0,1
"('INTERNAL', ('B0*s', 'sqrt(Abs(M0))*sqrt(Abs(i))'))",0.8868028388034918,0.8868028388034918,,1,0.0,9.900000000000002,0.13093852977230788,0.9801715526854449,False,False,0,1
"('INTERNAL', ('B0*M0', 'sqrt(Abs(M0 - M1))'))",0.8868028388034918,0.8868028388034918,,1,0.0,9.900000000000002,0.13093852977230788,0.9801715526854449,False,False,0,1
"('INTERNAL', ('B0*s', 'M1 + M2 + i - sqrt(Abs(M0))'))",0.8868028386876224,0.8868028386876224,,1,0.0,9.900000000000002,0.13093852974621054,0.9801715526769936,False,False,0,1
"('TERMINAL', ('B0*s', 'B1 + i - sqrt(Abs(i - r))'))",0.8868028386876224,0.8868028386876224,,1,0.0,9.900000000000002,0.13093852974621054,0.9801715526769936,True,False,0,1
"('INTERNAL', ('B0*s', 'B1 + M1 + M2 - sqrt(Abs(M0))'))",0.8868028386876224,0.8868028386876224,,1,0.0,9.900000000000002,0.13093852974621054,0.9801715526769936,False,False,0,1
"('INTERNAL', ('B0*s', 'M1*Abs(M0)**(1/4)'))",0.8868028386740042,0.8868028386740042,,1,0.0,9.900000000000002,0.13093852974314335,0.9801715526760004,False,False,0,1
"('INTERNAL', ('B0*s', 'M1*sqrt(Abs(B1 - M0))'))",0.8868028386686249,0.8868028386686249,,1,0.0,9.900000000000002,0.13093852974193174,0.9801715526756081,False,False,0,1
"('INTERNAL', ('B0*M0', '-M1 - M2 + sqrt(Abs(M0))'))",0.8868028386143637,0.8868028386143637,,1,0.0,9.900000000000002,0.13093852972971048,0.9801715526716503,False,False,0,1
"('INTERNAL', ('B0*s', 'M0 + M1 - M2 - M3'))",0.8868028379430867,0.8868028379430867,,1,0.0,9.900000000000002,0.13093852957851862,0.980171552622689,False,False,0,1
"('INTERNAL', ('B0*s', 'sqrt(Abs(M0*r - M1*r))'))",0.8868028378226838,0.8868028378226838,,1,0.0,9.900000000000002,0.13093852955140017,0.9801715526139071,False,False,0,1
"('INTERNAL', ('B0*s', 'sqrt(Abs(M0 + M1 - M2))'))",0.8868028377229555,0.8868028377229555,,1,0.0,9.900000000000002,0.13093852952893834,0.9801715526066331,False,False,0,1
"('INTERNAL', ('B0*s', 'B1 + M1 - i + sqrt(Abs(M0))'))",0.8868028370530966,0.8868028370530966,,1,0.0,9.900000000000002,0.13093852937806574,0.9801715525577752,False,False,0,1
"('INTERNAL', ('B0*s', 'sqrt(Abs(-B1 + M0 + M1 + i - r))'))",0.8868028366659855,0.8868028366659855,,1,0.0,9.900000000000002,0.1309385292908766,0.9801715525295402,False,False,0,1
"('INTERNAL', ('B0*s', 'sqrt(Abs(B1 - M0 - i + r))'))",0.8868028366659855,0.8868028366659855,,1,0.0,9.900000000000002,0.1309385292908766,0.9801715525295402,False,False,0,1
"('INTERNAL', ('B0*M0 + B0*s', 'M1*sqrt(Abs(M0))'))",0.8868028292854888,0.8868028292854888,,1,0.0,9.900000000000002,0.1309385276285649,0.9801715519912243,False,False,0,1
"('INTERNAL', ('B0*s', '-M1 - M2 + sqrt(Abs(M0))'))",0.8868027982459271,0.8868027982459271,,1,0.0,9.900000000000002,0.13093852063751432,0.9801715497272722,False,False,0,1
"('INTERNAL', ('B0*s', 'Abs(M0)**(1/4)*sqrt(Abs(r))'))",0.886802797685861,0.886802797685861,,1,0.0,9.900000000000002,0.13093852051137042,0.9801715496864223,False,False,0,1
"('INTERNAL', ('B0*s', 'M2*sqrt(Abs(M0*M1 - i))'))",0.8868027907989453,0.8868027907989453,,1,0.0,9.900000000000002,0.13093851896022823,0.9801715491841069,False,False,0,1
"('INTERNAL', ('B0*s', '-sqrt(Abs(M0)) + sqrt(Abs(i))'))",0.8868027903754412,0.8868027903754412,,1,0.0,9.900000000000002,0.13093851886484226,0.9801715491532175,False,False,0,1
"('INTERNAL', ('B0*s', 'sqrt(Abs(M1 - sqrt(Abs(M0))))'))",0.8868027870095894,0.8868027870095894,,1,0.0,9.900000000000002,0.13093851810675036,0.9801715489077202,False,False,0,1
"('INTERNAL', ('B0*s*sqrt(Abs(M0 + M1))', 'M0'))",0.8868027870094576,0.8868027870094576,,1,0.0,9.900000000000002,0.13093851810672066,0.9801715489077106,False,False,0,1
"('INTERNAL', ('B0*M0 + B0*M1', 'B1 + M0 - M1'))",0.8867555895904565,0.8867555895904565,,1,0.0,9.900000000000002,0.13092788809787737,0.9801681062605155,False,False,0,1
"('INTERNAL', ('B0 + B1*sqrt(Abs(i))', 'sqrt(Abs(M0 + M1 - M2 - M3))'))",0.8866112237055591,0.8866112237055591,,1,0.0,9.900000000000002,0.1308953768697479,0.9801575737852067,False,False,0,1
"('INTERNAL', ('B0 + B1*sqrt(Abs(i))', 'sqrt(Abs(B2 + B3*M0 + B3*M1))'))",0.8865391919635369,0.8865391919635369,,1,0.0,9.900000000000002,0.13087915727128027,0.9801523173265644,False,False,0,1
"('INTERNAL', ('-M0*s - M1 - M2 + M3 + i', 'i'))",0.8864185261878125,0.8864185261878125,,1,0.0,9.900000000000002,0.1308519895361318,0.9801435099704261,False,False,0,1
"('INTERNAL', ('M1*M2 + M2*sqrt(Abs(M0))', 'M0'))",0.8864111910029931,0.8864111910029931,,1,0.0,9.900000000000002,0.1308503381476095,0.98014297450222,False,False,0,1
"('INTERNAL', ('B0 + B1*M0*M1', 'i'))",0.8864111910029931,0.8864111910029931,,1,0.0,9.900000000000002,0.1308503381476095,0.98014297450222,False,False,0,1
"('INTERNAL', ('B0 + B1*M2 + B2*M0*M1', 'i'))",0.8864111910029931,0.8864111910029931,,1,0.0,9.900000000000002,0.1308503381476095,0.98014297450222,False,False,0,1
"('INTERNAL', ('B0*M0*M1*s', 'M0 - M1 - M2'))",0.8863837446748025,0.8863837446748025,,1,0.0,9.900000000000002,0.1308441592073605,0.9801409708446398,False,False,0,1
"('INTERNAL', ('B0*M0 + B1*M1 + B2*s**2', 'r'))",0.8863584361540748,0.8863584361540748,,1,0.0,9.900000000000002,0.13083846171597596,0.9801391231456322,False,False,0,1
"('TERMINAL', ('B0 + B1*s**2', 'r'))",0.8863584361540748,0.8863584361540748,,1,0.0,9.900000000000002,0.13083846171597596,0.9801391231456322,True,False,0,1
"('INTERNAL', ('B0*M0 + B1*s**2', 'i'))",0.8863584349407304,0.8863584349407304,,1,0.0,9.900000000000002,0.13083846144282993,0.9801391230570472,False,False,0,1
"('INTERNAL', ('B0*i + B1*s', 'M0*M2 - M1*M2 + M3 - M4 + i'))",0.8863535810213209,0.8863535810213209,,1,0.0,9.900000000000002,0.1308373687398134,0.9801387686752215,False,False,0,1
"('INTERNAL', ('B0*M0*s', 'M0 - M1'))",0.886347033884673,0.886347033884673,,1,0.0,9.900000000000002,0.13083589487308955,0.980138290666596,False,False,0,1
"('INTERNAL', ('B0*M0', 'M2*sqrt(Abs(M0 + M1))'))",0.8863338999793569,0.8863338999793569,,1,0.0,9.900000000000002,0.13083293825041126,0.9801373317350309,False,False,0,1
"('INTERNAL', ('B0*M2*sqrt(Abs(M0)) + B1*M1*M2', 'M0'))",0.8863294558570405,0.8863294558570405,,1,0.0,9.900000000000002,0.1308319378272172,0.9801370072548787,False,False,0,1
"('INTERNAL', ('B0*sqrt(Abs(M0*M1 + M2))', 'M0*M1 + i*r'))",0.8863013645686353,0.8863013645686353,,1,0.0,9.900000000000002,0.1308256142693735,0.9801349561430478,False,False,0,1
"('TERMINAL', ('B2*sqrt(Abs(B0*s + B1))', 'i*r + i - r'))",0.8862945394653029,0.8862945394653029,,1,0.0,9.900000000000002,0.13082407791791303,0.980134457782566,True,False,0,1
"('INTERNAL', ('B1*sqrt(Abs(B0*M0 + M1))', 'M0 + i*r'))",0.8862861787141668,0.8862861787141668,,1,0.0,9.900000000000002,0.13082219590347635,0.9801338472808079,False,False,0,1
"('INTERNAL', ('M3*sqrt(Abs(M0*M1 + M2))', 'sqrt(Abs(M0))'))",0.8862856042848172,0.8862856042848172,,1,0.0,9.900000000000002,0.13082206659943388,0.9801338053355844,False,False,0,1
"('INTERNAL', ('B1*sqrt(Abs(B0 + M0))', 'M0*M1*M2 - M3 + M4'))",0.8862811068768979,0.8862811068768979,,1,0.0,9.900000000000002,0.1308210542358181,0.9801334769299528,False,False,0,1
"('INTERNAL', ('B0*sqrt(Abs(M0*M1 + M2))', 'M0*M1 - M2 + M3'))",0.8862782825509191,0.8862782825509191,,1,0.0,9.900000000000002,0.13082041848447196,0.980133270692928,False,False,0,1
"('INTERNAL', ('M3*sqrt(Abs(M0 + M1 + M2))', 'sqrt(Abs(i))'))",0.8862744457616833,0.8862744457616833,,1,0.0,9.900000000000002,0.13081955483245652,0.980132990522083,False,False,0,1
"('INTERNAL', ('B0*M0', '-M1 + M2 + sqrt(Abs(M0))'))",0.886274025122816,0.886274025122816,,1,0.0,9.900000000000002,0.13081946014788645,0.9801329598059577,False,False,0,1
"('INTERNAL', ('B0*sqrt(Abs(M0 + M1 + M2))', 'r'))",0.8862733908576069,0.8862733908576069,,1,0.0,9.900000000000002,0.1308193173767402,0.9801329134902371,False,False,0,1
"('INTERNAL', ('M2*sqrt(Abs(M1 + sqrt(Abs(M0))))', 'sqrt(Abs(M0))'))",0.8862719946898292,0.8862719946898292,,1,0.0,9.900000000000002,0.1308190031040284,0.9801328115381511,False,False,0,1
"('INTERNAL', ('B0*M0', 'B1 - M0 - M1 + i'))",0.8862710062667382,0.8862710062667382,,1,0.0,9.900000000000002,0.13081878061358312,0.980132739360536,False,False,0,1
"('INTERNAL', ('sqrt(Abs(B0*i - M0 + M1))', 'B1*r'))",0.8862685800193234,0.8862685800193234,,1,0.0,9.900000000000002,0.13081823447515284,0.9801325621880161,False,False,0,1
"('INTERNAL', ('sqrt(Abs(B0*s + M0 - i))', 'B1*r'))",0.8862685011521165,0.8862685011521165,,1,0.0,9.900000000000002,0.13081821672248994,0.9801325564288589,False,False,0,1
"('INTERNAL', ('M2*sqrt(Abs(M0 + M1))', 'M0 + M1'))",0.8862662591637535,0.8862662591637535,,1,0.0,9.900000000000002,0.1308177120613868,0.9801323927106682,False,False,0,1
"('INTERNAL', ('B0*sqrt(Abs(M0*M1 + s))', 'r'))",0.8862624497831167,0.8862624497831167,,1,0.0,9.900000000000002,0.13081685459051282,0.9801321145339086,False,False,0,1
"('INTERNAL', ('sqrt(Abs(B0*M0 + B0*M1 - M2 + M3))', 'B1*r'))",0.8862596627476225,0.8862596627476225,,1,0.0,9.900000000000002,0.1308162272462901,0.9801319110115505,False,False,0,1
"('TERMINAL', ('sqrt(Abs(B0 + B1*s + i))', 'B2*r'))",0.8862596627476225,0.8862596627476225,,1,0.0,9.900000000000002,0.1308162272462901,0.9801319110115505,True,False,0,1
"('INTERNAL', ('B0*sqrt(Abs(M0 + M1 + s))', 'r'))",0.8862489252560545,0.8862489252560545,,1,0.0,9.900000000000002,0.13081381032253483,0.9801311268980636,False,False,0,1
"('INTERNAL', ('B0*sqrt(Abs(M0 - M1 + s))', 'r'))",0.8862489252560545,0.8862489252560545,,1,0.0,9.900000000000002,0.13081381032253483,0.9801311268980636,False,False,0,1
"('INTERNAL', ('B0*sqrt(Abs(M0*M1 + M2))', 'M0 - M1 + i*r'))",0.8862478512256289,0.8862478512256289,,1,0.0,9.900000000000002,0.1308135685684467,0.9801310484651558,False,False,0,1
"('INTERNAL', ('B0*M1 + M1*sqrt(Abs(M0))*sqrt(Abs(s))', 'r'))",0.8862478157241684,0.8862478157241684,,1,0.0,9.900000000000002,0.13081356057740876,0.9801310458725978,False,False,0,1
"('INTERNAL', ('B1*sqrt(Abs(B0*M1 - M0*M1 + M2))', 'M0 + i*r'))",0.8862095917150212,0.8862095917150212,,1,0.0,9.900000000000002,0.13080495690421584,0.9801282543780842,False,False,0,1
"('INTERNAL', ('M0*M1', 'M0*M1*r'))",0.8862009245451353,0.8862009245451353,,1,0.0,9.900000000000002,0.1308030061004912,0.9801276213831196,False,False,0,1
"('INTERNAL', ('B0*M1 + M1*sqrt(Abs(B1*M0 + M0*s))', 'r'))",0.8862009235664334,0.8862009235664334,,1,0.0,9.900000000000002,0.13080300588020632,0.9801276213116408,False,False,0,1
"('INTERNAL', ('B0*M1 - M0*M1 + M1*sqrt(Abs(s))', 'B1 + M0*M1*i - M2'))",0.8861892814889334,0.8861892814889334,,1,0.0,9.900000000000002,0.13080038551506246,0.9801267710293456,False,False,0,1
"('INTERNAL', ('B0*M2 + B0*sqrt(Abs(M0))*sqrt(Abs(M1))', 'M0'))",0.8861876431484174,0.8861876431484174,,1,0.0,9.900000000000002,0.1308000167648579,0.9801266513709526,False,False,0,1
"('INTERNAL', ('B0*M0 + B1*M1', 'Abs(M0 - M1)**(1/4)'))",0.8861842480643682,0.8861842480643682,,1,0.0,9.900000000000002,0.13079925261699177,0.9801264034050705,False,False,0,1
"('INTERNAL', ('B0*M0*M1', 'B1*i'))",0.8861627677806203,0.8861627677806203,,1,0.0,9.900000000000002,0.13079441801374275,0.9801248345121693,False,False,0,1
"('INTERNAL', ('B0*M0 + B1*M1', 'M0*M1 + M2 - M3 + i'))",0.8861490668176896,0.8861490668176896,,1,0.0,9.900000000000002,0.13079133437593415,0.980123833772345,False,False,0,1
"('INTERNAL', ('B0*M0 + B1*M1', 'Abs(r)**(1/4)'))",0.8861134072640307,0.8861134072640307,,1,0.0,9.900000000000002,0.13078330880069367,0.9801212290011826,False,False,0,1
"('INTERNAL', ('B0*M0 + B0*M1 + B1*i', 'M0*M2 - M1*M2'))",0.8860938973008448,0.8860938973008448,,1,0.0,9.900000000000002,0.1307789180042675,0.9801198037990068,False,False,0,1
"('INTERNAL', ('B0*M1 - M0*M1 + M1*sqrt(Abs(s))', 'B1 - M0 + i'))",0.8860739267714928,0.8860739267714928,,1,0.0,9.900000000000002,0.13077442365490882,0.9801183448891356,False,False,0,1
"('INTERNAL', ('B0*sqrt(Abs(M0 + M1))', 'i*r + i'))",0.8860241096582205,0.8860241096582205,,1,0.0,9.900000000000002,0.13076321279722702,0.9801147053132483,False,False,0,1
"('INTERNAL', ('B0*M0*M2 + B0*M1*M2', 'sqrt(Abs(M0))'))",0.8859941862142076,0.8859941862142076,,1,0.0,9.900000000000002,0.1307564791173286,0.9801125189521845,False,False,0,1
"('INTERNAL', ('B0*M2 + B1*M0*M1', 'M0 + M1 - M2 + i'))",0.8859871887583654,0.8859871887583654,,1,0.0,9.900000000000002,0.13075490451068758,0.9801120076612319,False,False,0,1
"('INTERNAL', ('B0*sqrt(Abs(M0 + M1))', 'B1 - M0 + M1'))",0.8859680322032052,0.8859680322032052,,1,0.0,9.900000000000002,0.13075059385865578,0.980110607887475,False,False,0,1
"('INTERNAL', ('B0*i', 'M1 - M2 + i + sqrt(Abs(M0))'))",0.8859360230323678,0.8859360230323678,,1,0.0,9.900000000000002,0.13074339128788245,0.9801082688386205,False,False,0,1
"('INTERNAL', ('B0*sqrt(Abs(s))', '-M0 + sqrt(Abs(i))'))",0.885933489355544,0.885933489355544,,1,0.0,9.900000000000002,0.13074282118146613,0.98010808368484,False,False,0,1
"('INTERNAL', ('B0*sqrt(Abs(s))', 'M0*i'))",0.8859161734395107,0.8859161734395107,,1,0.0,9.900000000000002,0.1307389249445735,0.9801068182601166,False,False,0,1
"('INTERNAL', ('B0*sqrt(Abs(s))', 'M1*sqrt(Abs(M0))'))",0.8859035689709985,0.8859035689709985,,1,0.0,9.900000000000002,0.130736088873275,0.9801058971115724,False,False,0,1
"('INTERNAL', ('B0*sqrt(Abs(s))', 'M0 + M1 + M2'))",0.8858861116295856,0.8858861116295856,,1,0.0,9.900000000000002,0.13073216094632623,0.98010462126752,False,False,0,1
"('INTERNAL', ('M3*sqrt(Abs(M0 - M1 + M2))', 'M0'))",0.8858774717048558,0.8858774717048558,,1,0.0,9.900000000000002,0.13073021697923146,0.9801039898132434,False,False,0,1
"('INTERNAL', ('B0*sqrt(Abs(s))', 'sqrt(Abs(M2 + sqrt(Abs(M0 + M1))))'))",0.8858766033978989,0.8858766033978989,,1,0.0,9.900000000000002,0.13073002161281128,0.9801039263518255,False,False,0,1
"('INTERNAL', ('B0*sqrt(Abs(s))', 'M1 + r*sqrt(Abs(M0))'))",0.8858627731634504,0.8858627731634504,,1,0.0,9.900000000000002,0.13072690987780106,0.9801029155336295,False,False,0,1
"('INTERNAL', ('B0*sqrt(Abs(s))', 'sqrt(Abs(B1 + M0*M1 - M2 - M3))'))",0.8858626653097424,0.8858626653097424,,1,0.0,9.900000000000002,0.13072688561143442,0.9801029076507435,False,False,0,1
"('INTERNAL', ('B0*sqrt(Abs(s))', 'sqrt(Abs(M2 + sqrt(Abs(M0 - M1))))'))",0.8858625326421583,0.8858625326421583,,1,0.0,9.900000000000002,0.13072685576211476,0.9801028979542413,False,False,0,1
"('INTERNAL', ('B0*sqrt(Abs(s))', 'B1 - M0*M1 + M2'))",0.8858621887729001,0.8858621887729001,,1,0.0,9.900000000000002,0.13072677839385086,0.9801028728212686,False,False,0,1
"('INTERNAL', ('B0*sqrt(Abs(s))', 'sqrt(Abs(B1 + M0*M1 - M2))'))",0.8858593849138507,0.8858593849138507,,1,0.0,9.900000000000002,0.13072614754558678,0.9801026678900193,False,False,0,1
"('INTERNAL', ('B0*sqrt(Abs(s))', 'B1 + sqrt(Abs(M0 + M1))'))",0.8858578626687872,0.8858578626687872,,1,0.0,9.900000000000002,0.1307258050521473,0.9801025566301232,False,False,0,1
"('INTERNAL', ('B0*sqrt(Abs(M0 + M1 + M2))', 'M0'))",0.8858575278601197,0.8858575278601197,,1,0.0,9.900000000000002,0.13072572972284877,0.9801025321591268,False,False,0,1
"('INTERNAL', ('B0*sqrt(Abs(s))', '-M2 + sqrt(Abs(M0 + M1))'))",0.8858568316778533,0.8858568316778533,,1,0.0,9.900000000000002,0.13072557308744284,0.9801024812754587,False,False,0,1
"('INTERNAL', ('B0 + B1*M0', 'M0*M1 + M2'))",0.8858536059867428,0.8858536059867428,,1,0.0,9.900000000000002,0.1307248473345027,0.98010224551004,False,False,0,1
"('INTERNAL', ('B0*M2 + M2*Abs(M0)**(1/4)*sqrt(Abs(M1))', 'r'))",0.8858535320233515,0.8858535320233515,,1,0.0,9.900000000000002,0.1307248306934024,0.980102240104044,False,False,0,1
"('INTERNAL', ('B0 + B1*sqrt(Abs(M0))', 'r'))",0.8858535320233515,0.8858535320233515,,1,0.0,9.900000000000002,0.1307248306934024,0.980102240104044,False,False,0,1
"('INTERNAL', ('B0 + B1*sqrt(Abs(M0))', 'sqrt(Abs(r))'))",0.8858535290900463,0.8858535290900463,,1,0.0,9.900000000000002,0.1307248300334351,0.9801022398896482,False,False,0,1
"('INTERNAL', ('B0*sqrt(Abs(M0 - M1 + M2))', 'M0*M1 - M2 + M3'))",0.8858460827931677,0.8858460827931677,,1,0.0,9.900000000000002,0.13072315469041287,0.9801016956341266,False,False,0,1
"('INTERNAL', ('B0*sqrt(Abs(s))', 'M0 - M1 - M2'))",0.885839180433538,0.885839180433538,,1,0.0,9.900000000000002,0.13072160174035968,0.9801011911274348,False,False,0,1
"('INTERNAL', ('B0*sqrt(Abs(s))', 'sqrt(Abs(M0 + sqrt(Abs(r))))'))",0.8858333897645415,0.8858333897645415,,1,0.0,9.900000000000002,0.13072029891693476,0.9801007678704349,False,False,0,1
"('INTERNAL', ('B0*sqrt(Abs(M0 + M1))', 'B1*i + M0'))",0.8857318842595749,0.8857318842595749,,1,0.0,9.900000000000002,0.130697462901822,0.980093347659788,False,False,0,1
"('INTERNAL', ('M0*M2*M3 + M1*M2*M3 + M2*M3*s', 'B0*M0'))",0.885706460321401,0.885706460321401,,1,0.0,9.900000000000002,0.13069174360439675,0.9800914888709344,False,False,0,1
"('INTERNAL', ('M0*M2 + M1*M2', 'M0*M2 - M1*M2'))",0.8856995831929555,0.8856995831929555,,1,0.0,9.900000000000002,0.13069019657295977,0.9800909860541209,False,False,0,1
"('INTERNAL', ('B0*M1*sqrt(Abs(M0)) + B0*M2 + B1*M3', 'M0 + M1 + M2 - M3 + i'))",0.8856726302593093,0.8856726302593093,,1,0.0,9.900000000000002,0.13068413354154645,0.9800890153344698,False,False,0,1
"('INTERNAL', ('M0*i + M1*i', 'M0 + M1'))",0.88566523754265,0.88566523754265,,1,0.0,9.900000000000002,0.13068247059042187,0.9800884747802507,False,False,0,1
"('INTERNAL', ('B0*M0*M1 + B0*M2 + B0*s', 'r'))",0.8856237757870996,0.8856237757870996,,1,0.0,9.900000000000002,0.13067314425072485,0.9800854429407493,False,False,0,1
"('INTERNAL', ('B0*M1*sqrt(Abs(M0)) + B0*M2 + B1*M3', 'M0 + M1 - M2 + i'))",0.8856028367974936,0.8856028367974936,,1,0.0,9.900000000000002,0.13066843443311385,0.9800839116980665,False,False,0,1
"('INTERNAL', ('B0*i', 'M1 + sqrt(Abs(M0))'))",0.8855031181321776,0.8855031181321776,,1,0.0,9.900000000000002,0.13064600617825406,0.98007661842709,False,False,0,1
"('INTERNAL', ('B0*M0 + B1*M1 + B1*M2', 'i'))",0.8854486819383145,0.8854486819383145,,1,0.0,9.900000000000002,0.13063376370149948,0.9800726363724841,False,False,0,1
"('INTERNAL', ('B0*i + B2*sqrt(Abs(B1 + i))', 'B3*M2 - M0*M2 - M1*M2'))",0.8854299679031592,0.8854299679031592,,1,0.0,9.900000000000002,0.13062955516413588,0.9800712673146146,False,False,0,1
"('INTERNAL', ('B0*i + B2*sqrt(Abs(B1 + i))', 'B3*M0 + B3*M1'))",0.8854299679031592,0.8854299679031592,,1,0.0,9.900000000000002,0.13062955516413588,0.9800712673146146,False,False,0,1
"('INTERNAL', ('B0*i + B2*sqrt(Abs(B1 + i))', 'B3*M0 + B4*i'))",0.8854299679031592,0.8854299679031592,,1,0.0,9.900000000000002,0.13062955516413588,0.9800712673146146,False,False,0,1
"('INTERNAL', ('B0*i + B2*sqrt(Abs(B1 + i))', 'B3 + B4*M0'))",0.8854299679031592,0.8854299679031592,,1,0.0,9.900000000000002,0.13062955516413588,0.9800712673146146,False,False,0,1
"('INTERNAL', ('B0*i + B2*sqrt(Abs(B1 + i))', 'B3*M0 + B3*M1 + B4*M2'))",0.8854299679031592,0.8854299679031592,,1,0.0,9.900000000000002,0.13062955516413588,0.9800712673146146,False,False,0,1
"('INTERNAL', ('B0*sqrt(Abs(M0*i + M1))', 'M0 + i*r'))",0.8852784134409073,0.8852784134409073,,1,0.0,9.900000000000002,0.13059547583273032,0.9800601780094745,False,False,0,1
"('INTERNAL', ('B0*M0', 'sqrt(Abs(M0))*sqrt(Abs(M1))*sqrt(Abs(M2))'))",0.885261737270022,0.885261737270022,,1,0.0,9.900000000000002,0.13059172629471927,0.9800589575813724,False,False,0,1
"('INTERNAL', ('B0*i + B2*sqrt(Abs(B1 + i))', 'B3*M0 + B3*M1 + B4*r'))",0.8851728681212617,0.8851728681212617,,1,0.0,9.900000000000002,0.13057174577524158,0.9800524530317795,False,False,0,1
"('INTERNAL', ('B0*M0*M1 + B0*M2 + B1*M3', 'M0 - M1 + M2 - M3 + i'))",0.8851699853272841,0.8851699853272841,,1,0.0,9.900000000000002,0.13057109766774247,0.9800522420117992,False,False,0,1
"('INTERNAL', ('B0 + B1*i', 'sqrt(Abs(M0 - M1 + sqrt(Abs(r))))'))",0.8851484131599058,0.8851484131599058,,1,0.0,9.900000000000002,0.13056624789627397,0.9800506628907703,False,False,0,1
"('INTERNAL', ('B0 + B1*i', 'M1 + sqrt(Abs(M0))'))",0.8850570050424247,0.8850570050424247,,1,0.0,9.900000000000002,0.1305456991759926,0.9800439708237216,False,False,0,1
"('INTERNAL', ('M0*i', 'B0 - M0*i + M0*r'))",0.8849674244636906,0.8849674244636906,,1,0.0,9.900000000000002,0.1305255633309134,0.9800374112489105,False,False,0,1
"('INTERNAL', ('B0 + B1*sqrt(Abs(i))', 'sqrt(Abs(M1 + M2 + M3 - sqrt(Abs(M0))))'))",0.8848953420906601,0.8848953420906601,,1,0.0,9.900000000000002,0.13050936218421716,0.9800321320505375,False,False,0,1
"('INTERNAL', ('M0*M1*M2', 'B0*M0'))",0.8848496415099395,0.8848496415099395,,1,0.0,9.900000000000002,0.1304990912546558,0.9800287845798985,False,False,0,1
"('INTERNAL', ('B0 + B1*sqrt(Abs(i))', 'sqrt(Abs(M0*M1 - M2))'))",0.8847195476057621,0.8847195476057621,,1,0.0,9.900000000000002,0.13046985631355199,0.9800192536384055,False,False,0,1
"('INTERNAL', ('B1*sqrt(Abs(B0 - M0 + M1))', 'M0*M1*M2 - M3 + M4'))",0.8845001687489719,0.8845001687489719,,1,0.0,9.900000000000002,0.13042056674169514,0.9800031753365651,False,False,0,1
"('INTERNAL', ('B0*M0 + B1*M1', 'M0*M1 + M1*r'))",0.8844526171607976,0.8844526171607976,,1,0.0,9.900000000000002,0.13040988454975536,0.9799996892544314,False,False,0,1
"('INTERNAL', ('B0*M0*s + B0*M1*s', 'M0 - M1 - M2'))",0.8844417446598791,0.8844417446598791,,1,0.0,9.900000000000002,0.1304074421846129,0.9799988921231093,False,False,0,1
"('INTERNAL', ('B0*M1 + B0*s + B0*sqrt(Abs(M0))', 'M0'))",0.8844225879888179,0.8844225879888179,,1,0.0,9.900000000000002,0.13040313896136027,0.9799974875809858,False,False,0,1
"('INTERNAL', ('B0*i', '-M1*M3 - M2*M3 + M3*sqrt(Abs(M0))'))",0.88440632293535,0.88440632293535,,1,0.0,9.900000000000002,0.13039948536374196,0.9799962950021565,False,False,0,1
"('INTERNAL', ('B0*M0 + B0*M1', 'sqrt(Abs(i))'))",0.8841993466790926,0.8841993466790926,,1,0.0,9.900000000000002,0.1303529983714743,0.9799811154673997,False,False,0,1
"('INTERNAL', ('B0*M0 + B1*M1 + B1*M2', 'M0*M1*M3 - M2*M3'))",0.8841456574921699,0.8841456574921699,,1,0.0,9.900000000000002,0.1303409415080172,0.979977176803767,False,False,0,1
"('INTERNAL', ('B0*M0 + B1*s', 'M0 + M1'))",0.8840438123260068,0.8840438123260068,,1,0.0,9.900000000000002,0.13031807235375695,0.9799697041210549,False,False,0,1
"('INTERNAL', ('B0*M1 - M0*M1 + M1*sqrt(Abs(s))', 'M0 - M1 + r'))",0.8837642215066311,0.8837642215066311,,1,0.0,9.900000000000002,0.13025530413462916,0.979949181132429,False,False,0,1
"('INTERNAL', ('B0*M1 - M0*M1 + M1*sqrt(Abs(s))', 'B1 - M0 + i**2'))",0.883764221506493,0.883764221506493,,1,0.0,9.900000000000002,0.13025530413459818,0.9799491811324189,False,False,0,1
"('TERMINAL', ('B0*s - s**2 + Abs(s)**(3/2)', 'B1 + i*r - i'))",0.883764221504535,0.883764221504535,,1,0.0,9.900000000000002,0.13025530413415864,0.9799491811322751,True,False,0,1
"('INTERNAL', ('B0*M1 - M0*M1 + M1*sqrt(Abs(s))', 'B1 + B2*M0 - M1'))",0.8837642214788691,0.8837642214788691,,1,0.0,9.900000000000002,0.13025530412839764,0.9799491811303906,False,False,0,1
"('INTERNAL', ('M0*M1*i - M2*i', 'sqrt(Abs(B0*M0 + B0*M1 + B0*M2 + B0*i))'))",0.8837389231640752,0.8837389231640752,,1,0.0,9.900000000000002,0.13024962561931508,0.9799473235210627,False,False,0,1
"('INTERNAL', ('B0 + B1*sqrt(Abs(i))', 'sqrt(Abs(-M0 - M1 + M2 + M3 + M4))'))",0.8837108558281258,0.8837108558281258,,1,0.0,9.900000000000002,0.130243325758658,0.9799452624670347,False,False,0,1
"('INTERNAL', ('B0*M0*M1 + B1*M1*i', 'M0*M1'))",0.8835313213664546,0.8835313213664546,,1,0.0,9.900000000000002,0.13020303299341154,0.979932075807931,False,False,0,1
"('INTERNAL', ('B0*M0 + B0*M1 + B1*M2', 'M0 - M1 + 2*i'))",0.8835274277255912,0.8835274277255912,,1,0.0,9.900000000000002,0.13020215923671255,0.9799317897657361,False,False,0,1
"('INTERNAL', ('B0*M0 + B0*M1 + B1*M2', 'B2 + r'))",0.8834989334353064,0.8834989334353064,,1,0.0,9.900000000000002,0.13019576506061414,0.9799296963886782,False,False,0,1
"('INTERNAL', ('B0*sqrt(Abs(M0)) + B1*M1 + B1*M2', 'M0*M1'))",0.8834204132888942,0.8834204132888942,,1,0.0,9.900000000000002,0.13017814603788033,0.9799239271086984,False,False,0,1
"('INTERNAL', ('M0*M1*M2 - M3', 'M0'))",0.8834110877782829,0.8834110877782829,,1,0.0,9.900000000000002,0.1301760536029307,0.9799232418494375,False,False,0,1
"('INTERNAL', ('-M0*M2 - M1*M2 + M2*sqrt(Abs(s))', '-M0 + i'))",0.8833037709063417,0.8833037709063417,,1,0.0,9.900000000000002,0.13015197568252398,0.979915354959731,False,False,0,1
"('INTERNAL', ('M0*s + i*s', 'M0'))",0.8832472342356225,0.8832472342356225,,1,0.0,9.900000000000002,0.13013929211755326,0.9799111992433188,False,False,0,1
"('INTERNAL', ('M0*i + M1*i', 'M0'))",0.8831333642396837,0.8831333642396837,,1,0.0,9.900000000000002,0.1301137487027306,0.9799028276910329,False,False,0,1
"('INTERNAL', ('B0*M0 + B0*s', 'M0*M2 - M1*M2'))",0.8830571718852366,0.8830571718852366,,1,0.0,9.900000000000002,0.1300966589882771,0.9798972249773401,False,False,0,1
"('INTERNAL', ('B0*M0', '-M0*M1 + M1*r'))",0.8828466372439314,0.8828466372439314,,1,0.0,9.900000000000002,0.13004944428977336,0.9798817387057389,False,False,0,1
"('INTERNAL', ('i**2', 'M0'))",0.8826146185283054,0.8826146185283054,,1,0.0,9.900000000000002,0.12999742445073734,0.9798646638677823,False,False,0,1
"('INTERNAL', ('B0 + B1*sqrt(Abs(i))', 'sqrt(Abs(B2 + B3*M1 + B4*M0))'))",0.8822518937129057,0.8822518937129057,,1,0.0,9.900000000000002,0.12991612669589986,0.9798379526741798,False,False,0,1
"('INTERNAL', ('B0*M2 + B1*sqrt(Abs(M0 - M1))', 'M0'))",0.8820088003619215,0.8820088003619215,,1,0.0,9.900000000000002,0.12986166051081305,0.9798200393298014,False,False,0,1
"('INTERNAL', ('B0*M1*Abs(M0)**(1/8)', 'i'))",0.8820059618088069,0.8820059618088069,,1,0.0,9.900000000000002,0.1298610246075404,0.9798198301029997,False,False,0,1
"('INTERNAL', ('M2*sqrt(Abs(M1 + sqrt(Abs(M0 - i))))', 'sqrt(Abs(i))'))",0.8819736650368306,0.8819736650368306,,1,0.0,9.900000000000002,0.12985378950646104,0.9798174494501036,False,False,0,1
"('INTERNAL', ('B0*M0 + B0*s', 'B1*M0'))",0.8819023690676165,0.8819023690676165,,1,0.0,9.900000000000002,0.12983781875850206,0.9798121935017788,False,False,0,1
"('INTERNAL', ('B0*M0 + B1*M1', 'B2 + M0 - M1 + i'))",0.881900483662031,0.881900483662031,,1,0.0,9.900000000000002,0.12983739643304504,0.9798120544983173,False,False,0,1
"('INTERNAL', ('B0*s + B0*sqrt(Abs(M0)) + B1*M1', 'i'))",0.8819002601085745,0.8819002601085745,,1,0.0,9.900000000000002,0.12983734635776956,0.9798120380165714,False,False,0,1
"('INTERNAL', ('B0*M1*M3 + B0*M3*sqrt(Abs(M0)) + B1*M2*M3', 'B2*sqrt(Abs(M0))'))",0.8819002257250131,0.8819002257250131,,1,0.0,9.900000000000002,0.12983733865596037,0.9798120354816015,False,False,0,1
"('INTERNAL', ('B0*i + B2*sqrt(Abs(B1 + i))', '-M1*M2 + M2*sqrt(Abs(M0))'))",0.8818966076826698,0.8818966076826698,,1,0.0,9.900000000000002,0.1298365282275599,0.979811768735963,False,False,0,1
"('INTERNAL', ('B0*M3 + B1*M0*M2 + B1*M1*M2', 'Abs(M2)**(1/4)*Abs(M3)**(1/4)*Abs(M0 + M1)**(1/8)'))",0.8818942544637187,0.8818942544637187,,1,0.0,9.900000000000002,0.1298360011167887,0.9798115952402087,False,False,0,1
"('INTERNAL', ('B0*M0 + B1*i', 'M0 + i'))",0.881867296569522,0.881867296569522,,1,0.0,9.900000000000002,0.12982996276534964,0.9798096076521301,False,False,0,1
"('INTERNAL', ('B0*M0 + B2*sqrt(Abs(B1 + i))', 'M0*i'))",0.8815422046272339,0.8815422046272339,,1,0.0,9.900000000000002,0.12975715914727648,0.9797856296164384,False,False,0,1
"('INTERNAL', ('B0*M0 + B0*M1', 'M0 + M1 + M2'))",0.8814799437065768,0.8814799437065768,,1,0.0,9.900000000000002,0.12974321897841298,0.9797810354513469,False,False,0,1
"('INTERNAL', ('M1*sqrt(Abs(M0))', 'sqrt(Abs(M0))'))",0.8814476843458884,0.8814476843458884,,1,0.0,9.900000000000002,0.12973599651664908,0.9797786548228737,False,False,0,1
"('INTERNAL', ('M0*M1*sqrt(Abs(B0 + s))', 'r'))",0.8814397462691652,0.8814397462691652,,1,0.0,9.900000000000002,0.12973421932196644,0.9797780689947537,False,False,0,1
"('INTERNAL', ('B0*M0*M1 + B0*s', 'sqrt(Abs(M0))'))",0.8814309581544242,0.8814309581544242,,1,0.0,9.900000000000002,0.12973225183727768,0.9797774204221955,False,False,0,1
"('INTERNAL', ('B0*i + B1*i**2', 'sqrt(Abs(B2 + B3*M0 + B4*r))'))",0.8813829806020601,0.8813829806020601,,1,0.0,9.900000000000002,0.12972151095598108,0.9797738794065461,False,False,0,1
"('INTERNAL', ('B0*M0 + B1*s', 'sqrt(Abs(M0))'))",0.8813657062730582,0.8813657062730582,,1,0.0,9.900000000000002,0.1297176438405426,0.9797726043722315,False,False,0,1
"('INTERNAL', ('B0*sqrt(Abs(M0 + M1 + M2))', 'M0*i + M1'))",0.8813496220948004,0.8813496220948004,,1,0.0,9.900000000000002,0.12971404322535054,0.9797714171408308,False,False,0,1
"('INTERNAL', ('B0*sqrt(Abs(M0*s + M1))', 'M0 + i*r'))",0.8810638871984453,0.8810638871984453,,1,0.0,9.900000000000002,0.12965008923196394,0.9797503190667288,False,False,0,1
"('INTERNAL', ('B0*sqrt(Abs(M0*M1 + M2))', 'i*r + i'))",0.8810638871984453,0.8810638871984453,,1,0.0,9.900000000000002,0.12965008923196394,0.9797503190667288,False,False,0,1
"('INTERNAL', ('B0*i', 'M1*M2 + M2*r + M2*sqrt(Abs(M0))'))",0.881045644533356,0.881045644533356,,1,0.0,9.900000000000002,0.12964600680248162,0.9797489716192944,False,False,0,1
"('INTERNAL', ('B0*i', 'M0*M4 - M1*M4 + M2*M4 + M3*M4 + M4*r'))",0.881045644533356,0.881045644533356,,1,0.0,9.900000000000002,0.12964600680248162,0.9797489716192944,False,False,0,1
"('INTERNAL', ('B0*M0*M1 + B0*sqrt(Abs(i))', 'M0'))",0.880938211507966,0.880938211507966,,1,0.0,9.900000000000002,0.12962196662732323,0.9797410352679686,False,False,0,1
"('INTERNAL', ('M1*sqrt(Abs(M0 + s))', 'M0'))",0.8809373974506609,0.8809373974506609,,1,0.0,9.900000000000002,0.1296217844776252,0.9797409751243814,False,False,0,1
"('INTERNAL', ('B0*M1*sqrt(Abs(M0))', 'M0 + M1'))",0.8809341502282719,0.8809341502282719,,1,0.0,9.900000000000002,0.12962105789581374,0.9797407352144061,False,False,0,1
"('INTERNAL', ('M0*i', 'B0 - M1*M2 + M2*sqrt(Abs(M0))'))",0.8808974245365608,0.8808974245365608,,1,0.0,9.900000000000002,0.1296128405276451,0.9797380217433731,False,False,0,1
"('INTERNAL', ('B0 + B1*i', 'B2 + sqrt(Abs(M0))*sqrt(Abs(M1))'))",0.8808463989201903,0.8808463989201903,,1,0.0,9.900000000000002,0.12960142411482298,0.9797342513642365,False,False,0,1
"('INTERNAL', ('B0 + B1*sqrt(Abs(i))', 'sqrt(Abs(M1 - sqrt(Abs(M0))))'))",0.8808331471630603,0.8808331471630603,,1,0.0,9.900000000000002,0.12959845928869304,0.9797332720982475,False,False,0,1
"('INTERNAL', ('M1*M2*M3*sqrt(Abs(M0))', 'B0*M0*i'))",0.8806039711806355,0.8806039711806355,,1,0.0,9.900000000000002,0.12954719252959468,0.9797163321883051,False,False,0,1
"('INTERNAL', ('B0*i + B1*s', 'M0*M1*M2 + M3 - M4 + i'))",0.8805675006240372,0.8805675006240372,,1,0.0,9.900000000000002,0.1295390352659429,0.9797136356279549,False,False,0,1
"('INTERNAL', ('B0*M1 + B1*M0*i + B1*i', 'i'))",0.8804134101144241,0.8804134101144241,,1,0.0,9.900000000000002,0.12950457396881104,0.9797022401160055,False,False,0,1
"('INTERNAL', ('B0 + B1*M0*M1 + B1*M2', 'i'))",0.8804134101144241,0.8804134101144241,,1,0.0,9.900000000000002,0.12950457396881104,0.9797022401160055,False,False,0,1
"('INTERNAL', ('B0 + B1*sqrt(Abs(i))', 'sqrt(Abs(B2 - M1*sqrt(Abs(M0))))'))",0.8803867358093389,0.8803867358093389,,1,0.0,9.900000000000002,0.12949860904574623,0.9797002670727385,False,False,0,1
"('INTERNAL', ('M0*M2*i - M1*M2*i - M3*i', 'sqrt(Abs(B0*M0 + B0*M1 + B0*i + B0*r))'))",0.8803403258066822,0.8803403258066822,,1,0.0,9.900000000000002,0.12948823123998765,0.9796968339473032,False,False,0,1
"('INTERNAL', ('B0*i + B1*i**2', 'sqrt(Abs(B2*M0 + B2*r + B3))'))",0.8803403258066822,0.8803403258066822,,1,0.0,9.900000000000002,0.12948823123998765,0.9796968339473032,False,False,0,1
"('TERMINAL', ('B0*i + B1*i**2', 'sqrt(Abs(B2*i + B2*r + B3))'))",0.8803403258066822,0.8803403258066822,,1,0.0,9.900000000000002,0.12948823123998765,0.9796968339473032,True,False,0,1
"('INTERNAL', ('M0*i - M1*i', 'sqrt(Abs(B0*M0 + B0*M1 + B0*r))'))",0.8803323033878698,0.8803323033878698,,1,0.0,9.900000000000002,0.12948643739039334,0.979696240463099,False,False,0,1
"('INTERNAL', ('B0*M1 - M0*M1 + M1*sqrt(Abs(s))', 'B1 + M0*r - M1'))",0.8801093676743477,0.8801093676743477,,1,0.0,9.900000000000002,0.12943659439551863,0.9796797439273965,False,False,0,1
"('INTERNAL', ('B0*M0 + B1*i', 'B2 + r'))",0.8800851614931571,0.8800851614931571,,1,0.0,9.900000000000002,0.12943118323262687,0.9796779522645531,False,False,0,1
"('INTERNAL', ('-M0*M1*M2 + M1*M2*s', 'i'))",0.880006727659271,0.880006727659271,,1,0.0,9.900000000000002,0.12941365077535436,0.9796721461981895,False,False,0,1
"('INTERNAL', ('B0*M1 - M0*M1 + M1*sqrt(Abs(s))', 'B1 + B2*i - M0'))",0.8799844386638781,0.8799844386638781,,1,0.0,9.900000000000002,0.12940866875700208,0.9796704960738164,False,False,0,1
"('INTERNAL', ('B0*M0', 'Abs(M0)**(1/4)*sqrt(Abs(M1))'))",0.8799346648587542,0.8799346648587542,,1,0.0,9.900000000000002,0.12939754380537882,0.9796668108734565,False,False,0,1
"('INTERNAL', ('B0*M0 + B1*i + B2*s', '-M0 + i'))",0.8799214490545698,0.8799214490545698,,1,0.0,9.900000000000002,0.12939459004302523,0.9796658323220582,False,False,0,1
"('INTERNAL', ('B0*i + B1*s', 'M0*i + M1 - M2 + i'))",0.8797099145881384,0.8797099145881384,,1,0.0,9.900000000000002,0.12934731756273998,0.9796501656248937,False,False,0,1
"('INTERNAL', ('B0*sqrt(Abs(-M0 + M1 + s))', 'B1*M0*M2*M3 - M1*M2*M3 - M4 + M5'))",0.8797074780248183,0.8797074780248183,,1,0.0,9.900000000000002,0.12934677311917703,0.9796499851257452,False,False,0,1
"('INTERNAL', ('B0*M0 + B0*M1', 'i**2'))",0.879513772059874,0.879513772059874,,1,0.0,9.900000000000002,0.12930349479699393,0.9796356324407205,False,False,0,1
"('INTERNAL', ('B0*M2*sqrt(Abs(M0)) + B1*M1*M2', 'M0*M1'))",0.8794689681669536,0.8794689681669536,,1,0.0,9.900000000000002,0.12929348592552692,0.9796323118250182,False,False,0,1
"('INTERNAL', ('B0*Abs(M0)**(1/4) + B1*s', 'r'))",0.8794409625018652,0.8794409625018652,,1,0.0,9.900000000000002,0.1292872299141682,0.9796302360362428,False,False,0,1
"('INTERNAL', ('B0 + B1*sqrt(Abs(i))', 'sqrt(Abs(-M0*M1 + M2 + M3))'))",0.879203408430226,0.879203408430226,,1,0.0,9.900000000000002,0.12923417208561966,0.9796126233659749,False,False,0,1
"('TERMINAL', ('B0*i', 'i**2'))",0.8789327186887268,0.8789327186887268,,1,0.0,9.900000000000002,0.1291737306090897,0.979592542864533,True,False,0,1
"('INTERNAL', ('B0*M0*M1', 'i**2'))",0.8789327186887268,0.8789327186887268,,1,0.0,9.900000000000002,0.1291737306090897,0.979592542864533,False,False,0,1
"('INTERNAL', ('B0*i', 'M0 + M1 + M2 - M3 + i'))",0.8788505718270021,0.8788505718270021,,1,0.0,9.900000000000002,0.1291553919175245,0.979586446649075,False,False,0,1
"('INTERNAL', ('B0*M0*i', 'M0 + M1 + M2'))",0.8788505718270021,0.8788505718270021,,1,0.0,9.900000000000002,0.1291553919175245,0.979586446649075,False,False,0,1
"('INTERNAL', ('B0*M0 + B0*s + B1*M1', 'M0 + M1 - M2'))",0.8788505718270021,0.8788505718270021,,1,0.0,9.900000000000002,0.1291553919175245,0.979586446649075,False,False,0,1
"('INTERNAL', ('M0*i - M1*i - M2*i', 'B0*sqrt(Abs(M0))'))",0.878674174746812,0.878674174746812,,1,0.0,9.900000000000002,0.1291160182546015,0.9795733523350025,False,False,0,1
"('INTERNAL', ('B0*M0 + B0*M1 + B1*M2', 'M0*M1 + M2 - M3 + i'))",0.8786640866277585,0.8786640866277585,,1,0.0,9.900000000000002,0.1291137667168985,0.9795726033216462,False,False,0,1
"('INTERNAL', ('B0*s*sqrt(Abs(M0))', 'M0*M1'))",0.8786371054142684,0.8786371054142684,,1,0.0,9.900000000000002,0.12910774498413202,0.9795705999647146,False,False,0,1
"('INTERNAL', ('B0 + B1*M0 + B1*M1 + B2*i', 'B3*M1 + M0*M1 + M1*sqrt(Abs(i))'))",0.8786089381972999,0.8786089381972999,,1,0.0,9.900000000000002,0.12910145875057416,0.9795685084216309,False,False,0,1
"('INTERNAL', ('B0*M0 + B1*M1 + B2*s', 'B3 + M0 - M1 + 2*i'))",0.8786089381247274,0.8786089381247274,,1,0.0,9.900000000000002,0.12910145873437803,0.9795685084162419,False,False,0,1
"('INTERNAL', ('B0*M0 + B1*M1', 'Abs(M0*M2 + M1*M2)**(1/4)'))",0.8786089380944528,0.8786089380944528,,1,0.0,9.900000000000002,0.12910145872762155,0.9795685084139938,False,False,0,1
"('INTERNAL', ('B0*M0*M3 + B0*M1*M3 + B1*M2*M3', 'M0*M2 - M1*M2'))",0.8786089379368702,0.8786089379368702,,1,0.0,9.900000000000002,0.12910145869245354,0.9795685084022923,False,False,0,1
"('INTERNAL', ('B0*M2 + B1*M3 + B2*M0*M2 + B2*M1*M2', 'B3*Abs(M0)**(1/4)*Abs(M1)**(1/4)'))",0.878608937891169,0.878608937891169,,1,0.0,9.900000000000002,0.1291014586822543,0.9795685083988985,False,False,0,1
"('INTERNAL', ('B0*M0 + B0*M1 + B1*M2', 'sqrt(Abs(r))'))",0.8786089377160587,0.8786089377160587,,1,0.0,9.900000000000002,0.1291014586431746,0.9795685083858955,False,False,0,1
"('INTERNAL', ('B0*M0 + B1*M1 + B1*M2', 'sqrt(Abs(r))'))",0.8786089377160587,0.8786089377160587,,1,0.0,9.900000000000002,0.1291014586431746,0.9795685083858955,False,False,0,1
"('INTERNAL', ('B0 + B1*M0 + B1*s + B2*i', '-M0*M2 + M1*M2 + M2*sqrt(Abs(i))'))",0.8786089374239868,0.8786089374239868,,1,0.0,9.900000000000002,0.1291014585779923,0.9795685083642072,False,False,0,1
"('INTERNAL', ('B0*M1 + B1*M0*M1 + B2*M1*s', 'B3*M0 + B4*r'))",0.8786089372830861,0.8786089372830861,,1,0.0,9.900000000000002,0.12910145854654723,0.9795685083537443,False,False,0,1
"('INTERNAL', ('B0 + B1*s', 'B2*M0'))",0.8786089371566399,0.8786089371566399,,1,0.0,9.900000000000002,0.12910145851832797,0.9795685083443548,False,False,0,1
"('INTERNAL', ('B0*M2 + B1*M0*M1 + B1*M1*i', 'Abs(M0)**(1/8)*Abs(M1)**(1/4)*Abs(M2)**(1/4)'))",0.8786089363474303,0.8786089363474303,,1,0.0,9.900000000000002,0.12910145833773504,0.9795685082842654,False,False,0,1
"('INTERNAL', ('B0*M0*s + B0*M1 + B1*M2', 'M0 + M1 + M2 - M3 + i'))",0.8786089360275829,0.8786089360275829,,1,0.0,9.900000000000002,0.12910145826635402,0.9795685082605147,False,False,0,1
"('INTERNAL', ('B0 + B1*s', 'M1*sqrt(Abs(M0))'))",0.8786089360222157,0.8786089360222157,,1,0.0,9.900000000000002,0.1291014582651563,0.9795685082601161,False,False,0,1
"('INTERNAL', ('B0*M0*M2 + B1*M1*M2', 'M0*i'))",0.8786089301747078,0.8786089301747078,,1,0.0,9.900000000000002,0.1291014569601562,0.9795685078258989,False,False,0,1
"('INTERNAL', ('B0*M4 + B1*M0*M3 + B1*M1*M3 + B1*M2*M3', 'B2*Abs(M0)**(1/4)*Abs(r)**(1/4)'))",0.8786089277698017,0.8786089277698017,,1,0.0,9.900000000000002,0.12910145642344847,0.9795685076473183,False,False,0,1
"('INTERNAL', ('B0*M1 + B1*M0*M1 + B2*M1*s', 'B3*sqrt(Abs(M0)) + B4*M1'))",0.8786089155416575,0.8786089155416575,,1,0.0,9.900000000000002,0.1291014536944691,0.9795685067392955,False,False,0,1
"('INTERNAL', ('B0 + B1*M0 + B1*s + B2*i', 'M0*M1 - M1*i + M1*sqrt(Abs(i))'))",0.8786089071225972,0.8786089071225972,,1,0.0,9.900000000000002,0.12910145181557062,0.9795685061141232,False,False,0,1
"('INTERNAL', ('B0 + B1*i + B2*s', 'M0*M1 - M1*i + M1*sqrt(Abs(i))'))",0.8786089071225972,0.8786089071225972,,1,0.0,9.900000000000002,0.12910145181557062,0.9795685061141232,False,False,0,1
"('INTERNAL', ('B0*M0 + B0*M1 + B1*M2 + B1*M3', '-M0*M1 + M1*r'))",0.8786088865915945,0.8786088865915945,,1,0.0,9.900000000000002,0.12910144723362577,0.9795685045895567,False,False,0,1
"('INTERNAL', ('B0*M0 + B0*M1 + B1*M2 + B1*M3', 'M0*M3 - M1*M3 - M2*M3'))",0.8786088857339004,0.8786088857339004,,1,0.0,9.900000000000002,0.12910144704221238,0.9795685045258671,False,False,0,1
"('INTERNAL', ('B0 + B1*M0 + B2*i', '-M0*M2 + M1*M2 + M2*sqrt(Abs(i))'))",0.8786088857339004,0.8786088857339004,,1,0.0,9.900000000000002,0.12910144704221238,0.9795685045258671,False,False,0,1
"('INTERNAL', ('B0*M3 + B1*M0*M2 + B1*M1*M2 + B1*M2*i', 'Abs(M0)**(1/16)*Abs(M1)**(1/4)*Abs(M2)**(1/4)'))",0.8786088612215506,0.8786088612215506,,1,0.0,9.900000000000002,0.12910144157174258,0.9795685027056584,False,False,0,1
"('INTERNAL', ('B0*M4 + B1*M0*M3 + B1*M1*M3 + B1*M2*M3', 'Abs(M0)**(1/4)*Abs(M1)**(1/4)*Abs(r)**(1/8)'))",0.8786088492700316,0.8786088492700316,,1,0.0,9.900000000000002,0.12910143890449832,0.9795685018181768,False,False,0,1
"('INTERNAL', ('B0*M0 + B1*i + B2*s', 'M0 - M1 - M2'))",0.8786088381804825,0.8786088381804825,,1,0.0,9.900000000000002,0.1291014364296217,0.9795685009947024,False,False,0,1
"('INTERNAL', ('B0 + B1*M0 + B1*M1 + B2*s', '-M1*M2 + M2*sqrt(Abs(M0))'))",0.8786088149105159,0.8786088149105159,,1,0.0,9.900000000000002,0.12910143123641724,0.9795684992667489,False,False,0,1
"('INTERNAL', ('B0*M0 + B0*M1 + B1*s', 'M0*M1'))",0.8786088116542674,0.8786088116542674,,1,0.0,9.900000000000002,0.12910143050971382,0.9795684990249504,False,False,0,1
"('INTERNAL', ('B0*M0 + B0*M1 + B1*M2 + B1*M3', 'M0*M3 + M1*M3 - M2*M3'))",0.8786087957009914,0.8786087957009914,,1,0.0,9.900000000000002,0.12910142694938978,0.979568497840311,False,False,0,1
"('INTERNAL', ('B0*M0*M1 + B0*M2 + B1*M3', 'M0 - M1 + i + r'))",0.8786087711910214,0.8786087711910214,,1,0.0,9.900000000000002,0.12910142147945158,0.9795684960202786,False,False,0,1
"('INTERNAL', ('B0 + B1*M0 + B2*M1', 'M0 + i'))",0.8786087688591718,0.8786087688591718,,1,0.0,9.900000000000002,0.1291014209590481,0.9795684958471229,False,False,0,1
"('INTERNAL', ('B0*M0 + B1*s', 'M0 - M1'))",0.8786087563455063,0.8786087563455063,,1,0.0,9.900000000000002,0.12910141816634885,0.9795684949178979,False,False,0,1
"('INTERNAL', ('B0 + B1*M0 + B1*M1 + B2*i', 'B3*M1 - M0*M1'))",0.8786087385519699,0.8786087385519699,,1,0.0,9.900000000000002,0.12910141419533044,0.9795684935966065,False,False,0,1
"('INTERNAL', ('B0*M0 + B1*M1 + B1*M2', 'r'))",0.878608726728415,0.878608726728415,,1,0.0,9.900000000000002,0.12910141155664467,0.9795684927186269,False,False,0,1
"('INTERNAL', ('B0*M0 + B1*i + B2*s', 'r'))",0.878608726728415,0.878608726728415,,1,0.0,9.900000000000002,0.12910141155664467,0.9795684927186269,False,False,0,1
"('INTERNAL', ('B0*M0 + B1*M1 + B1*s', 'r'))",0.878608726728415,0.878608726728415,,1,0.0,9.900000000000002,0.12910141155664467,0.9795684927186269,False,False,0,1
"('INTERNAL', ('B0 + B1*M0 + B1*M1 + B1*M2', 'r'))",0.878608726728415,0.878608726728415,,1,0.0,9.900000000000002,0.12910141155664467,0.9795684927186269,False,False,0,1
"('INTERNAL', ('B0 + B1*M0 + B1*M2 + B2*M1', 'r'))",0.878608726728415,0.878608726728415,,1,0.0,9.900000000000002,0.12910141155664467,0.9795684927186269,False,False,0,1
"('INTERNAL', ('B0*M0 + B0*M1 + B1*i', 'r'))",0.878608726728415,0.878608726728415,,1,0.0,9.900000000000002,0.12910141155664467,0.9795684927186269,False,False,0,1
"('INTERNAL', ('B0*Abs(M0 + M1)**(1/4)', 'M0 - M1'))",0.8785620593368226,0.8785620593368226,,1,0.0,9.900000000000002,0.12909099697620874,0.9795650271706874,False,False,0,1
"('INTERNAL', ('B0*M0*M1*sqrt(Abs(i))', 'B1*i**2'))",0.8785606882618214,0.8785606882618214,,1,0.0,9.900000000000002,0.12909069100696857,0.979564925348538,False,False,0,1
"('INTERNAL', ('B0*M0 + B1*M1', 'M0 - M1 + M2 - M3 + i'))",0.8785486529530953,0.8785486529530953,,1,0.0,9.900000000000002,0.12908800522640385,0.9795640315397761,False,False,0,1
"('INTERNAL', ('B0*M0', 'M0*M1*M3 + M2*M3'))",0.8785479837148823,0.8785479837148823,,1,0.0,9.900000000000002,0.12908785588132052,0.9795639818377495,False,False,0,1
"('INTERNAL', ('B0*M0*M1 + B0*M2 + B0*M3', 'M0'))",0.8785367973943631,0.8785367973943631,,1,0.0,9.900000000000002,0.12908535959399856,0.979563151057395,False,False,0,1
"('INTERNAL', ('B0*M0', 'B1*Abs(i)**(3/2)'))",0.8785142896754544,0.8785142896754544,,1,0.0,9.900000000000002,0.129080336970877,0.9795614794036039,False,False,0,1
"('INTERNAL', ('B0*M1*i - M0*M1*i - M2*i', 'sqrt(Abs(B1*M0 + B1*M1 + B1*i + B1*r))'))",0.8785095179707083,0.8785095179707083,,1,0.0,9.900000000000002,0.1290792721758096,0.9795611249974231,False,False,0,1
"('INTERNAL', ('B0*i + B1*i**2', 'sqrt(Abs(B2*M0 + B2*M1 + B2*i + B2*r))'))",0.8785095179707083,0.8785095179707083,,1,0.0,9.900000000000002,0.1290792721758096,0.9795611249974231,False,False,0,1
"('INTERNAL', ('B0 + B1*M0 + B1*M1 + B2*i', 'M0*sqrt(Abs(i))'))",0.8784791462739958,0.8784791462739958,,1,0.0,9.900000000000002,0.12907249493424913,0.9795588691311217,False,False,0,1
"('TERMINAL', ('B0 + B1*i', 'Abs(i)**(3/2)'))",0.8784791462739958,0.8784791462739958,,1,0.0,9.900000000000002,0.12907249493424913,0.9795588691311217,True,False,0,1
"('INTERNAL', ('M0*M1', '-M0 + M1 + r'))",0.8784714533840309,0.8784714533840309,,1,0.0,9.900000000000002,0.12907077835379122,0.9795582977159347,False,False,0,1
"('INTERNAL', ('M0*M2*M3 + M1*M2*M3 + M2*M3*s', 'M0*M2 + M1*M2'))",0.8784637416018537,0.8784637416018537,,1,0.0,9.900000000000002,0.1290690575726127,0.979557724887881,False,False,0,1
"('INTERNAL', ('B0*sqrt(Abs(M0)) + B1*M1', 'B2 + M0'))",0.8784183533939307,0.8784183533939307,,1,0.0,9.900000000000002,0.12905893010179223,0.9795543532757501,False,False,0,1
"('INTERNAL', ('-M2*M3 + M3*sqrt(Abs(M0 - M1))', 'M0'))",0.878354504929808,0.878354504929808,,1,0.0,9.900000000000002,0.1290446844664279,0.9795496098014688,False,False,0,1
"('INTERNAL', ('B0*i', 'M0 - M1 + M2 - M3 + i'))",0.8783544960226025,0.8783544960226025,,1,0.0,9.900000000000002,0.12904468247915593,0.9795496091396826,False,False,0,1
"('INTERNAL', ('B0*M0*i', 'M0 + r'))",0.8783544960226025,0.8783544960226025,,1,0.0,9.900000000000002,0.12904468247915593,0.9795496091396826,False,False,0,1
"('INTERNAL', ('B0*M0', 'sqrt(Abs(B1 - M0 - M1 + r))'))",0.8783544960226025,0.8783544960226025,,1,0.0,9.900000000000002,0.12904468247915593,0.9795496091396826,False,False,0,1
"('INTERNAL', ('B0*M0', 'M0 - M1 + r'))",0.8783544960226025,0.8783544960226025,,1,0.0,9.900000000000002,0.12904468247915593,0.9795496091396826,False,False,0,1
"('INTERNAL', ('B0*M0*M1', 'B1 + M0 - M1'))",0.8783544960223602,0.8783544960223602,,1,0.0,9.900000000000002,0.12904468247910186,0.9795496091396646,False,False,0,1
"('INTERNAL', ('B0*M0*i', 'M0 - M1'))",0.8783544960221433,0.8783544960221433,,1,0.0,9.900000000000002,0.12904468247905349,0.9795496091396485,False,False,0,1
"('INTERNAL', ('B0*M0', '-M1 + i + sqrt(Abs(M0))'))",0.8783544960214027,0.8783544960214027,,1,0.0,9.900000000000002,0.12904468247888828,0.9795496091395934,False,False,0,1
"('INTERNAL', ('M1*sqrt(Abs(M0))', '-M0 + i'))",0.8783544960206436,0.8783544960206436,,1,0.0,9.900000000000002,0.12904468247871886,0.979549609139537,False,False,0,1
"('INTERNAL', ('B0*sqrt(Abs(i))', 'M0*M1 + M2'))",0.8783544960116615,0.8783544960116615,,1,0.0,9.900000000000002,0.1290446824767149,0.9795496091388697,False,False,0,1
"('INTERNAL', ('i*sqrt(Abs(M0))', 'B0 + M0'))",0.8783544958649148,0.8783544958649148,,1,0.0,9.900000000000002,0.1290446824439745,0.9795496091279667,False,False,0,1
"('INTERNAL', ('B0*i', 'M0 - M1 - M2 + i'))",0.8783465976690162,0.8783465976690162,,1,0.0,9.900000000000002,0.12904292029834288,0.9795490223039992,False,False,0,1
"('INTERNAL', ('B0*i', 'M0 - M1 + 2*i'))",0.8783465976690162,0.8783465976690162,,1,0.0,9.900000000000002,0.12904292029834288,0.9795490223039992,False,False,0,1
"('INTERNAL', ('B0*M0 + B1*i + B2*s', 'M0 - M1 + i + r'))",0.8783465976690162,0.8783465976690162,,1,0.0,9.900000000000002,0.12904292029834288,0.9795490223039992,False,False,0,1
"('INTERNAL', ('B0*M0 + B1*i + B2*s', 'M1 - M2 + i + sqrt(Abs(M0))'))",0.8783465976690162,0.8783465976690162,,1,0.0,9.900000000000002,0.12904292029834288,0.9795490223039992,False,False,0,1
"('INTERNAL', ('B0*M0 + B1*M1 + B2*i', 'B3 + M0 + M1 - M2 + i'))",0.8783465976690162,0.8783465976690162,,1,0.0,9.900000000000002,0.12904292029834288,0.9795490223039992,False,False,0,1
"('INTERNAL', ('B0*M0', 'B1 - M0*M1 + i'))",0.8783463607848412,0.8783463607848412,,1,0.0,9.900000000000002,0.1290428674479811,0.9795490047037091,False,False,0,1
"('INTERNAL', ('B0*i', 'B1*i + M0 - M1'))",0.8783463607848412,0.8783463607848412,,1,0.0,9.900000000000002,0.1290428674479811,0.9795490047037091,False,False,0,1
"('INTERNAL', ('B0*i', 'B1*i + M0'))",0.8783463607848412,0.8783463607848412,,1,0.0,9.900000000000002,0.1290428674479811,0.9795490047037091,False,False,0,1
"('INTERNAL', ('B0*i', 'B1*M0 + B1*M1 + M2'))",0.8783463607848412,0.8783463607848412,,1,0.0,9.900000000000002,0.1290428674479811,0.9795490047037091,False,False,0,1
"('INTERNAL', ('B0*M1 + B1*M0*M1 + B2*M1*s', 'B3*i + B4*M0*M1'))",0.8783463607848412,0.8783463607848412,,1,0.0,9.900000000000002,0.1290428674479811,0.9795490047037091,False,False,0,1
"('TERMINAL', ('B0*i', 'B1 + B2*i'))",0.8783463607848412,0.8783463607848412,,1,0.0,9.900000000000002,0.1290428674479811,0.9795490047037091,True,False,0,1
"('INTERNAL', ('B0*M0*i', 'B1*i**2'))",0.878340510285043,0.878340510285043,,1,0.0,9.900000000000002,0.12904156216882698,0.9795485700137403,False,False,0,1
"('INTERNAL', ('B0*M0', 'B1*i**2'))",0.878340510285043,0.878340510285043,,1,0.0,9.900000000000002,0.12904156216882698,0.9795485700137403,False,False,0,1
"('INTERNAL', ('B0*M0*M1 + B0*M1*i', 'B1*i**2'))",0.878340510285043,0.878340510285043,,1,0.0,9.900000000000002,0.12904156216882698,0.9795485700137403,False,False,0,1
"('INTERNAL', ('B0 + B1*M0', '2*i'))",0.8783365155418303,0.8783365155418303,,1,0.0,9.900000000000002,0.12904067092424235,0.9795482732026255,False,False,0,1
"('TERMINAL', ('B0 + B1*i', '2*i'))",0.8783365155418303,0.8783365155418303,,1,0.0,9.900000000000002,0.12904067092424235,0.9795482732026255,True,False,0,1
"('TERMINAL', ('B0 - i**2', 'i'))",0.8783357850769942,0.8783357850769942,,1,0.0,9.900000000000002,0.12904050795479222,0.9795482189284999,True,False,0,1
"('INTERNAL', ('B0*M0*i', 'M0 + i'))",0.8783353169492099,0.8783353169492099,,1,0.0,9.900000000000002,0.12904040351379445,0.9795481841461832,False,False,0,1
"('INTERNAL', ('B0*M1*sqrt(Abs(M0))', 'B1*i**2'))",0.8783350044864152,0.8783350044864152,,1,0.0,9.900000000000002,0.12904033380224794,0.979548160929896,False,False,0,1
"('INTERNAL', ('B0 - M0 - M1 - i', 'r'))",0.8783346507629184,0.8783346507629184,,1,0.0,9.900000000000002,0.12904025488532353,0.9795481346478798,False,False,0,1
"('INTERNAL', ('B0*sqrt(Abs(M0))', 'M0 + i**2'))",0.8783343355601774,0.8783343355601774,,1,0.0,9.900000000000002,0.1290401845625381,0.979548111227978,False,False,0,1
"('INTERNAL', ('B1*sqrt(Abs(B0 + M0))', 'M0*M1 - M2 + M3'))",0.8782667178478084,0.8782667178478084,,1,0.0,9.900000000000002,0.12902509939933876,0.9795430867887853,False,False,0,1
"('INTERNAL', ('B0*M0*M1*s', 'sqrt(Abs(i))'))",0.8782604093602904,0.8782604093602904,,1,0.0,9.900000000000002,0.1290236920666088,0.9795426179891881,False,False,0,1
"('INTERNAL', ('B0 + B1*i', 'M0*M1 - M1*i + M1*sqrt(Abs(i))'))",0.8782178829175216,0.8782178829175216,,1,0.0,9.900000000000002,0.12901420528929347,0.9795394575745385,False,False,0,1
"('INTERNAL', ('B0*sqrt(Abs(M0 + M1))', '-M1 + M2 + sqrt(Abs(M0))'))",0.8782066658647298,0.8782066658647298,,1,0.0,9.900000000000002,0.12901170307023102,0.9795386239142494,False,False,0,1
"('INTERNAL', ('B0*M0*M1', 'B1 + i'))",0.8782037287635157,0.8782037287635157,,1,0.0,9.900000000000002,0.12901104788811993,0.9795384056231956,False,False,0,1
"('INTERNAL', ('B0*M2 + B1*M0*M1', 'M0 - M1'))",0.8781919491415098,0.8781919491415098,,1,0.0,9.900000000000002,0.12900842021771472,0.979537530124873,False,False,0,1
"('INTERNAL', ('M0*s', 'i'))",0.8779599942122089,0.8779599942122089,,1,0.0,9.900000000000002,0.1289566852958491,0.9795202859475372,False,False,0,1
"('INTERNAL', ('B0*s*sqrt(Abs(M0))*sqrt(Abs(M1))', 'sqrt(Abs(M0))'))",0.8779348106617612,0.8779348106617612,,1,0.0,9.900000000000002,0.1289510691996441,0.9795184132094844,False,False,0,1
"('INTERNAL', ('B0*s', '-M1 + M2 + sqrt(Abs(M0))'))",0.877934810660252,0.877934810660252,,1,0.0,9.900000000000002,0.12895106919930757,0.9795184132093722,False,False,0,1
"('INTERNAL', ('B0*s', 'M0*M1 - M2 + M3 + M4'))",0.8779348106589733,0.8779348106589733,,1,0.0,9.900000000000002,0.1289510691990224,0.9795184132092771,False,False,0,1
"('INTERNAL', ('B0*M0', 'B1 - M0 + M1'))",0.8779348106589733,0.8779348106589733,,1,0.0,9.900000000000002,0.1289510691990224,0.9795184132092771,False,False,0,1
"('INTERNAL', ('B0*s', '-M0*M1 - M2 + i'))",0.8779348106589733,0.8779348106589733,,1,0.0,9.900000000000002,0.1289510691990224,0.9795184132092771,False,False,0,1
"('INTERNAL', ('B0*s', 'B1*M0 + B2*M1'))",0.8779348106589733,0.8779348106589733,,1,0.0,9.900000000000002,0.1289510691990224,0.9795184132092771,False,False,0,1
"('INTERNAL', ('B0*s', 'B1 + M0 + 2*i - r'))",0.8779348106587606,0.8779348106587606,,1,0.0,9.900000000000002,0.12895106919897498,0.9795184132092613,False,False,0,1
"('INTERNAL', ('B0*s', 'M0 - M1 + M2 + M3 - M4'))",0.877934810657542,0.877934810657542,,1,0.0,9.900000000000002,0.12895106919870325,0.9795184132091707,False,False,0,1
"('INTERNAL', ('B0*s', 'sqrt(Abs(M1 + M2 - r - sqrt(Abs(M0))))'))",0.877934810655721,0.877934810655721,,1,0.0,9.900000000000002,0.12895106919829716,0.9795184132090352,False,False,0,1
"('INTERNAL', ('B0*s*sqrt(Abs(M0))', 'M0 - M1 - M2'))",0.8779348106511515,0.8779348106511515,,1,0.0,9.900000000000002,0.1289510691972781,0.9795184132086955,False,False,0,1
"('INTERNAL', ('B0*s', 'B1 - M0*M1 + M2 + M3'))",0.8779348106424656,0.8779348106424656,,1,0.0,9.900000000000002,0.1289510691953412,0.9795184132080496,False,False,0,1
"('INTERNAL', ('B0*s', 'B1*M2 - M1*M2 - M2*sqrt(Abs(M0))'))",0.8779348106424526,0.8779348106424526,,1,0.0,9.900000000000002,0.1289510691953382,0.9795184132080486,False,False,0,1
"('INTERNAL', ('B0*M0 + B1*s', 'M0 + M1 - M2 + i'))",0.8779348106106868,0.8779348106106868,,1,0.0,9.900000000000002,0.12895106918825439,0.9795184132056862,False,False,0,1
"('INTERNAL', ('B0*s', 'M0*M1 - M2 + M3'))",0.8779348106002763,0.8779348106002763,,1,0.0,9.900000000000002,0.1289510691859328,0.9795184132049121,False,False,0,1
"('INTERNAL', ('B0*M0', 'B1*M0 + M0*r'))",0.8779348105934676,0.8779348105934676,,1,0.0,9.900000000000002,0.12895106918441446,0.9795184132044058,False,False,0,1
"('INTERNAL', ('B0*M0 + B1*M1 + B2*M2', 'M0 + M1 - M2 + i + r'))",0.8779348105825022,0.8779348105825022,,1,0.0,9.900000000000002,0.12895106918196914,0.9795184132035903,False,False,0,1
"('INTERNAL', ('B0*s', 'M2*sqrt(Abs(M1 + i - sqrt(Abs(M0))))'))",0.8779348105221734,0.8779348105221734,,1,0.0,9.900000000000002,0.1289510691685156,0.9795184131991039,False,False,0,1
"('INTERNAL', ('B0*s', 'B1*M2 - M0*M1*M2 - M2*r'))",0.8779348105101186,0.8779348105101186,,1,0.0,9.900000000000002,0.12895106916582733,0.9795184131982074,False,False,0,1
"('INTERNAL', ('B0*M0', 'M0*M3 + M1*M3 - M2*M3'))",0.8779348105101186,0.8779348105101186,,1,0.0,9.900000000000002,0.12895106916582733,0.9795184131982074,False,False,0,1
"('INTERNAL', ('B0*M0', 'M1*r + M1*sqrt(Abs(M0))'))",0.8779348105101186,0.8779348105101186,,1,0.0,9.900000000000002,0.12895106916582733,0.9795184131982074,False,False,0,1
"('INTERNAL', ('B0*s', 'M1 + M2 + sqrt(Abs(M0))'))",0.8779348105057182,0.8779348105057182,,1,0.0,9.900000000000002,0.12895106916484605,0.9795184131978802,False,False,0,1
"('INTERNAL', ('B0*s', 'B1 - M0 + M1 + i - r'))",0.8779348105055864,0.8779348105055864,,1,0.0,9.900000000000002,0.12895106916481666,0.9795184131978704,False,False,0,1
"('TERMINAL', ('B0*s', 'B1 + 2*i - 2*r'))",0.8779348105055864,0.8779348105055864,,1,0.0,9.900000000000002,0.12895106916481666,0.9795184131978704,True,False,0,1
"('INTERNAL', ('B0*s', 'B1 - M0*M1 + i'))",0.8779348104287857,0.8779348104287857,,1,0.0,9.900000000000002,0.1289510691476898,0.979518413192159,False,False,0,1
"('INTERNAL', ('B0*s', 'M0*M1 + M2 - M3 + i'))",0.8779348103658288,0.8779348103658288,,1,0.0,9.900000000000002,0.12895106913365023,0.9795184131874772,False,False,0,1
"('INTERNAL', ('B0*s', 'sqrt(Abs(M2))*sqrt(Abs(M3))*Abs(M0 + M1)**(1/4)'))",0.8779348102927205,0.8779348102927205,,1,0.0,9.900000000000002,0.12895106911734683,0.9795184131820405,False,False,0,1
"('INTERNAL', ('B0*M0', 'M2*sqrt(Abs(M0))*sqrt(Abs(M1))'))",0.8779348102185889,0.8779348102185889,,1,0.0,9.900000000000002,0.12895106910081522,0.9795184131765277,False,False,0,1
"('INTERNAL', ('B0*s', 'B1*M1 - M1*r - M1*sqrt(Abs(M0))'))",0.8779348101880785,0.8779348101880785,,1,0.0,9.900000000000002,0.12895106909401133,0.9795184131742588,False,False,0,1
"('INTERNAL', ('B0*s', '-M1*M2 + M2*sqrt(Abs(M0))'))",0.8779348097473043,0.8779348097473043,,1,0.0,9.900000000000002,0.12895106899571712,0.9795184131414804,False,False,0,1
"('INTERNAL', ('B0*M0', 'M0*i - M1*i'))",0.8779348097473043,0.8779348097473043,,1,0.0,9.900000000000002,0.12895106899571712,0.9795184131414804,False,False,0,1
"('INTERNAL', ('B0*s', 'M0 - M1 - M2 + i - r'))",0.8779348090340654,0.8779348090340654,,1,0.0,9.900000000000002,0.1289510688366624,0.9795184130884399,False,False,0,1
"('INTERNAL', ('B0*s', '-M0 + M1 + sqrt(Abs(i))'))",0.8779348084908761,0.8779348084908761,,1,0.0,9.900000000000002,0.12895106871552942,0.9795184130480453,False,False,0,1
"('INTERNAL', ('B0*s', 'B1 - M0 - M1 + M2 + M3'))",0.8779348069824002,0.8779348069824002,,1,0.0,9.900000000000002,0.12895106837913417,0.9795184129358666,False,False,0,1
"('INTERNAL', ('B0*M0', 'Abs(M0)**(1/8)'))",0.8779347701666547,0.8779347701666547,,1,0.0,9.900000000000002,0.12895106016909863,0.9795184101980424,False,False,0,1
"('TERMINAL', ('B0*s', '3*i - 2*r'))",0.8779347700961773,0.8779347700961773,,1,0.0,9.900000000000002,0.12895106015338195,0.9795184101928013,True,False,0,1
"('INTERNAL', ('B0*M0', '-M0*M2 - M1*M2 + M2*i'))",0.8779347649835607,0.8779347649835607,,1,0.0,9.900000000000002,0.12895105901325124,0.9795184098125986,False,False,0,1
"('INTERNAL', ('B0*s', 'M0*M1 + r'))",0.877934761883987,0.877934761883987,,1,0.0,9.900000000000002,0.12895105832203585,0.979518409582097,False,False,0,1
"('INTERNAL', ('B0*M1 + B2*sqrt(Abs(B1 + M0))', 'M1*sqrt(Abs(M0))'))",0.8779310327411597,0.8779310327411597,,1,0.0,9.900000000000002,0.1289502267123591,0.9795181322610911,False,False,0,1
"('INTERNAL', ('B0 + B1*M1*sqrt(Abs(M0))', 'r'))",0.8778923766023307,0.8778923766023307,,1,0.0,9.900000000000002,0.1289416064860253,0.9795152574308971,False,False,0,1
"('INTERNAL', ('M0*M1*M3 + M2*M3', 'r'))",0.8778843433647531,0.8778843433647531,,1,0.0,9.900000000000002,0.12893981514018651,0.9795146599743293,False,False,0,1
"('INTERNAL', ('B0*sqrt(Abs(i))', 'M0 + M1'))",0.8778362416561571,0.8778362416561571,,1,0.0,9.900000000000002,0.12892908919279,0.9795110822845098,False,False,0,1
"('INTERNAL', ('B0*M0 + B1*i + B2*s', 'B3 - M0'))",0.8777936619895352,0.8777936619895352,,1,0.0,9.900000000000002,0.128919595059246,0.9795079149993201,False,False,0,1
"('INTERNAL', ('B0*M0 + B1*M1 + B1*M2', 'M0'))",0.8776803539003224,0.8776803539003224,,1,0.0,9.900000000000002,0.12889433257606492,0.9794994851603321,False,False,0,1
"('INTERNAL', ('B0 + B1*M0', 'M0*M1 - M1*i + M1*sqrt(Abs(i))'))",0.8775506993089643,0.8775506993089643,,1,0.0,9.900000000000002,0.12886542951363697,0.9794898366398389,False,False,0,1
"('INTERNAL', ('B0 + B1*M0 + B2*i', 'B3*M0 - M0*i + M0*sqrt(Abs(i))'))",0.8775506993089643,0.8775506993089643,,1,0.0,9.900000000000002,0.12886542951363697,0.9794898366398389,False,False,0,1
"('INTERNAL', ('M0*M1', 'B0*M1 - M0*M1'))",0.877521022998495,0.877521022998495,,1,0.0,9.900000000000002,0.12885881455598686,0.9794876278328056,False,False,0,1
"('INTERNAL', ('B0 + B1*M0 + B1*M1 + B2*i', '-M2*M3 + M3*sqrt(Abs(M0 - M1))'))",0.8775024879865931,0.8775024879865931,,1,0.0,9.900000000000002,0.12885468314603207,0.9794862482002108,False,False,0,1
"('INTERNAL', ('B0*M0 + B0*M1', 'B1 - M0 + M1'))",0.8774948449263225,0.8774948449263225,,1,0.0,9.900000000000002,0.12885297955112865,0.9794856792815352,False,False,0,1
"('INTERNAL', ('B0*M0 + B1*i + B2*s', 'M0*M1 - M2 + i'))",0.8774919010294302,0.8774919010294302,,1,0.0,9.900000000000002,0.12885232337705782,0.9794854601471715,False,False,0,1
"('INTERNAL', ('B0*M0 + B0*M2 + B1*M1', 'B2 - M0*M1'))",0.8774896360338267,0.8774896360338267,,1,0.0,9.900000000000002,0.1288518185268205,0.9794852915471178,False,False,0,1
"('INTERNAL', ('M1*s + s*sqrt(Abs(M0))', 'M0*M1'))",0.8774229728383567,0.8774229728383567,,1,0.0,9.900000000000002,0.1288369603834573,0.9794803289509717,False,False,0,1
"('INTERNAL', ('B0*M3 + B1*M0*M2 + B1*M1*M2 + B1*M2*s', 'Abs(M0)**(1/8)*Abs(M1)**(1/4)*Abs(M2)**(1/4)'))",0.8774166050315186,0.8774166050315186,,1,0.0,9.900000000000002,0.12883554116087143,0.9794798548759446,False,False,0,1
"('INTERNAL', ('B0*M0', 'sqrt(Abs(M0*r + M1*r))'))",0.8774154628309548,0.8774154628309548,,1,0.0,9.900000000000002,0.1288352865944165,0.9794797698398896,False,False,0,1
"('INTERNAL', ('B0*sqrt(Abs(M0*M1 + M2))', 'M0 - M1 + M2'))",0.8774075548485193,0.8774075548485193,,1,0.0,9.900000000000002,0.12883352412213112,0.9794791810901992,False,False,0,1
"('INTERNAL', ('sqrt(Abs(M0*M1 + M2))', 'M0*r'))",0.8774019932979787,0.8774019932979787,,1,0.0,9.900000000000002,0.12883228461448906,0.9794787670264343,False,False,0,1
"('INTERNAL', ('B0*M2 + B1*M3 + B2*M0*M2 + B2*M1*M2', 'Abs(M0)**(1/8)*Abs(M1)**(1/4)*Abs(M2)**(1/4)'))",0.8773892851159543,0.8773892851159543,,1,0.0,9.900000000000002,0.12882945235983975,0.9794778208690829,False,False,0,1
"('INTERNAL', ('B0*M3*M4 + B1*M0*M1*M2*M4', 'r'))",0.8773863416854388,0.8773863416854388,,1,0.0,9.900000000000002,0.12882879636737868,0.9794776017192723,False,False,0,1
"('INTERNAL', ('M0*M1*M2', 'sqrt(Abs(M0))'))",0.8773863416852469,0.8773863416852469,,1,0.0,9.900000000000002,0.12882879636733588,0.979477601719258,False,False,0,1
"('INTERNAL', ('M0*M1*M2*M3*M4', 'B0*M0*M1'))",0.8773863416769154,0.8773863416769154,,1,0.0,9.900000000000002,0.1288287963654791,0.9794776017186377,False,False,0,1
"('INTERNAL', ('M0*M2*M3*M4 - M1*M2*M3*M4', 'B0*M0*M1'))",0.8773863416726951,0.8773863416726951,,1,0.0,9.900000000000002,0.12882879636453856,0.9794776017183235,False,False,0,1
"('INTERNAL', ('B0*sqrt(Abs(-M0 + M1 + i))', 'M0*M1*M2 - M3 + M4'))",0.8773728490791657,0.8773728490791657,,1,0.0,9.900000000000002,0.12882578934330285,0.9794765971245367,False,False,0,1
"('INTERNAL', ('B0*M3 + B1*sqrt(Abs(M0 + M1 + M2))', 'M0'))",0.8773338985060054,0.8773338985060054,,1,0.0,9.900000000000002,0.12881710889529766,0.9794736968868165,False,False,0,1
"('INTERNAL', ('B0*M3 + B1*M0*M2 + B1*M1*M2', 'Abs(M0)**(1/4)*Abs(M1)**(1/4)*Abs(r)**(1/8)'))",0.8773215553947132,0.8773215553947132,,1,0.0,9.900000000000002,0.1288143582129436,0.9794727777745975,False,False,0,1
"('INTERNAL', ('B0*M0*M2 + B0*M3 + B1*M1*M2 + B1*M4', 'r'))",0.8773215553943218,0.8773215553943218,,1,0.0,9.900000000000002,0.12881435821285636,0.9794727777745684,False,False,0,1
"('INTERNAL', ('B0*M0*M1*s + B0*M2 + B1*M3', 'r'))",0.8773215553936846,0.8773215553936846,,1,0.0,9.900000000000002,0.12881435821271436,0.979472777774521,False,False,0,1
"('INTERNAL', ('B0*M4 + B1*M0*M3 + B1*M1*M3 + B1*M2*M3', 'Abs(M0)**(1/4)*Abs(M1)**(1/4)*Abs(i)**(1/8)'))",0.8773215553934225,0.8773215553934225,,1,0.0,9.900000000000002,0.128814358212656,0.9794727777745015,False,False,0,1
"('INTERNAL', ('B0*M1 + B1*M2 + B2*M0*i', 'r'))",0.8773215553933771,0.8773215553933771,,1,0.0,9.900000000000002,0.1288143582126458,0.979472777774498,False,False,0,1
"('INTERNAL', ('B0*M3 + B1*M0*M2 + B1*M1*M2 + B1*M2*i', 'B2*Abs(M0)**(1/4)*Abs(M1)**(1/4)'))",0.8773215553924247,0.8773215553924247,,1,0.0,9.900000000000002,0.1288143582124336,0.9794727777744272,False,False,0,1
"('INTERNAL', ('B0*M1 + B1*M2 + B2*M0*M1', 'Abs(M0)**(1/8)*Abs(M1)**(1/4)*Abs(M2)**(1/4)'))",0.8773215553912981,0.8773215553912981,,1,0.0,9.900000000000002,0.12881435821218254,0.9794727777743433,False,False,0,1
"('INTERNAL', ('B0*M3 + B1*M0*M2 + B1*M1*M2', 'Abs(M0)**(1/4)*Abs(M1)**(1/4)*Abs(r)**(1/4)'))",0.877321555389789,0.877321555389789,,1,0.0,9.900000000000002,0.12881435821184628,0.9794727777742309,False,False,0,1
"('INTERNAL', ('B0*M3 + B1*M0*M2 + B1*M1*M2', 'Abs(M0)**(1/4)*Abs(M1)**(1/4)'))",0.8773215553857603,0.8773215553857603,,1,0.0,9.900000000000002,0.12881435821094844,0.9794727777739309,False,False,0,1
"('INTERNAL', ('B0*M2 + B0*M3 + B1*M0*M1', 'M0*M2 - M1*M2'))",0.8773215549282988,0.8773215549282988,,1,0.0,9.900000000000002,0.1288143581090031,0.9794727777398662,False,False,0,1
"('INTERNAL', ('B0 - M2 - M3 - sqrt(Abs(M0))*sqrt(Abs(M1))', 'r'))",0.877316090236285,0.877316090236285,,1,0.0,9.900000000000002,0.12881314030569263,0.979472370811495,False,False,0,1
"('INTERNAL', ('B0*M1 + B1*M0*s + B1*s**2', 'i'))",0.8773108122183211,0.8773108122183211,,1,0.0,9.900000000000002,0.1288119641096661,0.9794719777792322,False,False,0,1
"('TERMINAL', ('B0*i + B1*s + B2*s**2', 'i'))",0.8773108122183211,0.8773108122183211,,1,0.0,9.900000000000002,0.1288119641096661,0.9794719777792322,True,False,0,1
"('INTERNAL', ('B0*M0', '-M0*M1 + i'))",0.8773020291285608,0.8773020291285608,,1,0.0,9.900000000000002,0.12881000683064625,0.9794713237287369,False,False,0,1
"('INTERNAL', ('B0*M0 + B1*M1 + B1*M2', 'B2*M1 - M0*M1'))",0.8772949544829546,0.8772949544829546,,1,0.0,9.900000000000002,0.12880843028609612,0.979470796891925,False,False,0,1
"('INTERNAL', ('B0*M1 + B2*sqrt(Abs(B1 + M0))', 'r'))",0.8772858786284229,0.8772858786284229,,1,0.0,9.900000000000002,0.12880640780183036,0.9794701210166585,False,False,0,1
"('INTERNAL', ('B0*sqrt(Abs(M0)) + B1*i', 'M0'))",0.8772858786284229,0.8772858786284229,,1,0.0,9.900000000000002,0.12880640780183036,0.9794701210166585,False,False,0,1
"('TERMINAL', ('B0*i + B2*sqrt(Abs(B1 + s))', 'r'))",0.8772858786284229,0.8772858786284229,,1,0.0,9.900000000000002,0.12880640780183036,0.9794701210166585,True,False,0,1
"('INTERNAL', ('M0*i - M1*i', 'sqrt(Abs(B0 + B1*M0 + B1*M1))'))",0.8772421005359801,0.8772421005359801,,1,0.0,9.900000000000002,0.12879665248029093,0.9794668606927818,False,False,0,1
"('INTERNAL', ('B0*M1 + B1*M0*i', 'Abs(M0)**(1/4)*Abs(M1)**(1/4)'))",0.8772331861456001,0.8772331861456001,,1,0.0,9.900000000000002,0.12879466609462897,0.9794661967657285,False,False,0,1
"('INTERNAL', ('B0*sqrt(Abs(-M0 + M1 + s))', 'M0*M1*M3*M4 - M2*M3*M4 - M5 + M6'))",0.8772266764941384,0.8772266764941384,,1,0.0,9.900000000000002,0.12879321556734158,0.9794657119310077,False,False,0,1
"('INTERNAL', ('B0*M0*M2*M3 + B1*M1*M2*M3', 'B2*i**2'))",0.8772213343381264,0.8772213343381264,,1,0.0,9.900000000000002,0.12879202519768537,0.9794653140454975,False,False,0,1
"('INTERNAL', ('B0*i*s', 'B1 + M0*r + M1*r - M2*r'))",0.8771422946187326,0.8771422946187326,,1,0.0,9.900000000000002,0.12877441395012476,0.9794594266031438,False,False,0,1
"('INTERNAL', ('B0*M0*M2 + B0*M1*M2', 'M0 + M1'))",0.8771378813380706,0.8771378813380706,,1,0.0,9.900000000000002,0.12877343065031133,0.9794590978407708,False,False,0,1
"('INTERNAL', ('B0*M2*i + B1*M0*M1*M2', 'r'))",0.8771086082372173,0.8771086082372173,,1,0.0,9.900000000000002,0.12876690858812861,0.979456917094474,False,False,0,1
"('INTERNAL', ('B0*sqrt(Abs(M1 + sqrt(Abs(M0))))', 'M0 + M1'))",0.8771017557575134,0.8771017557575134,,1,0.0,9.900000000000002,0.12876538188299266,0.9794564065880923,False,False,0,1
"('INTERNAL', ('B0*M1 + B1*M0*i + B1*s', 'B2 - M0'))",0.8770976275123079,0.8770976275123079,,1,0.0,9.900000000000002,0.12876446213209614,0.9794560990321864,False,False,0,1
"('INTERNAL', ('B0*M0 + B2*sqrt(Abs(B1 + s))', 'M0'))",0.8770887848923938,0.8770887848923938,,1,0.0,9.900000000000002,0.12876249205812137,0.9794554402442339,False,False,0,1
"('INTERNAL', ('B0*sqrt(Abs(M0))', 'B1*M1*sqrt(Abs(M0))'))",0.8770711705235691,0.8770711705235691,,1,0.0,9.900000000000002,0.12875856775795544,0.9794541279106953,False,False,0,1
"('INTERNAL', ('B0*sqrt(Abs(s))', 'sqrt(Abs(M0 + sqrt(Abs(i))))'))",0.8770418167488642,0.8770418167488642,,1,0.0,9.900000000000002,0.12875202821116172,0.9794519408380764,False,False,0,1
"('INTERNAL', ('B0*sqrt(Abs(s))', 'B1*i**2 - M0 + M1'))",0.8770380046508005,0.8770380046508005,,1,0.0,9.900000000000002,0.12875117895309177,0.9794516567984589,False,False,0,1
"('INTERNAL', ('B0*sqrt(Abs(s))', 'M0*r + M1*r + M2'))",0.8770294392068265,0.8770294392068265,,1,0.0,9.900000000000002,0.1287492707592813,0.9794510185782397,False,False,0,1
"('INTERNAL', ('B0*sqrt(Abs(s))', 'B1 - M0*M1'))",0.8770283088176632,0.8770283088176632,,1,0.0,9.900000000000002,0.12874901893463753,0.979450934350872,False,False,0,1
"('INTERNAL', ('B0*sqrt(Abs(s))', 'sqrt(Abs(M1 + Abs(M0)**(1/4)))'))",0.8770189129383261,0.8770189129383261,,1,0.0,9.900000000000002,0.1287469257617039,0.9794502342387015,False,False,0,1
"('INTERNAL', ('B0*sqrt(Abs(M0))', 'M0*M2 - M1*M2 + M3'))",0.8770175634256365,0.8770175634256365,,1,0.0,9.900000000000002,0.1287466251249765,0.9794501336817205,False,False,0,1
"('INTERNAL', ('B0*M0*M1*M2', 'sqrt(Abs(M0))'))",0.8770158051941712,0.8770158051941712,,1,0.0,9.900000000000002,0.12874623343689776,0.9794500026692116,False,False,0,1
"('INTERNAL', ('B0*sqrt(Abs(M0*M2 - M1*M2 + M3))', 'M0*M1 + i*r'))",0.877003443093188,0.877003443093188,,1,0.0,9.900000000000002,0.12874347950526813,0.9794490815079893,False,False,0,1
"('INTERNAL', ('B0*sqrt(Abs(s))', 'M0 + M1 - M2'))",0.8770002295676118,0.8770002295676118,,1,0.0,9.900000000000002,0.12874276362756693,0.97944884204828,False,False,0,1
"('INTERNAL', ('B0*sqrt(Abs(s))', 'B1*M0*i**2 - M1 + M2'))",0.8769963413800029,0.8769963413800029,,1,0.0,9.900000000000002,0.1287418974587263,0.9794485523130915,False,False,0,1
"('INTERNAL', ('B0*sqrt(Abs(M0))', 'B1 + i'))",0.8769246447599104,0.8769246447599104,,1,0.0,9.900000000000002,0.12872592632962332,0.9794432092748573,False,False,0,1
"('INTERNAL', ('i*sqrt(Abs(M0))', 'M0'))",0.8768557389433467,0.8768557389433467,,1,0.0,9.900000000000002,0.12871057808967432,0.9794380734330427,False,False,0,1
"('INTERNAL', ('M1*M2*sqrt(Abs(M0))', 'M0'))",0.8768557389433467,0.8768557389433467,,1,0.0,9.900000000000002,0.12871057808967432,0.9794380734330427,False,False,0,1
"('INTERNAL', ('-M0 + M1 - M2 + i', 'sqrt(Abs(i))'))",0.8768557389433467,0.8768557389433467,,1,0.0,9.900000000000002,0.12871057808967432,0.9794380734330427,False,False,0,1
"('TERMINAL', ('B0*i', 'sqrt(Abs(i))'))",0.8768557389433467,0.8768557389433467,,1,0.0,9.900000000000002,0.12871057808967432,0.9794380734330427,True,False,0,1
"('INTERNAL', ('B0*Abs(M0)**(1/4)', 'M0*M1 + M2'))",0.8767521111716734,0.8767521111716734,,1,0.0,9.900000000000002,0.12868749803473192,0.9794303481734027,False,False,0,1
"('INTERNAL', ('B0*M0 + B1*M1 + B1*s', 'B2 - r'))",0.8767217606133143,0.8767217606133143,,1,0.0,9.900000000000002,0.1286807388434796,0.9794280852667807,False,False,0,1
"('INTERNAL', ('B0*M0*M4 + B0*M1*M4 + B0*M2*M4 + B1*M3*M4', 'M0*M1'))",0.8767004927761638,0.8767004927761638,,1,0.0,9.900000000000002,0.1286760025478212,0.9794264994699201,False,False,0,1
"('INTERNAL', ('M0*M1*M2*M3', 'M0*M2*M3 + M1*M2*M3'))",0.8767004927214408,0.8767004927214408,,1,0.0,9.900000000000002,0.1286760025356346,0.9794264994658397,False,False,0,1
"('INTERNAL', ('B0*M0', 'sqrt(Abs(M0*M1 - M2 - M3 + r))'))",0.8766902515797633,0.8766902515797633,,1,0.0,9.900000000000002,0.1286737218985641,0.9794257358280323,False,False,0,1
"('INTERNAL', ('B0*M0*s + B0*M1*s', 'M0'))",0.8766475895962997,0.8766475895962997,,1,0.0,9.900000000000002,0.12866422162821983,0.9794225545254884,False,False,0,1
"('INTERNAL', ('B0*Abs(M0 + M1)**(1/4)', 'M0 + M1'))",0.8766420789453399,0.8766420789453399,,1,0.0,9.900000000000002,0.12866299451088034,0.9794221435750106,False,False,0,1
"('INTERNAL', ('B0*Abs(M0 + s)**(1/4)', 'M0*M1'))",0.8766315945373799,0.8766315945373799,,1,0.0,9.900000000000002,0.12866065985323352,0.9794213616987634,False,False,0,1
"('INTERNAL', ('B0*i + B0*sqrt(Abs(M0))', 'i'))",0.8766208339537797,0.8766208339537797,,1,0.0,9.900000000000002,0.12865826372561392,0.9794205592082159,False,False,0,1
"('INTERNAL', ('B1*Abs(B0 + s)**(1/4)', 'M0'))",0.8766120399805193,0.8766120399805193,,1,0.0,9.900000000000002,0.1286563055371054,0.9794199033674071,False,False,0,1
"('INTERNAL', ('B0*Abs(M0 + M1)**(1/4)', 'r'))",0.8766091868819881,0.8766091868819881,,1,0.0,9.900000000000002,0.1286556702306175,0.9794196905850854,False,False,0,1
"('INTERNAL', ('B0*i*s', 'M0 + M1 + M2'))",0.8766052481427246,0.8766052481427246,,1,0.0,9.900000000000002,0.12865479318517006,0.9794193968341897,False,False,0,1
"('INTERNAL', ('-M0*M3 + M1*M3 - M2*M3 + M3*sqrt(Abs(s))', 'M0 - M1'))",0.8766026966522128,0.8766026966522128,,1,0.0,9.900000000000002,0.12865422504271565,0.9794192065428704,False,False,0,1
"('INTERNAL', ('B0*M2*Abs(M0 + M1)**(1/4)', 'i'))",0.8765306750355758,0.8765306750355758,,1,0.0,9.900000000000002,0.12863818860177187,0.9794138347042958,False,False,0,1
"('INTERNAL', ('B0*Abs(M0 + s)**(1/4)', 'i'))",0.8765306750355758,0.8765306750355758,,1,0.0,9.900000000000002,0.12863818860177187,0.9794138347042958,False,False,0,1
"('INTERNAL', ('B0*M0*M1', 'B1*M0*M1'))",0.8764237967116731,0.8764237967116731,,1,0.0,9.900000000000002,0.1286143933016063,0.9794058614825488,False,False,0,1
"('INTERNAL', ('M0*M1*M2', 'M1*sqrt(Abs(M0))'))",0.8764082123848208,0.8764082123848208,,1,0.0,9.900000000000002,0.12861092385845965,0.9794046987232219,False,False,0,1
"('INTERNAL', ('B0*M0', 'Abs(M0)**(1/4)*sqrt(Abs(r))'))",0.876401934502509,0.876401934502509,,1,0.0,9.900000000000002,0.1286095262691425,0.9794042303142213,False,False,0,1
"('INTERNAL', ('B0*M0*s', '-M0 + M1 - M2 + r'))",0.8764019341623953,0.8764019341623953,,1,0.0,9.900000000000002,0.1286095261934262,0.9794042302888444,False,False,0,1
"('INTERNAL', ('B0*M0 + B1*M1', 'M0*M1 - M2 + i'))",0.8763242925416296,0.8763242925416296,,1,0.0,9.900000000000002,0.12859224234073718,0.9793984367208884,False,False,0,1
"('INTERNAL', ('B0*M1*M2 - M0*M1*M2 + M1*M2*sqrt(Abs(i))', 'i'))",0.8763222773702605,0.8763222773702605,,1,0.0,9.900000000000002,0.1285917937621418,0.9793982863371278,False,False,0,1
"('INTERNAL', ('B0*M0 + B1*s + B2*i*s', 'i'))",0.8763179430378396,0.8763179430378396,,1,0.0,9.900000000000002,0.12859082894006468,0.9793979628819126,False,False,0,1
"('INTERNAL', ('B0*M2 + B1*M0*M1*s', 'i'))",0.8762914766695006,0.8762914766695006,,1,0.0,9.900000000000002,0.12858493763018852,0.9793959877287812,False,False,0,1
"('INTERNAL', ('B0*sqrt(Abs(M0*M1 + M2))', 'M0*M1*M2 - M3 + M4'))",0.8760545477093102,0.8760545477093102,,1,0.0,9.900000000000002,0.1285322059619105,0.9793783009655549,False,False,0,1
"('INTERNAL', ('B0*Abs(M1 + sqrt(Abs(M0)))**(1/4)', 'M0'))",0.8759799421414466,0.8759799421414466,,1,0.0,9.900000000000002,0.12851560440864393,0.9793727297772672,False,False,0,1
"('INTERNAL', ('B0*M0*M1 + B0*M2 + B1*M3', 'B2 + M0 - M1 + i'))",0.8759257850543964,0.8759257850543964,,1,0.0,9.900000000000002,0.1285035540099254,0.9793686850207365,False,False,0,1
"('INTERNAL', ('B0*M2 + B1*M0*M1', 'Abs(M0)**(1/4)*Abs(i)**(1/4)'))",0.875903721349273,0.875903721349273,,1,0.0,9.900000000000002,0.12849864486334983,0.9793670370430096,False,False,0,1
"('INTERNAL', ('B0*sqrt(Abs(M0 + M1))', 'M0*M1*i - M2 + M3'))",0.8758652211125242,0.8758652211125242,,1,0.0,9.900000000000002,0.1284900789001752,0.979364161202865,False,False,0,1
"('INTERNAL', ('B0*M0 + B0*sqrt(Abs(i))', 'M0*M1'))",0.8758649044988777,0.8758649044988777,,1,0.0,9.900000000000002,0.1284900084579644,0.9793641375518815,False,False,0,1
"('INTERNAL', ('B0 + B1*M1 + B1*sqrt(Abs(M0))', 'r'))",0.8758647620371878,0.8758647620371878,,1,0.0,9.900000000000002,0.12848997676219287,0.9793641269100132,False,False,0,1
"('INTERNAL', ('B0*sqrt(Abs(M0))*sqrt(Abs(M1))', 'i'))",0.8758616930448996,0.8758616930448996,,1,0.0,9.900000000000002,0.12848929395474262,0.9793638976559215,False,False,0,1
"('INTERNAL', ('B0*M0*i + B1*M1*i', 'M0 + M1'))",0.8757946538335294,0.8757946538335294,,1,0.0,9.900000000000002,0.12847437926326205,0.9793588894390811,False,False,0,1
"('INTERNAL', ('B0*M2*Abs(M0 - M1)**(1/4)', 'i'))",0.8757622425636709,0.8757622425636709,,1,0.0,9.900000000000002,0.12846716889908755,0.9793564678693375,False,False,0,1
"('INTERNAL', ('M0 + M1', 'i + sqrt(Abs(M0))'))",0.8756462046846158,0.8756462046846158,,1,0.0,9.900000000000002,0.12844135671365003,0.9793477968445028,False,False,0,1
"('INTERNAL', ('M0*M1*M2', 'M0*M2 + M1*M2'))",0.8756424393410042,0.8756424393410042,,1,0.0,9.900000000000002,0.12844051918354543,0.9793475154396928,False,False,0,1
"('INTERNAL', ('M0*M2*M3 - M1*M2*M3', 'M0'))",0.8756424393272473,0.8756424393272473,,1,0.0,9.900000000000002,0.12844051918048555,0.9793475154386647,False,False,0,1
"('INTERNAL', ('-M0*M2 - M1*M2 + M2*sqrt(Abs(s))', 'B0 - M0'))",0.8756075011906372,0.8756075011906372,,1,0.0,9.900000000000002,0.12843274801561302,0.979344904210551,False,False,0,1
"('INTERNAL', ('B0*sqrt(Abs(-M0 + M1 + i))', 'M0*M2*M3 - M1*M2*M3 - M4 + M5'))",0.8754690842199766,0.8754690842199766,,1,0.0,9.900000000000002,0.12840196341682455,0.9793345571783059,False,False,0,1
"('INTERNAL', ('B0*M1 - M0*M1 + M1*sqrt(Abs(s))', 'B1 + M1*sqrt(Abs(M0)) - M2'))",0.875448779303774,0.875448779303774,,1,0.0,9.900000000000002,0.12839744790799712,0.9793330390720468,False,False,0,1
"('INTERNAL', ('B0*M0*M1 + B0*M2', 'r'))",0.8754059424009875,0.8754059424009875,,1,0.0,9.900000000000002,0.12838792196066642,0.9793298361330325,False,False,0,1
"('INTERNAL', ('B0*M0', 'sqrt(Abs(M0 + M1 + r))'))",0.8753980782557773,0.8753980782557773,,1,0.0,9.900000000000002,0.1283861732043878,0.9793292480943069,False,False,0,1
"('INTERNAL', ('B0 + B1*M0 + B1*M1', 'M0 - M1'))",0.8752600061210299,0.8752600061210299,,1,0.0,9.900000000000002,0.12835547250613807,0.9793189221700678,False,False,0,1
"('INTERNAL', ('B0*sqrt(Abs(M0 + M1))', 'M0 + i**2'))",0.8752072404581892,0.8752072404581892,,1,0.0,9.900000000000002,0.12834374117960531,0.9793149751998987,False,False,0,1
"('INTERNAL', ('B0*M0 + B0*s + B1*M1', 'sqrt(Abs(M0))'))",0.8751951292768655,0.8751951292768655,,1,0.0,9.900000000000002,0.12834104861317347,0.9793140691974056,False,False,0,1
"('INTERNAL', ('M1*sqrt(Abs(M0))', 'i**2'))",0.8750645197329984,0.8750645197329984,,1,0.0,9.900000000000002,0.128312013731097,0.9793042971681326,False,False,0,1
"('INTERNAL', ('B0*M1 + B2*sqrt(Abs(B1 + M0))', 'M0 + M1'))",0.8750078945526393,0.8750078945526393,,1,0.0,9.900000000000002,0.1282994271105417,0.9793000596918849,False,False,0,1
"('INTERNAL', ('B0*M0 + B1*i + B2*s', '-M1 + i + sqrt(Abs(M0))'))",0.8749942444030431,0.8749942444030431,,1,0.0,9.900000000000002,0.1282963930808079,0.9792990381220693,False,False,0,1
"('INTERNAL', ('B0*M2 + B1*M1*sqrt(Abs(M0))', 'M0'))",0.8746182744977926,0.8746182744977926,,1,0.0,9.900000000000002,0.1282128442090371,0.9792708888968675,False,False,0,1
"('INTERNAL', ('B0*M2 + B0*sqrt(Abs(M0 - M1))', 'M0'))",0.8745733980772787,0.8745733980772787,,1,0.0,9.900000000000002,0.12820287402478178,0.9792675274297618,False,False,0,1
"('INTERNAL', ('B0*M0 + B1*s', 'M0 - M1 + i'))",0.8745034580718599,0.8745034580718599,,1,0.0,9.900000000000002,0.12818733647030234,0.9792622879262732,False,False,0,1
"('INTERNAL', ('M0*i', 'B0 + M1*sqrt(Abs(M0))'))",0.8744929324016706,0.8744929324016706,,1,0.0,9.900000000000002,0.12818499824068952,0.9792614993350454,False,False,0,1
"('INTERNAL', ('B0*M0 + B0*M1', 'B1 - sqrt(Abs(M0))'))",0.8743250255821221,0.8743250255821221,,1,0.0,9.900000000000002,0.12814770224017363,0.9792489172059384,False,False,0,1
"('INTERNAL', ('B0 + B1*M0', '-M1*M2 + M2*sqrt(Abs(M0))'))",0.8742363324919844,0.8742363324919844,,1,0.0,9.900000000000002,0.12812800428273313,0.9792422691324044,False,False,0,1
"('INTERNAL', ('M0*M1*i - M2*i', 'sqrt(Abs(B0*M1 + B0*M2 + B0*sqrt(Abs(M0))))'))",0.8741791636667539,0.8741791636667539,,1,0.0,9.900000000000002,0.12811530862697898,0.9792379833153702,False,False,0,1
"('INTERNAL', ('M0*i + M1*i', 'B0 + M0*M1'))",0.8740710909898944,0.8740710909898944,,1,0.0,9.900000000000002,0.12809131082208436,0.979229879908096,False,False,0,1
"('INTERNAL', ('B0*s + B2*sqrt(Abs(B1 + i))', 'M0*M1'))",0.8740397855429838,0.8740397855429838,,1,0.0,9.900000000000002,0.12808435991380585,0.9792275322386763,False,False,0,1
"('INTERNAL', ('B0*M1*sqrt(Abs(M0))', 'M0 - M1 - M2'))",0.8739960394012134,0.8739960394012134,,1,0.0,9.900000000000002,0.12807464714348074,0.9792242513466519,False,False,0,1
"('INTERNAL', ('B0*sqrt(Abs(M0 + M1))', 'M0 + M1 + i*r'))",0.8738822857132046,0.8738822857132046,,1,0.0,9.900000000000002,0.12804939312618854,0.9792157185495594,False,False,0,1
"('INTERNAL', ('B0*M0 + B1*M1', '-M0*M1 + M1*i'))",0.8738149357686309,0.8738149357686309,,1,0.0,9.900000000000002,0.1280344425440743,0.9792106655650534,False,False,0,1
"('INTERNAL', ('B0 + B1*sqrt(Abs(i))', 'sqrt(Abs(M0 - r))'))",0.8737516113700251,0.8737516113700251,,1,0.0,9.900000000000002,0.12802038659763784,0.9792059139311657,False,False,0,1
"('INTERNAL', ('B0*M1 + B0*sqrt(Abs(M0)) + B1*M2', 'M0 - M1'))",0.8736485525230834,0.8736485525230834,,1,0.0,9.900000000000002,0.12799751303794235,0.9791981793810736,False,False,0,1
"('INTERNAL', ('B0*sqrt(Abs(M0)) + B0*sqrt(Abs(i))', 'sqrt(Abs(i))'))",0.8733899432345851,0.8733899432345851,,1,0.0,9.900000000000002,0.12794012723401235,0.9791787632296562,False,False,0,1
"('INTERNAL', ('B0*sqrt(Abs(M0 - M1 + M2))', '-M1*M2*M3 + M2*M3*sqrt(Abs(M0)) - M4 + M5'))",0.8733216151621593,0.8733216151621593,,1,0.0,9.900000000000002,0.1279249679094605,0.9791736314127302,False,False,0,1
"('INTERNAL', ('M0*M1*M3*M4 + M2*M3*M4 + M3*M4*s', 'M0*M1'))",0.8732890376502843,0.8732890376502843,,1,0.0,9.900000000000002,0.12791774064403844,0.9791711843951059,False,False,0,1
"('INTERNAL', ('B0*sqrt(Abs(M0 - M1 + M2))', 'B1*M1*M2*r - M0*M1*M2 - M3 + M4'))",0.8730293262261317,0.8730293262261317,,1,0.0,9.900000000000002,0.12786013355629158,0.9791516703663339,False,False,0,1
"('INTERNAL', ('B0*M0*s + B1*M1*s', '-M0 - M1 + r'))",0.8730158926857716,0.8730158926857716,,1,0.0,9.900000000000002,0.12785715429368094,0.9791506607088056,False,False,0,1
"('INTERNAL', ('B0*M0*M2 + B1*M1*M2', 'M1*sqrt(Abs(M0))'))",0.8729418254989959,0.8729418254989959,,1,0.0,9.900000000000002,0.1278407286337265,0.9791450933352692,False,False,0,1
"('INTERNAL', ('B0*M2 + B1*M0*M1 + B1*M3 + B1*M4', 'i'))",0.8728981624114627,0.8728981624114627,,1,0.0,9.900000000000002,0.12783104624020117,0.9791418109164833,False,False,0,1
"('INTERNAL', ('B0*M2 + B1*M0*M1', 'Abs(M0)**(1/4)'))",0.8728382790515761,0.8728382790515761,,1,0.0,9.900000000000002,0.12781776773426057,0.9791373086198273,False,False,0,1
"('INTERNAL', ('M0*M1 + M1*s', 'M0'))",0.8728173339831857,0.8728173339831857,,1,0.0,9.900000000000002,0.1278131235960357,0.979135733739676,False,False,0,1
"('INTERNAL', ('B0*M1 + B1*M0*i + B1*s', '-M1 + sqrt(Abs(M0))'))",0.8728135890665537,0.8728135890665537,,1,0.0,9.900000000000002,0.12781229324928314,0.9791354521482544,False,False,0,1
"('INTERNAL', ('B0*M0 + B1*M1', 'M2 + sqrt(Abs(M0))*sqrt(Abs(M1))'))",0.8727416682371106,0.8727416682371106,,1,0.0,9.900000000000002,0.1277963471822784,0.9791300437667785,False,False,0,1
"('INTERNAL', ('B0*sqrt(Abs(M0 - M1 + M2))', 'M0*M1*i - M2 + M3'))",0.8727190026720715,0.8727190026720715,,1,0.0,9.900000000000002,0.12779132210903837,0.9791283391632541,False,False,0,1
"('INTERNAL', ('M0*M1', 'M0*i - M1*i'))",0.8727115397943367,0.8727115397943367,,1,0.0,9.900000000000002,0.12778966757833937,0.9791277778862654,False,False,0,1
"('INTERNAL', ('B0*i', 'B1*r - M0 + i'))",0.8725765446453444,0.8725765446453444,,1,0.0,9.900000000000002,0.12775974135261764,0.9791176234541662,False,False,0,1
"('INTERNAL', ('B0*i', 'M0*M1 + M2'))",0.8725765446453444,0.8725765446453444,,1,0.0,9.900000000000002,0.12775974135261764,0.9791176234541662,False,False,0,1
"('TERMINAL', ('B0*i', 'B1*r'))",0.8725765446453444,0.8725765446453444,,1,0.0,9.900000000000002,0.12775974135261764,0.9791176234541662,True,False,0,1
"('INTERNAL', ('B0*i', 'B1*r + M0 - M1'))",0.8725765446453444,0.8725765446453444,,1,0.0,9.900000000000002,0.12775974135261764,0.9791176234541662,False,False,0,1
"('INTERNAL', ('B0*M0 + B0*M2 + B1*M1 + B1*M3', 'M0 - M1'))",0.8725765446453444,0.8725765446453444,,1,0.0,9.900000000000002,0.12775974135261764,0.9791176234541662,False,False,0,1
"('INTERNAL', ('B0*M0', 'B1*M0*r'))",0.8725765446453444,0.8725765446453444,,1,0.0,9.900000000000002,0.12775974135261764,0.9791176234541662,False,False,0,1
"('INTERNAL', ('B0*M0', '2*M0*r'))",0.8725765446453444,0.8725765446453444,,1,0.0,9.900000000000002,0.12775974135261764,0.9791176234541662,False,False,0,1
"('INTERNAL', ('B0*i', 'M0*M1 + 2*M1*r'))",0.8725765446453444,0.8725765446453444,,1,0.0,9.900000000000002,0.12775974135261764,0.9791176234541662,False,False,0,1
"('INTERNAL', ('B0*i', '-M0*M1 + M1*r'))",0.8725765446453444,0.8725765446453444,,1,0.0,9.900000000000002,0.12775974135261764,0.9791176234541662,False,False,0,1
"('INTERNAL', ('B0*i', '-M0*M4 + M1*M4 + M2*M4 - M3*M4 + M4*r'))",0.8725765446453444,0.8725765446453444,,1,0.0,9.900000000000002,0.12775974135261764,0.9791176234541662,False,False,0,1
"('INTERNAL', ('B0*M0', 'i*r'))",0.8725765040923017,0.8725765040923017,,1,0.0,9.900000000000002,0.12775973236334984,0.979117620403294,False,False,0,1
"('INTERNAL', ('B0*M0 + B0*M1 + B1*s', 'r'))",0.8725763190658475,0.8725763190658475,,1,0.0,9.900000000000002,0.12775969134911191,0.9791176064834458,False,False,0,1
"('INTERNAL', ('B0*M0*M2 + B1*M1*M2 + B1*M2*i', 'r'))",0.8725763190658475,0.8725763190658475,,1,0.0,9.900000000000002,0.12775969134911191,0.9791176064834458,False,False,0,1
"('INTERNAL', ('B0*M0*M1', 'sqrt(Abs(M0))*sqrt(Abs(r))'))",0.8725763190658475,0.8725763190658475,,1,0.0,9.900000000000002,0.12775969134911191,0.9791176064834458,False,False,0,1
"('INTERNAL', ('i*sqrt(Abs(M0))', 'r'))",0.8725763190658475,0.8725763190658475,,1,0.0,9.900000000000002,0.12775969134911191,0.9791176064834458,False,False,0,1
"('INTERNAL', ('B0*i + B1*M0*M1', 'r'))",0.8725763190658475,0.8725763190658475,,1,0.0,9.900000000000002,0.12775969134911191,0.9791176064834458,False,False,0,1
"('INTERNAL', ('B0*i + B1*sqrt(Abs(M0 - M1))', 'r'))",0.8725763190658475,0.8725763190658475,,1,0.0,9.900000000000002,0.12775969134911191,0.9791176064834458,False,False,0,1
"('TERMINAL', ('B0*i', 'sqrt(Abs(r))'))",0.8725761490402454,0.8725761490402454,,1,0.0,9.900000000000002,0.12775965366007386,0.9791175936921318,True,False,0,1
"('INTERNAL', ('B0*sqrt(Abs(M0*M2 - M1*M2 + M3))', 'B1 - M0 + i*r'))",0.8725032497960235,0.8725032497960235,,1,0.0,9.900000000000002,0.12774349497746856,0.9791121089274266,False,False,0,1
"('INTERNAL', ('B0*s*sqrt(Abs(M0 - M1))', 'M0'))",0.8722733832050599,0.8722733832050599,,1,0.0,9.900000000000002,0.12769255192192358,0.9790948086823773,False,False,0,1
"('INTERNAL', ('B0*sqrt(Abs(M0))*sqrt(Abs(M1))', 'M0 + M1'))",0.8722424909541656,0.8722424909541656,,1,0.0,9.900000000000002,0.12768570658019607,0.9790924830143319,False,False,0,1
"('INTERNAL', ('B0*M2 + B0*sqrt(Abs(M0 + M1))', 'M0'))",0.8721295178372545,0.8721295178372545,,1,0.0,9.900000000000002,0.12766067515214885,0.9790839767189927,False,False,0,1
"('INTERNAL', ('B0*M1 - M0*M1 + M1*sqrt(Abs(s))', 'B1 + M0*i - M1*i - M2'))",0.8720907954467977,0.8720907954467977,,1,0.0,9.900000000000002,0.1276520961712275,0.9790810606464261,False,False,0,1
"('INTERNAL', ('B0*M1 + B0*M2 + B0*sqrt(Abs(M0))', 'i'))",0.8720645640011767,0.8720645640011767,,1,0.0,9.900000000000002,0.1276462847823775,0.9790790850932929,False,False,0,1
"('INTERNAL', ('B0*M1 + B1*M0*s + B1*s', 'M0 - M1'))",0.8717781842159348,0.8717781842159348,,1,0.0,9.900000000000002,0.127582850522828,0.9790575098966856,False,False,0,1
"('INTERNAL', ('B0*M0 + B1*i + B2*s', 'M0 + M1 + M2 - M3'))",0.8716265532793144,0.8716265532793144,,1,0.0,9.900000000000002,0.12754927192419804,0.9790460809923022,False,False,0,1
"('INTERNAL', ('B0*M0', '-M0 + 2*i'))",0.8716265532793144,0.8716265532793144,,1,0.0,9.900000000000002,0.12754927192419804,0.9790460809923022,False,False,0,1
"('INTERNAL', ('B0*M0', 'M0 - M1 - M2 + i'))",0.8715983884444202,0.8715983884444202,,1,0.0,9.900000000000002,0.12754303546432083,0.9790439577093915,False,False,0,1
"('INTERNAL', ('B0*M0 + B0*M1 + B0*s', 'B1 + i'))",0.8713989682084683,0.8713989682084683,,1,0.0,9.900000000000002,0.12749888404460694,0.9790289201958859,False,False,0,1
"('INTERNAL', ('B0*M1*M2 + B0*M3 + B1*M0*M2', 'i'))",0.8712703153549676,0.8712703153549676,,1,0.0,9.900000000000002,0.12747040568978393,0.979019215560766,False,False,0,1
"('INTERNAL', ('B0*M3 + M3*sqrt(Abs(M0*M2 + M1*M2))', 'r'))",0.8712460117793233,0.8712460117793233,,1,0.0,9.900000000000002,0.12746502635764215,0.9790173819748165,False,False,0,1
"('INTERNAL', ('B0*i + B1*s', 'M1*sqrt(Abs(M0)) + M2 - M3 + i'))",0.8711722221185247,0.8711722221185247,,1,0.0,9.900000000000002,0.12744869471802234,0.9790118143194985,False,False,0,1
"('INTERNAL', ('B0*M0 + B2*sqrt(Abs(B1 + i))', 'M0*r'))",0.8710321674063601,0.8710321674063601,,1,0.0,9.900000000000002,0.12741770055813847,0.97900124433797,False,False,0,1
"('INTERNAL', ('B0*M1 + B1*sqrt(Abs(M0 + i))', 'M0'))",0.871031655004356,0.871031655004356,,1,0.0,9.900000000000002,0.1274175871723316,0.9790012056609653,False,False,0,1
"('INTERNAL', ('B0*M0 + B2*sqrt(Abs(B1 + i))', 'M0*M1*M2'))",0.8710293013317058,0.8710293013317058,,1,0.0,9.900000000000002,0.12741706634563446,0.9790010280010667,False,False,0,1
"('INTERNAL', ('B0*M0 + B0*M2 + B1*M1 + B1*M3', 'M0'))",0.8710258229756982,0.8710258229756982,,1,0.0,9.900000000000002,0.12741629664865042,0.9790007654461856,False,False,0,1
"('INTERNAL', ('B0*sqrt(Abs(M0*M1*M2 + M3))', 'M0 + i*r'))",0.87099761844837,0.87099761844837,,1,0.0,9.900000000000002,0.1274100556102148,0.9789986364265975,False,False,0,1
"('INTERNAL', ('B1*sqrt(Abs(B0*M1 - M0*M1 + M2))', 'M0 - M1 + i*r'))",0.8709860980386419,0.8709860980386419,,1,0.0,9.900000000000002,0.1274075064550456,0.9789977667710568,False,False,0,1
"('INTERNAL', ('B0*sqrt(Abs(M0))', 'M0 + r'))",0.8709512782188338,0.8709512782188338,,1,0.0,9.900000000000002,0.12739980197084044,0.9789951381531873,False,False,0,1
"('INTERNAL', ('B0*sqrt(Abs(M0 + M1))', 'M1 + i*sqrt(Abs(M0))'))",0.8709503323615333,0.8709503323615333,,1,0.0,9.900000000000002,0.12739959268784104,0.978995066745787,False,False,0,1
"('INTERNAL', ('B0*M0', 'B1*M0*sqrt(Abs(i)) + B2*M1*sqrt(Abs(i))'))",0.8709308032963148,0.8709308032963148,,1,0.0,9.900000000000002,0.12739527168258238,0.978993592368614,False,False,0,1
"('INTERNAL', ('B0*M3 + B1*sqrt(Abs(M0*M1 + M2))', 'M0'))",0.8708688134245546,0.8708688134245546,,1,0.0,9.900000000000002,0.12738155641757018,0.9789889119374438,False,False,0,1
"('INTERNAL', ('B0 + B1*M0 + B1*M1 + B2*i', '-M0*M2 - M1*M2 + M2*sqrt(Abs(i))'))",0.8707975046855145,0.8707975046855145,,1,0.0,9.900000000000002,0.12736578053279637,0.9789835271323929,False,False,0,1
"('INTERNAL', ('B0*M0', 'i + r'))",0.8707422602774061,0.8707422602774061,,1,0.0,9.900000000000002,0.12735355948505625,0.9789793548422002,False,False,0,1
"('INTERNAL', ('M0', 'M0 - M1 + M2'))",0.870673070642071,0.870673070642071,,1,0.0,9.900000000000002,0.12733825457362188,0.9789741286523175,False,False,0,1
"('INTERNAL', ('B0 + s', 'M0 + i'))",0.870673070642071,0.870673070642071,,1,0.0,9.900000000000002,0.12733825457362188,0.9789741286523175,False,False,0,1
"('INTERNAL', ('B0 + M0', '2*i'))",0.870673070642071,0.870673070642071,,1,0.0,9.900000000000002,0.12733825457362188,0.9789741286523175,False,False,0,1
"('INTERNAL', ('B0 + M0', 'i'))",0.870673070642071,0.870673070642071,,1,0.0,9.900000000000002,0.12733825457362188,0.9789741286523175,False,False,0,1
"('INTERNAL', ('M0 - M1 - M2 - M3 - M4 + M5', 'i'))",0.870673070642071,0.870673070642071,,1,0.0,9.900000000000002,0.12733825457362188,0.9789741286523175,False,False,0,1
"('TERMINAL', ('B0 - i', 'r'))",0.870673070642071,0.870673070642071,,1,0.0,9.900000000000002,0.12733825457362188,0.9789741286523175,True,False,0,1
"('INTERNAL', ('B0 - M0 - M1', 'r'))",0.870673070642071,0.870673070642071,,1,0.0,9.900000000000002,0.12733825457362188,0.9789741286523175,False,False,0,1
"('INTERNAL', ('-M0 + s', 'sqrt(Abs(M0))'))",0.870673070642071,0.870673070642071,,1,0.0,9.900000000000002,0.12733825457362188,0.9789741286523175,False,False,0,1
"('INTERNAL', ('B0 - M0', 'sqrt(Abs(M0))'))",0.870673070642071,0.870673070642071,,1,0.0,9.900000000000002,0.12733825457362188,0.9789741286523175,False,False,0,1
"('INTERNAL', ('-M0 + s', 'sqrt(Abs(i))'))",0.870673070642071,0.870673070642071,,1,0.0,9.900000000000002,0.12733825457362188,0.9789741286523175,False,False,0,1
"('INTERNAL', ('M0 + M1', 'B0 + i'))",0.8706730700197908,0.8706730700197908,,1,0.0,9.900000000000002,0.12733825443597746,0.9789741286053105,False,False,0,1
"('INTERNAL', ('B0*M1 + M1*sqrt(Abs(M0*i - M0*s))', 'r'))",0.8702775587953038,0.8702775587953038,,1,0.0,9.900000000000002,0.12725078923484673,0.9789442390561293,False,False,0,1
"('INTERNAL', ('M1*M2*sqrt(Abs(M0))', 'M0*M1'))",0.8702605404607842,0.8702605404607842,,1,0.0,9.900000000000002,0.1272470265923272,0.9789429523788106,False,False,0,1
"('INTERNAL', ('-M0*M1*M3 - M2*M3 + M3*sqrt(Abs(s))', 'M0 - M1'))",0.8701223422809841,0.8701223422809841,,1,0.0,9.900000000000002,0.12721647454055132,0.978932502117444,False,False,0,1
"('INTERNAL', ('B0*sqrt(Abs(M0))', 'M1*sqrt(Abs(M0)) + M2'))",0.870051491567056,0.870051491567056,,1,0.0,9.900000000000002,0.12720081311401094,0.9789271433323611,False,False,0,1
"('INTERNAL', ('B0*Abs(M0 + i)**(1/4)', 'M0'))",0.8699407629418006,0.8699407629418006,,1,0.0,9.900000000000002,0.12717633923994504,0.978918766756987,False,False,0,1
"('INTERNAL', ('B0 + B1*M0 + B1*M1 + B2*i', '-M2*M3 + M3*sqrt(Abs(M0))*sqrt(Abs(M1))'))",0.8698991990767199,0.8698991990767199,,1,0.0,9.900000000000002,0.127167153342226,0.9789156219545556,False,False,0,1
"('INTERNAL', ('B0 + B1*i', 'sqrt(Abs(M0))*sqrt(Abs(M1))'))",0.8698735840455184,0.8698735840455184,,1,0.0,9.900000000000002,0.12716149245911132,0.9789136837322878,False,False,0,1
"('INTERNAL', ('B0 + B1*M0*M1', 'M0 + M1'))",0.8698627500524106,0.8698627500524106,,1,0.0,9.900000000000002,0.12715909821203442,0.9789128639204244,False,False,0,1
"('INTERNAL', ('M3*sqrt(Abs(M0 + M1 + M2))', 'sqrt(Abs(M0))'))",0.8698351622274915,0.8698351622274915,,1,0.0,9.900000000000002,0.12715300160078016,0.9789107762546272,False,False,0,1
"('INTERNAL', ('B0 + B1*i', 'i + sqrt(Abs(M0))'))",0.8698249871722121,0.8698249871722121,,1,0.0,9.900000000000002,0.12715075307116688,0.9789100062419833,False,False,0,1
"('INTERNAL', ('B0*M0 + B0*M1 + B1*M2 + B1*M3', 'B2*M1 - M0*M1'))",0.8698228475612936,0.8698228475612936,,1,0.0,9.900000000000002,0.1271502802535639,0.9789098443215668,False,False,0,1
"('INTERNAL', ('B0*M0', 'B1*M2*sqrt(Abs(M0))*sqrt(Abs(M1))'))",0.869822846851693,0.869822846851693,,1,0.0,9.900000000000002,0.12715028009675441,0.9789098442678659,False,False,0,1
"('INTERNAL', ('B0 + B1*M0 + B2*M1', 'M0 + M1 + M2 - M3 + i'))",0.869822838971693,0.869822838971693,,1,0.0,9.900000000000002,0.12715027835541065,0.9789098436715258,False,False,0,1
"('INTERNAL', ('B0 + B1*M0 + B2*M1 + B2*M2', '-M2*M3 + M3*sqrt(Abs(M0 - M1))'))",0.8698226876733915,0.8698226876733915,,1,0.0,9.900000000000002,0.127150244921104,0.9789098322216194,False,False,0,1
"('INTERNAL', ('B0*i + B1*sqrt(Abs(M0 + s))', 'r'))",0.869822678814911,0.869822678814911,,1,0.0,9.900000000000002,0.12715024296353322,0.97890983155123,False,False,0,1
"('INTERNAL', ('B0*i + B1*sqrt(Abs(M0 + i))', 'r'))",0.869822678814911,0.869822678814911,,1,0.0,9.900000000000002,0.12715024296353322,0.97890983155123,False,False,0,1
"('INTERNAL', ('B0 + B1*M0 + B2*M1 + B2*M2', '-M0*M1 + M1*sqrt(Abs(r))'))",0.8698226094161905,0.8698226094161905,,1,0.0,9.900000000000002,0.1271502276276189,0.9789098262992936,False,False,0,1
"('INTERNAL', ('B1*sqrt(Abs(B0 + M0))', 'M0'))",0.8697785690900054,0.8697785690900054,,1,0.0,9.900000000000002,0.12714049571990632,0.9789064932707455,False,False,0,1
"('INTERNAL', ('B0*M1 + B1*M0*i + B1*s', '-M0 + r'))",0.8697486534481338,0.8697486534481338,,1,0.0,9.900000000000002,0.12713388531979508,0.9789042290371643,False,False,0,1
"('INTERNAL', ('B0*sqrt(Abs(M0 + i))', 'M0*i + M1'))",0.8697289397279916,0.8697289397279916,,1,0.0,9.900000000000002,0.1271295293394967,0.9789027368799986,False,False,0,1
"('INTERNAL', ('M2*sqrt(Abs(M1 + Abs(M0)**(1/4)))', 'sqrt(Abs(i))'))",0.8696754817801543,0.8696754817801543,,1,0.0,9.900000000000002,0.12711771765710886,0.9788986902612274,False,False,0,1
"('INTERNAL', ('i**2', 'B0 - M0*M1 + M1*r'))",0.8696195351338782,0.8696195351338782,,1,0.0,9.900000000000002,0.12710535684919239,0.978894454758758,False,False,0,1
"('INTERNAL', ('B0*M0*M1 + B0*M2 + B1*M3', 'M0 - M1 + 2*i'))",0.8696069925933899,0.8696069925933899,,1,0.0,9.900000000000002,0.12710258581674902,0.9788935051422892,False,False,0,1
"('INTERNAL', ('B0*sqrt(Abs(M0 - M1 + M2))', 'M0 - M1 + M2'))",0.8695709528236356,0.8695709528236356,,1,0.0,9.900000000000002,0.12709462374182565,0.978890776369839,False,False,0,1
"('INTERNAL', ('B0*i', 'M0 - M1 + r'))",0.8695709510623765,0.8695709510623765,,1,0.0,9.900000000000002,0.12709462335272786,0.9788907762364791,False,False,0,1
"('INTERNAL', ('B0*i', 'M1 - M2 + sqrt(Abs(M0))'))",0.8695709510623765,0.8695709510623765,,1,0.0,9.900000000000002,0.12709462335272786,0.9788907762364791,False,False,0,1
"('INTERNAL', ('B0*M0', 'sqrt(Abs(-M0 + i + r))'))",0.8695709510613232,0.8695709510613232,,1,0.0,9.900000000000002,0.12709462335249522,0.9788907762363994,False,False,0,1
"('INTERNAL', ('B0*M0', 'sqrt(Abs(M0 + M1 - M2 - M3 + r))'))",0.8695709510613232,0.8695709510613232,,1,0.0,9.900000000000002,0.12709462335249522,0.9788907762363994,False,False,0,1
"('INTERNAL', ('B0*i', 'sqrt(Abs(M0 + r))'))",0.8695709510569055,0.8695709510569055,,1,0.0,9.900000000000002,0.12709462335151928,0.9788907762360649,False,False,0,1
"('INTERNAL', ('B0*i - M0*i', 'sqrt(Abs(B1*M0 + B1*M1 + B1*M2))'))",0.8695709509318221,0.8695709509318221,,1,0.0,9.900000000000002,0.12709462332388577,0.9788907762265937,False,False,0,1
"('INTERNAL', ('B0*sqrt(Abs(M0))', 'sqrt(Abs(M0 - M1 + M2))'))",0.8695709480397981,0.8695709480397981,,1,0.0,9.900000000000002,0.12709462268497926,0.978890776007614,False,False,0,1
"('INTERNAL', ('B0*i', '-M1*M2 + M2*r - M2*sqrt(Abs(M0))'))",0.8695709470005186,0.8695709470005186,,1,0.0,9.900000000000002,0.12709462245538136,0.9788907759289213,False,False,0,1
"('INTERNAL', ('B0*sqrt(Abs(M0)) + B0*sqrt(Abs(i))', 'sqrt(Abs(M0))*sqrt(Abs(M1))'))",0.8695709454567451,0.8695709454567451,,1,0.0,9.900000000000002,0.1270946221143306,0.9788907758120291,False,False,0,1
"('INTERNAL', ('B0*M2*sqrt(Abs(M0 - M1))', 'i'))",0.869563294095815,0.869563294095815,,1,0.0,9.900000000000002,0.12709293178127848,0.9788901964576115,False,False,0,1
"('INTERNAL', ('B0 + B1*M1 + B1*sqrt(Abs(M0))', 'i'))",0.8695625601101235,0.8695625601101235,,1,0.0,9.900000000000002,0.12709276963046054,0.9788901408803523,False,False,0,1
"('INTERNAL', ('B0 + B1*sqrt(Abs(M0)) + B2*M1', 'i'))",0.8695625601101235,0.8695625601101235,,1,0.0,9.900000000000002,0.12709276963046054,0.9788901408803523,False,False,0,1
"('INTERNAL', ('B0*sqrt(Abs(M0 - M1 + M2))', 'M0 + M1'))",0.8695560473994186,0.8695560473994186,,1,0.0,9.900000000000002,0.1270913308598105,0.9788896477352906,False,False,0,1
"('INTERNAL', ('B0*M0 + B0*M2 + B1*M1', 'M0 - M1'))",0.8695553935261985,0.8695553935261985,,1,0.0,9.900000000000002,0.12709118640846676,0.9788895982233687,False,False,0,1
"('INTERNAL', ('B0*M0 + B0*s', 'M0*r'))",0.8695513042552887,0.8695513042552887,,1,0.0,9.900000000000002,0.1270902830237031,0.9788892885781908,False,False,0,1
"('INTERNAL', ('M0*M2*M3 + M1*M2*M3 + M2*M3*s', 'i*r'))",0.8695513042552887,0.8695513042552887,,1,0.0,9.900000000000002,0.1270902830237031,0.9788892885781908,False,False,0,1
"('TERMINAL', ('B0*sqrt(Abs(i + s))', 'r'))",0.8695513042552887,0.8695513042552887,,1,0.0,9.900000000000002,0.1270902830237031,0.9788892885781908,True,False,0,1
"('INTERNAL', ('B0*M0 + B1*M1 + B1*i', 'r'))",0.8695513042552887,0.8695513042552887,,1,0.0,9.900000000000002,0.1270902830237031,0.9788892885781908,False,False,0,1
"('INTERNAL', ('B0*M0*M1', 'M0 - M1 + i'))",0.8695513042552887,0.8695513042552887,,1,0.0,9.900000000000002,0.1270902830237031,0.9788892885781908,False,False,0,1
"('INTERNAL', ('B0*sqrt(Abs(M1 + sqrt(Abs(M0))))', 'M0'))",0.8695513042552887,0.8695513042552887,,1,0.0,9.900000000000002,0.1270902830237031,0.9788892885781908,False,False,0,1
"('INTERNAL', ('B0*M0 + B0*s', 'sqrt(Abs(r))'))",0.8695513042552887,0.8695513042552887,,1,0.0,9.900000000000002,0.1270902830237031,0.9788892885781908,False,False,0,1
"('INTERNAL', ('B0*sqrt(Abs(M0 + M1))', 'M1*M2*sqrt(Abs(M0)) - M3 + M4'))",0.8695512895761999,0.8695512895761999,,1,0.0,9.900000000000002,0.12709027978086718,0.9788892874666653,False,False,0,1
"('INTERNAL', ('M0*sqrt(Abs(B0 + i))', 'r'))",0.869551275159258,0.869551275159258,,1,0.0,9.900000000000002,0.12709027659594355,0.97888928637499,False,False,0,1
"('INTERNAL', ('M0*M1*M2', 'M0*r'))",0.8695506504024819,0.8695506504024819,,1,0.0,9.900000000000002,0.12709013857763848,0.978889239067312,False,False,0,1
"('INTERNAL', ('B0*i', 'B1*r + sqrt(Abs(M0))'))",0.8695499979690328,0.8695499979690328,,1,0.0,9.900000000000002,0.1270899944452373,0.9788891896638402,False,False,0,1
"('INTERNAL', ('B0*sqrt(Abs(M0)) + B1*M1', 'Abs(M0)**(1/4)'))",0.8695006949547393,0.8695006949547393,,1,0.0,9.900000000000002,0.12707910297036654,0.9788854561484449,False,False,0,1
"('INTERNAL', ('B0*sqrt(Abs(M0))*sqrt(Abs(M1))', 'M0*i + M1'))",0.8694390481938754,0.8694390481938754,,1,0.0,9.900000000000002,0.12706548550032248,0.9788807873372356,False,False,0,1
"('INTERNAL', ('B0*i + B0*s', 'M0 + M1'))",0.8694053102425583,0.8694053102425583,,1,0.0,9.900000000000002,0.12705803334988375,0.9788782319360331,False,False,0,1
"('INTERNAL', ('B0*M0', 'M2 + sqrt(Abs(M0 + M1))'))",0.8694053099032778,0.8694053099032778,,1,0.0,9.900000000000002,0.12705803327494383,0.9788782319103341,False,False,0,1
"('INTERNAL', ('B0*M0 - M0*s + M0*sqrt(Abs(s))', 'B1 - M0 + i*r'))",0.8693656983359442,0.8693656983359442,,1,0.0,9.900000000000002,0.12704928410109653,0.9788752313904661,False,False,0,1
"('TERMINAL', ('B0*i - i*s + i*sqrt(Abs(s))', 'B1 + i*r - i'))",0.8693656983359442,0.8693656983359442,,1,0.0,9.900000000000002,0.12704928410109653,0.9788752313904661,True,False,0,1
"('INTERNAL', ('B0*sqrt(Abs(M0 + M1 + M2))', 'M0*M1 - M2 + M3'))",0.8692312376630383,0.8692312376630383,,1,0.0,9.900000000000002,0.12701958810818567,0.9788650442883449,False,False,0,1
"('INTERNAL', ('B0*s', 'B1 - M0*M1'))",0.8691554625582721,0.8691554625582721,,1,0.0,9.900000000000002,0.1270028549526887,0.9788593020711502,False,False,0,1
"('INTERNAL', ('B0*M0', 'M0 + sqrt(Abs(i))'))",0.8691554625581569,0.8691554625581569,,1,0.0,9.900000000000002,0.1270028549526632,0.9788593020711415,False,False,0,1
"('INTERNAL', ('M0*M1', 'i*sqrt(Abs(M0))'))",0.8691554625578422,0.8691554625578422,,1,0.0,9.900000000000002,0.12700285495259372,0.9788593020711176,False,False,0,1
"('INTERNAL', ('B0*s', '-M0*M1 + M2 + M3 + i'))",0.8691554625568274,0.8691554625568274,,1,0.0,9.900000000000002,0.12700285495236965,0.9788593020710408,False,False,0,1
"('INTERNAL', ('B0*s', 'B1 + M0 + M1 + M2 - M3'))",0.8691554625487414,0.8691554625487414,,1,0.0,9.900000000000002,0.12700285495058417,0.9788593020704279,False,False,0,1
"('INTERNAL', ('B0*s*sqrt(Abs(M0))', 'Abs(M0)**(1/4)'))",0.8691554625475538,0.8691554625475538,,1,0.0,9.900000000000002,0.1270028549503219,0.9788593020703379,False,False,0,1
"('INTERNAL', ('B0*s', '-M1 + i + sqrt(Abs(M0))'))",0.8691554625419416,0.8691554625419416,,1,0.0,9.900000000000002,0.12700285494908267,0.9788593020699126,False,False,0,1
"('INTERNAL', ('B0*s', '-M1 + Abs(M0)**(1/4)'))",0.869155462530726,0.869155462530726,,1,0.0,9.900000000000002,0.12700285494660601,0.9788593020690626,False,False,0,1
"('INTERNAL', ('B0*s', 'M3*sqrt(Abs(M0 + M1 - M2))'))",0.8691554625164228,0.8691554625164228,,1,0.0,9.900000000000002,0.12700285494344765,0.9788593020679787,False,False,0,1
"('INTERNAL', ('B0*M0', 'B1*M0 + B2*M1 + M2'))",0.8691554625144351,0.8691554625144351,,1,0.0,9.900000000000002,0.1270028549430087,0.978859302067828,False,False,0,1
"('INTERNAL', ('B0*s', 'M3*sqrt(Abs(-M0 + M1 + M2 + i))'))",0.8691554625137071,0.8691554625137071,,1,0.0,9.900000000000002,0.12700285494284796,0.9788593020677728,False,False,0,1
"('INTERNAL', ('B0*s', 'M3*sqrt(Abs(M0 + M1 - M2 - i))'))",0.8691554624887518,0.8691554624887518,,1,0.0,9.900000000000002,0.12700285493733737,0.9788593020658816,False,False,0,1
"('INTERNAL', ('B0*s', '-M1 + M2 + M3 + sqrt(Abs(M0))'))",0.8691554624409908,0.8691554624409908,,1,0.0,9.900000000000002,0.127002854926791,0.978859302062262,False,False,0,1
"('INTERNAL', ('B0*s', 'M3*sqrt(Abs(-M0*M1 + M2 + i))'))",0.8691554624374628,0.8691554624374628,,1,0.0,9.900000000000002,0.12700285492601188,0.9788593020619946,False,False,0,1
"('INTERNAL', ('B0*s', 'sqrt(Abs(B1*M0*i + B2*M1*i))'))",0.8691554624273442,0.8691554624273442,,1,0.0,9.900000000000002,0.1270028549237775,0.9788593020612277,False,False,0,1
"('INTERNAL', ('B0*s', 'B1*M0*sqrt(Abs(i)) + B1*M1*sqrt(Abs(i))'))",0.8691554620584231,0.8691554620584231,,1,0.0,9.900000000000002,0.12700285484231347,0.9788593020332688,False,False,0,1
"('INTERNAL', ('B0*s', 'B1*M0*sqrt(Abs(i)) + B2*M1*sqrt(Abs(i))'))",0.8691554620584231,0.8691554620584231,,1,0.0,9.900000000000002,0.12700285484231347,0.9788593020332688,False,False,0,1
"('INTERNAL', ('B0*s', '-M0 - M1 - M2 + i'))",0.8691554619240669,0.8691554619240669,,1,0.0,9.900000000000002,0.12700285481264528,0.9788593020230865,False,False,0,1
"('INTERNAL', ('B0*M0', 'sqrt(Abs(M0 - M1 + M2))'))",0.8691554618600181,0.8691554618600181,,1,0.0,9.900000000000002,0.1270028547985022,0.9788593020182325,False,False,0,1
"('INTERNAL', ('B0*s', '-M2 + sqrt(Abs(M0 - M1))'))",0.8691554616248343,0.8691554616248343,,1,0.0,9.900000000000002,0.12700285474656955,0.9788593020004088,False,False,0,1
"('INTERNAL', ('B0*s', 'sqrt(Abs(M0))*sqrt(Abs(M1))*sqrt(Abs(M2))*sqrt(Abs(M3))'))",0.8691554613236396,0.8691554613236396,,1,0.0,9.900000000000002,0.12700285468006062,0.9788593019775825,False,False,0,1
"('INTERNAL', ('B0*M0', 'B1*M0 + B2*i'))",0.8691554610885395,0.8691554610885395,,1,0.0,9.900000000000002,0.1270028546281465,0.9788593019597652,False,False,0,1
"('INTERNAL', ('B0*s', 'M0*M1 + i'))",0.8691554222397898,0.8691554222397898,,1,0.0,9.900000000000002,0.12700284604967607,0.9788592990155786,False,False,0,1
"('INTERNAL', ('B0*s', '-M0 - M1 + M2 - M3 + i'))",0.8691554182549714,0.8691554182549714,,1,0.0,9.900000000000002,0.12700284516975985,0.9788592987135856,False,False,0,1
"('INTERNAL', ('B0*s', 'M3*sqrt(Abs(-M0 + M1 + M2))'))",0.869155411552822,0.869155411552822,,1,0.0,9.900000000000002,0.1270028436898103,0.9788592982056573,False,False,0,1
"('INTERNAL', ('B0*sqrt(Abs(M0*M2 - M1*M2 + M3))', 'M0 - M1 - M2 + i*r'))",0.8691513368607268,0.8691513368607268,,1,0.0,9.900000000000002,0.1270019439299796,0.9788589894001668,False,False,0,1
"('INTERNAL', ('M1*M3*M4 - M2*M3*M4 + M3*M4*sqrt(Abs(M0))', 'i'))",0.869035937287405,0.869035937287405,,1,0.0,9.900000000000002,0.12697646349305147,0.9788502425854839,False,False,0,1
"('INTERNAL', ('M1*M2*M3*sqrt(Abs(M0))', 'B0*i**2'))",0.8690317146716369,0.8690317146716369,,1,0.0,9.900000000000002,0.12697553119439117,0.9788499224875612,False,False,0,1
"('INTERNAL', ('B0*M0*M2 + B1*M1*M2', 'B2*M0'))",0.8687458127683989,0.8687458127683989,,1,0.0,9.900000000000002,0.1269124180542933,0.9788282427964935,False,False,0,1
"('INTERNAL', ('B0*M0*M2 + B0*M2*sqrt(Abs(i)) + B1*M1*M2', 'M0*M1'))",0.8687111929185388,0.8687111929185388,,1,0.0,9.900000000000002,0.1269047770621971,0.9788256167037882,False,False,0,1
"('INTERNAL', ('B0*M0*M1*M2 + B0*M3 + B1*M4', 'M0 + M1 + M2 - M3 + i'))",0.8686995353278348,0.8686995353278348,,1,0.0,9.900000000000002,0.1269022041670545,0.978824732372152,False,False,0,1
"('INTERNAL', ('M0*M3*M4 + M1*M3*M4 + M2*M3*M4', 'B0*M0'))",0.8686688559957072,0.8686688559957072,,1,0.0,9.900000000000002,0.12689543322870697,0.9788224049674097,False,False,0,1
"('INTERNAL', ('B0*sqrt(Abs(M0*M2 - M1*M2 + M3))', 'i*r + r'))",0.8686427368931477,0.8686427368931477,,1,0.0,9.900000000000002,0.12688966891833953,0.9788204233918706,False,False,0,1
"('INTERNAL', ('M2*sqrt(Abs(M0 + M1))', 'sqrt(Abs(M0 + M1))'))",0.8686395958659738,0.8686395958659738,,1,0.0,9.900000000000002,0.12688897572614616,0.978820185084399,False,False,0,1
"('INTERNAL', ('B0*sqrt(Abs(M0))', 'sqrt(Abs(M0 - M1))'))",0.8686298945410211,0.8686298945410211,,1,0.0,9.900000000000002,0.126886834759561,0.978819449041752,False,False,0,1
"('INTERNAL', ('B0*M2*M3 + B1*M1*M3*sqrt(Abs(M0))', 'r'))",0.8686282227634963,0.8686282227634963,,1,0.0,9.900000000000002,0.12688646582057833,0.9788193222019111,False,False,0,1
"('INTERNAL', ('M0*M1', 'M0*M3 + M1*M3 - M2*M3'))",0.8686262962411736,0.8686262962411736,,1,0.0,9.900000000000002,0.12688604066367862,0.9788191760337033,False,False,0,1
"('INTERNAL', ('B0*sqrt(Abs(M0))*sqrt(Abs(M1))', 'M0*M1'))",0.8686248642472968,0.8686248642472968,,1,0.0,9.900000000000002,0.12688572464298079,0.9788190673857382,False,False,0,1
"('INTERNAL', ('B0*sqrt(Abs(M0 - M1 + M2))', 'M1*M2*sqrt(Abs(M0)) - M3 + M4'))",0.8686063483844906,0.8686063483844906,,1,0.0,9.900000000000002,0.12688163850097217,0.9788176625237893,False,False,0,1
"('INTERNAL', ('B0*M4 + B1*M0*M1*M3 + B1*M2*M3', 'Abs(M0)**(1/4)*Abs(M1)**(1/4)*Abs(M2)**(1/4)'))",0.8685960320609547,0.8685960320609547,,1,0.0,9.900000000000002,0.12687936189734444,0.9788168797648557,False,False,0,1
"('INTERNAL', ('B0*M0', 'M2 + sqrt(Abs(M0))*sqrt(Abs(M1))'))",0.8685738710481509,0.8685738710481509,,1,0.0,9.900000000000002,0.12687447149992764,0.9788151982227008,False,False,0,1
"('INTERNAL', ('B0*M0 + B1*M1', 'Abs(M0)**(1/8)*Abs(M1)**(1/4)'))",0.8685543678303156,0.8685543678303156,,1,0.0,9.900000000000002,0.12687016771402593,0.9788137182838708,False,False,0,1
"('INTERNAL', ('B0*sqrt(Abs(M0)) + B1*M1', 'Abs(M0)**(1/4)*Abs(M1)**(1/4)'))",0.8685540277726255,0.8685540277726255,,1,0.0,9.900000000000002,0.1268700926741431,0.9788136924791416,False,False,0,1
"('INTERNAL', ('B0 + B1*M0', 'M0*M1 + i'))",0.8685538411644352,0.8685538411644352,,1,0.0,9.900000000000002,0.1268700514956812,0.9788136783186723,False,False,0,1
"('INTERNAL', ('B0*M1*M3 + B0*M3*sqrt(Abs(M0)) + B1*M2*M3', 'M0*i'))",0.868550674953293,0.868550674953293,,1,0.0,9.900000000000002,0.12686935281541983,0.9788134380548523,False,False,0,1
"('INTERNAL', ('-M0*M1 + M1*sqrt(Abs(s))', 'r'))",0.8685501108038517,0.8685501108038517,,1,0.0,9.900000000000002,0.12686922832616893,0.978813395244934,False,False,0,1
"('INTERNAL', ('B0*M0 + B0*sqrt(Abs(i))', 'sqrt(Abs(M0 + M1))'))",0.8685386874865108,0.8685386874865108,,1,0.0,9.900000000000002,0.12686670759222612,0.9788125283867738,False,False,0,1
"('INTERNAL', ('B0*sqrt(Abs(-M0*M1 + M1*i + M2))', 'M0 - M1 + i*r'))",0.8685386874806471,0.8685386874806471,,1,0.0,9.900000000000002,0.12686670759093222,0.9788125283863288,False,False,0,1
"('INTERNAL', ('B0*sqrt(Abs(-M0*M1 + M1*s + M2))', 'i*r'))",0.8685386874806471,0.8685386874806471,,1,0.0,9.900000000000002,0.12686670759093222,0.9788125283863288,False,False,0,1
"('INTERNAL', ('B0*sqrt(Abs(M0))', 'M0*r'))",0.8685386874806471,0.8685386874806471,,1,0.0,9.900000000000002,0.12686670759093222,0.9788125283863288,False,False,0,1
"('INTERNAL', ('B0*M0', 'M0*sqrt(Abs(r))'))",0.8685386874181832,0.8685386874181832,,1,0.0,9.900000000000002,0.12686670757714866,0.9788125283815887,False,False,0,1
"('INTERNAL', ('B0*sqrt(Abs(M0)) + B1*M1', 'sqrt(Abs(r))'))",0.8685386874151337,0.8685386874151337,,1,0.0,9.900000000000002,0.12686670757647578,0.9788125283813573,False,False,0,1
"('INTERNAL', ('B0*sqrt(Abs(i))', 'M0'))",0.8685386869666364,0.8685386869666364,,1,0.0,9.900000000000002,0.12686670747750847,0.9788125283473227,False,False,0,1
"('TERMINAL', ('B0*sqrt(Abs(i))', 'r'))",0.8685386869666364,0.8685386869666364,,1,0.0,9.900000000000002,0.12686670747750847,0.9788125283473227,True,False,0,1
"('INTERNAL', ('B0*sqrt(Abs(M0*M1 + M2))', 'r'))",0.8685386869666364,0.8685386869666364,,1,0.0,9.900000000000002,0.12686670747750847,0.9788125283473227,False,False,0,1
"('INTERNAL', ('B0*M1 + B0*sqrt(Abs(M0)) + B1*M2', 'M0'))",0.8685386869666364,0.8685386869666364,,1,0.0,9.900000000000002,0.12686670747750847,0.9788125283473227,False,False,0,1
"('INTERNAL', ('B0*M1*M3 + B0*M3*sqrt(Abs(M0)) + B1*M2*M3', 'B2*r'))",0.8685386557234224,0.8685386557234224,,1,0.0,9.900000000000002,0.1268667005832481,0.9788125259764031,False,False,0,1
"('TERMINAL', ('B2*sqrt(Abs(B0*s + B1 + i))', 'i*r + i - r'))",0.8685050259313386,0.8685050259313386,,1,0.0,9.900000000000002,0.12685927983076267,0.9788099738573919,True,False,0,1
"('INTERNAL', ('B0*M0 + B1*M1 + B1*s', 'B2 - M0'))",0.868493128676138,0.868493128676138,,1,0.0,9.900000000000002,0.12685665464864382,0.9788090709470078,False,False,0,1
"('INTERNAL', ('B0*M0 + B0*sqrt(Abs(i))', 'sqrt(Abs(i))'))",0.8684209741036316,0.8684209741036316,,1,0.0,9.900000000000002,0.12684073417376124,0.978803594476712,False,False,0,1
"('INTERNAL', ('B0*sqrt(Abs(M0 + i))', 'M0*M1*M2 - M3 + M4'))",0.8683867789297356,0.8683867789297356,,1,0.0,9.900000000000002,0.12683318966377555,0.9788009987973293,False,False,0,1
"('INTERNAL', ('B0*M0*M2 + B0*M1*M2', 'r'))",0.868362901909349,0.868362901909349,,1,0.0,9.900000000000002,0.12682792182848618,0.9787991862335037,False,False,0,1
"('INTERNAL', ('B0*M1 + B1*M0*M1 + B2*M1*s', 'B3*M2 + B4*M0*M1'))",0.8683629019061512,0.8683629019061512,,1,0.0,9.900000000000002,0.1268279218277807,0.9787991862332609,False,False,0,1
"('INTERNAL', ('B0*M2 + M2*sqrt(Abs(M0 + M1))', 'r'))",0.8682917674117984,0.8682917674117984,,1,0.0,9.900000000000002,0.12681222871368814,0.9787937856892185,False,False,0,1
"('INTERNAL', ('B0*M0 + B0*M1 + B1*M2', '-M0 + i'))",0.8682741977567434,0.8682741977567434,,1,0.0,9.900000000000002,0.12680835283225694,0.9787924516713277,False,False,0,1
"('INTERNAL', ('B0*sqrt(Abs(s))', 'M0*M2 - M1*M2'))",0.8682648526148556,0.8682648526148556,,1,0.0,9.900000000000002,0.12680629131686014,0.978791742098779,False,False,0,1
"('INTERNAL', ('B0*sqrt(Abs(M0)) + B1*M1', 'B2 + r'))",0.8682628904370827,0.8682628904370827,,1,0.0,9.900000000000002,0.1268058584680013,0.9787915931096767,False,False,0,1
"('INTERNAL', ('B0*sqrt(Abs(M0 + M1))', 'M0 + M1 + M2'))",0.8682474945749741,0.8682474945749741,,1,0.0,9.900000000000002,0.12680246223322977,0.9787904240727826,False,False,0,1
"('INTERNAL', ('B0*M2 + B1*M3 + B2*M0*M2 + B2*M1*M2', 'B3*Abs(i)**(1/4)'))",0.8682338784095548,0.8682338784095548,,1,0.0,9.900000000000002,0.12679945863780617,0.9787893901395778,False,False,0,1
"('INTERNAL', ('B0*M0 + B2*sqrt(Abs(B1 + i))', 'M1*sqrt(Abs(M0))'))",0.868229510820204,0.868229510820204,,1,0.0,9.900000000000002,0.1267984951992399,0.9787890584836185,False,False,0,1
"('INTERNAL', ('B0*sqrt(Abs(s))', 'B1 + sqrt(Abs(M0))*sqrt(Abs(M1))'))",0.8682293158574818,0.8682293158574818,,1,0.0,9.900000000000002,0.12679845219287897,0.9787890436789153,False,False,0,1
"('INTERNAL', ('M0*M2*M3 + M1*M2*M3 + M2*M3*s', 'M0*M2 - M1*M2'))",0.8680951433499261,0.8680951433499261,,1,0.0,9.900000000000002,0.12676885763347212,0.9787788536834421,False,False,0,1
"('INTERNAL', ('B0*Abs(M0)**(1/8)', 'M0'))",0.8680441889574007,0.8680441889574007,,1,0.0,9.900000000000002,0.12675761974248032,0.9787749830865029,False,False,0,1
"('INTERNAL', ('B0*sqrt(Abs(M0))', 'sqrt(Abs(M0 - M1 + r))'))",0.8680417444297731,0.8680417444297731,,1,0.0,9.900000000000002,0.12675708062289207,0.9787747973847362,False,False,0,1
"('INTERNAL', ('B0*M1 + B1*M0*s', 'Abs(M0)**(1/4)*Abs(M1)**(1/4)'))",0.8680382367862226,0.8680382367862226,,1,0.0,9.900000000000002,0.12675630704479712,0.9787745309202719,False,False,0,1
"('INTERNAL', ('B0*M0 + B1*s', 'B2 + M0'))",0.8679253283292824,0.8679253283292824,,1,0.0,9.900000000000002,0.12673140776496292,0.9787659525595218,False,False,0,1
"('INTERNAL', ('B0*sqrt(Abs(M0))', 'sqrt(Abs(M1 + sqrt(Abs(M0))))'))",0.8678651552072795,0.8678651552072795,,1,0.0,9.900000000000002,0.12671813930128245,0.9787613799866584,False,False,0,1
"('INTERNAL', ('B0*M0', 'M1*M2 + M2*sqrt(Abs(M0))'))",0.867864139097355,0.867864139097355,,1,0.0,9.900000000000002,0.1267179152518425,0.9787613027671285,False,False,0,1
"('INTERNAL', ('B0*M0*M3 + B0*M1*M3 + B1*M2*M3', 'M1*sqrt(Abs(M0))'))",0.8678017023008006,0.8678017023008006,,1,0.0,9.900000000000002,0.1267041486007957,0.9787565575456143,False,False,0,1
"('INTERNAL', ('B0 - M0*M2*M3 + M1*M2*M3', 'r'))",0.8678002460839348,0.8678002460839348,,1,0.0,9.900000000000002,0.1267038275319528,0.9787564468650014,False,False,0,1
"('INTERNAL', ('M0*M1*M2', 'B0 + i'))",0.8677313835059721,0.8677313835059721,,1,0.0,9.900000000000002,0.12668864520882306,0.9787512125316924,False,False,0,1
"('INTERNAL', ('M0*M1*i', 'B0 + i'))",0.8677313835059721,0.8677313835059721,,1,0.0,9.900000000000002,0.12668864520882306,0.9787512125316924,False,False,0,1
"('INTERNAL', ('B0*M1*s + B0*M2 + B1*M0*s', 'i'))",0.8676773793270438,0.8676773793270438,,1,0.0,9.900000000000002,0.12667673957969874,0.97874710706609,False,False,0,1
"('INTERNAL', ('B0*sqrt(Abs(M0 - M1))', 'M0*i + M1'))",0.8675921269796719,0.8675921269796719,,1,0.0,9.900000000000002,0.12665794652584048,0.9787406251121596,False,False,0,1
"('INTERNAL', ('B0*M0 + B1*s', 'M0 + i'))",0.867508832134927,0.867508832134927,,1,0.0,9.900000000000002,0.12663958672269868,0.9787342908530131,False,False,0,1
"('INTERNAL', ('B0*M1*sqrt(Abs(M0))', 'M0'))",0.8674405027281351,0.8674405027281351,,1,0.0,9.900000000000002,0.12662452687569098,0.9787290938183579,False,False,0,1
"('INTERNAL', ('-M0*M1 - M1*i + M1*sqrt(Abs(s))', 'M0 - M1'))",0.8673384824449797,0.8673384824449797,,1,0.0,9.900000000000002,0.12660204368841538,0.9787213328946891,False,False,0,1
"('INTERNAL', ('B0*sqrt(Abs(M0 + M1))', 'M0*M1*i + M2'))",0.8672648541949466,0.8672648541949466,,1,0.0,9.900000000000002,0.12658581912638395,0.9787157307704712,False,False,0,1
"('INTERNAL', ('B0*M0', 'B1*sqrt(Abs(r))'))",0.867211008737258,0.867211008737258,,1,0.0,9.900000000000002,0.1265739547072991,0.9787116332948984,False,False,0,1
"('INTERNAL', ('M0 + i', 'i'))",0.8671036812937377,0.8671036812937377,,1,0.0,9.900000000000002,0.1265503080982268,0.9787034645989677,False,False,0,1
"('INTERNAL', ('B0*M1*M3 + B0*M3*sqrt(Abs(M0)) + B1*M2*M3', 'M0*M1*M2'))",0.8670746484277849,0.8670746484277849,,1,0.0,9.900000000000002,0.12654391200582865,0.9787012545850946,False,False,0,1
"('INTERNAL', ('B0*M0 + B0*M2 + B0*M3 + B1*M1', 'M0'))",0.866924263406185,0.866924263406185,,1,0.0,9.900000000000002,0.12651078473705085,0.9786898049209332,False,False,0,1
"('INTERNAL', ('B0*M0 + B1*s', 'Abs(M0)**(1/4)*Abs(M1)**(1/4)'))",0.8669163252503589,0.8669163252503589,,1,0.0,9.900000000000002,0.12650903625152143,0.978689200442122,False,False,0,1
"('INTERNAL', ('B0*M0*i + B0*M1 + B1*M2', 'M0 + M1 - M2 + i'))",0.866881635489784,0.866881635489784,,1,0.0,9.900000000000002,0.1265013955484097,0.9786865587481935,False,False,0,1
"('INTERNAL', ('B0*Abs(M0)**(1/4)*Abs(M1)**(1/4)', 'M0'))",0.86669940637999,0.86669940637999,,1,0.0,9.900000000000002,0.126461262989273,0.9786726784321241,False,False,0,1
"('INTERNAL', ('B0*sqrt(Abs(M0*M1 + M2))', 'M0 + M1 + i*r'))",0.8664978831662503,0.8664978831662503,,1,0.0,9.900000000000002,0.1264168908310409,0.978657322214164,False,False,0,1
"('INTERNAL', ('B0*sqrt(Abs(M0 - M1 + M2))', 'M0*i + M1'))",0.8663844803761961,0.8663844803761961,,1,0.0,9.900000000000002,0.12639192578488181,0.9786486779382494,False,False,0,1
"('INTERNAL', ('B0*M1 + B0*sqrt(Abs(M0))', 'sqrt(Abs(M0))'))",0.8662346143159146,0.8662346143159146,,1,0.0,9.900000000000002,0.1263589384151576,0.9786372509984516,False,False,0,1
"('INTERNAL', ('M0*M1 - M2', 'M0 + M1'))",0.8661667335793024,0.8661667335793024,,1,0.0,9.900000000000002,0.12634399885494116,0.9786320740494355,False,False,0,1
"('INTERNAL', ('B0 + i**2', 'B1*M0 + B1*M2 + B2*M1 - M3'))",0.8661464716338224,0.8661464716338224,,1,0.0,9.900000000000002,0.12633953971705583,0.9786305286197903,False,False,0,1
"('INTERNAL', ('B0 + B1*i', 'M0 + M1 + i'))",0.8659661525461511,0.8659661525461511,,1,0.0,9.900000000000002,0.12629986055264222,0.9786167722915062,False,False,0,1
"('INTERNAL', ('B0*i**2', 'M0 + M1'))",0.8656800447130839,0.8656800447130839,,1,0.0,9.900000000000002,0.1262369191017192,0.9785949346284719,False,False,0,1
"('INTERNAL', ('B0*i', 'B1 - M0*M1 + M1*r'))",0.8654406737942795,0.8654406737942795,,1,0.0,9.900000000000002,0.12618427494697873,0.9785766540229778,False,False,0,1
"('INTERNAL', ('B0*M2*Abs(M0)**(1/4)*Abs(M1)**(1/4)', 'i'))",0.8651994928875366,0.8651994928875366,,1,0.0,9.900000000000002,0.12613124704799505,0.9785582257751367,False,False,0,1
"('INTERNAL', ('M0*i - M1*i', 'M0 + M1'))",0.8651966102658214,0.8651966102658214,,1,0.0,9.900000000000002,0.1261306133394164,0.9785580054614614,False,False,0,1
"('INTERNAL', ('B0*M1 + B0*sqrt(Abs(M0)) + B1*M2', 'r'))",0.8651950286041572,0.8651950286041572,,1,0.0,9.900000000000002,0.12613026563161783,0.9785578845772864,False,False,0,1
"('INTERNAL', ('M0*i', 'B0*Abs(M0)**(1/4)'))",0.8651154414558363,0.8651154414558363,,1,0.0,9.900000000000002,0.12611277022754153,0.97855180131872,False,False,0,1
"('INTERNAL', ('B0*M0 + B0*sqrt(Abs(i))', 'i'))",0.8650465088614201,0.8650465088614201,,1,0.0,9.900000000000002,0.12609761824675167,0.9785465316112008,False,False,0,1
"('INTERNAL', ('B0*i + B2*sqrt(Abs(B1 + i))', '-M0*M1 + M1*i'))",0.8647551353924743,0.8647551353924743,,1,0.0,9.900000000000002,0.12603358480341112,0.9785242483797298,False,False,0,1
"('INTERNAL', ('B0*M0 + B1*s', 'M0*M1'))",0.8645961384271388,0.8645961384271388,,1,0.0,9.900000000000002,0.12599865181305153,0.9785120830250342,False,False,0,1
"('INTERNAL', ('B0*M0 + B0*M1 + B1*M2', 'M0 + i'))",0.8644164348313673,0.8644164348313673,,1,0.0,9.900000000000002,0.1259591769141694,0.9784983283949531,False,False,0,1
"('INTERNAL', ('M1*M2*M3 + M2*M3*s + M2*M3*sqrt(Abs(M0))', 'M0*M1'))",0.864347913666777,0.864347913666777,,1,0.0,9.900000000000002,0.12594412719465753,0.9784930823581154,False,False,0,1
"('INTERNAL', ('B0*M0 + B0*M1', 'M0*M1*M2'))",0.864320138760449,0.864320138760449,,1,0.0,9.900000000000002,0.1259380271534595,0.9784909556710104,False,False,0,1
"('INTERNAL', ('B0*M0 + B1*M1', 'sqrt(Abs(M0 - M1))'))",0.8642872146822682,0.8642872146822682,,1,0.0,9.900000000000002,0.1259307964762658,0.978488434556332,False,False,0,1
"('INTERNAL', ('M0*M1*M2*M3', 'B0*M0*M1*i'))",0.8642598207724824,0.8642598207724824,,1,0.0,9.900000000000002,0.12592478052032435,0.9784863367721678,False,False,0,1
"('INTERNAL', ('B0*M0 + B1*M1 + B1*M2', 'M0 + i'))",0.8642462332466191,0.8642462332466191,,1,0.0,9.900000000000002,0.1259217966427107,0.978485296214735,False,False,0,1
"('INTERNAL', ('M0*M1*i - M2*i', 'sqrt(Abs(B0*M0 + B0*M1 + B0*r))'))",0.8641446355802902,0.8641446355802902,,1,0.0,9.900000000000002,0.1258994868138551,0.9784775147295282,False,False,0,1
"('INTERNAL', ('M4*sqrt(Abs(M3 + sqrt(Abs(-M0 + M1 + M2))))', 'sqrt(Abs(i))'))",0.8641216363904614,0.8641216363904614,,1,0.0,9.900000000000002,0.12589443677604378,0.9784757529614955,False,False,0,1
"('INTERNAL', ('B0 + B1*i', 'sqrt(Abs(M0*M1 + sqrt(Abs(r))))'))",0.86403360385199,0.86403360385199,,1,0.0,9.900000000000002,0.12587510827325799,0.9784690087593302,False,False,0,1
"('INTERNAL', ('B0*M0 + B0*M1 + B1*M2 + B1*M3', '-M0*M1 + M1*i'))",0.8639996592741244,0.8639996592741244,,1,0.0,9.900000000000002,0.12586765588237522,0.9784664079173094,False,False,0,1
"('INTERNAL', ('B0*M1*M2 + B0*M3 + B1*M0*M2', 'Abs(M0)**(1/4)*Abs(M1)**(1/4)'))",0.8639894915850207,0.8639894915850207,,1,0.0,9.900000000000002,0.12586542366387116,0.978465628829974,False,False,0,1
"('INTERNAL', ('B0*Abs(M0 + s)**(1/4)', 'M0 - M1'))",0.8639729412153365,0.8639729412153365,,1,0.0,9.900000000000002,0.12586179024370328,0.9784643606412259,False,False,0,1
"('INTERNAL', ('M0*M5*M6 + M1*M5*M6 + M2*M5*M6 + M3*M5*M6 - M4*M5*M6', 'i'))",0.8638796700248919,0.8638796700248919,,1,0.0,9.900000000000002,0.12584131502096416,0.9784572128095964,False,False,0,1
"('INTERNAL', ('B0*Abs(M0 + M1)**(1/4)', 'sqrt(Abs(M0))'))",0.8638566066088619,0.8638566066088619,,1,0.0,9.900000000000002,0.1258362523890873,0.9784554451280822,False,False,0,1
"('INTERNAL', ('B0*i', 'sqrt(Abs(M0))*sqrt(Abs(r))'))",0.8638507811673674,0.8638507811673674,,1,0.0,9.900000000000002,0.12583497367188115,0.9784549986269754,False,False,0,1
"('INTERNAL', ('B0*M1 + B1*M0*i', 'Abs(M0)**(1/4)*Abs(M1)**(1/4)*Abs(M2)**(1/4)'))",0.8638507811673674,0.8638507811673674,,1,0.0,9.900000000000002,0.12583497367188115,0.9784549986269754,False,False,0,1
"('INTERNAL', ('B0*M0', 'i - r'))",0.8637965660711452,0.8637965660711452,,1,0.0,9.900000000000002,0.12582307355463793,0.9784508429518873,False,False,0,1
"('INTERNAL', ('B0*sqrt(Abs(M0))', 'B1*i + M0'))",0.8637404828045594,0.8637404828045594,,1,0.0,9.900000000000002,0.1258107641405131,0.9784465435755945,False,False,0,1
"('INTERNAL', ('B0*M0*M1*M2 + B0*M3 + B1*M4', 'M0 + M1 - M2 + i'))",0.8636100728516118,0.8636100728516118,,1,0.0,9.900000000000002,0.1257821441626714,0.9784365442943357,False,False,0,1
"('INTERNAL', ('B0*sqrt(Abs(M0*M2 - M1*M2 + M3))', 'B1 + i*r'))",0.8634441722008152,0.8634441722008152,,1,0.0,9.900000000000002,0.12574574140307826,0.978423819740136,False,False,0,1
"('INTERNAL', ('B0*M2 + B1*sqrt(Abs(M0))*sqrt(Abs(M1))', 'M0'))",0.8633905667462276,0.8633905667462276,,1,0.0,9.900000000000002,0.12573398047451384,0.9784197072532844,False,False,0,1
"('INTERNAL', ('B0 + sqrt(Abs(M0))', 'M0 + i'))",0.863340739452843,0.863340739452843,,1,0.0,9.900000000000002,0.1257230491025081,0.9784158841991561,False,False,0,1
"('TERMINAL', ('B0 + B1*sqrt(Abs(i)) - i - s', 'r'))",0.8633043680651992,0.8633043680651992,,1,0.0,9.900000000000002,0.12571507014406366,0.9784130933093109,True,False,0,1
"('INTERNAL', ('B0*M0 + B0*M1', 'sqrt(Abs(M0 - M1 + r))'))",0.8632398544936137,0.8632398544936137,,1,0.0,9.900000000000002,0.12570091830802138,0.9784081424527729,False,False,0,1
"('INTERNAL', ('M0*i - M1*i', 'B0*sqrt(Abs(i))'))",0.8630970382627748,0.8630970382627748,,1,0.0,9.900000000000002,0.12566959348316578,0.9783971801388983,False,False,0,1
"('INTERNAL', ('B0 - M0*M1*M2*M3', 'r'))",0.863017251319425,0.863017251319425,,1,0.0,9.900000000000002,0.12565209547709036,0.9783910543939169,False,False,0,1
"('INTERNAL', ('M0*M3*M4 - M1*M3*M4 - M2*M3*M4', 'i'))",0.8629686788200049,0.8629686788200049,,1,0.0,9.900000000000002,0.1256414438525966,0.9783873246708444,False,False,0,1
"('INTERNAL', ('M0*M5*M6 - M1*M5*M6 + M2*M5*M6 + M3*M5*M6 - M4*M5*M6', 'i'))",0.8629686788200049,0.8629686788200049,,1,0.0,9.900000000000002,0.1256414438525966,0.9783873246708444,False,False,0,1
"('INTERNAL', ('B0*M0*M1*M2', 'i'))",0.8629686788200049,0.8629686788200049,,1,0.0,9.900000000000002,0.1256414438525966,0.9783873246708444,False,False,0,1
"('INTERNAL', ('-M2*M3 + M3*sqrt(Abs(M0))*sqrt(Abs(M1))', 'M0'))",0.8628958814051875,0.8628958814051875,,1,0.0,9.900000000000002,0.12562548095529674,0.9783817340772648,False,False,0,1
"('INTERNAL', ('B0*sqrt(Abs(M0))*sqrt(Abs(M1))', 'sqrt(Abs(M0 + M1))'))",0.862657568985175,0.862657568985175,,1,0.0,9.900000000000002,0.12557323333926648,0.9783634264641874,False,False,0,1
"('INTERNAL', ('B0*M0', 'Abs(i)**(1/4)'))",0.862657568985175,0.862657568985175,,1,0.0,9.900000000000002,0.12557323333926648,0.9783634264641874,False,False,0,1
"('TERMINAL', ('B0*sqrt(Abs(s + sqrt(Abs(i))))', 'r'))",0.8626139201407343,0.8626139201407343,,1,0.0,9.900000000000002,0.12556366528333132,0.978360072275852,True,False,0,1
"('INTERNAL', ('B0*sqrt(Abs(M0 + s))', 'M0'))",0.8626139201407343,0.8626139201407343,,1,0.0,9.900000000000002,0.12556366528333132,0.978360072275852,False,False,0,1
"('INTERNAL', ('B0*M0', 'Abs(M0 - M1)**(1/4)'))",0.8625710235792323,0.8625710235792323,,1,0.0,9.900000000000002,0.12555426258929964,0.978356775594565,False,False,0,1
"('INTERNAL', ('B0*s + B0*sqrt(Abs(i))', 'sqrt(Abs(M0))'))",0.8625380136558122,0.8625380136558122,,1,0.0,9.900000000000002,0.1255470273015974,0.9783542385161362,False,False,0,1
"('INTERNAL', ('B0*M0 + B0*sqrt(Abs(i))', 'sqrt(Abs(M0 - M1))'))",0.862535204697067,0.862535204697067,,1,0.0,9.900000000000002,0.1255464116317239,0.9783540226168522,False,False,0,1
"('INTERNAL', ('B0*sqrt(Abs(M0))*sqrt(Abs(M1))', 'r'))",0.8624964061472344,0.8624964061472344,,1,0.0,9.900000000000002,0.125537907932795,0.978351040391483,False,False,0,1
"('INTERNAL', ('B0*M0', 'sqrt(Abs(M0 + i))'))",0.8624802950775216,0.8624802950775216,,1,0.0,9.900000000000002,0.1255343768869892,0.9783498019525882,False,False,0,1
"('INTERNAL', ('B0*M0', 'sqrt(Abs(i + r))'))",0.8624802950775216,0.8624802950775216,,1,0.0,9.900000000000002,0.1255343768869892,0.9783498019525882,False,False,0,1
"('INTERNAL', ('sqrt(Abs(M0*i - M1 + M2))', 'B0*r'))",0.8624778743859784,0.8624778743859784,,1,0.0,9.900000000000002,0.12553384635215736,0.9783496158732397,False,False,0,1
"('INTERNAL', ('-M1*M2 + M2*sqrt(Abs(M0))', 'sqrt(Abs(M0))'))",0.8624475277095873,0.8624475277095873,,1,0.0,9.900000000000002,0.12552719549559188,0.9783472830334268,False,False,0,1
"('INTERNAL', ('B0*sqrt(Abs(M0 - M1 - M2 + M3))', 'M0*M2*M3 - M1*M2*M3 - M4 + M5'))",0.8619018124511115,0.8619018124511115,,1,0.0,9.900000000000002,0.12540763385013795,0.9783053066906403,False,False,0,1
"('INTERNAL', ('B0*M0*M3 + B0*M1*M3 + B1*M2*M3', 'M0*M1*M2'))",0.8615004612655973,0.8615004612655973,,1,0.0,9.900000000000002,0.1253197479806442,0.9782744038803888,False,False,0,1
"('INTERNAL', ('B0*M2 + B1*sqrt(Abs(M0 + M1))', 'r'))",0.8614860505618682,0.8614860505618682,,1,0.0,9.900000000000002,0.12531659313473992,0.9782732938127546,False,False,0,1
"('INTERNAL', ('M0*M1*i - M2*i', 'sqrt(Abs(B0*M0*M1 + B0*M2 + B0*M3))'))",0.8613949842826337,0.8613949842826337,,1,0.0,9.900000000000002,0.12529665774209248,0.9782662781250956,False,False,0,1
"('INTERNAL', ('M0*i - M1*i', 'sqrt(Abs(B0*M0 + B1*M1))'))",0.8613848232793768,0.8613848232793768,,1,0.0,9.900000000000002,0.12529443351529534,0.9782654952442058,False,False,0,1
"('INTERNAL', ('M0*i', 'B0 + M1*r - M1*sqrt(Abs(M0))'))",0.8613051223556609,0.8613051223556609,,1,0.0,9.900000000000002,0.12527698799663378,0.9782593538965016,False,False,0,1
"('INTERNAL', ('-M0*M2 - M1*M2 + M2*sqrt(Abs(s))', 'i'))",0.861260006373876,0.861260006373876,,1,0.0,9.900000000000002,0.12526711337511873,0.9782558770300666,False,False,0,1
"('INTERNAL', ('B0*s + B0*sqrt(Abs(i))', 'M0'))",0.8612375151857072,0.8612375151857072,,1,0.0,9.900000000000002,0.12526219087276427,0.9782541436212224,False,False,0,1
"('INTERNAL', ('B0*M1 + B0*sqrt(Abs(M0)) + B1*M2', 'M0 + M1 - M2 + i'))",0.8612056044195376,0.8612056044195376,,1,0.0,9.900000000000002,0.12525520698135637,0.9782516840987449,False,False,0,1
"('INTERNAL', ('B0*M1 - M0*M1 + M1*sqrt(Abs(s))', 'B1 + i*r - r'))",0.8611874801620519,0.8611874801620519,,1,0.0,9.900000000000002,0.12525124047413716,0.9782502870976746,False,False,0,1
"('INTERNAL', ('B0*M3 + B1*M0*M2 + B1*M1*M2', 'i'))",0.8611447804946961,0.8611447804946961,,1,0.0,9.900000000000002,0.12524189593985774,0.9782469956352168,False,False,0,1
"('INTERNAL', ('B0*M0 + B1*M1', 'M0 - M1 - M2'))",0.861124620311595,0.861124620311595,,1,0.0,9.900000000000002,0.1252374841756931,0.9782454415038799,False,False,0,1
"('INTERNAL', ('B0 + B1*s', 'M0*M1*M2'))",0.8611246191312516,0.8611246191312516,,1,0.0,9.900000000000002,0.12523748391739503,0.9782454414128863,False,False,0,1
"('INTERNAL', ('B0 + B1*M0 + B1*M1 + B2*i', 'M0*M2 - M1*M2'))",0.8611246184526614,0.8611246184526614,,1,0.0,9.900000000000002,0.12523748376889704,0.9782454413605732,False,False,0,1
"('INTERNAL', ('B0*M1 + B0*M2 + B0*sqrt(Abs(M0))', 'M0'))",0.8611246179622518,0.8611246179622518,,1,0.0,9.900000000000002,0.1252374836615793,0.9782454413227671,False,False,0,1
"('INTERNAL', ('B0*M0 + B0*M1 + B1*M2 + B1*M3', 'M0*M1'))",0.8611246173204745,0.8611246173204745,,1,0.0,9.900000000000002,0.1252374835211372,0.978245441273292,False,False,0,1
"('INTERNAL', ('B0*M0', 'M0*M2 - M1*M2 + M2*r'))",0.861124594254466,0.861124594254466,,1,0.0,9.900000000000002,0.12523747847353253,0.9782454394951152,False,False,0,1
"('INTERNAL', ('B0*M0 + B1*M1 + B1*M2', 'M0*M2 + M1*M2'))",0.8611244374257491,0.8611244374257491,,1,0.0,9.900000000000002,0.12523744415423177,0.9782454274050629,False,False,0,1
"('INTERNAL', ('B0 + B1*M0 + B1*M1 + B2*i', '-M0*i + M0*r + M0*sqrt(Abs(i))'))",0.8611243960038049,0.8611243960038049,,1,0.0,9.900000000000002,0.12523743508974386,0.9782454242118113,False,False,0,1
"('INTERNAL', ('B0*sqrt(Abs(M0 + i))', 'M0 + M1'))",0.861120434416674,0.861120434416674,,1,0.0,9.900000000000002,0.12523656816574114,0.9782451188085105,False,False,0,1
"('INTERNAL', ('B0*M0*M2*M3 + B0*M1*M2*M3', 'B1*i**2'))",0.8610353129559173,0.8610353129559173,,1,0.0,9.900000000000002,0.12521794175717077,0.9782385560800139,False,False,0,1
"('INTERNAL', ('M0*i - M1*i', 'B0 + i'))",0.8609925737219016,0.8609925737219016,,1,0.0,9.900000000000002,0.12520859016494343,0.9782352605085133,False,False,0,1
"('INTERNAL', ('B0*M0 + B0*M1 + B1*M2 + B1*M3', '-M1*M2 + M2*sqrt(Abs(M0))'))",0.8609899799336397,0.8609899799336397,,1,0.0,9.900000000000002,0.1252080226435012,0.9782350604950121,False,False,0,1
"('INTERNAL', ('B0*sqrt(Abs(M0))', '-M0*M1 + M1*i'))",0.860980336830384,0.860980336830384,,1,0.0,9.900000000000002,0.12520591274490878,0.9782343168815907,False,False,0,1
"('INTERNAL', ('B0*Abs(i + s)**(1/4)', 'M0'))",0.8609161214694308,0.8609161214694308,,1,0.0,9.900000000000002,0.12519186309012645,0.9782293646243393,False,False,0,1
"('INTERNAL', ('B0*Abs(M0 - M1)**(1/4)', 'M0'))",0.8609161196802332,0.8609161196802332,,1,0.0,9.900000000000002,0.12519186269868277,0.978229364486348,False,False,0,1
"('INTERNAL', ('B0*Abs(M0)**(1/4)', 'M0*i + M1'))",0.8608783507261085,0.8608783507261085,,1,0.0,9.900000000000002,0.12518359971733017,0.978226451449436,False,False,0,1
"('INTERNAL', ('M0*i', 'M0 + M1 + M2'))",0.8608752415517527,0.8608752415517527,,1,0.0,9.900000000000002,0.12518291951689398,0.9782262116352625,False,False,0,1
"('INTERNAL', ('B0*i', '-M0 + i + r'))",0.8608752415517525,0.8608752415517525,,1,0.0,9.900000000000002,0.1251829195168939,0.9782262116352625,False,False,0,1
"('INTERNAL', ('B0*i', 'M0 - M1 + i + r'))",0.8608752415517525,0.8608752415517525,,1,0.0,9.900000000000002,0.1251829195168939,0.9782262116352625,False,False,0,1
"('INTERNAL', ('B0*M0', 'B1*M1*Abs(M0)**(1/4)'))",0.8608752415517519,0.8608752415517519,,1,0.0,9.900000000000002,0.12518291951689384,0.9782262116352625,False,False,0,1
"('INTERNAL', ('B0*sqrt(Abs(M0 + M1))', 'M0 + i'))",0.8608752410063996,0.8608752410063996,,1,0.0,9.900000000000002,0.12518291939758616,0.9782262115931987,False,False,0,1
"('INTERNAL', ('B0*M0', '-M1 + Abs(M0)**(1/4)'))",0.8608752407426862,0.8608752407426862,,1,0.0,9.900000000000002,0.1251829193398932,0.978226211572858,False,False,0,1
"('INTERNAL', ('B0*sqrt(Abs(M0 + M1))', '-M0 + M1 + r'))",0.8608752404100967,0.8608752404100967,,1,0.0,9.900000000000002,0.125182919267132,0.9782262115472049,False,False,0,1
"('INTERNAL', ('B0*sqrt(Abs(M0 + M1))', 'M0*r - M1 + M2'))",0.8608752305096027,0.8608752305096027,,1,0.0,9.900000000000002,0.12518291710118448,0.978226210783566,False,False,0,1
"('INTERNAL', ('B0*M3 + B1*M0*M1*M2', 'i'))",0.8608692608852255,0.8608692608852255,,1,0.0,9.900000000000002,0.12518161112092857,0.9782257503351878,False,False,0,1
"('INTERNAL', ('B0 + B1*M0*M1', 'M0'))",0.8608692608852255,0.8608692608852255,,1,0.0,9.900000000000002,0.12518161112092857,0.9782257503351878,False,False,0,1
"('INTERNAL', ('B0*M2 + B1*M0*M1', 'Abs(M0)**(1/8)*Abs(M1)**(1/4)*Abs(M2)**(1/4)'))",0.8608570041638631,0.8608570041638631,,1,0.0,9.900000000000002,0.1251789297341271,0.9782248049329814,False,False,0,1
"('INTERNAL', ('M0*M1*i - M2', 'M0 - M1'))",0.8608561333661516,0.8608561333661516,,1,0.0,9.900000000000002,0.12517873923226436,0.9782247377644898,False,False,0,1
"('INTERNAL', ('B1*Abs(B0 + M0)**(1/4)', 'M0'))",0.8608501858562456,0.8608501858562456,,1,0.0,9.900000000000002,0.12517743811794582,0.978224279003357,False,False,0,1
"('INTERNAL', ('B0*M0 + B1*i + B2*s', 'M0*M1 + M2 - M3 + i'))",0.8607668976232337,0.8607668976232337,,1,0.0,9.900000000000002,0.12515921837967575,0.9782178539609461,False,False,0,1
"('INTERNAL', ('B0*M0 + B0*M2 + B1*M1', 'B2 + i'))",0.8607212722658273,0.8607212722658273,,1,0.0,9.900000000000002,0.12514923831683225,0.9782143338388969,False,False,0,1
"('INTERNAL', ('B0*M1 + B1*M0*i + B1*s', 'M0 + M1 - M2'))",0.860642560473697,0.860642560473697,,1,0.0,9.900000000000002,0.12513202215145702,0.9782082602103025,False,False,0,1
"('INTERNAL', ('B0 + B1*sqrt(Abs(i))', 'sqrt(Abs(-B2 + M0*M2 + M1*M2))'))",0.8605418031960115,0.8605418031960115,,1,0.0,9.900000000000002,0.12510998633171097,0.9782004840160158,False,False,0,1
"('INTERNAL', ('B0*M0*M1 + B0*M2 + B1*M3', 'i'))",0.8604789758351586,0.8604789758351586,,1,0.0,9.900000000000002,0.1250962471254505,0.978195634320728,False,False,0,1
"('INTERNAL', ('B0*s', 'B1*M1 - M0*M1 - M1*i'))",0.8604639079332725,0.8604639079332725,,1,0.0,9.900000000000002,0.125092952192496,0.9781944711214916,False,False,0,1
"('INTERNAL', ('B0*s', 'B1*M0 - M0*i - M0*r'))",0.8604639079332725,0.8604639079332725,,1,0.0,9.900000000000002,0.125092952192496,0.9781944711214916,False,False,0,1
"('INTERNAL', ('B0*M0', 'B1*M0*sqrt(Abs(i)) + B1*M1*sqrt(Abs(i))'))",0.8604639079330066,0.8604639079330066,,1,0.0,9.900000000000002,0.1250929521924379,0.9781944711214711,False,False,0,1
"('INTERNAL', ('B0*s', 'M0*M1*M3 - M2*M3'))",0.8604639079328484,0.8604639079328484,,1,0.0,9.900000000000002,0.12509295219240324,0.9781944711214589,False,False,0,1
"('INTERNAL', ('B0*M0 + B0*s + B1*M1', 'M0 + M1 - M2 + i'))",0.8604639079326105,0.8604639079326105,,1,0.0,9.900000000000002,0.12509295219235125,0.9781944711214404,False,False,0,1
"('INTERNAL', ('B0*s', '-M0*M1 + M2 - M3 + i'))",0.8604639079324732,0.8604639079324732,,1,0.0,9.900000000000002,0.12509295219232122,0.9781944711214299,False,False,0,1
"('INTERNAL', ('B0*M0', 'M0 + M1 - M2 - M3'))",0.8604639079317554,0.8604639079317554,,1,0.0,9.900000000000002,0.12509295219216424,0.9781944711213745,False,False,0,1
"('INTERNAL', ('B0*s*sqrt(Abs(M0))', 'sqrt(Abs(M0 - M1))'))",0.8604639079314282,0.8604639079314282,,1,0.0,9.900000000000002,0.1250929521920927,0.9781944711213492,False,False,0,1
"('INTERNAL', ('B0*s', 'M2*sqrt(Abs(M1 - sqrt(Abs(M0))))'))",0.8604639079310363,0.8604639079310363,,1,0.0,9.900000000000002,0.125092952192007,0.978194471121319,False,False,0,1
"('INTERNAL', ('B0*s', 'M0*M1 + M1*r'))",0.8604639078915121,0.8604639078915121,,1,0.0,9.900000000000002,0.12509295218336422,0.9781944711182677,False,False,0,1
"('INTERNAL', ('B0*s', 'sqrt(Abs(B1*M0*i + B1*M1*i))'))",0.8604639078288945,0.8604639078288945,,1,0.0,9.900000000000002,0.12509295216967162,0.9781944711134337,False,False,0,1
"('INTERNAL', ('B0*s', 'B1*M2 - M0*M2 + M1*M2 - M2*r'))",0.8604639077959891,0.8604639077959891,,1,0.0,9.900000000000002,0.12509295216247618,0.9781944711108935,False,False,0,1
"('INTERNAL', ('B0*M0 + B1*M1', 'M0*M1*M2'))",0.8604639077432075,0.8604639077432075,,1,0.0,9.900000000000002,0.1250929521509344,0.9781944711068189,False,False,0,1
"('INTERNAL', ('B0*s', 'B1*M0*M2 + B1*M1*M2'))",0.8604639077432075,0.8604639077432075,,1,0.0,9.900000000000002,0.1250929521509344,0.9781944711068189,False,False,0,1
"('INTERNAL', ('B0*M0', 'M0*M1 + M1*i'))",0.86046390761198,0.86046390761198,,1,0.0,9.900000000000002,0.12509295212223887,0.9781944710966883,False,False,0,1
"('INTERNAL', ('B0*s', '-M0*M1 + sqrt(Abs(i))'))",0.8604639074109661,0.8604639074109661,,1,0.0,9.900000000000002,0.12509295207828305,0.9781944710811703,False,False,0,1
"('INTERNAL', ('M0*M1', 'M1*M2*sqrt(Abs(M0))'))",0.860463906840193,0.860463906840193,,1,0.0,9.900000000000002,0.1250929519534718,0.9781944710371075,False,False,0,1
"('INTERNAL', ('B0*s', '-M2 + sqrt(Abs(M0 + M1))'))",0.860463906506905,0.860463906506905,,1,0.0,9.900000000000002,0.1250929518805915,0.9781944710113782,False,False,0,1
"('INTERNAL', ('B0*s', 'B1*M0 - 2*M0*r'))",0.8604639050770313,0.8604639050770313,,1,0.0,9.900000000000002,0.1250929515679204,0.9781944709009943,False,False,0,1
"('INTERNAL', ('B0*M0 + B0*s', 'M0*i'))",0.8604639040543954,0.8604639040543954,,1,0.0,9.900000000000002,0.1250929513443002,0.9781944708220485,False,False,0,1
"('INTERNAL', ('M0*M1*M2 + 2*M1*M2*s', 'M0*M1*i'))",0.8604639032139676,0.8604639032139676,,1,0.0,9.900000000000002,0.1250929511605234,0.9781944707571688,False,False,0,1
"('INTERNAL', ('M0*M1', 'M0 + i'))",0.8604205515789405,0.8604205515789405,,1,0.0,9.900000000000002,0.1250834716697742,0.9781911239277659,False,False,0,1
"('INTERNAL', ('B0 + B1*sqrt(Abs(i))', 'sqrt(Abs(B2 - M0*r))'))",0.8604024372853447,0.8604024372853447,,1,0.0,9.900000000000002,0.12507951084241814,0.9781897253788668,False,False,0,1
"('INTERNAL', ('B0*M0 + B1*M1', 'M2 + sqrt(Abs(M0 - M1))'))",0.8602077705810082,0.8602077705810082,,1,0.0,9.900000000000002,0.12503695058868491,0.9781746923877606,False,False,0,1
"('INTERNAL', ('B0*i + B0*s', 'M0 - M1'))",0.86018821838885,0.86018821838885,,1,0.0,9.900000000000002,0.12503267638064722,0.9781731821431581,False,False,0,1
"('INTERNAL', ('B0*M0*M1*i + B0*M2 + B1*M3', 'r'))",0.8601276140521023,0.8601276140521023,,1,0.0,9.900000000000002,0.12501942856362905,0.9781685005653529,False,False,0,1
"('INTERNAL', ('B0*M2 + B1*M0*M2 + B2*M1*M2', 'B3*M0 + B4*i'))",0.860058354640763,0.860058354640763,,1,0.0,9.900000000000002,0.12500428989478096,0.9781631496657275,False,False,0,1
"('INTERNAL', ('B0*M2 + B1*M0*M2 + B2*M1*M2', 'B3*M0 + B4*M1 + B4*M2'))",0.860058354640763,0.860058354640763,,1,0.0,9.900000000000002,0.12500428989478096,0.9781631496657275,False,False,0,1
"('INTERNAL', ('B0*M2 + B1*M0*M2 + B2*M1*M2', 'B3*i'))",0.8600583546407371,0.8600583546407371,,1,0.0,9.900000000000002,0.12500428989477536,0.9781631496657255,False,False,0,1
"('INTERNAL', ('B0*M1 + B1*M0*M1 + B2*M1*s', 'B3*M0 + B3*M1 + B4*i'))",0.8600583546407371,0.8600583546407371,,1,0.0,9.900000000000002,0.12500428989477536,0.9781631496657255,False,False,0,1
"('INTERNAL', ('B0*M1 + B1*M0*M1 + B2*M1*s', 'B3*sqrt(Abs(M0)) + B4*i'))",0.8600583546399818,0.8600583546399818,,1,0.0,9.900000000000002,0.12500428989461024,0.9781631496656671,False,False,0,1
"('INTERNAL', ('M0*M1*M2*s', 'M0*M1*M2'))",0.8600438224930745,0.8600438224930745,,1,0.0,9.900000000000002,0.12500111361883467,0.9781620268301198,False,False,0,1
"('INTERNAL', ('B0*M0*M1*M2', 'B1*M0*i'))",0.8600426445524842,0.8600426445524842,,1,0.0,9.900000000000002,0.12500085615989748,0.9781619358142856,False,False,0,1
"('TERMINAL', ('B0*s + B1*Abs(s)**(3/2) + B2*s**2', 'i'))",0.8600340307024223,0.8600340307024223,,1,0.0,9.900000000000002,0.1249989734669289,0.9781612702418039,True,False,0,1
"('INTERNAL', ('B0*M0 + B0*M1 + B0*sqrt(Abs(i))', 'M0'))",0.8600250326421811,0.8600250326421811,,1,0.0,9.900000000000002,0.12499700681824173,0.9781605749693721,False,False,0,1
"('INTERNAL', ('B0*sqrt(Abs(M0))', 'M0*M2 + M1*M2 + M3'))",0.8600125340978181,0.8600125340978181,,1,0.0,9.900000000000002,0.12499427512407951,0.9781596091956353,False,False,0,1
"('INTERNAL', ('B0 + B1*M0 + B2*i', '-M0*M1 + M1*sqrt(Abs(i))'))",0.8600122103717017,0.8600122103717017,,1,0.0,9.900000000000002,0.12499420437069107,0.9781595841806897,False,False,0,1
"('INTERNAL', ('B0*sqrt(Abs(M0 - M1))', 'M0'))",0.8599819227667083,0.8599819227667083,,1,0.0,9.900000000000002,0.12498758484365552,0.9781572437231183,False,False,0,1
"('INTERNAL', ('B0*M0*M3 + B0*M1*M3 + B1*M2*M3', 'r'))",0.8599770704723859,0.8599770704723859,,1,0.0,9.900000000000002,0.12498652436830446,0.9781568687509252,False,False,0,1
"('INTERNAL', ('B0*sqrt(Abs(M0 + M1 + M2))', 'M0 + M1'))",0.8599541155889339,0.8599541155889339,,1,0.0,9.900000000000002,0.12498150762659634,0.9781550948075652,False,False,0,1
"('INTERNAL', ('M0*M4*M5 - M1*M4*M5 + M2*M4*M5 - M3*M4*M5', 'i'))",0.8599520655598076,0.8599520655598076,,1,0.0,9.900000000000002,0.12498105960332578,0.9781549363780346,False,False,0,1
"('INTERNAL', ('M0*M3*M4 + M1*M3*M4 - M2*M3*M4 + M3*M4*i', 'i'))",0.8599520655598076,0.8599520655598076,,1,0.0,9.900000000000002,0.12498105960332578,0.9781549363780346,False,False,0,1
"('INTERNAL', ('B0*M2*M3 + M0*M2*M3 - M1*M2*M3 + M2*M3*i', 'i'))",0.8599520655598076,0.8599520655598076,,1,0.0,9.900000000000002,0.12498105960332578,0.9781549363780346,False,False,0,1
"('INTERNAL', ('B0*sqrt(Abs(M0*M1 - M2 + M3))', 'M0*M2*M3 - M1*M2*M3 - M4 + M5'))",0.8599515467194175,0.8599515467194175,,1,0.0,9.900000000000002,0.12498094621360384,0.9781548962811106,False,False,0,1
"('INTERNAL', ('B0*sqrt(Abs(M0 + M1))', 'M0*M2 - M1*M2 - M3 + M4'))",0.8599508707409613,0.8599508707409613,,1,0.0,9.900000000000002,0.12498079848231865,0.9781548440402068,False,False,0,1
"('INTERNAL', ('B1*sqrt(Abs(B0 + M0))', 'M0 + i*r'))",0.8599507774195201,0.8599507774195201,,1,0.0,9.900000000000002,0.12498077808745195,0.9781548368281421,False,False,0,1
"('INTERNAL', ('B1*sqrt(Abs(B0 + M0))', 'M0 + M1'))",0.8599088899599833,0.8599088899599833,,1,0.0,9.900000000000002,0.12497162403917628,0.978151599539541,False,False,0,1
"('INTERNAL', ('B0*M0 + B1*sqrt(Abs(i))', 'M0'))",0.8598919399042773,0.8598919399042773,,1,0.0,9.900000000000002,0.12496791991163009,0.9781502894666511,False,False,0,1
"('INTERNAL', ('B0*sqrt(Abs(M0)) + B1*M1', 'M0 + M1 - M2 + i'))",0.8598854100652873,0.8598854100652873,,1,0.0,9.900000000000002,0.1249664929524849,0.9781497847617173,False,False,0,1
"('INTERNAL', ('B0*M0 + B1*i**2 + B2*i*s', 'B3*Abs(i)**(1/4)'))",0.8598727418476836,0.8598727418476836,,1,0.0,9.900000000000002,0.12496372460953387,0.97814880558883,False,False,0,1
"('INTERNAL', ('B0*M0 + B1*M1 + B1*M2', 'M0*r'))",0.859862856425364,0.859862856425364,,1,0.0,9.900000000000002,0.12496156440887675,0.9781480414902088,False,False,0,1
"('INTERNAL', ('B0*M4 + B1*M0*M3 + B1*M1*M3 + B1*M2*M3', 'Abs(M0)**(1/4)*Abs(M1)**(1/4)*Abs(r)**(1/16)'))",0.8598628564106295,0.8598628564106295,,1,0.0,9.900000000000002,0.12496156440565687,0.9781480414890699,False,False,0,1
"('INTERNAL', ('B0*sqrt(Abs(M0 + M1))', '-M0 + M1 + i'))",0.8598540450936537,0.8598540450936537,,1,0.0,9.900000000000002,0.12495963894289853,0.9781473604005332,False,False,0,1
"('INTERNAL', ('B0*sqrt(Abs(M0))', 'B1*M0*i*r - M1 + M2'))",0.8598533005985294,0.8598533005985294,,1,0.0,9.900000000000002,0.12495947625553486,0.9781473028526998,False,False,0,1
"('INTERNAL', ('B0*M0 + B0*sqrt(Abs(i)) + B1*M1', 'sqrt(Abs(M0))'))",0.8598533000487034,0.8598533000487034,,1,0.0,9.900000000000002,0.12495947613538673,0.9781473028101995,False,False,0,1
"('INTERNAL', ('B0*M0*M1*M2', 'M0 - M1 - M2'))",0.8598474269677444,0.8598474269677444,,1,0.0,9.900000000000002,0.1249581927522329,0.9781468488308096,False,False,0,1
"('INTERNAL', ('M0*i*s', 'M0'))",0.8598341049183974,0.8598341049183974,,1,0.0,9.900000000000002,0.12495528165510864,0.9781458190377206,False,False,0,1
"('INTERNAL', ('M0*s + M1*s', 'i'))",0.8597403308793872,0.8597403308793872,,1,0.0,9.900000000000002,0.12493479164772915,0.9781385694956753,False,False,0,1
"('INTERNAL', ('B0*M0 + B1*M0*i + B2*M0*s', 'B3*M0 + B4*M1'))",0.8597143597826743,0.8597143597826743,,1,0.0,9.900000000000002,0.1249291172401554,0.9781365614525296,False,False,0,1
"('INTERNAL', ('M0*M2*i - M1*M2*i - M3*i', 'sqrt(Abs(B0*M0 + B0*M1 + B1*r))'))",0.859707036529405,0.859707036529405,,1,0.0,9.900000000000002,0.12492751721740886,0.9781359952105801,False,False,0,1
"('INTERNAL', ('B0*M0 + B1*i', 'M0 - M1'))",0.8596808956139523,0.8596808956139523,,1,0.0,9.900000000000002,0.12492180592074736,0.978133973895147,False,False,0,1
"('INTERNAL', ('B0*M0*M1 + B0*M1*s + B1*M1*i', 'r'))",0.8596792728906264,0.8596792728906264,,1,0.0,9.900000000000002,0.12492145139186417,0.9781338484163107,False,False,0,1
"('INTERNAL', ('B0*M0 + B1*M0*i + B2*M0*s', 'r'))",0.8596792728906264,0.8596792728906264,,1,0.0,9.900000000000002,0.12492145139186417,0.9781338484163107,False,False,0,1
"('INTERNAL', ('B0*M1 + B1*M0*M1 + B2*M1*s', 'B3*M0 + B3*M1 + B4*M2'))",0.8596792728906263,0.8596792728906263,,1,0.0,9.900000000000002,0.12492145139186417,0.9781338484163107,False,False,0,1
"('INTERNAL', ('B0*M2 + B1*M0*M1', 'Abs(M0)**(1/8)*Abs(M1)**(1/4)'))",0.8596792728906262,0.8596792728906262,,1,0.0,9.900000000000002,0.12492145139186414,0.9781338484163106,False,False,0,1
"('INTERNAL', ('B0*M3 + B1*M0*M2 + B1*M1*M2 + B1*M2*s', 'Abs(M0)**(1/16)*Abs(M1)**(1/4)*Abs(M2)**(1/4)'))",0.8596792728906262,0.8596792728906262,,1,0.0,9.900000000000002,0.12492145139186414,0.9781338484163106,False,False,0,1
"('INTERNAL', ('B0*sqrt(Abs(-M0 + M1 + i))', 'B1*M0*i**2 - M1 + M2'))",0.8595992624170511,0.8595992624170511,,1,0.0,9.900000000000002,0.1249039716892266,0.978127660987753,False,False,0,1
"('INTERNAL', ('B0*sqrt(Abs(s))', 'M0*M2 - M1*M2 + M3'))",0.8595835385313733,0.8595835385313733,,1,0.0,9.900000000000002,0.12490053671338681,0.9781264448940612,False,False,0,1
"('INTERNAL', ('B0*sqrt(Abs(s))', 'sqrt(Abs(M2 + sqrt(Abs(M0))*sqrt(Abs(M1))))'))",0.8595794190963506,0.8595794190963506,,1,0.0,9.900000000000002,0.12489963680848386,0.9781261262881027,False,False,0,1
"('INTERNAL', ('B0*M0', 'i - sqrt(Abs(M0))'))",0.8595777462124824,0.8595777462124824,,1,0.0,9.900000000000002,0.1248992713623775,0.9781259969028793,False,False,0,1
"('INTERNAL', ('B0*sqrt(Abs(s))', 'M0*M2 + M1*M2 + M3'))",0.8595666704478554,0.8595666704478554,,1,0.0,9.900000000000002,0.12489685184832447,0.9781251402627064,False,False,0,1
"('INTERNAL', ('B0*sqrt(Abs(s))', 'B1*M0*i*r - M1 + M2'))",0.8595292381761825,0.8595292381761825,,1,0.0,9.900000000000002,0.12488867494687456,0.9781222449658712,False,False,0,1
"('INTERNAL', ('B0*sqrt(Abs(M0))', 'sqrt(Abs(M0*M1 + M2))'))",0.8595231717203111,0.8595231717203111,,1,0.0,9.900000000000002,0.1248873497909141,0.9781217757184939,False,False,0,1
"('INTERNAL', ('B0*i + B1*i**2 - M0*i', 'sqrt(Abs(B2*M0 + B2*M1 + B2*i + B2*r))'))",0.8595143213054984,0.8595143213054984,,1,0.0,9.900000000000002,0.1248854165234895,0.9781210911179162,False,False,0,1
"('TERMINAL', ('B0*i + B1*i**2', 'sqrt(Abs(B2 + B3*r + B4*i))'))",0.8595143213054984,0.8595143213054984,,1,0.0,9.900000000000002,0.1248854165234895,0.9781210911179162,True,False,0,1
"('INTERNAL', ('i**2', 'B0 + M0'))",0.8594635633593377,0.8594635633593377,,1,0.0,9.900000000000002,0.12487432942810621,0.9781171646238646,False,False,0,1
"('INTERNAL', ('B0*M0 + B0*M1', '-M0*M1 + M1*i'))",0.8594615764655718,0.8594615764655718,,1,0.0,9.900000000000002,0.12487389544232269,0.97811701091473,False,False,0,1
"('INTERNAL', ('B0*i**2 - M0*i - i**3', 'sqrt(Abs(B1*M0 + B1*M1 + B1*M2 + B1*r))'))",0.8594376260976645,0.8594376260976645,,1,0.0,9.900000000000002,0.12486866417747644,0.9781151580270931,False,False,0,1
"('INTERNAL', ('B0*M1*M2 + B0*M3 + B1*M0*M2', 'M0'))",0.8593285028963916,0.8593285028963916,,1,0.0,9.900000000000002,0.12484483115607015,0.9781067146757944,False,False,0,1
"('INTERNAL', ('B0*M0*i + B1*M1*i', 'r'))",0.8592541530162414,0.8592541530162414,,1,0.0,9.900000000000002,0.12482859446794818,0.9781009607806713,False,False,0,1
"('INTERNAL', ('M0*M3*M4 + M1*M3*M4 + M2*M3*M4', 'M1*sqrt(Abs(M0))'))",0.8592541530162414,0.8592541530162414,,1,0.0,9.900000000000002,0.12482859446794818,0.9781009607806713,False,False,0,1
"('INTERNAL', ('M0*M3*M4 + M1*M3*M4 + M2*M3*M4 + M3*M4*s', 'M0*i'))",0.8592541530162414,0.8592541530162414,,1,0.0,9.900000000000002,0.12482859446794818,0.9781009607806713,False,False,0,1
"('INTERNAL', ('M0*M2*i + M1*M2*i + M3*i', 'r'))",0.8592541530162414,0.8592541530162414,,1,0.0,9.900000000000002,0.12482859446794818,0.9781009607806713,False,False,0,1
"('INTERNAL', ('B0*M0*M3 + B0*M1*M3 + B1*M2*M3', 'M0*r'))",0.8592541530162414,0.8592541530162414,,1,0.0,9.900000000000002,0.12482859446794818,0.9781009607806713,False,False,0,1
"('INTERNAL', ('B0*M2 + B1*M0*M2 + B2*M1*M2', 'B3*sqrt(Abs(M0))'))",0.8592541530162414,0.8592541530162414,,1,0.0,9.900000000000002,0.12482859446794818,0.9781009607806713,False,False,0,1
"('INTERNAL', ('B0*M3 + B1*M0*M2 + B1*M1*M2 + B1*M2*i', 'Abs(M0)**(1/8)*Abs(M1)**(1/4)*Abs(M2)**(1/4)'))",0.8592541529258674,0.8592541529258674,,1,0.0,9.900000000000002,0.12482859444821298,0.9781009607736768,False,False,0,1
"('INTERNAL', ('B0*sqrt(Abs(M0))', 'M0 + M1 + M2'))",0.8592004946727412,0.8592004946727412,,1,0.0,9.900000000000002,0.1248168772863779,0.9780968076321231,False,False,0,1
"('INTERNAL', ('M3*sqrt(Abs(M0 - M1 + M2))', 'sqrt(Abs(M0))'))",0.8591885421126096,0.8591885421126096,,1,0.0,9.900000000000002,0.12481426734469032,0.978095882441674,False,False,0,1
"('INTERNAL', ('B0*Abs(s)**(1/4)', 'M0 + M1'))",0.8591822635283072,0.8591822635283072,,1,0.0,9.900000000000002,0.12481289637724513,0.9780953964371979,False,False,0,1
"('INTERNAL', ('B0*Abs(s)**(1/4)', 'sqrt(Abs(M0))'))",0.8591773192125622,0.8591773192125622,,1,0.0,9.900000000000002,0.12481181676235135,0.9780950137095225,False,False,0,1
"('INTERNAL', ('B0*M0', 'M0 + M1 - M2 + i'))",0.8591490627462685,0.8591490627462685,,1,0.0,9.900000000000002,0.12480564694359424,0.9780928263674871,False,False,0,1
"('INTERNAL', ('B0*Abs(M0 + M1)**(1/4)', 'i'))",0.859129589813499,0.859129589813499,,1,0.0,9.900000000000002,0.12480139512957297,0.9780913188858298,False,False,0,1
"('INTERNAL', ('B0*i', 'M0*M1 + M1*i + M1*r'))",0.8589714425355233,0.8589714425355233,,1,0.0,9.900000000000002,0.12476686794105318,0.9780790737503745,False,False,0,1
"('INTERNAL', ('M0*M2*M3 + M1*M2*M3', 'M1*sqrt(Abs(M0))'))",0.8589615362682333,0.8589615362682333,,1,0.0,9.900000000000002,0.12476470537952777,0.9780783065854652,False,False,0,1
"('INTERNAL', ('B0*M0*M1*M2', 'r'))",0.8589348549149733,0.8589348549149733,,1,0.0,9.900000000000002,0.12475888089705384,0.9780762402384215,False,False,0,1
"('INTERNAL', ('B0*M3 + B1*sqrt(Abs(M0 - M1 + M2))', 'M0'))",0.8589348088042063,0.8589348088042063,,1,0.0,9.900000000000002,0.12475887083132313,0.9780762366672561,False,False,0,1
"('INTERNAL', ('B0*sqrt(Abs(M0 + i))', 'M0 + i*r'))",0.8589195687930096,0.8589195687930096,,1,0.0,9.900000000000002,0.12475554404804616,0.978075056346897,False,False,0,1
"('INTERNAL', ('B0*M1*M3 + B0*M3*sqrt(Abs(M0)) + B1*M2*M3', 'B2*i'))",0.8588555464745871,0.8588555464745871,,1,0.0,9.900000000000002,0.12474156906619607,0.9780700974824861,False,False,0,1
"('INTERNAL', ('B0*sqrt(Abs(M1 + sqrt(Abs(M0))))', 'M0*M1*M2 - M3 + M4'))",0.8585868510109038,0.8585868510109038,,1,0.0,9.900000000000002,0.12468292840106422,0.9780492783223683,False,False,0,1
"('INTERNAL', ('B0*M0*i', 'M0 - M1 - M2'))",0.858519211557414,0.858519211557414,,1,0.0,9.900000000000002,0.12466816941741139,0.9780440356030852,False,False,0,1
"('INTERNAL', ('B0*M0*M2 + B0*M1*M2', 'M0'))",0.8584825675735831,0.8584825675735831,,1,0.0,9.900000000000002,0.12466017413957294,0.9780411950243749,False,False,0,1
"('INTERNAL', ('M0*M1', 'M0*M3 - M1*M3 - M2*M3'))",0.8582357476088431,0.8582357476088431,,1,0.0,9.900000000000002,0.12460632957226263,0.9780220562606211,False,False,0,1
"('INTERNAL', ('B0*M0*M1*s', 'sqrt(Abs(r))'))",0.8582171548012666,0.8582171548012666,,1,0.0,9.900000000000002,0.1246022740973853,0.9780206141461036,False,False,0,1
"('INTERNAL', ('B0*M1 + B1*M0*i + B1*s', '-M0 + i'))",0.8582089798373027,0.8582089798373027,,1,0.0,9.900000000000002,0.12460049099596532,0.9780199800532757,False,False,0,1
"('INTERNAL', ('M0*i - M1*i', 'B0 + M0*M2 - M1*M2'))",0.8581115179262315,0.8581115179262315,,1,0.0,9.900000000000002,0.12457923412652223,0.9780124195598555,False,False,0,1
"('INTERNAL', ('-M0 - M1 - M2 + M3 + s', 'i'))",0.8579993375750051,0.8579993375750051,,1,0.0,9.900000000000002,0.12455476998717531,0.978003715383121,False,False,0,1
"('INTERNAL', ('M0 + M1 - M2 - M3 - M4 + M5', 'i'))",0.8579993375750051,0.8579993375750051,,1,0.0,9.900000000000002,0.12455476998717531,0.978003715383121,False,False,0,1
"('INTERNAL', ('B0*Abs(M0 + s)**(1/4)', 'sqrt(Abs(M0))'))",0.8579191475280838,0.8579191475280838,,1,0.0,9.900000000000002,0.12453728414322843,0.9779974921056709,False,False,0,1
"('INTERNAL', ('B0*sqrt(Abs(-M0*M1 + M1*s + M2))', 'M0 + i*r'))",0.8578884708195728,0.8578884708195728,,1,0.0,9.900000000000002,0.12453059534964613,0.9779951111130755,False,False,0,1
"('INTERNAL', ('B0 + B1*M0 + B1*M1 + B2*i', '-M0*M3 - M1*M3 + M2*M3 + M3*sqrt(Abs(i))'))",0.8577757014150823,0.8577757014150823,,1,0.0,9.900000000000002,0.12450600893159672,0.9779863571235756,False,False,0,1
"('INTERNAL', ('M0*M1*s', 'M0*M1'))",0.857664251411486,0.857664251411486,,1,0.0,9.900000000000002,0.12448171324038133,0.9779777035177525,False,False,0,1
"('INTERNAL', ('M0*s', 'B0 + i'))",0.8575725459293373,0.8575725459293373,,1,0.0,9.900000000000002,0.12446172406787806,0.9779705814683252,False,False,0,1
"('INTERNAL', ('M0*M1*s', 'M0*M1*M2'))",0.8571577809098226,0.8571577809098226,,1,0.0,9.900000000000002,0.12437134292129083,0.9779383527707938,False,False,0,1
"('INTERNAL', ('B0*M1*M2 - M0*M1*M2 + M1*M2*i', 'i'))",0.8571549744847965,0.8571549744847965,,1,0.0,9.900000000000002,0.12437073151895292,0.9779381346061286,False,False,0,1
"('INTERNAL', ('B0*M0*M1 + B0*M2', 'B1 + i'))",0.8571401104231283,0.8571401104231283,,1,0.0,9.900000000000002,0.12436749329538266,0.9779369790886496,False,False,0,1
"('INTERNAL', ('M0*i', 'B0 + B1*r + r**2'))",0.8571193882337391,0.8571193882337391,,1,0.0,9.900000000000002,0.12436297893453406,0.9779353681059478,False,False,0,1
"('TERMINAL', ('i**2', 'B0 + B1*r + r**2'))",0.8571193882337391,0.8571193882337391,,1,0.0,9.900000000000002,0.12436297893453406,0.9779353681059478,True,False,0,1
"('INTERNAL', ('B0*i', '-M0*M1'))",0.8570128141945594,0.8570128141945594,,1,0.0,9.900000000000002,0.12433976327954395,0.9779270817292187,False,False,0,1
"('INTERNAL', ('B0 + i**2', 'B1*i - M0'))",0.8566276761967692,0.8566276761967692,,1,0.0,9.900000000000002,0.12425588960229794,0.9778971209131293,False,False,0,1
"('INTERNAL', ('B0 + i**2', 'B1*M2 + B1*sqrt(Abs(M0))*sqrt(Abs(M1)) - M3'))",0.8566276761967692,0.8566276761967692,,1,0.0,9.900000000000002,0.12425588960229794,0.9778971209131293,False,False,0,1
"('INTERNAL', ('B0*M0 + B1*M1 + B1*M2', '-M1*M2 + M2*sqrt(Abs(M0))'))",0.8564967778708062,0.8564967778708062,,1,0.0,9.900000000000002,0.12422739141404568,0.9778869325041979,False,False,0,1
"('INTERNAL', ('B0*M0*i + B0*M1 + B1*M2', 'r'))",0.8564966568841191,0.8564966568841191,,1,0.0,9.900000000000002,0.1242273650756867,0.9778869230859631,False,False,0,1
"('INTERNAL', ('B0*M0*M2 + B0*M1*M2 + B0*M3 + B1*M4', 'r'))",0.8564966568841191,0.8564966568841191,,1,0.0,9.900000000000002,0.1242273650756867,0.9778869230859631,False,False,0,1
"('INTERNAL', ('B0*M0 + B0*M1 + B1*s', 'M0*M2 - M1*M2'))",0.8564585447445832,0.8564585447445832,,1,0.0,9.900000000000002,0.12421906838098029,0.9778839561193243,False,False,0,1
"('INTERNAL', ('B0*sqrt(Abs(M0*M2 - M1*M2 + M3))', '-M0 + i*r + r'))",0.8559114102751757,0.8559114102751757,,1,0.0,9.900000000000002,0.12410000100679114,0.9778413364781211,False,False,0,1
"('INTERNAL', ('B0*M2 + B0*M3 + B0*sqrt(Abs(M0)) + B1*M1', 'i'))",0.8558347589840649,0.8558347589840649,,1,0.0,9.900000000000002,0.12408332601412116,0.9778353617388102,False,False,0,1
"('INTERNAL', ('B0*i', 'M0*M1*M2 + M2*r'))",0.8557728326785693,0.8557728326785693,,1,0.0,9.900000000000002,0.12406985539787327,0.9778305340676368,False,False,0,1
"('INTERNAL', ('-M1*i + i*sqrt(Abs(M0))', 'sqrt(Abs(B0*M0 + B0*M1 + B0*M2))'))",0.85576785415811,0.85576785415811,,1,0.0,9.900000000000002,0.12406877247823361,0.9778301459233196,False,False,0,1
"('INTERNAL', ('M0*M1*M2*M3', 'M0*M1*M2*M3'))",0.8557631045908161,0.8557631045908161,,1,0.0,9.900000000000002,0.12406773936577106,0.9778297756252868,False,False,0,1
"('INTERNAL', ('M0', 'M0*M2 + M1*M2'))",0.8557631036218284,0.8557631036218284,,1,0.0,9.900000000000002,0.12406773915500022,0.9778297755497397,False,False,0,1
"('INTERNAL', ('B0*M4 + B1*M0*M3 + B1*M1*M3 + B1*M2*M3', 'Abs(M2)**(1/4)*Abs(M3)**(1/4)*Abs(M0 - M1)**(1/8)'))",0.8557359057685564,0.8557359057685564,,1,0.0,9.900000000000002,0.12406182326119404,0.9778276550095176,False,False,0,1
"('INTERNAL', ('B0*sqrt(Abs(M0*M2 - M1*M2 + M3))', 'M0 + M1 + i*r'))",0.8556624513706136,0.8556624513706136,,1,0.0,9.900000000000002,0.12404584686083138,0.9778219273728704,False,False,0,1
"('INTERNAL', ('B0*sqrt(Abs(M0 + i))', 'M0 - M1 + M2'))",0.8555809168762927,0.8555809168762927,,1,0.0,9.900000000000002,0.12402811457938917,0.9778155686557403,False,False,0,1
"('INTERNAL', ('M0*M1*M2*M3', 'B0*M0*M2 + B0*M1*M2'))",0.8555564072224123,0.8555564072224123,,1,0.0,9.900000000000002,0.12402278449013661,0.9778136569831586,False,False,0,1
"('INTERNAL', ('B0*M0 - M0*s + M0*sqrt(Abs(s))', 'B1 + M0 - M1'))",0.8554419392463075,0.8554419392463075,,1,0.0,9.900000000000002,0.12399789320478731,0.9778047275577679,False,False,0,1
"('INTERNAL', ('B0*M0', 'sqrt(Abs(M0 + M1 - i - r))'))",0.8552798297534443,0.8552798297534443,,1,0.0,9.900000000000002,0.1239626476675949,0.9777920780490101,False,False,0,1
"('INTERNAL', ('B0*M0 + B2*sqrt(Abs(B1 + i))', 'M0*M2 + M1*M2'))",0.855263484697262,0.855263484697262,,1,0.0,9.900000000000002,0.12395909431368324,0.9777908023955167,False,False,0,1
"('INTERNAL', ('B0*i', '-M0*M1*M2 + M2*i'))",0.8552122732682805,0.8552122732682805,,1,0.0,9.900000000000002,0.12394796156458592,0.9777868053058104,False,False,0,1
"('INTERNAL', ('B0*M0', 'B1*M0*i'))",0.8552122732682805,0.8552122732682805,,1,0.0,9.900000000000002,0.12394796156458592,0.9777868053058104,False,False,0,1
"('INTERNAL', ('B0*i - M0*i', 'sqrt(Abs(B1*M0 + B1*M1))'))",0.8552122726846353,0.8552122726846353,,1,0.0,9.900000000000002,0.12394796143771211,0.977786805260254,False,False,0,1
"('INTERNAL', ('B0*M0 + B0*M1 + B1*M2', 'Abs(M0)**(1/4)*Abs(M1)**(1/4)'))",0.8552122726846353,0.8552122726846353,,1,0.0,9.900000000000002,0.12394796143771211,0.977786805260254,False,False,0,1
"('INTERNAL', ('B0*M4 + B1*M0*M3 + B1*M1*M3 + B1*M2*M3', 'B2*Abs(r)**(1/4)'))",0.8552122726846353,0.8552122726846353,,1,0.0,9.900000000000002,0.12394796143771211,0.977786805260254,False,False,0,1
"('INTERNAL', ('B0*M0', 'M0*M1 + M2 - M3'))",0.8552122726846353,0.8552122726846353,,1,0.0,9.900000000000002,0.12394796143771211,0.977786805260254,False,False,0,1
"('INTERNAL', ('M0*M1', 'M0*M2*M3 + M1*M2*M3'))",0.8552121807217009,0.8552121807217009,,1,0.0,9.900000000000002,0.12394794144665314,0.9777867980820941,False,False,0,1
"('INTERNAL', ('B0*M0 + B0*M1', 'sqrt(Abs(M0))*sqrt(Abs(r))'))",0.8552120174396095,0.8552120174396095,,1,0.0,9.900000000000002,0.12394790595211959,0.9777867853371193,False,False,0,1
"('INTERNAL', ('B0*sqrt(Abs(M0))', 'B1*M0*sqrt(Abs(i))'))",0.8551953475348661,0.8551953475348661,,1,0.0,9.900000000000002,0.1239442822547567,0.9777854841456927,False,False,0,1
"('INTERNAL', ('B0*sqrt(Abs(M0 + M1))', 'M0*M1*M2*M3 - M4 + M5'))",0.8550440406704775,0.8550440406704775,,1,0.0,9.900000000000002,0.12391139433871075,0.977773671613114,False,False,0,1
"('INTERNAL', ('B0*sqrt(Abs(M0))', 'M0*r + M1'))",0.855006074387367,0.855006074387367,,1,0.0,9.900000000000002,0.12390314290303993,0.9777707069971353,False,False,0,1
"('INTERNAL', ('B0*sqrt(Abs(M0 - M1 + M2))', 'M0*M3*M4 + M1*M3*M4 - M2*M3*M4 - M5 + M6'))",0.8549116964792909,0.8549116964792909,,1,0.0,9.900000000000002,0.12388263272559914,0.9777633364314906,False,False,0,1
"('INTERNAL', ('B0*sqrt(Abs(-M0*i + M0*s + M1))', '-M0 + i*r + i'))",0.8548660514836343,0.8548660514836343,,1,0.0,9.900000000000002,0.12387271395155719,0.97775977120413,False,False,0,1
"('INTERNAL', ('B0*sqrt(Abs(M0*M2 - M1*M2 + M3))', '-M1 + i*r + sqrt(Abs(M0))'))",0.8547946729137607,0.8547946729137607,,1,0.0,9.900000000000002,0.12385720422827666,0.9777541953032886,False,False,0,1
"('INTERNAL', ('M1*M2*M3*sqrt(Abs(M0))', 'M0*M1*M2'))",0.8547888305167513,0.8547888305167513,,1,0.0,9.900000000000002,0.12385593479936088,0.9777537388741866,False,False,0,1
"('INTERNAL', ('B0 + B1*sqrt(Abs(i))', 'sqrt(Abs(M0))*sqrt(Abs(M1))'))",0.8546715238547655,0.8546715238547655,,1,0.0,9.900000000000002,0.12383044831806866,0.977744573275227,False,False,0,1
"('INTERNAL', ('B0*M0 + B1*M1', 'Abs(M0)**(1/8)'))",0.8544140157261593,0.8544140157261593,,1,0.0,9.900000000000002,0.12377451295303737,0.9777244453386145,False,False,0,1
"('INTERNAL', ('M1*M2*M3*sqrt(Abs(M0))', 'B0*M0*M1'))",0.8542093361159637,0.8542093361159637,,1,0.0,9.900000000000002,0.12373006445707055,0.9777084389770081,False,False,0,1
"('INTERNAL', ('B0*M1 + B2*sqrt(Abs(B1 + M0))', 'i'))",0.8541958409776779,0.8541958409776779,,1,0.0,9.900000000000002,0.12372713419500526,0.9777073833892206,False,False,0,1
"('INTERNAL', ('B0*M1*sqrt(Abs(M0))', 'sqrt(Abs(M0))'))",0.8540815228708878,0.8540815228708878,,1,0.0,9.900000000000002,0.12370231356021671,0.9776984402494818,False,False,0,1
"('INTERNAL', ('B0*M0 + B0*M1', 'B1*M1*sqrt(Abs(M0))'))",0.8540087031140233,0.8540087031140233,,1,0.0,9.900000000000002,0.1236865046726519,0.9776927424246801,False,False,0,1
"('INTERNAL', ('B0*sqrt(Abs(-M1 + M2 + sqrt(Abs(M0))))', 'M0*M1*M2 - M3 + M4'))",0.8539941001569029,0.8539941001569029,,1,0.0,9.900000000000002,0.12368333458323849,0.9776915997033826,False,False,0,1
"('INTERNAL', ('B1*sqrt(Abs(B0*s + M0 + s**2))', 'i*r + i - r'))",0.8538782081378622,0.8538782081378622,,1,0.0,9.900000000000002,0.12365817796201141,0.977682529600494,False,False,0,1
"('INTERNAL', ('B0*M0', 'M0*M2 + M1*M2 + M2*r'))",0.8537621146106833,0.8537621146106833,,1,0.0,9.900000000000002,0.123632980892105,0.9776734415261964,False,False,0,1
"('INTERNAL', ('B0*sqrt(Abs(M1 + sqrt(Abs(M0))))', 'M0*i + M1'))",0.8537142231237219,0.8537142231237219,,1,0.0,9.900000000000002,0.12362258742988061,0.9776696918262192,False,False,0,1
"('INTERNAL', ('B0*M0*i + B0*M1*i', 'M0'))",0.8536396640218399,0.8536396640218399,,1,0.0,9.900000000000002,0.12360640764905816,0.9776638534191933,False,False,0,1
"('INTERNAL', ('B0*M0*M1*M2', 'M0'))",0.8536396640218399,0.8536396640218399,,1,0.0,9.900000000000002,0.12360640764905816,0.9776638534191933,False,False,0,1
"('INTERNAL', ('M1*i + i**2*sqrt(Abs(M0))', 'r'))",0.8536396640218399,0.8536396640218399,,1,0.0,9.900000000000002,0.12360640764905816,0.9776638534191933,False,False,0,1
"('INTERNAL', ('B0*M0*M2 + B1*M1*M2', 'sqrt(Abs(r))'))",0.8536396631023665,0.8536396631023665,,1,0.0,9.900000000000002,0.12360640744953524,0.9776638533471876,False,False,0,1
"('INTERNAL', ('B0*M0 + B0*M1 + B1*M2', 'M0*M1 - M2'))",0.8535333906061294,0.8535333906061294,,1,0.0,9.900000000000002,0.12358334801722914,0.9776555300282337,False,False,0,1
"('INTERNAL', ('B0*M0 + B2*sqrt(Abs(B1 + i))', 'M0'))",0.8535301749411487,0.8535301749411487,,1,0.0,9.900000000000002,0.12358265031238047,0.9776552781468524,False,False,0,1
"('INTERNAL', ('B0*sqrt(Abs(M0)) + B0*sqrt(Abs(i))', 'sqrt(Abs(M0 + M1))'))",0.8534748172760185,0.8534748172760185,,1,0.0,9.900000000000002,0.12357063972132003,0.9776509417444591,False,False,0,1
"('INTERNAL', ('B0*sqrt(Abs(M0)) + B0*sqrt(Abs(i))', 'Abs(M0)**(1/4)'))",0.8534108228592957,0.8534108228592957,,1,0.0,9.900000000000002,0.12355675620409937,0.9776459281641764,False,False,0,1
"('INTERNAL', ('B0 + M0', 'M0 + M1 + i'))",0.8533466765338198,0.8533466765338198,,1,0.0,9.900000000000002,0.12354284073492759,0.9776409020109301,False,False,0,1
"('INTERNAL', ('B0*M2 + B1*sqrt(Abs(M0 + M1))', 'M0 - M1'))",0.8532879322178524,0.8532879322178524,,1,0.0,9.900000000000002,0.1235300980232451,0.9776362985393818,False,False,0,1
"('INTERNAL', ('M0 + M1 - M2 - M3 - M4', 'M0'))",0.8532819147111765,0.8532819147111765,,1,0.0,9.900000000000002,0.12352879276410596,0.9776358269483605,False,False,0,1
"('INTERNAL', ('M0 + M1 - M2 - M3', 'M0'))",0.8532819123172896,0.8532819123172896,,1,0.0,9.900000000000002,0.12352879224484901,0.9776358267607508,False,False,0,1
"('INTERNAL', ('M0*i', 'i'))",0.8531944298834794,0.8531944298834794,,1,0.0,9.900000000000002,0.12350981740394097,0.9776289701079888,False,False,0,1
"('INTERNAL', ('B0*M3 + B1*M0*M2 + B1*M1*M2', 'Abs(M2)**(1/4)*Abs(M3)**(1/4)*Abs(M0 - M1)**(1/8)'))",0.8531697340633708,0.8531697340633708,,1,0.0,9.900000000000002,0.12350446124698673,0.9776270342853781,False,False,0,1
"('INTERNAL', ('B0*sqrt(Abs(M0 - M1 + M2))', 'M0'))",0.8531602706961979,0.8531602706961979,,1,0.0,9.900000000000002,0.12350240882255596,0.9776262924573024,False,False,0,1
"('INTERNAL', ('M3*sqrt(Abs(M0*M1 + M2))', 'M0'))",0.8530783024816918,0.8530783024816918,,1,0.0,9.900000000000002,0.1234846323907583,0.9776198664020475,False,False,0,1
"('INTERNAL', ('B0*sqrt(Abs(M0 + M1))', 'M0*i + M1*i + M2'))",0.8530748248813589,0.8530748248813589,,1,0.0,9.900000000000002,0.12348387824050776,0.9776195937446148,False,False,0,1
"('INTERNAL', ('i**2', 'sqrt(Abs(M0))'))",0.8530425667346115,0.8530425667346115,,1,0.0,9.900000000000002,0.12347688289964599,0.9776170644858324,False,False,0,1
"('INTERNAL', ('M0*M3*M4 + M1*M3*M4 + M2*M3*M4', 'M0*M2 + M1*M2'))",0.8528207731712568,0.8528207731712568,,1,0.0,9.900000000000002,0.1234287927364784,0.9775996697509247,False,False,0,1
"('INTERNAL', ('-M1*M2*M3 + M2*M3*sqrt(Abs(M0))', 'i'))",0.8527514012247154,0.8527514012247154,,1,0.0,9.900000000000002,0.12341375370206416,0.977594227424925,False,False,0,1
"('INTERNAL', ('-M0*i + i**2', 'B0*sqrt(Abs(M0))'))",0.852718449580929,0.852718449580929,,1,0.0,9.900000000000002,0.12340661057919357,0.9775916420468235,False,False,0,1
"('INTERNAL', ('B0*i', 'B1*r + M0*M1'))",0.8526707119309099,0.8526707119309099,,1,0.0,9.900000000000002,0.12339626267664969,0.9775878962472672,False,False,0,1
"('INTERNAL', ('M0*s', 'M0*i'))",0.8526305494523823,0.8526305494523823,,1,0.0,9.900000000000002,0.12338755724534506,0.977584744555186,False,False,0,1
"('INTERNAL', ('M0*M1*i - M2*i', 'sqrt(Abs(B0*M0 + B0*M1 + B0*i))'))",0.852534391258184,0.852534391258184,,1,0.0,9.900000000000002,0.12336671604490836,0.9775771976089614,False,False,0,1
"('INTERNAL', ('B0*sqrt(Abs(M1*sqrt(Abs(M0)) + M2))', 'M0 + i*r'))",0.8525211154500328,0.8525211154500328,,1,0.0,9.900000000000002,0.12336383884112796,0.9775761555424581,False,False,0,1
"('INTERNAL', ('B0*M0*M1', '-M0*M1 + M1*i'))",0.852517488994178,0.852517488994178,,1,0.0,9.900000000000002,0.1233630529038039,0.9775758708837263,False,False,0,1
"('INTERNAL', ('B0 + B1*M0', '-M0*M1 + M1*sqrt(Abs(i))'))",0.8525133739830953,0.8525133739830953,,1,0.0,9.900000000000002,0.12336216108908943,0.9775755478732364,False,False,0,1
"('INTERNAL', ('B0*M0 + B0*s + B1*M1', 'M0*M1'))",0.8525133738980935,0.8525133738980935,,1,0.0,9.900000000000002,0.12336216107066768,0.9775755478665642,False,False,0,1
"('INTERNAL', ('B0*M0 + B1*M1 + B1*M2', '-M0*M1 + M1*r'))",0.8525133737473995,0.8525133737473995,,1,0.0,9.900000000000002,0.12336216103800902,0.9775755478547353,False,False,0,1
"('INTERNAL', ('B0 + B1*i', 'sqrt(Abs(M0*M1 + M2))'))",0.8525133735986051,0.8525133735986051,,1,0.0,9.900000000000002,0.12336216100576199,0.9775755478430554,False,False,0,1
"('INTERNAL', ('B0 + B1*M0 + B2*M1 + B2*M2', '-M0*M1 + M1*r'))",0.8525133735356631,0.8525133735356631,,1,0.0,9.900000000000002,0.12336216099212109,0.9775755478381148,False,False,0,1
"('INTERNAL', ('B0*M0 + B1*i', 'M1 + sqrt(Abs(M0))'))",0.8525133726813219,0.8525133726813219,,1,0.0,9.900000000000002,0.12336216080696673,0.9775755477710525,False,False,0,1
"('INTERNAL', ('B0*M0 + B0*M1 + B0*M2 + B1*M3 + B1*M4', 'M0*M2 - M1*M2'))",0.8525133720307916,0.8525133720307916,,1,0.0,9.900000000000002,0.12336216066598267,0.9775755477199884,False,False,0,1
"('INTERNAL', ('B0*M0 + B1*M1', 'B2*M1*sqrt(Abs(M0))'))",0.8525133709554625,0.8525133709554625,,1,0.0,9.900000000000002,0.12336216043293534,0.9775755476355794,False,False,0,1
"('INTERNAL', ('B0 + B1*M0 + B1*M1 + B2*i', '-M0*M3 + M1*M3 + M2*M3 + M3*sqrt(Abs(i))'))",0.8525133702919554,0.8525133702919554,,1,0.0,9.900000000000002,0.12336216028913896,0.9775755475834967,False,False,0,1
"('INTERNAL', ('B0 + B1*M0 + B1*M1 + B2*s', 'M0*M2 - M1*M2'))",0.852513344557821,0.852513344557821,,1,0.0,9.900000000000002,0.12336215471199084,0.9775755455634703,False,False,0,1
"('INTERNAL', ('B0 + B1*M0 + B1*M1 + B2*i', '-M2*M3 + M3*sqrt(Abs(M0 + M1))'))",0.852513344557821,0.852513344557821,,1,0.0,9.900000000000002,0.12336215471199084,0.9775755455634703,False,False,0,1
"('INTERNAL', ('B0 + B1*M0*M2 + B1*M1*M2', 'r'))",0.8525132082827447,0.8525132082827447,,1,0.0,9.900000000000002,0.12336212517821304,0.9775755348664209,False,False,0,1
"('INTERNAL', ('B0 + B1*M0 + B2*i', '-M0*i + M0*r + M0*sqrt(Abs(i))'))",0.8525131958208166,0.8525131958208166,,1,0.0,9.900000000000002,0.1233621224774419,0.9775755338882092,False,False,0,1
"('INTERNAL', ('B0 + B1*s', 'sqrt(Abs(M0))*sqrt(Abs(M1))'))",0.8525131528406887,0.8525131528406887,,1,0.0,9.900000000000002,0.12336211316271296,0.97757553051444,False,False,0,1
"('INTERNAL', ('B0*M1 + B1*M0*M1 + B2*M1*i', 'B3*M0'))",0.8524870318646142,0.8524870318646142,,1,0.0,9.900000000000002,0.12335645226224129,0.9775734800657903,False,False,0,1
"('INTERNAL', ('B0*M2 + B1*sqrt(Abs(M0 + M1))', 'M0*M1'))",0.8523567017421199,0.8523567017421199,,1,0.0,9.900000000000002,0.12332820979460814,0.9775632477231768,False,False,0,1
"('INTERNAL', ('B0 + B1*sqrt(Abs(M0))', 'M0 + i'))",0.8523438349749813,0.8523438349749813,,1,0.0,9.900000000000002,0.12332542179802093,0.9775622373903107,False,False,0,1
"('INTERNAL', ('B0*sqrt(Abs(M0*M1 + M2))', 'M0 + M1'))",0.8523361958986192,0.8523361958986192,,1,0.0,9.900000000000002,0.12332376656694906,0.9775616375368544,False,False,0,1
"('INTERNAL', ('B0*M0 + B0*i', 'B1 + i'))",0.8522745301954298,0.8522745301954298,,1,0.0,9.900000000000002,0.12331040539637106,0.9775567949285013,False,False,0,1
"('INTERNAL', ('B0*M0 + B0*M1', 'sqrt(Abs(M0 + r))'))",0.8522664891362352,0.8522664891362352,,1,0.0,9.900000000000002,0.12330866320033097,0.9775561634181957,False,False,0,1
"('INTERNAL', ('B0*sqrt(Abs(M0))', 'sqrt(Abs(M0 + M1 + M2))'))",0.85226648913262,0.85226648913262,,1,0.0,9.900000000000002,0.12330866319954771,0.9775561634179118,False,False,0,1
"('INTERNAL', ('B0*sqrt(Abs(i))', 'M0*M1'))",0.8522664891301482,0.8522664891301482,,1,0.0,9.900000000000002,0.1233086631990121,0.9775561634177177,False,False,0,1
"('INTERNAL', ('B0*M0', 'sqrt(Abs(M0 + M1 + M2))'))",0.8522664890272833,0.8522664890272833,,1,0.0,9.900000000000002,0.12330866317672524,0.977556163409639,False,False,0,1
"('INTERNAL', ('B0*i', 'B1*M1*sqrt(Abs(M0))'))",0.8522664867555195,0.8522664867555195,,1,0.0,9.900000000000002,0.12330866268452148,0.977556163231223,False,False,0,1
"('INTERNAL', ('M0*M1', 'B0 - M0'))",0.8522512410689932,0.8522512410689932,,1,0.0,9.900000000000002,0.12330535955921378,0.9775549658713437,False,False,0,1
"('INTERNAL', ('B0 + B1*M0 + B1*i + B1*s', 'B2 - r'))",0.8522512410689932,0.8522512410689932,,1,0.0,9.900000000000002,0.12330535955921378,0.9775549658713437,False,False,0,1
"('INTERNAL', ('B0 + i**2', 'B1*M2 + B1*sqrt(Abs(M0 - M1)) - M3'))",0.8522494031300637,0.8522494031300637,,1,0.0,9.900000000000002,0.1233049613558174,0.9775548215214334,False,False,0,1
"('INTERNAL', ('B0*M0 + B0*M1 + B0*M2 + B0*s', 'M0'))",0.8522472333006104,0.8522472333006104,,1,0.0,9.900000000000002,0.12330449124688565,0.9775546511044576,False,False,0,1
"('INTERNAL', ('B0*M0', 'sqrt(Abs(i))*sqrt(Abs(r))'))",0.8522472333006091,0.8522472333006091,,1,0.0,9.900000000000002,0.12330449124688539,0.9775546511044575,False,False,0,1
"('INTERNAL', ('B0*M0 + B0*i + B0*s', 'M0'))",0.8522472333006087,0.8522472333006087,,1,0.0,9.900000000000002,0.12330449124688529,0.9775546511044575,False,False,0,1
"('INTERNAL', ('B0*M0 + B1*i + B1*s', 'r'))",0.8522472333006087,0.8522472333006087,,1,0.0,9.900000000000002,0.12330449124688529,0.9775546511044575,False,False,0,1
"('INTERNAL', ('B0*M0 + B0*M1 + B0*M2', 'sqrt(Abs(M0))'))",0.8522472333006085,0.8522472333006085,,1,0.0,9.900000000000002,0.12330449124688524,0.9775546511044575,False,False,0,1
"('INTERNAL', ('B0*sqrt(Abs(M0 + i))', 'r'))",0.8522472222469464,0.8522472222469464,,1,0.0,9.900000000000002,0.12330448885203388,0.9775546502363082,False,False,0,1
"('INTERNAL', ('M0*M1*M2', 'M0*M1*r'))",0.8521696875061407,0.8521696875061407,,1,0.0,9.900000000000002,0.12328769115543275,0.9775485602033064,False,False,0,1
"('INTERNAL', ('B0*sqrt(Abs(M0 + M1))', 'M1 + sqrt(Abs(M0))'))",0.8521567301881516,0.8521567301881516,,1,0.0,9.900000000000002,0.12328488412987713,0.977547542363711,False,False,0,1
"('INTERNAL', ('B0 + B1*i', 'M0 + r'))",0.8519642604807665,0.8519642604807665,,1,0.0,9.900000000000002,0.12324319302866589,0.9775324200066343,False,False,0,1
"('INTERNAL', ('B0*M2 + B1*M1*sqrt(Abs(M0))', 'Abs(M0)**(1/4)*Abs(M1)**(1/4)'))",0.8518833248701018,0.8518833248701018,,1,0.0,9.900000000000002,0.1232256641666841,0.9775260590807087,False,False,0,1
"('INTERNAL', ('B0*M0', 'M2*sqrt(Abs(M0 - M1))'))",0.8518592688525053,0.8518592688525053,,1,0.0,9.900000000000002,0.12322045447391043,0.9775241682533586,False,False,0,1
"('INTERNAL', ('B0*s', 'sqrt(Abs(M0*M2 + M1*M2))'))",0.8518592688377532,0.8518592688377532,,1,0.0,9.900000000000002,0.12322045447071565,0.977524168252199,False,False,0,1
"('INTERNAL', ('B0*s', 'B1*M0 + B1*M1'))",0.8518592687617779,0.8518592687617779,,1,0.0,9.900000000000002,0.12322045445426234,0.9775241682462271,False,False,0,1
"('INTERNAL', ('B0*s', 'M0 + M1 + M2 + M3 - M4'))",0.8518592686597518,0.8518592686597518,,1,0.0,9.900000000000002,0.12322045443216736,0.9775241682382076,False,False,0,1
"('INTERNAL', ('B0*s', 'M3*sqrt(Abs(M0*M1 - M2))'))",0.8518592686201385,0.8518592686201385,,1,0.0,9.900000000000002,0.12322045442358859,0.9775241682350939,False,False,0,1
"('INTERNAL', ('M0*M1', '-M1 + sqrt(Abs(M0))'))",0.8518592678858312,0.8518592678858312,,1,0.0,9.900000000000002,0.12322045426456543,0.9775241681773751,False,False,0,1
"('INTERNAL', ('B0*s', '-M2 + sqrt(Abs(M0))*sqrt(Abs(M1))'))",0.8518592670475471,0.8518592670475471,,1,0.0,9.900000000000002,0.12322045408302483,0.9775241681114835,False,False,0,1
"('INTERNAL', ('B0*M0', '-M2 + sqrt(Abs(M0))*sqrt(Abs(M1))'))",0.8518592654406844,0.8518592654406844,,1,0.0,9.900000000000002,0.12322045373503923,0.9775241679851793,False,False,0,1
"('INTERNAL', ('B0*M0*M1 + B0*M2 + B1*M3', 'M0 + M1 - M2 + i + r'))",0.8518568340112963,0.8518568340112963,,1,0.0,9.900000000000002,0.12321992718026127,0.9775239768670974,False,False,0,1
"('INTERNAL', ('B0*sqrt(Abs(M0)) + B0*sqrt(Abs(i))', 'M0'))",0.851785360605584,0.851785360605584,,1,0.0,9.900000000000002,0.1232044494138886,0.977518358398046,False,False,0,1
"('INTERNAL', ('B0*sqrt(Abs(i)) + B0*sqrt(Abs(s))', 'sqrt(Abs(M0))'))",0.851785360605584,0.851785360605584,,1,0.0,9.900000000000002,0.1232044494138886,0.977518358398046,False,False,0,1
"('INTERNAL', ('B0*sqrt(Abs(M0)) + B0*sqrt(Abs(i))', 'sqrt(Abs(r))'))",0.851785360605584,0.851785360605584,,1,0.0,9.900000000000002,0.1232044494138886,0.977518358398046,False,False,0,1
"('INTERNAL', ('B0*i*s', 'B1 + M0*M1*r'))",0.8517011026604873,0.8517011026604873,,1,0.0,9.900000000000002,0.12318620472080305,0.9775117338729162,False,False,0,1
"('INTERNAL', ('sqrt(Abs(-M1 + M2 + sqrt(Abs(M0))))', 'B0*r'))",0.851666177134266,0.851666177134266,,1,0.0,9.900000000000002,0.12317864267176595,0.977508987618944,False,False,0,1
"('INTERNAL', ('B0*M0', 'M0 + M1 - M2 + M3'))",0.8516360436130092,0.8516360436130092,,1,0.0,9.900000000000002,0.12317211842328542,0.9775066180081594,False,False,0,1
"('INTERNAL', ('B0*M0 + B1*i*s + B1*s', 'M0 - M1'))",0.8515817718118643,0.8515817718118643,,1,0.0,9.900000000000002,0.12316036852283645,0.9775023498598605,False,False,0,1
"('INTERNAL', ('B0*sqrt(Abs(-M0*M1 + M1*i + M2))', 'M0 + i*r'))",0.8515688338911339,0.8515688338911339,,1,0.0,9.900000000000002,0.1231575675558546,0.9775013322996569,False,False,0,1
"('INTERNAL', ('B0*sqrt(Abs(-M0*M1 + M1*s + M2))', 'B1 + i*r + i'))",0.8514313493642864,0.8514313493642864,,1,0.0,9.900000000000002,0.12312780566546339,0.9774905175268935,False,False,0,1
"('INTERNAL', ('B0*M0*M1', 'M0*M1*M2'))",0.8513992814407947,0.8513992814407947,,1,0.0,9.900000000000002,0.12312086444191998,0.9774879945632491,False,False,0,1
"('INTERNAL', ('B0*sqrt(Abs(M0*M2 + M1*M2 + M3))', 'M0 + i*r'))",0.8513869801224786,0.8513869801224786,,1,0.0,9.900000000000002,0.12311820184153861,0.9774870267047945,False,False,0,1
"('INTERNAL', ('M0*M1*M5*M6 + M2*M5*M6 + M3*M5*M6 - M4*M5*M6', 'i'))",0.8513173484809683,0.8513173484809683,,1,0.0,9.900000000000002,0.12310313088165618,0.9774815476729419,False,False,0,1
"('INTERNAL', ('M0*M1*M4*M5 + M2*M4*M5 - M3*M4*M5', 'i'))",0.8513161697648935,0.8513161697648935,,1,0.0,9.900000000000002,0.12310287577243564,0.977481454917719,False,False,0,1
"('INTERNAL', ('B0*M2 + B1*sqrt(Abs(M0 + M1))', 'i'))",0.8512574897225774,0.8512574897225774,,1,0.0,9.900000000000002,0.12309017609420896,0.9774768369954937,False,False,0,1
"('INTERNAL', ('B0*M0', 'sqrt(Abs(M0*M1 + r))'))",0.8512547672744988,0.8512547672744988,,1,0.0,9.900000000000002,0.12308958691572817,0.977476622734297,False,False,0,1
"('INTERNAL', ('B0*M1 + B1*M0*i + B1*s', 'M0 - M1 - M2'))",0.8512289925979439,0.8512289925979439,,1,0.0,9.900000000000002,0.12308400897982123,0.9774745941642391,False,False,0,1
"('INTERNAL', ('B0*M1*M3 + B0*M3*sqrt(Abs(M0)) + B1*M2*M3', 'M0*M2 + M1*M2'))",0.8512047952182777,0.8512047952182777,,1,0.0,9.900000000000002,0.12307877253654366,0.9774726896348112,False,False,0,1
"('INTERNAL', ('B0*M0*M2 + B0*M1*M2 + B0*M3 + B1*M4', 'M0 + M1 + M2 - M3 + i'))",0.8510878095003298,0.8510878095003298,,1,0.0,9.900000000000002,0.12305345821140168,0.9774634805614711,False,False,0,1
"('INTERNAL', ('B0*M0*s + B1*M1*s', 'M0'))",0.851082480152242,0.851082480152242,,1,0.0,9.900000000000002,0.12305230508302857,0.9774630609837807,False,False,0,1
"('INTERNAL', ('-M0*M2 - M1*M2 + M2*sqrt(Abs(s))', 'M0 - M1 - M2'))",0.8510549688285447,0.8510549688285447,,1,0.0,9.900000000000002,0.12304635247864826,0.9774608949530629,False,False,0,1
"('INTERNAL', ('B0*M0', 'B1*M1 + M0*M1'))",0.8510150880911846,0.8510150880911846,,1,0.0,9.900000000000002,0.12303772384128897,0.9774577548296117,False,False,0,1
"('INTERNAL', ('B0*sqrt(Abs(s))', 'sqrt(Abs(M0 + r))'))",0.8509653291690998,0.8509653291690998,,1,0.0,9.900000000000002,0.12302695849360723,0.9774538365541515,False,False,0,1
"('INTERNAL', ('B0*sqrt(Abs(s))', 'M0*M1*r + M2'))",0.8509559574238552,0.8509559574238552,,1,0.0,9.900000000000002,0.12302493098317317,0.9774530985290025,False,False,0,1
"('INTERNAL', ('B0*M2 + B1*M0*M1', 'Abs(M0*M2*M3 - M1*M2*M3)**(1/4)'))",0.8509474580290096,0.8509474580290096,,1,0.0,9.900000000000002,0.12302309221806469,0.977452429189037,False,False,0,1
"('INTERNAL', ('B0*sqrt(Abs(M0 + M1))', 'M0*i - M1 + M2'))",0.8509126188725387,0.8509126188725387,,1,0.0,9.900000000000002,0.12301555527434474,0.9774496854301697,False,False,0,1
"('INTERNAL', ('B1*sqrt(Abs(B0 + M0 + i))', 'B2*M0*M1*i - M2 + M3'))",0.8509106775758656,0.8509106775758656,,1,0.0,9.900000000000002,0.12301513531180987,0.9774495325374458,False,False,0,1
"('INTERNAL', ('B0*M0', 'sqrt(Abs(-M1 + r + sqrt(Abs(M0))))'))",0.8508907016707712,0.8508907016707712,,1,0.0,9.900000000000002,0.12301081395885649,0.9774479592384548,False,False,0,1
"('INTERNAL', ('B0*M2 + B1*M0*M1 + B1*s', 'M0 + M1 - M2'))",0.8508731408711155,0.8508731408711155,,1,0.0,9.900000000000002,0.12300701514184914,0.9774465760988255,False,False,0,1
"('INTERNAL', ('M0*i + M1*i - M2*i', 'sqrt(Abs(B0*M0 + B0*M1))'))",0.8507781799921804,0.8507781799921804,,1,0.0,9.900000000000002,0.12298647415669423,0.9774390958295011,False,False,0,1
"('INTERNAL', ('B0*M0 + B0*M2 + B1*M1', 'B2 - M0 + M1'))",0.8507742021427489,0.8507742021427489,,1,0.0,9.900000000000002,0.1229856137561725,0.9774387824536771,False,False,0,1
"('INTERNAL', ('B0*M1*M3 + B0*M3*sqrt(Abs(M0)) + B1*M2*M3', 'M0*r'))",0.85073786902796,0.85073786902796,,1,0.0,9.900000000000002,0.12297775515790041,0.9774359200033019,False,False,0,1
"('INTERNAL', ('B0*M0*s + B1*M1*s', 'M0 - M1 - M2'))",0.8504949307936338,0.8504949307936338,,1,0.0,9.900000000000002,0.12292521758956819,0.9774167749232106,False,False,0,1
"('INTERNAL', ('B0*Abs(M0 + s)**(1/4)', 'M0 + M1'))",0.8504483475388824,0.8504483475388824,,1,0.0,9.900000000000002,0.12291514518752045,0.9774131027621592,False,False,0,1
"('INTERNAL', ('M1*i*sqrt(Abs(M0)) - M2*i', 'sqrt(Abs(B0*M0 + B0*M1 + B0*M2 + B0*r))'))",0.8502359630760388,0.8502359630760388,,1,0.0,9.900000000000002,0.12286922934355567,0.9773963559787343,False,False,0,1
"('INTERNAL', ('B0*M0*M1', 'sqrt(Abs(M0 - M1))'))",0.8502249519928781,0.8502249519928781,,1,0.0,9.900000000000002,0.12286684913406747,0.9773954875395425,False,False,0,1
"('INTERNAL', ('B0*i', 'M1*M3 + M2*M3 + M3*r + M3*sqrt(Abs(M0))'))",0.849721015013598,0.849721015013598,,1,0.0,9.900000000000002,0.12275794727222031,0.9773557210104569,False,False,0,1
"('INTERNAL', ('B0*M0', 'sqrt(Abs(M0 + M1 - 2*r))'))",0.8496851252543641,0.8496851252543641,,1,0.0,9.900000000000002,0.12275019377830543,0.9773528873018371,False,False,0,1
"('INTERNAL', ('B0*sqrt(Abs(M0 + M1))', 'i*r + sqrt(Abs(M0))'))",0.8496562774105609,0.8496562774105609,,1,0.0,9.900000000000002,0.12274396182180755,0.9773506094411373,False,False,0,1
"('INTERNAL', ('M0*M2*M3*M4 + M1*M2*M3*M4', 'B0*i**2'))",0.8496461143347636,0.8496461143347636,,1,0.0,9.900000000000002,0.12274176635604754,0.9773498069198926,False,False,0,1
"('INTERNAL', ('M0*M1', '-M0*M1 + i'))",0.8496362530217595,0.8496362530217595,,1,0.0,9.900000000000002,0.12273963610226694,0.9773490282109977,False,False,0,1
"('INTERNAL', ('-M0 - M1 + M2 - i*s + i', 'i'))",0.8495911867065383,0.8495911867065383,,1,0.0,9.900000000000002,0.122729901119155,0.9773454692995778,False,False,0,1
"('INTERNAL', ('B0 + B1*M0 + B1*s + B2*i', '-M1*M2 + M2*sqrt(Abs(M0))'))",0.8495454094132184,0.8495454094132184,,1,0.0,9.900000000000002,0.12272001306080989,0.9773418539012863,False,False,0,1
"('INTERNAL', ('B0*sqrt(Abs(M0 - M1 + M2))', 'M0*M1*r - M2 + M3'))",0.8495032015133349,0.8495032015133349,,1,0.0,9.900000000000002,0.12271089645638998,0.9773385201023704,False,False,0,1
"('INTERNAL', ('B0*sqrt(Abs(M0*M1 + M2))', 'M0'))",0.8494801297904345,0.8494801297904345,,1,0.0,9.900000000000002,0.12270591331270024,0.9773366976546549,False,False,0,1
"('INTERNAL', ('B0*i + B2*sqrt(Abs(B1 + i))', 'B3*sqrt(Abs(M0))'))",0.8494735932320994,0.8494735932320994,,1,0.0,9.900000000000002,0.12270450153838935,0.977336181312571,False,False,0,1
"('INTERNAL', ('B1*sqrt(Abs(B0*M0 + M0*s + M1))', '-M0 + i*r + i'))",0.8494711108073033,0.8494711108073033,,1,0.0,9.900000000000002,0.12270396538380225,0.9773359852166577,False,False,0,1
"('INTERNAL', ('B0*sqrt(Abs(i))', 'M0 - M1'))",0.8494128306332259,0.8494128306332259,,1,0.0,9.900000000000002,0.12269137845174576,0.977331381160204,False,False,0,1
"('INTERNAL', ('B0*M1 - M0*M1 + M1*sqrt(Abs(s))', 'B1 + M0*M2 + M1*M2 - M3'))",0.84903338040088,0.84903338040088,,1,0.0,9.900000000000002,0.12260944774685444,0.9773013914915473,False,False,0,1
"('INTERNAL', ('B0*M0', 'M1*i - M1*sqrt(Abs(M0))'))",0.8489967350900094,0.8489967350900094,,1,0.0,9.900000000000002,0.12260153716576899,0.9772984939979019,False,False,0,1
"('INTERNAL', ('B0 - M0*M1*s', 'r'))",0.8489877896142523,0.8489877896142523,,1,0.0,9.900000000000002,0.12259960616585157,0.9772977866581972,False,False,0,1
"('INTERNAL', ('B0 - M0*M1*i', 'r'))",0.8489877896142523,0.8489877896142523,,1,0.0,9.900000000000002,0.12259960616585157,0.9772977866581972,False,False,0,1
"('INTERNAL', ('M0*s + M1*s', 'M0 + M1'))",0.8488894687364444,0.8488894687364444,,1,0.0,9.900000000000002,0.12257838358033013,0.977290011332346,False,False,0,1
"('INTERNAL', ('B0*sqrt(Abs(M0 - M1))', 'r'))",0.8488763182521702,0.8488763182521702,,1,0.0,9.900000000000002,0.12257554522349295,0.9772889712571425,False,False,0,1
"('INTERNAL', ('B0*M0*M1', 'M0 + M1 - M2'))",0.8487829680507878,0.8487829680507878,,1,0.0,9.900000000000002,0.12255539803606826,0.9772815873511256,False,False,0,1
"('TERMINAL', ('B0*i + B1*i*sqrt(Abs(s)) + B2*i*s', 'i'))",0.8486653124895175,0.8486653124895175,,1,0.0,9.900000000000002,0.12253000819662735,0.9772722788820268,True,False,0,1
"('INTERNAL', ('B0*sqrt(Abs(M0 + M1 - M2 + M3))', 'M0*M2*M3 - M1*M2*M3 - M4 + M5'))",0.8484684491151205,0.8484684491151205,,1,0.0,9.900000000000002,0.12248753300024004,0.9772566987134262,False,False,0,1
"('INTERNAL', ('B0*Abs(M0)**(1/4)', 'sqrt(Abs(M0 + M1))'))",0.848446774738548,0.848446774738548,,1,0.0,9.900000000000002,0.1224828571180146,0.9772549829710067,False,False,0,1
"('INTERNAL', ('B0*M0', 'B1*M2*sqrt(Abs(M0 - M1))'))",0.8483622886951621,0.8483622886951621,,1,0.0,9.900000000000002,0.1224646317661505,0.9772482943257019,False,False,0,1
"('INTERNAL', ('B0*M0 + B2*sqrt(Abs(B1 + i))', 'M0*M2 - M1*M2'))",0.8483187809518384,0.8483187809518384,,1,0.0,9.900000000000002,0.12245524694154747,0.9772448494204571,False,False,0,1
"('INTERNAL', ('M0', 'B0*M0'))",0.8479679595482804,0.8479679595482804,,1,0.0,9.900000000000002,0.12237958994298458,0.9772170603507375,False,False,0,1
"('INTERNAL', ('M0*i - M1*i', 'sqrt(Abs(B0*M0 + B0*M2 + B0*M3 + B1*M1))'))",0.8478316263144964,0.8478316263144964,,1,0.0,9.900000000000002,0.12235019683964148,0.9772062557555519,False,False,0,1
"('INTERNAL', ('B0*sqrt(Abs(M0*M2 - M1*M2 + M3))', 'i*r + i'))",0.8478277415745435,0.8478277415745435,,1,0.0,9.900000000000002,0.12234935936568117,0.9772059478399544,False,False,0,1
"('INTERNAL', ('B0*sqrt(Abs(M0 - M1 + M2))', 'M0*M2*M3 + M1*M2*M3 - M4 + M5'))",0.8477942530746894,0.8477942530746894,,1,0.0,9.900000000000002,0.1223421400522177,0.9772032933431107,False,False,0,1
"('INTERNAL', ('B0*M0 + B1*i + B2*s', '-M0 + r'))",0.8477517512612156,0.8477517512612156,,1,0.0,9.900000000000002,0.12233297807824622,0.9771999241329257,False,False,0,1
"('INTERNAL', ('B0 + B1*sqrt(Abs(i))', 'sqrt(Abs(-M0 + M1 + M2 + M3 + M4))'))",0.8477255893067203,0.8477255893067203,,1,0.0,9.900000000000002,0.12232733865150026,0.9771978500712724,False,False,0,1
"('INTERNAL', ('B0*i + B2*sqrt(Abs(B1 + i))', 'B3*M0 - M0*i'))",0.8476487321407034,0.8476487321407034,,1,0.0,9.900000000000002,0.12231077241312992,0.9771917563568363,False,False,0,1
"('INTERNAL', ('B0*i + B2*sqrt(Abs(B1 + i))', 'M1*M3*sqrt(Abs(M0)) - M2*M3'))",0.8476097646871129,0.8476097646871129,,1,0.0,9.900000000000002,0.12230237369134682,0.9771886664046471,False,False,0,1
"('INTERNAL', ('B0*sqrt(Abs(M0*M2 - M1*M2 + M3))', 'M0 + M1 - M2 + i*r'))",0.847450376567337,0.847450376567337,,1,0.0,9.900000000000002,0.12226802434097539,0.9771760250177292,False,False,0,1
"('INTERNAL', ('B0*sqrt(Abs(-M0 + M1 + i))', 'B1*M1*M2 - M0*M1*M2 - M3 + M4'))",0.8472898471089503,0.8472898471089503,,1,0.0,9.900000000000002,0.122233435265569,0.9771632888989323,False,False,0,1
"('INTERNAL', ('B0*M0*M1*M4 + B0*M2*M4 + B1*M3*M4', 'M0*M1'))",0.8468662210453364,0.8468662210453364,,1,0.0,9.900000000000002,0.12214218717519101,0.9771296588792221,False,False,0,1
"('INTERNAL', ('B0*M1*M2 + M0*M1*M2', 'M0*M1'))",0.8467968483464869,0.8467968483464869,,1,0.0,9.900000000000002,0.12212724860886327,0.9771241488470934,False,False,0,1
"('INTERNAL', ('B0*i*sqrt(Abs(M0))', 'M0'))",0.8467968387918376,0.8467968387918376,,1,0.0,9.900000000000002,0.12212724655146635,0.9771241480881465,False,False,0,1
"('INTERNAL', ('-M0 + i*s', 'M0'))",0.8467677604501892,0.8467677604501892,,1,0.0,9.900000000000002,0.12212098523234541,0.9771218382618247,False,False,0,1
"('INTERNAL', ('B0*i', 'B1*M0*sqrt(Abs(i))'))",0.846660131194031,0.846660131194031,,1,0.0,9.900000000000002,0.12209781165671364,0.9771132875687182,False,False,0,1
"('INTERNAL', ('B0 + B1*sqrt(Abs(i))', 'sqrt(Abs(M1 + M2 - i + sqrt(Abs(M0))))'))",0.8464809517276324,0.8464809517276324,,1,0.0,9.900000000000002,0.12205923889983948,0.9770990482968614,False,False,0,1
"('INTERNAL', ('B0*sqrt(Abs(i))', 'sqrt(Abs(M0 + M1))'))",0.8464652927308873,0.8464652927308873,,1,0.0,9.900000000000002,0.12205586828882165,0.977097803636681,False,False,0,1
"('INTERNAL', ('B0*M0', 'M0*M2 + M1*M2 + M3'))",0.8464485838445176,0.8464485838445176,,1,0.0,9.900000000000002,0.12205227175393693,0.9770964754813424,False,False,0,1
"('INTERNAL', ('M0*M1*M2*M3', 'M0*M1*r'))",0.8464117172512435,0.8464117172512435,,1,0.0,9.900000000000002,0.12204433657631938,0.9770935448689475,False,False,0,1
"('INTERNAL', ('B0*sqrt(Abs(M0 + M1))', 'M0*M1*r - M2 + M3'))",0.8464064277875075,0.8464064277875075,,1,0.0,9.900000000000002,0.12204319809748901,0.9770931243787188,False,False,0,1
"('INTERNAL', ('M3*sqrt(Abs(M2 + sqrt(Abs(M0))*sqrt(Abs(M1))))', 'sqrt(Abs(i))'))",0.8462921233496916,0.8462921233496916,,1,0.0,9.900000000000002,0.12201859741789894,0.9770840365330686,False,False,0,1
"('INTERNAL', ('M2*sqrt(Abs(B0 + M0*M1))', 'r'))",0.8460643800433174,0.8460643800433174,,1,0.0,9.900000000000002,0.12196959180521161,0.9770659232695993,False,False,0,1
"('INTERNAL', ('M0*M2*M3 + M1*M2*M3 + M2*M3*s', 'B0*i'))",0.8459836553809639,0.8459836553809639,,1,0.0,9.900000000000002,0.12195222456337147,0.9770595008973738,False,False,0,1
"('INTERNAL', ('B0*M0', 'sqrt(2)*sqrt(Abs(r))'))",0.8459496207205194,0.8459496207205194,,1,0.0,9.900000000000002,0.12194490276246013,0.9770567928139042,False,False,0,1
"('INTERNAL', ('B0*sqrt(Abs(-M0*i + M0*s + M1))', 'i*r + i - r'))",0.8455547913874117,0.8455547913874117,,1,0.0,9.900000000000002,0.12185998455597799,0.9770253629833292,False,False,0,1
"('INTERNAL', ('B0*M0*M1 + B0*sqrt(Abs(i))', 'sqrt(Abs(M0))'))",0.8454886963253816,0.8454886963253816,,1,0.0,9.900000000000002,0.12184577280926945,0.9770200990797482,False,False,0,1
"('INTERNAL', ('B0*M0 + B0*M1', 'B1 + r'))",0.8454567238144802,0.8454567238144802,,1,0.0,9.900000000000002,0.12183889846695337,0.9770175524867812,False,False,0,1
"('INTERNAL', ('M0*i + M1*i', 'B0 + B1*M0 + M0*r'))",0.8453317330135014,0.8453317330135014,,1,0.0,9.900000000000002,0.12181202683800361,0.9770075954280585,False,False,0,1
"('INTERNAL', ('M1*M2 + M2*sqrt(Abs(M0))', 'r'))",0.8452567408063417,0.8452567408063417,,1,0.0,9.900000000000002,0.12179590616878842,0.9770016201432098,False,False,0,1
"('INTERNAL', ('B0*sqrt(Abs(M0 - M1 + M2))', 'M0*M2*M3*r - M1*M2*M3 - M4 + M5'))",0.8452325699934782,0.8452325699934782,,1,0.0,9.900000000000002,0.1217907105906193,0.9769996940465068,False,False,0,1
"('INTERNAL', ('M0', 'i**2'))",0.8451405725872163,0.8451405725872163,,1,0.0,9.900000000000002,0.12177093680873742,0.9769923621829972,False,False,0,1
"('INTERNAL', ('B0*M0*M1 + M0*M1*sqrt(Abs(s))', 'i'))",0.845011170683808,0.845011170683808,,1,0.0,9.900000000000002,0.12174312683636089,0.9769820469638051,False,False,0,1
"('INTERNAL', ('B0*M3 + B1*M0*M2 + B1*M1*M2', 'M0'))",0.8449776388365002,0.8449776388365002,,1,0.0,9.900000000000002,0.1217359211154398,0.9769793735380502,False,False,0,1
"('INTERNAL', ('M0*i - M1*i - M2', 'M0 - M1'))",0.8449586094384979,0.8449586094384979,,1,0.0,9.900000000000002,0.1217318319740756,0.9769778562808864,False,False,0,1
"('INTERNAL', ('B1*sqrt(Abs(B0*i + M0 + i*s))', 'i*r + i - r'))",0.8449210564690779,0.8449210564690779,,1,0.0,9.900000000000002,0.12172376264382125,0.9769748619228564,False,False,0,1
"('INTERNAL', ('B0*M0 + B1*M1', 'Abs(M0)**(1/4)*Abs(r)**(1/4)'))",0.8448143926676844,0.8448143926676844,,1,0.0,9.900000000000002,0.12170084473876122,0.9769663556174653,False,False,0,1
"('INTERNAL', ('B0*M3 + B1*M1*M2 + B1*M2*sqrt(Abs(M0))', 'Abs(M0)**(1/4)*Abs(M1)**(1/4)*Abs(M2)**(1/4)'))",0.8448071932952526,0.8448071932952526,,1,0.0,9.900000000000002,0.12169929797285733,0.9769657814091874,False,False,0,1
"('INTERNAL', ('B0*M0 + B0*M1 + B0*sqrt(Abs(i))', 'sqrt(Abs(M0))'))",0.8447157154231824,0.8447157154231824,,1,0.0,9.900000000000002,0.12167964529133987,0.9769584845667924,False,False,0,1
"('INTERNAL', ('M2*sqrt(Abs(B0 + M0 - M1))', 'r'))",0.8445104349389769,0.8445104349389769,,1,0.0,9.900000000000002,0.12163555117070594,0.9769421051214064,False,False,0,1
"('INTERNAL', ('B0*i', 'M1*sqrt(Abs(M0)) + M2 - M3 + i'))",0.8442545099403015,0.8442545099403015,,1,0.0,9.900000000000002,0.12158059294820169,0.9769216750312859,False,False,0,1
"('INTERNAL', ('B0*i + B2*sqrt(Abs(B1 + i))', 'B3*M2 - M0*M1*M2'))",0.8442544103096334,0.8442544103096334,,1,0.0,9.900000000000002,0.12158057155625794,0.9769216670758321,False,False,0,1
"('INTERNAL', ('B0*M0 + B0*s', 'M0*M2 + M1*M2'))",0.8439882402869072,0.8439882402869072,,1,0.0,9.900000000000002,0.12152343013035052,0.9769004077269182,False,False,0,1
"('INTERNAL', ('B0 + B1*M0 + B1*M1', '-M1*M2 + M2*sqrt(Abs(M0))'))",0.843988240055423,0.843988240055423,,1,0.0,9.900000000000002,0.12152343008066294,0.9769004077084242,False,False,0,1
"('INTERNAL', ('B0 + B1*M0 + B2*M1 + B2*M2', '-M1*M2 + M2*Abs(M0)**(1/4)'))",0.84398823563922,0.84398823563922,,1,0.0,9.900000000000002,0.12152342913273419,0.9769004073555998,False,False,0,1
"('INTERNAL', ('B0*M0 + B1*M1 + B1*M2 + B1*M3', 'M0*M2 - M1*M2'))",0.8439881182529547,0.8439881182529547,,1,0.0,9.900000000000002,0.12152340393601867,0.9769003979772379,False,False,0,1
"('INTERNAL', ('B0 + B1*M0 + B2*M1 + B2*M2', '-M2*M3 + M3*sqrt(Abs(M0 + M1))'))",0.8439880716771502,0.8439880716771502,,1,0.0,9.900000000000002,0.12152339393862088,0.9769003942561482,False,False,0,1
"('INTERNAL', ('B0*M0 + B1*M1 + B1*M2 + B1*M3', 'M0*M1'))",0.8439880574813962,0.8439880574813962,,1,0.0,9.900000000000002,0.12152339089153241,0.9769003931220039,False,False,0,1
"('INTERNAL', ('B0*M0', 'sqrt(Abs(B1 + r))'))",0.8438271079482642,0.8438271079482642,,1,0.0,9.900000000000002,0.12148884655533368,0.9768875322216474,False,False,0,1
"('INTERNAL', ('B0*sqrt(Abs(M0*M2 - M1*M2 + M3))', 'i*r + sqrt(Abs(M0))'))",0.8437528515882168,0.8437528515882168,,1,0.0,9.900000000000002,0.12147291114971116,0.9768815972276986,False,False,0,1
"('INTERNAL', ('B0*sqrt(Abs(M0*M2 - M1*M2 + M3))', 'i*r'))",0.8437528515882168,0.8437528515882168,,1,0.0,9.900000000000002,0.12147291114971116,0.9768815972276986,False,False,0,1
"('TERMINAL', ('B0 + i**2', 'B1 + B2*i + B2*sqrt(Abs(i))'))",0.843752336381306,0.843752336381306,,1,0.0,9.900000000000002,0.12147280059103913,0.9768815560462453,True,False,0,1
"('INTERNAL', ('B0*i', 'M0*i + M1 - M2 + i'))",0.8437438242448728,0.8437438242448728,,1,0.0,9.900000000000002,0.12147097397403363,0.9768808756489256,False,False,0,1
"('INTERNAL', ('B0*i', 'M0*M2 - M1*M2 + M3 - M4 + i'))",0.8437438242448728,0.8437438242448728,,1,0.0,9.900000000000002,0.12147097397403363,0.9768808756489256,False,False,0,1
"('INTERNAL', ('B0*i', 'M0 + M1 + M2 - M3'))",0.8437438242448727,0.8437438242448727,,1,0.0,9.900000000000002,0.12147097397403363,0.9768808756489256,False,False,0,1
"('INTERNAL', ('B0*sqrt(Abs(i))', 'M0*i + M1'))",0.8437438242361773,0.8437438242361773,,1,0.0,9.900000000000002,0.12147097397216776,0.9768808756482306,False,False,0,1
"('INTERNAL', ('M0*M1', 'M1*sqrt(Abs(M0))'))",0.8437438237946845,0.8437438237946845,,1,0.0,9.900000000000002,0.12147097387742835,0.9768808756129406,False,False,0,1
"('INTERNAL', ('B0*M0 + B0*M2 + B1*M1', 'M0'))",0.843743823790344,0.843743823790344,,1,0.0,9.900000000000002,0.12147097387649691,0.9768808756125936,False,False,0,1
"('INTERNAL', ('B0*i + B1*M0*M1', 'M0'))",0.8437438237247219,0.8437438237247219,,1,0.0,9.900000000000002,0.12147097386241518,0.9768808756073483,False,False,0,1
"('INTERNAL', ('M0*i', 'Abs(M0)**(1/4)'))",0.8437438230808219,0.8437438230808219,,1,0.0,9.900000000000002,0.12147097372424151,0.9768808755558792,False,False,0,1
"('INTERNAL', ('B0*Abs(i)**(1/4)', 'M0'))",0.843743821825452,0.843743821825452,,1,0.0,9.900000000000002,0.12147097345485333,0.9768808754555333,False,False,0,1
"('INTERNAL', ('B0*M0*M1', '-M1 - M2 + sqrt(Abs(M0))'))",0.84374380922469,0.84374380922469,,1,0.0,9.900000000000002,0.12147097075087232,0.9768808744483126,False,False,0,1
"('INTERNAL', ('B0 + B1*i', 'B2 + M0*M1'))",0.8437437933697026,0.8437437933697026,,1,0.0,9.900000000000002,0.12147096734857141,0.9768808731809708,False,False,0,1
"('INTERNAL', ('B0*M0 + B0*i + B1*M1', 'M0 - M1'))",0.8437437933697026,0.8437437933697026,,1,0.0,9.900000000000002,0.12147096734857141,0.9768808731809708,False,False,0,1
"('INTERNAL', ('B0*sqrt(Abs(M0 + M1 + M2))', 'M0*M1*M2 - M3 + M4'))",0.8437437716179358,0.8437437716179358,,1,0.0,9.900000000000002,0.12147096268088835,0.9768808714422799,False,False,0,1
"('INTERNAL', ('B0*M0', 'sqrt(Abs(M0*M2 + M1*M2))'))",0.8437436891453075,0.8437436891453075,,1,0.0,9.900000000000002,0.12147094498319674,0.9768808648499682,False,False,0,1
"('INTERNAL', ('B0*i', '-M0 + 2*i'))",0.843741750712569,0.843741750712569,,1,0.0,9.900000000000002,0.12147052901796854,0.9768807099042647,False,False,0,1
"('INTERNAL', ('B0*M2 + B1*sqrt(Abs(M1 + sqrt(Abs(M0))))', 'M0'))",0.8437355864502494,0.8437355864502494,,1,0.0,9.900000000000002,0.12146920624467682,0.9768802171691318,False,False,0,1
"('INTERNAL', ('B0*Abs(M0 + M1 + M2)**(1/4)', 'M0'))",0.8437247607940159,0.8437247607940159,,1,0.0,9.900000000000002,0.12146688321706335,0.9768793518142841,False,False,0,1
"('INTERNAL', ('B0*sqrt(Abs(M0))', 'M0 + i*r'))",0.8437247602396981,0.8437247602396981,,1,0.0,9.900000000000002,0.12146688309811554,0.9768793517699739,False,False,0,1
"('INTERNAL', ('B0*M0', 'M0*r'))",0.8437247565369466,0.8437247565369466,,1,0.0,9.900000000000002,0.121466882303564,0.9768793514739891,False,False,0,1
"('INTERNAL', ('B0*sqrt(Abs(M0))*sqrt(Abs(M1))', 'M0 - M1'))",0.8436945450429207,0.8436945450429207,,1,0.0,9.900000000000002,0.12146039950869754,0.9768769363995777,False,False,0,1
"('INTERNAL', ('B0*i', '-M0*M1*M3 - M2*M3 + M3*r'))",0.8436346827784877,0.8436346827784877,,1,0.0,9.900000000000002,0.12144755489243254,0.9768721506315448,False,False,0,1
"('INTERNAL', ('B0*M0*i - M1*i', 'sqrt(Abs(B1*M0 + B1*M1 + B1*M2))'))",0.8436072321321079,0.8436072321321079,,1,0.0,9.900000000000002,0.12144166511123633,0.9768699558563981,False,False,0,1
"('INTERNAL', ('M0*M1*i - M2*i', 'sqrt(Abs(B0*M0 + B0*M1 + B1*r))'))",0.8435023754242151,0.8435023754242151,,1,0.0,9.900000000000002,0.12141916884903046,0.9768615710565242,False,False,0,1
"('INTERNAL', ('B0*i + B1*i**2 - M0*i', 'sqrt(Abs(B2*M0 + B2*M1 + B3*r))'))",0.8434163353348079,0.8434163353348079,,1,0.0,9.900000000000002,0.12140071154802674,0.9768546895664549,False,False,0,1
"('INTERNAL', ('B0*s', 'B1*M0*r + B2*M1*r'))",0.8433406761646697,0.8433406761646697,,1,0.0,9.900000000000002,0.12138448264115359,0.9768486373378256,False,False,0,1
"('INTERNAL', ('B0*s', 'M0*M4 + M1*M4 - M2*M4 - M3*M4'))",0.8433406761632305,0.8433406761632305,,1,0.0,9.900000000000002,0.12138448264084492,0.9768486373377104,False,False,0,1
"('INTERNAL', ('B0*M2 + B1*M0*M2 + B2*M1*M2', 'B3*M2 + B4*M0*M1'))",0.8433406760634414,0.8433406760634414,,1,0.0,9.900000000000002,0.12138448261944108,0.9768486373297274,False,False,0,1
"('INTERNAL', ('B0*s', 'M0*sqrt(Abs(i - r))'))",0.8433406759849941,0.8433406759849941,,1,0.0,9.900000000000002,0.12138448260261482,0.9768486373234516,False,False,0,1
"('INTERNAL', ('B0*M2 + B1*M0*M1 + B1*M1*s', 'Abs(M0)**(1/8)*Abs(M1)**(1/4)*Abs(M2)**(1/4)'))",0.8433406744667504,0.8433406744667504,,1,0.0,9.900000000000002,0.12138448227696519,0.9768486372019929,False,False,0,1
"('INTERNAL', ('B0*M0', 'M0 - M1 + M2 - M3'))",0.843340673998698,0.843340673998698,,1,0.0,9.900000000000002,0.12138448217657216,0.9768486371645488,False,False,0,1
"('INTERNAL', ('B0*s', 'M0 + M1 + M2 + M3'))",0.843340636126696,0.843340636126696,,1,0.0,9.900000000000002,0.1213844740533674,0.9768486341348059,False,False,0,1
"('INTERNAL', ('B0*M1 + B1*M0*s', 'Abs(M0)**(1/4)*Abs(M1)**(1/4)*Abs(M2)**(1/4)'))",0.8433406354665011,0.8433406354665011,,1,0.0,9.900000000000002,0.12138447391176155,0.9768486340819907,False,False,0,1
"('INTERNAL', ('B0*s', 'M1*sqrt(Abs(M0 - r))'))",0.8433406325835879,0.8433406325835879,,1,0.0,9.900000000000002,0.12138447329340259,0.9768486338513589,False,False,0,1
"('INTERNAL', ('B0*sqrt(Abs(-M0*M1 + M1*i + M2))', '-M0 + i*r + i'))",0.8432175933496634,0.8432175933496634,,1,0.0,9.900000000000002,0.12135808431534796,0.9768387895246949,False,False,0,1
"('INTERNAL', ('B0*sqrt(Abs(M0*M2 - M1*M2 + M3))', 'i*r + i - r'))",0.8432175933496634,0.8432175933496634,,1,0.0,9.900000000000002,0.12135808431534796,0.9768387895246949,False,False,0,1
"('INTERNAL', ('B0*sqrt(Abs(M1))', 'i*r + i - r'))",0.8432175933496634,0.8432175933496634,,1,0.0,9.900000000000002,0.12135808431534796,0.9768387895246949,False,False,0,1
"('INTERNAL', ('B0*i + B2*sqrt(Abs(B1 + i))', 'M0*i'))",0.8430360964182592,0.8430360964182592,,1,0.0,9.900000000000002,0.12131916424939741,0.9768242634771189,False,False,0,1
"('INTERNAL', ('B0*M0*M2 + B1*M1*M2', 'M0*M2 + M1*M2'))",0.8429238423417353,0.8429238423417353,,1,0.0,9.900000000000002,0.12129509656151717,0.9768152765496914,False,False,0,1
"('INTERNAL', ('B0*M2 + B0*M3 + B1*M0*M1', 'M0*M1'))",0.8429195083678337,0.8429195083678337,,1,0.0,9.900000000000002,0.12129416740270217,0.9768149295353968,False,False,0,1
"('INTERNAL', ('B0*M0*M3 + B1*M1*M3 + B1*M2*M3', 'M0'))",0.8428979941279742,0.8428979941279742,,1,0.0,9.900000000000002,0.12128955504131843,0.9768132068792478,False,False,0,1
"('INTERNAL', ('M0*M3*M4 - M1*M3*M4 + M2*M3*M4', 'M0*M1'))",0.8428276558150491,0.8428276558150491,,1,0.0,9.900000000000002,0.1212744762425793,0.9768075743238451,False,False,0,1
"('INTERNAL', ('B0*i - M0 - M1 + M2', 'i'))",0.8427629578609805,0.8427629578609805,,1,0.0,9.900000000000002,0.12126060765510241,0.9768023927195657,False,False,0,1
"('INTERNAL', ('B0*M2 + B1*M0*M1', 'Abs(M0*M2 - M1*M2)**(1/4)'))",0.8427515855975635,0.8427515855975635,,1,0.0,9.900000000000002,0.12125817001301802,0.976801481853549,False,False,0,1
"('INTERNAL', ('B0*sqrt(Abs(-M0 + M1 + i))', 'B1*M0*i*r - M1 + M2'))",0.8427422156446349,0.8427422156446349,,1,0.0,9.900000000000002,0.12125616158925616,0.9768007313474268,False,False,0,1
"('INTERNAL', ('M0*i - M1*i - M2*i', 'sqrt(Abs(B0*M0 + B0*M1 + B0*M2))'))",0.8426447586212967,0.8426447586212967,,1,0.0,9.900000000000002,0.12123527320311892,0.9767929244663162,False,False,0,1
"('INTERNAL', ('B0*i', 'M2*i - M2*sqrt(Abs(M0))*sqrt(Abs(M1))'))",0.8426425493111299,0.8426425493111299,,1,0.0,9.900000000000002,0.12123479969874607,0.976792747469476,False,False,0,1
"('INTERNAL', ('M1*s + s*Abs(M0)**(1/4)', 'M0 + M1'))",0.8426276919925129,0.8426276919925129,,1,0.0,9.900000000000002,0.12123161547516224,0.9767915571683028,False,False,0,1
"('INTERNAL', ('-M0*M1 + M1*sqrt(Abs(s))', 'sqrt(Abs(M0))'))",0.842622598539502,0.842622598539502,,1,0.0,9.900000000000002,0.12123052385756254,0.976791149095533,False,False,0,1
"('INTERNAL', ('B0*M0*M3 + B0*M1*M3 + B1*M2*M3', 'B2*M0'))",0.8426195255842802,0.8426195255842802,,1,0.0,9.900000000000002,0.1212298652716235,0.9767909028971584,False,False,0,1
"('INTERNAL', ('B0*i*s', 'B1 + M0*M2 - M1*M2'))",0.8425252894488604,0.8425252894488604,,1,0.0,9.900000000000002,0.12120966999407305,0.9767833521528932,False,False,0,1
"('INTERNAL', ('B0*sqrt(Abs(M0 - M1 + M2))', 'B1*M1*M2*i - M0*M1*M2 - M3 + M4'))",0.8424879697273705,0.8424879697273705,,1,0.0,9.900000000000002,0.12120167278427144,0.9767803614774734,False,False,0,1
"('INTERNAL', ('B0*sqrt(Abs(M0))', 'B1*M1*M2*i - M0*M1*M2 - M3 + M4'))",0.8424556570922102,0.8424556570922102,,1,0.0,9.900000000000002,0.12119474881079273,0.9767777718679987,False,False,0,1
"('INTERNAL', ('B0*i + B2*sqrt(Abs(B1 + i))', 'B3*M1*i - M0*M1'))",0.8424331656823717,0.8424331656823717,,1,0.0,9.900000000000002,0.12118992948531769,0.976775969252986,False,False,0,1
"('INTERNAL', ('B0*i + B2*sqrt(Abs(B1 + i))', 'B3*M0*M3 + B3*M1*M3 - M2*M3'))",0.8424331656823717,0.8424331656823717,,1,0.0,9.900000000000002,0.12118992948531769,0.976775969252986,False,False,0,1
"('INTERNAL', ('M0*M1*M2*M3', 'M0'))",0.8424001756533738,0.8424001756533738,,1,0.0,9.900000000000002,0.12118286079966566,0.9767733250565944,False,False,0,1
"('INTERNAL', ('B0*M1 + B2*sqrt(Abs(B1 + M0))', 'M0*M1*M2'))",0.8421647337053958,0.8421647337053958,,1,0.0,9.900000000000002,0.12113242092702282,0.9767544488650529,False,False,0,1
"('INTERNAL', ('B0*sqrt(Abs(M0))', 'M0*M1*M2 + M3'))",0.8420694520098695,0.8420694520098695,,1,0.0,9.900000000000002,0.12111201207854294,0.9767468072134766,False,False,0,1
"('INTERNAL', ('M0', 'M0*M2 - M1*M2'))",0.841889574285418,0.841889574285418,,1,0.0,9.900000000000002,0.12107348918312352,0.9767323768390503,False,False,0,1
"('INTERNAL', ('B0*i + B2*sqrt(Abs(B1 + i))', 'M0*M3 + M1*M3 - M2*M3'))",0.8415964541037058,0.8415964541037058,,1,0.0,9.900000000000002,0.12101073087286791,0.976708850389942,False,False,0,1
"('INTERNAL', ('B0*i', 'B1*M0 + 3*M0*r'))",0.8412977655589847,0.8412977655589847,,1,0.0,9.900000000000002,0.12094680172446275,0.9766848624790256,False,False,0,1
"('INTERNAL', ('B0*sqrt(Abs(M0))', 'M0*M1*i + M2'))",0.8412896111592448,0.8412896111592448,,1,0.0,9.900000000000002,0.12094505671785138,0.9766842073870609,False,False,0,1
"('INTERNAL', ('B0*Abs(M0 + M1)**(1/4)', 'M0*M1'))",0.8411404482171683,0.8411404482171683,,1,0.0,9.900000000000002,0.12091313932360517,0.9766722223013581,False,False,0,1
"('INTERNAL', ('B0*M3 + B1*M0*M2 + B1*M1*M2', 'Abs(M0*M2*M3 - M1*M2*M3)**(1/4)'))",0.8410865933607787,0.8410865933607787,,1,0.0,9.900000000000002,0.12090161696056732,0.9766678942211174,False,False,0,1
"('INTERNAL', ('B0*M0', 'B1*r*sqrt(Abs(i))'))",0.8409586582897266,0.8409586582897266,,1,0.0,9.900000000000002,0.12087424778601726,0.976657610724042,False,False,0,1
"('INTERNAL', ('B0*M0 + B0*sqrt(Abs(i))', 'Abs(M0)**(1/4)'))",0.8409586456276316,0.8409586456276316,,1,0.0,9.900000000000002,0.12087424507740856,0.976657609706122,False,False,0,1
"('INTERNAL', ('B0*i + B0*sqrt(Abs(i))', 'M0'))",0.8409586453663932,0.8409586453663932,,1,0.0,9.900000000000002,0.12087424502152588,0.9766576096851208,False,False,0,1
"('INTERNAL', ('B0*M0 + B0*sqrt(Abs(i))', 'r'))",0.8409586453663932,0.8409586453663932,,1,0.0,9.900000000000002,0.12087424502152588,0.9766576096851208,False,False,0,1
"('INTERNAL', ('B0*M0 + B0*sqrt(Abs(i))', 'sqrt(Abs(M0))*sqrt(Abs(M1))'))",0.8409586001213972,0.8409586001213972,,1,0.0,9.900000000000002,0.120874235342955,0.9766576060478248,False,False,0,1
"('INTERNAL', ('M0*M3*M4 + M1*M3*M4 + M2*M3*M4', 'M0*M1*M2'))",0.8408277654154301,0.8408277654154301,,1,0.0,9.900000000000002,0.12084624994196852,0.976647086690709,False,False,0,1
"('INTERNAL', ('M0*i + M1*i', 'B0*sqrt(Abs(M0))'))",0.8406640907065761,0.8406640907065761,,1,0.0,9.900000000000002,0.12081124592439595,0.9766339229707486,False,False,0,1
"('INTERNAL', ('B0*sqrt(Abs(M0 + M1))', 'M0*i - M1*i + M2'))",0.8405964769550934,0.8405964769550934,,1,0.0,9.900000000000002,0.12079678771193657,0.9766284837735092,False,False,0,1
"('INTERNAL', ('B0*M0', '-M0 + i + r'))",0.8404821688954189,0.8404821688954189,,1,0.0,9.900000000000002,0.1207723471162416,0.9766192865358676,False,False,0,1
"('INTERNAL', ('B0*sqrt(Abs(M0 + M1))', 'M0*M2 + M1*M2 - M3 + M4'))",0.8403702216157968,0.8403702216157968,,1,0.0,9.900000000000002,0.12074841434640887,0.9766102771632359,False,False,0,1
"('INTERNAL', ('B0*M0', 'M0*M1 - M2 + i'))",0.839971510538142,0.839971510538142,,1,0.0,9.900000000000002,0.12066320005772892,0.9765781726594537,False,False,0,1
"('INTERNAL', ('B0*M0*s - M0*s**2 + M0*Abs(s)**(3/2)', 'i'))",0.8399202501348627,0.8399202501348627,,1,0.0,9.900000000000002,0.12065224724354497,0.9765740432369795,False,False,0,1
"('INTERNAL', ('B0*M2 + B1*M1*sqrt(Abs(M0))', 'Abs(M0)**(1/4)*Abs(M1)**(1/4)*Abs(M2)**(1/4)'))",0.839872894960336,0.839872894960336,,1,0.0,9.900000000000002,0.12064212942367933,0.9765702280266598,False,False,0,1
"('INTERNAL', ('B0*sqrt(Abs(i))', 'B1*M0*M1*i - M2 + M3'))",0.8396007565503134,0.8396007565503134,,1,0.0,9.900000000000002,0.12058399532519533,0.9765482958070574,False,False,0,1
"('INTERNAL', ('B1*sqrt(Abs(B0*M1 - M0*M1 + M2))', '-M0 + i*r + i'))",0.8395336656597319,0.8395336656597319,,1,0.0,9.900000000000002,0.12056966614302093,0.9765428869349637,False,False,0,1
"('INTERNAL', ('B0*i', 'M0*i - M0*sqrt(Abs(i))'))",0.8395202340195316,0.8395202340195316,,1,0.0,9.900000000000002,0.12056679756190389,0.9765418039862197,False,False,0,1
"('INTERNAL', ('B0*M3*M4 + M0*M1*M3*M4 - M2*M3*M4', 'i'))",0.8394917577170274,0.8394917577170274,,1,0.0,9.900000000000002,0.12056071605227832,0.9765395079378753,False,False,0,1
"('INTERNAL', ('B0 + B1*M0 + B1*M1 + B2*i', '-M0*M1*M3 + M2*M3 + M3*sqrt(Abs(i))'))",0.8393333736629834,0.8393333736629834,,1,0.0,9.900000000000002,0.12052689451086936,0.9765267349731002,False,False,0,1
"('INTERNAL', ('B0 - M0 + M1', 'i'))",0.8393233382220273,0.8393233382220273,,1,0.0,9.900000000000002,0.12052475173342389,0.9765259255206103,False,False,0,1
"('INTERNAL', ('B0*i + B2*sqrt(Abs(B1 + i))', 'M0*M2*M4 + M1*M2*M4 - M3*M4'))",0.8390869928753986,0.8390869928753986,,1,0.0,9.900000000000002,0.1204742940632905,0.9765068572573375,False,False,0,1
"('INTERNAL', ('B0*sqrt(Abs(M0))', 'B1*M0*M2*M3 - M1*M2*M3 - M4 + M5'))",0.8385753556288105,0.8385753556288105,,1,0.0,9.900000000000002,0.12036511013811829,0.9764655470315569,False,False,0,1
"('INTERNAL', ('M0*M1*M2*i', 'B0*i**2'))",0.8384277628412425,0.8384277628412425,,1,0.0,9.900000000000002,0.1203336254163043,0.9764536221959201,False,False,0,1
"('INTERNAL', ('B0*i + B2*sqrt(Abs(B1 + i))', 'B3*M0 - M0*r'))",0.8384268998316828,0.8384268998316828,,1,0.0,9.900000000000002,0.12033344133321758,0.9764535524580665,False,False,0,1
"('INTERNAL', ('B0*M0', 'M1*Abs(M0)**(1/4)'))",0.8381935491166591,0.8381935491166591,,1,0.0,9.900000000000002,0.12028367336372038,0.9764346914130848,False,False,0,1
"('INTERNAL', ('B0*i', 'B1*M0*M1'))",0.8381935491045218,0.8381935491045218,,1,0.0,9.900000000000002,0.12028367336113213,0.9764346914121035,False,False,0,1
"('INTERNAL', ('B0*i', 'B1*sqrt(Abs(M0))'))",0.838193549055829,0.838193549055829,,1,0.0,9.900000000000002,0.1202836733507485,0.9764346914081669,False,False,0,1
"('INTERNAL', ('B0*i', 'B1*M2 + M0*M2 + M1*M2 + M2*r'))",0.838193548503509,0.838193548503509,,1,0.0,9.900000000000002,0.12028367323296779,0.9764346913635138,False,False,0,1
"('INTERNAL', ('M0*M4*M5 - M1*M4*M5 + M2*M4*M5 + M3*M4*M5', 'M0*M1'))",0.8381935484335998,0.8381935484335998,,1,0.0,9.900000000000002,0.1202836732180598,0.976434691357862,False,False,0,1
"('INTERNAL', ('B0*i', 'M0*M2 - M1*M2 + M2*r'))",0.8381935432056093,0.8381935432056093,,1,0.0,9.900000000000002,0.12028367210320504,0.9764346909351985,False,False,0,1
"('INTERNAL', ('B0*i', '-M0*M2 + M1*M2 + M2*i'))",0.8381933830468337,0.8381933830468337,,1,0.0,9.900000000000002,0.12028363794978524,0.9764346779869606,False,False,0,1
"('TERMINAL', ('B0*i', 'i*r - Abs(r)**(3/2)'))",0.8381933673669515,0.8381933673669515,,1,0.0,9.900000000000002,0.12028363460609362,0.9764346767193005,True,False,0,1
"('INTERNAL', ('B0*i', '2*M0*r'))",0.838193361048903,0.838193361048903,,1,0.0,9.900000000000002,0.1202836332587873,0.9764346762085099,False,False,0,1
"('INTERNAL', ('B0*i', 'M1*r + M1*sqrt(Abs(M0))'))",0.8381933390793653,0.8381933390793653,,1,0.0,9.900000000000002,0.12028362857384423,0.9764346744323544,False,False,0,1
"('INTERNAL', ('B0*M2 + B1*M0*M2 + B2*M1*M2', 'B3*sqrt(Abs(M0)) + B4*M1'))",0.8380946467169123,0.8380946467169123,,1,0.0,9.900000000000002,0.12026258387514646,0.9764266947197948,False,False,0,1
"('INTERNAL', ('B0*sqrt(Abs(M0 - M1 + M2))', '-M0*M1*M2 + M1*M2*r - M3 + M4'))",0.8379282991443949,0.8379282991443949,,1,0.0,9.900000000000002,0.12022711800932223,0.9764132411541286,False,False,0,1
"('INTERNAL', ('B0*M0 + M0*sqrt(Abs(s))', 'M0 - M1'))",0.8379154284056318,0.8379154284056318,,1,0.0,9.900000000000002,0.1202243742022322,0.9764122000272272,False,False,0,1
"('INTERNAL', ('M1*s + s*sqrt(Abs(M0))', 'M0 + M1 + M2'))",0.8379154284056302,0.8379154284056302,,1,0.0,9.900000000000002,0.12022437420223188,0.9764122000272271,False,False,0,1
"('INTERNAL', ('B0*M0 + M0*sqrt(Abs(s))', 'M0'))",0.8379154284056235,0.8379154284056235,,1,0.0,9.900000000000002,0.12022437420223045,0.9764122000272265,False,False,0,1
"('INTERNAL', ('M0*M2 - M1*M2', '-M0 + r'))",0.8379154284054207,0.8379154284054207,,1,0.0,9.900000000000002,0.12022437420218719,0.9764122000272101,False,False,0,1
"('INTERNAL', ('-M1*sqrt(Abs(M0)) + M1*sqrt(Abs(s))', 'M0'))",0.8379154284052521,0.8379154284052521,,1,0.0,9.900000000000002,0.1202243742021513,0.9764122000271964,False,False,0,1
"('INTERNAL', ('B0*M1 - M0*M1 + M1*sqrt(Abs(s))', 'B1 - M1 + sqrt(Abs(M0))'))",0.8379154283869265,0.8379154283869265,,1,0.0,9.900000000000002,0.12022437419824461,0.976412200025714,False,False,0,1
"('INTERNAL', ('B0*M0 + M0*sqrt(Abs(s))', 'M0 + M1 - M2'))",0.8379154283737795,0.8379154283737795,,1,0.0,9.900000000000002,0.12022437419544192,0.9764122000246506,False,False,0,1
"('INTERNAL', ('B0*M0 + M0*sqrt(Abs(s))', 'B1 + i*r - i'))",0.837915428048282,0.837915428048282,,1,0.0,9.900000000000002,0.12022437412605227,0.9764121999983204,False,False,0,1
"('INTERNAL', ('B0*M1 - M0*M1 + M1*sqrt(Abs(s))', 'M0*M1 - M2'))",0.8379154270221659,0.8379154270221659,,1,0.0,9.900000000000002,0.12022437390730462,0.9764121999153158,False,False,0,1
"('INTERNAL', ('M0*s + Abs(s)**(3/2)', 'M0'))",0.8379154221411493,0.8379154221411493,,1,0.0,9.900000000000002,0.12022437286676838,0.9764121995204803,False,False,0,1
"('INTERNAL', ('M1*s + s*sqrt(Abs(M0))', 'M0*M1 + r'))",0.8379154221411493,0.8379154221411493,,1,0.0,9.900000000000002,0.12022437286676838,0.9764121995204803,False,False,0,1
"('INTERNAL', ('-M0*i + M0*sqrt(Abs(s))', 'M0'))",0.8378946022380399,0.8378946022380399,,1,0.0,9.900000000000002,0.1202199345271819,0.9764105153199468,False,False,0,1
"('INTERNAL', ('B0*i', 'M0*M1*M2 + M3 - M4 + i'))",0.8378378438242231,0.8378378438242231,,1,0.0,9.900000000000002,0.12020783542826774,0.9764059235549746,False,False,0,1
"('INTERNAL', ('B0*M0*M2*i + B1*M1*M2*i', 'r'))",0.8378261016514761,0.8378261016514761,,1,0.0,9.900000000000002,0.12020533246529905,0.9764049735450236,False,False,0,1
"('INTERNAL', ('B0*M1*M2 + B1*M0*M2*s', 'r'))",0.8378261016514761,0.8378261016514761,,1,0.0,9.900000000000002,0.12020533246529905,0.9764049735450236,False,False,0,1
"('INTERNAL', ('B0*M0*M1 + B1*M1*i*s', 'r'))",0.8378261016514761,0.8378261016514761,,1,0.0,9.900000000000002,0.12020533246529905,0.9764049735450236,False,False,0,1
"('INTERNAL', ('B0*M0*M2*i + B0*M1*M2*i', 'r'))",0.8378260693799718,0.8378260693799718,,1,0.0,9.900000000000002,0.12020532558634707,0.9764049709340402,False,False,0,1
"('INTERNAL', ('B0*M0*M2 + B1*M1*M2', 'M0*r'))",0.8378260333701462,0.8378260333701462,,1,0.0,9.900000000000002,0.12020531791053965,0.9764049680206012,False,False,0,1
"('INTERNAL', ('M0*M1 - M2', 'M0 - M1'))",0.8377301765179326,0.8377301765179326,,1,0.0,9.900000000000002,0.12018488629672834,0.9763972117940483,False,False,0,1
"('INTERNAL', ('B0*M2 + B1*M0*M1', 'Abs(M0)**(1/4)*Abs(M1)**(1/4)*Abs(i)**(1/4)'))",0.8376624758938079,0.8376624758938079,,1,0.0,9.900000000000002,0.12017045743662383,0.9763917329075769,False,False,0,1
"('INTERNAL', ('B0*M0', 'B1*M0 + M0*i'))",0.8376304411163309,0.8376304411163309,,1,0.0,9.900000000000002,0.12016363033175563,0.9763891401290111,False,False,0,1
"('INTERNAL', ('M1*sqrt(Abs(M0))', 'M0*M1*M2'))",0.8374902639380971,0.8374902639380971,,1,0.0,9.900000000000002,0.1201337593227813,0.9763777927085653,False,False,0,1
"('INTERNAL', ('M0*i - M1', 'B0 - M0'))",0.8371715268841127,0.8371715268841127,,1,0.0,9.900000000000002,0.1200658557771749,0.9763519787161941,False,False,0,1
"('INTERNAL', ('B0*M1 + B1*M0*M1 + B2*M1*i', 'B3*M0 + B4*M1'))",0.8371660887645388,0.8371660887645388,,1,0.0,9.900000000000002,0.12006469745586644,0.9763515381465405,False,False,0,1
"('INTERNAL', ('i**2 - sqrt(Abs(M0))', 'M0 - M1'))",0.8369668127975116,0.8369668127975116,,1,0.0,9.900000000000002,0.1200222565202939,0.9763353904281196,False,False,0,1
"('INTERNAL', ('-M0*M1 + M1*i', 'M0'))",0.8368434438790232,0.8368434438790232,,1,0.0,9.900000000000002,0.11999598673345988,0.9763253903251702,False,False,0,1
"('INTERNAL', ('M0*M2*i + M1*M2*i - M3*i', 'sqrt(Abs(B0*M0 + B0*M1 + B0*M2 + B0*M3))'))",0.836825969922833,0.836825969922833,,1,0.0,9.900000000000002,0.1199922661808871,0.9763239737091879,False,False,0,1
"('INTERNAL', ('B0*M0*i*s', 'r'))",0.8366747668263776,0.8366747668263776,,1,0.0,9.900000000000002,0.1199600751070259,0.9763117135519157,False,False,0,1
"('TERMINAL', ('B0*i**2*s', 'r'))",0.8366747668263776,0.8366747668263776,,1,0.0,9.900000000000002,0.1199600751070259,0.9763117135519157,True,False,0,1
"('INTERNAL', ('B0*M0', 'B1*M0*sqrt(Abs(r))'))",0.8366522798148159,0.8366522798148159,,1,0.0,9.900000000000002,0.11995528810219043,0.976309889892375,False,False,0,1
"('INTERNAL', ('M0*i', 'M1 + sqrt(Abs(M0))'))",0.8365337092712473,0.8365337092712473,,1,0.0,9.900000000000002,0.11993004897736999,0.9763002726384272,False,False,0,1
"('INTERNAL', ('M0*M1 - M2 - M3 + M4', 'i'))",0.836439957168397,0.836439957168397,,1,0.0,9.900000000000002,0.11991009514348884,0.976292666766952,False,False,0,1
"('INTERNAL', ('B0*M1*i*sqrt(Abs(M0))', 'r'))",0.8364299606218429,0.8364299606218429,,1,0.0,9.900000000000002,0.11990796764212858,0.9762918556868763,False,False,0,1
"('INTERNAL', ('M0*s + M1*s', '-M0 + r'))",0.8363927580494381,0.8363927580494381,,1,0.0,9.900000000000002,0.1199000502668287,0.9762888370732051,False,False,0,1
"('INTERNAL', ('M0*M2 + M1*M2', 'sqrt(Abs(M0))'))",0.836392758047176,0.836392758047176,,1,0.0,9.900000000000002,0.11990005026634731,0.9762888370730216,False,False,0,1
"('INTERNAL', ('M1*s + s*sqrt(Abs(M0))', 'M0 - M1 + M2'))",0.8363927580465285,0.8363927580465285,,1,0.0,9.900000000000002,0.11990005026620947,0.9762888370729691,False,False,0,1
"('INTERNAL', ('M2*s + s*sqrt(Abs(B0 + M0 - M1))', '2*r'))",0.8363927580437145,0.8363927580437145,,1,0.0,9.900000000000002,0.11990005026561061,0.9762888370727407,False,False,0,1
"('INTERNAL', ('B0*M1 + M0*M1', 'M0'))",0.8363927580404771,0.8363927580404771,,1,0.0,9.900000000000002,0.11990005026492163,0.976288837072478,False,False,0,1
"('INTERNAL', ('M0*s + M1*s + M2*s', 'M0'))",0.8363927566351269,0.8363927566351269,,1,0.0,9.900000000000002,0.11990004996584419,0.9762888369584437,False,False,0,1
"('INTERNAL', ('M0*s + s**2', 'M0'))",0.8363927558626364,0.8363927558626364,,1,0.0,9.900000000000002,0.11990004980144783,0.9762888368957615,False,False,0,1
"('TERMINAL', ('B0 - i**2 + s', 'i'))",0.8363903355203529,0.8363903355203529,,1,0.0,9.900000000000002,0.11989953472070111,0.9762886405014817,True,False,0,1
"('INTERNAL', ('B0*i', 'M0*M4 - M1*M4 - M2*M4 - M3*M4'))",0.8363751704767721,0.8363751704767721,,1,0.0,9.900000000000002,0.11989630743159352,0.9762874099395735,False,False,0,1
"('INTERNAL', ('B0 + M0 + M1', 'M0 + i'))",0.836301582196753,0.836301582196753,,1,0.0,9.900000000000002,0.11988064781721365,0.9762814381071773,False,False,0,1
"('INTERNAL', ('M0*M1*M2*i', 'B0*M0*M1'))",0.8362965040062754,0.8362965040062754,,1,0.0,9.900000000000002,0.11987956722439656,0.9762810259691896,False,False,0,1
"('INTERNAL', ('B0*M0*M1*M2*i', 'r'))",0.8362964957035361,0.8362964957035361,,1,0.0,9.900000000000002,0.1198795654576542,0.9762810252953489,False,False,0,1
"('TERMINAL', ('B0*i**3', 'r'))",0.8362964957035361,0.8362964957035361,,1,0.0,9.900000000000002,0.1198795654576542,0.9762810252953489,True,False,0,1
"('INTERNAL', ('B0*M0*M1', 'B1*M1*sqrt(Abs(M0))'))",0.8361688864407293,0.8361688864407293,,1,0.0,9.900000000000002,0.11985241340321845,0.9762706673314472,False,False,0,1
"('INTERNAL', ('M0*i', 'sqrt(Abs(M0 - M1))'))",0.836168567931964,0.836168567931964,,1,0.0,9.900000000000002,0.11985234563743513,0.9762706414749314,False,False,0,1
"('INTERNAL', ('M0*i*s + M1*i', 'r'))",0.8361532134833582,0.8361532134833582,,1,0.0,9.900000000000002,0.1198490788607324,0.976269394982197,False,False,0,1
"('INTERNAL', ('B0*i + B2*sqrt(Abs(B1 + i))', 'M0*M2*M4 - M1*M2*M4 - M3*M4'))",0.8361290566724643,0.8361290566724643,,1,0.0,9.900000000000002,0.11984393942879014,0.9762674338243473,False,False,0,1
"('INTERNAL', ('B0*M0*M1 + B0*M2 + B1*M3', 'M0 + M1 - M2 + 2*i'))",0.8358730509279746,0.8358730509279746,,1,0.0,9.900000000000002,0.1197894820897717,0.9762466442211186,False,False,0,1
"('INTERNAL', ('M0*s - M1*s + M2*s', 'M0'))",0.835837213493892,0.835837213493892,,1,0.0,9.900000000000002,0.11978186003746222,0.9762437330880559,False,False,0,1
"('INTERNAL', ('B0*M1 + B2*sqrt(Abs(B1 + M0))', 'M0 - M1'))",0.8357967011886456,0.8357967011886456,,1,0.0,9.900000000000002,0.11977324408647931,0.9762404419525774,False,False,0,1
"('INTERNAL', ('M0*i', 'M0*M1 + M2'))",0.835790351577007,0.835790351577007,,1,0.0,9.900000000000002,0.11977189371917114,0.9762399260987911,False,False,0,1
"('INTERNAL', ('M0*i', 'sqrt(Abs(M0*M2 + M1*M2))'))",0.8357864351384856,0.8357864351384856,,1,0.0,9.900000000000002,0.1197710608178639,0.9762396079170179,False,False,0,1
"('INTERNAL', ('B1*sqrt(Abs(B0 + M0))', 'M0*i + M1'))",0.8356589759806219,0.8356589759806219,,1,0.0,9.900000000000002,0.11974395634262791,0.9762292514188815,False,False,0,1
"('INTERNAL', ('B0*M0*M1', 'M1*sqrt(Abs(M0))'))",0.8355483578609928,0.8355483578609928,,1,0.0,9.900000000000002,0.11972043631939247,0.9762202611418829,False,False,0,1
"('INTERNAL', ('B0*M0', 'sqrt(Abs(M0))*sqrt(Abs(M1))*sqrt(Abs(r))'))",0.835548355892837,0.835548355892837,,1,0.0,9.900000000000002,0.11972043590094232,0.9762202609819068,False,False,0,1
"('INTERNAL', ('B0 + B1*M0 + B2*s', 'M0 - M1'))",0.8355483476699743,0.8355483476699743,,1,0.0,9.900000000000002,0.11972043415267698,0.9762202603135343,False,False,0,1
"('INTERNAL', ('B0 + B1*s', 'M0*M2 + M1*M2'))",0.8355481436890874,0.8355481436890874,,1,0.0,9.900000000000002,0.11972039078424491,0.9762202437335118,False,False,0,1
"('INTERNAL', ('B0*sqrt(Abs(M1 + sqrt(Abs(M0))))', 'M0 + i*r'))",0.8353849894100949,0.8353849894100949,,1,0.0,9.900000000000002,0.11968570571358883,0.9762069799910906,False,False,0,1
"('INTERNAL', ('B0*sqrt(Abs(M0))', 'B1 - M0'))",0.8353206246985944,0.8353206246985944,,1,0.0,9.900000000000002,0.11967202414008767,0.9762017462087155,False,False,0,1
"('INTERNAL', ('B0*i + B2*sqrt(Abs(B1 + i))', 'B3*M0 + B4*M1 + B4*M2'))",0.835319569757275,0.835319569757275,,1,0.0,9.900000000000002,0.11967179990661019,0.9762016604210301,False,False,0,1
"('INTERNAL', ('B0*i', 'sqrt(Abs(M0 + M1))'))",0.8353063860000647,0.8353063860000647,,1,0.0,9.900000000000002,0.11966899765035241,0.9762005883041954,False,False,0,1
"('INTERNAL', ('M0*M1*i - M2*i', 'sqrt(Abs(B0 + B1*M0 + B1*M1 + B1*M2))'))",0.8353063858923311,0.8353063858923311,,1,0.0,9.900000000000002,0.11966899762745341,0.9762005882954343,False,False,0,1
"('INTERNAL', ('B0*M0', 'B1 + M0 + M1'))",0.8353063855909765,0.8353063855909765,,1,0.0,9.900000000000002,0.1196689975633999,0.9762005882709276,False,False,0,1
"('INTERNAL', ('B0*M0 + B1*M1', 'M0 + M1 + M2'))",0.8353063855489833,0.8353063855489833,,1,0.0,9.900000000000002,0.11966899755447413,0.9762005882675125,False,False,0,1
"('INTERNAL', ('-M0 + i**2', 'M0*M1*M2 - M3'))",0.8352961034650623,0.8352961034650623,,1,0.0,9.900000000000002,0.11966681208859603,0.9761997520978655,False,False,0,1
"('INTERNAL', ('B0*M4 + B1*M0*M3 + B1*M1*M3 + B1*M2*M3', 'Abs(M2)**(1/4)*Abs(M3)**(1/4)*Abs(M0 + M1)**(1/8)'))",0.8352875133579265,0.8352875133579265,,1,0.0,9.900000000000002,0.11966498627334686,0.9761990535114332,False,False,0,1
"('INTERNAL', ('M0*i', 'sqrt(Abs(B0*M0 + B1*M1))'))",0.8352866172481376,0.8352866172481376,,1,0.0,9.900000000000002,0.11966479580748744,0.976198980635024,False,False,0,1
"('INTERNAL', ('B0*sqrt(Abs(M0*M1 - M2 + M3))', 'M0*M1*M2 - M3 + M4'))",0.8352777370109131,0.8352777370109131,,1,0.0,9.900000000000002,0.11966290834606093,0.976198258439791,False,False,0,1
"('INTERNAL', ('B0 + i', 'i + sqrt(Abs(M0))*sqrt(Abs(M1))'))",0.835165377133157,0.835165377133157,,1,0.0,9.900000000000002,0.11963902830936998,0.9761891195234494,False,False,0,1
"('INTERNAL', ('B0*M0 + B0*sqrt(Abs(i))', 'M0 + M1'))",0.8351296124672729,0.8351296124672729,,1,0.0,9.900000000000002,0.11963142782076183,0.9761862101274158,False,False,0,1
"('INTERNAL', ('M0*M1*s', '-i + r'))",0.8349611136515869,0.8349611136515869,,1,0.0,9.900000000000002,0.11959562361792471,0.9761725001904275,False,False,0,1
"('INTERNAL', ('B0*s', 'M0*r'))",0.8349072692764908,0.8349072692764908,,1,0.0,9.900000000000002,0.11958418370105353,0.9761681181454974,False,False,0,1
"('INTERNAL', ('B0*s', 'sqrt(Abs(M0*M2*M3 - M1*M2*M3))'))",0.8349072691511424,0.8349072691511424,,1,0.0,9.900000000000002,0.11958418367442254,0.9761681181352956,False,False,0,1
"('INTERNAL', ('B0*s', 'B1*M3 - M0*M1*M3 - M2*M3'))",0.8349072670187047,0.8349072670187047,,1,0.0,9.900000000000002,0.119584183221373,0.9761681179617409,False,False,0,1
"('INTERNAL', ('B0*s', 'sqrt(Abs(M0*M2 - M1*M2))'))",0.8349072654251134,0.8349072654251134,,1,0.0,9.900000000000002,0.1195841828828047,0.9761681178320416,False,False,0,1
"('INTERNAL', ('B0*M0', 'M0*M1 - M2'))",0.83490723124561,0.83490723124561,,1,0.0,9.900000000000002,0.11958417562115937,0.9761681150502414,False,False,0,1
"('INTERNAL', ('M0*i', 'i**2'))",0.8344615026571777,0.8344615026571777,,1,0.0,9.900000000000002,0.11948950172379606,0.9761318217156626,False,False,0,1
"('INTERNAL', ('M0*M2*M3 - M1*M2*M3', 'M0*M1*M2'))",0.8344504600012498,0.8344504600012498,,1,0.0,9.900000000000002,0.11948715684140361,0.9761309221541445,False,False,0,1
"('INTERNAL', ('M0*i - M1', '-M1 + sqrt(Abs(M0))'))",0.834448633802883,0.834448633802883,,1,0.0,9.900000000000002,0.11948676905523664,0.9761307733856601,False,False,0,1
"('INTERNAL', ('-M2*M3 + M3*sqrt(Abs(M0 + M1))', 'M0'))",0.8344436546498364,0.8344436546498364,,1,0.0,9.900000000000002,0.1194857117553972,0.9761303677637017,False,False,0,1
"('INTERNAL', ('i**2 - i', 'M0*M1 - M2'))",0.8344435328785909,0.8344435328785909,,1,0.0,9.900000000000002,0.11948568589791789,0.976130357843672,False,False,0,1
"('INTERNAL', ('B0*M0*M2 + B1*M1*M2', 'M0*M2 - M1*M2'))",0.8343592650344928,0.8343592650344928,,1,0.0,9.900000000000002,0.11946779292174359,0.9761234924218458,False,False,0,1
"('INTERNAL', ('B0*M1*M3 + B0*M4 + B1*M0*M3 + B1*M2*M3', 'Abs(M0)**(1/4)*Abs(M1)**(1/4)*Abs(M2)**(1/4)'))",0.8343240697430953,0.8343240697430953,,1,0.0,9.900000000000002,0.11946032024991737,0.9761206246641867,False,False,0,1
"('INTERNAL', ('B0*M0', 'M0 + r'))",0.8342734156274928,0.8342734156274928,,1,0.0,9.900000000000002,0.11944956587962816,0.9761164969428159,False,False,0,1
"('INTERNAL', ('B0*i*sqrt(Abs(M0))', 'r'))",0.83426737914995,0.83426737914995,,1,0.0,9.900000000000002,0.11944828431678589,0.9761160050118568,False,False,0,1
"('INTERNAL', ('sqrt(Abs(M0*M1 + M2))', 'M0*M1'))",0.834249260380417,0.834249260380417,,1,0.0,9.900000000000002,0.11944443769858029,0.9761145284219737,False,False,0,1
"('INTERNAL', ('B0*M0', 'sqrt(Abs(M1 + M2 - r - sqrt(Abs(M0))))'))",0.8340605956864419,0.8340605956864419,,1,0.0,9.900000000000002,0.11940438883447163,0.9760991499656295,False,False,0,1
"('INTERNAL', ('B0*sqrt(Abs(s))', 'M0*M1*r'))",0.8340349464762626,0.8340349464762626,,1,0.0,9.900000000000002,0.11939894479962937,0.9760970587909074,False,False,0,1
"('INTERNAL', ('M0*M1', '-M0*M1 + M1*i'))",0.8340184742475237,0.8340184742475237,,1,0.0,9.900000000000002,0.11939544865884488,0.9760957157562987,False,False,0,1
"('INTERNAL', ('B0*M3 + B1*M0*M2 + B1*M1*M2 + B1*M2*i', 'B2*Abs(M0)**(1/4)'))",0.8338975258770115,0.8338975258770115,,1,0.0,9.900000000000002,0.11936978002242038,0.976085853068994,False,False,0,1
"('INTERNAL', ('B0*M0 + B1*M1 + B2*M0*i + B2*M0*s', 'B3*Abs(i)**(1/4)'))",0.8338975258770115,0.8338975258770115,,1,0.0,9.900000000000002,0.11936978002242038,0.976085853068994,False,False,0,1
"('INTERNAL', ('M1*Abs(M0)**(1/4)', 'M0'))",0.8338204519254171,0.8338204519254171,,1,0.0,9.900000000000002,0.11935342460107276,0.9760795668443549,False,False,0,1
"('TERMINAL', ('B0 + B1*sqrt(Abs(i)) - 2*i', 'r'))",0.8336887133914118,0.8336887133914118,,1,0.0,9.900000000000002,0.11932547242530539,0.9760688198541442,True,False,0,1
"('INTERNAL', ('B0*M0*M1', 'M0*M2 + M1*M2'))",0.8334495197461438,0.8334495197461438,,1,0.0,9.900000000000002,0.11927473116327138,0.9760492995480465,False,False,0,1
"('INTERNAL', ('M1*M2*sqrt(Abs(M0))', 'M0*M1*M2'))",0.8333773993097795,0.8333773993097795,,1,0.0,9.900000000000002,0.11925943461449817,0.9760434120325663,False,False,0,1
"('INTERNAL', ('B0*sqrt(Abs(M0*M1 + M2))', 'i*r + r'))",0.8333109582826896,0.8333109582826896,,1,0.0,9.900000000000002,0.11924534375806141,0.9760379873928378,False,False,0,1
"('INTERNAL', ('M0*i', 'sqrt(Abs(M0))*sqrt(Abs(i))'))",0.8332684881575572,0.8332684881575572,,1,0.0,9.900000000000002,0.11923633722135517,0.9760345194979535,False,False,0,1
"('INTERNAL', ('B0*sqrt(Abs(M0*M2 - M1*M2 + M3))', 'B1 + i*r + i'))",0.8332349173916098,0.8332349173916098,,1,0.0,9.900000000000002,0.11922921825661091,0.9760317780688376,False,False,0,1
"('INTERNAL', ('M0*i', 'B0 - M0*M2 + M1*M2 + M2*r'))",0.8330606834446949,0.8330606834446949,,1,0.0,9.900000000000002,0.11919227482037442,0.9760175469261061,False,False,0,1
"('INTERNAL', ('B0*sqrt(Abs(-M0 + M1 + i))', 'B1*M1*M2*r - M0*M1*M2 - M3 + M4'))",0.8325945980643946,0.8325945980643946,,1,0.0,9.900000000000002,0.11909348490888151,0.9759794531961515,False,False,0,1
"('INTERNAL', ('B0*M0 + B0*M1', 'Abs(M0)**(1/4)'))",0.8323933798508855,0.8323933798508855,,1,0.0,9.900000000000002,0.11905085147112596,0.9759629962967342,False,False,0,1
"('INTERNAL', ('B0*sqrt(Abs(M0)) + B0*sqrt(Abs(i))', 'sqrt(Abs(M0 - M1))'))",0.8321455437102648,0.8321455437102648,,1,0.0,9.900000000000002,0.11899835413089924,0.9759427174965427,False,False,0,1
"('INTERNAL', ('B0*M0 - M0*i + M0*sqrt(Abs(s))', 'B1 - M0 + i*r'))",0.8320280220008184,0.8320280220008184,,1,0.0,9.900000000000002,0.1189734655042737,0.9759330979220406,False,False,0,1
"('INTERNAL', ('B0*M1 - M0*M1 + M1*sqrt(Abs(s))', 'B1 + i*r'))",0.8320280220008184,0.8320280220008184,,1,0.0,9.900000000000002,0.1189734655042737,0.9759330979220406,False,False,0,1
"('INTERNAL', ('B0*M1*sqrt(Abs(M0))', 'sqrt(Abs(i))'))",0.8316207106585143,0.8316207106585143,,1,0.0,9.900000000000002,0.11888723115458667,0.9758997403650033,False,False,0,1
"('INTERNAL', ('-M0*M1 + i**2', 'M0 - M1'))",0.8314229625107071,0.8314229625107071,,1,0.0,9.900000000000002,0.11884537903793171,0.9758835355095272,False,False,0,1
"('INTERNAL', ('i*sqrt(Abs(M0))', 'M0 + M1'))",0.831180461291988,0.831180461291988,,1,0.0,9.900000000000002,0.11879406801598716,0.9758636544553464,False,False,0,1
"('INTERNAL', ('B0 - M0*i', 'r'))",0.8310478149769828,0.8310478149769828,,1,0.0,9.900000000000002,0.11876600724055385,0.9758527755583694,False,False,0,1
"('INTERNAL', ('M0*M2*M3 + M1*M2*M3 + M2*M3*i', 'M0*M1'))",0.8308259211709893,0.8308259211709893,,1,0.0,9.900000000000002,0.11871907595367363,0.9758345705876921,False,False,0,1
"('INTERNAL', ('i', 'M0*i'))",0.8304542803766387,0.8304542803766387,,1,0.0,9.900000000000002,0.11864049909152519,0.9758040616003234,False,False,0,1
"('INTERNAL', ('B0*M0*M2 + B0*M2*sqrt(Abs(s)) + B1*M1*M2', 'M0*M1'))",0.830287367309507,0.830287367309507,,1,0.0,9.900000000000002,0.11860521904346523,0.9757903518291347,False,False,0,1
"('INTERNAL', ('B0 + B1*sqrt(Abs(i)) - M0', 'r'))",0.830044542187987,0.830044542187987,,1,0.0,9.900000000000002,0.11855390554147845,0.9757703986290156,False,False,0,1
"('TERMINAL', ('B0*i', 'i**2 - i*sqrt(Abs(r))'))",0.8300073921143213,0.8300073921143213,,1,0.0,9.900000000000002,0.11854605627913377,0.9757673451077328,True,False,0,1
"('INTERNAL', ('B0*i', 'M0*M2 - M1*M2 + M2*r - M2*sqrt(Abs(r))'))",0.8298116061358557,0.8298116061358557,,1,0.0,9.900000000000002,0.11850469504888711,0.97575124886119,False,False,0,1
"('INTERNAL', ('B0*i', 'M0*M2 - M1*M2 + M2*r - M2*sqrt(Abs(i))'))",0.8298114757143831,0.8298114757143831,,1,0.0,9.900000000000002,0.11850466749944795,0.9757512381366741,False,False,0,1
"('INTERNAL', ('B0*i', 'M0*i + M0*r'))",0.8298114206913515,0.8298114206913515,,1,0.0,9.900000000000002,0.11850465587671838,0.975751233612147,False,False,0,1
"('INTERNAL', ('B0*M0*M1', 'M0*i'))",0.8298084350828548,0.8298084350828548,,1,0.0,9.900000000000002,0.11850402521607811,0.9757509881057194,False,False,0,1
"('INTERNAL', ('M0*M1*i - M2', 'M0'))",0.8296547166469265,0.8296547166469265,,1,0.0,9.900000000000002,0.11847155760953147,0.9757383458549443,False,False,0,1
"('INTERNAL', ('B0*i + B1*i**2', 'sqrt(Abs(B2*M0 + B2*M1 + B3*r))'))",0.8294177117018297,0.8294177117018297,,1,0.0,9.900000000000002,0.1184215097398209,0.9757188462213633,False,False,0,1
"('INTERNAL', ('-M1*M2 + M2*sqrt(Abs(M0))', 'i'))",0.8293830937634009,0.8293830937634009,,1,0.0,9.900000000000002,0.11841420066245281,0.9757159972452388,False,False,0,1
"('INTERNAL', ('B0*M1 + B1*M0*M1', 'M0*M1'))",0.8291640440675809,0.8291640440675809,,1,0.0,9.900000000000002,0.11836795813120483,0.9756979653668167,False,False,0,1
"('INTERNAL', ('M0*i', 'B0 + M0 - M1'))",0.8291614501702917,0.8291614501702917,,1,0.0,9.900000000000002,0.11836741061474218,0.975697751793101,False,False,0,1
"('INTERNAL', ('B0*sqrt(Abs(M0))*sqrt(Abs(M1))', 'M0'))",0.8291043134929333,0.8291043134929333,,1,0.0,9.900000000000002,0.11835535068740985,0.9756930470483082,False,False,0,1
"('INTERNAL', ('B0*i + B0*sqrt(Abs(i))', 'sqrt(Abs(M0))'))",0.8290801677825699,0.8290801677825699,,1,0.0,9.900000000000002,0.11835025444948176,0.9756910586813526,False,False,0,1
"('INTERNAL', ('-M0 + i**2', '-M0 + i'))",0.8288827310757563,0.8288827310757563,,1,0.0,9.900000000000002,0.11830858832721879,0.9756747964135317,False,False,0,1
"('INTERNAL', ('B0*M0 + B0*M1 + B1*M2 + B1*M3', 'M0*M1*M3 - M2*M3'))",0.8287586925122893,0.8287586925122893,,1,0.0,9.900000000000002,0.118282416574668,0.9756645764312113,False,False,0,1
"('INTERNAL', ('B0*M0*i', 'M0 - M1 + M2'))",0.8287434578815176,0.8287434578815176,,1,0.0,9.900000000000002,0.11827920236844526,0.9756633210197749,False,False,0,1
"('INTERNAL', ('M0 - M1 - M2 - M3', 'M0*M1'))",0.8286463556458054,0.8286463556458054,,1,0.0,9.900000000000002,0.11825871701840504,0.9756553183967789,False,False,0,1
"('INTERNAL', ('B0*i + B2*sqrt(Abs(B1 + i))', 'M1*sqrt(Abs(M0))'))",0.8283419192062853,0.8283419192062853,,1,0.0,9.900000000000002,0.11819450564212641,0.9756302183340405,False,False,0,1
"('INTERNAL', ('B0*sqrt(Abs(M0 + M1 - M2 + M3))', 'M0*M1*M2 - M3 + M4'))",0.8282674888584234,0.8282674888584234,,1,0.0,9.900000000000002,0.11817881025076367,0.97562407939486,False,False,0,1
"('INTERNAL', ('M0*i - M1*i', 'sqrt(Abs(B0*M0*M1 + B0*M2 + B0*M3))'))",0.8282659872853736,0.8282659872853736,,1,0.0,9.900000000000002,0.11817849362235562,0.9756239555372109,False,False,0,1
"('INTERNAL', ('B0*M0', 'M0 + M1 + M2'))",0.8281936629399842,0.8281936629399842,,1,0.0,9.900000000000002,0.11816324362550246,0.9756179894026388,False,False,0,1
"('INTERNAL', ('B0*M0 + B0*sqrt(Abs(i))', 'sqrt(Abs(r))'))",0.8281807636281877,0.8281807636281877,,1,0.0,9.900000000000002,0.11816052386409123,0.9756169252297177,False,False,0,1
"('INTERNAL', ('B0*M1 + B0*s + B0*sqrt(Abs(M0))', 'r'))",0.8281807636044829,0.8281807636044829,,1,0.0,9.900000000000002,0.11816052385909315,0.975616925227762,False,False,0,1
"('INTERNAL', ('M1*s + s*sqrt(Abs(M0))', 'M0*M1 + M2'))",0.8280288303373199,0.8280288303373199,,1,0.0,9.900000000000002,0.11812849241083742,0.9756043888997408,False,False,0,1
"('INTERNAL', ('B0 - sqrt(Abs(M0))', 'r'))",0.8280014268964893,0.8280014268964893,,1,0.0,9.900000000000002,0.11812271564645054,0.9756021273784445,False,False,0,1
"('INTERNAL', ('B0*M1 - M0*M1 + M1*sqrt(Abs(s))', 'M0 - M1 - M2'))",0.8279307802119509,0.8279307802119509,,1,0.0,9.900000000000002,0.11810782384596273,0.9755962965525522,False,False,0,1
"('INTERNAL', ('B0*i', 'M0*M2 + M1*M2 + M3 - M4 + i'))",0.8279303299998386,0.8279303299998386,,1,0.0,9.900000000000002,0.11810772894839117,0.9755962593916349,False,False,0,1
"('INTERNAL', ('-M1*i + i*sqrt(Abs(M0))', 'sqrt(Abs(B0*M0 + B0*M1))'))",0.8278227480263347,0.8278227480263347,,1,0.0,9.900000000000002,0.11808505376333124,0.9755873785156944,False,False,0,1
"('INTERNAL', ('B0*sqrt(Abs(M0 + i - s))', 'B1*M0*M1*i - M2 + M3'))",0.8277688714179413,0.8277688714179413,,1,0.0,9.900000000000002,0.11807369916333203,0.9755829302896517,False,False,0,1
"('INTERNAL', ('i**2', 'B0*sqrt(Abs(M0))'))",0.827740191959522,0.827740191959522,,1,0.0,9.900000000000002,0.11806765519450453,0.9755805622253568,False,False,0,1
"('INTERNAL', ('B0*M0*M1 + B1*M1*s', 'M0*M1'))",0.8272372400415607,0.8272372400415607,,1,0.0,9.900000000000002,0.11796169399227537,0.9755390113259981,False,False,0,1
"('INTERNAL', ('B0 + B1*M0 + B2*M1 + B2*M2', '-M0*M1 + M1*i'))",0.8271927961998006,0.8271927961998006,,1,0.0,9.900000000000002,0.11795233353122134,0.9755353376256963,False,False,0,1
"('INTERNAL', ('B0*M2 + B1*M3 + B2*M0*M2 + B2*M1*M2', 'Abs(M0)**(1/16)*Abs(M1)**(1/4)*Abs(M2)**(1/4)'))",0.8271927145763818,0.8271927145763818,,1,0.0,9.900000000000002,0.11795231634068341,0.9755353308784545,False,False,0,1
"('INTERNAL', ('B0*sqrt(Abs(M0))', 'M0*i + M1*i + M2'))",0.8271596428671671,0.8271596428671671,,1,0.0,9.900000000000002,0.11794535130789502,0.9755325969788473,False,False,0,1
"('INTERNAL', ('B0*sqrt(Abs(M0))', 'M0*M1 + M1*r'))",0.8270005177319988,0.8270005177319988,,1,0.0,9.900000000000002,0.11791184257595128,0.9755194402384444,False,False,0,1
"('INTERNAL', ('B0*M0 + B0*M1 + B1*i', 'M0*M1'))",0.8269533221423998,0.8269533221423998,,1,0.0,9.900000000000002,0.11790190524330948,0.9755155372194647,False,False,0,1
"('INTERNAL', ('-M0*i + i**2', 'sqrt(Abs(B0*M0 + B0*M1 + B0*M2))'))",0.8269533221412859,0.8269533221412859,,1,0.0,9.900000000000002,0.11790190524307498,0.9755155372193726,False,False,0,1
"('INTERNAL', ('B0*M0', '-M1*M2 + M2*sqrt(Abs(M0))'))",0.8269532801424526,0.8269532801424526,,1,0.0,9.900000000000002,0.11790189640018932,0.9755155337459549,False,False,0,1
"('INTERNAL', ('B0*i', 'M0*M1*M4 - M2*M4 - M3*M4'))",0.8269531028674276,0.8269531028674276,,1,0.0,9.900000000000002,0.11790185907480544,0.975515519084825,False,False,0,1
"('INTERNAL', ('B0*sqrt(Abs(M0 + i))', 'M0'))",0.8269346382244429,0.8269346382244429,,1,0.0,9.900000000000002,0.11789797137204538,0.9755139919798039,False,False,0,1
"('INTERNAL', ('sqrt(Abs(M0 + M1 + M2))', 'M0*r'))",0.8269346382144426,0.8269346382144426,,1,0.0,9.900000000000002,0.11789797136993987,0.9755139919789769,False,False,0,1
"('INTERNAL', ('B0*sqrt(Abs(-M1 + M2 + sqrt(Abs(M0))))', 'B1*M0*M2*M3 - M1*M2*M3 - M4 + M5'))",0.8269340079851838,0.8269340079851838,,1,0.0,9.900000000000002,0.11789783867755534,0.9755139398553226,False,False,0,1
"('INTERNAL', ('B0*sqrt(Abs(M0 - M1 + M2))', 'M0*M1*M2*M3 - M4 + M5'))",0.8269174368971154,0.8269174368971154,,1,0.0,9.900000000000002,0.117894349731721,0.9755125693055929,False,False,0,1
"('INTERNAL', ('B0*M0', 'M0*M1 - M2 - M3'))",0.8268466200474842,0.8268466200474842,,1,0.0,9.900000000000002,0.1178794403961704,0.9755067117236468,False,False,0,1
"('INTERNAL', ('-M0*i + i*s', 'B0*sqrt(Abs(M0))'))",0.8267833308894141,0.8267833308894141,,1,0.0,9.900000000000002,0.1178661169065938,0.9755014760882592,False,False,0,1
"('INTERNAL', ('B0*M2*M3 + B1*M0*M1*M3', 'M0*M1'))",0.8267381741026123,0.8267381741026123,,1,0.0,9.900000000000002,0.11785661118700584,0.9754977400591381,False,False,0,1
"('INTERNAL', ('B0*M0 + B1*s**2 + B2*i*s', 'B3*Abs(i)**(1/4)'))",0.8267160259935739,0.8267160259935739,,1,0.0,9.900000000000002,0.1178519490820257,0.9754959075205349,False,False,0,1
"('INTERNAL', ('B0*sqrt(Abs(M0 - M1))', 'M0*M1 + M2'))",0.8266983849927902,0.8266983849927902,,1,0.0,9.900000000000002,0.11784823579245218,0.9754944478427646,False,False,0,1
"('INTERNAL', ('B0*sqrt(Abs(M0 - M1 + M2))', 'M0*M3*M4 - M1*M3*M4 - M2*M3*M4 - M5 + M6'))",0.8266849804330343,0.8266849804330343,,1,0.0,9.900000000000002,0.11784541428949392,0.9754933386683969,False,False,0,1
"('INTERNAL', ('B0*M0 + B0*s', 'M0*M1*M2'))",0.8265581967095185,0.8265581967095185,,1,0.0,9.900000000000002,0.11781872992033704,0.9754828463441095,False,False,0,1
"('INTERNAL', ('B0*s', 'M0*M1 - M2 - M3'))",0.8265581967045567,0.8265581967045567,,1,0.0,9.900000000000002,0.1178187299192928,0.9754828463436989,False,False,0,1
"('INTERNAL', ('B0*s', 'M0*M4 - M1*M4 - M2*M4 - M3*M4'))",0.8265581967044442,0.8265581967044442,,1,0.0,9.900000000000002,0.11781872991926916,0.9754828463436895,False,False,0,1
"('INTERNAL', ('B0*s', 'B1*M2 - M0*M2 - M1*M2 - M2*r'))",0.8265581965444062,0.8265581965444062,,1,0.0,9.900000000000002,0.1178187298855881,0.9754828463304435,False,False,0,1
"('INTERNAL', ('B0*s', 'M2*sqrt(Abs(M0 + M1))'))",0.8265581945959682,0.8265581945959682,,1,0.0,9.900000000000002,0.11781872947552678,0.9754828461691749,False,False,0,1
"('INTERNAL', ('M0*i', 'B0*sqrt(Abs(i))'))",0.8264457850061505,0.8264457850061505,,1,0.0,9.900000000000002,0.11779507366115953,0.9754735411876057,False,False,0,1
"('INTERNAL', ('M0*M1*M2', '-M0 + i'))",0.8264173643972683,0.8264173643972683,,1,0.0,9.900000000000002,0.11778909321973585,0.9754711882699647,False,False,0,1
"('INTERNAL', ('B0*sqrt(Abs(M0*M1 - M2 + M3))', 'B1*M0*M2*M3 - M1*M2*M3 - M4 + M5'))",0.8263412771012281,0.8263412771012281,,1,0.0,9.900000000000002,0.11777308340597863,0.975464888409863,False,False,0,1
"('INTERNAL', ('-M0 - M1 + M2 + s', 'i'))",0.8262690563476351,0.8262690563476351,,1,0.0,9.900000000000002,0.11775788844373797,0.9754589078037338,False,False,0,1
"('INTERNAL', ('B0*M3 + B1*M0*M2 + B1*M1*M2', 'Abs(M0)**(1/8)*Abs(M1)**(1/8)*Abs(M2)**(1/4)*Abs(M3)**(1/4)'))",0.8261439770904421,0.8261439770904421,,1,0.0,9.900000000000002,0.11773157520426346,0.9754485479366545,False,False,0,1
"('INTERNAL', ('-M0*M1 + M1*sqrt(Abs(i))', 'M0'))",0.8261038280196012,0.8261038280196012,,1,0.0,9.900000000000002,0.11772312973403498,0.9754452219833222,False,False,0,1
"('INTERNAL', ('B0*sqrt(Abs(-M0 + M1 + s))', 'M0*M1*M2 - M3 + M4'))",0.8260678859465064,0.8260678859465064,,1,0.0,9.900000000000002,0.11771556954384088,0.9754422443115739,False,False,0,1
"('INTERNAL', ('B0*M1*M2*M4 + B0*M3*M4 + B1*M0*M2*M4', 'r'))",0.8260553854622319,0.8260553854622319,,1,0.0,9.900000000000002,0.11771294021741152,0.9754412086411542,False,False,0,1
"('INTERNAL', ('B0*sqrt(Abs(M0 - M1 - M2 + M3))', 'M0*M1*M3*M4 - M2*M3*M4 - M5 + M6'))",0.8259761628823946,0.8259761628823946,,1,0.0,9.900000000000002,0.11769627756780618,0.9754346444148516,False,False,0,1
"('INTERNAL', ('B0*sqrt(Abs(M0))', 'M0*M1*M2'))",0.825971646770147,0.825971646770147,,1,0.0,9.900000000000002,0.11769532775245048,0.9754342701873915,False,False,0,1
"('INTERNAL', ('B0*M2 + B1*M0*M1 + B1*M1*s', 'Abs(M0)**(1/4)*Abs(M1)**(1/4)*Abs(M2)**(1/4)'))",0.8258044794104907,0.8258044794104907,,1,0.0,9.900000000000002,0.11766017303094013,0.9754204154930936,False,False,0,1
"('INTERNAL', ('B0*sqrt(Abs(M0))*sqrt(Abs(M1))', 'M0*M1 + M2'))",0.8257311817870306,0.8257311817870306,,1,0.0,9.900000000000002,0.11764476089428025,0.9754143391855898,False,False,0,1
"('INTERNAL', ('B0*sqrt(Abs(s))', 'M0*M1*M2'))",0.8256812185675039,0.8256812185675039,,1,0.0,9.900000000000002,0.11763425596782713,0.9754101967690574,False,False,0,1
"('INTERNAL', ('B0*sqrt(Abs(s))', 'M0*r + M1*r'))",0.8256749743252666,0.8256749743252666,,1,0.0,9.900000000000002,0.11763294313780405,0.9754096790341017,False,False,0,1
"('INTERNAL', ('M0*i - M1*i + M2*i', 'r'))",0.8253693551625442,0.8253693551625442,,1,0.0,9.900000000000002,0.11756869914403277,0.9753843310362128,False,False,0,1
"('INTERNAL', ('B0*M0*M2 + B0*M1*M2', 'i'))",0.8252751758150226,0.8252751758150226,,1,0.0,9.900000000000002,0.11754890625664158,0.9753765166980186,False,False,0,1
"('INTERNAL', ('M0*i', '-M0 + r'))",0.8249541284191361,0.8249541284191361,,1,0.0,9.900000000000002,0.11748145029274841,0.9753498674006463,False,False,0,1
"('INTERNAL', ('M0*M2*M3 + M1*M2*M3', 'M0*r'))",0.824609432484057,0.824609432484057,,1,0.0,9.900000000000002,0.1174090528264757,0.9753212360794659,False,False,0,1
"('INTERNAL', ('-M0*M1*i + M1*i**2 - M2*i', 'sqrt(Abs(B0*M0 + B0*M1 + B0*M2 + B0*r))'))",0.8245510796943062,0.8245510796943062,,1,0.0,9.900000000000002,0.1173967996261154,0.9753163871986548,False,False,0,1
"('INTERNAL', ('B0 + B1*sqrt(Abs(i))', 'sqrt(Abs(-M0*M1 + M2 + M3 + M4))'))",0.8241581189840246,0.8241581189840246,,1,0.0,9.900000000000002,0.11731430496261407,0.9752837190494518,False,False,0,1
"('INTERNAL', ('B0*M0*M3 + B0*M1*M3 + B1*M2*M3', 'M0*M2 + M1*M2'))",0.8241172594759029,0.8241172594759029,,1,0.0,9.900000000000002,0.11730572939310534,0.9752803207910197,False,False,0,1
"('INTERNAL', ('B0*Abs(M0*M1 + M2)**(1/4)', 'M0'))",0.8232027412989812,0.8232027412989812,,1,0.0,9.900000000000002,0.11711389486222742,0.9752041884566102,False,False,0,1
"('TERMINAL', ('B0 + i**2', 'B1*i + B1*sqrt(Abs(i)) - r'))",0.8225366247198124,0.8225366247198124,,1,0.0,9.900000000000002,0.11697429173869328,0.9751486478600624,True,False,0,1
"('INTERNAL', ('M0*M2*M3 + M1*M2*M3', 'M0*M2 + M1*M2'))",0.8222608245670777,0.8222608245670777,,1,0.0,9.900000000000002,0.11691652109382106,0.9751256301715017,False,False,0,1
"('INTERNAL', ('-M1 - M2 - M3 + sqrt(Abs(M0))', 'M0'))",0.8220232602887863,0.8220232602887863,,1,0.0,9.900000000000002,0.11686677404762918,0.9751057934452014,False,False,0,1
"('INTERNAL', ('B0 + B1*sqrt(Abs(M0)) - M1 - M2', 'M0'))",0.8218366255061703,0.8218366255061703,,1,0.0,9.900000000000002,0.11682770128058723,0.9750902027837636,False,False,0,1
"('INTERNAL', ('B0*M0*M1*M2', 'M0*M1*M2'))",0.8217284742835079,0.8217284742835079,,1,0.0,9.900000000000002,0.11680506316157745,0.9750811656525207,False,False,0,1
"('INTERNAL', ('B0*M1*sqrt(Abs(M0))', 'r'))",0.8215442556912025,0.8215442556912025,,1,0.0,9.900000000000002,0.11676650908723932,0.9750657678499813,False,False,0,1
"('INTERNAL', ('B0*i', 'M0*M1*M3 - M2*M3'))",0.821513496735576,0.821513496735576,,1,0.0,9.900000000000002,0.11676007250383748,0.9750631963318152,False,False,0,1
"('INTERNAL', ('B0*M0', 'B1*M0*M2 + B2*M1*M2'))",0.8215134869172368,0.8215134869172368,,1,0.0,9.900000000000002,0.11676007044929898,0.9750631955109548,False,False,0,1
"('INTERNAL', ('B0*i', 'B1*M0*M1 + M2'))",0.821513486273312,0.821513486273312,,1,0.0,9.900000000000002,0.11676007031455445,0.9750631954571195,False,False,0,1
"('INTERNAL', ('B0*i', 'B1*M2 - M0*M2 - M1*M2'))",0.8215134519430758,0.8215134519430758,,1,0.0,9.900000000000002,0.11676006313077468,0.9750631925869464,False,False,0,1
"('INTERNAL', ('B0*i', 'M1*i - M1*Abs(M0)**(1/4)'))",0.8215131519252756,0.8215131519252756,,1,0.0,9.900000000000002,0.11676000035050778,0.9750631675040048,False,False,0,1
"('INTERNAL', ('M1*s + s*sqrt(Abs(M0))', 'r'))",0.8213674673223441,0.8213674673223441,,1,0.0,9.900000000000002,0.11672951762501908,0.9750509857996069,False,False,0,1
"('INTERNAL', ('B0*i + B2*sqrt(Abs(B1 + i))', 'M0*M3 - M1*M3 - M2*M3'))",0.8213057354404497,0.8213057354404497,,1,0.0,9.900000000000002,0.11671660250301252,0.9750458229038543,False,False,0,1
"('INTERNAL', ('B0*M0 + M0*sqrt(Abs(s))', 'B1 + M0 - M1'))",0.8212409053108071,0.8212409053108071,,1,0.0,9.900000000000002,0.11670304016140913,0.9750404002073841,False,False,0,1
"('INTERNAL', ('B0*M1 - M0*M1 + M1*sqrt(Abs(s))', 'B1 + M0*M1*M2 - M3'))",0.8212408915182908,0.8212408915182908,,1,0.0,9.900000000000002,0.11670303727614678,0.975040399053639,False,False,0,1
"('INTERNAL', ('B0*M0*i + M1*i', 'r'))",0.820996879618034,0.820996879618034,,1,0.0,9.900000000000002,0.11665199939530274,0.9750199824941107,False,False,0,1
"('TERMINAL', ('B0*i**2 + i*s', 'r'))",0.820996879618034,0.820996879618034,,1,0.0,9.900000000000002,0.11665199939530274,0.9750199824941107,True,False,0,1
"('INTERNAL', ('M0*M1*M2', 'M1*M2*sqrt(Abs(M0))'))",0.820877124548199,0.820877124548199,,1,0.0,9.900000000000002,0.11662695642550934,0.9750099589286628,False,False,0,1
"('INTERNAL', ('M0*M2 + M1*M2', 'M0*i'))",0.8205514727014922,0.8205514727014922,,1,0.0,9.900000000000002,0.11655887390504197,0.9749826896427808,False,False,0,1
"('INTERNAL', ('M0*i - M1', 'M0*M1'))",0.8205388646003225,0.8205388646003225,,1,0.0,9.900000000000002,0.11655623849413228,0.9749816335171235,False,False,0,1
"('INTERNAL', ('M0*M2 + M1*M2', '-M0 + r'))",0.8204004149494005,0.8204004149494005,,1,0.0,9.900000000000002,0.11652730151015697,0.9749700344563665,False,False,0,1
"('INTERNAL', ('M0*M1*sqrt(Abs(s))', 'r'))",0.8202805325703693,0.8202805325703693,,1,0.0,9.900000000000002,0.11650224889679038,0.9749599883554031,False,False,0,1
"('INTERNAL', ('M0*i', 'sqrt(Abs(M0))*sqrt(Abs(M1))*sqrt(Abs(M2))'))",0.8200717085064027,0.8200717085064027,,1,0.0,9.900000000000002,0.11645861769743668,0.9749424832703052,False,False,0,1
"('INTERNAL', ('M0*M1*M2*M3', 'B0*i*r'))",0.8200487703458055,0.8200487703458055,,1,0.0,9.900000000000002,0.11645382568397518,0.9749405599925176,False,False,0,1
"('INTERNAL', ('M0*M1*M2*M3', 'M0*M1'))",0.8200365484376158,0.8200365484376158,,1,0.0,9.900000000000002,0.11645127245488117,0.9749395351961572,False,False,0,1
"('INTERNAL', ('B0 - M0 - M1 - M2', 'r'))",0.8197948020041285,0.8197948020041285,,1,0.0,9.900000000000002,0.11640077747568016,0.9749192598670385,False,False,0,1
"('INTERNAL', ('B0*M0 + B0*s + B1*M1 + B1*M2', 'M0*M2 - M1*M2'))",0.8197491846263183,0.8197491846263183,,1,0.0,9.900000000000002,0.11639125066463327,0.9749154328378322,False,False,0,1
"('INTERNAL', ('M0 + M1', 'M0 + M1'))",0.819721412520988,0.819721412520988,,1,0.0,9.900000000000002,0.11638545093252668,0.9749131027524758,False,False,0,1
"('INTERNAL', ('M0*s - M1', 'M0'))",0.8195421015432272,0.8195421015432272,,1,0.0,9.900000000000002,0.11634800928731463,0.9748980554389098,False,False,0,1
"('INTERNAL', ('B0 + i**2', 'B1*M0 + B2*M1 - M2'))",0.8193280599045998,0.8193280599045998,,1,0.0,9.900000000000002,0.11630332557246313,0.9748800866213136,False,False,0,1
"('INTERNAL', ('B1*sqrt(Abs(B0 + M0 + i))', 'B2*M0*M2*M3 - M1*M2*M3 - M4 + M5'))",0.819198008163751,0.819198008163751,,1,0.0,9.900000000000002,0.11627618104527727,0.974869165045106,False,False,0,1
"('INTERNAL', ('M0*M1*i', 'B0 + B1*M0 + M0*r'))",0.8191497213496891,0.8191497213496891,,1,0.0,9.900000000000002,0.11626610359502978,0.974865109265465,False,False,0,1
"('INTERNAL', ('B0 + B1*M0', 'M0 + M1 + M2'))",0.819048103153899,0.819048103153899,,1,0.0,9.900000000000002,0.11624489770011331,0.9748565727290119,False,False,0,1
"('INTERNAL', ('B0*M0 + B0*M2 + B1*M1 + B1*M3 + B1*M4', 'M0*M2 - M1*M2'))",0.8189209390908518,0.8189209390908518,,1,0.0,9.900000000000002,0.11621836428984525,0.9748458877685818,False,False,0,1
"('INTERNAL', ('B0 + B1*M0 + B2*M1 + B2*M2', 'M0*M3 - M1*M3 - M2*M3'))",0.8189209364862137,0.8189209364862137,,1,0.0,9.900000000000002,0.11621836374641392,0.9748458875496996,False,False,0,1
"('INTERNAL', ('B0 + B1*M0', '-M0*M2 + M1*M2 + M2*sqrt(Abs(i))'))",0.8189207443423528,0.8189207443423528,,1,0.0,9.900000000000002,0.11621832365754863,0.9748458714027773,False,False,0,1
"('INTERNAL', ('B0*sqrt(Abs(M0*M2 - M1*M2 + M3))', 'M0*M1 - M2 + i*r'))",0.8186833103969933,0.8186833103969933,,1,0.0,9.900000000000002,0.11616879216358805,0.9748259138114702,False,False,0,1
"('INTERNAL', ('M0*M2 - M1*M2', 'sqrt(Abs(M0))'))",0.8186652918421053,0.8186652918421053,,1,0.0,9.900000000000002,0.1161650338281441,0.9748243988730336,False,False,0,1
"('INTERNAL', ('B0 + M0 - i**2 + i', 'i'))",0.8185927760152599,0.8185927760152599,,1,0.0,9.900000000000002,0.11614990915334299,0.9748183014446397,False,False,0,1
"('INTERNAL', ('B0*s', 'M0*M1 - M2'))",0.8182926146272615,0.8182926146272615,,1,0.0,9.900000000000002,0.11608731754618784,0.974793053342287,False,False,0,1
"('INTERNAL', ('B0*s', 'M0*M1*M2'))",0.8182926145957737,0.8182926145957737,,1,0.0,9.900000000000002,0.11608731753962295,0.9747930533396377,False,False,0,1
"('INTERNAL', ('B0*i + B2*sqrt(Abs(B1 + i))', '-M0*M1 + M1*r'))",0.8182861299115332,0.8182861299115332,,1,0.0,9.900000000000002,0.11608596554664655,0.974792507714494,False,False,0,1
"('INTERNAL', ('M0*M1*M2*s', 'B0*M0*i'))",0.817902457232018,0.817902457232018,,1,0.0,9.900000000000002,0.11600599129392437,0.9747602128216272,False,False,0,1
"('INTERNAL', ('B0*sqrt(Abs(M0))*sqrt(Abs(M1))', 'sqrt(Abs(M0))'))",0.8177119327433308,0.8177119327433308,,1,0.0,9.900000000000002,0.11596629057236378,0.9747441666995055,False,False,0,1
"('INTERNAL', ('i*s', 'B0 + M0'))",0.8177094576785617,0.8177094576785617,,1,0.0,9.900000000000002,0.11596577488495693,0.9747439582078755,False,False,0,1
"('INTERNAL', ('B0*M1 + B2*sqrt(Abs(B1 + M0))', 'M0*i'))",0.8171021134366099,0.8171021134366099,,1,0.0,9.900000000000002,0.11583927668208502,0.9746927666406663,False,False,0,1
"('INTERNAL', ('B0*M0 + B1*i**2 + B1*s', 'M0 - M1'))",0.8167195491199232,0.8167195491199232,,1,0.0,9.900000000000002,0.11575964066756447,0.9746604897191258,False,False,0,1
"('INTERNAL', ('-M1*i + i*sqrt(Abs(M0))', 'B0*sqrt(Abs(M0))'))",0.8161121323262244,0.8161121323262244,,1,0.0,9.900000000000002,0.11563326966554424,0.9746091919702397,False,False,0,1
"('INTERNAL', ('B0*M2*M3 + B1*M0*M1*M3', 'M0'))",0.8157179961160217,0.8157179961160217,,1,0.0,9.900000000000002,0.11555131764857911,0.9745758734011711,False,False,0,1
"('INTERNAL', ('M0*M1*M2*M3', 'B0*i*sqrt(Abs(M0))'))",0.8156301694610845,0.8156301694610845,,1,0.0,9.900000000000002,0.11553306101820127,0.9745684453920275,False,False,0,1
"('INTERNAL', ('-M0 - M1 + i', 'M0'))",0.8153934633796186,0.8153934633796186,,1,0.0,9.900000000000002,0.11548386572586827,0.9745484193911317,False,False,0,1
"('INTERNAL', ('B0*M0 - M0*i + M0*sqrt(Abs(s))', 'B1 + M0*i - M1'))",0.8146278691339299,0.8146278691339299,,1,0.0,9.900000000000002,0.1153248407894095,0.9744835840616267,False,False,0,1
"('INTERNAL', ('B0 + i', 'M0 + M1 + i'))",0.8139371360816209,0.8139371360816209,,1,0.0,9.900000000000002,0.11518148440841151,0.9744250046574099,False,False,0,1
"('INTERNAL', ('-M0*M2 - M1*M2 + M2*sqrt(Abs(s))', 'M0*M1 - M2'))",0.8138468091799749,0.8138468091799749,,1,0.0,9.900000000000002,0.11516274607731325,0.9744173383726672,False,False,0,1
"('INTERNAL', ('B0*sqrt(Abs(M0 - M1 + M2))', 'M0*M2*M3*i - M1*M2*M3 - M4 + M5'))",0.8136602577214812,0.8136602577214812,,1,0.0,9.900000000000002,0.1151240520417327,0.9744015009493261,False,False,0,1
"('INTERNAL', ('M0*M1 - M2', 'M0*M1'))",0.8136509589733907,0.8136509589733907,,1,0.0,9.900000000000002,0.11512212353365214,0.9744007113735009,False,False,0,1
"('INTERNAL', ('M0*M1*M2*M3*M4', 'M0*M1*M2'))",0.8135515129763924,0.8135515129763924,,1,0.0,9.900000000000002,0.11510150026904617,0.9743922663081349,False,False,0,1
"('INTERNAL', ('B0*i', 'M2*i - M2*sqrt(Abs(M0 + M1))'))",0.8132983619246961,0.8132983619246961,,1,0.0,9.900000000000002,0.11504901194462601,0.9743707609983543,False,False,0,1
"('INTERNAL', ('B0*M0*M3 + B1*M1*M3 + B1*M2*M3', 'M0*M1'))",0.8132981716270424,0.8132981716270424,,1,0.0,9.900000000000002,0.1150489724940094,0.9743707448284542,False,False,0,1
"('INTERNAL', ('B0*M0', 'sqrt(Abs(M0*r - M1*r))'))",0.8132981009227694,0.8132981009227694,,1,0.0,9.900000000000002,0.11504895783630502,0.974370738820596,False,False,0,1
"('INTERNAL', ('B0*M2 + M2*sqrt(Abs(M0 - M1))', 'r'))",0.8131002804502095,0.8131002804502095,,1,0.0,9.900000000000002,0.11500795228780258,0.9743539264271576,False,False,0,1
"('INTERNAL', ('B0 + B1*M0', 'sqrt(Abs(M0 + M1))'))",0.8129904431340611,0.8129904431340611,,1,0.0,9.900000000000002,0.11498518846146424,0.9743445887414605,False,False,0,1
"('INTERNAL', ('M0*M1*M2*M3', 'B0*M0*i + B0*M1*i'))",0.8128929950669584,0.8128929950669584,,1,0.0,9.900000000000002,0.11496499469417217,0.9743363026288091,False,False,0,1
"('TERMINAL', ('3*i**2*s', 'B0*i'))",0.8128827829549664,0.8128827829549664,,1,0.0,9.900000000000002,0.11496287860932894,0.974335434190425,True,False,0,1
"('INTERNAL', ('B0*M1 + B1*M0*i + B1*s', 'M0*M1 - M2'))",0.8124432329067987,0.8124432329067987,,1,0.0,9.900000000000002,0.1148718213297211,0.9742980383558738,False,False,0,1
"('INTERNAL', ('M0*i - M1*i', 'B0*sqrt(Abs(M0))*sqrt(Abs(M1))'))",0.811802868117344,0.811802868117344,,1,0.0,9.900000000000002,0.11473924474547914,0.9742435000331381,False,False,0,1
"('INTERNAL', ('M0*M1', 'M0*M1 - M2'))",0.811648193304526,0.811648193304526,,1,0.0,9.900000000000002,0.11470723646029403,0.974230316496599,False,False,0,1
"('INTERNAL', ('B0 - M1*sqrt(Abs(M0))', 'r'))",0.8115551571487565,0.8115551571487565,,1,0.0,9.900000000000002,0.11468798634580706,0.9742223847404227,False,False,0,1
"('INTERNAL', ('M0 + M1', 'M0*M1 + i'))",0.8115241978262618,0.8115241978262618,,1,0.0,9.900000000000002,0.11468158100344181,0.9742197449968947,False,False,0,1
"('INTERNAL', ('B0*i + B2*sqrt(Abs(B1 + i))', 'M0*M2*r - M1*M2'))",0.8115088297848726,0.8115088297848726,,1,0.0,9.900000000000002,0.11467840150976416,0.9742184345829951,False,False,0,1
"('INTERNAL', ('M0*M1', '-M0 + M1 + i'))",0.8113294748519647,0.8113294748519647,,1,0.0,9.900000000000002,0.11464129888614143,0.974203138295984,False,False,0,1
"('INTERNAL', ('M0*s + s*sqrt(Abs(B0 + i))', '2*r'))",0.8109703682459234,0.8109703682459234,,1,0.0,9.900000000000002,0.11456703433910524,0.9741724957534963,False,False,0,1
"('INTERNAL', ('B0*M0 + M0*i', 'r'))",0.8107316323320848,0.8107316323320848,,1,0.0,9.900000000000002,0.1145176796925557,0.9741521125249164,False,False,0,1
"('INTERNAL', ('B1*sqrt(Abs(B0 - M0 + M1))', 'B2*M0*M2*M3 - M1*M2*M3 - M4 + M5'))",0.8107151248044095,0.8107151248044095,,1,0.0,9.900000000000002,0.11451426753406677,0.9741507027636236,False,False,0,1
"('INTERNAL', ('Abs(M0)**(1/4)', 'M0*M1'))",0.8106450094546082,0.8106450094546082,,1,0.0,9.900000000000002,0.11449977518313621,0.9741447143276144,False,False,0,1
"('INTERNAL', ('M0*M2 + M1*M2 - M3', 'M0'))",0.8106311477121703,0.8106311477121703,,1,0.0,9.900000000000002,0.11449691019524004,0.9741435303219831,False,False,0,1
"('INTERNAL', ('B0 + i**2', 'M0*M1*M2 - M3'))",0.8105265145095337,0.8105265145095337,,1,0.0,9.900000000000002,0.11447528573992753,0.9741345920052504,False,False,0,1
"('INTERNAL', ('B0*sqrt(Abs(M0))', 'M0*i - M1*i + M2'))",0.8104969508347774,0.8104969508347774,,1,0.0,9.900000000000002,0.11446917630727474,0.9741320661900494,False,False,0,1
"('INTERNAL', ('B0*i', 'B1 + M0*M2 - M1*M2'))",0.8104969448131677,0.8104969448131677,,1,0.0,9.900000000000002,0.11446917506290992,0.9741320656755696,False,False,0,1
"('INTERNAL', ('B1*sqrt(Abs(B0 - M0 + M1))', 'M0*M1*M3*M4 - M2*M3*M4 - M5 + M6'))",0.8104969416609634,0.8104969416609634,,1,0.0,9.900000000000002,0.11446917441150725,0.9741320654062487,False,False,0,1
"('INTERNAL', ('B0*M0*M1 + B0*M2', 'M0'))",0.8104791273605466,0.8104791273605466,,1,0.0,9.900000000000002,0.11446549312588485,0.9741305433453257,False,False,0,1
"('INTERNAL', ('B0*sqrt(Abs(M0*M1 - M2 + M3))', 'M0*M1*M3*M4 - M2*M3*M4 - M5 + M6'))",0.810477196103031,0.810477196103031,,1,0.0,9.900000000000002,0.11446509404029595,0.9741303783347316,False,False,0,1
"('INTERNAL', ('sqrt(Abs(B0 + M0))', 'M0*M1'))",0.8104134486406557,0.8104134486406557,,1,0.0,9.900000000000002,0.11445192140964731,0.974124931271657,False,False,0,1
"('INTERNAL', ('B0*sqrt(Abs(M0 + i - s))', 'B1*M1*M2*i - M0*M1*M2 - M3 + M4'))",0.8098869345915333,0.8098869345915333,,1,0.0,9.900000000000002,0.1143431603135954,0.9740799160068502,False,False,0,1
"('INTERNAL', ('M0*M1*M2*M3', 'B0*M0*M2 + B1*M1*M2'))",0.8097147612724445,0.8097147612724445,,1,0.0,9.900000000000002,0.1143076089211383,0.9740651856972833,False,False,0,1
"('INTERNAL', ('M0*M1*i', 'B0 - M0*M1 + M1*r'))",0.8095578684857373,0.8095578684857373,,1,0.0,9.900000000000002,0.11427521881812776,0.9740517584050605,False,False,0,1
"('INTERNAL', ('M0*M1*M2', 'M0*M1*i'))",0.8095267297697397,0.8095267297697397,,1,0.0,9.900000000000002,0.11426879100072347,0.9740490929839878,False,False,0,1
"('INTERNAL', ('B0*sqrt(Abs(-M0 + M1 + i))', 'B1*M0*M1 + B2*M0*M1*i - M2 + M3'))",0.809267850380496,0.809267850380496,,1,0.0,9.900000000000002,0.1142153605853001,0.9740269270797481,False,False,0,1
"('INTERNAL', ('B0*M0', 'B1*M0*M1*M2'))",0.8081216567876505,0.8081216567876505,,1,0.0,9.900000000000002,0.11397898567008787,0.9739286525936006,False,False,0,1
"('INTERNAL', ('i**2 - s', 'M0*M1 - M2'))",0.8074422370078902,0.8074422370078902,,1,0.0,9.900000000000002,0.11383901735950253,0.9738702956027689,False,False,0,1
"('INTERNAL', ('M2*sqrt(Abs(M0))*sqrt(Abs(M1))', 'M0'))",0.8070145481756874,0.8070145481756874,,1,0.0,9.900000000000002,0.1137509641162142,0.9738335208117005,False,False,0,1
"('INTERNAL', ('B0*M0', 'sqrt(Abs(M0*M2 - M1*M2))'))",0.8070033961838596,0.8070033961838596,,1,0.0,9.900000000000002,0.11374866870112904,0.9738325614994526,False,False,0,1
"('INTERNAL', ('B0*sqrt(Abs(M0 - M1 - M2 + M3))', 'B1*M0*M2*M3 - M1*M2*M3 - M4 + M5'))",0.8069183033625373,0.8069183033625373,,1,0.0,9.900000000000002,0.11373115500212073,0.9738252409936439,False,False,0,1
"('INTERNAL', ('B0*M0 + B0*i + B1*M1 + B1*M2', 'M0*M2 - M1*M2'))",0.8065352542199573,0.8065352542199573,,1,0.0,9.900000000000002,0.1136523373423221,0.973792272416993,False,False,0,1
"('INTERNAL', ('B0*sqrt(Abs(-M0 + M1 + i))', 'M0*M1*M3*M4 - M2*M3*M4 - M5 + M6'))",0.8058611541291468,0.8058611541291468,,1,0.0,9.900000000000002,0.11351371550998841,0.973734193847293,False,False,0,1
"('INTERNAL', ('M0*M2 + M1*M2', '-M0 + i'))",0.8057987565921656,0.8057987565921656,,1,0.0,9.900000000000002,0.11350088947931049,0.9737288140073433,False,False,0,1
"('INTERNAL', ('B0*M0*M1*i', 'M0 + M1'))",0.8057356697579598,0.8057356697579598,,1,0.0,9.900000000000002,0.11348792268923816,0.9737233740748525,False,False,0,1
"('INTERNAL', ('B0*i', 'M0*M1 - M2 + i'))",0.8053044355948539,0.8053044355948539,,1,0.0,9.900000000000002,0.11339931233734896,0.9736861712300341,False,False,0,1
"('INTERNAL', ('M0*i', 'M0*i'))",0.8052847748809485,0.8052847748809485,,1,0.0,9.900000000000002,0.11339527347655344,0.9736844743461407,False,False,0,1
"('INTERNAL', ('B0*i*sqrt(Abs(M0))', 'M0 + M1'))",0.8052273590125097,0.8052273590125097,,1,0.0,9.900000000000002,0.11338347916909368,0.973679518506675,False,False,0,1
"('INTERNAL', ('B0*M0*M1', 'M0*M1 + M1*r'))",0.805165378887839,0.805165378887839,,1,0.0,9.900000000000002,0.11337074814402073,0.9736741680851683,False,False,0,1
"('INTERNAL', ('B0*i', '-M1*M2 + M2*sqrt(Abs(M0))'))",0.8051653788844991,0.8051653788844991,,1,0.0,9.900000000000002,0.11337074814333471,0.9736741680848799,False,False,0,1
"('INTERNAL', ('B0*i', '-M0*M3 - M1*M3 - M2*M3 + M3*r'))",0.8051653787975329,0.8051653787975329,,1,0.0,9.900000000000002,0.1133707481254721,0.9736741680773722,False,False,0,1
"('INTERNAL', ('B0*i', 'M0*M4 + M1*M4 - M2*M4 - M3*M4'))",0.8051653787972803,0.8051653787972803,,1,0.0,9.900000000000002,0.11337074812542024,0.9736741680773503,False,False,0,1
"('INTERNAL', ('B0*i', 'M0*M3 + M1*M3 - M2*M3'))",0.8051653780759965,0.8051653780759965,,1,0.0,9.900000000000002,0.11337074797727015,0.973674168015082,False,False,0,1
"('INTERNAL', ('B0*i', 'Abs(M0)**(1/4)'))",0.8051653768452057,0.8051653768452057,,1,0.0,9.900000000000002,0.1133707477244686,0.9736741679088278,False,False,0,1
"('INTERNAL', ('M0*i**3 + M1*i', 'r'))",0.8050338856442337,0.8050338856442337,,1,0.0,9.900000000000002,0.11334374176025212,0.9736628148293475,False,False,0,1
"('INTERNAL', ('M0*i**2 - M1*i', 'sqrt(Abs(B0*M0 + B0*M1 + B0*M2))'))",0.8048567567020614,0.8048567567020614,,1,0.0,9.900000000000002,0.11330736901646554,0.9736475167682652,False,False,0,1
"('INTERNAL', ('M2*s + s*sqrt(Abs(M0))*sqrt(Abs(M1))', 'M0'))",0.8045187992637576,0.8045187992637576,,1,0.0,9.900000000000002,0.11323799115275777,0.9736183138960323,False,False,0,1
"('INTERNAL', ('B0*M1 - M0*M1 + M1*sqrt(Abs(s))', 'B1 + M0*i + M1*i - M2'))",0.8044813149368161,0.8044813149368161,,1,0.0,9.900000000000002,0.11323029780083185,0.9736150737008635,False,False,0,1
"('INTERNAL', ('-M0 - M1 + i**2', 'M0*M1 - M2'))",0.8044568061290364,0.8044568061290364,,1,0.0,9.900000000000002,0.1132252677461502,0.9736129549996941,False,False,0,1
"('INTERNAL', ('M0*M3*M4 - M1*M3*M4 + M2*M3*M4 + M3*M4*s', 'M0*i'))",0.8043954350296013,0.8043954350296013,,1,0.0,9.900000000000002,0.11321267289197985,0.9736076492405144,False,False,0,1
"('INTERNAL', ('M0*M1*M2', 'M0*M2*M3 - M1*M2*M3'))",0.8041008663779223,0.8041008663779223,,1,0.0,9.900000000000002,0.11315223245936182,0.9735821739117955,False,False,0,1
"('INTERNAL', ('B0*M2 + M0*M1*M2', 'r'))",0.8040018119485827,0.8040018119485827,,1,0.0,9.900000000000002,0.11313191275482419,0.9735736040739751,False,False,0,1
"('INTERNAL', ('M1*sqrt(Abs(M0))', 'M0*M2 - M1*M2'))",0.8037651328918765,0.8037651328918765,,1,0.0,9.900000000000002,0.11308337048133439,0.9735531207893477,False,False,0,1
"('INTERNAL', ('B0*M0', 'M0*M1*M3 - M2*M3'))",0.8037405701186967,0.8037405701186967,,1,0.0,9.900000000000002,0.1130783334699506,0.9735509944777401,False,False,0,1
"('INTERNAL', ('M0*M2*M3 + M1*M2*M3 + M2*M3*s', 'i*sqrt(Abs(M0))'))",0.8034653979310943,0.8034653979310943,,1,0.0,9.900000000000002,0.11302191441838545,0.9735271668976907,False,False,0,1
"('INTERNAL', ('M0*M1*M2*M3', 'B0*M0*M1*M2'))",0.8033750477243674,0.8033750477243674,,1,0.0,9.900000000000002,0.11300339361622977,0.9735193405699523,False,False,0,1
"('INTERNAL', ('B0*M0 - M0*i + M0*sqrt(Abs(s))', 'B1 + M0*M1 - M2'))",0.8033745434002375,0.8033745434002375,,1,0.0,9.900000000000002,0.11300329024067125,0.9735192968804828,False,False,0,1
"('INTERNAL', ('B0*i**3 + M0*i', 'r'))",0.8033583310904332,0.8033583310904332,,1,0.0,9.900000000000002,0.11299996709888485,0.9735178923895667,False,False,0,1
"('INTERNAL', ('M0*M1*M2*i + M3*i', 'r'))",0.8033049764982745,0.8033049764982745,,1,0.0,9.900000000000002,0.11298903109798003,0.9735132699094817,False,False,0,1
"('INTERNAL', ('B0*M0 - M0*i + M0*sqrt(Abs(s))', 'M0 - M1'))",0.8032377061038115,0.8032377061038115,,1,0.0,9.900000000000002,0.11297524374780041,0.9735074411269468,False,False,0,1
"('INTERNAL', ('M1*M4*M5 + M2*M4*M5 - M3*M4*M5 + M4*M5*sqrt(Abs(M0))', 'i'))",0.8029391475737898,0.8029391475737898,,1,0.0,9.900000000000002,0.11291406569778348,0.9734815627581442,False,False,0,1
"('INTERNAL', ('M0*i', 'B0 + B1*M1 - M0*M1'))",0.8027703558887485,0.8027703558887485,,1,0.0,9.900000000000002,0.11287948758128413,0.9734669256748651,False,False,0,1
"('INTERNAL', ('M0*M2*M3 + M1*M2*M3', 'B0*M0'))",0.8027504002271694,0.8027504002271694,,1,0.0,9.900000000000002,0.11287539996971721,0.9734651948672517,False,False,0,1
"('INTERNAL', ('B0 + B1*M0 + B2*M1 + B2*M2', '-M2*M3 + M3*sqrt(Abs(M0))*sqrt(Abs(M1))'))",0.8026242471297115,0.8026242471297115,,1,0.0,9.900000000000002,0.11284956159554763,0.9734542517295421,False,False,0,1
"('INTERNAL', ('B0*M4 + B1*M0*M3 + B1*M1*M3 + B1*M2*M3', 'Abs(M0)**(1/8)*Abs(M1)**(1/8)*Abs(M2)**(1/4)*Abs(M3)**(1/4)'))",0.8026242356496969,0.8026242356496969,,1,0.0,9.900000000000002,0.11284955924440793,0.9734542507335882,False,False,0,1
"('INTERNAL', ('B0*i*s', 'M0 - M1 - M2'))",0.8023570276581088,0.8023570276581088,,1,0.0,9.900000000000002,0.11279484263562932,0.9734310629976471,False,False,0,1
"('INTERNAL', ('-M0*M1*M2 + M1*M2*i', 'i'))",0.8023287945302419,0.8023287945302419,,1,0.0,9.900000000000002,0.11278906226789184,0.9734286122886109,False,False,0,1
"('INTERNAL', ('B0*s', 'sqrt(Abs(M0*M2*M3 + M1*M2*M3))'))",0.8020085536459385,0.8020085536459385,,1,0.0,9.900000000000002,0.11272351013276131,0.9734008051956936,False,False,0,1
"('INTERNAL', ('B0*M0*i', 'M0*M1 + M2'))",0.8018008068088335,0.8018008068088335,,1,0.0,9.900000000000002,0.1126809979354022,0.973382756972568,False,False,0,1
"('INTERNAL', ('B0*M0', '-M0*M1 + r'))",0.8016226887769653,0.8016226887769653,,1,0.0,9.900000000000002,0.11264455684818064,0.9733672770231614,False,False,0,1
"('INTERNAL', ('M1*i + i*sqrt(Abs(M0))', 'r'))",0.801568990572208,0.801568990572208,,1,0.0,9.900000000000002,0.11263357221115369,0.9733626091559926,False,False,0,1
"('INTERNAL', ('M0*M3 + M1*M3 - M2*M3', 'M0'))",0.8015641625423392,0.8015641625423392,,1,0.0,9.900000000000002,0.11263258461048155,0.9733621894422629,False,False,0,1
"('INTERNAL', ('-M1*M2 + M2*sqrt(Abs(M0))', 'M0 - M1'))",0.8015539731821051,0.8015539731821051,,1,0.0,9.900000000000002,0.11263050033739559,0.9733613036407206,False,False,0,1
"('INTERNAL', ('M0*M2 - M1*M2 - M3', 'M0'))",0.8015066291132146,0.8015066291132146,,1,0.0,9.900000000000002,0.11262081624299415,0.973357187604538,False,False,0,1
"('INTERNAL', ('B0*sqrt(Abs(M0 + s))', 'M0*M1*M2 - M3 + M4'))",0.8011708211159885,0.8011708211159885,,1,0.0,9.900000000000002,0.11255214270251283,0.97332798207836,False,False,0,1
"('INTERNAL', ('M0*M3*M4 + M1*M3*M4 + M2*M3*M4', 'M0*M2 - M1*M2'))",0.8006082657524964,0.8006082657524964,,1,0.0,9.900000000000002,0.11243715779668322,0.9732790137623514,False,False,0,1
"('INTERNAL', ('M2*s + s*sqrt(Abs(M1 - sqrt(Abs(M0))))', '2*r'))",0.7992542082153499,0.7992542082153499,,1,0.0,9.900000000000002,0.11216069469264739,0.9731609305459376,False,False,0,1
"('INTERNAL', ('B0*M0*i - M0*i*s + M0*i*sqrt(Abs(s))', 'i'))",0.7990323419296068,0.7990323419296068,,1,0.0,9.900000000000002,0.11211543618450531,0.9731415529352367,False,False,0,1
"('INTERNAL', ('M3*s + s*sqrt(Abs(M0*M1 - M2))', '2*r'))",0.7971925073692481,0.7971925073692481,,1,0.0,9.900000000000002,0.1117405702858594,0.9729805449995542,False,False,0,1
"('INTERNAL', ('B0*i', 'M2*i - M2*sqrt(Abs(M0 - M1))'))",0.7971137246796385,0.7971137246796385,,1,0.0,9.900000000000002,0.11172453593211086,0.9729736378638185,False,False,0,1
"('INTERNAL', ('-M1 + sqrt(Abs(M0))', 'sqrt(Abs(i))'))",0.7968759118113438,0.7968759118113438,,1,0.0,9.900000000000002,0.1116761435082425,0.9729527817094364,False,False,0,1
"('INTERNAL', ('M0*M2 + M1*M2', 'i**2'))",0.7963308800259845,0.7963308800259845,,1,0.0,9.900000000000002,0.11156528490452085,0.9729049466602304,False,False,0,1
"('INTERNAL', ('B0*M0', 'M0*i + M0*r'))",0.7959359763745351,0.7959359763745351,,1,0.0,9.900000000000002,0.11148500530203147,0.9728702565144037,False,False,0,1
"('INTERNAL', ('-M0*M2 - M1*M2 + M2*sqrt(Abs(s))', 'r'))",0.795620324882422,0.795620324882422,,1,0.0,9.900000000000002,0.11142086287876998,0.9728425093944622,False,False,0,1
"('INTERNAL', ('M2*s + s*sqrt(Abs(M0 - M1 + s))', '2*r'))",0.7953357161893596,0.7953357161893596,,1,0.0,9.900000000000002,0.11136304841267755,0.9728174767119044,False,False,0,1
"('INTERNAL', ('B0*M0*M2 + B0*M3 + B1*M1*M2 + B1*M4', 'M0 + M1 - M2 + i'))",0.7952255589401451,0.7952255589401451,,1,0.0,9.900000000000002,0.11134067648860428,0.9728077842049851,False,False,0,1
"('INTERNAL', ('B0*sqrt(Abs(M0 + M1 - M2 + M3))', 'B1*M0*M2*M3 - M1*M2*M3 - M4 + M5'))",0.7947968381797669,0.7947968381797669,,1,0.0,9.900000000000002,0.1112536340909827,0.9727700425374043,False,False,0,1
"('INTERNAL', ('B0*i', 'M0*i - M0*r'))",0.7946230264533256,0.7946230264533256,,1,0.0,9.900000000000002,0.11121835757861394,0.972754732527425,False,False,0,1
"('INTERNAL', ('B0*sqrt(Abs(M0 + M1 - M2 + M3))', 'M0*M1*M3*M4 - M2*M3*M4 - M5 + M6'))",0.7943534949114024,0.7943534949114024,,1,0.0,9.900000000000002,0.11116366782557671,0.9727309810978915,False,False,0,1
"('INTERNAL', ('B0*sqrt(Abs(-M1 + M2 + sqrt(Abs(M0))))', 'M0*M1*M3*M4 - M2*M3*M4 - M5 + M6'))",0.7941555861589384,0.7941555861589384,,1,0.0,9.900000000000002,0.11112352155883558,0.9727135333716116,False,False,0,1
"('INTERNAL', ('B0*s', 'M0*M1*M4 - M2*M4 - M3*M4'))",0.7939885054067128,0.7939885054067128,,1,0.0,9.900000000000002,0.11108963590677276,0.9726987983273268,False,False,0,1
"('INTERNAL', ('M0*M2*M3 + M1*M2*M3 + M2*M3*s', 'M1*sqrt(Abs(M0))'))",0.7935782573543323,0.7935782573543323,,1,0.0,9.900000000000002,0.11100646098207244,0.9726625981570944,False,False,0,1
"('INTERNAL', ('-M0*M1 + M1*sqrt(Abs(s))', 'M0 + M1'))",0.793547978215094,0.793547978215094,,1,0.0,9.900000000000002,0.11100032364643221,0.9726599252125238,False,False,0,1
"('INTERNAL', ('-M0*M1 - M1*s + M1*sqrt(Abs(s))', 'M0'))",0.793547978215094,0.793547978215094,,1,0.0,9.900000000000002,0.11100032364643221,0.9726599252125238,False,False,0,1
"('INTERNAL', ('M0*M1*M2*M3', 'M0*M2*M3 - M1*M2*M3'))",0.7934924802768751,0.7934924802768751,,1,0.0,9.900000000000002,0.11098907521747697,0.9726550256334004,False,False,0,1
"('INTERNAL', ('B0*Abs(s)**(1/4)', 'M0*M1'))",0.7928268773389558,0.7928268773389558,,1,0.0,9.900000000000002,0.11085422522120018,0.9725962231724445,False,False,0,1
"('INTERNAL', ('sqrt(Abs(M0))', 'M0*M1*M2'))",0.7928166732577937,0.7928166732577937,,1,0.0,9.900000000000002,0.11085215869207708,0.9725953211161784,False,False,0,1
"('INTERNAL', ('B0*M0', 'M0*M3 - M1*M3 - M2*M3'))",0.7920977738130497,0.7920977738130497,,1,0.0,9.900000000000002,0.11070662805470043,0.9725317252005127,False,False,0,1
"('INTERNAL', ('M0*M2*i + M1*M2*i - M3*i', 'sqrt(Abs(B0*M0 + B0*M1 + B0*M2 + B0*r))'))",0.790999565095898,0.790999565095898,,1,0.0,9.900000000000002,0.1104845431123897,0.9724344064974608,False,False,0,1
"('INTERNAL', ('B0*i', 'M0*M1*M2'))",0.7891425877478864,0.7891425877478864,,1,0.0,9.900000000000002,0.11010965180032008,0.97226938662031,False,False,0,1
"('INTERNAL', ('B0*i', 'M0*M1*M4 + M2*M4 + M3*M4 + M4*r'))",0.7891425874123835,0.7891425874123835,,1,0.0,9.900000000000002,0.11010965173266,0.9722693865904432,False,False,0,1
"('INTERNAL', ('B0*i', 'M0*M1*M3 + M2*M3 + M3*r'))",0.7891424387217677,0.7891424387217677,,1,0.0,9.900000000000002,0.11010962174656733,0.9722693733538145,False,False,0,1
"('INTERNAL', ('M0*i - M1', 'M0*M1 - M2'))",0.7890474675288719,0.7890474675288719,,1,0.0,9.900000000000002,0.11009047017026424,0.9722609181353414,False,False,0,1
"('INTERNAL', ('B0 + B1*sqrt(Abs(i))', 'M0'))",0.7886436008324931,0.7886436008324931,,1,0.0,9.900000000000002,0.11000905104204876,0.9722249451836501,False,False,0,1
"('INTERNAL', ('B0 + B1*M0 + B2*M1 + B2*M2', 'M0*M1*M3 - M2*M3'))",0.7877408071718901,0.7877408071718901,,1,0.0,9.900000000000002,0.10982718506393717,0.9721444326656148,False,False,0,1
"('INTERNAL', ('B0 - M2 - M3 - sqrt(Abs(M0))*sqrt(Abs(M1))', 'M0 - M1'))",0.7877331615234948,0.7877331615234948,,1,0.0,9.900000000000002,0.10982564566755722,0.972143750227944,False,False,0,1
"('INTERNAL', ('M0*i + M1*i - M2*i', 'B0*sqrt(Abs(M0))'))",0.7876299575785086,0.7876299575785086,,1,0.0,9.900000000000002,0.10980486761596038,0.9721345374530297,False,False,0,1
"('INTERNAL', ('B0*sqrt(Abs(M0 + M1))', 'M0*M2*M3 + M1*M2*M3 - M4 + M5'))",0.7873128520871373,0.7873128520871373,,1,0.0,9.900000000000002,0.10974104015558968,0.9721062189439025,False,False,0,1
"('INTERNAL', ('B0*M1 - M0*M1 + M1*sqrt(Abs(s))', 'B1 + M0 - M1 - M2'))",0.7871335150426935,0.7871335150426935,,1,0.0,9.900000000000002,0.10970495321132957,0.9720901960756901,False,False,0,1
"('INTERNAL', ('B0 + i**2', 'M0*M2 + M1*M2 - M3'))",0.7870432660620257,0.7870432660620257,,1,0.0,9.900000000000002,0.10968679574582327,0.9720821307277777,False,False,0,1
"('INTERNAL', ('M0*M1*M2*M3', 'i'))",0.7868719424153658,0.7868719424153658,,1,0.0,9.900000000000002,0.10965233179605093,0.9720668161385271,False,False,0,1
"('INTERNAL', ('M1*s + s*sqrt(Abs(M0 - s))', '2*r'))",0.7864431149873007,0.7864431149873007,,1,0.0,9.900000000000002,0.10956609735991912,0.9720284616159331,False,False,0,1
"('INTERNAL', ('B0*i', 'M0*i - M0*sqrt(Abs(r)) - M1*i + M1*sqrt(Abs(r))'))",0.7864060421095852,0.7864060421095852,,1,0.0,9.900000000000002,0.1095586442359202,0.9720251443430016,False,False,0,1
"('INTERNAL', ('M0*i - M1*i', 'B0*sqrt(Abs(r))'))",0.7856110692929879,0.7856110692929879,,1,0.0,9.900000000000002,0.10939889936078585,0.971953954516807,False,False,0,1
"('INTERNAL', ('M0*M1*M3 - M2*M3', 'M0'))",0.7853438580356132,0.7853438580356132,,1,0.0,9.900000000000002,0.10934523764130233,0.9719300017831222,False,False,0,1
"('INTERNAL', ('-M1*M2 + M2*sqrt(Abs(M0))', 'M0*M1'))",0.7851259753992548,0.7851259753992548,,1,0.0,9.900000000000002,0.10930149434556911,0.9719104619267294,False,False,0,1
"('INTERNAL', ('-M0*M3 - M1*M3 - M2*M3 + M3*sqrt(Abs(s))', 'M0 - M1'))",0.7846534843169911,0.7846534843169911,,1,0.0,9.900000000000002,0.10920667207694416,0.9718680610711035,False,False,0,1
"('INTERNAL', ('B0*M0*i - M0*i**2 - M1*i', 'sqrt(Abs(B1*M0 + B1*M1 + B1*i + B1*r))'))",0.7844433764775439,0.7844433764775439,,1,0.0,9.900000000000002,0.10916452293465433,0.9718491940993583,False,False,0,1
"('INTERNAL', ('B0*sqrt(Abs(M0 - M1 + M2))', '-M0*M1*M2 + M1*M2*i - M3 + M4'))",0.7843582811580919,0.7843582811580919,,1,0.0,9.900000000000002,0.10914745509603106,0.9718415507060841,False,False,0,1
"('INTERNAL', ('B0*sqrt(Abs(-M0 + M1 + i))', 'B1*M0*M1*i - M0*M1*r - M2 + M3'))",0.7839061212230573,0.7839061212230573,,1,0.0,9.900000000000002,0.1090567919207197,0.9718009164775431,False,False,0,1
"('INTERNAL', ('M0*M1*M2', 'M0*M2*M3 + M1*M2*M3'))",0.7825450360164573,0.7825450360164573,,1,0.0,9.900000000000002,0.1087841630725535,0.9716783913514961,False,False,0,1
"('INTERNAL', ('B0*M0*M1 - M0*M1*i + M0*M1*sqrt(Abs(s))', 'i'))",0.7817546969012189,0.7817546969012189,,1,0.0,9.900000000000002,0.10862605173415882,0.9716071011348242,False,False,0,1
"('INTERNAL', ('B0*i', 'M0*r'))",0.781251150469477,0.781251150469477,,1,0.0,9.900000000000002,0.10852538962172016,0.9715616251046225,False,False,0,1
"('INTERNAL', ('B0*M4 + B1*M0*M3 + B1*M1*M3 + B1*M2*M3', 'B2*Abs(M0)**(1/4)*Abs(i)**(1/4)'))",0.781251053667168,0.781251053667168,,1,0.0,9.900000000000002,0.10852537027592982,0.9715616163581372,False,False,0,1
"('INTERNAL', ('B0*M1*M2 + M0*M1*M2 + M1*M2*s', 'M0*i'))",0.7812506479512692,0.7812506479512692,,1,0.0,9.900000000000002,0.10852528919426425,0.9715615797000258,False,False,0,1
"('INTERNAL', ('-M0*M1*M2 + M2*sqrt(Abs(s))', 'M0'))",0.7809919352935172,0.7809919352935172,,1,0.0,9.900000000000002,0.10847359359067611,0.9715381982685485,False,False,0,1
"('INTERNAL', ('M0*M2*M3 - M1*M2*M3', 'M0*M1'))",0.7806516072324566,0.7806516072324566,,1,0.0,9.900000000000002,0.10840561313059965,0.9715074235085406,False,False,0,1
"('INTERNAL', ('B0*sqrt(Abs(-M1 + M2 + sqrt(Abs(M0))))', 'M0*M2*M3 - M1*M2*M3 - M4 + M5'))",0.7805795279408331,0.7805795279408331,,1,0.0,9.900000000000002,0.10839121872116382,0.9715009030971519,False,False,0,1
"('INTERNAL', ('B1*sqrt(Abs(B0 + M0 + i))', 'B2*M1*M2*i - M0*M1*M2 - M3 + M4'))",0.7792583286408323,0.7792583286408323,,1,0.0,9.900000000000002,0.10812758334454861,0.9713812294244022,False,False,0,1
"('INTERNAL', ('B0*M1*M2 + M0*M1*M2 + M1*M2*s', 'M0*M1'))",0.779134404999305,0.779134404999305,,1,0.0,9.900000000000002,0.108102875865784,0.9713699893118652,False,False,0,1
"('INTERNAL', ('M0*M1', 'M0*M1*M3 - M2*M3'))",0.7781881344900996,0.7781881344900996,,1,0.0,9.900000000000002,0.1079143277746801,0.9712840749901581,False,False,0,1
"('INTERNAL', ('B0*sqrt(Abs(-M0 + M1 + s))', 'M0*M2*M3 - M1*M2*M3 - M4 + M5'))",0.7777112529627351,0.7777112529627351,,1,0.0,9.900000000000002,0.10781938507092714,0.9712407202036165,False,False,0,1
"('INTERNAL', ('B0*sqrt(Abs(M0 + M1))', 'M0*M2*M3 - M1*M2*M3 - M4 + M5'))",0.7777022552389814,0.7777022552389814,,1,0.0,9.900000000000002,0.1078175942082845,0.9712399018220702,False,False,0,1
"('INTERNAL', ('B1*sqrt(Abs(B0 - M0 + M1))', 'M0*M2*M3 - M1*M2*M3 - M4 + M5'))",0.7776345393459254,0.7776345393459254,,1,0.0,9.900000000000002,0.10780411696547273,0.9712337423311268,False,False,0,1
"('INTERNAL', ('-M0 + i*s', 'M0 - M1'))",0.7774442441777795,0.7774442441777795,,1,0.0,9.900000000000002,0.10776624884971404,0.9712164287721794,False,False,0,1
"('INTERNAL', ('B0*M2 + M2*sqrt(Abs(B1*M1 - M0*M1))', 'r'))",0.7774076865744075,0.7774076865744075,,1,0.0,9.900000000000002,0.10775897495633618,0.9712131019616902,False,False,0,1
"('INTERNAL', ('M0*M2*M3*M4 - M1*M2*M3*M4', 'B0*M0*i'))",0.7768294135754712,0.7768294135754712,,1,0.0,9.900000000000002,0.10764395627197401,0.9711604479000915,False,False,0,1
"('INTERNAL', ('B0*M2*M3 + M0*M2*M3 - M1*M2*M3 + M2*M3*s', 'i'))",0.776718470853921,0.776718470853921,,1,0.0,9.900000000000002,0.10762189848527628,0.9711503396416798,False,False,0,1
"('INTERNAL', ('B0*M1*M2 - M0*M1*M2 + M1*M2*s', 'i'))",0.776718470853921,0.776718470853921,,1,0.0,9.900000000000002,0.10762189848527628,0.9711503396416798,False,False,0,1
"('INTERNAL', ('M0*M3*M4 + M1*M3*M4 + M2*M3*M4 + M3*M4*s', 'M0*M1'))",0.7758613313830653,0.7758613313830653,,1,0.0,9.900000000000002,0.10745157580194103,0.9710721732487841,False,False,0,1
"('INTERNAL', ('M0*M3*M4 + M1*M3*M4 - M2*M3*M4 + M3*M4*s', 'i'))",0.7755972292697294,0.7755972292697294,,1,0.0,9.900000000000002,0.1073991298022982,0.9710480634812702,False,False,0,1
"('INTERNAL', ('M0*s + M1*s', 'M0 - M1'))",0.7745310160356392,0.7745310160356392,,1,0.0,9.900000000000002,0.10718756096096974,0.970950609016693,False,False,0,1
"('INTERNAL', ('M1*sqrt(Abs(M0 + s))', 'sqrt(Abs(i))'))",0.7744711997860851,0.7744711997860851,,1,0.0,9.900000000000002,0.1071756993143022,0.9709451359522292,False,False,0,1
"('INTERNAL', ('M2*sqrt(Abs(B0 + M0 + M1))', 'r'))",0.7744711844205908,0.7744711844205908,,1,0.0,9.900000000000002,0.10717569626740805,0.97094513454624,False,False,0,1
"('TERMINAL', ('s*sqrt(Abs(B0 + s))', 'r'))",0.7744711844205908,0.7744711844205908,,1,0.0,9.900000000000002,0.10717569626740805,0.97094513454624,True,False,0,1
"('INTERNAL', ('3*M0*M1*s', 'M0*i'))",0.7739843225532671,0.7739843225532671,,1,0.0,9.900000000000002,0.10707918128853894,0.9709005650922671,False,False,0,1
"('INTERNAL', ('B0*i', 'B1*M0 - M0*i + 2*M0*r'))",0.7734386503511103,0.7734386503511103,,1,0.0,9.900000000000002,0.10697107217718599,0.9708505640603817,False,False,0,1
"('INTERNAL', ('B0*i', 'B1*M1 - M0*M1'))",0.7734386490034055,0.7734386490034055,,1,0.0,9.900000000000002,0.10697107191026135,0.9708505639368264,False,False,0,1
"('INTERNAL', ('B0*M0', 'M0*M1*M2 + M2*r'))",0.7734383513749237,0.7734383513749237,,1,0.0,9.900000000000002,0.10697101296237359,0.9708505366507402,False,False,0,1
"('INTERNAL', ('M0*i', 'Abs(M0)**(1/4)*sqrt(Abs(M1))'))",0.7733477585240289,0.7733477585240289,,1,0.0,9.900000000000002,0.10695307120715382,0.9708422305491369,False,False,0,1
"('INTERNAL', ('M0*M1*i - M2*i', 'sqrt(Abs(B0*M0 + B0*M2 + B0*M3 + B1*M1))'))",0.7733466768554539,0.7733466768554539,,1,0.0,9.900000000000002,0.10695285699591277,0.9708421313667873,False,False,0,1
"('INTERNAL', ('M0*M1*M2', '-M0 + r'))",0.7729298178672197,0.7729298178672197,,1,0.0,9.900000000000002,0.10687032305948213,0.9708038931705961,False,False,0,1
"('INTERNAL', ('M0*M2*M3 + M1*M2*M3 + M2*M3*s', 'M0*M1*M2'))",0.7724926557868496,0.7724926557868496,,1,0.0,9.900000000000002,0.10678381192866038,0.9707637608805372,False,False,0,1
"('INTERNAL', ('M0*M1*M2', 'B0*M0*M1'))",0.7719968611755307,0.7719968611755307,,1,0.0,9.900000000000002,0.1066857506354516,0.9707182067268283,False,False,0,1
"('INTERNAL', ('M0*M1*M2*s', 'B0*M0*M1'))",0.7718381025105163,0.7718381025105163,,1,0.0,9.900000000000002,0.10665436222889674,0.97070361097835,False,False,0,1
"('INTERNAL', ('M0*M1*i', 'sqrt(Abs(M0))*sqrt(Abs(M1))'))",0.7716885896797769,0.7716885896797769,,1,0.0,9.900000000000002,0.10662480708627785,0.9706898613454441,False,False,0,1
"('INTERNAL', ('M0*M1*M2*s', 'B0*i**2'))",0.7712339937006039,0.7712339937006039,,1,0.0,9.900000000000002,0.1065349755514204,0.9706480320471738,False,False,0,1
"('INTERNAL', ('M0*i - M1*i', 'B0 + M0*M1'))",0.7711995444807022,0.7711995444807022,,1,0.0,9.900000000000002,0.10652817005094675,0.9706448607971021,False,False,0,1
"('INTERNAL', ('M0*M1*M2*M3', 'M0*M1*i'))",0.7702605137905424,0.7702605137905424,,1,0.0,9.900000000000002,0.10634276716058887,0.9705583398877451,False,False,0,1
"('INTERNAL', ('M0*M2 + M1*M2', 'M0*M1*M2'))",0.7674355012955173,0.7674355012955173,,1,0.0,9.900000000000002,0.10578620531656464,0.970297143036545,False,False,0,1
"('INTERNAL', ('B0 - M1 - M2 - sqrt(Abs(M0))*sqrt(Abs(i))', 'M0*M1'))",0.7665182197052279,0.7665182197052279,,1,0.0,9.900000000000002,0.1056058800268583,0.970212040265606,False,False,0,1
"('INTERNAL', ('M0*M1*s', '-M0 + r'))",0.7660886240765482,0.7660886240765482,,1,0.0,9.900000000000002,0.10552149299775418,0.970172134332986,False,False,0,1
"('INTERNAL', ('B0*i', 'M0*i - M0*sqrt(Abs(r)) + M1*i - M1*sqrt(Abs(r))'))",0.7658865898799069,0.7658865898799069,,1,0.0,9.900000000000002,0.10548182117645279,0.9701533561328161,False,False,0,1
"('INTERNAL', ('M1*M2*M3 + M2*M3*s + M2*M3*sqrt(Abs(M0))', 'M0*i'))",0.765761798618328,0.765761798618328,,1,0.0,9.900000000000002,0.1054573215556226,0.9701417538531558,False,False,0,1
"('INTERNAL', ('M0', 'M0 + M1 + M2'))",0.7655941392528335,0.7655941392528335,,1,0.0,9.900000000000002,0.1054244114279083,0.9701261617987282,False,False,0,1
"('INTERNAL', ('M0*M4*M5 + M1*M4*M5 + M2*M4*M5 + M3*M4*M5', 'M0*M1'))",0.7655608504240904,0.7655608504240904,,1,0.0,9.900000000000002,0.10541787786915995,0.9701230654206481,False,False,0,1
"('INTERNAL', ('M0*M3*M4 - M1*M3*M4 + M2*M3*M4 + M3*M4*s', 'M0*M1'))",0.7636292845807523,0.7636292845807523,,1,0.0,9.900000000000002,0.10503920225786603,0.9699430763384228,False,False,0,1
"('INTERNAL', ('M0*M1*M2 + 2*M1*M2*s', 'i*sqrt(Abs(M0))'))",0.7601822844816225,0.7601822844816225,,1,0.0,9.900000000000002,0.10436553208348166,0.9696202931660616,False,False,0,1
"('INTERNAL', ('3*M0*s**2', 'B0*i'))",0.7601822844816225,0.7601822844816225,,1,0.0,9.900000000000002,0.10436553208348166,0.9696202931660616,False,False,0,1
"('TERMINAL', ('3*i*s**2', 'B0*i'))",0.7601822844816225,0.7601822844816225,,1,0.0,9.900000000000002,0.10436553208348166,0.9696202931660616,True,False,0,1
"('INTERNAL', ('M0*M1*M3*M4 + M2*M3*M4 + M3*M4*s', 'M0*i'))",0.7596632923192448,0.7596632923192448,,1,0.0,9.900000000000002,0.10426433479695457,0.9695715181013621,False,False,0,1
"('INTERNAL', ('B0*i', 'M0*M3 - M1*M3 + M2*M3 + M3*r'))",0.7580472015920637,0.7580472015920637,,1,0.0,9.900000000000002,0.10394960607432172,0.9694193425097795,False,False,0,1
"('INTERNAL', ('B0*i', '-M0*M1*M4 + M2*M4 - M3*M4 + M4*r'))",0.7580470773213117,0.7580470773213117,,1,0.0,9.900000000000002,0.10394958189564515,0.9694193307909337,False,False,0,1
"('INTERNAL', ('M0*s', 'i**2'))",0.7574974644413768,0.7574974644413768,,1,0.0,9.900000000000002,0.10384268082878897,0.9693674759603159,False,False,0,1
"('INTERNAL', ('M0*M1*M2 + 2*M1*M2*s', 'i*r'))",0.7567477589293241,0.7567477589293241,,1,0.0,9.900000000000002,0.10369697111052024,0.9692966595063203,False,False,0,1
"('INTERNAL', ('M0*M1*i', 'M0*M1*M2'))",0.7565804782441243,0.7565804782441243,,1,0.0,9.900000000000002,0.1036644764095451,0.9692808452150927,False,False,0,1
"('INTERNAL', ('M0*M3 + M1*M3 + M2*M3', 'M0'))",0.7564186142044192,0.7564186142044192,,1,0.0,9.900000000000002,0.1036330399105447,0.9692655384421164,False,False,0,1
"('INTERNAL', ('M0', 'M0 - M1 + i'))",0.7562224607799374,0.7562224607799374,,1,0.0,9.900000000000002,0.10359495179693397,0.9692469830641494,False,False,0,1
"('INTERNAL', ('M0*M2*i - M1*M2*i + M3*i', 'r'))",0.7559269045464394,0.7559269045464394,,1,0.0,9.900000000000002,0.10353757850628088,0.9692190121188783,False,False,0,1
"('INTERNAL', ('M0*i', 'B0 + M0*M3 - M1*M3 - M2*M3'))",0.755262145723743,0.755262145723743,,1,0.0,9.900000000000002,0.10340860762347909,0.9691560458306999,False,False,0,1
"('INTERNAL', ('M0*M2 - M1*M2', 'i**2'))",0.7546763457548896,0.7546763457548896,,1,0.0,9.900000000000002,0.10329503815559705,0.9691004958586562,False,False,0,1
"('INTERNAL', ('M0*sqrt(Abs(s)) + M1*sqrt(Abs(s))', 'M0'))",0.7545702315366954,0.7545702315366954,,1,0.0,9.900000000000002,0.10327447397884919,0.9690904270220886,False,False,0,1
"('INTERNAL', ('M2*s + s*sqrt(Abs(M0))*sqrt(Abs(M1))', 'M0 + r'))",0.7540914293354897,0.7540914293354897,,1,0.0,9.900000000000002,0.10318171704941523,0.9690449710414637,False,False,0,1
"('INTERNAL', ('B0*sqrt(Abs(M0 - M1))', 'M0*M1'))",0.7492996762376395,0.7492996762376395,,1,0.0,9.900000000000002,0.1022562629139869,0.9685878927214825,False,False,0,1
"('INTERNAL', ('M0*M1*M3*M4 - M2*M3*M4', 'i'))",0.7431688552504925,0.7431688552504925,,1,0.0,9.900000000000002,0.10107969152865177,0.9679973343132778,False,False,0,1
"('INTERNAL', ('M0*M1*M2*M3*M4', 'B0*i**2'))",0.7424158981022622,0.7424158981022622,,1,0.0,9.900000000000002,0.10093576991942446,0.967924359141368,False,False,0,1
"('INTERNAL', ('M0*M1*M2*M3', 'B0*M1*sqrt(Abs(M0))'))",0.7412356101919378,0.7412356101919378,,1,0.0,9.900000000000002,0.10071042193884336,0.9678097714404017,False,False,0,1
"('INTERNAL', ('M0*i - M1*i', 'M0'))",0.7393190548453648,0.7393190548453648,,1,0.0,9.900000000000002,0.10034516229210116,0.9676231922828659,False,False,0,1
"('INTERNAL', ('B0*s + M0*s', 'M0 + M1'))",0.7264827413648681,0.7264827413648681,,1,0.0,9.900000000000002,0.09791981259869208,0.9663572092066156,False,False,0,1
"('INTERNAL', ('M0*M2 + M1*M2', 'i'))",0.7246491161264544,0.7246491161264544,,1,0.0,9.900000000000002,0.09757633188968674,0.9661740394201377,False,False,0,1
"('INTERNAL', ('M0*M2*M3*M4 + M1*M2*M3*M4', 'B0*M0*M1'))",0.7245805396322625,0.7245805396322625,,1,0.0,9.900000000000002,0.09756350027898288,0.9661671776637625,False,False,0,1
"('INTERNAL', ('M0*i - M1', '-M0 + i'))",0.7218326157738809,0.7218326157738809,,1,0.0,9.900000000000002,0.09705017697251658,0.9658915489062779,False,False,0,1
"('INTERNAL', ('M1*sqrt(Abs(B0 + sqrt(Abs(M0))))', 'r'))",0.721514219787371,0.721514219787371,,1,0.0,9.900000000000002,0.0969908066142052,0.9658595276155867,False,False,0,1
"('INTERNAL', ('M0*M3*M4 + M1*M3*M4 + M2*M3*M4', 'M0*r'))",0.7124152205135007,0.7124152205135007,,1,0.0,9.900000000000002,0.09530353351388984,0.9649369807788396,False,False,0,1
"('INTERNAL', ('M0*i', 'B0*sqrt(Abs(r))'))",0.7123227926051366,0.7123227926051366,,1,0.0,9.900000000000002,0.09528648703196473,0.9649275355106468,False,False,0,1
"('INTERNAL', ('i*s', 'B0 + B1*M0 + M0*r'))",0.7110781273058518,0.7110781273058518,,1,0.0,9.900000000000002,0.09505711489151827,0.9648001971486533,False,False,0,1
"('INTERNAL', ('M1*s + s*sqrt(Abs(M0))', 'i + r'))",0.7110747147303685,0.7110747147303685,,1,0.0,9.900000000000002,0.09505648647219943,0.964799847645543,False,False,0,1
"('INTERNAL', ('M0*M2*M3 + M1*M2*M3', 'M0*M2 - M1*M2'))",0.7104959225450586,0.7104959225450586,,1,0.0,9.900000000000002,0.09494993971291027,0.9647405405182607,False,False,0,1
"('INTERNAL', ('M0*M3 - M1*M3 + M2*M3', 'M0'))",0.7070775804207036,0.7070775804207036,,1,0.0,9.900000000000002,0.09432216316592822,0.9643890796977924,False,False,0,1
"('INTERNAL', ('M0*s', 'M0*M1*M2'))",0.6985010915201649,0.6985010915201649,,1,0.0,9.900000000000002,0.09275826471109387,0.963498276450011,False,False,0,1
"('INTERNAL', ('M0*i + i*s', 'r'))",0.6937119242062794,0.6937119242062794,,1,0.0,9.900000000000002,0.09189189612465655,0.9629952314036464,False,False,0,1
"('INTERNAL', ('M1*s + s*sqrt(Abs(M0))', 'M0 - M1'))",0.6867771579815012,0.6867771579815012,,1,0.0,9.900000000000002,0.09064613680950256,0.9622596640890692,False,False,0,1
"('INTERNAL', ('M1*s + s*sqrt(Abs(-M0 + i + s))', '2*r'))",0.6856341243732504,0.6856341243732504,,1,0.0,9.900000000000002,0.09044179359939968,0.9621376092484938,False,False,0,1
"('INTERNAL', ('-M1*M2 + M2*sqrt(Abs(M0))', 'r'))",0.6844322528544171,0.6844322528544171,,1,0.0,9.900000000000002,0.09022723363039348,0.9620090228685044,False,False,0,1
"('INTERNAL', ('M0*M2*M3 + M1*M2*M3 + M2*M3*s', 'i**2'))",0.6833405096864775,0.6833405096864775,,1,0.0,9.900000000000002,0.09003260193548766,0.9618919978353937,False,False,0,1
"('INTERNAL', ('M0*M3*M4 + M1*M3*M4 + M2*M3*M4', 'M0*i'))",0.6815546897744594,0.6815546897744594,,1,0.0,9.900000000000002,0.0897147824264758,0.9617001199826698,False,False,0,1
"('INTERNAL', ('B0*M1 - M0*M1 + M1*sqrt(Abs(s))', 'B1 - M1 + i*sqrt(Abs(M0))'))",0.6811429107517314,0.6811429107517314,,1,0.0,9.900000000000002,0.08964159546162627,0.9616557962919637,False,False,0,1
"('INTERNAL', ('-M0 + s', 'r'))",0.6713582746849347,0.6713582746849347,,1,0.0,9.900000000000002,0.08791316847400135,0.9605937481306696,False,False,0,1
"('INTERNAL', ('M0*M1', 'M0*M2*M3 - M1*M2*M3'))",0.6699217465835522,0.6699217465835522,,1,0.0,9.900000000000002,0.08766112335676275,0.9604363940288339,False,False,0,1
"('INTERNAL', ('M0*M1*M2 + M1*M2*s', 'M0*M1'))",0.6677266502575863,0.6677266502575863,,1,0.0,9.900000000000002,0.08727682894717081,0.9601952395403783,False,False,0,1
"('INTERNAL', ('M0*M1*M2', 'i**2'))",0.6616804988581646,0.6616804988581646,,1,0.0,9.900000000000002,0.08622360164653489,0.9595265712191983,False,False,0,1
"('INTERNAL', ('B0 - M2 - M3 - sqrt(Abs(M0))*sqrt(Abs(M1))', 'i'))",0.6610460952523035,0.6610460952523035,,1,0.0,9.900000000000002,0.08611353715721114,0.9594560322628812,False,False,0,1
"('INTERNAL', ('M2*sqrt(Abs(M1 + sqrt(Abs(M0 - s))))', 'sqrt(Abs(i))'))",0.6556357511993275,0.6556357511993275,,1,0.0,9.900000000000002,0.08517832402123077,0.9588515396645227,False,False,0,1
"('INTERNAL', ('M0*i', 'B0 - M0*M2 - M1*M2 + M2*r'))",0.653724152866155,0.653724152866155,,1,0.0,9.900000000000002,0.08484936277930251,0.9586367075854018,False,False,0,1
"('INTERNAL', ('M0*s', 'r - sqrt(Abs(M0))'))",0.6463183825424983,0.6463183825424983,,1,0.0,9.900000000000002,0.08358215488422582,0.957798240582438,False,False,0,1
"('TERMINAL', ('i*s', 'r'))",0.6463183825424983,0.6463183825424983,,1,0.0,9.900000000000002,0.08358215488422582,0.957798240582438,True,False,0,1
"('INTERNAL', ('B0*M2 + B1*M0*M1', 'M0 - M1 + i'))",0.6455222493332974,0.6455222493332974,,1,0.0,9.900000000000002,0.08344661045577155,0.9577075181563047,False,False,0,1
"('INTERNAL', ('i*s', 'sqrt(Abs(M0))*sqrt(Abs(M1))'))",0.6398551987170732,0.6398551987170732,,1,0.0,9.900000000000002,0.08248559337628004,0.9570584436666513,False,False,0,1
"('INTERNAL', ('M3*sqrt(Abs(M2 + sqrt(Abs(M1 - sqrt(Abs(M0))))))', 'sqrt(Abs(i))'))",0.6374232817629194,0.6374232817629194,,1,0.0,9.900000000000002,0.08207523870132573,0.9567781317762142,False,False,0,1
"('INTERNAL', ('i*s', 'B0 + M0*M1'))",0.6348345679688772,0.6348345679688772,,1,0.0,9.900000000000002,0.08163977581068557,0.956478575230763,False,False,0,1
"('INTERNAL', ('M0*i', 'B0 + M0*r'))",0.6348345679688772,0.6348345679688772,,1,0.0,9.900000000000002,0.08163977581068557,0.956478575230763,False,False,0,1
"('INTERNAL', ('M3*sqrt(Abs(M2 + sqrt(Abs(M0 + M1))))', 'sqrt(Abs(i))'))",0.6277384774536756,0.6277384774536756,,1,0.0,9.900000000000002,0.08045321690453587,0.9556512349308491,False,False,0,1
"('INTERNAL', ('-M0*M2 - M1*M2 + M2*sqrt(Abs(s))', 'M0 + M1'))",0.6241504763958486,0.6241504763958486,,1,0.0,9.900000000000002,0.07985721515401006,0.9552294374770002,False,False,0,1
"('INTERNAL', ('M2*s + s*sqrt(Abs(M0 + M1))', 'M0 + M1'))",0.6236655448677394,0.6236655448677394,,1,0.0,9.900000000000002,0.07977686683248943,0.9551722509824296,False,False,0,1
"('INTERNAL', ('-M0 - M1 - M2 + s', 'M0'))",0.6194922860258056,0.6194922860258056,,1,0.0,9.900000000000002,0.07908739908707456,0.9546783471576813,False,False,0,1
"('INTERNAL', ('M0*i', 'sqrt(Abs(M0*M2 - M1*M2))'))",0.6024109680831566,0.6024109680831566,,1,0.0,9.900000000000002,0.07630256267237422,0.9526237244958105,False,False,0,1
"('INTERNAL', ('B0 - M0*M2 - M1*M2', 'r'))",0.5994880154302462,0.5994880154302462,,1,0.0,9.900000000000002,0.07583198167042973,0.9522667949278465,False,False,0,1
"('INTERNAL', ('M0*M1 + M1*s', 'r'))",0.5963868584023251,0.5963868584023251,,1,0.0,9.900000000000002,0.07533460618062077,0.9518863913576951,False,False,0,1
"('INTERNAL', ('M0 + M1 + M2', 'M0 + i'))",0.5940793480239527,0.5940793480239527,,1,0.0,9.900000000000002,0.07496578308414013,0.9516021946621063,False,False,0,1
"('INTERNAL', ('M0*M2 - M1*M2', 'M0*M1*M2'))",0.5929744986521045,0.5929744986521045,,1,0.0,9.900000000000002,0.07478956988104267,0.9514657731581423,False,False,0,1
"('INTERNAL', ('M0*i - M1*i', 'sqrt(Abs(M0))*sqrt(Abs(M1))'))",0.5904229898183019,0.5904229898183019,,1,0.0,9.900000000000002,0.07438357072697832,0.9511498669474049,False,False,0,1
"('INTERNAL', ('M1*sqrt(Abs(B0 + M0))', 'M0'))",0.5760760070329378,0.5760760070329378,,1,0.0,9.900000000000002,0.07212507787468593,0.9493511831016919,False,False,0,1
"('INTERNAL', ('B0 - M0 - M1 - sqrt(Abs(i))*sqrt(Abs(s))', 'M0'))",0.5728302932848168,0.5728302932848168,,1,0.0,9.900000000000002,0.07161986836866352,0.9489389843240792,False,False,0,1
"('INTERNAL', ('-M0 + i**2', 'B0 - M0'))",0.5674183728558331,0.5674183728558331,,1,0.0,9.900000000000002,0.07078215976125576,0.9482473314471374,False,False,0,1
"('INTERNAL', ('M0*i**2 - M1*i**2 + M2*i', 'r'))",0.5419961946939066,0.5419961946939066,,1,0.0,9.900000000000002,0.06692488576732698,0.9449251621036004,False,False,0,1
"('INTERNAL', ('-M1 + i*sqrt(Abs(M0))', 'M0'))",0.5290891792496172,0.5290891792496172,,1,0.0,9.900000000000002,0.06501524288980572,0.9431919742603221,False,False,0,1
"('INTERNAL', ('B0 - M1 - M2 - sqrt(Abs(M0))', 'i'))",0.5286789324235566,0.5286789324235566,,1,0.0,9.900000000000002,0.06495507963443044,0.9431363685411646,False,False,0,1
"('INTERNAL', ('M1*sqrt(Abs(M0))', 'M0*i'))",0.5181856796646243,0.5181856796646243,,1,0.0,9.900000000000002,0.06342737357642636,0.9417032284310396,False,False,0,1
"('INTERNAL', ('M0*i + i**2*s', 'r'))",0.4981160880353393,0.4981160880353393,,1,0.0,9.900000000000002,0.06056487947509083,0.9389036451977222,False,False,0,1
"('INTERNAL', ('-M0*M1 + M1*sqrt(Abs(s))', 'M0 - M1'))",0.49024958622364395,0.49024958622364395,,1,0.0,9.900000000000002,0.05946404444189416,0.9377852119953645,False,False,0,1
"('INTERNAL', ('M0*M1*M2', 'M0*M1*M2*M3'))",0.4869629952717936,0.4869629952717936,,1,0.0,9.900000000000002,0.05900762988372032,0.9373143964943111,False,False,0,1
"('INTERNAL', ('M0*sqrt(Abs(i))', 'r'))",0.4829652818361245,0.4829652818361245,,1,0.0,9.900000000000002,0.05845524169375273,0.9367388915643026,False,False,0,1
"('INTERNAL', ('M0*i - M1', 'M0 + M1'))",0.47500052187475,0.47500052187475,,1,0.0,9.900000000000002,0.05736377952347494,0.9355830499593834,False,False,0,1
"('INTERNAL', ('M0 + M1', '2*i'))",0.472333248718426,0.472333248718426,,1,0.0,9.900000000000002,0.05700096110454917,0.9351932176451115,False,False,0,1
"('INTERNAL', ('M0*M1', 'r - sqrt(Abs(M0))'))",0.47169981578321923,0.47169981578321923,,1,0.0,9.900000000000002,0.056914996113408826,0.9351004351484302,False,False,0,1
"('INTERNAL', ('M1*M3*M4 + M2*M3*M4 + M3*M4*sqrt(Abs(M0))', 'M0*M1'))",0.4671635983535416,0.4671635983535416,,1,0.0,9.900000000000002,0.05630159488781878,0.934433700585758,False,False,0,1
"('INTERNAL', ('M0*s', 'M0 + M1'))",0.4657015802265481,0.4657015802265481,,1,0.0,9.900000000000002,0.05610472627568464,0.9342179556779086,False,False,0,1
"('INTERNAL', ('M0*M2 + M1*M2', 'B0 + i'))",0.46425290187363094,0.46425290187363094,,1,0.0,9.900000000000002,0.055910052527296576,0.9340037666343168,False,False,0,1
"('INTERNAL', ('M0*M1', '-M0 - M1 + i'))",0.46044068201743527,0.46044068201743527,,1,0.0,9.900000000000002,0.05539965926773133,0.933438159831052,False,False,0,1
"('INTERNAL', ('M0*M1*M2 + M1*M2*i + M1*M2*s', 'M0*M1'))",0.4596339774438002,0.4596339774438002,,1,0.0,9.900000000000002,0.05529200634924909,0.9333181062071995,False,False,0,1
"('INTERNAL', ('s**2', 'M0'))",0.4550174101906372,0.4550174101906372,,1,0.0,9.900000000000002,0.05467829411990041,0.9326286098548868,False,False,0,1
"('INTERNAL', ('M1*s + s*sqrt(Abs(M0 - i))', '2*r'))",0.4550174101906372,0.4550174101906372,,1,0.0,9.900000000000002,0.05467829411990041,0.9326286098548868,False,False,0,1
"('TERMINAL', ('s**2', '-i + r'))",0.4550174101906372,0.4550174101906372,,1,0.0,9.900000000000002,0.05467829411990041,0.9326286098548868,True,False,0,1
"('INTERNAL', ('s**2', '-M0 + r'))",0.45046723608873074,0.45046723608873074,,1,0.0,9.900000000000002,0.05407733061417317,0.9319449244797843,False,False,0,1
"('INTERNAL', ('s*sqrt(Abs(M0))', '-M0 + r'))",0.4453831389343888,0.4453831389343888,,1,0.0,9.900000000000002,0.05341044534454919,0.9311761816235824,False,False,0,1
"('INTERNAL', ('M0 + M1', 'M0*i'))",0.4389721165820994,0.4389721165820994,,1,0.0,9.900000000000002,0.05257640368101259,0.9301995078724294,False,False,0,1
"('INTERNAL', ('M1*s + s*sqrt(Abs(M0))', 'M0 + M1 + r'))",0.43708790870965936,0.43708790870965936,,1,0.0,9.900000000000002,0.05233273754627857,0.9299109117133141,False,False,0,1
"('INTERNAL', ('B0*M0*M1 + 2*M0*M1*s', 'B1*i'))",0.434680928966854,0.434680928966854,,1,0.0,9.900000000000002,0.05202242952330534,0.9295412181835668,False,False,0,1
"('INTERNAL', ('M3*sqrt(Abs(M0 + M1 + M2))', 'M0'))",0.4108982698252741,0.4108982698252741,,1,0.0,9.900000000000002,0.04901419125754825,0.9258261530894658,False,False,0,1
"('INTERNAL', ('M0', 'M0*M1 + M2'))",0.39837039560117093,0.39837039560117093,,1,0.0,9.900000000000002,0.04747153659951023,0.923823402999044,False,False,0,1
"('INTERNAL', ('M0 + M1 + M2', 'i'))",0.3953201609063456,0.3953201609063456,,1,0.0,9.900000000000002,0.047100296352661684,0.9233309631027632,False,False,0,1
"('INTERNAL', ('M0*i + M1*i', 'sqrt(Abs(M0))*sqrt(Abs(M1))'))",0.39294235316708764,0.39294235316708764,,1,0.0,9.900000000000002,0.04681207713049846,0.922945768560936,False,False,0,1
"('INTERNAL', ('M0*sqrt(Abs(s))', 'sqrt(Abs(M0))'))",0.3905366203182902,0.3905366203182902,,1,0.0,9.900000000000002,0.046521524606417126,0.922554877368021,False,False,0,1
"('TERMINAL', ('Abs(s)**(3/2)', 'r'))",0.3905366203182902,0.3905366203182902,,1,0.0,9.900000000000002,0.046521524606417126,0.922554877368021,True,False,0,1
"('INTERNAL', ('M1*s + s*sqrt(Abs(M0))', 'B0 + r'))",0.3905366203182902,0.3905366203182902,,1,0.0,9.900000000000002,0.046521524606417126,0.922554877368021,False,False,0,1
"('INTERNAL', ('s*sqrt(Abs(M0))', '-i + r'))",0.3905366203182902,0.3905366203182902,,1,0.0,9.900000000000002,0.046521524606417126,0.922554877368021,False,False,0,1
"('INTERNAL', ('Abs(s)**(3/2)', 'M0'))",0.3640056508873872,0.3640056508873872,,1,0.0,9.900000000000002,0.043387069629068485,0.9181653024326774,False,False,0,1
"('INTERNAL', ('M0*M1*s', 'i'))",0.35433166316808395,0.35433166316808395,,1,0.0,9.900000000000002,0.04227582608524043,0.916528527553705,False,False,0,1
"('INTERNAL', ('M0*M1*M4*M5 + M2*M4*M5 + M3*M4*M5', 'M0*M1'))",0.35326720992328653,0.35326720992328653,,1,0.0,9.900000000000002,0.04215458114090623,0.9163472384358111,False,False,0,1
"('INTERNAL', ('-M0 + i**2', 'M1*sqrt(Abs(M0)) - M2'))",0.346146835818806,0.346146835818806,,1,0.0,9.900000000000002,0.04134877309696322,0.9151284601808494,False,False,0,1
"('INTERNAL', ('M0*s + s*sqrt(Abs(i))', '2*r'))",0.3448088182931697,0.3448088182931697,,1,0.0,9.900000000000002,0.04119836426039891,0.9148982490694306,False,False,0,1
"('INTERNAL', ('M2*s + s*sqrt(Abs(M0 - M1))', 'M0'))",0.33898080502737726,0.33898080502737726,,1,0.0,9.900000000000002,0.04054696034997644,0.913891127974062,False,False,0,1
"('INTERNAL', ('M0*s + s*sqrt(Abs(i))', 'M0'))",0.33601967872895055,0.33601967872895055,,1,0.0,9.900000000000002,0.040218314622173935,0.9133766839273437,False,False,0,1
"('TERMINAL', ('i*s + s*sqrt(Abs(B0 + i - s))', '2*r'))",0.3352870727986421,0.3352870727986421,,1,0.0,9.900000000000002,0.04013724626889673,0.9132491208524103,True,False,0,1
"('INTERNAL', ('M0*s + Abs(s)**(3/2)', '2*r'))",0.31072755607533636,0.31072755607533636,,1,0.0,9.900000000000002,0.037474686252152306,0.9089068007360085,False,False,0,1
"('INTERNAL', ('M1*sqrt(Abs(M0 + i))', 'sqrt(Abs(M0))'))",0.30895613005814404,0.30895613005814404,,1,0.0,9.900000000000002,0.03728676524533403,0.9085886156662987,False,False,0,1
"('INTERNAL', ('s', 'M0 + i'))",0.3013928084288044,0.3013928084288044,,1,0.0,9.900000000000002,0.0364906246166146,0.907222485547094,False,False,0,1
"('INTERNAL', ('M0', 'B0 + i'))",0.3013928084288044,0.3013928084288044,,1,0.0,9.900000000000002,0.0364906246166146,0.907222485547094,False,False,0,1
"('INTERNAL', ('s', 'M0*i'))",0.3013928084288044,0.3013928084288044,,1,0.0,9.900000000000002,0.0364906246166146,0.907222485547094,False,False,0,1
"('INTERNAL', ('M0', 'M0*i + M1*i'))",0.3013928084288044,0.3013928084288044,,1,0.0,9.900000000000002,0.0364906246166146,0.907222485547094,False,False,0,1
"('INTERNAL', ('M0', 'i*sqrt(Abs(M0))'))",0.3013928084288044,0.3013928084288044,,1,0.0,9.900000000000002,0.0364906246166146,0.907222485547094,False,False,0,1
"('INTERNAL', ('M0*M1', 'B0*i'))",0.3013928084288044,0.3013928084288044,,1,0.0,9.900000000000002,0.0364906246166146,0.907222485547094,False,False,0,1
"('INTERNAL', ('M0', 'M0 + M1 + i'))",0.29539509154107113,0.29539509154107113,,1,0.0,9.900000000000002,0.03586642440290409,0.9061303579009069,False,False,0,1
"('INTERNAL', ('M0*M1', 'B0*M0*M1'))",0.2895167292194039,0.2895167292194039,,1,0.0,9.900000000000002,0.035260756523941277,0.9050523884673466,False,False,0,1
"('INTERNAL', ('M1*Abs(M0)**(1/4)', 'i'))",0.28849466325411716,0.28849466325411716,,1,0.0,9.900000000000002,0.03515606572775991,0.9048641952433624,False,False,0,1
"('INTERNAL', ('s', 'sqrt(Abs(M0))'))",0.2866215619272098,0.2866215619272098,,1,0.0,9.900000000000002,0.034964676078171525,0.9045187092781894,False,False,0,1
"('INTERNAL', ('M2*s + s*sqrt(Abs(M0 - M1))', 'M0 + r'))",0.28533165370268704,0.28533165370268704,,1,0.0,9.900000000000002,0.03483323168701807,0.904280345524823,False,False,0,1
"('INTERNAL', ('M1*s + s*sqrt(Abs(B0 - M0))', '2*r'))",0.28532916214039356,0.28532916214039356,,1,0.0,9.900000000000002,0.0348329780721913,0.9042798847541234,False,False,0,1
"('INTERNAL', ('M2*s + s*sqrt(Abs(M0 + M1))', 'M0'))",0.28532860257680337,0.28532860257680337,,1,0.0,9.900000000000002,0.034832921114654004,0.9042797812724754,False,False,0,1
"('INTERNAL', ('M1*s + s*sqrt(Abs(M0))', 'i'))",0.28526377162785355,0.28526377162785355,,1,0.0,9.900000000000002,0.034826322392835646,0.9042677914418588,False,False,0,1
"('INTERNAL', ('M2*s + s*sqrt(Abs(M0))*sqrt(Abs(M1))', 'M0 + M1'))",0.2849705727004741,0.2849705727004741,,1,0.0,9.900000000000002,0.034796488723052924,0.904213555782361,False,False,0,1
"('INTERNAL', ('M0*s + Abs(s)**(3/2)', 'M0 + M1'))",0.28460584200434735,0.28460584200434735,,1,0.0,9.900000000000002,0.03475939743868668,0.9041460620130688,False,False,0,1
"('INTERNAL', ('s', 'M0 - M1'))",0.2837553463079377,0.2837553463079377,,1,0.0,9.900000000000002,0.03467299632137591,0.9039885639407975,False,False,0,1
"('INTERNAL', ('M0', 'M0*r'))",0.2781086149164097,0.2781086149164097,,1,0.0,9.900000000000002,0.03410254255181955,0.9029388620534706,False,False,0,1
"('INTERNAL', ('M1*s + s*sqrt(Abs(M0))', 'B0 + M0'))",0.2776382299872124,0.2776382299872124,,1,0.0,9.900000000000002,0.03405527266864516,0.9028511039360446,False,False,0,1
"('INTERNAL', ('M0', 'B0 + M0'))",0.27532752876724564,0.27532752876724564,,1,0.0,9.900000000000002,0.033823623856817205,0.902419297810531,False,False,0,1
"('INTERNAL', ('M2*sqrt(Abs(M0 + M1))', 'sqrt(Abs(M0 - M1))'))",0.26926159140678996,0.26926159140678996,,1,0.0,9.900000000000002,0.03321991720904363,0.9012801441346842,False,False,0,1
"('INTERNAL', ('M0*M1*s + M2*s', 'M0'))",0.26715002583532976,0.26715002583532976,,1,0.0,9.900000000000002,0.03301126070951262,0.9008816952173168,False,False,0,1
"('INTERNAL', ('M0 - M1 - M2 - M3', 'r'))",0.2538602821125974,0.2538602821125974,,1,0.0,9.900000000000002,0.03171568709592919,0.8983512173425845,False,False,0,1
"('INTERNAL', ('M0*s + Abs(s)**(3/2)', 'M0 + r'))",0.25087498902126487,0.25087498902126487,,1,0.0,9.900000000000002,0.031428842741054286,0.8977773736766644,False,False,0,1
"('INTERNAL', ('M3*s + s*sqrt(Abs(-M0 + M1 + M2))', '2*r'))",0.24850000423142768,0.24850000423142768,,1,0.0,9.900000000000002,0.031201733150615203,0.8973194191223494,False,False,0,1
"('TERMINAL', ('s**2 + s*sqrt(Abs(B0 + i - s))', '2*r'))",0.24849875069936644,0.24849875069936644,,1,0.0,9.900000000000002,0.031201613536216685,0.8973191770767988,True,False,0,1
"('INTERNAL', ('M1*s + s*sqrt(Abs(M0))', 'sqrt(Abs(M0))'))",0.2483662391310522,0.2483662391310522,,1,0.0,9.900000000000002,0.031188970551682398,0.8972935883174517,False,False,0,1
"('INTERNAL', ('M0*s', 'M0*M2 - M1*M2'))",0.23330697345729462,0.23330697345729462,,1,0.0,9.900000000000002,0.029771730602415877,0.8943597700324879,False,False,0,1
"('INTERNAL', ('M1*s + s*Abs(M0)**(1/4)', 'M0 + r'))",0.23293242959484287,0.23293242959484287,,1,0.0,9.900000000000002,0.02973697533219689,0.8942861479394668,False,False,0,1
"('INTERNAL', ('M0*M1 + M2', 'M0 + i'))",0.23263948634252501,0.23263948634252501,,1,0.0,9.900000000000002,0.029709808724891148,0.8942285434268225,False,False,0,1
"('INTERNAL', ('M3*sqrt(Abs(M0 + M1 + M2))', 'r'))",0.2282623813184506,0.2282623813184506,,1,0.0,9.900000000000002,0.02930562938697049,0.8933655016040837,False,False,0,1
"('INTERNAL', ('M4*sqrt(Abs(M3 + sqrt(Abs(M0*M1 - M2))))', 'sqrt(Abs(i))'))",0.22508367432938597,0.22508367432938597,,1,0.0,9.900000000000002,0.02901415049351659,0.8927360119909626,False,False,0,1
"('INTERNAL', ('M1*s + s*Abs(M0)**(1/4)', 'M0'))",0.2241381834567697,0.2241381834567697,,1,0.0,9.900000000000002,0.028927782472041506,0.8925483278391619,False,False,0,1
"('INTERNAL', ('M0*s + M1*s', 'M0*M1'))",0.21724694678186457,0.21724694678186457,,1,0.0,9.900000000000002,0.02830286262881505,0.8911741981503839,False,False,0,1
"('INTERNAL', ('M1*sqrt(Abs(M0 + i))', 'M0'))",0.21698535650527032,0.21698535650527032,,1,0.0,9.900000000000002,0.02827929911540686,0.8911218215252706,False,False,0,1
"('INTERNAL', ('M0*M2*i + M1*M2*i', 'M0'))",0.21025859838321134,0.21025859838321134,,1,0.0,9.900000000000002,0.02767733643476755,0.8897695453100825,False,False,0,1
"('TERMINAL', ('s*sqrt(Abs(s + sqrt(Abs(B0 - i))))', 'sqrt(Abs(i))'))",0.20362535947675198,0.20362535947675198,,1,0.0,9.900000000000002,0.02709121083008078,0.8884258168313846,True,False,0,1
"('INTERNAL', ('M0*M1', '-M0 - M1 + r'))",0.20219073877631022,0.20219073877631022,,1,0.0,9.900000000000002,0.026965418198544085,0.8881338541105082,False,False,0,1
"('INTERNAL', ('M1*s + s*sqrt(Abs(M0 - 2*i))', '2*r'))",0.17797837343159054,0.17797837343159054,,1,0.0,9.900000000000002,0.024894343003635442,0.8831335680144389,False,False,0,1
"('INTERNAL', ('M0*M1 + M2', 'i'))",0.16667790339134228,0.16667790339134228,,1,0.0,9.900000000000002,0.02396110315728304,0.880752294092425,False,False,0,1
"('INTERNAL', ('M0*M1*M2 + M1*M2*i + M1*M2*s', 'M0*i'))",0.15369152424717547,0.15369152424717547,,1,0.0,9.900000000000002,0.022914663227536176,0.8779778834011611,False,False,0,1
"('INTERNAL', ('sqrt(Abs(M0 - i))', 'i'))",0.14570106563368643,0.14570106563368643,,1,0.0,9.900000000000002,0.022284553415304456,0.8762504795289775,False,False,0,1
"('INTERNAL', ('B0 - M0 - M1 + M2', 'i'))",0.1448869880919838,0.1448869880919838,,1,0.0,9.900000000000002,0.022220943336043884,0.8760736148337867,False,False,0,1
"('INTERNAL', ('M0*M3 - M1*M3 + M2*M3', 'r'))",0.10362798642501116,0.10362798642501116,,1,0.0,9.900000000000002,0.01913783640987007,0.8668946192513418,False,False,0,1
"('INTERNAL', ('-M1 - M2 + sqrt(Abs(M0))', 'M0'))",0.10048955007645179,0.10048955007645179,,1,0.0,9.900000000000002,0.01891452462895774,0.866178883783419,False,False,0,1
"('INTERNAL', ('M0*i', '-M0 + i'))",0.09664945767019123,0.09664945767019123,,1,0.0,9.900000000000002,0.018643424504777344,0.8652997099471651,False,False,0,1
"('INTERNAL', ('-M0 + M1 + s', 'i'))",0.09308717267998004,0.09308717267998004,,1,0.0,9.900000000000002,0.018394035679467326,0.8644807596395575,False,False,0,1
"('INTERNAL', ('M0*M1*M2*i - M3*i', 'sqrt(Abs(B0*M0 + B0*M1 + B0*M2 + B0*r))'))",0.08945191340281113,0.08945191340281113,,1,0.0,9.900000000000002,0.01814161631926785,0.8636416673807737,False,False,0,1
"('INTERNAL', ('M1 + sqrt(Abs(M0))', 'M0 + i'))",0.0882075767558613,0.0882075767558613,,1,0.0,9.900000000000002,0.01805569555865755,0.8633536657798883,False,False,0,1
"('INTERNAL', ('M0 + s', 'i'))",0.07880563563164206,0.07880563563164206,,1,0.0,9.900000000000002,0.017414412811440568,0.8611646130842076,False,False,0,1
"('INTERNAL', ('M1*s + s*Abs(M0)**(1/4)', '2*r'))",0.07350076048111949,0.07350076048111949,,1,0.0,9.900000000000002,0.01705873164245492,0.859919311836761,False,False,0,1
"('INTERNAL', ('-M0 + i**2', 'M0*M2 + M1*M2 - M3'))",0.0724404083010682,0.0724404083010682,,1,0.0,9.900000000000002,0.01698816765520297,0.8596695133826447,False,False,0,1
"('INTERNAL', ('-M1*M2 + M2*Abs(M0)**(1/4)', 'M0'))",0.07166162743924548,0.07166162743924548,,1,0.0,9.900000000000002,0.016936454003142108,0.8594858595351829,False,False,0,1
"('INTERNAL', ('-M0 + i**2', 'M0'))",0.053726465723703966,0.053726465723703966,,1,0.0,9.900000000000002,0.015771737592330193,0.8552119519527911,False,False,0,1
"('INTERNAL', ('-M1 + sqrt(Abs(M0))', 'r'))",0.05356568162701144,0.05356568162701144,,1,0.0,9.900000000000002,0.01576152278617701,0.8551732500225312,False,False,0,1
"('INTERNAL', ('B0 - M0*s', 'r'))",0.05356568162701144,0.05356568162701144,,1,0.0,9.900000000000002,0.01576152278617701,0.8551732500225312,False,False,0,1
"('INTERNAL', ('M0', 'r'))",0.04992902637119752,0.04992902637119752,,1,0.0,9.900000000000002,0.015531552310440937,0.8542960266345625,False,False,0,1
"('TERMINAL', ('B0 - i**2 + i', 'sqrt(Abs(i))'))",0.04901355189263779,0.04901355189263779,,1,0.0,9.900000000000002,0.01547398336906149,0.8540746383127338,True,False,0,1
"('INTERNAL', ('M0 + M1', 'M0 - M1 + i'))",0.04796162351535712,0.04796162351535712,,1,0.0,9.900000000000002,0.015407993713151246,0.8538199726881455,False,False,0,1
"('INTERNAL', ('-M1 + i - sqrt(Abs(M0))', 'sqrt(Abs(i))'))",0.045774144095072494,0.045774144095072494,,1,0.0,9.900000000000002,0.01527131623236181,0.8532894408854885,False,False,0,1
"('TERMINAL', ('B0 + i', 'sqrt(Abs(i))'))",0.045774144095072494,0.045774144095072494,,1,0.0,9.900000000000002,0.01527131623236181,0.8532894408854885,True,False,0,1
"('INTERNAL', ('B0 + B1*M0 + i', 'sqrt(Abs(i))'))",0.045774144095072494,0.045774144095072494,,1,0.0,9.900000000000002,0.01527131623236181,0.8532894408854885,False,False,0,1
"('INTERNAL', ('B0 - M0*M2 + M1*M2 + i', 'sqrt(Abs(i))'))",0.045774144095072494,0.045774144095072494,,1,0.0,9.900000000000002,0.01527131623236181,0.8532894408854885,False,False,0,1
"('INTERNAL', ('B0*i**2*s + M0*i', 'r'))",0.04477644809580798,0.04477644809580798,,1,0.0,9.900000000000002,0.015209223846366483,0.8530470391811176,False,False,0,1
"('INTERNAL', ('sqrt(Abs(M0 + M1 - M2 - M3))', 'i'))",0.03600175030465704,0.03600175030465704,,1,0.0,9.900000000000002,0.014669727853440267,0.8509034879744144,False,False,0,1
"('INTERNAL', ('B0*M0 + B1*i', 'M0 + M1 - M2 + i'))",0.03176492398191293,0.03176492398191293,,1,0.0,9.900000000000002,0.014413467218035587,0.8498609626320964,False,False,0,1
"('INTERNAL', ('sqrt(Abs(M0))', 'M0 + i'))",0.021042591023746202,0.021042591023746202,,1,0.0,9.900000000000002,0.013777187157545044,0.8472005185373014,False,False,0,1
"('INTERNAL', ('M0 - M1', 'M0 + i'))",0.012296417042746564,0.012296417042746564,,1,0.0,9.900000000000002,0.01327111041251902,0.845006753875217,False,False,0,1
"('INTERNAL', ('B0 - M0', 'sqrt(Abs(i))'))",0.004520121800008025,0.004520121800008025,,1,0.0,9.900000000000002,0.01283085168616484,0.8430382267961875,False,False,0,1
"('INTERNAL', ('B0 - M0 - M1 + i', 'sqrt(Abs(i))'))",0.004520121800008025,0.004520121800008025,,1,0.0,9.900000000000002,0.01283085168616484,0.8430382267961875,False,False,0,1
"('INTERNAL', ('M0*M1*i', 'M0 - M1'))",0.003653592376222836,0.003653592376222836,,1,0.0,9.900000000000002,0.012782355664570168,0.8428178112684084,False,False,0,1
"('INTERNAL', ('sqrt(Abs(-B0 + M1 + sqrt(Abs(M0))))', 'i'))",0.0032752126006795838,0.0032752126006795838,,1,0.0,9.900000000000002,0.01276121466463696,0.8427214975604844,False,False,0,1
"('TERMINAL', ('B0 + i', 'i + sqrt(Abs(i))'))",0.0022160477728095348,0.0022160477728095348,,1,0.0,9.900000000000002,0.01270215068296394,0.8424516790528078,True,False,0,1
"('INTERNAL', ('B0 - M1*sqrt(Abs(M0)) + i', 'sqrt(Abs(i))'))",0.0018902725256397402,0.0018902725256397402,,1,0.0,9.900000000000002,0.012684017739348555,0.8423686248713418,False,False,0,1
"('INTERNAL', ('sqrt(Abs(M0 + M1))', 'B0*M0'))",0.0008985549830325983,0.0008985549830325983,,1,0.0,9.900000000000002,0.012628915693092536,0.8421156074742053,False,False,0,1
"('INTERNAL', ('M0 - M1 - M2 - M3', 'sqrt(Abs(M0))'))",0.0007162173924423799,0.0007162173924423799,,1,0.0,9.900000000000002,0.012618800633818728,0.8420690571388681,False,False,0,1
"('INTERNAL', ('M0*i**2', 'M0'))",0.00026846150828509815,0.00026846150828509815,,1,0.0,9.900000000000002,0.012593982778623336,0.8419547060095456,False,False,0,1
"('INTERNAL', ('M0*i + M1*i', 'sqrt(Abs(M0))'))",2.0395123797251066e-06,2.0395123797251066e-06,,1,0.0,9.900000000000002,0.01257922998796229,0.8418866381423808,False,False,0,1
"('INTERNAL', ('M0*M1*M2*i', 'M0'))",1.6601441519399174e-07,1.6601441519399174e-07,,1,0.0,9.900000000000002,0.012579126282912363,0.8418861594128166,False,False,0,1
"('INTERNAL', ('-M0*M3 + M1*M3 - M2*M3 + M3*sqrt(Abs(s))', 'M0'))",9.736120489570787e-09,9.736120489570787e-09,,1,0.0,9.900000000000002,0.012579117632353788,0.8418861194794269,False,False,0,1
"('INTERNAL', ('B0*M4 + B1*M0*M3 + B1*M1*M3 + B1*M2*M3', 'Abs(M0)**(1/4)*Abs(M1)**(1/4)*Abs(M2)**(1/4)'))",7.665636180066842e-09,7.665636180066842e-09,,1,0.0,9.900000000000002,0.012579117517745153,0.8418861189503614,False,False,0,1
"('INTERNAL', ('-M0*M1 - M2 + i', 'sqrt(Abs(i))'))",6.075322435850159e-11,6.075322435850159e-11,,1,0.0,9.900000000000002,0.012579117096787962,0.841886117007105,False,False,0,1
"('INTERNAL', ('B0*M0*M2 + B0*M1*M2', 'sqrt(Abs(i))'))",8.7411905096767e-15,8.7411905096767e-15,,1,0.0,9.900000000000002,0.012579117093425546,0.8418861169915832,False,False,0,1
"('INTERNAL', ('sqrt(Abs(M1 + sqrt(Abs(M0))))', 'B0*r'))",6.243652815713494e-15,6.243652815713494e-15,,1,0.0,9.900000000000002,0.0125791170934254,0.8418861169915826,False,False,0,1
"('INTERNAL', ('sqrt(Abs(-M0*M1 + M2 + M3))', 'i'))",3.212519560512324e-15,3.212519560512324e-15,,1,0.0,9.900000000000002,0.012579117093425234,0.8418861169915818,False,False,0,1
"('INTERNAL', ('M0 + s', 'M0 + i'))",2.521809541425349e-17,2.521809541425349e-17,,1,0.0,9.900000000000002,0.01257911709342506,0.841886116991581,False,False,0,1
"('INTERNAL', ('sqrt(Abs(-B0 + M0 + i))', 'i'))",2.340064665718822e-20,2.340064665718822e-20,,1,0.0,9.900000000000002,0.01257911709342506,0.841886116991581,False,False,0,1
"('INTERNAL', ('sqrt(Abs(M0))*sqrt(Abs(M1))', 'M0'))",2.0042420751044437e-21,2.0042420751044437e-21,,1,0.0,9.900000000000002,0.01257911709342506,0.841886116991581,False,False,0,1
"('INTERNAL', ('sqrt(Abs(B0*s + M0))', 'B1*r'))",2.784561734620862e-22,2.784561734620862e-22,,1,0.0,9.900000000000002,0.01257911709342506,0.841886116991581,False,False,0,1
"('INTERNAL', ('M0*i + M1*i + M2*i', 'r'))",2.6670981339250713e-23,2.6670981339250713e-23,,1,0.0,9.900000000000002,0.01257911709342506,0.841886116991581,False,False,0,1
"('INTERNAL', ('sqrt(Abs(B0*sqrt(Abs(M0)) - M1 + M2))', 'B1*r'))",3.764343146354182e-40,3.764343146354182e-40,,1,0.0,9.900000000000002,0.01257911709342506,0.841886116991581,False,False,0,1
"('INTERNAL', ('M0', 'M1 + sqrt(Abs(M0))'))",1.0462044567000116e-50,1.0462044567000116e-50,,1,0.0,9.900000000000002,0.01257911709342506,0.841886116991581,False,False,0,1
"('INTERNAL', ('sqrt(Abs(M0))', 'M0*M2 + M1*M2'))",7.38089791117745e-53,7.38089791117745e-53,,1,0.0,9.900000000000002,0.01257911709342506,0.841886116991581,False,False,0,1
"('INTERNAL', ('sqrt(Abs(B0 - sqrt(Abs(M0))))', 'i'))",2.8446671628239337e-56,2.8446671628239337e-56,,1,0.0,9.900000000000002,0.01257911709342506,0.841886116991581,False,False,0,1
"('INTERNAL', ('M0 + M1 - M2 + M3', 'i'))",1.99354813374083e-61,1.99354813374083e-61,,1,0.0,9.900000000000002,0.01257911709342506,0.841886116991581,False,False,0,1
"('INTERNAL', ('-M0 - M1 + s', 'sqrt(Abs(i))'))",2.908910475743737e-83,2.908910475743737e-83,,1,0.0,9.900000000000002,0.01257911709342506,0.841886116991581,False,False,0,1
"('INTERNAL', ('-M0', 'sqrt(Abs(i))'))",2.908910475743737e-83,2.908910475743737e-83,,1,0.0,9.900000000000002,0.01257911709342506,0.841886116991581,False,False,0,1
"('TERMINAL', ('sqrt(Abs(i))', 'i'))",9.841375830750339e-85,9.841375830750339e-85,,1,0.0,9.900000000000002,0.01257911709342506,0.841886116991581,True,False,0,1
"('INTERNAL', ('Abs(M0)**(1/4)', 'i'))",1.2357989048345595e-86,1.2357989048345595e-86,,1,0.0,9.900000000000002,0.01257911709342506,0.841886116991581,False,False,0,1
"('INTERNAL', ('sqrt(Abs(M0))', 'M0*M2 - M1*M2'))",1.004772866490358e-87,1.004772866490358e-87,,1,0.0,9.900000000000002,0.01257911709342506,0.841886116991581,False,False,0,1
"('INTERNAL', ('sqrt(Abs(M0 + i))', 'B0*r'))",1.004772866490358e-87,1.004772866490358e-87,,1,0.0,9.900000000000002,0.01257911709342506,0.841886116991581,False,False,0,1
"('INTERNAL', ('sqrt(Abs(-M0 + M1 + i))', 'B0*r'))",1.004772866490358e-87,1.004772866490358e-87,,1,0.0,9.900000000000002,0.01257911709342506,0.841886116991581,False,False,0,1
"('INTERNAL', ('-M0 + i**2', 'B0*M0 - M1'))",6.384116698663e-90,6.384116698663e-90,,1,0.0,9.900000000000002,0.01257911709342506,0.841886116991581,False,False,0,1
"('INTERNAL', ('B0 - M1 - M2 - sqrt(Abs(M0))*sqrt(Abs(s))', 'M0'))",9.981436194550854e-94,9.981436194550854e-94,,1,0.0,9.900000000000002,0.01257911709342506,0.841886116991581,False,False,0,1
"('INTERNAL', ('sqrt(Abs(B0*M0*M1 - M2 + M3))', 'B1*r'))",6.772215903070705e-96,6.772215903070705e-96,,1,0.0,9.900000000000002,0.01257911709342506,0.841886116991581,False,False,0,1
"('INTERNAL', ('sqrt(Abs(M0*M1 - M2))', 'i'))",1.5971753188632733e-106,1.5971753188632733e-106,,1,0.0,9.900000000000002,0.01257911709342506,0.841886116991581,False,False,0,1
"('INTERNAL', ('B0 - M0 - M1 - M2', 'sqrt(Abs(M0))'))",1.053803747094799e-169,1.053803747094799e-169,,1,0.0,9.900000000000002,0.01257911709342506,0.841886116991581,False,False,0,1
"('INTERNAL', ('B0*M2 + B1*M3 + B2*M0*M2 + B2*M1*M2', 'B3*Abs(M0)**(1/4)'))",9.005753778430489e-173,9.005753778430489e-173,,1,0.0,9.900000000000002,0.01257911709342506,0.841886116991581,False,False,0,1
"('INTERNAL', ('sqrt(Abs(M0 + M1))', 'i'))",1.3842636985466885e-191,1.3842636985466885e-191,,1,0.0,9.900000000000002,0.01257911709342506,0.841886116991581,False,False,0,1
"('INTERNAL', ('B0 + M0', 'i + sqrt(Abs(M0))'))",6.413724460855592e-199,6.413724460855592e-199,,1,0.0,9.900000000000002,0.01257911709342506,0.841886116991581,False,False,0,1
"('INTERNAL', ('M0 + M1 - M2', 'sqrt(Abs(M0))'))",2.6444549609784593e-219,2.6444549609784593e-219,,1,0.0,9.900000000000002,0.01257911709342506,0.841886116991581,False,False,0,1
"('INTERNAL', ('M0*M1*M2*i - M3*i', 'sqrt(Abs(B0*M0 + B0*M1 + B0*M2 + B0*M3))'))",9.289274895152512e-223,9.289274895152512e-223,,1,0.0,9.900000000000002,0.01257911709342506,0.841886116991581,False,False,0,1
"('INTERNAL', ('B0 + i**2', 'B1 + B2*sqrt(Abs(i)) - M0'))",2.8315522620752046e-225,2.8315522620752046e-225,,1,0.0,9.900000000000002,0.01257911709342506,0.841886116991581,False,False,0,1
"('INTERNAL', ('B0*M0*M2 + B0*M2*sqrt(Abs(i)) + B1*M1*M2', 'B2*M0'))",1.0221878605405057e-241,1.0221878605405057e-241,,1,0.0,9.900000000000002,0.01257911709342506,0.841886116991581,False,False,0,1
"('INTERNAL', ('-M1 - M2 + sqrt(Abs(M0))', 'sqrt(Abs(i))'))",1.3058380970549618e-245,1.3058380970549618e-245,,1,0.0,9.900000000000002,0.01257911709342506,0.841886116991581,False,False,0,1
"('INTERNAL', ('sqrt(Abs(M0))', 'B0*M0'))",7.808588744689155e-260,7.808588744689155e-260,,1,0.0,9.900000000000002,0.01257911709342506,0.841886116991581,False,False,0,1
"('INTERNAL', ('B0 - M0 - M1 - sqrt(Abs(i))*sqrt(Abs(s))', 'r'))",1.0453013126130733e-262,1.0453013126130733e-262,,1,0.0,9.900000000000002,0.01257911709342506,0.841886116991581,False,False,0,1
"('INTERNAL', ('sqrt(Abs(M0))*sqrt(Abs(M1))', 'M0*M1'))",4.8700746560106916e-276,4.8700746560106916e-276,,1,0.0,9.900000000000002,0.01257911709342506,0.841886116991581,False,False,0,1
"('INTERNAL', ('M0', 'M0*M1 + i'))",2.711555632101802e-277,2.711555632101802e-277,,1,0.0,9.900000000000002,0.01257911709342506,0.841886116991581,False,False,0,1
"('INTERNAL', ('Abs(M0)**(1/4)', 'M0'))",2.4335586492057226e-277,2.4335586492057226e-277,,1,0.0,9.900000000000002,0.01257911709342506,0.841886116991581,False,False,0,1
"('INTERNAL', ('sqrt(Abs(M1 + sqrt(Abs(M0))))', 'M0*M1'))",8.80901891094493e-278,8.80901891094493e-278,,1,0.0,9.900000000000002,0.01257911709342506,0.841886116991581,False,False,0,1
"('INTERNAL', ('M0 - M1', 'sqrt(Abs(r))'))",2.960176174074502e-280,2.960176174074502e-280,,1,0.0,9.900000000000002,0.01257911709342506,0.841886116991581,False,False,0,1
"('INTERNAL', ('-M0 + s', 'M0'))",9.368304259518231e-281,9.368304259518231e-281,,1,0.0,9.900000000000002,0.01257911709342506,0.841886116991581,False,False,0,1
"('INTERNAL', ('i', 'M0'))",0.0,0.0,,1,0.0,9.900000000000002,0.01257911709342506,0.841886116991581,False,False,0,1
"('INTERNAL', ('M0 + M1', 'M0'))",0.0,0.0,,1,0.0,9.900000000000002,0.01257911709342506,0.841886116991581,False,False,0,1
"('INTERNAL', ('M0', 'B0'))",0.0,0.0,,1,0.0,9.900000000000002,0.01257911709342506,0.841886116991581,True,True,0,1
"('INTERNAL', ('M0', 'M0 - M1'))",0.0,0.0,,1,0.0,9.900000000000002,0.01257911709342506,0.841886116991581,False,False,0,1
"('INTERNAL', ('M0', 'sqrt(Abs(M0))'))",0.0,0.0,,1,0.0,9.900000000000002,0.01257911709342506,0.841886116991581,False,False,0,1
"('INTERNAL', ('-M0 + i', 'M0'))",0.0,0.0,,1,0.0,9.900000000000002,0.01257911709342506,0.841886116991581,False,False,0,1
"('INTERNAL', ('B0 - M0', 'M0'))",0.0,0.0,,1,0.0,9.900000000000002,0.01257911709342506,0.841886116991581,False,False,0,1
"('INTERNAL', ('M0 + M1 - M2', 'M0'))",0.0,0.0,,1,0.0,9.900000000000002,0.01257911709342506,0.841886116991581,False,False,0,1
"('INTERNAL', ('-M1 + sqrt(Abs(M0))', 'M0'))",0.0,0.0,,1,0.0,9.900000000000002,0.01257911709342506,0.841886116991581,False,False,0,1
"('INTERNAL', ('M0 - M1', 'B0'))",0.0,0.0,,1,0.0,9.900000000000002,0.01257911709342506,0.841886116991581,True,True,0,1
"('INTERNAL', ('M0 - M1', 'M0 - M1'))",0.0,0.0,,1,0.0,9.900000000000002,0.01257911709342506,0.841886116991581,False,False,0,1
"('INTERNAL', ('B0*M0 - M1', 'M0'))",0.0,0.0,,1,0.0,9.900000000000002,0.01257911709342506,0.841886116991581,False,False,0,1
"('INTERNAL', ('M1*sqrt(Abs(M0)) - M2', 'M0'))",0.0,0.0,,1,0.0,9.900000000000002,0.01257911709342506,0.841886116991581,False,False,0,1
"('INTERNAL', ('M0*M1 - M2', 'B0'))",0.0,0.0,,1,0.0,9.900000000000002,0.01257911709342506,0.841886116991581,True,True,0,1
"('INTERNAL', ('B0*i - M0', 'M0'))",0.0,0.0,,1,0.0,9.900000000000002,0.01257911709342506,0.841886116991581,False,False,0,1
"('INTERNAL', ('M0*i + M1*i - M2', 'M0'))",0.0,0.0,,1,0.0,9.900000000000002,0.01257911709342506,0.841886116991581,False,False,0,1
"('INTERNAL', ('M0*i - M1*i - M2', 'M0'))",0.0,0.0,,1,0.0,9.900000000000002,0.01257911709342506,0.841886116991581,False,False,0,1
"('INTERNAL', ('M0*i - M1', 'i'))",0.0,0.0,,1,0.0,9.900000000000002,0.01257911709342506,0.841886116991581,False,False,0,1
"('INTERNAL', ('M0*i - M1', 'B0'))",0.0,0.0,,1,0.0,9.900000000000002,0.01257911709342506,0.841886116991581,True,True,0,1
"('INTERNAL', ('M0*i - M1', 'sqrt(Abs(M0))'))",0.0,0.0,,1,0.0,9.900000000000002,0.01257911709342506,0.841886116991581,False,False,0,1
"('INTERNAL', ('B0*i - M0', 'M0 - M1'))",0.0,0.0,,1,0.0,9.900000000000002,0.01257911709342506,0.841886116991581,False,False,0,1
"('INTERNAL', ('M0*i + M1*i - M2', 'M0 - M1'))",0.0,0.0,,1,0.0,9.900000000000002,0.01257911709342506,0.841886116991581,False,False,0,1
"('INTERNAL', ('-M1 + i*sqrt(Abs(M0))', 'M0 - M1'))",0.0,0.0,,1,0.0,9.900000000000002,0.01257911709342506,0.841886116991581,False,False,0,1
"('INTERNAL', ('M0*i - M1', '-M0 + r'))",0.0,0.0,,1,0.0,9.900000000000002,0.01257911709342506,0.841886116991581,False,False,0,1
"('INTERNAL', ('M0*i - M1', 'M0 + M1 - M2'))",0.0,0.0,,1,0.0,9.900000000000002,0.01257911709342506,0.841886116991581,False,False,0,1
"('INTERNAL', ('M0*i - M1', 'M0 - M1 - M2'))",0.0,0.0,,1,0.0,9.900000000000002,0.01257911709342506,0.841886116991581,False,False,0,1
"('INTERNAL', ('i**2 - s', 'M0 - M1'))",0.0,0.0,,1,0.0,9.900000000000002,0.01257911709342506,0.841886116991581,False,False,0,1
"('INTERNAL', ('i**2 - i', 'M0 - M1'))",0.0,0.0,,1,0.0,9.900000000000002,0.01257911709342506,0.841886116991581,False,False,0,1
"('INTERNAL', ('B0 + i**2', 'M0 - M1'))",0.0,0.0,,1,0.0,9.900000000000002,0.01257911709342506,0.841886116991581,False,False,0,1
"('INTERNAL', ('-M0 - M1 + i**2', 'M0 - M1'))",0.0,0.0,,1,0.0,9.900000000000002,0.01257911709342506,0.841886116991581,False,False,0,1
"('INTERNAL', ('-M0 + M1 + i**2', 'M0 - M1'))",0.0,0.0,,1,0.0,9.900000000000002,0.01257911709342506,0.841886116991581,False,False,0,1
"('INTERNAL', ('-M0 + i**2', '-M0 + r'))",0.0,0.0,,1,0.0,9.900000000000002,0.01257911709342506,0.841886116991581,False,False,0,1
"('INTERNAL', ('-M0 + i**2', 'M0 + M1 - M2'))",0.0,0.0,,1,0.0,9.900000000000002,0.01257911709342506,0.841886116991581,False,False,0,1
"('INTERNAL', ('-M0 + i**2', 'M0 - M1 - M2'))",0.0,0.0,,1,0.0,9.900000000000002,0.01257911709342506,0.841886116991581,False,False,0,1
"('INTERNAL', ('-M0 + i**2', '-M1 + sqrt(Abs(M0))'))",0.0,0.0,,1,0.0,9.900000000000002,0.01257911709342506,0.841886116991581,False,False,0,1
"('INTERNAL', ('-M0 + M1 + i**2', 'M0*M1 - M2'))",0.0,0.0,,1,0.0,9.900000000000002,0.01257911709342506,0.841886116991581,False,False,0,1
"('INTERNAL', ('-M0*M1 + i**2', 'M0*M1 - M2'))",0.0,0.0,,1,0.0,9.900000000000002,0.01257911709342506,0.841886116991581,False,False,0,1
"('INTERNAL', ('i**2 - sqrt(Abs(M0))', 'M0*M1 - M2'))",0.0,0.0,,1,0.0,9.900000000000002,0.01257911709342506,0.841886116991581,False,False,0,1
"('INTERNAL', ('-M0 + i**2', 'M0*i - M1'))",0.0,0.0,,1,0.0,9.900000000000002,0.01257911709342506,0.841886116991581,False,False,0,1
"('INTERNAL', ('-M0 + i**2', 'M0*r - M1'))",0.0,0.0,,1,0.0,9.900000000000002,0.01257911709342506,0.841886116991581,False,False,0,1
"('INTERNAL', ('-M0 + i**2', 'M0*M2 - M1*M2 - M3'))",0.0,0.0,,1,0.0,9.900000000000002,0.01257911709342506,0.841886116991581,False,False,0,1
"('INTERNAL', ('B0 + i**2', 'M0*i - M1'))",0.0,0.0,,1,0.0,9.900000000000002,0.01257911709342506,0.841886116991581,False,False,0,1
"('INTERNAL', ('B0 + i**2', 'M0*r - M1'))",0.0,0.0,,1,0.0,9.900000000000002,0.01257911709342506,0.841886116991581,False,False,0,1
"('INTERNAL', ('B0 + i**2', 'M0*M2 - M1*M2 - M3'))",0.0,0.0,,1,0.0,9.900000000000002,0.01257911709342506,0.841886116991581,False,False,0,1
"('INTERNAL', ('B0 + i**2', 'M1*sqrt(Abs(M0)) - M2'))",0.0,0.0,,1,0.0,9.900000000000002,0.01257911709342506,0.841886116991581,False,False,0,1
"('INTERNAL', ('B0 + i**2', 'B1*r - M0'))",0.0,0.0,,1,0.0,9.900000000000002,0.01257911709342506,0.841886116991581,False,False,0,1
"('INTERNAL', ('B0 + i**2', 'B1 - M0'))",0.0,0.0,,1,0.0,9.900000000000002,0.01257911709342506,0.841886116991581,False,False,0,1
"('INTERNAL', ('B0 + i**2', 'B1*M0*M1 - M2'))",0.0,0.0,,1,0.0,9.900000000000002,0.01257911709342506,0.841886116991581,False,False,0,1
"('INTERNAL', ('B0 + i**2', 'B1*sqrt(Abs(M0)) - M1'))",0.0,0.0,,1,0.0,9.900000000000002,0.01257911709342506,0.841886116991581,False,False,0,1
"('INTERNAL', ('B0 + i**2', 'B1*M0 + B1*i - M1'))",0.0,0.0,,1,0.0,9.900000000000002,0.01257911709342506,0.841886116991581,False,False,0,1
"('INTERNAL', ('B0 + i**2', 'B1*M0 + B1*r - M1'))",0.0,0.0,,1,0.0,9.900000000000002,0.01257911709342506,0.841886116991581,False,False,0,1
"('INTERNAL', ('B0 + i**2', 'B1*M0 + B1*M1 + B1*M2 - M3'))",0.0,0.0,,1,0.0,9.900000000000002,0.01257911709342506,0.841886116991581,False,False,0,1
"('INTERNAL', ('B0 + i**2', 'B1*M0*M1 + B1*M2 - M3'))",0.0,0.0,,1,0.0,9.900000000000002,0.01257911709342506,0.841886116991581,False,False,0,1
"('INTERNAL', ('B0 + i**2', 'B1*M0 + B1*sqrt(Abs(r)) - M1'))",0.0,0.0,,1,0.0,9.900000000000002,0.01257911709342506,0.841886116991581,False,False,0,1
"('INTERNAL', ('B0 + i**2', 'B1*M2 + B1*sqrt(Abs(M0 + M1)) - M3'))",0.0,0.0,,1,0.0,9.900000000000002,0.01257911709342506,0.841886116991581,False,False,0,1
"('INTERNAL', ('B0 + i**2', 'B1*M1 + B1*Abs(M0)**(1/4) - M2'))",0.0,0.0,,1,0.0,9.900000000000002,0.01257911709342506,0.841886116991581,False,False,0,1
"('INTERNAL', ('B0 + i**2', 'B1*r + B1*sqrt(Abs(i)) - M0'))",0.0,0.0,,1,0.0,9.900000000000002,0.01257911709342506,0.841886116991581,False,False,0,1
"('INTERNAL', ('M0*M1', 'B0'))",0.0,0.0,,1,0.0,9.900000000000002,0.01257911709342506,0.841886116991581,True,True,0,1
"('INTERNAL', ('M0*M1', 'sqrt(Abs(M0))'))",0.0,0.0,,1,0.0,9.900000000000002,0.01257911709342506,0.841886116991581,False,False,0,1
"('INTERNAL', ('i', 'M0 + M1'))",0.0,0.0,,1,0.0,9.900000000000002,0.01257911709342506,0.841886116991581,False,False,0,1
"('INTERNAL', ('M0', 'M0 + r'))",0.0,0.0,,1,0.0,9.900000000000002,0.01257911709342506,0.841886116991581,False,False,0,1
"('INTERNAL', ('i', 'M0 + i'))",0.0,0.0,,1,0.0,9.900000000000002,0.01257911709342506,0.841886116991581,False,False,0,1
"('INTERNAL', ('M0', '2*i'))",0.0,0.0,,1,0.0,9.900000000000002,0.01257911709342506,0.841886116991581,False,False,0,1
"('INTERNAL', ('M0', 'i + r'))",0.0,0.0,,1,0.0,9.900000000000002,0.01257911709342506,0.841886116991581,False,False,0,1
"('INTERNAL', ('M0', 'i + sqrt(Abs(M0))'))",0.0,0.0,,1,0.0,9.900000000000002,0.01257911709342506,0.841886116991581,False,False,0,1
"('INTERNAL', ('M0 + i', 'M0 + i'))",0.0,0.0,,1,0.0,9.900000000000002,0.01257911709342506,0.841886116991581,False,False,0,1
"('INTERNAL', ('M0 + M1', 'i + r'))",0.0,0.0,,1,0.0,9.900000000000002,0.01257911709342506,0.841886116991581,False,False,0,1
"('INTERNAL', ('M0 + M1', 'M0 + M1 + i'))",0.0,0.0,,1,0.0,9.900000000000002,0.01257911709342506,0.841886116991581,False,False,0,1
"('INTERNAL', ('B0 + M0 - M1', 'M0 + i'))",0.0,0.0,,1,0.0,9.900000000000002,0.01257911709342506,0.841886116991581,False,False,0,1
"('INTERNAL', ('B0 + M0', 'i + r'))",0.0,0.0,,1,0.0,9.900000000000002,0.01257911709342506,0.841886116991581,False,False,0,1
"('INTERNAL', ('B0 + M0', 'M0*M1 + i'))",0.0,0.0,,1,0.0,9.900000000000002,0.01257911709342506,0.841886116991581,False,False,0,1
"('TERMINAL', ('B0 + i', 'i + r'))",0.0,0.0,,1,0.0,9.900000000000002,0.01257911709342506,0.841886116991581,True,False,0,1
"('TERMINAL', ('B0 + i', 'i + sqrt(Abs(r))'))",0.0,0.0,,1,0.0,9.900000000000002,0.01257911709342506,0.841886116991581,True,False,0,1
"('INTERNAL', ('B0 + i', 'i + sqrt(Abs(M0 + M1))'))",0.0,0.0,,1,0.0,9.900000000000002,0.01257911709342506,0.841886116991581,False,False,0,1
"('INTERNAL', ('B0 + i', 'i + sqrt(Abs(M0 - M1))'))",0.0,0.0,,1,0.0,9.900000000000002,0.01257911709342506,0.841886116991581,False,False,0,1
"('INTERNAL', ('B0 + i', 'i + Abs(M0)**(1/4)'))",0.0,0.0,,1,0.0,9.900000000000002,0.01257911709342506,0.841886116991581,False,False,0,1
"('INTERNAL', ('sqrt(Abs(s))', 'M0'))",0.0,0.0,,1,0.0,9.900000000000002,0.01257911709342506,0.841886116991581,False,False,0,1
"('INTERNAL', ('sqrt(Abs(i))', 'M0'))",0.0,0.0,,1,0.0,9.900000000000002,0.01257911709342506,0.841886116991581,False,False,0,1
"('INTERNAL', ('sqrt(Abs(C0))', 'M0'))",0.0,0.0,,1,0.0,9.900000000000002,0.01257911709342506,0.841886116991581,True,True,0,1
"('INTERNAL', ('sqrt(Abs(M0 + M1))', 'M0'))",0.0,0.0,,1,0.0,9.900000000000002,0.01257911709342506,0.841886116991581,False,False,0,1
"('INTERNAL', ('sqrt(Abs(M0 - M1))', 'M0'))",0.0,0.0,,1,0.0,9.900000000000002,0.01257911709342506,0.841886116991581,False,False,0,1
"('INTERNAL', ('sqrt(Abs(M0))', 'r'))",0.0,0.0,,1,0.0,9.900000000000002,0.01257911709342506,0.841886116991581,False,False,0,1
"('INTERNAL', ('sqrt(Abs(M0))', 'B0'))",0.0,0.0,,1,0.0,9.900000000000002,0.01257911709342506,0.841886116991581,True,True,0,1
"('INTERNAL', ('sqrt(Abs(M0))', 'M0 - M1'))",0.0,0.0,,1,0.0,9.900000000000002,0.01257911709342506,0.841886116991581,False,False,0,1
"('INTERNAL', ('sqrt(Abs(M0))', 'sqrt(Abs(M0))'))",0.0,0.0,,1,0.0,9.900000000000002,0.01257911709342506,0.841886116991581,False,False,0,1
"('INTERNAL', ('sqrt(Abs(s))', 'M0*M1'))",0.0,0.0,,1,0.0,9.900000000000002,0.01257911709342506,0.841886116991581,False,False,0,1
"('INTERNAL', ('sqrt(Abs(i))', 'M0*M1'))",0.0,0.0,,1,0.0,9.900000000000002,0.01257911709342506,0.841886116991581,False,False,0,1
"('INTERNAL', ('sqrt(Abs(C0))', 'M0*M1'))",0.0,0.0,,1,0.0,9.900000000000002,0.01257911709342506,0.841886116991581,True,True,0,1
"('INTERNAL', ('sqrt(Abs(M0 - M1))', 'M0*M1'))",0.0,0.0,,1,0.0,9.900000000000002,0.01257911709342506,0.841886116991581,False,False,0,1
"('INTERNAL', ('sqrt(Abs(M0))', 'M0*r'))",0.0,0.0,,1,0.0,9.900000000000002,0.01257911709342506,0.841886116991581,False,False,0,1
"('INTERNAL', ('sqrt(Abs(M0))', 'M1*sqrt(Abs(M0))'))",0.0,0.0,,1,0.0,9.900000000000002,0.01257911709342506,0.841886116991581,False,False,0,1
"('INTERNAL', ('sqrt(Abs(M0 + s))', 'M0*M1'))",0.0,0.0,,1,0.0,9.900000000000002,0.01257911709342506,0.841886116991581,False,False,0,1
"('INTERNAL', ('sqrt(Abs(M0 + i))', 'M0*M1'))",0.0,0.0,,1,0.0,9.900000000000002,0.01257911709342506,0.841886116991581,False,False,0,1
"('INTERNAL', ('sqrt(Abs(M0 + M1 + M2))', 'M0*M1'))",0.0,0.0,,1,0.0,9.900000000000002,0.01257911709342506,0.841886116991581,False,False,0,1
"('INTERNAL', ('sqrt(Abs(M0 - M1 + M2))', 'M0*M1'))",0.0,0.0,,1,0.0,9.900000000000002,0.01257911709342506,0.841886116991581,False,False,0,1
"('INTERNAL', ('sqrt(Abs(M0 + M1))', 'M0*i'))",0.0,0.0,,1,0.0,9.900000000000002,0.01257911709342506,0.841886116991581,False,False,0,1
"('INTERNAL', ('sqrt(Abs(M0 + M1))', 'M0*M2 + M1*M2'))",0.0,0.0,,1,0.0,9.900000000000002,0.01257911709342506,0.841886116991581,False,False,0,1
"('INTERNAL', ('sqrt(Abs(M0 + M1))', 'M0*M2 - M1*M2'))",0.0,0.0,,1,0.0,9.900000000000002,0.01257911709342506,0.841886116991581,False,False,0,1
"('INTERNAL', ('sqrt(Abs(M0 + M1))', 'M0*M1*M2'))",0.0,0.0,,1,0.0,9.900000000000002,0.01257911709342506,0.841886116991581,False,False,0,1
"('INTERNAL', ('sqrt(Abs(M0 + M1))', 'M1*sqrt(Abs(M0))'))",0.0,0.0,,1,0.0,9.900000000000002,0.01257911709342506,0.841886116991581,False,False,0,1
"('INTERNAL', ('sqrt(Abs(M0 + s))', 'M0*r'))",0.0,0.0,,1,0.0,9.900000000000002,0.01257911709342506,0.841886116991581,False,False,0,1
"('INTERNAL', ('sqrt(Abs(M0 + i))', 'M0*r'))",0.0,0.0,,1,0.0,9.900000000000002,0.01257911709342506,0.841886116991581,False,False,0,1
"('INTERNAL', ('sqrt(Abs(B0 + M0))', 'M0*r'))",0.0,0.0,,1,0.0,9.900000000000002,0.01257911709342506,0.841886116991581,False,False,0,1
"('INTERNAL', ('sqrt(Abs(M0 - M1 + M2))', 'M0*r'))",0.0,0.0,,1,0.0,9.900000000000002,0.01257911709342506,0.841886116991581,False,False,0,1
"('INTERNAL', ('sqrt(Abs(M1 + sqrt(Abs(M0))))', 'M0*r'))",0.0,0.0,,1,0.0,9.900000000000002,0.01257911709342506,0.841886116991581,False,False,0,1
"('INTERNAL', ('sqrt(Abs(M0 + M1))', 'i*r'))",0.0,0.0,,1,0.0,9.900000000000002,0.01257911709342506,0.841886116991581,False,False,0,1
"('INTERNAL', ('sqrt(Abs(M0 + M1))', 'r**2'))",0.0,0.0,,1,0.0,9.900000000000002,0.01257911709342506,0.841886116991581,False,False,0,1
"('INTERNAL', ('sqrt(Abs(M0 + M1))', 'M0*r + M1*r'))",0.0,0.0,,1,0.0,9.900000000000002,0.01257911709342506,0.841886116991581,False,False,0,1
"('INTERNAL', ('sqrt(Abs(M0 + M1))', 'M0*r - M1*r'))",0.0,0.0,,1,0.0,9.900000000000002,0.01257911709342506,0.841886116991581,False,False,0,1
"('INTERNAL', ('sqrt(Abs(M0 + M1))', 'M0*M1*r'))",0.0,0.0,,1,0.0,9.900000000000002,0.01257911709342506,0.841886116991581,False,False,0,1
"('INTERNAL', ('sqrt(Abs(M0 + M1))', 'r*sqrt(Abs(M0))'))",0.0,0.0,,1,0.0,9.900000000000002,0.01257911709342506,0.841886116991581,False,False,0,1
"('INTERNAL', ('sqrt(Abs(M0 + s))', 'B0*r'))",0.0,0.0,,1,0.0,9.900000000000002,0.01257911709342506,0.841886116991581,False,False,0,1
"('INTERNAL', ('sqrt(Abs(B0 + M0))', 'B1*r'))",0.0,0.0,,1,0.0,9.900000000000002,0.01257911709342506,0.841886116991581,False,False,0,1
"('INTERNAL', ('sqrt(Abs(M0 + M1 + M2))', 'B0*r'))",0.0,0.0,,1,0.0,9.900000000000002,0.01257911709342506,0.841886116991581,False,False,0,1
"('INTERNAL', ('sqrt(Abs(M0*M1 + M2))', 'B0*r'))",0.0,0.0,,1,0.0,9.900000000000002,0.01257911709342506,0.841886116991581,False,False,0,1
"('INTERNAL', ('sqrt(Abs(-M0 + M1 + s))', 'B0*r'))",0.0,0.0,,1,0.0,9.900000000000002,0.01257911709342506,0.841886116991581,False,False,0,1
"('INTERNAL', ('sqrt(Abs(M0 + M1 - M2 + M3))', 'B0*r'))",0.0,0.0,,1,0.0,9.900000000000002,0.01257911709342506,0.841886116991581,False,False,0,1
"('INTERNAL', ('sqrt(Abs(M0 - M1 - M2 + M3))', 'B0*r'))",0.0,0.0,,1,0.0,9.900000000000002,0.01257911709342506,0.841886116991581,False,False,0,1
"('INTERNAL', ('sqrt(Abs(M0*s - M1 + M2))', 'B0*r'))",0.0,0.0,,1,0.0,9.900000000000002,0.01257911709342506,0.841886116991581,False,False,0,1
"('INTERNAL', ('sqrt(Abs(M0*M2 + M1*M2 - M3 + M4))', 'B0*r'))",0.0,0.0,,1,0.0,9.900000000000002,0.01257911709342506,0.841886116991581,False,False,0,1
"('INTERNAL', ('sqrt(Abs(M0*M2 - M1*M2 - M3 + M4))', 'B0*r'))",0.0,0.0,,1,0.0,9.900000000000002,0.01257911709342506,0.841886116991581,False,False,0,1
"('INTERNAL', ('sqrt(Abs(M0*M1*M2 - M3 + M4))', 'B0*r'))",0.0,0.0,,1,0.0,9.900000000000002,0.01257911709342506,0.841886116991581,False,False,0,1
"('INTERNAL', ('sqrt(Abs(M1*sqrt(Abs(M0)) - M2 + M3))', 'B0*r'))",0.0,0.0,,1,0.0,9.900000000000002,0.01257911709342506,0.841886116991581,False,False,0,1
"('INTERNAL', ('M0*M1', 'M0 + M1 - M2'))",0.0,0.0,,1,0.0,9.900000000000002,0.01257911709342506,0.841886116991581,False,False,0,1
"('INTERNAL', ('M0*M1', 'M0 - M1 - M2'))",0.0,0.0,,1,0.0,9.900000000000002,0.01257911709342506,0.841886116991581,False,False,0,1
"('INTERNAL', ('B0', '-M0 + r'))",0.0,0.0,,1,0.0,9.900000000000002,0.01257911709342506,0.841886116991581,True,True,0,1
"('TERMINAL', ('B0', 'B1 + r'))",0.0,0.0,,1,0.0,9.900000000000002,0.01257911709342506,0.841886116991581,True,True,0,1
"('INTERNAL', ('M0*sqrt(Abs(i))', 'M0'))",0.0,0.0,,1,0.0,9.900000000000002,0.01257911709342506,0.841886116991581,False,False,0,1
"('INTERNAL', ('M2*sqrt(Abs(M0 - M1))', 'M0'))",0.0,0.0,,1,0.0,9.900000000000002,0.01257911709342506,0.841886116991581,False,False,0,1
"('INTERNAL', ('M1*sqrt(Abs(M0))', 'B0'))",0.0,0.0,,1,0.0,9.900000000000002,0.01257911709342506,0.841886116991581,True,True,0,1
"('INTERNAL', ('M1*sqrt(Abs(M0))', 'M0 + M1'))",0.0,0.0,,1,0.0,9.900000000000002,0.01257911709342506,0.841886116991581,False,False,0,1
"('INTERNAL', ('i*sqrt(Abs(s))', 'M0'))",0.0,0.0,,1,0.0,9.900000000000002,0.01257911709342506,0.841886116991581,False,False,0,1
"('INTERNAL', ('M0*sqrt(Abs(s)) - M1*sqrt(Abs(s))', 'M0'))",0.0,0.0,,1,0.0,9.900000000000002,0.01257911709342506,0.841886116991581,False,False,0,1
"('INTERNAL', ('M0*M1*sqrt(Abs(s))', 'M0'))",0.0,0.0,,1,0.0,9.900000000000002,0.01257911709342506,0.841886116991581,False,False,0,1
"('INTERNAL', ('sqrt(Abs(M0))*sqrt(Abs(s))', 'M0'))",0.0,0.0,,1,0.0,9.900000000000002,0.01257911709342506,0.841886116991581,False,False,0,1
"('INTERNAL', ('M0*sqrt(Abs(s))', 'B0'))",0.0,0.0,,1,0.0,9.900000000000002,0.01257911709342506,0.841886116991581,True,True,0,1
"('INTERNAL', ('M0*sqrt(Abs(s))', 'M0 + M1'))",0.0,0.0,,1,0.0,9.900000000000002,0.01257911709342506,0.841886116991581,False,False,0,1
"('INTERNAL', ('M0*sqrt(Abs(s))', 'M0 - M1'))",0.0,0.0,,1,0.0,9.900000000000002,0.01257911709342506,0.841886116991581,False,False,0,1
"('INTERNAL', ('M0*sqrt(Abs(s))', 'M0*M1'))",0.0,0.0,,1,0.0,9.900000000000002,0.01257911709342506,0.841886116991581,False,False,0,1
"('TERMINAL', ('i*sqrt(Abs(s))', 'r'))",0.0,0.0,,1,0.0,9.900000000000002,0.01257911709342506,0.841886116991581,True,False,0,1
"('INTERNAL', ('M0*sqrt(Abs(s)) + M1*sqrt(Abs(s))', 'r'))",0.0,0.0,,1,0.0,9.900000000000002,0.01257911709342506,0.841886116991581,False,False,0,1
"('INTERNAL', ('M0*sqrt(Abs(s)) - M1*sqrt(Abs(s))', 'r'))",0.0,0.0,,1,0.0,9.900000000000002,0.01257911709342506,0.841886116991581,False,False,0,1
"('INTERNAL', ('i', 'M0*M1'))",0.0,0.0,,1,0.0,9.900000000000002,0.01257911709342506,0.841886116991581,False,False,0,1
"('INTERNAL', ('M0 + M1', 'M0*M1'))",0.0,0.0,,1,0.0,9.900000000000002,0.01257911709342506,0.841886116991581,False,False,0,1
"('INTERNAL', ('M0', 'M0*M1*M2'))",0.0,0.0,,1,0.0,9.900000000000002,0.01257911709342506,0.841886116991581,False,False,0,1
"('INTERNAL', ('M0', 'M1*sqrt(Abs(M0))'))",0.0,0.0,,1,0.0,9.900000000000002,0.01257911709342506,0.841886116991581,False,False,0,1
"('INTERNAL', ('M0 - M1', 'M0*i'))",0.0,0.0,,1,0.0,9.900000000000002,0.01257911709342506,0.841886116991581,False,False,0,1
"('INTERNAL', ('M0', 'i*r'))",0.0,0.0,,1,0.0,9.900000000000002,0.01257911709342506,0.841886116991581,False,False,0,1
"('INTERNAL', ('M0', 'M0*M1*i'))",0.0,0.0,,1,0.0,9.900000000000002,0.01257911709342506,0.841886116991581,False,False,0,1
"('INTERNAL', ('M0*M1', 'i*r'))",0.0,0.0,,1,0.0,9.900000000000002,0.01257911709342506,0.841886116991581,False,False,0,1
"('TERMINAL', ('B0', 'i**2'))",0.0,0.0,,1,0.0,9.900000000000002,0.01257911709342506,0.841886116991581,True,True,0,1
"('INTERNAL', ('M0*M1 + M1*i', 'M0'))",0.0,0.0,,1,0.0,9.900000000000002,0.01257911709342506,0.841886116991581,False,False,0,1
"('INTERNAL', ('M0*M2 + M1*M2', 'B0'))",0.0,0.0,,1,0.0,9.900000000000002,0.01257911709342506,0.841886116991581,True,True,0,1
"('INTERNAL', ('M0*M2 + M1*M2', 'M0 + M1'))",0.0,0.0,,1,0.0,9.900000000000002,0.01257911709342506,0.841886116991581,False,False,0,1
"('INTERNAL', ('M0*M1 + M1*i', 'r'))",0.0,0.0,,1,0.0,9.900000000000002,0.01257911709342506,0.841886116991581,False,False,0,1
"('INTERNAL', ('M0*M3 + M1*M3 + M2*M3', 'r'))",0.0,0.0,,1,0.0,9.900000000000002,0.01257911709342506,0.841886116991581,False,False,0,1
"('INTERNAL', ('B0*M0 + M0*sqrt(Abs(s))', 'r'))",0.0,0.0,,1,0.0,9.900000000000002,0.01257911709342506,0.841886116991581,False,False,0,1
"('INTERNAL', ('B0*M1 + M1*Abs(M0)**(1/4)', 'r'))",0.0,0.0,,1,0.0,9.900000000000002,0.01257911709342506,0.841886116991581,False,False,0,1
"('INTERNAL', ('B0*M2 + M2*sqrt(Abs(M0*M1 - M1*i))', 'r'))",0.0,0.0,,1,0.0,9.900000000000002,0.01257911709342506,0.841886116991581,False,False,0,1
"('INTERNAL', ('i*s', 'sqrt(Abs(M0))'))",0.0,0.0,,1,0.0,9.900000000000002,0.01257911709342506,0.841886116991581,False,False,0,1
"('INTERNAL', ('M0*i - M1*i', 'sqrt(Abs(M0))'))",0.0,0.0,,1,0.0,9.900000000000002,0.01257911709342506,0.841886116991581,False,False,0,1
"('INTERNAL', ('i*sqrt(Abs(M0))', 'sqrt(Abs(M0))'))",0.0,0.0,,1,0.0,9.900000000000002,0.01257911709342506,0.841886116991581,False,False,0,1
"('INTERNAL', ('M0*i', 'sqrt(Abs(i))'))",0.0,0.0,,1,0.0,9.900000000000002,0.01257911709342506,0.841886116991581,False,False,0,1
"('INTERNAL', ('M0*i', 'sqrt(Abs(r))'))",0.0,0.0,,1,0.0,9.900000000000002,0.01257911709342506,0.841886116991581,False,False,0,1
"('INTERNAL', ('M0*i', 'sqrt(Abs(C0))'))",0.0,0.0,,1,0.0,9.900000000000002,0.01257911709342506,0.841886116991581,True,True,0,1
"('INTERNAL', ('M0*i', 'sqrt(Abs(M0 + M1))'))",0.0,0.0,,1,0.0,9.900000000000002,0.01257911709342506,0.841886116991581,False,False,0,1
"('INTERNAL', ('i**2', 'sqrt(Abs(M0))*sqrt(Abs(M1))'))",0.0,0.0,,1,0.0,9.900000000000002,0.01257911709342506,0.841886116991581,False,False,0,1
"('INTERNAL', ('i*sqrt(Abs(M0))', 'sqrt(Abs(M0))*sqrt(Abs(M1))'))",0.0,0.0,,1,0.0,9.900000000000002,0.01257911709342506,0.841886116991581,False,False,0,1
"('INTERNAL', ('M0*i', 'sqrt(Abs(M0))*sqrt(Abs(r))'))",0.0,0.0,,1,0.0,9.900000000000002,0.01257911709342506,0.841886116991581,False,False,0,1
"('INTERNAL', ('i*s', 'B0*sqrt(Abs(M0))'))",0.0,0.0,,1,0.0,9.900000000000002,0.01257911709342506,0.841886116991581,False,False,0,1
"('INTERNAL', ('M0*M1*i', 'B0*sqrt(Abs(M0))'))",0.0,0.0,,1,0.0,9.900000000000002,0.01257911709342506,0.841886116991581,False,False,0,1
"('INTERNAL', ('i*sqrt(Abs(M0))', 'B0*sqrt(Abs(M0))'))",0.0,0.0,,1,0.0,9.900000000000002,0.01257911709342506,0.841886116991581,False,False,0,1
"('INTERNAL', ('M0*i', 'sqrt(Abs(C0*C1))'))",0.0,0.0,,1,0.0,9.900000000000002,0.01257911709342506,0.841886116991581,True,True,0,1
"('INTERNAL', ('M0*i', 'sqrt(Abs(B0*M0 + B0*M1))'))",0.0,0.0,,1,0.0,9.900000000000002,0.01257911709342506,0.841886116991581,False,False,0,1
"('INTERNAL', ('M0*i', 'B0*sqrt(Abs(M0))*sqrt(Abs(M1))'))",0.0,0.0,,1,0.0,9.900000000000002,0.01257911709342506,0.841886116991581,False,False,0,1
"('INTERNAL', ('M0*M1*i - M2*i', 'B0*sqrt(Abs(M0))'))",0.0,0.0,,1,0.0,9.900000000000002,0.01257911709342506,0.841886116991581,False,False,0,1
"('INTERNAL', ('M0*i - M1*i', 'sqrt(Abs(C0*C1))'))",0.0,0.0,,1,0.0,9.900000000000002,0.01257911709342506,0.841886116991581,True,True,0,1
"('INTERNAL', ('-M0*i + i*s', 'sqrt(Abs(B0*M0 + B0*M1))'))",0.0,0.0,,1,0.0,9.900000000000002,0.01257911709342506,0.841886116991581,False,False,0,1
"('INTERNAL', ('M0*i - M1*i - M2*i', 'sqrt(Abs(B0*M0 + B0*M1))'))",0.0,0.0,,1,0.0,9.900000000000002,0.01257911709342506,0.841886116991581,False,False,0,1
"('INTERNAL', ('M0*M1*i - M2*i', 'sqrt(Abs(B0*M0 + B0*M1))'))",0.0,0.0,,1,0.0,9.900000000000002,0.01257911709342506,0.841886116991581,False,False,0,1
"('INTERNAL', ('M0*i - M1*i', 'sqrt(Abs(B0*M0 + B0*r))'))",0.0,0.0,,1,0.0,9.900000000000002,0.01257911709342506,0.841886116991581,False,False,0,1
"('INTERNAL', ('M0*i - M1*i', 'sqrt(Abs(B0 + B1*M0))'))",0.0,0.0,,1,0.0,9.900000000000002,0.01257911709342506,0.841886116991581,False,False,0,1
"('INTERNAL', ('M0*i - M1*i', 'sqrt(Abs(B0*M0 + B0*M2 + B1*M1))'))",0.0,0.0,,1,0.0,9.900000000000002,0.01257911709342506,0.841886116991581,False,False,0,1
"('INTERNAL', ('M0*i - M1*i', 'sqrt(Abs(B0*M1 + B0*sqrt(Abs(M0))))'))",0.0,0.0,,1,0.0,9.900000000000002,0.01257911709342506,0.841886116991581,False,False,0,1
"('INTERNAL', ('-M0*i + i*s', 'sqrt(Abs(B0*M0 + B0*M1 + B0*M2))'))",0.0,0.0,,1,0.0,9.900000000000002,0.01257911709342506,0.841886116991581,False,False,0,1
"('INTERNAL', ('M0*i + M1*i - M2*i', 'sqrt(Abs(B0*M0 + B0*M1 + B0*M2))'))",0.0,0.0,,1,0.0,9.900000000000002,0.01257911709342506,0.841886116991581,False,False,0,1
"('INTERNAL', ('M0*i - M1*i', 'sqrt(Abs(B0*M0 + B0*M1 + B0*i))'))",0.0,0.0,,1,0.0,9.900000000000002,0.01257911709342506,0.841886116991581,False,False,0,1
"('INTERNAL', ('M0*i - M1*i', 'sqrt(Abs(B0*M1 + B0*M2 + B0*sqrt(Abs(M0))))'))",0.0,0.0,,1,0.0,9.900000000000002,0.01257911709342506,0.841886116991581,False,False,0,1
"('INTERNAL', ('M0*i*s - M1*i', 'sqrt(Abs(B0*M0 + B0*M1 + B0*M2))'))",0.0,0.0,,1,0.0,9.900000000000002,0.01257911709342506,0.841886116991581,False,False,0,1
"('INTERNAL', ('M0*M2*i + M1*M2*i - M3*i', 'sqrt(Abs(B0*M0 + B0*M1 + B0*M2))'))",0.0,0.0,,1,0.0,9.900000000000002,0.01257911709342506,0.841886116991581,False,False,0,1
"('INTERNAL', ('M1*i*sqrt(Abs(M0)) - M2*i', 'sqrt(Abs(B0*M0 + B0*M1 + B0*M2))'))",0.0,0.0,,1,0.0,9.900000000000002,0.01257911709342506,0.841886116991581,False,False,0,1
"('INTERNAL', ('M0*i*s - M1*i', 'sqrt(Abs(B0*M0 + B0*M1 + B0*M2 + B0*M3))'))",0.0,0.0,,1,0.0,9.900000000000002,0.01257911709342506,0.841886116991581,False,False,0,1
"('INTERNAL', ('M0*i**2 - M1*i', 'sqrt(Abs(B0*M0 + B0*M1 + B0*M2 + B0*M3))'))",0.0,0.0,,1,0.0,9.900000000000002,0.01257911709342506,0.841886116991581,False,False,0,1
"('INTERNAL', ('B0*M0*i - M1*i', 'sqrt(Abs(B1*M0 + B1*M1 + B1*M2 + B1*M3))'))",0.0,0.0,,1,0.0,9.900000000000002,0.01257911709342506,0.841886116991581,False,False,0,1
"('INTERNAL', ('M0*M2*i - M1*M2*i - M3*i', 'sqrt(Abs(B0*M0 + B0*M1 + B0*M2 + B0*M3))'))",0.0,0.0,,1,0.0,9.900000000000002,0.01257911709342506,0.841886116991581,False,False,0,1
"('INTERNAL', ('M1*i*sqrt(Abs(M0)) - M2*i', 'sqrt(Abs(B0*M0 + B0*M1 + B0*M2 + B0*M3))'))",0.0,0.0,,1,0.0,9.900000000000002,0.01257911709342506,0.841886116991581,False,False,0,1
"('INTERNAL', ('M0*i*s - M1*i', 'sqrt(Abs(B0*M0 + B0*M1 + B0*M2 + B0*r))'))",0.0,0.0,,1,0.0,9.900000000000002,0.01257911709342506,0.841886116991581,False,False,0,1
"('INTERNAL', ('M0*i**2 - M1*i', 'sqrt(Abs(B0*M0 + B0*M1 + B0*M2 + B0*r))'))",0.0,0.0,,1,0.0,9.900000000000002,0.01257911709342506,0.841886116991581,False,False,0,1
"('INTERNAL', ('M0*M1*i - M2*i', 'sqrt(Abs(B0*M0 + B0*M1 + B0*i + B0*r))'))",0.0,0.0,,1,0.0,9.900000000000002,0.01257911709342506,0.841886116991581,False,False,0,1
"('INTERNAL', ('-M0*M1*i + M1*i*s - M2*i', 'sqrt(Abs(B0*M0 + B0*M1 + B0*M2 + B0*r))'))",0.0,0.0,,1,0.0,9.900000000000002,0.01257911709342506,0.841886116991581,False,False,0,1
"('INTERNAL', ('M0*M3*i + M1*M3*i - M2*M3*i - M4*i', 'sqrt(Abs(B0*M0 + B0*M1 + B0*M2 + B0*r))'))",0.0,0.0,,1,0.0,9.900000000000002,0.01257911709342506,0.841886116991581,False,False,0,1
"('INTERNAL', ('M0*M3*i - M1*M3*i - M2*M3*i - M4*i', 'sqrt(Abs(B0*M0 + B0*M1 + B0*M2 + B0*r))'))",0.0,0.0,,1,0.0,9.900000000000002,0.01257911709342506,0.841886116991581,False,False,0,1
"('INTERNAL', ('M0*M1*M3*i - M2*M3*i - M4*i', 'sqrt(Abs(B0*M0 + B0*M1 + B0*M2 + B0*r))'))",0.0,0.0,,1,0.0,9.900000000000002,0.01257911709342506,0.841886116991581,False,False,0,1
"('INTERNAL', ('-M1*M2*i + M2*i*sqrt(Abs(M0)) - M3*i', 'sqrt(Abs(B0*M0 + B0*M1 + B0*M2 + B0*r))'))",0.0,0.0,,1,0.0,9.900000000000002,0.01257911709342506,0.841886116991581,False,False,0,1
"('INTERNAL', ('M0*M2*i - M1*M2*i - M3*i', 'sqrt(Abs(B0 + B1*M0 + B1*M1 + B1*r))'))",0.0,0.0,,1,0.0,9.900000000000002,0.01257911709342506,0.841886116991581,False,False,0,1
"('INTERNAL', ('B0*M0*i - M0*i*s - M1*i', 'sqrt(Abs(B1*M0 + B1*M1 + B1*M2 + B1*r))'))",0.0,0.0,,1,0.0,9.900000000000002,0.01257911709342506,0.841886116991581,False,False,0,1
"('INTERNAL', ('B0*M1*i - M0*M1*i - M2*i', 'sqrt(Abs(B1*M0 + B1*M1 + B2*r))'))",0.0,0.0,,1,0.0,9.900000000000002,0.01257911709342506,0.841886116991581,False,False,0,1
"('INTERNAL', ('B0*M1*i - M0*M1*i - M2*i', 'sqrt(Abs(B1 + B2*M0 + B2*M1 + B2*r))'))",0.0,0.0,,1,0.0,9.900000000000002,0.01257911709342506,0.841886116991581,False,False,0,1
"('INTERNAL', ('B0*i*s - M0*i - i**2*s', 'sqrt(Abs(B1*M0 + B1*M1 + B1*M2 + B1*r))'))",0.0,0.0,,1,0.0,9.900000000000002,0.01257911709342506,0.841886116991581,False,False,0,1
"('INTERNAL', ('B0*M0*i - M0*i**2 - M1*i', 'sqrt(Abs(B1*M0 + B1*M1 + B2*r))'))",0.0,0.0,,1,0.0,9.900000000000002,0.01257911709342506,0.841886116991581,False,False,0,1
"('INTERNAL', ('B0*M0*i - M0*i**2 - M1*i', 'sqrt(Abs(B1 + B2*M0 + B2*M1 + B2*r))'))",0.0,0.0,,1,0.0,9.900000000000002,0.01257911709342506,0.841886116991581,False,False,0,1
"('INTERNAL', ('B0*i + B1*i**2 - i*s', 'sqrt(Abs(B2*M0 + B2*M1 + B2*M2 + B2*r))'))",0.0,0.0,,1,0.0,9.900000000000002,0.01257911709342506,0.841886116991581,False,False,0,1
"('INTERNAL', ('B0*i + B1*i**2 - M0*i', 'sqrt(Abs(B2 + B3*M0 + B3*M1 + B3*r))'))",0.0,0.0,,1,0.0,9.900000000000002,0.01257911709342506,0.841886116991581,False,False,0,1
"('INTERNAL', ('M0*M1*M2', 'B0'))",0.0,0.0,,1,0.0,9.900000000000002,0.01257911709342506,0.841886116991581,True,True,0,1
"('INTERNAL', ('M1*i*sqrt(Abs(M0))', 'M0'))",0.0,0.0,,1,0.0,9.900000000000002,0.01257911709342506,0.841886116991581,False,False,0,1
"('INTERNAL', ('M0*M1*i', 'B0'))",0.0,0.0,,1,0.0,9.900000000000002,0.01257911709342506,0.841886116991581,True,True,0,1
"('INTERNAL', ('B0*M0*M1*i', 'M0'))",0.0,0.0,,1,0.0,9.900000000000002,0.01257911709342506,0.841886116991581,False,False,0,1
"('INTERNAL', ('B0*M0*i', 'B1'))",0.0,0.0,,1,0.0,9.900000000000002,0.01257911709342506,0.841886116991581,True,True,0,1
"('INTERNAL', ('M0*s - M1*s', 'M0'))",0.0,0.0,,1,0.0,9.900000000000002,0.01257911709342506,0.841886116991581,False,False,0,1
"('INTERNAL', ('M0*s', 'B0'))",0.0,0.0,,1,0.0,9.900000000000002,0.01257911709342506,0.841886116991581,True,True,0,1
"('INTERNAL', ('M0*s', 'sqrt(Abs(M0))'))",0.0,0.0,,1,0.0,9.900000000000002,0.01257911709342506,0.841886116991581,False,False,0,1
"('INTERNAL', ('M0*s + M1*s', 'r'))",0.0,0.0,,1,0.0,9.900000000000002,0.01257911709342506,0.841886116991581,False,False,0,1
"('INTERNAL', ('M0*s + M1*s', 'B0'))",0.0,0.0,,1,0.0,9.900000000000002,0.01257911709342506,0.841886116991581,True,True,0,1
"('INTERNAL', ('M1*s + s*sqrt(Abs(M0))', 'B0'))",0.0,0.0,,1,0.0,9.900000000000002,0.01257911709342506,0.841886116991581,True,True,0,1
"('INTERNAL', ('M0*s + s*sqrt(Abs(i))', 'M0 + M1'))",0.0,0.0,,1,0.0,9.900000000000002,0.01257911709342506,0.841886116991581,False,False,0,1
"('INTERNAL', ('M1*s + s*sqrt(Abs(M0))', 'M1 + sqrt(Abs(M0))'))",0.0,0.0,,1,0.0,9.900000000000002,0.01257911709342506,0.841886116991581,False,False,0,1
"('INTERNAL', ('M0*s + s*sqrt(Abs(i))', 'M0 + r'))",0.0,0.0,,1,0.0,9.900000000000002,0.01257911709342506,0.841886116991581,False,False,0,1
"('INTERNAL', ('B0*s + M0*s', 'M0 + r'))",0.0,0.0,,1,0.0,9.900000000000002,0.01257911709342506,0.841886116991581,False,False,0,1
"('INTERNAL', ('M2*s + s*sqrt(Abs(M0 + M1))', 'M0 + r'))",0.0,0.0,,1,0.0,9.900000000000002,0.01257911709342506,0.841886116991581,False,False,0,1
"('INTERNAL', ('M1*s + s*sqrt(Abs(M0))', 'M0 - M1 + r'))",0.0,0.0,,1,0.0,9.900000000000002,0.01257911709342506,0.841886116991581,False,False,0,1
"('INTERNAL', ('M1*s + s*sqrt(Abs(M0))', 'r + sqrt(Abs(M0))'))",0.0,0.0,,1,0.0,9.900000000000002,0.01257911709342506,0.841886116991581,False,False,0,1
"('INTERNAL', ('M2*s + s*sqrt(Abs(M0 + M1))', '2*r'))",0.0,0.0,,1,0.0,9.900000000000002,0.01257911709342506,0.841886116991581,False,False,0,1
"('INTERNAL', ('M2*s + s*sqrt(Abs(M0))*sqrt(Abs(M1))', '2*r'))",0.0,0.0,,1,0.0,9.900000000000002,0.01257911709342506,0.841886116991581,False,False,0,1
"('INTERNAL', ('-M0*M1 + M1*s', 'M0'))",0.0,0.0,,1,0.0,9.900000000000002,0.01257911709342506,0.841886116991581,False,False,0,1
"('INTERNAL', ('M0*M3 - M1*M3 - M2*M3', 'M0'))",0.0,0.0,,1,0.0,9.900000000000002,0.01257911709342506,0.841886116991581,False,False,0,1
"('INTERNAL', ('M0*M2 - M1*M2', 'B0'))",0.0,0.0,,1,0.0,9.900000000000002,0.01257911709342506,0.841886116991581,True,True,0,1
"('INTERNAL', ('-M1*M2 + M2*sqrt(Abs(M0))', 'B0'))",0.0,0.0,,1,0.0,9.900000000000002,0.01257911709342506,0.841886116991581,True,True,0,1
"('INTERNAL', ('-M0*s + M0*sqrt(Abs(s))', 'M0'))",0.0,0.0,,1,0.0,9.900000000000002,0.01257911709342506,0.841886116991581,False,False,0,1
"('INTERNAL', ('-M0*M2 + M1*M2 + M2*sqrt(Abs(s))', 'M0'))",0.0,0.0,,1,0.0,9.900000000000002,0.01257911709342506,0.841886116991581,False,False,0,1
"('INTERNAL', ('-M0*M1 + M1*sqrt(Abs(s))', 'B0'))",0.0,0.0,,1,0.0,9.900000000000002,0.01257911709342506,0.841886116991581,True,True,0,1
"('INTERNAL', ('-M0*M1 - M1*i + M1*sqrt(Abs(s))', 'M0'))",0.0,0.0,,1,0.0,9.900000000000002,0.01257911709342506,0.841886116991581,False,False,0,1
"('INTERNAL', ('-M0*M3 - M1*M3 - M2*M3 + M3*sqrt(Abs(s))', 'M0'))",0.0,0.0,,1,0.0,9.900000000000002,0.01257911709342506,0.841886116991581,False,False,0,1
"('INTERNAL', ('-M0*M1*M3 - M2*M3 + M3*sqrt(Abs(s))', 'M0'))",0.0,0.0,,1,0.0,9.900000000000002,0.01257911709342506,0.841886116991581,False,False,0,1
"('INTERNAL', ('-M1*M2 - M2*sqrt(Abs(M0)) + M2*sqrt(Abs(s))', 'M0'))",0.0,0.0,,1,0.0,9.900000000000002,0.01257911709342506,0.841886116991581,False,False,0,1
"('INTERNAL', ('-M0*M2 - M1*M2 + M2*sqrt(Abs(s))', 'B0'))",0.0,0.0,,1,0.0,9.900000000000002,0.01257911709342506,0.841886116991581,True,True,0,1
"('INTERNAL', ('-M0*M2 - M1*M2 + M2*sqrt(Abs(s))', 'sqrt(Abs(M0))'))",0.0,0.0,,1,0.0,9.900000000000002,0.01257911709342506,0.841886116991581,False,False,0,1
"('INTERNAL', ('-M1*M2 - M2*sqrt(Abs(M0)) + M2*sqrt(Abs(s))', 'M0 - M1'))",0.0,0.0,,1,0.0,9.900000000000002,0.01257911709342506,0.841886116991581,False,False,0,1
"('INTERNAL', ('B0*M0 - M0*s + M0*sqrt(Abs(s))', 'M0 - M1'))",0.0,0.0,,1,0.0,9.900000000000002,0.01257911709342506,0.841886116991581,False,False,0,1
"('INTERNAL', ('B0*M1 - M0*M1 + M1*sqrt(Abs(s))', '-M0 + i'))",0.0,0.0,,1,0.0,9.900000000000002,0.01257911709342506,0.841886116991581,False,False,0,1
"('INTERNAL', ('B0*M1 - M0*M1 + M1*sqrt(Abs(s))', '-M0 + r'))",0.0,0.0,,1,0.0,9.900000000000002,0.01257911709342506,0.841886116991581,False,False,0,1
"('INTERNAL', ('B0*M0 - M0*i + M0*sqrt(Abs(s))', 'M0 + M1 - M2'))",0.0,0.0,,1,0.0,9.900000000000002,0.01257911709342506,0.841886116991581,False,False,0,1
"('INTERNAL', ('B0*M1 - M0*M1 + M1*sqrt(Abs(s))', 'M0 - M1 + M2 - M3'))",0.0,0.0,,1,0.0,9.900000000000002,0.01257911709342506,0.841886116991581,False,False,0,1
"('INTERNAL', ('B0*M0 - M0*i + M0*sqrt(Abs(s))', 'B1 + M0 - M1'))",0.0,0.0,,1,0.0,9.900000000000002,0.01257911709342506,0.841886116991581,False,False,0,1
"('INTERNAL', ('B0*M1 - M0*M1 + M1*sqrt(Abs(s))', 'B1 - M0 + r'))",0.0,0.0,,1,0.0,9.900000000000002,0.01257911709342506,0.841886116991581,False,False,0,1
"('INTERNAL', ('B0*M1 - M0*M1 + M1*sqrt(Abs(s))', 'B1 + M0 + M1 - M2'))",0.0,0.0,,1,0.0,9.900000000000002,0.01257911709342506,0.841886116991581,False,False,0,1
"('INTERNAL', ('B0*M0 + M0*sqrt(Abs(s))', 'B1 + M0*M1 - M2'))",0.0,0.0,,1,0.0,9.900000000000002,0.01257911709342506,0.841886116991581,False,False,0,1
"('INTERNAL', ('B0*M1 - M0*M1 + M1*sqrt(Abs(s))', 'B1 + M0*M2 - M1*M2 - M3'))",0.0,0.0,,1,0.0,9.900000000000002,0.01257911709342506,0.841886116991581,False,False,0,1
"('INTERNAL', ('B0*M0 + M0*sqrt(Abs(s))', 'B1 + M0*i - M1'))",0.0,0.0,,1,0.0,9.900000000000002,0.01257911709342506,0.841886116991581,False,False,0,1
"('INTERNAL', ('B0*M0 + M0*sqrt(Abs(s))', 'B1 - M0 + i*r'))",0.0,0.0,,1,0.0,9.900000000000002,0.01257911709342506,0.841886116991581,False,False,0,1
"('INTERNAL', ('B0*M0 - M0*i + M0*sqrt(Abs(s))', 'B1 + i*r - i'))",0.0,0.0,,1,0.0,9.900000000000002,0.01257911709342506,0.841886116991581,False,False,0,1
"('INTERNAL', ('M2*sqrt(Abs(M0 - M1))', 'r'))",0.0,0.0,,1,0.0,9.900000000000002,0.01257911709342506,0.841886116991581,False,False,0,1
"('INTERNAL', ('M1*Abs(M0)**(1/4)', 'r'))",0.0,0.0,,1,0.0,9.900000000000002,0.01257911709342506,0.841886116991581,False,False,0,1
"('INTERNAL', ('M1*sqrt(Abs(M0 + s))', 'r'))",0.0,0.0,,1,0.0,9.900000000000002,0.01257911709342506,0.841886116991581,False,False,0,1
"('INTERNAL', ('M1*sqrt(Abs(M0 + i))', 'r'))",0.0,0.0,,1,0.0,9.900000000000002,0.01257911709342506,0.841886116991581,False,False,0,1
"('INTERNAL', ('M3*sqrt(Abs(M0 - M1 + M2))', 'r'))",0.0,0.0,,1,0.0,9.900000000000002,0.01257911709342506,0.841886116991581,False,False,0,1
"('INTERNAL', ('M3*sqrt(Abs(M0*M1 + M2))', 'r'))",0.0,0.0,,1,0.0,9.900000000000002,0.01257911709342506,0.841886116991581,False,False,0,1
"('INTERNAL', ('M2*sqrt(Abs(M1 + sqrt(Abs(M0))))', 'r'))",0.0,0.0,,1,0.0,9.900000000000002,0.01257911709342506,0.841886116991581,False,False,0,1
"('TERMINAL', ('i*sqrt(Abs(B0 + s))', 'r'))",0.0,0.0,,1,0.0,9.900000000000002,0.01257911709342506,0.841886116991581,True,False,0,1
"('INTERNAL', ('M0*sqrt(Abs(B0 + s)) + M1*sqrt(Abs(B0 + s))', 'r'))",0.0,0.0,,1,0.0,9.900000000000002,0.01257911709342506,0.841886116991581,False,False,0,1
"('INTERNAL', ('M0*sqrt(Abs(B0 + s)) - M1*sqrt(Abs(B0 + s))', 'r'))",0.0,0.0,,1,0.0,9.900000000000002,0.01257911709342506,0.841886116991581,False,False,0,1
"('INTERNAL', ('B0*sqrt(Abs(M0))', 'B1'))",0.0,0.0,,1,0.0,9.900000000000002,0.01257911709342506,0.841886116991581,True,True,0,1
"('INTERNAL', ('B0*sqrt(Abs(M0))', 'sqrt(Abs(C0))'))",0.0,0.0,,1,0.0,9.900000000000002,0.01257911709342506,0.841886116991581,True,True,0,1
"('TERMINAL', ('B0*sqrt(Abs(s))', 'sqrt(Abs(C0 + C1))'))",0.0,0.0,,1,0.0,9.900000000000002,0.01257911709342506,0.841886116991581,True,True,0,1
"('TERMINAL', ('B0*sqrt(Abs(s))', 'sqrt(Abs(C0 + C1 - C2))'))",0.0,0.0,,1,0.0,9.900000000000002,0.01257911709342506,0.841886116991581,True,True,0,1
"('INTERNAL', ('M1 + sqrt(Abs(M0))', 'i'))",0.0,0.0,,1,0.0,9.900000000000002,0.01257911709342506,0.841886116991581,False,False,0,1
"('INTERNAL', ('-M1 + M2 + sqrt(Abs(M0))', 'i'))",0.0,0.0,,1,0.0,9.900000000000002,0.01257911709342506,0.841886116991581,False,False,0,1
"('INTERNAL', ('-M0 - M1 + M2 + i', 'i'))",0.0,0.0,,1,0.0,9.900000000000002,0.01257911709342506,0.841886116991581,False,False,0,1
"('INTERNAL', ('M0 + M1 - M2 - M3 + M4', 'i'))",0.0,0.0,,1,0.0,9.900000000000002,0.01257911709342506,0.841886116991581,False,False,0,1
"('INTERNAL', ('-M1 - M2 + M3 + sqrt(Abs(M0))', 'i'))",0.0,0.0,,1,0.0,9.900000000000002,0.01257911709342506,0.841886116991581,False,False,0,1
"('INTERNAL', ('B0 - M0 - M1 - M2 + M3', 'i'))",0.0,0.0,,1,0.0,9.900000000000002,0.01257911709342506,0.841886116991581,False,False,0,1
"('INTERNAL', ('M0*M1 - M2 - M3 - M4 + M5', 'i'))",0.0,0.0,,1,0.0,9.900000000000002,0.01257911709342506,0.841886116991581,False,False,0,1
"('INTERNAL', ('-M1 - M2 - M3 + M4 + sqrt(Abs(M0))', 'i'))",0.0,0.0,,1,0.0,9.900000000000002,0.01257911709342506,0.841886116991581,False,False,0,1
"('INTERNAL', ('-M0 - M1 + M2 + i - s', 'i'))",0.0,0.0,,1,0.0,9.900000000000002,0.01257911709342506,0.841886116991581,False,False,0,1
"('INTERNAL', ('-M0 - M1 + M2', 'i'))",0.0,0.0,,1,0.0,9.900000000000002,0.01257911709342506,0.841886116991581,False,False,0,1
"('INTERNAL', ('B0 - M0 - M1 + M2 + i', 'i'))",0.0,0.0,,1,0.0,9.900000000000002,0.01257911709342506,0.841886116991581,False,False,0,1
"('INTERNAL', ('-M0 - M1 - M2 - M3 + M4 + i', 'i'))",0.0,0.0,,1,0.0,9.900000000000002,0.01257911709342506,0.841886116991581,False,False,0,1
"('INTERNAL', ('-M0 + M1 - M2 - M3 + M4 + i', 'i'))",0.0,0.0,,1,0.0,9.900000000000002,0.01257911709342506,0.841886116991581,False,False,0,1
"('INTERNAL', ('-M1 - M2 + M3 + i - sqrt(Abs(M0))', 'i'))",0.0,0.0,,1,0.0,9.900000000000002,0.01257911709342506,0.841886116991581,False,False,0,1
"('INTERNAL', ('-M0 + M1 - i**2 + i - s', 'i'))",0.0,0.0,,1,0.0,9.900000000000002,0.01257911709342506,0.841886116991581,False,False,0,1
"('INTERNAL', ('-M0 + M1 - i**2', 'i'))",0.0,0.0,,1,0.0,9.900000000000002,0.01257911709342506,0.841886116991581,False,False,0,1
"('INTERNAL', ('B0 + M0 - i**2 + i - s', 'i'))",0.0,0.0,,1,0.0,9.900000000000002,0.01257911709342506,0.841886116991581,False,False,0,1
"('TERMINAL', ('s', 'B0'))",0.0,0.0,,1,0.0,9.900000000000002,0.01257911709342506,0.841886116991581,True,True,0,1
"('TERMINAL', ('B0*s', 'sqrt(Abs(C0))'))",0.0,0.0,,1,0.0,9.900000000000002,0.01257911709342506,0.841886116991581,True,True,0,1
"('INTERNAL', ('-M0 + i', 'r'))",0.0,0.0,,1,0.0,9.900000000000002,0.01257911709342506,0.841886116991581,False,False,0,1
"('INTERNAL', ('M0 + M1 - M2', 'r'))",0.0,0.0,,1,0.0,9.900000000000002,0.01257911709342506,0.841886116991581,False,False,0,1
"('TERMINAL', ('B0 - s', 'r'))",0.0,0.0,,1,0.0,9.900000000000002,0.01257911709342506,0.841886116991581,True,False,0,1
"('INTERNAL', ('B0 - M0 + M1', 'r'))",0.0,0.0,,1,0.0,9.900000000000002,0.01257911709342506,0.841886116991581,False,False,0,1
"('INTERNAL', ('M2*sqrt(Abs(M1 + sqrt(Abs(M0))))', 'M0'))",0.0,0.0,,1,0.0,9.900000000000002,0.01257911709342506,0.841886116991581,False,False,0,1
"('INTERNAL', ('M2*sqrt(Abs(M0 + M1))', 'B0'))",0.0,0.0,,1,0.0,9.900000000000002,0.01257911709342506,0.841886116991581,True,True,0,1
"('INTERNAL', ('M2*sqrt(Abs(M0 + M1))', 'M0 - M1'))",0.0,0.0,,1,0.0,9.900000000000002,0.01257911709342506,0.841886116991581,False,False,0,1
"('INTERNAL', ('M2*sqrt(Abs(M0 + M1))', 'M0*M1'))",0.0,0.0,,1,0.0,9.900000000000002,0.01257911709342506,0.841886116991581,False,False,0,1
"('INTERNAL', ('M1*sqrt(Abs(M0 + s))', 'sqrt(Abs(M0))'))",0.0,0.0,,1,0.0,9.900000000000002,0.01257911709342506,0.841886116991581,False,False,0,1
"('INTERNAL', ('M2*sqrt(Abs(M0 + M1))', 'sqrt(Abs(r))'))",0.0,0.0,,1,0.0,9.900000000000002,0.01257911709342506,0.841886116991581,False,False,0,1
"('INTERNAL', ('M2*sqrt(Abs(M0 + M1))', 'sqrt(Abs(C0))'))",0.0,0.0,,1,0.0,9.900000000000002,0.01257911709342506,0.841886116991581,True,True,0,1
"('INTERNAL', ('M2*sqrt(Abs(M0 + M1))', 'Abs(M0)**(1/4)'))",0.0,0.0,,1,0.0,9.900000000000002,0.01257911709342506,0.841886116991581,False,False,0,1
"('INTERNAL', ('M1*sqrt(Abs(M0 + i))', 'sqrt(Abs(i))'))",0.0,0.0,,1,0.0,9.900000000000002,0.01257911709342506,0.841886116991581,False,False,0,1
"('INTERNAL', ('M3*sqrt(Abs(M0 - M1 + M2))', 'sqrt(Abs(i))'))",0.0,0.0,,1,0.0,9.900000000000002,0.01257911709342506,0.841886116991581,False,False,0,1
"('INTERNAL', ('M1*sqrt(Abs(M0 + sqrt(Abs(s))))', 'sqrt(Abs(i))'))",0.0,0.0,,1,0.0,9.900000000000002,0.01257911709342506,0.841886116991581,False,False,0,1
"('INTERNAL', ('M1*sqrt(Abs(M0 + sqrt(Abs(i))))', 'sqrt(Abs(i))'))",0.0,0.0,,1,0.0,9.900000000000002,0.01257911709342506,0.841886116991581,False,False,0,1
"('INTERNAL', ('M4*sqrt(Abs(M3 + sqrt(Abs(M0 + M1 - M2))))', 'sqrt(Abs(i))'))",0.0,0.0,,1,0.0,9.900000000000002,0.01257911709342506,0.841886116991581,False,False,0,1
"('INTERNAL', ('M1*sqrt(Abs(M0 + sqrt(Abs(B0 - s))))', 'sqrt(Abs(i))'))",0.0,0.0,,1,0.0,9.900000000000002,0.01257911709342506,0.841886116991581,False,False,0,1
"('INTERNAL', ('M0*sqrt(Abs(i + sqrt(Abs(B0 - i))))', 'sqrt(Abs(i))'))",0.0,0.0,,1,0.0,9.900000000000002,0.01257911709342506,0.841886116991581,False,False,0,1
"('INTERNAL', ('M0*sqrt(Abs(B0 + sqrt(Abs(B1 - i))))', 'sqrt(Abs(i))'))",0.0,0.0,,1,0.0,9.900000000000002,0.01257911709342506,0.841886116991581,False,False,0,1
"('TERMINAL', ('i*sqrt(Abs(s + sqrt(Abs(B0 - i))))', 'sqrt(Abs(i))'))",0.0,0.0,,1,0.0,9.900000000000002,0.01257911709342506,0.841886116991581,True,False,0,1
"('INTERNAL', ('B0*M0', 'sqrt(Abs(C0))'))",0.0,0.0,,1,0.0,9.900000000000002,0.01257911709342506,0.841886116991581,True,True,0,1
"('INTERNAL', ('B0*M0 + B1*M1', 'sqrt(Abs(C0))'))",0.0,0.0,,1,0.0,9.900000000000002,0.01257911709342506,0.841886116991581,True,True,0,1
"('INTERNAL', ('B0 + B1*M0', 'sqrt(Abs(C0))'))",0.0,0.0,,1,0.0,9.900000000000002,0.01257911709342506,0.841886116991581,True,True,0,1
"('TERMINAL', ('B0 + B1*i', 'sqrt(Abs(C0))'))",0.0,0.0,,1,0.0,9.900000000000002,0.01257911709342506,0.841886116991581,True,True,0,1
"('TERMINAL', ('0', 'i'))",0.0,0.0,,1,0.0,9.900000000000002,0.01257911709342506,0.841886116991581,True,False,0,1
"('INTERNAL', ('M0*M1', '-i + r'))",0.0,0.0,,1,0.0,9.900000000000002,0.01257911709342506,0.841886116991581,False,False,0,1
"('INTERNAL', ('M0*M1', 'B0 + r'))",0.0,0.0,,1,0.0,9.900000000000002,0.01257911709342506,0.841886116991581,False,False,0,1
"('INTERNAL', ('i*s', '-M0 + r'))",0.0,0.0,,1,0.0,9.900000000000002,0.01257911709342506,0.841886116991581,False,False,0,1
"('INTERNAL', ('M0*s - M1*s', '-M0 + r'))",0.0,0.0,,1,0.0,9.900000000000002,0.01257911709342506,0.841886116991581,False,False,0,1
"('INTERNAL', ('M0*s', '0'))",0.0,0.0,,1,0.0,9.900000000000002,0.01257911709342506,0.841886116991581,False,False,0,1
"('INTERNAL', ('M0*s', 'B0 + r'))",0.0,0.0,,1,0.0,9.900000000000002,0.01257911709342506,0.841886116991581,False,False,0,1
"('INTERNAL', ('M0*s', '-M0 - M1 + r'))",0.0,0.0,,1,0.0,9.900000000000002,0.01257911709342506,0.841886116991581,False,False,0,1
"('TERMINAL', ('i*s', '-i + r'))",0.0,0.0,,1,0.0,9.900000000000002,0.01257911709342506,0.841886116991581,True,False,0,1
"('INTERNAL', ('M0*s - M1*s', '-i + r'))",0.0,0.0,,1,0.0,9.900000000000002,0.01257911709342506,0.841886116991581,False,False,0,1
"('TERMINAL', ('B0*i', 'B1'))",0.0,0.0,,1,0.0,9.900000000000002,0.01257911709342506,0.841886116991581,True,True,0,1
"('INTERNAL', ('M0*M1', 'M0*r'))",0.0,0.0,,1,0.0,9.900000000000002,0.01257911709342506,0.841886116991581,False,False,0,1
"('INTERNAL', ('M0*M1', 'B0*M0'))",0.0,0.0,,1,0.0,9.900000000000002,0.01257911709342506,0.841886116991581,False,False,0,1
"('INTERNAL', ('M0*M1', 'M0*M2 + M1*M2'))",0.0,0.0,,1,0.0,9.900000000000002,0.01257911709342506,0.841886116991581,False,False,0,1
"('INTERNAL', ('M0*i', 'M0*M2 - M1*M2'))",0.0,0.0,,1,0.0,9.900000000000002,0.01257911709342506,0.841886116991581,False,False,0,1
"('INTERNAL', ('M0*M2 - M1*M2', 'M0*M2 - M1*M2'))",0.0,0.0,,1,0.0,9.900000000000002,0.01257911709342506,0.841886116991581,False,False,0,1
"('INTERNAL', ('M0*M1', '-M1*M2 + M2*sqrt(Abs(M0))'))",0.0,0.0,,1,0.0,9.900000000000002,0.01257911709342506,0.841886116991581,False,False,0,1
"('INTERNAL', ('B0', 'M0*M2 - M1*M2'))",0.0,0.0,,1,0.0,9.900000000000002,0.01257911709342506,0.841886116991581,True,True,0,1
"('INTERNAL', ('B0', '-M0*M1 + M1*i'))",0.0,0.0,,1,0.0,9.900000000000002,0.01257911709342506,0.841886116991581,True,True,0,1
"('INTERNAL', ('B0*i', '0'))",0.0,0.0,,1,0.0,9.900000000000002,0.01257911709342506,0.841886116991581,False,False,0,1
"('INTERNAL', ('M0*i', 'M0*M1*M2'))",0.0,0.0,,1,0.0,9.900000000000002,0.01257911709342506,0.841886116991581,False,False,0,1
"('INTERNAL', ('0', 'r'))",0.0,0.0,,1,0.0,9.900000000000002,0.01257911709342506,0.841886116991581,False,False,0,1
"('INTERNAL', ('-M0 + i', 'sqrt(Abs(M0))'))",0.0,0.0,,1,0.0,9.900000000000002,0.01257911709342506,0.841886116991581,False,False,0,1
"('INTERNAL', ('-M1 + sqrt(Abs(M0))', 'sqrt(Abs(M0))'))",0.0,0.0,,1,0.0,9.900000000000002,0.01257911709342506,0.841886116991581,False,False,0,1
"('INTERNAL', ('M0 - M1', 'sqrt(Abs(C0))'))",0.0,0.0,,1,0.0,9.900000000000002,0.01257911709342506,0.841886116991581,True,True,0,1
"('INTERNAL', ('M0 - M1', 'sqrt(Abs(M0 - M1))'))",0.0,0.0,,1,0.0,9.900000000000002,0.01257911709342506,0.841886116991581,False,False,0,1
"('INTERNAL', ('M0 - M1', 'sqrt(Abs(M0))*sqrt(Abs(M1))'))",0.0,0.0,,1,0.0,9.900000000000002,0.01257911709342506,0.841886116991581,False,False,0,1
"('INTERNAL', ('-M0 + i', 'sqrt(Abs(i))'))",0.0,0.0,,1,0.0,9.900000000000002,0.01257911709342506,0.841886116991581,False,False,0,1
"('INTERNAL', ('M0 + M1 - M2', 'sqrt(Abs(i))'))",0.0,0.0,,1,0.0,9.900000000000002,0.01257911709342506,0.841886116991581,False,False,0,1
"('INTERNAL', ('M0*M1 - M2', 'sqrt(Abs(i))'))",0.0,0.0,,1,0.0,9.900000000000002,0.01257911709342506,0.841886116991581,False,False,0,1
"('INTERNAL', ('B0 - M0 - M1', 'sqrt(Abs(i))'))",0.0,0.0,,1,0.0,9.900000000000002,0.01257911709342506,0.841886116991581,False,False,0,1
"('INTERNAL', ('M0 + M1 - M2 - M3', 'sqrt(Abs(i))'))",0.0,0.0,,1,0.0,9.900000000000002,0.01257911709342506,0.841886116991581,False,False,0,1
"('INTERNAL', ('M0 - M1 - M2 - M3', 'sqrt(Abs(i))'))",0.0,0.0,,1,0.0,9.900000000000002,0.01257911709342506,0.841886116991581,False,False,0,1
"('INTERNAL', ('M0*M1 - M2 - M3', 'sqrt(Abs(i))'))",0.0,0.0,,1,0.0,9.900000000000002,0.01257911709342506,0.841886116991581,False,False,0,1
"('INTERNAL', ('-M0 + i - s', 'sqrt(Abs(i))'))",0.0,0.0,,1,0.0,9.900000000000002,0.01257911709342506,0.841886116991581,False,False,0,1
"('INTERNAL', ('-M0 - M1 - M2 + i', 'sqrt(Abs(i))'))",0.0,0.0,,1,0.0,9.900000000000002,0.01257911709342506,0.841886116991581,False,False,0,1
"('TERMINAL', ('B0 + i - s', 'sqrt(Abs(i))'))",0.0,0.0,,1,0.0,9.900000000000002,0.01257911709342506,0.841886116991581,True,False,0,1
"('INTERNAL', ('B0 - M0 + M1 + i', 'sqrt(Abs(i))'))",0.0,0.0,,1,0.0,9.900000000000002,0.01257911709342506,0.841886116991581,False,False,0,1
"('INTERNAL', ('B0 + i - sqrt(Abs(M0))', 'sqrt(Abs(i))'))",0.0,0.0,,1,0.0,9.900000000000002,0.01257911709342506,0.841886116991581,False,False,0,1
"('INTERNAL', ('B0 - M0*s + i', 'sqrt(Abs(i))'))",0.0,0.0,,1,0.0,9.900000000000002,0.01257911709342506,0.841886116991581,False,False,0,1
"('INTERNAL', ('B0 - M0*M1*M2 + i', 'sqrt(Abs(i))'))",0.0,0.0,,1,0.0,9.900000000000002,0.01257911709342506,0.841886116991581,False,False,0,1
"('TERMINAL', ('B0 - i*s + i', 'sqrt(Abs(i))'))",0.0,0.0,,1,0.0,9.900000000000002,0.01257911709342506,0.841886116991581,True,False,0,1
"('INTERNAL', ('-M0 - M1 + s', 'M0'))",0.0,0.0,,1,0.0,9.900000000000002,0.01257911709342506,0.841886116991581,False,False,0,1
"('INTERNAL', ('M0*M1 - M2 - M3', 'M0'))",0.0,0.0,,1,0.0,9.900000000000002,0.01257911709342506,0.841886116991581,False,False,0,1
"('INTERNAL', ('M0 - M1 - M2', 'i'))",0.0,0.0,,1,0.0,9.900000000000002,0.01257911709342506,0.841886116991581,False,False,0,1
"('INTERNAL', ('M0 - M1 - M2', 'B0'))",0.0,0.0,,1,0.0,9.900000000000002,0.01257911709342506,0.841886116991581,True,True,0,1
"('INTERNAL', ('M0 - M1 - M2', 'M0 + M1'))",0.0,0.0,,1,0.0,9.900000000000002,0.01257911709342506,0.841886116991581,False,False,0,1
"('INTERNAL', ('M0 - M1 - M2', 'M0 - M1'))",0.0,0.0,,1,0.0,9.900000000000002,0.01257911709342506,0.841886116991581,False,False,0,1
"('INTERNAL', ('M0 - M1 - M2', 'M0*M1'))",0.0,0.0,,1,0.0,9.900000000000002,0.01257911709342506,0.841886116991581,False,False,0,1
"('INTERNAL', ('-M0 - M1 - M2 + i', 'M0'))",0.0,0.0,,1,0.0,9.900000000000002,0.01257911709342506,0.841886116991581,False,False,0,1
"('INTERNAL', ('M0 - M1 - M2 - M3 - M4', 'M0'))",0.0,0.0,,1,0.0,9.900000000000002,0.01257911709342506,0.841886116991581,False,False,0,1
"('INTERNAL', ('M0*M1 - M2 - M3 - M4', 'M0'))",0.0,0.0,,1,0.0,9.900000000000002,0.01257911709342506,0.841886116991581,False,False,0,1
"('INTERNAL', ('M0 - M1 - M2 - M3', 'i'))",0.0,0.0,,1,0.0,9.900000000000002,0.01257911709342506,0.841886116991581,False,False,0,1
"('INTERNAL', ('M0 - M1 - M2 - M3', 'B0'))",0.0,0.0,,1,0.0,9.900000000000002,0.01257911709342506,0.841886116991581,True,True,0,1
"('INTERNAL', ('M0 - M1 - M2 - M3', 'M0 + M1'))",0.0,0.0,,1,0.0,9.900000000000002,0.01257911709342506,0.841886116991581,False,False,0,1
"('INTERNAL', ('M0 - M1 - M2 - M3', 'M0 - M1'))",0.0,0.0,,1,0.0,9.900000000000002,0.01257911709342506,0.841886116991581,False,False,0,1
"('INTERNAL', ('B0 - M0 - M1 - s', 'M0'))",0.0,0.0,,1,0.0,9.900000000000002,0.01257911709342506,0.841886116991581,False,False,0,1
"('INTERNAL', ('B0 - M0 - M1 - M2 - M3', 'M0'))",0.0,0.0,,1,0.0,9.900000000000002,0.01257911709342506,0.841886116991581,False,False,0,1
"('INTERNAL', ('B0 - M0 + M1 - M2 - M3', 'M0'))",0.0,0.0,,1,0.0,9.900000000000002,0.01257911709342506,0.841886116991581,False,False,0,1
"('INTERNAL', ('B0 - M0*M1 - M2 - M3', 'M0'))",0.0,0.0,,1,0.0,9.900000000000002,0.01257911709342506,0.841886116991581,False,False,0,1
"('INTERNAL', ('B0 - M0 - M1 - M2', 'i'))",0.0,0.0,,1,0.0,9.900000000000002,0.01257911709342506,0.841886116991581,False,False,0,1
"('INTERNAL', ('B0 - M0 - M1 - M2', 'B1'))",0.0,0.0,,1,0.0,9.900000000000002,0.01257911709342506,0.841886116991581,True,True,0,1
"('INTERNAL', ('B0 - M0 - M1 - M2', 'M0 + M1'))",0.0,0.0,,1,0.0,9.900000000000002,0.01257911709342506,0.841886116991581,False,False,0,1
"('INTERNAL', ('B0 - M0 - M1 - M2', 'M0 - M1'))",0.0,0.0,,1,0.0,9.900000000000002,0.01257911709342506,0.841886116991581,False,False,0,1
"('INTERNAL', ('B0 - M0 - M1 - M2', 'M0*M1'))",0.0,0.0,,1,0.0,9.900000000000002,0.01257911709342506,0.841886116991581,False,False,0,1
"('INTERNAL', ('B0 - M0 - M1 - sqrt(Abs(s))', 'M0'))",0.0,0.0,,1,0.0,9.900000000000002,0.01257911709342506,0.841886116991581,False,False,0,1
"('INTERNAL', ('B0 - M0 - M1 - sqrt(Abs(i))', 'M0'))",0.0,0.0,,1,0.0,9.900000000000002,0.01257911709342506,0.841886116991581,False,False,0,1
"('INTERNAL', ('B0 - M2 - M3 - sqrt(Abs(M0 + M1))', 'M0'))",0.0,0.0,,1,0.0,9.900000000000002,0.01257911709342506,0.841886116991581,False,False,0,1
"('INTERNAL', ('B0 - M2 - M3 - sqrt(Abs(M0 - M1))', 'M0'))",0.0,0.0,,1,0.0,9.900000000000002,0.01257911709342506,0.841886116991581,False,False,0,1
"('INTERNAL', ('B0 - M1 - M2 - Abs(M0)**(1/4)', 'M0'))",0.0,0.0,,1,0.0,9.900000000000002,0.01257911709342506,0.841886116991581,False,False,0,1
"('INTERNAL', ('B0 - M1 - M2 - sqrt(Abs(M0))', 'r'))",0.0,0.0,,1,0.0,9.900000000000002,0.01257911709342506,0.841886116991581,False,False,0,1
"('INTERNAL', ('B0 - M1 - M2 - sqrt(Abs(M0))', 'B1'))",0.0,0.0,,1,0.0,9.900000000000002,0.01257911709342506,0.841886116991581,True,True,0,1
"('INTERNAL', ('B0 - M1 - M2 - sqrt(Abs(M0))', 'M0 + M1'))",0.0,0.0,,1,0.0,9.900000000000002,0.01257911709342506,0.841886116991581,False,False,0,1
"('INTERNAL', ('B0 - M1 - M2 - sqrt(Abs(M0))', 'M0 - M1'))",0.0,0.0,,1,0.0,9.900000000000002,0.01257911709342506,0.841886116991581,False,False,0,1
"('INTERNAL', ('B0 - M1 - M2 - sqrt(Abs(M0))', 'M0*M1'))",0.0,0.0,,1,0.0,9.900000000000002,0.01257911709342506,0.841886116991581,False,False,0,1
"('INTERNAL', ('B0 - M1 - M2 - sqrt(Abs(M0))', 'sqrt(Abs(M0))'))",0.0,0.0,,1,0.0,9.900000000000002,0.01257911709342506,0.841886116991581,False,False,0,1
"('INTERNAL', ('B0 - M2 - M3 - sqrt(Abs(M0))*sqrt(Abs(M1))', 'B1'))",0.0,0.0,,1,0.0,9.900000000000002,0.01257911709342506,0.841886116991581,True,True,0,1
"('INTERNAL', ('B0 - M2 - M3 - sqrt(Abs(M0))*sqrt(Abs(M1))', 'M0 + M1'))",0.0,0.0,,1,0.0,9.900000000000002,0.01257911709342506,0.841886116991581,False,False,0,1
"('INTERNAL', ('B0 - M2 - M3 - sqrt(Abs(M0))*sqrt(Abs(M1))', 'M0*M1'))",0.0,0.0,,1,0.0,9.900000000000002,0.01257911709342506,0.841886116991581,False,False,0,1
"('INTERNAL', ('B0 - M2 - M3 - sqrt(Abs(M0))*sqrt(Abs(M1))', 'sqrt(Abs(M0))'))",0.0,0.0,,1,0.0,9.900000000000002,0.01257911709342506,0.841886116991581,False,False,0,1
"('INTERNAL', ('B0 + B1*sqrt(Abs(i)) - M0 - M1', 'M0'))",0.0,0.0,,1,0.0,9.900000000000002,0.01257911709342506,0.841886116991581,False,False,0,1
"('INTERNAL', ('B0 - M1 - M2 - sqrt(Abs(M0))*sqrt(Abs(i))', 'i'))",0.0,0.0,,1,0.0,9.900000000000002,0.01257911709342506,0.841886116991581,False,False,0,1
"('INTERNAL', ('B0 - M1 - M2 - sqrt(Abs(M0))*sqrt(Abs(i))', 'B1'))",0.0,0.0,,1,0.0,9.900000000000002,0.01257911709342506,0.841886116991581,True,True,0,1
"('INTERNAL', ('B0 - M1 - M2 - sqrt(Abs(M0))*sqrt(Abs(i))', 'M0 + M1'))",0.0,0.0,,1,0.0,9.900000000000002,0.01257911709342506,0.841886116991581,False,False,0,1
"('INTERNAL', ('B0 - M1 - M2 - sqrt(Abs(M0))*sqrt(Abs(i))', 'M0 - M1'))",0.0,0.0,,1,0.0,9.900000000000002,0.01257911709342506,0.841886116991581,False,False,0,1
"('INTERNAL', ('B0 - M1 - M2 - sqrt(Abs(M0))*sqrt(Abs(i))', 'sqrt(Abs(M0))'))",0.0,0.0,,1,0.0,9.900000000000002,0.01257911709342506,0.841886116991581,False,False,0,1
"('INTERNAL', ('B0 + B1*sqrt(Abs(i)) - M0 - s', 'r'))",0.0,0.0,,1,0.0,9.900000000000002,0.01257911709342506,0.841886116991581,False,False,0,1
"('INTERNAL', ('B0*M2 + B1*M0*M1', 'B2'))",0.0,0.0,,1,0.0,9.900000000000002,0.01257911709342506,0.841886116991581,True,True,0,1
"('INTERNAL', ('B0*M2*M3 + M0*M2*M3 + M1*M2*M3', 'M0*M1'))",0.0,0.0,,1,0.0,9.900000000000002,0.01257911709342506,0.841886116991581,False,False,0,1
"('INTERNAL', ('M0*M2*M3 + M1*M2*M3 + M2*M3*s', 'M0*r'))",0.0,0.0,,1,0.0,9.900000000000002,0.01257911709342506,0.841886116991581,False,False,0,1
"('INTERNAL', ('B0', 'M1 + sqrt(Abs(M0))'))",0.0,0.0,,1,0.0,9.900000000000002,0.01257911709342506,0.841886116991581,True,True,0,1
"('TERMINAL', ('0', 'B0 + r'))",0.0,0.0,,1,0.0,9.900000000000002,0.01257911709342506,0.841886116991581,True,False,0,1
"('INTERNAL', ('i**2', 'M0 + M1'))",0.0,0.0,,1,0.0,9.900000000000002,0.01257911709342506,0.841886116991581,False,False,0,1
"('INTERNAL', ('M0*i', 'M0 + r'))",0.0,0.0,,1,0.0,9.900000000000002,0.01257911709342506,0.841886116991581,False,False,0,1
"('INTERNAL', ('M0*i', 'M0 - M1 + M2'))",0.0,0.0,,1,0.0,9.900000000000002,0.01257911709342506,0.841886116991581,False,False,0,1
"('INTERNAL', ('M0*i + M1*i', 'B0 + M0'))",0.0,0.0,,1,0.0,9.900000000000002,0.01257911709342506,0.841886116991581,False,False,0,1
"('INTERNAL', ('M0*i - M1*i', 'B0 + M0'))",0.0,0.0,,1,0.0,9.900000000000002,0.01257911709342506,0.841886116991581,False,False,0,1
"('INTERNAL', ('M0*i', 'B0 + r'))",0.0,0.0,,1,0.0,9.900000000000002,0.01257911709342506,0.841886116991581,False,False,0,1
"('INTERNAL', ('M0*i', 'B0 + M0 + M1'))",0.0,0.0,,1,0.0,9.900000000000002,0.01257911709342506,0.841886116991581,False,False,0,1
"('INTERNAL', ('M0*i', 'B0 + sqrt(Abs(M0))'))",0.0,0.0,,1,0.0,9.900000000000002,0.01257911709342506,0.841886116991581,False,False,0,1
"('INTERNAL', ('i**2', 'B0 + M0*M1'))",0.0,0.0,,1,0.0,9.900000000000002,0.01257911709342506,0.841886116991581,False,False,0,1
"('INTERNAL', ('M0*M1*i', 'B0 + M0*M1'))",0.0,0.0,,1,0.0,9.900000000000002,0.01257911709342506,0.841886116991581,False,False,0,1
"('INTERNAL', ('i*sqrt(Abs(M0))', 'B0 + M0*M1'))",0.0,0.0,,1,0.0,9.900000000000002,0.01257911709342506,0.841886116991581,False,False,0,1
"('INTERNAL', ('M0*i', 'B0 + M0*M2 + M1*M2'))",0.0,0.0,,1,0.0,9.900000000000002,0.01257911709342506,0.841886116991581,False,False,0,1
"('INTERNAL', ('i*sqrt(Abs(M0))', 'B0 + M0*M2 - M1*M2'))",0.0,0.0,,1,0.0,9.900000000000002,0.01257911709342506,0.841886116991581,False,False,0,1
"('INTERNAL', ('M0*i', 'B0 + M0*M1*M3 - M2*M3'))",0.0,0.0,,1,0.0,9.900000000000002,0.01257911709342506,0.841886116991581,False,False,0,1
"('INTERNAL', ('i*s', 'B0 - M0*M1 + M1*r'))",0.0,0.0,,1,0.0,9.900000000000002,0.01257911709342506,0.841886116991581,False,False,0,1
"('INTERNAL', ('M0*i + M1*i', 'B0 - M0*M1 + M1*r'))",0.0,0.0,,1,0.0,9.900000000000002,0.01257911709342506,0.841886116991581,False,False,0,1
"('INTERNAL', ('M0*i - M1*i', 'B0 - M0*M1 + M1*r'))",0.0,0.0,,1,0.0,9.900000000000002,0.01257911709342506,0.841886116991581,False,False,0,1
"('INTERNAL', ('i*sqrt(Abs(M0))', 'B0 - M0*M1 + M1*r'))",0.0,0.0,,1,0.0,9.900000000000002,0.01257911709342506,0.841886116991581,False,False,0,1
"('INTERNAL', ('B0', 'B1 + M0'))",0.0,0.0,,1,0.0,9.900000000000002,0.01257911709342506,0.841886116991581,True,True,0,1
"('INTERNAL', ('B0', 'B1 + M0 - M1'))",0.0,0.0,,1,0.0,9.900000000000002,0.01257911709342506,0.841886116991581,True,True,0,1
"('INTERNAL', ('B0', 'B1 - M0 + i'))",0.0,0.0,,1,0.0,9.900000000000002,0.01257911709342506,0.841886116991581,True,True,0,1
"('INTERNAL', ('B0*M0 + B0*M2 + B1*M1', 'B2'))",0.0,0.0,,1,0.0,9.900000000000002,0.01257911709342506,0.841886116991581,True,True,0,1
"('INTERNAL', ('B0', 'M0 - M1 - M2'))",0.0,0.0,,1,0.0,9.900000000000002,0.01257911709342506,0.841886116991581,True,True,0,1
"('INTERNAL', ('B0*M0*M1', '-M0 - M1 + i'))",0.0,0.0,,1,0.0,9.900000000000002,0.01257911709342506,0.841886116991581,False,False,0,1
"('INTERNAL', ('B0', 'sqrt(Abs(M0))*sqrt(Abs(M1))'))",0.0,0.0,,1,0.0,9.900000000000002,0.01257911709342506,0.841886116991581,True,True,0,1
"('INTERNAL', ('B0', 'sqrt(Abs(M0))*sqrt(Abs(r))'))",0.0,0.0,,1,0.0,9.900000000000002,0.01257911709342506,0.841886116991581,True,True,0,1
"('INTERNAL', ('B0', 'Abs(M0)**(1/4)'))",0.0,0.0,,1,0.0,9.900000000000002,0.01257911709342506,0.841886116991581,True,True,0,1
"('INTERNAL', ('B0*M0', 'Abs(C0)**(1/4)'))",0.0,0.0,,1,0.0,9.900000000000002,0.01257911709342506,0.841886116991581,True,True,0,1
"('INTERNAL', ('B0*M0 + B1*M1', 'Abs(C0)**(1/4)'))",0.0,0.0,,1,0.0,9.900000000000002,0.01257911709342506,0.841886116991581,True,True,0,1
"('INTERNAL', ('B0*M4 + B1*M0*M3 + B1*M1*M3 + B1*M2*M3', 'Abs(C0)**(1/8)*Abs(C1*C2)**(1/4)'))",0.0,0.0,,1,0.0,9.900000000000002,0.01257911709342506,0.841886116991581,True,True,0,1
"('INTERNAL', ('B0 + B1*M0', 'B2'))",0.0,0.0,,1,0.0,9.900000000000002,0.01257911709342506,0.841886116991581,True,True,0,1
"('INTERNAL', ('B0', 'M0*i + M1'))",0.0,0.0,,1,0.0,9.900000000000002,0.01257911709342506,0.841886116991581,True,True,0,1
"('INTERNAL', ('B0*Abs(M0)**(1/4)', 'B1'))",0.0,0.0,,1,0.0,9.900000000000002,0.01257911709342506,0.841886116991581,True,True,0,1
"('INTERNAL', ('B0*Abs(M0 + M1)**(1/4)', 'B1'))",0.0,0.0,,1,0.0,9.900000000000002,0.01257911709342506,0.841886116991581,True,True,0,1
"('INTERNAL', ('B0*Abs(M0 + s)**(1/4)', 'B1'))",0.0,0.0,,1,0.0,9.900000000000002,0.01257911709342506,0.841886116991581,True,True,0,1
"('TERMINAL', ('B0*Abs(s)**(1/4)', 'B1'))",0.0,0.0,,1,0.0,9.900000000000002,0.01257911709342506,0.841886116991581,True,True,0,1
"('TERMINAL', ('sqrt(Abs(s))', 'i'))",0.0,0.0,,1,0.0,9.900000000000002,0.01257911709342506,0.841886116991581,True,False,0,1
"('TERMINAL', ('sqrt(Abs(C0))', 'i'))",0.0,0.0,,1,0.0,9.900000000000002,0.01257911709342506,0.841886116991581,True,True,0,1
"('INTERNAL', ('sqrt(Abs(M0))*sqrt(Abs(M1))', 'i'))",0.0,0.0,,1,0.0,9.900000000000002,0.01257911709342506,0.841886116991581,False,False,0,1
"('INTERNAL', ('sqrt(Abs(M0 - s))', 'i'))",0.0,0.0,,1,0.0,9.900000000000002,0.01257911709342506,0.841886116991581,False,False,0,1
"('INTERNAL', ('sqrt(Abs(M0 + M1 - M2))', 'i'))",0.0,0.0,,1,0.0,9.900000000000002,0.01257911709342506,0.841886116991581,False,False,0,1
"('INTERNAL', ('sqrt(Abs(M1 - sqrt(Abs(M0))))', 'i'))",0.0,0.0,,1,0.0,9.900000000000002,0.01257911709342506,0.841886116991581,False,False,0,1
"('INTERNAL', ('sqrt(Abs(M0 + M1 - s))', 'i'))",0.0,0.0,,1,0.0,9.900000000000002,0.01257911709342506,0.841886116991581,False,False,0,1
"('INTERNAL', ('sqrt(Abs(M0 + M1 - i))', 'i'))",0.0,0.0,,1,0.0,9.900000000000002,0.01257911709342506,0.841886116991581,False,False,0,1
"('INTERNAL', ('sqrt(Abs(-M0 + M1 + M2 + M3))', 'i'))",0.0,0.0,,1,0.0,9.900000000000002,0.01257911709342506,0.841886116991581,False,False,0,1
"('INTERNAL', ('sqrt(Abs(M1 + M2 - sqrt(Abs(M0))))', 'i'))",0.0,0.0,,1,0.0,9.900000000000002,0.01257911709342506,0.841886116991581,False,False,0,1
"('INTERNAL', ('sqrt(Abs(-B0 + M0 + s))', 'i'))",0.0,0.0,,1,0.0,9.900000000000002,0.01257911709342506,0.841886116991581,False,False,0,1
"('INTERNAL', ('sqrt(Abs(-B0 + M0 + M1 + M2))', 'i'))",0.0,0.0,,1,0.0,9.900000000000002,0.01257911709342506,0.841886116991581,False,False,0,1
"('INTERNAL', ('sqrt(Abs(B0 - M0 + M1 - M2))', 'i'))",0.0,0.0,,1,0.0,9.900000000000002,0.01257911709342506,0.841886116991581,False,False,0,1
"('INTERNAL', ('sqrt(Abs(-B0 + M0*M1 + M2))', 'i'))",0.0,0.0,,1,0.0,9.900000000000002,0.01257911709342506,0.841886116991581,False,False,0,1
"('TERMINAL', ('sqrt(Abs(B0 - s))', 'i'))",0.0,0.0,,1,0.0,9.900000000000002,0.01257911709342506,0.841886116991581,True,False,0,1
"('TERMINAL', ('sqrt(Abs(C0 - C1))', 'i'))",0.0,0.0,,1,0.0,9.900000000000002,0.01257911709342506,0.841886116991581,True,True,0,1
"('INTERNAL', ('sqrt(Abs(B0 - M0 + M1))', 'i'))",0.0,0.0,,1,0.0,9.900000000000002,0.01257911709342506,0.841886116991581,False,False,0,1
"('INTERNAL', ('sqrt(Abs(B0 - M0*M1))', 'i'))",0.0,0.0,,1,0.0,9.900000000000002,0.01257911709342506,0.841886116991581,False,False,0,1
"('INTERNAL', ('B0*M0 + B0*M1 + B0*M2', 'B1'))",0.0,0.0,,1,0.0,9.900000000000002,0.01257911709342506,0.841886116991581,True,True,0,1
"('INTERNAL', ('B0 + B1*M0 + B1*M1', 'B2'))",0.0,0.0,,1,0.0,9.900000000000002,0.01257911709342506,0.841886116991581,True,True,0,1
"('INTERNAL', ('B0', 'M0*M1 - M1*i + M1*sqrt(Abs(i))'))",0.0,0.0,,1,0.0,9.900000000000002,0.01257911709342506,0.841886116991581,False,False,0,1
"('INTERNAL', ('B0', 'M0*sqrt(Abs(i))'))",0.0,0.0,,1,0.0,9.900000000000002,0.01257911709342506,0.841886116991581,False,False,0,1
"('INTERNAL', ('B0*M0*M1', 'B1'))",0.0,0.0,,1,0.0,9.900000000000002,0.01257911709342506,0.841886116991581,True,True,0,1
"('TERMINAL', ('B0*i*s', 'B1'))",0.0,0.0,,1,0.0,9.900000000000002,0.01257911709342506,0.841886116991581,True,True,0,1
"('INTERNAL', ('B0*M0*M1', 'sqrt(Abs(C0))'))",0.0,0.0,,1,0.0,9.900000000000002,0.01257911709342506,0.841886116991581,True,True,0,1
"('INTERNAL', ('B0*M0 + B0*i', 'B1'))",0.0,0.0,,1,0.0,9.900000000000002,0.01257911709342506,0.841886116991581,True,True,0,1
"('TERMINAL', ('B0*i + B0*s', 'B1'))",0.0,0.0,,1,0.0,9.900000000000002,0.01257911709342506,0.841886116991581,True,True,0,1
"('INTERNAL', ('B0', 'B1*M0 + M1'))",0.0,0.0,,1,0.0,9.900000000000002,0.01257911709342506,0.841886116991581,True,True,0,1
"('INTERNAL', ('B0*M0 + B0*M1 + B1*M2', 'B2'))",0.0,0.0,,1,0.0,9.900000000000002,0.01257911709342506,0.841886116991581,True,True,0,1
"('INTERNAL', ('B0*M0 + B0*s', 'B1'))",0.0,0.0,,1,0.0,9.900000000000002,0.01257911709342506,0.841886116991581,True,True,0,1
"('INTERNAL', ('B0*M0 + B0*M1 + B0*s', 'B1'))",0.0,0.0,,1,0.0,9.900000000000002,0.01257911709342506,0.841886116991581,True,True,0,1
"('TERMINAL', ('i**2', 'r'))",0.0,0.0,,1,0.0,9.900000000000002,0.01257911709342506,0.841886116991581,True,False,0,1
"('INTERNAL', ('M0*i - M1*i', 'r'))",0.0,0.0,,1,0.0,9.900000000000002,0.01257911709342506,0.841886116991581,False,False,0,1
"('INTERNAL', ('M0*i + i**2', 'r'))",0.0,0.0,,1,0.0,9.900000000000002,0.01257911709342506,0.841886116991581,False,False,0,1
"('INTERNAL', ('B0*i + M0*i', 'r'))",0.0,0.0,,1,0.0,9.900000000000002,0.01257911709342506,0.841886116991581,False,False,0,1
"('INTERNAL', ('M1*i*sqrt(Abs(M0)) + M2*i', 'r'))",0.0,0.0,,1,0.0,9.900000000000002,0.01257911709342506,0.841886116991581,False,False,0,1
"('INTERNAL', ('M0*i + i**3', 'r'))",0.0,0.0,,1,0.0,9.900000000000002,0.01257911709342506,0.841886116991581,False,False,0,1
"('INTERNAL', ('M0*i**2 + M1*i**2 + M2*i', 'r'))",0.0,0.0,,1,0.0,9.900000000000002,0.01257911709342506,0.841886116991581,False,False,0,1
"('INTERNAL', ('M0*i**2*s + M1*i', 'r'))",0.0,0.0,,1,0.0,9.900000000000002,0.01257911709342506,0.841886116991581,False,False,0,1
"('INTERNAL', ('B0', '-M1 + sqrt(Abs(M0))'))",0.0,0.0,,1,0.0,9.900000000000002,0.01257911709342506,0.841886116991581,True,True,0,1
"('INTERNAL', ('B0*M0*s', 'B1'))",0.0,0.0,,1,0.0,9.900000000000002,0.01257911709342506,0.841886116991581,True,True,0,1
"('INTERNAL', ('B0*s*sqrt(Abs(M0))', 'B1'))",0.0,0.0,,1,0.0,9.900000000000002,0.01257911709342506,0.841886116991581,True,True,0,1
"('INTERNAL', ('B0*s*sqrt(Abs(M0))', 'sqrt(Abs(C0))'))",0.0,0.0,,1,0.0,9.900000000000002,0.01257911709342506,0.841886116991581,True,True,0,1
"('INTERNAL', ('B0', 'B1*M0'))",0.0,0.0,,1,0.0,9.900000000000002,0.01257911709342506,0.841886116991581,True,True,0,1
"('INTERNAL', ('B0', 'B1*M0*M1'))",0.0,0.0,,1,0.0,9.900000000000002,0.01257911709342506,0.841886116991581,True,True,0,1
"('INTERNAL', ('B0', 'B1*M1*sqrt(Abs(M0))'))",0.0,0.0,,1,0.0,9.900000000000002,0.01257911709342506,0.841886116991581,True,True,0,1
"('INTERNAL', ('B0', 'B1*M0*sqrt(Abs(i))'))",0.0,0.0,,1,0.0,9.900000000000002,0.01257911709342506,0.841886116991581,True,True,0,1
"('INTERNAL', ('B0', 'M1*sqrt(Abs(M0))'))",0.0,0.0,,1,0.0,9.900000000000002,0.01257911709342506,0.841886116991581,True,True,0,1
"('INTERNAL', ('B0*s', '0'))",0.0,0.0,,1,0.0,9.900000000000002,0.01257911709342506,0.841886116991581,False,False,0,1
"('INTERNAL', ('B0*M1 + B0*sqrt(Abs(M0))', 'B1'))",0.0,0.0,,1,0.0,9.900000000000002,0.01257911709342506,0.841886116991581,True,True,0,1
"('INTERNAL', ('B0*M0 + B0*sqrt(Abs(i))', 'B1'))",0.0,0.0,,1,0.0,9.900000000000002,0.01257911709342506,0.841886116991581,True,True,0,1
"('INTERNAL', ('B0*M0 + B0*sqrt(Abs(i))', 'sqrt(Abs(C0))'))",0.0,0.0,,1,0.0,9.900000000000002,0.01257911709342506,0.841886116991581,True,True,0,1
"('INTERNAL', ('B0*sqrt(Abs(M0)) + B0*sqrt(Abs(i))', 'sqrt(Abs(C0))'))",0.0,0.0,,1,0.0,9.900000000000002,0.01257911709342506,0.841886116991581,True,True,0,1
"('TERMINAL', ('B0 + B1*sqrt(Abs(i))', 'sqrt(Abs(C0))'))",0.0,0.0,,1,0.0,9.900000000000002,0.01257911709342506,0.841886116991581,True,True,0,1
"('TERMINAL', ('B0 + B1*sqrt(Abs(i))', 'sqrt(Abs(C0 - C1))'))",0.0,0.0,,1,0.0,9.900000000000002,0.01257911709342506,0.841886116991581,True,True,0,1
"('TERMINAL', ('B0 + B1*sqrt(Abs(i))', 'sqrt(Abs(C0 - C1*C2))'))",0.0,0.0,,1,0.0,9.900000000000002,0.01257911709342506,0.841886116991581,True,True,0,1
"('INTERNAL', ('B0*sqrt(Abs(M0)) + B1*M1', 'B2'))",0.0,0.0,,1,0.0,9.900000000000002,0.01257911709342506,0.841886116991581,True,True,0,1
"('INTERNAL', ('B0*M2 + B1*sqrt(Abs(M0 + M1))', 'B2'))",0.0,0.0,,1,0.0,9.900000000000002,0.01257911709342506,0.841886116991581,True,True,0,1
"('INTERNAL', ('B0*M1 + B2*sqrt(Abs(B1 + M0))', 'B3'))",0.0,0.0,,1,0.0,9.900000000000002,0.01257911709342506,0.841886116991581,True,True,0,1
"('TERMINAL', ('B0*i + B2*sqrt(Abs(B1 + i))', 'B3'))",0.0,0.0,,1,0.0,9.900000000000002,0.01257911709342506,0.841886116991581,True,True,0,1
"('TERMINAL', ('B0*i + B2*sqrt(Abs(B1 + i))', '0'))",0.0,0.0,,1,0.0,9.900000000000002,0.01257911709342506,0.841886116991581,True,False,0,1
"('INTERNAL', ('B0', '-M0 + i'))",0.0,0.0,,1,0.0,9.900000000000002,0.01257911709342506,0.841886116991581,True,True,0,1
"('TERMINAL', ('B0*s', '0'))",0.0,0.0,,1,0.0,9.900000000000002,0.01257911709342506,0.841886116991581,True,False,0,1
"('INTERNAL', ('B0*M0*M2 + B1*M1*M2', 'B2'))",0.0,0.0,,1,0.0,9.900000000000002,0.01257911709342506,0.841886116991581,True,True,0,1
"('INTERNAL', ('B0*M1*M3 + B0*M3*sqrt(Abs(M0)) + B1*M2*M3', 'B2'))",0.0,0.0,,1,0.0,9.900000000000002,0.01257911709342506,0.841886116991581,True,True,0,1
"('INTERNAL', ('B0*M2 + B1*M0*M2 + B2*M1*M2', 'B3'))",0.0,0.0,,1,0.0,9.900000000000002,0.01257911709342506,0.841886116991581,True,True,0,1
"('INTERNAL', ('B0*M2 + B1*M0*M2 + B2*M1*M2', 'B3*M0 + B3*M1'))",0.0,0.0,,1,0.0,9.900000000000002,0.01257911709342506,0.841886116991581,False,False,0,1
"('INTERNAL', ('B0*M1 + B1*M0*M1 + B2*M1*s', '0'))",0.0,0.0,,1,0.0,9.900000000000002,0.01257911709342506,0.841886116991581,False,False,0,1
"('TERMINAL', ('B0', 'B1 + B2*i'))",0.0,0.0,,1,0.0,9.900000000000002,0.01257911709342506,0.841886116991581,True,False,0,1
"('INTERNAL', ('B0', 'M0*M2 + M1*M2'))",0.0,0.0,,1,0.0,9.900000000000002,0.01257911709342506,0.841886116991581,True,True,0,1
"('INTERNAL', ('B0', 'M0*M1 + M1*r'))",0.0,0.0,,1,0.0,9.900000000000002,0.01257911709342506,0.841886116991581,True,True,0,1
"('TERMINAL', ('B0', 'B1*i'))",0.0,0.0,,1,0.0,9.900000000000002,0.01257911709342506,0.841886116991581,True,True,0,1
"('INTERNAL', ('B0', 'sqrt(Abs(M0 + r))'))",0.0,0.0,,1,0.0,9.900000000000002,0.01257911709342506,0.841886116991581,True,True,0,1
"('INTERNAL', ('B0', 'sqrt(Abs(M0 - M1 + r))'))",0.0,0.0,,1,0.0,9.900000000000002,0.01257911709342506,0.841886116991581,True,True,0,1
"('INTERNAL', ('B0*M0*M1', 'sqrt(Abs(M0 - M1 + r))'))",0.0,0.0,,1,0.0,9.900000000000002,0.01257911709342506,0.841886116991581,False,False,0,1
"('INTERNAL', ('B0*M0', 'sqrt(Abs(B1 - M0 + r))'))",0.0,0.0,,1,0.0,9.900000000000002,0.01257911709342506,0.841886116991581,False,False,0,1
"('INTERNAL', ('B0', 'sqrt(Abs(M0 - M1 - M2 + r))'))",0.0,0.0,,1,0.0,9.900000000000002,0.01257911709342506,0.841886116991581,True,True,0,1
"('INTERNAL', ('B0', 'M0 - M1 + M2'))",0.0,0.0,,1,0.0,9.900000000000002,0.01257911709342506,0.841886116991581,True,True,0,1
"('INTERNAL', ('0', 'M0'))",0.0,0.0,,1,0.0,9.900000000000002,0.01257911709342506,0.841886116991581,False,False,0,1
"('INTERNAL', ('B0*M0 + B1*i', 'B2'))",0.0,0.0,,1,0.0,9.900000000000002,0.01257911709342506,0.841886116991581,True,True,0,1
"('INTERNAL', ('B0', 'M0 + M1 - M2'))",0.0,0.0,,1,0.0,9.900000000000002,0.01257911709342506,0.841886116991581,True,True,0,1
"('INTERNAL', ('B0', 'M0 - M1 + i'))",0.0,0.0,,1,0.0,9.900000000000002,0.01257911709342506,0.841886116991581,True,True,0,1
"('INTERNAL', ('B0*M0*M1 + B0*M2 + B1*M3', 'M1 + M2 - M3 + i + sqrt(Abs(M0))'))",0.0,0.0,,1,0.0,9.900000000000002,0.01257911709342506,0.841886116991581,False,False,0,1
"('INTERNAL', ('B0*sqrt(Abs(M0 + M1))', 'B1'))",0.0,0.0,,1,0.0,9.900000000000002,0.01257911709342506,0.841886116991581,True,True,0,1
"('INTERNAL', ('B0', 'B1*M0*M1*i - M2 + M3'))",0.0,0.0,,1,0.0,9.900000000000002,0.01257911709342506,0.841886116991581,False,False,0,1
"('INTERNAL', ('B0*M0 + B0*s', 'sqrt(Abs(C0))'))",0.0,0.0,,1,0.0,9.900000000000002,0.01257911709342506,0.841886116991581,True,True,0,1
"('TERMINAL', ('B0 + B1*s', 'sqrt(Abs(C0))'))",0.0,0.0,,1,0.0,9.900000000000002,0.01257911709342506,0.841886116991581,True,True,0,1
"('INTERNAL', ('M0', 'M0'))",0.0,0.0,,0,6.37143314037886,9.770195541191631,0.0,1.0,False,False,14,0
