rank,reward,equations,equations_with_constants
1,0.9281618067266196,B0*i*s ; B1 + B2*i,0.403672908555638*i*s ; 0.112664325217292*i + 0.000416897755380044
2,0.9281555324384222,B0*i*s ; B1*i,0.393508062378024*i*s ; 0.108639555901616*i
3,0.9279318996478605,B0*i*s ; B1*r + i,0.74626585295094*i*s ; i - 0.368722211269491*r
4,0.9274926764641027,B0 + i*s ; B1*r + i,i*s - 0.00323753833239365 ; i - 0.204775197418453*r
5,0.9262727364501463,B0*i*s ; B1 + B2*r,-0.00172642644680479*i*s ; 0.0603696751073804*r + 3.57488850500466
6,0.9251543322726048,B0*i*s ; B1*sqrt(Abs(i)),0.317804294606262*i*s ; 0.00556934052589086*sqrt(Abs(i))
7,0.9251401599316483,B0*i*s ; B1*r,0.300036881157117*i*s ; 0.540368957313248*r
8,0.9251401567390086,B0*i*s ; r,0.300069489157202*i*s ; r
9,0.9251401563868996,B0*i*s ; i*r,0.30007109417369*i*s ; i*r
10,0.9251401511180521,B0*i*s ; sqrt(Abs(r)),0.299989513352797*i*s ; sqrt(Abs(r))
11,0.9251290550214513,B0*i*s ; Abs(B1 - i)**(1/4),-0.00138546435371221*i*s ; Abs(i - 1268.84866141179)**(1/4)
12,0.9240285508774642,i*s ; B0*r + i,i*s ; i - 0.14305511194722*r
13,0.922947793483346,i*Abs(s)**(1/4) ; B0*i,i*Abs(s)**(1/4) ; 0.839274992017627*i
14,0.9215030987582725,B0*i*s ; B1 + sqrt(Abs(i)),0.00107889238154961*i*s ; sqrt(Abs(i)) - 13.3687321522664
15,0.9207697895689602,B0*i ; B1 - r,-0.0488046804613866*i ; 1.13085451384009 - r
16,0.9201681738029064,B0*i*s ; sqrt(Abs(i)),-0.00353584317118744*i*s ; sqrt(Abs(i))
17,0.9186959702037704,B0*i*sqrt(Abs(s)) ; B1 + B2*i,0.53006008511187*i*sqrt(Abs(s)) ; 0.331720209006147*i - 0.00127740613448128
18,0.9185895054722525,B0*i*sqrt(Abs(s)) ; B1*i,0.571227864997592*i*sqrt(Abs(s)) ; 0.352061047889973*i
19,0.9177450944428677,B0*i*s ; -i*sqrt(Abs(r)) + i,0.988534201477476*i*s ; -i*sqrt(Abs(r)) + i
20,0.9175306945223554,B0*s*sqrt(Abs(i)) ; B1 + i + r,0.09086311344096*s*sqrt(Abs(i)) ; i + r - 0.00125362928432267
21,0.917528741158338,B0*Abs(s)**(3/4) ; i*r,0.0470483828820043*Abs(s)**(3/4) ; i*r
22,0.9175276054258374,B0*s*sqrt(Abs(i)) ; i + r,0.0898585642109409*s*sqrt(Abs(i)) ; i + r
23,0.9173163074240415,B1*sqrt(Abs(B0 + i)) ; B2 + i*r,0.0935243473156761*sqrt(Abs(i - 0.00141383867048196)) ; i*r + 0.0014913417875583
24,0.9167656287168443,B0*s*sqrt(Abs(i)) ; sqrt(Abs(B1 + B2*i)),0.0173745017756172*s*sqrt(Abs(i)) ; sqrt(Abs(1.38152987445665*i + 1.2458073792517))
25,0.9167599987449654,B0*s*sqrt(Abs(i)) ; sqrt(Abs(B1 - 2*i)),0.0140226607781569*s*sqrt(Abs(i)) ; sqrt(Abs(2*i + 2.69896871741695))
26,0.9165633070449477,B0*s*sqrt(Abs(i)) ; sqrt(Abs(B1 + i)),0.0206311962279161*s*sqrt(Abs(i)) ; sqrt(Abs(i + 0.623915386963479))
27,0.9165313542918485,B0*s*sqrt(Abs(i)) ; sqrt(Abs(B1 + r)),0.0204485668108995*s*sqrt(Abs(i)) ; sqrt(Abs(r - 0.713903665252051))
28,0.9165262179480945,B0*s*sqrt(Abs(i)) ; sqrt(Abs(B1 + B2*r)),0.0173995365443152*s*sqrt(Abs(i)) ; sqrt(Abs(1.53764762506034*r - 3.29875761084839))
29,0.9163660139199815,B0*s*sqrt(Abs(i)) ; B1*i + r,0.118157246634392*s*sqrt(Abs(i)) ; 3.92589162914338*i + r
30,0.9163061582752478,B0*s*sqrt(Abs(i)) ; sqrt(Abs(B1 + Abs(i)**(3/2))),0.0136214333674216*s*sqrt(Abs(i)) ; sqrt(Abs(Abs(i)**(3/2) - 0.000352491903850278))
31,0.9161403729160996,B0*s*sqrt(Abs(i)) ; sqrt(Abs(B1 + i + r)),0.0501955450932536*s*sqrt(Abs(i)) ; sqrt(Abs(i + r - 0.017848110556623))
32,0.9160501072783118,B0*s*sqrt(Abs(i)) ; i + r + sqrt(Abs(r)),0.0163000203312051*s*sqrt(Abs(i)) ; i + r + sqrt(Abs(r))
33,0.9160325901039378,B0*i*s ; B1 - i,0.000859432356002932*i*s ; -i - 0.0210532443199253
34,0.9159702599365854,B0*s*sqrt(Abs(i)) ; sqrt(Abs(B1 + Abs(r)**(3/2))),0.0121325318853395*s*sqrt(Abs(i)) ; sqrt(Abs(Abs(r)**(3/2) - 0.00605050043303445))
35,0.9159639157695861,B0*i*s ; i + sqrt(Abs(r)),-0.0637734775356903*i*s ; i + sqrt(Abs(r))
36,0.9158808931708312,B0*s*sqrt(Abs(i)) ; sqrt(Abs(i + sqrt(Abs(r)))),0.0328488332416582*s*sqrt(Abs(i)) ; sqrt(Abs(i + sqrt(Abs(r))))
37,0.91567289351422,B0*s*sqrt(Abs(i)) ; sqrt(Abs(i)),0.0169628530870187*s*sqrt(Abs(i)) ; sqrt(Abs(i))
38,0.9156150701502154,B0*i*s ; B1 + r,0.000859171533463137*i*s ; r - 0.0408223878043826
39,0.9154328352779293,B0*i*s ; sqrt(Abs(B1*i + r)),-0.00129161999618128*i*s ; sqrt(Abs(1.66703736541507*i - r))
40,0.9154233570175511,B0*s*sqrt(Abs(i)) ; sqrt(Abs(i - r)),0.0117892313538003*s*sqrt(Abs(i)) ; sqrt(Abs(i - r))
41,0.9152951040652457,B0*s*sqrt(Abs(i)) ; 2*i + r,0.160692523219952*s*sqrt(Abs(i)) ; 2*i + r
42,0.9148472032021068,i*Abs(s)**(3/4) ; B0*i,i*Abs(s)**(3/4) ; 0.747903295739943*i
43,0.9146909717464363,B0*s + i ; B1*i,i + 3.78043107949483*s ; 0.19908317102653*i
44,0.9139744030786492,B0 + i**2 ; B1 + B2*r,i**2 - 0.00255987258050685 ; 0.0810490761598153 - 0.0713419826198431*r
45,0.9139402109251108,B0*s ; B1 + i,0.046061603098456*s ; i + 3.74172573582434
46,0.9139402109097297,B0*s ; B1 + r,0.0460605957852829*s ; r + 7.65156902097067
47,0.9139402107729382,B0*s ; B1*i,0.0460644226820899*s ; 0.0081833160487163*i
48,0.9139402105348695,B0*s ; B1 - r,0.0460661664010414*s ; 2.3814543467444 - r
49,0.9139402034113285,B0*s ; B1*r,0.0460411443191673*s ; 11.3549390073775*r
50,0.9139401610736665,B0*s ; i**2,0.0461140228239482*s ; i**2
51,0.9139401610628778,B0*s ; i + r,0.0461140285058226*s ; i + r
52,0.9139401595582569,B0*s ; -r,0.0461148149936262*s ; -r
53,0.9139401591478421,B0*s ; Abs(i)**(1/4),0.0461150275180602*s ; Abs(i)**(1/4)
54,0.9139401587426459,B0*s ; r**2,0.0461152365158187*s ; r**2
55,0.9139401571369709,B0*s ; -r + Abs(r)**(3/4),2.71994346223081*s ; -r + Abs(r)**(3/4)
56,0.913940154744747,B0*s ; 2*r,0.046117256636358*s ; 2*r
57,0.9139401546405278,B0*s ; -i + r,0.0461173083201807*s ; -i + r
58,0.9139401506765433,B0*s ; sqrt(Abs(i)),0.046119239792983*s ; sqrt(Abs(i))
59,0.9139401501271465,B0*s ; Abs(r)**(1/4),0.046119502416344*s ; Abs(r)**(1/4)
60,0.9139401492282001,B0*s ; i - r,0.0461199295867778*s ; i - r
61,0.9139401465680795,B0*s ; i - Abs(i)**(3/4),0.0460018945540477*s ; i - Abs(i)**(3/4)
62,0.9139401448490801,B0*s ; 2*i,0.0461219673736583*s ; 2*i
63,0.9139401394741609,B0*s ; sqrt(Abs(r)),0.0461243783670836*s ; sqrt(Abs(r))
64,0.9139401381776067,B0*s ; i*r,0.0461249462448507*s ; i*r
65,0.9139401356600978,B0*s ; i,0.0461260346244163*s ; i
66,0.9139401356600978,B0*s ; r,0.0461260346244163*s ; r
67,0.9132979782115019,B0*i*s ; i + sqrt(Abs(B1 - i)),-0.176471946837062*i*s ; i + sqrt(Abs(i + 0.147269532391449))
68,0.9128575527608432,B0*i*s ; i + sqrt(Abs(B1 + r)),-0.0925371675520089*i*s ; i + sqrt(Abs(r - 0.221119015588374))
69,0.9127428864689731,B0*s*sqrt(Abs(i)) ; B1 + r + sqrt(Abs(r)),0.0104052932261636*s*sqrt(Abs(i)) ; r + sqrt(Abs(r)) - 0.532205777821749
70,0.9125209071331617,B0*i*s ; Abs(i)**(3/4),-0.00131685768940672*i*s ; Abs(i)**(3/4)
71,0.9123369124693662,B0 + B1*i ; B2 + r,0.000378408255697223*i + 0.0396763266544272 ; r + 3.00538650135509e-8
72,0.912208117456789,B0*i ; B1*i,2.14488845222435*i ; 2.18818711584252*i
73,0.9121991156234329,B0 + B1*i ; B2*i,0.0405276558441401 - 0.000394033290202863*i ; -0.244236019433817*i
74,0.912160864342275,B0 + B1*i ; B2 + B3*r,0.0398906542498445 - 0.000388593308867267*i ; 0.282517835301147*r - 0.018770448894508
75,0.9119221026237305,B0*i ; 2*i,1.95959451060933*i ; 2*i
76,0.9118909018036713,B0*i*s ; -i + r,0.000679445835198528*i*s ; -i + r
77,0.911461031705356,B0 + B1*i ; B2 + sqrt(Abs(r)),0.000423167232228584*i + 0.0444990906547201 ; sqrt(Abs(r)) - 0.189927484298889
78,0.911109882305042,B0*i + B0*s ; B1*i,7.28948796475586*i + 7.28948796475586*s ; 1.12243652745783*i
79,0.9110204203399106,B0*s*sqrt(Abs(i)) ; i + 2*r,0.00932781805539878*s*sqrt(Abs(i)) ; i + 2*r
80,0.9109355393548464,B0*s*sqrt(Abs(i)) ; sqrt(Abs(B1 + i**2)),0.00961980015634771*s*sqrt(Abs(i)) ; sqrt(Abs(i**2 - 0.0233066786750979))
81,0.9107842625374247,B0*i*s ; i + sqrt(Abs(i)),-0.0744192236609177*i*s ; i + sqrt(Abs(i))
82,0.9107457231193817,B0*s*sqrt(Abs(i)) ; sqrt(Abs(B1 + i*r)),0.00979190727662701*s*sqrt(Abs(i)) ; sqrt(Abs(i*r + 0.0167855442902973))
83,0.9105536531720587,B0*s*sqrt(Abs(i)) ; B1 + r,0.00927629876659994*s*sqrt(Abs(i)) ; r - 0.023166557400318
84,0.9102705529492067,B0*i ; -r + sqrt(Abs(B1 + r)),-0.179785148949061*i ; -r + sqrt(Abs(r - 0.174040984273357))
85,0.9102193090342193,B0*sqrt(Abs(i)) ; B1 + B2*r,0.100205638674835*sqrt(Abs(i)) ; 0.0617513451982221 - 0.050182369718783*r
86,0.9101958765988452,B0*s*sqrt(Abs(i)) ; sqrt(Abs(B1 + Abs(r)**(1/4))),0.0226140324763605*s*sqrt(Abs(i)) ; sqrt(Abs(Abs(r)**(1/4) - 3.32458764363507e-11))
87,0.9096861654844016,B0*i*s ; B1*i + B2*r,0.393032794241605*i*s ; 0.107950672316544*i + 0.000865957911117924*r
88,0.9095864144361837,B0*i - i**2 ; B1*i + B2*r,-i**2 + 0.500707320431041*i ; 0.574127025471229*i - 0.637735243901332*r
89,0.9095200703030846,B0 + B1*i*s ; B2 + B3*i - r,0.711493172435358*i*s - 0.0150210426442658 ; 1.83993400404129*i - r - 0.0728690869236886
90,0.9094456699602764,B0*i*sqrt(Abs(s)) ; B1*i + B2*r,0.586966167740463*i*sqrt(Abs(s)) ; 0.372472711152327*i - 0.00479608087906535*r
91,0.9093883790287186,i*sqrt(Abs(B0 + s)) ; B1*sqrt(Abs(r)) + i,i*sqrt(Abs(s + 0.106932177722567)) ; i - 0.0194800698338594*sqrt(Abs(r))
92,0.9093527846706451,B0*s*sqrt(Abs(i)) ; B1*r,0.117809514896215*s*sqrt(Abs(i)) ; 41.8204112653992*r
93,0.9093527681929513,B0*s*sqrt(Abs(i)) ; r - Abs(r)**(1/4),0.117852708698755*s*sqrt(Abs(i)) ; r - Abs(r)**(1/4)
94,0.9093527670426431,B0*s*sqrt(Abs(i)) ; sqrt(Abs(r**2 - r)),0.117854271071219*s*sqrt(Abs(i)) ; sqrt(Abs(r**2 - r))
95,0.9093527664333423,B0*s*sqrt(Abs(i)) ; sqrt(Abs(r)),0.117855078053765*s*sqrt(Abs(i)) ; sqrt(Abs(r))
96,0.909352766333034,B0*s*sqrt(Abs(i)) ; r,0.117855209610098*s*sqrt(Abs(i)) ; r
97,0.9093527655658502,B0*s*sqrt(Abs(i)) ; Abs(r)**(1/4),0.117757910329965*s*sqrt(Abs(i)) ; Abs(r)**(1/4)
98,0.9093527650699519,B0*s*sqrt(Abs(i)) ; r + sqrt(Abs(r)),0.117856836432727*s*sqrt(Abs(i)) ; r + sqrt(Abs(r))
99,0.9093527616628598,B0*s*sqrt(Abs(i)) ; sqrt(2)*sqrt(Abs(r)),0.11775313558367*s*sqrt(Abs(i)) ; sqrt(2)*sqrt(Abs(r))
100,0.909352759910217,B0*s*sqrt(Abs(i)) ; i*r + r,0.117862992935723*s*sqrt(Abs(i)) ; i*r + r
101,0.9093477890913643,B0*i*Abs(s)**(3/2) ; B1*i + B2*r,0.293699481813708*i*Abs(s)**(3/2) ; -0.0540217203394322*i - 0.142833910939012*r
102,0.9091501798756243,B0*i*Abs(s)**(3/2) ; B1*r,0.328757788763831*i*Abs(s)**(3/2) ; 13.7621290791825*r
103,0.9091501798086753,B0*i*Abs(s)**(3/2) ; B1*r + i*r,0.328760425904429*i*Abs(s)**(3/2) ; i*r + 0.000177101032765901*r
104,0.9091155460875365,B0*i*s**2 ; B1*i + r,-0.96385112688333*i*s**2 ; 2.61809203134306*i + r
105,0.9091135629001327,B0 + B1*i**2 ; B2 + B3*r - i,0.0624366800621305 - 0.12763441754931*i**2 ; -i - 2.99299673979163*r + 1.38024779780176
106,0.9090307913973271,B0*i*s**2 ; B1 + B2*i,0.289442386227061*i*s**2 ; 0.00238796561671942 - 0.11386769351313*i
107,0.9089431676086874,B0*i*s**2 ; B1*i + B2*r,0.255095610233774*i*s**2 ; -0.10880984152855*i + 0.0320990469772898*r
108,0.908940363857716,B0*i*s**2 ; B1*i,0.247505918912397*i*s**2 ; -0.125097366553758*i
109,0.908788137873183,B0 + B1*i*s ; B2 - i*r,0.240012058536885*i*s + 0.00119968242448633 ; -i*r - 0.00751802145343569
110,0.9087658268932827,B0 + B1*i*s ; B2 + B3*r,0.265717298431956*i*s + 0.00709895661123211 ; 0.0129755057880997*r + 0.00417379560222775
111,0.9086844428635313,B0 + B1*i*s ; B2 - r**2,0.243900056433257*i*s + 0.00607521040406114 ; 0.00101456875221167 - r**2
112,0.9086755130241806,B0 + B1*i*s ; r,0.238996080735383*i*s + 0.00569364698789994 ; r
113,0.9086486508163181,B0*i*Abs(s)**(1/4) ; i*sqrt(Abs(B1 + i)),0.680329689184837*i*Abs(s)**(1/4) ; i*sqrt(Abs(i + 0.196644704063363))
114,0.9085037545821287,B0*i*s ; B2*Abs(B1 + r)**(1/4),0.190361742321133*i*s ; -0.0245498014137308*Abs(r + 0.177478647298538)**(1/4)
115,0.9084749679354354,B0*s*sqrt(Abs(i)) ; B1 + 2*i - r,0.024405630767533*s*sqrt(Abs(i)) ; 2*i - r + 0.640538512820543
116,0.9082896941472206,B0*i*s ; B1 + B2*i*r,-0.00143685196954723*i*s ; -0.00149817279021573*i*r + 4.41771750862482
117,0.9081686515371338,B0*i*Abs(s)**(1/4) ; B1*i,0.802560318220849*i*Abs(s)**(1/4) ; 0.636400419417625*i
118,0.9081204904877983,B0*i*s ; sqrt(Abs(B1 + B2*sqrt(Abs(i)))),-0.00137861708838096*i*s ; sqrt(Abs(9.59481399560647*sqrt(Abs(i)) - 1.20237252890305))
119,0.9080431032575319,B0 + B1*i*s ; B2 - sqrt(Abs(i)),0.00134542514125912*i*s + 0.00371673037271223 ; -sqrt(Abs(i)) - 1.52878440482953
120,0.9079108343535717,B0*i*s**2 ; B1 + B2*r + i,-0.00498525801558525*i*s**2 ; i + 1.17643087227619*r + 0.787446328431269
121,0.9078579155510021,B0 + i ; B1 + i,i + 0.0142930209175753 ; i + 0.0148745777086671
122,0.9077801320904635,B0*i*s**2 ; B1 + B2*r,0.00834014922947779*i*s**2 ; 0.184155833855928*r - 0.496254012598366
123,0.9077759409661146,B0*i**2*s ; B1 + B2*i,0.420674114811134*i**2*s ; 0.200351408882732*i - 0.0651839124496312
124,0.9077332526054054,B0*s*Abs(i)**(3/2) ; B1*r + B1*sqrt(Abs(i)),0.0538666138112662*s*Abs(i)**(3/2) ; -0.537954091406592*r - 0.537954091406592*sqrt(Abs(i))
125,0.9076257164623255,B0 + B1*i*s ; B2 - r - sqrt(Abs(i)),0.0717316440025152*i*s - 0.00135301967017161 ; -r - sqrt(Abs(i)) + 0.136312304820021
126,0.9074472626309817,B0*sqrt(Abs(i)) ; B1 - sqrt(Abs(r)),0.0357566696223489*sqrt(Abs(i)) ; 1.05046809628335 - sqrt(Abs(r))
127,0.9073390800250335,s*sqrt(Abs(B0 + sqrt(Abs(s)))) ; -i*r + r**2,s*sqrt(sqrt(Abs(s)) + 6.26222791967905) ; -i*r + r**2
128,0.907339054750422,s*sqrt(Abs(B0 + sqrt(Abs(s)))) ; B1*r,s*sqrt(sqrt(Abs(s)) + 6.26217364308311) ; 13.1444018193069*r
129,0.9073144529389777,B0*i*s ; i*r + i + r,-0.306818894178236*i*s ; i*r + i + r
130,0.9072788076054873,B0 + B1*i*s ; B2 - i - r,0.0120921965592955*i*s - 0.000692207170235588 ; -i - r - 0.570586922836541
131,0.9072617135462742,B0*i*s ; B1 + i,-1.42928507349708*i*s ; i + 0.0823204214990511
132,0.9071859714019139,B0*i**2 ; B1 + B2*r - i,0.00220597629709663*i**2 ; -i - 1.09690276743581*r + 0.978940937493566
133,0.9071427948018591,B0 + B1*i*s ; Abs(B2 + r)**(1/4),-0.00566585059652893*i*s + 0.00113963802751776 ; Abs(r + 0.424257759747705)**(1/4)
134,0.9071416348007009,B0*i*s ; Abs(B1 + i + r)**(1/4),-0.0191718267540197*i*s ; Abs(i + r - 0.0840915190589038)**(1/4)
135,0.9071404655326311,B0*i*s ; Abs(B1 - i + r)**(1/4),-0.00444938689654277*i*s ; Abs(-i + r + 1.79240075970148)**(1/4)
136,0.9070673779012873,B0 + B1*i*s ; 2*i + r,-0.263823057979427*i*s + 0.0158412906411055 ; 2*i + r
137,0.9070357724940203,B0*i*s ; sqrt(Abs(B1 - sqrt(Abs(i - r)))),-0.0014332699832242*i*s ; sqrt(sqrt(Abs(i - r)) + 27.0469092954282)
138,0.9070322276839125,B0*s*sqrt(Abs(i)) ; B1 + 2*i + r,0.171696812737389*s*sqrt(Abs(i)) ; 2*i + r - 0.0162869250755137
139,0.907007111339768,B0*i**2*s ; B1 + B2*r,4.23716414086453e-5*i**2*s ; 6.8981839149154 - 0.0875530443090281*r
140,0.9069906707295854,B0*i*Abs(s)**(3/2) ; Abs(B1 + r)**(1/4),-0.00889535071563079*i*Abs(s)**(3/2) ; Abs(r - 2.34524740751748)**(1/4)
141,0.9069293181214747,B0*s*sqrt(Abs(i)) ; B1 + 2*r,0.00868524692744034*s*sqrt(Abs(i)) ; 2*r - 4.84742275592435e-5
142,0.9068767637993821,B0*i*s ; B1*i*r + i,1.14031978641451*i*s ; -1.44109658271889*i*r + i
143,0.906744902203282,B0*i*s ; B1*sqrt(Abs(i)) + i,-1.54489798895473*i*s ; i + 0.43689971203222*sqrt(Abs(i))
144,0.9067298706310112,B0*i*s ; B1*r - r**2,0.300045740520831*i*s ; -r**2 + 1.61685123588189*r
145,0.9067298691395319,B0*i*s ; -r**2 + Abs(r)**(3/2),0.300017745235219*i*s ; -r**2 + Abs(r)**(3/2)
146,0.9061841601045817,B0 + B1*i ; B2*Abs(i)**(1/4),0.000439211754123273*i + 0.0441789662924073 ; 1.16327984718726*Abs(i)**(1/4)
147,0.9061118817443043,B0*s*sqrt(Abs(i)) ; B1 - i + r,0.00740847344078763*s*sqrt(Abs(i)) ; -i + r + 0.0176826332931841
148,0.9059569428912615,B0 + B1*i ; B2*i + i*r,0.269826640765093*i + 0.00183616960377143 ; i*r + 0.0608032102652119*i
149,0.9058234617544159,B0 + B1*i ; B2 + Abs(i)**(1/4),0.000439148520247275*i + 0.0438947975941977 ; Abs(i)**(1/4) + 0.251824479080265
150,0.9056484261018798,B0*i*s**2 ; B1*r - r**2,0.351564461069166*i*s**2 ; -r**2 + 0.000487523541962638*r
151,0.9056484195582495,B0*i*s**2 ; i*r,0.351482302867314*i*s**2 ; i*r
152,0.9056484157773015,B0*i*s**2 ; r,0.351463603312485*i*s**2 ; r
153,0.9053996167764912,B0 + B1*i*s ; B2 - i*r - i,0.0615913965993024*i*s + 0.00627567137003511 ; -i*r - i + 0.0218304016886557
154,0.9053894873080457,B0 + B1*i ; Abs(B2 + r)**(1/4),0.000437268533133311*i + 0.0432494936024913 ; Abs(r + 3.05755951655855)**(1/4)
155,0.9053655057704316,B0 + B1*i ; Abs(B2 - i)**(1/4),0.000437763429604729*i + 0.0433136335929313 ; Abs(i - 3.48959177913758)**(1/4)
156,0.9052738338787941,B0*i*sqrt(Abs(s)) ; B1 - r + sqrt(Abs(r)),-0.402249314120861*i*sqrt(Abs(s)) ; -r + sqrt(Abs(r)) - 0.177881634433835
157,0.905256658000543,B0 + B1*i ; B2 - r + sqrt(Abs(r)),0.00282882944448508 - 0.0688981834440492*i ; -r + sqrt(Abs(r)) + 2.50327127582957e-11
158,0.9051911601618963,B0 + B1*i ; Abs(i)**(1/4),0.000421766187202609*i + 0.0410469881799837 ; Abs(i)**(1/4)
159,0.9051878237539366,B0 + B1*s ; B2 - i + r,2.75168821825209*s - 64.3884701602014 ; -i + r + 9.35713857640936
160,0.9051620690203858,B0*i ; B1 - r + sqrt(Abs(r)),-0.0750551552730323*i ; -r + sqrt(Abs(r)) + 1.27060473416359e-10
161,0.9049812097551323,B0*i ; B1*i + i*r,0.317357511661362*i ; i*r + 0.0844943166645573*i
162,0.9048832891368335,B0 + B1*i ; B2 + i + r,0.000454692423673312*i + 0.0455037492827621 ; i + r + 1.9214502889847
163,0.9048008088156958,B0*s ; B1*sqrt(Abs(i)),0.0460616471732204*s ; 0.0996180756287679*sqrt(Abs(i))
164,0.9048008088151008,B0*s ; sqrt(Abs(B1 - i)),0.046061299973868*s ; sqrt(Abs(i - 0.124546436902947))
165,0.9048008088090469,B0*s ; B1 + sqrt(Abs(r)),0.0460608993036349*s ; sqrt(Abs(r)) + 3.35719716622069
166,0.9048008087996219,B0*s ; B1 + sqrt(Abs(i)),0.0460605658003152*s ; sqrt(Abs(i)) + 60.6402206459698
167,0.9048008087954088,B0*s ; sqrt(Abs(B1 - r)),0.0460604497782654*s ; sqrt(Abs(r - 0.150404520903317))
168,0.9048008081245359,B0*s ; B1*sqrt(Abs(r)),0.0460553085159488*s ; 0.002149813850367*sqrt(Abs(r))
169,0.9048008024918593,B0*s ; sqrt(Abs(B1 + i)),0.0460427328063226*s ; sqrt(Abs(i + 0.0331847443723396))
170,0.9048007603103256,B0*s ; i + sqrt(Abs(r)),0.0461135700545449*s ; i + sqrt(Abs(r))
171,0.9048007581506887,B0*s ; r + sqrt(Abs(r)),0.0461147163638311*s ; r + sqrt(Abs(r))
172,0.9048007568061662,B0*s ; -i + sqrt(Abs(i)),0.0461154177148666*s ; -i + sqrt(Abs(i))
173,0.9048007524324536,B0*s ; i - sqrt(Abs(r)),0.0461176386349848*s ; i - sqrt(Abs(r))
174,0.9048007524320257,B0*s ; i + sqrt(Abs(i)),0.0461176388479435*s ; i + sqrt(Abs(i))
175,0.9048007482956542,B0*s ; i*sqrt(Abs(r)),0.0461196612850313*s ; i*sqrt(Abs(r))
176,0.9048007481068086,B0*s ; r + sqrt(Abs(i)),0.0461197519436191*s ; r + sqrt(Abs(i))
177,0.9048007424609454,B0*s ; sqrt(Abs(i + r)),0.0461224000583975*s ; sqrt(Abs(i + r))
178,0.9048007411029733,B0*s ; i - sqrt(Abs(i)),0.0461230199990636*s ; i - sqrt(Abs(i))
179,0.9048007354068229,B0*s ; -r + sqrt(Abs(r)),0.0461255550922583*s ; -r + sqrt(Abs(r))
180,0.904794139574257,B0 + B1*i ; B2 - i - r,0.0455511973170861 - 0.000455098313759906*i ; -i - r - 1.85959802964979
181,0.9047416648063213,B0 + B1*Abs(i)**(1/4) ; B2 + B3*i*r,0.0884175786346727*Abs(i)**(1/4) - 0.0184640896108917 ; 0.844682810788742*i*r + 0.00229743321224787
182,0.9046140823487772,B0 + i + s ; B1 + B2*r,i + s + 35.420930227786 ; 100.263612829029 - 2.76102195992849*r
183,0.9046004837578359,B0 + B1*i ; B2 + B3*r + i,0.822728020985765*i - 0.0288005849516523 ; i + 0.0183027076470323*r - 0.0508672097624844
184,0.9045217241106062,B0*sqrt(Abs(s)) ; sqrt(Abs(i + r)),0.0334136426760857*sqrt(Abs(s)) ; sqrt(Abs(i + r))
185,0.9045202363119597,B0*sqrt(Abs(s)) ; B1 + sqrt(Abs(r)),0.0334136426044468*sqrt(Abs(s)) ; sqrt(Abs(r)) + 0.00983433573630818
186,0.9045201978901293,B0*sqrt(Abs(s)) ; i - Abs(i)**(3/4),0.033413642776121*sqrt(Abs(s)) ; i - Abs(i)**(3/4)
187,0.9045188684868662,B0*sqrt(Abs(s)) ; B1 - i,0.0334136422851748*sqrt(Abs(s)) ; 0.00804537988414541 - i
188,0.9045165896740094,B0*sqrt(Abs(s)) ; sqrt(Abs(B1 - i)),0.0334136465206452*sqrt(Abs(s)) ; sqrt(Abs(i - 0.775543790501437))
189,0.904516558167393,B0*sqrt(Abs(s)) ; B1 - r,0.0334136386877054*sqrt(Abs(s)) ; 0.000281265720622402 - r
190,0.9045165113802675,B0*sqrt(Abs(s)) ; B1*i,0.0334136385142802*sqrt(Abs(s)) ; 0.000259678119125538*i
191,0.9045142329821528,B0*sqrt(Abs(s)) ; B1*sqrt(Abs(r)),0.0334136695227425*sqrt(Abs(s)) ; 95.1723467861323*sqrt(Abs(r))
192,0.9045126551097439,B0*sqrt(Abs(s)) ; B1 + i,0.0334135536806007*sqrt(Abs(s)) ; i + 19.4211992844364
193,0.9045112513575182,B0*sqrt(Abs(s)) ; Abs(i)**(5/4),0.0334032270062651*sqrt(Abs(s)) ; Abs(i)**(5/4)
194,0.9045108581887464,B0*sqrt(Abs(s)) ; sqrt(Abs(i)),0.0334031921982439*sqrt(Abs(s)) ; sqrt(Abs(i))
195,0.9045105939609623,B0*sqrt(Abs(s)) ; B1*sqrt(Abs(i)),0.0334031307295053*sqrt(Abs(s)) ; 3.41235989133418*sqrt(Abs(i))
196,0.9045105246997104,B0*sqrt(Abs(s)) ; r,0.0334031092978643*sqrt(Abs(s)) ; r
197,0.9045104998938248,B0*sqrt(Abs(s)) ; i*r,0.0334033525675486*sqrt(Abs(s)) ; i*r
198,0.9045098042729567,B0*sqrt(Abs(s)) ; B1*r,0.0334037458779619*sqrt(Abs(s)) ; 1.13600625459105*r
199,0.9045073145038959,B0*sqrt(Abs(s)) ; i*sqrt(Abs(r)),0.0334070966513282*sqrt(Abs(s)) ; i*sqrt(Abs(r))
200,0.9044953852499614,B0*sqrt(Abs(s)) ; -i + Abs(i)**(3/4),0.0334609870094157*sqrt(Abs(s)) ; -i + Abs(i)**(3/4)
201,0.9044701312116534,B0*sqrt(Abs(s)) ; i,0.0328504400280978*sqrt(Abs(s)) ; i
202,0.9044662668351056,B0*sqrt(Abs(s)) ; B1 + r,0.0339964841555544*sqrt(Abs(s)) ; r + 20.3936163882368
203,0.9044644073222103,B0*sqrt(Abs(s)) ; i + r,0.0339835874868876*sqrt(Abs(s)) ; i + r
204,0.9044592231098791,B0*sqrt(Abs(s)) ; -r + Abs(i)**(3/4),0.0335313219952861*sqrt(Abs(s)) ; -r + Abs(i)**(3/4)
205,0.904393587850131,B0 + B1*i**2 ; B2 - r,0.0570958394630072 - 0.290785440404091*i**2 ; 0.500657217750892 - r
206,0.904086768438704,B0*i + B1*s ; B2 + B3*i - r,-0.0173058340588776*i - 0.0125217508810168*s ; -0.841625554676058*i - r + 0.915712067632167
207,0.9040781628037946,B0 + B1*i ; B2 + B3*i - r,-0.015263402034363*i - 0.0120580209926737 ; -0.852979565968321*i - r + 1.02043459335247
208,0.9039332085442409,B0 + B1*i ; B2 - r,-0.0511152117946036*i - 0.0395726555943136 ; 1.88433096660174 - r
209,0.9038791636677621,B0 + B1*i ; B2*sqrt(Abs(i)) - i,0.039811232649005 - 0.000381067637008963*i ; -i + 0.37771531423992*sqrt(Abs(i))
210,0.9038067720092235,B0 + B1*i ; B2 + i - r,-0.105874968280528*i - 0.142832270611706 ; i - r + 3.80246604861891
211,0.9034734965796379,B0 + B1*i ; B2 - 2*r,-0.0505235350730232*i - 0.127328553533705 ; 7.26247299916246 - 2*r
212,0.9034575123556745,B0*i ; B1 + B2*r - i,-0.0119465166548001*i ; -i - 1.13697039729493*r + 1.04601150243893
213,0.9034248013925423,B0*i ; B1 + B2*i + r,0.0135021921994782*i ; 1.16182638082425*i + r - 0.920873084456036
214,0.9033611116475982,B0*i ; i - sqrt(2)*sqrt(Abs(r)),0.0171958794241739*i ; i - sqrt(2)*sqrt(Abs(r))
215,0.9032444196844683,B0*i*s**2 ; Abs(B1 + r)**(1/4),-0.00780842902099745*i*s**2 ; Abs(r + 4.30884310917754e-11)**(1/4)
216,0.9030277471874678,B0*s*sqrt(Abs(i)) ; i + r + Abs(i)**(1/4),0.0197270411069666*s*sqrt(Abs(i)) ; i + r + Abs(i)**(1/4)
217,0.9030124878207054,i*sqrt(Abs(B0 + s)) ; B1 + i,i*sqrt(Abs(s + 0.428680725063781)) ; i + 0.00024187449752238
218,0.9028954418890924,B1*sqrt(Abs(B0 + i)) ; B2 + r,0.00400733152760882*sqrt(Abs(i + 100.273917733918)) ; r + 7.7485949719772e-8
219,0.9025654326541555,B0 + B1*s - i ; B2*Abs(i)**(3/2),-i - 0.0234762145061915*s - 0.00310047595903786 ; 2.7459130387483*Abs(i)**(3/2)
220,0.9024780949902673,B0*sqrt(Abs(i))*sqrt(Abs(s)) ; B1 + B2*i,0.128797808973558*sqrt(Abs(i))*sqrt(Abs(s)) ; 0.112746790650986*i + 0.00336198486725444
221,0.9021941256703959,Abs(i)**(3/2) ; B0 - r + sqrt(Abs(r)),Abs(i)**(3/2) ; -r + sqrt(Abs(r)) - 0.177895139056731
222,0.9021422562042662,B0*sqrt(Abs(i))*sqrt(Abs(s)) ; B1*sqrt(Abs(i)),0.127462460279801*sqrt(Abs(i))*sqrt(Abs(s)) ; 0.0541413039835876*sqrt(Abs(i))
223,0.9020396324505661,B0 + B1*i ; sqrt(Abs(B2*i + B3)),0.000424461879021291*i + 0.0428779902110451 ; sqrt(Abs(0.68616895071739*i + 4.28402738149528))
224,0.9020317406593478,B0*s*sqrt(Abs(i)) ; B1 + i + 2*r,0.00955817304650068*s*sqrt(Abs(i)) ; i + 2*r - 0.00452009325825153
225,0.9018632372984479,B0 + B1*i ; B2 + B3*sqrt(Abs(r)),0.000400758847731948*i + 0.0401371442754717 ; 0.768902615022926*sqrt(Abs(r)) - 0.112285805656031
226,0.9017258155294169,B0*sqrt(Abs(s)) + i ; B1*sqrt(Abs(i)) + i,i + 0.00582127446812443*sqrt(Abs(s)) ; i + 0.0259704002849731*sqrt(Abs(i))
227,0.901468096343119,B0 + B1*i ; sqrt(Abs(B2 + B3*i)),0.000436929562931369*i + 0.0448425896267962 ; sqrt(Abs(0.803537830632704*i + 6.59536056230171))
228,0.9009841246845169,B0*sqrt(Abs(i)) ; B1*sqrt(Abs(i)),0.230538598750465*sqrt(Abs(i)) ; 0.235354539829696*sqrt(Abs(i))
229,0.9009400267490701,B0*s*sqrt(Abs(i)) ; Abs(B1 - r)**(1/8),0.0227065102023157*s*sqrt(Abs(i)) ; Abs(r - 0.459419081488359)**(1/8)
230,0.9008376238502687,B0 + B1*i*s ; B2 + r,0.000835035478203737*i*s + 0.0150823724708954 ; r - 0.0257052226243878
231,0.900648596238199,B0 + B1*s - i ; B2*i + B3*r,-i + 1.79413932119454*s + 43.3165280735527 ; -0.339125892879594*i - 0.347598737510648*r
232,0.9006203423663118,B0*i ; B1 + i,0.988151491904914*i ; i + 0.000178449304977922
233,0.9005893247764424,B0*i + sqrt(Abs(i)) ; B1 + B2*r,-0.208110540768845*i + sqrt(Abs(i)) ; -2.76495624111247*r - 63.9495397802605
234,0.90055276977644,B0*sqrt(Abs(i))*sqrt(Abs(s)) ; B1*i,0.129681154722402*sqrt(Abs(i))*sqrt(Abs(s)) ; 0.165226143879566*i
235,0.900510632408576,B0 + sqrt(Abs(B1 - sqrt(Abs(i)))) ; B2 + B3*r,sqrt(sqrt(Abs(i)) + 13.7802437324473) - 3.74942111703832 ; 0.139199677036285 - 0.12591373871805*r
236,0.9005071096763217,B0 + B1*i + s ; B2 + B3*sqrt(Abs(r)),-0.00800937548550612*i + s - 0.982156352479347 ; 0.573916603121795*sqrt(Abs(r)) + 2.15020596779599
237,0.900438005612059,B0*i*Abs(s)**(5/4) ; B1*i,0.344109991826689*i*Abs(s)**(5/4) ; 0.0337271002253631*i
238,0.9002431402468448,B0*i + B1*s ; B2*i - i**2,0.550416490306955*i + 0.0139007336713907*s ; -i**2 + 0.717446943357576*i
239,0.8999491194161676,B0*i - i**2 ; B1 + B2*r,-i**2 - 0.42212679664146*i ; 0.103053014346996 - 0.101429788722674*r
240,0.8999406725731885,B0 + B1*i*s ; B2*sqrt(Abs(r)) + i - r,0.349507496813428*i*s - 9.59451198513374e-5 ; i - r - 0.463794979462607*sqrt(Abs(r))
241,0.8999366258713565,i ; B0*i,i ; 1.02432396565006*i
242,0.8997591443813475,B0*i*s ; B1 + B2*i + B2*r,0.252194189322246*i*s ; 0.0312684306571296*i + 0.0312684306571296*r - 0.00679977669970073
243,0.8997014879402311,B0*i ; B1 + i - r,-0.0931085363326598*i ; i - r + 1.1360068184504
244,0.8995955361240717,B0 + B1*i ; B2 + sqrt(Abs(i)),0.000391458644488332*i + 0.043248132553481 ; sqrt(Abs(i)) - 0.0439965630163809
245,0.8995218918173757,B0*sqrt(Abs(i))*Abs(s)**(3/2) ; B1 + B2*r + i,0.0839061354292904*sqrt(Abs(i))*Abs(s)**(3/2) ; i + 1.17962839919024*r - 0.0130405101537093
246,0.8994648501741842,s*sqrt(Abs(B0 + B1*i)) ; B2 + B3*i,s*sqrt(Abs(0.000594910334552365*i - 1.76270717877995e-5)) ; 3.00013101932847*i + 0.605847517742166
247,0.8993730911170009,B0*i ; i,0.976604362384927*i ; i
248,0.8993497660214066,B0*s*sqrt(Abs(i)) ; sqrt(Abs(B1 + B2*i*r)),0.0145906978249431*s*sqrt(Abs(i)) ; sqrt(Abs(0.126022838202276*i*r - 0.444308217763282))
249,0.8993298300325724,B0*s*sqrt(Abs(i)) ; sqrt(Abs(B1 + B2*Abs(r)**(3/2))),0.0143779082158611*s*sqrt(Abs(i)) ; sqrt(Abs(0.644536475887671*Abs(r)**(3/2) - 1.79160810160595))
250,0.8992919910611796,B0 + B1*Abs(s)**(3/4) ; r,0.0467881483977682*Abs(s)**(3/4) + 0.000171430925234117 ; r
251,0.8992744013082457,B0*s - i*s ; B1 + B2*r,-i*s - 0.00364427380834914*s ; 0.0099929293792894*r + 0.0467206226249538
252,0.8992458951323535,B0*i**2*s ; B1*i + B2*sqrt(Abs(r)),3.25401554937054*i**2*s ; 2.57892279933291*i + 0.68016299619919*sqrt(Abs(r))
253,0.8991576328653489,B0*i*s ; B1 + B2*sqrt(Abs(i)) + r,0.00138596305305927*i*s ; r + 8.83378351702985*sqrt(Abs(i)) - 22.9057614138426
254,0.8990617581106904,B0 + B1*i ; B2 + B3*i,0.0449654040278111 - 0.0268171267271645*i ; -0.00318061467073055*i - 0.00761465938465524
255,0.8989953893043162,B0*i + i*sqrt(Abs(s)) ; B1*r + i,i*sqrt(Abs(s)) - 0.0485065118618588*i ; i - 0.101969769474073*r
256,0.8989905612612585,B0*i**2 ; B1 - r,0.0234795585184507*i**2 ; 1.57590060504974 - r
257,0.8989024175662105,B0*s*sqrt(Abs(i)) ; B1 + B2*r + sqrt(Abs(r)),0.013651788726326*s*sqrt(Abs(i)) ; 0.132101604632927*r + sqrt(Abs(r)) - 0.116504408516632
258,0.898882079010455,B0*i + sqrt(2)*i*sqrt(Abs(s)) ; B1*r + i,sqrt(2)*i*sqrt(Abs(s)) - 0.525169037371963*i ; i - 0.166961813446404*r
259,0.8988028079954881,B0*s*Abs(i)**(1/4) ; sqrt(Abs(i)),0.0323869952186546*s*Abs(i)**(1/4) ; sqrt(Abs(i))
260,0.898734327964642,B0*s*sqrt(Abs(i)) ; B1 + sqrt(Abs(B2 + 2*r)),0.0160239907432366*s*sqrt(Abs(i)) ; sqrt(Abs(2*r - 0.462379464465631)) - 0.267032091837913
261,0.898647348752812,B0 + B2*sqrt(Abs(B1 + i)) ; B3 - sqrt(Abs(B4 + r)),0.0829775887705768 - 0.0107994909157197*sqrt(Abs(i - 42.0408240224935)) ; 54.023665123533 - sqrt(Abs(r - 3259.57620620145))
262,0.8985978428339907,B0 + B1*i ; B2 + i,0.971555652330785*i + 0.0258300532951627 ; i + 0.0268918218710658
263,0.8985591731958947,B0*i*Abs(s)**(1/4) ; i,1.14952742994938*i*Abs(s)**(1/4) ; i
264,0.8985511932931153,B0 + B1*i + B1*s ; B2 - i - r + sqrt(Abs(i)),-0.31119045427302*i - 0.31119045427302*s + 0.319836064552881 ; -i - r + sqrt(Abs(i)) - 0.10009382892124
265,0.898458173514853,B0 + B1*i ; B2*i + B3*r,0.570341231675216*i + 0.0124345254745629 ; 0.699537583198733*i + 0.0160384679224047*r
266,0.8984096006383749,B0*sqrt(Abs(i)) + B1*i ; B2 + sqrt(Abs(i)),0.00230887998607681*i + 0.0232641830339459*sqrt(Abs(i)) ; sqrt(Abs(i)) - 0.109627430113095
267,0.8984011278978982,B0*i + i*sqrt(Abs(s)) ; B1*i*sqrt(Abs(r)) + i,i*sqrt(Abs(s)) + 0.0367244631647354*i ; -0.503651748299784*i*sqrt(Abs(r)) + i
268,0.8983990895464643,i ; B0 + i,i ; i + 0.000313551913306005
269,0.8983808142509843,B0*i - i*s ; B1 + B2*i,-i*s + 0.0704261582761678*i ; 0.0478182192438912 - 0.0142062757711383*i
270,0.8983766578562107,B0 + i*s ; B1*sqrt(Abs(i)) + B2*r,i*s + 0.0128668836177213 ; -0.123567712408375*r + 0.292692483340618*sqrt(Abs(i))
271,0.8983484812564427,B0*i + Abs(i)**(3/2) ; B1*i*r + i,0.951706980699447*i + Abs(i)**(3/2) ; 0.368413936684396*i*r + i
272,0.8983322558569728,B0 + B1*i ; B2 + B3*sqrt(Abs(r)) - r,0.0129378539171356 - 0.159515107880448*i ; -r + 1.23103209479858*sqrt(Abs(r)) - 0.269056396533626
273,0.8983039237213216,B1*sqrt(Abs(B0 + i)) ; B2 + i + r,0.00447435316403099*sqrt(Abs(i + 99.9796069175375)) ; i + r + 2.86838235510356
274,0.8982948565652332,B0*s*Abs(i)**(3/2) ; B1 + 2*i - r,0.000248737773611266*s*Abs(i)**(3/2) ; 2*i - r + 7.35878318110629
275,0.8982892601187196,B0 + B1*i ; B3*sqrt(Abs(B2 + r)) - r,-0.157917085799262*i - 0.0229892485039305 ; -r + 1.20409955264098*sqrt(Abs(r - 0.252126390936361))
276,0.8982721582194781,B0*i + B1*s ; B2 + B3*i,0.597279604726817*i + 0.0128630246551102*s ; 0.701441857532066*i + 0.000443718854096313
277,0.8982347201230679,B0*s*sqrt(Abs(i)) ; B1 - r - sqrt(Abs(B2 + i)),0.149814507181575*s*sqrt(Abs(i)) ; -r - sqrt(Abs(i + 6.43162958271546)) + 2.58411652370847
278,0.89821403884236,B0 + B1*s + sqrt(Abs(s)) ; i + Abs(i - r)**(1/4),-0.693611363218246*s + sqrt(Abs(s)) - 0.299968900917537 ; i + Abs(i - r)**(1/4)
279,0.8982140386537828,B0 + B1*s + sqrt(Abs(s)) ; i,-0.693607339267961*s + sqrt(Abs(s)) - 0.299973628049145 ; i
280,0.8982140386214285,B0 + B1*s + sqrt(Abs(s)) ; i + Abs(i)**(1/4),-0.693604239424613*s + sqrt(Abs(s)) - 0.29997644466526 ; i + Abs(i)**(1/4)
281,0.8982140384712772,B0 + B1*s + sqrt(Abs(s)) ; i + sqrt(Abs(i)),-0.693613480904844*s + sqrt(Abs(s)) - 0.2999662293985 ; i + sqrt(Abs(i))
282,0.898214038398154,B0 + B1*s + sqrt(Abs(s)) ; B2*Abs(r)**(1/4) + i,-0.693622497844685*s + sqrt(Abs(s)) - 0.299958794810186 ; i + 0.759502572313267*Abs(r)**(1/4)
283,0.8982140383451654,B0 + B1*s + sqrt(Abs(s)) ; i + Abs(r)**(1/4),-0.693613213970707*s + sqrt(Abs(s)) - 0.299966294173996 ; i + Abs(r)**(1/4)
284,0.8982140382580568,B0 + B1*s + sqrt(Abs(s)) ; i + Abs(B2 + sqrt(Abs(i)))**(1/4),-0.693592273354502*s + sqrt(Abs(s)) - 0.299987062744315 ; i + (sqrt(Abs(i)) + 1.17909063434154)**(1/4)
285,0.8982140380113578,B0 + B1*s + sqrt(Abs(s)) ; i + Abs(B2 + r)**(1/4),-0.693624625836223*s + sqrt(Abs(s)) - 0.299958074778742 ; i + Abs(r + 1.5697350088649)**(1/4)
286,0.8982140343606073,B0 + B1*s + sqrt(Abs(s)) ; B2 + i,-0.693654154170531*s + sqrt(Abs(s)) - 0.29993029070712 ; i + 0.00278666014025334
287,0.8982140328664378,B0 + B1*s + sqrt(Abs(s)) ; i + Abs(B2 + i)**(1/4),-0.693557193242565*s + sqrt(Abs(s)) - 0.300019568952542 ; i + Abs(i + 1.17338488023404)**(1/4)
288,0.8980925449624291,s*sqrt(Abs(B0 + B1*i)) ; B2 + sqrt(Abs(r)),s*sqrt(Abs(0.000392769478787505*i + 0.000421983366293853)) ; sqrt(Abs(r)) + 9.91881677249567e-10
289,0.8980705540400394,B0 + B2*sqrt(Abs(B1 + i)) ; r,0.103825075631761 - 0.137885282064638*sqrt(Abs(i - 0.445625024908075)) ; r
290,0.8980672509613041,B0*s - i*s ; B1 + B2*i,-i*s - 0.00794229814512916*s ; 0.0498743721824512 - 0.0143633304655634*i
291,0.8980611240920947,i*sqrt(Abs(i - s)) ; B0*i,i*sqrt(Abs(i - s)) ; 0.764898587060215*i
292,0.898040388914626,B0 + B1*s*sqrt(Abs(i)) ; B2 - r - sqrt(Abs(r)),0.251142188501889*s*sqrt(Abs(i)) - 0.0626611526135586 ; -r - sqrt(Abs(r)) + 0.177964004064072
293,0.8979906913798598,B0 + i ; i,i - 0.000306132484537335 ; i
294,0.897937129930985,B0 + B1*i*s ; B2 - i + r,0.000685399304368395*i*s + 0.00935710946493308 ; -i + r + 0.0190906627429729
295,0.897851319908144,B0*i + B1*s ; B2*r + i,0.894217274986486*i + 0.00845037583948658*s ; i + 0.000572204510984642*r
296,0.8977350271442384,B0*i + B1*s ; B2 + i,0.891244482090685*i + 0.00893665769873584*s ; i + 0.000236012039090748
297,0.897708809975549,B0*i + B1*s ; i,0.888809731948131*i + 0.00892495003997141*s ; i
298,0.8976947822950583,B0*i*s ; i + Abs(B1 - r)**(1/4),-0.103308301670002*i*s ; i + Abs(r - 0.596212619324446)**(1/4)
299,0.8976757094221824,B0 + B1*sqrt(Abs(i)) ; B2 + B3*sqrt(Abs(r)) - r,0.103101286486437 - 0.137612032248358*sqrt(Abs(i)) ; -r - 1.49551146078794*sqrt(Abs(r)) + 1.45172194198434
300,0.8976720770384172,B1*s*sqrt(Abs(B0 + s)) ; B2 + B3*i*r,0.158243018823012*s*sqrt(Abs(s - 0.94585807817593)) ; 0.0779874269007218*i*r + 0.551526133041489
301,0.8976688651369162,s*sqrt(Abs(B0*s + B1)) ; i - Abs(i)**(3/4),s*sqrt(Abs(0.0257837649554709*s - 0.0243595830432281)) ; i - Abs(i)**(3/4)
302,0.8976625718328507,B0*i*s ; B1*sqrt(Abs(r)) + 2*r,0.300047576336527*i*s ; 2*r + 29.1843031658538*sqrt(Abs(r))
303,0.8976625715384505,B0*i*s ; B1*i*Abs(r)**(5/4),0.300027054305069*i*s ; 0.362992137239299*i*Abs(r)**(5/4)
304,0.8976333498410651,s*sqrt(Abs(B0 + B1*s)) ; i*sqrt(Abs(r)),s*sqrt(Abs(0.0258541708112438*s - 0.0244013834780246)) ; i*sqrt(Abs(r))
305,0.8976211530402822,s*sqrt(Abs(B0 + B1*s)) ; B2*sqrt(Abs(i)) + i,s*sqrt(Abs(0.0265072115189055*s - 0.0249919480937537)) ; i + 0.337967808840765*sqrt(Abs(i))
306,0.8976143822048481,B0*sqrt(Abs(i))*Abs(s)**(3/2) ; B1*sqrt(Abs(i)),0.145470109986376*sqrt(Abs(i))*Abs(s)**(3/2) ; 0.28745616534537*sqrt(Abs(i))
307,0.8975881943176971,B0*i*s ; sqrt(Abs(B1 + i + sqrt(Abs(r)))),-0.00366297420899619*i*s ; sqrt(Abs(i + sqrt(Abs(r)) + 15.7994300777324))
308,0.8974802189959311,s*sqrt(Abs(B0 + i)) ; i - sqrt(Abs(B1 + i + r)),s*sqrt(Abs(i + 6.22313283531011)) ; i - sqrt(Abs(i + r - 0.334503509136295))
309,0.897334003681686,B1*s*sqrt(Abs(B0 - s)) ; r,0.147152255250407*s*sqrt(Abs(s - 0.968392270844223)) ; r
310,0.8972713341940292,B1*s*sqrt(Abs(B0 - s)) ; i,0.1481221228165*s*sqrt(Abs(s - 0.966135033133286)) ; i
311,0.897177219100193,B0*i + i*sqrt(Abs(s)) ; B1*i*r + i,i*sqrt(Abs(s)) + 0.128469957748826*i ; -0.522448081328248*i*r + i
312,0.8970630036261068,B0*sqrt(Abs(i)) + B1*i ; B2 + sqrt(Abs(r)),0.00227836598587593*i + 0.0229670357395377*sqrt(Abs(i)) ; sqrt(Abs(r)) - 0.177929276840451
313,0.8970181737825145,B0*s + i ; B1*Abs(i)**(3/2),i + 3.727404177497*s ; 0.00611051808609403*Abs(i)**(3/2)
314,0.8969553539305251,B0*s + sqrt(Abs(B1 + s)) ; B2*i + B3*r,2.50608187319484*s + sqrt(Abs(s + 0.978962240037026)) ; 0.057257763268579*i + 0.00124868002713814*r
315,0.8968998159479961,B0*s*sqrt(Abs(i)) ; B1 + 3*r,0.00801831920732714*s*sqrt(Abs(i)) ; 3*r - 1.61394659934301e-6
316,0.8966394279207205,B0 + B1*sqrt(Abs(s)) - s ; B2*Abs(i)**(3/2),-s + 1.50874519356068*sqrt(Abs(s)) - 0.507089902624985 ; 0.0919938207729829*Abs(i)**(3/2)
317,0.8964505453567955,B0 - sqrt(Abs(B1 + i)) ; B2 + B3*r - i,11.2549964325578 - sqrt(Abs(i + 153.239889659512)) ; -i - 3.44164025807813*r + 68.7051449109843
318,0.8963713565970056,B0*s*sqrt(Abs(i)) ; sqrt(Abs(B1 + sqrt(Abs(i - sqrt(Abs(i)))))),0.0295426418014212*s*sqrt(Abs(i)) ; sqrt(Abs(sqrt(Abs(i - sqrt(Abs(i)))) - 1.15451709509491))
319,0.8963080018013031,B0*i + i*sqrt(Abs(s)) ; B1*sqrt(Abs(r)) + i,i*sqrt(Abs(s)) - 0.257245172088542*i ; i - 0.0959660062551135*sqrt(Abs(r))
320,0.8962993013116201,B0*s + i ; B1*sqrt(Abs(i)),i + 3.72707689149906*s ; 0.0228463006469661*sqrt(Abs(i))
321,0.896286984793324,B0 + B1*s ; B2 + i,0.0420881965095089*s + 0.00549426266829601 ; i + 0.62523758915576
322,0.896286984766772,B0 + B1*s ; Abs(B2 - i)**(1/4),0.0420883474657001*s + 0.00549388249823062 ; Abs(i - 0.000402489141717301)**(1/4)
323,0.896286984673639,B0 + B1*s ; B2 + sqrt(Abs(r)),0.042089943201213*s + 0.00549518962320704 ; sqrt(Abs(r)) + 2.09216164721041
324,0.8962869846185266,B0 + B1*s ; B2*i - r,0.0420881341213804*s + 0.00549250105263119 ; 0.594151040236897*i - r
325,0.8962869846070476,B0 + B1*s ; B2*r,2.72260692124141*s + 0.35531341671961 ; 55.8866715342196*r
326,0.8962869845612581,B0 + B1*s ; B2*i,0.0420873387889724*s + 0.00549881330389375 ; 0.966239880103426*i
327,0.8962869845445895,B0 + B1*s ; B2 + B3*i,0.0420844068130226*s + 0.00549995321140624 ; 0.0125398772647573*i + 1.85898742995317
328,0.8962869845270675,B0 + B1*s ; B2*sqrt(Abs(r)),0.0420846526476117*s + 0.00550001574178201 ; 0.00205061218355761*sqrt(Abs(r))
329,0.8962869844461151,B0 + B1*s ; B2 + r,2.72260516225168*s + 0.35521739413378 ; r + 0.874449566090813
330,0.8962869844287464,B0 + B1*s ; B2 - 2*i,0.0420919102480948*s + 0.00549279910746309 ; 25.9444706533692 - 2*i
331,0.8962869843101628,B0 + B1*s ; B2 - 2*r,0.042080198126739*s + 0.00549731118680278 ; 0.337884888211595 - 2*r
332,0.8962869842644382,B0 + B1*s ; B2 - r,0.0420797427670861*s + 0.0054995343509219 ; 0.00303280630854457 - r
333,0.8962869842338248,B0 + B1*s ; sqrt(Abs(B2 + i)),0.0420902373979928*s + 0.00549036897406044 ; sqrt(Abs(i + 0.000209248442445804))
334,0.8962869839583252,B0 + B1*s ; B2 + B3*r,0.0420916392012515*s + 0.00549811807784131 ; 0.442181801440464*r + 0.0023846303041374
335,0.8962869838417478,B0 + B1*s ; Abs(B2 + r)**(1/4),0.0420823079118939*s + 0.00550314104964432 ; Abs(r + 0.295311479060335)**(1/4)
336,0.8962869838058243,B0 + B1*s ; i - r,0.0420774674309958*s + 0.00549979693196721 ; i - r
337,0.8962869827962724,B0 + B1*s ; B2*Abs(i)**(1/4),0.0420986996975769*s + 0.00548995342391909 ; 0.00027532765085345*Abs(i)**(1/4)
338,0.8962869824419499,B0 + B1*i ; B2*sqrt(Abs(r)),0.0475944232300593 - 0.0420958119373544*i ; 0.000567901302994889*sqrt(Abs(r))
339,0.8962869823876719,B0 + B1*s ; Abs(B2 - r)**(1/4),0.0420750061697861*s + 0.00549559405072056 ; Abs(r - 0.000957280505606682)**(1/4)
340,0.8962869823096751,B0 + B1*s ; B2*r - i,0.0420735129226884*s + 0.00550502504932861 ; -i + 0.0009151732855974*r
341,0.8962869819489276,B0 + B1*s ; B2 + i + r,0.0420950815678377*s + 0.00548392238055465 ; i + r + 0.0135907680445975
342,0.8962869801883248,B0 + B1*s ; B2 - i,0.042072647046199*s + 0.00551073939406658 ; 0.0602382864443491 - i
343,0.8962869794247911,B0 + B1*s ; B2 - i - r,0.0420667609871858*s + 0.00550111695119409 ; -i - r + 0.0600126792903214
344,0.896286979133514,B0 + B1*i ; B2*r,0.0475729208302235 - 0.0420659426781863*i ; 0.000171531760805472*r
345,0.8962869783123889,B0 + B1*i ; B2*r**2,3.07717905164042 - 2.722608122089*i ; 5.31782724272301*r**2
346,0.896286976582899,B0 + B1*s ; B2 + 2*r,0.0420972720910077*s + 0.0055069559466901 ; 2*r + 0.00717171381650393
347,0.8962869751712527,B0 + B1*s ; sqrt(Abs(B2 + r)),0.0420932486998375*s + 0.00551125150954576 ; sqrt(Abs(r + 0.00172255963767395))
348,0.8962869751639649,B0 + B1*s ; B2 + Abs(i)**(3/2),0.0420653483413914*s + 0.00551674022302361 ; Abs(i)**(3/2) + 0.000470277645262057
349,0.8962869459201451,B0 + B1*s ; sqrt(Abs(i + sqrt(Abs(r)))),0.0421402046157316*s + 0.00547286685946804 ; sqrt(Abs(i + sqrt(Abs(r))))
350,0.8962869224675368,B0 + B1*s ; i - 2*r,0.0420182225564644*s + 0.00552527117979306 ; i - 2*r
351,0.8962869061538018,B0 + B1*s ; i - sqrt(Abs(i)),2.72255689801756*s + 0.352736210643133 ; i - sqrt(Abs(i))
352,0.8962868635302943,B0 + B1*s ; r,2.72254465608729*s + 0.352050759174153 ; r
353,0.8962868588911922,B0 + B1*s ; Abs(r)**(1/8),0.0421832517949906*s + 0.00545446028951597 ; Abs(r)**(1/8)
354,0.8962868312896479,B0 + B1*s ; sqrt(Abs(i)),2.7225367874152*s + 0.351608878888431 ; sqrt(Abs(i))
355,0.8962867541102791,B0 + B1*s ; i*r - i,2.72269410405852*s + 0.360225450659678 ; i*r - i
356,0.8962867468342492,B0 + B1*s ; -r + sqrt(Abs(r)),2.72269545656908*s + 0.360297092857722 ; -r + sqrt(Abs(r))
357,0.8962867390670406,B0 + B1*s ; r**2,0.0422217530301311*s + 0.00543792806876884 ; r**2
358,0.8962867361767156,B0 + B1*i ; i*r,0.0476601354234293 - 0.0422225477262301*i ; i*r
359,0.8962867357756338,B0 + B1*s ; i + r,0.0419503145594499*s + 0.00555445189016459 ; i + r
360,0.896286731234799,B0 + B1*i ; Abs(r)**(1/8),0.0476609063166976 - 0.0422238959066556*i ; Abs(r)**(1/8)
361,0.8962867312343158,B0 + B1*i ; r,0.0476609063972213 - 0.0422238960378106*i ; r
362,0.8962867312321173,B0 + B1*i ; r**2,0.047660906748137 - 0.0422238966346271*i ; r**2
363,0.8962867281564251,B0 + B1*s ; -i + sqrt(Abs(i)),0.04194825210697*s + 0.00555533938365731 ; -i + sqrt(Abs(i))
364,0.8962867276937547,B0 + B1*s ; i + sqrt(Abs(i)),2.72251596397938*s + 0.350434325825328 ; i + sqrt(Abs(i))
365,0.8962867203076019,B0 + B1*s ; 2*i + r,0.0422268311285662*s + 0.00543575365993152 ; 2*i + r
366,0.896286718623098,B0 + B1*s ; sqrt(Abs(r)),0.0419457142534146*s + 0.00555643149081036 ; sqrt(Abs(r))
367,0.8962867138959456,B0 + B1*i ; 2*r,0.0476635535277389 - 0.042228525290384*i ; 2*r
368,0.8962867138747003,B0 + B1*s ; i,0.0422285308705651*s + 0.0054350259038518 ; i
369,0.8962867074235316,B0 + B1*i ; sqrt(Abs(r)),0.0476645199701396 - 0.0422302153415189*i ; sqrt(Abs(r))
370,0.8962866939042209,B0 + B1*s ; i**2,0.0419393384873919*s + 0.00555917539636219 ; i**2
371,0.8962866610626359,B0 + B1*i ; r*sqrt(Abs(i)),0.0476711375151296 - 0.042241786427215*i ; r*sqrt(Abs(i))
372,0.8962866269880166,B0 + B1*s ; Abs(i)**(1/4),0.0422497712914237*s + 0.00542593352391954 ; Abs(i)**(1/4)
373,0.8962747077760701,B0 + B1*i ; i - r,0.0486600607030646 - 0.0862490899365009*i ; i - r
374,0.8962614149066624,B0*s*sqrt(Abs(i)) ; B1 + r**2 + r,0.00794997492181711*s*sqrt(Abs(i)) ; r**2 + r + 0.00211269244736871
375,0.8962213139406383,B0*s*sqrt(Abs(i)) ; B1 + i,0.397522630826701*s*sqrt(Abs(i)) ; i + 0.0609623092742085
376,0.8961778929263942,B0*i*sqrt(Abs(s)) ; B1 + i,0.634252172995161*i*sqrt(Abs(s)) ; i - 0.0351939768430183
377,0.8959490550217979,B0 + i**2 ; B1 + i*r,i**2 - 0.00892231678084233 ; i*r + 0.128014450825148
378,0.895932614196422,B0 + B1*i ; B2 + 2*i,1.9637909206147*i + 0.00756028488253314 ; 2*i + 0.0078079954650404
379,0.8959120957246918,B0*s - i ; B1*i,-i + 0.0732561624514946*s ; 1.74825269046893*i
380,0.8958416496128788,B0 + B1*i ; sqrt(Abs(B2 + r)),0.000404447000923718*i + 0.0452292035815633 ; sqrt(Abs(r - 0.132375910409766))
381,0.8957528007278193,B0*s ; B1 + 2*r,0.0460615234761851*s ; 2*r + 0.163323216182624
382,0.8957528007268645,B0*s ; Abs(B1 + i)**(1/4),0.0460612893608638*s ; Abs(i + 56.4390167711419)**(1/4)
383,0.8957528007268399,B0*s ; Abs(B1 + r)**(1/4),0.0460617564201377*s ; Abs(r + 0.0246813681095431)**(1/4)
384,0.8957528007225279,B0*s ; Abs(B1 - i)**(1/4),0.0460609751584912*s ; Abs(i - 0.0109405261682773)**(1/4)
385,0.8957528007190481,B0*s ; B1*r**2,0.0460622247071676*s ; 0.0161829906775977*r**2
386,0.8957528007178278,B0*s ; B1 - i + r,0.0460622720350187*s ; -i + r + 1.70503744070867
387,0.8957528007120392,B0*s ; B1 - Abs(i)**(1/4),0.0460605780815261*s ; 0.000998497788877873 - Abs(i)**(1/4)
388,0.8957528006991667,B0*s ; B1*i - r,0.0460602502837579*s ; 1.37975459375502*i - r
389,0.8957528006962088,B0*s ; B1 - i*r,0.0460601862807708*s ; -i*r + 0.00017486948785812
390,0.8957528006922726,B0*s ; sqrt(Abs(B1 - sqrt(Abs(r)))),0.0460601055945796*s ; sqrt(Abs(sqrt(Abs(r)) - 0.481291978357355))
391,0.8957528006843744,B0*s ; B1*r - i,0.0460599561874552*s ; -i + 35.549449107918*r
392,0.8957528006607954,B0*s ; B1*r + i,0.0460634655425883*s ; i + 0.0857163995564745*r
393,0.8957528006472294,B0*s ; B1 + i - r,0.0460593896148094*s ; i - r + 0.921278399699177
394,0.8957528005737774,B0*s ; B1 + B2*i,2.71998145937847*s ; 1.40892977127212*i + 46.4508427273128
395,0.8957528005191242,B0*s ; B1 - r + Abs(r)**(3/4),0.0460649520087166*s ; -r + Abs(r)**(3/4) + 0.000191266870892328
396,0.8957528005026221,B0*s ; sqrt(Abs(B1 - sqrt(Abs(i)))),0.0460650850644935*s ; sqrt(Abs(sqrt(Abs(i)) - 12.388142695424))
397,0.8957528004555788,B0*s ; B1 + B2*r,0.0460654396497616*s ; 0.00195657031054761*r + 0.578315094041055
398,0.8957528002509079,B0*s ; B1*i + r,0.0460667074480257*s ; 0.128573058696678*i + r
399,0.8957527993994271,B0*s ; B1 - 2*i,0.0460528666086919*s ; 27.6095899284835 - 2*i
400,0.8957527984808917,B0*s ; B1 + i + r,0.0460727783839411*s ; i + r + 0.00650250929056784
401,0.8957527958895272,B0*s ; B1 + 2*i,0.0460780403442637*s ; 2*i + 0.00122416949632898
402,0.8957527542866374,B0*s ; i*r**2,0.046010356273349*s ; i*r**2
403,0.8957527530527429,B0*s ; -i*r + r,0.0461133824271716*s ; -i*r + r
404,0.8957527493601322,B0*s ; i + 2*r,0.0461153537981419*s ; i + 2*r
405,0.8957527481524524,B0*s ; Abs(i - r)**(1/4),0.0461159830672751*s ; Abs(i - r)**(1/4)
406,0.895752747287866,B0*s ; sqrt(Abs(r - sqrt(2)*sqrt(Abs(i)))),0.0460066369620658*s ; sqrt(Abs(r - sqrt(2)*sqrt(Abs(i))))
407,0.8957527469833209,B0*s ; sqrt(Abs(r - sqrt(Abs(r)))),2.7199431128424*s ; sqrt(Abs(r - sqrt(Abs(r))))
408,0.8957527440020794,B0*s ; -i*r + i,0.0461180923404514*s ; -i*r + i
409,0.8957527435063586,B0*s ; i + Abs(i)**(3/2),0.046004728707795*s ; i + Abs(i)**(3/2)
410,0.8957527408929629,B0*s ; i*r + i,0.0460034465678005*s ; i*r + i
411,0.8957527392507644,B0*s ; 2*i + r,0.0461204144078492*s ; 2*i + r
412,0.8957527377931441,B0*s ; i - 2*r,0.0461211086537983*s ; i - 2*r
413,0.8957527357098385,B0*s ; -i**2 + r,0.0461220871016946*s ; -i**2 + r
414,0.8957527355938499,B0*s ; sqrt(Abs(i))*sqrt(Abs(r)),0.0461221411131976*s ; sqrt(Abs(i))*sqrt(Abs(r))
415,0.8957527338520468,B0*s ; i - Abs(r)**(1/4),0.046122946498494*s ; i - Abs(r)**(1/4)
416,0.8957527290942413,B0*s ; 3*r,0.0461250944986945*s ; 3*r
417,0.8957527269604617,B0*s ; Abs(i)**(1/8),0.0461260346244163*s ; Abs(i)**(1/8)
418,0.8956669173080376,i*sqrt(Abs(B0 + B1*s)) ; B2*sqrt(Abs(i)) + i,i*sqrt(Abs(0.603913721875259*s + 0.724951375525787)) ; i + 0.000917816078383368*sqrt(Abs(i))
419,0.8956643707751638,B1*i*sqrt(Abs(B0 - s)) ; i,0.775318540522625*i*sqrt(Abs(s + 1.19356595949279)) ; i
420,0.8956640175655832,B0*i + B0*s ; B1*i + i*r,0.0405325114722256*i + 0.0405325114722256*s ; i*r + 8.75635508597967e-5*i
421,0.895584256398813,B0*sqrt(Abs(i)) + B1*i ; B2 - r,-0.228970409377976*i + 0.225508110586784*sqrt(Abs(i)) ; 0.0809180313146608 - r
422,0.8954753548590288,B0*sqrt(Abs(s)) ; B1*i - r,0.0334136427446295*sqrt(Abs(s)) ; 0.00428676127222618*i - r
423,0.8954745771511653,B0*sqrt(Abs(s)) ; B1*r - i,0.0334136428333295*sqrt(Abs(s)) ; -i + 0.0701859134713275*r
424,0.895465852649414,B0*sqrt(Abs(s)) ; B1 + B2*i,0.0334032078386278*sqrt(Abs(s)) ; 11.436686873095*i + 1.87253159911343
425,0.8954658319628251,B0*sqrt(Abs(s)) ; B1*i**2,0.0334032050788487*sqrt(Abs(s)) ; 0.195372200881649*i**2
426,0.8954657470030694,B0*sqrt(Abs(s)) ; B1 + i - r,0.0334032618775948*sqrt(Abs(s)) ; i - r + 10.3428737047458
427,0.8954657269875222,B0*sqrt(Abs(s)) ; B1 - i + r,0.0334031881264323*sqrt(Abs(s)) ; -i + r + 0.000410474873000599
428,0.8954656425375911,B0*sqrt(Abs(s)) ; Abs(B1 + i)**(1/4),0.0334032825962348*sqrt(Abs(s)) ; Abs(i + 0.000115188885937285)**(1/4)
429,0.8954644990550288,B0*sqrt(Abs(s)) ; B1 + i + r,0.0334039610034755*sqrt(Abs(s)) ; i + r + 0.337478310534032
430,0.895462345438668,B0*sqrt(Abs(s)) ; -i**2 - r,0.0333981092862565*sqrt(Abs(s)) ; -i**2 - r
431,0.8954492456664336,B0*sqrt(Abs(s)) ; r + Abs(r)**(3/2),0.0333756340197446*sqrt(Abs(s)) ; r + Abs(r)**(3/2)
432,0.8954285364990664,B0*sqrt(Abs(s)) ; B1 + B2*r,0.0328504802202082*sqrt(Abs(s)) ; 1.19347007339744*r + 0.00804788021934911
433,0.895427472033784,B0*sqrt(Abs(s)) ; -sqrt(Abs(i)) + sqrt(Abs(r)),0.0328504732728844*sqrt(Abs(s)) ; -sqrt(Abs(i)) + sqrt(Abs(r))
434,0.8953137845087633,B0*s - i ; B1*Abs(i)**(3/2),-i + 0.0617331189303622*s ; 11.7193996025487*Abs(i)**(3/2)
435,0.895283563059298,B0*Abs(i)**(3/2) ; B1 - 2*r,0.0310338379454933*Abs(i)**(3/2) ; 2.74901444804088 - 2*r
436,0.8950499401730435,B0 + B1*i + B1*s ; B2 + B3*i,0.0939443622522144*i + 0.0939443622522144*s - 0.106459770407847 ; 0.16292262379613*i - 0.169097629703125
437,0.8950368077095302,B0 + B1*s*sqrt(Abs(i)) ; Abs(B2 + 2*i)**(1/4),0.0257639386458082*s*sqrt(Abs(i)) - 0.0193291964417349 ; Abs(2*i + 1.84644716007122)**(1/4)
438,0.8950162452535625,B0 + B1*sqrt(Abs(i)) ; B2 + B3*i + r,0.0433368352479848 - 0.00427063268687558*sqrt(Abs(i)) ; 0.744353534810916*i + r - 0.113131387571387
439,0.8949637642816956,B0*i ; B1 + B2*i,2.10697870474614*i ; 2.1412147388432*i + 9.0291022369117e-5
440,0.8948131592414135,B0*s + i ; sqrt(Abs(r)),i + 3.72691112947876*s ; sqrt(Abs(r))
441,0.8948131589553352,B0*s + i ; B1*r,i + 3.72691251679613*s ; 2.08047114237697*r
442,0.894813158726372,B0*s + i ; B1*Abs(r)**(3/2),i + 3.72691317541883*s ; 13.4463458087234*Abs(r)**(3/2)
443,0.8948131584358017,B0*s + i ; r,i + 3.72691383741236*s ; r
444,0.89481315167141,B0*s + i ; B1*sqrt(Abs(r)),i + 3.72689983577305*s ; 43.6577676942986*sqrt(Abs(r))
445,0.8947873514634787,B0*sqrt(Abs(i)) + B1*i ; B2 - i - 2*r,-0.105448916733709*i + 0.150760812473226*sqrt(Abs(i)) ; -i - 2*r + 0.0906669994540374
446,0.8943964813877444,B0 + B1*sqrt(Abs(s)) ; 2*r,0.0482748609808435*sqrt(Abs(s)) - 0.000358546465412531 ; 2*r
447,0.8943949030337985,B0 + B1*sqrt(Abs(s)) ; B2 - i + r,0.0482019110230104*sqrt(Abs(s)) - 0.000369763094873891 ; -i + r + 36.1845043932558
448,0.8943944752531228,B0 + B1*sqrt(Abs(s)) ; B2 + i - r,0.0479627993265454*sqrt(Abs(s)) - 0.000369196521096661 ; i - r + 9.03250714047731
449,0.8943938968807958,B0 + B1*sqrt(Abs(s)) ; i + r,0.0479625996649335*sqrt(Abs(s)) - 0.000372297782351088 ; i + r
450,0.8943937512453033,B0 + B1*sqrt(Abs(s)) ; B2 - r,0.0480667824782564*sqrt(Abs(s)) - 0.000376402384841119 ; 0.0929220525332767 - r
451,0.8943918264253984,B0 + B1*sqrt(Abs(s)) ; i,0.0480691981666585*sqrt(Abs(s)) - 0.000386744221104494 ; i
452,0.8943909548847797,B0 + B1*sqrt(Abs(s)) ; B2 + B3*r,0.0483918361749296*sqrt(Abs(s)) - 0.000382553283480964 ; 0.00587149504557969*r + 0.00197991459543748
453,0.8943886453793244,B0 + B1*sqrt(Abs(s)) ; B2 + r,0.0481802781634515*sqrt(Abs(s)) - 0.000405032946083812 ; r + 0.000600625767305558
454,0.8943852342507267,B0 + B1*sqrt(Abs(s)) ; B2*r - i,0.048420957342128*sqrt(Abs(s)) - 0.000413863300086297 ; -i + 2.14622512313814*r
455,0.8943847307899812,B0 + B1*sqrt(Abs(s)) ; r,0.0486087775712665*sqrt(Abs(s)) - 0.000393351043317412 ; r
456,0.8943836321323095,B0 + B1*sqrt(Abs(s)) ; B2*r,0.0476739344833938*sqrt(Abs(s)) - 0.000397218135166638 ; 0.182283494269232*r
457,0.8943832145576842,B0 + B1*sqrt(Abs(s)) ; B2*i,0.0476662417695194*sqrt(Abs(s)) - 0.000397211559894694 ; 1.12527998016963*i
458,0.8943814954193191,B0 + B1*sqrt(Abs(s)) ; B2*i*sqrt(Abs(r)),0.0484910826785631*sqrt(Abs(s)) - 0.000429859771547081 ; 4.35931135365365*i*sqrt(Abs(r))
459,0.8943809268681526,B0 + B1*sqrt(Abs(s)) ; Abs(B2 + r)**(1/4),0.0487171792875209*sqrt(Abs(s)) - 0.000397822580137391 ; Abs(r + 0.152165315200777)**(1/4)
460,0.8943805813584287,B0 + B1*sqrt(Abs(s)) ; B2 - sqrt(Abs(i)),0.0484747198365078*sqrt(Abs(s)) - 0.000436849199745291 ; 0.493818296850484 - sqrt(Abs(i))
461,0.8943765391190651,B0 + B1*sqrt(Abs(s)) ; sqrt(Abs(r)),0.0488714008913274*sqrt(Abs(s)) - 0.000388636169301841 ; sqrt(Abs(r))
462,0.8943758685150567,B0 + B1*sqrt(Abs(s)) ; 2*i,0.0487455176297222*sqrt(Abs(s)) - 0.000425134605645453 ; 2*i
463,0.8943746118042385,B0 + B1*sqrt(Abs(s)) ; -i + Abs(i)**(3/2),0.0489251313060511*sqrt(Abs(s)) - 0.000385835668825867 ; -i + Abs(i)**(3/2)
464,0.8943711892420956,B0 + B1*sqrt(Abs(s)) ; i**2,0.0487668310536828*sqrt(Abs(s)) - 0.000451822487748403 ; i**2
465,0.8943706462659865,B0 + B1*sqrt(Abs(s)) ; B2 - sqrt(Abs(B3 + r)),0.0488641075580069*sqrt(Abs(s)) - 0.000433479633183347 ; 0.00208349084375673 - sqrt(Abs(r + 14.0477294499114))
466,0.8943704833486925,B0 + B1*sqrt(Abs(s)) ; Abs(i)**(1/4),0.0489111729005513*sqrt(Abs(s)) - 0.000419927459980851 ; Abs(i)**(1/4)
467,0.8943644199972275,B0 + B1*sqrt(Abs(s)) ; B2 + i,0.0491262646707817*sqrt(Abs(s)) - 0.000386310527408655 ; i + 0.000102043901866262
468,0.8943178811771885,B0 + B1*i*s ; -i + r,0.000637198459754651*i*s + 0.0059160864242634 ; -i + r
469,0.8943108542151696,B0 - i - Abs(s)**(1/4) ; B1 + B2*i,-i - Abs(s)**(1/4) + 0.983539138163572 ; 0.0289955799190138 - 0.10438083933747*i
470,0.8941716535202759,B0*s - sqrt(Abs(i)) ; B1 + B2*r,2.70517411870495*s - sqrt(Abs(i)) ; 2.66207596988058 - 2.71012627875319*r
471,0.8941603580357051,B0*sqrt(Abs(i)) - i ; B1 + B2*sqrt(Abs(r)),-i - 0.304684131923891*sqrt(Abs(i)) ; 0.100636925459919 - 0.0922784893890054*sqrt(Abs(r))
472,0.8941481008323297,B0*i*Abs(s)**(3/2) ; B1 + r,-0.000854504410779439*i*Abs(s)**(3/2) ; r + 0.0895435768708589
473,0.8940750979356084,B1*sqrt(Abs(B0 + i)) ; B3*sqrt(Abs(B2 + r)),0.0479186510614252*sqrt(Abs(i - 0.866827647419951)) ; 0.00102177228854276*sqrt(Abs(r + 0.151351571983204))
474,0.8938790412839259,B0*Abs(i)**(9/8) ; B1 + B2*r**2,0.161182137970535*Abs(i)**(9/8) ; 0.0896484405928719 - 0.0785045427213985*r**2
475,0.8937361535486112,B0 + B1*sqrt(Abs(i)) ; B2 - i - r,0.0375067493075564 - 0.0072547011568941*sqrt(Abs(i)) ; -i - r + 0.25168060868804
476,0.8937041774630156,B0 + B1*i**2 ; B2 + r,0.0398933675638505 - 3.7795628856193e-6*i**2 ; r - 7.46505034047081e-8
477,0.8936979569614749,B0 + B1*sqrt(Abs(i)) ; B2 + B3*i,0.0338034785130472 - 0.0443207773925487*sqrt(Abs(i)) ; 0.0306781233905741*i + 0.0335444972839432
478,0.8936073572086128,B0*sqrt(Abs(i)) + B1*s ; sqrt(Abs(i)) - sqrt(Abs(B2 + i)),2.61054262630567*s - 0.237557103604406*sqrt(Abs(i)) ; sqrt(Abs(i)) - sqrt(Abs(i + 0.467762567767199))
479,0.893513590503934,B0 + B1*sqrt(Abs(s)) - i ; B2*Abs(i)**(3/2),-i - 0.0369578777704514*sqrt(Abs(s)) + 0.00770524257198012 ; 2.55446318394613*Abs(i)**(3/2)
480,0.8934946960590742,B0*i + B1*s ; B2 + i + sqrt(Abs(r)),0.0508976451058757*i + 0.0185736691943188*s ; i + sqrt(Abs(r)) - 0.932072069207837
481,0.8934364185407809,B0 + B1*i ; B2 + B3*i**2,0.0399148439629542 - 0.000383176320932682*i ; -0.0230679661107641*i**2 - 0.155932915985562
482,0.8933875594096982,B0 + B1*Abs(i)**(3/4) ; r,0.0516199766252908 - 0.0461785984222656*Abs(i)**(3/4) ; r
483,0.893330217653732,B0 + B1*i ; B2 - Abs(r)**(5/4),-0.0494305457355096*i - 0.0376295643149653 ; 2.18215850948377 - Abs(r)**(5/4)
484,0.8933106684999791,i*sqrt(Abs(i + s)) ; B0 + i,i*sqrt(Abs(i + s)) ; i - 0.00661010479334593
485,0.8929925863412197,B0*s*sqrt(Abs(i)) ; 2*r + Abs(i)**(3/2),0.00664770985270817*s*sqrt(Abs(i)) ; 2*r + Abs(i)**(3/2)
486,0.8927428344390059,B0 + B1*i**2 ; B2 - i - r**2,0.0377964045657992 - 3.61644121951942e-6*i**2 ; -i - r**2 + 0.346426205293538
487,0.8927317658397557,B0*i + i*s ; i - r,i*s - 0.416545738251383*i ; i - r
488,0.8926324040036913,B0 + B1*i ; B2 - i**2*r,0.0449138167031845 - 0.045168324137989*i ; -i**2*r + 0.034271078042255
489,0.8921302909191599,B0 + B1*i*s ; B2 - i**2,0.000588061781767818*i*s + 0.00805346402570299 ; -i**2 - 0.174548018725489
490,0.8917897820905296,B0*i - i**2 ; B1 + B2*i,-i**2 + 0.464019561299502*i ; 0.0064090785623482 - 0.00231727762058935*i
491,0.8917324356724955,B0*i + B1*s ; B2*sqrt(Abs(i)),0.124492751934801*i + 0.0302303172545846*s ; 0.0854554214356253*sqrt(Abs(i))
492,0.8916737640758892,B0 + B1*i**2 ; B2 - i - r,0.0421288155406824 - 4.168443839197e-6*i**2 ; -i - r - 2.51689919390256
493,0.8916426623297666,B0*i ; B1 + i*r - i,-0.0765353209731853*i ; i*r - i + 0.0306086515902111
494,0.891632126130098,B0*Abs(s)**(5/16) ; i,0.0230949687555999*Abs(s)**(5/16) ; i
495,0.891582501429339,B0*s + B1*i*s ; B2*i,0.393685972782587*i*s - 5.70627887002347e-6*s ; 0.108754319755602*i
496,0.8914370377577303,B0*i + i*sqrt(Abs(s)) ; B1*r*sqrt(Abs(i)) + i,i*sqrt(Abs(s)) + 0.14355343344115*i ; i - 0.0717515866784771*r*sqrt(Abs(i))
497,0.8914291146936607,B0*s + B1*i*s ; B2*sqrt(Abs(i)),0.378374014074957*i*s + 0.00471860347679822*s ; 0.0419261110313267*sqrt(Abs(i))
498,0.8913893742780694,B0*i**2*s**2 ; B1 + B2*i,3.181046784318*i**2*s**2 ; 2.77551886783447*i + 0.0251856814580595
499,0.891387722544917,B0 + B1*i ; B2 - i**2 - r,0.0408823563217592 - 0.000379527894505078*i ; -i**2 - r + 0.28752687695518
500,0.8913818964761971,B0*s*sqrt(Abs(i)) ; B1 + B2*i + B3*r,0.0149063612207893*s*sqrt(Abs(i)) ; 29.7236487423578*i + 29.7571365123558*r - 0.409949085245951
501,0.8913804384109094,B0 + B1*i ; i + r,0.000680158751703451*i + 0.0271577281136404 ; i + r
502,0.8913726947508779,B0*s + i*s ; B1 + B2*i + B3*r,i*s - 0.00890142369549694*s ; 1.57359029882955*i - 0.386255551305893*r - 0.0188057306423978
503,0.8912456010096468,B0*i + B1*i*s ; B2 - r,0.278560497354825*i*s - 0.0199012469713105*i ; -r - 0.0180566986114178
504,0.891240196541723,B0*i + B1*i*s ; B2*r - i*r - i,0.164212229060705*i*s - 0.0120701774177866*i ; -i*r - i - 1.39801164299969*r
505,0.8911418907025652,B0*sqrt(Abs(i)) + B1*i ; B2 - i - r,-0.00183832217665658*i + 0.0184410215267264*sqrt(Abs(i)) ; -i - r - 2.69429276294169
506,0.891113472904057,B0*s + B1*i*s ; B2 - sqrt(Abs(B3*i + r)),0.193856095698534*i*s + 0.00933758718270406*s ; 0.125702380774661 - sqrt(Abs(0.208386450739506*i + r))
507,0.8910970876239068,B0*i + B1*s ; 2*i,1.89435304812948*i + 0.00354358773614629*s ; 2*i
508,0.8910970653059557,B0 + B1*i + B2*s ; B3*i + i*r - r,1.74989549096739*i + 0.566453895019937*s - 0.564773541585493 ; i*r + 1.45802710820804*i - r
509,0.8910944221146038,B0*i**2*s**2 ; B1 + B2*i + B3*r,0.628201414808508*i**2*s**2 ; 3.67573664790084*i + 1.97279355411547*r + 0.236377535619673
510,0.8910862351856786,B0*i + i*Abs(s)**(1/4) ; B1*i,i*Abs(s)**(1/4) - 0.462713136128643*i ; 0.322625208497745*i
511,0.891085162206478,s*sqrt(Abs(B0*i + B1)) ; B2*i + B3*i**2,s*sqrt(Abs(0.0040103747416393*i - 8.15994169148106e-5)) ; 0.0491444406116907*i**2 - 0.364901628049428*i
512,0.8910166135746114,B0 + B1*i*s ; B2 + B3*i*r - r,0.267249203689722*i*s - 0.00989506189713917 ; -1.62484766904403*i*r - r - 0.0773511074402372
513,0.8909425814627887,B0*s*sqrt(Abs(i)) ; B1*i + B2*i**2,0.0533447885335343*s*sqrt(Abs(i)) ; 0.0383184647399512*i**2 - 0.401995306477998*i
514,0.8908997917920243,B0 + B1*s*Abs(i)**(1/4) ; B2*i,0.0518948885816438*s*Abs(i)**(1/4) - 0.0148037060028753 ; -0.576030793466522*i
515,0.8908957420847131,B0*s + B1*s**2 ; B2 + B3*r + i,-0.243438580248555*s**2 + 0.249210877275136*s ; i + 0.000301766920533069*r + 5.36602755383869
516,0.8908957420468552,B0*s + B1*s**2 ; B2*r - r**2,-0.243446800013314*s**2 + 0.249218492681321*s ; -r**2 + 4.16935064967752*r
517,0.8908957419929968,B0*s + B1*s**2 ; sqrt(Abs(r)),-0.243425665680017*s**2 + 0.249199314517039*s ; sqrt(Abs(r))
518,0.8908957419845699,B0*s + B1*s**2 ; i + r,-0.243425115574067*s**2 + 0.24919881636988*s ; i + r
519,0.890895741935728,B0*s + B1*s**2 ; Abs(r)**(1/16),-0.243422296880247*s**2 + 0.249196262211345*s ; Abs(r)**(1/16)
520,0.8908957419332847,B0*s + B1*s**2 ; r*(1 + sqrt(3)),-0.243422172226998*s**2 + 0.249196148126823*s ; r*(1 + sqrt(3))
521,0.8908957418231812,B0*s + B1*i*s ; i*r,0.243417190231969*i*s + 0.00577444131381911*s ; i*r
522,0.8908957416068864,B0*s + B1*s**2 ; r,-0.243409820079098*s**2 + 0.249184952484787*s ; r
523,0.8908957415795471,B0*s + B1*s**2 ; Abs(B2 + r)**(1/4),-0.243408619237324*s**2 + 0.2491840981339*s ; Abs(r + 0.0117031993304722)**(1/4)
524,0.8908957415743932,B0*s + B1*i*s ; r,0.243408891753252*i*s + 0.0057752130311443*s ; r
525,0.8908957415442779,B0*s + B1*s**2 ; B2 + B4*sqrt(Abs(B3 - r)),-0.24346920830597*s**2 + 0.249238409603467*s ; 0.745408255904355*sqrt(Abs(r - 10.7325756905623)) + 0.0439853825191754
526,0.8908957415283839,B0*s + B1*s**2 ; B2 + B3*i,-0.243407156686523*s**2 + 0.249182819623879*s ; 1.03707297266703*i + 0.206174216862059
527,0.8908957413971469,B0*s + B1*s**2 ; sqrt(Abs(i)),-0.243404172889507*s**2 + 0.249179828989538*s ; sqrt(Abs(i))
528,0.8908957397332545,B0*s + B1*s**2 ; i,-0.243375267488953*s**2 + 0.249153610072322*s ; i
529,0.890895739350993,B0*s + B1*s**2 ; B2*r + B3*r**2,-0.243507509528742*s**2 + 0.249273060175632*s ; 0.107599997636305*r**2 + 5.2358730244119*r
530,0.890895737609258,B0*s + B1*i*s ; B2*r,0.243350390948698*i*s + 0.005781027259773*s ; 0.00779665377314583*r
531,0.8908957351252057,B0*s + B1*s**2 ; B2*i + i**2,-0.243328937225398*s**2 + 0.249111920368688*s ; i**2 + 6.75989569685695*i
532,0.8908853235198135,B0*i + B1*i*s ; B2*i - i*r,0.700202096794705*i*s - 0.058037306979818*i ; -i*r + 0.435799529560885*i
533,0.8908534067970515,B0*sqrt(Abs(i))*Abs(s)**(3/2) ; B1 + i + 2*r,0.0113347398126152*sqrt(Abs(i))*Abs(s)**(3/2) ; i + 2*r - 0.0120623951304839
534,0.890851114594716,B0*i*s**2 ; B1*sqrt(Abs(i)) + r,-0.00110785901637415*i*s**2 ; r + 0.0483558545706079*sqrt(Abs(i))
535,0.8908177437828315,B0*i*s**2 ; B1 - i + sqrt(Abs(i))*sqrt(Abs(r)),0.135617557925215*i*s**2 ; -i + sqrt(Abs(i))*sqrt(Abs(r)) - 0.00222993883068869
536,0.8908128145636949,B0 + B1*i + B2*s ; B3*r - i + r**2,1.29210618066519*i + 2.19491725410365*s - 2.18513875220653 ; -i + r**2 - 1.7948517784386*r
537,0.8907365128679039,B0 + B1*i + B2*s ; B3 + B4*sqrt(Abs(i + r)),-0.0013797329885188*i + 0.153092559862451*s - 0.142261656004194 ; 15.6701680952557*sqrt(Abs(i + r)) + 1.3587668998943
538,0.8907345869246339,B0 + B1*i*s**2 ; B2 + B3*i + B4*r,-0.00558987524534513*i*s**2 + 0.000110893554654896 ; 27.3606869602751*i + 27.2205087398113*r + 0.299229506934922
539,0.8907341167306769,B0*sqrt(Abs(i)) + B1*s ; B2 - r,-0.102791516674437*s + 0.149082670810409*sqrt(Abs(i)) ; 0.933799608161055 - r
540,0.8907099751880279,B0*i + B1*i*s ; -sqrt(Abs(r)),0.339972352504824*i*s - 0.0416506238156688*i ; -sqrt(Abs(r))
541,0.89070997518167,B0*i + B1*i*s ; i*r - r,0.3399747863572*i*s - 0.0416513026836996*i ; i*r - r
542,0.890709975159541,B0*i + B1*i*s ; B2*r + i*r**2,0.33997085478474*i*s - 0.0416463817336193*i ; i*r**2 + 0.00873236242022932*r
543,0.8907099751265175,B0*i + B1*i*s ; Abs(r)**(1/4),0.339965286924166*i*s - 0.0416475392377572*i ; Abs(r)**(1/4)
544,0.8907099750993976,B0*i + B1*i*s ; r,0.339963931301487*i*s - 0.0416470524628191*i ; r
545,0.8907099750934582,B0*i + B1*i**2 ; i*r - r,-0.339980817166107*i**2 + 0.298327479381662*i ; i*r - r
546,0.8907099750263471,B0*i + B1*i*s ; sqrt(Abs(r)),0.339984789512139*i*s - 0.0416560728253654*i ; sqrt(Abs(r))
547,0.8907099749774529,B0*i + B1*i**2 ; r,-0.33995945946098*i**2 + 0.298314071269111*i ; r
548,0.8907099746758758,B0*i + B1*i**2 ; r**2,-0.339952335297804*i**2 + 0.298309590925001*i ; r**2
549,0.8907099701463741,B0*i + B1*i*s ; B2*r,0.340046693458472*i*s - 0.0417247790541594*i ; 0.259050839363861*r
550,0.8906559838392405,B0 + B1*i**2 ; Abs(B2 + i - r)**(1/4),0.0377215201355291 - 3.84645855331266e-6*i**2 ; Abs(i - r + 0.0501371139243956)**(1/4)
551,0.8905926234956029,B0 + B1*s*sqrt(Abs(i)) ; B2 - i**2,0.00767494693737398*s*sqrt(Abs(i)) + 0.0115825226483454 ; -i**2 - 0.0394407182509831
552,0.8905834139916585,B0*s*sqrt(Abs(i)) ; B1*i**2 + i + r,0.0905233200773658*s*sqrt(Abs(i)) ; -0.0312052487169062*i**2 + i + r
553,0.8905775612885142,B0*s*sqrt(Abs(i)) ; B1 + 2*i,0.256976481776796*s*sqrt(Abs(i)) ; 2*i + 0.113393643209086
554,0.8905759822242271,B0 + B1*i + B2*s ; B3 + B4*i + B5*r,0.00138556221951178*i + 0.150000448842777*s - 0.14221977546483 ; -26.6135961153615*i - 26.659690271307*r - 4.59391376762846
555,0.8904593886493735,B0*i**2*s**2 ; B1 + B2*r + i,1.11181135596554*i**2*s**2 ; i + 0.516621538173934*r + 0.0898218387486801
556,0.8904117906512553,B1*sqrt(Abs(B0 + i)) ; B2 - r + sqrt(Abs(r)),0.0360633248569121*sqrt(Abs(i + 0.10910257961083)) ; -r + sqrt(Abs(r)) + 0.105270922284757
557,0.8903641424747751,s**2*Abs(i)**(3/2) ; B0*r + i*r,s**2*Abs(i)**(3/2) ; i*r + 4.87983338724282*r
558,0.8903458321612677,B0 + B1*i + B2*s ; B3 + B4*sqrt(Abs(r)),-0.00136252304441604*i + 0.150719590720486*s - 0.140061257413791 ; 0.905121015280705*sqrt(Abs(r)) + 2.33968702709042
559,0.8903448156578652,B0*s + B1*i*s ; Abs(B2*r - i)**(1/4),-0.0276657294626457*i*s + 0.00348074394984468*s ; Abs(i + 0.921924952854748*r)**(1/4)
560,0.8903434496508316,B0 + B1*i + B2*s ; B3 - sqrt(Abs(i)),0.0013478383532368*i + 0.150755951972216*s - 0.138735691442032 ; -sqrt(Abs(i)) - 1.87446242178563
561,0.8903374192629954,B0*Abs(s)**(3/2) ; B1 + sqrt(Abs(r)),0.0443774786076325*Abs(s)**(3/2) ; sqrt(Abs(r)) + 0.000110140793535639
562,0.8903374192617439,B0*Abs(s)**(3/2) ; B1*i*r,0.0443782888344293*Abs(s)**(3/2) ; 0.000890860337475796*i*r
563,0.8903374192546373,B0*Abs(s)**(3/2) ; B1*sqrt(Abs(i)),0.0443769799928999*Abs(s)**(3/2) ; 0.574774725901335*sqrt(Abs(i))
564,0.8903374192058893,B0*Abs(s)**(3/2) ; B1 + B2*r,0.0443757778763887*Abs(s)**(3/2) ; 0.180526329378674*r + 0.658643758900385
565,0.8903374191747804,B0*Abs(s)**(3/2) ; B1 + i + r,0.0443803641391181*Abs(s)**(3/2) ; i + r + 0.431456017189689
566,0.8903374191419919,B0*Abs(s)**(3/2) ; B1*Abs(r)**(3/2),0.0443807905534367*Abs(s)**(3/2) ; 69.659372177061*Abs(r)**(3/2)
567,0.8903374187245586,B0*Abs(s)**(3/2) ; B1*i,0.0443840430039368*Abs(s)**(3/2) ; 0.245672462614946*i
568,0.8903374179748096,B0*Abs(s)**(3/2) ; B1*sqrt(Abs(r)),0.0443682258726475*Abs(s)**(3/2) ; 0.00688083763329206*sqrt(Abs(r))
569,0.8903371327778087,B0*Abs(s)**(3/2) ; i*r,0.044234821876089*Abs(s)**(3/2) ; i*r
570,0.8903371307051109,B0*Abs(s)**(3/2) ; Abs(r)**(1/4),0.0442343058856045*Abs(s)**(3/2) ; Abs(r)**(1/4)
571,0.8903371272407498,B0*Abs(s)**(3/2) ; r,0.0442334475718527*Abs(s)**(3/2) ; r
572,0.8903371217253943,B0*Abs(s)**(3/2) ; i - r,0.0442320915669827*Abs(s)**(3/2) ; i - r
573,0.8903370743041198,B0*Abs(s)**(3/2) ; i,0.0445350033689276*Abs(s)**(3/2) ; i
574,0.8903218716369732,B0 + B1*i + B2*s ; sqrt(Abs(B3 - r)),-0.00139403899902497*i + 0.150860353429567*s - 0.143070409148906 ; sqrt(Abs(r + 18.5257689097883))
575,0.8902507346572037,B1*sqrt(Abs(B0 + i)) ; B2 + B3*r,0.0364607233808686*sqrt(Abs(i + 0.231026060176346)) ; 0.482704395694578 - 0.362306747814216*r
576,0.8902283193912756,B0 + B1*i + B2*s ; B3 + B4*i*r,0.23437842959884*i + 0.00867606399376652*s + 0.00420205786520917 ; 0.703753370003559*i*r + 0.0104182852698133
577,0.8902170271006329,B0*i*s ; B1 + 3*i + r,-0.543024040462254*i*s ; 3*i + r + 0.0570708945817334
578,0.8902062573574028,B0 + B1*s - i ; B2 + B3*sqrt(Abs(r)) - i,-i + 0.0298030356719044*s - 0.029315568897819 ; -i - 0.0534110390347522*sqrt(Abs(r)) + 0.024609851808938
579,0.8901878191170304,s*sqrt(Abs(B0 + i)) ; i - sqrt(Abs(r)),s*sqrt(Abs(i + 6.32320493375356)) ; i - sqrt(Abs(r))
580,0.8901762988887545,B0*i**2*s ; B1 + i,10.3592036141019*i**2*s ; i + 0.118810062084169
581,0.8901491871936511,B0*i + B1*i**2 ; B2 - i**2 + i + r,-0.269670846405323*i**2 - 0.261698363560705*i ; -i**2 + i + r + 0.004004298862571
582,0.8901163868817767,B0 + i ; B1 + B2*i*r + i,i - 0.0276897597811443 ; 0.287130168929643*i*r + i - 0.03525578613178
583,0.8900987279844056,B0*i + B0*s ; B1 + B2*r,0.0445133507427804*i + 0.0445133507427804*s ; 0.0316707243403975 - 0.0239306250060665*r
584,0.8900906481917537,B0 + B1*i + B2*s ; B3*i + i*r + r,-0.489144152814183*i + 0.31361491409588*s - 0.304119269702584 ; i*r + 1.07267358062843*i + r
585,0.8900900607358577,B0 - 2*i ; B1 + B2*sqrt(Abs(r)),-2*i - 0.134136587182935 ; 0.0866775743704678 - 0.0789887693906723*sqrt(Abs(r))
586,0.8900900478964294,B0 - i + s ; B1 + B2*sqrt(Abs(r)),-i + s - 1.13351968388905 ; 0.172783585316698 - 0.11122178312056*sqrt(Abs(r))
587,0.8900413510593564,B0*s + B1*i*s ; B2 + sqrt(Abs(B3 + B4*r)),-0.00172072047602708*i*s + 0.00701546088893959*s ; sqrt(Abs(0.688610842540567*r - 3.12149623789007)) + 1.73374481910201
588,0.8900405470812065,B0*i*s**3 ; B1*i - r,0.071171939219343*i*s**3 ; -1.17835933390756*i - r
589,0.8899883871302579,B0 + B1*sqrt(Abs(i))*sqrt(Abs(s)) ; B2 - i*r,0.161506730312853*sqrt(Abs(i))*sqrt(Abs(s)) - 0.0197645450351143 ; -i*r - 0.00391638217651452
590,0.8899488200528872,B0*s + B1*Abs(s)**(3/2) ; Abs(B2 + i)**(1/8),0.405211376740872*s - 0.395092416025094*Abs(s)**(3/2) ; Abs(i + 0.0024518120296259)**(1/8)
591,0.8899488192027648,B0*s + B1*Abs(s)**(3/2) ; i,0.405141546268506*s - 0.395019134346736*Abs(s)**(3/2) ; i
592,0.889948818593788,B0*s + B1*Abs(s)**(3/2) ; i + r,0.405124993096498*s - 0.395001761803608*Abs(s)**(3/2) ; i + r
593,0.8899292374225712,B0*s*sqrt(Abs(i)) ; sqrt(Abs(B1 - i + sqrt(Abs(B2 + i)))),0.0239408615327092*s*sqrt(Abs(i)) ; sqrt(Abs(i - sqrt(Abs(i + 2.621426579448)) + 1.88732840173579))
594,0.8899225326310949,B0*s**2*sqrt(Abs(i)) ; sqrt(Abs(i)),0.0196409999722387*s**2*sqrt(Abs(i)) ; sqrt(Abs(i))
595,0.8899217237733519,B0*i*sqrt(Abs(s)) ; r - sqrt(Abs(B1 + i)),0.000356257678313564*i*sqrt(Abs(s)) ; r - sqrt(Abs(i + 0.033782330717367))
596,0.8898976005040031,B1*sqrt(Abs(B0 + i)) ; B2 - sqrt(Abs(r)),0.037549620306704*sqrt(Abs(i + 0.620396459238029)) ; 1.31040518019101 - sqrt(Abs(r))
597,0.889883830586371,B0 + B1*i + B2*s ; B3*i + i**2,0.212105444306268*i + 0.0714403385819955*s - 0.0721678298188511 ; i**2 - 0.308349817659743*i
598,0.8898670282140806,B0*i*sqrt(Abs(s)) ; B1 + r,0.000365499918181497*i*sqrt(Abs(s)) ; r - 0.648150545958481
599,0.889830698242934,B0*s - i*s ; B1 + B2*i + B3*r,-i*s - 0.14460807562407*s ; 1.74581362391473*i + 0.371248010343394*r + 0.259922453905733
600,0.8898304325146733,B0 + B1*i ; B2*i - i**2,0.0414234727737481 - 0.000380579399831865*i ; -i**2 + 0.30590311286903*i
601,0.8897516922559943,B0 + B1*i + B2*s ; B3 - i - r,0.00141157664363683*i + 0.14180555498013*s - 0.142728405977241 ; -i - r - 7.06464271297969
602,0.8897421983495487,B0*i*s**2 ; i*sqrt(Abs(B1 + sqrt(Abs(i)))) - r,0.516565008433152*i*s**2 ; i*sqrt(Abs(sqrt(Abs(i)) - 0.700881876668937)) - r
603,0.8897308331755166,B0 + B1*i**2*s ; B2 - i*r - r,0.236413176542302*i**2*s - 0.0168880355543467 ; -i*r - r - 0.551557584649292
604,0.8897159612595429,B0 + B1*i + B2*s ; sqrt(Abs(B3 + sqrt(Abs(r)))),-0.00140211832928414*i + 0.140923978748918*s - 0.141729921139784 ; sqrt(sqrt(Abs(r)) + 47.4955916661395)
605,0.8897026552940916,B0*i + B1*i*s ; Abs(-B2 + i + 2*r)**(1/4),-0.00712748936608089*i*s + 0.000596333071516335*i ; Abs(i + 2*r - 0.763456026432654)**(1/4)
606,0.8896798134466671,B0 + B1*i*s**2 ; B2 + B3*i,-0.00851873809406852*i*s**2 + 0.000513001522959577 ; 0.511754441823179 - 0.186506255332765*i
607,0.8896516877583422,B0 + B1*i + B2*s ; Abs(B3 - i + 2*r)**(1/4),-0.00139925761055858*i + 0.139824202977961*s - 0.141267369807481 ; Abs(-i + 2*r + 2777.23154795876)**(1/4)
608,0.8896516094889754,B0 + B1*i + B2*s ; Abs(B3 + 2*i - r)**(1/4),-0.00139928158027976*i + 0.139826292269788*s - 0.141269402433041 ; Abs(-2*i + r + 2777.3240620475)**(1/4)
609,0.8896395536777277,B0 + B1*i + B2*s ; Abs(B3 - i + r)**(1/4),-0.00139822659322014*i + 0.139596843762892*s - 0.141128099319758 ; Abs(-i + r + 2826.5320843147)**(1/4)
610,0.8896273121449108,B0 + B1*i + B2*s ; Abs(B3 + i)**(1/4),-0.00139716709093599*i + 0.13936731366621*s - 0.140986476152879 ; Abs(i - 2876.24182723715)**(1/4)
611,0.8895907981419019,B0 - i ; B1 + B2*sqrt(Abs(r)),-i - 0.0314083160441902 ; 0.0811274293340642 - 0.0747268649141496*sqrt(Abs(r))
612,0.8895251469780177,B0 + B1*i**2*s ; Abs(B2 + r + sqrt(Abs(r)))**(1/4),1.31846943312618e-5*i**2*s + 0.0104365482195998 ; Abs(r + sqrt(Abs(r)) + 3227.37191407385)**(1/4)
613,0.8894841890996812,B0 + B1*i ; i + r*Abs(i)**(3/2),1.09990627451123*i - 0.000299006352794605 ; i + r*Abs(i)**(3/2)
614,0.889484086323006,B0*i + B1*i*s ; Abs(B2 + r)**(1/4),-0.00660938304493299*i*s + 0.000497423453688299*i ; Abs(r - 0.196170952732452)**(1/4)
615,0.8893566892873743,B0 + B1*i + B2*s ; B3 + B4*i + i*r,-2.16080687892126*i + 0.484143203075307*s - 0.419123481813804 ; i*r - 0.967720404284382*i + 0.031873593783153
616,0.889351025069181,B0*s + i*s ; B1*i*r + B1*i,i*s + 2.15082835425332*s ; 0.0447877243060479*i*r + 0.0447877243060479*i
617,0.8893183956262574,B0 + B1*i ; B2 - r + Abs(r)**(1/4),0.00327335545206233 - 0.0568416171957132*i ; -r + Abs(r)**(1/4) - 5.06523744897609e-11
618,0.8893027849418625,B0*i*s**3 ; B1 + B2*i,-0.02882920719149*i*s**3 ; 0.122217633060837 - 0.283288032126976*i
619,0.8892992351692128,B0 + B1*i + B2*s ; -i + Abs(r)**(5/4),0.143114070560896*i + 0.597101136153596*s - 0.591558156225503 ; -i + Abs(r)**(5/4)
620,0.8892604789215081,B0*s*Abs(i)**(1/4) ; r,0.0750557707509517*s*Abs(i)**(1/4) ; r
621,0.8892318982879539,B0 + B1*s + sqrt(Abs(s)) ; i + Abs(i - r**2)**(1/4),-0.693604347965815*s + sqrt(Abs(s)) - 0.299976252984748 ; i + Abs(i - r**2)**(1/4)
622,0.8892318966044002,B0 + B1*s + sqrt(Abs(s)) ; i + Abs(B2 + r**2)**(1/4),-0.693621029936657*s + sqrt(Abs(s)) - 0.299962547538099 ; i + Abs(r**2 + 0.000216021089275937)**(1/4)
623,0.8892314055152217,s*sqrt(Abs(B0*sqrt(Abs(s)) + B1)) ; i - Abs(i)**(1/4)*sqrt(Abs(r)),s*sqrt(Abs(0.0459702601249949*sqrt(Abs(s)) - 0.0448933847386261)) ; i - Abs(i)**(1/4)*sqrt(Abs(r))
624,0.8892096682504739,B0*i**2 ; B1 + B2*i + B3*r,6.85850884327277e-5*i**2 ; -6.13261700878308*i - 6.23775526781994*r + 5.55570685679435
625,0.8891778021777933,B0*i + B1*s ; B2 + B3*r - i,-0.0144531690113374*i + 2.69347032780107*s ; -i - 1.36671950030672*r - 13.2630062317928
626,0.8891288428004352,B0*i + B1*i*s ; sqrt(Abs(B2 + B3*i*r)),-0.00577144452643683*i*s + 0.00048755531189437*i ; sqrt(Abs(0.0117273981532504*i*r - 1.84351937314544))
627,0.8891256535175359,B0*i ; i*r + Abs(i)**(3/2),0.481692656098552*i ; i*r + Abs(i)**(3/2)
628,0.8890977467430817,B0*i*s ; B1*i + B1*sqrt(Abs(r)) + r,-0.00599398871904636*i*s ; 1.21381634788135*i + r + 1.21381634788135*sqrt(Abs(r))
629,0.8890905045200392,B0*i*s ; Abs(B1 - 2*i + r)**(1/4),-0.00387793880734728*i*s ; Abs(-2*i + r + 3.1157377365623)**(1/4)
630,0.8889717406977617,B0 + B1*Abs(s)**(1/4) ; r,0.0552044954546402*Abs(s)**(1/4) - 0.00887140765148645 ; r
631,0.8889676937350315,B0*s*sqrt(Abs(i)) ; sqrt(Abs(B1 + i*r**2)),0.00825492038997469*s*sqrt(Abs(i)) ; sqrt(Abs(i*r**2 + 0.0283684929961208))
632,0.8889584561158269,B0 + B1*Abs(s)**(1/4) ; B2*r*sqrt(Abs(i)),0.0553866352318156*Abs(s)**(1/4) - 0.00905641375622868 ; 32.8665322479697*r*sqrt(Abs(i))
633,0.888955204986791,B0*i ; -r + sqrt(Abs(B1 + B2*r)),-0.0706932706341975*i ; -r + sqrt(Abs(1.21809663519822*r - 0.11114334945936))
634,0.888912950068482,B0 + B1*Abs(s)**(1/4) ; i,0.0553473947610915*Abs(s)**(1/4) - 0.00922156696020868 ; i
635,0.8889106730775008,B0 + B1*i ; Abs(B2 + i - r)**(1/4),0.000431149667451452*i + 0.0427277307187936 ; Abs(i - r + 11.0253594615837)**(1/4)
636,0.8889024820130234,B0 + B1*Abs(s)**(1/4) ; B2 - r,0.0564173860465722*Abs(s)**(1/4) - 0.00983535733714425 ; 0.419256839257976 - r
637,0.8888943122686883,B0 + B1*i ; Abs(B2 + 2*i)**(1/4),0.000432818405591981*i + 0.0428842793499735 ; Abs(2*i + 11.0963024913365)**(1/4)
638,0.8888143429329962,B0 + B1*i ; Abs(B2 - i + r)**(1/4),0.000432618873869699*i + 0.0430533786243275 ; Abs(i - r + 7.82726336306795)**(1/4)
639,0.8887904208581644,B0 + B1*i ; B2*i - i*r,0.0503632028757556 - 0.130408206594723*i ; -i*r + 0.664835612262743*i
640,0.8887232758805024,B0*sqrt(Abs(i - s)) ; B1 - r + sqrt(Abs(r)),0.0252486426516676*sqrt(Abs(i - s)) ; -r + sqrt(Abs(r)) + 0.071740449116583
641,0.888685944557506,B0*i*s ; -i*r - r**2 + r,0.300062275394451*i*s ; -i*r - r**2 + r
642,0.8886479822806489,s*sqrt(Abs(B0 + B1*s)) ; B2 + 2*i + 2*r,s*sqrt(Abs(0.0261140727434629*s - 0.0245996722086085)) ; 2*i + 2*r + 2.30953177368689
643,0.888598334992112,B0*i + B0*s ; B1 + i,0.0395914285243549*i + 0.0395914285243549*s ; i - 0.216141626665681
644,0.8885956390364514,B0*i - i*s ; B1 + i,-i*s - 0.077148602646384*i ; i + 0.0977565245635895
645,0.8885908716549656,B0*i**2*s ; Abs(i)**(1/4),0.000302575675627782*i**2*s ; Abs(i)**(1/4)
646,0.8885773299652919,B0 + B1*sqrt(Abs(s - sqrt(Abs(i)))) ; B2*sqrt(Abs(r)) + B3*r,0.103552865556328 - 0.105704142642416*sqrt(Abs(s - sqrt(Abs(i)))) ; 0.00042665238974528*r + 0.000226178286416042*sqrt(Abs(r))
647,0.888548183704933,B1*sqrt(Abs(B0 + i)) ; B2 - r,0.0359865774811958*sqrt(Abs(i + 0.20775598591662)) ; 1.27362952532231 - r
648,0.8885249492560532,B0*i + B1*s ; i**2,0.114168017638661*i + 0.0308370842607481*s ; i**2
649,0.8884705622518653,B0 + i*s ; B1 + i,i*s + 0.00239631142478163 ; i - 0.00788649184995738
650,0.8884282040641318,B0 + i*sqrt(Abs(s)) ; i,i*sqrt(Abs(s)) + 0.00496146663783908 ; i
651,0.8884211736511723,B0*s - i*s ; -r + sqrt(Abs(i + r)),-i*s - 0.0837353392491959*s ; -r + sqrt(Abs(i + r))
652,0.8884089607746115,B0*s*sqrt(Abs(i)) ; sqrt(Abs(B1 + sqrt(2)*i*Abs(r)**(3/2))),0.00781332152623107*s*sqrt(Abs(i)) ; sqrt(Abs(sqrt(2)*i*Abs(r)**(3/2) + 0.0210448240636554))
653,0.8882850501569372,B1*sqrt(Abs(B0 + i)) ; B2 - sqrt(Abs(B3 - r)),0.0223715788731248*sqrt(Abs(i + 4.48846126205335)) ; 6.83166380799029 - sqrt(Abs(r + 41.0801144413218))
654,0.8882798397069918,i + s ; B0 + B1*r,i + s ; 2.67156715157144 - 2.7654342899795*r
655,0.8882485461285098,B0*Abs(i)**(3/2) ; B1 + B2*i + B3*r,0.000134198199725626*Abs(i)**(3/2) ; -12.474239438956*i - 12.6017534008656*r + 11.8783999229003
656,0.8882440397833378,B0*s*sqrt(Abs(i)) ; sqrt(Abs(B1 + i**2*r)),0.00866227304663465*s*sqrt(Abs(i)) ; sqrt(Abs(i**2*r + 0.00346790639161914))
657,0.8881740451116855,B0*i + B1*s ; B2*i + B2*sqrt(Abs(i)),0.0614413114973942*i + 0.0406310286521403*s ; 0.0442259224828024*i + 0.0442259224828024*sqrt(Abs(i))
658,0.8880516540397388,B0 + B1*i ; B2 + B3*r - r**2,0.0264087881026299 - 0.130262479445316*i ; -r**2 + 0.760474200133157*r + 0.000999352811427907
659,0.8879917607844182,B0*i + B1*s ; B2*Abs(i)**(3/2) + i*r,0.160128819319495*i + 0.00918878631874643*s ; i*r + 0.0338580386661801*Abs(i)**(3/2)
660,0.8879834557683643,B0*s*sqrt(Abs(i)) ; B1 + 3*i + r,0.225705092919366*s*sqrt(Abs(i)) ; 3*i + r - 0.0239892682157408
661,0.8879762215827494,B0*i + i**2*s ; B1*sqrt(Abs(i - r)) + i,i**2*s + 0.0136123379076741*i ; i + 0.374759706121051*sqrt(Abs(i - r))
662,0.8879444778618557,B0*i + B1*i*s ; sqrt(Abs(B2 + i)),-0.00690212794534958*i*s + 0.00102720865675912*i ; sqrt(Abs(i + 4.32264628128208))
663,0.8879336735766148,B0 - i + sqrt(Abs(s)) ; B1 + B2*i + B3*r,-i + sqrt(Abs(s)) - 0.301996084569969 ; 1.74722694402162*i + 0.694008181426937*r - 0.666178341143798
664,0.8879199703395341,2*i**2 ; B0 + B1*sqrt(Abs(r)),2*i**2 ; 0.0981670719252866 - 0.0914558014609237*sqrt(Abs(r))
665,0.8878555935905774,s*sqrt(Abs(B0 + Abs(i)**(3/4))) ; r,s*sqrt(Abs(i)**(3/4) + 6.37460714638529) ; r
666,0.8877109701792484,B0*i + B0*s ; B1 + B2*sqrt(Abs(i)),0.0357521086044661*i + 0.0357521086044661*s ; 0.0358346362596074 - 0.0456440375048293*sqrt(Abs(i))
667,0.8876471649175224,s*sqrt(Abs(B0 + s*sqrt(Abs(i)))) ; r**2 + Abs(r)**(3/2),s*sqrt(Abs(s*sqrt(Abs(i)) - 6.52876873022144)) ; r**2 + Abs(r)**(3/2)
668,0.8875166901439441,B0*i + B1*i*s ; sqrt(Abs(i)),-0.00395391605768321*i*s + 0.000690757512487441*i ; sqrt(Abs(i))
669,0.8874700451476506,B0*i*Abs(s)**(1/8) ; i,1.11966040269416*i*Abs(s)**(1/8) ; i
670,0.887343309702993,B0 + B1*i ; Abs(i - 2*r)**(1/4),0.000449144080707455*i + 0.0463327123660212 ; Abs(i - 2*r)**(1/4)
671,0.8873241146401816,B0 + B1*s ; B2*sqrt(Abs(r)) - i,0.0420900506853292*s + 0.00549173679590595 ; -i + 0.760974051175738*sqrt(Abs(r))
672,0.8873241143926307,B0 + B1*s ; B2 + B3*sqrt(Abs(r)),0.0420885309419344*s + 0.00549050201740994 ; 0.111453125848285*sqrt(Abs(r)) + 9.33226596420802
673,0.8873241142645498,B0 + B1*s ; B2*r*sqrt(Abs(i)),0.0420932560358118*s + 0.00549508039825712 ; 0.00290699795691676*r*sqrt(Abs(i))
674,0.8873241137700147,B0 + B1*s ; B2*i - sqrt(Abs(r)),0.0420840897981965*s + 0.00550355516389025 ; 1.06131201322635*i - sqrt(Abs(r))
675,0.8873241110283161,B0 + B1*s ; B2*sqrt(Abs(r)) - r,0.0420720416068942*s + 0.00549525595337613 ; -r + 0.00664989426920511*sqrt(Abs(r))
676,0.8873241100521987,B0 + B1*s ; B2 - r - sqrt(Abs(i)),0.0420687587607887*s + 0.00549789715283376 ; -r - sqrt(Abs(i)) + 60.9764093896654
677,0.8872895278687544,B0 + B1*i**2 ; B2*sqrt(Abs(i)),0.0421628556238975 - 0.0305780350911725*i**2 ; -0.00343086652725276*sqrt(Abs(i))
678,0.8871637544567162,B0*s + B1*i*s ; B2*i - i**2 + r,-0.0716647353605231*i*s + 0.0150164628058969*s ; -i**2 + 0.0690535311215753*i + r
679,0.8871384778481668,B1*i*Abs(B0 + s)**(1/4) ; B2*i + i*r,0.289107782791534*i*Abs(s - 0.391844273112369)**(1/4) ; i*r + 0.0112860171869074*i
680,0.8871224549822684,B0*i + B1*s ; Abs(B2 - i + r)**(1/4),-0.0108827852463411*i + 2.72576437731278*s ; Abs(-i + r + 1269.6685338801)**(1/4)
681,0.8871086976116317,B0*i ; B1*r + i,0.995271500114049*i ; i + 0.000592184003720721*r
682,0.8870863311475079,B0*i**2*s ; B1 + 2*i - sqrt(Abs(i)),2.1586233133968*i**2*s ; 2*i - sqrt(Abs(i)) + 0.103577818426642
683,0.8870299292805321,B0*i + B1*i*s ; i**2,0.308136233580496*i*s + 0.0721539103749009*i ; i**2
684,0.8870280860758296,B0*i + B1*s ; sqrt(Abs(B2 + B3*i)),-2.47055359403711*i + 0.297734510652416*s ; sqrt(Abs(0.00240759967520626*i + 0.00223581305681327))
685,0.8870202638211595,B0 + B1*i ; B2 + i*r**2,-0.418617394308787*i - 0.0187128294114218 ; i*r**2 + 0.058848588645572
686,0.887014773184623,B0*i*sqrt(Abs(s)) ; i,1.18521853555703*i*sqrt(Abs(s)) ; i
687,0.886993434387644,B0*i + B0*s ; i,0.0444058401262762*i + 0.0444058401262762*s ; i
688,0.8869257846925007,B0*i + B1*s ; Abs(B2 + i)**(1/4),-0.0107648155269378*i + 2.72559098150093*s ; Abs(i - 1286.2374559487)**(1/4)
689,0.8868969070298574,B0*i ; B1 + i*r,-0.19542694150923*i ; i*r + 0.0751548844884798
690,0.886810940708782,B0 + i ; B1*r + i,i + 6.68390702110027e-5 ; i + 0.000764921287789327*r
691,0.8867952727198144,B0*s ; sqrt(Abs(B1 - 2*r)),0.0460613179410899*s ; sqrt(Abs(2*r - 0.0158518149567805))
692,0.886795272713398,B0*s ; sqrt(Abs(B1 - 2*i)),0.0460608835308411*s ; sqrt(Abs(2*i - 0.0331069263534424))
693,0.8867952727127819,B0*s ; sqrt(Abs(B1 + 2*r)),0.0460608565933371*s ; sqrt(Abs(2*r + 17.1803481585684))
694,0.8867952727095114,B0*s ; sqrt(Abs(B1 + i + r)),0.046060728772869*s ; sqrt(Abs(i + r + 0.0838396622391451))
695,0.8867952726866335,B0*s ; sqrt(Abs(B1 - i + r)),0.0460601316549317*s ; sqrt(Abs(-i + r + 0.0037379080156695))
696,0.8867952726459855,B0*s ; B1 + i*sqrt(Abs(r)),0.0460635822023214*s ; i*sqrt(Abs(r)) + 0.000935578671325867
697,0.8867952725910002,B0*s ; sqrt(Abs(B1 + i - r)),0.0460588050323637*s ; sqrt(Abs(i - r + 0.000353663219736603))
698,0.88679527256094,B0*s ; B1*sqrt(Abs(i)) + r,0.0460645365911796*s ; r + 0.898589873757364*sqrt(Abs(i))
699,0.8867952725189386,B0*s ; sqrt(Abs(B1 + B2*i)),0.0460649101961193*s ; sqrt(Abs(0.000376999189428016*i + 0.00218714384344248))
700,0.8867952725010161,B0*s ; B1 - r + sqrt(Abs(r)),0.0460650576232175*s ; -r + sqrt(Abs(r)) + 0.520066165931136
701,0.8867952723720112,B0*s ; sqrt(Abs(B1*r - i)),0.0460570658360274*s ; sqrt(Abs(i - 0.000181022034417719*r))
702,0.8867952721331962,B0*s ; B1*r*sqrt(Abs(i)),0.0460673056579019*s ; 0.000529871821617803*r*sqrt(Abs(i))
703,0.8867952719755238,B0*s ; sqrt(Abs(B1*i - r)),0.0460680359645038*s ; sqrt(Abs(0.0244357347953259*i - r))
704,0.88679527141632,B0*s ; B1 - i + sqrt(Abs(r)),0.0460529025060098*s ; -i + sqrt(Abs(r)) + 0.000387235697868037
705,0.8867952240090359,B0*s ; -i + r + sqrt(Abs(r)),0.0461142073695886*s ; -i + r + sqrt(Abs(r))
706,0.8867952154690276,B0*s ; sqrt(Abs(2*i - r)),0.0461186403377388*s ; sqrt(Abs(2*i - r))
707,0.886795213338588,B0*s ; Abs(r)**(9/8),0.0461196936204861*s ; Abs(r)**(9/8)
708,0.8867951996908572,B0*s ; i + r + sqrt(Abs(r)),0.0461260346244163*s ; i + r + sqrt(Abs(r))
709,0.8867941254620942,B0*i ; -r + sqrt(Abs(i)),-0.0195049252437905*i ; -r + sqrt(Abs(i))
710,0.8867847586955777,B1*sqrt(Abs(B0 + s)) ; i - sqrt(Abs(B2 + r)),0.0342376872407722*sqrt(Abs(s + 0.0839898817771031)) ; i - sqrt(Abs(r + 2.20364999847933))
711,0.8867833964952128,B1*sqrt(Abs(B0 + s)) ; B2 - r + sqrt(Abs(r)),0.0340868673886582*sqrt(Abs(s + 0.0758519381988049)) ; -r + sqrt(Abs(r)) + 0.988502971095365
712,0.8867762386026937,sqrt(Abs(B0 + B1*i)) ; -2*r + sqrt(2)*sqrt(Abs(r)),sqrt(Abs(0.00117790983002513*i - 0.00128427264721408)) ; -2*r + sqrt(2)*sqrt(Abs(r))
713,0.8867747035834479,B1*sqrt(Abs(B0 + s)) ; B2*r,0.034330782800056*sqrt(Abs(s + 0.0909797682518116)) ; 0.609354056024588*r
714,0.8867739016949645,B1*sqrt(Abs(B0 - s)) ; B2 + sqrt(Abs(r)),0.0342994974758112*sqrt(Abs(s + 0.0913517832971685)) ; sqrt(Abs(r)) + 0.00892801207861579
715,0.8867659901829252,B1*sqrt(Abs(B0 + s)) ; B2*i,0.0336771859369438*sqrt(Abs(s + 0.0844300427657961)) ; 0.00135455057716283*i
716,0.886764852416615,sqrt(Abs(B0 + B1*i)) ; r,sqrt(Abs(0.00117176213277002*i - 0.00127544007225337)) ; r
717,0.8867584616976669,B0 + B1*i ; B2 + B3*i + B4*r,1.61169772475923*i - 0.0451157989157148 ; 1.7800687459213*i + 0.00932080454587863*r - 0.0579843575679891
718,0.886740711472113,B1*sqrt(Abs(B0 - s)) ; r,0.0344921112148026*sqrt(Abs(s + 0.0674218541156733)) ; r
719,0.8867264253522262,B1*sqrt(Abs(B0 + s)) ; i,0.0341312299778314*sqrt(Abs(s + 0.0670028043709971)) ; i
720,0.886726155273805,B0*i + B1*s ; Abs(B2 - r)**(1/4),-0.0104260123093088*i + 2.72445597514173*s ; Abs(r + 1066.40441467618)**(1/4)
721,0.8867138336672158,sqrt(Abs(B0*s + B1)) ; B2*sqrt(Abs(r)),sqrt(Abs(0.00115520807173174*s + 6.69609706644499e-5)) ; 0.118715927316578*sqrt(Abs(r))
722,0.8867001444733463,B0*i + B1*s ; B2 - i,0.000200848968453286*i + 0.0487324857051132*s ; 0.0437125551775107 - i
723,0.8866870572342556,B1*sqrt(Abs(B0 + s)) ; B2 + B3*r,0.0348255632577148*sqrt(Abs(s + 0.0819553165816536)) ; 0.00250991105620879*r + 0.00321773826065639
724,0.8866485192186909,B0*i + B1*s ; B2 - r**2 - r,0.00019823828479075*i + 0.0491094920642958*s ; -r**2 - r + 4.75114869502604
725,0.8866091892495634,B0*i + B1*s ; B2 + r + sqrt(Abs(r)),-0.000198749915575524*i + 0.0487308597862221*s ; r + sqrt(Abs(r)) - 0.148915209235236
726,0.8866063265123567,B0 + B1*i + B2*s ; B3 + i,0.855944681881117*i + 0.0150689325633348*s - 0.044281381036157 ; i - 0.0500033930925769
727,0.8865983378710846,B1*sqrt(Abs(B0 - s)) ; i,0.0347821634819704*sqrt(Abs(s + 0.0505965273109723)) ; i
728,0.8865692781286739,B0 + B1*s - i ; B2 + B3*sqrt(Abs(r)) - r,-i - 0.179968060906965*s + 0.194404451722686 ; -r + 0.985168870635901*sqrt(Abs(r)) - 0.17270575761079
729,0.8865656941067236,B0 + B1*i ; B2 + 2*i + r,0.0474047364857418*i - 0.0398843109575564 ; 2*i + r - 1.94280006210237
730,0.8865647472599579,B0*i + B1*s ; B2 + r,-0.000198957336033896*i + 0.0487064661266979*s ; r + 0.0211837726977636
731,0.8865476392270742,B0*i + B1*s ; B2*r - i,0.00019850009676393*i + 0.0482804149308321*s ; -i - 0.167142037937063*r
732,0.886546113374224,B0 + B1*i + B2*s ; B3 + B4*i - r,-4.41124674156036*i - 5.11153045961077*s + 5.0851099857126 ; -0.139953824283433*i - r + 0.00824101835459578
733,0.8865154103389521,B0*sqrt(Abs(s)) ; B1*r*sqrt(Abs(i)),0.0334136546495752*sqrt(Abs(s)) ; 2.49696465631796*r*sqrt(Abs(i))
734,0.8865096965325658,B0*sqrt(Abs(s)) ; sqrt(Abs(B1 + i - r)),0.0334047634445848*sqrt(Abs(s)) ; sqrt(Abs(i - r + 0.385056705973031))
735,0.8864972546612504,B0*s + B1*i*s ; B2 - i,0.0009333292169687*i*s + 0.026776288105536*s ; 0.040217929129198 - i
736,0.8864233716428164,B0 + B1*i**2 ; i*sqrt(Abs(r)),0.0426715071155885 - 0.0373750844720732*i**2 ; i*sqrt(Abs(r))
737,0.886423350238844,B0 + B1*i**2 ; r,0.0427582771271186 - 0.0376012827741008*i**2 ; r
738,0.8863735043303098,B0 + i*s ; i,i*s + 0.00717229901198077 ; i
739,0.8863120083933481,B0*i + B1*i*s ; i,0.295775901317176*i*s + 0.857769815073366*i ; i
740,0.8862647849924121,B0*i + B1*s ; -i,0.000190327405769379*i + 0.0467242268993895*s ; -i
741,0.8862488081048762,B0 + B1*sqrt(Abs(i)) ; B2*i,0.0520667308520395 - 0.0353333515146682*sqrt(Abs(i)) ; -0.016311756190169*i
742,0.8862461815025022,s*sqrt(Abs(B0 - sqrt(Abs(B1 + i)))) ; B2 - r + sqrt(Abs(r)),s*sqrt(Abs(sqrt(Abs(i + 0.792304985632879)) - 8.772319219415)) ; -r + sqrt(Abs(r)) + 2.41839453253626
743,0.886193254154553,B0*sqrt(Abs(i + s)) ; B1 + i - r,0.0470504515920043*sqrt(Abs(i + s)) ; i - r + 0.95344958101665
744,0.8860994816227571,B0 + B1*i + B1*s ; B2 + B3*i + B4*r,0.018531321178838*i + 0.018531321178838*s - 0.0309442435614571 ; 0.824241065561794*i + 0.661786166164686*r - 0.854248971232228
745,0.886095016710712,B0 + B1*i ; B2 - i - 2*r,-0.0251631018728928*i - 0.0397359247594233 ; -i - 2*r + 3.79085969026685
746,0.8860731370355172,B0*s**2 ; B1 + i,0.0434072319536912*s**2 ; i + 5.52860179570994
747,0.8860731370353988,B0*s**2 ; B1 + B2*r,0.0434072241073214*s**2 ; 0.00314882558289715*r + 0.121143606662479
748,0.8860731366907197,B0*s**2 ; B1*i,0.043413333023705*s**2 ; 0.346045547486827*i
749,0.8860731365867623,B0*s**2 ; B1*r + i,0.0434016516786515*s**2 ; i + 0.00735245984292137*r
750,0.8860731351669945,B0*s**2 ; sqrt(Abs(B1 + r)),0.0433952310961516*s**2 ; sqrt(Abs(r + 0.00917730296031415))
751,0.8860731305204705,B0*s**2 ; B1*sqrt(Abs(i)),0.0434314591135968*s**2 ; 0.013055751311433*sqrt(Abs(i))
752,0.8860731301619422,B0*s**2 ; B1 + B2*i,0.0433836517162346*s**2 ; 0.00336626760662575*i + 0.000561169604702975
753,0.8860731132224312,B0*s**2 ; r,0.0433628080419487*s**2 ; r
754,0.8860731115078421,B0*s**2 ; sqrt(Abs(r)),0.0433612146804119*s**2 ; sqrt(Abs(r))
755,0.8860731110596844,B0*s**2 ; i*r,0.0433608071081192*s**2 ; i*r
756,0.8860731096907154,B0*s**2 ; r + sqrt(Abs(r)),0.0433595834313564*s**2 ; r + sqrt(Abs(r))
757,0.8860731091781565,B0*s**2 ; sqrt(Abs(i)),0.0433591331828922*s**2 ; sqrt(Abs(i))
758,0.8860731073337548,B0*s**2 ; i + r,0.043357546347164*s**2 ; i + r
759,0.8860730999506544,B0*s**2 ; 2*i,0.043464141601184*s**2 ; 2*i
760,0.8860730999506544,B0*s**2 ; i,0.043464141601184*s**2 ; i
761,0.8860616007248844,B0*i + B1*s ; B2 - i - r**2,0.000182899987004771*i + 0.0457492387793564*s ; -i - r**2 + 0.0546403276066057
762,0.8859613258864828,B0 + B1*i + B2*s ; B3 + i + r,0.015316899136562*i + 0.178240138332711*s - 0.187396022853752 ; i + r - 0.904354338893226
763,0.88594479937301,B0*i + B1*s ; B2 - r,-0.0905997833186473*i - 0.0395383987727339*s ; 1.0623883601314 - r
764,0.8859394960104682,B0*i + B1*s ; B2 - i + r,0.000176909981168059*i + 0.0429188504588956*s ; -i + r + 0.0353679888603923
765,0.8858960580053727,B0 + B1*i ; B2*sqrt(Abs(i)) + B3*i,0.0398387516519629 - 0.000381568785847064*i ; -0.8823139177229*i + 0.347500415907534*sqrt(Abs(i))
766,0.885870401280248,B0 + B1*i + B2*s ; B3 - Abs(i)**(3/2),-0.085561334322302*i + 2.66726030010972*s - 2.67099528001237 ; 1.57550567456123 - Abs(i)**(3/2)
767,0.8857725623474955,B0 + B1*s - i ; B2 + i,-i + 0.105492022932676*s - 0.227137892075598 ; i + 0.238344015655685
768,0.8857205602374161,B0*s*sqrt(Abs(i)) ; B1 + B2*r - r**2,0.0984989777893335*s*sqrt(Abs(i)) ; -r**2 + 1.66762221550315*r + 6.10673797615412e-7
769,0.8856699762556944,B0*sqrt(Abs(i))*sqrt(Abs(s)) ; B1 - sqrt(Abs(r)),0.0447882746621897*sqrt(Abs(i))*sqrt(Abs(s)) ; 1.14469233762584 - sqrt(Abs(r))
770,0.8856381254712936,B0*i + i*sqrt(Abs(s)) ; B1*i**2 + i,i*sqrt(Abs(s)) + 0.07932457246005*i ; -3.26489836826401*i**2 + i
771,0.8855993332143715,B0*sqrt(Abs(i)) + B1*i ; B2*sqrt(Abs(r)) - r,-0.157796747827512*i + 0.168590470712467*sqrt(Abs(i)) ; -r + 0.000365012719562974*sqrt(Abs(r))
772,0.8855993310429602,B0*sqrt(Abs(i)) + B1*i ; B2*r,-0.157831347914099*i + 0.168627504410003*sqrt(Abs(i)) ; 0.000466849166574308*r
773,0.8855992923310736,B0*sqrt(Abs(i)) + B1*i ; sqrt(Abs(r)),-0.157929821074499*i + 0.168698355068344*sqrt(Abs(i)) ; sqrt(Abs(r))
774,0.8855650818582552,B0*i + i*Abs(s)**(1/4) ; B2*sqrt(Abs(B1 - r)) + i,i*Abs(s)**(1/4) + 0.127421197187234*i ; i - 0.00239506376548792*sqrt(Abs(r - 0.0241205386267221))
775,0.8854539964073186,B0*i ; B1 + B2*i + B3*r,0.0077806199672709*i ; 1.88990031208463*i + 1.7338879873809*r - 1.59587844841009
776,0.8854488126852463,B0 + B1*sqrt(Abs(s)) ; B2 + B3*r - i,0.0483499902851612*sqrt(Abs(s)) - 0.000375242758398638 ; -i + 0.000983978594541172*r + 0.0160487255802079
777,0.8854220952470165,B0*i + B1*s ; i - r,0.0361699227388264*i + 2.80086780273175*s ; i - r
778,0.8852306186105886,B0*sqrt(Abs(i - s)) ; i,0.0370815270307587*sqrt(Abs(i - s)) ; i
779,0.8852304800478122,B1*sqrt(Abs(B0 + i)) ; B2 + i - r,0.0542206671455881*sqrt(Abs(i - 0.17784061587324)) ; i - r + 0.739960337233245
780,0.8851925610688334,B0 + B1*i + B2*s ; B3 + B4*r**2,0.259741543806069*i + 0.409904790155177*s - 0.419669155540739 ; 0.13639567291775*r**2 - 0.0548856233917475
781,0.8851903948083968,B0*i + B1*s ; B2 + sqrt(Abs(i - r)),-0.000188418767457007*i + 0.0473363169215633*s ; sqrt(Abs(i - r)) + 1.21532648965302
782,0.885184540484425,B0 + B1*i + B1*s ; B2*i,-0.000396871487918641*i - 0.000396871487918641*s + 0.0408191370376542 ; -0.244443557387943*i
783,0.8851626134793673,B0 + B1*i**2 ; B2 + B3*i,0.0420249862285906 - 1.06712237974278e-5*i**2 ; 0.0497771901806616*i + 3.34176570016626
784,0.8851536315980506,B0 + B1*i*s ; B2 + B3*r - i,0.000502219795561118*i*s + 0.00494608852261909 ; -i + 18.8666060052931*r + 0.0149166847792385
785,0.8851406981833062,B0*i + B1*s ; B2 - r - sqrt(Abs(r)),-0.164521343013112*i - 0.114264960839087*s ; -r - sqrt(Abs(r)) + 2.04977355708523
786,0.8851404499825083,B0*i*sqrt(Abs(s)) ; B1 + B2*r,0.00670060910607094*i*sqrt(Abs(s)) ; -0.313465288456272*r - 1.44440773837398
787,0.8850921674800123,B0 + B2*sqrt(Abs(B1 + i)) ; B3*i,0.218115516459035 - 0.0124797134059861*sqrt(Abs(i + 202.606060472482)) ; -0.239265762696415*i
788,0.8850899514284154,B0 + B1*sqrt(Abs(i)) ; -r + sqrt(Abs(i)),0.060580177610649 - 0.0743312741498089*sqrt(Abs(i)) ; -r + sqrt(Abs(i))
789,0.885065677225451,B0*Abs(i)**(1/4) ; B1 + B2*r,0.0438946031086736*Abs(i)**(1/4) ; 0.0299967283877525 - 0.0213567355946006*r
790,0.8850644907784139,B1*sqrt(Abs(B0 - i*s)) ; B2 + B3*r,0.0887211263176249*sqrt(Abs(i*s - 0.00749613079175385)) ; 0.124269738938788 - 0.105581634588948*r
791,0.8850301922729413,B0 - i ; B1 + B2*sqrt(Abs(r)) - r,0.0217955479543867 - i ; -r + 1.05939902753396*sqrt(Abs(r)) - 0.199716911846727
792,0.8850189040575696,B0*i*s ; B1*i - i*r + r,0.0893226703836078*i*s ; -i*r - 0.0340259625928439*i + r
793,0.8850170988159942,B0 + B1*i**2*s ; r,0.268048222489375*i**2*s + 0.0289587566890297 ; r
794,0.884947896256061,B0 + B1*i + B2*s ; B3 + B4*r - i,0.000697596235134827*i + 0.0919657705664948*s - 0.0666337972711893 ; -i + 0.324126878880208*r + 0.0311610077159968
795,0.884894764704289,s*Abs(B0 + i)**(1/4) ; i,s*Abs(i + 53.8260420019737)**(1/4) ; i
796,0.8848824017046851,B0*i + i*s ; B1 + B2*r,i*s - 0.504131422205471*i ; 0.00841563600231481 - 0.117695693588373*r
797,0.8848450103756654,B0*s*sqrt(Abs(i)) ; 2*i + sqrt(Abs(B1 - r)),0.107805282345953*s*sqrt(Abs(i)) ; 2*i + sqrt(Abs(r - 0.133575330863536))
798,0.884844141991026,B0*i + B1*s ; B2*Abs(i)**(1/4),-0.000182154781904787*i + 0.0464170930517494*s ; 3.82943859158453*Abs(i)**(1/4)
799,0.884833364536604,B0 + B1*sqrt(Abs(i)) ; B2*i**2,0.0562086657634667 - 0.0445696271072116*sqrt(Abs(i)) ; -0.00884210728293765*i**2
800,0.8847060216184911,B0*s + s*sqrt(Abs(i)) ; B1 + i,s*sqrt(Abs(i)) - 0.357624205313486*s ; i + 0.220701924997059
801,0.8846963621789528,B0*s - s*sqrt(Abs(i)) ; i,-s*sqrt(Abs(i)) + 0.268140268509959*s ; i
802,0.8846464472749657,B0*i + B1*Abs(i)**(3/2) ; sqrt(Abs(i)),-0.00427443304645687*i - 0.000424885528550465*Abs(i)**(3/2) ; sqrt(Abs(i))
803,0.8846226745667302,B0*Abs(i)**(1/4) + B1*i ; B2*i + B3*r,0.00131383263981738*i + 0.042428732821801*Abs(i)**(1/4) ; 0.363944011411693*i + 0.740762833530963*r
804,0.8846117652227985,B0*i + i*s ; B1 + B2*i*r,i*s - 0.486318854879242*i ; 0.107009466932201*i*r + 0.00691402220506996
805,0.8845907055556692,s*sqrt(Abs(B0 + B1*sqrt(Abs(i)))) ; B2*r - i*r,s*sqrt(Abs(0.0185474118731303*sqrt(Abs(i)) - 0.00502228300569157)) ; -i*r + 0.0118088521610423*r
806,0.8845134949921835,B0 + B1*i + B2*s ; B3 - i,0.00071734822135192*i + 0.0960400259829564*s - 0.0691966778953505 ; 0.0241709786896083 - i
807,0.8844556297060575,B0*i + i*s ; B1 - r,i*s - 0.525998400677455*i ; 0.0207459562083396 - r
808,0.8844362230755894,B0*i - i**2 ; B1 - 2*r,-i**2 + 0.453661026812579*i ; 0.0346266044227683 - 2*r
809,0.8843163498270684,B0*s - i*s ; B1 - r + sqrt(Abs(B2 + r)),-i*s + 0.0477001367119315*s ; -r + sqrt(Abs(r + 0.0578313143653496)) - 0.240457301985915
810,0.8842293720335287,B0*i + B1*s ; B2 - i - r,-0.00217311127449114*i + 0.0419711083794728*s ; -i - r + 0.766423454808419
811,0.8841871186024395,B0*sqrt(Abs(i))*Abs(s)**(3/2) ; B1*i*r,0.122792535122734*sqrt(Abs(i))*Abs(s)**(3/2) ; 1.75998867827212*i*r
812,0.8841871185686421,B0*sqrt(Abs(i))*Abs(s)**(3/2) ; B1*r,0.12279424204547*sqrt(Abs(i))*Abs(s)**(3/2) ; 18.0223692367584*r
813,0.8841860034220418,B0 + B1*i + s ; B2 + B3*sqrt(Abs(r)) - r,-0.106854282839598*i + s - 0.974259329429076 ; -r + 3.39187722723524*sqrt(Abs(r)) - 2.04729461598844
814,0.884139734764114,B0*i + i**2 ; B1 - r + sqrt(Abs(B2 + r)),i**2 + 0.0152710882282013*i ; -r + sqrt(Abs(r + 0.00431841247105858)) - 0.148674339248801
815,0.8841150921772124,B0*i + s ; B1*i**2 + B2*r,-1.69585385206682*i + s ; 0.157700725827494*i**2 - 0.00458331192810265*r
816,0.884069625410511,B0*s*Abs(i)**(1/8) ; B1 + B2*r**2,0.0552206206358723*s*Abs(i)**(1/8) ; 0.691201728131351*r**2 + 0.0379766256541423
817,0.8839825939409306,B0*i + B1*s ; B2 - i**2 - i,-0.0152652875083599*i + 0.0448695310988065*s ; -i**2 - i + 0.0739703050564222
818,0.8839323822759458,B0*i + i*sqrt(Abs(s)) ; B1*i*r**2 + i,i*sqrt(Abs(s)) + 0.189178804897872*i ; -0.577247985034486*i*r**2 + i
819,0.883919756780505,B0*Abs(s)**(5/4) ; B1 + i + r,0.0451013503959635*Abs(s)**(5/4) ; i + r + 10.226629496888
820,0.8839197453032539,B0*Abs(s)**(5/4) ; i - sqrt(Abs(B1 + i)),0.0451334730680244*Abs(s)**(5/4) ; i - sqrt(Abs(i + 0.000309438324592021))
821,0.8839196197763174,B0*Abs(s)**(5/4) ; i**2,0.0450113690855877*Abs(s)**(5/4) ; i**2
822,0.8839195999775687,B0*Abs(s)**(5/4) ; i*r,0.0450047934830942*Abs(s)**(5/4) ; i*r
823,0.8839195981595568,B0*Abs(s)**(5/4) ; Abs(i)**(3/2),0.0452074800804831*Abs(s)**(5/4) ; Abs(i)**(3/2)
824,0.8839195836640384,B0*Abs(s)**(5/4) ; i,0.0449996815541785*Abs(s)**(5/4) ; i
825,0.8839090253999412,B0 + B1*i ; sqrt(Abs(i**2 + i*r)),0.000391435489685066*i + 0.0388523967837173 ; sqrt(Abs(i**2 + i*r))
826,0.8837950755815335,B0*s + B1*i*s ; B2 + 2*r,-0.000733954839407*i*s + 0.0217820566140865*s ; 2*r + 3.30821593946047e-5
827,0.8837505486641882,B0 + i*s ; B1 + B2*sqrt(Abs(i)),i*s + 0.00632608447373255 ; 1.11986652645468*sqrt(Abs(i)) - 0.18945674907175
828,0.8836677778869289,B0*i*sqrt(Abs(s)) + B0*i ; i,0.576603293414292*i*sqrt(Abs(s)) + 0.576603293414292*i ; i
829,0.883567543488577,B0*i + B1*s ; B2 - r**2,-0.0892613509433717*i - 0.0408851416026062*s ; 1.11508941194886 - r**2
830,0.8834601165371637,B0*s + i*s ; B1 + B2*sqrt(Abs(i))*sqrt(Abs(r)),i*s + 2.15196028150559*s ; 0.0442937701393621*sqrt(Abs(i))*sqrt(Abs(r)) + 0.0189103538180902
831,0.8833637079121109,B0 + B1*i**2 ; B2 + sqrt(Abs(r)),0.0466446927933985 - 4.61838767022699e-6*i**2 ; sqrt(Abs(r)) - 10.3196285694123
832,0.8831718623332692,B0 + B1*s + i*s ; B2*i + B3*r,i*s + 2.15080679368696*s + 1.93181495561179e-12 ; 0.0368642806483293*i + 0.0504166564644557*r
833,0.8831545681122465,B0*i + B1*s ; B2 - 3*i,0.000145217912544019*i + 0.0407520071142124*s ; 0.0836152891284202 - 3*i
834,0.8831536232876465,B0 + B1*s + B1*sqrt(Abs(i)) ; B2 - i*r,0.308108749661217*s + 0.308108749661217*sqrt(Abs(i)) - 0.329166262713269 ; -i*r + 0.00862689352183959
835,0.8830830038544739,B0*i*s ; r + sqrt(Abs(B1 + 2*i)),-0.000646662105227079*i*s ; r + sqrt(Abs(2*i - 0.0313045819998827))
836,0.8830322527432923,B0*i + B1*s ; B2 + B3*r**2,0.0673598682951389*i + 0.0441440694313752*s ; 0.0310254211920179 - 0.0267198293380068*r**2
837,0.8829387366374201,B0*sqrt(Abs(i))*sqrt(Abs(s)) ; i,0.229202671453738*sqrt(Abs(i))*sqrt(Abs(s)) ; i
838,0.8829358519098689,i**2 + i ; B0*i,i**2 + i ; 1.04352833507963*i
839,0.8828277003056554,B0*i + i*sqrt(Abs(s)) ; B1*Abs(r)**(3/2) + i,i*sqrt(Abs(s)) + 0.178134230346765*i ; i - 0.00794575926044889*Abs(r)**(3/2)
840,0.8827830729395248,B0 + B1*i + B2*s ; B3*i,-0.000716069469269769*i - 0.0505736039476493*s + 0.076914371727846 ; -0.292095454849476*i
841,0.8827279335071813,B0 + B1*i + B2*s ; B3 + B4*r,0.150266682287458*i + 2.81382533018374*s + 0.0719089436243673 ; 1.79670663851866 - 2.66308970426971*r
842,0.8827215726221865,B0 + B1*i + B2*s ; B3*i - r,-0.340046262053629*i + 2.45385188551746*s + 33.9896935440607 ; -0.98941678736717*i - r
843,0.8827182146609748,B0 + B1*i + B2*s ; B3 + B4*i,-1.58559123358071*i + 0.756340431234762*s - 37.2293306768933 ; 0.444682467187947*i + 10.4523952542943
844,0.8826760861843187,B0*i - i*s ; B1 - r - sqrt(Abs(B2 + r)),-i*s - 1.85181054441482*i ; -r - sqrt(Abs(r + 24.4366022645444)) + 4.94921378629938
845,0.8826508960011167,B0*s + B1*i*s ; B2*i*Abs(r)**(1/4) + B2*i,0.366124645822506*i*s + 0.000103406559002221*s ; 0.0592166916680635*i*Abs(r)**(1/4) + 0.0592166916680635*i
846,0.8824870950559489,B0*i + B1*i*sqrt(Abs(s)) ; B2*i,0.589292272577164*i*sqrt(Abs(s)) - 0.0872783137836085*i ; 0.268690443815983*i
847,0.8824797184514159,B0 + s + sqrt(Abs(B1 + B2*i)) ; B3*Abs(i)**(3/2),s + sqrt(Abs(28.7358021950514*i - 106.610698989921)) - 8.94091785399176 ; -9.25831364426816e-5*Abs(i)**(3/2)
848,0.8824657103123453,B0 + B1*i ; i,0.987369513782203*i - 0.000161649960416156 ; i
849,0.8823820931831295,B0*i + i**2 ; B1 + i*sqrt(Abs(B2 + i - r)),i**2 + 0.030864683502171*i ; i*sqrt(Abs(i - r + 7.70511887731533)) + 0.120737036686257
850,0.8823605464974056,B0*i + B1*i**2 ; sqrt(Abs(i)),-2.56622472820465e-5*i**2 - 0.00259029224567012*i ; sqrt(Abs(i))
851,0.8823531068007313,B0 + B1*i**2 + B1*s ; B2 + r**2 - r,-0.281756334806392*i**2 - 0.281756334806392*s + 0.285473825473068 ; r**2 - r - 0.0431031817331736
852,0.8823377220072375,i*sqrt(Abs(B0*s + B1*i)) ; B2*i + i**2,i*sqrt(Abs(0.304743241458249*i + 0.274323824313717*s)) ; i**2 + 0.259743621879716*i
853,0.8822891544038789,B0 + i*s ; B1*sqrt(Abs(i)) + B2*r + i,i*s + 0.000724516113483156 ; i - 0.253935880030479*r + 0.0625490844357314*sqrt(Abs(i))
854,0.8822829801719577,B0 + B1*sqrt(Abs(i)) ; B2 + sqrt(Abs(i)),0.0457805038359872 - 0.00389767939814056*sqrt(Abs(i)) ; sqrt(Abs(i)) - 0.0397607669167969
855,0.8822149941761543,B0*i + B1*s ; B2*sqrt(Abs(r)) + 2*i,1.89156479790643*i + 0.0036348991527431*s ; 2*i - 9.93589120702869e-5*sqrt(Abs(r))
856,0.8821925852386292,B0 + B1*i + B2*s ; B3 + B4*sqrt(Abs(i)) + B5*i,-0.00129279845031486*i + 0.149403893311731*s - 0.132807717401102 ; 0.158458181318008*i + 2.56912812064511*sqrt(Abs(i)) - 0.246769620824061
857,0.8821823058372938,B0*s - i*s ; i,-i*s + 0.086357438328092*s ; i
858,0.8821508942194469,B0*i + B1*s ; B2 + B3*r,-0.00102282407074743*i + 0.0424828401317777*s ; 3.29265052912095 - 0.222238215250652*r
859,0.8821475050830725,B0 + B1*sqrt(Abs(i)) ; B2*r + Abs(i)**(1/4),0.0526771656200674 - 0.00512901708605082*sqrt(Abs(i)) ; 0.00586962336105872*r + Abs(i)**(1/4)
860,0.8821182562422974,B0*i + B1*s ; B2*sqrt(Abs(i)) - r,0.000135949495626511*i + 0.0418795632617329*s ; -r - 9.97530940719007*sqrt(Abs(i))
861,0.8821093406664594,B0*i*Abs(s)**(3/2) ; -i + 3*r,0.000575573459586303*i*Abs(s)**(3/2) ; -i + 3*r
862,0.8820884878590495,B0*i ; i*r + i,1.1910472807341*i ; i*r + i
863,0.8820874521900068,i ; B0 + B1*i + B2*r,i ; 1.1366579113317*i + 0.0104391946527565*r - 0.00995326636991991
864,0.8820557966859135,B0*s + s*sqrt(Abs(B1 + i)) ; r,s*sqrt(Abs(i + 3.91816459267062)) - 1.97433665604334*s ; r
865,0.8820552807579145,B0*i + B1*s ; B2 - 2*i,-0.00247263715837657*i + 2.71416153911118*s ; -2*i - 1.97759064280376
866,0.8820202730735952,B0*sqrt(Abs(i)) ; i*sqrt(Abs(B1 + sqrt(Abs(r)))),0.0991350187854228*sqrt(Abs(i)) ; i*sqrt(Abs(sqrt(Abs(r)) - 0.346098914904092))
867,0.8818516611039544,B0 + B1*i*s ; B2 + B3*i**2 + B3*r,0.253032065629659*i*s + 0.00530512589275251 ; 0.0125462984661204*i**2 + 0.0125462984661204*r + 0.00098650929833106
868,0.8817767554614013,B0 + B1*s + B1*sqrt(Abs(i)) ; r,0.301033806322978*s + 0.301033806322978*sqrt(Abs(i)) - 0.332982200750465 ; r
869,0.8817767097127939,B0 + B1*s + B1*sqrt(Abs(i)) ; i*r,0.300633173056051*s + 0.300633173056051*sqrt(Abs(i)) - 0.332538007758381 ; i*r
870,0.8817281675292238,B0 + B2*sqrt(Abs(B1 + i*s)) ; B3*r,0.194937588308973 - 0.273587830671942*sqrt(Abs(i*s - 0.469139293136993)) ; 1.58898707788887*r
871,0.8816869415786015,B0 + B1*i**2 + B1*s ; r,-0.238994205420587*i**2 - 0.238994205420587*s + 0.244687978229819 ; r
872,0.8816869415392962,B0 + B1*i + B1*s**2 ; r,-0.238992153038605*i - 0.238992153038605*s**2 + 0.244686074167613 ; r
873,0.8816869406266341,B0 + B1*i + B1*s**2 ; B2*r,-0.239059287873478*i - 0.239059287873478*s**2 + 0.244746761685689 ; 0.181181027146776*r
874,0.8816862312731242,B0 + B2*sqrt(Abs(B1 + i*s)) ; B3*sqrt(Abs(r)),3.10453285541252*sqrt(Abs(i*s + 41.9072573145469)) - 20.0918087768283 ; 0.460590146084774*sqrt(Abs(r))
875,0.8816852815766278,B0 + B1*i + B2*s ; B3 - sqrt(Abs(r)),-0.132833003113521*i + 2.43091643567208*s - 5.02256868870395 ; 6.3524023272024 - sqrt(Abs(r))
876,0.8816762458204322,B0 + B1*i ; B2 + B3*i + B3*r,0.0418705922411039 - 0.000419044315298836*i ; -5.21554803495875*i - 5.21554803495875*r + 0.348163328986291
877,0.8816661489264973,B0*i + B1*i*sqrt(Abs(s)) ; B2 - r,0.473912536324786*i*sqrt(Abs(s)) - 0.484879990537741*i ; 0.906010977345484 - r
878,0.8816386729120528,i*s ; B0*i + B1*i*sqrt(Abs(r)),i*s ; -1.06332576361514*i*sqrt(Abs(r)) + 1.02950789378581*i
879,0.8815810767302891,B0 + B1*sqrt(Abs(i)) ; i - sqrt(Abs(r)),0.114230720672529 - 0.13105726038619*sqrt(Abs(i)) ; i - sqrt(Abs(r))
880,0.8815719066364764,Abs(i)**(5/4)*Abs(s)**(1/4) ; B0*sqrt(Abs(i)) + i,Abs(i)**(5/4)*Abs(s)**(1/4) ; i - 0.149113067277626*sqrt(Abs(i))
881,0.8815381986450656,i**2*sqrt(Abs(i - s)) ; B0 - r + sqrt(Abs(r)),i**2*sqrt(Abs(i - s)) ; -r + sqrt(Abs(r)) - 0.177773243664636
882,0.8815327585814132,B0*s + B1*s*sqrt(Abs(i)) ; B2*sqrt(Abs(i)),0.175147016430838*s*sqrt(Abs(i)) - 0.0228371301434244*s ; -0.0200315661909935*sqrt(Abs(i))
883,0.8815289386429916,B0*i*s**3 ; B1*Abs(i)**(3/8),0.00410721409350997*i*s**3 ; -1.35925989194005*Abs(i)**(3/8)
884,0.8815095999750421,B0*sqrt(Abs(s)) + B1*s ; B2 + 2*r,2.75862036752471*s - 0.278039366219979*sqrt(Abs(s)) ; 2*r + 0.018206296834158
885,0.8814789831307662,B0*s*Abs(i)**(3/2) ; 2*r + sqrt(Abs(i + r)),6.24854533758634e-5*s*Abs(i)**(3/2) ; 2*r + sqrt(Abs(i + r))
886,0.881434045068456,B0*Abs(s)**(3/2) ; B1*i + B1*r,0.0443783387282339*Abs(s)**(3/2) ; 30.3043824783791*i + 30.3043824783791*r
887,0.8814340449360906,B0*Abs(s)**(3/2) ; B1*sqrt(Abs(r)) + i,0.0443809621254683*Abs(s)**(3/2) ; i + 0.00494760380028475*sqrt(Abs(r))
888,0.881434044847532,B0*Abs(s)**(3/2) ; B1*sqrt(Abs(i)) + i,0.0443818553291805*Abs(s)**(3/2) ; i + 0.000533469188435318*sqrt(Abs(i))
889,0.881429004534213,B0 + B1*i + B2*s ; B3*i**2 + B4*r,0.000683358827475273*i + 0.102844642918634*s - 0.0675365465982805 ; -0.00579792628154136*i**2 + 1.72122100482762*r
890,0.8814236648330938,B0*s + B1*s*sqrt(Abs(i)) ; r,0.188969200065569*s*sqrt(Abs(i)) - 0.0223173954693709*s ; r
891,0.8814190093856987,B0*i + i*sqrt(Abs(B1 + s)) ; B2*r + B3*i*r,i*sqrt(Abs(s + 1.6361019602123)) - 1.33180592040507*i ; 0.000176013655035783*i*r + 14.1395462813433*r
892,0.8813930300703673,B0*sqrt(Abs(i)) ; B1 + B2*r**2,0.035772983365081*sqrt(Abs(i)) ; 0.265047036479771 - 0.203313998019733*r**2
893,0.8813905825470953,B0 + B1*i + B2*s ; B3*i*r**2 + sqrt(Abs(i)),-0.0335634189599385*i + 2.60482094240627*s - 2.4724998210645 ; 2.63330594290593e-5*i*r**2 + sqrt(Abs(i))
894,0.8813857040741762,B1*s*sqrt(Abs(B0 - i**2)) ; B2 + sqrt(Abs(B3 + r)),0.0014232732518915*s*sqrt(Abs(i**2 + 54.218113280558)) ; sqrt(Abs(r - 8.39772132791053)) + 2.23533627710362
895,0.8813766340582424,B0*s + B1*s*sqrt(Abs(i)) ; i + r,0.0886911230295169*s*sqrt(Abs(i)) + 0.000500897866212381*s ; i + r
896,0.8813423158342958,-i*s ; sqrt(Abs(B0*i + B1)),-i*s ; sqrt(Abs(0.0389153699029952*i + 0.00168270545365295))
897,0.8813227287247543,B0*i + B1*i**2 ; B2 + i*sqrt(Abs(r)),-0.167185386728964*i**2 + 0.17055879076746*i ; i*sqrt(Abs(r)) - 0.179695538808112
898,0.8812956953854507,B0*i + B1*i*sqrt(Abs(s)) ; sqrt(Abs(B2*i + B3 - r)),-0.00141391833772209*i*sqrt(Abs(s)) + 0.000365760679687798*i ; sqrt(Abs(1.86623962109004*i + r - 23.0623108754462))
899,0.8812719887464033,B0 + B1*i + B2*s ; sqrt(Abs(B3*r + B4)),0.0328966798577106*i + 2.78050373468833*s + 61.8108738926322 ; sqrt(Abs(0.299746108554791*r - 38.2640856726858))
900,0.8812561708257699,B0*s*Abs(i)**(1/4) ; B1 + 2*i,0.134573639701784*s*Abs(i)**(1/4) ; 2*i + 0.0737670967921488
901,0.8812405957702005,B0*s + B0*sqrt(Abs(s)) ; B2*sqrt(Abs(B1 - r)),0.0232134530064084*s + 0.0232134530064084*sqrt(Abs(s)) ; 0.179889902512775*sqrt(Abs(r - 0.14377241506772))
902,0.8812398886395497,B0*s + B0*sqrt(Abs(s)) ; B1*sqrt(Abs(r)),0.023205479217983*s + 0.023205479217983*sqrt(Abs(s)) ; 0.0474405908290989*sqrt(Abs(r))
903,0.8812264850796383,B0*i + B1*Abs(i)**(5/4) ; i*Abs(r)**(1/4),0.683127025247216*i - 0.679186243195813*Abs(i)**(5/4) ; i*Abs(r)**(1/4)
904,0.8812264843412617,B0*i + B1*Abs(i)**(5/4) ; B2*r,0.683202331966417*i - 0.679269981254872*Abs(i)**(5/4) ; 0.00646661394101977*r
905,0.8812214189018911,B0 + B1*sqrt(Abs(i)) ; B2*r + sqrt(Abs(r)),0.0608145431085236 - 0.0555288444950637*sqrt(Abs(i)) ; 0.489484739518275*r + sqrt(Abs(r))
906,0.8812212844087556,B0 + B1*sqrt(Abs(i)) ; Abs(r)**(3/2),0.0609080761498202 - 0.0556370575098045*sqrt(Abs(i)) ; Abs(r)**(3/2)
907,0.8812212682912307,B0 + B1*sqrt(Abs(i)) ; 2*r,0.0606798743127094 - 0.0553233694511564*sqrt(Abs(i)) ; 2*r
908,0.8812212672590136,B0 + B1*sqrt(Abs(i)) ; r,0.0606795369958211 - 0.0553229063756652*sqrt(Abs(i)) ; r
909,0.881221260484245,B0 + B1*sqrt(Abs(i)) ; sqrt(Abs(r)),0.0609160261195509 - 0.0556479753319625*sqrt(Abs(i)) ; sqrt(Abs(r))
910,0.8812211996933286,B0 + B1*sqrt(Abs(i)) ; -r + sqrt(Abs(r)),0.0606593163298026 - 0.055295084628606*sqrt(Abs(i)) ; -r + sqrt(Abs(r))
911,0.881136625583458,B0*s*sqrt(Abs(i)) ; i,0.22435533262186*s*sqrt(Abs(i)) ; i
912,0.8810234417140809,B0*s*sqrt(Abs(i + s)) ; B1 + i,0.0774396884819988*s*sqrt(Abs(i + s)) ; i + 1.29839574164618
913,0.8810233294251055,B0 + B1*i ; B2 + r - sqrt(Abs(i)),0.000253071999748786*i + 0.031238838215682 ; r - sqrt(Abs(i)) + 0.200568834233465
914,0.881020120500044,B0 + B1*i + B2*s ; -i*r - i + r**2,0.177560385350308*i + 0.288446569728904*s - 0.304606716727005 ; -i*r - i + r**2
915,0.8809882384226403,B0*s + i*s ; B1 + 3*i,i*s - 0.200764581092785*s ; 3*i - 0.714475058228412
916,0.8809734441648915,B0*i + i*sqrt(Abs(s)) ; B1*r**2 + i,i*sqrt(Abs(s)) + 0.187172808421787*i ; i - 0.00771795491878368*r**2
917,0.8807975075320739,B0*s + B1*i*s ; B2 + i,-1.19400998254381*i*s - 0.587339316822568*s ; i + 0.603974299694792
918,0.8807925524379012,B0*i ; B1 - i,0.000118753219774838*i ; -i - 147.095116925811
919,0.8807925414282243,B0*i ; B1 + r,-0.000118753193958959*i ; r + 147.239212057032
920,0.8807843050107613,i*sqrt(Abs(B0 + s*sqrt(Abs(i)))) ; B1*sqrt(Abs(i)) + i,i*sqrt(Abs(s*sqrt(Abs(i)) + 0.00873216810240692)) ; i - 0.178176861251107*sqrt(Abs(i))
921,0.8807800076643705,B0*i*Abs(s)**(1/8) ; B1 + B2*i*r,0.271314638989798*i*Abs(s)**(1/8) ; 1.43196140970253*i*r + 0.00187265201452031
922,0.8807697795669317,B0*s - i*s ; B1 + B2*i + B3*sqrt(Abs(r)),-i*s + 0.0331592089808943*s ; 0.729698132237692*i + 0.212644886288528*sqrt(Abs(r)) - 0.0252504298873342
923,0.8806978308816887,B0 + B1*i*Abs(s)**(1/4) ; i,1.14628324327426*i*Abs(s)**(1/4) + 0.000106532391081612 ; i
924,0.880691839164928,B0 - i ; B1*i,0.0263081225260724 - i ; 0.824129054333216*i
925,0.8806875438268374,B0 - i ; i,0.0238057327390992 - i ; i
926,0.8806572082257822,B0*i - i*s ; B1*i,-i*s + 0.306918582629829*i ; 2.24422442879908*i
927,0.8806402544923876,s*Abs(B0 + B1*sqrt(Abs(s)))**(1/4) ; B2 + B3*r,s*(16.7071011349714*sqrt(Abs(s)) + 35.9351292040314)**(1/4) ; 0.10454646867322*r + 0.207827388080337
928,0.8805788958376565,B0 + B1*i + B2*s ; B3*i + B4*r,0.61954512415234*i + 0.0499121736281936*s - 0.0374567830712294 ; 0.642657277986154*i - 0.0402414157687246*r
929,0.8805750594422352,B0*i + B1*s ; Abs(i - 2*r)**(1/4),-0.00527433474749347*i + 2.71655796658162*s ; Abs(i - 2*r)**(1/4)
930,0.880573665387575,Abs(i)**(3/2) ; B0 + i,Abs(i)**(3/2) ; i + 0.0641787607641606
931,0.8805329306521312,B0 + B1*sqrt(Abs(s)) + B2*s ; i + r,-0.571690856350863*s + 0.803290219257625*sqrt(Abs(s)) - 0.222407307344286 ; i + r
932,0.8805329287341666,B0 + B1*sqrt(Abs(s)) + B2*s ; Abs(B3 + i)**(1/4),-0.57147428128235*s + 0.802925003939156*sqrt(Abs(s)) - 0.222254487748685 ; Abs(i + 0.000173714199018249)**(1/4)
933,0.8805329258435065,B0 + B1*i + B2*sqrt(Abs(s)) ; r,0.571482427166474*i + 0.802975697651998*sqrt(Abs(s)) - 0.793778882887614 ; r
934,0.8805329230795914,B0 + B1*sqrt(Abs(s)) + B2*s ; B3 - i + sqrt(Abs(r)),-0.572487383088276*s + 0.804575889597162*sqrt(Abs(s)) - 0.22291697653155 ; -i + sqrt(Abs(r)) + 2.86112267533793
935,0.8805329072389597,B0 + B1*i + B2*sqrt(Abs(s)) ; B3*sqrt(Abs(r)),0.570634390924438*i + 0.801623718467941*sqrt(Abs(s)) - 0.792403533580913 ; 0.0493776666322156*sqrt(Abs(r))
936,0.8805022128892744,i**2 ; B0 + i,i**2 ; i + 0.121210009613334
937,0.8804837413140911,B0*i + B1*sqrt(Abs(s)) ; B2 - i - r,-0.00178781316526135*i + 0.0409538360623257*sqrt(Abs(s)) ; -i - r + 0.668881673507079
938,0.8804766909341454,B0 + B1*i + B2*s ; sqrt(Abs(i)),-0.0134050108090243*i + 2.70689237315052*s - 1.26138658268663 ; sqrt(Abs(i))
939,0.880376170884746,B0*sqrt(Abs(s)) + B1*s ; i - r,2.7556732438592*s - 0.26469184372888*sqrt(Abs(s)) ; i - r
940,0.880371906205302,B0*s*sqrt(Abs(i)) ; sqrt(Abs(B1 + i**2 + i*r)),0.0442142204338533*s*sqrt(Abs(i)) ; sqrt(Abs(i**2 + i*r - 0.0110046435309061))
941,0.8802940168142128,B0*s*sqrt(Abs(i)) ; sqrt(Abs(B1 + B2*r + B2*sqrt(Abs(r)))),0.0153360297788144*s*sqrt(Abs(i)) ; sqrt(Abs(1.19192708248177*r + 1.19192708248177*sqrt(Abs(r)) - 2.25885807261889))
942,0.8801956185798706,B0 + B1*i + B2*s ; B3*i - i**2,0.000644505940131121*i + 0.0995545311956149*s - 0.0633954491036129 ; -i**2 + 0.0148938378159432*i
943,0.8801728006199511,B0*i + B1*i*s ; B2 - i,0.00093858036869942*i*s - 7.3113301185899e-5*i ; -i - 0.0135091871514522
944,0.8801305358008071,s*Abs(B0 - s)**(1/4) ; B1 + B2*i,s*Abs(s - 54.2375215915388)**(1/4) ; 29.335326646776*i + 0.00344726365065484
945,0.8801305248033993,s*Abs(B0 + s)**(1/4) ; B1 + B2*r,s*Abs(s - 54.238808633056)**(1/4) ; 16.4299992711752*r + 96.1432710544505
946,0.8801112291922919,B0*i - i*s ; 2*i,-i*s + 0.0780472601993619*i ; 2*i
947,0.8800780939610146,B0 + B1*Abs(s)**(1/4) ; B3*sqrt(Abs(B2 + r)) - i,0.0556478463065827*Abs(s)**(1/4) - 0.00901688481123248 ; -i + 0.000176357522750166*sqrt(Abs(r + 3.85910489686675))
948,0.8800625460191512,B0*i*s**2 ; B1 + i,-1.45212328995694*i*s**2 ; i + 0.0750564929139099
949,0.8800566141767565,i*sqrt(Abs(s*sqrt(Abs(i)) + s)) ; B0*sqrt(Abs(r)) + i,i*sqrt(Abs(s*sqrt(Abs(i)) + s)) ; i - 0.0159537435030216*sqrt(Abs(r))
950,0.8799865359890662,B0 + B1*i ; sqrt(Abs(B2*Abs(i)**(1/4) - r)),0.000427089164103402*i + 0.0452685275143069 ; sqrt(Abs(r - 1.95212153800449*Abs(i)**(1/4)))
951,0.8799824453122029,B0 + B1*i + B2*s ; i,0.894951718203799*i + 0.00896671952622232*s - 0.000500989289348187 ; i
952,0.8799641788350173,B0*i + B1*s ; B2 + B3*r + r**2,-0.344801100744516*i + 2.32729119889726*s ; r**2 - 2.03776368621947*r - 0.661615731204309
953,0.8798373869167767,B0 + i*s ; B1 + B2*Abs(r)**(1/4),i*s - 0.601884838031727 ; 4.2896202525451*Abs(r)**(1/4) - 3.80537481808197
954,0.8798029068925514,s*sqrt(Abs(B0 + B1*s)) ; i + r + sqrt(Abs(B2*i + r)),s*sqrt(Abs(0.0258120744035454*s - 0.0243852652935236)) ; i + r + sqrt(Abs(2.79632752463573*i + r))
955,0.8797509393836833,B0*i + B1*i*sqrt(Abs(s)) ; sqrt(Abs(B2*i*r + r)),0.508779726640607*i*sqrt(Abs(s)) - 0.231950574246067*i ; sqrt(Abs(0.0618195174130725*i*r + r))
956,0.8797509381998005,B0*i + B1*i*sqrt(Abs(s)) ; r,0.508853895600278*i*sqrt(Abs(s)) - 0.232020993564654*i ; r
957,0.8796944329346881,B0*sqrt(Abs(i)) + B1*s ; B2 - sqrt(Abs(B3 + sqrt(Abs(i)))),2.70478010687642*s - 0.0432723342416935*sqrt(Abs(i)) ; -sqrt(Abs(sqrt(Abs(i)) - 26.1485668277477)) - 8.86304713090276
958,0.8796209011821566,B0*i + B1*Abs(s)**(3/2) ; B2 + i,0.927498440822693*i + 0.008275487189062*Abs(s)**(3/2) ; i + 0.00047047719603498
959,0.8795668017894572,B0*sqrt(Abs(i))*sqrt(Abs(s)) ; i*sqrt(Abs(B1*i + B2*r)),0.106714909432758*sqrt(Abs(i))*sqrt(Abs(s)) ; i*sqrt(Abs(0.0127985034336497*i - 0.148191441077236*r))
960,0.879516287305455,B0*s - i*s ; i*sqrt(Abs(B1 - i + r)),-i*s + 0.140774199162599*s ; i*sqrt(Abs(-i + r + 0.104957617168559))
961,0.8795004130708209,B0*sqrt(Abs(s)) + B1*s ; Abs(B2 + 2*i)**(1/4),2.75323514740257*s - 0.253351750429635*sqrt(Abs(s)) ; Abs(2*i + 0.000229818910164758)**(1/4)
962,0.8794458147186442,B0*i + B1*s ; B2 - i*r - r,0.00682197686889223*i + 0.043815335625382*s ; -i*r - r - 1.32361187508342
963,0.8791678385613299,Abs(i)**(5/4)*Abs(s)**(1/4) ; B0*i + B1*i*r,Abs(i)**(5/4)*Abs(s)**(1/4) ; 0.780602357883135*i*r + 0.254765513876637*i
964,0.879120507521896,B0*i ; B1*i + B2*r,2.00819599896208*i ; 2.03794251916852*i + 0.000182674695595414*r
965,0.8791075197667008,B0*i ; B1*r + 2*i,1.9709737892251*i ; 2*i + 0.000188546890664597*r
966,0.8791031743090086,B0 + B1*i + B2*s ; 2*i**2 - i,0.162483759019928*i + 0.0657039512085404*s - 0.0817822712679046 ; 2*i**2 - i
967,0.8790913648737553,B0*sqrt(Abs(i)) + B1*Abs(i)**(3/2) ; B2 + B3*sqrt(Abs(r)),-0.0001419016448671*Abs(i)**(3/2) + 0.0143519631828228*sqrt(Abs(i)) ; 0.821543322527522*sqrt(Abs(r)) + 0.1218197029078
968,0.8790539975907213,B0*i*s ; B1 + i + sqrt(Abs(i + 2*r)),-0.082626250450964*i*s ; i + sqrt(Abs(i + 2*r)) - 0.139795225908666
969,0.8789758375204924,B0*i + B1*s ; B2 + i - r,-0.0010805528663704*i + 0.0406396763207023*s ; i - r + 14.8654716231108
970,0.8789749616328597,B0 + B1*sqrt(Abs(i))*sqrt(Abs(s)) ; -i + sqrt(Abs(r + sqrt(Abs(B2 + r)))),0.00606553316354977*sqrt(Abs(i))*sqrt(Abs(s)) - 0.000595983054912666 ; -i + sqrt(Abs(r + sqrt(Abs(r - 0.395567543403308))))
971,0.8789612771398875,B0 + B1*s - i ; B2*i,-i + 0.0651121046910376*s + 0.0119665384651924 ; 1.75440149301437*i
972,0.8789500135492291,B0*i + B1*s ; B2 + 2*i,-0.000127233753580658*i + 0.0411715539865504*s ; 2*i + 116.516534707476
973,0.8789343137119052,B1*s*sqrt(Abs(B0 - i + s)) ; i,0.148969763289782*s*sqrt(Abs(i - s + 0.924980781831878)) ; i
974,0.8788946410924487,B0*i + B1*s ; -Abs(i)**(1/4),0.00366716216734308*i + 2.72479225793923*s ; -Abs(i)**(1/4)
975,0.8788640510616471,B0*s + B0*sqrt(Abs(i)) ; 2*i,0.0409399573549285*s + 0.0409399573549285*sqrt(Abs(i)) ; 2*i
976,0.8788173689230245,s*sqrt(Abs(B0 + s)) ; Abs(B1 + r)**(1/4),s*sqrt(Abs(s - 7.2405914348841)) ; Abs(r + 0.572724644042958)**(1/4)
977,0.8788173688264289,s*sqrt(Abs(B0 + s)) ; B1*i*r,s*sqrt(Abs(s - 7.24057850323658)) ; 99.5582548378897*i*r
978,0.8788173688157713,s*sqrt(Abs(B0 + i)) ; B1*r,s*sqrt(Abs(i + 6.24057810958464)) ; 2.10456871771803*r
979,0.878802446826787,B0 + B1*i**2 ; B2 - i**2 - r,0.0431594888982532*i**2 - 0.0247917667851343 ; -i**2 - r + 2.4614741170846
980,0.8787998594634012,B0*sqrt(Abs(i + sqrt(Abs(s)))) ; B1 + B2*Abs(r)**(1/4),0.0376088192238713*sqrt(Abs(i + sqrt(Abs(s)))) ; 0.193221376799628 - 0.1798991307317*Abs(r)**(1/4)
981,0.8787759197690268,B0*i + B2*sqrt(Abs(B1 + i)) ; B3 + B4*i + B5*r,0.139634599631394*i - 0.0317237447276159*sqrt(Abs(i - 0.00275642398603262)) ; 0.354802047712838*i + 0.126474226065038*r - 0.121033312969391
982,0.8787689829471809,B0*i ; -i + r,0.000116999368296321*i ; -i + r
983,0.8787385977276991,B0*s*sqrt(Abs(i)) + B0*s ; Abs(B1 + i + r)**(1/4),0.00788832438825954*s*sqrt(Abs(i)) + 0.00788832438825954*s ; Abs(i + r + 1176.40627751907)**(1/4)
984,0.8787128208609702,B0*s + B2*sqrt(Abs(B1 + s)) ; B3*i + B4*r,-0.35555395091004*s + 0.399258621182284*sqrt(Abs(s - 0.153136106368624)) ; 0.0457793591275683*i + 0.0420106962741005*r
985,0.878712808615016,B0*s + B2*sqrt(Abs(B1 + s)) ; Abs(B3 + B4*r + i)**(1/4),-0.355437503229107*s + 0.399134194126692*sqrt(Abs(s - 0.153137375522952)) ; Abs(i + 0.0014854880818412*r + 52.9112415474205)**(1/4)
986,0.878712790312232,B0*s + B2*sqrt(Abs(B1 + s)) ; r,-0.355189763267653*s + 0.398856297051407*sqrt(Abs(s - 0.153050895674333)) ; r
987,0.8787127643860341,B0*s + B2*sqrt(Abs(B1 + s)) ; B3 - r,-0.354934771325358*s + 0.39853324122824*sqrt(Abs(s - 0.152747269299686)) ; 82.8489919889751 - r
988,0.8787087300314206,B0*i + B1*i*sqrt(Abs(s)) ; i,0.391276533208257*i*sqrt(Abs(s)) + 0.743684453215329*i ; i
989,0.8786100439108452,B0*i*Abs(s)**(1/4) + B0*i ; i,0.560825585850242*i*Abs(s)**(1/4) + 0.560825585850242*i ; i
990,0.8785376766564504,B0*sqrt(Abs(i))*sqrt(Abs(s)) ; 2*i,0.309358007393231*sqrt(Abs(i))*sqrt(Abs(s)) ; 2*i
991,0.8785289381248335,B0 + B1*i + B2*s ; i**2 - i*r - i,0.174101147337507*i + 0.158430167722744*s - 0.174791070180961 ; i**2 - i*r - i
992,0.8784903526745365,2*i + s ; B0 + B1*i,2*i + s ; 5.87336356304557*i + 1.81539314723278
993,0.8784509725847834,B0*i + s ; B1*i + B2*r,-1.63521203607505*i + s ; 0.138811385230824*i + 0.00911877664011423*r
994,0.8784508737584653,B0 + B1*s ; B2*i*r - r,2.72260577357416*s + 0.355487930009487 ; 12.6043635718252*i*r - r
995,0.878450873689501,B0 + B1*i ; B2*i*r**2,0.0475853980057657 - 0.0420874457018027*i ; 0.000276170451428098*i*r**2
996,0.8784508736578591,B0 + B1*i ; B2*r - i*r,0.04757900744271 - 0.0420851867612592*i ; -i*r + 0.00878365452773849*r
997,0.8784508735126518,B0 + B1*s ; Abs(B2 + i - r)**(1/4),0.0420812074821256*s + 0.00549862079562461 ; Abs(i - r + 0.92927495461876)**(1/4)
998,0.8784508734986352,B0*i + B1*s ; B2*i**2*r,0.00549168393628388*i + 0.0475802174485507*s ; 1.93947093039588*i**2*r
999,0.8784508733913947,B0 + B1*i + s ; B2*sqrt(Abs(r)),-1.72260521617404*i + s + 2.07823950231291 ; 1.9409205846208*sqrt(Abs(r))
1000,0.8784508730410611,B0 + B1*s ; B2*i + B3*r,0.0420824197747357*s + 0.00549284423937223 ; 0.296282004801261*i + 0.0202660716644518*r
1001,0.8784508722775727,B0 + B1*s ; B2 + Abs(r)**(1/8),0.0420945413671426*s + 0.00549759933276983 ; Abs(r)**(1/8) + 0.0240071200356074
1002,0.8784508719290057,B0 + B1*s ; B2 + 2*i + r,0.0420941243819216*s + 0.00549917995070004 ; 2*i + r + 5.02065381650889
1003,0.8784508713375089,B0 + B1*s ; B2*r**2 - r,0.0420778231315757*s + 0.00550730247297414 ; 0.00472133000093407*r**2 - r
1004,0.8784508704782217,B0 + B1*i - s ; B2*i*r,-1.04207032868122*i - s + 1.04757253980472 ; 0.00100455230441293*i*r
1005,0.8784508703702929,B0 + B1*s + i ; B2*r,i + 3.72261297638265*s - 0.643522418224142 ; 0.000273022797665643*r
1006,0.8784508701986895,B0*i + B1*s ; B2*sqrt(Abs(r)),0.00548326068278427*i + 0.0475723388214721*s ; 0.000746764525343159*sqrt(Abs(r))
1007,0.8784508698849843,B0 + B1*s ; B2*i + i*r,0.0420697486372905*s + 0.00549944492275229 ; i*r + 0.00178657264246806*i
1008,0.8784508682288813,B0 + B1*s ; Abs(B2 - i + r)**(1/4),0.042069480279124*s + 0.00551161722707391 ; Abs(-i + r + 0.293909413906402)**(1/4)
1009,0.8784508678674254,B0 + B1*s ; B2 - i*r - r,0.0420937350246871*s + 0.00547876671197967 ; -i*r - r + 0.853879920586561
1010,0.8784508669730249,B0 + B1*i ; B2*r + i*r,3.07704164140507 - 2.72260625304522*i ; i*r + 0.00120392664188634*r
1011,0.8784508654270723,B0 + B1*s ; Abs(B2 + i + r)**(1/4),0.0420613039218135*s + 0.0055040886219208 ; Abs(i + r + 0.000448042770424433)**(1/4)
1012,0.8784508650268503,B0 + B1*s ; B2 + B3*r - i,0.0421030667238702*s + 0.00547493233542509 ; -i + 0.000503462015856394*r + 0.123086471578057
1013,0.8784508643056612,B0*i + B1*s ; B2*r,0.0054944069714899*i + 0.0475588032394524*s ; 0.550882567489817*r
1014,0.878450850339817,B0 + B1*i ; B2*r + r**2,0.0476204426749002 - 0.0421159407447283*i ; r**2 + 24.9984988900068*r
1015,0.8784508314589903,B0*i + B1*s ; B2*Abs(r)**(1/4),0.00547678578753391*i + 0.0475311334253601*s ; 0.00274447588255421*Abs(r)**(1/4)
1016,0.8784506615959888,B0*i + B1*s ; r,0.00544147528997777*i + 0.0476549171074671*s ; r
1017,0.8784506446441341,B0*i + B1*s ; sqrt(Abs(i))*sqrt(Abs(r)),0.00555263522351191*i + 0.0475071646713513*s ; sqrt(Abs(i))*sqrt(Abs(r))
1018,0.8784506390643531,B0 + B1*i ; -i*r - r**2,0.0475062602262385 - 0.0419529365198606*i ; -i*r - r**2
1019,0.8784506337882493,B0 + B1*i - s ; sqrt(Abs(r)),-1.04195144762713*i - s + 1.04750541204636 ; sqrt(Abs(r))
1020,0.8784506337874418,B0 + B1*i - s ; r,-1.04195144739988*i - s + 1.04750541180442 ; r
1021,0.8784506311853432,B0 + B1*i ; 2*i*r,0.0475049969785117 - 0.0419507191385407*i ; 2*i*r
1022,0.8784506297829197,B0*i + B1*s ; sqrt(Abs(r)),0.00543754362051477*i + 0.0476601875045963*s ; sqrt(Abs(r))
1023,0.8784505971254692,B0*i + B1*s ; Abs(r)**(1/4),0.00555823135935461*i + 0.0474997563641126*s ; Abs(r)**(1/4)
1024,0.8784505758740224,B0 + B1*i + s ; sqrt(Abs(r)),-1.72250796062806*i + s + 2.07248721139285 ; sqrt(Abs(r))
1025,0.8784505753776392,B0*i + B1*s ; i*r,0.00556063120075638*i + 0.047496580306554*s ; i*r
1026,0.878450480532146,B0 + B1*s + i ; r,i + 1.0422594201237*s - 0.994578195674578 ; r
1027,0.8784504698763855,B0 + B1*s + i ; sqrt(Abs(r)),i + 1.04226175214971*s - 0.994579193440955 ; sqrt(Abs(r))
1028,0.878450447041259,B0 + B1*s + i ; Abs(r)**(1/4),i + 1.04190654372629*s - 0.994426706348875 ; Abs(r)**(1/4)
1029,0.8784276156314081,B0*s + B0*Abs(i)**(3/2) ; B1 - r + sqrt(Abs(r)),0.0316682877699543*s + 0.0316682877699543*Abs(i)**(3/2) ; -r + sqrt(Abs(r)) + 6.82179227422241e-12
1030,0.8784122115432842,B0*i + B1*s ; Abs(B2 + r)**(1/4),5.89560228858703e-5*i + 0.0446786672896967*s ; Abs(r - 4.48213724751827)**(1/4)
1031,0.8784020504760447,B0 + B1*sqrt(Abs(i)) ; B2*i + B3*r,0.0267808367597766 - 0.00184058509052025*sqrt(Abs(i)) ; 5.61406070707372e-9*i + 1.33455961638205*r
1032,0.8783935720828484,B0*s*sqrt(Abs(i)) ; B1*i**2 + i,0.216615418114506*s*sqrt(Abs(i)) ; -6.52583889640187*i**2 + i
1033,0.8783692006753623,B0 + B1*i + B1*s ; B2 - i*r - sqrt(Abs(i)),0.0877251058451835*i + 0.0877251058451835*s - 0.167510224070691 ; -i*r - sqrt(Abs(i)) - 1.05100117345972
1034,0.8783419782247093,B0*Abs(s)**(1/4) ; B1 + i,0.02082046942744*Abs(s)**(1/4) ; i + 0.000112693380998994
1035,0.8783419619309976,B0*Abs(s)**(1/4) ; B1 + sqrt(Abs(r)),0.0208204529529989*Abs(s)**(1/4) ; sqrt(Abs(r)) + 0.241857958007671
1036,0.8783405642951614,B0*Abs(s)**(1/4) ; B1*r**2,0.0208179257446219*Abs(s)**(1/4) ; 0.000258497857747086*r**2
1037,0.8783405190447792,B0*i + B1*s ; Abs(-B2 + i + r)**(1/4),0.000115349458227951*i + 0.0449200014343832*s ; Abs(i + r - 0.266619010438948)**(1/4)
1038,0.8783400095796181,B0*Abs(s)**(1/4) ; i**2,0.0208171784400582*Abs(s)**(1/4) ; i**2
1039,0.8783391909803691,B0*Abs(s)**(1/4) ; B1 + Abs(r)**(1/4),0.0208199700294857*Abs(s)**(1/4) ; Abs(r)**(1/4) + 4.43051220748663
1040,0.8783254841198059,B0*Abs(s)**(1/4) ; B1*i,0.0209325613230079*Abs(s)**(1/4) ; 0.00117633987126185*i
1041,0.8783218966461297,B0*Abs(s)**(1/4) ; B1 + B2*r,0.020943282991459*Abs(s)**(1/4) ; 17.2165514014968*r + 0.018557850019126
1042,0.878320739057539,B0*Abs(s)**(1/4) ; B1*Abs(i)**(3/2),0.0209835598806396*Abs(s)**(1/4) ; 0.000193222366060614*Abs(i)**(3/2)
1043,0.878319917000508,B0*Abs(s)**(1/4) ; B1 + i - r,0.0208431878629895*Abs(s)**(1/4) ; i - r + 0.00028612387742493
1044,0.8783177384188903,B0*Abs(s)**(1/4) ; i*sqrt(Abs(r)),0.0205989383947619*Abs(s)**(1/4) ; i*sqrt(Abs(r))
1045,0.87829473928267,B0*i + B1*s ; Abs(i)**(1/4),-0.00219783128173932*i + 2.71800759509014*s ; Abs(i)**(1/4)
1046,0.8782807884539605,B0 + B1*sqrt(Abs(i)) + B2*i ; B3*r,-0.262377960918184*i + 0.301021861393958*sqrt(Abs(i)) - 0.0324484854361641 ; 0.000610688621950272*r
1047,0.8782807870205641,B0 + B1*sqrt(Abs(i)) + B2*i ; r,-0.262304475319422*i + 0.300952097516558*sqrt(Abs(i)) - 0.0324403145542391 ; r
1048,0.8782807692852047,B0 + B1*sqrt(Abs(i)) + B2*s ; r,0.262461820091007*s + 0.301102421918565*sqrt(Abs(i)) - 0.294919991789236 ; r
1049,0.8782701357741396,B0*Abs(s)**(1/4) ; r,0.0203243767261222*Abs(s)**(1/4) ; r
1050,0.8782664291767573,B0*sqrt(Abs(s)) + B1*s ; B2 + 2*i + r,2.73126460321649*s + 0.426026762267408*sqrt(Abs(s)) ; 2*i + r + 8.01153986274391
1051,0.87826438497257,B0*Abs(s)**(1/4) ; i*r,0.0213341690237341*Abs(s)**(1/4) ; i*r
1052,0.878259253244268,B1*s*sqrt(Abs(B0 + i - s)) ; i,0.143459927736277*s*sqrt(Abs(i - s + 0.935462677512143)) ; i
1053,0.8782037144231861,B0 + B1*i + s ; B2 + B3*sqrt(Abs(r)) - i,0.00758454998558171*i + s - 1.10192973467162 ; -i + 12.587568853448*sqrt(Abs(r)) - 43.1006432656271
1054,0.8781777697099109,B0*i + B1*s**2 ; B2 - r,-0.109952029127143*i - 0.0781163448676005*s**2 ; 1.09896050092156 - r
1055,0.8781420452556293,B0*Abs(s)**(1/4) ; i,0.0198673698081831*Abs(s)**(1/4) ; i
1056,0.8781187449151672,B0 + B1*s**2 - i ; B2*r**2,-i - 0.708997134636977*s**2 + 0.703667489921115 ; 0.00095990997969668*r**2
1057,0.8781137837995877,B0*s**2*sqrt(Abs(i)) ; r,0.126062009099212*s**2*sqrt(Abs(i)) ; r
1058,0.8780472860833319,i ; i,i ; i
1059,0.8780219991996795,B0*i*Abs(s)**(3/2) ; B1 + i,0.00216689394321977*i*Abs(s)**(3/2) ; i - 24.0001214571585
1060,0.8780048370462739,B0*s - i*s**2 ; i*sqrt(Abs(B1 + r + sqrt(Abs(r)))),-i*s**2 + 0.104102986052604*s ; i*sqrt(Abs(r + sqrt(Abs(r)) - 0.181212283439808))
1061,0.8779993343710691,B0*i + i*s ; B1*i,i*s - 0.39320566188476*i ; 0.281418041558029*i
1062,0.8779756174827837,B0 + B1*i + B1*s ; B2 - i - r,-0.000459294508045511*i - 0.000459294508045511*s + 0.0459751999928594 ; -i - r - 1.8654019847383
1063,0.8779677905630462,B0 + B1*i + B2*s ; B3*r + i*r - i,0.000558849080915191*i + 0.0673638159234467*s - 0.0507209630819103 ; i*r - i - 0.423157323510947*r
1064,0.877936277485185,B0*sqrt(Abs(i + sqrt(Abs(i)))) ; B1 + i - r,0.0640355309489288*sqrt(Abs(i + sqrt(Abs(i)))) ; i - r + 3.16529914070209
1065,0.8779273199929137,B0*s ; B1*r - r**2,0.0460616772368941*s ; -r**2 + 0.0241234682853594*r
1066,0.8779273199913918,B0*s ; B1 + B2*r - i,0.0460618558474631*s ; -i + 3.81665921690232*r + 0.00633182067436844
1067,0.8779273199896392,B0*s ; B1 + B2*i*r,0.0460619825857159*s ; 5.54964230266199*i*r + 32.7940538949636
1068,0.8779273199844454,B0*s ; B1 - 2*i + r,0.0460622366193018*s ; -2*i + r + 0.00166763969766136
1069,0.8779273199811728,B0*s ; B1 + 3*r,0.0460623579611136*s ; 3*r + 0.00089957144685476
1070,0.8779273199727646,B0*s ; B1 + B2*i + r,0.0460626093423614*s ; 0.0622459435281918*i + r + 26.1648066305999
1071,0.8779273199720635,B0*s ; B1*Abs(i)**(1/8),0.0460604150957692*s ; 25.0961410648282*Abs(i)**(1/8)
1072,0.8779273199690294,B0*s ; B1*r + i*r,0.0460603388258199*s ; i*r + 0.00382221804045608*r
1073,0.8779273199678257,B0*s ; Abs(B1 - i + r)**(1/4),0.0460603098978563*s ; Abs(-i + r + 6.83380606319727)**(1/4)
1074,0.877927319965116,B0*s ; Abs(B1 + i - r)**(1/4),0.0460602471776476*s ; Abs(i - r + 0.172631773684659)**(1/4)
1075,0.8779273199641432,B0*s ; B1 + i + 2*r,0.0460602254037282*s ; i + 2*r + 0.000567207130165605
1076,0.8779273199593444,B0*s ; sqrt(Abs(B2 + sqrt(Abs(B1 + r)))),0.0460601229315746*s ; sqrt(sqrt(Abs(r + 0.00172911438865049)) + 1.48988208874923)
1077,0.8779273199423526,B0*s ; B1*i*r**2,0.0460632341388749*s ; 54.6881071827734*i*r**2
1078,0.8779273199333963,B0*s ; B1 + i - 2*r,0.0460633784956921*s ; i - 2*r + 0.117252496010979
1079,0.8779273199200471,B0*s ; B1*i + i**2,0.046063574908977*s ; i**2 + 18.209857622583*i
1080,0.8779273199087221,B0*s ; Abs(B1 - 2*r)**(1/4),0.0460637278712422*s ; Abs(2*r - 8.68413530862538)**(1/4)
1081,0.8779273198965188,B0*s ; B1*r + r**2,0.0460591612297062*s ; r**2 + 3.07300927355036*r
1082,0.8779273197398065,B0*s ; B1 + B2*r + i,0.0460577021341648*s ; i + 0.469853920919949*r + 0.000296834407082896
1083,0.8779273196552168,B0*s ; B1 - i + 2*r,0.0460659321868729*s ; -i + 2*r + 4.53504500340624
1084,0.8779273195364132,B0*s ; B1*i*Abs(r)**(3/2),0.0460666488761325*s ; 0.0018256810919797*i*Abs(r)**(3/2)
1085,0.8779273195214871,B0*s ; B1*r - i*r,0.046056311071177*s ; -i*r + 0.721281571401843*r
1086,0.8779273193138615,B0*s ; B1 + B2*r**2,0.0460677741437807*s ; 0.269742644915226*r**2 + 6.990193564527
1087,0.877927319284386,B0*s ; B1 + B2*Abs(r)**(3/2),0.046067908328436*s ; 0.0385153783316462*Abs(r)**(3/2) + 15.4221038095647
1088,0.8779273189196488,B0*s ; B1*i - i**2,2.71997431551294*s ; -i**2 + 0.000266646983315829*i
1089,0.877927318763366,B0*s ; B1*i + B2*r,0.0460531092724545*s ; 2.99709825084415*i + 0.00394666603696609*r
1090,0.8779273184096651,B0*s ; B1*i + i*r,0.0460710674106595*s ; i*r + 4.86512174328306*i
1091,0.8779272907287174,B0*s ; B1 + 2*i + r,0.0461025619820427*s ; 2*i + r + 5.76447605866141
1092,0.877927273880543,B0*s ; i + r**2 + r,0.046010022567931*s ; i + r**2 + r
1093,0.8779272734562454,B0*s ; r**2*Abs(i)**(3/2),0.0461132772752209*s ; r**2*Abs(i)**(3/2)
1094,0.8779272719175828,B0*s ; i*r + 2*r,0.0461141260959908*s ; i*r + 2*r
1095,0.877927269255055,B0*s ; 2*i + 2*r,0.0461155634420646*s ; 2*i + 2*r
1096,0.8779272686385727,B0*s ; r + sqrt(Abs(i - sqrt(Abs(i)))),0.046007174815184*s ; r + sqrt(Abs(i - sqrt(Abs(i))))
1097,0.8779272614729201,B0*s ; i**2*r - i,0.0460035078495039*s ; i**2*r - i
1098,0.8779272609678866,B0*s ; -2*i + 2*r,0.0461198109431799*s ; -2*i + 2*r
1099,0.8779272604737473,B0*s ; Abs(i*r + r)**(1/4),0.0461200544789946*s ; Abs(i*r + r)**(1/4)
1100,0.877927259343923,B0*s ; i*r**2 + r,0.0461206075424904*s ; i*r**2 + r
1101,0.8779272476939486,B0*s ; -r**2 + Abs(r)**(3/2),0.0461260346244163*s ; -r**2 + Abs(r)**(3/2)
1102,0.8779272476939486,B0*s ; i + r + Abs(r)**(3/2),0.0461260346244163*s ; i + r + Abs(r)**(3/2)
1103,0.8778557457398709,i*sqrt(Abs(B0 + i)) ; B1*r + i,i*sqrt(Abs(i + 0.966774811812828)) ; i + 0.00059495205910544*r
1104,0.877847676374759,B0*i + B1*s ; B2 + B3*sqrt(Abs(r)) - i,0.000200697799933316*i + 0.0486567336119188*s ; -i - 0.081711740846277*sqrt(Abs(r)) + 0.0549348940361086
1105,0.877747710782629,s**2*Abs(i)**(3/2) ; B0 + i,s**2*Abs(i)**(3/2) ; i + 0.184839649149807
1106,0.8777124430858134,B0*i + i*sqrt(Abs(B1 + s)) ; B2 + i,i*sqrt(Abs(s + 2.30092211759223)) - 0.663845338192108*i ; i + 9.08712779817302e-5
1107,0.8777019513720087,i*Abs(s)**(1/4) ; i,i*Abs(s)**(1/4) ; i
1108,0.8776840202034665,B0*s*sqrt(Abs(i)) ; sqrt(Abs(B1 + B2*i + i*r)),0.0115258529989662*s*sqrt(Abs(i)) ; sqrt(Abs(-i*r + 6.10734565044966*i + 8.62994222086109))
1109,0.8776754273272838,B0*i + B0*sqrt(Abs(s)) ; i,0.0322489098743202*i + 0.0322489098743202*sqrt(Abs(s)) ; i
1110,0.8776543205107036,B0*sqrt(Abs(s)) ; B1 - sqrt(Abs(B2 + sqrt(Abs(i)))),0.0334136428983757*sqrt(Abs(s)) ; 0.00101917158878901 - sqrt(sqrt(Abs(i)) + 0.00171540991660781)
1111,0.8776517311497593,B0*sqrt(Abs(s)) ; B1*i*r - r,0.0334136394359466*sqrt(Abs(s)) ; 0.000246971497035845*i*r - r
1112,0.8776515092025923,B0*sqrt(Abs(s)) ; B1 + i - 2*r,0.0334136466409816*sqrt(Abs(s)) ; i - 2*r + 1.34376966471171
1113,0.877651234390817,B0*sqrt(Abs(s)) ; B1 + B2*i*r,0.0334136375147872*sqrt(Abs(s)) ; 0.198824356855146*i*r + 0.923250884106042
1114,0.8776503407745279,B0*sqrt(Abs(s)) ; Abs(B1*i + r)**(1/4),0.0334136312596459*sqrt(Abs(s)) ; Abs(0.00457889605238396*i + r)**(1/4)
1115,0.8776495312276686,B0*sqrt(Abs(s)) ; B1*r + i*r,0.0334136643076715*sqrt(Abs(s)) ; i*r + 6.90098031042334*r
1116,0.877646001962504,B0*sqrt(Abs(s)) ; B1*r + r**2,0.0334031958038822*sqrt(Abs(s)) ; r**2 + 0.00132673811236909*r
1117,0.8776455714372129,B0*sqrt(Abs(s)) ; (i + r)**2,0.0334030784827259*sqrt(Abs(s)) ; (i + r)**2
1118,0.8776451877217551,B0*sqrt(Abs(s)) ; B1*i**2 - r,0.0334028931816277*sqrt(Abs(s)) ; 0.00779566922218696*i**2 - r
1119,0.8776366931945687,B0*sqrt(Abs(s)) ; B1*i*r - i,0.0333529015535779*sqrt(Abs(s)) ; 0.033309455032549*i*r - i
1120,0.8776344696471936,B0*sqrt(Abs(s)) ; B1 + B2*i**2,0.0334381896268308*sqrt(Abs(s)) ; 0.00599629961242696*i**2 + 0.0849085006820871
1121,0.877600450185655,B0*sqrt(Abs(s)) ; B1*i + B2*r,0.0339836538433118*sqrt(Abs(s)) ; 0.00185341978042138*i + 11.1672722749057*r
1122,0.8776003600129301,B0*sqrt(Abs(s)) ; B1 + B2*i - r,0.0339836756942781*sqrt(Abs(s)) ; 0.0283536221890486*i - r + 0.113974332639543
1123,0.8775961010759863,B0*i + i*sqrt(Abs(s)) ; B1*sqrt(Abs(i)) + i,i*sqrt(Abs(s)) + 0.0162677358724083*i ; i - 0.0357061098020712*sqrt(Abs(i))
1124,0.8775584002793737,B0*sqrt(Abs(i)) + B1*s ; B2 - 2*i - r,0.0480152239236125*s + 0.00199333905428739*sqrt(Abs(i)) ; -2*i - r + 0.115291116326002
1125,0.8774995790939212,B0*i + B1*i*s ; r - sqrt(Abs(B2*i + r)),0.000684975898332838*i*s + 2.3342238465237e-5*i ; r - sqrt(Abs(3.21348609074715e-13*i - r))
1126,0.8774930424928556,B0 + B1*i ; B2 + i + r - sqrt(Abs(i)),0.0295156972481796*i + 0.0446840509093955 ; i + r - sqrt(Abs(i)) + 0.177888053898067
1127,0.8774910619853524,B1*i*sqrt(Abs(B0 + i - s)) ; i,0.770582147544062*i*sqrt(Abs(-i + s + 1.2574563645232)) ; i
1128,0.8774910618289432,B1*i*sqrt(Abs(B0 - i + s)) ; i,0.770577635901508*i*sqrt(Abs(-i + s + 1.2574781763073)) ; i
1129,0.877483159270303,B0*s*Abs(i)**(1/4) + s ; B1*i + B2*r,-1.37691803205743*s*Abs(i)**(1/4) + s ; 2.97760361133566*i + 0.172360232990083*r
1130,0.8774740548874914,B0*i + B1*s ; B2 + B3*r*sqrt(Abs(i)),-0.0695664990178969*i + 0.0308332423278323*s ; -0.184739082299104*r*sqrt(Abs(i)) + 0.118209737784209
1131,0.87744391531238,B0 - i ; B1 - i**2 - r,-i - 0.436088400419162 ; -i**2 - r + 1.19074929785272
1132,0.8773527100208165,B0*i*s + B0*s ; r*sqrt(Abs(B1 - r)),0.0413920461939247*i*s + 0.0413920461939247*s ; r*sqrt(Abs(r - 17.752300324684))
1133,0.8773527086857443,B0*i*s + B0*s ; B1*r,0.0413853798205796*i*s + 0.0413853798205796*s ; 0.0064638478346708*r
1134,0.8773050159970341,B0 + B2*sqrt(Abs(B1 + i - s)) ; B3*i + B3*r,0.0732556831483989 - 0.00836676786259006*sqrt(Abs(i - s + 25.4117364986078)) ; 7.23679807740252*i + 7.23679807740252*r
1135,0.877301467518909,B0 - i ; B1*sqrt(Abs(r)) + i,0.0927057923220959 - i ; i - 0.0863870626274154*sqrt(Abs(r))
1136,0.8772953313393362,s*Abs(B0*i + B1)**(1/4) ; B2 - r,s*Abs(5.89314318782574e-5*i + 6.28564259730621e-6)**(1/4) ; 0.233579202609501 - r
1137,0.877292814175559,B0*s*sqrt(Abs(i)) ; 2*i,0.299878330769524*s*sqrt(Abs(i)) ; 2*i
1138,0.8772124055511987,B0*s**2 ; B1 - r + sqrt(Abs(r)),0.0434110701791719*s**2 ; -r + sqrt(Abs(r)) + 95.5709349909619
1139,0.8772124034153268,B0*s**2 ; B1 + B2*sqrt(Abs(r)),0.0434218113481174*s**2 ; 1.22454827238874*sqrt(Abs(r)) + 0.00441528895868449
1140,0.8772089126970772,B0 + B2*sqrt(Abs(B1 + i)) ; B3*Abs(i)**(3/2) + B4*r,0.0496046164850656 - 0.00472004191944374*sqrt(Abs(i - 4.16946148678387)) ; 0.567653638781859*r + 0.00215816204800283*Abs(i)**(3/2)
1141,0.8772071319061352,B0*i*s + B0*s**2 ; B1*i + i*sqrt(Abs(B2 - i)),0.021821168377213*i*s + 0.021821168377213*s**2 ; i*sqrt(Abs(i - 1.91998861673189)) - 1.58457632418186*i
1142,0.8771618740941123,s*sqrt(Abs(B1 + sqrt(Abs(B0 + i)))) ; i - sqrt(Abs(i*r - r**2)),s*sqrt(sqrt(Abs(i + 0.312857104676376)) + 6.16149881361825) ; i - sqrt(Abs(i*r - r**2))
1143,0.8771097334016381,B0*sqrt(Abs(i)) + B1*s ; B2 - r + sqrt(Abs(i)),0.0198867755457459*s + 0.0203005323918995*sqrt(Abs(i)) ; -r + sqrt(Abs(i)) + 0.798672992108781
1144,0.877089930892407,B0 + B1*sqrt(Abs(i))*sqrt(Abs(s)) ; B2 - 2*i + r,0.00588162843302934*sqrt(Abs(i))*sqrt(Abs(s)) - 0.000676223220200018 ; -2*i + r + 0.0128419747103759
1145,0.8770783415534434,B0 + B1*sqrt(Abs(i))*sqrt(Abs(s)) ; B2*i - i**2 + r,0.00700954637233804*sqrt(Abs(i))*sqrt(Abs(s)) - 0.000902496800316201 ; -i**2 - 0.00896442458787667*i + r
1146,0.8770596622741827,B0 + B1*i + B2*sqrt(Abs(s)) ; B3 - i,-0.000548376367373405*i + 0.081247513234229*sqrt(Abs(s)) - 0.0599663639421111 ; 0.102689234154842 - i
1147,0.8770436244651547,B0 + B1*i + B1*sqrt(Abs(i)) ; B2 - 2*r,-0.0507210574842438*i - 0.0507210574842438*sqrt(Abs(i)) + 0.0504170969276398 ; 1.2019466227614 - 2*r
1148,0.8768703258424233,B0 + i*s ; i - r**2 + r*sqrt(Abs(i)),i*s + 0.00985296096479117 ; i - r**2 + r*sqrt(Abs(i))
1149,0.876713901822382,B0 + B1*i ; B2 + i*r + r**2,0.000379041743545236*i + 0.039570294028216 ; i*r + r**2 + 0.000521211020596745
1150,0.8767108697756026,B0 + B1*sqrt(Abs(i)) + B2*s ; i**2 + i*sqrt(Abs(r)) - r,0.150235387162782*s + 0.276722762289955*sqrt(Abs(i)) - 0.181187590851108 ; i**2 + i*sqrt(Abs(r)) - r
1151,0.8766691727829762,B0 + sqrt(Abs(B1*s + B2)) ; B3*sqrt(Abs(r)),sqrt(Abs(0.00231539025631976*s - 8.53937273016498e-5)) - 0.000372210255401525 ; 0.0031846234790235*sqrt(Abs(r))
1152,0.876659530144359,B0*sqrt(Abs(i)) ; B1 + i,0.138715140938762*sqrt(Abs(i)) ; i + 0.0051681882958689
1153,0.8766570322374849,B0 + B1*i**3 ; B2 - i - 2*r,0.0407563981965618 - 0.0189072870179537*i**3 ; -i - 2*r + 0.657761868840041
1154,0.876648390971584,B0*sqrt(Abs(i)) + B1*s ; B2 - i + sqrt(Abs(i)),0.0471995643246535*s + 0.00188912504105708*sqrt(Abs(i)) ; -i + sqrt(Abs(i)) - 0.499433254319858
1155,0.8766103232904013,B0*i + B1*sqrt(Abs(s)) ; Abs(B2 + 2*r)**(1/4),3.88848454502141e-6*i + 0.0469099067876297*sqrt(Abs(s)) ; Abs(2*r - 14.7899736861438)**(1/4)
1156,0.876603082104816,B0*i + B1*sqrt(Abs(s)) ; Abs(B2 + r)**(1/4),3.54094002213407e-6*i + 0.0466889933273651*sqrt(Abs(s)) ; Abs(r - 2.27004639631068)**(1/4)
1157,0.8765876706290863,B1*s*Abs(B0 + i)**(1/4) ; r*sqrt(Abs(i + r + sqrt(Abs(r)))),0.0868133488097411*s*Abs(i - 0.0588669846059079)**(1/4) ; r*sqrt(Abs(i + r + sqrt(Abs(r))))
1158,0.8765865057683788,B0 + B1*sqrt(Abs(s)) ; i + 2*r - sqrt(Abs(i)),0.0486084205496586*sqrt(Abs(s)) - 0.000394729933925534 ; i + 2*r - sqrt(Abs(i))
1159,0.8765255725713915,B0 + B1*sqrt(Abs(i)) + B2*i ; Abs(B3 + i - r)**(1/4),0.00270981525745926*i + 0.0311954647712273*sqrt(Abs(i)) - 0.0402478456085238 ; Abs(-i + r + 82.5581317599123)**(1/4)
1160,0.8765236911953647,B0 + B2*sqrt(Abs(B1 + s)) ; r,0.0460028196802199*sqrt(Abs(s - 0.0297153924094003)) - 0.000406272919545754 ; r
1161,0.8765182016060319,B0 + B1*i ; B2*i + B3*r**2,0.0412775823553661 - 0.000409920688270135*i ; -0.281273621482055*i + 0.00285337207251228*r**2
1162,0.876516985742166,B0 + B1*i + B1*s ; B2 + i*r + i,0.0262462337058098*i + 0.0262462337058098*s - 0.00353862894155079 ; i*r + i - 0.368985362874237
1163,0.8765103189201547,B0*i + B1*sqrt(Abs(s)) ; r,-0.000370782457694353*i + 0.0468176356034382*sqrt(Abs(s)) ; r
1164,0.8765064607950731,i*sqrt(Abs(B0 + i)) ; B1*sqrt(Abs(r)) + i,i*sqrt(Abs(i + 0.966362861865512)) ; i + 0.000424213108796219*sqrt(Abs(r))
1165,0.8764997623438499,B0*i + B1*sqrt(Abs(s)) ; B2 - i,3.6120024177163e-6*i + 0.047410763749742*sqrt(Abs(s)) ; 12.4660966134098 - i
1166,0.8764834944773422,B0*i + B1*sqrt(Abs(s)) ; B2*Abs(i)**(1/4) - r,-0.000395785071048321*i + 0.0464598319232798*sqrt(Abs(s)) ; -r + 0.0263750715581412*Abs(i)**(1/4)
1167,0.8764694051149848,B0*i + B1*sqrt(Abs(s)) ; B2 + B3*r,-0.000672236438702178*i + 0.0476888445668271*sqrt(Abs(s)) ; 0.00707834451378408 - 0.00397958233412708*r
1168,0.8763739384460323,B0*sqrt(Abs(s)) + B1*s ; i - sqrt(Abs(B2*r + i)),2.72825715980469*s + 0.391853753885484*sqrt(Abs(s)) ; i - sqrt(Abs(i + 15.9483755885676*r))
1169,0.8763687587636678,B0 + B1*s - i ; i,-i + 0.0798694796971856*s + 0.00977735895716792 ; i
1170,0.8763587727035114,B0 + B2*sqrt(Abs(B1 + s)) ; B3 + B4*r - i,0.0498342931030486*sqrt(Abs(s - 0.100510471265193)) - 0.000423562250139024 ; -i + 0.000341458557256017*r + 0.33148484868049
1171,0.876276367389656,B0*i + B2*sqrt(Abs(B1 - s)) ; B3*sqrt(Abs(i)) + B4*r**2,-0.0568812310808594*i + 0.157763983649899*sqrt(Abs(s - 0.985307656229431)) ; 0.0450717085880904*r**2 - 0.0853096456396123*sqrt(Abs(i))
1172,0.8762286770810663,B0*i + B1*sqrt(Abs(s)) ; sqrt(Abs(B2 + r + Abs(r)**(3/4))),6.3613111801199e-6*i + 0.0516872473867956*sqrt(Abs(s)) ; sqrt(Abs(r + Abs(r)**(3/4) + 54853.6563984214))
1173,0.8762099834851735,B1*sqrt(Abs(B0 + sqrt(Abs(s)))) ; r,0.035069075619339*sqrt(Abs(sqrt(Abs(s)) - 0.262827324531526)) ; r
1174,0.8762044858539071,s*Abs(B0 + B1*s)**(1/4) ; B2*r + r**2,s*Abs(7.45178267992036e-5*s - 6.98384096458155e-5)**(1/4) ; r**2 + 0.568053813543024*r
1175,0.8761967649377674,B1*sqrt(Abs(B0 - sqrt(Abs(s)))) ; r,0.0349822264875805*sqrt(Abs(sqrt(Abs(s)) - 0.270422695550608)) ; r
1176,0.8761936319619438,B0 + B1*i**3 ; B2 - i*r - r,0.0405234567917467 - 0.0797788928797884*i**3 ; -i*r - r + 0.334184202381054
1177,0.8761581186026828,B1*sqrt(Abs(B0 - sqrt(Abs(s)))) ; B2*r,0.0348808228297282*sqrt(Abs(sqrt(Abs(s)) - 0.268996087832782)) ; 1.38201581870284*r
1178,0.8761500497070475,B0 + B1*sqrt(Abs(i - s)) ; i,0.0501464815101436*sqrt(Abs(i - s)) - 0.000988298521622241 ; i
1179,0.87609699662512,B0*i + i**2 ; 2*i,i**2 + 1.9436596462672*i ; 2*i
1180,0.8760487326124508,s*Abs(B0 + B1*s)**(1/4) ; i,s*Abs(6.64797972692221e-5*s - 5.96602971726013e-5)**(1/4) ; i
1181,0.8760341199743799,B0*s*sqrt(Abs(i)) ; i**2 + i + 2*r,0.00677163648737131*s*sqrt(Abs(i)) ; i**2 + i + 2*r
1182,0.8759863601808138,B0 + B2*sqrt(Abs(B1 + s)) ; r*sqrt(Abs(B3 + Abs(i)**(1/4))),0.0472830006643628*sqrt(Abs(s + 0.0766915384801768)) - 0.000358261295487557 ; r*sqrt(Abs(i)**(1/4) + 0.350807930055284)
1183,0.8759781077590881,B0*i + i*sqrt(Abs(s)) ; B1*i + i*r**2,i*sqrt(Abs(s)) - 0.626984557451523*i ; i*r**2 + 0.0806657102060784*i
1184,0.8759232612406606,B0*sqrt(Abs(i)) ; B1 + B2*Abs(r)**(1/8),0.0846636601123341*sqrt(Abs(i)) ; 0.429017436948002 - 0.42064698992105*Abs(r)**(1/8)
1185,0.8759092745909782,B0 + B1*i ; B2 + B3*r + r**2,0.000374908559825643*i + 0.0395762172244703 ; r**2 + 0.578416017759454*r + 2.50132716559012e-6
1186,0.8758873927328434,B0*i + i*sqrt(Abs(s)) ; i**3 + i,i*sqrt(Abs(s)) + 0.187853873850729*i ; i**3 + i
1187,0.8758224368970412,B0 + B2*sqrt(Abs(B1 + i)) ; B3 + sqrt(Abs(i))*sqrt(Abs(r)),0.043911271007925 - 0.00394649193303616*sqrt(Abs(i - 0.141088913556232)) ; sqrt(Abs(i))*sqrt(Abs(r)) - 0.0106296149015462
1188,0.8757961270428861,i*sqrt(Abs(s)) ; i,i*sqrt(Abs(s)) ; i
1189,0.875769884667311,B0*sqrt(Abs(i*s - s)) ; B1 - r + sqrt(Abs(i)),0.0291860426704287*sqrt(Abs(i*s - s)) ; -r + sqrt(Abs(i)) + 0.428281882699978
1190,0.8757262378558893,B0*s*Abs(i)**(1/4) ; i,0.10132286222072*s*Abs(i)**(1/4) ; i
1191,0.8757050516495918,B0*i + B1*sqrt(Abs(s)) ; B2 + B3*sqrt(Abs(r)),1.08503787686609e-5*i + 0.0534870255428448*sqrt(Abs(s)) ; 84.1873355446267*sqrt(Abs(r)) - 252.896972632377
1192,0.8756610365544062,B0 + B1*i + B1*sqrt(Abs(i)) ; B2 - sqrt(Abs(B3 + i)),-0.000367874118306162*i - 0.000367874118306162*sqrt(Abs(i)) + 0.0408302718931069 ; 0.80746738187465 - sqrt(Abs(i + 0.574880618557007))
1193,0.875590162622415,B0 + B1*i + B1*sqrt(Abs(s)) ; B2 + B3*i**2,0.000375268668161313*i + 0.000375268668161313*sqrt(Abs(s)) + 0.0396001098179639 ; 0.223673850534211*i**2 + 0.0677606710268647
1194,0.8755836628288056,B0 + B1*sqrt(Abs(i)) ; Abs(B2 + i + sqrt(Abs(i)))**(1/4),0.0509788237469679 - 0.00520110230339793*sqrt(Abs(i)) ; Abs(i + sqrt(Abs(i)) + 4.16751759454696)**(1/4)
1195,0.8754629046447445,s*sqrt(Abs(B0*i - i*s)) ; B1 + B2*sqrt(Abs(i)) + i,s*sqrt(Abs(i*s - 0.794879274473067*i)) ; i + 0.453269859956182*sqrt(Abs(i)) + 0.00212779806774772
1196,0.875427844595291,B0 + i*s ; 2*i,i*s + 0.0127876033853207 ; 2*i
1197,0.8753758109239484,B0 + B1*sqrt(Abs(i + s)) ; Abs(B2 - r)**(1/4),0.0506014033241079 - 0.00510852503721551*sqrt(Abs(i + s)) ; Abs(r - 6.73646627072275)**(1/4)
1198,0.8753679230373913,B0 + B1*s + B1*sqrt(Abs(s)) ; B2 - i,3.06313579287312*s + 3.06313579287312*sqrt(Abs(s)) - 1.92199546745575 ; 7.84247938634251 - i
1199,0.8753435093662041,B0*s*Abs(i)**(3/2) ; sqrt(Abs(i**2 - i*r)),8.93985256546712e-5*s*Abs(i)**(3/2) ; sqrt(Abs(i**2 - i*r))
1200,0.8753237060292027,B0*i + B1*i*s ; i + sqrt(Abs(i)),-0.0698837614085508*i*s - 0.00680227953586894*i ; i + sqrt(Abs(i))
1201,0.8752339016348958,B0*i*s**3 ; B1 + B2*sqrt(Abs(i)) + i,-0.57403465631623*i*s**3 ; i + 0.688273202108965*sqrt(Abs(i)) - 0.0610182918379455
1202,0.8751695563604769,B0*i + B2*sqrt(Abs(B1 + i)) ; r**2,-0.196694748354954*i + 0.2044222631763*sqrt(Abs(i - 0.0256925159089881)) ; r**2
1203,0.8751574299954937,B0*i ; B1*i + i**2,2.24242838856727*i ; i**2 + 2.27548678999122*i
1204,0.8751570484493127,B0 + B1*i ; sqrt(Abs(i - r)),0.000289948336973772*i + 0.0374068197861158 ; sqrt(Abs(i - r))
1205,0.8750926463809102,-i + sqrt(Abs(i)) ; B0 + B1*i + B2*r,-i + sqrt(Abs(i)) ; 1.86115606274377*i - 0.354984700328968*r - 1.82867247611871
1206,0.8750902830653122,B0 + B1*i ; B2 + B3*i*r + B3*r,0.0225073950427065 - 0.039670350705252*i ; -0.378644478421217*i*r - 0.378644478421217*r + 0.216125185317025
1207,0.8750805594702127,B0*Abs(s)**(5/4) ; r - Abs(B1 - r)**(1/4),0.045107490852182*Abs(s)**(5/4) ; r - Abs(r - 0.047637037970043)**(1/4)
1208,0.8750169827407304,B1*Abs(B0 + i)**(1/4) ; B2*r + i + r**2,0.0119617272617075*Abs(i + 99.9996394750788)**(1/4) ; i + r**2 - 0.542197649929537*r
1209,0.8750096124176933,B0*sqrt(Abs(i - sqrt(Abs(s)))) ; B1 + i,0.0341031341508772*sqrt(Abs(i - sqrt(Abs(s)))) ; i - 0.241917726225857
1210,0.8748713454962617,B0*i ; B1 - i - r,-0.0148843087774965*i ; -i - r + 0.240460705350813
1211,0.874857020228779,B0*s + B1*i*s ; i,0.0434412853868728*i*s + 2.68385338884239*s ; i
1212,0.8748569609399841,s*Abs(B0 - i)**(1/4) ; r,s*Abs(i - 56.3518869945926)**(1/4) ; r
1213,0.874807571283789,B0 + sqrt(Abs(s)) - sqrt(Abs(B1 + s)) ; B2 + i + r**2 + r,sqrt(Abs(s)) - sqrt(Abs(s + 0.0159642213480457)) + 0.0518651721503545 ; i + r**2 + r + 10.2007935072646
1214,0.8747802688692684,B0 + B1*i ; B2 + B3*i - i*r,0.0372632890936254 - 0.0413056767012584*i ; -i*r + 0.0166066785326163*i + 0.0390298878746295
1215,0.8747510975870525,B0*sqrt(Abs(s - sqrt(Abs(i)))) ; i,0.0347771340557517*sqrt(Abs(s - sqrt(Abs(i)))) ; i
1216,0.8747445695570978,B0*sqrt(Abs(i)) + B1*s ; B2 + sqrt(Abs(i)),2.72243658214377*s + 0.056232377758764*sqrt(Abs(i)) ; sqrt(Abs(i)) + 0.651461336001805
1217,0.8745677206538794,B0*sqrt(Abs(i)) + B1*s ; B2 + B3*i + B3*r,0.0462292065699475*s + 0.00155784689232606*sqrt(Abs(i)) ; -24.2616959975807*i - 24.2616959975807*r + 0.796762517873547
1218,0.8742881403983622,B0*i ; B1*sqrt(Abs(i)) + i,1.01056864818322*i ; i + 0.00449025143259511*sqrt(Abs(i))
1219,0.8742401774995852,B0 + B1*i + B1*s ; B2 + 2*i - r,0.0288820336307525*i + 0.0288820336307525*s - 0.0134648517991874 ; 2*i - r - 0.508691342013647
1220,0.8741886112270074,i*s ; i,i*s ; i
1221,0.8741821579759719,B0*i**2 + B1*s ; i,-19.0203742209041*i**2 + 0.127516862038765*s ; i
1222,0.874126022381365,B0*sqrt(Abs(i)) + B1*Abs(i)**(3/2) ; r,-0.10939022471292*Abs(i)**(3/2) + 0.120264870173569*sqrt(Abs(i)) ; r
1223,0.8741204484616458,B0 + B1*i + B2*s ; Abs(i - 2*r)**(1/4),0.000733254841746251*i - 0.0360391535248639*s + 0.0747856613043107 ; Abs(i - 2*r)**(1/4)
1224,0.8740736626947521,B0 + B1*sqrt(Abs(i)) + B2*s ; B3 - r,0.238479767007652*s + 0.24466989766433*sqrt(Abs(i)) - 0.23010316159783 ; 0.058428287089977 - r
1225,0.8740621324556939,sqrt(Abs(B0 + B1*sqrt(Abs(s)))) ; i,sqrt(Abs(0.00186031300911099*sqrt(Abs(s)) - 0.000597805181749633)) ; i
1226,0.8740238129452537,B0 + B1*i + B2*s ; i**3,0.0865876160262567*i + 0.0410106045842854*s - 0.0113559845861139 ; i**3
1227,0.8740061987237858,B1*sqrt(Abs(B0 + i)) ; B2 + i - sqrt(Abs(r)),0.0665088588660908*sqrt(Abs(i + 2.8170327425993)) ; i - sqrt(Abs(r)) + 4.79837653172415
1228,0.8738922303556307,i*sqrt(Abs(B0 + i)) ; B1 + i,i*sqrt(Abs(i - 1.00104447351401)) ; i + 0.000226262334269503
1229,0.8738460559186314,B0*i*s ; B1 + B2*i + B3*i*r,0.40600330265647*i*s ; -0.00705272609174604*i*r + 0.114862111299779*i + 0.000439550802645019
1230,0.8738400096878323,B0*s**2 + B1*i*s ; B2*i,0.393452783088628*i*s + 1.87010358510274e-6*s**2 ; 0.108605043925706*i
1231,0.8737534630709242,B0 + B1*i + B1*sqrt(Abs(s)) ; B2 + B3*i,0.0444541528806197*i + 0.0444541528806197*sqrt(Abs(s)) - 0.00397669180765282 ; 0.105772074423772*i + 0.00586870255946009
1232,0.8737386781949128,B0*i - 2*i**2 ; B1*i + B2*r,-2*i**2 + 0.705455805414961*i ; 1.44961702663087*i - 0.848450923489133*r
1233,0.8737266295375221,B0*i + i**2 ; B1 + B2*i*r + B2*r,i**2 + 0.152893703937974*i ; -0.0949546692090989*i*r - 0.0949546692090989*r + 0.0892305316566096
1234,0.8737071865184444,B0 + B1*Abs(i)**(3/2) + B2*s ; r,-0.452753872646476*s - 0.463418528851597*Abs(i)**(3/2) + 0.450836014253959 ; r
1235,0.8737071864396634,B0 + B1*i + B2*Abs(i)**(3/2) ; r*Abs(B3*r**2 + i)**(1/4),0.4527934711853*i - 0.463465272893808*Abs(i)**(3/2) - 0.00191989196215882 ; r*Abs(i + 0.00203458161726926*r**2)**(1/4)
1236,0.87369156685805,B0*Abs(s)**(3/2) + B1*i*s ; B2*sqrt(Abs(i)),0.378825169995275*i*s + 0.00468654604083366*Abs(s)**(3/2) ; 0.0409207180072731*sqrt(Abs(i))
1237,0.8736652678239623,B0*Abs(s)**(3/2) + B1*s**2 ; sqrt(Abs(i)),-0.600383399453496*s**2 + 0.6016829416228*Abs(s)**(3/2) ; sqrt(Abs(i))
1238,0.8736652675725017,B0*Abs(s)**(3/2) + B1*s**2 ; B2*sqrt(Abs(r)),-0.600400759374344*s**2 + 0.601698498715128*Abs(s)**(3/2) ; 0.00041776700456121*sqrt(Abs(r))
1239,0.8736216146758025,B0*i + i*sqrt(Abs(s)) ; B1*r + B2*i*r + i,i*sqrt(Abs(s)) - 0.262062248546636*i ; 0.961787301619356*i*r + i - 0.362305631308658*r
1240,0.873616012446628,B0*sqrt(Abs(s)) + B1*i*sqrt(Abs(s)) ; B2*i,0.538614793221408*i*sqrt(Abs(s)) + 0.000738710363749776*sqrt(Abs(s)) ; 0.330798656240635*i
1241,0.8736022734092752,B0*s + B1*i**2*s ; i,0.0125528714849689*i**2*s + 2.63214432618942*s ; i
1242,0.8735809343746078,B0*sqrt(Abs(i)) + B1*s*sqrt(Abs(i)) ; B2 - i - r,0.0815006362121976*s*sqrt(Abs(i)) - 0.00402407308401516*sqrt(Abs(i)) ; -i - r + 0.0336431967135662
1243,0.8735616320735803,B0 + B1*i ; B2*r + i*r - i,0.0410288106202695 - 0.000380904231436711*i ; i*r - i - 3.04205673975761*r
1244,0.8735578793212183,B0*i + B1*Abs(i)**(3/2) ; Abs(i**2*r + r**2)**(1/4),0.421197724277248*i - 0.427468318490396*Abs(i)**(3/2) ; Abs(i**2*r + r**2)**(1/4)
1245,0.8735567862538876,B0*s + B1*s**3 ; -i + sqrt(Abs(r + sqrt(Abs(r)))),0.0290958312597692*s**3 + 2.63640745009185*s ; -i + sqrt(Abs(r + sqrt(Abs(r))))
1246,0.8735473338002068,B0*s + i*s ; B1*i,i*s + 0.0316121545729683*s ; 3.03557011959264*i
1247,0.8735442672006927,B0 + B1*s + B2*i*s ; B3*sqrt(Abs(r + sqrt(Abs(i)))) - r,0.267161307911976*i*s + 0.0193794320358386*s - 0.0194462305223424 ; -r - 0.0429042576555885*sqrt(Abs(r + sqrt(Abs(i))))
1248,0.8735390409536544,B0*sqrt(Abs(i))*Abs(s)**(5/2) ; B1 + i + r,0.128331473753882*sqrt(Abs(i))*Abs(s)**(5/2) ; i + r - 0.0210691402831702
1249,0.8735172229246938,B0*s + B1*s**3 ; i - 2*r,-0.165725877408877*s**3 + 0.165739690549179*s ; i - 2*r
1250,0.873517222841065,B0*s + B1*s**3 ; i,-0.165740781298419*s**3 + 0.165751601175408*s ; i
1251,0.873517078760042,B0 + B1*s + B2*i*s ; B3 - r,0.279876161349229*i*s + 0.0227068665125981*s - 0.0198789088140166 ; -r - 0.00360261399221728
1252,0.8735165425246103,B0 + B1*i**2 + B2*s ; B3*r**2 + r,-0.280607685677493*i**2 - 0.257129806022261*s + 0.26070822469682 ; 0.000733433697676338*r**2 + r
1253,0.873516542474063,B0 + B1*s + B2*i*s ; B3*r**2,0.280635097288251*i*s + 0.0234881159042261*s - 0.019911358944119 ; 1.98995268570667*r**2
1254,0.8735165424491605,B0 + B1*i + B2*s**2 ; r**2,-0.304063246529515*i - 0.28059150585677*s**2 + 0.28417086413275 ; r**2
1255,0.8735165424336823,B0 + B1*i + B2*i*s ; r,0.280589614201237*i*s - 0.0234711754481917*i + 0.00357947690450276 ; r
1256,0.8735165424255992,B0 + B1*i + B2*i*s ; Abs(r)**(1/4),0.280588719827576*i*s - 0.0234709463073887*i + 0.00357953900516423 ; Abs(r)**(1/4)
1257,0.8735165422895416,B0 + B1*s + B2*s**2 ; -i + sqrt(Abs(i)),-0.280576712685737*s**2 + 0.304044772525485*s - 0.019887714908065 ; -i + sqrt(Abs(i))
1258,0.8735165422024611,B0 + B1*i + B2*s**2 ; r,-0.304135784987181*i - 0.280649145937089*s**2 + 0.284223850243516 ; r
1259,0.8735165421469042,B0 + B1*s + B2*s**2 ; r,-0.280566970366417*s**2 + 0.304032534829697*s - 0.0198845679838687 ; r
1260,0.8735165421289558,B0 + B1*i + B2*i**2 ; r,-0.280565669108704*i**2 + 0.257100618700815*i + 0.00358107213840251 ; r
1261,0.8735165420265822,B0 + B1*s + B2*s**2 ; i,-0.280666779687275*s**2 + 0.304157970577195*s - 0.019917561788569 ; i
1262,0.8735165348621964,B0 + B1*s + B2*s**2 ; Abs(B3 - i)**(1/4),-0.280389180310822*s**2 + 0.3037872837267*s - 0.0198066982907536 ; Abs(i - 4.49750077869476)**(1/4)
1263,0.8734940662100259,B0*s**2*sqrt(Abs(i)) ; r + Abs(i)**(1/4),0.00678475607985177*s**2*sqrt(Abs(i)) ; r + Abs(i)**(1/4)
1264,0.8734320889572861,B0 + B1*sqrt(Abs(i)) + B2*s ; B3 - Abs(r)**(3/2),0.0826298533515732*s + 0.00670868441260336*sqrt(Abs(i)) - 0.063053283620014 ; -Abs(r)**(3/2) - 0.0442245184430229
1265,0.873423412246595,B0*sqrt(Abs(i)) ; B1*Abs(i)**(1/4) + i,0.265928647809986*sqrt(Abs(i)) ; i + 0.0534126364595857*Abs(i)**(1/4)
1266,0.8734196618702554,B0*s + B1*i*Abs(s)**(3/2) ; r,0.343641596124405*i*Abs(s)**(3/2) - 0.00111883151643999*s ; r
1267,0.873413182525721,B0*sqrt(Abs(i)) + B1*s ; -r + sqrt(Abs(i))*sqrt(Abs(r)),2.95110184387642*s + 0.461035965302477*sqrt(Abs(i)) ; -r + sqrt(Abs(i))*sqrt(Abs(r))
1268,0.8734086461742058,B0*sqrt(Abs(i)) + B1*s ; r,2.96774583530425*s + 0.497656792934814*sqrt(Abs(i)) ; r
1269,0.8733645475654486,B0 + B1*i + B2*s ; 2*i,1.8942779591904*i + 0.00353848373371431*s + 8.83388226864758e-6 ; 2*i
1270,0.8733645444491028,B0 + B1*i + B2*s ; i - r,3.78900819773884*i + 1.89803702846147*s - 1.8944973134521 ; i - r
1271,0.8733436951467255,B0*i*s ; i,1.22673601092848*i*s ; i
1272,0.8733356086475808,B1*sqrt(Abs(B0 + i*s)) ; B2 + B3*i + r,0.00370911309456835*sqrt(Abs(i*s + 5.34609527288655)) ; 0.107785410629038*i + r - 0.405570877941756
1273,0.8733279224740162,B0*sqrt(Abs(i)) + B1*s ; B2 + sqrt(Abs(i + r)),0.0428894351066495*s + 0.00140866442454308*sqrt(Abs(i)) ; sqrt(Abs(i + r)) + 7.76755643745363
1274,0.8733143144703631,B0 + B1*i + B2*i*s ; B3 - i*r,0.0566806246343814*i*s - 2.87354075868072*i + 1.9859342025094 ; -i*r + 0.160782056229156
1275,0.8732912260416814,B0*i*s ; B1*i + i**2 - i*r,0.491284648674414*i*s ; i**2 - i*r + 0.179934330050568*i
1276,0.8732844352061738,B0*sqrt(Abs(i)) + B1*s ; Abs(B2 - r)**(1/4),0.0428424497676937*s + 0.00139950357174432*sqrt(Abs(i)) ; Abs(r + 4633.28872900745)**(1/4)
1277,0.8732707743423371,B0 + B1*i ; B2 + 2*r,6.52229667076726e-5*i + 0.0169811706164088 ; 2*r + 1.10653320770504e-10
1278,0.8732575838339577,B0 + B2*Abs(B1 + i)**(1/4) ; i*sqrt(Abs(r)),0.120016882699252 - 0.12826624649181*Abs(i - 0.337631434472022)**(1/4) ; i*sqrt(Abs(r))
1279,0.8732482000044576,B0*i**2 + B1*i*s ; B2 + i**2*r + i**2,0.61921638264984*i**2 + 0.29099382067513*i*s ; i**2*r + i**2 + 0.000303812400236394
1280,0.8732352360056138,B0*s + s*sqrt(Abs(B1 + s)) ; B2*i + B2*sqrt(Abs(i)) + B3*r,s*sqrt(Abs(s - 4.91658556603857)) - 1.97394519004272*s ; 0.00842699983879458*i + 24.3999318352076*r + 0.00842699983879458*sqrt(Abs(i))
1281,0.8732333545708302,B0*sqrt(Abs(i))*sqrt(Abs(s)) ; B1 + i - sqrt(Abs(B2 - i)),0.0365185643864102*sqrt(Abs(i))*sqrt(Abs(s)) ; i - sqrt(Abs(i - 0.0206195544249145)) + 0.0310354330531339
1282,0.873208550238421,B0 + B1*i + B2*s ; Abs(i - r)**(1/4),0.00068180711761721*i - 0.0313030635393422*s + 0.0681409003432212 ; Abs(i - r)**(1/4)
1283,0.8731918045600195,B0*sqrt(Abs(i)) ; B1 + B2*i + B3*r,0.0877090958494273*sqrt(Abs(i)) ; 0.0254420348934883*i - 0.0589425305461378*r + 0.0714810216647751
1284,0.8731767540762061,B0*Abs(s)**(3/2) + B1*i*s ; Abs(i*r**2 - r)**(1/4),0.246723484301721*i*s + 0.0057429591377754*Abs(s)**(3/2) ; Abs(i*r**2 - r)**(1/4)
1285,0.8731767540154989,B0*Abs(s)**(3/2) + B1*i*s ; r,0.246720519811755*i*s + 0.00574325232058157*Abs(s)**(3/2) ; r
1286,0.8731723678608905,B0*i + 2*s ; B1 + B2*r,-0.713696817735909*i + 2*s ; 0.0779321613631483*r - 1.19650818747554e-5
1287,0.8731669167355139,B0*s + B1*s**2 ; i**2 + i*Abs(i - r)**(1/4),-0.243426231695384*s**2 + 0.249199828045038*s ; i**2 + i*Abs(i - r)**(1/4)
1288,0.8731669167258178,B0*s**2 + B1*i*s ; r,0.249199219398813*i*s + 0.00577365994310278*s**2 ; r
1289,0.8731669167087254,B0*s**2 + B1*i*s ; -i**2*r + i*r,0.249198219288967*i*s + 0.00577376327184464*s**2 ; -i**2*r + i*r
1290,0.8731669166277024,B0*s**2 + B1*i*s ; sqrt(Abs(r)),0.24919427784837*i*s + 0.00577417106957546*s**2 ; sqrt(Abs(r))
1291,0.8731669158660793,B0*s**2 + B1*i*s ; B2*sqrt(Abs(r)),0.249175378389907*i*s + 0.00577568792682799*s**2 ; 0.00819293730408508*sqrt(Abs(r))
1292,0.8731669151384045,B0*s**2 + B1*i*s ; B2*sqrt(Abs(i))*sqrt(Abs(r)),0.249260123718292*i*s + 0.00576706527567775*s**2 ; 0.00608573923781338*sqrt(Abs(i))*sqrt(Abs(r))
1293,0.8731506187692045,B0 + B1*Abs(s)**(3/2) ; i + sqrt(Abs(r)),0.0414103880889702*Abs(s)**(3/2) + 0.00333654406952142 ; i + sqrt(Abs(r))
1294,0.8731423627166283,B0*Abs(i)**(3/2) + B1*i*s ; sqrt(Abs(r)),0.308928339002914*i*s - 0.0392188664761725*Abs(i)**(3/2) ; sqrt(Abs(r))
1295,0.8731423623527736,B0*Abs(i)**(3/2) + B1*i*s ; B2*r + B3*r**2,0.308927943381435*i*s - 0.0392023882552314*Abs(i)**(3/2) ; 0.000109047311798215*r**2 + 0.00660457881182488*r
1296,0.8731343836976404,B0*s + i*s + s**2 ; B1*i + B2*r,i*s + s**2 - 0.992518500817112*s ; -0.663441074070265*i - 3.36320055317643*r
1297,0.8731334036371555,B1*sqrt(Abs(B0*i + i*s)) ; B2*i + i**2 + i*r,0.0409365589092732*sqrt(Abs(i*s + 0.140792015888187*i)) ; i**2 + i*r - 0.503385851445127*i
1298,0.873098860855957,B0 + B1*i + B2*s ; Abs(B3 - 2*i)**(1/4),0.000671968404826445*i - 0.0302013318362219*s + 0.0671715713687239 ; Abs(2*i - 0.0469059856686426)**(1/4)
1299,0.8730916479354224,B0*i + B0*Abs(s)**(3/2) ; B1 + B2*i,0.0453634482821663*i + 0.0453634482821663*Abs(s)**(3/2) ; 0.0779808871874704*i + 0.00379519183556698
1300,0.8730524438487882,B0 + B1*sqrt(Abs(i))*sqrt(Abs(s)) ; B2 + i,0.191678875313148*sqrt(Abs(i))*sqrt(Abs(s)) - 0.000680254825653505 ; i + 0.114898012532421
1301,0.8730131253148736,B0*s + i*s + s**2 ; B1 + B2*i + B3*r,i*s + s**2 - 1.09472248260077*s ; -0.581883028810645*i - 3.00071072540801*r - 0.263246461522055
1302,0.8730063628693882,B0*sqrt(Abs(i)) + B1*s*sqrt(Abs(i)) ; B2 + B3*r + i,0.0964601319291381*s*sqrt(Abs(i)) - 0.00642275520976859*sqrt(Abs(i)) ; i + 1.00294516434407*r - 0.00317602456680341
1303,0.8729848466763639,B0*i**2 + B1*i*s ; B2*i**2*r + r,-0.0416478828566299*i**2 + 0.29832138726789*i*s ; 0.00515712035249932*i**2*r + r
1304,0.8729848465786066,B0*i + B1*i*s ; B2*r + B3*i*r**2,0.33997378930681*i*s - 0.0416461034152852*i ; 0.00235904850839573*i*r**2 + 0.0613600237084172*r
1305,0.8729848465593257,B0*i**2 + B1*i*s ; Abs(r)**(1/4),-0.0416491471273244*i**2 + 0.298315591112619*i*s ; Abs(r)**(1/4)
1306,0.8729848462551948,B0*i**2 + B1*i*s ; r,-0.0416432888169843*i**2 + 0.298310572704372*i*s ; r
1307,0.872932040688956,B1*sqrt(Abs(B0 + i*s)) ; B2 + B3*i,0.00580022314894727*sqrt(Abs(i*s - 0.00106489224698162)) ; 2.96896879340275*i + 10.8164326968356
1308,0.8729162180140514,B0*sqrt(Abs(i)) + B1*s*sqrt(Abs(i)) ; B2*r + i,0.0918244559017234*s*sqrt(Abs(i)) - 0.00582397430100709*sqrt(Abs(i)) ; i + 1.01428430516988*r
1309,0.8729136455551479,B1*sqrt(Abs(B0*s + i)) ; B2 - r - sqrt(Abs(B3 + r)),0.00754239910782071*sqrt(Abs(i + 26.7721887374011*s)) ; -r - sqrt(Abs(r + 0.598615098828513)) - 0.42512278028077
1310,0.8729135580006464,B0*sqrt(Abs(i)) + B1*s*sqrt(Abs(i)) ; i + r,0.0938343979499638*s*sqrt(Abs(i)) - 0.00559229763488791*sqrt(Abs(i)) ; i + r
1311,0.8728817425112791,B0*Abs(i)**(3/2) + s*Abs(i)**(3/2) ; B1 + B2*i - r,s*Abs(i)**(3/2) - 0.0809199619226527*Abs(i)**(3/2) ; 1.32848660228317*i - r - 0.118621575038011
1312,0.8728721724325573,B1*sqrt(Abs(s + sqrt(Abs(B0 + i)))) ; sqrt(Abs(i)),0.0136361928115122*sqrt(Abs(s + sqrt(Abs(i + 99.9999996856499)))) ; sqrt(Abs(i))
1313,0.8728651713847693,B0*s - i*s - s**2 ; B1 + B2*i - r,-i*s - s**2 + 1.00763714198266*s ; 0.34799727027658*i - r + 0.00259323044248987
1314,0.8728273378141064,B0*i + s ; B1*sqrt(Abs(r)),-1.70144530838456*i + s ; 0.000341422651528218*sqrt(Abs(r))
1315,0.8728273376938916,B0*i + s ; sqrt(Abs(r)),-1.70141931835211*i + s ; sqrt(Abs(r))
1316,0.8728273376704683,B0*i + s ; r,-1.70141919703907*i + s ; r
1317,0.8728266006268136,B0 + B1*s + B1*sqrt(Abs(B2 + s)) ; B3 + 2*r,2.04615721550914*s + 2.04615721550914*sqrt(Abs(s + 2.86716580558826)) - 3.47896340849711 ; 2*r + 0.375835653093238
1318,0.8727857964424318,B0 - i*s**2 + i*s ; 2*i - sqrt(Abs(B1 + i)),-i*s**2 + i*s + 0.0068876513127703 ; 2*i - sqrt(Abs(i - 0.385554152004098))
1319,0.8727606870285641,B0*i*sqrt(Abs(s)) ; B1*i**2 - i**3,0.361829439415118*i*sqrt(Abs(s)) ; -i**3 + 1.28964742825108*i**2
1320,0.8727576651927411,B0*sqrt(Abs(i)) + B1*s*sqrt(Abs(i)) ; B2 - i - r + sqrt(Abs(B3 + r)),0.10982835700148*s*sqrt(Abs(i)) - 0.00649877556708608*sqrt(Abs(i)) ; -i - r + sqrt(Abs(r - 3.96095357221284)) - 1.93291160077719
1321,0.8726833750503632,B0*sqrt(Abs(i)) + B1*s*sqrt(Abs(i)) ; B2 + B3*r,0.0151725489397045*s*sqrt(Abs(i)) - 0.000436606278374406*sqrt(Abs(i)) ; 0.333590191160397*r + 0.383040284055737
1322,0.8726631395072264,B0 + B1*i + B2*s ; B3 - 2*r + Abs(B4 + i)**(1/4),-17.3407530511067*i - 18.2927210875433*s + 18.2738593064937 ; -2*r + Abs(i - 3.68274132475791)**(1/4) - 1.38238184136701
1323,0.8726535579666502,B0*sqrt(Abs(i)) + B1*s*sqrt(Abs(i)) ; B2 + 2*i - r,0.023398117529274*s*sqrt(Abs(i)) - 0.000276468114877635*sqrt(Abs(i)) ; 2*i - r + 0.726886102606036
1324,0.8726486742453976,B0*sqrt(Abs(i)) + B1*s*sqrt(Abs(i)) ; B2 + B3*i,0.015124282509727*s*sqrt(Abs(i)) - 0.000417271309775255*sqrt(Abs(i)) ; 0.401614318675983 - 0.334775782566354*i
1325,0.8726340245834513,B0 + B1*i + B2*s ; B3 + B4*r + B5*r**2,-0.00137044593783469*i + 0.151423008951306*s - 0.140939761332094 ; -0.00103139518955713*r**2 + 0.163804766363284*r + 3.40133550483201
1326,0.8726197046210261,B0*Abs(s)**(3/2) ; B1*i + 2*r,0.0443776771834379*Abs(s)**(3/2) ; 0.00014696325391199*i + 2*r
1327,0.8726196901617439,B0*Abs(s)**(3/2) ; i**2 + i + r,0.044410311263111*Abs(s)**(3/2) ; i**2 + i + r
1328,0.8726167905171552,B0*i + B1*i*s ; B2*i + B3*i**2 + r,-0.463164194492233*i*s + 0.0425513863440652*i ; -3.74480370414151*i**2 + 1.13096710405694*i + r
1329,0.872610268067769,B0 + B1*i + B2*s ; B3 + B4*r*Abs(i + r)**(1/4),-0.0013898757908556*i + 0.149960798162029*s - 0.142664408074565 ; 0.0924494584297157*r*Abs(i + r)**(1/4) + 4.98987986347973
1330,0.8726063577622741,B0*i + i**2 + i*s ; B1 + B2*i + B3*r,i**2 + i*s - 0.577363863920798*i ; 0.853315228557769*i - 0.744919994818668*r + 0.733705067385321
1331,0.8725803869164089,B0*s*sqrt(Abs(i)) ; sqrt(Abs(B1 - i*r + r**2)),0.00883607223675931*s*sqrt(Abs(i)) ; sqrt(Abs(i*r - r**2 + 0.000285706371551189))
1332,0.8725793736468741,B0*sqrt(Abs(i)) + B1*s*sqrt(Abs(i)) ; B2 + B3*i - r,0.117320193943621*s*sqrt(Abs(i)) - 0.00788792069582959*sqrt(Abs(i)) ; -0.816218736253696*i - r + 0.0516060669209884
1333,0.8725595508631382,s*sqrt(Abs(B0*i*s + B0*i)) ; B1 + B2*r,s*sqrt(Abs(0.000150963336727827*i*s + 0.000150963336727827*i)) ; 0.356986574800288*r + 0.279079785422428
1334,0.8725544871827412,B0*sqrt(Abs(s)) + B1*s ; r,0.0191367310390065*s + 0.0259576517731953*sqrt(Abs(s)) ; r
1335,0.8725533786043156,B0*sqrt(Abs(s)) + B1*s ; i + r + sqrt(2)*sqrt(Abs(i)),0.0186542040731268*s + 0.0261581069038229*sqrt(Abs(s)) ; i + r + sqrt(2)*sqrt(Abs(i))
1336,0.8725531673209215,B0*sqrt(Abs(s)) + B1*s ; B2*r + i*r,0.0187598107341273*s + 0.0261115733453802*sqrt(Abs(s)) ; i*r + 0.000950438509755448*r
1337,0.8725392793610484,B0*sqrt(Abs(s)) + B1*s ; i,0.0204529977017286*s + 0.0254269048384242*sqrt(Abs(s)) ; i
1338,0.872497792798811,B0*i + B1*i*s ; B2 - i + 2*r,-0.00059968388968958*i*s - 3.31417513598068e-5*i ; -i + 2*r + 0.0320748875820923
1339,0.8724218609712077,B0*s + B1*sqrt(Abs(i))*sqrt(Abs(s)) ; B2*i + B3*r,-0.0230577689230596*s + 0.228132386876655*sqrt(Abs(i))*sqrt(Abs(s)) ; 0.277893628976274*i + 0.000928310850562513*r
1340,0.8724086297224957,B0 + B1*i ; B2 + B3*r + B4*r**2,0.495822224685726 - 0.21696264099527*i ; 0.0581348523819663*r**2 - 2.5176117476529*r - 5.77822237243718
1341,0.8723979896941156,B0*sqrt(Abs(s + Abs(s)**(3/2))) ; i**3*r,0.0291911677096078*sqrt(Abs(s + Abs(s)**(3/2))) ; i**3*r
1342,0.8723858422708936,B0 + B1*i + B1*s ; B2 + B3*r,0.992962404565956*i + 0.992962404565956*s - 0.94852794884917 ; 0.00141071336501946 - 0.0237242245397651*r
1343,0.8723716675743204,B0*sqrt(Abs(i)) + B1*s*sqrt(Abs(i)) ; B2 + B3*r + 2*i,0.0928979554821568*s*sqrt(Abs(i)) - 0.00595453681025379*sqrt(Abs(i)) ; 2*i + 1.85225115079459*r - 0.0737179553653839
1344,0.8723582330267671,B0 + B1*i ; B2 + B4*sqrt(Abs(B3 + i)),0.266460736728846*i + 0.0390636326643252 ; 3.22336447809751 - 1.36518933012491*sqrt(Abs(i - 5.42381315102941))
1345,0.8723363954353659,B0*i*Abs(s)**(1/8) ; B1*i + B2*i*r**2,0.727266189172531*i*Abs(s)**(1/8) ; 0.396552027519064*i*r**2 + 0.574624453012262*i
1346,0.8723315570256678,B0 + B1*i + B2*s ; B3 + B4*i + B5*i*r,-0.0236714098645146*i + 0.59118892736115*s - 0.570535460725735 ; 0.0109866870346513*i*r - 0.243249589358781*i + 0.345944397935619
1347,0.872276196707285,B0 + B1*i + B2*s ; B3 - 2*i + r,-0.000503244918916939*i + 0.0580423274648758*s - 0.044946427881289 ; -2*i + r + 0.070978866964882
1348,0.8722649203345466,B0*i - i**2 ; B1*i + B1*r,-i**2 + 0.379276193786096*i ; 0.00904423660546738*i + 0.00904423660546738*r
1349,0.8722482654714496,B0*Abs(s)**(3/2) + B1*i*s ; B2 + Abs(i)**(1/8),-0.0188185652013269*i*s + 0.00969996037435004*Abs(s)**(3/2) ; Abs(i)**(1/8) - 0.526234295628957
1350,0.8722408037669147,B0 + B1*s + B2*i*s ; Abs(B3 + r)**(1/4),-0.00825627709549806*i*s + 0.0236498002968742*s - 0.0230679652468249 ; Abs(r - 2.34524739250889)**(1/4)
1351,0.8722057373348908,B0*sqrt(Abs(i)) ; B1*i,0.095379816629606*sqrt(Abs(i)) ; 0.776497286790911*i
1352,0.8722028129308225,B0*s - i ; B1*i + B2*i*r,-i + 0.0686621111133691*s ; -0.68160873884369*i*r + 2.08882920938515*i
1353,0.8721605883671747,B0*sqrt(Abs(i)) ; i,0.108334671471987*sqrt(Abs(i)) ; i
1354,0.8721393790223876,B1*sqrt(Abs(B0 + i - s)) ; B2 + i + Abs(r)**(1/4),0.0403091815501226*sqrt(Abs(i - s + 1.0806111959587)) ; i + Abs(r)**(1/4) - 0.0336207007168407
1355,0.8720428184928382,B0*sqrt(Abs(i)) + B1*s*sqrt(Abs(i)) ; B2*r - i + sqrt(Abs(r)),0.0132750579730086*s*sqrt(Abs(i)) - 9.26784985746128e-5*sqrt(Abs(i)) ; -i - 0.877760043048646*r + sqrt(Abs(r))
1356,0.87204030946618,B0*s + s*sqrt(Abs(B1 + sqrt(Abs(s)))) ; B2 + B3*i,s*sqrt(sqrt(Abs(s)) + 4.54325791939795) + 0.337037821906088*s ; 0.0808397323241601*i + 0.920341607411427
1357,0.8720390988388441,B0*sqrt(Abs(i)) + B1*s*sqrt(Abs(i)) ; B2*i,0.0785338052091016*s*sqrt(Abs(i)) - 0.00662603522070581*sqrt(Abs(i)) ; -0.26047540311517*i
1358,0.871990896153562,B0*i ; B1*sqrt(Abs(i)),-0.000118726360191625*i ; 1192.57604507658*sqrt(Abs(i))
1359,0.8719846754479911,B0*sqrt(Abs(i)) ; B1 + sqrt(Abs(i)),0.00118753335041559*sqrt(Abs(i)) ; sqrt(Abs(i)) + 144.86847224595
1360,0.8719846721176924,B0*sqrt(Abs(i)) ; B1 + r,0.00118753316197947*sqrt(Abs(i)) ; r + 120.289517238754
1361,0.8719846703896069,B0*sqrt(Abs(i)) ; sqrt(Abs(B1 + i)),0.00118753316696726*sqrt(Abs(i)) ; sqrt(Abs(i + 21940.013599371))
1362,0.871984634264347,B0*i ; B1 - sqrt(Abs(i)),0.000118753238003644*i ; -sqrt(Abs(i)) - 167.602192010176
1363,0.8719846284480541,B0*i ; B1 - sqrt(Abs(r)),0.000118753223564578*i ; -sqrt(Abs(r)) - 167.675302420898
1364,0.8719846185521172,B0*i ; B1 + sqrt(Abs(i)),-0.000118753200152917*i ; sqrt(Abs(i)) + 167.714769032172
1365,0.8719846129050075,B0*i ; B1 + sqrt(Abs(r)),-0.000118753186635828*i ; sqrt(Abs(r)) + 167.78662638389
1366,0.8719810558375489,B0 + B1*i + B2*s ; Abs(B3 - r)**(1/4),0.000735472195260322*i - 0.0333853801001049*s + 0.0745375936568715 ; Abs(r + 27.3152245602634)**(1/4)
1367,0.8719795640494806,B0 + B1*i + B2*s ; Abs(B3 + r)**(1/4),0.000736658517034814*i - 0.0335878799187018*s + 0.0746359571355106 ; Abs(r + 26.9754534115036)**(1/4)
1368,0.8719646676348934,B0 ; sqrt(Abs(B1 - i)),0.0118373920501270 ; sqrt(Abs(i - 0.0394797066960838))
1369,0.8719618554398126,B0 + B1*i + B2*s ; Abs(B3 - i)**(1/4),0.000737684623964245*i - 0.0335872028177915*s + 0.0748137034183327 ; Abs(i - 28.3664389185835)**(1/4)
1370,0.8719511552196086,B0*sqrt(Abs(i)) + B1*s ; i,0.0283147339346813*s + 0.0741824946728399*sqrt(Abs(i)) ; i
1371,0.8719234734260356,B0 + B1*Abs(i)**(1/4) ; -i*r + i - Abs(i)**(3/2),0.0790790477083977 - 0.0796959897082472*Abs(i)**(1/4) ; -i*r + i - Abs(i)**(3/2)
1372,0.8718839318720258,B0*i**2*s**2 ; B1 + r,9.3521092922154e-6*i**2*s**2 ; r + 0.0308191913543026
1373,0.8718070352945737,B0*i ; B1*i + B2*i*r**2,0.785450875416225*i ; 0.621039647568906*i*r**2 + 0.657008817253895*i
1374,0.8717909577982311,B0 - i + sqrt(Abs(s)) ; B1*i + B2*sqrt(Abs(r)),-i + sqrt(Abs(s)) - 0.888296145749224 ; 0.194902662640129*i + 0.0995909857248014*sqrt(Abs(r))
1375,0.8717489717864677,B0*i + i*s ; B1 + sqrt(2)*Abs(i)**(3/2),i*s - 0.336260271617024*i ; sqrt(2)*Abs(i)**(3/2) + 0.000403124129813952
1376,0.8717328961219031,i*sqrt(Abs(B0*s + i)) ; B2*Abs(B1 - i)**(1/4) + i,i*sqrt(Abs(i + 0.316631618987365*s)) ; i - 0.0266621203644068*Abs(i - 3.85026767572258)**(1/4)
1377,0.8717275927947609,B0 + B1*sqrt(Abs(s)) + B2*s ; B3 + B4*i*r - i**2,-0.571198418090487*s + 0.802526782185419*sqrt(Abs(s)) - 0.222123488456333 ; -i**2 + 2.71359611912927*i*r + 1.81789684957143
1378,0.8717017799410299,B0*s**2 + B1*i*s ; B2*sqrt(Abs(r)) + i,-1.93893458431719*i*s - 0.00714373879685523*s**2 ; i + 0.17912021148847*sqrt(Abs(r))
1379,0.8716700648120421,B0 + B1*i ; Abs(B2 + 2*i - r)**(1/4),0.00044119108735035*i + 0.0445113105707265 ; Abs(2*i - r + 25.3746342210214)**(1/4)
1380,0.8716259957210093,B0 + i**2 ; B1 + B2*i + i*r,i**2 + 0.00153090339822672 ; i*r - 0.578363939273096*i + 0.0217909272097161
1381,0.8716077101228897,B0*s + B1*i*s**2 ; B2*r + i*r,0.422255575925988*i*s**2 - 0.00435014726327961*s ; i*r + 0.000123547352779971*r
1382,0.8716077100081923,B0*s + B1*i*s**2 ; B3*r*sqrt(Abs(B2 - r)) + r,0.422240634696157*i*s**2 - 0.00434881825020565*s ; 0.0572099385571186*r*sqrt(Abs(r - 23.4233087151661)) + r
1383,0.87152621778982,B0*sqrt(Abs(s + sqrt(Abs(s)))) ; B1 - sqrt(Abs(r)),0.0234055719298014*sqrt(Abs(s + sqrt(Abs(s)))) ; 0.000302794054466689 - sqrt(Abs(r))
1384,0.8715143836179857,B0*Abs(i)**(3/2) + B1*i*s ; Abs(B2 + i)**(1/4),-0.00652772888638889*i*s - 4.50726377965569e-5*Abs(i)**(3/2) ; Abs(i + 0.566199480757758)**(1/4)
1385,0.8714995724990425,B0*s*sqrt(Abs(i)) ; sqrt(Abs(B1 + sqrt(Abs(B2*i + i**2)))),0.0179899605110448*s*sqrt(Abs(i)) ; sqrt(Abs(sqrt(Abs(i**2 - 0.00598999143316158*i)) - 0.00955833101772249))
1386,0.8714981302585308,B0*s + i*s + s**2 ; B1 + B2*i,i*s + s**2 - 0.99525125068537*s ; -0.0136415818658686*i - 0.00588042798490881
1387,0.8714939266983193,B0*sqrt(Abs(i - s)) ; r,0.0192202420115796*sqrt(Abs(i - s)) ; r
1388,0.8714861951556917,B0*sqrt(Abs(i - s)) ; r**2,0.0192808624577403*sqrt(Abs(i - s)) ; r**2
1389,0.8714827100282287,i*sqrt(Abs(B0 + s*Abs(i)**(1/4))) ; B1 + i,i*sqrt(Abs(s*Abs(i)**(1/4) + 0.779057242542887)) ; i - 0.000555455741555535
1390,0.8713918589788784,B0 + B2*sqrt(Abs(B1 + sqrt(Abs(s)))) ; B3 + B4*i + B4*r,0.0528095456787049*sqrt(Abs(sqrt(Abs(s)) - 0.203346804132616)) - 0.00109787521850588 ; 0.414478245857902*i + 0.414478245857902*r + 0.000205569070879686
1391,0.8713785070225489,B0*Abs(i)**(3/2) + s*Abs(i)**(3/2) ; B1 + B2*r + i,s*Abs(i)**(3/2) - 0.103477873417367*Abs(i)**(3/2) ; i + 0.372122853154392*r + 0.0762535046123259
1392,0.8713669696914105,B0 + B1*i ; B2*i - Abs(i)**(3/2),1.94390875583182*i + 0.000344814169274499 ; 2.14436159767195*i - Abs(i)**(3/2)
1393,0.8713047711477298,B0*i*s - i**2*s ; B1 + B2*sqrt(Abs(r)) + i,-i**2*s - 0.808258067910811*i*s ; i + 0.315717257909594*sqrt(Abs(r)) - 0.0149752118769103
1394,0.8712936201385568,B1*sqrt(Abs(B0*i + s)) ; B2 - r,0.0208936761423618*sqrt(Abs(3.90551413414099*i + s)) ; 1.07432523038007 - r
1395,0.8712475983512684,B0 + Abs(B1 + B2*s)**(1/4) ; 2*i,Abs(6.99834109942437e-6*s - 5.18889419700512e-7)**(1/4) - 0.00851835260767439 ; 2*i
1396,0.871243572341378,B0 + B1*Abs(s)**(1/4) ; B2*r + Abs(i)**(1/8),0.0554789510046305*Abs(s)**(1/4) - 0.00925158333265424 ; 0.206420796954577*r + Abs(i)**(1/8)
1397,0.8712173198221159,B0 - i*s**2 + i ; B1*sqrt(Abs(i - r)) + i,-i*s**2 + i + 0.0245015644177921 ; i + 0.0347981533012667*sqrt(Abs(i - r))
1398,0.8712082883307027,B0*i ; i + sqrt(Abs(B1 + i + r)),-0.0361327237122168*i ; i + sqrt(Abs(i + r - 1.10144679083099))
1399,0.8711937263953203,B0 + B1*i + B2*i*s ; Abs(B3 - i + r)**(1/4),-0.00145948802608707*i*s - 4.75222380426762e-5*i - 0.00664899548163839 ; Abs(i - r + 1420.82110811392)**(1/4)
1400,0.8711909505920261,B0 + i*s ; B1*i*r + i**2 + i,i*s + 0.00328998988574431 ; i**2 - 1.96152602582564*i*r + i
1401,0.8711866312515734,B0 + B1*Abs(i)**(5/2) ; B2*r + B3*i*r,0.0420961532271708 - 0.0376008371003836*Abs(i)**(5/2) ; 0.00269272707068102*i*r + 0.00215690516042271*r
1402,0.8711809137051294,B0*i**2 + B1*s ; B2 + B3*r,0.000100856036955124*i**2 + 2.72118754997954*s ; 0.00228693436924769*r + 5.08355477256938
1403,0.8711305694549281,B0 + B1*sqrt(Abs(i)) ; i,0.246919411090059*sqrt(Abs(i)) - 0.0154562787962443 ; i
1404,0.8710808342289335,B0*i*Abs(s)**(5/2) ; B1 - Abs(i)**(3/2),-2.63180066208644*i*Abs(s)**(5/2) ; 0.0442278924326569 - Abs(i)**(3/2)
1405,0.8710592744941696,B0*Abs(i)**(1/4) + B1*i ; B2*i,-0.0682237166389345*i + 0.0826482487943884*Abs(i)**(1/4) ; -0.00480281069458549*i
1406,0.8710455525004516,B0*s + B1*i**2*s ; sqrt(Abs(B3 + sqrt(Abs(B2 - sqrt(Abs(i)))))),4.84503005607116e-5*i**2*s + 0.0181407118698735*s ; sqrt(sqrt(sqrt(Abs(i)) + 13.4615104206749) + 10.6192399910315)
1407,0.8710273937740716,i*sqrt(Abs(B0 + s*sqrt(Abs(i)))) ; B1 + i,i*sqrt(Abs(s*sqrt(Abs(i)) + 0.00763991151500771)) ; i - 0.0486139909720804
1408,0.8710081707362104,B0*s - i*s ; B1 + B2*i + B3*Abs(r)**(3/2),-i*s - 0.23165054516138*s ; 1.46344913333342*i + 0.245274530603655*Abs(r)**(3/2) + 0.393615277727696
1409,0.8710010941283888,B0*i*s ; i**3*Abs(r)**(1/4) - r,0.30006312538329*i*s ; i**3*Abs(r)**(1/4) - r
1410,0.8709986539383633,B0*sqrt(Abs(i)) + B1*s*sqrt(Abs(i)) ; B2*sqrt(Abs(i)),0.0137005973645882*s*sqrt(Abs(i)) + 0.000201249205707237*sqrt(Abs(i)) ; 1.2040235710978*sqrt(Abs(i))
1411,0.8709909928600962,B0*i - i*s ; B1 + B2*i + B3*r**2,-i*s - 0.0258064878301167*i ; 1.84935045191634*i - 0.568520041521008*r**2 + 0.0352513429873735
1412,0.8709894878584895,B0*i + B0*s*sqrt(Abs(B1 + s)) ; i,0.128154541868277*i + 0.128154541868277*s*sqrt(Abs(s - 0.967746369840571)) ; i
1413,0.8709735570160377,B0*i**2 + B0*s ; B1 - 2*r + sqrt(Abs(r)),0.0130903422963992*i**2 + 0.0130903422963992*s ; -2*r + sqrt(Abs(r)) + 2.20224088136427
1414,0.8709076694652456,B1*sqrt(Abs(B0 + i*s)) ; B2 + i,0.0275849965758891*sqrt(Abs(i*s + 0.115872588292495)) ; i - 1.50373703378255
1415,0.8708947867430876,B1*sqrt(Abs(B0 + i)) ; B2 - sqrt(Abs(B3*r + i)),0.0444832622631216*sqrt(Abs(i + 1.39167991440326)) ; 2.35183351802953 - sqrt(Abs(i - 1.5803931516036*r))
1416,0.8708930090980054,B0*i + i*s ; B1 + i,i*s - 0.0990088873970483*i ; i - 0.0161729773701663
1417,0.8708832668085169,B0*sqrt(Abs(s**2 + s)) ; B1 + i + r**2,0.0290286203326231*sqrt(Abs(s**2 + s)) ; i + r**2 + 1.21214540260527
1418,0.8708822172880066,B0*sqrt(Abs(s**2 + s)) ; B1*Abs(i)**(1/4) + i,0.029483012576684*sqrt(Abs(s**2 + s)) ; i + 0.0550140550696048*Abs(i)**(1/4)
1419,0.870829590138879,B0*i + B1*Abs(s)**(1/4) ; B2 + B3*i,0.197377657744525*i + 0.0449639434009844*Abs(s)**(1/4) ; 1.07027177758843*i + 0.0398261663950561
1420,0.8708004011151526,B0*s + i*s + s**2 ; B1 + B2*i**2*r,i*s + s**2 - 1.00521335636928*s ; -0.00170155675820783*i**2*r - 0.00912809713174452
1421,0.8707987053920921,B0*s + 2*i ; sqrt(Abs(r)),2*i + 4.73292503550322*s ; sqrt(Abs(r))
1422,0.870788982109937,s*sqrt(Abs(B0 + B1*i + B1*s)) ; i,s*sqrt(Abs(0.0255207921318692*i + 0.0255207921318692*s - 0.024812235771731)) ; i
1423,0.870785075314237,B1*sqrt(Abs(B0 + i)) ; B2 - sqrt(Abs(B3 + r + sqrt(Abs(i)))),0.00446168660534518*sqrt(Abs(i - 99.9861100066662)) ; 142.192261382014 - sqrt(Abs(r + sqrt(Abs(i)) + 21181.6113794255))
1424,0.8707644930738521,B0*i + B1*Abs(i)**(5/2) ; r,0.261251955587772*i - 0.360693791798276*Abs(i)**(5/2) ; r
1425,0.8707644921847132,B0*i + B1*Abs(i)**(5/2) ; Abs(r)**(1/8),0.261247839721247*i - 0.360684869399254*Abs(i)**(5/2) ; Abs(r)**(1/8)
1426,0.8707389859641435,B0*sqrt(Abs(i))*Abs(s)**(1/4) ; B1*i,0.141930111883321*sqrt(Abs(i))*Abs(s)**(1/4) ; 0.601823905511792*i
1427,0.8707145871329329,B1*i*s*sqrt(Abs(B0 + i)) ; B2 + r,-6.80346137937199e-6*i*s*sqrt(Abs(i - 15802.9554777826)) ; r + 0.0409455876367071
1428,0.8706276493948739,B0 + B1*i + B2*s ; B3 - 2*r + Abs(i)**(1/4),0.408570153820169*i + 0.429774331556463*s - 0.766053957693627 ; -2*r + Abs(i)**(1/4) - 2.94503010027526
1429,0.870619998825601,B0*Abs(s)**(3/2) + B1*i*s ; B2 + i,-1.44280877435801*i*s - 0.343542034325607*Abs(s)**(3/2) ; i + 0.305100958286903
1430,0.870585687091108,B0 + B1*i + B2*s ; Abs(-B3 + i + r)**(1/4),0.000759630683923844*i - 0.034073794309165*s + 0.0775734575665974 ; Abs(i + r + 67.4068307527902)**(1/4)
1431,0.8705079876280576,B0*sqrt(Abs(i*s - s)) ; B1 + i + sqrt(Abs(r)),0.00509037909594677*sqrt(Abs(i*s - s)) ; i + sqrt(Abs(r)) + 39.0968954631243
1432,0.870500381708577,B0*i + B1*sqrt(Abs(i))*sqrt(Abs(s)) ; B2 - Abs(r)**(1/4),-0.000829080123963348*i + 0.0301050338878687*sqrt(Abs(i))*sqrt(Abs(s)) ; 0.459705445530301 - Abs(r)**(1/4)
1433,0.8704583853382261,B1*sqrt(Abs(B0 + i + s)) ; B2 + i - r,0.0483489182004116*sqrt(Abs(i + s - 0.99851648478938)) ; i - r - 1.0658142867001
1434,0.8703969047814838,B1*sqrt(Abs(B0*i + s)) ; B2*sqrt(Abs(i)) + i,0.0357006408644233*sqrt(Abs(0.551821685407489*i - s)) ; i + 0.503101632328804*sqrt(Abs(i))
1435,0.8703719529291559,B0 + B1*i ; B3*i*sqrt(Abs(B2 + r)),0.046197649684656 - 0.0382524752210474*i ; -0.0177366936160025*i*sqrt(Abs(r + 0.0100505503792691))
1436,0.8703651293322003,i*sqrt(Abs(B0*s + i)) ; i,i*sqrt(Abs(i + 1.37274589751681*s)) ; i
1437,0.8703600990554161,B0*sqrt(Abs(i)) + B1*s*sqrt(Abs(i)) ; B2*r + 2*i,0.187325692696329*s*sqrt(Abs(i)) + 0.00891686548553425*sqrt(Abs(i)) ; 2*i + 0.813776760231098*r
1438,0.8703458841246352,B0 + B1*i + B2*i**2 ; Abs(B3 + r)**(1/4),-2.19129822875945e-5*i**2 - 0.00222503781019438*i - 0.00194609034726989 ; Abs(r + 268.725028779878)**(1/4)
1439,0.8703074374148221,B0*sqrt(Abs(i + sqrt(Abs(s)))) ; B1 - 2*r,0.0678908273253442*sqrt(Abs(i + sqrt(Abs(s)))) ; 2.49937325021448 - 2*r
1440,0.8702813839630266,B0*sqrt(Abs(i)) + B1*s ; i - r,0.0456277560832181*s + 0.0113759304773018*sqrt(Abs(i)) ; i - r
1441,0.8702180944371211,B0 + B1*i*sqrt(Abs(s)) ; B2 - i - r,-0.0050745622941091*i*sqrt(Abs(s)) + 0.0427634122100199 ; -i - r + 0.0339871237974914
1442,0.8701729317640293,i*Abs(i - 2*s)**(1/8) ; B0*i + i**3*r,i*Abs(i - 2*s)**(1/8) ; i**3*r + 0.96505019398117*i
1443,0.8701689152277722,B0*i + B2*sqrt(Abs(B1 + s)) ; B3 + B4*i,0.267010680411306*i + 0.0231584328997251*sqrt(Abs(s + 0.023650391948344)) ; 0.390107641580096*i + 0.00538505250128637
1444,0.8701074904219793,B0*i + B1*Abs(s)**(1/4) ; sqrt(Abs(i)),7.12865020701393e-5*i + 0.0456872440230276*Abs(s)**(1/4) ; sqrt(Abs(i))
1445,0.8701052971584863,B0*i ; -i + sqrt(Abs(i)),-0.00011724088345864*i ; -i + sqrt(Abs(i))
1446,0.87009378359999,B0 + B1*i ; B2 - i,0.0210455315674078 - 0.000116095681360864*i ; 0.0357112043494882 - i
1447,0.8700688122355345,B0 + B1*i ; Abs(i)**(3/4),8.49177588534714e-5*i + 0.0167932482013266 ; Abs(i)**(3/4)
1448,0.870051580282151,Abs(i)**(3/2)*Abs(s)**(3/2) ; r,Abs(i)**(3/2)*Abs(s)**(3/2) ; r
1449,0.8700455805715124,B1*s**2*sqrt(Abs(B0 + s)) ; B2 + i*r - r,0.180166704608237*s**2*sqrt(Abs(s - 0.938132376456592)) ; i*r - r + 0.012268973995395
1450,0.8700358856689343,s**2*sqrt(Abs(B0 + B1*i)) ; r,s**2*sqrt(Abs(0.0328148232838851*i - 0.00203930255630867)) ; r
1451,0.8700291940398824,s*sqrt(Abs(B0 + i)) ; B1*r - i*r,s*sqrt(Abs(i + 6.24055860859598)) ; -i*r + 3.67579213497729*r
1452,0.8700291816898283,s*sqrt(Abs(B0 + i)) ; 2*i*r,s*sqrt(Abs(i + 6.24068401530366)) ; 2*i*r
1453,0.870029094939302,s*sqrt(Abs(B0 + i)) ; B1*r + r**2,s*sqrt(Abs(i + 6.24084992135379)) ; r**2 + 89.5573419366537*r
1454,0.8700080141566873,B0*i*s + B0*s**2 ; i + sqrt(Abs(B1 - sqrt(Abs(i)))),-0.100886086069818*i*s - 0.100886086069818*s**2 ; i + sqrt(Abs(sqrt(Abs(i)) - 3.1884363128063))
1455,0.8699944110049252,B0*sqrt(Abs(i)) + B1*s*sqrt(Abs(i)) ; B2 + i**2 - r,0.169832786748747*s*sqrt(Abs(i)) + 0.00284296470513013*sqrt(Abs(i)) ; i**2 - r + 0.0561566039337565
1456,0.869976461333387,B0*sqrt(Abs(i)) + B1*s*sqrt(Abs(i)) ; B2 + i - r,0.190962453749371*s*sqrt(Abs(i)) + 0.0111790847107708*sqrt(Abs(i)) ; i - r + 0.0574992048472837
1457,0.869895382415654,B0*i + B1*sqrt(Abs(i))*sqrt(Abs(s)) ; B2*i,-0.00560126590624469*i + 0.103881095448667*sqrt(Abs(i))*sqrt(Abs(s)) ; -0.0372908427739176*i
1458,0.8698610353363486,B0*i + B0*s ; B2*sqrt(Abs(B1 - i*r)),0.0410118071497705*i + 0.0410118071497705*s ; 0.0566368042621085*sqrt(Abs(i*r - 0.19570308864936))
1459,0.8698520942697405,B0 + B1*i + B1*s ; i,0.0408352736822397*i + 0.0408352736822397*s + 0.00519746051092988 ; i
1460,0.8698408410774092,B0*s + i*s ; i - sqrt(Abs(B1 + i)),i*s - 0.210224712974929*s ; i - sqrt(Abs(i - 0.31811300018117))
1461,0.8697906391743321,B0 + B1*s + B2*i*s ; B3*i**2 - i,0.000925058871062657*i*s + 0.0149109779115886*s + 0.00187718216044538 ; 0.0100045942904743*i**2 - i
1462,0.8697758409402233,B0*i + B1*s ; -sqrt(2)*sqrt(Abs(i))*sqrt(Abs(r)) + sqrt(Abs(i)),-0.0154687262025353*i + 0.0397236973850414*s ; -sqrt(2)*sqrt(Abs(i))*sqrt(Abs(r)) + sqrt(Abs(i))
1463,0.8697706858743256,i*s + i ; B0*i + B1*r,i*s + i ; 1.96066447408434*i - 0.0360109444689471*r
1464,0.8697552191966474,B0*i ; B1*i + B2*sqrt(Abs(r)),2.02458969111021*i ; 2.05403453936045*i + 0.000161686687638919*sqrt(Abs(r))
1465,0.8697414772682693,B0 + i*s ; B1*sqrt(Abs(i)) + i - r*sqrt(Abs(i)),i*s + 0.0134376435362819 ; i - r*sqrt(Abs(i)) + 0.177418028224813*sqrt(Abs(i))
1466,0.869693501403803,B0*i**2*s**2 ; B1*r + B2*r**2 + i,25.4236652202241*i**2*s**2 ; i - 0.62053935151366*r**2 + 0.63686439878534*r
1467,0.8696834658670121,B0 + sqrt(Abs(B1 + s)) ; sqrt(Abs(B2 + r**2 - r)),sqrt(Abs(s + 140.389900589419)) - 11.8431599308241 ; sqrt(Abs(r**2 - r + 7.90265335730855))
1468,0.8696796751800656,B0 + B2*sqrt(Abs(B1 - i)) ; B3*sqrt(Abs(r)),1.13366963310909*sqrt(Abs(i - 181.62410903047)) - 15.2306403842417 ; 0.0114132721488611*sqrt(Abs(r))
1469,0.8696663643675527,B0 + B1*s ; B2 + B3*sqrt(Abs(r)) - i,0.0420939123424741*s + 0.00549210650842495 ; -i + 0.0628795960516412*sqrt(Abs(r)) + 0.0345442656184136
1470,0.8696663639497623,B0 + B1*s ; B2 + B3*i*sqrt(Abs(r)),0.0420822141622044*s + 0.00550375951618103 ; 9.58545417662805*i*sqrt(Abs(r)) + 0.000209074864174753
1471,0.869666363392161,B0 + B1*s ; B2*sqrt(Abs(i)) + Abs(r)**(1/4),2.72260260334083*s + 0.355669785991719 ; 3.33032277372252*sqrt(Abs(i)) + Abs(r)**(1/4)
1472,0.8696663628213787,B0 + B1*s ; B2 + i + r + sqrt(Abs(i)),0.042076415360914*s + 0.00550644621011031 ; i + r + sqrt(Abs(i)) + 0.0360813601307979
1473,0.8696663620148997,B0 + B1*s ; B2 + B3*sqrt(Abs(r)) - r,0.0420959267466809*s + 0.00548337771089921 ; -r + 0.00012226012540454*sqrt(Abs(r)) + 0.000453976909296434
1474,0.8696663549814853,B0 + B1*i ; B2*sqrt(Abs(r)) + B3*r,0.0475984805621551 - 0.0421142415443569*i ; 0.00071063699841803*r + 0.243001852230457*sqrt(Abs(r))
1475,0.8696578009878214,B0 - sqrt(Abs(B1 + 2*i)) ; r,23.7815147987503 - sqrt(Abs(2*i + 563.298487493547)) ; r
1476,0.8696534898891557,B0*sqrt(Abs(i)) + B1*s*sqrt(Abs(i)) ; B2 + B3*i - i**2 + r,0.0949351929607034*s*sqrt(Abs(i)) + 0.00398131910274856*sqrt(Abs(i)) ; -i**2 + 0.428858059940707*i + r - 0.0122335774782197
1477,0.8696225292119867,B0 + B1*s + i ; i,i + 0.000842765276511025*s - 0.000712328678051991 ; i
1478,0.8696010745624779,B0*i + i*sqrt(Abs(s)) ; B1*r**3 + i,i*sqrt(Abs(s)) + 0.195313143871773*i ; i - 0.00781411939445098*r**3
1479,0.8695583008266676,B0*Abs(s)**(1/4) ; B1 + i - sqrt(Abs(i)),0.0208210587828002*Abs(s)**(1/4) ; i - sqrt(Abs(i)) + 0.295618706366226
1480,0.8695472385727884,B0*Abs(s)**(1/4) ; sqrt(Abs(B1*r + B2)),0.0207639990142457*Abs(s)**(1/4) ; sqrt(Abs(47.9156163555565*r + 25.8144606178615))
1481,0.8695357425670202,B0*Abs(s)**(1/4) ; B1*i*sqrt(Abs(r)),0.0206353112893234*Abs(s)**(1/4) ; 0.87449941067063*i*sqrt(Abs(r))
1482,0.8695287040169192,B0*sqrt(Abs(i)) ; B1 + i - r + sqrt(Abs(r)),0.0596166460817363*sqrt(Abs(i)) ; i - r + sqrt(Abs(r)) + 0.0139173111836163
1483,0.86950862708686,B0*i + B0*s ; B1 + B2*i + i**2,0.0475087957252105*i + 0.0475087957252105*s ; i**2 - 0.422267534517156*i + 0.043754345420643
1484,0.8694934262816898,B0*i + B1*sqrt(Abs(s)) ; i,0.618303188550068*i + 0.0126468806883252*sqrt(Abs(s)) ; i
1485,0.8694865688735436,B0*i + B1*s ; B2 + B3*i - i**2,0.000203572764010305*i + 0.0490409584394949*s ; -i**2 - 0.502965075413956*i + 0.0486708592158485
1486,0.8694831661967155,B0*i + B1*s ; B2*i + r - Abs(i)**(3/2),0.000203390871247778*i + 0.0489054992188694*s ; 0.269359596568258*i + r - Abs(i)**(3/2)
1487,0.8694613178486515,B0*i + B1*sqrt(Abs(i))*sqrt(Abs(s)) ; r,-0.00499438866678119*i + 0.10975703214183*sqrt(Abs(i))*sqrt(Abs(s)) ; r
1488,0.8694577216070905,B0 + B1*s**2 ; B2 - r - sqrt(Abs(r)),0.0391905479593195*s**2 + 0.00416958733763844 ; -r - sqrt(Abs(r)) + 0.00139971004600625
1489,0.8694577215243295,B0 + B1*s**2 ; B2 + r,0.0391913526958248*s**2 + 0.00416832150733409 ; r + 0.000873429760357509
1490,0.8694577214457941,B0 + B1*s**2 ; Abs(B2 + i - r)**(1/4),0.0391912214924726*s**2 + 0.00416801353217314 ; Abs(i - r + 0.0194923277725892)**(1/4)
1491,0.869457721325583,B0 + B1*s**2 ; B2 - sqrt(Abs(i))*sqrt(Abs(r)),0.0391871225881372*s**2 + 0.00416955985415232 ; -sqrt(Abs(i))*sqrt(Abs(r)) + 1.44731559494079
1492,0.8694577208906894,B0 + B1*s**2 ; B2 - 2*i,0.0391882902592362*s**2 + 0.00416734590538474 ; 0.000425586844874131 - 2*i
1493,0.869457720698804,B0 + B1*s**2 ; B2*r - r**2,0.039191904866946*s**2 + 0.00417258532663289 ; -r**2 + 0.147988028697956*r
1494,0.8694577081673646,B0 + B1*s**2 ; B2 + B3*i,0.039229247012089*s**2 + 0.00416511626696831 ; 0.000140954375852855*i + 0.0476383643719004
1495,0.8694577080108431,B0 + B1*s**2 ; B2*i + B3*r,0.0392129621950774*s**2 + 0.00417665699792846 ; 0.020164882157536*i + 0.0405605314393408*r
1496,0.8694577028671766,B0 + B1*s**2 ; Abs(B2 + i + r)**(1/4),0.0392054719009739*s**2 + 0.00418121066219794 ; Abs(i + r + 0.0278052024863398)**(1/4)
1497,0.8694577014815144,B0 + B1*s**2 ; i,0.0392372929641615*s**2 + 0.00416138294526267 ; i
1498,0.869457695233809,B0 + B1*s**2 ; 2*i,0.039141626300211*s**2 + 0.00417827471486491 ; 2*i
1499,0.8694576924113424,B0 + B1*s**2 ; r,0.0392464013913066*s**2 + 0.00415978035568562 ; r
1500,0.869457690735438,B0 + B1*s**2 ; sqrt(Abs(i)),0.0391374341573321*s**2 + 0.00417895866799638 ; sqrt(Abs(i))
1501,0.8694576622817921,B0 + B1*s**2 ; B2 - 3*r,0.0391160797577557*s**2 + 0.0041825306640482 ; 0.666566876731051 - 3*r
1502,0.869403852673015,B0 + B1*i + B1*sqrt(Abs(i)) ; B2 - i - r + Abs(i)**(1/4),0.000485843043622454*i + 0.000485843043622454*sqrt(Abs(i)) + 0.0438231459861703 ; -i - r + Abs(i)**(1/4) + 0.774735810765322
1503,0.8693346473612215,i**2 + i*s ; B0 + i,i**2 + i*s ; i - 0.00819722727970675
1504,0.8693206797482158,B0 + B1*i*s + B1*i ; B2 + i - r,0.149489018169493*i*s + 0.149489018169493*i - 0.147430494439837 ; i - r - 1.23852354388809
1505,0.8693098671988861,B0*i + 2*i*s ; B1*i + B2*r,2*i*s - 0.10487495166686*i ; 2.69253146276554*i - 0.217663434503841*r
1506,0.8692344173196354,B0*i + B1*i*s ; B2*i + r,-0.00169817216240903*i*s + 0.000557108794658719*i ; 0.114985153514932*i + r
1507,0.8692262760044459,B0*Abs(i)**(1/4) + B1*i ; B2*r + B3*i*r,-0.0779420555585653*i + 0.0863242031706182*Abs(i)**(1/4) ; 0.00131216005067664*i*r + 0.0124370425138157*r
1508,0.8691597787890615,B0*i + B1*s ; 2*i - r*sqrt(Abs(i)),0.00509698506250014*i + 0.0462963464513267*s ; 2*i - r*sqrt(Abs(i))
1509,0.8691480467933982,B0*s ; B1 + i - r - sqrt(Abs(i)),0.0460615055798898*s ; i - r - sqrt(Abs(i)) + 0.0497429655852169
1510,0.8691480467931891,B0*s ; B1 - sqrt(Abs(i + r**2)),2.71997943747158*s ; 0.0894619241545692 - sqrt(Abs(i + r**2))
1511,0.8691480467922238,B0*s ; B1 + sqrt(Abs(B2 + i - r)),0.0460612596879117*s ; sqrt(Abs(i - r + 7.50407597292153)) + 5.36646875706471
1512,0.8691480467865964,B0*s ; B1 + 2*r - sqrt(Abs(i)),0.046060892480671*s ; 2*r - sqrt(Abs(i)) + 9.53682117412843
1513,0.8691480467861392,B0*s ; sqrt(Abs(B1 + sqrt(Abs(r - sqrt(Abs(i)))))),0.0460608716985019*s ; sqrt(sqrt(Abs(r - sqrt(Abs(i)))) + 0.0165857052184808)
1514,0.8691480467778538,B0*s ; B1 + B2*sqrt(Abs(i + r)),0.0460624720191926*s ; 0.000283708345133867*sqrt(Abs(i + r)) + 0.000111025164959877
1515,0.8691480467533099,B0*s ; B2*sqrt(Abs(B1*i + r)),0.0460599949497292*s ; 0.00337119079471523*sqrt(Abs(0.0710610260130567*i + r))
1516,0.8691480467213631,B0*s ; B1 + i - r + sqrt(Abs(r)),0.0460594752619074*s ; i - r + sqrt(Abs(r)) + 0.000285233998828919
1517,0.8691480466954574,s*sqrt(Abs(B0 + i + s)) ; B1*sqrt(Abs(r)) + B2*r,s*sqrt(Abs(i + s + 6.39827996163271)) ; 0.0217947444198832*r + 64.9923713531279*sqrt(Abs(r))
1518,0.8691480466561248,B0*s ; B1*i + B2*sqrt(Abs(r)),0.0460643460274175*s ; 0.00391386545964082*i + 0.00236533636594502*sqrt(Abs(r))
1519,0.8691480466533669,B0*s ; B1 + B2*sqrt(Abs(i)) + i,0.0460586686173179*s ; i + 0.133022252693401*sqrt(Abs(i)) + 0.000189760397319656
1520,0.8691480466400632,B0*s ; i*sqrt(Abs(B1*r - i)),0.0460585361811394*s ; i*sqrt(Abs(i - 0.0154175421464931*r))
1521,0.8691480463222865,B0*s ; B1 + i - sqrt(Abs(B2 + i)),2.71998296995692*s ; i - sqrt(Abs(i + 0.739266378096369)) + 0.0590945636022099
1522,0.8691480463028128,B0*s ; B1*sqrt(Abs(i))*Abs(r)**(1/4),0.0460561818441845*s ; 63.9602031974703*sqrt(Abs(i))*Abs(r)**(1/4)
1523,0.8691480462877924,B0*s ; B1 - i - sqrt(Abs(i - r)),0.0460561007209905*s ; -i - sqrt(Abs(i - r)) + 1.55370985694469
1524,0.8691480462615135,B0*s ; 2*i + sqrt(Abs(B1 + i)),0.0460670814140615*s ; 2*i + sqrt(Abs(i + 0.00256366830724908))
1525,0.869148046198209,B0*s ; B1 + B2*sqrt(Abs(r)) - r,0.0460556400881237*s ; -r + 0.195690449829452*sqrt(Abs(r)) + 0.00232155982937149
1526,0.869148046163639,B0*s ; B1*sqrt(Abs(r)) + i + r,0.0460675713939423*s ; i + r + 0.0337789864597984*sqrt(Abs(r))
1527,0.8691480461422431,B0*s ; B1 + B2*i + B2*r,2.71998357749633*s ; 0.41557420887975*i + 0.41557420887975*r + 0.0812322764258564
1528,0.869148045920624,B0*s ; -i + 2*r - sqrt(Abs(r)),0.0460686436945639*s ; -i + 2*r - sqrt(Abs(r))
1529,0.8691480458889282,B0*s ; Abs(r)**(1/4) - sqrt(Abs(B1 + i)),0.0460687718713802*s ; Abs(r)**(1/4) - sqrt(Abs(i + 5.82993490713914))
1530,0.8691480450242965,B0*s ; B1 + B2*i*sqrt(Abs(r)),0.0460716616761044*s ; 0.000571938189473381*i*sqrt(Abs(r)) + 19.0994206704257
1531,0.869148044602539,B0*s ; sqrt(Abs(B1*i + i*r)),0.0460502378962275*s ; sqrt(Abs(i*r + 0.00966214945344108*i))
1532,0.8691480443749595,B0*s ; i + r + sqrt(Abs(B1 + r)),0.0460733775482478*s ; i + r + sqrt(Abs(r + 14.3951936669616))
1533,0.8691480443521026,B0*s ; sqrt(Abs(B1 - i**2 + i)),0.04607343344577*s ; sqrt(Abs(-i**2 + i + 0.429086774243087))
1534,0.8691480441525868,s*sqrt(Abs(B0 + i + s)) ; r*sqrt(Abs(B1 - r)),s*sqrt(Abs(i + s - 8.39833308772951)) ; r*sqrt(Abs(r - 8.2259646561443))
1535,0.8691480421506464,B0*s ; sqrt(Abs(B1 - r + Abs(r)**(1/4))),0.0460779488905932*s ; sqrt(Abs(-r + Abs(r)**(1/4) + 0.000259714858214253))
1536,0.869148000624769,B0*s ; -i**2 + Abs(i)**(5/4),0.0461133316929406*s ; -i**2 + Abs(i)**(5/4)
1537,0.8691479988372786,s*sqrt(Abs(-B0 + i + s)) ; i*r - r**2,s*sqrt(Abs(i + s - 0.997873468999445)) ; i*r - r**2
1538,0.8691479925739343,s*sqrt(Abs(B0 + i + s)) ; i*r - Abs(r)**(5/4),s*sqrt(Abs(i + s - 0.997873160650824)) ; i*r - Abs(r)**(5/4)
1539,0.8691479876371416,B0*s ; -2*i + r + sqrt(Abs(i)),0.0461201695561989*s ; -2*i + r + sqrt(Abs(i))
1540,0.8691479871774815,B0*s ; Abs(i)**(1/8)*sqrt(Abs(r)),0.0461203970230332*s ; Abs(i)**(1/8)*sqrt(Abs(r))
1541,0.8691479865440177,B0*s ; r*Abs(i)**(9/4),0.046002360805163*s ; r*Abs(i)**(9/4)
1542,0.8691479784090607,B0*s ; sqrt(Abs(i - r + Abs(i)**(1/4))),0.046124579334024*s ; sqrt(Abs(i - r + Abs(i)**(1/4)))
1543,0.8691479752170091,B0*s ; sqrt(Abs(i**2 + i - r)),0.0461260346244163*s ; sqrt(Abs(i**2 + i - r))
1544,0.8691479752170091,B0*s ; r + Abs(i)**(3/2)*sqrt(Abs(r)),0.0461260346244163*s ; r + Abs(i)**(3/2)*sqrt(Abs(r))
1545,0.8691479752170091,B0*s ; 2*i - r + sqrt(Abs(i)),0.0461260346244163*s ; 2*i - r + sqrt(Abs(i))
1546,0.8691415270103836,B2*sqrt(Abs(B0 + B1*s)) ; r**2,0.0348408295408321*sqrt(Abs(0.958489621502867*s + 0.0729573608443969)) ; r**2
1547,0.8691371195611413,B2*sqrt(Abs(B0 + B1*s)) ; B3 - r + sqrt(Abs(r)),0.127250224039092*sqrt(Abs(0.072131872097859*s + 0.00586265352877863)) ; -r + sqrt(Abs(r)) + 0.68295014430855
1548,0.8691365803894359,B1*sqrt(Abs(B0 + 2*s)) ; i - sqrt(Abs(B2 + i - r)),0.0241322443061905*sqrt(Abs(2*s + 0.157377349567345)) ; i - sqrt(Abs(i - r + 0.00144088239930415))
1549,0.8691364542642683,B2*sqrt(Abs(B0 + B1*s)) ; B3*r*sqrt(Abs(i)),0.0354713245641991*sqrt(Abs(0.927004952024855*s + 0.0740105400230141)) ; 0.000258390476426266*r*sqrt(Abs(i))
1550,0.8691362389481753,B2*sqrt(Abs(B0 + B1*s)) ; i,0.097136667995881*sqrt(Abs(0.123796648560678*s + 0.0100890933965521)) ; i
1551,0.869136126040353,B2*sqrt(Abs(B0 + B1*s)) ; B3*sqrt(Abs(i)),0.0461385999377468*sqrt(Abs(0.546082398569542*s + 0.0418620275414875)) ; 5.16020798317149*sqrt(Abs(i))
1552,0.8691359382580575,B2*sqrt(Abs(B0 + B1*i)) ; r*sqrt(Abs(i)),0.00371304079637498*sqrt(Abs(84.7049720035624*i - 91.5813416768929)) ; r*sqrt(Abs(i))
1553,0.8691334385769873,B2*sqrt(Abs(B0*s + B1)) ; B3 - sqrt(Abs(B4 + r)),0.0178716384179119*sqrt(Abs(3.65141681771283*s + 0.288855807394322)) ; 0.000505826970178687 - sqrt(Abs(r + 0.0539253029184558))
1554,0.869132229292424,B2*sqrt(Abs(B0 + B1*s)) ; Abs(B3 + sqrt(Abs(i)))**(1/4),0.00418200474490102*sqrt(Abs(66.9089248751683*s + 5.55534359694874)) ; (sqrt(Abs(i)) + 2.78753030035808)**(1/4)
1555,0.8691261662337464,B1*sqrt(Abs(B0 + 2*s)) ; B2 + B3*i - r,0.0242767560323684*sqrt(Abs(2*s + 0.183217008538983)) ; 2.09217295330904*i - r + 0.00569444308238674
1556,0.8691260584851126,B2*sqrt(Abs(B0 + B1*s)) ; sqrt(Abs(i)),89.4693288958894*sqrt(Abs(1.45421721337541e-7*s + 1.1649903618115e-8)) ; sqrt(Abs(i))
1557,0.869120425725488,B1*sqrt(Abs(B0 - i + s)) ; B2*Abs(r)**(1/4),0.0239006207370518*sqrt(Abs(-i + s + 1.11430174281139)) ; 0.295652256341892*Abs(r)**(1/4)
1558,0.8691044769311717,B1*sqrt(Abs(B0 + 2*s)) ; B2 - r,0.0241621594333234*sqrt(Abs(2*s + 0.175601154716284)) ; 0.0184114216921336 - r
1559,0.8690876990868648,B1*sqrt(Abs(B0 - 2*s)) ; r,0.0243839508366153*sqrt(Abs(2*s + 0.129303290049834)) ; r
1560,0.8690865771641595,B1*sqrt(Abs(B0 + s)) ; B2 - i - sqrt(Abs(B3 + r)),0.0344188749908301*sqrt(Abs(s + 0.060925552531289)) ; -i - sqrt(Abs(r + 3.78872814554042)) + 0.00543698767008045
1561,0.8690733835680409,B1*sqrt(Abs(B0 + 2*s)) ; B2 + i - r + sqrt(Abs(i)),0.0241938633486402*sqrt(Abs(2*s + 0.097197859853356)) ; i - r + sqrt(Abs(i)) + 52.1855922629458
1562,0.869043533965942,B0*i ; B1*Abs(r)**(3/2) + i,0.991686814366786*i ; i + 0.000656218329598574*Abs(r)**(3/2)
1563,0.8689821494168999,B0*s + B1*i**2*s ; r,0.35665039725966*i**2*s + 0.0303951432674281*s ; r
1564,0.8689611382525836,B1*sqrt(Abs(B0 + 2*s)) ; i,0.0247140282435978*sqrt(Abs(2*s + 0.121979386392934)) ; i
1565,0.8689365901144689,B0 + B1*i*s ; i,0.948988218654544*i*s + 0.00816398814950567 ; i
1566,0.8689208058831711,B0*sqrt(Abs(i + 2*s)) ; B1*sqrt(Abs(r)) + i,0.024375628177851*sqrt(Abs(i + 2*s)) ; i - 0.157665011927516*sqrt(Abs(r))
1567,0.868919123222108,B0 + B1*i ; B2 - i - r + Abs(r)**(1/4),0.000445506298461903*i + 0.0446590419310902 ; -i - r + Abs(r)**(1/4) + 0.739011546436255
1568,0.8689128713819013,B0 + B1*i ; B2 - i - r + Abs(i)**(1/4),0.000445984391559031*i + 0.0447088168710274 ; -i - r + Abs(i)**(1/4) + 0.744982213463412
1569,0.8689074157110166,B0 + B1*Abs(i)**(1/4) ; i*r,0.0903129404613591 - 0.0850020164076041*Abs(i)**(1/4) ; i*r
1570,0.8689073470316763,B0 + B1*Abs(i)**(1/4) ; r,0.0903589022317852 - 0.0850566117823488*Abs(i)**(1/4) ; r
1571,0.8688759794691103,B0*sqrt(Abs(s)) ; B1 + i - sqrt(Abs(B2 - r)),0.0334136411658178*sqrt(Abs(s)) ; i - sqrt(Abs(r - 0.000535865603927972)) + 0.150736333558076
1572,0.8688748863862678,B0*sqrt(Abs(s)) ; r*sqrt(Abs(i - r)) + r,0.0334136382494607*sqrt(Abs(s)) ; r*sqrt(Abs(i - r)) + r
1573,0.8688740412865267,B0*sqrt(Abs(s)) ; B1 - 2*i + sqrt(Abs(i)),0.0334136520321831*sqrt(Abs(s)) ; -2*i + sqrt(Abs(i)) + 2.98907292232887
1574,0.8688696608026188,B0*sqrt(Abs(s)) ; B1 + i - r - sqrt(Abs(r)),0.0334032411117587*sqrt(Abs(s)) ; i - r - sqrt(Abs(r)) + 0.00118544594796944
1575,0.8688696460525284,B0*sqrt(Abs(s)) ; B1 + B3*sqrt(Abs(B2 + i)),0.0334032109738777*sqrt(Abs(s)) ; 0.778968611503532*sqrt(Abs(i + 0.0161162313109991)) + 0.000828623268560992
1576,0.8688682361068675,B0*sqrt(Abs(s)) ; B3*sqrt(Abs(B1*i + B2)),0.0334048130663873*sqrt(Abs(s)) ; 0.00252118581762803*sqrt(Abs(0.00928029093396486*i + 0.330897002175547))
1577,0.8688649730483579,B0*i + B1*s ; Abs(B2 - i + 2*r)**(1/4),-0.0100847356244586*i + 2.7225780694286*s ; Abs(-i + 2*r + 580.309779039865)**(1/4)
1578,0.8688645562693952,B0*i + B1*s ; B2*r + i + r**2,-0.000192714430168543*i + 0.0479309204223811*s ; i + r**2 + 0.61446762050737*r
1579,0.8688580409592933,B0*sqrt(Abs(s)) ; B1*i + B2*sqrt(Abs(r)),0.0334381007518233*sqrt(Abs(s)) ; 0.0242163546785285*i + 0.000328914856523598*sqrt(Abs(r))
1580,0.8688544889111808,B0*sqrt(Abs(s)) ; r*sqrt(Abs(B1 + Abs(i)**(1/4))),0.0334610149115855*sqrt(Abs(s)) ; r*sqrt(Abs(i)**(1/4) + 0.154920796907464)
1581,0.8688335990324875,B0*sqrt(Abs(s)) ; B1 + 2*i + sqrt(Abs(r)),0.03399645240848*sqrt(Abs(s)) ; 2*i + sqrt(Abs(r)) + 0.00477180257252575
1582,0.8688201040996446,B1*sqrt(Abs(B0 - i + s)) ; B2*i - r,0.0203358264684065*sqrt(Abs(-i + s + 1.97077489222872)) ; -0.433157283847504*i - r
1583,0.868810218074341,B1*sqrt(Abs(B0 + i - s)) ; B2 + i - r,0.0276703633331739*sqrt(Abs(-i + s + 2.03747137207313)) ; i - r - 2.83695449639216
1584,0.868805646508519,B0 + B1*Abs(i)**(3/2) ; B2 + i,0.0502784441846008 - 2.67486800920306*Abs(i)**(3/2) ; i + 0.0712349785449584
1585,0.8687941582410268,B1*sqrt(Abs(-B0 + i + s)) ; i,0.0332597680593521*sqrt(Abs(i + s + 0.0766303999079016)) ; i
1586,0.8687937268616497,B1*sqrt(Abs(B0 + i + s)) ; i,0.0332821604961338*sqrt(Abs(i + s + 0.0780617296219207)) ; i
1587,0.868772493704199,B0*sqrt(Abs(2*i + s)) ; B1 + i,0.0330943149125186*sqrt(Abs(2*i + s)) ; i - 0.0388618114175738
1588,0.8687562164423632,B0 + B1*i + B2*i*s ; i,0.296395241214674*i*s + 0.860881578847646*i - 0.000135866406593998 ; i
1589,0.8687295617997404,B0 + B1*i + B1*s ; B2 + i**2 + i - r,0.048737880626875*i + 0.048737880626875*s - 0.0122887310782671 ; i**2 + i - r - 0.49131359846293
1590,0.8687263517316438,i*Abs(B0*s - s**2)**(1/4) ; i,i*Abs(s**2 - 2.54812415755752*s)**(1/4) ; i
1591,0.86871500140341,B0*sqrt(Abs(i)) + B1*Abs(i)**(3/2) ; B2 + sqrt(Abs(i - r)),-0.238117152430321*Abs(i)**(3/2) + 0.14859077616518*sqrt(Abs(i)) ; sqrt(Abs(i - r)) - 0.310053812010524
1592,0.868678070546011,B0*sqrt(Abs(i*s - s)) ; i,0.0337003517759822*sqrt(Abs(i*s - s)) ; i
1593,0.8686678435422247,B0*sqrt(Abs(i + 2*s)) ; i,0.0232803307668505*sqrt(Abs(i + 2*s)) ; i
1594,0.8686405198311135,B0*sqrt(Abs(i)) + B1*s ; r + sqrt(Abs(i)) - sqrt(Abs(B2 - r)),0.0270495730567027*s + 0.0306568521042892*sqrt(Abs(i)) ; r + sqrt(Abs(i)) - sqrt(Abs(r + 0.370574110548866))
1595,0.8686380108641546,-i**2 + i*sqrt(Abs(B0 + s)) ; B1*sqrt(Abs(i)) + B2*i,-i**2 + i*sqrt(Abs(s + 0.866631113132904)) ; 1.1349909781586*i + 0.00519425992491197*sqrt(Abs(i))
1596,0.8684766530511169,B0*sqrt(Abs(i)) + B1*s*sqrt(Abs(i)) ; B2*Abs(i)**(3/2),0.117913449527475*s*sqrt(Abs(i)) - 0.00951127150777775*sqrt(Abs(i)) ; -0.178977243223491*Abs(i)**(3/2)
1597,0.8684661948899756,B0*i ; i - sqrt(Abs(B1 + 2*r)),0.0165334102853459*i ; i - sqrt(Abs(2*r - 0.000306589093217262))
1598,0.8684402816070816,B0*s**2 ; Abs(B1 - 2*i)**(1/4),0.0434071411978873*s**2 ; Abs(2*i - 0.110662690637257)**(1/4)
1599,0.8684402813853672,B0*s**2 ; Abs(B1 - i + r)**(1/4),0.043412325167337*s**2 ; Abs(-i + r + 0.00288089227745426)**(1/4)
1600,0.8684402813023194,B0*s**2 ; B1 + B2*r + i,0.0434026699338509*s**2 ; i + 83.4554697238238*r + 12.7817116974541
1601,0.8684402802045863,B0*s**2 ; B1*r - r**2,0.0434189453645929*s**2 ; -r**2 + 29.9423642349164*r
1602,0.8684402794822726,B0*s**2 ; B1 + 2*i + r,0.0434214919686088*s**2 ; 2*i + r + 0.000576375336904349
1603,0.8684402792196111,B0*s**2 ; B1 - 2*i + r,0.043393438992322*s**2 ; -2*i + r + 10.7413494103071
1604,0.8684402579743739,B0*s**2 ; sqrt(Abs(-i + r + sqrt(Abs(r)))),0.0433625243444706*s**2 ; sqrt(Abs(-i + r + sqrt(Abs(r))))
1605,0.8684098861486282,B1*sqrt(Abs(B0 - i + s)) ; i,0.032365108800385*sqrt(Abs(-i + s + 0.140708892125203)) ; i
1606,0.8684056116750485,i ; B0*i + r*Abs(i)**(3/2),i ; 0.906813891004522*i + r*Abs(i)**(3/2)
1607,0.8683821373688841,B0*s - s*sqrt(Abs(i)) ; Abs(i)**(5/4),-s*sqrt(Abs(i)) + 0.302379315473407*s ; Abs(i)**(5/4)
1608,0.8683745446583866,B0 + B1*i + B2*sqrt(Abs(s)) ; sqrt(Abs(B3*i + B4)),0.00119973779453869*i - 0.135071506535945*sqrt(Abs(s)) + 0.171216341641498 ; sqrt(Abs(0.942768266389369*i + 0.287135568253081))
1609,0.8683605889401351,B0*i + B1*s ; Abs(B2 + r**3)**(1/4),-0.000196943369725371*i + 0.0484594768809023*s ; Abs(r**3 - 0.907594877001899)**(1/4)
1610,0.8683589855690732,B0 + i**2 ; B1 + B2*i*sqrt(Abs(r)),i**2 - 0.0357517576620466 ; 0.704439379119795*i*sqrt(Abs(r)) + 0.164529786964314
1611,0.8683588761157669,i*Abs(s)**(1/8) ; i,i*Abs(s)**(1/8) ; i
1612,0.8682241102464394,B0*i + B1*sqrt(Abs(i))*sqrt(Abs(s)) ; B2 + r,0.000264055765967056*i + 0.0107220655309206*sqrt(Abs(i))*sqrt(Abs(s)) ; r + 0.0239600442982372
1613,0.8682015164743607,B0*sqrt(Abs(i)) + B1*i ; 2*i,1.98479208032391*i - 0.00284118505120393*sqrt(Abs(i)) ; 2*i
1614,0.8681492191148948,B0*s - sqrt(2)*s*sqrt(Abs(i)) ; B1 + B2*r,-sqrt(2)*s*sqrt(Abs(i)) + 0.352400483770295*s ; 0.0461612176248867 - 0.0393665647762372*r
1615,0.8681379247610491,B0*sqrt(Abs(i)) + B1*s*sqrt(Abs(i)) ; B2*Abs(i)**(3/2) + i**2,0.0633751942673907*s*sqrt(Abs(i)) + 0.00399854785833299*sqrt(Abs(i)) ; i**2 - 1.29682659798135*Abs(i)**(3/2)
1616,0.8681070493117359,B0*i + B0*s ; B1*sqrt(Abs(2*i - sqrt(Abs(i)))),0.0501273561348418*i + 0.0501273561348418*s ; 0.0613846688931816*sqrt(Abs(2*i - sqrt(Abs(i))))
1617,0.8681013525062484,B1*sqrt(Abs(B0 + i + sqrt(Abs(i)))) ; sqrt(Abs(i)),0.00480301317081674*sqrt(Abs(i + sqrt(Abs(i)) + 90.2789569345944)) ; sqrt(Abs(i))
1618,0.8680483819024323,B0 + B1*i + B1*sqrt(Abs(s)) ; i,0.0463474592722573*i + 0.0463474592722573*sqrt(Abs(s)) - 0.000351372601644778 ; i
1619,0.8680238241819023,B0*i + i**2 ; B1*r**2 + i,i**2 + 0.967202635334362*i ; i + 0.000904715688021286*r**2
1620,0.868022204803573,B0*sqrt(Abs(2*i - s)) ; i,0.0315667682579168*sqrt(Abs(2*i - s)) ; i
1621,0.8678950507897891,B0 + i*s ; B1*i - i**2 - i*r,i*s + 0.00354356972473127 ; -i**2 - i*r + 0.954666606263689*i
1622,0.8678730431554407,B0 + B1*i + B2*s ; B3 - 2*r,-0.218697730430727*i - 0.168075773918975*s + 0.0405673564278588 ; 1.67977055977987 - 2*r
1623,0.8678398489081297,B0*i*s ; B1 + B2*i - i*r + r,0.081156297604902*i*s ; -i*r - 0.114377280937306*i + r + 0.0017170048065962
1624,0.8678330876498221,B0 + B1*sqrt(Abs(s)) ; Abs(B2 + i*r - r)**(1/4),0.0482052577695039*sqrt(Abs(s)) - 0.00035488691260023 ; Abs(i*r - r + 0.0125015378757996)**(1/4)
1625,0.8678306883171096,B0 + B1*sqrt(Abs(s)) ; B2 + i*sqrt(Abs(B3 + sqrt(Abs(i)))),0.0483311222974021*sqrt(Abs(s)) - 0.000364872101381111 ; i*sqrt(sqrt(Abs(i)) + 0.000246444582740943) + 0.000312748821045603
1626,0.8678159783441449,B0 + B1*sqrt(Abs(s)) ; B2*i**2 + B3*r,0.0484319756769952*sqrt(Abs(s)) - 0.000444486205218771 ; 0.00993308104017941*i**2 + 0.00534570127989214*r
1627,0.8677840087756945,B0*s*Abs(i)**(1/4) ; B1*i + B1*r**3,0.0643906291043168*s*Abs(i)**(1/4) ; -0.185701483483292*i - 0.185701483483292*r**3
1628,0.8677631679536486,i*Abs(B0*i + B1 + s)**(1/4) ; i,i*Abs(0.36704336280836*i + s + 0.553505539378336)**(1/4) ; i
1629,0.8677532385474106,B0 + sqrt(Abs(B1 + sqrt(Abs(s)))) ; B2*r + B3*i*r,sqrt(sqrt(Abs(s)) + 99.6684916149146) - 9.98381224308337 ; 14.5699179747149*i*r + 2.29975345855562*r
1630,0.8677530051243002,B1*sqrt(Abs(B0 + sqrt(2)*sqrt(Abs(s)))) ; sqrt(Abs(i*r + i - r)),0.0322612422275958*sqrt(Abs(sqrt(2)*sqrt(Abs(s)) - 0.43583745224263)) ; sqrt(Abs(i*r + i - r))
1631,0.867752302799165,B0*sqrt(Abs(i - sqrt(Abs(s)))) ; r,0.0221182991472072*sqrt(Abs(i - sqrt(Abs(s)))) ; r
1632,0.8677059663782084,B0 + B1*Abs(i)**(1/4)*sqrt(Abs(s)) ; B2 + i*r + i - r,0.0201269420175326*Abs(i)**(1/4)*sqrt(Abs(s)) - 0.0024443106702069 ; i*r + i - r + 3.78098907808073
1633,0.8676797996878313,B0*Abs(s)**(9/8) ; B1 + B2*r**2,0.0455569464014944*Abs(s)**(9/8) ; 0.0178932043176135*r**2 + 0.599168069920199
1634,0.8676797990148496,B0*Abs(s)**(9/8) ; B1 + i,0.0455623067637083*Abs(s)**(9/8) ; i + 10.7639490505981
1635,0.8676534726445355,B0*sqrt(Abs(i)) + B1*s*sqrt(Abs(i)) ; Abs(i - r + Abs(r)**(1/4))**(1/4),0.0193640720825418*s*sqrt(Abs(i)) + 0.000630320424601196*sqrt(Abs(i)) ; Abs(i - r + Abs(r)**(1/4))**(1/4)
1636,0.8676285965357595,B0*i ; B1 - sqrt(Abs(i))*sqrt(Abs(r)),-0.179048991504489*i ; -sqrt(Abs(i))*sqrt(Abs(r)) + 0.260349529738032
1637,0.8675598115951594,B0 + B1*i + B2*s ; B3 + i*r + i*Abs(r)**(3/2),0.102877428473848*i + 0.0155996329844545*s + 0.00171506573935698 ; i*r + i*Abs(r)**(3/2) + 0.000187114414328664
1638,0.8675283272088794,B0*sqrt(Abs(i)) + B1*Abs(i)**(3/2) ; i + sqrt(Abs(B2 + r)),-0.0714654407745451*Abs(i)**(3/2) + 0.100081127263447*sqrt(Abs(i)) ; i + sqrt(Abs(r - 0.516225908832766))
1639,0.8674788147706255,B0*i**2*s**2 ; i + 3*r,7.05585411569107e-6*i**2*s**2 ; i + 3*r
1640,0.8674266259714029,B0 + i*s ; B1*sqrt(Abs(r)) + i - Abs(r)**(3/2),i*s + 0.00847629835153717 ; i - Abs(r)**(3/2) + 0.109947402368184*sqrt(Abs(r))
1641,0.8674072595144235,B0*sqrt(Abs(i + 2*s)) ; B1 - r,0.0344802562233532*sqrt(Abs(i + 2*s)) ; 0.917260700696542 - r
1642,0.8673879496038217,-i**2 + i*sqrt(Abs(B0 + sqrt(Abs(i)))) ; B1 + B2*sqrt(Abs(i)) + B3*i,-i**2 + i*sqrt(Abs(sqrt(Abs(i)) - 0.312596981183603)) ; -0.217556591938991*i + 0.283275315083645*sqrt(Abs(i)) - 0.0809416737224541
1643,0.867366109882671,B0*s + i*s + Abs(s)**(3/2) ; B1 + B2*i,i*s - 0.991000184362424*s + Abs(s)**(3/2) ; 0.00761218808782481 - 0.00737254714933528*i
1644,0.8673269483210495,B0 + B1*i + B1*sqrt(Abs(B2 + s)) ; B3 - sqrt(Abs(r)),-0.0680061403475941*i - 0.0680061403475941*sqrt(Abs(s - 0.350636760634102)) + 0.020558101164489 ; 1.12684516104933 - sqrt(Abs(r))
1645,0.8672167973303645,B0 + B1*sqrt(Abs(2*i - s)) ; B2*Abs(i)**(3/2),0.0418195156657333 - 0.00285430103394273*sqrt(Abs(2*i - s)) ; -0.144259207093642*Abs(i)**(3/2)
1646,0.8671647785598264,B0*s + B0*Abs(s)**(1/4) ; sqrt(Abs(r)),0.0202173790447568*s + 0.0202173790447568*Abs(s)**(1/4) ; sqrt(Abs(r))
1647,0.867117426354504,B1*sqrt(Abs(B0*sqrt(Abs(s)) + s)) ; B2 + i,0.0383472074386252*sqrt(Abs(s + 0.334427373600809*sqrt(Abs(s)))) ; i + 0.000146883098386452
1648,0.8671023178165873,B0*i*s + i*Abs(s)**(3/2) ; B1 + B2*Abs(r)**(1/4),-0.518686307439723*i*s + i*Abs(s)**(3/2) ; 0.0153469857908821 - 0.0295221897604698*Abs(r)**(1/4)
1649,0.8671012072954568,B0*i - i**2 ; Abs(r)**(3/2),-i**2 + 0.364409608179586*i ; Abs(r)**(3/2)
1650,0.8671011982364838,B0*i + i*s ; sqrt(Abs(r)),i*s - 0.635603621058834*i ; sqrt(Abs(r))
1651,0.8671011955600194,B0*i - i**2 ; r,-i**2 + 0.364392539358662*i ; r
1652,0.8671011938312344,B0*i + i*s ; r,i*s - 0.63560992464872*i ; r
1653,0.8670691758878126,B0 + s*sqrt(Abs(B1 - i)) ; B2*sqrt(Abs(r)) + 2*r,s*sqrt(Abs(i + 6.64880678314051)) - 0.604230447791682 ; 2*r + 0.167246140863425*sqrt(Abs(r))
1654,0.8669871591795499,B1*s*sqrt(Abs(B0 + sqrt(Abs(i)))) ; B2*Abs(i)**(1/4)*Abs(r)**(1/8),0.138789403695405*s*sqrt(Abs(sqrt(Abs(i)) - 0.273600437428625)) ; 0.00664377716439474*Abs(i)**(1/4)*Abs(r)**(1/8)
1655,0.8669451590573013,B0*s - i*s - s**2 ; B1 - r + Abs(r)**(1/4),-i*s - s**2 + 0.967105675353853*s ; -r + Abs(r)**(1/4) - 0.444917034261985
1656,0.8669347952101347,B1*sqrt(Abs(B0 + i - s)) ; i,0.0306714108289089*sqrt(Abs(-i + s + 0.164476269262325)) ; i
1657,0.8669244055937968,B0*i + B0*s ; B1 + i - r + sqrt(Abs(r)),0.043319628610507*i + 0.043319628610507*s ; i - r + sqrt(Abs(r)) - 0.321895394853736
1658,0.8668986405616725,B0*Abs(s)**(3/2) - i*Abs(s)**(3/2) ; B1 + B2*i,-i*Abs(s)**(3/2) + 0.0111262454601358*Abs(s)**(3/2) ; 0.0347964159160336 - 0.336082287906328*i
1659,0.866897027257498,B0*s - i ; B1 + i**2,-i + 0.114155988296613*s ; i**2 + 0.0100434463367014
1660,0.866853198827995,B0 + i*s ; -i*r + i + Abs(i)**(3/2),i*s + 0.0119525310236021 ; -i*r + i + Abs(i)**(3/2)
1661,0.8668257626610305,B0*i + Abs(i)**(3/2) ; B1*i,1.86167192081772*i + Abs(i)**(3/2) ; 2.04816186758413*i
1662,0.8668033796727889,B0*i + Abs(i)**(3/2) ; 2*i,1.81385340141209*i + Abs(i)**(3/2) ; 2*i
1663,0.8667878159709197,B0*sqrt(Abs(i + s*sqrt(Abs(i)))) ; B1 + i,0.0921741319725277*sqrt(Abs(i + s*sqrt(Abs(i)))) ; i + 0.00498592486256607
1664,0.8666970164016469,B0*i + B2*sqrt(Abs(B1 + i)) ; B3 + B4*i,0.0293213296546849*i + 0.0820159341680072*sqrt(Abs(i + 0.449091293076617)) ; 0.0657260268806561*i + 0.505368651127923
1665,0.8666467594081039,B0 + B1*s + i*s ; r,i*s + 0.518424527623408*s - 0.525077720811074 ; r
1666,0.8666064141981377,B0*s*Abs(i)**(1/8) ; B1*i + B2*i*r**2,0.0525624593040327*s*Abs(i)**(1/8) ; 0.585692273258726*i*r**2 + 3.13330036877351*i
1667,0.8665344075521876,B1*sqrt(Abs(B0 + Abs(i)**(3/2))) ; r,0.0303676994255695*sqrt(Abs(Abs(i)**(3/2) - 1.01442798437724)) ; r
1668,0.8663557818418426,B0*sqrt(Abs(i)) + B1*Abs(i)**(3/2) ; i + Abs(B2 + B3*i + r)**(1/4),-0.171390837675593*Abs(i)**(3/2) + 0.154760713742897*sqrt(Abs(i)) ; i + Abs(0.592230501576804*i + r - 0.705794021279909)**(1/4)
1669,0.866343566128532,B0*sqrt(Abs(i)) + B1*i ; B2 + r,0.00361060398337395*i + 0.0366928017543166*sqrt(Abs(i)) ; r + 7.96220893680181e-5
1670,0.8663405390748256,B0*i + B1*s ; B2 + i**3*r,-0.0419828148242358*i + 0.0435098039211231*s ; i**3*r + 0.0887908675934583
1671,0.8663236278124086,B0*Abs(i)**(3/2) + s ; B1 + i,s - 1.1825551190953*Abs(i)**(3/2) ; i - 0.339344444141861
1672,0.8662454956677332,B0*i ; B1 - i**2,-0.01783117585119*i ; 5.94080650946173 - i**2
1673,0.866195151742606,B0 + s + sqrt(Abs(B1 - s)) ; B2 + B3*i,s + sqrt(Abs(s - 1.08005710145554)) - 1.2930591883981 ; 0.379691201610455*i + 1.73003420941672
1674,0.866095525413429,B0 + B1*i*s + B1*s ; -i + r*Abs(i - r)**(1/4),0.000599465590270344*i*s + 0.000599465590270344*s + 0.00635274654222828 ; -i + r*Abs(i - r)**(1/4)
1675,0.8660188855818325,B0*i + B1*i*sqrt(Abs(s)) ; B2 + i,-0.539902778130025*i*sqrt(Abs(s)) + 0.00704990474801397*i ; i + 0.144636059552806
1676,0.8659652723007036,B0 + B1*sqrt(Abs(s + sqrt(Abs(i)))) ; i,0.0422544985009297*sqrt(Abs(s + sqrt(Abs(i)))) - 0.00608827186831139 ; i
1677,0.865953042720995,B0*s*Abs(i)**(1/8) ; r*Abs(i)**(1/4),0.0591048605113243*s*Abs(i)**(1/8) ; r*Abs(i)**(1/4)
1678,0.8658721237232309,B0*sqrt(Abs(i + s*sqrt(Abs(i)))) ; B1*Abs(r)**(1/4) + i,0.0921977458615415*sqrt(Abs(i + s*sqrt(Abs(i)))) ; i + 0.00983364745453349*Abs(r)**(1/4)
1679,0.8657936601252018,B0*sqrt(Abs(i))*Abs(s)**(3/2) ; i + 4*r,0.00599802691327756*sqrt(Abs(i))*Abs(s)**(3/2) ; i + 4*r
1680,0.8657448549346813,B0*s + i*s ; i,i*s + 0.00837203299816849*s ; i
1681,0.8656534970458827,B0 + B1*Abs(i)**(3/2) + B2*s ; Abs(B3 - 2*i)**(1/4),2.74659458170393*s - 0.00265020216970444*Abs(i)**(3/2) + 4.04168821929119 ; Abs(2*i - 3.27759411371254)**(1/4)
1682,0.8655313171415033,B0 + B1*i ; B2*i + i*r - r,0.0505130800467471 - 0.105828888109775*i ; i*r + 1.68904281574976*i - r
1683,0.8654893677016386,B0 + B1*sqrt(Abs(i))*sqrt(Abs(s)) ; i,0.225809456348457*sqrt(Abs(i))*sqrt(Abs(s)) + 0.000791917663014354 ; i
1684,0.8654782407473245,B0*sqrt(Abs(s)) + i ; i,i - 0.000361201265717118*sqrt(Abs(s)) ; i
1685,0.8654505298310564,B0 + B1*sqrt(Abs(i)) + B2*i ; Abs(B3*i + B4 + i*r)**(1/4),0.00255341465961534*i + 0.0273307281606252*sqrt(Abs(i)) - 0.0145907958709966 ; Abs(i*r + 0.00278052348442532*i + 0.0232156238927863)**(1/4)
1686,0.8654349623992795,B0 + B1*i**2 + B1*i ; sqrt(Abs(B2 + sqrt(Abs(r)))),-4.16741616333099e-6*i**2 - 4.16741616333099e-6*i + 0.0416905071168834 ; sqrt(sqrt(Abs(r)) + 4.03072077409483)
1687,0.8654285186916967,B0*s + B1*i*Abs(s)**(1/4) ; i,1.20684748212561*i*Abs(s)**(1/4) - 0.0019290146989897*s ; i
1688,0.8653847749620682,B0*sqrt(Abs(i)) + B1*s*sqrt(Abs(i)) ; B2*Abs(r)**(1/4),0.109439290963772*s*sqrt(Abs(i)) + 0.0108552116647966*sqrt(Abs(i)) ; 8.1945883910444*Abs(r)**(1/4)
1689,0.8653847748648553,B0*sqrt(Abs(i)) + B1*s*sqrt(Abs(i)) ; B2*sqrt(Abs(r)),0.109436963572816*s*sqrt(Abs(i)) + 0.0108554944611937*sqrt(Abs(i)) ; 0.000602741962158343*sqrt(Abs(r))
1690,0.8653847746548508,B0*sqrt(Abs(i)) + B1*s*sqrt(Abs(i)) ; sqrt(Abs(B2*sqrt(Abs(r)) - r)),0.10944535777606*s*sqrt(Abs(i)) + 0.0108500905682426*sqrt(Abs(i)) ; sqrt(Abs(r - 0.00143004387643761*sqrt(Abs(r))))
1691,0.8653847684615276,B0*sqrt(Abs(i)) + B1*s*sqrt(Abs(i)) ; B2*i*r + r,0.109443276412543*s*sqrt(Abs(i)) + 0.0108303209183207*sqrt(Abs(i)) ; 0.00644866160898545*i*r + r
1692,0.8653847627826458,B0*sqrt(Abs(i)) + B1*s*sqrt(Abs(i)) ; r,0.109391422026855*s*sqrt(Abs(i)) + 0.0108742472734143*sqrt(Abs(i)) ; r
1693,0.8653847586742038,B0*sqrt(Abs(i)) + B1*s*sqrt(Abs(i)) ; sqrt(Abs(r)),0.109494103602065*s*sqrt(Abs(i)) + 0.0108399772805821*sqrt(Abs(i)) ; sqrt(Abs(r))
1694,0.8653847516028891,B0*sqrt(Abs(i)) + B1*s*sqrt(Abs(i)) ; -r**2 + r,0.109504931101547*s*sqrt(Abs(i)) + 0.0108363534258596*sqrt(Abs(i)) ; -r**2 + r
1695,0.8652873922640509,B1*sqrt(Abs(B0 + i + s)) ; sqrt(Abs(i - sqrt(Abs(r)))),0.00455809665048103*sqrt(Abs(i + s + 99.2124939304232)) ; sqrt(Abs(i - sqrt(Abs(r))))
1696,0.8652150894975881,B0 + B1*s*sqrt(Abs(i)) ; i,0.20002366170085*s*sqrt(Abs(i)) + 0.00551562972003183 ; i
1697,0.8651288512690563,B0*i ; B1 + i + Abs(i)**(3/2),1.13519323154774*i ; i + Abs(i)**(3/2) + 0.000514349610178125
1698,0.8651111520742039,B0 + B1*i ; B2*i**2 + i,1.00668909112792*i - 0.000240177800511614 ; 0.785055091846443*i**2 + i
1699,0.8650849225842445,B0 + B1*i + B2*s ; B3 + B4*i + i**2,0.00255084658583906*i + 0.0474473736571445*s + 0.00322624404591627 ; i**2 + 1498.53186798011*i + 187.575803886019
1700,0.8650568476388799,B0 + B1*i + B2*s ; B3 + B4*i*r + B4*i - r,1.64807159199301*i + 0.363618916626121*s - 0.381747936367923 ; 2.00436887337675*i*r + 2.00436887337675*i - r - 0.0360608770893061
1701,0.8650439881397916,B0 + B1*i ; -i,0.0218604338497094 - 0.000110376880810628*i ; -i
1702,0.8649965963790304,B0 + B1*Abs(i)**(3/2) + 2*s ; B2 + B3*i + B3*r,2*s + 0.00189696438754541*Abs(i)**(3/2) - 1.97144205511006 ; -5.18101164489613*i - 5.18101164489613*r + 6.40204135868349
1703,0.8649921239708965,B0*s**2 + B1*i*s ; B2 - r**2 + r,-0.149274963716779*i*s + 0.0278863136137764*s**2 ; -r**2 + r + 0.000108964998658334
1704,0.8649867190373572,B0 + i*sqrt(Abs(s)) ; 2*i,i*sqrt(Abs(s)) + 0.00986856361921504 ; 2*i
1705,0.8649721960045741,B0*Abs(i)**(1/4)*Abs(s)**(3/2) ; i*Abs(r)**(1/4),0.0751298567674364*Abs(i)**(1/4)*Abs(s)**(3/2) ; i*Abs(r)**(1/4)
1706,0.864965292004313,B0*Abs(s)**(5/2) ; B1 + i*r - i,0.0428032847900644*Abs(s)**(5/2) ; i*r - i + 0.00670905327176349
1707,0.8649652919702487,B0*Abs(s)**(5/2) ; B1*i,0.0427995899623893*Abs(s)**(5/2) ; 0.216576761622652*i
1708,0.8649652581679965,B0*Abs(s)**(5/2) ; -i*r + r**2,0.0428605068097486*Abs(s)**(5/2) ; -i*r + r**2
1709,0.864965255141411,B0*Abs(s)**(5/2) ; -i*r**2 + r,0.0427407889834445*Abs(s)**(5/2) ; -i*r**2 + r
1710,0.8648802711571055,B0*i*s + B0*s**2 ; B1*i + i**2 + r,-0.000823070931765677*i*s - 0.000823070931765677*s**2 ; i**2 + 0.0164906944294328*i + r
1711,0.8648603396975901,B0 + B1*i + i**2 ; B2 + 3*i,i**2 + 0.548140823261952*i + 0.0507606187501059 ; 3*i + 0.370877623330714
1712,0.8647849672390191,B1*sqrt(Abs(B0 + i**2)) ; sqrt(Abs(r)),0.0261709491882226*sqrt(Abs(i**2 - 1.09919376038289)) ; sqrt(Abs(r))
1713,0.8647847409599867,s*sqrt(Abs(B0 + B1*i**2*s)) ; B2*r + i,s*sqrt(Abs(0.0196173098445483*i**2*s - 7.00521578531144)) ; i - 0.513088306034681*r
1714,0.864782040480633,B0*i*s**2 + B0*i*s ; r,0.165810601620549*i*s**2 + 0.165810601620549*i*s ; r
1715,0.8647748731563623,B0*i + B1*sqrt(Abs(i))*sqrt(Abs(s)) ; B2 - 2*i**2,-0.000424668167131868*i + 0.0121355105389186*sqrt(Abs(i))*sqrt(Abs(s)) ; -2*i**2 - 0.0157917891981112
1716,0.8647699762813299,B0*i ; i**2,0.0893577986372423*i ; i**2
1717,0.8647572248115922,B0*i*sqrt(Abs(s)) + B1*i*s ; r,0.435999095823274*i*s - 0.129847004846342*i*sqrt(Abs(s)) ; r
1718,0.8647526355325766,B0*i + B1*i*s**2 ; i,0.279921007873736*i*s**2 + 0.90618886371177*i ; i
1719,0.8646759817615552,i**2 + Abs(i)**(3/2) ; sqrt(Abs(B0 + B1*r**2)),i**2 + Abs(i)**(3/2) ; sqrt(Abs(0.000725894041220271*r**2 - 0.000789259657754594))
1720,0.8646732753139261,B0*i**2*s**2 ; B1 - r + sqrt(Abs(i - r)),0.0387607548741049*i**2*s**2 ; -r + sqrt(Abs(i - r)) - 0.122105278148283
1721,0.8646721661195153,B1*s*sqrt(Abs(B0 - sqrt(Abs(i)))) ; i,0.214466685069916*s*sqrt(Abs(sqrt(Abs(i)) - 0.243150788122295)) ; i
1722,0.8646264331822412,B0 + B1*s + B3*sqrt(Abs(B2 + s)) ; B4 + r,-3.45583311936585*s + 12.162523063535*sqrt(Abs(s + 2.5667582778655)) - 19.50925303724 ; r + 0.114129388506518
1723,0.8646248210734158,B0*sqrt(Abs(i)) + B1*i + B1*s ; Abs(B2 + i - r)**(1/4),0.0017623692645032*i + 0.0017623692645032*s + 0.0176618758250253*sqrt(Abs(i)) ; Abs(-i + r + 35.8945425283846)**(1/4)
1724,0.8646246096685781,B0 + B2*sqrt(Abs(B1*s + i*s)) ; sqrt(Abs(r)),0.253961277203001*sqrt(Abs(i*s + 0.0936168835734275*s)) - 0.0780344255276995 ; sqrt(Abs(r))
1725,0.8646244704125277,B0 + sqrt(Abs(B1*s**2 + B2*s)) ; B3 + B4*r,sqrt(Abs(0.0640252578756445*s**2 - 0.069963201862699*s)) - 0.0774053072598105 ; 0.000161708898922096*r + 1.28580095223513
1726,0.8646183366467887,B0*sqrt(Abs(i)) + B1*s ; B2 + Abs(i - r)**(1/8),0.0429197804831268*s + 0.00141093233877782*sqrt(Abs(i)) ; Abs(i - r)**(1/8) + 6.5572025923447
1727,0.8645774296584806,B0*Abs(i)**(3/2) + s*Abs(i)**(3/2) ; B1 - 2*r,s*Abs(i)**(3/2) - 0.3594441297534*Abs(i)**(3/2) ; -2*r - 0.0450087269018193
1728,0.8645532951533288,B0*i + B3*sqrt(Abs(B1 + B2*s)) ; r,-2.38370913679783*i + 2.49518032022803*sqrt(Abs(1.79347418200367*s + 4.21955875665284)) ; r
1729,0.864472443573583,B0 + B1*i + B2*s ; B3 + B4*r + i*r,0.0025491631057924*i + 0.0460756727614894*s - 0.249361335608849 ; i*r + 199.364334783108*r - 353.319074632932
1730,0.8644693657507404,-i*s + i*sqrt(Abs(B0 + i)) ; B1 + B2*Abs(i)**(1/4),-i*s + i*sqrt(Abs(i + 0.0679531723687989)) ; 0.176827762618727 - 0.288162861913904*Abs(i)**(1/4)
1731,0.864466508030843,B0*s + s*sqrt(Abs(B1 + i + s)) ; B2*i + B3*r,s*sqrt(Abs(i + s + 0.320506780879486)) - 1.1431194689999*s ; -1.66445275683982*i - 4.37640384727732*r
1732,0.8644645548039708,0 ; sqrt(Abs(r)),0 ; sqrt(Abs(r))
1733,0.8644352398535127,B0*s + B1*s**2 ; Abs(B2*r + r*sqrt(Abs(i + r)))**(1/4),-0.243556803215876*s**2 + 0.249317413195983*s ; Abs(r*sqrt(Abs(i + r)) + 0.000138529305233245*r)**(1/4)
1734,0.8644123149901854,B0*i + i**2 ; B1 + i,i**2 + 0.959124904688879*i ; i + 3.52436552311208e-5
1735,0.8644119570986947,B0*s + B2*s*sqrt(Abs(B1 + s)) ; B3 - 2*i,-1.79843875197778*s*sqrt(Abs(s + 12.938837398187)) + 6.72038158264716*s ; 22.3572129844369 - 2*i
1736,0.864391133226449,B0*s*sqrt(Abs(i)) + s*Abs(i)**(3/2) ; B1 + B2*i - r,s*Abs(i)**(3/2) + 0.119095044622851*s*sqrt(Abs(i)) ; 1.8475213818468*i - r + 0.0178319889885782
1737,0.8643752720734287,B0*i + i**2 ; i,i**2 + 0.957351830972704*i ; i
1738,0.8643171765850535,B0*s**2 + B0*s ; B1*i*sqrt(Abs(r)),0.0228553172419023*s**2 + 0.0228553172419023*s ; 1.21276127003287*i*sqrt(Abs(r))
1739,0.8643171760501795,B0*s**2 + B0*s ; B1*r,0.0228587567428828*s**2 + 0.0228587567428828*s ; 0.0594637191014371*r
1740,0.8643170709012683,B0*s**2 + B0*s ; sqrt(Abs(i - sqrt(Abs(i)))),0.0228101322668618*s**2 + 0.0228101322668618*s ; sqrt(Abs(i - sqrt(Abs(i))))
1741,0.8642839766933003,B0*s - i*s - Abs(s)**(3/2) ; B1 + B2*i + i*r,-i*s + 0.156608286973887*s - Abs(s)**(3/2) ; i*r + 0.655579022478921*i + 1.4779402412635
1742,0.8642739534902746,B0*i ; i + sqrt(Abs(r)),-0.00730642926284386*i ; i + sqrt(Abs(r))
1743,0.8642568905459266,B0*s + i ; i,i - 0.000423208794665261*s ; i
1744,0.8642549981200884,B0*i + B1*i*s ; sqrt(Abs(i**2*r + i*r**2)),0.339963502900799*i*s - 0.0416468820647226*i ; sqrt(Abs(i**2*r + i*r**2))
1745,0.8642540849218737,i*Abs(B0 + i)**(1/4) ; i,i*Abs(i + 0.893024558096332)**(1/4) ; i
1746,0.864243219408557,-i*s + i*sqrt(Abs(B0 + i)) ; B1 + B2*sqrt(Abs(i - sqrt(Abs(i)))),-i*s + i*sqrt(Abs(i + 0.0627598755834223)) ; 0.121893914035004 - 0.165204777575122*sqrt(Abs(i - sqrt(Abs(i))))
1747,0.8642294160804846,B0 + B1*s + B1*sqrt(Abs(i)) ; B2*r**2 + r**3,0.300877635781838*s + 0.300877635781838*sqrt(Abs(i)) - 0.332809365699872 ; r**3 + 0.0692306347711809*r**2
1748,0.8642197525162618,B0*s**2 + B1*s*sqrt(Abs(i)) ; B2*sqrt(Abs(i)),-0.0211841214283919*s**2 + 0.167048500435008*s*sqrt(Abs(i)) ; -0.0134329132412596*sqrt(Abs(i))
1749,0.8642072186278335,B0*i ; B1*i**2 + i,0.967452737927252*i ; -0.525065488504117*i**2 + i
1750,0.8641961533987903,B0 + B1*i ; B2 - i + r,5.71480991337701e-5*i + 0.0170969258380162 ; -i + r + 0.0401572203317827
1751,0.8641518448052242,B0*Abs(i)**(3/2) + B1*s*sqrt(Abs(i)) ; i*sqrt(Abs(B2*r + B3)),0.082768814717773*s*sqrt(Abs(i)) + 0.135436413970443*Abs(i)**(3/2) ; i*sqrt(Abs(0.124390095084364*r - 0.00189675515924827))
1752,0.8641377664827251,B0 + B1*sqrt(Abs(i)) ; -r + sqrt(Abs(B2 + B3*i + B4*r)),0.196444562820151*sqrt(Abs(i)) - 0.0725316437936163 ; -r + sqrt(Abs(0.115878828083228*i + 1.37103126379239*r - 0.279107274887022))
1753,0.8641273341492882,B0 + B1*i + B2*s ; i + r,0.000372162102888036*i + 0.0284523677921284*s + 0.0157911128551393 ; i + r
1754,0.8640972989974558,B0*i + i*s ; i,i*s + 0.242532059716612*i ; i
1755,0.8640889340041006,B1*sqrt(Abs(B0*sqrt(Abs(i)) + s)) ; Abs(B2 - i + r)**(1/8),0.0413242122067454*sqrt(Abs(s + 0.00275300177078054*sqrt(Abs(i)))) ; Abs(i - r + 31.961276134915)**(1/8)
1756,0.8640002967132064,B0*s + B0*sqrt(Abs(B1 + s)) ; r,0.023904551432443*s + 0.023904551432443*sqrt(Abs(s + 0.00362319984064344)) ; r
1757,0.8639984871484432,B0*s + B0*sqrt(Abs(B1 + s)) ; i,0.0239064550728352*s + 0.0239064550728352*sqrt(Abs(s + 0.00396163273541256)) ; i
1758,0.8639970537852729,B0 + B1*s + B1*sqrt(Abs(s)) ; r,0.0241239876323376*s + 0.0241239876323376*sqrt(Abs(s)) - 9.48170729339382e-5 ; r
1759,0.8639952407691661,B0 + B1*s + B1*sqrt(Abs(s)) ; B2*r - r**2,0.0241432382263541*s + 0.0241432382263541*sqrt(Abs(s)) - 0.000101144001227768 ; -r**2 + 44.1184501101361*r
1760,0.8639763670807761,B1*i*sqrt(Abs(B0 + s)) ; B2 + B3*Abs(r)**(1/4) - i,0.00036978639441936*i*sqrt(Abs(s + 0.0929679961869492)) ; -i + 2.63657174913232*Abs(r)**(1/4) - 4.74584864082454
1761,0.8639676764060131,i*Abs(s)**(1/4) ; B0*i**2 + B0*Abs(i)**(3/2),i*Abs(s)**(1/4) ; 3.63131726590012*i**2 + 3.63131726590012*Abs(i)**(3/2)
1762,0.863905916865145,B0 + i**2 ; B1 + i**2,i**2 + 0.011235413938036 ; i**2 + 0.0115108619518119
1763,0.8639013929059486,B0 - i ; B1 + B2*sqrt(Abs(r)) - i,0.0518765727771699 - i ; -i - 0.000597078316267587*sqrt(Abs(r)) + 0.0518164294944177
1764,0.8639001924879168,i**2 ; B0 + i - r,i**2 ; i - r + 0.42848091982716
1765,0.863893507573049,B0*Abs(s)**(3/2) ; B1*Abs(i)**(3/2)*sqrt(Abs(r)),0.0443782197806576*Abs(s)**(3/2) ; 21.4620756938423*Abs(i)**(3/2)*sqrt(Abs(r))
1766,0.8638935075727524,B0*Abs(s)**(3/2) ; B1 + 2*r + sqrt(Abs(r)),0.0443782467697719*Abs(s)**(3/2) ; 2*r + sqrt(Abs(r)) + 82.1911317774974
1767,0.8638935074795435,B0*Abs(s)**(3/2) ; i + sqrt(Abs(B1 + i + r)),0.0443751747164657*Abs(s)**(3/2) ; i + sqrt(Abs(i + r + 0.000504509523498296))
1768,0.863893507444897,B0*Abs(s)**(3/2) ; B1*sqrt(Abs(i)) - Abs(i)**(3/2),0.0443809262407921*Abs(s)**(3/2) ; -Abs(i)**(3/2) + 4.70795043305217*sqrt(Abs(i))
1769,0.8638861906595291,B0 + B1*i ; B2 + i - 2*r,0.00261931392287522 - 0.0184154185805858*i ; i - 2*r + 2.55199211085674
1770,0.8638287079108483,B0*sqrt(Abs(s)) + B1*s ; B2*i + i*r**2,0.0190956491775612*s + 0.0259832037528275*sqrt(Abs(s)) ; i*r**2 + 3.17216090541231*i
1771,0.8638174400694679,-i*s + i*sqrt(Abs(B0 - i)) ; B1 + i,-i*s + i*sqrt(Abs(i + 0.0709223666511644)) ; i + 0.0998404050234419
1772,0.8637992130749953,-s**2 + s*sqrt(Abs(B0 + s)) ; B1*r,-s**2 + s*sqrt(Abs(s - 0.013692594320268)) ; 0.262564037824515*r
1773,0.8637991301474233,-s**2 + s*sqrt(Abs(B0 + s)) ; Abs(r)**(3/2),-s**2 + s*sqrt(Abs(s - 0.0136876340563809)) ; Abs(r)**(3/2)
1774,0.8637733693030137,B0*s + s*sqrt(Abs(B1 + sqrt(Abs(i)))) ; B2 + B3*i**2,s*sqrt(sqrt(Abs(i)) + 4.96543505015895) + 0.299417713445312*s ; 0.0227040928915864*i**2 - 0.00261676066167394
1775,0.8637662146222305,B0*sqrt(Abs(i)) + B1*sqrt(Abs(s)) ; i,-0.0692355675127678*sqrt(Abs(i)) + 0.0510975479485189*sqrt(Abs(s)) ; i
1776,0.8637581916016279,B0 + B1*sqrt(Abs(i)) ; B2 - i,0.0274141530207145 - 0.0017666381835688*sqrt(Abs(i)) ; 0.0425929495574147 - i
1777,0.8637236324148823,B0 + B1*s + B2*i*s ; B3 - i + r,0.000667670132810906*i*s + 0.00716272791809669*s + 0.00468339380942565 ; -i + r + 0.0205207274940002
1778,0.8637114263422976,B0 + B2*sqrt(Abs(B1 + i*s**2)) ; B3 + sqrt(Abs(i + 2*r)),0.0211857889256122*sqrt(Abs(i*s**2 + 0.104052514115606)) - 0.00071065102929582 ; sqrt(Abs(i + 2*r)) - 0.136608508254417
1779,0.8636502213296701,s*sqrt(Abs(B0*i + B1 + B2*s)) ; B3*Abs(i)**(3/4) + i,s*sqrt(Abs(0.51045902602386*i + 0.743876163223624*s - 8.10053011930668)) ; i - 1.252227846019*Abs(i)**(3/4)
1780,0.8635882703958099,B0*i ; B1 + 2*i - r,-0.0280522120189708*i ; 2*i - r + 0.260105095888065
1781,0.8635679314115844,B0 + B1*i ; B2 - 2*i,0.0146885321129599 - 3.16920259865605e-5*i ; 0.0440228144524244 - 2*i
1782,0.8635643428651804,B0*Abs(i)**(3/8) ; B1*i + i*sqrt(Abs(B2 + r)),0.060953007921879*Abs(i)**(3/8) ; i*sqrt(Abs(r - 0.00199403958523521)) - 0.0428195889900832*i
1783,0.8635585044792696,B0*i + Abs(i)**(3/2)*sqrt(Abs(s)) ; B1 - sqrt(Abs(i)),0.00499100657660934*i + Abs(i)**(3/2)*sqrt(Abs(s)) ; 0.418421338187929 - sqrt(Abs(i))
1784,0.8635038476795743,B1*sqrt(Abs(B0 + Abs(s)**(1/4))) ; i,0.0406781222407458*sqrt(Abs(Abs(s)**(1/4) - 0.559448269813369)) ; i
1785,0.8634960576880621,B0*i ; B1*i + B2*i**2*r,0.247757210191401*i ; 8.38823556293504*i**2*r + 0.0136828012612401*i
1786,0.8634625841507966,B1*sqrt(Abs(B0 + i + s)) ; -r + sqrt(Abs(i)),0.060099458404112*sqrt(Abs(i + s - 0.221299662753575)) ; -r + sqrt(Abs(i))
1787,0.8634434550534771,-i*s + i*sqrt(Abs(B0 + i**2)) ; B1 + B2*i + B3*r,-i*s + i*sqrt(Abs(i**2 + 1.08600497914557)) ; 2.77566859920446*i + 0.451793044454589*r - 0.408405145578607
1788,0.8634419220617855,B0*i*s + B0*i ; B1*Abs(i)**(1/8),0.000338349875696989*i*s + 0.000338349875696989*i ; -8.27591422179881*Abs(i)**(1/8)
1789,0.8634393677646757,B0 + B1*sqrt(Abs(i)) ; B2 + 2*r,0.0173380167844725 - 0.000629535522670506*sqrt(Abs(i)) ; 2*r + 1.0744978771539e-10
1790,0.8634156001306381,B0*s + B2*sqrt(Abs(B1 + i**2)) ; B3 + B4*r,2.69395223112843*s - 0.0623917585888848*sqrt(Abs(i**2 - 0.0101415744183533)) ; 0.101802321422018 - 0.0149925556124084*r
1791,0.8633870024092244,B0*i + B0*Abs(i)**(3/2) + B1*s ; B2 + B3*i + B4*r,-0.575828582506871*i - 0.0443656877819856*s - 0.575828582506871*Abs(i)**(3/2) ; 0.170742444931333*i - 1.18020436664448*r + 1.0908277864127
1792,0.8633476194636069,B0 + B1*i ; r + Abs(i)**(3/8),3.82278421529115e-5*i + 0.0154765647360395 ; r + Abs(i)**(3/8)
1793,0.8633417490668237,B0 + B1*i ; -i + r,0.0150810110791355 - 3.42165215072612e-5*i ; -i + r
1794,0.863322405085978,B0*s - i*s ; B1 - r + Abs(r)**(1/4),-i*s + 0.00529973890151627*s ; -r + Abs(r)**(1/4) - 0.44488931775048
1795,0.8632935901211297,B0*i + B1*Abs(i)**(3/2)*sqrt(Abs(s)) ; B2*sqrt(Abs(i)) + i,0.126698404198953*i + 2.57025545030414*Abs(i)**(3/2)*sqrt(Abs(s)) ; i - 0.102608656073212*sqrt(Abs(i))
1796,0.8632875136303949,B0*Abs(i)**(1/4) ; i,0.0358207875401005*Abs(i)**(1/4) ; i
1797,0.8632755919783812,B0*i + B1*sqrt(Abs(i))*sqrt(Abs(s)) ; -i - r**2,-7.01550117454331e-6*i + 0.00648839918408918*sqrt(Abs(i))*sqrt(Abs(s)) ; -i - r**2
1798,0.8632749914272959,s*sqrt(Abs(B0 + B1*i + B2*s)) ; B3 + r,s*sqrt(Abs(1.37017501586525e-5*i - 0.0277128375330236*s + 0.0273061882836801)) ; r + 14.5026900025317
1799,0.8632648367901948,B0*sqrt(Abs(i)) ; B1 - Abs(i)**(1/4),0.00118753380390273*sqrt(Abs(i)) ; -Abs(i)**(1/4) - 147.416044480377
1800,0.863264834305925,B0*sqrt(Abs(i)) ; B1 - i - r,0.00118753366224141*sqrt(Abs(i)) ; -i - r - 149.045588815706
1801,0.8632648331643562,B0*sqrt(Abs(i)) ; B1 - 2*i,0.00118753380212797*sqrt(Abs(i)) ; -2*i - 107.36494247756
1802,0.863264826851772,B0*sqrt(Abs(i)) ; B1 + r**2,0.00118753314057217*sqrt(Abs(i)) ; r**2 + 107.340130171926
1803,0.8632648258293121,B0*sqrt(Abs(i)) ; B1 - i + r,0.00118753303483729*sqrt(Abs(i)) ; -i + r + 107.555438862381
1804,0.8632648159760975,B0*sqrt(Abs(i)) ; Abs(B1 - r)**(1/4),0.00118747000917078*sqrt(Abs(i)) ; Abs(r - 459783115.676405)**(1/4)
1805,0.8632647938118971,B0*Abs(i)**(3/2) ; B1 - Abs(i)**(1/4),1.1875323299848e-5*Abs(i)**(3/2) ; -Abs(i)**(1/4) - 178.67628537223
1806,0.8632647806443868,B0*i ; B1 - i + r,0.000118753219913193*i ; -i + r - 147.095045116488
1807,0.8632647698927608,B0*i ; B1 + i + r,-0.000118753194102239*i ; i + r + 172.374514232622
1808,0.8632647698538024,B0*i ; B1 + 2*r,-0.000118753194045445*i ; 2*r + 147.23916457884
1809,0.8632647698538024,B0*i ; B1 + r**2,-0.000118753194035591*i ; r**2 + 147.239171969847
1810,0.8632647697262995,B0*Abs(i)**(3/2) ; B1 + r,1.1875320646508e-5*Abs(i)**(3/2) ; r + 162.968948241293
1811,0.8632647656730179,B0*Abs(i)**(3/2) ; B1 + sqrt(Abs(r)),1.18753192720512e-5*Abs(i)**(3/2) ; sqrt(Abs(r)) + 175.678712008246
1812,0.8632647642140583,B0*i ; Abs(B1 + r)**(1/4),-0.000118753322861127*i ; Abs(r - 866122370.009495)**(1/4)
1813,0.8632647629707993,B0*i**2 ; B1 + Abs(r)**(1/4),1.18753195188258e-6*i**2 ; Abs(r)**(1/4) + 182.97800348051
1814,0.8632647628124139,B0*i ; B1 + B2*r,0.000118760785166789*i ; 15.3474883597725*r - 142.84932469087
1815,0.8632647618674818,B0*i ; Abs(B1 + i)**(1/4),-0.000118748406149505*i ; Abs(i - 907547227.192276)**(1/4)
1816,0.8632483636173818,B0 + i**2 ; i,i**2 + 0.0116946841187621 ; i
1817,0.8632480200189345,B0 + B1*i ; 2*i,0.127290737348532*i + 0.0110729225313942 ; 2*i
1818,0.8632450209606081,B0 + i + s ; r,i + s - 0.9881625000625 ; r
1819,0.8632450209606081,B0 + i + s ; sqrt(Abs(r)),i + s - 0.988162499958631 ; sqrt(Abs(r))
1820,0.863245020960608,B0 - i - s ; sqrt(Abs(r)),-i - s + 1.01183749996858 ; sqrt(Abs(r))
1821,0.8632450209606078,B0 - i - s ; Abs(r)**(1/4),-i - s + 1.01183750002433 ; Abs(r)**(1/4)
1822,0.8632450209116529,B0 + i + s ; B1*sqrt(Abs(r)),i + s - 0.988161974160149 ; 15.3745948431265*sqrt(Abs(r))
1823,0.8632450205912048,B0 + i + s ; B1*r**2,i + s - 0.988163944458666 ; 0.00104555291103751*r**2
1824,0.8632428183702288,B0*i + B1*i*s - s ; r,0.0473523674614863*i*s - 3.90455519078926*i - s ; r
1825,0.8632412424290742,B0*sqrt(Abs(i)) ; B1 + 2*i,0.011510609776154*sqrt(Abs(i)) ; 2*i + 2.141485737614
1826,0.8632300773496506,B1*sqrt(Abs(B0 + s*sqrt(Abs(i)))) ; B2 + i,0.0864106788780621*sqrt(Abs(s*sqrt(Abs(i)) + 0.0248087073967106)) ; i - 0.00906711989843622
1827,0.8632282343383921,B1*sqrt(Abs(B0 + s*sqrt(Abs(i)))) ; B2*sqrt(Abs(r)) + i,0.0153207138166849*sqrt(Abs(s*sqrt(Abs(i)) + 0.342949831117073)) ; i + 5.22822552666756*sqrt(Abs(r))
1828,0.8631862436272251,B1*sqrt(Abs(B0 + i)) ; i,0.137445996230629*sqrt(Abs(i - 0.00487396757549571)) ; i
1829,0.8631493912089372,B0*i + B1*sqrt(Abs(i))*sqrt(Abs(s)) ; i,0.720659015310259*i + 0.0757063035430217*sqrt(Abs(i))*sqrt(Abs(s)) ; i
1830,0.8631333589055069,B0 + B1*i + B2*i*s ; i*r - i + Abs(i)**(3/2),0.000755127218240057*i*s - 0.000122320797159714*i + 0.0168984448639419 ; i*r - i + Abs(i)**(3/2)
1831,0.8631220547087121,B0*s + B2*sqrt(Abs(B1 + s)) ; B3 - sqrt(Abs(r)),0.152932345739936*s - 0.169210743025259*sqrt(Abs(s - 0.477397969043743)) ; 0.347765757128433 - sqrt(Abs(r))
1832,0.863117247089544,B0*i + B1*sqrt(Abs(i))*sqrt(Abs(s)) ; -sqrt(Abs(i)) + Abs(r)**(1/4),0.000607846232638829*i + 0.0622104111003705*sqrt(Abs(i))*sqrt(Abs(s)) ; -sqrt(Abs(i)) + Abs(r)**(1/4)
1833,0.8630753286700168,B0*i - Abs(i)**(5/2) ; r,0.272621092293075*i - Abs(i)**(5/2) ; r
1834,0.8630617473983673,B0*i - Abs(i)**(3/2) ; r,0.65158058770855*i - Abs(i)**(3/2) ; r
1835,0.8630404594268042,B0*s + B1*sqrt(Abs(2*i - s)) ; sqrt(Abs(B2*i**2 + B2*i*r)),2.71210244964047*s - 0.0736338148333964*sqrt(Abs(2*i - s)) ; sqrt(Abs(0.00887412085441066*i**2 + 0.00887412085441066*i*r))
1836,0.8630394189748338,B0*Abs(i)**(3/2) ; B1 + i,0.406529483716244*Abs(i)**(3/2) ; i + 0.107079304963846
1837,0.8630379067901663,B0*i + B1*s ; B2*r + B2*sqrt(Abs(i)) + B3*i,0.58767782279583*i + 0.0124781047569059*s ; 0.687938663447434*i + 0.000907024266456647*r + 0.000907024266456647*sqrt(Abs(i))
1838,0.8630205574427582,B0*Abs(i)**(1/4) + B1*Abs(i)**(5/4) ; B2*i + B3*i**2,-0.000550266578718749*Abs(i)**(5/4) + 0.0385902461303534*Abs(i)**(1/4) ; 0.00577352719185718*i**2 - 0.400222432420004*i
1839,0.8630103270416775,B0 + B1*sqrt(Abs(s)) + B2*s ; B3 + i*r + r*sqrt(Abs(B4 + r)),-0.571840374477342*s + 0.803510273019769*sqrt(Abs(s)) - 0.222481058257508 ; i*r + r*sqrt(Abs(r + 0.128502181106135)) + 0.000271644513130068
1840,0.8629928120670002,B0*s**2 + B1*i*s ; B2*i - i**2 + r,0.000717599774808571*i*s + 0.0177579213650806*s**2 ; -i**2 + 0.0100912384395505*i + r
1841,0.8629726251957515,B0*i + i*sqrt(Abs(s)) ; i**2 + i + Abs(i)**(3/2),i*sqrt(Abs(s)) + 0.366246454964248*i ; i**2 + i + Abs(i)**(3/2)
1842,0.8629481910285539,B0*i**2 + B1*i*s ; i + sqrt(Abs(r)),0.00379350076535953*i**2 - 0.0626225731503581*i*s ; i + sqrt(Abs(r))
1843,0.8629070287109428,B0*i**2 ; B1*i - r,1.19119406194493e-6*i**2 ; 10.8479064319984*i - r
1844,0.8629055916561083,B0*i ; sqrt(Abs(i)),-7.0857061591408e-5*i ; sqrt(Abs(i))
1845,0.862896740605573,B0*sqrt(Abs(i))*Abs(s)**(5/2) ; B1 - i*r,0.0109649781398911*sqrt(Abs(i))*Abs(s)**(5/2) ; -i*r + 0.0492265734012704
1846,0.8628926290869212,B0*i ; B1*i + r,0.000133129807573054*i ; -16701.9562672743*i + r
1847,0.862852037983351,B0*sqrt(Abs(i)) ; i - sqrt(Abs(B1 + r)),0.0130085298246231*sqrt(Abs(i)) ; i - sqrt(Abs(r - 0.0080621559956516))
1848,0.8628489916136107,B0*i + B1*i*s + B1*s ; Abs(B2 - 2*i + r)**(1/4),-0.00412255985528907*i*s + 0.000293645804713588*i - 0.00412255985528907*s ; Abs(-2*i + r + 4.76380313986131)**(1/4)
1849,0.8628394842263227,B0*Abs(i)**(5/2) + B0*Abs(i)**(3/2) ; B1 + B2*i*r + B2*r**2,0.0382950499748021*Abs(i)**(5/2) + 0.0382950499748021*Abs(i)**(3/2) ; -0.141911742635563*i*r - 0.141911742635563*r**2 + 0.129720491518936
1850,0.8627980554983136,B0*sqrt(Abs(s*sqrt(Abs(i)) + s)) ; B1*sqrt(Abs(r)) + i,0.0102467495760085*sqrt(Abs(s*sqrt(Abs(i)) + s)) ; i + 9.73441536484157*sqrt(Abs(r))
1851,0.8627801013973629,B0*sqrt(Abs(i - s)) ; B1*i*Abs(r)**(3/2),0.0192219114427698*sqrt(Abs(i - s)) ; 0.168250388905835*i*Abs(r)**(3/2)
1852,0.8627775614959773,B0*sqrt(Abs(i)) + B1*s*sqrt(Abs(i)) ; i - r*sqrt(Abs(i)),0.178582469733106*s*sqrt(Abs(i)) + 0.0216633886184459*sqrt(Abs(i)) ; i - r*sqrt(Abs(i))
1853,0.8627749046661226,B0*s + s*sqrt(Abs(B1 + i*s)) ; sqrt(Abs(r)),s*sqrt(Abs(i*s + 1.30599256350809)) - 1.14748701246891*s ; sqrt(Abs(r))
1854,0.8627424709037433,i ; B0*i + i**2,i ; i**2 + 1.01030619548122*i
1855,0.862615937841292,s*Abs(B0 + i)**(1/4) ; B1*r + B2*r**2,s*Abs(i + 53.237763472996)**(1/4) ; 0.00984028368659149*r**2 + 1.82248341097996*r
1856,0.8626159374956479,s*Abs(B0 + s)**(1/4) ; B1*r + B2*i*r,s*Abs(s - 54.2372444971826)**(1/4) ; 1.98661686145258*i*r + 37.0788929174592*r
1857,0.8626061065308482,B0 + B2*sqrt(Abs(B1 + i*s - s)) ; B3 + i,0.105938661409002 - 0.146644039866677*sqrt(Abs(i*s - s + 0.521847485181728)) ; i - 0.0390062025864237
1858,0.862550953040274,B0 + B1*s + B1*sqrt(Abs(i)) ; B2 - 2*i,0.0415751847482898*s + 0.0415751847482898*sqrt(Abs(i)) - 0.407272666428387 ; 269.447526086922 - 2*i
1859,0.8625445060560069,B0 - sqrt(Abs(i)) ; i,0.222780921291962 - sqrt(Abs(i)) ; i
1860,0.8625281361625157,B0 + i**2 ; B1 - Abs(i)**(1/4),i**2 - 0.0218587225152968 ; 0.667038058616208 - Abs(i)**(1/4)
1861,0.8625148027829129,B0*sqrt(Abs(i)) ; B1*i + Abs(r)**(3/2),0.0201576470703695*sqrt(Abs(i)) ; 3.95469652546308*i + Abs(r)**(3/2)
1862,0.8624914110646452,B0*i**3 + B0*i*s ; B1 - sqrt(Abs(B2*i + r)),-0.00147085739552996*i**3 - 0.00147085739552996*i*s ; 0.946603548741217 - sqrt(Abs(0.879060020152093*i + r))
1863,0.8624391865543455,B0*sqrt(Abs(s*sqrt(Abs(i)) + s)) ; B1*sqrt(Abs(i)) + i,0.0139575871809084*sqrt(Abs(s*sqrt(Abs(i)) + s)) ; i + 5.1444871420413*sqrt(Abs(i))
1864,0.8624200234397504,B0*sqrt(Abs(i)) + B1*s*sqrt(Abs(i)) ; B2 + 2*r,0.00827323417343814*s*sqrt(Abs(i)) - 0.000197559538788418*sqrt(Abs(i)) ; 2*r + 0.000274733404758818
1865,0.8624043897651922,B0*sqrt(Abs(i)) ; -2*i + r,0.00118532748140445*sqrt(Abs(i)) ; -2*i + r
1866,0.8623671076102642,B0 + B1*i + B2*sqrt(Abs(s)) ; B3 + sqrt(Abs(B4*r + i*r)),-0.00231680151369875*i + 0.0534254814612509*sqrt(Abs(s)) - 0.23218266770039 ; sqrt(Abs(i*r - 47.1537151336544*r)) + 287.606592859431
1867,0.8623250666791362,B0*i + B1*i*s + B1*s ; Abs(B2 + r)**(1/4),-0.00139304842432819*i*s - 1.2266143398178e-5*i - 0.00139304842432819*s ; Abs(r - 1369.51840667721)**(1/4)
1868,0.8623210172334116,B0*sqrt(Abs(i)) + B1*s*Abs(i)**(3/2) ; sqrt(Abs(B2 + i)),0.000126032875115729*s*Abs(i)**(3/2) + 0.000259918785246716*sqrt(Abs(i)) ; sqrt(Abs(i - 26.8696834962031))
1869,0.862278124514091,B0*Abs(s)**(1/4) + B1*s ; i,0.034750424680238*s + 0.0118728752987152*Abs(s)**(1/4) ; i
1870,0.8622600215365545,i ; B0 + B1*sqrt(Abs(r)) + i,i ; i + 0.00124599285586309*sqrt(Abs(r)) - 0.000541738039189398
1871,0.8622514188110211,B0*sqrt(Abs(i)) + B1*s ; -i + 2*r**2,0.0443643111935326*s + 0.00715647172618948*sqrt(Abs(i)) ; -i + 2*r**2
1872,0.8622423344398682,B0 + B1*s + sqrt(Abs(s)) ; B2*Abs(r)**(1/8) + i,2.44156238967359*s + sqrt(Abs(s)) - 1.46363928152359 ; i + 0.000264110451376769*Abs(r)**(1/8)
1873,0.8622206057327346,B0 + B1*s + B1*sqrt(Abs(i)) ; i,0.0384740330015596*s + 0.0384740330015596*sqrt(Abs(i)) + 0.00179484737989789 ; i
1874,0.8621514372907121,B0 + B1*i + B1*sqrt(Abs(i - s)) ; B2*i + B3*r**2,-0.0380161488009275*i - 0.0380161488009275*sqrt(Abs(i - s)) + 0.070656260938236 ; -4.8265356839371e-5*i + 12.0778712200793*r**2
1875,0.8621229391019556,B0*i - i**2 ; i,-i**2 + 0.990740251048296*i ; i
1876,0.8621012386574628,B0*sqrt(Abs(i)) ; B1 - r - sqrt(Abs(i)),0.0238942197193658*sqrt(Abs(i)) ; -r - sqrt(Abs(i)) + 0.801391582589435
1877,0.8620708988840476,B0 + B1*s + B2*sqrt(Abs(i + s)) ; 2*i,-0.432778822163034*s + 0.616967489316406*sqrt(Abs(i + s)) - 0.174505111302802 ; 2*i
1878,0.8620702845546101,B0 + B1*i**2*s ; B2 + 2*i,0.340966562638568*i**2*s + 0.00443061508886941 ; 2*i - 0.683612573014709
1879,0.8620671557140461,B0 + B1*i + B1*sqrt(Abs(s)) ; B2*i*r,-0.0696232378695231*i - 0.0696232378695231*sqrt(Abs(s)) + 0.131693744930825 ; 0.518117763964011*i*r
1880,0.8620617662399609,B0 + B1*i*s + B1*i ; Abs(B2 + i)**(1/4),-0.000515185600584315*i*s - 0.000515185600584315*i - 0.0348644898438299 ; Abs(i + 53787.6917681208)**(1/4)
1881,0.8620330951980668,B0*i**2 + B1*i*s ; sqrt(Abs(B2*i*r - i + r)),-3.74409463714989e-7*i**2 - 0.000840253887983396*i*s ; sqrt(Abs(1.46732060821151*i*r - i + r))
1882,0.8620164251597353,B0*s**3 ; B1*i,0.0423910984058263*s**3 ; 2.34545732883038*i
1883,0.8620164249638309,B0*s**3 ; B1*r + i,0.0423877217753987*s**3 ; i + 0.527886418356334*r
1884,0.8620164240839525,B0*s**3 ; B1 + B2*i + r,0.0424040826275463*s**3 ; 0.391355554879037*i + r + 0.0203091666410097
1885,0.8620164227601415,B0*s**3 ; B1 + B2*i,0.0424095585955798*s**3 ; 0.12039120447046*i + 0.00828688694547771
1886,0.8620164086440647,B0*s**3 ; B1 + i,0.0423489652933918*s**3 ; i + 0.000472268631207203
1887,0.8620163834679255,B0*s**3 ; r,0.0423232106068866*s**3 ; r
1888,0.8620163649764523,B0*s**3 ; i*r,0.042476448329786*s**3 ; i*r
1889,0.8620163410319691,B0*s**3 ; 2*i,0.0424917075036861*s**3 ; 2*i
1890,0.8620074571440516,B0*i*Abs(s)**(1/4) ; B1 - r*Abs(i)**(1/4),-0.147571803752131*i*Abs(s)**(1/4) ; -r*Abs(i)**(1/4) + 0.200909601875329
1891,0.8619682342106464,B0*i ; B1 + B2*r + B3*sqrt(Abs(i - r)),-0.231637780180332*i ; -0.203480440182936*r + 0.198858144285257*sqrt(Abs(i - r)) - 0.00365565357595418
1892,0.8619611466592866,B0 + B1*i + B2*s ; B3 + B4*Abs(i)**(3/2) - i**2,0.000660658677036233*i + 0.106406797377602*s - 0.066654775495295 ; -i**2 - 0.673492009607647*Abs(i)**(3/2) + 0.0263479350047887
1893,0.8619513509772554,B0*s + B1*i*sqrt(Abs(s)) ; i,-0.0857834481272431*i*sqrt(Abs(s)) + 2.57417894254203*s ; i
1894,0.8619440623490844,B0*s - s*Abs(i)**(3/2) ; i,-s*Abs(i)**(3/2) + 0.0542926029669949*s ; i
1895,0.8619352777714875,B0*s + B1*s*Abs(i)**(3/2) ; i,-7.73295894503622*s*Abs(i)**(3/2) + 0.145966760051958*s ; i
1896,0.8618026080262542,B0*s + s*sqrt(Abs(B1 + i*s)) ; B2 + B3*r**2,s*sqrt(Abs(i*s + 1.30750819925184)) - 1.14784606749389*s ; 3.26424761791709*r**2 + 0.000204900728100444
1897,0.8617846655170871,i*Abs(i + s)**(1/4) ; i,i*Abs(i + s)**(1/4) ; i
1898,0.8617434117542538,i*Abs(i + sqrt(Abs(s)))**(1/4) ; i,i*Abs(i + sqrt(Abs(s)))**(1/4) ; i
1899,0.8616609948485298,B0*s + i*s ; B1 + i - r,i*s + 0.180040742743316*s ; i - r + 0.49013606335594
1900,0.8615576768740904,B0*s*sqrt(Abs(i)) ; B1 + i**2 + i + 2*r,0.00737485749383216*s*sqrt(Abs(i)) ; i**2 + i + 2*r - 0.0122888483232463
1901,0.861538496820269,B0*sqrt(Abs(s)) + i*sqrt(Abs(s)) ; i,i*sqrt(Abs(s)) + 0.00625240502512903*sqrt(Abs(s)) ; i
1902,0.8615368130212401,B1*sqrt(Abs(B0 + i)) ; B2 - r + Abs(i + r)**(1/4),0.0424438220535591*sqrt(Abs(i + 0.381208283181401)) ; -r + Abs(i + r)**(1/4) + 0.477800677594383
1903,0.8614758293732339,B0*i + B1*i**2 + B1*s ; Abs(B2 + i - r)**(1/4),-2.10750569835594e-5*i**2 - 0.00212005725514317*i - 2.10750569835594e-5*s ; Abs(i - r + 380.869621224587)**(1/4)
1904,0.8614730246635421,B0 + B1*i + s ; B2 + r - sqrt(Abs(i)),-0.00294469785867519*i + s - 0.953616431570726 ; r - sqrt(Abs(i)) + 0.327821350229714
1905,0.8614267191193438,B0*i + B0*s ; B1 + B2*i + B3*sqrt(Abs(i + r)),0.290162065656775*i + 0.290162065656775*s ; 2.8172596596848*i - 2.89832453781318*sqrt(Abs(i + r)) + 2.8030011058285
1906,0.8614108440682986,B0*i + B1*sqrt(Abs(s)) ; B2 + B3*i + B4*i**2,0.260681571708951*i + 0.0227092044791184*sqrt(Abs(s)) ; -0.00189008284995543*i**2 + 0.371063202292025*i + 0.00572166943569513
1907,0.8613925401293787,B0*s + B0*sqrt(Abs(i)) + B1*i ; i,0.85266369758155*i + 0.00881172988548361*s + 0.00881172988548361*sqrt(Abs(i)) ; i
1908,0.8613170219622424,B0*sqrt(Abs(s)) + B1*i*sqrt(Abs(s)) ; B4*sqrt(Abs(B2*i + B2*r + B3)),0.0821626716301437*i*sqrt(Abs(s)) + 0.0297665946232747*sqrt(Abs(s)) ; 0.0468490457116304*sqrt(Abs(0.563069269853099*i + 0.563069269853099*r - 0.118195354249124))
1909,0.861229006690378,B0 + i**2 ; B1*i + i**2 + i*r,i**2 + 0.00668854707736485 ; i**2 + i*r - 0.105709052439406*i
1910,0.8612224901740764,B0 + B1*i + B2*i*sqrt(Abs(s)) ; i,0.391593401042113*i*sqrt(Abs(s)) + 0.743606027711466*i - 6.42080080144904e-6 ; i
1911,0.8611647658038538,B0 + i**2 ; i*sqrt(Abs(B1 + r)) - i,i**2 + 0.0132224877610293 ; i*sqrt(Abs(r + 1.23522690552369)) - i
1912,0.8611465006822936,B0 + B1*i + B1*s ; B2 - r + sqrt(Abs(r)),0.0252155231005809*i + 0.0252155231005809*s + 0.00046939964895116 ; -r + sqrt(Abs(r)) - 0.177965432379114
1913,0.861121310507162,B1*sqrt(Abs(i))*sqrt(Abs(B0 - s)) ; B2 + i - r,0.0156407412060818*sqrt(Abs(i))*sqrt(Abs(s + 0.0625969404377868)) ; i - r - 9.45458022126855
1914,0.8610811439516786,B1*sqrt(Abs(B0 + i + sqrt(Abs(i)))) ; B2*Abs(r)**(1/4) + i,0.165854912365644*sqrt(Abs(i + sqrt(Abs(i)) - 0.193473048840374)) ; i + 0.491231663138052*Abs(r)**(1/4)
1915,0.8610760190079214,B0 + B1*sqrt(Abs(i*s + s**2)) ; B2 + sqrt(Abs(i + r - sqrt(Abs(r)))),0.0195510590133299*sqrt(Abs(i*s + s**2)) - 0.0137714319043452 ; sqrt(Abs(i + r - sqrt(Abs(r)))) + 0.495716376546505
1916,0.8610419253464245,B0*i**2 + i ; i,-1.32891406094565*i**2 + i ; i
1917,0.8609738611803256,i*sqrt(Abs(B0 + s*sqrt(Abs(i)))) ; B1*sqrt(Abs(r)) + i,i*sqrt(Abs(s*sqrt(Abs(i)) + 0.918344042585303)) ; i + 0.000436190207042871*sqrt(Abs(r))
1918,0.8609724891516691,B0 + B1*i ; i*r + i + r,0.0535798170376217*i + 0.0396954760928722 ; i*r + i + r
1919,0.8609697013638326,B0 + B1*i + B2*s ; B3*i*r + r,113.882702430801*i + 113.924791694194*s - 113.877207816993 ; 1.04753009494966*i*r + r
1920,0.8609697013589069,B0 + B1*s ; B2 + B3*r + r**2,0.0420892796694925*s + 0.00549433414257019 ; r**2 + 0.000203680077817916*r + 0.00264204596833472
1921,0.8609697009921413,B0 + B1*s ; Abs(B2 - i + 2*r)**(1/4),0.0420826665625195*s + 0.00549412852271591 ; Abs(-i + 2*r + 0.000236252084264044)**(1/4)
1922,0.8609697009411765,B0 + B1*s ; B2 + B3*r**2 - r,0.0420826234409341*s + 0.00550126122573088 ; 0.0939804472282196*r**2 - r + 39.3177059034557
1923,0.8609697009393693,B0 + B1*s ; B2*Abs(i**2 + i)**(1/4),0.0420839802275652*s + 0.00550120402441467 ; 0.000278591092891921*Abs(i**2 + i)**(1/4)
1924,0.8609697009244934,B0 + B1*s ; B2*i + i*r - r,0.0420801901946084*s + 0.00549707946747763 ; i*r + 0.0194664256274024*i - r
1925,0.8609697007097268,B0 + B1*s ; B2*Abs(i + r)**(1/4) - i,0.0420871321562246*s + 0.00550102384887301 ; -i + 0.00103874372109588*Abs(i + r)**(1/4)
1926,0.860969700708085,B0 + B1*s ; B2*r + B3*i*r,0.0420894817859246*s + 0.00548970233452022 ; 17.8026623332337*i*r + 0.0204483378302269*r
1927,0.8609697006607747,B0 + B1*s ; B2*sqrt(Abs(r)) + i*sqrt(Abs(r)),2.72260231778352*s + 0.355293576921912 ; i*sqrt(Abs(r)) + 0.726098233549941*sqrt(Abs(r))
1928,0.860969700388828,B0 + B1*s ; B2 + 3*i - r,0.0420872667423229*s + 0.00548918472857009 ; 3*i - r + 0.00210455347238198
1929,0.860969700372393,B0 + B1*s ; B2 + B3*r**2 - i,0.0420950423830052*s + 0.00549444519899182 ; -i + 34.1581519662557*r**2 + 0.000196475514634425
1930,0.8609697002288657,B0 + B1*s ; B2 + B3*sqrt(Abs(i + sqrt(Abs(i)))),0.0420836048866664*s + 0.00550378255841636 ; 6.11080299464557*sqrt(Abs(i + sqrt(Abs(i)))) + 23.4468221694297
1931,0.860969700014767,B0 + B1*i ; B2*sqrt(Abs(r)) + i*sqrt(Abs(r)),0.0475916473438502 - 0.0420907648311685*i ; i*sqrt(Abs(r)) + 0.000131642968880742*sqrt(Abs(r))
1932,0.8609696996153362,B0 + B1*s ; B2 + B3*r - i*r,0.0420928674975838*s + 0.00548612126623918 ; -i*r + 0.318320635332819*r + 0.00740850754898859
1933,0.8609696993251253,B0 + B1*s ; B2 + B3*r - r**2,0.0420935321872027*s + 0.00548538506542833 ; -r**2 + 0.000204064801557719*r + 0.430482211815714
1934,0.8609696990581991,B0 + B1*i ; B2*r + B3*r**2,0.0475946132895318 - 0.0420935361541978*i ; 0.105697406768583*r**2 + 1.62940487019616*r
1935,0.8609696984714259,B0 + B1*s ; B2 + B3*Abs(r)**(1/4) + r,0.042082614323441*s + 0.00550796643425095 ; r + 0.476790651768147*Abs(r)**(1/4) + 0.000284002229464824
1936,0.8609696984635483,B0 + B1*s ; B2 + B3*r + B3*sqrt(Abs(r)),0.0420712212509213*s + 0.00550092988391563 ; 0.000641432361052115*r + 0.000641432361052115*sqrt(Abs(r)) + 0.0317421965409484
1937,0.8609696971975386,B0 + B1*s ; B2 + B3*i**2 - i,0.0420902550447598*s + 0.0054818301127015 ; 0.323406095995475*i**2 - i + 24.4756581002794
1938,0.8609696965182807,B0*i + B1*s ; B2*r + B3*i*r,0.00550480652815202*i + 0.0475995660390831*s ; 27.9120964464958*i*r + 0.00112206102596598*r
1939,0.8609696960492004,B0 + B1*i ; B2*r + B3*i*r,0.0475638680990745 - 0.0420717668583346*i ; 0.297691446749704*i*r + 0.00512646295043303*r
1940,0.8609696956784918,B0 + B1*s ; Abs(B2 + 2*i - r)**(1/4),0.0420678344139521*s + 0.00549665911102235 ; Abs(2*i - r + 71.3516797342127)**(1/4)
1941,0.8609696953441054,B0 + B1*s ; B2 + B3*i + B4*r,0.0421077714904217*s + 0.00548400954461036 ; 0.25994853614921*i + 0.028190709247877*r + 0.000117939716887202
1942,0.8609696926987767,B0 + B1*s ; B2 + B3*i + i*r,0.0421121904397484*s + 0.0054873550351418 ; i*r + 6.91896649651645*i + 0.000245934575968294
1943,0.8609696919970331,B0 + B1*i + B2*s ; i**2*r**2 + r,1.11816325342304*i + 1.16022249716265*s - 1.11265563163358 ; i**2*r**2 + r
1944,0.8609696718611342,B0 + B1*i + B2*s ; B3*r + r**2,57.6750296753948*i + 60.3976664157359*s - 57.3187295719923 ; r**2 + 0.000375558298720928*r
1945,0.8609696699651433,B0 + B1*i + B2*s ; r**2*sqrt(Abs(i)) - r,-136.837086001194*i - 134.114483325285*s + 137.194579317699 ; r**2*sqrt(Abs(i)) - r
1946,0.8609696686272365,B0 + B1*i + B2*s ; B3*r - i*r**2,-4.71840448423121*i - 4.67626767160366*s + 4.72387882104537 ; -i*r**2 + 0.000942818995750385*r
1947,0.860969650075734,B0 + B1*i + B2*s ; B3*r + i*r,84.3013482531437*i + 84.3433715108872*s - 84.2958252518185 ; i*r + 54.9044039824189*r
1948,0.8609696194849672,B0 + B1*i + B2*s ; B3*i*Abs(r)**(1/4),-56.3694366184444*i - 53.6468796520392*s + 56.7232339871075 ; 0.000806260618042001*i*Abs(r)**(1/4)
1949,0.8609695901751894,B0 + B1*i + 2*s ; sqrt(Abs(r)),-0.722546090246105*i + 2*s + 1.07467744682126 ; sqrt(Abs(r))
1950,0.8609695750710593,B0 + B1*i + B2*s ; i*r,0.101624891917428*i + 0.143612335077769*s - 0.096086398715562 ; i*r
1951,0.8609695167155019,B0 + B1*i + B2*s ; sqrt(Abs(r)),0.0562111108266988*i + 0.0981779051830014*s - 0.0506637392811963 ; sqrt(Abs(r))
1952,0.8609694767713526,B0 + B1*i + B2*s ; r,-0.00285123405664335*i + 0.0391032824118783*s + 0.00840387852264944 ; r
1953,0.8609694757739408,B0 + B1*i + B2*s ; i**3*r,-1.25388305845871*i + 1.46881183004523*s + 1.61415038210588 ; i**3*r
1954,0.8609694661532598,B0 + B1*i - 2*s ; r,-2.04195144115552*i - 2*s + 2.04750540840555 ; r
1955,0.8609694578393463,B0 + B1*i ; r*sqrt(Abs(i + sqrt(2)*sqrt(Abs(i)))) + r,0.0476609064434534 - 0.0422238961168976*i ; r*sqrt(Abs(i + sqrt(2)*sqrt(Abs(i)))) + r
1956,0.8609693107424183,B0 + B1*i + B2*s ; sqrt(Abs(i))*Abs(r)**(3/4),-4.12876157071147*i - 1.40626923236084*s + 4.47787654508177 ; sqrt(Abs(i))*Abs(r)**(3/4)
1957,0.8609349133870187,B0*i + B1*s + B1*sqrt(Abs(s)) ; B2 + B3*i + i**2,0.758158704034707*i + 0.00592413562213576*s + 0.00592413562213576*sqrt(Abs(s)) ; i**2 + 0.84713351123961*i + 0.00158641938456437
1958,0.8609281103790338,B0*i + B2*sqrt(Abs(B1 + 2*i)) ; B3 + B4*r,-0.00216572003959397*i + 0.0155040900348769*sqrt(Abs(2*i - 1.95176268432777)) ; 0.119068278731375*r - 0.818971641171108
1959,0.8609216487857672,B0 + B1*i ; B2 + B3*sqrt(Abs(r)) - i - r,0.0444071112519826 - 0.00862938492727985*i ; -i - r + 0.469296185596417*sqrt(Abs(r)) + 0.0190738818614494
1960,0.8608638622235989,B0*Abs(s)**(1/4) ; B1 + B2*r**2,0.0208180479049982*Abs(s)**(1/4) ; 6.53385007395041*r**2 + 1.67571073900345
1961,0.8608550622636572,B0*i ; sqrt(Abs(i - r)),-9.50724847722872e-5*i ; sqrt(Abs(i - r))
1962,0.8608235735571038,B1*sqrt(Abs(B0 + i - s)) ; B2 - i**2*r + i,0.0332018650395177*sqrt(Abs(i - s + 0.413689213639313)) ; -i**2*r + i + 0.73251050376055
1963,0.8607631400798003,B0 + B1*s**2 ; B2*i + sqrt(Abs(B3 + r)),0.039210667192286*s**2 + 0.00417029694300997 ; 75.9844422013718*i + sqrt(Abs(r + 0.000718464817307861))
1964,0.8607077782247325,B0 - 2*i ; B1*i + B2*r*sqrt(Abs(i)),0.168874754840804 - 2*i ; 0.842553066509514*i - 0.235264831847375*r*sqrt(Abs(i))
1965,0.8606978011207849,B0*Abs(s)**(1/4) ; i**2 + i*r,0.0199909491969001*Abs(s)**(1/4) ; i**2 + i*r
1966,0.8606272708813,B0*i + B0*s + B0*sqrt(Abs(s)) ; B1 + B2*i*sqrt(Abs(i - r)),0.0233216359149522*i + 0.0233216359149522*s + 0.0233216359149522*sqrt(Abs(s)) ; 0.1631565776521*i*sqrt(Abs(i - r)) + 0.0160613077677455
1967,0.8606029501772297,B0 + i**2 ; B1 + B2*i**2*r,i**2 - 0.0318238176166174 ; -1.990162117929*i**2*r + 0.0983034731017562
1968,0.8605023218897685,B0 + B1*Abs(i)**(1/4) ; i,0.143308339892342*Abs(i)**(1/4) - 0.0356402165328547 ; i
1969,0.8604969383633889,B0*i + B1*s ; B2 + sqrt(Abs(B3 + B4*sqrt(Abs(i)) - r)),-0.012001460514445*i + 2.72716581398685*s ; sqrt(Abs(r + 1.68510063586174*sqrt(Abs(i)) - 1.96202098025507)) + 0.913079485442164
1970,0.860456566325371,B0*s ; B1 + i*r + 2*r,0.0460615969785752*s ; i*r + 2*r + 45.2245345723841
1971,0.86045656632534,B0*s ; B1 + B2*r - i*r,0.0460614345845282*s ; -i*r + 0.0679130316093938*r + 4.67631158162586
1972,0.8604565663252347,B0*s ; B1 + i*Abs(r)**(1/8),0.0460616385199275*s ; i*Abs(r)**(1/8) + 0.930239415804198
1973,0.8604565663245428,B0*s ; B1*r + i*r + i,0.0460617544955916*s ; i*r + i + 26.7905037170169*r
1974,0.8604565663212617,B0*s ; B1 + B2*i + B3*r,0.0460620183545831*s ; 0.000138462621552232*i + 14.4226707345559*r + 0.0587737297930748
1975,0.860456566319573,B0*s ; Abs(B1 - 2*r)**(1/8),0.0460621096992744*s ; Abs(2*r - 0.000246212051056648)**(1/8)
1976,0.8604565663148984,B0*s ; B2*r*sqrt(Abs(B1 + sqrt(Abs(r)))),0.0460623091328213*s ; 0.57402258328646*r*sqrt(sqrt(Abs(r)) + 0.0997535171631964)
1977,0.860456566314717,B0*s ; B1*i + B2*i**2,0.0460607269520447*s ; 0.000100519403784539*i**2 + 7.45224135756756*i
1978,0.8604565663146695,B0*s ; B1 + i + r**2 + r,0.046062317619862*s ; i + r**2 + r + 0.00125371578442353
1979,0.8604565663137277,B0*s ; sqrt(Abs(B1 + B2*i + B2*r)),0.0460623516114047*s ; sqrt(Abs(0.948431113744312*i + 0.948431113744312*r + 0.000720651616414055))
1980,0.8604565663136896,B0*s ; B1*i*r + i + r,0.0460606898598222*s ; 0.00256594158421015*i*r + i + r
1981,0.8604565663116979,B0*s ; Abs(B1 - i + 2*r)**(1/4),0.0460606223024105*s ; Abs(-i + 2*r + 2.32750245280371)**(1/4)
1982,0.8604565663098946,B0*s ; B1*i + i*r + r,0.0460605652424873*s ; i*r + 0.000138099402921462*i + r
1983,0.8604565663024303,B0*s ; B1 + B2*r + i*r,0.0460603584618929*s ; i*r + 0.0428005135906516*r + 86.3754512273046
1984,0.8604565662941528,B0*s ; B1 - i*r + i + r,0.0460628772838558*s ; -i*r + i + r + 30.3224168386951
1985,0.8604565662777709,B0*s ; B2*sqrt(Abs(B1 + sqrt(Abs(i)))) + r,0.0460598480731435*s ; r + 7.15146263049718*sqrt(sqrt(Abs(i)) + 0.162290143306416)
1986,0.860456566275293,B0*s ; B1 - 2*i + 2*r,0.04606323767975*s ; -2*i + 2*r + 0.00181694614109233
1987,0.8604565662686249,B0*s ; B1 + B2*i - i*r,0.0460596946744496*s ; -i*r + 0.226640852626828*i + 6.49452929303999
1988,0.8604565662560694,B0*s ; B1*r**2 + i + r,0.0460635398558513*s ; i + 0.000376436449293298*r**2 + r
1989,0.8604565662147512,B0*s ; B1*i + r - Abs(i)**(3/2),0.0460640708766492*s ; 0.00678692689707941*i + r - Abs(i)**(3/2)
1990,0.8604565661806832,B0*s ; B1 + i + 3*r,2.71997758398927*s ; i + 3*r + 0.00556352388243839
1991,0.8604565661620275,B0*s ; B1*r + i*r**2,0.0460584238948905*s ; i*r**2 + 0.0852121367069201*r
1992,0.8604565661243092,B0*s ; B1*r + B2*i*r,0.046064957885988*s ; 0.0110361475345583*i*r + 0.0248632761453577*r
1993,0.8604565660692737,B0*s ; Abs(B1 - 2*i + r)**(1/4),0.0460576433293575*s ; Abs(-2*i + r + 0.0142478037228)**(1/4)
1994,0.860456566022072,B0*s ; Abs(B1*r + i*r)**(1/4),2.71997672141105*s ; Abs(i*r + 0.651780854298753*r)**(1/4)
1995,0.8604565660207171,B0*s ; r + Abs(B1 + B2*i)**(1/4),0.0460572917652808*s ; r + Abs(0.000635535301813461*i + 0.00902522224810158)**(1/4)
1996,0.8604565659005049,B0*s ; B1 + B2*i*r + r,0.0460665162537357*s ; 0.0139166535233452*i*r + r + 0.587418706574505
1997,0.8604565657892699,B0*s ; B1 + 4*r,0.0460671320181881*s ; 4*r + 0.25408007373972
1998,0.8604565652355233,B0*s ; B1 + B2*i*r + i,0.0460695207385368*s ; 20.2709583256801*i*r + i + 3.80741253592874
1999,0.8604565652076683,B0*s ; B1*r + i - r**2,0.0460534210084871*s ; i - r**2 + 21.3905116316045*r
2000,0.8604565651461089,B0*s ; B1*r**3 - r,0.046069842397128*s ; 0.00162116080433971*r**3 - r
2001,0.8604565650489925,B0*s ; B1 + i*r - i - r,0.0460528651586476*s ; i*r - i - r + 0.02208926558471
2002,0.8604565643304304,B0*s ; sqrt(Abs(B1 - i**2 + sqrt(Abs(i)))),0.0460506997104458*s ; sqrt(Abs(-i**2 + sqrt(Abs(i)) + 6.65610855700736))
2003,0.8604565642470335,B0*s ; -i + sqrt(Abs(B1*sqrt(Abs(i)) + B2)),0.0460504758505204*s ; -i + sqrt(1.59332616938953*sqrt(Abs(i)) + 0.720937977370467)
2004,0.8604565615611244,B0*s ; B1*Abs(i)**(1/4)*Abs(r)**(1/4),0.0460782464625129*s ; 15.5050160810232*Abs(i)**(1/4)*Abs(r)**(1/4)
2005,0.8604565442052885,B0*s ; B1 + B2*r + r**2,0.0460254907808867*s ; r**2 + 3.7672336767462*r + 0.000451713655539049
2006,0.8604565054957954,B0*s ; i*r**2 + i*r,0.0461212931585908*s ; i*r**2 + i*r
2007,0.8604564973721881,B0*s ; -i + Abs(i)**(3/2)*Abs(r)**(3/2),0.0461251602385677*s ; -i + Abs(i)**(3/2)*Abs(r)**(3/2)
2008,0.8604517596347402,B2*sqrt(Abs(B0*s + B1)) ; B3 + B4*i**2*r,0.0919088788197248*sqrt(Abs(0.137755315934233*s + 0.0105051190545237)) ; 0.001972737150502*i**2*r + 0.118304944281441
2009,0.8604375833594218,B2*sqrt(Abs(B0 + B1*s)) ; i**2*r + r**2,0.109528601755751*sqrt(Abs(0.0981914080841853*s + 0.00888629923425193)) ; i**2*r + r**2
2010,0.8604330010336829,s*Abs(B0 + s)**(1/8) ; B1 - r + sqrt(Abs(r)),s*Abs(s + 2996.71642089351)**(1/8) ; -r + sqrt(Abs(r)) + 0.00018844006403008
2011,0.8603869254766158,B1*sqrt(Abs(B0 + s)) ; B2*r + B3*r**2,0.0342130686969615*sqrt(Abs(s + 0.0526960958480191)) ; 0.048849472890632*r**2 + 0.363840188680216*r
2012,0.8603482081577072,B0 + B1*i*sqrt(Abs(s)) ; B2 - i - r + sqrt(Abs(i + r)),-0.000491721825124989*i*sqrt(Abs(s)) - 0.000390813490593613 ; -i - r + sqrt(Abs(i + r)) + 301.62883562931
2013,0.860344712189405,B0*sqrt(Abs(i)) + B1*s*sqrt(Abs(i)) ; 2*i - r,0.195826528354707*s*sqrt(Abs(i)) + 0.00074878977029867*sqrt(Abs(i)) ; 2*i - r
2014,0.860303466965282,B0 + B1*i + s ; B2 + r,-0.00278415587006629*i + s - 0.953569482970905 ; r + 0.000634945110395569
2015,0.860214240967751,B1*sqrt(Abs(B0 + i)) ; B2 + i,0.124435341824215*sqrt(Abs(i + 0.00143919671390102)) ; i + 0.00538682020827649
2016,0.8601867811398053,B0*sqrt(Abs(s)) ; B1 - 2*i + r**2,0.0334136403131429*sqrt(Abs(s)) ; -2*i + r**2 + 0.0215811636781769
2017,0.860185648815295,B0*sqrt(Abs(s)) ; B1*i + i**2 + r,0.0334136356964789*sqrt(Abs(s)) ; i**2 + 0.000799276772923843*i + r
2018,0.8601846989723838,B0*sqrt(Abs(s)) ; B1 + B2*i**2 - i,0.0334136265499809*sqrt(Abs(s)) ; 5.63111912267537*i**2 - i + 0.0146069940571256
2019,0.8601809806451539,B0*sqrt(Abs(s)) ; B1*r + i*r - i,0.0334032145453642*sqrt(Abs(s)) ; i*r - i + 0.00203604477961812*r
2020,0.8601809449331053,B0*sqrt(Abs(s)) ; i**2*r**2 - i,0.033403210398406*sqrt(Abs(s)) ; i**2*r**2 - i
2021,0.8601809402303662,B0*sqrt(Abs(s)) ; -i**2 + i*r - i,0.0334032098070001*sqrt(Abs(s)) ; -i**2 + i*r - i
2022,0.8601795988438565,B0*sqrt(Abs(s)) ; B1 + 2*i*r,0.0334048352926239*sqrt(Abs(s)) ; 2*i*r + 0.00016961841709136
2023,0.8601774188412017,B0*sqrt(Abs(s)) ; B1*r + B2*i*r,0.0334071869088692*sqrt(Abs(s)) ; 0.931796534120921*i*r + 0.0746883224048933*r
2024,0.8601649274851157,B0*sqrt(Abs(s)) ; Abs(B1 + i*r + r)**(1/4),0.0333756705771178*sqrt(Abs(s)) ; Abs(i*r + r + 0.251347495251001)**(1/4)
2025,0.8601619622936629,B0*sqrt(Abs(s)) ; B1*i + i*r**2,0.0334666437249405*sqrt(Abs(s)) ; i*r**2 + 17.507649861924*i
2026,0.8601539675978505,B0 + B1*Abs(i - s)**(1/4) ; B2*i**2 + B2*i + B2*r,0.0507346944660722 - 0.0158397251524577*Abs(i - s)**(1/4) ; -0.0628072723425348*i**2 - 0.0628072723425348*i - 0.0628072723425348*r
2027,0.8601486792834488,B1*sqrt(Abs(B0*i + s)) ; B2*Abs(i - r)**(1/4) + i,0.0337165635715218*sqrt(Abs(0.59050981610024*i + s)) ; i - 0.097921600054315*Abs(i - r)**(1/4)
2028,0.8601422095162965,B0*sqrt(Abs(s)) ; 2*i*r - i,0.0332796088048275*sqrt(Abs(s)) ; 2*i*r - i
2029,0.8601410952102942,B0 - i*sqrt(Abs(s)) + sqrt(Abs(s)) ; B1 + i,-i*sqrt(Abs(s)) + sqrt(Abs(s)) + 5.02862008754165 ; i - 3.11035169946047
2030,0.860140739096147,B0*sqrt(Abs(s)) ; B1 + B2*i + B3*r,0.0328505947531927*sqrt(Abs(s)) ; 0.000120996168466814*i + 0.00206967707359649*r + 58.5586745400244
2031,0.8601372131817334,B0*sqrt(Abs(s)) ; B1 + B2*r + r**2,0.0328407910549566*sqrt(Abs(s)) ; r**2 + 1.81878461225279*r + 1.15437450526225
2032,0.8601341536997106,B0 + i*s**2 ; i,i*s**2 + 0.00822151538371503 ; i
2033,0.8600956857840205,B0 + B1*i*s + B1*s ; r,0.0373672300155448*i*s + 0.0373672300155448*s + 0.00530127189107471 ; r
2034,0.8600111481005313,B0*i + B0*s ; B1*i - i**2 + r,0.0319272578723936*i + 0.0319272578723936*s ; -i**2 + 4.01923171786638*i + r
2035,0.8599511440760034,B0*i + B1*i*s ; i + r,-0.114019337949176*i*s + 0.0449179566189782*i ; i + r
2036,0.8598787409701912,B0*sqrt(Abs(i)) + B1*s ; B2*i - i*r + sqrt(Abs(i)),0.0479178239412443*s + 0.00193913249067359*sqrt(Abs(i)) ; -i*r + 1.68414341077692*i + sqrt(Abs(i))
2037,0.8598718965098494,B0*i + i*s ; B1*i + i**3,i*s - 0.378197842708153*i ; i**3 + 0.29661813933953*i
2038,0.8598568052276763,B0 + B1*i*s + B1*i ; i,0.590626466912797*i*s + 0.590626466912797*i + 0.000632605904417312 ; i
2039,0.8598331889859582,B0*s + B1*sqrt(Abs(s + Abs(s)**(3/2))) ; -i + sqrt(Abs(B2 + 2**(1/4)*Abs(i)**(1/4))),2.85369516536618*s - 0.262065522154362*sqrt(Abs(s + Abs(s)**(3/2))) ; -i + sqrt(2**(1/4)*Abs(i)**(1/4) + 0.0637203482805166)
2040,0.859773477955549,B0 + B1*i**2 + B2*s ; Abs(B3 - i + r)**(1/4),-0.000250733271386316*i**2 + 2.74312489871588*s + 3.70427084337043 ; Abs(-i + r + 5.9757928448151)**(1/4)
2041,0.8597623838754743,B1*sqrt(Abs(B0 - i + s)) ; i*Abs(B2 - i)**(1/8),0.0362128722463216*sqrt(Abs(-i + s + 0.0175872721964392)) ; i*Abs(i - 3.83981992987552)**(1/8)
2042,0.859728404498619,B0*Abs(i)**(3/4) ; Abs(r)**(1/4),0.0166533656348681*Abs(i)**(3/4) ; Abs(r)**(1/4)
2043,0.8597171046032379,B0*i + i**2 + i*s ; B1 + B2*i,i**2 + i*s - 0.540404804904243*i ; 0.14390256609361*i + 0.00327318098914235
2044,0.8597150002868522,B0 + B1*s + B1*Abs(i)**(1/4) ; i*r - r,0.0823614316655787*s + 0.0823614316655787*Abs(i)**(1/4) - 0.0813169420283208 ; i*r - r
2045,0.8596935047450389,B0*s + B1*sqrt(Abs(i))*sqrt(Abs(s)) ; B2 - i*r + r,0.0317570168935216*s + 0.00312240377833394*sqrt(Abs(i))*sqrt(Abs(s)) ; -i*r + r + 0.00276700599270124
2046,0.8596753308082759,B0*sqrt(Abs(i)) ; 2*sqrt(Abs(i)),0.00114384732670043*sqrt(Abs(i)) ; 2*sqrt(Abs(i))
2047,0.859655593734442,B0 + B1*i + B2*sqrt(Abs(s)) ; i + r,0.000133171640756689*i + 0.0438835728255168*sqrt(Abs(s)) + 0.00333100896968542 ; i + r
2048,0.8596554710841425,B0 + B1*i + B2*sqrt(Abs(s)) ; i,0.110198657705738*i + 0.0443614549421637*sqrt(Abs(s)) - 0.000365373285024179 ; i
2049,0.8596515375372515,B1*Abs(B0 + s**2)**(1/4) ; i,0.0317652367962028*Abs(s**2 - 2.08988596542964e-6)**(1/4) ; i
2050,0.8595971288377672,B0*i + B1*i*s ; B2 + i*r - i + Abs(i)**(3/2),0.000812073355135272*i*s - 4.93441996549085e-5*i ; i*r - i + Abs(i)**(3/2) - 0.000853571669366733
2051,0.8595965270767093,B0 + B1*i + B2*s + sqrt(Abs(s)) ; i,0.0675380753041941*i + 2.8864088280591*s + sqrt(Abs(s)) - 0.31092541177361 ; i
2052,0.8595782718329521,B0 + B1*i ; B2 + B3*i**2 + B4*r,0.0408018339792889 - 0.000405363195450465*i ; 0.00353228560961913*i**2 + 0.355708340520797*r - 0.0114849879567642
2053,0.8595288691233423,B0*sqrt(Abs(i)) + B1*s*sqrt(Abs(i)) ; -i**2 + 2*r,0.00687477280681808*s*sqrt(Abs(i)) + 0.000159671549409245*sqrt(Abs(i)) ; -i**2 + 2*r
2054,0.8594615796097856,B0*Abs(i)**(17/16) ; B1*i + B2*i*r**2,0.883673758286427*Abs(i)**(17/16) ; 0.865950879226195*i*r**2 + 0.591856846421793*i
2055,0.8594507496900435,B0*Abs(s)**(1/4) + i ; i,i - 0.000336175541562931*Abs(s)**(1/4) ; i
2056,0.859421467977656,B0*s + B2*sqrt(Abs(B1 + i)) ; B3 - i + sqrt(Abs(r)),0.0472646559476882*s + 0.00191352070408579*sqrt(Abs(i - 0.5191903338171)) ; -i + sqrt(Abs(r)) - 0.441816241465674
2057,0.859414841958703,i**2*s - i ; B0 + i*r,i**2*s - i ; i*r + 0.0273565365133872
2058,0.859401360229663,B0 + B1*i + B1*s**2 ; Abs(B2 + sqrt(Abs(r)))**(1/4),0.00045549815277735*i + 0.00045549815277735*s**2 + 0.0456665437281991 ; (sqrt(Abs(r)) + 32.1031365644773)**(1/4)
2059,0.8593984475127324,B0*i ; B1 + B2*sqrt(Abs(i)),0.637503787845255*i ; 0.195304219566645*sqrt(Abs(i)) - 0.014474909090671
2060,0.8593961288457475,B0 + i**2 ; B1 - r,i**2 + 0.00096938719312293 ; 0.296562577130811 - r
2061,0.8593595822135287,B0 + B1*i*s + B1*i ; Abs(B2 - i + r)**(1/4),0.000402372612156293*i*s + 0.000402372612156293*i + 0.0445262322741367 ; Abs(i - r + 1.80416343080879)**(1/4)
2062,0.8593210986352524,B0*sqrt(Abs(i)) + B1*i + B2*s ; Abs(B3 - 2*i + r)**(1/4),0.00270369026041547*i - 0.029227584927197*s + 0.0272547645090437*sqrt(Abs(i)) ; Abs(-2*i + r + 65.1991165195666)**(1/4)
2063,0.8593100607332647,B0 + B1*i + B2*sqrt(Abs(s)) ; B3 - i - r + sqrt(Abs(i + r)),-0.000203480934421851*i + 0.0492310938074747*sqrt(Abs(s)) - 0.00171582521456121 ; -i - r + sqrt(Abs(i + r)) + 0.0354262980542447
2064,0.8592627442568264,B0*i + B2*sqrt(Abs(B1 + s)) ; i + r,1.2681791012226e-5*i + 0.0471722628060663*sqrt(Abs(s - 0.025043271700664)) ; i + r
2065,0.8592567123740733,B0*sqrt(Abs(i)) ; sqrt(Abs(i)),0.000906304866397036*sqrt(Abs(i)) ; sqrt(Abs(i))
2066,0.859252964640672,B0*s + B1*sqrt(Abs(i))*sqrt(Abs(s)) ; -i,0.0286662412866857*s + 0.00312937531626199*sqrt(Abs(i))*sqrt(Abs(s)) ; -i
2067,0.8592143546939686,B0*i + B1*sqrt(Abs(s)) + B2*s ; B3 + i - r,0.001466327821276*i - 0.313705991966375*s + 0.384209742225149*sqrt(Abs(s)) ; i - r + 78.6368931907037
2068,0.8591948493140011,B0 - i + Abs(s)**(1/8) ; B1 + i,-i + Abs(s)**(1/8) - 1.16545996192119 ; i + 0.284004853577738
2069,0.859194050863979,B0 + B1*sqrt(Abs(i)) + B2*i ; B3 + B4*sqrt(Abs(i)) + B5*i - r,-0.412747615738002*i - 1.74431089023354*sqrt(Abs(i)) - 2.75210096948322 ; 1.83498526405516*i - r + 5.23421931983768*sqrt(Abs(i)) + 56.7128311476835
2070,0.8591867713118183,B0*i + B1*s ; B2 + sqrt(Abs(B3 + 3*r)),-0.000193620220051838*i + 0.0481675691337267*s ; sqrt(Abs(3*r + 4.15486744394208e-5)) + 0.155773888778075
2071,0.8591778810089575,B0*i**2 + i*s ; B1 + B2*i,-3.96119207128139*i**2 + i*s ; 0.408417430169695*i + 0.000176541813919719
2072,0.8591481497673258,B0 + s*sqrt(Abs(B1 + i)) ; i,s*sqrt(Abs(i + 7.82892238959193)) - 1.45332223331018 ; i
2073,0.8591122501396844,B1*s*Abs(B0 + s)**(1/4) ; B2 - i + Abs(i)**(1/4)*Abs(r)**(1/4),0.0865292948740606*s*Abs(s - 0.941064350844896)**(1/4) ; -i + Abs(i)**(1/4)*Abs(r)**(1/4) + 6.80654541297932
2074,0.8591094394887867,B1*sqrt(Abs(B0 + sqrt(Abs(s)))) ; B2 + B3*i + B4*r,0.0372238794220745*sqrt(Abs(sqrt(Abs(s)) - 0.290171824624302)) ; 0.105707909028781*i + 1.05313483064629*r + 12.7294798217491
2075,0.8590972572693518,B2*sqrt(Abs(B0*i + B1*s)) ; B3*i,0.0072639789285037*sqrt(Abs(2.92349197017835*i - 38.67680561315*s)) ; 0.00850663759694677*i
2076,0.8590457445929331,B0*i + B1*sqrt(Abs(s)) ; i*r + i*sqrt(Abs(B2 + r)),-3.77944830747092e-6*i + 0.0479912897193901*sqrt(Abs(s)) ; i*r + i*sqrt(Abs(r + 63.9283073000348))
2077,0.8590278046366676,B0*i ; B1*i + B2*i**2,2.10356110700226*i ; -0.544444296947663*i**2 + 2.15427751072946*i
2078,0.8590090537966931,B2*sqrt(Abs(B0 + B1*sqrt(Abs(s)))) ; r,0.021908120411425*sqrt(Abs(2.77948363076812*sqrt(Abs(s)) - 0.800964307767224)) ; r
2079,0.8589465526028631,B1*sqrt(Abs(B0 + sqrt(Abs(i + s)))) ; i - r,0.0578714819665606*sqrt(Abs(sqrt(Abs(i + s)) - 0.693241375770235)) ; i - r
2080,0.8589242464963692,B1*sqrt(Abs(B0 + i + s)) ; B2 - i + r,0.0308916815891635*sqrt(Abs(i + s - 99.9768423328856)) ; -i + r - 262.638629896833
2081,0.8588975797392485,B0 + B3*sqrt(Abs(B1*s + B2)) ; sqrt(Abs(i*r + Abs(r)**(1/4))),0.0210449480744203*sqrt(Abs(5.21148893882401*s + 0.220310199479779)) - 0.000367309104878415 ; sqrt(Abs(i*r + Abs(r)**(1/4)))
2082,0.8588688210994603,B2*sqrt(Abs(B0 + B1*sqrt(Abs(s)))) ; B3*i*Abs(r)**(3/2),0.00293742973803612*sqrt(Abs(147.095976406261*sqrt(Abs(s)) - 40.7849218104331)) ; 0.106913859462416*i*Abs(r)**(3/2)
2083,0.8588303541435444,B0*i + i**3 ; B1*i,i**3 + 2.14679248374172*i ; 2.19049332231689*i
2084,0.8588035437190016,B1*sqrt(Abs(B0 - i + sqrt(Abs(i)))) ; r,0.0519403929516352*sqrt(Abs(-i + sqrt(Abs(i)) + 0.0650738178293833)) ; r
2085,0.8587963072394103,sqrt(Abs(B0 + B1*sqrt(Abs(i)))) ; i,sqrt(Abs(0.00556769602862952*sqrt(Abs(i)) - 0.000468733070672184)) ; i
2086,0.8587714608478301,B0*Abs(i)**(3/2) + B1*s*sqrt(Abs(i)) ; Abs(B2 + i)**(1/4),0.0214036961341513*s*sqrt(Abs(i)) - 6.52082711168448e-6*Abs(i)**(3/2) ; Abs(i + 0.257143051070743)**(1/4)
2087,0.8587259131534126,s*Abs(B0 + sqrt(Abs(i)))**(1/4) + s ; i,s*(sqrt(Abs(i)) + 7.36479417453843)**(1/4) + s ; i
2088,0.8587072275658338,B0*i + s ; B1 + B2*r**2 + B2*r,-1.75543601676815*i + s ; -0.012822557784808*r**2 - 0.012822557784808*r + 0.0725745630819091
2089,0.8586898408390966,i*sqrt(Abs(B0 + i + s**2)) ; B1*sqrt(Abs(i)) + i,i*sqrt(Abs(i + s**2 + 0.696056488680998)) ; i + 0.00899135209832701*sqrt(Abs(i))
2090,0.8586725999737136,B0*s*sqrt(Abs(2*i - 2*s)) ; B1 + r,0.0071404586356638*s*sqrt(Abs(2*i - 2*s)) ; r + 0.012552736354235
2091,0.8586286365671247,B2*sqrt(Abs(B0 + B1*sqrt(Abs(s)))) ; i*sqrt(Abs(B3 + B4*r)),0.0628585985143521*sqrt(Abs(0.306465869530768*sqrt(Abs(s)) - 0.083768859787621)) ; i*sqrt(Abs(0.140410371071803*r + 0.031765767285937))
2092,0.8586060078764581,B0*i**2 + B1*i*s ; -i + r,2.7706487739313e-7*i**2 + 0.000657204305221978*i*s ; -i + r
2093,0.8585343388615495,B0*s**2 + B1*i*s ; -i + r,0.000673352550003828*i*s + 0.000787605379240512*s**2 ; -i + r
2094,0.8584978471598909,B0 + B1*i + B1*sqrt(Abs(i)) ; r,-0.0241296141432413*i - 0.0241296141432413*sqrt(Abs(i)) + 0.0538417207549613 ; r
2095,0.8584976091943338,B0 + B1*i + B1*sqrt(Abs(i)) ; sqrt(Abs(r)),-0.0240014677774052*i - 0.0240014677774052*sqrt(Abs(i)) + 0.0536758408518236 ; sqrt(Abs(r))
2096,0.8584453188457831,B0 - i ; B1 - r,-i - 0.0279169673087284 ; 0.120640785675077 - r
2097,0.8583988202916509,B0 + B1*i**2 + B2*s ; 2*i,-12.6392654289923*i**2 + 0.144100184727372*s + 0.00106009067322865 ; 2*i
2098,0.8583643117873538,B0*i**2*s**2 ; B1 + i + 2*r - sqrt(Abs(i)),7.01322110487228e-6*i**2*s**2 ; i + 2*r - sqrt(Abs(i)) + 0.000300612399351391
2099,0.8583502040899663,B0 + i*s - i ; i,i*s - i + 0.0254035827872731 ; i
2100,0.858306214189648,B0*i + i*s ; B1 + B2*i**2 + B2*r,i*s - 0.494505579059069*i ; -0.0145428893579374*i**2 - 0.0145428893579374*r + 0.00704257083392711
2101,0.8582922542893476,B0*i ; i - r,0.0519659698728568*i ; i - r
2102,0.8582588602219666,B0*i ; B1*r,0.0262186539142355*i ; 0.0338986434290768*r
2103,0.8582588491209152,B0*i ; r**2,0.0262450256335387*i ; r**2
2104,0.8582588455801794,B0*i ; sqrt(Abs(r)),0.0261855707259906*i ; sqrt(Abs(r))
2105,0.8582588312454537,B0*i ; i*r,0.0262619892693645*i ; i*r
2106,0.8582586715275204,B0*i ; Abs(r)**(3/2),0.0263309007167458*i ; Abs(r)**(3/2)
2107,0.8582586195629317,B0*i ; r,0.0263455145157764*i ; r
2108,0.8582586137787453,B0*i ; 2*r,0.0260865222625357*i ; 2*r
2109,0.8582584660347636,B0*i ; Abs(r)**(1/4),0.0263811595293972*i ; Abs(r)**(1/4)
2110,0.8582425330606523,B0*i + B0*s + B0*sqrt(Abs(s)) ; B1 + B2*r**2,0.0234992487840813*i + 0.0234992487840813*s + 0.0234992487840813*sqrt(Abs(s)) ; 0.0266954733697695 - 0.0111038104643667*r**2
2111,0.8582099593720127,i*s ; -i**2 + i,i*s ; -i**2 + i
2112,0.8580695523409416,B0*i ; Abs(i)**(1/4),-4.55711946469622e-5*i ; Abs(i)**(1/4)
2113,0.8580162797648917,B0*sqrt(Abs(i))*sqrt(Abs(s)) ; B2*Abs(B1 + i)**(1/8),0.00413576154259889*sqrt(Abs(i))*sqrt(Abs(s)) ; 10.3072009592849*Abs(i + 18.0779265199705)**(1/8)
2114,0.8579618170666049,B0*Abs(s)**(9/4) ; -i**2 + i*r,0.0430228187054201*Abs(s)**(9/4) ; -i**2 + i*r
2115,0.857951085062013,s*Abs(B0*i + B1*s)**(1/4) ; B2*i,s*Abs(5.92751534683723e-5*i - 5.21424336531478e-6*s)**(1/4) ; 0.0371960797993558*i
2116,0.857939149684379,B0*s*sqrt(Abs(i)) + B0*Abs(i)**(3/2) ; B1*sqrt(Abs(i)),0.118282035839136*s*sqrt(Abs(i)) + 0.118282035839136*Abs(i)**(3/2) ; 0.0529408948795851*sqrt(Abs(i))
2117,0.8578974167799905,B0 + B1*i**2 + B2*s ; i,-0.020621124464596*i**2 + 2.68639100482246*s + 0.0504672014886694 ; i
2118,0.8578913611975378,B0*Abs(s)**(1/4) + i*Abs(s)**(1/4) ; i,i*Abs(s)**(1/4) + 0.00491762758816125*Abs(s)**(1/4) ; i
2119,0.8578655485227211,B0*s*sqrt(Abs(i + sqrt(Abs(i)))) ; i,0.0918803938893044*s*sqrt(Abs(i + sqrt(Abs(i)))) ; i
2120,0.8578402471475779,B0*i + B0*Abs(s)**(5/4) ; i,0.0433927379718117*i + 0.0433927379718117*Abs(s)**(5/4) ; i
2121,0.8578112972363607,s*sqrt(Abs(B0*s**2 + B1*s)) ; B2*r,s*sqrt(Abs(0.0295710819135224*s**2 - 0.0277645729171926*s)) ; 0.0153448289971806*r
2122,0.8577558880352433,B0 + B1*i*s + B1*i ; Abs(B2 - 2*i + r)**(1/4),0.000393646536001735*i*s + 0.000393646536001735*i + 0.0463993751465865 ; Abs(-2*i + r + 0.0307943608314028)**(1/4)
2123,0.8576663238953145,B0*Abs(s)**(5/4) ; i**2 + i*r**2,0.0450116336976738*Abs(s)**(5/4) ; i**2 + i*r**2
2124,0.8575711362388138,B0*i + B1*sqrt(Abs(i + s)) ; B2*i**3,-0.197788445829112*i + 0.0549666517016954*sqrt(Abs(i + s)) ; 338.359595407211*i**3
2125,0.857554095902753,B0 - i + sqrt(Abs(i + sqrt(Abs(s)))) ; B1 + B2*sqrt(Abs(r)) + i,-i + sqrt(Abs(i + sqrt(Abs(s)))) - 0.971822881070297 ; i + 0.363884334874374*sqrt(Abs(r)) - 0.0573378246459991
2126,0.8575330437150909,B0 + s + sqrt(Abs(B1 - s)) ; B2*r + B3*i*r,s + sqrt(Abs(s - 1.08009435918191)) - 1.29312066507177 ; 0.0403990110637495*i*r + 0.00275311236312534*r
2127,0.8574581043929714,B0*i + B1*i**2 ; B2 - 2*r + sqrt(Abs(B3 + sqrt(Abs(i)))),-0.105471746817248*i**2 - 0.142545312135169*i ; -2*r + sqrt(sqrt(Abs(i)) + 46.7199477851877) - 5.0405951893573
2128,0.8574315688529043,B0*i ; B1*i + B2*r*sqrt(Abs(i)),1.87848999724144*i ; 1.88787001795638*i + 0.00553426892465008*r*sqrt(Abs(i))
2129,0.857391051210318,B0 + B1*i + B1*s ; sqrt(Abs(B2 - i + 2*r)),0.000412682938241613*i + 0.000412682938241613*s + 0.0482388153075581 ; sqrt(Abs(i - 2*r + 98.3936363393367))
2130,0.8573879037097085,B0*i + B0*s + B0*sqrt(Abs(s)) ; B1*i,0.0212191248717473*i + 0.0212191248717473*s + 0.0212191248717473*sqrt(Abs(s)) ; 0.129845301110861*i
2131,0.8573798256108003,B0 + B1*i*s + B1*i ; B2 + B3*r - i*r + i,0.000329534703831578*i*s + 0.000329534703831578*i + 0.0391870253448243 ; -i*r + i + 2.99451183451537*r - 0.052613170336306
2132,0.8573106574168451,B0*i + B0*s + B0*sqrt(Abs(s)) ; B1*r + B1*sqrt(Abs(B2 + sqrt(Abs(i)))),0.0217259661757041*i + 0.0217259661757041*s + 0.0217259661757041*sqrt(Abs(s)) ; 0.000624063881067797*r + 0.000624063881067797*sqrt(sqrt(Abs(i)) + 1002.10800005644)
2133,0.8572988229558373,B0 - s**2 + s*sqrt(Abs(B1 + s)) ; B2*sqrt(Abs(r)),-s**2 + s*sqrt(Abs(s + 0.2970029097901)) - 0.144109523146209 ; 35.6476684242249*sqrt(Abs(r))
2134,0.8572164189455763,B0*s + B1*i*s**2 ; i,-2.35800000141288*i*s**2 + 0.118054852822331*s ; i
2135,0.856940262926981,B0 + B1*i + B1*s ; B2*i + B2*Abs(r)**(5/4),0.1275661495446*i + 0.1275661495446*s - 0.0997822624481588 ; 0.00563604754518306*i + 0.00563604754518306*Abs(r)**(5/4)
2136,0.8569031443515939,B0 + B1*s + B1*Abs(s)**(1/4) ; i,0.0262793493994215*s + 0.0262793493994215*Abs(s)**(1/4) - 0.00337242003003264 ; i
2137,0.8567500789115007,B1*sqrt(Abs(B0 + i)) ; B2 + i**2,0.0318360212012236*sqrt(Abs(i + 0.125777801230456)) ; i**2 + 0.0119378788577991
2138,0.8567308957019817,B0*Abs(i)**(3/2) + B1*s*sqrt(Abs(i)) ; sqrt(Abs(2*i*r - r)),0.120246202948295*s*sqrt(Abs(i)) + 0.0108839498915891*Abs(i)**(3/2) ; sqrt(Abs(2*i*r - r))
2139,0.8567187030706015,B0*Abs(s)**(1/4) + s - Abs(s)**(5/4) ; i,s - Abs(s)**(5/4) + 0.00314852602107994*Abs(s)**(1/4) ; i
2140,0.8567021151815502,B0 + B1*sqrt(Abs(i))*sqrt(Abs(s)) ; B2*i*sqrt(Abs(r)),0.0645717861800455*sqrt(Abs(i))*sqrt(Abs(s)) - 0.00076840726787607 ; 0.00015830552342523*i*sqrt(Abs(r))
2141,0.8566115531102109,B0*i ; i + 2*r,-0.000106801270780476*i ; i + 2*r
2142,0.856570489430077,i*sqrt(Abs(B0*i + B1)) ; i - Abs(i)**(3/4),i*sqrt(Abs(0.00757275077105865*i - 0.00791085526032272)) ; i - Abs(i)**(3/4)
2143,0.8565409373523832,i ; 2*i,i ; 2*i
2144,0.8565386548626726,B0 + B1*i + B2*i*s ; 2*i,0.157678843447683*i*s + 1.90581092594587*i - 6.99148867001191e-5 ; 2*i
2145,0.856515822459796,i*sqrt(Abs(B0 + B1*i)) ; B2 + i,i*sqrt(Abs(0.434176283372983*i - 0.987227649741115)) ; i + 0.000199649547616251
2146,0.8564651633420873,B0*i*s + B1*i*s**2 ; B2*i + B3*r,-0.0515159200260916*i*s**2 + 0.458136971424756*i*s ; 0.133555191282478*i - 0.000171809927666629*r
2147,0.8564622369204311,B0*i ; i + r,-0.000883645125420775*i ; i + r
2148,0.856460619213059,B0*i*s + B1*i**2*s ; B2*sqrt(Abs(i)) + B3*i,0.0307217445987471*i**2*s + 0.404590594330152*i*s ; 0.115581797051843*i + 0.00249604075076169*sqrt(Abs(i))
2149,0.8564596068227421,B0*i*s + B1*i**2*s ; B2*i,0.0521161419043995*i**2*s + 0.398095673643668*i*s ; 0.121370229552988*i
2150,0.8564399141003305,B0*i + Abs(i)**(3/2)*sqrt(Abs(s)) ; 2*i,1.86925957724662*i + Abs(i)**(3/2)*sqrt(Abs(s)) ; 2*i
2151,0.8564164651084152,B0*i + B1*s ; B2 - r + Abs(B3 + B4*i)**(1/4),-0.0313905786464964*i - 0.012975340715703*s ; -r + Abs(8.76580987893863*i + 0.0141287705702739)**(1/4) + 0.0771392198487054
2152,0.8563973938849523,B0*s + i*s - i ; 2*i,i*s - i + 0.045657051701993*s ; 2*i
2153,0.8563843645937803,B0*i + B1*i*s + i**2 ; B2*i + B3*r,i**2 + 0.899790890199597*i*s - 0.242646991731656*i ; 0.642551047997682*i - 0.177798147458731*r
2154,0.856379029507666,B0*i + i**2 + i*s ; B1 + B2*i**2 + B3*i*r,i**2 + i*s - 0.595423121878298*i ; 2.5155288701991*i**2 - 3.3244874327933*i*r + 0.00255465448855081
2155,0.8563707949303213,B0*i + B1*s + B2*s**2 ; Abs(B3 - i + r)**(1/4),0.000205483038795268*i - 0.29749650876049*s**2 + 0.302097186183579*s ; Abs(-i + r + 834.299575200307)**(1/4)
2156,0.8563567059704258,B0*i*s ; i*r + i,1.22558315181553*i*s ; i*r + i
2157,0.8563144567633956,B0*i*s + B1*i*Abs(s)**(3/2) ; B2*sqrt(Abs(i)) + B3*r,0.104206684782044*i*s + 0.27880097275668*i*Abs(s)**(3/2) ; 0.0128732564252091*r + 0.0167166121102181*sqrt(Abs(i))
2158,0.8563079578925537,B0 - i ; r,0.0464052766439165 - i ; r
2159,0.8563079578925537,B0 - i ; sqrt(Abs(r)),0.0464052778210658 - i ; sqrt(Abs(r))
2160,0.8563079578925537,B0 + s ; Abs(i)**(1/4),s - 0.953594722334512 ; Abs(i)**(1/4)
2161,0.8563079578925535,B0 + s ; r,s - 0.953594725115387 ; r
2162,0.8563079578925535,B0 + s ; i,s - 0.953594722302991 ; i
2163,0.8563079578925535,B0 + s ; sqrt(Abs(r)),s - 0.953594723639107 ; sqrt(Abs(r))
2164,0.8563079578925535,B0 + s ; 2*i,s - 0.953594723639107 ; 2*i
2165,0.8563079578011629,B0 + s ; B1 + i,s - 0.953604306498499 ; i + 0.0212080643433653
2166,0.8562517669021419,B0*i*s + B1*i*s**2 ; B2*r + i,-0.152677645084514*i*s**2 + 0.955324319052412*i*s ; i - 0.263075479487286*r
2167,0.8562092600822504,B0*i*s + B1*i*s**2 ; i**2,-0.429915657223489*i*s**2 + 0.738828573605703*i*s ; i**2
2168,0.8562018869430841,B0*i*s + B1*i*Abs(s)**(3/2) ; -i**2*r + r,0.0770842524716411*i*s + 0.246357432037074*i*Abs(s)**(3/2) ; -i**2*r + r
2169,0.856201886887057,B0*i*s + B1*i*Abs(s)**(3/2) ; r*Abs(i*r + i)**(1/4),0.0770716328868555*i*s + 0.246371110313696*i*Abs(s)**(3/2) ; r*Abs(i*r + i)**(1/4)
2170,0.8561894537025863,B0*sqrt(Abs(i)) + B1*i ; i,1.00288017036514*i - 0.0033550068553729*sqrt(Abs(i)) ; i
2171,0.856165583450638,B0*s + B1*i*s + s**2 ; B2 + B3*sqrt(Abs(r)),1.29889452081196*i*s + s**2 - 0.993727819035287*s ; 0.0122942415371166*sqrt(Abs(r)) + 0.00064083486864129
2172,0.856138686154725,B0*i*s + B1*i*s**2 ; B2*r - r**2,0.159136813770203*i*s**2 + 0.171324648007347*i*s ; -r**2 + 0.00372310509989051*r
2173,0.8561386860663411,B0*i*s + B1*i**2*s ; r,-0.159105271383879*i**2*s + 0.330456801545625*i*s ; r
2174,0.8561386860294143,B0*i*s + B1*i*s**2 ; r,0.159168973928342*i*s**2 + 0.17129714709955*i*s ; r
2175,0.8561386848061158,B0*i*s + B1*i*s**2 ; B2*r - i*r**2,0.159018638530064*i*s**2 + 0.171422774395526*i*s ; -i*r**2 + 0.00224889425674954*r
2176,0.8561375955838396,B0*s*sqrt(Abs(i)) ; sqrt(Abs(B1*r - 2*r**2)),0.117809101943915*s*sqrt(Abs(i)) ; sqrt(Abs(2*r**2 - 0.00010577940706328*r))
2177,0.8561341334661654,2*Abs(i)**(5/2) ; B0 + B1*sqrt(Abs(r)),2*Abs(i)**(5/2) ; 0.115938991423645 - 0.107186582575596*sqrt(Abs(r))
2178,0.8561335632731469,B0*i + B1*s + B2*s**2 ; B3*Abs(r)**(5/8),-0.0198955590848319*i - 0.280617639724105*s**2 + 0.284194656616064*s ; 0.00179455378807346*Abs(r)**(5/8)
2179,0.8561306481914205,B0*i*s + B1*s*Abs(i)**(3/2) ; -r,0.37202154097222*i*s - 0.173026890276583*s*Abs(i)**(3/2) ; -r
2180,0.8560587931855913,B0 + B1*i + B2*s ; B3 + B4*i + B5*r - i*r,1.25007184738943*i + 1.70466300756068*s - 1.68126847944711 ; -i*r - 0.786632606401988*i - 1.7369353005286*r + 0.020971055436474
2181,0.8560578909136387,B0 + B1*sqrt(Abs(i*s + s**2)) ; sqrt(Abs(B2*i + i*r)),0.00664886454478223*sqrt(Abs(i*s + s**2)) - 0.00085741377547976 ; sqrt(Abs(i*r + 1.79101354855901*i))
2182,0.8560307140565147,B0 + B1*s ; B2*i**2*r**2 - i,2.7516504897254*s - 64.2618938416988 ; 8.08609265743633*i**2*r**2 - i
2183,0.8560259934433051,B1*sqrt(Abs(B0 + s*sqrt(Abs(i)))) ; i - Abs(r)**(3/4),0.0429940734099536*sqrt(Abs(s*sqrt(Abs(i)) + 0.130005975110817)) ; i - Abs(r)**(3/4)
2184,0.8560026305050898,B0*s*sqrt(Abs(i - s)) ; sqrt(2)*sqrt(Abs(B1*r + r**2)),0.0315468310116997*s*sqrt(Abs(i - s)) ; sqrt(2)*sqrt(Abs(r**2 + 3.07698009798498*r))
2185,0.8559908272733583,B0 + B1*s + B2*sqrt(Abs(i))*sqrt(Abs(s)) ; Abs(r)**(1/4),0.026335722571579*s + 0.183170745981272*sqrt(Abs(i))*sqrt(Abs(s)) - 0.0468281280448169 ; Abs(r)**(1/4)
2186,0.8559722874289486,B0*i*s + B1*i*s**2 ; B2 + i,-1.70782790665337*i*s**2 + 1.89761704536881*i*s ; i - 0.061181927681312
2187,0.8559698854263806,B0 + B1*sqrt(Abs(i)) ; B2 - 2*i,0.0175192039020175 - 0.000601402749507033*sqrt(Abs(i)) ; 0.063296432371207 - 2*i
2188,0.8559632033337582,B1*sqrt(Abs(B0 + i*s + s)) ; B2 - r - sqrt(Abs(r)),0.0336669338847881*sqrt(Abs(i*s + s - 0.0887827985884217)) ; -r - sqrt(Abs(r)) + 4.58268708427788
2189,0.8559403585682098,Abs(i)**(3/2) ; i,Abs(i)**(3/2) ; i
2190,0.8559173694002425,B0*sqrt(Abs(s - sqrt(Abs(i)))) ; r,0.0181954857656276*sqrt(Abs(s - sqrt(Abs(i)))) ; r
2191,0.8558726405381845,B1*sqrt(Abs(B0*i + i*s)) ; B2 + r,0.00369865180607081*sqrt(Abs(i*s + 0.0904373260202274*i)) ; r + 0.620212068203208
2192,0.8558393553394614,i*sqrt(Abs(B0 + B1*i)) ; i,i*sqrt(Abs(1.40151757517194*i + 0.928251380431515)) ; i
2193,0.8558392010243682,B1*i*sqrt(Abs(B0 + i)) ; i,1.18294776721363*i*sqrt(Abs(i + 0.663464125825543)) ; i
2194,0.8558380922502333,B1*i*sqrt(Abs(B0 - i)) ; i,1.15573967512593*i*sqrt(Abs(i + 0.695910059432835)) ; i
2195,0.8558326071969475,i**2 ; i,i**2 ; i
2196,0.8558283027882816,B0 + B1*i*s + B1*i ; B2 - i + r,-0.000461222522164409*i*s - 0.000461222522164409*i - 0.0405844108554039 ; -i + r + 73.9765081266391
2197,0.8558281951675409,B0*s + B1*sqrt(Abs(i - s)) ; sqrt(Abs(B2 - Abs(i)**(1/4))),0.0427595459634322*s + 0.00138530125968827*sqrt(Abs(i - s)) ; sqrt(Abs(i)**(1/4) + 66.0171930741299)
2198,0.8558073287500639,-i**2 ; i,-i**2 ; i
2199,0.8557908950480863,B0*s + B1*s**2 + i*s ; r,i*s + 0.756576650037403*s**2 - 0.750802782455452*s ; r
2200,0.8557908949557483,B0*s + B1*s**2 ; -i*r - r + sqrt(Abs(i))*Abs(r)**(5/4),-0.243419076298005*s**2 + 0.249193242265842*s ; -i*r - r + sqrt(Abs(i))*Abs(r)**(5/4)
2201,0.8556879884659088,B0*i*s + B1*i*s**2 ; Abs(i)**(5/4),-1.30393170763337*i*s**2 + 1.8319736879047*i*s ; Abs(i)**(5/4)
2202,0.8556776150771739,B0*i ; B1 - sqrt(Abs(i - 3*r)),-0.0631781043343764*i ; 1.82208086306839 - sqrt(Abs(i - 3*r))
2203,0.8556618079944429,B0*sqrt(Abs(i**2*s + i)) ; B1*sqrt(Abs(i)) + i,0.00199335826269924*sqrt(Abs(i**2*s + i)) ; i - 4.2925463257829*sqrt(Abs(i))
2204,0.8556413342655129,-Abs(i)**(3/2) ; 2*i,-Abs(i)**(3/2) ; 2*i
2205,0.8556228405654206,B0 + B1*i + B1*s ; Abs(B2 + i*r + i)**(1/4),0.00039150843107574*i + 0.00039150843107574*s + 0.0447537886816046 ; Abs(i*r + i + 1.82606165545162)**(1/4)
2206,0.8556124481496876,B0*i + B1*i**2 + i*s ; r,0.660035989153745*i**2 + i*s - 0.701683055510581*i ; r
2207,0.8556124481233237,B0*i + B1*i*s + i**2 ; r,i**2 + 1.33998165312898*i*s - 1.04165365017067*i ; r
2208,0.8556124481034797,B0*i + B1*i*s - i**2 ; r,-i**2 - 0.660037994843655*i*s + 0.958353669870588*i ; r
2209,0.8555974652170953,B0*i*s**3 ; B1 + i,-1.4332015776193*i*s**3 ; i + 0.0708020398154848
2210,0.8555494596357699,B0*s*sqrt(Abs(i)) ; B1 + B2*i + B3*i*r + r,0.0867859319826006*s*sqrt(Abs(i)) ; 0.0670410838110645*i*r + 0.853257729309278*i + r - 0.00873099084698705
2211,0.8554983158672406,B0*i*s**2 + B0*s ; i**2*r**3,0.0397792971273326*i*s**2 + 0.0397792971273326*s ; i**2*r**3
2212,0.8554954538190473,B0*s - i*s ; B1*i + B2*r + B3*i*r,-i*s + 0.0137178309822072*s ; 1.37724351214869*i*r + 1.77950334548873*i + 0.606031054746267*r
2213,0.8554656991932663,B0*i*s + B1*i*s**2 ; B2*r - i**2,-0.00234966757819234*i*s**2 + 0.00244519436936376*i*s ; -i**2 + 148.002030272761*r
2214,0.8554164499754756,i*sqrt(Abs(B0 + Abs(i)**(3/2))) ; i,i*sqrt(Abs(i)**(3/2) + 0.951679855483849) ; i
2215,0.8553977813209257,B0*i*Abs(s)**(1/4) ; i**2 + i*sqrt(Abs(B1*i + B1*r)),0.391528692555379*i*Abs(s)**(1/4) ; i**2 + i*sqrt(Abs(0.0474264594052687*i + 0.0474264594052687*r))
2216,0.8553579269457562,B0 + B1*s + B1*sqrt(Abs(s)) ; B2*i + i*r + sqrt(Abs(i)),0.02381753681897*s + 0.02381753681897*sqrt(Abs(s)) - 9.50811400623793e-5 ; i*r + 53.5135758370483*i + sqrt(Abs(i))
2217,0.8553556640190346,B0 + B1*s + B1*sqrt(Abs(s)) ; B2 + r + sqrt(Abs(B3 + 2*i)),0.0241648241593159*s + 0.0241648241593159*sqrt(Abs(s)) - 9.56970664279835e-5 ; r + sqrt(Abs(2*i + 0.00736635947902626)) + 0.00388842654223608
2218,0.8553292052537943,B0*sqrt(Abs(s*sqrt(Abs(i)) + s)) ; B1*sqrt(Abs(i))*Abs(r)**(1/4) + i,0.0108402907778448*sqrt(Abs(s*sqrt(Abs(i)) + s)) ; i + 3.71659632713401*sqrt(Abs(i))*Abs(r)**(1/4)
2219,0.8552545721079575,B0*Abs(s)**(3/2) ; r*sqrt(Abs(B1*sqrt(Abs(i)) + B2)),0.0443724312587569*Abs(s)**(3/2) ; r*sqrt(0.0329958059465154*sqrt(Abs(i)) + 0.00139724818796792)
2220,0.8552526780511371,B0 + B1*i*s + i*s**2 ; B2 + i,i*s**2 - 1.04630624774549*i*s - 0.00566171337223924 ; i + 0.308554799365267
2221,0.8552447014238594,B0*s**2 + B1*Abs(s)**(5/2) ; B2*r - r**2,0.763633826999063*s**2 - 0.766759478925505*Abs(s)**(5/2) ; -r**2 + 0.00284768412770326*r
2222,0.8552032734692901,B0*Abs(i)**(3/2) + s*Abs(i)**(3/2) ; B1 - i*r + 2*i,s*Abs(i)**(3/2) - 0.0461178477225477*Abs(i)**(3/2) ; -i*r + 2*i + 0.277786829032079
2223,0.8551303825173551,-i*s ; i,-i*s ; i
2224,0.8551274364259107,i**2 + i*s ; B0*i + B1*i**2 + B2*r,i**2 + i*s ; -2.13474449559529*i**2 + 1.03223139776307*i - 0.0792849861812603*r
2225,0.8550658088461593,B0 + B1*i ; B2*i**2 + B2*i + B2*r,0.000342334919901478*i + 0.0352474257534041 ; 0.176457270873228*i**2 + 0.176457270873228*i + 0.176457270873228*r
2226,0.8550058151741695,B0*i + B1*i*s ; Abs(B2 - i**2 + i*r + i)**(1/4),-0.00145189975278456*i*s + 4.51250175734563e-5*i ; Abs(i**2 - i*r - i + 165.509386624381)**(1/4)
2227,0.8550022585707253,B0*sqrt(Abs(i)) + B1*s*sqrt(Abs(i)) ; -i*sqrt(Abs(r)) + i,0.184840563545723*s*sqrt(Abs(i)) + 0.035364314705787*sqrt(Abs(i)) ; -i*sqrt(Abs(r)) + i
2228,0.8550016641367003,B0*sqrt(Abs(i**2*s + i)) ; B1 + B2*r - i,0.000361538888047635*sqrt(Abs(i**2*s + i)) ; -i - 0.125475059910339*r - 1.11360197443567
2229,0.8549564594503272,B0 + B1*i ; B2 + r - sqrt(Abs(r)),0.0165109550598865 - 4.99201980576741e-5*i ; r - sqrt(Abs(r)) + 9.13353824657787e-11
2230,0.8549254498748281,B0 + B1*i + B1*s ; B2 + B3*i**2 + B4*i*r,0.0167033983285257*i + 0.0167033983285257*s - 0.013564120137545 ; 0.402701718398425*i**2 + 0.433076456276001*i*r - 0.323581461863376
2231,0.8548743288929643,B0*s + B2*s*sqrt(Abs(B1 + sqrt(Abs(s)))) ; B3 + B4*i - r,-6.64053974119562*s*sqrt(sqrt(Abs(s)) + 69.3550116973478) + 55.7095103464312*s ; 0.156158641586563*i - r + 0.0755472467507987
2232,0.8548736001601133,B0*i + B1*s + B2*i*s ; Abs(B3 - i + r)**(1/4),-0.005929460080426*i*s + 0.000434946129427772*i + 0.00173022514749856*s ; Abs(i - r + 4.52398716882459)**(1/4)
2233,0.8548725359135253,B0*s - s*Abs(i)**(1/4) ; B1*sqrt(Abs(r)),-s*Abs(i)**(1/4) + 3.81596865121482*s ; 16.2017739996705*sqrt(Abs(r))
2234,0.8547862356256682,B0*i + B0*s ; B1 - 2*i,0.000118912729362767*i + 0.000118912729362767*s ; -2*i - 140.713435790734
2235,0.8547328651649249,B0*s + s*sqrt(Abs(B1 + 2*i)) ; B3*sqrt(Abs(B2*i + r)),s*sqrt(Abs(2*i + 3.34748469341972)) + 0.552969612964888*s ; 0.00991365678531487*sqrt(Abs(17.199722441353*i + r))
2236,0.8547233253944061,B0*i*s + B1*i**2*s ; sqrt(Abs(B2 + i)),-6.14193270874489e-6*i**2*s - 0.00223778877526374*i*s ; sqrt(Abs(i - 3.60810935278116))
2237,0.8547089429311394,B0*sqrt(Abs(i + s)) ; B1 + r - sqrt(Abs(i)),0.00118831478128107*sqrt(Abs(i + s)) ; r - sqrt(Abs(i)) - 109.463070799675
2238,0.8547089399280626,B0*sqrt(Abs(i + s)) ; B1 - i,0.00118831479884087*sqrt(Abs(i + s)) ; -i - 112.24183012937
2239,0.8547089376649438,B0*sqrt(Abs(i + s)) ; B1 - sqrt(Abs(r)),0.00118831465230545*sqrt(Abs(i + s)) ; -sqrt(Abs(r)) - 135.151773022466
2240,0.8547031023779389,B0 + B1*sqrt(Abs(i)) ; -i + sqrt(Abs(i)),0.0157320777004317 - 0.000406692365801533*sqrt(Abs(i)) ; -i + sqrt(Abs(i))
2241,0.8546904998844059,B0*i + i*s + Abs(i)**(5/4) ; r,i*s - 1.19703561585374*i + Abs(i)**(5/4) ; r
2242,0.8546860786725774,B1*sqrt(Abs(B0 + i)) ; B2 + r**2,0.00184216637103268*sqrt(Abs(i + 59.5158739646625)) ; r**2 + 0.156808842025429
2243,0.8546810794899155,B0*sqrt(Abs(i)) ; B1*i - sqrt(Abs(i)),0.0810236729982584*sqrt(Abs(i)) ; 6.34499734555545*i - sqrt(Abs(i))
2244,0.8546759808158357,B0*i*s + B1*i*s**2 ; i + sqrt(Abs(B2 + i**2)),0.182184169487441*i*s**2 - 0.209435816791499*i*s ; i + sqrt(Abs(i**2 + 0.173139930993687))
2245,0.8546441975557042,B1*i*sqrt(Abs(B0*i + s)) ; B2*i + r,0.000374145665076392*i*sqrt(Abs(0.000405479735740353*i + s)) ; -1.01905903117394*i + r
2246,0.8546382820749219,B0*i ; B1*sqrt(Abs(i)) - i,0.000118726347193162*i ; -i - 1191.62372047565*sqrt(Abs(i))
2247,0.8546323928404017,B0*Abs(i)**(1/4) ; B1*sqrt(Abs(i - r)),0.00375720382808867*Abs(i)**(1/4) ; 102.730237799365*sqrt(Abs(i - r))
2248,0.8546323547271777,B0*Abs(i)**(1/4) ; B1 + r + sqrt(Abs(i)),0.00375532393976808*Abs(i)**(1/4) ; r + sqrt(Abs(i)) + 78.5032133856848
2249,0.8546323109660974,B0*i ; sqrt(Abs(B1 + B2*i)),-0.000118753911788063*i ; sqrt(Abs(36037.5220668044*i + 20821.7279072862))
2250,0.8546321842350735,B0*sqrt(Abs(i)) ; B1 + r - sqrt(Abs(r)),0.00118753356274886*sqrt(Abs(i)) ; r - sqrt(Abs(r)) - 117.405896861204
2251,0.8546321786233139,B0*sqrt(Abs(i)) ; B1 + i + sqrt(Abs(r)),0.00118753323812437*sqrt(Abs(i)) ; i + sqrt(Abs(r)) + 197.612115942775
2252,0.8546321472076283,B1*sqrt(Abs(B0 + i)) ; B2 + sqrt(Abs(r)),0.00210932399087662*sqrt(Abs(i + 68.3125429380837)) ; sqrt(Abs(r)) + 114.945731521092
2253,0.8546321402181464,B1*sqrt(Abs(B0 + i)) ; B2 + 2*r,0.00175007454104386*sqrt(Abs(i + 53.9700166843556)) ; 2*r + 46.1909303776272
2254,0.8546321344416762,B1*sqrt(Abs(B0 + i)) ; B2 - sqrt(Abs(i)),0.00109546394538085*sqrt(Abs(i + 17.4841683992933)) ; -sqrt(Abs(i)) - 101.327987811418
2255,0.8546321330298938,B1*sqrt(Abs(B0 + i)) ; B2 - i,0.00105231921016037*sqrt(Abs(i + 27.3487614290217)) ; -i - 71.9003180198195
2256,0.8546321320685616,B1*sqrt(Abs(B0 + i)) ; B2 - sqrt(Abs(B3 + i)),0.00111043402178646*sqrt(Abs(i + 14.3527319348512)) ; -sqrt(Abs(i + 10.9989093308041)) - 104.636947966756
2257,0.8546321313098283,B1*sqrt(Abs(B0 + i)) ; B2 - Abs(r)**(3/2),0.00105536206421865*sqrt(Abs(i + 26.6118100297286)) ; -Abs(r)**(3/2) - 43.6835857034968
2258,0.8546321247515991,B1*sqrt(Abs(B0 + i)) ; B2 + sqrt(Abs(i)),0.00109446259303073*sqrt(Abs(i - 17.7204332041317)) ; sqrt(Abs(i)) + 101.272550997648
2259,0.8546321233423019,B0*Abs(i)**(5/4) ; B1 + r,3.75530600672081e-5*Abs(i)**(5/4) ; r + 156.25277907696
2260,0.8546321221552641,B0*i ; B1 + r - sqrt(Abs(r)),-0.000118753194008376*i ; r - sqrt(Abs(r)) + 147.238673661524
2261,0.8546321214655415,B0*i**2 ; r + sqrt(Abs(B1 + r)),1.1875321137742e-6*i**2 ; r + sqrt(Abs(r + 29079.6088824156))
2262,0.8546321190911869,B0*i ; B1 + sqrt(Abs(B2 - r)),-0.000118753186666891*i ; sqrt(Abs(r - 12.0611274357243)) + 166.291595748588
2263,0.8546321188163782,B0*i ; B1 + sqrt(Abs(B2 + i)),-0.000118753186521082*i ; sqrt(Abs(i - 29.8393024924976)) + 164.141377841294
2264,0.8546321171913258,B0*i ; Abs(B1 - sqrt(Abs(r)))**(1/4),-0.000118748052074285*i ; (sqrt(Abs(r)) + 898429096.026681)**(1/4)
2265,0.8546321135129467,B0*i**2 ; Abs(B1 + sqrt(Abs(r)))**(1/4),1.18750246453381e-6*i**2 ; (sqrt(Abs(r)) + 1169300196.55623)**(1/4)
2266,0.8546321008069339,B1*sqrt(Abs(B0 + i)) ; B2 + B3*i,0.00113586289895526*sqrt(Abs(i - 9.30307437961435)) ; 54.7543276806931 - 7.7995842326563*i
2267,0.8546196660641996,sqrt(Abs(B0 + i + s)) ; B1 + B2*r,sqrt(Abs(i + s - 0.999948904675631)) ; -1.67660790783593*r - 0.000150574074878738
2268,0.8546155217361956,B1*sqrt(Abs(B0 - 2*i + s)) ; B2 - r + sqrt(Abs(r)),0.0203788076416379*sqrt(Abs(2*i - s + 0.514791283872679)) ; -r + sqrt(Abs(r)) + 0.227960363761218
2269,0.854612570751002,B0*sqrt(Abs(i + s)) ; -r + Abs(r)**(3/2),0.0118374999887917*sqrt(Abs(i + s)) ; -r + Abs(r)**(3/2)
2270,0.8546125707510019,B0*sqrt(Abs(i + s)) ; i*r,0.0118374999682518*sqrt(Abs(i + s)) ; i*r
2271,0.8546125707510019,B0*sqrt(Abs(i + s)) ; i*sqrt(Abs(r)),0.0118375000149688*sqrt(Abs(i + s)) ; i*sqrt(Abs(r))
2272,0.8546125707510019,B0*i + B0*s ; r,0.0118375000255097*i + 0.0118375000255097*s ; r
2273,0.8546125707510019,B0*i + B0*s ; r**2,0.0118375000161098*i + 0.0118375000161098*s ; r**2
2274,0.8546125707510019,B0*sqrt(Abs(i + s)) ; -i*r,0.0118375000714282*sqrt(Abs(i + s)) ; -i*r
2275,0.8546125707510018,B0*i + B0*s ; i*r,0.0118374999954764*i + 0.0118374999954764*s ; i*r
2276,0.8546125707486087,B0*i + B0*s ; B1*sqrt(Abs(r)),0.0118376168461981*i + 0.0118376168461981*s ; 21.6236062780898*sqrt(Abs(r))
2277,0.8546125678840394,B0*i + B0*s ; B1*r,0.0118334556525186*i + 0.0118334556525186*s ; 0.00981688037425095*r
2278,0.8546120632661707,B1*sqrt(Abs(B0 - i)) ; i,0.00995850440307859*sqrt(Abs(i - 1.42278231606383)) ; i
2279,0.8545840941823635,B0*sqrt(Abs(i)) ; Abs(i)**(1/4),0.000774956413328365*sqrt(Abs(i)) ; Abs(i)**(1/4)
2280,0.8545711423980222,B0*i*s + B1*i*s**2 ; i + sqrt(Abs(r)),0.145334168182745*i*s**2 - 0.174583824182151*i*s ; i + sqrt(Abs(r))
2281,0.8545689817926646,Abs(i)**(3/2) ; B1*sqrt(Abs(B0 + i)),Abs(i)**(3/2) ; 0.268970821348421*sqrt(Abs(i + 0.0548687608055145))
2282,0.8545664504800936,B0*sqrt(Abs(i)) ; i + sqrt(Abs(B1 + r)),0.0019764359582042*sqrt(Abs(i)) ; i + sqrt(Abs(r + 1280.41565066544))
2283,0.8545474379893518,B0*i ; B1*i + sqrt(Abs(i)),-0.119265147943975*i ; 3.04300817446465*i + sqrt(Abs(i))
2284,0.8545214222622217,B1*sqrt(Abs(B0 + sqrt(Abs(i))*sqrt(Abs(s)))) ; B2 + i,0.0831295296663182*sqrt(Abs(sqrt(Abs(i))*sqrt(Abs(s)) - 0.012149602822151)) ; i + 0.00716721729101397
2285,0.854495742355543,B0*i + B1*s + B2*i*s ; Abs(2*i - r)**(1/4),-0.00427588401087591*i*s + 0.000260266264732061*i + 0.00266669167620843*s ; Abs(2*i - r)**(1/4)
2286,0.8544598580687223,B0 + B1*sqrt(Abs(i)) + B2*i + B2*s ; B3 + B4*i + B5*r,-0.059216311363504*i - 0.059216311363504*s - 0.172994819942415*sqrt(Abs(i)) + 0.104704473810781 ; 0.317677979039171*i + 0.125011635083138*r + 0.0113919620497872
2287,0.8544595800585503,2**(1/8)*Abs(i)**(9/8)*Abs(s)**(1/8) ; B0*i + B1*i*r**2,2**(1/8)*Abs(i)**(9/8)*Abs(s)**(1/8) ; 0.820267581548168*i*r**2 + 0.581205819241801*i
2288,0.8544472804691154,B0*i**2 ; B1 - i + sqrt(Abs(r)),1.28873652264519e-6*i**2 ; -i + sqrt(Abs(r)) + 251.844802380552
2289,0.8543976061739073,B0*sqrt(Abs(i + sqrt(Abs(i + s)))) ; B1*Abs(r)**(1/8) + i,0.0296699905645328*sqrt(Abs(i + sqrt(Abs(i + s)))) ; i + 0.248937102824436*Abs(r)**(1/8)
2290,0.8543802086601077,B0 + B1*i + B2*s ; B3 + B4*i - 2*i**2,-1.51348720037008*i + 0.65044436523097*s - 0.593775335892038 ; -2*i**2 - 0.680507435108157*i + 0.0283826345994863
2291,0.8543494183749336,i*Abs(B0*s + s**2)**(1/4) ; i,i*Abs(s**2 + 0.950237692369657*s)**(1/4) ; i
2292,0.8543489627203046,B0*i**2 + B1*i**2*s ; B2 + B3*sqrt(Abs(i)),0.000112027160867729*i**2*s - 9.00093965533774e-6*i**2 ; 5.19942061372087 - 0.590922430277079*sqrt(Abs(i))
2293,0.8543309341895527,B0*sqrt(Abs(i)) ; i*r,0.0125952629743453*sqrt(Abs(i)) ; i*r
2294,0.8543309340745999,B0*sqrt(Abs(i)) ; Abs(r)**(1/4),0.012595046266792*sqrt(Abs(i)) ; Abs(r)**(1/4)
2295,0.8543309340549202,B0*sqrt(Abs(i)) ; sqrt(Abs(r)),0.0125950108787345*sqrt(Abs(i)) ; sqrt(Abs(r))
2296,0.8543309340074865,B0*sqrt(Abs(i)) ; sqrt(2)*r*sqrt(Abs(i)),0.0125949273996729*sqrt(Abs(i)) ; sqrt(2)*r*sqrt(Abs(i))
2297,0.8543309339176953,B0*sqrt(Abs(i)) ; r,0.0125947757613315*sqrt(Abs(i)) ; r
2298,0.8543309207344778,B0*sqrt(Abs(i)) ; B1*sqrt(Abs(r)),0.0125859930044125*sqrt(Abs(i)) ; 0.00182739242370076*sqrt(Abs(r))
2299,0.8543309056553975,B0*sqrt(Abs(i)) ; B1*r,0.0125808270144715*sqrt(Abs(i)) ; 0.308400143432223*r
2300,0.8543301349126592,B0*s**2 + B1*s**3 ; B2 + B3*r**2,-0.417419779013842*s**3 + 0.413088211052242*s**2 ; 0.000681511894868465*r**2 + 19.6344680756279
2301,0.8543301348496056,B0*s**2 + B1*i*s**2 ; -i*r + r - Abs(r)**(3/2),0.417440144130702*i*s**2 - 0.00433234862579369*s**2 ; -i*r + r - Abs(r)**(3/2)
2302,0.8543301347344773,B0*s**2 + B1*i*s**2 ; r,0.417449311394181*i*s**2 - 0.00433264083815948*s**2 ; r
2303,0.8543301346741013,B0*s**2 + B1*s**3 ; i**2*r + i**2 + r,-0.417452981451366*s**3 + 0.413120164826121*s**2 ; i**2*r + i**2 + r
2304,0.8543301345722604,B0*s**2 + B1*i*s**2 ; B2*i*r + r,0.41742619532521*i*s**2 - 0.00433240199140662*s**2 ; 1.59185157037499*i*r + r
2305,0.8543301344862758,B0*s**2 + B1*s**3 ; i,-0.417420419164628*s**3 + 0.413088170587888*s**2 ; i
2306,0.8543301338158736,B0*s**2 + B1*s**3 ; B2 + B3*i + r,-0.417367692561626*s**3 + 0.413038338064606*s**2 ; 2.83180972572389*i + r + 0.0473029592626192
2307,0.8543301337058481,B0*s**2 + B1*s**3 ; r,-0.417366588310786*s**3 + 0.413036698292224*s**2 ; r
2308,0.8543301294613599,B0*s**2 + B1*s**3 ; B2 + r,-0.4172966222226*s**3 + 0.412969312799772*s**2 ; r + 0.881405011483085
2309,0.8543253637107407,B0*s**3 + B1*i*s ; Abs(i*r + i - 2*r)**(1/4),-0.0023348661563305*i*s + 0.0134508139489287*s**3 ; Abs(i*r + i - 2*r)**(1/4)
2310,0.854263273164188,Abs(i)**(3/2) ; B0*i**2 + B1*i*r,Abs(i)**(3/2) ; 1.05161505363549*i**2 + 1.15459263508204*i*r
2311,0.8542462669399394,B0*sqrt(Abs(i)) + B1*s*sqrt(Abs(i)) ; i + sqrt(Abs(i)),0.0588641486734628*s*sqrt(Abs(i)) + 0.00734456627985555*sqrt(Abs(i)) ; i + sqrt(Abs(i))
2312,0.8542019784981387,i*sqrt(Abs(s)) ; B0*i + i*r,i*sqrt(Abs(s)) ; i*r + 0.737412615213328*i
2313,0.8541926095017189,B0 + B1*i + sqrt(Abs(s)) ; B2*i*r + B3*i**2*r,0.693647341875696*i + sqrt(Abs(s)) - 0.993582216142674 ; 0.00156715184126711*i**2*r + 0.768419808157472*i*r
2314,0.85416822246263,-i*s ; r,-i*s ; r
2315,0.8541028589911646,-i*s + i*sqrt(Abs(B0 + i + s)) ; B1*i + B2*r + B3*i*r,-i*s + i*sqrt(Abs(i + s + 1.74152382154674)) ; 1.1769826069735*i*r + 0.541483092563673*i - 0.000344907968805471*r
2316,0.8540757447242043,B0*i + B1*i**2*sqrt(Abs(s)) ; B2 + r,6.50218716772755e-6*i**2*sqrt(Abs(s)) + 6.73663571410992e-6*i ; r + 0.966592494497677
2317,0.8539929885442425,B0*Abs(i)**(1/4) ; i**2 - r,0.0131790402774721*Abs(i)**(1/4) ; i**2 - r
2318,0.853983876745439,B0 + B1*i + B2*s ; B3*i + B4*r*sqrt(Abs(i - sqrt(Abs(i)))),2.12474297285517*i + 1.4767406370652*s - 1.45886844306348 ; 0.958391065433672*i - 5.20950216355277*r*sqrt(Abs(i - sqrt(Abs(i))))
2319,0.8539504506828469,B0*sqrt(Abs(i + s + sqrt(Abs(i)))) ; B1 - r + sqrt(Abs(r)),0.044927052473282*sqrt(Abs(i + s + sqrt(Abs(i)))) ; -r + sqrt(Abs(r)) + 0.483295026081564
2320,0.8539454106733001,B0*i - i**2*s ; r,-i**2*s + 0.254437991129275*i ; r
2321,0.8539453974774606,B0*i - i**2*s ; r*Abs(i)**(1/4),-i**2*s + 0.254419288838807*i ; r*Abs(i)**(1/4)
2322,0.8539453973759409,B0*i - i**2*s ; sqrt(2)*sqrt(Abs(r)),-i**2*s + 0.254419262378699*i ; sqrt(2)*sqrt(Abs(r))
2323,0.8539277990842413,B0 + B1*i + B2*s ; B3*i + i**2 + i*r - r,0.0739266920548434*i + 2.79922659958118*s - 1.23613104123539 ; i**2 + i*r - 1.76249735474442*i - r
2324,0.8538992516870229,B0*i + B1*s + B2*i*s ; Abs(B3 + sqrt(Abs(i)))**(1/4),-0.00151518727441955*i*s + 1.83384946475237e-5*i - 0.00647462278471308*s ; Abs(sqrt(Abs(i)) - 1324.21072015264)**(1/4)
2325,0.8538950640010476,B0*s + B1*s**2 + i*s ; B2 + i,i*s + 0.817799073015395*s**2 + 1.4584289249318*s ; i - 1.03683893255669
2326,0.853864479772695,B0*s - i*s**2 + i*s ; B1*i,-i*s**2 + i*s + 0.0242261796548929*s ; 0.232043156414672*i
2327,0.8538473666377562,B0*i + i**2 + i*Abs(s)**(1/4) ; B1*i,i**2 + i*Abs(s)**(1/4) - 0.21507376416659*i ; 0.665023762544873*i
2328,0.8538141735779115,i ; B0*i + sqrt(2)*Abs(i)**(3/2),i ; 0.869501018229929*i + sqrt(2)*Abs(i)**(3/2)
2329,0.8537635725031166,B1*sqrt(Abs(B0 + s**2 + s)) ; B2 - sqrt(Abs(B3 + i)),0.0300019723966517*sqrt(Abs(s**2 + s + 0.0515049160794692)) ; 0.00699579488602712 - sqrt(Abs(i + 5.47801161217518))
2330,0.8537288792979975,B0*s + B2*sqrt(Abs(B1 + i)) ; B3*Abs(i)**(1/4) - r,0.040961571884689*s + 0.00115870444567299*sqrt(Abs(i - 19.2776218230767)) ; -r - 28.6061494671308*Abs(i)**(1/4)
2331,0.8537134618890072,B0*s + B1*i**3*s ; i,0.00217559898415305*i**3*s + 2.66447297089012*s ; i
2332,0.8536886300668228,B1*sqrt(Abs(B0*s + s**2)) ; i,0.0342157714484464*sqrt(Abs(s**2 + 0.624827505561411*s)) ; i
2333,0.8536551482979955,B1*sqrt(Abs(B0 + s*sqrt(Abs(i)))) ; i - Abs(r)**(5/8),0.0457404212589083*sqrt(Abs(s*sqrt(Abs(i)) + 0.0896133691607899)) ; i - Abs(r)**(5/8)
2334,0.8536138311798105,B0 + B1*i + B2*s**3 ; Abs(B3 - 2*i + 2*r)**(1/4),0.0011977124389394*i - 0.109321615827589*s**3 + 0.120622401438983 ; Abs(-2*i + 2*r + 62.4597014683457)**(1/4)
2335,0.853527167673302,s*Abs(B0 + 2*s)**(1/4) ; B1*r + i*r + i,s*Abs(2*s + 56.1144536476081)**(1/4) ; i*r + i + 35.7136597082241*r
2336,0.85352714178704,s*Abs(B0 + 2*s)**(1/4) ; i,s*Abs(2*s + 56.1171913113077)**(1/4) ; i
2337,0.8534568659572369,B0*i - sqrt(Abs(i)) ; B1 + r - sqrt(Abs(i)),0.100121130810137*i - sqrt(Abs(i)) ; r - sqrt(Abs(i)) - 250.141920892247
2338,0.8534505331299986,B0*i*s + B1*i*s**2 ; B2*i*r**2 + i,-1.3802846246553*i*s**2 + 2.45219532325997*i*s ; -1.10053955904937*i*r**2 + i
2339,0.8533300603909314,B0*s + i*s + s**2 ; B1 + B2*r**2 + B3*i*r,i*s + s**2 - 1.00669843219896*s ; -0.0797590132852029*i*r - 0.320828365569393*r**2 - 0.0091354759683146
2340,0.8532853586781802,sqrt(Abs(B0 - sqrt(Abs(B1 + i)))) ; B2*r,sqrt(Abs(sqrt(Abs(i + 53588.2308696251)) - 231.494266203744)) ; 0.00017388084286698*r
2341,0.8532730277691126,B0 + B1*i*s**2 ; B2 - 2*r,-0.00999946450491632*i*s**2 + 0.00399499541094525 ; 8.74875131218698 - 2*r
2342,0.8532610014128225,B0*i + sqrt(Abs(i)) ; B1 + i,0.0998834990588742*i + sqrt(Abs(i)) ; i + 307.385294863212
2343,0.8532572045542727,B1*sqrt(Abs(B0 - sqrt(Abs(i)))) ; i,0.0604168059156097*sqrt(Abs(sqrt(Abs(i)) - 0.073047026436552)) ; i
2344,0.8532356775379336,B0 + B1*s**2 + B2*i*s ; B3 + B4*i,-0.00207332583455083*i*s - 0.192850483335448*s**2 + 0.00345298555183758 ; 213.182023223605 - 5.70231493261644*i
2345,0.8531321656075003,i + s ; B0*i + B1*r,i + s ; 8.33477714053092*i + 7.27628007383394*r
2346,0.8531283078947107,B0*sqrt(Abs(s)) + B1*Abs(s)**(3/2) ; B2*Abs(i)**(3/2),0.0133806611746756*Abs(s)**(3/2) + 0.0283630906784973*sqrt(Abs(s)) ; 0.00136355431627006*Abs(i)**(3/2)
2347,0.8531218574008774,B0*i + i**2 - i*s ; B1 + i,i**2 - i*s + 0.0168195798463372*i ; i + 0.099516337215115
2348,0.8531103907671159,B0*sqrt(Abs(s)) + B1*Abs(s)**(3/2) ; r,0.0135754384564061*Abs(s)**(3/2) + 0.028835161306718*sqrt(Abs(s)) ; r
2349,0.8531033447504265,B0*sqrt(Abs(i)) + B1*s*sqrt(Abs(i)) ; B2 - i*r + i,0.00549568409131434*s*sqrt(Abs(i)) + 0.000499045032970014*sqrt(Abs(i)) ; -i*r + i + 0.934702525747576
2350,0.8530972631935236,B0*i - sqrt(2)*Abs(i)**(3/2) ; i,1.13240653858581*i - sqrt(2)*Abs(i)**(3/2) ; i
2351,0.8529796609516334,B0*sqrt(Abs(i)) ; -i + r*sqrt(Abs(i)),0.00117603651585035*sqrt(Abs(i)) ; -i + r*sqrt(Abs(i))
2352,0.8529565589368668,B0*sqrt(Abs(i)) + B1*i + B1*s ; B2 + i,0.0529541690991341*i + 0.0529541690991341*s - 0.130927015149597*sqrt(Abs(i)) ; i - 6.29742881958258
2353,0.852947368189016,B0*Abs(i)**(1/8) ; B1 + B2*r**2,0.0160348271190985*Abs(i)**(1/8) ; 0.48626923277903 - 0.610137244695144*r**2
2354,0.8528915070559127,B0 + B1*i ; B2 + i + 2*r,0.000116313117407054*i + 0.0213737283327624 ; i + 2*r - 0.0360477831621185
2355,0.8528631077169632,B0*i + B0*s ; B1 + 2*i + sqrt(Abs(B2 - i)),0.0405796204420138*i + 0.0405796204420138*s ; 2*i + sqrt(Abs(i - 139.826854178715)) - 12.1715309163867
2356,0.8527345735483807,B0*Abs(s)**(1/8) ; B1 + B2*r**2,0.0164760293138442*Abs(s)**(1/8) ; 5.35608174122333*r**2 + 0.000387408821690152
2357,0.8527321034480189,B0*Abs(i)**(1/4) ; r,0.0117213149602729*Abs(i)**(1/4) ; r
2358,0.85273210209722,B0*Abs(i)**(1/4) ; B1*r,0.0117241861561012*Abs(i)**(1/4) ; 0.244387848402288*r
2359,0.8527321017962596,B0*Abs(i)**(1/4) ; B1*sqrt(Abs(r)),0.0117180130638275*Abs(i)**(1/4) ; 40.7929885763307*sqrt(Abs(r))
2360,0.8527156058057828,s*sqrt(Abs(B0 + i)) ; B1*r + B2*r**2,s*sqrt(Abs(i + 6.24066451064487)) ; 0.359082590782624*r**2 + 0.271425402109787*r
2361,0.8527086024055921,B0*Abs(i)**(3/2) + s*Abs(i)**(3/2) ; B1 + i,s*Abs(i)**(3/2) + 0.0843023372724373*Abs(i)**(3/2) ; i + 0.18665563505538
2362,0.8526553746439872,B0*sqrt(Abs(i))*Abs(s)**(5/4) ; sqrt(Abs(i))*Abs(r)**(3/2) + Abs(r)**(5/2),0.120522397862422*sqrt(Abs(i))*Abs(s)**(5/4) ; sqrt(Abs(i))*Abs(r)**(3/2) + Abs(r)**(5/2)
2363,0.8525943418152916,B0*i + B1*i*Abs(s)**(1/8) ; i,1.20461927214618*i*Abs(s)**(1/8) - 0.0825507481222082*i ; i
2364,0.8525891856557795,B0*i + B0*s ; B1 + i - r + sqrt(Abs(i)),0.0750509159211355*i + 0.0750509159211355*s ; i - r + sqrt(Abs(i)) + 0.510536974864593
2365,0.8525342924522369,B0*sqrt(Abs(3*i - s)) ; B1 + i - r,0.0219992241452154*sqrt(Abs(3*i - s)) ; i - r + 1.16273511491294
2366,0.8524460902802627,B0*Abs(s)**(1/8) ; sqrt(Abs(i - r)),0.0153593582676053*Abs(s)**(1/8) ; sqrt(Abs(i - r))
2367,0.8523600033713513,B0 + B1*s ; B2 + B3*sqrt(Abs(i)) + B4*i,0.0420952982368961*s + 0.00549371352744752 ; 5.01690594133276*i + 0.00468063091892481*sqrt(Abs(i)) + 23.3110817879548
2368,0.8523600023336663,B0 + B1*s ; sqrt(Abs(r - sqrt(Abs(B2*i + B2*r)))),2.72260605510252*s + 0.356036573413214 ; sqrt(Abs(r - sqrt(Abs(0.0423440105737117*i + 0.0423440105737117*r))))
2369,0.8523600012302834,B0 + B1*s ; Abs(B2 - 2*r + sqrt(Abs(r)))**(1/4),0.0421016914084383*s + 0.00548650454417377 ; Abs(-2*r + sqrt(Abs(r)) + 0.0194259979513931)**(1/4)
2370,0.8523599975071542,B0 + B1*s ; B2 + B3*r**2 + B3*r,0.0420958008243319*s + 0.00550690710731559 ; 12.9798773903973*r**2 + 12.9798773903973*r + 0.000250092240802481
2371,0.8523599963361203,B0 + B1*s ; B2 + i*sqrt(Abs(i + r)) - r,0.0421044048561344*s + 0.00547589663173773 ; i*sqrt(Abs(i + r)) - r + 0.00386749081216365
2372,0.8523597184809885,B0 + B1*s ; i*r + i*sqrt(Abs(r)) - r,0.0422361364123947*s + 0.0054317697505608 ; i*r + i*sqrt(Abs(r)) - r
2373,0.8523555048209924,B0 + B1*i**2 + B1*s ; i,0.0421608971811048*i**2 + 0.0421608971811048*s + 0.00543419454391165 ; i
2374,0.8523165472163301,s*sqrt(Abs(B0 + i)) ; B1*i**2*r**2 + i,s*sqrt(Abs(i + 6.52608895337883)) ; -0.14101506093316*i**2*r**2 + i
2375,0.8523043053770987,-i**2 + i*sqrt(Abs(B0 + i)) ; B1*i,-i**2 + i*sqrt(Abs(i + 0.0328980710177349)) ; 0.000704981819045985*i
2376,0.8522894059104204,B0*s + B0*sqrt(Abs(i))*sqrt(Abs(s)) ; i,0.0384854626318298*s + 0.0384854626318298*sqrt(Abs(i))*sqrt(Abs(s)) ; i
2377,0.852282839557215,B0 + s + Abs(B1*s + i*s)**(1/4) ; B2*i**2 + B3*i*r,s + Abs(i*s + 0.0481361690091075*s)**(1/4) - 1.48392048900621 ; -0.892229779176129*i**2 - 0.950718183500413*i*r
2378,0.8522667757701244,B0 + B1*i ; B2*i + B3*r + B3*Abs(r)**(1/4),0.636495954988162*i + 0.0136126331263015 ; 0.74578267676125*i + 0.00819533898517756*r + 0.00819533898517756*Abs(r)**(1/4)
2379,0.8522303856803728,B0*Abs(s)**(1/4) ; i*r - i*sqrt(Abs(r)),0.020598725247255*Abs(s)**(1/4) ; i*r - i*sqrt(Abs(r))
2380,0.8521202170817693,B0 + B1*i*s + B1*s ; i,0.0401345567340237*i*s + 0.0401345567340237*s + 0.00556218146350619 ; i
2381,0.8520863718836557,B0*Abs(i)**(3/4) ; sqrt(Abs(i*r + i)),0.000367046844904147*Abs(i)**(3/4) ; sqrt(Abs(i*r + i))
2382,0.8520262724445313,B0 + B1*s - i*s - i ; i,-i*s - i + 0.127882348698358*s + 0.00530627612231369 ; i
2383,0.8520132460869232,s*sqrt(Abs(B0 + i)) ; i - sqrt(Abs(r))*Abs(i + r)**(1/4),s*sqrt(Abs(i + 6.4570869339875)) ; i - sqrt(Abs(r))*Abs(i + r)**(1/4)
2384,0.8519701868271202,B1*s*sqrt(Abs(-B0 + i + s)) ; i,0.0072477824057679*s*sqrt(Abs(i + s - 41.4829929828556)) ; i
2385,0.851949083013936,B0 + B1*Abs(i)**(3/2) ; i,4.4714350378037*Abs(i)**(3/2) + 0.00644592946736997 ; i
2386,0.8519156751740935,B2*sqrt(Abs(B0 + B1*s + i)) ; i,0.012851482251618*sqrt(Abs(-i + 6.98779717303012*s + 0.568539075524508)) ; i
2387,0.8518997202086827,B0*i*Abs(s)**(1/4) + B0*s ; i,0.0441795123569811*i*Abs(s)**(1/4) + 0.0441795123569811*s ; i
2388,0.8518831930012095,B0*Abs(i)**(1/4) ; 2*i + r,0.0115728211766389*Abs(i)**(1/4) ; 2*i + r
2389,0.8518520006618995,B0*s ; B1 + i + sqrt(Abs(B2 + B3*r)),0.0460613849071541*s ; i + sqrt(Abs(0.624901706825198*r + 0.0923736712337498)) + 1.14585269649309
2390,0.8518520006604436,B0*s ; Abs(B1 + r + sqrt(Abs(i + r)))**(1/4),0.0460611974283465*s ; Abs(r + sqrt(Abs(i + r)) + 11.2880382862334)**(1/4)
2391,0.8518520006540573,B0*s ; B1 + B2*sqrt(Abs(i)) + B3*r,0.04606082595568*s ; 0.0953815489216476*r + 0.00395878576678268*sqrt(Abs(i)) + 0.0882259529154101
2392,0.8518520006510907,B0*s ; Abs(B1*i**2 + B1*i)**(1/4),0.0460623335492357*s ; Abs(69.6041505912787*i**2 + 69.6041505912787*i)**(1/4)
2393,0.8518520006493433,B0*s ; Abs(r*sqrt(Abs(B1 + i)) + r)**(1/4),0.0460606478045882*s ; Abs(r*sqrt(Abs(i + 0.0202216131242418)) + r)**(1/4)
2394,0.8518520006409962,B0*s ; B1 + B2*sqrt(Abs(r)) - i + r,0.046062643087123*s ; -i + r + 1.06689535284647*sqrt(Abs(r)) + 0.000301737638302476
2395,0.8518520006307988,B0*s ; B1*i**2 + B1*i*r,0.0460601565541764*s ; 0.107102930464607*i**2 + 0.107102930464607*i*r
2396,0.8518520006264971,B0*s ; B1 + B2*i*r + B2*i,2.71997854915983*s ; 71.7550297324594*i*r + 71.7550297324594*i + 1.873449007382
2397,0.8518520006249001,B0*s ; -r + sqrt(Abs(B1*r - r**2)),0.0460600339267838*s ; -r + sqrt(Abs(r**2 - 0.138253313398342*r))
2398,0.8518520006123009,B0*s ; i - sqrt(Abs(B1*r + i*r)),0.046063241806236*s ; i - sqrt(Abs(i*r + 37.6139300440049*r))
2399,0.8518520005613145,B0*s ; r - sqrt(Abs(B1 + 2*i + r)),0.0460590753878938*s ; r - sqrt(Abs(2*i + r + 0.000186908843135916))
2400,0.8518520005529201,B0*s ; sqrt(Abs(B1 - i**2 - i + r)),0.046058975671137*s ; sqrt(Abs(i**2 + i - r - 85.5405902279033))
2401,0.8518520005184664,B0*i*s + B0*s**2 ; B1*r + B1*Abs(r)**(1/4),0.0460586018619765*i*s + 0.0460586018619765*s**2 ; 7.34118485857223*r + 7.34118485857223*Abs(r)**(1/4)
2402,0.8518520004471224,B0*s ; sqrt(Abs(B1*r + i*r + i)),0.0460579501130269*s ; sqrt(Abs(i*r + i + 0.0748427835848615*r))
2403,0.8518519995353341,B0*s ; i - sqrt(Abs(B1*r + Abs(r)**(3/2))),0.0460533472051975*s ; i - sqrt(Abs(1.97440805891256*r + Abs(r)**(3/2)))
2404,0.8518519991464775,B0*s ; B1 + sqrt(Abs(B2*i + i*r)),0.0460520412348143*s ; sqrt(Abs(i*r + 0.441294892364282*i)) + 0.000119763480626143
2405,0.8518519990366559,B0*s ; r + sqrt(Abs(B1*i*r + r)),2.7199730210446*s ; r + sqrt(Abs(0.000127558942091673*i*r + r))
2406,0.8518519974593004,B0*s ; Abs(B1 + 2*i + sqrt(Abs(r)))**(1/4),0.046047740754114*s ; Abs(2*i + sqrt(Abs(r)) + 0.0290282337708554)**(1/4)
2407,0.8518519940980682,B0*s ; -r + Abs(B1*sqrt(Abs(i)) - r)**(1/4),0.046081252109982*s ; -r + Abs(r - 0.0612391479752814*sqrt(Abs(i)))**(1/4)
2408,0.8518519529574157,B0*s ; r*sqrt(Abs(i**2 - 2*r)),0.04611471883598*s ; r*sqrt(Abs(i**2 - 2*r))
2409,0.8518519338190914,B0*i*s + B0*s**2 ; r,0.0461244944066029*i*s + 0.0461244944066029*s**2 ; r
2410,0.8518519328649434,B0*s ; i + 2*r + sqrt(Abs(i + r)),0.0461249423759148*s ; i + 2*r + sqrt(Abs(i + r))
2411,0.8518455657769831,B2*sqrt(Abs(B0*i + B1*s)) ; r*sqrt(Abs(B3*i + i*r)),0.0939411131098656*sqrt(Abs(0.00956150158399697*i + 0.140981204126251*s)) ; r*sqrt(Abs(i*r + 0.575946856165385*i))
2412,0.8518361913882516,B2*sqrt(Abs(B0 + B1*i - s)) ; r,0.0245074569270308*sqrt(Abs(-0.958288258788176*i + s + 1.13200969391177)) ; r
2413,0.8518345033025084,B0*i*s ; sqrt(Abs(B1*i + i**2 - i*r)),-0.000746595919168251*i*s ; sqrt(Abs(-i**2 + i*r + 0.234408303873254*i))
2414,0.8517829731104256,B0*sqrt(Abs(i + sqrt(Abs(i)))) ; B1 + i,0.0428705614220821*sqrt(Abs(i + sqrt(Abs(i)))) ; i + 0.00736610773815157
2415,0.8517585619206118,B0*i + B1*i**2 + B2*s ; sqrt(Abs(B3 + r)),-2.0450056918473e-5*i**2 - 0.00206921644276364*i + 0.0194468363763833*s ; sqrt(Abs(r - 0.0733804681198091))
2416,0.8517557128861725,B0*i ; B1*i + B2*i**2*r**2,0.452495220723658*i ; 14.6398595078897*i**2*r**2 + 0.268744422395243*i
2417,0.851737580017965,B0*i + B1*s ; B2*r + B3*i*r - i,0.00019818600155879*i + 0.048444360252837*s ; 0.121800056143591*i*r - i - 0.675293265377674*r
2418,0.8516686811785164,B0*i + i**2 - Abs(i)**(5/2) ; B1 + 2*i + r,i**2 - 0.0362378036146545*i - Abs(i)**(5/2) ; 2*i + r - 0.98759620557504
2419,0.8516644520502029,B0*s + B1*Abs(i)**(3/2)*sqrt(Abs(s)) ; B2 + r,0.0330921925264311*s + 3.22742824378517e-5*Abs(i)**(3/2)*sqrt(Abs(s)) ; r + 0.0304344249395384
2420,0.8516121052330152,B0*i + B1*s + B2*i*s ; i,0.342456960407273*i*s + 0.847217324211359*i - 0.00109255501683025*s ; i
2421,0.8515858715513646,B0*sqrt(Abs(s)) ; B1 + B2*i + B2*Abs(i)**(3/2),0.0334136418171151*sqrt(Abs(s)) ; 0.0282661839527317*i + 0.0282661839527317*Abs(i)**(3/2) + 0.0168609536872281
2422,0.8515849254496027,B0*sqrt(Abs(s)) ; B1 + sqrt(Abs(B2*r + B3*i)),0.0334136403419582*sqrt(Abs(s)) ; sqrt(Abs(0.00945154028419861*i + 0.0031123356506867*r)) + 0.00345941109948191
2423,0.8515848334660365,B0*sqrt(Abs(s)) ; B1 + B2*i**2 + B2*i,0.0334136401149989*sqrt(Abs(s)) ; 0.0100695586755639*i**2 + 0.0100695586755639*i + 2.86772296831274
2424,0.8515847033252468,B0*sqrt(Abs(s)) ; sqrt(Abs(B1*i**2 + B2*i)),0.0334136455815858*sqrt(Abs(s)) ; sqrt(Abs(0.000420752966860575*i**2 + 0.500263157390668*i))
2425,0.8515846481482353,B0*sqrt(Abs(s)) ; -i + sqrt(Abs(B1*i + B2*r)),0.0334136395952425*sqrt(Abs(s)) ; -i + sqrt(Abs(0.00329224039984175*i + 0.00283791930673184*r))
2426,0.851579069124562,B0*sqrt(Abs(s)) ; i*sqrt(Abs(B1 + B2*r**2)),0.0334032009658798*sqrt(Abs(s)) ; i*sqrt(Abs(0.868276393033408*r**2 + 43.189027657118))
2427,0.851578661433257,B0*sqrt(Abs(s))*Abs(i + s)**(1/4) ; r,0.0334030941083718*sqrt(Abs(s))*Abs(i + s)**(1/4) ; r
2428,0.8515754762733437,B0*sqrt(Abs(i**3 - s)) ; i,0.0333984325500542*sqrt(Abs(i**3 - s)) ; i
2429,0.8515672766678254,B0*sqrt(Abs(s)) ; B1 + i*sqrt(Abs(r)) + Abs(r)**(3/2),0.0334674199764544*sqrt(Abs(s)) ; i*sqrt(Abs(r)) + Abs(r)**(3/2) + 0.0960521983324631
2430,0.8515653466447386,B0*sqrt(Abs(s)) ; B1*sqrt(Abs(i)) + B2*Abs(i)**(3/2),0.0333529432556691*sqrt(Abs(s)) ; 4.3671008396893*Abs(i)**(3/2) + 12.4827175595094*sqrt(Abs(i))
2431,0.8515450639092256,B0*sqrt(Abs(s)) ; B1*r - i + Abs(r)**(5/4),0.0328504788459021*sqrt(Abs(s)) ; -i + 0.0615360090061677*r + Abs(r)**(5/4)
2432,0.8515435412174545,B0*i ; B1*i*r + i**2*r + i,1.13662542550094*i ; i**2*r + 0.275915953628589*i*r + i
2433,0.85153458185589,B0*sqrt(Abs(s)) ; i - sqrt(Abs(r))*Abs(i - r)**(1/4),0.0339837299083724*sqrt(Abs(s)) ; i - sqrt(Abs(r))*Abs(i - r)**(1/4)
2434,0.8515313390579183,B0*i + B1*s**2 ; sqrt(Abs(-B2 + i + r)),0.000106065402881287*i + 0.0430233246157511*s**2 ; sqrt(Abs(i + r - 0.217390213819882))
2435,0.8514729520865142,B1*sqrt(Abs(B0 - i + 2*s)) ; 2*i,0.0250105251473725*sqrt(Abs(-i + 2*s + 0.0910348104124572)) ; 2*i
2436,0.8514670697648509,B0*s + B2*Abs(B1 + s)**(1/4) ; Abs(B3 + r)**(1/4),2.53343286631752*s - 0.68375602244278*Abs(s - 1.28072278666826)**(1/4) ; Abs(r + 0.00420822036915838)**(1/4)
2437,0.851461935174197,B0*i + B2*sqrt(Abs(B1 + s)) ; B3*i + B4*i**2,0.950085422935799*i + 0.0236815032985983*sqrt(Abs(s + 0.0721036009912382)) ; 23.2617512976249*i**2 + 2.97989857844336*i
2438,0.8514577101212396,B0 + B1*i + B2*i**2 ; Abs(B3 + i + r)**(1/4),2.12729933039409e-5*i**2 + 0.00202955443151642*i + 0.0455455285351791 ; Abs(i + r - 0.290189414646962)**(1/4)
2439,0.8514240856747199,B1*sqrt(Abs(B0 - 2*i + s)) ; i,0.0349589521775772*sqrt(Abs(2*i - s + 0.00348713457191251)) ; i
2440,0.8514085547470683,B0*i + B1*i**2 ; Abs(i - r + Abs(i)**(1/4))**(1/4),-1.43131319466937e-5*i**2 - 0.00140996376529791*i ; Abs(i - r + Abs(i)**(1/4))**(1/4)
2441,0.851406874467384,B0*i*Abs(s)**(1/4) ; i**2,0.194337001753777*i*Abs(s)**(1/4) ; i**2
2442,0.8513816982592736,B1*sqrt(Abs(B0*i + i*sqrt(Abs(s)))) ; B2 + B3*r*sqrt(Abs(i)),0.0893475100815659*sqrt(Abs(i*sqrt(Abs(s)) - 0.21965118624585*i)) ; -0.26403868868225*r*sqrt(Abs(i)) + 0.0953905509874325
2443,0.8512718521477104,i*sqrt(Abs(B0 + B1*i)) ; B2 + B3*i + B3*r,i*sqrt(Abs(0.00054725160918974*i + 0.000859608893301079)) ; 0.333853453634475*i + 0.333853453634475*r - 0.0647384603235329
2444,0.8512705890406997,B0*i + B1*i**2 ; B2 + i,-5.38197935285776*i**2 - 1.09266049669902*i ; i + 0.203635914915219
2445,0.851263081784872,B0*s*Abs(i)**(1/4) + B0*s ; i,0.0315908904286389*s*Abs(i)**(1/4) + 0.0315908904286389*s ; i
2446,0.8512017491483787,B0*i + B1*Abs(i + s)**(1/4) ; B2 + B3*i + B4*r,0.0184601784918949*i + 0.0763023448001635*Abs(i + s)**(1/4) ; 13.0744731722949*i + 10.8130256432506*r + 2.76628572107296
2447,0.8511762263939798,B0 + B1*i + B2*sqrt(Abs(i + s)) ; 2*i - r,0.000104883481527153*i - 0.00745760401424719*sqrt(Abs(i + s)) + 0.0476208127061338 ; 2*i - r
2448,0.8511695500850184,B1*sqrt(Abs(B0 - i + 2*s)) ; i - sqrt(Abs(r)),0.0228597294855508*sqrt(Abs(-i + 2*s + 0.965205098868644)) ; i - sqrt(Abs(r))
2449,0.8511583200087584,B0*s**2 ; B1*i - i*r + r,0.0434080485097707*s**2 ; -i*r + 0.000447568190152364*i + r
2450,0.8511583200051458,B0*s**2 ; B1*r + B2*i*r,0.0434084650899288*s**2 ; 12.6707437257698*i*r + 0.000116991789425246*r
2451,0.8511583199888043,B0*s**2 ; B1 + B2*i + B3*r,0.0434092146301715*s**2 ; 0.103599705012159*i + 0.00103295085671154*r + 0.000264946741300812
2452,0.8511582843809299,B0*s**2 ; i**2 + i*r + i,0.043464141601184*s**2 ; i**2 + i*r + i
2453,0.8510810738170242,-i*s + i*sqrt(Abs(B0 + i)) ; B1*i + B2*i**2 + B2*r,-i*s + i*sqrt(Abs(i + 0.358207111546017)) ; 0.87304712111735*i**2 + 3.24822397888495*i + 0.87304712111735*r
2454,0.851079502285633,B0*sqrt(Abs(i)) ; B1 + i - sqrt(Abs(B2 + i + r)),0.0403289697927656*sqrt(Abs(i)) ; i - sqrt(Abs(i + r - 0.98288925182511)) + 0.341653836196627
2455,0.8509705755103881,B0*sqrt(Abs(i)) + B1*s ; B2 + i*r**2 + i + r,0.0265802604565495*s + 0.0245219796828112*sqrt(Abs(i)) ; i*r**2 + i + r - 0.809302964325786
2456,0.8509352289237369,i + s*sqrt(Abs(B0 + s)) ; sqrt(Abs(r)),i + s*sqrt(Abs(s - 13.0163828905287)) ; sqrt(Abs(r))
2457,0.8509138545079525,B0 + B1*i + i**2 ; B2 + B3*i - i**2 + i*r,i**2 + 0.302606945894254*i + 0.00105782286723118 ; -i**2 + i*r + 0.313940131413142*i - 0.00400850702067842
2458,0.8508842600730475,B0*Abs(i + s)**(1/8) ; B1 + B2*r**2,0.0268791558355857*Abs(i + s)**(1/8) ; 0.0719453758986988 - 0.071935393682418*r**2
2459,0.8508577926346954,B0*Abs(i)**(1/4) ; B3*sqrt(Abs(B1*i + B2)),0.0510197926962874*Abs(i)**(1/4) ; 0.00259121737547856*sqrt(Abs(2252.12150841499*i + 17.6086530759515))
2460,0.8508166736649828,B0*s + B0*sqrt(Abs(B1 + 2*i)) ; B2 + i*Abs(r)**(1/4),0.0318971994605388*s + 0.0318971994605388*sqrt(Abs(2*i - 0.208248076396164)) ; i*Abs(r)**(1/4) - 0.100063629227693
2461,0.8508071596856149,B0 + B1*i**2 ; i,22.91947491973*i**2 + 0.00870968377797962 ; i
2462,0.8507484694759225,B0 + B2*sqrt(Abs(B1*i + B1*s)) ; i,0.14787868951901*sqrt(Abs(0.104566020581882*i + 0.104566020581882*s)) - 0.000999998544063675 ; i
2463,0.85072319673377,B0*i*sqrt(Abs(s)) + B1*i*s ; i + sqrt(Abs(i)),-0.0481021993841327*i*s - 0.0249753635829779*i*sqrt(Abs(s)) ; i + sqrt(Abs(i))
2464,0.8507031817890011,B0*sqrt(Abs(i)) + B1*i ; B2*r + r*sqrt(Abs(B3*r + B4)),-0.15784373330013*i + 0.168620848567453*sqrt(Abs(i)) ; r*sqrt(Abs(0.0548528991313163*r + 11.6723724469634)) + 0.403540110836966*r
2465,0.8506984253027281,B0*s + B1*sqrt(Abs(i))*sqrt(Abs(s)) ; sqrt(Abs(r)) - sqrt(Abs(B2 + r)),0.0294081052181567*s + 0.0303878290291524*sqrt(Abs(i))*sqrt(Abs(s)) ; sqrt(Abs(r)) - sqrt(Abs(r + 0.0692545307924284))
2466,0.8505929212667341,B0*i + B0*s ; B1*i - i**2 + i*r,0.0379807998592997*i + 0.0379807998592997*s ; -i**2 + i*r + 0.192719773484979*i
2467,0.8505531972505223,B0*i + B0*s + B1*sqrt(Abs(s)) ; B2*r,-0.000389321282391003*i - 0.000389321282391003*s + 0.0485639741669672*sqrt(Abs(s)) ; 0.00149549031291196*r
2468,0.8505483639475788,B0 + B1*sqrt(Abs(s)) ; Abs(B2 - 2*i + 2*r)**(1/4),0.0484999093954396*sqrt(Abs(s)) - 0.000425666520235315 ; Abs(-2*i + 2*r + 0.107604506905778)**(1/4)
2469,0.8505475625400896,B0*i + B0*s + B1*sqrt(Abs(s)) ; B2*r + B3*i*r,-0.000408209365679871*i - 0.000408209365679871*s + 0.048652600828935*sqrt(Abs(s)) ; 1.45644911992342*i*r + 88.859267780272*r
2470,0.8504824083775959,-i**2 + i*sqrt(Abs(B0 + i*s)) ; B1*i + B2*r,-i**2 + i*sqrt(Abs(i*s + 0.045506350835261)) ; 0.0392868387297998*i + 0.0117216827139552*r
2471,0.8504704810084149,B0*i + B0*s + B1*sqrt(Abs(s)) ; B2 - i + 2*r,3.61670276112751e-6*i + 3.61670276112751e-6*s + 0.0483423067566566*sqrt(Abs(s)) ; -i + 2*r + 1.66646362739277
2472,0.850460433956557,B0*i + B1*sqrt(Abs(s)) ; B2*r - i*r - r**2,-0.000347264096949691*i + 0.0464275810470302*sqrt(Abs(s)) ; -i*r - r**2 + 0.27617735577348*r
2473,0.8504119929580394,B0*i + B0*s + B1*sqrt(Abs(s)) ; B2*i*r - i,-3.36478573460962e-6*i - 3.36478573460962e-6*s + 0.0470450209661199*sqrt(Abs(s)) ; 3.43455289135695*i*r - i
2474,0.850374583100012,B0*sqrt(Abs(i)) + B1*sqrt(Abs(s)) ; sqrt(Abs(B2 + B3*sqrt(Abs(r)) - 2*i)),-8.88770623088851e-5*sqrt(Abs(i)) + 0.0502708822580466*sqrt(Abs(s)) ; sqrt(Abs(-2*i + 5838.86273626933*sqrt(Abs(r)) + 69662.3793542944))
2475,0.8503253279037628,B0*s + B1*sqrt(Abs(2*s - sqrt(Abs(i)))) ; B2 + i - r,2.76591183667757*s + 0.0843312289958433*sqrt(Abs(2*s - sqrt(Abs(i)))) ; i - r + 0.443738086632747
2476,0.8502637968457051,B0*i + B1*i**2 + B2*s ; i,3.97807952462758*i**2 + 0.711550779236011*i + 0.00962092912513027*s ; i
2477,0.8502349093951383,B0*s*sqrt(Abs(i*s - s)) ; B1 + i,0.0049294444153319*s*sqrt(Abs(i*s - s)) ; i + 99.9964710424465
2478,0.8501712811758845,B0*sqrt(Abs(s + sqrt(Abs(i)))) ; B1*Abs(i)**(5/2) + i*r,0.0294214576507641*sqrt(Abs(s + sqrt(Abs(i)))) ; i*r + 0.00497099727057108*Abs(i)**(5/2)
2479,0.8501497857472887,B0*i ; B1*i + i*sqrt(Abs(B2 + i)),2.1583873978476*i ; i*sqrt(Abs(i + 18.0058347460976)) - 2.04305582915848*i
2480,0.8501416100704091,B0*sqrt(Abs(i)) ; i + r,0.00213495309274907*sqrt(Abs(i)) ; i + r
2481,0.8499301890091899,B0*s + s*sqrt(Abs(i)) ; B1 + B2*i + B3*r,s*sqrt(Abs(i)) - 0.298122702126174*s ; 2.22791549744854*i + 0.0913715314302088*r + 0.0947824874828177
2482,0.8499186617017414,i**2 + i*sqrt(Abs(B0 - i)) ; B1 + B2*i,i**2 + i*sqrt(Abs(i + 4.19298601029138)) ; 2.10943057384924*i + 1.30440284297157e-5
2483,0.84990216846654,B0 + B1*i + B2*s ; i**2 - 2*i*r,-2.31962792574202*i - 1.43764121078468*s + 1.55269614811561 ; i**2 - 2*i*r
2484,0.8498752520683446,B0 + B1*i ; B2 + B3*r - i,0.01961134167676 - 9.34044163834927e-5*i ; -i + 0.215696066472886*r + 0.0307978086692162
2485,0.8498458878994344,B0*i + i*s ; r**2 + 3*r,i*s - 0.635598438257358*i ; r**2 + 3*r
2486,0.8498350461119694,B2*sqrt(Abs(B0*sqrt(Abs(s)) + B1*s)) ; B3*i*sqrt(Abs(r)),0.0178455530275395*sqrt(Abs(4.7506761933792*s + 1.51588233946246*sqrt(Abs(s)))) ; 0.000649165240584762*i*sqrt(Abs(r))
2487,0.8498255433730594,B0 + B1*i ; B2 + B3*sqrt(Abs(i)) + B4*r - i,0.000391618953229996*i + 0.0403542318069705 ; -i - 0.672081912469474*r - 0.270338577216237*sqrt(Abs(i)) + 0.351137344120709
2488,0.8497640880868339,i*s*sqrt(Abs(B0 + B1*s)) ; B2 + i + r**2,i*s*sqrt(Abs(0.0971964907091809*s - 0.10203830210316)) ; i + r**2 - 0.162566584043608
2489,0.8497124012338174,B0*i + B0*Abs(i)**(3/2) ; i,0.845971086948097*i + 0.845971086948097*Abs(i)**(3/2) ; i
2490,0.8497059238358411,B0*sqrt(Abs(i)) + B1*i ; B2 + sqrt(Abs(i*r + r)),0.0021866095050679*i + 0.0227987262268434*sqrt(Abs(i)) ; sqrt(Abs(i*r + r)) - 0.0362379936083198
2491,0.8496951916593649,B0*i + i*sqrt(Abs(s)) ; i*Abs(r)**(3/2) + i,i*sqrt(Abs(s)) + 0.173845430077735*i ; i*Abs(r)**(3/2) + i
2492,0.8496762697741813,B0*i ; B1*sqrt(Abs(r)),0.0262059753607935*i ; 16.4832176604937*sqrt(Abs(r))
2493,0.849676247848446,B0*i ; r - sqrt(Abs(r)),0.0261766452627685*i ; r - sqrt(Abs(r))
2494,0.8496760830303859,B0*i ; r*sqrt(Abs(i)),0.0263314386007507*i ; r*sqrt(Abs(i))
2495,0.8496760604580424,B0*i ; i*sqrt(Abs(r)),0.0263380425889065*i ; i*sqrt(Abs(r))
2496,0.8496760302193649,B0*i ; -r + sqrt(Abs(r)),0.0260872186868212*i ; -r + sqrt(Abs(r))
2497,0.849612094766868,i ; B0 + B1*i**2,i ; 56.0278587007221*i**2 + 0.00448735729764117
2498,0.849590413805567,B0*i ; B1*Abs(i + r)**(1/4) + i,0.993790950388222*i ; i + 0.00032733367769465*Abs(i + r)**(1/4)
2499,0.8494631438164888,B0*i + i**2*s ; i,i**2*s + 0.967793874370455*i ; i
2500,0.8493750105637714,B0 + B1*Abs(i)**(1/4) + B2*s ; i,0.0224780743004022*s + 0.156726867681759*Abs(i)**(1/4) - 0.0480795747210192 ; i
2501,0.8492770620863674,B0*Abs(i)**(3/2) ; B1*r + i,5.870606603231*Abs(i)**(3/2) ; i + 0.0243325416759959*r
2502,0.8491401260858527,B0 + sqrt(Abs(s)) ; B1 - r,sqrt(Abs(s)) - 0.958966386972751 ; 0.0275919956722556 - r
2503,0.8491029231489128,B0*i**2*s + B0*i*s ; r,0.251754156561844*i**2*s + 0.251754156561844*i*s ; r
2504,0.8490977282154389,B0*sqrt(Abs(i)) + B1*i ; B2 - i,-0.0023206314377836*i + 0.0241358515088335*sqrt(Abs(i)) ; 0.0173882749477562 - i
2505,0.8490597807551719,B0*Abs(i)**(3/2) ; i,5.6247433863533*Abs(i)**(3/2) ; i
2506,0.8490097034474418,i*s**2 ; i,i*s**2 ; i
2507,0.848895079267715,B0*s + B0*Abs(i)**(1/4) + B1*i ; i,0.816032342794025*i + 0.00855668073664568*s + 0.00855668073664568*Abs(i)**(1/4) ; i
2508,0.8488242264225052,B0*Abs(s + sqrt(Abs(s)))**(1/4) ; B1 + i,0.0181507183648203*Abs(s + sqrt(Abs(s)))**(1/4) ; i + 0.180581206369252
2509,0.8488200450076765,B0*i + B0*s + B1*sqrt(Abs(s)) ; -i + r,-2.57613808419599e-6*i - 2.57613808419599e-6*s + 0.0400861936848636*sqrt(Abs(s)) ; -i + r
2510,0.8488004697555432,-s**2 + s*sqrt(Abs(B0 + i)) ; B1 + B2*i,-s**2 + s*sqrt(Abs(i + 9.69555431765555)) ; 0.0792642576195328*i + 0.192925449357669
2511,0.8487472509984836,B0*s*Abs(i)**(3/2) ; B1*i,2.57983015022037*s*Abs(i)**(3/2) ; 0.377024365299747*i
2512,0.84873471942638,B0*i + i*s**2 ; B1*r + i*r + i - r**2,i*s**2 + 0.000409049228586582*i ; i*r + i - r**2 - 0.163797314938497*r
2513,0.8486317475363315,B0*sqrt(Abs(i)) + B1*i + B2*s ; Abs(i)**(1/4),0.00111245798042908*i + 0.0215105255658051*s + 0.01085605194896*sqrt(Abs(i)) ; Abs(i)**(1/4)
2514,0.8485600765791541,B0 + B1*i + i**2 - i*s ; B2 + i*r - i,i**2 - i*s + 0.124507543367555*i + 0.0110568024173066 ; i*r - i + 0.0216524778900835
2515,0.8484862990581408,B0*sqrt(Abs(s)) + B1*i*sqrt(Abs(s)) ; B2 + B3*i,0.0560272667082178*i*sqrt(Abs(s)) - 0.018109332851292*sqrt(Abs(s)) ; 0.475524987702584*i - 0.440924740910064
2516,0.8484847508179753,B0*i**2 ; B1 + B2*r**2,7.65532406572723e-5*i**2 ; 18.8882253313787 - 0.102370378994836*r**2
2517,0.8483025292158533,B0 + B1*i ; B2 + i**2 - i,6.6467200253397e-5*i + 0.0176491634533865 ; i**2 - i + 0.0482599933498088
2518,0.8482897827018749,B0*sqrt(Abs(i))*sqrt(Abs(s)) ; B1*r*sqrt(Abs(i)),0.0448269546343968*sqrt(Abs(i))*sqrt(Abs(s)) ; 0.0766720584248321*r*sqrt(Abs(i))
2519,0.8482881791450919,B0*sqrt(Abs(i))*sqrt(Abs(s)) ; r,0.0448269538501697*sqrt(Abs(i))*sqrt(Abs(s)) ; r
2520,0.8482694674220406,B0*sqrt(Abs(i))*sqrt(Abs(s)) ; B1*r,0.0446501951828441*sqrt(Abs(i))*sqrt(Abs(s)) ; 0.188714813845969*r
2521,0.8482441398540295,B0*sqrt(Abs(i))*sqrt(Abs(s)) ; -r**2,0.0443727997298759*sqrt(Abs(i))*sqrt(Abs(s)) ; -r**2
2522,0.8482373465447745,i**2 - i*s + Abs(i)**(3/2) ; B0 + B1*Abs(i)**(1/4) + i,i**2 - i*s + Abs(i)**(3/2) ; i + 0.0656960163583162*Abs(i)**(1/4) + 0.0625144019824318
2523,0.8482098516221583,B0 + B1*i ; B2*sqrt(Abs(r)) - i*sqrt(Abs(r)) + i,0.0542476511235412 - 0.177482553202246*i ; -i*sqrt(Abs(r)) + i - 0.0259824114545977*sqrt(Abs(r))
2524,0.8480169200027953,B0 + B1*i ; B2 + r + Abs(i)**(1/4),8.70304846845775e-5*i + 0.0196115065355015 ; r + Abs(i)**(1/4) - 0.363433630493318
2525,0.8480068755956802,B0 + B1*i ; B2*i + i**2,0.0231911038676766 - 0.0527890487871515*i ; i**2 - 0.187355194982463*i
2526,0.8479332496404672,B0*Abs(i)**(1/8) + B1*i ; B2*r + B3*r**2,-0.0569803593191572*i + 0.0639246237687946*Abs(i)**(1/8) ; 1.1998793947827*r**2 + 2.57270307449143*r
2527,0.8478747487176024,B0 + B1*i ; B2*i*r + B2*i*sqrt(Abs(i - sqrt(Abs(i)))),0.448564591306184*i + 0.000132433323065458 ; 0.551161913041247*i*r + 0.551161913041247*i*sqrt(Abs(i - sqrt(Abs(i))))
2528,0.8478326616130513,B0*i + B1*s ; B2*i + B3*i**2 + B3*i*r,0.42540834665214*i + 0.000762615464334043*s ; 0.530490560936106*i**2 + 0.530490560936106*i*r + 0.182954185728778*i
2529,0.847762523265089,B0*s**2*Abs(i)**(1/4) ; i,0.0977884946326191*s**2*Abs(i)**(1/4) ; i
2530,0.8477451975094796,Abs(i)**(5/4) ; i,Abs(i)**(5/4) ; i
2531,0.847744878313628,B0 - i ; r + sqrt(Abs(r)),0.046405277213455 - i ; r + sqrt(Abs(r))
2532,0.8477448782558992,B0 - i ; B1*sqrt(Abs(r)),0.0463976219513666 - i ; 79.003677285369*sqrt(Abs(r))
2533,0.8477448782035207,B0 + s ; B1*sqrt(Abs(r)),s - 0.953605295180298 ; 27.9742498271793*sqrt(Abs(r))
2534,0.847739564418884,B0*sqrt(Abs(i)) + B1*s*sqrt(Abs(i)) ; B2 + i,0.0149960183374429*s*sqrt(Abs(i)) + 0.00198654320245105*sqrt(Abs(i)) ; i + 9.67902404845112
2535,0.8477340348064383,B0*i ; B1*r - r**2 + sqrt(Abs(i)),-0.0270616354973593*i ; -r**2 + 0.0283100930501317*r + sqrt(Abs(i))
2536,0.8476777666603114,B0*sqrt(Abs(s + sqrt(Abs(i)))) ; r,0.0125761500733309*sqrt(Abs(s + sqrt(Abs(i)))) ; r
2537,0.8476739532477188,B0*i*s + B1*i*s**2 ; i,-2.09185643495289*i*s**2 + 3.06421123843962*i*s ; i
2538,0.8476660772724102,B0*i ; B1*i + i*r + i*sqrt(Abs(B2 + r)),0.556738375765444*i ; i*r + i*sqrt(Abs(r - 1.48457073545253)) - 0.868263435249602*i
2539,0.8476587764592443,B0 + B1*i**2 + i ; i,-0.480330861586216*i**2 + i - 0.000216700541664666 ; i
2540,0.8476568755226588,B0*sqrt(Abs(i))*Abs(s)**(5/4) ; 2*i,0.297255769600024*sqrt(Abs(i))*Abs(s)**(5/4) ; 2*i
2541,0.8476113532485264,i*s*sqrt(Abs(B0 - i)) ; i,i*s*sqrt(Abs(i - 1.53328453241677)) ; i
2542,0.8476093665354846,sqrt(Abs(B0 + B1*sqrt(Abs(i))*sqrt(Abs(s)))) ; i,sqrt(Abs(0.00693384673839921*sqrt(Abs(i))*sqrt(Abs(s)) - 0.000309458599341067)) ; i
2543,0.8475807103313747,B0*i**2 ; i,31.6378342871984*i**2 ; i
2544,0.8475722275910588,B0 + B1*i + B1*s**2 + B2*s ; r,-0.280587931209148*i - 0.280587931209148*s**2 + 0.0234708253675816*s + 0.260696703703736 ; r
2545,0.847556124344305,B0 + B1*s**2 + B1*s ; r,0.021285559610167*s**2 + 0.021285559610167*s + 0.00370028334607745 ; r
2546,0.8474522138793266,B0*s + B0*sqrt(Abs(i)) + B1*i ; r,-0.0303010154179526*i + 0.037565059737741*s + 0.037565059737741*sqrt(Abs(i)) ; r
2547,0.8473657696298191,i*sqrt(Abs(B0 + B1*sqrt(Abs(i)))) ; i,i*sqrt(0.379901739197682*sqrt(Abs(i)) + 0.903396982845178) ; i
2548,0.8472833692380782,i*Abs(B0 + B1*i)**(1/4) ; i,i*Abs(2.67457612022228*i + 0.860869212620051)**(1/4) ; i
2549,0.8472797527046784,B0*i + B1*i**2 ; i,0.713449258855561*i**2 + 0.963603996638205*i ; i
2550,0.8472667971160404,B0 + B1*i*s + B1*i + B2*s ; B3 + B4*i + i**2,0.122098088352747*i*s + 0.122098088352747*i + 0.0432735021694049*s - 0.0355462446852224 ; i**2 - 0.305556569640877*i + 0.0125202210371231
2551,0.8472583958814128,B0*i + i**2 ; B1 + i - r,i**2 - 0.0475221559310414*i ; i - r + 0.393104823469701
2552,0.8472438067247763,i*Abs(B0 + 2*i)**(1/4) ; i,i*Abs(2*i + 0.874122840467644)**(1/4) ; i
2553,0.8472427543145334,B0*i + B0*s ; B1*i + r,0.0110407388776144*i + 0.0110407388776144*s ; 20.0543205810696*i + r
2554,0.847207357355158,B0*i + B0*sqrt(Abs(i)) + B1*s ; i,0.0807667038922306*i + 0.0252715196861946*s + 0.0807667038922306*sqrt(Abs(i)) ; i
2555,0.8472051868721293,B0*sqrt(Abs(i)) + B1*s*sqrt(Abs(i)) ; B2 + 2*i,0.211839341374484*s*sqrt(Abs(i)) + 0.0164372814412326*sqrt(Abs(i)) ; 2*i + 0.139744859876557
2556,0.8472014502580167,B0*s + B1*i*s + B1*s**2 ; B2*i + r,-0.179075012173296*i*s - 0.179075012173296*s**2 + 0.186580519010805*s ; 3.7007643148277*i + r
2557,0.8471930582227871,B0*i + B1*i*s - s ; B2*r - i + sqrt(Abs(i)),-0.0371957002512222*i*s - 0.0027606541059125*i - s ; -i + 151.357845323303*r + sqrt(Abs(i))
2558,0.8471790392650008,B0 + B1*i + i**2 ; i,i**2 + 0.958018250028102*i - 1.17445376870794e-5 ; i
2559,0.8471591984289584,B0*s - s*sqrt(Abs(B1*s + B2*i)) ; r*Abs(B3 - i + r**2)**(1/4),-s*sqrt(Abs(3.947910486289*i + 5.00079553096614*s)) + 2.24265107846064*s ; r*Abs(-i + r**2 + 0.241856184223748)**(1/4)
2560,0.847155017972069,B0*s - s*sqrt(Abs(B1 + s)) ; B2*r + B3*r*sqrt(Abs(i)) + i*r,-s*sqrt(Abs(s + 3.54520877992537)) + 2.13843640235904*s ; i*r + 0.000117351645805378*r*sqrt(Abs(i)) + 0.000113975721398113*r
2561,0.8471464548631279,B0*sqrt(Abs(i)) + B1*i + B1*s ; i,0.0231057995818117*i + 0.0231057995818117*s + 0.106179717350627*sqrt(Abs(i)) ; i
2562,0.8470854835472317,B0*i + B1*s + B1*sqrt(Abs(s)) ; B2 + i*r + i,-0.0781466898444345*i + 0.0255936367169603*s + 0.0255936367169603*sqrt(Abs(s)) ; i*r + i - 0.00284312386220039
2563,0.8470563196148988,B0*i + B1*i**2 ; B2*r + B3*i*r + B3*r**2,-0.340038121422649*i**2 + 0.29835602400671*i ; 0.00278114678276893*i*r + 0.00278114678276893*r**2 + 0.112449892140187*r
2564,0.8470526022155774,B0 + B1*i ; B2 - i**2 - i,0.0150512109796708 - 3.89863396534458e-5*i ; -i**2 - i + 0.0299331461285746
2565,0.8470111092990678,B0*i + B1*Abs(s)**(1/4) ; i,0.982726147724198*i - 0.00011104809411745*Abs(s)**(1/4) ; i
2566,0.84700959941348,B0*i**2 + B1*i**2*sqrt(Abs(s)) ; B2 + B3*r,-0.617755139778594*i**2*sqrt(Abs(s)) + 0.615851824621643*i**2 ; 2.52406889606449 - 2.33770448707445*r
2567,0.8469836876094552,B0 + B1*s**2 + B2*s*sqrt(Abs(i)) ; r,-0.0218243566845532*s**2 + 0.17493574492606*s*sqrt(Abs(i)) + 0.00108264284292409 ; r
2568,0.8469698405878192,B0 + B1*s**3 ; B2 - sqrt(Abs(r)),0.0362426646461767*s**3 + 0.00540060800493273 ; 0.00464851560120315 - sqrt(Abs(r))
2569,0.8468501273808855,B0*s + B1*i*s + B1*s**2 ; i,-0.265045044488552*i*s - 0.265045044488552*s**2 + 0.275218549324115*s ; i
2570,0.8468275070876714,s*Abs(B0 + 2*s)**(1/4) ; B1*r - 2*i*r,s*Abs(2*s - 53.8375471863656)**(1/4) ; -2*i*r + 76.9142480613296*r
2571,0.8468260427126598,B0 + B1*s + B2*s*sqrt(Abs(i)) ; i,0.101563583086518*s*sqrt(Abs(i)) + 2.57375333147578*s + 0.322655448942803 ; i
2572,0.846797469573241,B0*i + B1*s + B1*sqrt(Abs(s)) ; r,-9.77954008497112e-5*i + 0.0238955850455913*s + 0.0238955850455913*sqrt(Abs(s)) ; r
2573,0.8466996516825647,B0*i - i**3 ; i,-i**3 + 0.976830605084356*i ; i
2574,0.8466874026803274,B0*i + B1*s ; -r + sqrt(Abs(B2*r + i + r**2)),0.45874863868587*i + 0.0433495702127389*s ; -r + sqrt(Abs(i + r**2 + 0.0100710231018104*r))
2575,0.8466667113503991,B0*s + B1*i*s + B1*s**2 ; sqrt(Abs(B2*r + i)),-0.0487223035524876*i*s - 0.0487223035524876*s**2 + 0.0562673530547749*s ; sqrt(Abs(i + 0.835599462285401*r))
2576,0.8466647833039695,B1*sqrt(Abs(B0 + i)) ; B2 - r**2 + sqrt(Abs(i)),0.0121300762111792*sqrt(Abs(i - 0.00525406210618486)) ; -r**2 + sqrt(Abs(i)) + 0.0553501331760739
2577,0.8466524405384492,B0*i + B0*sqrt(Abs(i)) + B1*s ; B2*r,0.275095302956199*i + 3.13490441942862*s + 0.275095302956199*sqrt(Abs(i)) ; 60.4290211499205*r
2578,0.8465195101962854,B0*sqrt(Abs(s + sqrt(3)*sqrt(Abs(i)))) ; B1 + sqrt(Abs(B2 + i)),0.00286425293139863*sqrt(Abs(s + sqrt(3)*sqrt(Abs(i)))) ; sqrt(Abs(i - 23.5233616315816)) + 80.5823348760182
2579,0.8465023802848459,B0 + B1*i + B2*s ; -2*i*r + i + Abs(i)**(5/4),-2.50156359645619*i - 0.508087786832973*s + 0.476807106197314 ; -2*i*r + i + Abs(i)**(5/4)
2580,0.8464978037243583,B0 + B1*sqrt(Abs(i)) ; B2*i*r + B2*r**2,0.0607862439353161 - 0.0554804585314565*sqrt(Abs(i)) ; 6.69396910561728*i*r + 6.69396910561728*r**2
2581,0.846486430023591,B0*i ; B1 + B2*r*sqrt(Abs(i)),-0.0118317327923221*i ; -1.42158708039321*r*sqrt(Abs(i)) + 4.35913597450469
2582,0.8464244169455991,B0*i - i**2 ; B1 - 2*i,-i**2 - 4.76420766375317*i ; 0.00661947245197549 - 2*i
2583,0.8463689308970102,B0 - i ; B1*Abs(i)**(3/2) + i,0.0193771286922781 - i ; i + 5.42850134021147*Abs(i)**(3/2)
2584,0.8463379805758887,B0 + i*s ; B1*i + r,i*s + 0.0458124469440939 ; 4.80357538770618*i + r
2585,0.846317954437829,B0*sqrt(Abs(i))*sqrt(Abs(s)) ; B1*i - 2*i**2,0.0036186251050702*sqrt(Abs(i))*sqrt(Abs(s)) ; -2*i**2 - 0.750981349666784*i
2586,0.8463017900646183,B0*i*s + B0*s + B1*s**2 ; Abs(B2 + i + r)**(1/4),-0.018772303718559*i*s + 0.0218263309146144*s**2 - 0.018772303718559*s ; Abs(i + r - 0.0146673780842931)**(1/4)
2587,0.8462907197072614,B0*i - i**2 ; B1 + i,-i**2 - 0.290880769633562*i ; i + 0.254613006310009
2588,0.8462254023350313,B0*s + B1*i*s ; B2 + B3*i*sqrt(Abs(r)) + i*Abs(r)**(3/2),-0.486793963161945*i*s + 0.0111728884156198*s ; i*Abs(r)**(3/2) - 1.0617882972643*i*sqrt(Abs(r)) + 0.0260108314838541
2589,0.8462070364406845,B0*i*s ; 2*i,2.10231703168087*i*s ; 2*i
2590,0.8461618479897702,B0*sqrt(Abs(i + s)) ; B1 - Abs(B2 + i)**(1/4),0.00118831410559945*sqrt(Abs(i + s)) ; -Abs(i - 17.2938604656421)**(1/4) - 137.379771190946
2591,0.8461410775442797,B0*i ; B1*Abs(i)**(3/2) - i,0.613202493111052*i ; -i + 11.6108492316568*Abs(i)**(3/2)
2592,0.8461405622400368,B0*sqrt(Abs(i + sqrt(Abs(s)))) ; B1 - i,0.00118733878159782*sqrt(Abs(i + sqrt(Abs(s)))) ; -i - 112.948449885978
2593,0.8461405600190132,B0*sqrt(Abs(i + sqrt(Abs(s)))) ; B1 + r,0.00118734051814145*sqrt(Abs(i + sqrt(Abs(s)))) ; r - 113.043483277757
2594,0.8461405599855506,B0*sqrt(Abs(i + sqrt(Abs(s)))) ; B1 - sqrt(Abs(r)),0.00118733984905391*sqrt(Abs(i + sqrt(Abs(s)))) ; -sqrt(Abs(r)) - 135.995330233721
2595,0.8461166645623271,B0 - i + s ; B1*Abs(i)**(3/2),-i + s - 0.83081437668801 ; 0.777856683160473*Abs(i)**(3/2)
2596,0.8461082857752528,B0*i + i**2 ; B1 + 2*i,i**2 + 0.57631251635292*i ; 2*i - 0.0278897048220072
2597,0.8461033944690236,B0 + B1*i ; B2 - 2*i + r,0.0140964319898705 - 2.35994938864783e-5*i ; -2*i + r + 0.0367550889256526
2598,0.8461026238028235,B0*i*sqrt(Abs(s)) + i**2 + i*s ; B1*i,i**2 + i*s - 0.540215643081707*i*sqrt(Abs(s)) ; 0.246403771997719*i
2599,0.8461016829977216,B0*Abs(i)**(3/2) ; B1 + 3*i,4.3623963029473e-5*Abs(i)**(3/2) ; 3*i + 40.3884398958852
2600,0.8460943278680931,B0 + B1*i + B1*s ; B2 - i,0.000225500663202922*i + 0.000225500663202922*s + 0.0317447298592535 ; 0.0635713229597021 - i
2601,0.8460886409421612,B0*sqrt(Abs(i)) ; B1*r + B1*sqrt(Abs(i)),0.00118740325508767*sqrt(Abs(i)) ; 857.954223765277*r + 857.954223765277*sqrt(Abs(i))
2602,0.8460858917444957,B0*sqrt(Abs(i + sqrt(Abs(i)))) ; B1 + r,0.00125177080193928*sqrt(Abs(i + sqrt(Abs(i)))) ; r + 120.348111516663
2603,0.8460858902264322,B0*sqrt(Abs(i + sqrt(Abs(i)))) ; B1 - 2**(1/4)*Abs(r)**(1/4),0.00113226947821379*sqrt(Abs(i + sqrt(Abs(i)))) ; -2**(1/4)*Abs(r)**(1/4) - 143.078265652802
2604,0.846085883615925,B0*i**2 ; Abs(B1 + B2*i)**(1/4),1.18781969629223e-6*i**2 ; Abs(639070934.396824*i + 820795925.215471)**(1/4)
2605,0.846085855371057,B0*sqrt(Abs(i)) ; sqrt(Abs(B1 - sqrt(Abs(i - r)))),0.00118753316054842*sqrt(Abs(i)) ; sqrt(sqrt(Abs(i - r)) + 22195.9631002494)
2606,0.8460858550841035,B0*sqrt(Abs(i)) ; Abs(B1 - 2*i)**(1/4),0.00118741542344379*sqrt(Abs(i)) ; Abs(2*i - 492508842.159794)**(1/4)
2607,0.8460858538880687,B0*sqrt(Abs(i)) ; B1 + B2*i + r,0.00118753413953364*sqrt(Abs(i)) ; -0.594906328544647*i + r + 108.538782410703
2608,0.846085809982372,B0*i ; B1 - i - 2*r,0.00011875321616147*i ; -i - 2*r - 247.103991685978
2609,0.8460858053321201,B0*i ; B1 + sqrt(Abs(r - sqrt(Abs(i)))),-0.000118753204990274*i ; sqrt(Abs(r - sqrt(Abs(i)))) + 167.849173465833
2610,0.8460858047682681,B0 + B1*i ; B2 - i*r - i,0.00830253116764718 - 3.57276681306417e-5*i ; -i*r - i - 709.153651385813
2611,0.8460857980187751,B0*i**3 ; B1 + 2*r,-1.18753223111251e-8*i**3 ; 2*r + 179.104997749677
2612,0.8460857980141775,B1*sqrt(Abs(B0 + i)) ; B2 + i**2 + r,0.000877666573566677*sqrt(Abs(i - 83.0273094418225)) ; i**2 + r + 7.1854021191728
2613,0.8460857977763379,B0*i ; Abs(B1 + i - r)**(1/4),-0.000118752183990621*i ; Abs(-i + r + 887400909.949752)**(1/4)
2614,0.8460857976029822,B0*i ; Abs(B1 - i**2)**(1/4),-0.00011875186127628*i ; Abs(i**2 + 889435191.308302)**(1/4)
2615,0.8460857972545908,B0*i ; Abs(B1 - i + r)**(1/4),-0.000118751504744717*i ; Abs(-i + r + 892232598.337629)**(1/4)
2616,0.846085795662333,B1*sqrt(Abs(B0 + i)) ; B2 - 3*i,0.00138229766791815*sqrt(Abs(i + 26.1964490264382)) ; 81.0749913331088 - 3*i
2617,0.8460857953591032,B0*i ; Abs(B1*r + B2)**(1/4),-0.000118745150445236*i ; Abs(44391098.9930084*r + 439382062.292901)**(1/4)
2618,0.8460857418486831,B0*Abs(i)**(3/2) ; Abs(B1 - i + r)**(1/4),1.18737022911778e-5*Abs(i)**(3/2) ; Abs(-i + r + 1125098072.0996)**(1/4)
2619,0.8460857382641676,B0*i**2 ; Abs(B1 + i*r)**(1/4),1.18736969925122e-6*i**2 ; Abs(i*r - 1213986732.64441)**(1/4)
2620,0.8460848690984217,B0*i**3 ; Abs(B1 + r)**(1/4),-1.18815475353498e-8*i**3 ; Abs(r + 1113323441.81755)**(1/4)
2621,0.8460845336103471,B0*Abs(i)**(1/8) ; Abs(B1 - r)**(1/4),0.00667516081641448*Abs(i)**(1/8) ; Abs(r + 19544344.4626501)**(1/4)
2622,0.8460829299447762,B0*i**2 - i ; 2*i,34.4998321741539*i**2 - i ; 2*i
2623,0.8460813335363353,B0 + i**3 ; B1 + i,i**3 + 0.0142416307000699 ; i + 0.146889051560817
2624,0.8460797616752175,B0 + i**2 ; B1*i**2 - i,i**2 + 0.00956642022486378 ; 25.9767888685221*i**2 - i
2625,0.8460779728190544,B0*i - i**2 ; B1 - i,-i**2 - 3.77089568058743*i ; 0.00841284073396983 - i
2626,0.8460769117062961,B0 + i**2 ; B1*i + i**2,i**2 + 0.0114047979613973 ; i**2 + 0.550213172307273*i
2627,0.8460672241364934,B0 + B1*i**2 ; 2*i,2.02551336172341*i**2 + 0.011760166602863 ; 2*i
2628,0.8460668633583461,B0*i ; Abs(B1*r - i)**(1/4),-0.000118942875509811*i ; Abs(i - 8143899369.71081*r)**(1/4)
2629,0.8460665956993814,B1*sqrt(Abs(B0 + i)) ; B2 + i - Abs(i)**(1/4),0.000129589975896855*sqrt(Abs(i + 8238.66799902818)) ; i - Abs(i)**(1/4) - 1175.11673213549
2630,0.8460664450435064,sqrt(Abs(B0 - sqrt(Abs(i + s)))) ; sqrt(Abs(r)),sqrt(Abs(sqrt(Abs(i + s)) - 1.0001401264073)) ; sqrt(Abs(r))
2631,0.8460664133441697,B1*Abs(B0 + i)**(1/4) ; 2*r,0.000478896839151828*Abs(i + 371906.677231829)**(1/4) ; 2*r
2632,0.8460094025635623,B0*sqrt(Abs(i + s)) ; B1 - i + Abs(i)**(1/4),0.00118677239827416*sqrt(Abs(i + s)) ; -i + Abs(i)**(1/4) + 115.30277329518
2633,0.845976278473134,B0*i + B0*sqrt(Abs(s)) ; B1 + r**2,-0.000118819444162433*i - 0.000118819444162433*sqrt(Abs(s)) ; r**2 + 151.237165097425
2634,0.8459459633262887,B0*s + B2*sqrt(Abs(B1*i + s)) ; B3*r,0.153299809499059*s - 0.122702249475462*sqrt(Abs(0.913136987957292*i - s)) ; 0.046872595137919*r
2635,0.8459246599276303,B1*sqrt(Abs(B0 + i + 2*s)) ; B2 - sqrt(Abs(i)),0.0226952059821916*sqrt(Abs(i + 2*s - 99.8890132588402)) ; -sqrt(Abs(i)) - 208.114632980435
2636,0.8458826458533065,B0*sqrt(Abs(i)) + B1*s**2 ; i,0.0300613531967292*s**2 + 0.0692765341779704*sqrt(Abs(i)) ; i
2637,0.845850553812487,B0*i*Abs(s)**(1/4) ; B1*i**2 + i**3,0.535868697489728*i*Abs(s)**(1/4) ; i**3 + 8.31476996501348*i**2
2638,0.8458322650364066,sqrt(2)*i*sqrt(Abs(s)) ; B0 + i,sqrt(2)*i*sqrt(Abs(s)) ; i + 0.00128084855330545
2639,0.8458168103401636,2*i**2 ; B0 + i,2*i**2 ; i + 0.0892180878141952
2640,0.8457826514745757,B0*i + B2*sqrt(Abs(B1 + i - s)) ; B4*sqrt(Abs(B3 - i)) - i,-0.00302082779217554*i + 0.030453391363006*sqrt(Abs(i - s + 1.67635399714057)) ; -i + 0.385369259213447*sqrt(Abs(i - 0.0256249519098302))
2641,0.8457484511628686,B0*sqrt(Abs(i)) + B1*s*sqrt(Abs(i)) ; B2*r**2 + i,0.0897195695506785*s*sqrt(Abs(i)) + 0.111623699820377*sqrt(Abs(i)) ; i + 0.00349616235742307*r**2
2642,0.8456395810513245,B0*i + B1*sqrt(Abs(s)) - s ; r*sqrt(Abs(B2*i + i**2 - i*r)),-0.302521027299627*i - s + 1.00634228763522*sqrt(Abs(s)) ; r*sqrt(Abs(i**2 - i*r + 0.021531948367159*i))
2643,0.845590832382543,B0*i*s + B1*i**2*s ; B2 + r,-7.9708839334537e-6*i**2*s - 0.00161531731687541*i*s ; r + 0.0601202167008903
2644,0.8455207134664233,B0*s - s**2 + s*sqrt(Abs(i - s)) ; i,-s**2 + s*sqrt(Abs(i - s)) - 0.00164052345930713*s ; i
2645,0.8454930248296717,B0*Abs(i)**(5/4) ; i,2.37104459378069*Abs(i)**(5/4) ; i
2646,0.8454568681945225,s - sqrt(Abs(s)) ; r,s - sqrt(Abs(s)) ; r
2647,0.8454476839765179,B0 + B1*i**2 + B2*i*s ; B3 - 2*i**2,-0.812991200647797*i**2 - 2.52812982490057*i*s - 0.0089868458977001 ; 0.0471728687550606 - 2*i**2
2648,0.8454418390045277,B0*s + B1*i*s + B1*Abs(s)**(3/2) ; i,-0.438591540100024*i*s + 0.458368317065365*s - 0.438591540100024*Abs(s)**(3/2) ; i
2649,0.8454385697034654,B0*s + B0*sqrt(Abs(B1*s + B2*i)) ; B3 - i - r,2.68120311746176*s + 2.68120311746176*sqrt(Abs(0.0013680553662083*i + 0.0089626298876059*s)) ; -i - r - 4.44273478947323
2650,0.8454241915425601,i*Abs(s)**(5/4) ; i,i*Abs(s)**(5/4) ; i
2651,0.8453639445998491,B0*i*s + B1*i**2*s ; B2 - i,-7.18510792140014e-6*i**2*s - 0.0015340817679946*i*s ; 0.0855009581044415 - i
2652,0.8453052327763265,B0*s + B1*i*s + B1*s**2 ; sqrt(Abs(i)),-0.00283562950423245*i*s - 0.00283562950423245*s**2 + 0.0208566958247778*s ; sqrt(Abs(i))
2653,0.8453043932085627,B0*sqrt(Abs(s - sqrt(Abs(i)))) ; B1 - r + sqrt(Abs(r)),0.00375121339826888*sqrt(Abs(s - sqrt(Abs(i)))) ; -r + sqrt(Abs(r)) + 89.9397163285908
2654,0.845227237406595,B0*sqrt(Abs(i)) ; 2*i + r,0.0125923145027252*sqrt(Abs(i)) ; 2*i + r
2655,0.8452099937572849,B0*s + B1*Abs(i + s)**(1/4) ; i*r - i*sqrt(Abs(r)) + i,0.0342474967753682*s + 0.0126327255098137*Abs(i + s)**(1/4) ; i*r - i*sqrt(Abs(r)) + i
2656,0.8452016764869477,B0 - i + Abs(s)**(1/4) ; B1*i**2,-i + Abs(s)**(1/4) - 0.871521178395006 ; 5.1375707386895*i**2
2657,0.8451314924567612,B0*i**2*s + B0*i*s**2 ; B1*r - i*r,0.300039981398649*i**2*s + 0.300039981398649*i*s**2 ; -i*r + 0.000211184575743566*r
2658,0.8450780189822407,B0*i*s - i*s**2 ; i,-i*s**2 + 2.11535452237163*i*s ; i
2659,0.845001832815607,B0*i**2 + B1*i*s ; B2 + r,5.79129930751005e-7*i**2 - 0.000431897147137905*i*s ; r + 243.961287164931
2660,0.8449369571488181,i*Abs(s)**(5/4) ; i*sqrt(Abs(B0 + sqrt(Abs(r)))),i*Abs(s)**(5/4) ; i*sqrt(sqrt(Abs(r)) + 0.319814406394969)
2661,0.8449243070733283,B0 + B1*i ; B2 + B3*sqrt(Abs(r)) - i,0.0237822853465098 - 0.00014249146271807*i ; -i + 0.174074045624829*sqrt(Abs(r)) + 0.0222665577528388
2662,0.844920829507326,s*sqrt(Abs(B0*i + i**2)) ; B1 + 2*i + sqrt(Abs(r)),s*sqrt(Abs(i**2 + 0.0895695292307029*i)) ; 2*i + sqrt(Abs(r)) - 0.340855681278533
2663,0.8449191137374419,B0*s*sqrt(Abs(i)) ; B1 + i*r - 2*i + r**2,0.00736676603957232*s*sqrt(Abs(i)) ; i*r - 2*i + r**2 + 0.0321766370278932
2664,0.8448622983209613,B0*s**3 ; B1*i - i*r + r,0.0423923012363437*s**3 ; -i*r + 0.239395017110191*i + r
2665,0.8448622982957751,B0*s**3 ; B1*sqrt(Abs(i))*sqrt(Abs(r)) + i,0.0423945710321817*s**3 ; i + 0.0546563083971225*sqrt(Abs(i))*sqrt(Abs(r))
2666,0.8448622982939799,B0*s**3 ; B1*r - r**3,0.0423946294266238*s**3 ; -r**3 + 0.0023474763401945*r
2667,0.8448380386270259,B0*sqrt(Abs(i*s + i)) ; B1 - sqrt(Abs(r)),0.00152146992269206*sqrt(Abs(i*s + i)) ; 47.5682632016535 - sqrt(Abs(r))
2668,0.8447753466249408,B1*sqrt(Abs(B0 - s + sqrt(Abs(i)))) ; i,0.0359818213511877*sqrt(Abs(-s + sqrt(Abs(i)) + 0.228629974282494)) ; i
2669,0.844741231065647,B0*Abs(i)**(1/4)*Abs(s)**(1/4) - i ; B1 + B3*sqrt(Abs(B2 + i)),-i + 0.231933720141927*Abs(i)**(1/4)*Abs(s)**(1/4) ; 0.194628463598508*sqrt(Abs(i - 0.036637263461125)) - 0.00876149094082504
2670,0.8447188046142606,B0 - i ; B1*i**2 + B2*i*r,0.0812486470522194 - i ; 21.0540563480918*i**2 - 1.58012945874075*i*r
2671,0.8447040712837555,B0*sqrt(Abs(s)) + B1*i*sqrt(Abs(s)) ; B2*r,-0.0127393239609179*i*sqrt(Abs(s)) + 0.0417947613838975*sqrt(Abs(s)) ; 0.000197083722994201*r
2672,0.8447022153179755,B0*sqrt(Abs(s)) + B1*i*sqrt(Abs(s)) ; B2*sqrt(Abs(r)),-0.0129141142236832*i*sqrt(Abs(s)) + 0.0419233449176838*sqrt(Abs(s)) ; 24.6360445969133*sqrt(Abs(r))
2673,0.8446887240055106,B0*sqrt(Abs(s)) + B1*i*sqrt(Abs(s)) ; r*sqrt(Abs(B2 + i - r**2)),-0.0135377865618268*i*sqrt(Abs(s)) + 0.0423479843795435*sqrt(Abs(s)) ; r*sqrt(Abs(i - r**2 + 0.00558283623092643))
2674,0.8446782590817375,B0*s**2 + B0*Abs(s)**(3/2) ; B1 + B2*r,0.0220499867463366*s**2 + 0.0220499867463366*Abs(s)**(3/2) ; 0.749677354864746*r + 2.43098957694006
2675,0.8446743935368297,B0 + B2*sqrt(Abs(B1*s + i*s)) ; B3*r + 2*r**2,0.0327226448953103*sqrt(Abs(i*s + 1.97386676559644*s)) - 0.000596602967730038 ; 2*r**2 + 0.0107089741396145*r
2676,0.8446471580777124,B0*Abs(i)**(1/8)*Abs(s)**(1/4) - i ; B1 + B2*r + i*r - r**2,-i + 0.0865575972963442*Abs(i)**(1/8)*Abs(s)**(1/4) ; i*r - r**2 + 0.554073388120352*r + 0.000488261342845947
2677,0.8445999150233345,B0*i**2 ; B1*i + i**2 - i*r,40.7211560716385*i**2 ; i**2 - i*r + 3.66823264519721*i
2678,0.8445621349260423,B0*i + B1*s + B2*i*s ; sqrt(Abs(B3 + i)),-0.000818772905762074*i*s - 5.20483078427022e-5*i - 0.0117248933229239*s ; sqrt(Abs(i + 235.704036715128))
2679,0.8445366012007803,B0*i + B1*i**2 + B1*i*s ; Abs(B2 - i + r)**(1/4),-2.13504952862399e-5*i**2 - 2.13504952862399e-5*i*s - 0.00214975166287705*i ; Abs(-i + r + 240.009224831365)**(1/4)
2680,0.8445244808242075,B0*sqrt(Abs(i)) + B1*s ; -i*r + r*Abs(i + r)**(1/4),0.0460177117148508*s + 0.00829065253105858*sqrt(Abs(i)) ; -i*r + r*Abs(i + r)**(1/4)
2681,0.844443683886344,B1*sqrt(Abs(B0*Abs(s)**(1/4) + i)) ; B2*Abs(i)**(1/4) + i,0.00752061854116004*sqrt(Abs(i + 23.6803416677216*Abs(s)**(1/4))) ; i + 6.50712091306935*Abs(i)**(1/4)
2682,0.8442052449172852,B0*i*s + B0*i + B0*s ; r,0.0420784145962828*i*s + 0.0420784145962828*i + 0.0420784145962828*s ; r
2683,0.844188428543774,s*sqrt(Abs(B0 - s)) ; i*r - sqrt(Abs(i))*Abs(r)**(3/2),s*sqrt(Abs(s - 7.24073218391097)) ; i*r - sqrt(Abs(i))*Abs(r)**(3/2)
2684,0.844145442904437,B0*Abs(i)**(1/4)*Abs(s)**(1/4) ; B1 - i - r + sqrt(Abs(i)),0.00670747461472266*Abs(i)**(1/4)*Abs(s)**(1/4) ; -i - r + sqrt(Abs(i)) + 13.1494545044951
2685,0.844142894880429,B0*Abs(i)**(1/4)*Abs(s)**(1/4) ; B1 + i - 2*r,0.00870032539112747*Abs(i)**(1/4)*Abs(s)**(1/4) ; i - 2*r + 15.5757542273439
2686,0.8440834223968798,B0*i + B1*sqrt(Abs(i*s + s**2)) ; Abs(i)**(1/4),0.000395667224072211*i + 0.0201326133808782*sqrt(Abs(i*s + s**2)) ; Abs(i)**(1/4)
2687,0.844021922091189,B0*Abs(i + sqrt(Abs(s)))**(1/4) ; i,0.0163574532790033*Abs(i + sqrt(Abs(s)))**(1/4) ; i
2688,0.8439844075731214,B0*sqrt(Abs(i)) + B1*i + B1*s ; B2 + 2*i,0.0408477080702743*i + 0.0408477080702743*s + 0.0389832621181537*sqrt(Abs(i)) ; 2*i + 1.02012137647348
2689,0.8439689281365704,B0*i*Abs(s)**(1/4) ; sqrt(Abs(r - sqrt(Abs(B1 + Abs(i)**(1/4))))),-0.000207729669354245*i*Abs(s)**(1/4) ; sqrt(Abs(r - sqrt(Abs(Abs(i)**(1/4) - 1179722.24852548))))
2690,0.8439677257935078,i*sqrt(Abs(B0 + i*s**2)) ; B1*sqrt(Abs(r)) + i,i*sqrt(Abs(i*s**2 + 0.984857253426547)) ; i + 0.000456231754712278*sqrt(Abs(r))
2691,0.8439546969283281,B0 + B1*i ; B2 + i - 2*r - sqrt(Abs(r)),0.0357819830191229 - 0.0127307437366938*i ; i - 2*r - sqrt(Abs(r)) + 1.01792738008405
2692,0.8439403488981704,B0*Abs(i*s + s)**(1/4) ; B1 - 2*i + r,0.00698465927725825*Abs(i*s + s)**(1/4) ; -2*i + r - 0.814103160750319
2693,0.8439340704253897,B0*s*sqrt(Abs(i)) ; B1*i + i**2 - i*r + r,0.00783267197699922*s*sqrt(Abs(i)) ; i**2 - i*r + 0.516642199425331*i + r
2694,0.8438753886941344,B0*Abs(i)**(3/2) + s*Abs(i)**(3/2) ; B1 + i**2 + i*r + i,s*Abs(i)**(3/2) + 0.178284450684186*Abs(i)**(3/2) ; i**2 + i*r + i + 0.184780489475466
2695,0.843864800556008,B0*sqrt(Abs(i)) + B1*i ; B2 + r + sqrt(Abs(r)),0.00221014297135752*i + 0.0231148426328637*sqrt(Abs(i)) ; r + sqrt(Abs(r)) - 0.148915831570122
2696,0.8438364043465911,B0 + B1*s ; B2 + B3*i + Abs(i)**(5/2),0.0420848111765118*s + 0.00549540761467003 ; 0.0223978532899742*i + Abs(i)**(5/2) + 0.905756573894003
2697,0.843836404324769,B0 + B1*s ; B2 + B3*i + B4*i**2,0.0420842350734401*s + 0.0054980472353826 ; 58.9377578359566*i**2 + 0.0140438388484894*i + 13.8504875236899
2698,0.84383640422561,B0 + B1*s ; B2*i**2*r**3,0.0420879229192289*s + 0.00549779000515616 ; 4.01028489620561*i**2*r**3
2699,0.8438364037520082,B0 + B1*i ; B2*r - i*r + Abs(r)**(3/2),0.0475873735753542 - 0.0420934441616412*i ; -i*r + 21.9181897833873*r + Abs(r)**(3/2)
2700,0.8438364037506461,B0 + B1*i ; B2*r + i*r + r**2,0.0475870716461138 - 0.0420935324770915*i ; i*r + r**2 + 1.02278511420188*r
2701,0.8438364033797261,B0 + B1*i ; B2*r**2 + r**3,0.0475863012299941 - 0.0420829775781419*i ; r**3 + 0.000149203307344154*r**2
2702,0.8438364028237019,B0 + B1*s ; B2*i - i**2 + i*r,0.0420754581840296*s + 0.00550255771385563 ; -i**2 + i*r + 0.00843994247586517*i
2703,0.8438364026991845,B0 + B1*s ; B2*Abs(i)**(3/2) - i*r + r,0.0420792530705566*s + 0.00549253189718137 ; -i*r + r + 0.0313457930638504*Abs(i)**(3/2)
2704,0.8438361809080173,B0 + B1*i + B2*s ; B3*r + 2*r**2,-0.974315372858152*i + 1.74837996718298*s + 1.33460386330453 ; 2*r**2 + 0.00103631307375678*r
2705,0.8438361613115322,B0 + B1*s ; 3*i*r,0.0422251352896466*s + 0.00543647978120574 ; 3*i*r
2706,0.8438361552987471,B0 + B1*i + B2*s ; B3*r + r**2 + Abs(r)**(3/2),115.175265401466*i + 115.217492244653*s - 115.169829744243 ; r**2 + 14.8196731130315*r + Abs(r)**(3/2)
2707,0.8438361469053245,B0 + B1*s ; i*r + i*Abs(r)**(3/2) - i,0.0419438078576823*s + 0.00555725193081951 ; i*r + i*Abs(r)**(3/2) - i
2708,0.8437446744853178,B0*sqrt(Abs(2*i - s)) ; Abs(i)**(1/4)*sqrt(Abs(r)),0.013769495194829*sqrt(Abs(2*i - s)) ; Abs(i)**(1/4)*sqrt(Abs(r))
2709,0.8437318010068505,B0*Abs(s)**(1/4) ; B1*i*r - i**2,0.0208180565658762*Abs(s)**(1/4) ; -i**2 + 0.0150963570430282*i*r
2710,0.8437282744179789,B0*Abs(s)**(1/4) ; Abs(B1 + 2*i - r)**(1/4),0.0208146176092487*Abs(s)**(1/4) ; Abs(2*i - r + 5.82304417915237)**(1/4)
2711,0.8437192738022253,B0*Abs(s)**(1/4) ; B1 + B2*i*r**2,0.0207607439397844*Abs(s)**(1/4) ; 1.40123752042616*i*r**2 + 0.271450548182799
2712,0.8437150944653248,B0 - i + s ; i,-i + s - 0.853795996205501 ; i
2713,0.8437110923964297,B2*Abs(B0*i + B1)**(1/4) ; B3*r,0.0113103562908352*Abs(11.2850759553642*i - 11.456668648313)**(1/4) ; 8.94100838180523*r
2714,0.8437074426701552,B1*Abs(B0 + 2*s)**(1/4) ; B2 - r,0.0174395249719554*Abs(2*s - 0.000191329618757014)**(1/4) ; 0.0129971071889291 - r
2715,0.8437042498089778,B0*sqrt(Abs(s)) + B1*i*sqrt(Abs(s)) ; B2 + B3*r - i + sqrt(Abs(r)),-0.000763242736336515*i*sqrt(Abs(s)) - 0.0409118001856315*sqrt(Abs(s)) ; -i + 44.218186356804*r + sqrt(Abs(r)) + 291.445499549788
2716,0.8436656052484721,B0*Abs(i + 2*s)**(1/4) ; i,0.0174162454447673*Abs(i + 2*s)**(1/4) ; i
2717,0.8436616405572225,B0*sqrt(Abs(i)) + B1*s*sqrt(Abs(i)) ; i,0.14328437285826*s*sqrt(Abs(i)) + 0.08960064813624*sqrt(Abs(i)) ; i
2718,0.8436455566911559,i*s + s**2 + s*sqrt(Abs(B0 + i)) ; B1*i**2 + B2*r,i*s + s**2 + s*sqrt(Abs(i + 2.15355667045585)) ; 0.00281140211563417*i**2 + 0.0567998466579323*r
2719,0.8436339517005441,B0 + B1*i*s + B1*i ; r*sqrt(Abs(B2*i + B3)),-0.0391691588190585*i*s - 0.0391691588190585*i + 0.0433386898568297 ; r*sqrt(Abs(3.0329180701829*i + 2.59551816865075))
2720,0.8436339334956459,B0 + B1*i*s + B1*i ; r,-0.0392414964772966*i*s - 0.0392414964772966*i + 0.0434076198500625 ; r
2721,0.8435849015002053,B1*Abs(B0 + i + s)**(1/4) ; i,0.0203515033061171*Abs(i + s - 0.0082523507782286)**(1/4) ; i
2722,0.843432822722893,B1*sqrt(Abs(i + sqrt(Abs(B0 + s)))) ; i,0.0202504299562109*sqrt(Abs(i + sqrt(Abs(s + 0.00532261680069011)))) ; i
2723,0.8433885025167064,B0 + B1*sqrt(Abs(i)) + B2*i + Abs(i)**(3/2) ; B3*i*r + i,0.765162024543005*i + Abs(i)**(3/2) + 0.0395708779488754*sqrt(Abs(i)) - 0.00111672216987001 ; 0.315659926384255*i*r + i
2724,0.8433648707504108,B0 + B1*i + B2*s + i*s ; B3*i,i*s + 0.297120272474218*i + 2.52145363249208*s - 0.473685932382873 ; 0.0399071206313515*i
2725,0.8433416199649162,B0*sqrt(Abs(i)) + B1*i ; B2 + i,0.00879053380907814*i + 0.134608270500488*sqrt(Abs(i)) ; i + 0.00484267924658628
2726,0.8433400054326227,B1*Abs(B0 + 2*s)**(1/4) ; B2*r + B3*i*r,0.0166194850812479*Abs(2*s + 0.066624531023634)**(1/4) ; 0.159881771483967*i*r + 0.051219721631402*r
2727,0.8433334806555661,B0*s ; B1 + 2*i*r + r,0.0460614824426431*s ; 2*i*r + r + 0.0338621679529466
2728,0.8433334806555238,B0*s ; B1*i - i**2*r**2,0.0460614577069169*s ; -i**2*r**2 + 0.0191996492035396*i
2729,0.8433334806541979,B0*s ; B1 + i*r + r**2 + r,0.0460612324820028*s ; i*r + r**2 + r + 0.36971178059311
2730,0.8433334806405829,B0*s ; B1*i - i**2 + Abs(i)**(3/2),0.0460624695522335*s ; -i**2 + 0.658378117777696*i + Abs(i)**(3/2)
2731,0.8433334806372649,B0*s ; Abs(B1 + i**2*r - r)**(1/4),0.0460604736909835*s ; Abs(i**2*r - r + 0.00377506224853189)**(1/4)
2732,0.8433334806310446,B0*s ; B1 - i + sqrt(Abs(-i + r + sqrt(Abs(r)))),0.0460603088578567*s ; -i + sqrt(Abs(-i + r + sqrt(Abs(r)))) + 0.00133222429974068
2733,0.8433334806242547,B0*s ; B1 + B2*r + B3*i*r,0.0460628914442271*s ; 0.152851023679305*i*r + 0.311651823220327*r + 4.32430163363074
2734,0.8433334805857411,B0*s ; sqrt(Abs(i - sqrt(Abs(B1*i + i*r)))),0.0460635668668126*s ; sqrt(Abs(i - sqrt(Abs(i*r + 0.366546916545534*i))))
2735,0.8433334805758825,B0*s ; B1*r + B1*sqrt(Abs(i)) + B2*i,0.0460593364000647*s ; 14.7731014802449*i + 0.000516561473335911*r + 0.000516561473335911*sqrt(Abs(i))
2736,0.8433334805555404,B0*s ; B1*i**2 + B1*Abs(i)**(5/4),0.0460590734170011*s ; 0.00188765863412085*i**2 + 0.00188765863412085*Abs(i)**(5/4)
2737,0.8433334805296885,B0*s ; B1 - 2*i*r + r,2.71997769589081*s ; -2*i*r + r + 1.01883345103372
2738,0.8433334805074304,B0*s ; B2*Abs(B1 + i - r)**(1/8),0.0460645004385051*s ; 0.141547663604978*Abs(i - r + 0.00663815601383829)**(1/8)
2739,0.843333480349777,B0*s ; B1*i*r + i**2*r,0.0460572415953572*s ; i**2*r + 2.35069064171339*i*r
2740,0.8433334802679538,B0*s ; B1 - i*r - i - r**2,0.0460663400403381*s ; -i*r - i - r**2 + 5.81306358734002
2741,0.8433334802544439,B0*s + i*s + s**2 ; B1*r,i*s + s**2 - 0.953933576708298*s ; 0.197416675155105*r
2742,0.8433334801916781,B0*s ; B1 + B2*r + B3*r**2,0.0460667928574136*s ; 2.91793088683242*r**2 + 0.000409077244239016*r + 9.33826626082969
2743,0.843333480053139,B0*s ; B1*r**2 - i*r**2,0.0460555144561837*s ; -i*r**2 + 2.45126573281519*r**2
2744,0.8433334799567581,B0*s ; i*sqrt(Abs(r)) + i*sqrt(Abs(B1 + r)),2.71998378770574*s ; i*sqrt(Abs(r)) + i*sqrt(Abs(r + 0.032086880774178))
2745,0.8433334799489792,B0*s ; B1 + B2*i + B3*i*r,0.0460550158811272*s ; 0.0284405474260808*i*r + 0.328172712514603*i + 0.000269754612143398
2746,0.8433334797053639,B0*s ; B1*r + 2*i*r,0.0460690658861912*s ; 2*i*r + 0.00562805023228139*r
2747,0.843333479685135,B0*s ; B1 - i**2 + i*r + r,0.0460538974932145*s ; -i**2 + i*r + r + 0.0500388004848093
2748,0.8433334794155924,B0*s ; B1 + B2*i*r - i + r,0.0460529035565099*s ; 83.0650963920985*i*r - i + r + 0.00243745303626
2749,0.8433334789417426,B0*s ; B1*Abs(r)**(3/2) + B2*i*r,0.0460716536599895*s ; 12.5272917577144*i*r + 0.816933557745017*Abs(r)**(3/2)
2750,0.8433334698253796,B0*s ; B1 + B2*i*r**2 + r,0.0460360543660226*s ; 0.638740404029603*i*r**2 + r + 0.000597661908714615
2751,0.8433334334670758,B0*s ; Abs(i*r + r**2)**(1/8),0.0461146967300918*s ; Abs(i*r + r**2)**(1/8)
2752,0.8433334296996495,B0*s ; 2*i*r + i + r,0.0461167791179306*s ; 2*i*r + i + r
2753,0.8433334292788089,B0*s ; -i*r**2 + i*r + i,0.0461170068817676*s ; -i*r**2 + i*r + i
2754,0.8433334258218409,B0*s + i*s + s**2 ; r,i*s + s**2 - 0.953881156384643*s ; r
2755,0.8433334190873911,B0*s ; i*r + i - r**2 + r,0.0460008087681521*s ; i*r + i - r**2 + r
2756,0.843333414930534,B0*s ; i**2*r**2 - i + r,0.0461242800504262*s ; i**2*r**2 - i + r
2757,0.8433334125672843,B0*s - i*s - s**2 ; 3*Abs(r)**(3/2),-i*s - s**2 + 1.04612539865624*s ; 3*Abs(r)**(3/2)
2758,0.8433334112862578,B0*s ; i - Abs(i*r - r**2)**(1/4),0.0461259969045941*s ; i - Abs(i*r - r**2)**(1/4)
2759,0.8433334112050888,B0*s ; 3*Abs(r)**(3/2),0.0461260346244163*s ; 3*Abs(r)**(3/2)
2760,0.8432446357290476,B0 + B1*i + B2*s ; B3 + B4*r + 2*r**2,-0.000554602822672369*i + 0.0679127151972465*s - 0.0503519531230981 ; 2*r**2 - 0.0665689429004166*r + 0.0752983802193357
2761,0.843220251422874,B1*sqrt(Abs(B0 + i - 2*s)) ; B2*r + i*r - r**2,0.02022172909369*sqrt(Abs(-i + 2*s + 1.29922378981785)) ; i*r - r**2 + 1.33883477730089*r
2762,0.8431580399474223,B0 + B1*sqrt(Abs(i*s + s)) ; Abs(B2 + i - r)**(1/4),0.0429116369799506 - 0.0065230973952303*sqrt(Abs(i*s + s)) ; Abs(-i + r + 0.0156489579065639)**(1/4)
2763,0.8431072795960689,B1*Abs(B0 + i*s)**(1/4) ; i,0.0473847588638148*Abs(i*s - 0.00219048802106666)**(1/4) ; i
2764,0.8430870256062261,B1*sqrt(Abs(B0 + sqrt(Abs(i - s)))) ; B2 + i - r*sqrt(Abs(i)),0.018795492414743*sqrt(Abs(sqrt(Abs(i - s)) - 0.189649712718786)) ; i - r*sqrt(Abs(i)) + 0.149086725448693
2765,0.8430723969992737,B0*sqrt(Abs(s)) ; B1*i*r + i**2 - i,0.0334136427358633*sqrt(Abs(s)) ; i**2 + 0.00462526022070667*i*r - i
2766,0.8430705542684911,B0*sqrt(Abs(s)) ; B1*i*r + i**2 - r,0.0334136431600401*sqrt(Abs(s)) ; i**2 + 0.053446972557389*i*r - r
2767,0.8430686100157267,B0*sqrt(Abs(s)) ; B1*i*r + B1*r*sqrt(Abs(i)),0.0334136389506129*sqrt(Abs(s)) ; 1.52513567631193*i*r + 1.52513567631193*r*sqrt(Abs(i))
2768,0.843068197304443,B0*sqrt(Abs(s)) ; B1*sqrt(Abs(i)) + B2*r*sqrt(Abs(i)),0.0334136371234708*sqrt(Abs(s)) ; 0.127357233050849*r*sqrt(Abs(i)) + 0.000706186880415713*sqrt(Abs(i))
2769,0.8430651272528318,B0*sqrt(Abs(s)) ; B1*i + B2*i**2 - r,0.0334137124901755*sqrt(Abs(s)) ; 14.4753047970799*i**2 + 7.22125750122872*i - r
2770,0.8430635305398746,B0*sqrt(Abs(s)) ; B1*r + B2*i*r - i,0.033403228351391*sqrt(Abs(s)) ; 0.0734192556319307*i*r - i + 0.751622069051869*r
2771,0.8430635035249541,B0*sqrt(Abs(s)) ; B1*r - r**2 + Abs(r)**(3/2),0.0334032244199881*sqrt(Abs(s)) ; -r**2 + 1.90229522975704*r + Abs(r)**(3/2)
2772,0.8430631677741017,B0*sqrt(Abs(s)) ; B1 + B2*r**2 + i*r,0.0334031801421505*sqrt(Abs(s)) ; i*r + 0.26376217582278*r**2 + 0.000470823906525666
2773,0.8430631570862959,B0*sqrt(Abs(s)) ; B1*i + B2*i*r - r,0.0334031777987433*sqrt(Abs(s)) ; 24.8115729843731*i*r + 4.79042957930523*i - r
2774,0.8430631056070322,B0*sqrt(Abs(s)) ; B1*i + B1*sqrt(Abs(B2 + r)) - r,0.0334031656819201*sqrt(Abs(s)) ; 2.11009332563203*i - r + 2.11009332563203*sqrt(Abs(r + 32.8844525999587))
2775,0.8430630726399136,B0*sqrt(Abs(s)) ; B1*r + i*r**3,0.0334032962057574*sqrt(Abs(s)) ; i*r**3 + 0.000592756760633114*r
2776,0.8430630425203895,B0*sqrt(Abs(s)) ; -i**2*r + i**2 - r,0.0334033044421725*sqrt(Abs(s)) ; -i**2*r + i**2 - r
2777,0.8430600048992876,B0*sqrt(Abs(s)) ; B1 + B2*i*r + i**2,0.0333982346818294*sqrt(Abs(s)) ; i**2 + 0.000235649381243353*i*r + 0.344353753333403
2778,0.8430214843165996,B0*sqrt(Abs(s)) ; B1 + B2*i + B3*i*r,0.0328422047614652*sqrt(Abs(s)) ; 0.288599527495974*i*r + 32.6079775984791*i + 0.000145923591333148
2779,0.8430027104797527,B1*Abs(B0*s - s**2)**(1/4) ; i,0.0336027987636849*Abs(s**2 - 0.000397776443824404*s)**(1/4) ; i
2780,0.8429798613048429,B0*i**2 + B1*i*s ; -i*r**3 + i,-99.282014554468*i**2 + 5.39840205306186*i*s ; -i*r**3 + i
2781,0.8429797966817385,B0*i + B0*s + B1*i**2 ; r,-0.0373719309856428*i**2 + 0.0426703000154485*i + 0.0426703000154485*s ; r
2782,0.8429485711974481,B0 + B1*s + i*s ; B2 + i*r,i*s + 1.67654140547672*s + 1.20655840676044 ; i*r + 0.000419477925349345
2783,0.842884278743144,B0*s + B0*sqrt(Abs(i - s)) ; r,0.0102445225497727*s + 0.0102445225497727*sqrt(Abs(i - s)) ; r
2784,0.842841237745308,B1*Abs(B0*s - s**2)**(1/4) ; B2*r + B3*i*r**2,0.0333131922387036*Abs(s**2 + 0.00225407647147502*s)**(1/4) ; 0.199787531677561*i*r**2 + 0.00167111785413241*r
2785,0.8427830928146554,B0 + B1*sqrt(Abs(i)) ; i**2 + i*sqrt(Abs(B2 + 2*r)) - i,0.0851878628250194*sqrt(Abs(i)) - 0.00458088169201342 ; i**2 + i*sqrt(Abs(2*r + 0.445589618810098)) - i
2786,0.8427374078480989,B0*s*sqrt(Abs(i)) ; i**2 - 2*i*r + r,0.00838807244405156*s*sqrt(Abs(i)) ; i**2 - 2*i*r + r
2787,0.8426365916204787,B0*i ; B1 + B2*i + B3*i**2,2.12103015609723*i ; 0.34159383030719*i**2 + 2.14898883935029*i + 0.000103581022758824
2788,0.8426231581603222,B0*s + B1*sqrt(Abs(i))*sqrt(Abs(s)) ; B2 + B3*i**2*r + r**2,0.0320770271398806*s + 0.00311556034982563*sqrt(Abs(i))*sqrt(Abs(s)) ; 25.1802493323233*i**2*r + r**2 - 0.00196134089625067
2789,0.842598823053274,B0 + B1*sqrt(Abs(i)) ; B5*sqrt(Abs(B2*i + B3 + B4*r)),0.0461888019435958 - 0.00464973951328437*sqrt(Abs(i)) ; 0.149372114426658*sqrt(Abs(-8.67073562186333*i + 2.62811825652521*r + 0.293729031718503))
2790,0.8425054173225338,B0*i*s + B0*s**2 ; i,0.0416469876802366*i*s + 0.0416469876802366*s**2 ; i
2791,0.842370684711826,B0*i*s + B1*i**2*s ; i,-106.568180604689*i**2*s + 6.10509836693136*i*s ; i
2792,0.8423694721438997,B0*i + i*s - Abs(i)**(3/2) ; B1*i - i**2,i*s - 0.03035971847188*i - Abs(i)**(3/2) ; -i**2 + 0.443606033412447*i
2793,0.8423232840160544,B0*i + B0*sqrt(Abs(s)) ; r*sqrt(Abs(i)),0.0106148249476273*i + 0.0106148249476273*sqrt(Abs(s)) ; r*sqrt(Abs(i))
2794,0.8423145971108476,B0 + sqrt(Abs(B1*s + B2*i)) ; -i + r - sqrt(Abs(i**2 + i*r)),sqrt(Abs(1.63632145599351e-6*i + 0.00236081819091031*s)) - 0.000382486041925097 ; -i + r - sqrt(Abs(i**2 + i*r))
2795,0.8422961880742333,B0*sqrt(Abs(i)) + B1*i + B1*s ; B2 - i,0.0391092583559363*i + 0.0391092583559363*s + 0.391787603018861*sqrt(Abs(i)) ; 350.385040804996 - i
2796,0.842174681526238,B0*sqrt(Abs(i)) ; -2*r + sqrt(Abs(B1 + i)),0.0195217166894437*sqrt(Abs(i)) ; -2*r + sqrt(Abs(i + 0.791666525344858))
2797,0.8421528127732562,B0*s + i*s ; B1*i + B1*sqrt(Abs(i)),i*s + 2.15430825433913*s ; 0.00419947754389899*i + 0.00419947754389899*sqrt(Abs(i))
2798,0.8421309254279913,i*Abs(s - sqrt(Abs(i)))**(1/4) ; i,i*Abs(s - sqrt(Abs(i)))**(1/4) ; i
2799,0.8421049357196563,B0*i + B0*s + B0*sqrt(Abs(B1 + s)) ; B2*i,0.0229618230366138*i + 0.0229618230366138*s + 0.0229618230366138*sqrt(Abs(s + 0.082971196506186)) ; 0.0931731151927453*i
2800,0.8421018381118197,sqrt(Abs(B0*i + B1)) ; B2 + 3*i,sqrt(Abs(1.28589372137591e-5*i - 0.000650016372908371)) ; 3*i + 0.0407033214105228
2801,0.8420481236495969,B0 + B1*sqrt(Abs(s)) ; B2*i*r + i*Abs(r)**(5/4),0.0482618930856136*sqrt(Abs(s)) - 0.000410486395365928 ; 0.000307354158693277*i*r + i*Abs(r)**(5/4)
2802,0.8419841901858511,B0 + B1*i + B1*s + B1*sqrt(Abs(s)) ; r,0.0497175447149204*i + 0.0497175447149204*s + 0.0497175447149204*sqrt(Abs(s)) - 0.0501222383268621 ; r
2803,0.8419445116788238,B0*i*s + B1*i*sqrt(Abs(i + s)) ; i,-0.995007200408586*i*s + 2.0573942221952*i*sqrt(Abs(i + s)) ; i
2804,0.8419171224786522,B0*sqrt(Abs(i + s)) ; sqrt(Abs(i)),0.000899545317861411*sqrt(Abs(i + s)) ; sqrt(Abs(i))
2805,0.8419096267784699,B0*i + B1*i**2*s ; r,-1.38945303824925*i**2*s + 0.350492386557259*i ; r
2806,0.8418744712426038,B1*sqrt(Abs(B0 - i**2)) ; i,1.13231722197234*sqrt(Abs(i**2 - 0.000219922137536613)) ; i
2807,0.841869280337088,B1*sqrt(Abs(B0 + sqrt(Abs(s)))) ; B2 - i**2 - i*r + r,0.035770611901377*sqrt(Abs(sqrt(Abs(s)) - 0.274661409093838)) ; -i**2 - i*r + r + 0.474465880175616
2808,0.8418223396907052,B0*i + B3*sqrt(Abs(B1 + B2*s)) ; B4*r,-0.000333994069754268*i + 0.0612948016116261*sqrt(Abs(0.556391141041571*s + 0.0092257971734455)) ; 0.7334216091467*r
2809,0.8418025651060617,B0*i + i*s ; i*r + i,i*s + 0.238548547463602*i ; i*r + i
2810,0.841699388276856,B0*i + B1*s + sqrt(Abs(s)) ; i + sqrt(Abs(r)),0.14110286202949*i - 0.950086853205461*s + sqrt(Abs(s)) ; i + sqrt(Abs(r))
2811,0.8416164416838943,B0*i**2 + B1*i*sqrt(Abs(s)) ; i,-81.9319455746349*i**2 + 5.12471321476752*i*sqrt(Abs(s)) ; i
2812,0.8416063171304123,B0*sqrt(Abs(i)) + B1*s*sqrt(Abs(i)) ; -i*r**2 + i,0.218214783287109*s*sqrt(Abs(i)) + 0.0283317579279869*sqrt(Abs(i)) ; -i*r**2 + i
2813,0.8415739879782568,B0*i + B1*i**2*s ; i,4.55353395754339*i**2*s + 0.929732739307305*i ; i
2814,0.8415716399012203,B0*s + B1*Abs(i)**(1/4)*sqrt(Abs(s)) ; r,0.0271265484506444*s + 0.028577476725701*Abs(i)**(1/4)*sqrt(Abs(s)) ; r
2815,0.8415414281235943,B0*Abs(i)**(3/2) - i**2 ; B1*r,-i**2 + 0.903485730568051*Abs(i)**(3/2) ; 0.00550187806376579*r
2816,0.841478539254055,B0*i*Abs(s)**(5/4) ; i,1.24221279807277*i*Abs(s)**(5/4) ; i
2817,0.8413492779545404,B2*sqrt(Abs(B0*s + B1*i*s)) ; B3*sqrt(Abs(i)),0.0263587037894095*sqrt(Abs(0.0317434348494653*i*s - 3.17518821819731*s)) ; -0.317531157626931*sqrt(Abs(i))
2818,0.8413433805802709,B0 + B1*sqrt(Abs(i)) - i ; B2 - r,-i + 0.723358150520065*sqrt(Abs(i)) - 0.0705092217600626 ; 0.104014005622875 - r
2819,0.8413233900991678,B0*i*s + B1*i*s**2 ; B2*i - i*r + r,-1.09892357344357*i*s**2 + 0.418842770255052*i*s ; -i*r + 3.18744201000619*i + r
2820,0.8412136905270968,B1*sqrt(Abs(B0 + i)) ; B2*sqrt(Abs(i))*sqrt(Abs(r)) + i,0.141802119177945*sqrt(Abs(i - 0.0016054158397521)) ; i + 0.0921609158374131*sqrt(Abs(i))*sqrt(Abs(r))
2821,0.8411795088601088,B0*i ; B1*Abs(r)**(1/4),0.0262195416362898*i ; 0.00121095062843035*Abs(r)**(1/4)
2822,0.8411795078192361,B0*i ; B1*i*r,0.0262261962425302*i ; 0.00117098802297208*i*r
2823,0.841179506877518,B0*i ; B1*Abs(r)**(3/2),0.0262053777094212*i ; 2.05908394891057*Abs(r)**(3/2)
2824,0.8411792908957835,B0*i ; -i*r + r,0.0263405892479441*i ; -i*r + r
2825,0.8411792748278145,B0*i ; -i*r**2,0.0263450284913619*i ; -i*r**2
2826,0.8411792384268367,B0*i ; r*Abs(i)**(3/2),0.0260788686032239*i ; r*Abs(i)**(3/2)
2827,0.8411792037559188,B0*i ; sqrt(Abs(i))*sqrt(Abs(r)),0.0260702145848524*i ; sqrt(Abs(i))*sqrt(Abs(r))
2828,0.8410463202644982,B0 + B1*i + B1*s ; B2 + B3*r**2 + B4*i*r,0.000400490231296506*i + 0.000400490231296506*s + 0.0409480703983454 ; 0.213711210811976*i*r + 0.213652451846799*r**2 + 0.362553070585236
2829,0.8409682946077913,B0 + B1*i ; B2 + B3*i**2 + B4*i*r,0.00043083013735737*i + 0.0422680582402784 ; -0.303978865197133*i**2 - 0.300968058312651*i*r + 0.355124836397681
2830,0.8409301293580441,s*sqrt(Abs(i)) ; B0*i,s*sqrt(Abs(i)) ; 6.12253308101471*i
2831,0.8408986496174878,B0*Abs(i)**(9/8)*Abs(s)**(1/8) ; B1 + B2*r**2,0.164044997150317*Abs(i)**(9/8)*Abs(s)**(1/8) ; 0.08953723411864 - 0.0757932868840851*r**2
2832,0.8408635504445325,B0*i*s**2 + B0*i ; i,0.638842237247256*i*s**2 + 0.638842237247256*i ; i
2833,0.8407348363510022,i**3 + 2*i**2 ; B0 + B1*r,i**3 + 2*i**2 ; 0.0705853526904325 - 0.0630793567162033*r
2834,0.8406700066096126,i*s*sqrt(Abs(B0 + s)) ; i,i*s*sqrt(Abs(s + 0.599766283474169)) ; i
2835,0.840648724753786,B0 + sqrt(Abs(s)) ; sqrt(Abs(B1 + sqrt(Abs(r)))),sqrt(Abs(s)) - 0.958961683354348 ; sqrt(sqrt(Abs(r)) + 2.51050966948418)
2836,0.8406401694738356,B0*s**2 + B1*i*s ; i,-2.15264681280957*i*s + 0.118755294276777*s**2 ; i
2837,0.840395756167976,B0*i + B1*i**2 + B1*i*s ; sqrt(Abs(B2 + r)),-2.55264345112783e-5*i**2 - 2.55264345112783e-5*i*s - 0.00258090506065582*i ; sqrt(Abs(r + 0.271888896216247))
2838,0.8403563797235954,B0 + B1*i + B1*sqrt(Abs(i)) ; i,0.16004415135634*i + 0.16004415135634*sqrt(Abs(i)) - 0.00780345658660031 ; i
2839,0.8403353981331608,B2*sqrt(Abs(B0 + B1*i + i*s)) ; B3 - r,0.0395819329940892*sqrt(Abs(i*s + 0.361024276019966*i + 0.0427697782782648)) ; 1.21591543217424 - r
2840,0.8402999691796693,i*sqrt(Abs(B0 + B1*i)) ; B2*i + i**2 + Abs(i)**(3/2),i*sqrt(Abs(23.2535798617957*i + 3.73979165528021)) ; i**2 + 1.9293740428399*i + Abs(i)**(3/2)
2841,0.8402282056391346,B0 + B1*i + B2*s ; -i**2 + i*sqrt(Abs(B3 + B4*i)) + i,0.874751193221025*i + 0.00956157153301181*s - 0.000239175730295111 ; -i**2 + i*sqrt(Abs(0.172385822594374*i - 0.00827036121281143)) + i
2842,0.8402139864886192,B0*s**4 ; B1 + B2*i,0.0418876225466586*s**4 ; 77.5817570826257*i + 0.00776594921959546
2843,0.8401328271908128,B0 + i**2 ; i - r,i**2 + 0.000235020296523233 ; i - r
2844,0.8399252174872754,B0*Abs(i)**(3/2) ; sqrt(Abs(r)),0.0820976289647837*Abs(i)**(3/2) ; sqrt(Abs(r))
2845,0.8399251730935108,B0*Abs(i)**(3/2) ; r,0.0820238995344898*Abs(i)**(3/2) ; r
2846,0.8399251194193013,B0*Abs(i)**(3/2) ; i*Abs(r)**(3/2),0.0819520577208816*Abs(i)**(3/2) ; i*Abs(r)**(3/2)
2847,0.8399251081487493,B0*Abs(i)**(3/2) ; -2*r,0.0819385050547704*Abs(i)**(3/2) ; -2*r
2848,0.8399175052698195,B0*i*s**2 ; i,1.27960545311436*i*s**2 ; i
2849,0.8399146289747234,B0*sqrt(Abs(s + sqrt(Abs(i)))) ; sqrt(Abs(i)),0.00338805620624186*sqrt(Abs(s + sqrt(Abs(i)))) ; sqrt(Abs(i))
2850,0.8398747235109035,B0*i + i**2 + i*s ; B1 + 2*i,i**2 + i*s + 0.0367917091978848*i ; 2*i - 0.0474374956916496
2851,0.8398377717831546,B0*i + B0*s**2 ; i*r,0.0128813748336951*i + 0.0128813748336951*s**2 ; i*r
2852,0.8398375062806925,B0*i + B0*s**2 ; r,0.0128644416636482*i + 0.0128644416636482*s**2 ; r
2853,0.83980772246574,B0*i**2 ; sqrt(Abs(B1 + i)),2.89678457178371e-7*i**2 ; sqrt(Abs(i + 18.1915714643319))
2854,0.8398069854387945,B0 + B2*sqrt(Abs(B1*i + i*s)) ; B3 + i*r - r,0.0113553600499683*sqrt(Abs(i*s + 1.13026729874146*i)) - 0.115080871653434 ; i*r - r - 404.986903426168
2855,0.8397782978737278,B0*sqrt(Abs(i))*sqrt(Abs(s)) ; -r*sqrt(Abs(i)) + Abs(r)**(3/2),0.0441331271362083*sqrt(Abs(i))*sqrt(Abs(s)) ; -r*sqrt(Abs(i)) + Abs(r)**(3/2)
2856,0.8397777097389177,s*sqrt(Abs(B0 + Abs(i)**(1/8))) ; i - sqrt(Abs(r)),s*sqrt(Abs(i)**(1/8) + 6.41909552129122) ; i - sqrt(Abs(r))
2857,0.8397707756337218,B0 + i**2 ; B1*i - i**2 + i*r,i**2 + 0.0140625196309137 ; -i**2 + i*r + 0.172714081291221*i
2858,0.8397346516590091,i ; B0*i + sqrt(2)*i**2*sqrt(Abs(r)),i ; sqrt(2)*i**2*sqrt(Abs(r)) + 1.01091460250396*i
2859,0.8396620898560879,B0*i - i*s ; B1 - r,-i*s + 0.723516193429121*i ; 0.273488101146904 - r
2860,0.8396319941922615,B0*Abs(s + Abs(i)**(1/4))**(1/4) ; B1*i**3,0.0228085044587118*Abs(s + Abs(i)**(1/4))**(1/4) ; 1624.78891719517*i**3
2861,0.8396171493291548,B0*s + i*s ; B1 - r**2,i*s + 2.15252595732664*s ; 0.0154811446510885 - r**2
2862,0.839614497242299,B0*sqrt(Abs(i)) ; B1*i - i*r + r,0.0214649179159322*sqrt(Abs(i)) ; -i*r + 4.78143261095255*i + r
2863,0.8395006976750404,B0*Abs(i)**(3/2) ; i - r**2,2.5202228314957*Abs(i)**(3/2) ; i - r**2
2864,0.8394492309862533,B0*i**2 ; B1*r + i,0.965735530976108*i**2 ; i + 0.383566038098808*r
2865,0.8394273751916919,B0*i**2 ; B1*r,0.304136902482257*i**2 ; 0.000497733597536628*r
2866,0.839427371545631,B0*i**2 ; i*r,0.303905469029018*i**2 ; i*r
2867,0.8394273411591859,B0*i**2 ; -i*r + r,0.303393263667329*i**2 ; -i*r + r
2868,0.8394273189747453,B0*i**2 ; sqrt(Abs(r)),0.303174514636896*i**2 ; sqrt(Abs(r))
2869,0.8394273076750498,B0*i**2 ; r,0.303079720850899*i**2 ; r
2870,0.8394273065439772,B0*i**2 ; Abs(r)**(1/4),0.30307067659475*i**2 ; Abs(r)**(1/4)
2871,0.83942393588803,B0*i*s + B1*i**2*s**2 ; B2*sqrt(Abs(i)) + B3*i + B4*r,-0.126381294491455*i**2*s**2 + 0.427990384679874*i*s ; 0.0978649983453109*i - 2.96872123020141e-5*r + 0.00896926296998*sqrt(Abs(i))
2872,0.8394169710287599,B0*i*sqrt(Abs(s)) ; B1*i + B1*r,0.0837418265389554*i*sqrt(Abs(s)) ; 0.0286076494539427*i + 0.0286076494539427*r
2873,0.839406226781014,B0*i ; -r + sqrt(Abs(i + sqrt(Abs(B1 + i)))),-0.0329593984897872*i ; -r + sqrt(Abs(i + sqrt(Abs(i + 0.0107605417854961))))
2874,0.8394046192226664,B0*i*Abs(s)**(3/2) + i*s**2 ; B1*i,i*s**2 - 0.60517745754436*i*Abs(s)**(3/2) ; -0.00604250350879745*i
2875,0.8394035856080038,i*s**2 ; 2*i,i*s**2 ; 2*i
2876,0.8393997383443188,B0*s + B1*s**2 + B2*i*s ; B3 + B4*i - i**2,0.42579587883491*i*s - 0.0995453661731726*s**2 + 0.0986112737339285*s ; -i**2 + 0.451732554335023*i - 0.00246756463506278
2877,0.8393796209825162,B0*i*s**2 + B1*i**2*s ; B2*i + B3*i*r,0.653583754906107*i**2*s + 0.392228199217674*i*s**2 ; -0.122728457296541*i*r + 0.124532796856186*i
2878,0.8393777826530928,B0*i ; B1*i + B2*i**2 + B3*i*r,0.418667669126989*i ; 0.787802756011062*i**2 + 0.538711736222479*i*r + 0.14112053372191*i
2879,0.8393714620037505,B0*i + i**2 + i*sqrt(Abs(B1 - s)) ; B2*i + B3*i**2 + B4*i*r,i**2 + i*sqrt(Abs(s - 70.071779550079)) - 7.91635153693707*i ; 1.97620116768064*i**2 + 0.541272478021056*i*r + 0.137759815034855*i
2880,0.8393645782523359,B0 + B1*i + B1*s ; B2 - i*r - i,-0.00589063000647685*i - 0.00589063000647685*s + 0.0226156278944217 ; -i*r - i + 0.0317337613863857
2881,0.8393534706596995,B0*i*s + B0*i*sqrt(Abs(B1 + i**2)) ; B2*i + B3*r,0.451435653292587*i*s + 0.451435653292587*i*sqrt(Abs(i**2 + 0.0286738498623694)) ; 0.280698141839713*i - 0.00060139756298131*r
2882,0.8393058209371969,B0*s + B1*s**2 + B2*i*s ; Abs(B3 + i*r + i)**(1/4),0.000773742956213784*i*s - 0.314497415563208*s**2 + 0.318450581538867*s ; Abs(i*r + i + 0.381672995484135)**(1/4)
2883,0.8392948819561272,B0*s + B1*s**2 + B2*i*s ; sqrt(Abs(i)),0.000853589739871783*i*s - 0.312285404974883*s**2 + 0.315865333080077*s ; sqrt(Abs(i))
2884,0.8392929129746698,B0 + B1*i ; B2*i**2 + B3*r + B4*i*r,0.312892712193644*i + 0.000490166873908103 ; 0.921660695444823*i**2 + 0.570980089488939*i*r + 0.00064989644617451*r
2885,0.8392911031348101,B0 + i*s ; i*r + i - r**2 + r*sqrt(Abs(i)),i*s + 0.0120449689298041 ; i*r + i - r**2 + r*sqrt(Abs(i))
2886,0.8392815666929809,B0*sqrt(Abs(i*s - s**2)) ; r,0.0255122934229295*sqrt(Abs(i*s - s**2)) ; r
2887,0.8392775476142429,B0*i + B1*i**2 + B1*Abs(i)**(3/2) ; sqrt(Abs(i)),-2.42137833026914e-5*i**2 - 0.00268764410027655*i - 2.42137833026914e-5*Abs(i)**(3/2) ; sqrt(Abs(i))
2888,0.8392735415571544,B2*sqrt(Abs(B0 + B1*sqrt(Abs(i)))) ; i,0.0362049351556695*sqrt(Abs(3.47233501127802*sqrt(Abs(i)) - 0.2732122716226)) ; i
2889,0.8392674295304916,B0 + s ; B1 + 2*r,s - 0.953594725230171 ; 2*r + 0.0290234657201048
2890,0.8392674295066158,B0 + s ; Abs(B1 - i)**(1/4),s - 0.953599670706193 ; Abs(i - 0.0234665294517305)**(1/4)
2891,0.8392674295056151,B0 + s ; B1*Abs(i)**(3/2),s - 0.953589672048721 ; 0.0001212538269658*Abs(i)**(3/2)
2892,0.8392674291241856,B0 + s ; B1 + B2*i,s - 0.953615134345782 ; 0.0115839188009348*i + 0.000294056768530678
2893,0.8392663081313617,B0*s - i*s ; B1*i + i*r + i*Abs(r)**(3/2),-i*s + 0.126203130627333*s ; i*r + i*Abs(r)**(3/2) + 0.233411793223408*i
2894,0.8392650874750838,B0*i + B1*Abs(i)**(3/2) ; B2*r + B3*i*r + i - r**2,0.722524762286155*i - 0.951428149558087*Abs(i)**(3/2) ; -0.653954845714797*i*r + i - r**2 - 0.821693530394381*r
2895,0.8392418717721645,B0*s + B1*s**2 + B2*i*s ; i,0.48251939191313*i*s - 0.192105833854998*s**2 + 0.191596401623803*s ; i
2896,0.8392396201219827,B0*s + B1*Abs(s)**(3/2) + B2*s**2 ; r,-0.611583718318242*s**2 - 0.00827523593695395*s + 0.621047746596424*Abs(s)**(3/2) ; r
2897,0.8392371145061271,B0*i + B1*i**2 + B1*i*s ; sqrt(Abs(i)),-2.54717497755374e-5*i**2 - 2.54717497755374e-5*i*s - 0.00256759397503215*i ; sqrt(Abs(i))
2898,0.8392324747388686,B0*i + i**2 ; B1*i**2 + B2*r + B3*i*r,i**2 + 0.294167821655183*i ; 2.13010257239306*i**2 + 0.481153951509637*i*r + 1.22829083849168e-6*r
2899,0.8392286553653348,B0*s - i ; B1*r,-i + 0.0468969552313161*s ; 0.000302719958492042*r
2900,0.8392286553627661,B0*s - i ; sqrt(Abs(r)),-i + 0.0468949404987477*s ; sqrt(Abs(r))
2901,0.8392238055960481,B0 + B3*sqrt(Abs(B1 + B2*i)) ; i,8.1050290596554*sqrt(Abs(0.0798991064335175*i + 0.10651756207398)) - 2.64542202338142 ; i
2902,0.8392152943508141,B0 + B2*i*sqrt(Abs(B1 + i)) ; i,0.118564170641512*i*sqrt(Abs(i + 69.3125848763869)) - 0.000159743145514859 ; i
2903,0.8391960077128152,B0 - 2*i ; r,0.0883104027158252 - 2*i ; r
2904,0.8391960077128152,B0 - i + s ; sqrt(Abs(r)),-i + s - 0.91168959853614 ; sqrt(Abs(r))
2905,0.8391960077128152,B0 - 2*i ; sqrt(Abs(r)),0.0883103987913589 - 2*i ; sqrt(Abs(r))
2906,0.8391960077128152,B0 + 2*s ; r,2*s - 1.91168959987228 ; r
2907,0.8391960075060526,B0 - i + s ; B1*Abs(r)**(3/2),-i + s - 0.911661418614112 ; 17.211346022056*Abs(r)**(3/2)
2908,0.8391960051562131,B0 + 2*s ; B1 + r,2*s - 1.91159050673954 ; r + 9.51162869058379
2909,0.8391814421658791,B0*s + B1*s**2 + B2*i*s ; i*r + i,0.446939574011742*i*s - 0.211866204951906*s**2 + 0.211104435908945*s ; i*r + i
2910,0.8391807979244001,B0*s + 2*i*s + s**2 ; B1 + B2*r + i,2*i*s + s**2 - 1.00808304474359*s ; i - 1.52974039567183*r - 0.0121380958308266
2911,0.8391560126614749,B0*s + B1*s**2 + B2*i*s ; B3 + i + r,0.00485933463988369*i*s - 0.303957658629457*s**2 + 0.310649758934837*s ; i + r + 0.348491908360966
2912,0.8391370239939608,B0*Abs(i)**(3/2) ; 2*i,8.12611134455845*Abs(i)**(3/2) ; 2*i
2913,0.8391051387850482,B0*i*s**2 + B1*i**2*s ; B2 - r,0.175808966996821*i**2*s + 0.323082385716356*i*s**2 ; -r - 0.00182430193759823
2914,0.8391016467895602,B0 + B1*i*s + B2*i*s**2 ; r,0.161446136488481*i*s**2 + 0.170446726535184*i*s - 8.61573800830001e-5 ; r
2915,0.8391015262279311,B0*i*s**2 + B1*i**2*s ; r**2,0.171303983018303*i**2*s + 0.330464949755702*i*s**2 ; r**2
2916,0.8390323211430496,B0*i*s + B0*s*sqrt(Abs(B1*s + B2)) ; sqrt(Abs(r)),0.148195039534139*i*s + 0.148195039534139*s*sqrt(Abs(0.198311753164164*s - 0.194532438261218)) ; sqrt(Abs(r))
2917,0.8390218841864501,B0*i*Abs(s)**(5/4) ; i**3*r + i**2*r**2,0.315437388828884*i*Abs(s)**(5/4) ; i**3*r + i**2*r**2
2918,0.8390218120609848,B0 - i + s ; B1 + B2*sqrt(Abs(r)) - r,-i + s - 0.799655998836927 ; -r + 0.704573633897901*sqrt(Abs(r)) - 0.0883420506157246
2919,0.839020736747686,B0*i*s + B1*i**2*s ; B2 + i,5.9409415919576*i**2*s + 0.726130824629343*i*s ; i + 0.223964635098748
2920,0.8390100550156651,B0*i*s - i**2 ; i,-i**2 + 1.25551216375106*i*s ; i
2921,0.8389636858201361,B0*Abs(i)**(3/2) ; i + r,0.000427852117801896*Abs(i)**(3/2) ; i + r
2922,0.8388488930834815,B0*i + B1*i**2 - i*s ; B2 + i,-6.24977122248356*i**2 - i*s - 0.559506118583316*i ; i + 0.0885642041295197
2923,0.8388352014855078,B0 + i**2 ; B1 + B2*i + i**2 + i*r,i**2 + 0.00323083604408021 ; i**2 + i*r - 0.40281354345011*i + 0.0192199838570105
2924,0.8388291235324873,B0 + B1*i + B1*s ; B2 - i + Abs(r)**(1/4),9.20275452216479e-5*i + 9.20275452216479e-5*s + 0.0202818113830278 ; -i + Abs(r)**(1/4) - 0.353946373353149
2925,0.8388221785008956,B2*sqrt(Abs(B0*i + B1*i*s)) ; B3 + r,0.00544860560293872*sqrt(Abs(0.44677178593862*i*s + 0.0287532657384703*i)) ; r + 0.771449467550883
2926,0.838808380243441,B0*i + i*sqrt(Abs(B1 + i)) ; i,i*sqrt(Abs(i + 0.47603442030092)) + 0.273689423745962*i ; i
2927,0.8387606563626014,B0*s + B1*s**2 + B2*i*s ; r,-4.5674452030114*i*s - 4.81088385404194*s**2 + 4.81665628300456*s ; r
2928,0.8387503410230597,i*sqrt(Abs(B0*i + i*s)) ; B1*i + B2*i**2 + B3*i*r,i*sqrt(Abs(i*s + 3.37943260063548*i)) ; 5.2880958167366*i**2 + 0.326080001954989*i*r + 0.00359877350093139*i
2929,0.8387266099496673,B0 + B1*i ; B2 + B3*sqrt(Abs(i)) + B4*i - r,0.0429627461927032 - 0.0328929609561697*i ; -0.476854870487777*i - r + 0.282160211062066*sqrt(Abs(i)) + 0.0863900308178984
2930,0.8386968701863978,B0 + B1*i + B2*s - i*s ; i,-i*s + 0.964010152593317*i + 0.0490244969435632*s - 0.00538886123285325 ; i
2931,0.8386966482523339,B0*sqrt(Abs(i*s**2 + s**2)) ; B1*i*r**2 + B1*i*r,0.0440011313882052*sqrt(Abs(i*s**2 + s**2)) ; 0.000299069614849837*i*r**2 + 0.000299069614849837*i*r
2932,0.8386738397989634,B0*sqrt(Abs(i)) - Abs(i)**(3/2) ; B1 + i,-Abs(i)**(3/2) + 0.139981498784145*sqrt(Abs(i)) ; i + 0.00492214070352089
2933,0.8386428744151337,B0*i + i*sqrt(Abs(s)) ; B1*i**2 + i**2*r + i,i*sqrt(Abs(s)) + 0.0751239301875815*i ; i**2*r - 3.45845327146154*i**2 + i
2934,0.8386321457099483,B0 + B1*i + B1*s ; B2 - 2*i,0.00139604625541795*i + 0.00139604625541795*s - 0.12771603000258 ; -2*i - 236.506774463643
2935,0.8386110195837929,B0 + B1*i + B1*s + B2*sqrt(Abs(s)) ; B3*sqrt(Abs(i)) + 2*i,0.0262262678226844*i + 0.0262262678226844*s + 0.0329777971926951*sqrt(Abs(s)) - 0.0804801010086709 ; 2*i - 3.49930181044389*sqrt(Abs(i))
2936,0.8386107323306615,i*s ; B0 + i + r**2 - r,i*s ; i + r**2 - r + 0.0229940490568532
2937,0.8385918356587371,B0 + B1*sqrt(Abs(i))*sqrt(Abs(s)) ; B2*r + 2*i*r + i,0.0053155745793243*sqrt(Abs(i))*sqrt(Abs(s)) - 0.000514436998197039 ; 2*i*r + i + 28.1045028651941*r
2938,0.8385857605135522,B0*i + B1*i**2 + B2*i*s ; sqrt(Abs(i*r + r**2)),31.2940231339183*i**2 + 31.6339953479174*i*s - 31.3356732641381*i ; sqrt(Abs(i*r + r**2))
2939,0.8385857600388441,B0*i + B1*i**2 + B2*i*s ; sqrt(Abs(sqrt(Abs(i))*sqrt(Abs(r)) - sqrt(Abs(r)))),3.7865275686312*i**2 + 4.12651922423619*i*s - 3.82818466042247*i ; sqrt(Abs(sqrt(Abs(i))*sqrt(Abs(r)) - sqrt(Abs(r))))
2940,0.8385765730546658,B0*s + i*s ; B1*i + B2*r**2 + B3*i*r,i*s - 0.00160319760993785*s ; 2.38645211711969*i*r + 0.749044825455494*i - 1.1747419755781*r**2
2941,0.8384951173268764,B0*s + i*s + s**2 ; B1*i**2 + B2*r + B3*i*r,i*s + s**2 - 0.985561737102017*s ; -0.592827402728263*i**2 - 3.71238539695209*i*r + 0.377402615705304*r
2942,0.8384344578156955,B0*i + s ; B1*r + B2*i*r,-1.70141831626133*i + s ; 0.00372582881902886*i*r + 0.00655446659090219*r
2943,0.8384299057800487,2*i**2 ; B0 + i - r,2*i**2 ; i - r + 0.276998543925241
2944,0.8384103620978659,B0*i*s + B0*i + B1*s ; B2*i - r,0.020911427136789*i*s + 0.020911427136789*i + 0.0474865614389997*s ; -0.0156264458037245*i - r
2945,0.8384100225352911,B0*i*s + B0*i + B1*s ; r,0.0211931887761452*i*s + 0.0211931887761452*i + 0.0474820496039657*s ; r
2946,0.8384097064556488,B0*i + B0*s*sqrt(Abs(i - s)) ; i,0.0435589547999903*i + 0.0435589547999903*s*sqrt(Abs(i - s)) ; i
2947,0.8383956220040306,B0*Abs(i)**(3/2) + B1*s*sqrt(Abs(i)) ; 2*i - sqrt(Abs(B2 + r)),0.114554002700684*s*sqrt(Abs(i)) - 0.0147761363001365*Abs(i)**(3/2) ; 2*i - sqrt(Abs(r - 0.10395347725892))
2948,0.838372425713746,B0*i + B1*s + B2*s*sqrt(Abs(i)) ; B3 - i + r,3.87005771524433e-5*i + 0.00669422619305567*s*sqrt(Abs(i)) + 0.00931271299060437*s ; -i + r + 0.0206294422441316
2949,0.8383393065673985,B0*i*s ; sqrt(Abs(B1 + B2*r + i*Abs(r)**(3/2))),-0.00050105583053306*i*s ; sqrt(Abs(i*Abs(r)**(3/2) - 3295.36749100706*r + 8.4156142937052e-5))
2950,0.8383126124730579,B0 + B1*i ; B2 + i*r + r + Abs(i)**(3/2),-0.0487551710382283*i - 0.107880511042869 ; i*r + r + Abs(i)**(3/2) + 2.21561084147637
2951,0.8382350065049193,B0*Abs(s)**(3/2) ; B1*sqrt(Abs(r**2 - r*sqrt(Abs(i)))),0.0443774672653041*Abs(s)**(3/2) ; 3.93585845903821*sqrt(Abs(r**2 - r*sqrt(Abs(i))))
2952,0.838235004651619,B0*Abs(s)**(3/2) ; B1*r**3 - i*r,0.0443659605490518*Abs(s)**(3/2) ; -i*r + 0.0161984549783169*r**3
2953,0.8381979418025928,B0*i*sqrt(Abs(s)) + B0*Abs(s)**(3/2) ; i,0.0425451850165754*i*sqrt(Abs(s)) + 0.0425451850165754*Abs(s)**(3/2) ; i
2954,0.8381550233096693,B0*s + i*s + s**2 ; B1*i + B2*r**2 + B3*i*r,i*s + s**2 + 1.74169190163883*s ; 0.559467111749491*i*r + 0.00290980330244544*i - 4.03988664258721*r**2
2955,0.8381400764456177,B0 + B1*i ; sqrt(Abs(i))*Abs(i - sqrt(Abs(r)))**(1/4),0.000275045377208194*i + 0.036274842235025 ; sqrt(Abs(i))*Abs(i - sqrt(Abs(r)))**(1/4)
2956,0.8380661218237345,-2*i**2 + i*s ; B0 + i,-2*i**2 + i*s ; i - 0.0177325295220378
2957,0.8379825903434023,B0*sqrt(Abs(i)) + B1*i ; -i + sqrt(Abs(i + sqrt(Abs(i)))),0.000791115371296815*i + 0.0090629276548477*sqrt(Abs(i)) ; -i + sqrt(Abs(i + sqrt(Abs(i))))
2958,0.8379372207952799,B2*sqrt(Abs(B0 + B1*i)) ; i - sqrt(Abs(i)),0.0263340449791616*sqrt(Abs(0.520127077391523*i - 0.718990655337568)) ; i - sqrt(Abs(i))
2959,0.8379118571495707,B0 + i + s ; i,i + s - 0.980647010406461 ; i
2960,0.8378948251167375,B0*s*sqrt(Abs(i)) ; sqrt(Abs(B1 + i**2 - 2*i*r)),0.00862283601832564*s*sqrt(Abs(i)) ; sqrt(Abs(-i**2 + 2*i*r + 5.73885239082311e-6))
2961,0.8378846917984173,B0*sqrt(Abs(i)) + B1*i ; -i + sqrt(Abs(i)),0.0007837606221447*i + 0.00899057872157886*sqrt(Abs(i)) ; -i + sqrt(Abs(i))
2962,0.8378788843530556,B0 - i - sqrt(Abs(s)) ; B1*sqrt(Abs(i)),-i - sqrt(Abs(s)) + 0.958259380485063 ; 0.0133172359967505*sqrt(Abs(i))
2963,0.8378677649287618,B0 + B1*i + B1*s ; B2*i - 2*i**2 - r,-0.000380760226972459*i - 0.000380760226972459*s + 0.0414133172863812 ; -2*i**2 + 1.12951260184571*i - r
2964,0.8378067527683708,B0*s*sqrt(Abs(i**2 - i*s)) ; B1*i**2 + i**3 + r,0.000617776260067952*s*sqrt(Abs(i**2 - i*s)) ; i**3 + 28.1678450285775*i**2 + r
2965,0.837775157493219,B0*sqrt(Abs(i + 2*s)) ; B1 - 2*i,0.00118911991634178*sqrt(Abs(i + 2*s)) ; -2*i - 91.0054544796335
2966,0.8377659178258686,B0*s + i**2*s ; r,i**2*s + 0.013207764995513*s ; r
2967,0.8377339341067946,B0*i - Abs(i)**(1/4) ; B1 + r - sqrt(Abs(i)),0.0317480923075073*i - Abs(i)**(1/4) ; r - sqrt(Abs(i)) - 262.598527180927
2968,0.8377084541063808,B0*sqrt(Abs(i + s**2)) ; B1 - i,0.00118820579575854*sqrt(Abs(i + s**2)) ; -i - 111.192839541777
2969,0.8376721088117833,B0*i - i**2 - i*sqrt(Abs(s)) ; B1 + B2*i - r,-i**2 - i*sqrt(Abs(s)) + 0.376840701574268*i ; 0.158651526736173*i - r + 0.75166416020605
2970,0.8376626100263282,B0*sqrt(Abs(2*i - s)) ; Abs(B1 + i + r)**(1/4),0.000839885623898536*sqrt(Abs(2*i - s)) ; Abs(i + r + 433928003.047654)**(1/4)
2971,0.8376503406135095,B0*i ; -i**2 + sqrt(Abs(B1 + i)),-0.0103654660232397*i ; -i**2 + sqrt(Abs(i + 3.88732683257192))
2972,0.8376396483705231,B0*sqrt(Abs(i)) ; B1*sqrt(Abs(i)) + 2*i,0.0891543341016842*sqrt(Abs(i)) ; 2*i - 0.176303777192133*sqrt(Abs(i))
2973,0.8376309788119212,B0*i ; B1*sqrt(Abs(i)) + i - r,0.000118726343427677*i ; i - r - 1191.89801432511*sqrt(Abs(i))
2974,0.8376309748765456,B0*i ; B1*sqrt(Abs(i)) - i - r,-0.000118726358675116*i ; -i - r + 1192.71148737704*sqrt(Abs(i))
2975,0.8376294630420803,B1*i*sqrt(Abs(B0 - i)) ; sqrt(Abs(B2 + i)),-3.41899739106728e-5*i*sqrt(Abs(i + 112.004438524351)) ; sqrt(Abs(i + 2700.08320331525))
2976,0.8376265699004685,B0*sqrt(Abs(i)) ; B1 + B2*sqrt(Abs(i)) + i,0.00118761485274669*sqrt(Abs(i)) ; i + 433.068970419586*sqrt(Abs(i)) + 41.1430795406634
2977,0.8376251447572715,B0*Abs(i + sqrt(Abs(i)))**(1/4) ; Abs(B1 + i)**(1/4),0.00385484693230887*Abs(i + sqrt(Abs(i)))**(1/4) ; Abs(i + 96883667.1693625)**(1/4)
2978,0.8376249824200656,B0*sqrt(Abs(i)) ; Abs(B1 - i + sqrt(Abs(r)))**(1/4),0.00118748542576854*sqrt(Abs(i)) ; Abs(-i + sqrt(Abs(r)) + 450821887.059918)**(1/4)
2979,0.837624957390963,B0*i ; B1 + i + r - sqrt(Abs(i)),0.000118753230135445*i ; i + r - sqrt(Abs(i)) - 167.623082109936
2980,0.8376249479132303,B1*sqrt(Abs(B0 + i)) ; B2 + r - sqrt(Abs(i - r)),0.00106301643810019*sqrt(Abs(i + 24.678258274402)) ; r - sqrt(Abs(i - r)) - 70.9369633220167
2981,0.8376249426530659,B0*i ; r + sqrt(Abs(B1 + i + r)),-0.000118753194272908*i ; r + sqrt(Abs(i + r + 21514.0095984041))
2982,0.8376249424772119,B0*Abs(i)**(3/2) ; 2*r + sqrt(Abs(B1 + i)),1.18753205761412e-5*Abs(i)**(3/2) ; 2*r + sqrt(Abs(i + 26122.6356640016))
2983,0.8376249414702817,B0 + B1*i ; B2 + 2*r - sqrt(Abs(i)),-0.000181704428142051*i - 0.00629468698088152 ; 2*r - sqrt(Abs(i)) + 282.519688499004
2984,0.8376249406571371,B0*i ; B2*sqrt(Abs(B1 + i)) + r,-0.000118753199195454*i ; r + 13.1644010072971*sqrt(Abs(i - 122.998428987612))
2985,0.8376249398999576,B0*i ; B1 - 2*i + sqrt(Abs(r)),-0.000118753188344585*i ; -2*i + sqrt(Abs(r)) + 147.279861653069
2986,0.8376249396730997,B0*i ; Abs(B1 + sqrt(Abs(B2 + i)))**(1/4),-0.000118765315078164*i ; (sqrt(Abs(i + 562197495.260961)) + 881443414.311621)**(1/4)
2987,0.8376249390472963,B0*i ; Abs(B1 + i + sqrt(Abs(i)))**(1/4),-0.000118748385471976*i ; Abs(i + sqrt(Abs(i)) + 893634329.404455)**(1/4)
2988,0.8376249341085085,B0*i ; Abs(B1 - i + sqrt(Abs(i)))**(1/4),-0.000118757946978918*i ; Abs(-i + sqrt(Abs(i)) + 857019798.308757)**(1/4)
2989,0.8376242998183212,B0*sqrt(Abs(i)) ; Abs(r + sqrt(Abs(B1 - r)))**(1/4),0.00118793918033498*sqrt(Abs(i)) ; Abs(r + sqrt(Abs(r + 6.19302843454412e+16)))**(1/4)
2990,0.8376227137747048,B0*i ; B1 + B2*sqrt(Abs(i)) + i,0.000118492145712454*i ; i - 46.5544244528392*sqrt(Abs(i)) - 265.174159314814
2991,0.8376183207372425,B0*i ; B1 + i - r + sqrt(Abs(i)),-0.00011703671038533*i ; i - r + sqrt(Abs(i)) + 483.99133400008
2992,0.8376091266140872,B0*i ; B1 + 2*i - sqrt(Abs(i)),-0.0390330330344406*i ; 2*i - sqrt(Abs(i)) + 1.28786544502271
2993,0.8376073692698344,B0*i ; B1*i + r - sqrt(Abs(i)),0.000118975940903182*i ; -128.147167944986*i + r - sqrt(Abs(i))
2994,0.8376062222400438,B0 + B1*i + B1*s ; 2*r - sqrt(Abs(i)),-3.08089608830743e-6*i - 3.08089608830743e-6*s + 0.0121362756675516 ; 2*r - sqrt(Abs(i))
2995,0.8376060498062584,B0 + B1*i + B1*s ; B2 - r,0.134686465010696*i + 0.134686465010696*s - 0.123375836248823 ; -r - 0.0039532876155938
2996,0.8376057805930754,B0 + B1*i + B1*s ; B2*sqrt(Abs(r)) - r,-55.6714692404241*i - 55.6714692404241*s + 55.6833067404378 ; -r + 80.6889300717039*sqrt(Abs(r))
2997,0.8376057805930688,B0 + B1*i + B1*s ; B2*sqrt(Abs(r)) + B3*r,-46.5215837154426*i - 46.5215837154426*s + 46.5334212149656 ; 65.388468912999*r + 0.00693469302640272*sqrt(Abs(r))
2998,0.8376057805930605,B0 + B1*i + B1*s ; B2*r,6.38100918408079*i + 6.38100918408079*s - 6.36917168409568 ; 9.01677278493688*r
2999,0.8376057805930585,B0 + B1*i + B1*s ; B2*r - i*r,-2.355089816735*i - 2.355089816735*s + 2.36692731666844 ; -i*r + 1.22645625163894*r
3000,0.837605780593058,B0 + B1*i + B1*s ; r,2.09168876080111*i + 2.09168876080111*s - 2.07985126076868 ; r
3001,0.8376057773163788,B0 - sqrt(Abs(B1 + i + s)) ; sqrt(Abs(r)),0.249679643498052 - sqrt(Abs(i + s - 1.05656680775752)) ; sqrt(Abs(r))
3002,0.8376057365041915,B1*sqrt(Abs(B0 + 2*i)) ; r,2.0234123288648e-5*sqrt(Abs(2*i + 342157.829003048)) ; r
3003,0.8376002546103954,B1*sqrt(Abs(B0 - 2*i)) ; r + sqrt(Abs(i)),0.000102970795681564*sqrt(Abs(2*i - 12922.9579956284)) ; r + sqrt(Abs(i))
3004,0.8375780090720314,B0*sqrt(Abs(i)) + B1*i ; -i + r,-0.000943045444902629*i + 0.0105853665697818*sqrt(Abs(i)) ; -i + r
3005,0.8375517440386387,B0 - sqrt(Abs(i)) ; B1 + B2*sqrt(Abs(r)) - r,7.39001828205421 - sqrt(Abs(i)) ; -r - 51.5554581041509*sqrt(Abs(r)) + 514.210156537743
3006,0.8375493451044621,B0*s + B1*s**2 - i*s**2 ; i,-i*s**2 - 0.259008158858356*s**2 + 0.285767286460672*s ; i
3007,0.8375416419104419,i**2 ; B0 + B1*sqrt(Abs(i)) + i,i**2 ; i - 0.339184728490984*sqrt(Abs(i)) + 0.232994666940812
3008,0.8375256513407059,-i*s + s*sqrt(Abs(B0 + B1*i + B1*s)) ; B2*i - i*r**2,-i*s + s*sqrt(Abs(0.0808410306123679*i + 0.0808410306123679*s - 0.0790446449630284)) ; -i*r**2 + 0.955578338354529*i
3009,0.8374806194760248,B0*i ; B1*r*sqrt(Abs(i)) - i,0.000118936547855188*i ; -i + 77.2808761818453*r*sqrt(Abs(i))
3010,0.8374771006851652,B0*Abs(i)**(5/4) ; B1*r**2 + sqrt(Abs(i)),3.76048401143266e-5*Abs(i)**(5/4) ; 43.6725885551353*r**2 + sqrt(Abs(i))
3011,0.8374515531819053,B0*i ; i + r*sqrt(Abs(B1 + r)),-0.000119061276920433*i ; i + r*sqrt(Abs(r + 390.033181129652))
3012,0.8374150811297221,B0*i*s + i*s**2 ; B1*i + i*Abs(r)**(3/2),i*s**2 - 0.555310388929215*i*s ; i*Abs(r)**(3/2) + 0.0193026348108385*i
3013,0.8373297474573799,B0*sqrt(Abs(i)) ; B1*i*sqrt(Abs(r)),0.0125935552838405*sqrt(Abs(i)) ; 0.00220075811939969*i*sqrt(Abs(r))
3014,0.8373289638878759,B0*s**3 + B1*i*s**2 ; i*sqrt(Abs(r)) + r - Abs(r)**(3/2),0.41306952868939*i*s**2 - 0.00433198429942202*s**3 ; i*sqrt(Abs(r)) + r - Abs(r)**(3/2)
3015,0.8372887260119116,Abs(i)**(3/2)*Abs(s)**(1/4) ; B0*i,Abs(i)**(3/2)*Abs(s)**(1/4) ; 2.74209775844169*i
3016,0.8372304759998915,B0*Abs(s - sqrt(Abs(i)))**(1/4) ; B1 + r,0.00665486501161871*Abs(s - sqrt(Abs(i)))**(1/4) ; r + 46.4954566663459
3017,0.8371870954272721,i ; B0*i + i**2 + i*r,i ; i**2 + i*r + 0.747196537548683*i
3018,0.8371708819757636,B0*s + B2*sqrt(Abs(B1 + s + sqrt(Abs(i)))) ; r,0.0120824834148407*s + 0.0597859110769587*sqrt(Abs(s + sqrt(Abs(i)) - 0.9872749122265)) ; r
3019,0.8371702748356236,-i*s ; B0*r**2,-i*s ; 94.6221970758011*r**2
3020,0.8371080810149051,B0*i*s + i**2*s**2 ; r,i**2*s**2 + 0.193861923365092*i*s ; r
3021,0.837047953045205,B0 + B1*i ; B2*r - i + r**2,0.0553877227592538 - 0.0111615406084215*i ; -i + r**2 + 2.04132171847815*r
3022,0.8370022995125772,s - sqrt(Abs(s)) ; B0 - 2*i,s - sqrt(Abs(s)) ; 0.000195225932689266 - 2*i
3023,0.8369773830927735,B0 + B1*i ; B2*i + i**2 - i*sqrt(Abs(r)),0.053974539981451 - 0.206370874112947*i ; i**2 - i*sqrt(Abs(r)) + 0.669176280600987*i
3024,0.8369753638645046,B0*s - Abs(s)**(3/2) ; B1 + r,0.99287564870975*s - Abs(s)**(3/2) ; r + 34.3021204369025
3025,0.8369744392007898,B0*s - Abs(s)**(3/2) ; i + r + sqrt(2)*sqrt(Abs(i)),0.992880643828998*s - Abs(s)**(3/2) ; i + r + sqrt(2)*sqrt(Abs(i))
3026,0.836926254620619,B0 + s + Abs(i)**(3/4) ; B1*i,s + Abs(i)**(3/4) - 1.05252839179875 ; -0.00108781840700445*i
3027,0.8369221625746642,B0*sqrt(Abs(s - sqrt(Abs(i)))) ; sqrt(Abs(i)),0.00322864331225662*sqrt(Abs(s - sqrt(Abs(i)))) ; sqrt(Abs(i))
3028,0.8368782041510161,B1*sqrt(Abs(B0 + i)) ; B2 + i - sqrt(Abs(i*r + r**2)),0.0412212761955693*sqrt(Abs(i + 0.196683730623683)) ; i - sqrt(Abs(i*r + r**2)) + 1.39430519802322
3029,0.8368358097379508,B0*i*s + i*s**2 ; r,i*s**2 - 0.568186100822115*i*s ; r
3030,0.8367980919510789,B2*sqrt(Abs(B0 + B1*s + s**2)) ; i,0.0322102847447152*sqrt(Abs(s**2 + 0.82594533781758*s + 0.0432379501133302)) ; i
3031,0.8367979237466338,B0 + B1*i + B1*s + B1*sqrt(Abs(i)) ; i,0.0373099126781123*i + 0.0373099126781123*s + 0.0373099126781123*sqrt(Abs(i)) + 0.00168432402456556 ; i
3032,0.8367814712452135,B0*Abs(s)**(1/4) + B1*i*Abs(s)**(1/4) ; Abs(i)**(3/2),0.409448926258113*i*Abs(s)**(1/4) - 0.00121944778642064*Abs(s)**(1/4) ; Abs(i)**(3/2)
3033,0.8367272065311921,B0*i ; -i + 2*r + sqrt(Abs(r)),-0.000118323700373052*i ; -i + 2*r + sqrt(Abs(r))
3034,0.8366801750767716,B0*i*s ; B1*r + B2*r**2 + B3*i*r,0.300067056128765*i*s ; 0.00125384653446261*i*r + 12.8116274293603*r**2 + 0.276195010077615*r
3035,0.8366718853827643,B0*s + i*s + s*sqrt(Abs(i + s)) ; B1*i,i*s + s*sqrt(Abs(i + s)) + 1.15082210887567*s ; 0.030746424777574*i
3036,0.8366179877261949,B0*i*sqrt(Abs(s)) ; B1*i + B2*r - i*r + r**2,0.98982180206855*i*sqrt(Abs(s)) ; -i*r + 2.83918024757106*i + r**2 - 0.804762466156149*r
3037,0.8365187439439239,B0*i + B3*sqrt(Abs(B1 + B2*i)) ; B4*i - i**2,-0.00311499990280156*i + 0.00717633419461432*sqrt(Abs(19.0350016072601*i - 20.1838650825771)) ; -i**2 + 0.305383832532364*i
3038,0.836494404914809,i ; B0*i + B1*i**2 + B2*i*r,i ; -0.400567344757908*i**2 + 0.355276798485486*i*r + 0.864891986698624*i
3039,0.8364511567638666,B0*sqrt(Abs(i + 2*s)) ; r + Abs(i - r)**(1/4),0.00118447118402756*sqrt(Abs(i + 2*s)) ; r + Abs(i - r)**(1/4)
3040,0.8363796489994004,B0 + B1*sqrt(Abs(i)) + i ; B2*i,i - 3.13471042815058*sqrt(Abs(i)) + 31.3589797148892 ; 15.052051604617*i
3041,0.8363153979791131,B0*i + B1*s + i**2 - i*s ; B2*i + i*r,i**2 - i*s + 0.923454677267572*i + 0.0269071762858077*s ; i*r + 0.29431479472861*i
3042,0.836299955453353,B1*sqrt(Abs(B0*s + i*s + i)) ; B2 + Abs(i)**(3/4),0.00167910434289852*sqrt(Abs(i*s + i - 341.668479987355*s)) ; Abs(i)**(3/4) + 2.0069211452568
3043,0.8358919206070837,B1*Abs(B0 + s)**(1/8) ; B2 + B3*r**2,0.015757129762643*Abs(s - 0.0732285902606758)**(1/8) ; 0.000388452444973842*r**2 + 0.00122302782821555
3044,0.8358810717002548,sqrt(Abs(B0 + B1*sqrt(Abs(i))*sqrt(Abs(s)))) ; B2*r + B3*r**2,sqrt(Abs(0.00357748023829088*sqrt(Abs(i))*sqrt(Abs(s)) - 0.00178919305940373)) ; 0.165384692920558*r**2 + 0.00160889105480731*r
3045,0.8357894890133825,B0*i + i**2 + i*s ; B1 + i,i**2 + i*s - 0.147180875640796*i ; i - 0.0155480637280293
3046,0.8357654929903886,B1*Abs(B0 + s)**(1/8) ; i,0.0160778943314487*Abs(s - 0.162164539921578)**(1/8) ; i
3047,0.8357569375235426,B0*Abs(s)**(1/8) ; B1 + B2*r**3,0.016254473306745*Abs(s)**(1/8) ; 60.4138745893678*r**3 + 0.0288443438120473
3048,0.8357336756103796,B0*s + B1*sqrt(Abs(i))*sqrt(Abs(s)) ; B2 + B3*r - 2*r**2,0.0390761991870012*s + 0.0334868917559162*sqrt(Abs(i))*sqrt(Abs(s)) ; -2*r**2 - 0.0175701415949099*r + 0.0594032237762798
3049,0.8357076976188842,B0*i ; -2*i - r + sqrt(Abs(i)),-0.000117028889562682*i ; -2*i - r + sqrt(Abs(i))
3050,0.8356711991033169,B0 + i**2 ; B1*i + i**2 - i*r,i**2 + 0.00677648237520763 ; i**2 - i*r + 3.02608961869721*i
3051,0.8356338547383229,B0*i + B2*sqrt(Abs(B1 + 2*s)) ; i,0.597936514315531*i + 0.0096152200647865*sqrt(Abs(2*s + 0.197627265356747)) ; i
3052,0.8355467169340498,B0 + i**2 ; B1 + i**2 + i*sqrt(Abs(i - r)),i**2 + 0.013366612549319 ; i**2 + i*sqrt(Abs(i - r)) - 0.0262344065110567
3053,0.8355371825976218,B0 + B1*sqrt(Abs(i - s + sqrt(Abs(s)))) ; B2*i + i**2 + Abs(i)**(3/2),0.0655214665030257 - 0.0754097311518909*sqrt(Abs(i - s + sqrt(Abs(s)))) ; i**2 + 0.967207841845822*i + Abs(i)**(3/2)
3054,0.8355162524206796,B0*s*Abs(i)**(3/2) + s**2*Abs(i)**(3/2) ; B1*sqrt(Abs(i)) - r,s**2*Abs(i)**(3/2) - 0.212894455682512*s*Abs(i)**(3/2) ; -r - 0.078743602670385*sqrt(Abs(i))
3055,0.8355067262138033,B0*i*Abs(s)**(1/4) ; B3*sqrt(Abs(B1 + B2*i*r)),-0.000215965263169075*i*Abs(s)**(1/4) ; 4.34341789419791*sqrt(Abs(3.30374681625764*i*r - 35.5810261496193))
3056,0.8354850110773466,B0*s**2 + B1*i*s**2 ; B2 + i,-1.02481026740609*i*s**2 - 0.465615472158852*s**2 ; i + 0.564975378647474
3057,0.8354775130631666,B0*i*sqrt(Abs(i - s)) ; -i + r,1.16625784988611e-5*i*sqrt(Abs(i - s)) ; -i + r
3058,0.8354360640073596,B0 - i*s + i ; i,-i*s + i + 0.00458660721685326 ; i
3059,0.8353980402856427,B0 + B1*s ; B2 + B3*sqrt(Abs(i)) + B4*r + i,0.0420875951085271*s + 0.00549705777602082 ; i + 0.41292294792596*r + 0.000390999473756511*sqrt(Abs(i)) + 0.0011946513511019
3060,0.8353980393213312,B0 + B1*s ; 2*i - r + sqrt(Abs(B2 + i**2)),0.042092296205477*s + 0.00549831898004588 ; 2*i - r + sqrt(Abs(i**2 + 0.000341147322646521))
3061,0.8353980383657417,B0 + B1*s ; B2*r + r*sqrt(Abs(i*r - i)),0.0420739065671883*s + 0.00549965318542456 ; r*sqrt(Abs(i*r - i)) + 1.01119529739748*r
3062,0.8353980350260165,B0 + B1*s ; B2*i**2 + B2*i + B3*r,0.0420892919156423*s + 0.00548036851272182 ; 4.53544099091416*i**2 + 4.53544099091416*i + 0.00322870341826108*r
3063,0.8353977973262566,B0*i + B2*sqrt(Abs(B1 + i + s)) ; B3*r,-0.0419495212357219*i + 0.0752415854808828*sqrt(Abs(i + s - 1.39830508828109)) ; 0.0154442799768735*r
3064,0.8353977238175933,B0 + B1*i + B2*s ; sqrt(Abs(r))*Abs(B3 + i*r + i)**(1/4),0.0171147564376465*i + 0.0590422915716094*s - 0.0115504253880376 ; sqrt(Abs(r))*Abs(i*r + i + 0.0170974454388368)**(1/4)
3065,0.8353131057252956,i*sqrt(Abs(B0 + B1*i**2 + B1*i*s)) ; B2*Abs(i)**(1/4) + i,i*sqrt(Abs(12.1389575375*i**2 + 12.1389575375*i*s + 0.0297127048855704)) ; i - 0.0370732373434563*Abs(i)**(1/4)
3066,0.835284864995856,B0*i + B1*s ; -r + sqrt(Abs(i**3*r + i)),0.00902505814014756*i + 0.0471111465856466*s ; -r + sqrt(Abs(i**3*r + i))
3067,0.8352534907695199,B0*i**2*s ; B1*i + B2*i*r,2.92256381436868*i**2*s ; 4.14241198208112*i*r + 0.005103577118942*i
3068,0.8351976015769071,B0 + B1*s**2 ; B2 + i*r**2 + i + r,0.0391735614216555*s**2 + 0.00418423045150357 ; i*r**2 + i + r + 0.0118979312024127
3069,0.8351840202811165,B0 - i + sqrt(Abs(i)) ; i + sqrt(Abs(i)),-i + sqrt(Abs(i)) + 0.000255302672488946 ; i + sqrt(Abs(i))
3070,0.8351626865136706,B0*i + i*sqrt(Abs(s)) ; -i*r + i*sqrt(Abs(i + r)) + i,i*sqrt(Abs(s)) + 0.446773948903114*i ; -i*r + i*sqrt(Abs(i + r)) + i
3071,0.8350876309014255,B1*sqrt(Abs(B0*sqrt(Abs(s)) + i)) ; Abs(B2*r + r*sqrt(Abs(i)))**(1/4),0.0011562869950974*sqrt(Abs(i + 316.507276926588*sqrt(Abs(s)))) ; Abs(r*sqrt(Abs(i)) + 0.569225626154603*r)**(1/4)
3072,0.8350832579830981,B0*i + B1*i**2 + B2*i*s ; i,1.01487194092383*i**2 + 0.312650667617035*i*s + 0.804027287883969*i ; i
3073,0.8350421009517118,i ; B0*r + B0*sqrt(Abs(i)) + B1*i,i ; 1.00303415968256*i + 0.000523580472322194*r + 0.000523580472322194*sqrt(Abs(i))
3074,0.8349613809733454,B0*Abs(i)**(3/2) + B1*s*sqrt(Abs(i)) ; 2*i,0.678665949983742*s*sqrt(Abs(i)) - 15.2265992741013*Abs(i)**(3/2) ; 2*i
3075,0.8349507752739684,B0*i + B0*Abs(s)**(3/2) + B1*s ; 2*r,0.00172327961995942*i + 0.0448643281577883*s + 0.00172327961995942*Abs(s)**(3/2) ; 2*r
3076,0.8349149117480495,B0*i + B0*s**2 + B1*s ; r,-0.00111744847155568*i - 0.00111744847155568*s**2 + 0.0468011620552628*s ; r
3077,0.8349001457744449,B0*s ; B1*i + B2*i*r + B2*r,0.0460636457816665*s ; 0.00181101355659048*i*r + 4.79392104647321*i + 0.00181101355659048*r
3078,0.8349001457581811,B0*s ; r**2*sqrt(Abs(B1 + 2*i - r)),0.0460638659744138*s ; r**2*sqrt(Abs(2*i - r + 0.0151732467877927))
3079,0.8349001457418539,B0*s ; 2*i - r + sqrt(Abs(B1 - i + r)),0.0460640679435412*s ; 2*i - r + sqrt(Abs(-i + r + 2.11386918285344))
3080,0.8349001454133458,B0*s ; B1*r - r**2 + r*sqrt(Abs(i)),0.0460666557218147*s ; -r**2 + r*sqrt(Abs(i)) + 0.0100035550138757*r
3081,0.8349001428882495,B0*s ; B1 - r + sqrt(Abs(i**2 + i*r)),0.0460749061837355*s ; -r + sqrt(Abs(i**2 + i*r)) + 0.00196954508041419
3082,0.8349001372240078,B0*s ; B1*i*r + B1*i + B2*r,0.0460843670687493*s ; 0.651412139008019*i*r + 0.651412139008019*i + 0.00186673168207145*r
3083,0.8348856869042599,B3*sqrt(Abs(B0 + B1*i + B2*s)) ; r,0.02676677596843*sqrt(Abs(-0.0931141134801919*i + 1.53239005972647*s + 0.219593622143636)) ; r
3084,0.8348180058171525,B0*i + B0*s**2 + B1*i*s ; B2 + 2*r,0.000749641048579789*i*s - 6.57018179751559e-6*i - 6.57018179751559e-6*s**2 ; 2*r - 0.00213306433195512
3085,0.834794988734507,B1*sqrt(Abs(B0*s + i*s - i)) ; i,0.0170380556448875*sqrt(Abs(i*s - i + 3.86481595403337*s)) ; i
3086,0.8347498986169871,B0*i*s + B0*i + B0*s ; B1 - i + r,0.00026705838899885*i*s + 0.00026705838899885*i + 0.00026705838899885*s ; -i + r - 0.0915050848936493
3087,0.8347130265900606,B1*Abs(B0 - s)**(1/4) ; B2 + i - r*sqrt(Abs(B3 + i)),0.0213763031814128*Abs(s - 0.0946424162912208)**(1/4) ; i - r*sqrt(Abs(i + 21.4598227367079)) + 0.00269450894063959
3088,0.8346327001447973,B0*sqrt(Abs(s)) ; B1 - i + r + Abs(i)**(1/4)*sqrt(Abs(r)),0.0334032090159603*sqrt(Abs(s)) ; -i + r + Abs(i)**(1/4)*sqrt(Abs(r)) + 0.309180816114373
3089,0.8345907229336451,B0*s**2 - s**2*sqrt(Abs(i)) ; i,-s**2*sqrt(Abs(i)) + 0.263763595860422*s**2 ; i
3090,0.8345768558950252,B0*i + B1*s ; B2*r + i*r - i - Abs(r)**(3/2),0.000190937452643676*i + 0.0472038530029683*s ; i*r - i - 2.10686096756205*r - Abs(r)**(3/2)
3091,0.8345315260285332,B0*sqrt(Abs(i)) ; B1*i + i*r**2 + r*Abs(i)**(3/2),0.0911880058010216*sqrt(Abs(i)) ; i*r**2 + 0.0169972267445747*i + r*Abs(i)**(3/2)
3092,0.8344892032722867,B0*s + B2*sqrt(Abs(B1*s + i*s)) ; B3 + r,0.0332342956622299*s + 0.00321771323356413*sqrt(Abs(i*s - 0.0174770621641057*s)) ; r + 0.0101448429027957
3093,0.8344622322982312,B0*Abs(i)**(5/4)*Abs(s)**(1/4) ; B1*i + B1*sqrt(Abs(B2 + r)),0.00340318379756451*Abs(i)**(5/4)*Abs(s)**(1/4) ; 1.65379914291473*i + 1.65379914291473*sqrt(Abs(r + 12.2807472897145))
3094,0.8344169322021303,B0*sqrt(Abs(i)) + B1*s*sqrt(Abs(i)) ; B2*i*r**2 - i*r + i,0.119248087175097*s*sqrt(Abs(i)) + 0.106365585254021*sqrt(Abs(i)) ; 0.987319721142739*i*r**2 - i*r + i
3095,0.8343242533038073,B0 + i*s ; -i**2 - i*r + i + Abs(i)**(3/2),i*s + 0.0111878534273878 ; -i**2 - i*r + i + Abs(i)**(3/2)
3096,0.8342202694050147,B0*s**2 ; B1 + i + r**2 + 2*r,0.043406067806576*s**2 ; i + r**2 + 2*r + 73.5541242395508
3097,0.834220267015699,B0*s**2 ; Abs(B1 - 3*i + r)**(1/4),0.0434226971968202*s**2 ; Abs(-3*i + r + 30.2315676496297)**(1/4)
3098,0.8341789373642352,B0*Abs(s)**(17/16) ; B1*r + B2*r**2,0.0457886125140273*Abs(s)**(17/16) ; 3.85376974763144*r**2 + 0.345169496313055*r
3099,0.8341510958196424,B0*i ; B2*sqrt(Abs(B1*i + B1*r)) + i,0.996836888416727*i ; i + 0.0072217964632299*sqrt(Abs(0.00405196948760878*i + 0.00405196948760878*r))
3100,0.8341335888705098,B0*s + B2*sqrt(Abs(B1*s + s**2)) ; i,42.3981629755908*s - 39.445002220074*sqrt(Abs(s**2 + 0.159965417203527*s)) ; i
3101,0.8341064269890535,B0*i**3 + B1*i**2*s ; B2*i - i**2 + r,0.0199015340181578*i**3 + 0.137760741147891*i**2*s ; -i**2 + 0.287400297609616*i + r
3102,0.8339516960042418,B0*i + B2*sqrt(Abs(B1*i + i*s)) ; i**2*sqrt(Abs(r)) + 2*i**2,0.414801818722723*i - 0.0636745025693089*sqrt(Abs(i*s - 0.873633682245954*i)) ; i**2*sqrt(Abs(r)) + 2*i**2
3103,0.8338939721429097,B0*Abs(s)**(1/4) + B1*Abs(s)**(5/4) ; B2 + B3*i**2,0.035063200098162*Abs(s)**(5/4) + 0.00955862874541622*Abs(s)**(1/4) ; 0.466255009278944*i**2 + 0.000394812074474094
3104,0.8338833172797682,B0*Abs(s)**(1/8) + i*Abs(s)**(1/8) ; B1*i + B2*i*r,i*Abs(s)**(1/8) - 0.000113943714184786*Abs(s)**(1/8) ; 0.0191207070304838*i*r + 0.845190875860267*i
3105,0.8337635168783567,B0*i + B2*sqrt(Abs(B1*i + i**2)) ; r,-0.158058356714387*i + 0.00759197985136837*sqrt(Abs(i**2 + 492.971663266511*i)) ; r
3106,0.8336322607038021,B0 + B1*sqrt(Abs(s)) ; B2 + B3*r + r**2 - Abs(r)**(3/2),0.048133979351848*sqrt(Abs(s)) - 0.000383954421806732 ; r**2 + 0.000564570052714761*r - Abs(r)**(3/2) + 0.14483564021089
3107,0.8336060730369395,B0 + B1*i + B1*s + B2*sqrt(Abs(s)) ; r,-0.0068693469321317*i - 0.0068693469321317*s + 0.0489267055810824*sqrt(Abs(s)) + 0.00641041285817486 ; r
3108,0.8335516541895596,B0*sqrt(Abs(i)) + s*sqrt(Abs(i)) ; B1 - r,s*sqrt(Abs(i)) - 0.706407332063347*sqrt(Abs(i)) ; 0.12570970642421 - r
3109,0.83354359046429,B0*sqrt(Abs(i)) ; B1*i**2 - i + r,0.0112201066509629*sqrt(Abs(i)) ; 1.00709460455764*i**2 - i + r
3110,0.8335206898036923,B0*i ; B1*i + B3*i*sqrt(Abs(B2 - i)),2.10476425105025*i ; -0.550200261065596*i*sqrt(Abs(i + 0.223888749538743)) + 2.41622504945092*i
3111,0.8334985295333628,B0*Abs(i)**(1/4) ; B1 + B2*i**2*r,0.030820552801671*Abs(i)**(1/4) ; -45.3738951243001*i**2*r + 0.0374357281660914
3112,0.8332505730937824,B0*s - i*s ; B1*i**2 + B1*i*r + B1*i,-i*s + 0.089568461170257*s ; 0.76691219690711*i**2 + 0.76691219690711*i*r + 0.76691219690711*i
3113,0.8332283528304075,B0*Abs(s)**(5/4) - i*Abs(s)**(5/4) ; B1*i - i**2 + i*r,-i*Abs(s)**(5/4) + 0.119302670009736*Abs(s)**(5/4) ; -i**2 + i*r + 0.395292140024952*i
3114,0.8332103073740739,s*sqrt(Abs(B0 + i + 2*s)) ; i - Abs(i)**(1/8),s*sqrt(Abs(i + 2*s + 6.92812329943112)) ; i - Abs(i)**(1/8)
3115,0.8332069289565355,B0*i + B1*Abs(i)**(3/2)*sqrt(Abs(s)) ; i,0.858786739302902*i + 1.09461806956461*Abs(i)**(3/2)*sqrt(Abs(s)) ; i
3116,0.83320266654724,B0*i + B2*sqrt(Abs(B1 + s)) ; B3*r - i + 2*r**2,-0.000191605300301831*i + 0.0454907264707356*sqrt(Abs(s + 0.0368647791297869)) ; -i + 2*r**2 + 0.200564954270386*r
3117,0.833071950957167,i*sqrt(Abs(B0 + B1*i)) ; B2 + B3*r,i*sqrt(Abs(1.51417270395496e-7*i + 7.13543264312172e-7)) ; -32.1846836574728*r - 3.39926499797704
3118,0.8329494227534738,i ; B0*i - i*r,i ; -i*r + 1.2642757189699*i
3119,0.8329295569237309,B0*i*sqrt(Abs(s)) ; B1*r,0.0285262335993706*i*sqrt(Abs(s)) ; 0.000203950825487116*r
3120,0.8329295544795651,B0*i*sqrt(Abs(s)) ; B1*i*r,0.0285121757918649*i*sqrt(Abs(s)) ; 0.00139233071833411*i*r
3121,0.832929552839012,B0*i*sqrt(Abs(s)) ; B1*sqrt(Abs(r)),0.0285458702223923*i*sqrt(Abs(s)) ; 0.0446434351962162*sqrt(Abs(r))
3122,0.8329295524762604,B0*i*sqrt(Abs(s)) ; B1*i*sqrt(Abs(r)),0.0285070503006886*i*sqrt(Abs(s)) ; 22.6113232189709*i*sqrt(Abs(r))
3123,0.8329294938067926,B0*i*sqrt(Abs(s)) ; r**2,0.0286013757944597*i*sqrt(Abs(s)) ; r**2
3124,0.8329294132702185,B0*i*sqrt(Abs(s)) ; r,0.0284139615506635*i*sqrt(Abs(s)) ; r
3125,0.8328589536720362,B0*i + B0*s ; Abs(i - sqrt(Abs(r)))**(1/4),-4.79047304895802e-5*i - 4.79047304895802e-5*s ; Abs(i - sqrt(Abs(r)))**(1/4)
3126,0.832839082950103,B1*sqrt(Abs(i - sqrt(Abs(B0 + i)))) ; i,0.0488108607563099*sqrt(Abs(i - sqrt(Abs(i - 0.00742260900762256)))) ; i
3127,0.8327677138372293,B0*i ; B1*r + sqrt(Abs(r)),0.0262172680324979*i ; 0.00805945129617405*r + sqrt(Abs(r))
3128,0.8327677127391117,B0*i ; B1*r*sqrt(Abs(i)),0.0262262040058135*i ; 17.5254321188317*r*sqrt(Abs(i))
3129,0.8326389692946115,B0*i**2*s + B0*i*s**2 ; B1*i - i*r + r,8.14918717206816e-6*i**2*s + 8.14918717206816e-6*i*s**2 ; -i*r + 0.0764373112644823*i + r
3130,0.8325789467964625,B0*i + s ; B1 + i + r,0.00988258208194142*i + s ; i + r + 227.273430075651
3131,0.8325564310816922,B0 + s - sqrt(Abs(s)) ; B1 + B2*sqrt(Abs(r)),s - sqrt(Abs(s)) + 0.0442947534175655 ; 0.00387683845518407*sqrt(Abs(r)) + 0.0338765118663523
3132,0.8325104557915198,B0*i + B1*s**3 ; Abs(B2 + r)**(1/4),-6.92163821235593e-5*i + 0.0378361526104221*s**3 ; Abs(r + 11673.4948653395)**(1/4)
3133,0.8324944520410101,2*i**2 + i*sqrt(Abs(B0 - s)) ; B1*i + B2*i**2,2*i**2 + i*sqrt(Abs(s + 0.55773620491943)) ; -0.167451724423414*i**2 + 1.14945262245685*i
3134,0.8324706068638442,B0 + 2*i - sqrt(Abs(i)) ; i,2*i - sqrt(Abs(i)) + 0.111335332288367 ; i
3135,0.8324350257235142,B0 + B1*s - i + sqrt(Abs(s)) ; B2 + i,-i + 0.459097227996197*s + sqrt(Abs(s)) - 0.658012187405267 ; i - 0.506642432138749
3136,0.8324161670960092,B0*Abs(i)**(1/4) ; B1 + B2*i**2 + B2*i*r,0.0565698913650019*Abs(i)**(1/4) ; 0.845561112059394*i**2 + 0.845561112059394*i*r + 0.0126863770278407
3137,0.8323421288801834,B0*sqrt(Abs(s)) + s ; i,s - 0.957437659410432*sqrt(Abs(s)) ; i
3138,0.8323237345366288,B0*i + B1*s + B1*Abs(s)**(3/2) ; Abs(B2 - 2*i + 2*r)**(1/4),-9.9338098138162e-6*i + 0.0227917912983351*s + 0.0227917912983351*Abs(s)**(3/2) ; Abs(-2*i + 2*r + 8.63778823304822)**(1/4)
3139,0.8322925550477864,B1*Abs(B0*i*s + s)**(1/4) ; i,0.00863800422348618*Abs(2400.32966020594*i*s + s)**(1/4) ; i
3140,0.8322667300134224,i*s*sqrt(Abs(B0 + s)) ; i**2,i*s*sqrt(Abs(s - 0.680159208932581)) ; i**2
3141,0.8322473072401139,B0*s + B2*sqrt(Abs(B1*i + B1*s)) ; sqrt(Abs(-2*i + r + sqrt(Abs(r)))),0.0449293103060212*s + 0.0040639330826342*sqrt(Abs(0.171704578094504*i + 0.171704578094504*s)) ; sqrt(Abs(-2*i + r + sqrt(Abs(r))))
3142,0.8322153677425264,B0 + i*s + s ; 2*r,i*s + s - 0.981680059528962 ; 2*r
3143,0.8322139161265952,B0*i*s**2 + i**2*s**2 ; r,i**2*s**2 + 0.220572635030285*i*s**2 ; r
3144,0.8321929046384013,B0*Abs(s)**(5/4) ; B1*r + B2*r**2*sqrt(Abs(i)),0.0451010953259268*Abs(s)**(5/4) ; 0.269583418179983*r**2*sqrt(Abs(i)) + 0.0688292392039756*r
3145,0.8319961922230346,B0*Abs(i)**(5/4) ; B1*r,0.0453500299117312*Abs(i)**(5/4) ; 0.459384680660076*r
3146,0.8319961676639192,B0*Abs(i)**(5/4) ; r,0.0452738695074891*Abs(i)**(5/4) ; r
3147,0.831901731112294,B0 + B1*i + i**2*s - i**2 ; B2 + B3*i + B3*Abs(r)**(3/2),i**2*s - i**2 + 0.709464108635544*i - 0.190297876804561 ; 1.82115516523899*i + 1.82115516523899*Abs(r)**(3/2) - 1.0040857830666
3148,0.8318846448424584,Abs(i)**(9/8) ; i,Abs(i)**(9/8) ; i
3149,0.8318349072954342,B0*sqrt(Abs(i)) + B1*i ; -r*sqrt(Abs(B2 - r)) + sqrt(Abs(i)),-0.00413656873711052*i + 0.00535742118395024*sqrt(Abs(i)) ; -r*sqrt(Abs(r - 0.000467752845121748)) + sqrt(Abs(i))
3150,0.8318282484603794,-i + s*sqrt(Abs(i)) ; B0 + B1*r,-i + s*sqrt(Abs(i)) ; -1.74896137135043*r - 1.38569401350855
3151,0.8317229444751862,B0*s - sqrt(Abs(i)) ; sqrt(Abs(r)),0.211767886177043*s - sqrt(Abs(i)) ; sqrt(Abs(r))
3152,0.8317221514280569,B0*i + 2*i**2 ; B1 + B2*r**2 + B3*i*r,2*i**2 - 1.47814552278939*i ; 1.38844537933381*i*r - 0.0416843021723855*r**2 + 0.0535122054930049
3153,0.8317121361223108,i*s**2 ; i*r**2 + i,i*s**2 ; i*r**2 + i
3154,0.831706013697443,B0*s**2*sqrt(Abs(i)) - i ; 2*i,-i + 0.435760408126063*s**2*sqrt(Abs(i)) ; 2*i
3155,0.8315821423213515,B0*sqrt(Abs(i)) + B1*Abs(i)**(3/2) ; i,3.66745373282796*Abs(i)**(3/2) + 0.0615937140388529*sqrt(Abs(i)) ; i
3156,0.831525913115176,B0*Abs(i)**(3/2) ; sqrt(Abs(r + Abs(r)**(1/4))),0.0820117880322947*Abs(i)**(3/2) ; sqrt(Abs(r + Abs(r)**(1/4)))
3157,0.831467042226408,B0*Abs(s)**(3/2) + 2*i*s ; B1*i + B2*i*r,2*i*s + 0.0331095384274896*Abs(s)**(3/2) ; -5.90111504257318*i*r + 5.77475706847819*i
3158,0.8314001707581539,B0*Abs(i)**(3/2) + B1*i*s ; i,0.886174296138726*i*s + 1.93136495944319*Abs(i)**(3/2) ; i
3159,0.8313747520775748,B0*sqrt(Abs(i)) ; B1 + i*r + 2*i,0.0506537752723636*sqrt(Abs(i)) ; i*r + 2*i + 0.125093395367663
3160,0.8313432233615585,B0*i + 2*i**2 ; B1*r**2 + i,2*i**2 + 0.943093013069811*i ; i + 0.00198174009742572*r**2
3161,0.8312631677177085,B0*i**2*s + B0*i*s**2 ; B1 + B2*i*r + r,-0.580387846689447*i**2*s - 0.580387846689447*i*s**2 ; 2.96669417275762*i*r + r + 4.04520238661654e-5
3162,0.8311849759754647,-i + s - sqrt(Abs(B0*s - s**2)) ; B1*r + i,-i + s - sqrt(Abs(s**2 - 0.0962369014809479*s)) ; i + 0.00466478660802679*r
3163,0.831128345822072,B0*sqrt(Abs(i**2 - i*s + s)) ; i - sqrt(Abs(B1*i + B2 + B3*r)),0.0108981488388074*sqrt(Abs(i**2 - i*s + s)) ; i - sqrt(Abs(11.126232840637*i + 10.0862376266872*r - 10.2650214752083))
3164,0.8310396215738846,i*Abs(s)**(5/4) ; 2*i,i*Abs(s)**(5/4) ; 2*i
3165,0.8310347576387528,B0*i + B1*i**2 ; B2 + r,-1.87878756101751e-5*i**2 - 0.00198690040835721*i ; r + 0.110403661146766
3166,0.8308747552238176,B0 + s ; B1 + r - sqrt(Abs(r)),s - 0.953598154323264 ; r - sqrt(Abs(r)) + 75.9496559121682
3167,0.8308747552003151,B0 + s ; B1*sqrt(Abs(r)) + i,s - 0.953588712738908 ; i + 25.458230770628*sqrt(Abs(r))
3168,0.8308596855605791,i*s*sqrt(Abs(B0 - i*s)) ; i,i*s*sqrt(Abs(i*s - 1.53097032834709)) ; i
3169,0.8308497530264783,B0*i - i**2 + i*s ; i,-i**2 + i*s + 0.276540699508805*i ; i
3170,0.8308343710691654,B1*sqrt(Abs(B0 + i)) ; i**2 - i*r + r,0.00238751979543817*sqrt(Abs(i + 80.2305698000681)) ; i**2 - i*r + r
3171,0.8308321135012918,B0 + B1*i + B2*i**2 ; i,-0.156652720206924*i**2 + 0.991410253932712*i - 0.000178710493144189 ; i
3172,0.8308126078158329,B0*i + B1*i**2 + B2*i*sqrt(Abs(s)) ; B3*Abs(r)**(3/2),-0.480799871525357*i**2 - 0.188584717496778*i*sqrt(Abs(s)) + 0.498881060235145*i ; 0.0210703903520821*Abs(r)**(3/2)
3173,0.8308087811279082,B0 + i + sqrt(Abs(s)) ; B1 + i,i + sqrt(Abs(s)) - 1.01722088521539 ; i - 0.0390245800131967
3174,0.8308040474281962,B0 + 2*s ; B1 + B2*sqrt(Abs(r)),2*s - 1.91171797067718 ; 37.8670418085141*sqrt(Abs(r)) + 85.7159131847186
3175,0.830761598968804,B0 + i*s ; B1*r + B2*sqrt(Abs(i*r + r**2)) + i,i*s - 0.00137340251682812 ; i - 1.57894897386992*r + 1.18234362474916*sqrt(Abs(i*r + r**2))
3176,0.8307466862118048,B0 + s**2 ; B1 + r - sqrt(Abs(r)),s**2 - 0.917952623925482 ; r - sqrt(Abs(r)) + 0.00296983477835138
3177,0.8307182847341056,B0*s + B1*s*sqrt(Abs(i)) + B2*i*s ; r,0.131872103647206*i*s + 0.09769076726002*s*sqrt(Abs(i)) - 0.0106937099472084*s ; r
3178,0.8307182820175589,B0*s + B1*s**2 + B2*s*sqrt(Abs(i)) ; r,-0.13177841445653*s**2 + 0.0977709204740156*s*sqrt(Abs(i)) + 0.121071852964023*s ; r
3179,0.830708968669173,B0*sqrt(Abs(i*s + i - s)) ; r**2 + r*sqrt(Abs(B1 + r)),0.0160436223289425*sqrt(Abs(i*s + i - s)) ; r**2 + r*sqrt(Abs(r + 0.00175647124787153))
3180,0.8307021733338908,B0*i + B1*i**2 + B2*i*s ; B3 + B4*r + sqrt(Abs(r)),-0.00772378513130099*i**2 - 0.0666932685809613*i*s - 0.0468172311722357*i ; -2.96791367755213*r + sqrt(Abs(r)) + 11.8723327500474
3181,0.8306146235595057,B0 + i*s ; B1 + B2*i + B3*i**2 + B3*i*r,i*s - 0.0159818934540601 ; -0.848788540242784*i**2 - 0.848788540242784*i*r + 0.830385610757904*i - 0.0167604415600865
3182,0.8305266587835232,B0 - i**2 + i + s ; B1*i,-i**2 + i + s - 0.989578269100959 ; -0.0212728125517466*i
3183,0.8305243697749995,B0*i*Abs(s)**(3/2) ; sqrt(Abs(i*r**2 + i*r - r**2 - r)),0.328761533165323*i*Abs(s)**(3/2) ; sqrt(Abs(i*r**2 + i*r - r**2 - r))
3184,0.830517660587293,B0 + B1*i ; i*r + i + r*sqrt(Abs(i - r)),0.023275413451872*i + 0.0348826954044455 ; i*r + i + r*sqrt(Abs(i - r))
3185,0.8305163279963075,Abs(i)**(3/2)*sqrt(Abs(s)) ; i,Abs(i)**(3/2)*sqrt(Abs(s)) ; i
3186,0.8304912734095024,B0 + B1*i + B2*s + i*s ; i,i*s + 0.42033495402493*i - 0.00941727039213764*s + 0.00375838705689878 ; i
3187,0.8304340152209551,B0*i ; i + r*sqrt(Abs(i)),-0.0997303307618644*i ; i + r*sqrt(Abs(i))
3188,0.8304224757115455,B0*s + B1*i*s ; B2*i**2 + i**2*sqrt(Abs(i - 2*r)),0.325527397304867*i*s + 0.000335109499831413*s ; i**2*sqrt(Abs(i - 2*r)) - 0.104438631063062*i**2
3189,0.8304133618511573,i**2*sqrt(Abs(s)) ; i,i**2*sqrt(Abs(s)) ; i
3190,0.8303131804673446,B0*sqrt(Abs(i**2 + s)) ; r*Abs(i - r)**(1/4) + r,0.0121139463484658*sqrt(Abs(i**2 + s)) ; r*Abs(i - r)**(1/4) + r
3191,0.8302444364766015,i*sqrt(Abs(s + sqrt(Abs(s)))) ; B0*sqrt(Abs(i)) + i,i*sqrt(Abs(s + sqrt(Abs(s)))) ; i + 0.0179664322902412*sqrt(Abs(i))
3192,0.8301960999235594,B0*s + B1*Abs(i)**(1/4)*Abs(s)**(1/4) ; Abs(B2 - i + r)**(1/4),0.0405317280379335*s + 0.00548944665342533*Abs(i)**(1/4)*Abs(s)**(1/4) ; Abs(-i + r + 0.0153707795108538)**(1/4)
3193,0.8301789400407872,B0*sqrt(Abs(i)) ; B1 + B2*r - r**2 + Abs(r)**(3/2),0.0374963993701009*sqrt(Abs(i)) ; -r**2 - 0.0757039281257745*r + Abs(r)**(3/2) + 0.11885558103178
3194,0.8300880209859386,B0 + B1*i + B2*s + B2*sqrt(Abs(s)) ; 2*i,0.351122614939443*i + 0.0198672057255934*s + 0.0198672057255934*sqrt(Abs(s)) - 7.10096812246044e-5 ; 2*i
3195,0.8300459039559694,B0 + i*s ; i - r**2 + r*sqrt(Abs(B1*r + i*r)),i*s + 0.0018155655329075 ; i - r**2 + r*sqrt(Abs(i*r - 0.0316948204167527*r))
3196,0.8298640487336183,B0*s + B2*sqrt(Abs(B1*i + B1*s)) ; i,0.0195420822873366*s + 0.110184291317849*sqrt(Abs(0.0517791245163469*i + 0.0517791245163469*s)) ; i
3197,0.8298526564090836,B0*Abs(s)**(3/2) ; B1 + i*sqrt(Abs(i**2 + i - r)),0.0443794071207269*Abs(s)**(3/2) ; i*sqrt(Abs(i**2 + i - r)) + 10.2419452344888
3198,0.8298526562052707,B0*Abs(s)**(3/2) ; r*sqrt(Abs(B1*i + B2*r + B3)),0.0443820860006815*Abs(s)**(3/2) ; r*sqrt(Abs(1.34171681660011*i + 0.000549987785026533*r + 5.91238502319359))
3199,0.8298362774509738,B0*i + i*sqrt(Abs(s)) ; 2*i**2*r + i,i*sqrt(Abs(s)) + 0.18879462140394*i ; 2*i**2*r + i
3200,0.8298345866530672,B0 + i**2 ; B1 - i**2*r + i*r**2,i**2 - 0.00141751622654882 ; -i**2*r + i*r**2 + 0.0823906242475518
3201,0.8297989433677234,B0*i + i*s ; i**2*r - i**2 + i,i*s + 0.217248977503256*i ; i**2*r - i**2 + i
3202,0.8297871615508096,B0*i + B1*Abs(i)**(3/2)*sqrt(Abs(s)) ; B2*r**2,0.558724411786564*i - 1.1100956168832*Abs(i)**(3/2)*sqrt(Abs(s)) ; 14.6402946216685*r**2
3203,0.8297789179709948,B0*i**2*s + B0*s**2 ; r**2*sqrt(Abs(B1 + 2*i)),0.0539372636779956*i**2*s + 0.0539372636779956*s**2 ; r**2*sqrt(Abs(2*i + 0.000485082384582218))
3204,0.8297732674162727,B0 + i**2 ; B1 + 2*i**2,i**2 + 0.0114527205651007 ; 2*i**2 + 0.0115775165401081
3205,0.8297599484451436,B0*i - i**2 - i*sqrt(Abs(s)) ; i*sqrt(Abs(r)) + Abs(i)**(3/2),-i**2 - i*sqrt(Abs(s)) + 1.47439757347341*i ; i*sqrt(Abs(r)) + Abs(i)**(3/2)
3206,0.8297415309056438,B0 + B1*s + B2*i*s + B2*s**2 ; Abs(B3 + 2*i**2 - i)**(1/4),-0.00140917083072444*i*s - 0.00140917083072444*s**2 + 0.00960279488362018*s - 0.00365449324579215 ; Abs(2*i**2 - i + 96.7899314422032)**(1/4)
3207,0.8295310241919857,B0*Abs(i)**(1/4) + B1*i ; r - sqrt(Abs(i)),-0.000279818379072788*i + 0.0125215225420183*Abs(i)**(1/4) ; r - sqrt(Abs(i))
3208,0.8294596083404127,B0*sqrt(Abs(i)) ; B1*i + B2*i**2,0.0957058657556139*sqrt(Abs(i)) ; -0.0335366166394108*i**2 + 0.78267585216054*i
3209,0.8294460782893339,B0 + B1*i ; B2 - 2*i + Abs(i)**(1/4),3.00026363440808e-5*i + 0.0146569232911701 ; -2*i + Abs(i)**(1/4) - 0.265143617779389
3210,0.8294382146453992,B0 + B1*i + B1*sqrt(Abs(i)) ; B2 - 2*i,-3.10647925872183e-5*i - 3.10647925872183e-5*sqrt(Abs(i)) + 0.0149461279907555 ; 0.0442685017022144 - 2*i
3211,0.8294150339467591,B0*i + i**2 + i*s ; i,i**2 + i*s + 0.210170223114183*i ; i
3212,0.8293957006059868,B2*sqrt(Abs(B0 + sqrt(Abs(B1 + i)))) ; B3 - r,0.0018759539281784*sqrt(Abs(sqrt(Abs(i - 59.3890648896818)) - 40.9601092809212)) ; -r - 59.2335063140727
3213,0.8293569590707444,B0 + B1*s**2 + B1*s + B2*i*s ; Abs(B3 - i + r)**(1/4),-0.0068163922812926*i*s + 0.0102260799264036*s**2 + 0.0102260799264036*s - 0.0224148197999066 ; Abs(i - r + 7.63464122315167)**(1/4)
3214,0.8293283631516127,B0 + B1*i + B1*sqrt(Abs(i)) + B2*s ; i,0.0605069587202414*i + 0.0290429117403982*s + 0.0605069587202414*sqrt(Abs(i)) + 0.00175912287488375 ; i
3215,0.8293231996718908,B0*sqrt(Abs(i - s)) ; Abs(B1 + i + r**2)**(1/4),0.00118819386717095*sqrt(Abs(i - s)) ; Abs(i + r**2 + 357037612.38404)**(1/4)
3216,0.82930332107585,B0 + i**2 ; B1 + B2*i - i**2,i**2 + 0.0116767267321769 ; -i**2 + 0.290913967682864*i + 0.00838718535612801
3217,0.8292953483999934,B0*i*sqrt(Abs(i - sqrt(Abs(i)))) ; B1*i**3,1.45631070747502*i*sqrt(Abs(i - sqrt(Abs(i)))) ; 1004.97737288575*i**3
3218,0.829265079458494,B0*Abs(i + s)**(1/8) ; B1 - i + 2*sqrt(Abs(r)),0.00667560547810603*Abs(i + s)**(1/8) ; -i + 2*sqrt(Abs(r)) - 40.6514032548536
3219,0.8292570170676191,B0*i + B0*sqrt(Abs(i + s)) ; B1 + r,-0.000131957570913278*i - 0.000131957570913278*sqrt(Abs(i + s)) ; r + 150.467044064543
3220,0.8292569316979055,B0*i + B1*i**2 ; B2 - i - sqrt(Abs(r)),-4.85499989320579e-6*i**2 + 0.000603999542526327*i ; -i - sqrt(Abs(r)) - 25.2167654916753
3221,0.8292514774412867,B0*sqrt(Abs(i)) ; B1*r + B1*sqrt(Abs(i + r)),0.00118740325064035*sqrt(Abs(i)) ; 865.514447030895*r + 865.514447030895*sqrt(Abs(i + r))
3222,0.8292488688613424,B0*sqrt(Abs(i)) ; B1 + B2*i - i**2,0.00118754884568919*sqrt(Abs(i)) ; -i**2 + 124.383090024018*i + 100.649447561589
3223,0.8292487536028695,B0*i ; B1 + B2*i + i**2,-0.000118754486963767*i ; i**2 + 40.4400980752996*i + 145.680384806934
3224,0.8292487500165487,B0*sqrt(Abs(i)) ; B1 + Abs(i**2 + r)**(1/4),0.00118753335170044*sqrt(Abs(i)) ; Abs(i**2 + r)**(1/4) + 144.84903344532
3225,0.829248705328042,B0*i ; sqrt(Abs(r)) - sqrt(Abs(B1 - i + r)),0.000118753223537691*i ; sqrt(Abs(r)) - sqrt(Abs(i - r + 31241.4324163945))
3226,0.8292486949643713,B0*Abs(i)**(5/4) ; B1 + B2*i**3,3.7553059760453e-5*Abs(i)**(5/4) ; 141.987348101184*i**3 + 156.129704335127
3227,0.8292486946251199,B0*i ; B1 - i - r + Abs(i)**(1/4),-0.000118753196901957*i ; -i - r + Abs(i)**(1/4) + 170.702326430721
3228,0.8292486914478773,B0 + B1*i ; B2 - 2*i + Abs(r)**(1/4),0.00720753645906221 - 4.66777742368725e-5*i ; -2*i + Abs(r)**(1/4) + 37.5056043977703
3229,0.829248691222134,B0*i ; Abs(B1*r + B2 - i)**(1/4),-0.000118745438951474*i ; Abs(-i + 42869512.1861535*r + 450441814.955444)**(1/4)
3230,0.8292486903694101,B0*i ; sqrt(Abs(B1 + sqrt(Abs(i))*Abs(r)**(3/2))),-0.000118753186174065*i ; sqrt(sqrt(Abs(i))*Abs(r)**(3/2) + 26427.8304360594)
3231,0.8292485472680441,B0*i ; Abs(B1 + 2*i + r)**(1/4),-0.000118726145353049*i ; Abs(2*i + r - 1023311976.36221)**(1/4)
3232,0.8292465809793447,B0*i + B1*i**2 ; B2 + sqrt(Abs(i)),-0.000514876434805745*i**2 - 0.0516063088352565*i ; sqrt(Abs(i)) + 234.372368703386
3233,0.8292439505625171,B1*Abs(B0*i + s)**(1/4) ; B2 + B3*i**2*r,0.00218748592883518*Abs(8.67755600926994*i + s)**(1/4) ; 0.48791077985658*i**2*r + 15.9589028992756
3234,0.8292323674498346,B0 + B1*Abs(i)**(3/2) + i ; 2*i,i - 3.9900961836711*Abs(i)**(3/2) + 0.00771685212635503 ; 2*i
3235,0.8292307381687865,B0 - i**2 + Abs(i)**(3/2) ; 2*i,-i**2 + Abs(i)**(3/2) + 0.0114017487739396 ; 2*i
3236,0.8292299562975752,B0*i ; B1*Abs(r)**(1/4) - i - r,-0.000118784466996733*i ; -i - r + 1017.03626028533*Abs(r)**(1/4)
3237,0.8292297227871508,B0 + B1*i + B1*s ; sqrt(Abs(B2*i*sqrt(Abs(r)) - r)),-160.838281984912*i - 160.838281984912*s + 160.850119485909 ; sqrt(Abs(86.0687784902192*i*sqrt(Abs(r)) - r))
3238,0.8292296773384868,B1*sqrt(Abs(B0 - s + sqrt(Abs(i)))) ; i*r - i + r,2.1977379533953e-5*sqrt(Abs(-s + sqrt(Abs(i)) + 289629.201601412)) ; i*r - i + r
3239,0.8292296645551008,B2*sqrt(Abs(B0 + sqrt(Abs(B1 + i)))) ; r,6.97929869599516e-5*sqrt(sqrt(Abs(i + 23171.7528578221)) + 28525.6848303933) ; r
3240,0.8292288478089654,B0*i ; B1*i - i*Abs(r)**(3/2),0.00011894304985689*i ; -i*Abs(r)**(3/2) + 174.619254174937*i
3241,0.8292283369381408,B0 + i**2 + Abs(i)**(3/2) ; 2*i,i**2 + Abs(i)**(3/2) + 0.0113274942153463 ; 2*i
3242,0.8292272107714921,B1*sqrt(Abs(i + sqrt(Abs(B0 + s)))) ; r - Abs(r)**(1/4),0.000203787446779029*sqrt(Abs(i + sqrt(Abs(s + 11214890.5837895)))) ; r - Abs(r)**(1/4)
3243,0.8292204126926617,B0*i + B0*s ; B2*Abs(i)**(1/4)*Abs(B1 + r)**(1/8),0.036250105565462*i + 0.036250105565462*s ; 0.0126174489928615*Abs(i)**(1/4)*Abs(r + 293.200139881272)**(1/8)
3244,0.8292179253319989,B0*s**2 + B1*i*s**2 ; i*r + i,-2.31810173333606*i*s**2 + 0.113297989251933*s**2 ; i*r + i
3245,0.8291712602862435,B0 + B1*i + B2*i*s + B2*s**2 ; Abs(B3 + r)**(1/4),-0.00691094971308547*i*s + 0.000731348123056554*i - 0.00691094971308547*s**2 + 0.0105135677137198 ; Abs(r - 1.19588614689401)**(1/4)
3246,0.8291521319652131,B0*Abs(i)**(3/2) ; B1*i + r**2 + r,1.19269093279085e-5*Abs(i)**(3/2) ; 17.2739750233662*i + r**2 + r
3247,0.8291487681971293,Abs(i)**(3/2) ; B1*Abs(B0 + i)**(1/4) + i,Abs(i)**(3/2) ; i + 0.16176799895543*Abs(i + 0.0768542210015042)**(1/4)
3248,0.8291176157774546,B0*i ; B1*i + r**2 + r,-0.000119321896440745*i ; 15.8902041038607*i + r**2 + r
3249,0.8291063871715552,B0*i - i**2 ; B1 + B2*i**2 + B3*i*r + B3*r,-i**2 - 0.492508024396614*i ; -0.799080335362339*i**2 + 0.243589875080137*i*r + 0.243589875080137*r + 0.0168061732310916
3250,0.8290993947337778,B0*i + B0*s ; -i + Abs(B1 + i - r)**(1/4),-0.000118600783157774*i - 0.000118600783157774*s ; -i + Abs(-i + r + 583483051.78081)**(1/4)
3251,0.8290841630006923,B0*i ; B1*i - i**2 - r,0.000118842900311848*i ; -i**2 + 14.2620003008435*i - r
3252,0.8289613935777833,B0*i + 2*i**2 ; B1 + i,2*i**2 + 0.924435579524818*i ; i - 0.000188918418198816
3253,0.8289564505780196,B0*sqrt(Abs(i)) ; B1*Abs(r)**(1/8),0.0125943463107528*sqrt(Abs(i)) ; 0.0115266644883099*Abs(r)**(1/8)
3254,0.8289144577573608,s*sqrt(Abs(B0 + i + sqrt(Abs(i)))) ; B1*Abs(r)**(3/2),s*sqrt(Abs(i + sqrt(Abs(i)) + 5.60142126570378)) ; 0.0204923421821906*Abs(r)**(3/2)
3255,0.8289136657037733,B0 + s - sqrt(Abs(B1 + B2*s)) ; B3 + B4*i**2*r**2,s - sqrt(Abs(9.39264044362764*s + 19.5078337934875)) + 4.4287356736152 ; 0.0583664891916593*i**2*r**2 + 0.00140699710143662
3256,0.8288212689653586,B0*s + 2*i*s + s**2 ; B1*sqrt(Abs(i)),2*i*s + s**2 + 1.15156028201659*s ; 0.0218033406486611*sqrt(Abs(i))
3257,0.8288046280894601,B0*i + B1*s + B1*sqrt(Abs(B2 + s)) ; B3 + sqrt(Abs(B4 + i)),-5.3534239377326e-5*i + 0.0214506777812948*s + 0.0214506777812948*sqrt(Abs(s + 0.251175819523016)) ; sqrt(Abs(i + 0.0717629867670806)) + 30.2839985848786
3258,0.8287231551674367,B0*i*Abs(s)**(1/4) - i**2 ; r,-i**2 + 0.358391054635574*i*Abs(s)**(1/4) ; r
3259,0.8286658869893498,B0*i ; B1*r - i*r - i,-0.000118652308346813*i ; -i*r - i + 11.0418625844474*r
3260,0.8284484994458181,B0*s + i ; B1*sqrt(Abs(r)) + i + r,i + 3.90966157223895*s ; i + r - 0.129197708325747*sqrt(Abs(r))
3261,0.8282633946571852,B0 + B1*i*s + i**2 ; 2*i,i**2 + 1.49280121264108*i*s + 0.010465888055833 ; 2*i
3262,0.8280651964357301,B0 + B1*Abs(i)**(1/4) + s ; B2*sqrt(Abs(r)),s + 0.676035530153859*Abs(i)**(1/4) - 1.24617927694406 ; 0.000235127241769651*sqrt(Abs(r))
3263,0.8280495384182668,B0*s**3 ; B1*i + i**2 + i*r,0.0423972855050918*s**3 ; i**2 + i*r + 0.00131790903500695*i
3264,0.8279182143262512,B0*i + sqrt(Abs(i)) ; B1 + B2*i + B3*r,0.0998843778239048*i + sqrt(Abs(i)) ; -79.2597207227047*i - 0.613841377955772*r + 249.852275231596
3265,0.8278384814045078,B0*i + 2*i**2 + i*s ; B1*i + B2*Abs(i)**(5/2) - i**2,2*i**2 + i*s - 0.523479310978267*i ; -i**2 + 0.341496118919512*i + 1.36493579390637*Abs(i)**(5/2)
3266,0.8277240958008752,B0*Abs(i)**(3/2) + s*Abs(i)**(3/2) ; sqrt(Abs(r)),s*Abs(i)**(3/2) - 0.229748537127919*Abs(i)**(3/2) ; sqrt(Abs(r))
3267,0.8275371259711113,B0*i + 2*i**2 ; B1*sqrt(Abs(r)) + B2*r,2*i**2 - 2.83268385690994*i ; 2.71274436129379*r + 0.000721763205062918*sqrt(Abs(r))
3268,0.8274923110769468,s*Abs(B0 - 2*i)**(1/4) ; B1 + 2*i,s*Abs(2*i - 51.2804811087588)**(1/4) ; 2*i + 10.4483050623685
3269,0.8274692315605258,B0*i**2 ; B1 + B2*i + B3*i**2*r,0.672741721205566*i**2 ; -4.23640755875524*i**2*r - 0.536198004712413*i + 0.0225678083584896
3270,0.8274460749163434,B0*s + B1*sqrt(Abs(2*s + sqrt(Abs(i)))) ; sqrt(2)*sqrt(Abs(r)),0.0367665495069483*s + 0.00757238198945548*sqrt(Abs(2*s + sqrt(Abs(i)))) ; sqrt(2)*sqrt(Abs(r))
3271,0.8273177345560139,i*Abs(i*s - i)**(1/4) ; B0 + B1*i,i*Abs(i*s - i)**(1/4) ; 3.12525853479219*i - 0.0920583399589408
3272,0.8272491693373988,B0*s*Abs(i)**(3/2) ; i,6.35703505536073*s*Abs(i)**(3/2) ; i
3273,0.8272131116352627,B0 - i*s ; B1 + B2*sqrt(Abs(r)) - r,-i*s + 0.0440846757215815 ; -r + 0.326207144660721*sqrt(Abs(r)) - 0.0189354114073294
3274,0.8271968930987432,B0*i + B0*sqrt(Abs(i)) ; r,0.00782717047939507*i + 0.00782717047939507*sqrt(Abs(i)) ; r
3275,0.8271905645945541,i ; B0*i + i**2 - Abs(i)**(3/2),i ; i**2 + 1.15149622213903*i - Abs(i)**(3/2)
3276,0.8271320289628049,B0*i + B0*s*sqrt(Abs(i)) ; -i + 2*r + sqrt(Abs(i)),-0.000117670662807975*i - 0.000117670662807975*s*sqrt(Abs(i)) ; -i + 2*r + sqrt(Abs(i))
3277,0.8270835353439496,B0*s + B1*i*s**2 + i*s ; i,-3.39939674894013*i*s**2 + i*s + 0.110432476824034*s ; i
3278,0.8270440598436712,B0 + B1*s ; B2*i + B3*i**2 + B4*r,0.0420846496549785*s + 0.00549483748478684 ; 0.457282213019819*i**2 + 0.0785391999311117*i + 1.28265367257056*r
3279,0.827044059567144,B0 + B1*s ; B2 - i**2*r - i*r**2,0.0420919014631751*s + 0.00549442191762042 ; -i**2*r - i*r**2 + 10.3593377076556
3280,0.8270440589938213,B0 + B1*s ; B3*Abs(i)**(1/4)*Abs(B2 + i)**(1/8),0.0420910187436077*s + 0.00548870100302553 ; 28.7688696061051*Abs(i)**(1/4)*Abs(i + 0.305918797681443)**(1/8)
3281,0.8270440586405717,B0 + B1*s ; B2*i + B3*r + B4*i*r,0.0420774919823898*s + 0.00549601072876452 ; 0.252269082457272*i*r + 0.000215189293402088*i + 0.00922035817668932*r
3282,0.8270440580011257,B0 + B1*s ; B2*r - i**2*r + i*r,0.0420808262504976*s + 0.00549039919817317 ; -i**2*r + i*r + 32.2522568585484*r
3283,0.8270440560520583,B0 + B1*s ; B2*i*r + B3*i*r**2,0.0420869190026567*s + 0.00548327050054604 ; 0.0519191486865263*i*r**2 + 0.140807665332973*i*r
3284,0.8270440547797528,B0 + B1*s ; B2 + B3*i*r + i**2*r,0.0420664610219798*s + 0.00550111034324412 ; i**2*r + 0.00371116618317429*i*r + 0.0367801877831636
3285,0.8270439979569455,B0*i + B2*sqrt(Abs(B1*i + B1*s)) ; B3*r,-2.72256130440873*i + 1.14382618359582*sqrt(Abs(7.22756154232975*i + 7.22756154232975*s)) ; 0.00424675129540095*r
3286,0.8270438065528004,B0 + B1*i ; -i - r + sqrt(Abs(i**2 - i*sqrt(Abs(r)))),0.0475008946754673 - 0.0419435178962316*i ; -i - r + sqrt(Abs(i**2 - i*sqrt(Abs(r))))
3287,0.827043782396769,B0*s + B2*sqrt(Abs(B1*i + B1*s)) ; r,0.0422288562821225*s + 0.338076827641944*sqrt(Abs(0.000255351722780611*i + 0.000255351722780611*s)) ; r
3288,0.8270042602670703,B0*i + B0*sqrt(Abs(s)) ; i + r,0.00373661275865119*i + 0.00373661275865119*sqrt(Abs(s)) ; i + r
3289,0.826985714692379,B0*i ; B1 + B2*r**2,0.0197312916505613*i ; 28.3913342174187*r**2 - 0.0663387449177696
3290,0.8269283809943295,B0*Abs(s)**(1/4) ; B1*r + B2*r**3,0.0207607812581488*Abs(s)**(1/4) ; 0.000807305594764315*r**3 + 30.3728472970231*r
3291,0.8268602679541879,B0*i*sqrt(Abs(s)) + i**2*sqrt(Abs(s)) ; i,i**2*sqrt(Abs(s)) + 1.15480164997475*i*sqrt(Abs(s)) ; i
3292,0.8266350627901681,B1*Abs(B0 + s)**(1/4) ; B2*i**2 + i**2*r,0.0202730245826777*Abs(s + 0.0582011457463814)**(1/4) ; i**2*r + 0.00563897178529717*i**2
3293,0.8265964632237932,i ; B0*i + B1*r*sqrt(Abs(i - r)),i ; 1.00935543663664*i + 0.000638546837737363*r*sqrt(Abs(i - r))
3294,0.8265569051733507,B0*i*sqrt(Abs(s)) + i*Abs(s)**(3/2) ; r,i*Abs(s)**(3/2) - 0.603813063040202*i*sqrt(Abs(s)) ; r
3295,0.8265511443879134,B0*s ; B1*i*r + i**2*r + r,0.0460619224553031*s ; i**2*r + 0.000500885358290196*i*r + r
3296,0.8265511443698148,B0*s ; sqrt(Abs(i - sqrt(Abs(B1*r + B2*i*r)))),0.0460603958442034*s ; sqrt(Abs(i - sqrt(Abs(51.5021047429174*i*r + 0.0301091554578216*r))))
3297,0.826551144254152,B0*s ; B1 + B2*r**2 + i*r**2,0.0460644085533698*s ; i*r**2 + 0.0019276850515112*r**2 + 0.0031370900578323
3298,0.8265511442506055,B0*s ; -i + sqrt(Abs(i + sqrt(Abs(B1*i + i**2)))),0.0460644458480889*s ; -i + sqrt(Abs(i + sqrt(Abs(i**2 + 0.000632010712125657*i))))
3299,0.8265511436113485,B0*s ; B1 + B2*r**2 - r**3,0.0460684222591501*s ; -r**3 + 0.00173201646866869*r**2 + 0.00399283638478352
3300,0.8265510781161778,B0*s ; -i**2 + i*r**2 + 2*r,0.046125178553725*s ; -i**2 + i*r**2 + 2*r
3301,0.8265510763221073,B0*s ; -i**2 - i*r + i*Abs(r)**(1/4),0.0461260346244163*s ; -i**2 - i*r + i*Abs(r)**(1/4)
3302,0.8265329931643844,B0*s**2 + B0*s*sqrt(Abs(B1 + s)) ; r,9.21837322388214e-5*s**2 + 9.21837322388214e-5*s*sqrt(Abs(s + 248793.676486525)) ; r
3303,0.8264967704398862,B1*sqrt(Abs(B0 + 3*s)) ; B2 + i*r + i - r**2 - r,0.0193146606517106*sqrt(Abs(3*s + 0.210083452758171)) ; i*r + i - r**2 - r + 26.7793410388674
3304,0.8264792328627633,B0*i + i**2 + i*sqrt(Abs(s)) ; B1 + B2*i*r,i**2 + i*sqrt(Abs(s)) - 0.7901623900003*i ; 1.41848790890802*i*r + 0.243394927490654
3305,0.8264737673722693,B0 + B1*i + B1*s ; B2*i + B3*r**2 + B4*i*r,0.0250722949959515*i + 0.0250722949959515*s + 0.0156133607350734 ; 0.947642915200144*i*r + 0.000203428324107345*i + 0.359581501373452*r**2
3306,0.8264196401494506,-i**2 + i*sqrt(Abs(B0 + 2*s)) ; B1*i,-i**2 + i*sqrt(Abs(2*s + 0.942271377894069)) ; 1.51741232475744*i
3307,0.8263233017633281,s*Abs(i)**(3/2) ; r,s*Abs(i)**(3/2) ; r
3308,0.8262937829226914,B0*sqrt(Abs(s)) ; B1 + B2*i + i**2 - i*r,0.0334136423695293*sqrt(Abs(s)) ; i**2 - i*r + 0.00104752164411963*i + 0.000490919114791929
3309,0.826292631190831,B0*sqrt(Abs(s)) ; B1 + B2*r + 2*r**2,0.0334136414891148*sqrt(Abs(s)) ; 2*r**2 + 0.00135606773107032*r + 0.0569871839935817
3310,0.8262916841500472,B0*sqrt(Abs(s)) ; B1*i**2 - i**3 - i,0.0334136394398431*sqrt(Abs(s)) ; -i**3 + 0.00643164576381226*i**2 - i
3311,0.8262916690231874,B0*sqrt(Abs(s)) ; B1*i + B2*r + B3*i*r,0.0334136393897846*sqrt(Abs(s)) ; 6.54819174851764*i*r + 0.00437822586014562*i + 18.4338519299177*r
3312,0.8262914748072623,B0*sqrt(Abs(s)) ; B1*i + B2*r + B3*r**2,0.0334136386808832*sqrt(Abs(s)) ; 3.40020340083677*i + 5.13288401566323*r**2 + 0.000120093609401756*r
3313,0.8262912222597006,B0*sqrt(Abs(s)) ; 2*i**2 + i*r - i,0.0334136375498619*sqrt(Abs(s)) ; 2*i**2 + i*r - i
3314,0.8262893914366747,B0*sqrt(Abs(s)) ; B1*i**2 - i**2*r - r,0.0334136686723543*sqrt(Abs(s)) ; -i**2*r + 4.79001558143131*i**2 - r
3315,0.8262856291689249,B0 + B1*i + B1*s + B2*sqrt(Abs(s)) ; B3*r + i - r*sqrt(Abs(i + r)),0.213174383652157*i + 0.213174383652157*s - 0.10042818996534*sqrt(Abs(s)) - 0.0537647594108478 ; i - r*sqrt(Abs(i + r)) - 0.720149129835379*r
3316,0.8262849600486716,B0*sqrt(Abs(s)) ; B1 + i**2*r + i*r**2,0.0334047543440415*sqrt(Abs(s)) ; i**2*r + i*r**2 + 0.00155877723373101
3317,0.8262750682465453,B0*sqrt(Abs(s)) ; B1*i + B1*sqrt(Abs(i*r - Abs(i)**(3/2))),0.0333529088849212*sqrt(Abs(s)) ; 0.0328384144810711*i + 0.0328384144810711*sqrt(Abs(i*r - Abs(i)**(3/2)))
3318,0.8262719403484249,B0*sqrt(Abs(s)) ; i*r - i - r**2 + Abs(r)**(3/2),0.0334610203681982*sqrt(Abs(s)) ; i*r - i - r**2 + Abs(r)**(3/2)
3319,0.8262700915871698,B0*sqrt(Abs(s)) ; B1 + B2*i*r**2 + i*r,0.0334586907817133*sqrt(Abs(s)) ; 0.00362611047902143*i*r**2 + i*r + 3.38738128669971
3320,0.8262223643468172,B0*i + B1*i**2*s + B1*i*s ; i,0.28848237335717*i**2*s + 0.28848237335717*i*s + 0.855121427445909*i ; i
3321,0.8262081819347059,B0*s**2 + B1*i*s**2 ; i,-2.26036295242426*i*s**2 + 0.119994767954054*s**2 ; i
3322,0.8261327706087848,B0*i**2 + B0*s + B1*i*s ; i,0.128255091187955*i**2 - 2.17552290092842*i*s + 0.128255091187955*s ; i
3323,0.826074468302391,s**2*sqrt(Abs(i)) ; B0*i + i**2,s**2*sqrt(Abs(i)) ; i**2 + 5.92124900959233*i
3324,0.8260175283194511,B1*i*sqrt(Abs(B0 - s)) ; B2*r - i*r + i + r**2,-0.000365011955508274*i*sqrt(Abs(s - 0.0726469493664733)) ; -i*r + i + r**2 + 22.2383581908552*r
3325,0.825902667811076,B0*i**2*s**2 + i*s ; r,-3.39779485436929*i**2*s**2 + i*s ; r
3326,0.825878060444113,B0*s**2 ; B1*i*r + B1*r**2 + i,0.0433838578627897*s**2 ; 0.473458235834596*i*r + i + 0.473458235834596*r**2
3327,0.8258691323759338,s*Abs(i)**(3/2) ; B0*i - i*r,s*Abs(i)**(3/2) ; -i*r + 0.217850517670992*i
3328,0.8258565394302094,B0 + B1*i + B1*sqrt(Abs(s)) ; B2 - 2*r + Abs(i)**(1/4),-0.0116685672530933*i - 0.0116685672530933*sqrt(Abs(s)) + 0.0356017223031908 ; -2*r + Abs(i)**(1/4) - 0.0834731080312269
3329,0.8258256821498277,B0*Abs(s)**(1/4) + B1*i*Abs(s)**(1/4) ; B2*r,-0.034236846284684*i*Abs(s)**(1/4) + 0.0456369976645422*Abs(s)**(1/4) ; 0.0204443374839842*r
3330,0.8258014861252876,B0*i ; B1 + B2*sqrt(Abs(i)) + B3*i,0.639914202604565*i ; 0.00432900827277313*i + 0.192269919672653*sqrt(Abs(i)) - 0.0140181246702181
3331,0.8257085517051527,B0 - i + Abs(i)**(3/2) ; B1 + B2*sqrt(Abs(r)) - r,-i + Abs(i)**(3/2) + 0.0414610389216858 ; -r + 0.309356369017021*sqrt(Abs(r)) - 0.0170287696422433
3332,0.8256840896659745,B0*s + i*s + i + s**2 ; B1*r + B2*r**2,i*s + i + s**2 + 2.72690098716617*s ; 13.0823721922599*r**2 + 0.531234902948361*r
3333,0.8256805372180195,B0*i**2 + i**2*s ; B1*i - r,i**2*s - 0.654740021350731*i**2 ; -0.796613247743463*i - r
3334,0.8256415106303963,sqrt(Abs(B0*i*s + B1*i)) ; B2*Abs(r)**(3/2),sqrt(Abs(0.00203918639598508*i*s - 0.00052122071599127*i)) ; 0.219633123624448*Abs(r)**(3/2)
3335,0.8255611370591569,B0*i + B0*sqrt(Abs(s)) ; B1*r + B2*i*r,0.0106158981677998*i + 0.0106158981677998*sqrt(Abs(s)) ; 0.00153842856812075*i*r + 0.0558599922429547*r
3336,0.8255172816328508,i**2 - i ; B0*i + B1*r,i**2 - i ; 1.76152864273965*i + 0.053389130009331*r
3337,0.8254091886296439,B0*i*s ; sqrt(Abs(i + r - sqrt(Abs(i)))),-0.000119765494235402*i*s ; sqrt(Abs(i + r - sqrt(Abs(i))))
3338,0.8253855920465192,B0*i*s**2 - i*s ; sqrt(Abs(B1*i + Abs(i)**(5/2))),0.459047853811955*i*s**2 - i*s ; sqrt(Abs(0.0166123591309247*i + Abs(i)**(5/2)))
3339,0.8250748467594725,B0 + B1*i**2 + i*s ; 2*i,14.5956286020916*i**2 + i*s + 0.0119859573263279 ; 2*i
3340,0.8249866839028734,B0*i ; i**2 + i*sqrt(Abs(r)) + i,1.40693473046362*i ; i**2 + i*sqrt(Abs(r)) + i
3341,0.8248340566959645,B0*s - i*s ; B1 - r,-i*s - 0.0352586856772268*s ; 0.134816871516603 - r
3342,0.8248294508736015,B0*s + B1*i*s ; i + sqrt(Abs(i))*sqrt(Abs(r)),0.000806575880674382*i*s + 0.00629865298680582*s ; i + sqrt(Abs(i))*sqrt(Abs(r))
3343,0.8246970768426419,B0*i + B1*i**2 + B1*i*s ; B2 - sqrt(Abs(i)),-0.548072855180335*i**2 - 0.548072855180335*i*s - 0.114929133349164*i ; 0.344516633444584 - sqrt(Abs(i))
3344,0.8246948811478639,B1*Abs(B0 - i + sqrt(Abs(i)))**(1/4) ; i,0.0319222720791234*Abs(i - sqrt(Abs(i)) + 0.0807735233526895)**(1/4) ; i
3345,0.8246902937411817,B0 + B1*Abs(s)**(1/4) - s ; B2*Abs(i)**(3/2),-s + 15.8474750536096*Abs(s)**(1/4) - 14.8043397195191 ; 67.1446104728349*Abs(i)**(3/2)
3346,0.8246539418200219,B0*i*sqrt(Abs(s)) ; i - Abs(i)**(3/4)*Abs(r)**(1/4),0.0543078734823489*i*sqrt(Abs(s)) ; i - Abs(i)**(3/4)*Abs(r)**(1/4)
3347,0.8246367620761113,B0*i*s + s**2 - s ; B1 + r,-0.00309761662162819*i*s + s**2 - s ; r + 0.00119371658615287
3348,0.824628018629782,B1*Abs(B0 - i)**(1/4) ; B2*i - i**2 + i*sqrt(Abs(i + r)),0.0493535515615414*Abs(i - 0.014676914011437)**(1/4) ; -i**2 + i*sqrt(Abs(i + r)) - 0.222358985470909*i
3349,0.824566536599909,2*i**2 + i*s ; B0*i*r**2 + B0*i,2*i**2 + i*s ; 0.812168511406214*i*r**2 + 0.812168511406214*i
3350,0.8245165866565635,B0*i*Abs(s)**(1/4) ; i*r,0.02740525948763*i*Abs(s)**(1/4) ; i*r
3351,0.8245164723577357,B0*Abs(i)**(1/8) ; B1*i + B2*i*r**2,0.0265699900544963*Abs(i)**(1/8) ; 2.11540993439017*i*r**2 + 0.0328899192891688*i
3352,0.824451291821914,B0 + B1*i + B1*Abs(s)**(1/4) ; B2*i*r - i,-0.000131870942947328*i - 0.000131870942947328*Abs(s)**(1/4) + 0.0234731973115455 ; -0.0100960186870128*i*r - i
3353,0.8244400366951273,B0*i ; B1*i*r**2,0.0262168507118404*i ; 0.000975422382235721*i*r**2
3354,0.8244398730163347,B0*i ; Abs(i)**(1/4)*Abs(r)**(1/4),0.0263252711756314*i ; Abs(i)**(1/4)*Abs(r)**(1/4)
3355,0.8244187301988035,B0 - sqrt(Abs(i)) + sqrt(Abs(s)) ; B1 + i,-sqrt(Abs(i)) + sqrt(Abs(s)) - 0.497508253011321 ; i - 0.155919898281956
3356,0.8243124915931992,B0*i + B1*i**2 + B1*i*s ; B2*i - i*r + r,-0.743873895203482*i**2 - 0.743873895203482*i*s + 0.084846485028782*i ; -i*r + 2.95456281823874*i + r
3357,0.8242357869526216,B0*i**2*sqrt(Abs(s)) ; i,32.7145968317041*i**2*sqrt(Abs(s)) ; i
3358,0.8241983363000542,i*s*sqrt(Abs(B0 - i + s)) ; i,i*s*sqrt(Abs(-i + s + 0.627385037050167)) ; i
3359,0.824191336394525,B0 + B1*i + sqrt(Abs(s)) ; i + Abs(r)**(1/4),-0.131987171080674*i + sqrt(Abs(s)) - 1.02447871065219 ; i + Abs(r)**(1/4)
3360,0.8241486952218964,B0*s**2 + i*s ; Abs(i)**(3/2),i*s - 0.0130722472426951*s**2 ; Abs(i)**(3/2)
3361,0.8241287346334675,B0*s + Abs(s)**(3/2) ; r,-0.955700785629265*s + Abs(s)**(3/2) ; r
3362,0.8240259657456586,B0*Abs(i)**(3/2)*sqrt(Abs(s)) ; i,5.95851013953184*Abs(i)**(3/2)*sqrt(Abs(s)) ; i
3363,0.8239595682271577,B0 + B1*s**2 + B2*i*s ; i,-2.1536936917614*i*s + 0.117717677298754*s**2 + 0.00142658238352407 ; i
3364,0.8239454928474613,B0*Abs(s)**(3/2) - s ; B1 + 2*i,-s + 1.04293022034545*Abs(s)**(3/2) ; 2*i + 0.000138272939213048
3365,0.8239336620502393,B0*sqrt(Abs(2*i**2 - i*s)) ; B1 - r,0.0274962049164879*sqrt(Abs(2*i**2 - i*s)) ; 1.18596910010221 - r
3366,0.8239197983340271,B0 + sqrt(Abs(s)) ; B1*i*r + i,sqrt(Abs(s)) - 0.959057316708753 ; 0.0436935635190831*i*r + i
3367,0.8239122421807348,B0*i**3 ; i,1000.95255047538*i**3 ; i
3368,0.8238838125593598,B0*i**2*s + B0*i*s ; B1*r**2 + B2*i*r**2 + r,0.251597139508558*i**2*s + 0.251597139508558*i*s ; 0.0215421610066943*i*r**2 + 1.46564486601833*r**2 + r
3369,0.8238709732107026,B0*Abs(s)**(5/4) ; B1 + B2*r + B3*i*r + i,0.0450920806962559*Abs(s)**(5/4) ; 5.67518357090808*i*r + i + 0.000386893664698339*r + 0.0333031151840827
3370,0.823859103323397,i ; B0*i - i**2,i ; -i**2 + 3.73358116719991*i
3371,0.8237811858928787,B0*Abs(i)**(1/8) ; B1*i + B2*i*r,0.00572371748065276*Abs(i)**(1/8) ; -1.44399664775106*i*r - 3.42876836587232*i
3372,0.8237320387297804,B0*i ; -r + sqrt(Abs(i)) - Abs(r)**(1/4),0.0124848991545697*i ; -r + sqrt(Abs(i)) - Abs(r)**(1/4)
3373,0.8236886592120883,i*s*sqrt(Abs(B0 + i + s)) ; i,i*s*sqrt(Abs(i + s + 0.571777541202163)) ; i
3374,0.8236839485388935,B0*i**2 + B1*i*s ; i,4.81066695467539*i**2 + 1.08588272714622*i*s ; i
3375,0.8236536821308746,B0*i**2 - i ; B1 - sqrt(Abs(r)),-1.36498470418026*i**2 - i ; 0.298211996043993 - sqrt(Abs(r))
3376,0.823535013094375,B0 + i*s ; B1*i - i**2*r - i**2,i*s - 0.000549686626478833 ; -i**2*r - i**2 + 0.723556473674138*i
3377,0.8234844422510499,B1*sqrt(Abs(B0*i + B0*sqrt(Abs(s)))) ; i - r,2.25524409037442*sqrt(Abs(3.78237413417172e-5*i + 3.78237413417172e-5*sqrt(Abs(s)))) ; i - r
3378,0.8233930170947565,-i - s + Abs(B0 + sqrt(Abs(s)))**(1/4) ; i**2*r,-i - s + (sqrt(Abs(s)) + 0.233896782185764)**(1/4) ; i**2*r
3379,0.823301909349111,B0*s*Abs(i)**(3/2) ; r,0.0914291144968941*s*Abs(i)**(3/2) ; r
3380,0.8232799503217378,B0 - i*s + s ; B1 + B2*sqrt(Abs(r)),-i*s + s - 0.844791942457164 ; 0.917554789489702*sqrt(Abs(r)) - 0.232240867747952
3381,0.8232229682298944,i*sqrt(Abs(B0 + sqrt(Abs(i)))) ; B1*i - i*r,i*sqrt(sqrt(Abs(i)) + 3.07136871568009) ; -i*r + 4.4257162866308*i
3382,0.8231014678254075,B0*i ; B1*i**2 + B2*r - i,0.205832430141045*i ; 13.7150459338862*i**2 - i + 0.0274714010385286*r
3383,0.8230983730311753,-i*s + i ; B0*Abs(i)**(1/8),-i*s + i ; 0.00249304134331835*Abs(i)**(1/8)
3384,0.8230592161422722,B0*i*s**2 + i*s**3 ; B1 + B2*r,i*s**3 - 0.325732427090897*i*s**2 ; 0.0132864043284193 - 0.291809323602754*r
3385,0.8230511183089317,B0 - i*s + sqrt(Abs(s)) ; B1 + i,-i*s + sqrt(Abs(s)) - 1.01719761220192 ; i + 0.121337468011113
3386,0.8229635477076687,B0*Abs(-i + s + sqrt(Abs(s)))**(1/4) ; B1 + B2*i + 2*r,0.00509784049355629*Abs(-i + s + sqrt(Abs(s)))**(1/4) ; 5.13242962430572*i + 2*r + 114.332326249442
3387,0.8229185197954719,B0*Abs(s)**(1/4) + s ; i,s - 0.957122366105778*Abs(s)**(1/4) ; i
3388,0.8228396233368203,Abs(i)**(3/4) ; i**2 + i*sqrt(Abs(B0 + i)),Abs(i)**(3/4) ; i**2 + i*sqrt(Abs(i + 16.9066262171514))
3389,0.8228365269248912,B0*i*s**2 ; i + r,-0.00117686352107732*i*s**2 ; i + r
3390,0.8228243872835452,B0*s**3 + B1*i*s**2 ; r + Abs(i)**(5/2),-0.00103825814426711*i*s**2 + 0.0139989284361347*s**3 ; r + Abs(i)**(5/2)
3391,0.8228004634854502,i*Abs(s)**(9/4) ; i,i*Abs(s)**(9/4) ; i
3392,0.8227546927606153,B0*i**2*s ; B1*r - r**2,0.328222783800145*i**2*s ; -r**2 + 10.8290813244711*r
3393,0.8227546897995891,B0*i**2*s ; r,0.328468930613633*i**2*s ; r
3394,0.8227546441371607,B0*i**2*s ; i*r,0.327209341801232*i**2*s ; i*r
3395,0.8227530771710444,i*s + i*Abs(s)**(1/4) ; B0*i,i*s + i*Abs(s)**(1/4) ; 1.81670857205629*i
3396,0.8227408597424088,B0*i*s - i**2*s ; i,-i**2*s + 1.25430872326627*i*s ; i
3397,0.8226143743832973,B0*i - i*s ; B1*i - 2*r,-i*s + 0.935658485358384*i ; -2.00258889829412*i - 2*r
3398,0.8225965927709444,B0*s - i*s ; -i*r**2,-i*s + 0.0476188936249904*s ; -i*r**2
3399,0.8225965927709444,B0*s - i*s ; sqrt(Abs(r)),-i*s + 0.0476188936249904*s ; sqrt(Abs(r))
3400,0.8225965927702575,B0*s - i*s ; r,-i*s + 0.0476183704104289*s ; r
3401,0.8225965927677513,B0*s + s**2 ; i,s**2 - 0.952382577294361*s ; i
3402,0.8225965927085869,B0*s + s**2 ; r,s**2 - 0.95238895522747*s ; r
3403,0.8225965920500643,B0*s + s**2 ; B1*r,s**2 - 0.952352420418183*s ; 33.4682037020606*r
3404,0.8225965918418942,B0*s - i*s ; B1*i*sqrt(Abs(r)),-i*s + 0.0476513954746118*s ; 0.00118269965379539*i*sqrt(Abs(r))
3405,0.8225965908202192,B0*s + s**2 ; B1 + i,s**2 - 0.952334220640384*s ; i + 0.00244846210243755
3406,0.822573494829565,B0*Abs(i)**(3/2) + s*Abs(i)**(3/2) ; -2*r + Abs(i)**(3/2),s*Abs(i)**(3/2) - 0.111060120609835*Abs(i)**(3/2) ; -2*r + Abs(i)**(3/2)
3407,0.8225660076828349,B0 - 2*i - s ; sqrt(Abs(r)),-2*i - s + 1.04640527713772 ; sqrt(Abs(r))
3408,0.8225660076828349,B0 + i + 2*s ; sqrt(Abs(r)),i + 2*s - 1.95359471975874 ; sqrt(Abs(r))
3409,0.822556852349102,B0*i + B1*i*s + B2*i**2*s ; r,-0.133643037543901*i**2*s + 0.334320046677616*i*s - 0.0110874472055658*i ; r
3410,0.8225568520014461,B0*i + B1*i**2 + B2*i**2*s ; r,-0.133717663803035*i**2*s - 0.334321011662811*i**2 + 0.323246971102066*i ; r
3411,0.8225550334456552,Abs(i)**(5/4)*sqrt(Abs(s)) ; i,Abs(i)**(5/4)*sqrt(Abs(s)) ; i
3412,0.8225248862981823,B0*Abs(i)**(3/2) + 2*s*Abs(i)**(3/2) ; B1 + B2*i + B3*r,2*s*Abs(i)**(3/2) - 0.0707806305968007*Abs(i)**(3/2) ; 0.739755333760096*i - 0.149274845856816*r - 0.0220950669897136
3413,0.8225074627292747,B0 - i**2 + s ; sqrt(Abs(r)),-i**2 + s - 0.954007830978586 ; sqrt(Abs(r))
3414,0.8224967103370121,B0*Abs(i)**(5/2) ; r,1.2483767829565*Abs(i)**(5/2) ; r
3415,0.8224960071593301,B0 - 2*i ; r - sqrt(Abs(i))*sqrt(Abs(r)),0.0883104001804567 - 2*i ; r - sqrt(Abs(i))*sqrt(Abs(r))
3416,0.8224960065449353,B0 - i + s ; B1*i*r**2,-i + s - 0.911738666433893 ; 35.1110167756661*i*r**2
3417,0.8224436062121205,B0*i*s + B0*s*sqrt(Abs(B1*s + B2*i)) ; sqrt(Abs(r)),0.173613360161582*i*s + 0.173613360161582*s*sqrt(Abs(0.0951741253184819*i - 0.00174141309810161*s)) ; sqrt(Abs(r))
3418,0.8224400761332814,B0*i*s + B0*s*sqrt(Abs(B1*i + B2*s)) ; r,0.170705203406128*i*s + 0.170705203406128*s*sqrt(Abs(0.105878866778089*i - 0.00193815355712575*s)) ; r
3419,0.8224333405867676,B0*s*Abs(i)**(3/2) ; 2*i,8.20888183771987*s*Abs(i)**(3/2) ; 2*i
3420,0.8224143233679905,B0*s + B1*s**2 + B2*s**3 ; i,-0.138517251984884*s**3 - 0.0412581787361723*s**2 + 0.180544634655209*s ; i
3421,0.822414322932276,B0*s + B1*i*s + B2*i**2*s ; r,-0.138546474840855*i**2*s + 0.318308352636911*i*s + 0.00076816167786304*s ; r
3422,0.822414322605959,B0*s + B1*i*s + B2*i*s**2 ; r,0.138568335508351*i*s**2 + 0.179750430128211*i*s + 0.000767508900711696*s ; r
3423,0.8224034058576081,B0*i*s**2 + B1*i**2*s ; -i**2*r + i*r**2 - i*r + r,0.171304240733659*i**2*s + 0.330464904793693*i*s**2 ; -i**2*r + i*r**2 - i*r + r
3424,0.8223969202426192,B0*s + B1*s**2 + 2*i*s ; B2*r + B2*sqrt(Abs(i)),2*i*s + 1.69025074401107*s**2 - 1.68533281808522*s ; 0.00310900835324324*r + 0.00310900835324324*sqrt(Abs(i))
3425,0.8223941331407557,B0*i*s + i*s**2 - i*Abs(s)**(3/2) ; B1 + B2*i,i*s**2 - 0.00380796030876372*i*s - i*Abs(s)**(3/2) ; 2.18138865473834*i + 1.35408843634631
3426,0.8223936726497744,i**2*sqrt(Abs(B0 - i)) ; i,i**2*sqrt(Abs(i - 1000.98416573237)) ; i
3427,0.8223757182593684,B0*i**3 ; r,5.4991132878806*i**3 ; r
3428,0.8223756795525845,B0*i**3 ; i*r,5.53583245143693*i**3 ; i*r
3429,0.8223735465074671,i**2*sqrt(Abs(B0 + i)) ; i,i**2*sqrt(Abs(i + 1000.92094950203)) ; i
3430,0.8223614280348975,B0*i**2*s + B0*i*s ; -i**2 - i*r + r,8.49941650609054e-6*i**2*s + 8.49941650609054e-6*i*s ; -i**2 - i*r + r
3431,0.8223468566493425,B0*s - Abs(s)**(3/2) ; r,3.14663017754359*s - Abs(s)**(3/2) ; r
3432,0.8223468542514373,B0*s - Abs(s)**(3/2) ; B1*r - i,3.14664625090567*s - Abs(s)**(3/2) ; -i + 41.4174157973547*r
3433,0.822346845585172,B0*s - Abs(s)**(3/2) ; B1 - r,3.14659492454817*s - Abs(s)**(3/2) ; 0.000272562185062984 - r
3434,0.8222966807631913,B0*s - i*s ; B1 - i - r + sqrt(Abs(i)),-i*s + 0.0604119778592316*s ; -i - r + sqrt(Abs(i)) - 0.133645143193183
3435,0.8222780664506231,B0*s*Abs(i)**(3/2) ; i + r,0.000475862465775537*s*Abs(i)**(3/2) ; i + r
3436,0.8222120247016718,Abs(i)**(3/2)*Abs(s)**(1/4) ; i,Abs(i)**(3/2)*Abs(s)**(1/4) ; i
3437,0.822206434331779,B0 + s - sqrt(Abs(i)) ; B1 + B2*sqrt(Abs(r)) - r,s - sqrt(Abs(i)) - 0.560247599575051 ; -r + 0.465878492760109*sqrt(Abs(r)) - 0.0849106703960476
3438,0.8222061775411706,s**2*Abs(i)**(3/2) ; i,s**2*Abs(i)**(3/2) ; i
3439,0.8221888282360755,B0 + B1*i ; B2*Abs(r)**(3/2) + B3*r**2 - i,0.000191660020860724*i + 0.026051525723094 ; -i + 6.0427990828891*r**2 - 6.11932954629092*Abs(r)**(3/2)
3440,0.8221494739585176,B0*i**2*s ; i + r,0.000232207213806473*i**2*s ; i + r
3441,0.822110621149861,B0*i + B1*i*s + 2*i**2 ; B2 + i - 2*r,2*i**2 + 1.75610616387172*i*s - 1.38943473385493*i ; i - 2*r - 0.0188526612740452
3442,0.8220296158681973,B0*s**2*Abs(i)**(3/2) ; B1 + B2*r - i*r + 2*r**2,0.628358847825576*s**2*Abs(i)**(3/2) ; -i*r + 2*r**2 - 1.80751178548796*r - 0.0744085486351227
3443,0.8220247788059273,B0*s - s**2 ; i + r,-s**2 + 3.15263341591622*s ; i + r
3444,0.8220247766931461,B0*s - s**2 ; B1*i + B2*r,-s**2 + 3.15264833230156*s ; 0.000199038656063959*i + 0.0105079563543542*r
3445,0.8220247713495075,B0*s - s**2 ; B1*sqrt(Abs(r)) - i,-s**2 + 3.15260537765158*s ; -i + 8.10368163062836*sqrt(Abs(r))
3446,0.822024656088507,B0*s - s**2 ; B1 - sqrt(Abs(i)),-s**2 + 3.15274710791349*s ; 0.00239838651234158 - sqrt(Abs(i))
3447,0.8219948853614066,B0*i + Abs(i)**(3/2) ; i + Abs(r)**(3/2),0.0924807208154273*i + Abs(i)**(3/2) ; i + Abs(r)**(3/2)
3448,0.8218469465443038,B0*Abs(i)**(1/4)*sqrt(Abs(s)) ; sqrt(Abs(B1 + B2*i + B3*r + i*r)),0.0111731571477856*Abs(i)**(1/4)*sqrt(Abs(s)) ; sqrt(Abs(i*r + 19.1132341030709*i + 26.0990805588706*r - 0.926821530226355))
3449,0.8217566693926931,Abs(i)**(3/2) ; B0 + i - sqrt(Abs(r)),Abs(i)**(3/2) ; i - sqrt(Abs(r)) + 0.50777690653776
3450,0.8215699084128308,B0 + i + 2*s ; i,i + 2*s - 1.95997678025621 ; i
3451,0.8215635242528947,B0*sqrt(Abs(i))*Abs(s)**(1/4) ; Abs(i)**(3/2)*sqrt(Abs(r)),0.0150166514839611*sqrt(Abs(i))*Abs(s)**(1/4) ; Abs(i)**(3/2)*sqrt(Abs(r))
3452,0.8215594594194839,i*s*sqrt(Abs(B0 + 2*i - s)) ; i,i*s*sqrt(Abs(2*i - s + 2.3414663504997)) ; i
3453,0.8215585379787385,B1*sqrt(Abs(B0*i + i**2)) - 2*i ; sqrt(Abs(r)),-2*i + 1.95263950160062*sqrt(Abs(i**2 + 0.0557214629078283*i)) ; sqrt(Abs(r))
3454,0.8215076762863992,B0*i + B1*i*s + i**2 ; B2 + i - r + sqrt(Abs(i)),i**2 + 0.855898155733195*i*s - 0.328742825281816*i ; i - r + sqrt(Abs(i)) + 0.45365454846682
3455,0.8214989286148747,B1*sqrt(Abs(B0*sqrt(Abs(s)) - Abs(s)**(3/2))) ; B2*r + B3*i*r + B3*r**2,0.0470645740033828*sqrt(Abs(s)**(3/2) + 0.000296378272877402*sqrt(Abs(s))) ; 7.44830053752704*i*r + 7.44830053752704*r**2 + 0.801876408458636*r
3456,0.8214927897599686,B0*i + i**2 ; B1*i*r,i**2 - 0.0296167512972161*i ; 0.254564234494722*i*r
3457,0.8214895697046664,B0*s + B1*sqrt(Abs(i*s + s**2)) ; r,0.0185169955617828*s + 0.026210348167605*sqrt(Abs(i*s + s**2)) ; r
3458,0.8214483878889769,i**2 - i*s ; i,i**2 - i*s ; i
3459,0.8213390035242041,B0 + B1*i + B1*s ; B2 + B3*i**3 + B4*i**2*r,6.03016689144331*i + 6.03016689144331*s - 6.02865811122809 ; 0.00116288918006938*i**3 - 0.416302150671779*i**2*r - 0.000984564469037149
3460,0.8213190743857759,B1*sqrt(Abs(B0*i + i**2)) ; B2 + r,0.000568973217865951*sqrt(Abs(i**2 + 95.8793591863341*i)) ; r + 0.653891582956292
3461,0.8213162780565632,B0*i + i*sqrt(Abs(s)) ; i*Abs(r)**(1/8) + i,i*sqrt(Abs(s)) + 0.808448408902932*i ; i*Abs(r)**(1/8) + i
3462,0.8211988984463533,B0 + B1*i ; r + sqrt(Abs(B2 + B3*i + r)),5.08419835643091e-5*i + 0.0165980555999095 ; r + sqrt(Abs(1.57011024394805*i + r - 0.000311302906431786))
3463,0.8211933997462444,B0*Abs(i)**(1/8)*Abs(s)**(1/4) ; i - r,0.0237612040928141*Abs(i)**(1/8)*Abs(s)**(1/4) ; i - r
3464,0.8211765098059451,B0*sqrt(Abs(i - 3*s)) ; sqrt(Abs(B1 + i + r)),0.00118994730815704*sqrt(Abs(i - 3*s)) ; sqrt(Abs(i + r + 16479.1569638546))
3465,0.821128715251434,B0 + Abs(s)**(1/4) ; B1*sqrt(Abs(i)) + i**2,Abs(s)**(1/4) - 0.955048475223868 ; i**2 + 41.5483327585042*sqrt(Abs(i))
3466,0.821101410030684,B0 - i - s + sqrt(Abs(s)) ; B1*i + B1*r + B2*i*r + B2*r**2,-i - s + sqrt(Abs(s)) + 0.0303260885403258 ; -0.264304507840991*i*r + 0.173702184211739*i - 0.264304507840991*r**2 + 0.173702184211739*r
3467,0.8210847226452576,B0*i + B1*i*s ; B2 + i + sqrt(Abs(r)),-0.141649794353892*i*s + 0.190085895512321*i ; i + sqrt(Abs(r)) - 0.631027113406663
3468,0.8210681976901735,B0*i - Abs(i)**(3/2) ; B1*r - 2*i,-4.28259836541086*i - Abs(i)**(3/2) ; -2*i - 0.0661417781019243*r
3469,0.8210346023595079,B0*Abs(i)**(1/4) ; i**2*sqrt(Abs(B1 + r)) + i,0.0359617544851628*Abs(i)**(1/4) ; i**2*sqrt(Abs(r - 0.113025651218959)) + i
3470,0.8210305994102028,B0*sqrt(Abs(i)) + B1*i ; -i + sqrt(Abs(B2 + i**2 + r)),0.000759305686435681*i + 0.00876364812622933*sqrt(Abs(i)) ; -i + sqrt(Abs(i**2 + r + 0.0384171938296561))
3471,0.8210299941750873,B0*sqrt(Abs(i**2 - i*s)) ; -i*r + sqrt(Abs(B1 - i)),0.000118831494341135*sqrt(Abs(i**2 - i*s)) ; -i*r + sqrt(Abs(i - 20759.1036753995))
3472,0.8209569803465925,B0*sqrt(Abs(i)) ; B1 + B2*sqrt(Abs(i)) - i + r,0.00118756584041895*sqrt(Abs(i)) ; -i + r + 202.883736483662*sqrt(Abs(i)) + 76.7817849325561
3473,0.8209562645014841,B0*sqrt(Abs(i)) ; B1 + r - sqrt(Abs(B2 + 2*i)),0.00118753352660965*sqrt(Abs(i)) ; r - sqrt(Abs(2*i - 23.6629361494981)) - 112.651326894074
3474,0.8209562272144753,B0 + B2*i*sqrt(Abs(B1 - i)) ; B3 + B4*i + r,2.63889854148912e-6*i*sqrt(Abs(i + 613.627133080397)) + 0.00482583321408124 ; -16.2767454875172*i + r - 47.2373187186379
3475,0.8209562217104435,B1*sqrt(Abs(B0 + i)) ; B2 + r - sqrt(Abs(i - r**2)),0.00109729295999042*sqrt(Abs(i + 17.1168096306461)) ; r - sqrt(Abs(i - r**2)) - 71.7668115268621
3476,0.8209562068920484,B0*Abs(i)**(3/2) ; B1 + r + sqrt(Abs(B2 - i + r)),1.18753205184577e-5*Abs(i)**(3/2) ; r + sqrt(Abs(-i + r + 406.323992605829)) + 142.023616104679
3477,0.8209562050780952,B0*i ; B1 - i + 2*r + sqrt(Abs(r)),-0.000118753190372315*i ; -i + 2*r + sqrt(Abs(r)) + 147.259943296428
3478,0.8209561883130126,B0*i ; B1 + B2*sqrt(Abs(r)) - i + r,-0.000118761460073935*i ; -i + r + 33.3029959585161*sqrt(Abs(r)) + 142.819380096196
3479,0.8209374255542694,B0*i + B0*s ; B1*r - r*sqrt(Abs(B2 + i)),0.0118373279192985*i + 0.0118373279192985*s ; -r*sqrt(Abs(i + 0.000100265165578474)) + 0.000278044953208687*r
3480,0.8208632330413483,B0*i ; B1*i - i*r + sqrt(Abs(i)),-0.000119294166821126*i ; -i*r + 14.565084963731*i + sqrt(Abs(i))
3481,0.8208099402476333,B0*sqrt(Abs(i)) + B1*Abs(i)**(3/2) ; -i + r,-6.53029111959495e-5*Abs(i)**(3/2) + 0.00768402670949981*sqrt(Abs(i)) ; -i + r
3482,0.8207929671573455,B0*s*Abs(i)**(3/2) + B0*s*sqrt(Abs(i)) ; i,0.215960611110358*s*Abs(i)**(3/2) + 0.215960611110358*s*sqrt(Abs(i)) ; i
3483,0.8207857786299114,B0*s + B1*s**2 + i*s**2 ; r,i*s**2 + 0.43410631824918*s**2 - 0.442070320780279*s ; r
3484,0.82078577861694,B0*s + B1*i*s + i*s**2 ; r,i*s**2 - 0.434135324404752*i*s - 0.00796359045879666*s ; r
3485,0.8207857599094278,B0*s + B1*s**2 + i*s**2 ; r*sqrt(Abs(B2 + B3*r)) - r,i*s**2 + 0.43430117337402*s**2 - 0.442262156656098*s ; r*sqrt(Abs(5.35775519182538*r + 2.31186631610758)) - r
3486,0.8207315949682716,i*sqrt(Abs(B0*i + i**2)) ; B1 + i,i*sqrt(Abs(i**2 + 1.0000081293666*i)) ; i - 0.0392249879796313
3487,0.8207007689116232,B0*Abs(i)**(5/4)*Abs(s)**(1/4) ; i,2.53146217076173*Abs(i)**(5/4)*Abs(s)**(1/4) ; i
3488,0.8206958973572203,B0*i + B1*s**2 + B2*i*s**2 ; r,0.418617244600089*i*s**2 - 0.00133332135405496*i - 0.00435904913369877*s**2 ; r
3489,0.8206903360452045,B0*i + B1*s ; B2*r**2 - i,-2.77914264366192*i + 0.425505234131565*s ; -i + 9.21298928286667*r**2
3490,0.8205152948710444,B0*i*s + B0*i + B0*s + B1*i**2 ; B2 + i + r,-1.09614233467896e-5*i**2 - 0.00108767623740286*i*s - 0.00108767623740286*i - 0.00108767623740286*s ; i + r + 3.94063473029287
3491,0.8205107976441617,-i*s + Abs(i)**(3/2) ; B0 + sqrt(Abs(r)),-i*s + Abs(i)**(3/2) ; sqrt(Abs(r))
3492,0.8205107926250321,i**2 - i*s ; r,i**2 - i*s ; r
3493,0.8205105863681266,B0*i - i*s ; r,-i*s + 6.9226298255304e-5*i ; r
3494,0.8205105863673019,B0*i - i*s ; sqrt(Abs(r)),-i*s + 0.000147325418892115*i ; sqrt(Abs(r))
3495,0.8205047060474189,B0*s - i**2*s + i*s ; 2*i,-i**2*s + i*s + 0.0254757023806809*s ; 2*i
3496,0.8204998788152231,B0*s**2 + B0*s + B1*i*s ; i,-2.15493325414241*i*s + 0.0644546175379308*s**2 + 0.0644546175379308*s ; i
3497,0.8204577440344353,B0*s + i*s + Abs(s)**(3/2) ; B1*r + B2*r**2 + B3*i*r,i*s - 1.00693447541568*s + Abs(s)**(3/2) ; 0.00855823478508985*i*r + 0.0114906549517215*r**2 + 0.695822485595574*r
3498,0.8204486067933439,B0*i**2 + B0*i*s ; B1*i - i*r + r,0.00700950914886817*i**2 + 0.00700950914886817*i*s ; -i*r - 0.0623560963846469*i + r
3499,0.8204387347612303,B1*i*sqrt(Abs(B0 + s)) ; r,0.117550764376349*i*sqrt(Abs(s - 0.764882496296832)) ; r
3500,0.8204357333691337,B1*sqrt(Abs(B0*i + B0*sqrt(Abs(i)))) ; sqrt(Abs(B2 - sqrt(Abs(B3*i + B4)))),0.00565756170919238*sqrt(Abs(0.0493184298776662*i + 0.0493184298776662*sqrt(Abs(i)))) ; sqrt(sqrt(Abs(108.219492159777*i + 13.9731690800757)) + 270.391667983553)
3501,0.8204331579756633,i*sqrt(Abs(B0 + B1*i)) ; B2*Abs(r)**(3/4),i*sqrt(Abs(0.013749322102501*i - 0.00324334705270795)) ; 0.00750116933508016*Abs(r)**(3/4)
3502,0.8204195192858559,i*sqrt(Abs(B0*s + B1)) ; B2*i**2*sqrt(Abs(r)),i*sqrt(Abs(0.0143164100975971*s - 0.0110026643673488)) ; 0.000925432385741643*i**2*sqrt(Abs(r))
3503,0.8204107259342535,i*sqrt(Abs(B0*i + B1)) ; r,i*sqrt(Abs(0.0130664903622088*i - 0.00325770421654881)) ; r
3504,0.820296539323594,B0*i + i*s**2 - i*s ; i*sqrt(Abs(r)) + r - Abs(r)**(3/2),i*s**2 - i*s + 0.254418692698367*i ; i*sqrt(Abs(r)) + r - Abs(r)**(3/2)
3505,0.8201978155865715,B0*i + i**2 ; i + r*sqrt(Abs(B1 + r)),i**2 - 0.0754580456219328*i ; i + r*sqrt(Abs(r - 0.22277720712024))
3506,0.8201827960259599,B0*i*s - i**2*s ; B1*r**2 + B2*r**3,-i**2*s + 0.431493903545491*i*s ; 0.347051361880674*r**3 + 0.240128927947111*r**2
3507,0.820158678478358,B3*sqrt(Abs(B0 + B1*s**2 + B2*s)) ; i - Abs(r)**(5/8),0.00884879324603073*sqrt(Abs(13.8841193539255*s**2 + 10.9877805765386*s + 0.498839694573421)) ; i - Abs(r)**(5/8)
3508,0.8200302401244898,B0*i*s + i**2*s + i*s**2 ; Abs(r)**(1/8),i**2*s + i*s**2 - 0.699936188590672*i*s ; Abs(r)**(1/8)
3509,0.8199236989547128,B0*i + B1*i**2 + B1*i*s ; B2 + B3*i + B4*r,-0.000433037150696594*i**2 - 0.000433037150696594*i*s - 0.0433611921399008*i ; 3.09869559807389*i + 191.223743277441*r + 199.160707743444
3510,0.8198260807403627,B0*sqrt(Abs(2*i - 2*s)) ; -i + sqrt(Abs(i)),0.0008375610945619*sqrt(Abs(2*i - 2*s)) ; -i + sqrt(Abs(i))
3511,0.8197730842715557,B0*Abs(i)**(1/8) ; B1*i + B2*i**2*r,0.0198186591626321*Abs(i)**(1/8) ; 52.7467439587872*i**2*r + 6.99602770716432e-7*i
3512,0.8196470421695444,B0*i*s - i**2*s + s*Abs(i)**(3/2) ; B1*i**2*r,-i**2*s + 0.0929043042181422*i*s + s*Abs(i)**(3/2) ; 0.000235365866188171*i**2*r
3513,0.8196440524574106,B0*i + i**2 + Abs(i)**(3/2) ; B1 + B2*i*r**2 + B3*i**2*r,i**2 + 0.26156262334581*i + Abs(i)**(3/2) ; 3.87422899576188*i**2*r + 0.750318842718243*i*r**2 + 0.0356957905099285
3514,0.8196389516347425,B0*s + B1*i*s - i**2*s ; i,-i**2*s - 2.14767923583331*i*s + 0.128561365934509*s ; i
3515,0.81955597077594,B0*i + i**2 ; B1 + B2*r**3 + B3*i*r**2,i**2 + 0.0575180203844955*i ; -0.177944199317519*i*r**2 - 0.0795927886753319*r**3 + 0.0569754046533588
3516,0.8194867647197609,B0*i + B2*Abs(B1 + i)**(1/4) ; i**2,-2.94208164733792*i - 0.127196247170034*Abs(i - 10.4293586595693)**(1/4) ; i**2
3517,0.8194668486272005,B0*Abs(i)**(17/16) ; B1*i + B2*Abs(r)**(1/4),1.87791178222581*Abs(i)**(17/16) ; 1.53924616514675*i - 0.000760313928267489*Abs(r)**(1/4)
3518,0.8193105454432682,B1*sqrt(Abs(B0*i + i**2*s - s)) ; B2 + B3*i - i**2,0.000349906314314644*sqrt(Abs(-i**2*s + 8.64268006218926*i + s)) ; -i**2 - 129.049575679967*i + 79.8592184038743
3519,0.8192950308252976,B0*i**3 + B0*i**2*s ; B1*i - i**2 + r,0.930600307580093*i**3 + 0.930600307580093*i**2*s ; -i**2 + 0.98616432723181*i + r
3520,0.819294074178348,2*i**2 + i*sqrt(Abs(B0 + s)) ; B1 + B2*r,2*i**2 + i*sqrt(Abs(s - 0.691017110064827)) ; 0.0546864225935004 - 0.0555528867591867*r
3521,0.8192914014209149,B1*Abs(B0 + s)**(1/8) ; B2*r + Abs(r)**(7/2),0.01579852617724*Abs(s - 0.0947731540233687)**(1/8) ; 0.00286610643769622*r + Abs(r)**(7/2)
3522,0.8192750339499226,B0*Abs(i)**(3/2) + 2*i**2 ; B1 + B2*i*r**2 + B3*i**2*r,2*i**2 - 0.315568234522261*Abs(i)**(3/2) ; 2.77309838217124*i**2*r + 0.668935202564241*i*r**2 + 0.0381586108509176
3523,0.8192623890310826,-i + s - sqrt(Abs(B0 + i)) ; -2*i*r + r,-i + s - sqrt(Abs(i + 0.336012081484187)) ; -2*i*r + r
3524,0.819138080180675,B0*Abs(s)**(1/8) ; B1*i + i**2*r**2,0.0164976819049189*Abs(s)**(1/8) ; i**2*r**2 + 0.00149325875063129*i
3525,0.8191367200964095,B0*Abs(s)**(1/8) ; B1*i + B2*i*r**2,0.0164976273985683*Abs(s)**(1/8) ; 0.00269055869202138*i*r**2 + 0.0369831207738502*i
3526,0.8191223408791017,B0*Abs(s)**(1/8) ; B1*r + B2*r**3,0.0166122308227891*Abs(s)**(1/8) ; 1.35066388890929*r**3 + 0.00350355216019907*r
3527,0.8191152092767531,s*sqrt(Abs(B0 + i)) ; B1*r + i*r + r**3,s*sqrt(Abs(i + 6.24066124548668)) ; i*r + r**3 + 0.000165781007017475*r
3528,0.819041153401632,B0*i + 2*i**2 ; B1*sqrt(Abs(i)),2*i**2 - 2.69506511341403*i ; 0.151717944955085*sqrt(Abs(i))
3529,0.8187736188369625,B0*i + B1*s ; i*r + r**2 + r*sqrt(Abs(B2 + r)),0.00549967961044124*i + 0.047587783119774*s ; i*r + r**2 + r*sqrt(Abs(r + 0.000560612553195052))
3530,0.8187735886854212,B0 + B1*s ; B2 + B3*i + i**2 - i*sqrt(Abs(r)),0.0420363666958193*s + 0.0055180942299309 ; i**2 - i*sqrt(Abs(r)) + 0.600357871707862*i + 0.0476614805848089
3531,0.8187385294953907,B0*i*sqrt(Abs(s)) + 2*i**2 ; B1 + i*r,2*i**2 - 0.427011315386132*i*sqrt(Abs(s)) ; i*r + 0.0511583714791747
3532,0.8185689535412081,B2*Abs(B0*i + B0*s + B1)**(1/4) ; i,0.0445902732476594*Abs(0.0455351805256659*i + 0.0455351805256659*s - 5.84201174362072e-5)**(1/4) ; i
3533,0.8184414793524528,B0*i + B1*i*s + B1*i*sqrt(Abs(B2 + i)) ; i,0.312262363630512*i*s + 0.312262363630512*i*sqrt(Abs(i - 0.0110502545410538)) + 0.793365339817247*i ; i
3534,0.8184213705959411,B0 - i + Abs(i)**(1/4) ; i + sqrt(Abs(B1 - i)),-i + Abs(i)**(1/4) - 1.14317791134473 ; i + sqrt(Abs(i + 0.223638238390078))
3535,0.8183795363849135,B2*Abs(B0 + B1*s + i*s)**(1/4) ; i,0.0623839521855229*Abs(i*s - 0.00352648076850005*s + 3.47190164270974e-6)**(1/4) ; i
3536,0.8182913981975335,B0*i*sqrt(Abs(s)) - i**2*sqrt(Abs(s)) ; r,-i**2*sqrt(Abs(s)) + 0.39536389993671*i*sqrt(Abs(s)) ; r
3537,0.8182856329310311,B0*s ; B1*sqrt(Abs(i))*sqrt(Abs(r)) + Abs(i)**(3/2)*sqrt(Abs(r)),0.046060539812029*s ; Abs(i)**(3/2)*sqrt(Abs(r)) + 0.00447182575591022*sqrt(Abs(i))*sqrt(Abs(r))
3538,0.8182856328858571,B0*s ; B1*i + B1*r + i*r + r**2,0.0460634584681854*s ; i*r + 32.4579165547061*i + r**2 + 32.4579165547061*r
3539,0.8182856328667637,B0*s ; B1*i**3 + B1*i + B2*r,0.0460637419656617*s ; 0.00824340369626093*i**3 + 0.00824340369626093*i + 2.05750953257197*r
3540,0.8182856323062745,s*sqrt(Abs(B0 + i + s)) ; i*r + r**2 + r*sqrt(Abs(B1 + r)),s*sqrt(Abs(i + s - 0.997878915396685)) ; i*r + r**2 + r*sqrt(Abs(r + 4.09883392730886))
3541,0.8182855660987061,B0*s + B1*i*s + B1*s**2 ; r,0.00435938536444272*i*s + 0.00435938536444272*s**2 + 0.041766390279723*s ; r
3542,0.8182432248035343,B0*Abs(i - 2*s)**(1/8) ; B1*r + i*r**3,0.0126367410425824*Abs(i - 2*s)**(1/8) ; i*r**3 + 56.1628566823167*r
3543,0.81820611882919,-i**2 + i*sqrt(Abs(B0 + B1*s + i*s)) ; B2*sqrt(Abs(r)),-i**2 + i*sqrt(Abs(i*s - 0.16036002974078*s + 0.175819574721758)) ; 0.00428881308693214*sqrt(Abs(r))
3544,0.8181822530543749,B0*i - i**3 + i**2*s ; r,-i**3 + i**2*s + 0.149387076235352*i ; r
3545,0.8181383157820941,B0*i - i*s ; B1*r + 3*i*r + i,-i*s + 0.224747059023841*i ; 3*i*r + i + 0.816088404670252*r
3546,0.8180978814877891,i*sqrt(Abs(s**2 + sqrt(Abs(s)))) ; B0 + i,i*sqrt(Abs(s**2 + sqrt(Abs(s)))) ; i + 0.00110975756897814
3547,0.8180497969645764,s*sqrt(Abs(i)) ; 2*i + sqrt(Abs(i)),s*sqrt(Abs(i)) ; 2*i + sqrt(Abs(i))
3548,0.8180306239845546,B0*sqrt(Abs(s)) ; i**2 - i*r + i*sqrt(Abs(r)) + i,0.0334136422718216*sqrt(Abs(s)) ; i**2 - i*r + i*sqrt(Abs(r)) + i
3549,0.8180233423356232,B0*sqrt(Abs(s)) ; B1 + B2*i + i**2*sqrt(Abs(i + r)),0.033403274785447*sqrt(Abs(s)) ; i**2*sqrt(Abs(i + r)) + 0.255332450889556*i + 0.00553697059328337
3550,0.8179121017691493,B0 + B1*i ; Abs(B2 + i*r**2 - i)**(1/4),0.000199201523520928*i + 0.0296893014774137 ; Abs(-i*r**2 + i + 0.209383056090026)**(1/4)
3551,0.8178466417104243,B0 + i**2 ; i*sqrt(Abs(B1 - i)) - r,i**2 + 0.000437785899082177 ; i*sqrt(Abs(i - 3.12679134757089)) - r
3552,0.8178292529338616,i*Abs(B0 - i + 2*s)**(1/4) ; B1 + B2*i**2 + B2*i*r,i*Abs(i - 2*s + 1.65563061233543)**(1/4) ; 5.17099082090933*i**2 + 5.17099082090933*i*r - 0.0162875329371036
3553,0.8178130399259504,B0*i**2*s**2 ; B1*i,15.4475913860915*i**2*s**2 ; 0.42082746177982*i
3554,0.8177990511202415,B0*i + B1*i*s + i*s**2 ; r,i*s**2 - 0.722567272884354*i*s + 0.132886634477777*i ; r
3555,0.8177544100397477,B0*sqrt(Abs(i)) + i**2 ; B1 - r - sqrt(Abs(r)),i**2 + 0.00908216326073643*sqrt(Abs(i)) ; -r - sqrt(Abs(r)) + 0.588952817430798
3556,0.817685256599322,i*s - i ; B0 + 2*r - sqrt(Abs(r)),i*s - i ; 2*r - sqrt(Abs(r)) + 0.12495672524376
3557,0.817633119754408,B0 + B1*i + i**2 + i*s ; i,i**2 + i*s + 0.01053406895015*i + 0.00609601539155826 ; i
3558,0.8175918444262955,B0 + i*s ; B1 - r**2 + r*sqrt(Abs(i)),i*s + 0.0168953803079784 ; -r**2 + r*sqrt(Abs(i)) + 0.0299040594813968
3559,0.817544589856308,B0*Abs(i)**(3/2)*Abs(s)**(1/4) ; i,5.77772093968053*Abs(i)**(3/2)*Abs(s)**(1/4) ; i
3560,0.8174992881178882,B0 + s**2*sqrt(Abs(B1 - i)) ; i,s**2*sqrt(Abs(i - 0.0546508450796446)) - 0.0242607664463951 ; i
3561,0.8174708998746516,B0*i ; i**2*sqrt(Abs(i - r)),0.0395800072622924*i ; i**2*sqrt(Abs(i - r))
3562,0.8173702169855973,-i*s + i*sqrt(Abs(B0 + sqrt(Abs(i)))) ; B2*Abs(B1 + r)**(1/4),-i*s + i*sqrt(Abs(sqrt(Abs(i)) - 0.0359139241497151)) ; 0.002697939905081*Abs(r + 2624.25107705708)**(1/4)
3563,0.8173091018271569,B0*s + B0*sqrt(Abs(i)) ; B1*r + B1*Abs(i)**(1/4)*sqrt(Abs(r)),0.015722897046578*s + 0.015722897046578*sqrt(Abs(i)) ; 0.0476753008562581*r + 0.0476753008562581*Abs(i)**(1/4)*sqrt(Abs(r))
3564,0.8173055083793661,B0*i + B1*s + B1*sqrt(Abs(i - s)) ; Abs(r)**(1/4),-0.0169162290920987*i + 0.0167327644622529*s + 0.0167327644622529*sqrt(Abs(i - s)) ; Abs(r)**(1/4)
3565,0.817256195224404,i**2*s + Abs(i)**(5/4)*Abs(s)**(3/2) ; B0*i + i*r,i**2*s + Abs(i)**(5/4)*Abs(s)**(3/2) ; i*r + 0.21491441821279*i
3566,0.8171691205060739,B0*s + B1*i*s + i**2*s ; i,i**2*s - 2.20584218888355*i*s + 0.128586112339626*s ; i
3567,0.8171402886535837,i*sqrt(Abs(i*s + i)) ; B0*sqrt(Abs(r)) + i,i*sqrt(Abs(i*s + i)) ; i - 0.0449734702327291*sqrt(Abs(r))
3568,0.8169637841380188,B0*i + 2*i*s ; B1*i,2*i*s - 1.32491449876658*i ; 0.299296806775717*i
3569,0.8169600696075299,B0*sqrt(Abs(i*s - i)) ; i,0.160567570225196*sqrt(Abs(i*s - i)) ; i
3570,0.8169273891115673,s*sqrt(Abs(B0 + i - s)) ; B1*r,s*sqrt(Abs(i - s + 6.73632118996537)) ; 0.0002648025734689*r
3571,0.8169273781023982,s*sqrt(Abs(B0 + 2*i)) ; r**2 - r,s*sqrt(Abs(2*i + 5.73639479997804)) ; r**2 - r
3572,0.8169271821237027,s*sqrt(Abs(B0 + 2*i)) ; B1*r,s*sqrt(Abs(2*i + 5.73515024966256)) ; 0.440812673007498*r
3573,0.8168850827585145,B0*i + B1*i*s ; B2 + B3*i**2 + B3*i + B4*Abs(i)**(3/2),-0.000692404426449659*i*s - 6.68819348464037e-6*i ; -0.600044314382674*i**2 - 0.600044314382674*i + 14.9383633158033*Abs(i)**(3/2) + 0.00165536608573618
3574,0.8167951315185503,B0*Abs(i*s**2 + i)**(1/4) ; i,0.0362988552411856*Abs(i*s**2 + i)**(1/4) ; i
3575,0.816526375027358,B0 + sqrt(Abs(i))*sqrt(Abs(s)) ; B1*r**2,sqrt(Abs(i))*sqrt(Abs(s)) - 0.183571329798395 ; 0.000379961463684788*r**2
3576,0.8164521786669425,B0*i ; i*sqrt(Abs(B1 - r)) - r,0.0298727888741878*i ; i*sqrt(Abs(r - 0.000152706827252863)) - r
3577,0.8164431776664631,B0*i + i**2 + Abs(i)**(3/2) ; B1 + 2*i,i**2 - 0.485157175546405*i + Abs(i)**(3/2) ; 2*i + 0.0482434585971109
3578,0.8164163824583913,B0 + B1*i + B1*s + B2*s**2 ; B3*r + i*r - i - r**2,0.000490964042648194*i + 0.049345389572128*s**2 + 0.000490964042648194*s - 0.0455403513431696 ; i*r - i - r**2 + 5.86074942783022*r
3579,0.8163704743675336,B0 + B1*i + B2*s ; B3 + B4*r + i*r - 2*r**2,-0.0863032598530335*i + 0.0206697704899192*s + 0.00506229804965848 ; i*r - 2*r**2 + 2.22287208753293*r + 2.56122780852396e-7
3580,0.8163453352905315,B0*i*s + B0*i ; B1*r,0.0142306621778655*i*s + 0.0142306621778655*i ; 14.6532939292607*r
3581,0.8163453080532992,B0*i*s + B0*i ; r,0.0142384276874185*i*s + 0.0142384276874185*i ; r
3582,0.8162614331432669,B0 + sqrt(Abs(i))*sqrt(Abs(s)) ; B1*i*sqrt(Abs(r)),sqrt(Abs(i))*sqrt(Abs(s)) - 0.18377843140759 ; 0.0013721433799241*i*sqrt(Abs(r))
3583,0.8162269352831619,B0 + B1*i + B1*s ; B2 + B3*i - i**2*r + Abs(i)**(5/2),0.141013720469784*i + 0.141013720469784*s - 0.116417400913484 ; -i**2*r - 0.589426720272291*i + Abs(i)**(5/2) + 0.0289622961055107
3584,0.8162180050636815,B0*s - Abs(s)**(5/4) ; r,3.1383830516697*s - Abs(s)**(5/4) ; r
3585,0.8161956345936696,B0*i ; sqrt(Abs(B1*r + r**2)),0.026228592696248*i ; sqrt(Abs(r**2 + 0.00340674597687529*r))
3586,0.8161956318145951,B0*i ; B1*sqrt(Abs(r)) + Abs(r)**(3/2),0.0261992849711551*i ; Abs(r)**(3/2) + 0.00552503596056365*sqrt(Abs(r))
3587,0.8161953862408036,B0*i ; i*sqrt(Abs(r)) + Abs(r)**(3/2),0.0263512909775221*i ; i*sqrt(Abs(r)) + Abs(r)**(3/2)
3588,0.8161381703548071,s*sqrt(Abs(B0 + B1*s**2 - s)) ; r,s*sqrt(Abs(0.615460933683764*s**2 - s + 0.403944091126573)) ; r
3589,0.8160816126615525,B0 + B1*i + B1*s ; B2*i + B3*sqrt(Abs(i))*sqrt(Abs(r)),0.0039057354751333*i + 0.0039057354751333*s + 0.0109404708685069 ; 9.54873188336999*i + 0.0793824167679811*sqrt(Abs(i))*sqrt(Abs(r))
3590,0.8160286501846401,B0 - i + s ; B1 + B2*sqrt(Abs(r)) - i,-i + s - 3.3288302178267 ; -i - 4.24383034394733*sqrt(Abs(r)) + 4.29605723458435
3591,0.815988558642449,B0 + s - sqrt(Abs(s)) ; r + sqrt(Abs(B1 - i + r)),s - sqrt(Abs(s)) + 0.0442719445048667 ; r + sqrt(Abs(-i + r + 2.25921061464778))
3592,0.8159777340887661,B0*i**2 + B0*i ; B1*r,0.023093312483716*i**2 + 0.023093312483716*i ; 0.00944154484475727*r
3593,0.8159307215812243,B0 + B1*s + i*s ; B2*r + i*r + r**2 + Abs(r)**(3/2),i*s + 0.51841493361045*s - 0.525068057834716 ; i*r + r**2 + 0.000987780745441652*r + Abs(r)**(3/2)
3594,0.8158356762078807,B0*i + i**2 + Abs(i)**(5/4) ; B1 + B2*i**3 + B3*i**2*r,i**2 - 0.211845977340371*i + Abs(i)**(5/4) ; 19.8533402193417*i**3 + 8.33709064920223*i**2*r + 0.000955687346741351
3595,0.8156806170356568,B0 + sqrt(Abs(s)) ; i + sqrt(Abs(B1 + B2*r)),sqrt(Abs(s)) - 0.958970375810014 ; i + sqrt(Abs(0.429295858598509*r + 0.00386335507989904))
3596,0.8156806169334109,B0 + sqrt(Abs(s)) ; B1 + B2*sqrt(Abs(r)) + r,sqrt(Abs(s)) - 0.958975135825733 ; r + 24.6340888800698*sqrt(Abs(r)) + 1.32277313937232
3597,0.8156806163091616,B0 + sqrt(Abs(s)) ; i + sqrt(Abs(B1 + 2*i)),sqrt(Abs(s)) - 0.958948651732992 ; i + sqrt(Abs(2*i + 28.5436313080585))
3598,0.815619790403228,B0*Abs(s)**(1/16) ; B1 + B2*r**2,0.0145170031469152*Abs(s)**(1/16) ; 0.0255574302121965*r**2 + 0.514138895069645
3599,0.8156157477047796,B0 - i - s ; B1 + B2*sqrt(Abs(r)) - i,-i - s + 0.992969307973958 ; -i - 0.69139882473351*sqrt(Abs(r)) + 0.10959452516596
3600,0.8153437583683796,B0 + B1*i ; i + Abs(B2 + i*r)**(1/8),0.0325062264721921*i + 0.0461143071002229 ; i + Abs(i*r + 0.0225338769958973)**(1/8)
3601,0.8153187429233555,B0*i*s + s**2 + s*Abs(i)**(3/2) + s ; B1 + B2*i**2 + B2*r,1.43403638132953*i*s + s**2 + s*Abs(i)**(3/2) + s ; -0.106709501910242*i**2 - 0.106709501910242*r + 0.111008178722408
3602,0.8153074945813144,B0 + s**2 + sqrt(Abs(s)) ; B1 + B2*sqrt(Abs(r)),s**2 + sqrt(Abs(s)) - 1.84413288740948 ; 0.00249994042386063*sqrt(Abs(r)) + 0.107134383810915
3603,0.815134737083074,B0 + s + sqrt(Abs(B1 - i + s)) ; B2*i*r + B2*r**3 + B2*r**2,s + sqrt(Abs(i - s + 1.41212483662268)) - 1.64941124918332 ; 0.2066478411096*i*r + 0.2066478411096*r**3 + 0.2066478411096*r**2
3604,0.8150217255427109,B0*Abs(i)**(3/2)*sqrt(Abs(s)) ; B1*sqrt(Abs(r)),0.0867566608508422*Abs(i)**(3/2)*sqrt(Abs(s)) ; 0.000142983447590781*sqrt(Abs(r))
3605,0.815021632958008,B0*Abs(i)**(3/2)*sqrt(Abs(s)) ; r,0.087099187690552*Abs(i)**(3/2)*sqrt(Abs(s)) ; r
3606,0.8149692146959162,B0 + B1*i + i**2 ; B2 - i**2 - i,i**2 + 1.82426058953988*i + 0.350516022048846 ; -i**2 - i + 0.789298058208242
3607,0.8149423199938323,B0*i + B1*s**3 + B1*s ; Abs(B2 + r)**(1/4),-0.000117916148145213*i + 0.0245677777896559*s**3 + 0.0245677777896559*s ; Abs(r + 7865.89721776552)**(1/4)
3608,0.8149353517112031,2*i*s ; B0*i + B1*i**2 + B1*Abs(i)**(3/2),2*i*s ; 30.4483759340047*i**2 - 3.91545492357229*i + 30.4483759340047*Abs(i)**(3/2)
3609,0.8149212671168289,B0*i**2*Abs(s)**(1/4) ; i,32.167408478489*i**2*Abs(s)**(1/4) ; i
3610,0.8148464657045149,B0*sqrt(Abs(i))*sqrt(Abs(s)) ; sqrt(Abs(B1*r*sqrt(Abs(i)) + r**2)),0.0446501961266044*sqrt(Abs(i))*sqrt(Abs(s)) ; sqrt(Abs(r**2 + 1.51344696865642*r*sqrt(Abs(i))))
3611,0.8148099543301772,i*s + Abs(i)**(5/4) ; 2*i,i*s + Abs(i)**(5/4) ; 2*i
3612,0.8146621825434219,i ; B0 + B1*i - i*r,i ; -i*r + 1.22120063145377*i + 0.000305680791201321
3613,0.8146173273230468,B0*i + s ; B1*i*r + B1*i + B1*r,-1.72181467163369*i + s ; 0.0304013025916507*i*r + 0.0304013025916507*i + 0.0304013025916507*r
3614,0.814588956956831,B0*sqrt(Abs(s + sqrt(Abs(i*s - s**2)))) ; r,0.0190900101818055*sqrt(Abs(s + sqrt(Abs(i*s - s**2)))) ; r
3615,0.8145108915043523,B0*i**2*sqrt(Abs(s)) ; i*r,0.316139988361908*i**2*sqrt(Abs(s)) ; i*r
3616,0.814497033781885,B0*i + B0*s + B1*i*sqrt(Abs(s)) ; sqrt(Abs(r)),-0.0618632053344463*i*sqrt(Abs(s)) + 0.0590905331920771*i + 0.0590905331920771*s ; sqrt(Abs(r))
3617,0.8144672771755496,B0*s + B1*i**2*s + B1*i*s**2 ; B2 + B3*r + B3*sqrt(Abs(i)),0.357220495406125*i**2*s + 0.357220495406125*i*s**2 + 0.00375861672301234*s ; 0.016721529772284*r + 0.016721529772284*sqrt(Abs(i)) + 0.00223488001735753
3618,0.8143706268359889,B0*s + s**2 ; -r + sqrt(Abs(i**2 + r)),s**2 - 0.952383523800162*s ; -r + sqrt(Abs(i**2 + r))
3619,0.8143706267559504,B0*s + s**2 ; B1 + r - sqrt(Abs(i + r)),s**2 - 0.952370763440628*s ; r - sqrt(Abs(i + r)) + 29.7801935815958
3620,0.8143550785703695,B0*sqrt(Abs(s)) + Abs(s)**(3/2) ; Abs(i)**(1/4),Abs(s)**(3/2) - 0.953006787354058*sqrt(Abs(s)) ; Abs(i)**(1/4)
3621,0.8143403475910027,B0 + s ; B1 + B2*sqrt(Abs(r)) + i,s - 0.953590740704004 ; i + 0.0252978188595435*sqrt(Abs(r)) + 0.0121255082361922
3622,0.8143403475500112,B0 + s ; B1*sqrt(Abs(r)) - i + r,s - 0.953587030055817 ; -i + r + 17.6878851886604*sqrt(Abs(r))
3623,0.8143403427805057,B0 + s ; B1 - 2*r + sqrt(Abs(i)),s - 0.953666134474584 ; -2*r + sqrt(Abs(i)) + 61.9039213691988
3624,0.8143403405815941,B0 + s ; B1 + B2*sqrt(Abs(r)) - i,s - 0.953680882292612 ; -i + 1.78714291016918*sqrt(Abs(r)) + 0.262259084119692
3625,0.8143350018060148,Abs(i)**(5/4)*Abs(s)**(1/4) ; i,Abs(i)**(5/4)*Abs(s)**(1/4) ; i
3626,0.8142954252621587,B0*i + B0*s + B0*sqrt(Abs(i)) ; r,0.00588769396771295*i + 0.00588769396771295*s + 0.00588769396771295*sqrt(Abs(i)) ; r
3627,0.8142954104938933,B0*i + B0*s + B0*sqrt(Abs(i)) ; B1*r + B2*r**2,0.00589292657695843*i + 0.00589292657695843*s + 0.00589292657695843*sqrt(Abs(i)) ; 16.4353183172567*r**2 + 0.557147867642089*r
3628,0.8142068673131992,B0*s - s*sqrt(Abs(i)) ; sqrt(Abs(r)),-s*sqrt(Abs(i)) + 0.179407722473784*s ; sqrt(Abs(r))
3629,0.8142067402922346,B0*s - s*sqrt(Abs(i)) ; r,-s*sqrt(Abs(i)) + 0.179409575465372*s ; r
3630,0.8141500026594318,i**2*sqrt(Abs(B0 + sqrt(Abs(s)))) ; i,i**2*sqrt(sqrt(Abs(s)) + 999.984825934539) ; i
3631,0.8141349181060946,B0*s + B1*i*s**2 + B1*s**3 ; B2 + i - r,-0.196529834390537*i*s**2 - 0.196529834390537*s**3 + 0.206194189058075*s ; i - r - 0.0804500278406783
3632,0.8141155047778238,B2*sqrt(Abs(B0 + i*sqrt(Abs(B1 + i)))) ; i - Abs(i)**(5/8),0.00385404108985177*sqrt(Abs(i*sqrt(Abs(i + 2125.13069672351)) - 55.1356212773865)) ; i - Abs(i)**(5/8)
3633,0.8141029234370135,B0 + B1*s + s**2 ; 2*i,s**2 + 0.988715087405449*s - 1.60113454920355 ; 2*i
3634,0.8140851500951118,B0*s - s*sqrt(Abs(i)) ; r**3,-s*sqrt(Abs(i)) + 0.183848997199454*s ; r**3
3635,0.814074204519713,i**2*sqrt(Abs(B0 + sqrt(Abs(i)))) ; i,i**2*sqrt(sqrt(Abs(i)) + 1000.77476772795) ; i
3636,0.8140535751986306,i*sqrt(Abs(B0 + B1*sqrt(Abs(i)))) ; r,i*sqrt(Abs(0.0120858718114669*sqrt(Abs(i)) - 0.00627643459515877)) ; r
3637,0.814031558160719,-i**2 + i*sqrt(Abs(B0 - i + sqrt(Abs(i)))) ; i,-i**2 + i*sqrt(Abs(-i + sqrt(Abs(i)) + 0.875958867968628)) ; i
3638,0.8139563007892401,B0 + B1*i ; -2*i**2 + i*r,0.0185680971789326 - 7.58999675449926e-5*i ; -2*i**2 + i*r
3639,0.813953775920259,B0*s*sqrt(Abs(i)) + s**2*sqrt(Abs(i)) ; B1 + B2*r**2 + i + r,s**2*sqrt(Abs(i)) - 0.483520768726775*s*sqrt(Abs(i)) ; i - 4.88222332889876*r**2 + r + 0.0228330466118579
3640,0.813938161327804,B0 + i*s ; B1*i - i**2 + r,i*s + 0.070794700801121 ; -i**2 + 4.34111763175078*i + r
3641,0.8139045129862278,sqrt(Abs(B0 - sqrt(Abs(B1 + s)))) ; r,sqrt(Abs(sqrt(Abs(s - 32892.3551867172)) - 181.36372530791)) ; r
3642,0.8138958139849208,i*Abs(B0 + B1*i + i**2)**(1/4) ; i,i*Abs(i**2 + 2.65846618592742*i + 0.8607863392213)**(1/4) ; i
3643,0.8138879032166472,i**2*Abs(s)**(5/4) ; i,i**2*Abs(s)**(5/4) ; i
3644,0.8138787688819256,Abs(i)**(5/2)*sqrt(Abs(s)) ; 2*i,Abs(i)**(5/2)*sqrt(Abs(s)) ; 2*i
3645,0.8138448152416357,B0*sqrt(Abs(i)) + B1*i ; B2*i + B3*sqrt(Abs(B4 + i*r)),0.00438240167339681*i + 0.0478713553678024*sqrt(Abs(i)) ; 0.0872096020389613*i + 0.0540370429133036*sqrt(Abs(i*r - 0.000160335395551271))
3646,0.8138267484757136,B0*sqrt(Abs(i)) + s*sqrt(Abs(i)) ; r,s*sqrt(Abs(i)) - 0.850097561422366*sqrt(Abs(i)) ; r
3647,0.8138258221314212,B0*sqrt(Abs(i)) + B1*s*sqrt(Abs(i)) ; B2 + 2*i - 2*r,0.000780457380280187*s*sqrt(Abs(i)) + 0.00149193477725959*sqrt(Abs(i)) ; 2*i - 2*r + 0.0848569931257531
3648,0.8138188468172546,B0 + 2*i**2 - i*s ; B1*Abs(i)**(3/2) + B2*i*r + i,2*i**2 - i*s + 0.0344184619126829 ; -4.57096427436717*i*r + i + 2.245496022932*Abs(i)**(3/2)
3649,0.8137267244639872,B0 + B1*i + B1*s ; B2*i**2*r + B2*i + B3*i**3,0.165108809503535*i + 0.165108809503535*s - 0.151708890661367 ; 0.235207197793907*i**3 - 0.168198642621574*i**2*r - 0.168198642621574*i
3650,0.813574390714827,B0*i**2 + B1*i**3 ; B3*sqrt(Abs(B2 + i)) + i,-0.0220696101906956*i**3 + 0.0506808352921725*i**2 ; i - 1.6860978510585*sqrt(Abs(i - 0.507115130588187))
3651,0.813491824183157,B0*i**2 + B1*i**2*s ; B2*r,13.6459118611397*i**2*s - 9.1949495966384*i**2 ; 9.28882204273713*r
3652,0.8133382899850466,s*sqrt(Abs(B0*s + i*s + s**2)) ; i*r**2,s*sqrt(Abs(i*s + s**2 - 1.00198299402645*s)) ; i*r**2
3653,0.8132669334993599,-i**2 + i*sqrt(Abs(B0 - i + s)) ; B1 + B2*r,-i**2 + i*sqrt(Abs(i - s + 0.463483277073859)) ; 0.0102457298149272 - 0.0121783635374386*r
3654,0.8132402352269841,B0*Abs(i**2 + s)**(1/4) ; B1*r + r**2*Abs(i)**(3/2),0.0118884666918405*Abs(i**2 + s)**(1/4) ; r**2*Abs(i)**(3/2) + 0.0192627121570717*r
3655,0.8131177883764386,B0 + i*s ; B1 - i*r + Abs(i)**(3/2),i*s - 0.0190471222234135 ; -i*r + Abs(i)**(3/2) - 0.00638675163048669
3656,0.813070713220561,B0 + B1*i + i**2 ; i*r + i - 2*r**2,i**2 - 0.422158347315341*i + 0.0471675499632637 ; i*r + i - 2*r**2
3657,0.8130287867739373,B0*sqrt(Abs(i**2*s + i*s**2)) ; i,0.220290422560326*sqrt(Abs(i**2*s + i*s**2)) ; i
3658,0.8129638765148163,s*sqrt(Abs(B0 + i*s**2)) ; B1 + i,s*sqrt(Abs(i*s**2 - 0.0195720847533386)) ; i + 0.0607609561043808
3659,0.8129174958020362,B0 + Abs(s)**(1/4) ; B1*r + B2*r**2,Abs(s)**(1/4) - 0.955185461813182 ; 0.222685737345904*r**2 + 1.18036084263297*r
3660,0.8128244790076803,B0*i ; B1*i**2 + i**3,0.61714322514839*i ; i**3 + 32.2145126521335*i**2
3661,0.8128084949830366,B0 + B1*i ; i*r - i + r**2 + r,0.0149234954142989 - 3.25138099953308e-5*i ; i*r - i + r**2 + r
3662,0.8127491905286459,B0*i - 2*i*s ; i,-2*i*s + 0.135781858579675*i ; i
3663,0.8127471174060342,B0*Abs(i)**(3/4) ; B1 + B2*i + B3*i**2,0.000375532589756134*Abs(i)**(3/4) ; 15.7056738286916*i**2 - 379.296366937515*i - 125.094411412036
3664,0.81274664596178,B0*i ; B1 - 2*i*r + i,-0.000118753197667363*i ; -2*i*r + i + 147.218413123144
3665,0.812746642754992,B0*i ; B1 - i + r + Abs(B2 + i)**(1/4),-0.000118753190156751*i ; -i + r + Abs(i - 273.036824750135)**(1/4) + 142.634027863802
3666,0.8127466416097624,B0*i ; sqrt(Abs(B1 - r + sqrt(Abs(i*r + i)))),-0.000118753187071374*i ; sqrt(Abs(-r + sqrt(Abs(i*r + i)) + 29718.8304369907))
3667,0.8127375771250346,B0 + i**2 ; B1*i + 2*i**2,i**2 + 0.0114101975713277 ; 2*i**2 + 0.532726203184779*i
3668,0.8127372415382824,B0*i + i**2 + i*sqrt(Abs(B1 + s)) ; B2*i*r**2 + B2*i + B3*i**2*r,i**2 + i*sqrt(Abs(s + 332.501228213259)) - 17.7708313359358*i ; 5.14437467322742*i**2*r + 0.356501065208024*i*r**2 + 0.356501065208024*i
3669,0.8127348602567693,B0*Abs(i)**(1/16) ; i,0.0156129941483399*Abs(i)**(1/16) ; i
3670,0.8127280513036718,B0 + B1*i + B1*s ; B2*r + i*r - r**2,-18.7812529072828*i - 18.7812529072828*s + 18.7930904073642 ; i*r - r**2 + 19.782696815553*r
3671,0.8127280512911322,B0*i + B0*s ; B1*r + i*r**3,0.0118372258244652*i + 0.0118372258244652*s ; i*r**3 + 1.49289750729598*r
3672,0.8127280344199114,B1*Abs(B0 + i)**(1/4) ; B2*i*r + i**2*r,0.000531856045526233*Abs(i + 245097.496576926)**(1/4) ; i**2*r + 0.000996454068336173*i*r
3673,0.8127269751443559,B1*sqrt(Abs(B0 + i)) ; B2*r - 2*i*r,4.57963715104296e-5*sqrt(Abs(i + 65954.6550752232)) ; -2*i*r + 0.108172317462612*r
3674,0.8127046248020824,B0*i + B0*sqrt(Abs(B1 - i*s)) ; r,1.91285775583131e-5*i + 1.91285775583131e-5*sqrt(Abs(i*s + 381111.690505378)) ; r
3675,0.8126720200941517,B1*i*sqrt(Abs(B0*i + B0*s)) ; B2 + i + r + sqrt(Abs(i))*sqrt(Abs(r)),-5.14388728429227e-6*i*sqrt(Abs(5.31814622893913*i + 5.31814622893913*s)) ; i + r + sqrt(Abs(i))*sqrt(Abs(r)) + 135.180698496516
3676,0.8124602175134579,B0*Abs(i*s - i)**(1/4) ; r,0.0125948386518806*Abs(i*s - i)**(1/4) ; r
3677,0.8123050495863212,-i - s + sqrt(Abs(i - s)) ; sqrt(Abs(r)),-i - s + sqrt(Abs(i - s)) ; sqrt(Abs(r))
3678,0.8122270084295425,B0 + B1*s + sqrt(Abs(i)) ; B2 + i + r + sqrt(Abs(B3 + i)),2.98176170617946*s + sqrt(Abs(i)) - 3.90561725914768 ; i + r + sqrt(Abs(i + 6432.57010587189)) - 81.1089811051435
3679,0.812211825366517,B0*i*s**2 + B0*s**3 ; B1 + i,0.0101428030736624*i*s**2 + 0.0101428030736624*s**3 ; i - 3.97262491384981
3680,0.8121315347758113,i**2 + s - sqrt(Abs(s)) ; B0*r + sqrt(Abs(r)),i**2 + s - sqrt(Abs(s)) ; 0.00718670830721994*r + sqrt(Abs(r))
3681,0.8121315347758113,i + s**2 - sqrt(Abs(s)) ; B0 + r,i + s**2 - sqrt(Abs(s)) ; r
3682,0.812107775255319,B0*Abs(i)**(1/4) ; B1 + i*r**2 - r**2 + r,0.0259463362480903*Abs(i)**(1/4) ; i*r**2 - r**2 + r + 0.0321628275503111
3683,0.8120771922883138,B0*i**2*s**2 + B0*i*s**2 ; B1 + r,9.91695942130976e-6*i**2*s**2 + 9.91695942130976e-6*i*s**2 ; r + 0.0160866605712993
3684,0.8118167261629483,B0*i + B0*s*sqrt(Abs(i)) ; r,0.0101049057206795*i + 0.0101049057206795*s*sqrt(Abs(i)) ; r
3685,0.8117719585021326,i*sqrt(Abs(s + Abs(s)**(3/2))) ; B0*Abs(i + r)**(1/4) + i,i*sqrt(Abs(s + Abs(s)**(3/2))) ; i + 0.000897936165734027*Abs(i + r)**(1/4)
3686,0.8117374180199718,B0*s*sqrt(Abs(i)) + s**2*sqrt(Abs(i)) ; B1 + B2*i + B3*r,s**2*sqrt(Abs(i)) - 0.496616822853729*s*sqrt(Abs(i)) ; 1.56164633239438*i + 0.11684316468789*r + 0.0327072727148525
3687,0.8116190647532835,B0*Abs(s)**(5/4) + i*Abs(s)**(5/4) ; i,i*Abs(s)**(5/4) + 0.00941640739231886*Abs(s)**(5/4) ; i
3688,0.8115499007975472,B0*Abs(i*s - s**2)**(1/8) ; B1 + B2*r**2,0.0214403323568985*Abs(i*s - s**2)**(1/8) ; 0.0242783952683351*r**2 + 0.00869408624047719
3689,0.8114948393510399,B0*s + sqrt(Abs(s)) ; i + Abs(i - sqrt(Abs(i)))**(1/4),2.80662613373525*s + sqrt(Abs(s)) ; i + Abs(i - sqrt(Abs(i)))**(1/4)
3690,0.8114373289476378,B0*i*s + i**2*s - i**2 ; B1*r*sqrt(Abs(i)) + r**2*sqrt(Abs(i)),i**2*s - i**2 + 0.255394951330754*i*s ; r**2*sqrt(Abs(i)) + 0.000552496762079668*r*sqrt(Abs(i))
3691,0.8111935319006609,B0 + i**2 ; B1 + B2*i + i*sqrt(Abs(B3 + i)),i**2 + 0.0083645488095122 ; i*sqrt(Abs(i - 0.0119349138891536)) + 2.345966279685*i + 0.100744518200405
3692,0.811029990816035,B0*i - 2*i**2 ; B1 - 2*i,-2*i**2 - 4.39544826516629*i ; 0.00668994434221826 - 2*i
3693,0.8109397320056441,B0*Abs(i)**(1/4) ; r*sqrt(Abs(B1*i - i**2)),0.0117307915450594*Abs(i)**(1/4) ; r*sqrt(Abs(i**2 - 0.000122769521028319*i))
3694,0.8109334233171008,-i**2 + i*sqrt(Abs(B0 + s)) ; i*r,-i**2 + i*sqrt(Abs(s - 0.751171735100928)) ; i*r
3695,0.810875029222238,B0*i + B1*i*s + B1*s**2 + B1*s ; i,0.00433586926197586*i*s + 0.904753180754274*i + 0.00433586926197586*s**2 + 0.00433586926197586*s ; i
3696,0.8107555687763661,-i*sqrt(Abs(s)) + Abs(i)**(3/2) ; Abs(i)**(3/2)*Abs(B0 + r)**(1/4),-i*sqrt(Abs(s)) + Abs(i)**(3/2) ; Abs(i)**(3/2)*Abs(r + 6844.94863786751)**(1/4)
3697,0.8107356967127604,B0*i + B0*sqrt(Abs(i)) ; i*r + r**3,0.00783192015290026*i + 0.00783192015290026*sqrt(Abs(i)) ; i*r + r**3
3698,0.8107017330722825,B1*Abs(B0*i*s + i**2)**(1/4) ; B2*r + i + r**3,0.00111597056982578*Abs(i**2 - 1509.18241682985*i*s)**(1/4) ; i + r**3 + 8.19540766319249*r
3699,0.81064539528301,B0 + B1*s + sqrt(Abs(i)) ; B2*r + B3*r**2,3.56208847865968*s + sqrt(Abs(i)) - 2.71252873662282 ; 0.101031942506538*r**2 + 0.0163299191596539*r
3700,0.8105858830843377,B0 + B1*s ; B2*i + B3*i**2 + B4*i*r,0.0420889341045282*s + 0.00549431220904261 ; 0.00212816366140961*i**2 + 0.000148722974617551*i*r + 1.18362694170136*i
3701,0.8105858830186279,B0 + B1*s ; B2*i**2 + B3*i**3 + r,0.0420864213453178*s + 0.00549344289209705 ; 0.0522483338860849*i**3 + 0.000328146994282144*i**2 + r
3702,0.8105858823925771,B0 + B1*i ; B2*r + B3*r**2 + B4*i*r,0.047587684599014 - 0.0420942741286665*i ; 0.000177299842817517*i*r + 0.00020166951507216*r**2 + 5.9707518061565*r
3703,0.8105858686031991,B0*i + B1*s ; B2*i*r**2 + i**2*r**2,0.00546818843520018*i + 0.0475657099778651*s ; i**2*r**2 + 0.046778879859944*i*r**2
3704,0.8105856169100436,B0 + B1*i + B2*s ; B3*r + 2*i*r + r**2,-1.80444207580691e-5*i + 0.0419204245660112*s + 0.00557759614724429 ; 2*i*r + r**2 + 0.0177126723993188*r
3705,0.8104624237959881,B0*Abs(s)**(1/4) ; -i**2 + i*r**2 + i*r,0.0205989102259747*Abs(s)**(1/4) ; -i**2 + i*r**2 + i*r
3706,0.8104594196496169,B0*Abs(-i**2 + i*s + s)**(1/4) ; i,0.0213531193770364*Abs(-i**2 + i*s + s)**(1/4) ; i
3707,0.8103464433588249,B0 + B1*i ; -i**2 + i*sqrt(Abs(i + r)) + r,0.0247282249149392*i + 0.034315025807838 ; -i**2 + i*sqrt(Abs(i + r)) + r
3708,0.8103055943710697,B0 + B1*sqrt(Abs(i)) + i ; B2*i + B3*r,i - 0.876850911577129*sqrt(Abs(i)) + 0.141910621749251 ; 1.61040083954722*i - 0.034120499639864*r
3709,0.810250011313177,B0 + s + sqrt(Abs(B1 - sqrt(Abs(i)))) ; B2*i,s + sqrt(Abs(sqrt(Abs(i)) - 4.59570192070569)) - 3.04510915773225 ; 0.464677830009645*i
3710,0.8101454104637247,B0*s*sqrt(Abs(i)) + s**2*sqrt(Abs(i)) ; B1 + i,s**2*sqrt(Abs(i)) - 0.474740499136685*s*sqrt(Abs(i)) ; i + 0.0485694404914431
3711,0.8101394313565056,B0*i + B1*Abs(i)**(3/2) ; i + r,-0.015369822253836*i - 0.0128790760605747*Abs(i)**(3/2) ; i + r
3712,0.8101239008889818,B0*s + B1*s**2 + i*s - i ; 2*i,i*s - i - 0.0233258769699995*s**2 + 0.068615271670971*s ; 2*i
3713,0.8101027766159486,B0*s + i*s + s**2 ; B1*r + B2*r**2 + B3*i*r,i*s + s**2 + 1.71997969386351*s ; 0.0523716755576995*i*r + 21.3385789504087*r**2 + 8.85307790367679*r
3714,0.8101027765962674,B0*s ; B1*r + i*r**2 + r*Abs(i)**(3/2),0.0460626631542825*s ; i*r**2 + r*Abs(i)**(3/2) + 0.00373896571589338*r
3715,0.810102776583971,B0*s ; B1*i**2 + B2*i*r + i - r,0.0460600825603257*s ; 29.7631943792631*i**2 + 0.0459353110387197*i*r + i - r
3716,0.810102776346506,B0*s ; B1 + B2*i*r + B3*i**2*r,0.0460656296611138*s ; 0.0137904221837566*i**2*r + 0.0387284178425183*i*r + 0.00190478538360443
3717,0.8101027760039452,B0*s ; B1*r - i*r + 2*r**2,0.0460677051844042*s ; -i*r + 2*r**2 + 1.39901112216876*r
3718,0.8100332673271179,B0*i ; Abs(2*i - 2*r)**(1/4),-5.9647197071855e-5*i ; Abs(2*i - 2*r)**(1/4)
3719,0.8100061257813029,B0*i - 2*i**2 ; -r + sqrt(Abs(r)),-2*i**2 + 0.414415092134881*i ; -r + sqrt(Abs(r))
3720,0.810006124475631,B0*i - i**2 + i*s ; r,-i**2 + i*s - 0.585576093635346*i ; r
3721,0.8100061141164409,B0*i - i**2 + i*s ; sqrt(Abs(r)),-i**2 + i*s - 0.585512025707483*i ; sqrt(Abs(r))
3722,0.8100061127634651,B0*i + 2*i*s ; r,2*i*s - 1.58550429649554*i ; r
3723,0.8098486159235595,B0*sqrt(Abs(s)) ; B1*r - 2*i*r + r**2,0.033413639868371*sqrt(Abs(s)) ; -2*i*r + r**2 + 0.00124717854664221*r
3724,0.8098477700515597,B0*sqrt(Abs(s)) ; B1*i + 2*i**2 + i*r,0.0334136360723779*sqrt(Abs(s)) ; 2*i**2 + i*r + 0.0983074042583822*i
3725,0.8098431801606788,B0*sqrt(Abs(s)) ; B1 + B2*r**2 + B3*r**3,0.0334031936202732*sqrt(Abs(s)) ; 0.00653549727866435*r**3 + 1.71826832404628*r**2 + 21.9237721291666
3726,0.8098204690381714,B0 + B1*i*s + i*s**2 ; i,i*s**2 - 0.020248043441808*i*s + 0.00838820108977779 ; i
3727,0.8097045238920028,B0*s*sqrt(Abs(i)) + s**2*sqrt(Abs(i)) ; B1 + B2*i,s**2*sqrt(Abs(i)) - 0.478936588557114*s*sqrt(Abs(i)) ; 1.03991753508131*i + 0.0451737940181691
3728,0.809696544743395,B0*i*sqrt(Abs(s)) ; B2*sqrt(Abs(B1*i + B1*r)),0.0530449720163756*i*sqrt(Abs(s)) ; 0.0261153417100853*sqrt(Abs(0.0417046655265546*i + 0.0417046655265546*r))
3729,0.8094803519567078,B0*i*s - i*s*sqrt(Abs(i - s)) ; i,-i*s*sqrt(Abs(i - s)) + 2.16365262119375*i*s ; i
3730,0.8094563106059516,B0*i ; Abs(B1 + 2*i - r)**(1/4),-5.6285280304748e-5*i ; Abs(2*i - r + 0.0973804998040282)**(1/4)
3731,0.8094430932106655,B0*i*s**2 + B0*s**3 ; B1*r,0.0434087140975585*i*s**2 + 0.0434087140975585*s**3 ; 10.4965749408578*r
3732,0.8094430838633042,B0*i*s**2 + B0*s**3 ; B1*r - r**2,0.0433783202190629*i*s**2 + 0.0433783202190629*s**3 ; -r**2 + 3.96278574088429*r
3733,0.8094430746916721,B0*i*s**2 + B0*s**3 ; r,0.0433662879514829*i*s**2 + 0.0433662879514829*s**3 ; r
3734,0.8091267673077934,B0 + B1*i + B2*s**2 ; Abs(B3 + i + r)**(1/4),-0.00554159298627022*i + 0.328322503352811*s**2 - 0.302396698092787 ; Abs(i + r - 0.516243554783549)**(1/4)
3735,0.8090719227856386,B0*i*s ; i**2 + i*sqrt(Abs(-i + r + sqrt(Abs(i)))),0.711976672129858*i*s ; i**2 + i*sqrt(Abs(-i + r + sqrt(Abs(i))))
3736,0.8090652382405565,B0*i - i**2 - i*s ; B1 - i,-i**2 - i*s - 2.43335970654978*i ; 0.0072616501042897 - i
3737,0.8090620531184389,B0*i*sqrt(Abs(s)) ; i + r**3 + r**2 + r,-0.000379655736136183*i*sqrt(Abs(s)) ; i + r**3 + r**2 + r
3738,0.808951716192868,i + sqrt(Abs(i))*sqrt(Abs(s)) ; B0 + B1*sqrt(Abs(r)) + r,i + sqrt(Abs(i))*sqrt(Abs(s)) ; r - 4.26966360293943*sqrt(Abs(r)) + 3.24762316690017
3739,0.8089207606773802,B0*i*s**2 + B0*s*Abs(i)**(3/2) ; i - sqrt(Abs(r)),0.0253895657024694*i*s**2 + 0.0253895657024694*s*Abs(i)**(3/2) ; i - sqrt(Abs(r))
3740,0.8087596292120547,-i*s + i*sqrt(Abs(B0 + s)) ; B1*i,-i*s + i*sqrt(Abs(s + 1.26019723909046)) ; 0.669535955506489*i
3741,0.8087581295349968,s*sqrt(Abs(B0 + i - s)) ; B1*r**2 - i*r,s*sqrt(Abs(i - s + 6.73615354681197)) ; -i*r + 0.168182693241896*r**2
3742,0.808610174380318,B0 + B1*i - i**2 + i*s ; i*sqrt(Abs(i*r - r*sqrt(Abs(i)))),-i**2 + i*s - 0.422259441664585*i - 0.00799310158039437 ; i*sqrt(Abs(i*r - r*sqrt(Abs(i))))
3743,0.8084760263126208,s*sqrt(Abs(s + sqrt(Abs(B0*s + B1*i)))) ; r,s*sqrt(Abs(s + sqrt(Abs(56.8121926590044*i + 39.7528971155943*s)))) ; r
3744,0.8084231294551947,B0*i + i**2 + i*s ; 2*i,i**2 + i*s + 1.12022285320676*i ; 2*i
3745,0.8083205466164125,B0*i + i**2 ; B1*i**3 + B2*i**2*r + B2*r,i**2 + 0.196274381597092*i ; 9.02585443363599*i**3 + 0.0687832375338856*i**2*r + 0.0687832375338856*r
3746,0.8080336799505254,B0*i ; B1*r + B2*r**2,0.0262185329641905*i ; 0.134454002266799*r**2 + 49.7190400667398*r
3747,0.8080336796581152,B0*i ; Abs(B1*r - r**2)**(1/4),0.0262126132672356*i ; Abs(r**2 - 0.00584536026857971*r)**(1/4)
3748,0.808033677770762,B0*i ; B1*r + B2*i*r,0.0262300509825347*i ; 0.112402504484526*i*r + 57.4489662491008*r
3749,0.8080336686599179,B0*i ; r*sqrt(Abs(B1 + sqrt(Abs(B2 + r)))),0.0262461056504319*i ; r*sqrt(sqrt(Abs(r + 0.0026222878143583)) + 16.1771504901301)
3750,0.8080334847035081,B0*i ; 2*i*r + r,0.0263363647460881*i ; 2*i*r + r
3751,0.8080334385646373,B0*i ; i**2*r**2 - r,0.0260838966649449*i ; i**2*r**2 - r
3752,0.8080333982616336,B0*i ; -i**2*r**2 + r,0.0260731291945035*i ; -i**2*r**2 + r
3753,0.8080329703999102,B1*i*Abs(B0 + i)**(1/4) ; i*r,0.00701267843872389*i*Abs(i + 190.350831318646)**(1/4) ; i*r
3754,0.8079824398181374,B0*i*s**2 + B0*s**2 + B0*s ; r,0.0217115180486287*i*s**2 + 0.0217115180486287*s**2 + 0.0217115180486287*s ; r
3755,0.8079732258589248,B0*Abs(i)**(3/2) ; B1 + B2*i + B3*r + i*r + r**2,0.00308987194378657*Abs(i)**(3/2) ; i*r - 7.33907762764507*i + r**2 - 8.45200045763733*r + 7.03718545100097
3756,0.8079623082444152,B0 + B1*i ; B2*r + 2*i*r - i + r**2,0.040010499970194 - 0.000378153809596371*i ; 2*i*r - i + r**2 - 3.88533202578978*r
3757,0.8079227042172185,B0*i*s**2 + B1*i**2*s ; i,-126.693113955689*i**2*s + 6.15215322232836*i*s**2 ; i
3758,0.807901830160014,B0*i + B1*i**2*s**2 ; r,-2.41631812885095*i**2*s**2 + 0.362037895291665*i ; r
3759,0.8077175137364605,i ; B0*sqrt(Abs(i)) + B1*r,i ; -19.232478154115*r + 80.6049198353321*sqrt(Abs(i))
3760,0.8076412650067774,B0*i + sqrt(Abs(s)) ; B1 + i,0.00988413193232394*i + sqrt(Abs(s)) ; i + 333.159131070892
3761,0.8076409286604563,B0*i + sqrt(Abs(s)) ; B1 + B2*r,0.00988199742237116*i + sqrt(Abs(s)) ; 29.6761398829551*r + 208.178761107416
3762,0.8075238106180602,B0 + sqrt(Abs(s)) ; B1 + B2*r + B2*sqrt(Abs(r)),sqrt(Abs(s)) - 0.958978902030008 ; 31.8671155517929*r + 31.8671155517929*sqrt(Abs(r)) + 0.163717893300481
3763,0.8075238052656805,B0 + sqrt(Abs(s)) ; B1*r + B2*i*r,sqrt(Abs(s)) - 0.959019876498858 ; 94.2862858300833*i*r + 1.57030388821468*r
3764,0.8075237885197499,B0 + sqrt(Abs(s)) ; i + sqrt(Abs(B2 + sqrt(Abs(B1 - i)))),sqrt(Abs(s)) - 0.958863210455116 ; i + sqrt(sqrt(Abs(i - 0.000731060191574069)) + 3.25814433109448)
3765,0.807482106795311,B0*i ; Abs(i)**(1/16),-5.76788784866455e-5*i ; Abs(i)**(1/16)
3766,0.8074759434844582,B0*Abs(s)**(5/4) ; B1*i + B2*i*r + i*r**2,0.0451063314596856*Abs(s)**(5/4) ; i*r**2 + 9.40772873239055*i*r + 0.034825252042214*i
3767,0.8073592254843576,i ; B0*i + B1*i*r,i ; 3.07808901782691*i*r + 3.50796014210716*i
3768,0.8072081557353762,B0 + B1*s - i + sqrt(Abs(s)) ; i + Abs(B2 + r)**(1/4),-i + 0.227071051793819*s + sqrt(Abs(s)) - 2.40764501045762 ; i + Abs(r - 4.93535468962421)**(1/4)
3769,0.8070729309055178,B0 + B1*i + B2*s ; B3 + B4*i - i**2 - r,0.000857484362677569*i + 0.476161990348637*s - 0.383492514036611 ; -i**2 - 5.01249118212119*i - r + 2.46167996925367
3770,0.807057008906592,B0*i**2 ; B1*i + B2*i*r,0.684494496234427*i**2 ; 0.3208048001676*i*r + 0.0130614175607972*i
3771,0.8070453363341044,B0*i + i**2 - s ; i*r,i**2 - 2.99458219145831*i - s ; i*r
3772,0.8067866319427611,B0*s*sqrt(Abs(i)) + s**2*sqrt(Abs(i)) ; B1 + 2*i,s**2*sqrt(Abs(i)) - 0.535488572510393*s*sqrt(Abs(i)) ; 2*i + 0.0341109739150754
3773,0.8066590160141559,B0*i**2 ; Abs(B1 - i + 2*r)**(1/4),2.90087713604489e-7*i**2 ; Abs(i - 2*r + 0.000112803244841381)**(1/4)
3774,0.8066360049822334,B0*i + sqrt(Abs(s)) ; B1*r + B2*i*r,-2.37999493326894*i + sqrt(Abs(s)) ; 44.6849633455607*i*r + 94.6952128666732*r
3775,0.8066302264171369,B0*s - i*s ; B1 + B2*r**2 - i,-i*s + 0.0111978822138252*s ; -i - 6.14370897768171*r**2 + 0.0188521430651505
3776,0.8064369038780356,Abs(i)**(9/8) ; B0*i + i*r**3,Abs(i)**(9/8) ; i*r**3 + 2.85572624065885*i
3777,0.8064257964713601,B0*sqrt(Abs(i)) + B1*Abs(i)**(3/2) ; i + r,-0.000548020766070423*Abs(i)**(3/2) + 0.00627570755457741*sqrt(Abs(i)) ; i + r
3778,0.8064156495216513,B0*s - i**2*s + i*s - i ; 2*i,-i**2*s + i*s - i + 0.0461121522147708*s ; 2*i
3779,0.8063580422645124,B0*i**2*Abs(s)**(1/4) ; i*r,0.309029439579755*i**2*Abs(s)**(1/4) ; i*r
3780,0.8063338931439032,B0 + 2*i**2 - i*s ; B1*Abs(r)**(3/2) + i,2*i**2 - i*s + 0.0700187970327022 ; i + 0.0861374665893697*Abs(r)**(3/2)
3781,0.8063299164501626,B0*Abs(s)**(1/8) + s ; B1*i,s - 0.955643220662635*Abs(s)**(1/8) ; 0.707698292043321*i
3782,0.8063209642335897,B0*s - i*s**2 ; r,-i*s**2 + 0.049164007892557*s ; r
3783,0.8062467124713423,B0 + i*s + 2*s ; B1 - r,i*s + 2*s + 0.385505384254631 ; 0.0215335419286007 - r
3784,0.8062115277850694,B0*sqrt(Abs(s)) - i*sqrt(Abs(s)) ; Abs(r)**(3/2),-i*sqrt(Abs(s)) + 0.0469936074908902*sqrt(Abs(s)) ; Abs(r)**(3/2)
3785,0.806196944127292,B0 - i ; B1*r + B2*i*r,0.0464035939565247 - i ; 0.0301350313028491*i*r + 0.392129069031332*r
3786,0.8061969419715785,B0 + s ; B1*i + B2*Abs(i)**(3/2),s - 0.95354672241048 ; 0.104126726677844*i + 0.00015902557406543*Abs(i)**(3/2)
3787,0.8061969418279811,B0 + s ; B1*i**2 + B2*r,s - 0.953644294012271 ; 0.00275245214896431*i**2 + 0.00427394869422409*r
3788,0.8061521595919257,B0 + B1*i + B2*s ; B3*i + B4*i*r + i**2*r + i**2,0.440356726847651*i - 0.0016577932841424*s + 2.3860729460199e-5 ; i**2*r + i**2 + 0.492057274111372*i*r + 0.117682436774448*i
3789,0.8061283359840453,B0 + 2*s ; B3*Abs(B1 + B2*r)**(1/4),2*s - 1.91163929795915 ; 0.000664790171067845*Abs(71.3140831333387*r + 47.497410073866)**(1/4)
3790,0.8060726937467648,B0 + s**2 ; B1*r + B2*i*r,s**2 - 0.918179676271627 ; 22.632868340786*i*r + 1.0564033082465*r
3791,0.8060374946650257,B0*s + s**3 ; r,s**3 - 0.92080652010979*s ; r
3792,0.8060203365907885,B0 - i + sqrt(Abs(i - sqrt(Abs(s)))) ; r,-i + sqrt(Abs(i - sqrt(Abs(s)))) - 0.92848375928755 ; r
3793,0.8060068563493725,B0*s + Abs(s)**(5/2) ; B1*r,-0.940527889278209*s + Abs(s)**(5/2) ; 0.0682680090375262*r
3794,0.8059967879172385,B0*Abs(s)**(5/2) - s ; B1 - 2*r + sqrt(Abs(i)),-s + 1.06240710374857*Abs(s)**(5/2) ; -2*r + sqrt(Abs(i)) + 99.5835242098179
3795,0.8059451745582439,i*Abs(B0*s - i)**(1/8) ; B1*i + B2*i*r**2,i*Abs(i - 0.0306240730255088*s)**(1/8) ; 30.2215634714736*i*r**2 + 0.380181342344522*i
3796,0.8058947293256414,B0*i**4 ; r,121.178084639255*i**4 ; r
3797,0.8058050427442883,B0*i ; B1 + 2*i - 2*r,0.00012236908813227*i ; 2*i - 2*r + 0.000158042097499638
3798,0.8057513685804711,B0*s + s**2 + sqrt(Abs(s)) ; i + Abs(B1 + r)**(1/4),s**2 - 1.88809146091118*s + sqrt(Abs(s)) ; i + Abs(r + 2.00640932543156)**(1/4)
3799,0.805741763490333,i**2 + i*s - i ; 2*i,i**2 + i*s - i ; 2*i
3800,0.805656464772368,s*Abs(B0 + B1*s + i*s)**(1/4) ; i,s*Abs(i*s - 7.86280796719669*s + 56.1571922168266)**(1/4) ; i
3801,0.8056439730373145,B1*Abs(B0*i + B0*s)**(1/4) ; i + r,0.0259692078014368*Abs(0.000645019970810236*i + 0.000645019970810236*s)**(1/4) ; i + r
3802,0.8056010958348158,B0*i - i**2 - Abs(i)**(3/2) ; i*sqrt(Abs(r)),-i**2 + 0.655559385734257*i - Abs(i)**(3/2) ; i*sqrt(Abs(r))
3803,0.8055278955072309,B0 + i + sqrt(Abs(B1*i + i**2)) ; B2*i + B3*i**2,i + sqrt(Abs(i**2 - 0.00551270157441008*i)) + 0.0028696744626675 ; 13.1319705241525*i**2 + 3.75847537962068*i
3804,0.805448404598807,B0 + B1*sqrt(Abs(s)) + B2*s - Abs(s)**(3/2) ; B3*i*sqrt(Abs(r)) + i*Abs(r)**(3/2),3.64575046569986*s - Abs(s)**(3/2) + 0.382620044951616*sqrt(Abs(s)) - 2.2480545394097 ; i*Abs(r)**(3/2) + 0.0809579724124349*i*sqrt(Abs(r))
3805,0.8054397182200194,B0 + s + sqrt(Abs(s - sqrt(Abs(i)))) ; B1*r + B2*i*r,s + sqrt(Abs(s - sqrt(Abs(i)))) - 1.69551446746996 ; 0.00026428594663356*i*r + 0.00665657121187792*r
3806,0.8053238489219157,B0*i - i*s ; B1 + B2*i**2*r - i,-i*s + 0.835644846885706*i ; -3.44949672560651*i**2*r - i + 0.0272517285323163
3807,0.805246171107605,B0*i*s + 2*i**2*s ; B1 + i,2*i**2*s + 0.4739601452086*i*s ; i + 0.374452435762875
3808,0.8051914947054669,B0*i*s ; B1 + 3*i - r,0.000918109286221722*i*s ; 3*i - r + 0.00305979442128069
3809,0.8051860665207151,B0 + Abs(2*i - s)**(1/4) ; B2*sqrt(Abs(B1 + i - r)) - r,Abs(2*i - s)**(1/4) - 1.00062162991474 ; -r + 0.464152019703029*sqrt(Abs(i - r + 0.0458737273779936))
3810,0.8051121555894324,B0*i + B1*Abs(i)**(3/2) ; B2*i + 2*i**2 - 2*i*r,1.1293464301836*i - 1.91537534695199*Abs(i)**(3/2) ; 2*i**2 - 2*i*r + 0.639180999393311*i
3811,0.8050236346796977,B0*i**2*s**3 ; sqrt(Abs(B1*i**3 + B1*i**2*r)),8.59614398950283*i**2*s**3 ; sqrt(Abs(0.302994685701976*i**3 + 0.302994685701976*i**2*r))
3812,0.805010926112029,B0*sqrt(Abs(i)) + B1*i + B1*s ; B2*r + B3*r**2 + B4*i*r,0.0606964559912402*i + 0.0606964559912402*s - 0.0553899058072173*sqrt(Abs(i)) ; 0.000301236774917864*i*r + 58.0472472904947*r**2 + 9.1980354902884*r
3813,0.8048983948973549,B0*sqrt(Abs(i)) ; B1*sqrt(Abs(2*i**2 + i*r)),0.065000762022118*sqrt(Abs(i)) ; 0.0938030197931246*sqrt(Abs(2*i**2 + i*r))
3814,0.8048254426165113,B0 + B1*i**2*s + B2*i**2*s**2 ; r,1.37311659306946*i**2*s**2 - 0.289314302013568*i**2*s + 0.0131109423545041 ; r
3815,0.8047897805964022,B0 - i + 2*s ; B1 - i*r + i + r,-i + 2*s - 101.874349732013 ; -i*r + i + r + 7.28262093947536
3816,0.8047624164359358,B0 + sqrt(Abs(B1*sqrt(Abs(i)) + i)) ; B2*i**2 + i**3,sqrt(Abs(i - 0.406536359165236*sqrt(Abs(i)))) - 0.344048273885452 ; i**3 + 2.92410367720534*i**2
3817,0.8047488573845983,B0*Abs(s**2 - s)**(1/8) ; B1 + B2*i*r + B2*r**2,0.017400111803034*Abs(s**2 - s)**(1/8) ; 0.000186080615717744*i*r + 0.000186080615717744*r**2 + 0.00503676799497146
3818,0.8046917483772636,B1*i*sqrt(Abs(B0 + s**2)) ; r,0.0912946429016886*i*sqrt(Abs(s**2 - 0.532325561517605)) ; r
3819,0.8046192719227334,B0*sqrt(Abs(i)) ; sqrt(Abs(B1 + B2*i + B3*i*r)),0.00118754026668779*sqrt(Abs(i)) ; sqrt(Abs(372.7519286311*i*r + 9083.06566752804*i + 10898.2023942155))
3820,0.8046191931558703,B0*i ; B2*sqrt(Abs(B1 + r)) - i*sqrt(Abs(B1 + r)),0.000118753263789634*i ; -i*sqrt(Abs(r + 204.874633217047)) - 9.96914346673693*sqrt(Abs(r + 204.874633217047))
3821,0.8046007707906383,B0 + B1*i + B1*s ; B2*r + i*r - r*sqrt(Abs(i)),27.7279554679035*i + 27.7279554679035*s - 27.7161179677026 ; i*r - r*sqrt(Abs(i)) + 39.5330234893659*r
3822,0.8046007667536641,B1*sqrt(Abs(B0 - s + sqrt(Abs(i)))) ; -i + sqrt(Abs(2*i - r**2 + r)),6.82373804525818e-6*sqrt(Abs(-s + sqrt(Abs(i)) + 3007940.88654081)) ; -i + sqrt(Abs(2*i - r**2 + r))
3823,0.8045641150433176,B0*i - s**2*Abs(i)**(3/2) ; r,0.296072072943594*i - s**2*Abs(i)**(3/2) ; r
3824,0.8045068501371236,-i**2 + i*sqrt(Abs(B0 + i**2 + i)) ; i,-i**2 + i*sqrt(Abs(i**2 + i + 0.967937229122026)) ; i
3825,0.8044603676944471,B0*i ; -i + r*sqrt(Abs(B1*i - i**2)),0.000119182601849694*i ; -i + r*sqrt(Abs(i**2 + 1019.59103203989*i))
3826,0.8043787384699499,i**2*s**2 - i ; i - sqrt(Abs(B0 + r)),i**2*s**2 - i ; i - sqrt(Abs(r + 2.75092051521999))
3827,0.8043356160919515,B0*sqrt(Abs(i)) ; B1*r + B2*r*sqrt(Abs(i)),0.0125969407665117*sqrt(Abs(i)) ; 0.472535989426719*r*sqrt(Abs(i)) + 0.124483633091545*r
3828,0.8043356158095136,B0*sqrt(Abs(i)) ; sqrt(Abs(B1*r + B2*i*r)),0.0125996614648457*sqrt(Abs(i)) ; sqrt(Abs(0.00168608729116486*i*r + 0.00275391956960066*r))
3829,0.8043356153515647,B0*sqrt(Abs(i)) ; r*sqrt(Abs(i**2 - i*r)),0.0125948623953486*sqrt(Abs(i)) ; r*sqrt(Abs(i**2 - i*r))
3830,0.804182539368375,B0*i - i*Abs(s)**(3/2) ; r,-i*Abs(s)**(3/2) - 0.00698191538003711*i ; r
3831,0.8041642059905008,B0*s*sqrt(Abs(i)) + s*Abs(i)**(3/2) ; B1 + 2*i*r**3,s*Abs(i)**(3/2) + 0.224293916522455*s*sqrt(Abs(i)) ; 2*i*r**3 + 0.0435040047151996
3832,0.804102458239181,B0 + B1*i + B1*sqrt(Abs(i - s)) ; B2*i**2*r + B2*i + B3*i*r**2,-0.0490750649005305*i - 0.0490750649005305*sqrt(Abs(i - s)) + 0.080982243223167 ; 0.000531084556223012*i**2*r + 0.517410646539861*i*r**2 + 0.000531084556223012*i
3833,0.8040331808049626,B1*i*sqrt(Abs(B0*sqrt(Abs(i)) + i)) ; i,0.283212721832169*i*sqrt(Abs(i + 69.9119850093231*sqrt(Abs(i)))) ; i
3834,0.8039418880553936,B0*s*sqrt(Abs(i)) + s**2*sqrt(Abs(i)) ; B1 + i - r,s**2*sqrt(Abs(i)) - 0.628649552297929*s*sqrt(Abs(i)) ; i - r + 0.0987649948442483
3835,0.8039069847023634,B0 + 2*sqrt(Abs(i)) ; B1*sqrt(Abs(r)),2*sqrt(Abs(i)) - 0.691865236412152 ; 7.25677526316083*sqrt(Abs(r))
3836,0.8038900374970045,B1*sqrt(Abs(B0*i + i*Abs(s)**(1/4))) ; r,0.0711643717497353*sqrt(Abs(i*Abs(s)**(1/4) - 0.81692711663813*i)) ; r
3837,0.8038876113813102,B0*Abs(i**2 - i*s)**(1/4) ; B1*Abs(i)**(1/4)*Abs(r)**(9/4),0.0168260280413836*Abs(i**2 - i*s)**(1/4) ; 0.30788633508456*Abs(i)**(1/4)*Abs(r)**(9/4)
3838,0.8033823657574756,B0*sqrt(Abs(i*s + i)) ; B1 - i*r**2 + i*r + r,0.00151418891532115*sqrt(Abs(i*s + i)) ; -i*r**2 + i*r + r - 9.10916577552964
3839,0.8033791390583891,B0 + i**2 + 2*i*s ; 2*i,i**2 + 2*i*s + 0.00584164789627622 ; 2*i
3840,0.8033200008388476,B0*i ; 2*i**2 + i + r,-9.72555747395594e-5*i ; 2*i**2 + i + r
3841,0.8031215533425844,B0*i + i**2 + i*s ; B1*i**2*r + B1*i + B2*i**3,i**2 + i*s - 0.58716126511503*i ; -1.14140314199529*i**3 + 0.174552593471734*i**2*r + 0.174552593471734*i
3842,0.8029665749385795,B0 + B1*i*s + i**2*s - i*s**2 ; B2 + B3*i - r,i**2*s - i*s**2 + 0.584744685145352*i*s + 0.0131255050876713 ; 1.76303192024381*i - r + 0.0161915854162886
3843,0.8028603849359457,B0*s + i + s**2 ; B1*sqrt(Abs(r)),i + s**2 - 1.00102195652301*s ; 37.5542119270584*sqrt(Abs(r))
3844,0.8028147915437697,s*sqrt(Abs(B0 + s)) ; B1*r + i*r - 2*r**2,s*sqrt(Abs(s - 7.24043228811271)) ; i*r - 2*r**2 + 22.1336013696069*r
3845,0.8027673828904313,B0*i ; B1*r - i*r + i + r**2,0.487398241193191*i ; -i*r + i + r**2 - 0.225899589638359*r
3846,0.8027065754037834,Abs(i)**(3/4)*Abs(s)**(5/4) ; B0*i + i*r + i*sqrt(Abs(r)),Abs(i)**(3/4)*Abs(s)**(5/4) ; i*r + i*sqrt(Abs(r)) + 2.76584884205373*i
3847,0.8023694801692268,B2*Abs(B0*s + B1*i)**(1/4) ; B4*r*sqrt(Abs(B3 + 2*r)) + i*r,0.00884826683255688*Abs(0.485815729486241*i - 30.6861867789481*s)**(1/4) ; i*r + 0.000261531442595938*r*sqrt(Abs(2*r + 0.0244665384315292))
3848,0.8023652937457829,B0*Abs(s)**(1/4) ; B1 + B2*i + B2*r + B3*i*r,0.0209318866948078*Abs(s)**(1/4) ; 52.1547050218021*i*r + 0.000232081699158307*i + 0.000232081699158307*r + 2.11170751744382
3849,0.802001748545324,B0*s ; B1 + B2*i*r + B2*i + B3*r**2,0.0460659092793285*s ; 0.000147274857610464*i*r + 0.000147274857610464*i + 0.156685105585287*r**2 + 63.4007862819917
3850,0.8020017475387266,B0*s ; B1 + B2*i**2 + B2*i + B3*i*r,0.0460524304012503*s ; 0.484844944655623*i**2 + 0.018915862679596*i*r + 0.484844944655623*i + 23.6239477603101
3851,0.8019576697106596,B1*sqrt(Abs(B0 - sqrt(Abs(i)))) ; B2*r + B3*i*r + B3*r**2 + i,0.0514571072381217*sqrt(Abs(sqrt(Abs(i)) - 0.790682647439128)) ; -0.143459637074883*i*r + i - 0.143459637074883*r**2 - 1.22909342588842*r
3852,0.8018456432995684,B0*s - i*s ; B1 - r + sqrt(Abs(r + sqrt(Abs(r)))),-i*s + 0.101425469342112*s ; -r + sqrt(Abs(r + sqrt(Abs(r)))) - 0.546517659140502
3853,0.8018011078597277,B0*i + B1*s ; B2 + B3*r + 3*r**2,-0.000197356257992169*i + 0.048889520810469*s ; 3*r**2 - 1.564361271333*r + 0.250486527899439
3854,0.8017445786934846,B0*sqrt(Abs(s)) ; 3*i*sqrt(Abs(r)) - r,0.0334033004070997*sqrt(Abs(s)) ; 3*i*sqrt(Abs(r)) - r
3855,0.8015612718222209,i**3 + i**2*s + i*s ; B0 + i,i**3 + i**2*s + i*s ; i - 0.0082331488018083
3856,0.8014767705924024,B0*i**2*s + B0*i*s**2 + B0*s ; r,0.0414358457477373*i**2*s + 0.0414358457477373*i*s**2 + 0.0414358457477373*s ; r
3857,0.8014742971661044,B0 + B2*sqrt(Abs(B1*i*s - i)) ; -3*i + r**2,0.0018088846412809*sqrt(Abs(1.21370427228732e-5*i*s - i)) + 0.00460709165807188 ; -3*i + r**2
3858,0.8013101874212085,B0*i*sqrt(Abs(s**2 - s)) ; B1*i,0.92569941553435*i*sqrt(Abs(s**2 - s)) ; 0.304923905168082*i
3859,0.8012081619003899,B2*Abs(B0 + B1*i + i**2)**(1/4) ; i,0.0636609646865011*Abs(i**2 + 1.2824938570877*i - 0.0172345407304255)**(1/4) ; i
3860,0.801132621815015,B0*Abs(i)**(1/8)*Abs(s)**(3/8) ; i + r*sqrt(Abs(i)) + Abs(i)**(3/2),0.00252389261963202*Abs(i)**(1/8)*Abs(s)**(3/8) ; i + r*sqrt(Abs(i)) + Abs(i)**(3/2)
3861,0.8009345368263282,B0*s + B1*i*s - i*s**2 - s**2 ; B2 + B3*r,-i*s**2 - 2.13596516466943*i*s - s**2 + 0.747185371832838*s ; 0.0371299531175946 - 0.00269502692748147*r
3862,0.8009268970623674,B0*i - i*s**2 + 2*i*s ; i,-i*s**2 + 2*i*s + 0.115196880443122*i ; i
3863,0.800800978525742,B0 + B1*i ; B2*i + B2*r**3 + B3*i*r**2,0.0406678683874512 - 0.00139894241249541*i ; -0.10063276676361*i*r**2 - 0.104411643165035*i - 0.104411643165035*r**3
3864,0.8007620565755614,B0 + 2*s + Abs(i)**(1/4) ; B1*sqrt(Abs(r)) + B2*r,2*s + Abs(i)**(1/4) - 2.88077791581078 ; 0.000204343553790457*r + 0.0393386158070171*sqrt(Abs(r))
3865,0.8006705115399431,s*sqrt(Abs(B0 - 2*s)) ; i + r + sqrt(Abs(i))*Abs(r)**(3/2),s*sqrt(Abs(2*s - 7.7364592583878)) ; i + r + sqrt(Abs(i))*Abs(r)**(3/2)
3866,0.8006666661795214,B0 + B1*s**2 + B2*i*s ; -i + sqrt(Abs(i)),-0.000872375555948039*i*s + 0.137474384737219*s**2 - 0.0387878452989848 ; -i + sqrt(Abs(i))
3867,0.8004680610573048,B0*i - i**2 - i*s ; B1*i + i**2,-i**2 - i*s + 2.39200556623741*i ; i**2 + 1.70512245152645*i
3868,0.8003109937763553,B0*i + sqrt(Abs(i - s)) ; B1*r + B2*r**2,-2.36866318306123*i + sqrt(Abs(i - s)) ; 11.8823672307094*r**2 + 57.2562242847687*r
3869,0.8002665093993243,B0*Abs(i)**(3/2) ; -i + r**2 + r + Abs(r)**(3/2),0.00384783069409071*Abs(i)**(3/2) ; -i + r**2 + r + Abs(r)**(3/2)
3870,0.8001321782835041,s - Abs(s)**(3/2) ; B0 - i,s - Abs(s)**(3/2) ; 1.35349916992048 - i
3871,0.7999533428570414,B0*i**2 + B0*i*s ; B1*r + B2*i*r,0.0262125785678529*i**2 + 0.0262125785678529*i*s ; 0.0823158761586088*i*r + 0.0158619797303628*r
3872,0.7999533428499577,B0*i ; B1*r - r*sqrt(Abs(i + r)),0.0262125243612047*i ; -r*sqrt(Abs(i + r)) + 6.4482131556544*r
3873,0.7999533394306758,B0*i ; sqrt(Abs(B1*r**2 + B2*r)),0.0262339860420849*i ; sqrt(Abs(0.00185678870691975*r**2 + 0.000270312996644521*r))
3874,0.7999531689535103,B0*i ; -r**2 + sqrt(Abs(i))*Abs(r)**(3/2),0.0263303588083454*i ; -r**2 + sqrt(Abs(i))*Abs(r)**(3/2)
3875,0.7999530811756329,B0*i**2 + B0*i*s ; i*r,0.0260775891465079*i**2 + 0.0260775891465079*i*s ; i*r
3876,0.799953060840424,B0*i ; i*r - Abs(r)**(9/8),0.0263610476924677*i ; i*r - Abs(r)**(9/8)
3877,0.7998876499848012,B0 + B1*i + B1*Abs(i)**(1/4) ; B2*i**3 + B3*i**2*r + B3*r,-0.00398485401880393*i - 0.00398485401880393*Abs(i)**(1/4) + 0.0451250896360591 ; -0.356191138265514*i**3 - 0.393377219773482*i**2*r - 0.393377219773482*r
3878,0.799754421935063,B0*i + B1*i**2*s - s ; B2 - i + 2*r,0.000105958179117823*i**2*s - 3.38698779467283e-5*i - s ; -i + 2*r + 292.073598366784
3879,0.7997329235271127,B0 + i + s*sqrt(Abs(i)) ; B1*i*sqrt(Abs(r)),i + s*sqrt(Abs(i)) - 0.207577395636646 ; 12.8438543777858*i*sqrt(Abs(r))
3880,0.7997001640038728,B0*s*sqrt(Abs(i)) + s**2*sqrt(Abs(i)) ; B1 - i**2*r,s**2*sqrt(Abs(i)) - 0.618344927392297*s*sqrt(Abs(i)) ; -i**2*r + 0.0463393754991479
3881,0.7994037800265773,B0*i + i**2 - i*s ; i,i**2 - i*s + 1.73063652006372*i ; i
3882,0.7993679828593826,B0 + B1*i + B1*s**2 + B2*i*s ; i,-2.27284542184509*i*s + 0.118897827567745*i + 0.118897827567745*s**2 + 0.0009814542591062 ; i
3883,0.7993448960565829,B0*Abs(i)**(3/2) + Abs(i)**(5/2) ; i,Abs(i)**(5/2) + 5.5931366469895*Abs(i)**(3/2) ; i
3884,0.7993096630430193,B0*Abs(i**2*s + i**2)**(1/4) ; 2*i - sqrt(Abs(B1 + r)),0.00282556928038708*Abs(i**2*s + i**2)**(1/4) ; 2*i - sqrt(Abs(r + 1552.47615331973))
3885,0.7992906767350332,B0*i - i*sqrt(Abs(i + s)) ; B1*sqrt(Abs(i + r)),-i*sqrt(Abs(i + s)) + 0.416440466307498*i ; 0.0132089445198925*sqrt(Abs(i + r))
3886,0.799246056185936,B0 + B1*i + B1*sqrt(Abs(s)) ; B2*r - i + 2*r**2,-0.0151183912208922*i - 0.0151183912208922*sqrt(Abs(s)) + 0.049713776995849 ; -i + 2*r**2 + 1.94310078066249*r
3887,0.79913877488887,B0*s*sqrt(Abs(i)) + s**2*sqrt(Abs(i)) ; B1*r + i,s**2*sqrt(Abs(i)) - 0.671948610445512*s*sqrt(Abs(i)) ; i + 0.246233081848298*r
3888,0.7990611774461032,Abs(i)**(9/8)*Abs(s)**(1/4) ; i,Abs(i)**(9/8)*Abs(s)**(1/4) ; i
3889,0.7990314138028323,B0*i - 2*i**2 + i*s ; i,-2*i**2 + i*s + 0.312661212580686*i ; i
3890,0.7990059690949083,B0*s + s**3 + s**2 ; B1*i*r + i*r**2,s**3 + s**2 - 1.95828701545055*s ; i*r**2 + 3.63509172476546*i*r
3891,0.7989709338125228,2*i**2 + Abs(i)**(3/2) ; B0*r + B0*sqrt(Abs(i)) + B1*i,2*i**2 + Abs(i)**(3/2) ; 2.75894437363875*i + 0.143795051034032*r + 0.143795051034032*sqrt(Abs(i))
3892,0.7988101482581895,B0*s + i*s**2 ; sqrt(Abs(r)),i*s**2 - 0.0144505228869345*s ; sqrt(Abs(r))
3893,0.798809884960295,B0*s + i*s**2 ; r,i*s**2 - 0.0144505090643111*s ; r
3894,0.7987880179056571,B0*Abs(i)**(3/2) - s*Abs(i)**(3/2) ; i,-s*Abs(i)**(3/2) + 6.53188921577687*Abs(i)**(3/2) ; i
3895,0.7987793361013207,B0*i - i*sqrt(Abs(B1 + i)) ; 3*i + r,-i*sqrt(Abs(i - 0.365975197950983)) + 0.587075960285976*i ; 3*i + r
3896,0.7987358734729137,B0*i*s + i*Abs(s)**(3/2) ; i*r**2 - i,-0.906154206161823*i*s + i*Abs(s)**(3/2) ; i*r**2 - i
3897,0.7986655868896982,i**2 - Abs(i)**(3/2) ; B0 + i*sqrt(Abs(r)) - i,i**2 - Abs(i)**(3/2) ; i*sqrt(Abs(r)) - i + 0.117344509504321
3898,0.7984180134181468,-i + s*sqrt(Abs(B0 + s)) ; B1*r**2 + i*r**2 + i*r,-i + s*sqrt(Abs(s - 3.54816416890959)) ; i*r**2 + i*r + 0.00154103509571325*r**2
3899,0.7981858185693029,B0*s - 2*i*s ; i - 2*r + Abs(r)**(3/4),-2*i*s + 0.122578971388783*s ; i - 2*r + Abs(r)**(3/4)
3900,0.7981646506076489,B0*s + s**2 ; B1*sqrt(Abs(i)) + B2*r + i,s**2 - 0.952351197713801*s ; i + 0.00133096209654736*r + 37.5354264807519*sqrt(Abs(i))
3901,0.7980119668255422,B0 + s**2 ; B1 + B3*sqrt(Abs(B2 + i)) + r,s**2 - 0.918168695142289 ; r + 0.0484499604352195*sqrt(Abs(i + 0.00454388959961327)) + 0.33321127097218
3902,0.7980118189614009,B0*s + Abs(s)**(9/4) ; B1 + 2*r + sqrt(Abs(r)),-0.947171718381896*s + Abs(s)**(9/4) ; 2*r + sqrt(Abs(r)) + 65.5291614700701
3903,0.7979808566539064,B0 + s - Abs(i)**(3/2) ; B1*i*r + B1*r**2,s - Abs(i)**(3/2) - 0.950774760938354 ; 84.3625144301259*i*r + 84.3625144301259*r**2
3904,0.7979761668447374,B0*s*sqrt(Abs(i)) + s**2*sqrt(Abs(i)) + s*Abs(i)**(3/2) ; 2*r,s**2*sqrt(Abs(i)) + s*Abs(i)**(3/2) - 0.882140593028855*s*sqrt(Abs(i)) ; 2*r
3905,0.7978971205966506,B0*i**2 + B0*i*s ; Abs(B1 + i + r)**(1/4),3.22333714468843e-6*i**2 + 3.22333714468843e-6*i*s ; Abs(i + r - 0.0494103774792367)**(1/4)
3906,0.7978856524208338,B0 + i**2 - i + 2*s ; sqrt(Abs(r)),i**2 - i + 2*s - 1.60113518311727 ; sqrt(Abs(r))
3907,0.7977084168700288,B0*i ; B1*i*r + B1*i + B1*r,-0.0188640772927392*i ; 2.43812258171553*i*r + 2.43812258171553*i + 2.43812258171553*r
3908,0.7976968329885701,B0*i**2 - i**3 ; i,-i**3 + 31.6694417636637*i**2 ; i
3909,0.797692698719353,B0*i + B1*i**2 + i**3 ; i,i**3 + 0.682740548164325*i**2 + 0.963751859250013*i ; i
3910,0.7976651397223363,B0*Abs(i*s - s**2 + s)**(1/4) ; i,0.0244451820715753*Abs(i*s - s**2 + s)**(1/4) ; i
3911,0.7976606797148431,B0*i**2 - i**2*s ; i,-i**2*s + 32.5746818609838*i**2 ; i
3912,0.7976192177078946,B0*i*s + i**3*s ; B1*r,i**3*s + 0.256790565114826*i*s ; 43.487276178094*r
3913,0.7973030537165846,B0*i**3 + B1*i**2*s ; B2*i*r + r,-9.23140908706842*i**3 + 4.45921953709727*i**2*s ; 0.00184739016261243*i*r + r
3914,0.7966703145316154,B0 + i**2 ; B1 + B2*i - i**2 + Abs(i)**(3/2),i**2 + 0.0117635151014775 ; -i**2 + 0.056450724801128*i + Abs(i)**(3/2) + 0.0107764049322111
3915,0.7966417942853781,B1*i*sqrt(Abs(B0 + s**2)) ; i**2*r + r*Abs(i)**(1/4),0.0913867272121687*i*sqrt(Abs(s**2 - 0.538076482856526)) ; i**2*r + r*Abs(i)**(1/4)
3916,0.796574607382986,B0 + i**2 ; B1 + B2*i + 2*i**2,i**2 + 0.0117214693284916 ; 2*i**2 + 0.406926609511056*i + 0.00737463089275637
3917,0.7965729844781065,B0*i + B0*sqrt(Abs(B1 - i)) ; B2 - i*r + r*sqrt(Abs(r + sqrt(Abs(i)))),-0.000133849793899363*i - 0.000133849793899363*sqrt(Abs(i - 26.7009022216798)) ; -i*r + r*sqrt(Abs(r + sqrt(Abs(i)))) + 156.268545049874
3918,0.7965583942272926,B2*Abs(B0 + B1*i - i*s)**(1/4) ; i,0.00597759610125865*Abs(i*s + 40.4348607156553*i + 14.847920603609)**(1/4) ; i
3919,0.7965547630827297,sqrt(Abs(B0 - sqrt(Abs(i + s)))) ; i*r**3 - i*r**2,sqrt(Abs(sqrt(Abs(i + s)) - 0.999859873592994)) ; i*r**3 - i*r**2
3920,0.7965547630827196,B0 + B1*i + B1*s ; 3*i*r + r,-0.0348942792593484*i - 0.0348942792593484*s + 0.046731779236391 ; 3*i*r + r
3921,0.7964284748698023,i*s**2 - s*Abs(i)**(3/2) ; i,i*s**2 - s*Abs(i)**(3/2) ; i
3922,0.796292259642847,B0*s*sqrt(Abs(i)) + B0*Abs(i)**(3/2) ; B1*sqrt(Abs(r)),0.0125996850594922*s*sqrt(Abs(i)) + 0.0125996850594922*Abs(i)**(3/2) ; 3.65756898351985*sqrt(Abs(r))
3923,0.7962922590907956,B0*s*sqrt(Abs(i)) + B0*Abs(i)**(3/2) ; r,0.012594673496207*s*sqrt(Abs(i)) + 0.012594673496207*Abs(i)**(3/2) ; r
3924,0.7962922585885642,B0*sqrt(Abs(i)) ; B1*r**2 + B2*i*r,0.0126016084010326*sqrt(Abs(i)) ; 0.0342292314165873*i*r + 16.7261533433708*r**2
3925,0.7962922390089591,B0*s*sqrt(Abs(i)) + B0*Abs(i)**(3/2) ; B1*r + r*sqrt(Abs(i)),0.0126126232417925*s*sqrt(Abs(i)) + 0.0126126232417925*Abs(i)**(3/2) ; r*sqrt(Abs(i)) + 0.220682604661821*r
3926,0.7962421728326937,-i*s + i*sqrt(Abs(B0 + B1*i)) ; B2*i**2,-i*s + i*sqrt(Abs(103.753854560986*i - 4.47395291588892)) ; 5.63723447731577*i**2
3927,0.796112541299319,B0 + B3*sqrt(Abs(B1 + B2*s)) ; B4*r + B5*i*r + B5*Abs(r)**(3/2) + B6*r**2,0.103092878431451 - 4.41963579283831*sqrt(Abs(0.000932771966762344*s - 0.000519313188521494)) ; 0.0157344766468058*i*r + 0.000145429225615547*r**2 + 0.000381092261811156*r + 0.0157344766468058*Abs(r)**(3/2)
3928,0.7960644547406162,B0*s*sqrt(Abs(i)) + s**2*sqrt(Abs(i)) ; -r + sqrt(Abs(B1 + i)),s**2*sqrt(Abs(i)) - 0.484296055013913*s*sqrt(Abs(i)) ; -r + sqrt(Abs(i - 0.00291444998743374))
3929,0.7959465697374594,B0*Abs(i)**(3/2) + s*Abs(i)**(3/2) ; -i*r + i,s*Abs(i)**(3/2) + 4.37217281046006*Abs(i)**(3/2) ; -i*r + i
3930,0.7959278455069877,B0 + B1*s + s**2 + sqrt(Abs(s)) ; i + sqrt(Abs(B2 + i + r)),s**2 - 2.02334919908127*s + sqrt(Abs(s)) + 0.0910204138994324 ; i + sqrt(Abs(i + r + 0.0506098437868459))
3931,0.7956745237827241,B0*i*s + B1*i**2*s + B1*i*s**2 ; r,23.5811674642631*i**2*s + 23.5811674642631*i*s**2 - 23.2811280658444*i*s ; r
3932,0.7956745237827241,B0*i*s + B1*i**2*s + B1*i*s**2 ; B2*r + B3*r**2,1102.14346517868*i**2*s + 1102.14346517868*i*s**2 - 1101.84342576444*i*s ; 0.0126421428234045*r**2 + 0.000116879860881008*r
3933,0.7955423089281823,B0*i + B1*i*s + s ; i,-0.0988405119069008*i*s - 1.29319657037344*i + s ; i
3934,0.795440734203964,B0*s - i**2*s + i*s**2 ; i,-i**2*s + i*s**2 + 0.0155791595357001*s ; i
3935,0.795420626719032,B0*s*sqrt(Abs(i)) + sqrt(Abs(i))*Abs(s)**(3/2) ; B2*sqrt(Abs(B1*sqrt(Abs(r)) + r)),-0.841746533855464*s*sqrt(Abs(i)) + sqrt(Abs(i))*Abs(s)**(3/2) ; 0.0027326487123708*sqrt(Abs(r + 0.0175100497810851*sqrt(Abs(r))))
3936,0.7954205890634979,B0*s*sqrt(Abs(i)) + sqrt(Abs(i))*Abs(s)**(3/2) ; r,-0.841554924456776*s*sqrt(Abs(i)) + sqrt(Abs(i))*Abs(s)**(3/2) ; r
3937,0.7949156406230706,B0*i*s**2 + i*Abs(s)**(3/2) ; i,0.252390832653326*i*s**2 + i*Abs(s)**(3/2) ; i
3938,0.794826928498079,B0*i + i**3 - i**2*s ; i,i**3 - i**2*s + 0.98445381743413*i ; i
3939,0.794773265729936,B0 + B1*i + i**2 - i*s ; B2*i + i*r,i**2 - i*s + 1.44634767294556*i + 0.00736575234209631 ; i*r + 3.17384410778287*i
3940,0.7944552224273327,B0*i*s + B0*i + B0*s**2 + B1*s ; B2*Abs(r)**(1/4),0.005498512129283*i*s + 0.005498512129283*i + 0.005498512129283*s**2 + 0.0420749710972679*s ; 5.7867808588467*Abs(r)**(1/4)
3941,0.7944552222853819,B0 + B1*s ; B2 + B3*i - i**2 + 2*i*r,2.72260632857247*s + 0.356028871411538 ; -i**2 + 2*i*r + 0.267642436179252*i + 0.0209816551231814
3942,0.7944551053631627,B0 + B1*i + B2*s ; Abs(r)**(1/32),-1.16858933140809*i + 1.55408418060901*s + 1.52771300112936 ; Abs(r)**(1/32)
3943,0.7944549395306973,B0*i**2 + B0*i*s + B0*i + B1*s ; r,0.00278117879356175*i**2 + 0.00278117879356175*i*s + 0.00278117879356175*i + 0.0474942922915846*s ; r
3944,0.7943393014318465,B1*Abs(B0 - s)**(1/4) ; 2*i**2*r - i**2,0.0209379537860958*Abs(s - 0.00014553922266778)**(1/4) ; 2*i**2*r - i**2
3945,0.7939817313587701,B0*s ; B1 - i**3 - i**2*r + i**2,0.0460610348287534*s ; -i**3 - i**2*r + i**2 + 0.130298990009951
3946,0.7939112466002862,B0*s*sqrt(Abs(i)) + s**2*sqrt(Abs(i)) ; B1*i,s**2*sqrt(Abs(i)) - 0.547147836805873*s*sqrt(Abs(i)) ; 3.45596602865078*i
3947,0.7937324660468988,B0*sqrt(Abs(s)) ; B1*i*r + i*r**2 - r*Abs(i)**(3/2),0.033413645992917*sqrt(Abs(s)) ; i*r**2 + 36.4403620027924*i*r - r*Abs(i)**(3/2)
3948,0.7937284040209313,B0*sqrt(Abs(s)) ; B1*r**2 + i**2*r**3 - i,0.0334135144018016*sqrt(Abs(s)) ; i**2*r**3 - i + 20.8999529761566*r**2
3949,0.7937275020610906,B0*sqrt(Abs(s)) ; B1*i + i**2 + 2*i*r - r,0.0334032210303926*sqrt(Abs(s)) ; i**2 + 2*i*r + 0.000437095092515311*i - r
3950,0.7937263440919125,B0*sqrt(Abs(s)) ; 3*i*r + r**2 - r,0.0334037707017329*sqrt(Abs(s)) ; 3*i*r + r**2 - r
3951,0.7933892803958119,B0*i + B1*i**2 ; sqrt(Abs(B2*i + B3*i*r - i**2)),0.233075918896938*i**2 + 0.472524108945669*i ; sqrt(Abs(i**2 + 0.0136304547071679*i*r - 0.0180526299646704*i))
3952,0.7932733613734452,B0 + s + sqrt(Abs(i))*Abs(s)**(3/2) ; B1 + i,s + sqrt(Abs(i))*Abs(s)**(3/2) - 1.14413060646996 ; i - 0.0587682397767647
3953,0.7932019120737434,B0*i*sqrt(Abs(i - s + sqrt(Abs(s)))) ; i,3.34389994465306*i*sqrt(Abs(i - s + sqrt(Abs(s)))) ; i
3954,0.7931611882119529,B0*s - i*s + s**2 ; i,-i*s + s**2 - 0.888616856373408*s ; i
3955,0.7931211206867196,B2*i*Abs(B0 + B1*i)**(1/4) ; r,0.12461041983337*i*Abs(0.0433830693473213*i - 0.00769505623849765)**(1/4) ; r
3956,0.7930766437696198,B0*i - 2*i**2 ; B1 - i + sqrt(Abs(r)),-2*i**2 + 0.291547874199145*i ; -i + sqrt(Abs(r)) - 0.130972554096293
3957,0.7929984246731239,B0 + s + sqrt(Abs(i)) ; B1*i*r + i**2*r + i*r**2,s + sqrt(Abs(i)) - 1.15876118643505 ; i**2*r + i*r**2 + 20.6718916198967*i*r
3958,0.7928627238592677,B1*sqrt(Abs(B0*i + i**2 - i*s)) ; i*r,0.0332787616579223*sqrt(Abs(-i**2 + i*s + 0.418925738399284*i)) ; i*r
3959,0.7925310673239774,2*i**3 + i**2*s ; B0*i,2*i**3 + i**2*s ; 2.9154523788319*i
3960,0.7924837502969816,2*i*s**2 ; 2*i,2*i*s**2 ; 2*i
3961,0.7924744441231094,i*sqrt(Abs(B0 + B1*i**2 + B2*i)) ; -i*r + i*sqrt(Abs(i + r)),i*sqrt(Abs(-0.180003163651081*i**2 + 0.779209353476708*i + 0.0409869615649801)) ; -i*r + i*sqrt(Abs(i + r))
3962,0.792414625009098,B0*s - i*s ; B1 - i - r + sqrt(Abs(i))*sqrt(Abs(r)),-i*s + 0.0233456253445384*s ; -i - r + sqrt(Abs(i))*sqrt(Abs(r)) + 0.052032331939945
3963,0.792213855513936,B0*i**2*s + i*s ; -i*r + r,-7.15620429937034*i**2*s + i*s ; -i*r + r
3964,0.7921681583057897,B0 - i + s + sqrt(Abs(B1 + sqrt(Abs(i)))) ; sqrt(Abs(r)),-i + s + sqrt(sqrt(Abs(i)) + 0.408914356636656) - 1.69874756216933 ; sqrt(Abs(r))
3965,0.7921077209065076,B0*i*sqrt(Abs(s)) ; B1*sqrt(Abs(r)) + B2*i*sqrt(Abs(r)),0.0285269830603937*i*sqrt(Abs(s)) ; 0.0135215698351667*i*sqrt(Abs(r)) + 0.00112954637382816*sqrt(Abs(r))
3966,0.7920571915342709,-i*s + i*sqrt(Abs(B0 + Abs(s)**(1/4))) ; i,-i*s + i*sqrt(Abs(s)**(1/4) + 2.07891302431067) ; i
3967,0.7919898636547291,B0*i*Abs(s)**(1/8) ; B1*r + B2*r**3,0.0267367276041112*i*Abs(s)**(1/8) ; 1.73940671847379*r**3 + 0.186485503048588*r
3968,0.7919538097290589,B0*i ; B1*r - i**3*r,0.0262165934858013*i ; -i**3*r + 3.54494754972113*r
3969,0.791953809170848,B0*i ; B1*r**2 + B2*i*r,0.0262238789820073*i ; 0.00297996603899337*i*r + 0.00545006290649644*r**2
3970,0.7919538087870915,B0*i ; B1*r**2 - i*r**2,0.0262089574910673*i ; -i*r**2 + 2.17036393851906*r**2
3971,0.7919538067569086,B0*i + i**2 + i*s ; sqrt(Abs(B1*r + r**2)),i**2 + i*s - 0.97379753945795*i ; sqrt(Abs(r**2 + 0.00148314329591073*r))
3972,0.7919538059854446,B0*i ; B1*r**2 + Abs(r)**(5/2),0.0262340998346238*i ; 0.000675672199424142*r**2 + Abs(r)**(5/2)
3973,0.7919538041812447,B0*i ; B1*r + B2*r**3,0.0261970058788184*i ; 0.170916590565129*r**3 + 0.0471708310124699*r
3974,0.7919535848596652,B0*i ; r*sqrt(Abs(-i + 2*r + sqrt(Abs(r)))),0.0260872608298451*i ; r*sqrt(Abs(-i + 2*r + sqrt(Abs(r))))
3975,0.7919266548850046,B0*Abs(i)**(1/4) + s*Abs(i)**(1/4) ; 2*r,s*Abs(i)**(1/4) - 0.915298421613139*Abs(i)**(1/4) ; 2*r
3976,0.7917537465368372,B0*Abs(i)**(3/2) + s*Abs(i)**(3/2) ; i + Abs(i)**(1/8),s*Abs(i)**(3/2) - 0.910705846069159*Abs(i)**(3/2) ; i + Abs(i)**(1/8)
3977,0.7917310922503369,i ; B0*i - i**2 + i*r,i ; -i**2 + i*r + 3.64952734355471*i
3978,0.7916764575520401,B0 + 2*i*s - i ; B1 + B2*sqrt(Abs(r)) - r,2*i*s - i - 0.849605098565955 ; -r + 0.957202621618089*sqrt(Abs(r)) - 1.90355422965204
3979,0.7916728171598404,B0*i**2*sqrt(Abs(s)) + i**2 ; i,31.6798152000491*i**2*sqrt(Abs(s)) + i**2 ; i
3980,0.7916611642755486,i ; B0*i + B1*r + B2*r**2,i ; 2.29883069191964e-5*i - 18.8642421935665*r**2 - 1891.37349260669*r
3981,0.7916384131439391,B0*s + s*sqrt(Abs(B1 + s)) ; i*r - r**2 + Abs(r)**(3/2),s*sqrt(Abs(s - 0.92118072820808)) - 0.192760587073251*s ; i*r - r**2 + Abs(r)**(3/2)
3982,0.7916074496142634,B0*i + i*sqrt(Abs(B1 + sqrt(Abs(s)))) ; B2*sqrt(Abs(r)),i*sqrt(Abs(sqrt(Abs(s)) - 24.2589303550602)) - 7.5873941829739*i ; 35.340962461699*sqrt(Abs(r))
3983,0.7915232989201512,B0*s**2 + Abs(s)**(9/4) ; B1 - i,-0.937299210068041*s**2 + Abs(s)**(9/4) ; 37.6732583902474 - i
3984,0.7914831765592647,-i*s + i*sqrt(Abs(B0 + i*s)) ; B1*i,-i*s + i*sqrt(Abs(i*s + 3.03501478947392)) ; 1.00200063345357*i
3985,0.7914540446543502,B0 + sqrt(Abs(s)) ; B1*i*r + i*r**2,sqrt(Abs(s)) - 0.95882242881351 ; i*r**2 + 0.00598761336143161*i*r
3986,0.7911412962249795,s*sqrt(Abs(B0*i*s + i*s**2)) ; B1 + B2*r - i,s*sqrt(Abs(i*s**2 - 0.782300187882966*i*s)) ; -i - 2.08150888030161*r + 0.521248704461699
3987,0.7911192035772285,B0*i*s + i**3 ; r,i**3 + 0.0163285280568256*i*s ; r
3988,0.7908012481776143,B0*s*sqrt(Abs(i)) + s**2*sqrt(Abs(i)) ; i - r*sqrt(Abs(i)),s**2*sqrt(Abs(i)) - 0.743521019044164*s*sqrt(Abs(i)) ; i - r*sqrt(Abs(i))
3989,0.790764113466417,B0*i**2*s + i**2 ; B1*r + i,23.1410390248669*i**2*s + i**2 ; i - 0.0729692399263684*r
3990,0.7904883556169648,B0 + B1*i + i**2 - i*s**2 ; 2*i,i**2 - i*s**2 + 0.00350924081093343*i + 0.00796147215290839 ; 2*i
3991,0.7904594075201344,s*sqrt(Abs(i**2 - i*sqrt(Abs(s)))) ; B0 + B1*r + i,s*sqrt(Abs(i**2 - i*sqrt(Abs(s)))) ; i - 0.265395866461288*r + 0.144205380234139
3992,0.79040681252799,B0*i**2 + i**2*s ; r,i**2*s - 0.621463188698523*i**2 ; r
3993,0.7903514551961208,B0*i*s + s*Abs(i)**(3/2) ; B1 + B2*sqrt(Abs(i))*sqrt(Abs(r)),0.03231787064707*i*s + s*Abs(i)**(3/2) ; 0.0801678325388541*sqrt(Abs(i))*sqrt(Abs(r)) + 0.000359126930505003
3994,0.7903348731740261,B0*i**2*s ; B1*r - i*r + r**2,0.328423815657724*i**2*s ; -i*r + r**2 + 0.00470501838876562*r
3995,0.7902999035909086,B0*s - 2*i*s ; B1 - r,-2*i*s + 0.0132704894228033*s ; 0.0425454775570777 - r
3996,0.7902158365245461,B0*s**2 + s**3 ; r,s**3 - 0.951002035224776*s**2 ; r
3997,0.7902158365214929,B0*s**2 + s**3 ; i,s**3 - 0.951007106995535*s**2 ; i
3998,0.790198951742816,B0*Abs(s)**(3/2) - i*Abs(s)**(3/2) ; sqrt(Abs(r)),-i*Abs(s)**(3/2) + 0.0482834071921973*Abs(s)**(3/2) ; sqrt(Abs(r))
3999,0.7901892114750685,B0*Abs(i)**(3/2) + Abs(i)**(5/2) ; B1*r**2 + B2*i*r,Abs(i)**(5/2) + 0.0152579822633889*Abs(i)**(3/2) ; 0.000306112317410289*i*r + 0.000545532242825651*r**2
4000,0.7901891659074667,B0*Abs(i)**(3/2) + Abs(i)**(5/2) ; r**2,Abs(i)**(5/2) + 0.0151032576727155*Abs(i)**(3/2) ; r**2
4001,0.7901696988787976,B0*s**3 - s**2 ; B1*i + i**2 - i*r,1.04927232929853*s**3 - s**2 ; i**2 - i*r + 0.000462843725886589*i
4002,0.7901536249131821,B0 + s ; B1*i*r + i**2*r,s - 0.953589143573528 ; i**2*r + 2.23624320008417*i*r
4003,0.7901264829151396,B0*i**3 + i*s ; r,-275.318521166035*i**3 + i*s ; r
4004,0.7900896236297041,i**3 + Abs(i)**(5/2) ; B0*i + B1*i*r,i**3 + Abs(i)**(5/2) ; 3.51816491257025*i*r + 2.20921170664507e-5*i
4005,0.7900379502673096,B0*Abs(i)**(3/2) + Abs(i)**(5/2) ; i - sqrt(Abs(i)) + sqrt(Abs(r)),Abs(i)**(5/2) - 0.0368964526755276*Abs(i)**(3/2) ; i - sqrt(Abs(i)) + sqrt(Abs(r))
4006,0.790031905538177,i*sqrt(Abs(B0*i**2 - i*s)) ; i,i*sqrt(Abs(971.330525828998*i**2 + i*s)) ; i
4007,0.7900306467566292,B0*s - 2*i*s ; 2*r,-2*i*s + 0.083411316407499*s ; 2*r
4008,0.7900306467027755,B0*s - i*s + s**2 ; i*r,-i*s + s**2 - 0.916579622114507*s ; i*r
4009,0.7900306466481843,B0*s - i*s + s**2 ; r,-i*s + s**2 - 0.916574178192964*s ; r
4010,0.7900306459686363,B0*s - i*s + s**2 ; Abs(r)**(1/4),-i*s + s**2 - 0.916541465587952*s ; Abs(r)**(1/4)
4011,0.7900306442037714,B0*s + 2*s**2 ; B1 + r,2*s**2 - 1.9166901122225*s ; r + 0.877925664551409
4012,0.7900051976340782,B0*i + B1*i**2*s ; i + sqrt(2)*r*sqrt(Abs(i)),5.21411184265998*i**2*s - 0.180321627571688*i ; i + sqrt(2)*r*sqrt(Abs(i))
4013,0.7899708034995557,B0*i**3 ; -i*r**2 - i*r + r,5.49187240221748*i**3 ; -i*r**2 - i*r + r
4014,0.7899591535304349,i**2*sqrt(Abs(B0 + i)) + i**2 ; i,i**2*sqrt(Abs(i + 938.645280529241)) + i**2 ; i
4015,0.7899433876218347,B0*s - 2*s**2 ; B1 - 2*r,-2*s**2 + 4.78143796244625*s ; 47.3842742541124 - 2*r
4016,0.7898810621131824,B0*s + B1*i*s**2 + B2*i*s**3 ; r,-0.555672862615659*i*s**3 + 0.761544683185159*i*s**2 + 0.00439208431034063*s ; r
4017,0.7898051550389179,-i**2*s + 2*i**2 ; B0 + i,-i**2*s + 2*i**2 ; i + 0.0901632653217816
4018,0.7898009517113563,B0 + B1*i - i*s - s ; B2 + i,-i*s - 0.536160955950682*i - s - 0.109941622746217 ; i + 0.551246132650622
4019,0.7895410397721483,i ; B0 + B1*sqrt(Abs(i)) + B2*i,i ; 12.8963708880017*i + 62.6902874121981*sqrt(Abs(i)) + 2.62322106707007
4020,0.7893440712822491,B0*i + i*sqrt(Abs(s)) ; B1*r + B2*r**2 + i,i*sqrt(Abs(s)) - 0.756380115987895*i ; i + 2.54959297045747*r**2 + 0.661282111851271*r
4021,0.7891968490502682,B0 + B1*i + B1*s ; B2*i**2 + B3*r + B4*i*r,0.0001066105789069*i + 0.0001066105789069*s + 0.0184373607283584 ; -2.42810612669905*i**2 - 54.6316460198357*i*r + 7.16501401698526*r
4022,0.7890909048072607,i**2*s - i*s**2 ; i,i**2*s - i*s**2 ; i
4023,0.7890875624896154,-i*s + s*sqrt(Abs(B0 + s)) ; Abs(i)**(3/2)*sqrt(Abs(r)),-i*s + s*sqrt(Abs(s - 0.837536088191959)) ; Abs(i)**(3/2)*sqrt(Abs(r))
4024,0.7888188564798624,B0 + B1*s - s*Abs(i)**(1/4) ; r,-s*Abs(i)**(1/4) + 0.0508529512174331*s + 0.362664492575689 ; r
4025,0.7886080110969618,B0*i ; B1 + B2*i + B2*r**2 + B3*r,0.00011875392893006*i ; -530.175381665083*i - 530.175381665083*r**2 + 11.7121085717595*r - 136.098982151316
4026,0.7886072543902691,B0*Abs(i)**(9/8) ; B1 + B2*sqrt(Abs(r)) + B3*r + Abs(r)**(3/2),6.67821165006339e-5*Abs(i)**(9/8) ; 45.9363669766887*r + Abs(r)**(3/2) + 12.2160288576153*sqrt(Abs(r)) + 150.138549915023
4027,0.7886072502465322,B0*i ; -i - r + sqrt(Abs(B1 + i**2 + i*r)),-0.000118753178360328*i ; -i - r + sqrt(Abs(i**2 + i*r + 29656.9639545062))
4028,0.7885898523060121,B0*i ; sqrt(Abs(B1*r + i**2*r**2 + i)),-0.000118952665258176*i ; sqrt(Abs(i**2*r**2 + i + 517823.484495474*r))
4029,0.7884805599163147,B0*s - 3*i*s ; B1 + B2*sqrt(Abs(r)),-3*i*s + 0.0643267522838402*s ; 0.0119992832827781 - 0.145622106654585*sqrt(Abs(r))
4030,0.7884649265133891,B0*i**3 + B0*i**2*s ; B1 + r,-1.18138840977616e-8*i**3 - 1.18138840977616e-8*i**2*s ; r + 181.886274331494
4031,0.7884435426923705,B0*s + B1*i*s + i*s**2 + s**2 ; B2*i*r + 2*i**2*r,i*s**2 + 0.565990312674812*i*s + s**2 - 1.00796559275706*s ; 2*i**2*r + 3.08525851719447*i*r
4032,0.7883293372965854,B0*sqrt(Abs(i)) ; sqrt(Abs(B1*r - i*r + r**2)),0.0125967376510158*sqrt(Abs(i)) ; sqrt(Abs(-i*r + r**2 + 0.118884904469958*r))
4033,0.7882974890084146,B0 + B1*s + i*s - s**2 ; B2*i*sqrt(Abs(r)) - i*r + r,i*s - s**2 + 4.91775869732219*s - 3.49209151768455 ; -i*r + 0.823074059983284*i*sqrt(Abs(r)) + r
4034,0.7881812370935077,B0*i - i*s + Abs(i)**(3/2) ; sqrt(Abs(r)),-i*s - 0.102340786599107*i + Abs(i)**(3/2) ; sqrt(Abs(r))
4035,0.7881790538097735,B0*i - 2*i*s ; B1*r,-2*i*s - 0.0785300264525661*i ; 0.519602395274561*r
4036,0.788178946664282,B0*i - i**2 - i*s ; sqrt(Abs(r)),-i**2 - i*s + 0.00708692329491288*i ; sqrt(Abs(r))
4037,0.7881419093496697,-i*s + i*sqrt(Abs(i + sqrt(Abs(i)))) ; B0*r + r**2,-i*s + i*sqrt(Abs(i + sqrt(Abs(i)))) ; r**2 + 13.1023413952207*r
4038,0.7881256666158649,-i*s - s**2 + Abs(s)**(3/2) ; i**2,-i*s - s**2 + Abs(s)**(3/2) ; i**2
4039,0.7880946929653385,B0 + B1*s + i*s - s**2 ; B2*r + r**2,i*s - s**2 + 4.96309844262698*s - 3.55993703253632 ; r**2 + 0.000259283682984207*r
4040,0.7877110166757214,B0*s*sqrt(Abs(i)) + s**2*sqrt(Abs(i)) ; B1 + 2*i - r,s**2*sqrt(Abs(i)) - 0.490002332691801*s*sqrt(Abs(i)) ; 2*i - r + 0.0716403828631772
4041,0.7875290237936671,B0*i + i**2 ; B1*i**2*r + B1*i + B2*i**3,i**2 + 1.98177350404944*i ; -16.0161552174761*i**3 + 2.02464504450158*i**2*r + 2.02464504450158*i
4042,0.7875103334345935,B0*i - i**2 + 2*i*s ; B1 + B2*r,-i**2 + 2*i*s - 1.29237253487352*i ; 0.00959998722237334 - 0.0231121651050752*r
4043,0.7873229848467055,B0*Abs(i)**(3/2) ; 2*i*r + i + 2*r,0.0177572656631048*Abs(i)**(3/2) ; 2*i*r + i + 2*r
4044,0.7870549226652664,B0 + B1*i + B2*s - i*s ; r,-i*s + 0.398670666626378*i - 0.134392412603*s + 0.189825542096422 ; r
4045,0.7869891074599206,B0*s*sqrt(Abs(i)) + s**2*sqrt(Abs(i)) ; i,s**2*sqrt(Abs(i)) - 0.734061642393916*s*sqrt(Abs(i)) ; i
4046,0.7869263726165905,B0*s - i*s*sqrt(Abs(i - s)) ; r,-i*s*sqrt(Abs(i - s)) + 0.205723346772457*s ; r
4047,0.78685402355873,B0*Abs(i)**(1/4) ; B1*r**2 + B2*r**3,0.0117191109772427*Abs(i)**(1/4) ; 0.0287224711896903*r**3 + 0.000144901917841338*r**2
4048,0.7865551803753404,B0*s**2 + B1*s**3 + i*s ; r,i*s + 1.42310926777743*s**3 - 1.34671170809524*s**2 ; r
4049,0.7863920393110553,B0*i + B1*i**2 + B2*i*s - i**2*s ; i,-i**2*s + 1.65868030683297*i**2 + 0.349247227622498*i*s + 0.778598588026224*i ; i
4050,0.7861158020455581,B0*i*s + B1*i**2*s + B1*i*s**2 ; B2 + B3*r - i,2.76807393725944e-6*i**2*s + 2.76807393725944e-6*i*s**2 + 0.000437153614811369*i*s ; -i + 1.17912291497884*r + 0.01448592234341
4051,0.7860866413918268,sqrt(Abs(B0 - sqrt(Abs(B1 + i)))) ; B2*sqrt(Abs(i)) + sqrt(Abs(r)),sqrt(Abs(sqrt(Abs(i - 2369.91020002843)) - 49.6982937774189)) ; 1646.3202139381*sqrt(Abs(i)) + sqrt(Abs(r))
4052,0.7860418564125949,B0*s ; sqrt(Abs(2*i*r**2 - r**3)),0.0460006763339536*s ; sqrt(Abs(2*i*r**2 - r**3))
4053,0.7859191932355734,B0*i - i**3 - i**2*sqrt(Abs(s)) ; r,-i**3 - i**2*sqrt(Abs(s)) + 0.347456590654943*i ; r
4054,0.7857901755641306,B0*i*s + i**2 ; B1 - r + sqrt(Abs(-i + r + sqrt(Abs(r)))),i**2 - 0.431889308572225*i*s ; -r + sqrt(Abs(-i + r + sqrt(Abs(r)))) - 0.385764813807406
4055,0.7854800562783452,B0*s*sqrt(Abs(i)) + s**2*sqrt(Abs(i)) ; B1 + i + r,s**2*sqrt(Abs(i)) - 0.803998172013826*s*sqrt(Abs(i)) ; i + r - 0.0274310723271935
4056,0.7851086472188594,B0 + B1*i ; i*sqrt(Abs(B2*i + i**2*r + i**2)),0.0584662233799756 - 0.29910833313065*i ; i*sqrt(Abs(i**2*r + i**2 - 0.277220749898206*i))
4057,0.7848585433306754,B0*Abs(i**2 - i*s + i)**(1/4) ; i,0.0358232301478015*Abs(i**2 - i*s + i)**(1/4) ; i
4058,0.7848182988307623,B0 + B1*i + i**2 - i*s ; B2 + B3*sqrt(Abs(r)) - r,i**2 - i*s + 0.731341632632696*i + 0.000964605814478007 ; -r - 0.209546554655646*sqrt(Abs(r)) + 0.305760206916575
4059,0.784816855981018,s*sqrt(Abs(i)) ; B0 + B1*r,s*sqrt(Abs(i)) ; 0.169362072566175 - 0.182593939328097*r
4060,0.7845408523932969,B0*Abs(i)**(3/2) + i**2 ; i*sqrt(Abs(r))*Abs(i - r)**(1/4) + i,i**2 + 5.98458436695173*Abs(i)**(3/2) ; i*sqrt(Abs(r))*Abs(i - r)**(1/4) + i
4061,0.784490038711692,B0*i + i*Abs(B1 + s)**(1/8) ; B2 + i - 2*r + sqrt(Abs(r)),i*Abs(s + 6.68795365952971)**(1/8) - 1.28876607933702*i ; i - 2*r + sqrt(Abs(r)) + 13.5124520402699
4062,0.7844311421008388,B0*i + i**3 + i**2 ; B1*i - i*r,i**3 + i**2 + 1.41271836122141*i ; -i*r + 1.73883877413771*i
4063,0.7842247611195544,s*sqrt(Abs(B0 + B1*s + s**2)) ; B2*r + i*r**2,s*sqrt(Abs(s**2 - 1.51355415935245*s + 0.571753858334548)) ; i*r**2 + 0.000668752660898759*r
4064,0.7841907343665626,B0*i - i**2 ; i**2*r + 2*i*r**2,-i**2 + 0.364327229232745*i ; i**2*r + 2*i*r**2
4065,0.7841770138095832,B1*i*sqrt(Abs(B0*s + i*s)) ; r,0.00722456372602807*i*sqrt(Abs(i*s + 15.4322712418136*s)) ; r
4066,0.7840863383607742,B0*s + i*s**2 + s**2 ; r,i*s**2 + s**2 - 0.978986923988484*s ; r
4067,0.7840342623477773,B0*i ; i*sqrt(Abs(r))*Abs(B1 + r)**(1/8),0.0262438164112433*i ; i*sqrt(Abs(r))*Abs(r + 0.0851017001118088)**(1/8)
4068,0.7839977536841218,B0*i**3*s + B0*i ; r,0.0255786758839439*i**3*s + 0.0255786758839439*i ; r
4069,0.7838487184933368,i*sqrt(Abs(2*i*s + s**2)) ; i,i*sqrt(Abs(2*i*s + s**2)) ; i
4070,0.7838013212037361,B0*s + i*s + s**3 ; B1*i**2 + B2*i**3 + B3*i**2*r,i*s + s**3 - 0.911875596651059*s ; 0.156389277407712*i**3 - 2.18775518564273*i**2*r - 0.752459717638591*i**2
4071,0.7835919318815561,B0*Abs(s)**(1/8) - i*Abs(s)**(1/8) ; i,-i*Abs(s)**(1/8) + 0.027519356623596*Abs(s)**(1/8) ; i
4072,0.7832462419411016,B1*Abs(B0*i + B0*s)**(1/4) + s ; i,s - 2.53815229136577*Abs(0.0193864188220407*i + 0.0193864188220407*s)**(1/4) ; i
4073,0.7826144087103059,B0*s - i*s**2 - i*s - s**2 ; i*sqrt(Abs(B1 - i + r)),-i*s**2 - i*s - s**2 + 1.12964398763786*s ; i*sqrt(Abs(-i + r + 0.101949537106801))
4074,0.7825396699643595,B0 + B1*i + i**2 - i*s ; r,i**2 - i*s + 0.326134343519149*i + 0.0572796474328537 ; r
4075,0.7824558722097894,B0*sqrt(Abs(i)) ; -i**2*r + i**2 - i*r,0.0172027805117114*sqrt(Abs(i)) ; -i**2*r + i**2 - i*r
4076,0.7824415450195376,B0 + B1*sqrt(Abs(i)) + B2*s + s*sqrt(Abs(i)) ; i,s*sqrt(Abs(i)) - 0.0391148516775546*s - 0.672585005837415*sqrt(Abs(i)) + 0.0356050387499423 ; i
4077,0.7824154104555212,B0*i**2*s + B0*i**2 ; r,0.157191647730527*i**2*s + 0.157191647730527*i**2 ; r
4078,0.7822811748069869,-i*s + s*sqrt(Abs(B0 + i + s)) ; r,-i*s + s*sqrt(Abs(i + s - 1.0022675936358)) ; r
4079,0.7822811720157646,-i*s + s*sqrt(Abs(B0 + i + s)) ; B1*r,-i*s + s*sqrt(Abs(i + s - 1.00226218363586)) ; 0.0205996087092894*r
4080,0.7822520883287912,B0 + s ; B1*i + B2*i**2 + B2*r,s - 0.953574723550314 ; 1.58708131509479*i**2 + 14.7064375369641*i + 1.58708131509479*r
4081,0.7822520830282997,B0 + s ; B1*i**2 + i**2*sqrt(Abs(r)),s - 0.953673661681707 ; i**2*sqrt(Abs(r)) + 0.00623537246380187*i**2
4082,0.7820727203502654,B0 + sqrt(Abs(s**3 + s**2)) ; B1 + B2*Abs(r)**(1/4),sqrt(Abs(s**3 + s**2)) - 1.34379398152114 ; 0.000174665372990007*Abs(r)**(1/4) + 0.0148805996477776
4083,0.782031213016869,-i**2*s + i*s*sqrt(Abs(B0 + 2*i)) ; i,-i**2*s + i*s*sqrt(Abs(2*i + 1.51891519829578)) ; i
4084,0.78202399408839,B0 + B1*i + B2*s - i*s ; -i*sqrt(Abs(r)) + sqrt(Abs(r))*sqrt(Abs(B3 - i)),-i*s - 2.49478596597436*i - 0.505904441414736*s + 0.89400718181232 ; -i*sqrt(Abs(r)) + sqrt(Abs(r))*sqrt(Abs(i - 0.390789843239725))
4085,0.781910179759845,B0*s**2 + i*s**2 + s**2*sqrt(Abs(i)) ; B1 + i - r + sqrt(Abs(r)),i*s**2 + s**2*sqrt(Abs(i)) - 0.189072440138458*s**2 ; i - r + sqrt(Abs(r)) - 0.0827720779002837
4086,0.7818176933943676,i**2*sqrt(Abs(i*s - i + s)) ; i,i**2*sqrt(Abs(i*s - i + s)) ; i
4087,0.7818068062688809,B0*sqrt(Abs(i*s + s**2 - s)) ; r,38.31944211801*sqrt(Abs(i*s + s**2 - s)) ; r
4088,0.7817676569681083,i*sqrt(Abs(B0*s + B1*i*s)) ; i + sqrt(Abs(i))*sqrt(Abs(r)),i*sqrt(Abs(1.45732475485844e-7*i*s + 1.85919892383575e-8*s)) ; i + sqrt(Abs(i))*sqrt(Abs(r))
4089,0.7814407648009952,B0*s + s**2 - s*sqrt(Abs(i)) ; B1 + i - r,s**2 - s*sqrt(Abs(i)) - 0.531616050894206*s ; i - r - 0.0456490299534021
4090,0.7812301397950929,B0 + Abs(i)**(9/4) ; B1*i*sqrt(Abs(r)) + i*Abs(r)**(3/2),Abs(i)**(9/4) - 0.000300101423860742 ; i*Abs(r)**(3/2) + 0.000565198220762102*i*sqrt(Abs(r))
4091,0.7811549293496728,B0*s + s**2 - s*sqrt(Abs(i)) ; B1 + B2*i + B3*r,s**2 - s*sqrt(Abs(i)) - 0.802930920795988*s ; 2.47702063037291*i + 0.272567354702449*r + 0.0610410275514027
4092,0.7810218884154638,s*Abs(B0 + s**2)**(1/4) ; B1*r + B2*i*r + 2*i**2*r,s*Abs(s**2 + 51.9805869659254)**(1/4) ; 2*i**2*r + 42.2802979311412*i*r + 0.167254552873161*r
4093,0.7807196955747391,B0*Abs(i)**(1/4) ; B1*i + B2*r + B3*i*r**2,0.00375867087437888*Abs(i)**(1/4) ; 129.411938853394*i*r**2 + 201.487292999925*i + 33.6501917952431*r
4094,0.7807194950369671,sqrt(Abs(B0 - sqrt(Abs(B1 + s)))) ; -i + r,sqrt(Abs(sqrt(Abs(s - 25445.8348519231)) - 159.519016976114)) ; -i + r
4095,0.7807033232856623,B0*i + B0*s ; B1*r**2 + B1*r + B2*r*sqrt(Abs(i)),0.0118372295543294*i + 0.0118372295543294*s ; 24.3185873049111*r**2 + 46.7203376105834*r*sqrt(Abs(i)) + 24.3185873049111*r
4096,0.7807033216250769,B0*i + B0*s ; B1*r + i*r + 2*r**2,0.0118407317349528*i + 0.0118407317349528*s ; i*r + 2*r**2 + 0.000364265210185856*r
4097,0.7806786289062254,B0*i + B0*sqrt(Abs(s)) ; B1*i*r + i**2*r - i**2,0.000119118632848552*i + 0.000119118632848552*sqrt(Abs(s)) ; i**2*r - i**2 + 985.591655590409*i*r
4098,0.780619159387558,B0*i**3 + B0*i**2*sqrt(Abs(s)) ; B1 + r,-1.19591330257427e-8*i**3 - 1.19591330257427e-8*i**2*sqrt(Abs(s)) ; r + 179.096254594818
4099,0.7803466228688453,B0*i + i**2 - i*sqrt(Abs(s)) ; i*sqrt(Abs(B1 + r)) + r*sqrt(Abs(B1 + r)),i**2 - i*sqrt(Abs(s)) - 0.0140969687063814*i ; i*sqrt(Abs(r + 6.86495677578604e-5)) + r*sqrt(Abs(r + 6.86495677578604e-5))
4100,0.7802978484626953,B1*i*sqrt(Abs(B0 + i)) - i*s ; r,-i*s + 0.368902316113444*i*sqrt(Abs(i - 0.0026162789825191)) ; r
4101,0.7802975160979589,B0*i*sqrt(Abs(s)) - i*Abs(s)**(3/2) ; B1*i*r + r**2,-i*Abs(s)**(3/2) - 0.00410376140125546*i*sqrt(Abs(s)) ; 0.000293106010943515*i*r + r**2
4102,0.7802975154718241,B0*i - i*Abs(s)**(3/2) ; B1*sqrt(Abs(i))*Abs(r)**(3/2) + r**2,-i*Abs(s)**(3/2) - 0.00320001244077708*i ; r**2 + 0.0927130006762003*sqrt(Abs(i))*Abs(r)**(3/2)
4103,0.7802975118768929,B0*i + i**2 - i*sqrt(Abs(s)) ; r,i**2 - i*sqrt(Abs(s)) - 0.00711265132576122*i ; r
4104,0.7801481874181818,-s**2 + s*sqrt(Abs(2*i - s)) ; B0*i*r,-s**2 + s*sqrt(Abs(2*i - s)) ; 9.80360196917295*i*r
4105,0.7801372358494469,B0*i*s + B1*i**2*s**2 + B1*i*s**2 ; B2 - i,-2.47381550558949e-5*i**2*s**2 - 2.47381550558949e-5*i*s**2 - 0.00243222080799973*i*s ; 31.9956197160226 - i
4106,0.7800748564219903,B0 + B1*i - i**2 + 2*i*s ; 2*i,-i**2 + 2*i*s - 0.634383612606149*i + 0.0136111897931691 ; 2*i
4107,0.7800374262376479,B0*i + B0*sqrt(Abs(i))*sqrt(Abs(s)) + s ; B1*i**2 + B1*i + B1*r,-1.12224653848901*i + s - 1.12224653848901*sqrt(Abs(i))*sqrt(Abs(s)) ; 0.0296838661128201*i**2 + 0.0296838661128201*i + 0.0296838661128201*r
4108,0.7799781673186383,B0 + s + sqrt(Abs(B1*i**2 + i*s)) ; B2*i*sqrt(Abs(r)),s + sqrt(Abs(0.506186555296041*i**2 - i*s)) - 1.13633557467753 ; 0.00552720872420687*i*sqrt(Abs(r))
4109,0.7799441195127063,B0*i + i**2 + i*sqrt(Abs(s)) ; 2*i + r,i**2 + i*sqrt(Abs(s)) - 0.571042935631474*i ; 2*i + r
4110,0.7799318303604109,-i**2 + i*sqrt(Abs(B0 + 2*i)) ; B1*i*r**3 + i*r,-i**2 + i*sqrt(Abs(2*i - 0.312694100810499)) ; 0.00040172929959157*i*r**3 + i*r
4111,0.7799025133622112,s*sqrt(Abs(B0 + Abs(s)**(3/2))) ; B1*sqrt(Abs(i)) + i,s*sqrt(Abs(s)**(3/2) + 5.57738170149701) ; i + 55.3710384215063*sqrt(Abs(i))
4112,0.7799015296860873,s*sqrt(Abs(B0 + Abs(s)**(3/2))) ; i - Abs(i)**(3/4),s*sqrt(Abs(s)**(3/2) + 5.57737791431764) ; i - Abs(i)**(3/4)
4113,0.7795082522764901,B0 + 2*i**2 - i*s ; r**2 + r,2*i**2 - i*s + 0.0836974467478175 ; r**2 + r
4114,0.77941639869728,B0 + B1*i**2 - i ; B2*i*r + B3*i*r**2,3.92234751814335*i**2 - i + 0.064023148386471 ; 0.000941471214925194*i*r**2 + 0.000105113985475449*i*r
4115,0.7793355405547262,s*Abs(B0*sqrt(Abs(s)) + i)**(1/4) ; i,s*Abs(i + 48.973531714309*sqrt(Abs(s)))**(1/4) ; i
4116,0.779233858282301,i**2 + i*s ; B0*r*Abs(i)**(3/2) + B0*Abs(i)**(5/2),i**2 + i*s ; 49.969270277659*r*Abs(i)**(3/2) + 49.969270277659*Abs(i)**(5/2)
4117,0.7786453276196952,B0 + B1*s ; i**2*r**3 + i**2*r**2 - i,0.0422291641926364*s + 0.00543475474120259 ; i**2*r**3 + i**2*r**2 - i
4118,0.7785624606577781,B0*s**2 + i*s**2 ; -3*r,i*s**2 - 0.0146659185396538*s**2 ; -3*r
4119,0.7785624511392389,B0*s**2 + i*s**2 ; r,i*s**2 - 0.0146659180320124*s**2 ; r
4120,0.7783181260005244,B0*i*s + s*Abs(i)**(3/2) ; r,0.00778399517610291*i*s + s*Abs(i)**(3/2) ; r
4121,0.7779323784063272,B0*sqrt(Abs(s)) ; i**3 + i**2 - 2*i*r - i,0.0334032246013541*sqrt(Abs(s)) ; i**3 + i**2 - 2*i*r - i
4122,0.7778925926196115,B0*sqrt(Abs(i)) ; i*r**2 + 2*i - r**2,0.0371952779084851*sqrt(Abs(i)) ; i*r**2 + 2*i - r**2
4123,0.7778136139163664,i*sqrt(Abs(B0*i**2 + B1*i*s)) ; i,i*sqrt(Abs(88.8628463875595*i**2 + 31.9135694007324*i*s)) ; i
4124,0.7777473651830756,B0*i - i**2 + i*sqrt(Abs(i - sqrt(Abs(s)))) ; B1*r + B2*i*r + i,-i**2 + i*sqrt(Abs(i - sqrt(Abs(s)))) + 0.109053217296817*i ; -0.0052679078692673*i*r + i - 0.200577569684092*r
4125,0.7775478047527234,B0*s**2 ; B1 + B2*i**2*r + B2*i*r**2 - r,0.0434173027148105*s**2 ; 0.206978252183974*i**2*r + 0.206978252183974*i*r**2 - r + 39.9959927182438
4126,0.7775444139869259,s**3*sqrt(Abs(i)) ; B0 + B1*i**2 - i*r,s**3*sqrt(Abs(i)) ; -1.00830958381584*i**2 - i*r + 0.120108156319434
4127,0.7774983173093107,B0*i + 2*i*s - i*sqrt(Abs(s)) ; i,2*i*s - i*sqrt(Abs(s)) + 0.274069138509828*i ; i
4128,0.7772333032157637,B0 + sqrt(Abs(i)) ; i,sqrt(Abs(i)) - 0.207079575254505 ; i
4129,0.7769479322579343,B0*s - i*s ; B1 - i - r + sqrt(Abs(i - r)),-i*s + 0.18734064576645*s ; -i - r + sqrt(Abs(i - r)) - 0.110247875624304
4130,0.7769112528911598,B0 + B1*sqrt(Abs(i))*sqrt(Abs(s)) - s ; B2*Abs(r)**(3/2),-s + 1.569198313496*sqrt(Abs(i))*sqrt(Abs(s)) + 0.672030208314593 ; 0.000177094121587572*Abs(r)**(3/2)
4131,0.7765124167887297,B0*s*sqrt(Abs(i)) + s**2*sqrt(Abs(i)) ; i - sqrt(Abs(r)),s**2*sqrt(Abs(i)) - 0.896197193365563*s*sqrt(Abs(i)) ; i - sqrt(Abs(r))
4132,0.7764057138206051,B0*i + i**2 + 2*i*s ; i**2 + i,i**2 + 2*i*s - 0.724764994216891*i ; i**2 + i
4133,0.7763447770193244,B0*i*sqrt(Abs(s)) ; B1*i**2*r + i*r**2,0.0285316609643051*i*sqrt(Abs(s)) ; 0.0124121401129444*i**2*r + i*r**2
4134,0.776288819020107,B0*i*s - i**2 + i*s**2 ; sqrt(3)*Abs(i)**(3/2)*sqrt(Abs(r)),-i**2 + i*s**2 - 0.579797734031529*i*s ; sqrt(3)*Abs(i)**(3/2)*sqrt(Abs(r))
4135,0.7762112690076801,B0*i*Abs(s)**(1/16) ; r,0.026591091509812*i*Abs(s)**(1/16) ; r
4136,0.7761939288607083,B0*i ; B1*r + i*r - i*Abs(r)**(3/2),0.0262151920406414*i ; i*r - i*Abs(r)**(3/2) + 0.000582721753063119*r
4137,0.776193927235725,B0*i ; -r + Abs(B1*r**2 - i*r)**(1/4),0.0262060405249874*i ; -r + Abs(i*r - 0.956598963327465*r**2)**(1/4)
4138,0.7761937602146195,B0*i ; i*Abs(i*r**2 + r**2)**(1/4),0.0263302481833746*i ; i*Abs(i*r**2 + r**2)**(1/4)
4139,0.7760619028929358,B0*i*s + B0*Abs(i)**(3/2)*sqrt(Abs(s)) ; r,0.0220538196998264*i*s + 0.0220538196998264*Abs(i)**(3/2)*sqrt(Abs(s)) ; r
4140,0.7758427204511537,i ; B0*i + i**2*r - i*r**2,i ; i**2*r - i*r**2 + 1.13072743542473*i
4141,0.775658579714802,s*Abs(B0 - sqrt(Abs(s)))**(1/4) ; B1*r + 2*i*r**3,s*Abs(sqrt(Abs(s)) - 55.948583821331)**(1/4) ; 2*i*r**3 + 16.4842528777619*r
4142,0.7754533036237493,B0*Abs(s)**(3/2) + i*s + s**2 ; B1*i + B2*r + B3*r**2,i*s + s**2 - 0.969623251589791*Abs(s)**(3/2) ; 4.53362877576331*i + 2.36439361665182*r**2 + 0.208566043010415*r
4143,0.7754206885575433,s*sqrt(Abs(B0 + B1*s + i*s)) ; B2*sqrt(Abs(i)) + i,s*sqrt(Abs(-i*s + 0.020429570852541*s + 0.02093554066191)) ; i + 0.125151233333002*sqrt(Abs(i))
4144,0.7754153871294343,B0*s - i*s**2 - s**2 ; B1 - sqrt(Abs(B2 + r)),-i*s**2 - s**2 - 1.03428687817317*s ; 1.89939835297115 - sqrt(Abs(r + 2.02085501824219e-8))
4145,0.7752912723667055,B0*i*s**2 - i*s - i ; 2*i,3.99595959876677*i*s**2 - i*s - i ; 2*i
4146,0.7750293083562642,B0*Abs(i)**(3/2) + 2*i**2 ; B1*i*r + B1*i,2*i**2 + 0.00962646864163979*Abs(i)**(3/2) ; 2.55852766413186*i*r + 2.55852766413186*i
4147,0.7749466638020809,B0*i**2 + B0*Abs(i)**(3/2)*sqrt(Abs(s)) ; r,0.0657845537613687*i**2 + 0.0657845537613687*Abs(i)**(3/2)*sqrt(Abs(s)) ; r
4148,0.7746871559083807,B0*i + B1*i**3 + B1*i*s ; Abs(i)**(1/4),6.75550210698532e-8*i**3 + 6.75550210698532e-8*i*s - 0.000653684677917656*i ; Abs(i)**(1/4)
4149,0.7745487011447065,B0*s + i*s + s**3 ; r,i*s + s**3 - 0.950802249169823*s ; r
4150,0.7745487000291713,B0*s + i*s + s**3 ; B1*r + r**2,i*s + s**3 - 0.950778088178875*s ; r**2 + 11.5909443124948*r
4151,0.774466067926758,B0*Abs(s)**(5/4) + Abs(s)**(9/4) ; i,Abs(s)**(9/4) - 0.95205385204016*Abs(s)**(5/4) ; i
4152,0.774466066903069,B0*Abs(s)**(5/4) + Abs(s)**(9/4) ; B1*r + B2*r**2,Abs(s)**(9/4) - 0.952087965327207*Abs(s)**(5/4) ; 0.021253785648931*r**2 + 0.00439072617384159*r
4153,0.7744589293530086,B0*sqrt(Abs(i - s)) - i*sqrt(Abs(i - s)) ; B1*r**2 + B2*Abs(r)**(5/2),-i*sqrt(Abs(i - s)) + 0.0476461411303871*sqrt(Abs(i - s)) ; 0.00240044493980625*r**2 + 0.000332682304827909*Abs(r)**(5/2)
4154,0.7744295676173584,B0 + s ; B1*i*sqrt(Abs(r)) + i**2*sqrt(Abs(r)),s - 0.953609179093327 ; i**2*sqrt(Abs(r)) + 48.4267764638192*i*sqrt(Abs(r))
4155,0.7744295668898887,B0 - i ; B1*r**2 + B2*i*r**2,0.0463733805022749 - i ; 0.200577052762019*i*r**2 + 0.000101988735366481*r**2
4156,0.7743969797233335,B0*s - i**2*s - i*s ; B1*r + sqrt(Abs(r)),-i**2*s - i*s + 0.0469848133225232*s ; 30.8773169689536*r + sqrt(Abs(r))
4157,0.7743412488470107,B0*Abs(i)**(5/2) + i**3 ; B1*r,i**3 + 1.01953751982541*Abs(i)**(5/2) ; 0.000454549197487861*r
4158,0.7741624292888575,B0*s + B1*i*s**3 + B2*i**2*s**2 ; r,0.761670643049446*i**2*s**2 + 0.205708276182655*i*s**3 + 0.0044017480275728*s ; r
4159,0.7740314948810731,B0 + i**2 ; B1*i + i**2 + i*r - r,i**2 - 0.0101150251309817 ; i**2 + i*r - 0.984569986581564*i - r
4160,0.774005934688893,B0*i*s**2 + B0*s**2 + B1*i**2*s ; i,-28.4347217867481*i**2*s + 0.102131591298534*i*s**2 + 0.102131591298534*s**2 ; i
4161,0.7739996760994923,i**2 ; i*r**2 + i - r**3,i**2 ; i*r**2 + i - r**3
4162,0.7736501949841436,B0*Abs(i)**(1/16)*Abs(s)**(1/8) ; B1 + B2*i*r**2,0.0193358790254842*Abs(i)**(1/16)*Abs(s)**(1/8) ; 0.921519925127256*i*r**2 + 0.0373195349712404
4163,0.7735244046822065,B0 + B1*i + B2*s ; B3 + B4*i*r**2 + i**2*r**2 - r**3,0.174634862931742*i + 0.256743012500799*s - 0.249359717163041 ; i**2*r**2 - 1.53053354611318*i*r**2 - r**3 - 0.0331892981194588
4164,0.7734769031025959,B0*Abs(s)**(3/2) ; B1*i - 2*i**2 + 2*i*r,0.0443901185533208*Abs(s)**(3/2) ; -2*i**2 + 2*i*r + 0.00512863800225367*i
4165,0.7732694746049426,B0*s*sqrt(Abs(i)) + s*Abs(i)**(3/2) ; -r**2,s*Abs(i)**(3/2) + 0.00390271032878632*s*sqrt(Abs(i)) ; -r**2
4166,0.7730019801770748,-i*s + s*sqrt(Abs(B0 + s)) ; B1 + B2*r,-i*s + s*sqrt(Abs(s - 0.954099465203705)) ; -0.305189230470875*r - 0.148115835441283
4167,0.7728438975661589,B0 + i*s**2 + s**3 - s ; B1*sqrt(Abs(r)) + i + r,i*s**2 + s**3 - s + 0.0464107271106209 ; i + r - 0.476485271173454*sqrt(Abs(r))
4168,0.7727850614969366,B0*i + i**2 ; B1 + B2*i*r + B3*i**2*r,i**2 - 0.032209020224879*i ; -1.81596360756866*i**2*r + 10.8547577165877*i*r + 0.0880086155156136
4169,0.7726319488467159,B1*sqrt(Abs(B0*i + i**2*s)) ; B2*r + r*sqrt(Abs(B3*r + r**2)),0.0014668218256156*sqrt(Abs(i**2*s + 73.4365818438508*i)) ; r*sqrt(Abs(r**2 + 0.0148808680829578*r)) + 7.97431667340805*r
4170,0.7724947509570597,i**2*s + i**2 - i*s ; r,i**2*s + i**2 - i*s ; r
4171,0.7724944325226455,i**2*s - i**2 - i*s ; B0*r + r**2,i**2*s - i**2 - i*s ; r**2 + 0.205061199007052*r
4172,0.7724673226469214,-i*s + i*sqrt(Abs(i + sqrt(Abs(B0 + i)))) ; B1*i*r + i**2*r,-i*s + i*sqrt(Abs(i + sqrt(Abs(i - 0.00343029608147173)))) ; i**2*r + 0.00138669103362771*i*r
4173,0.7724030731062038,Abs(i)**(17/16)*Abs(s)**(1/16) ; B0*i + B1*i**3,Abs(i)**(17/16)*Abs(s)**(1/16) ; 69.1180468542696*i**3 + 0.670245592915569*i
4174,0.7721307752892407,B0 - i**2 + i*s - 2*i + s ; sqrt(Abs(r)),-i**2 + i*s - 2*i + s - 0.614718152586236 ; sqrt(Abs(r))
4175,0.7720518275491371,B0*i + i**2 - i*s**2 ; i - r,i**2 - i*s**2 + 0.143401345140814*i ; i - r
4176,0.771671123216437,B0*i + B0*s - i*sqrt(Abs(s)) - Abs(s)**(3/2) ; B1 + B2*r + B2*sqrt(Abs(r)),-i*sqrt(Abs(s)) + 1.37171908991695*i + 1.37171908991695*s - Abs(s)**(3/2) ; -1.38570021940285*r - 1.38570021940285*sqrt(Abs(r)) + 2.74548519225772
4177,0.7711982512338372,B0*Abs(s)**(1/8) ; B1*r + B2*i*r + B3*r*Abs(i)**(3/2),0.0164760129394836*Abs(s)**(1/8) ; 0.0101983172418521*i*r + 0.0144507771904337*r*Abs(i)**(3/2) + 0.347487392077035*r
4178,0.7711105409778427,s*sqrt(Abs(B0 + i)) ; i,s*sqrt(Abs(i + 6.91493358171524)) ; i
4179,0.7708171483817126,B0*i**2*s**2 + B0*i**2 ; sqrt(Abs(i)),4.64021498728961e-7*i**2*s**2 + 4.64021498728961e-7*i**2 ; sqrt(Abs(i))
4180,0.7707853169741415,B0*s*Abs(i)**(3/2) + s**2*sqrt(Abs(i)) ; B1 + B2*r,s**2*sqrt(Abs(i)) - 5.30071058416548*s*Abs(i)**(3/2) ; 0.135250631532537 - 0.195730064743261*r
4181,0.7706712352147937,B0*s - i*s + s**2 - Abs(s)**(3/2) ; i,-i*s + s**2 + 0.135603305780754*s - Abs(s)**(3/2) ; i
4182,0.770508152206031,i*s*sqrt(Abs(B0 + i)) ; B1 - r + sqrt(Abs(r)),i*s*sqrt(Abs(i - 0.00990584034482036)) ; -r + sqrt(Abs(r)) - 0.19986327317558
4183,0.7705052313408189,-s**2 + s*sqrt(Abs(B0 - i + 2*s)) ; B1 - r,-s**2 + s*sqrt(Abs(i - 2*s + 1.05548880583302)) ; 0.187869182733797 - r
4184,0.7704172028002235,B0*i - i**2 + 2*i*s ; r,-i**2 + 2*i*s - 1.54388632620865*i ; r
4185,0.7699628793301915,B0 - s + sqrt(Abs(B1*s + i*s**2)) ; B2 + i,-s + sqrt(Abs(i*s**2 + 0.0222337010685992*s)) - 1.51264574300295 ; i + 7.37751674620665
4186,0.7698978387731781,-i**2*s**3 + s**3*Abs(i)**(3/2) ; B0 + i,-i**2*s**3 + s**3*Abs(i)**(3/2) ; i + 0.241217442755939
4187,0.7697493932589601,B0*s - i*s ; B1 - i - r + Abs(i)**(1/4),-i*s + 0.0533362267518914*s ; -i - r + Abs(i)**(1/4) - 0.229412479945282
4188,0.769747333385874,i ; 2*i*r + i*sqrt(Abs(r)) + i,i ; 2*i*r + i*sqrt(Abs(r)) + i
4189,0.76943995690736,B0*s + B1*i**2*s - i*s ; B2 - 2*r,-0.0657476123933655*i**2*s - i*s - 2.90910112019523*s ; 8.3739043241138 - 2*r
4190,0.7692669707307644,B0*i - 3*i*s ; i,-3*i*s + 1.14057077374763*i ; i
4191,0.7687533201955554,B0*sqrt(Abs(i)) + 2*s*sqrt(Abs(i)) ; r**2 - 3*r,2*s*sqrt(Abs(i)) - 1.83047784061891*sqrt(Abs(i)) ; r**2 - 3*r
4192,0.768501657105792,i*sqrt(Abs(B0*i**2 + B1*i*s)) ; B2*r*Abs(i)**(1/4),i*sqrt(Abs(0.232577876117917*i**2 - 0.0271087127564152*i*s)) ; 0.00335430294084822*r*Abs(i)**(1/4)
4193,0.7684319821966107,B0*i ; B1*sqrt(Abs(r)) + 2*i*sqrt(Abs(r)),-2.76790121291437*i ; 2*i*sqrt(Abs(r)) + 44.2235448331644*sqrt(Abs(r))
4194,0.7684317826806424,B0*i + B1*i**2 + B1*i*s ; r,0.00796915418010365*i**2 + 0.00796915418010365*i*s + 0.0183738074259691*i ; r
4195,0.7681418356520228,B0*s + Abs(s)**(3/2) ; B1*i*r**2 + B1*r**3,-0.955692858189006*s + Abs(s)**(3/2) ; 0.000916036100132783*i*r**2 + 0.000916036100132783*r**3
4196,0.7681153024615093,B0*i**3 + B1*i**2*s ; i,51.839846426321*i**3 + 32.0392432250853*i**2*s ; i
4197,0.7680856148628702,s*sqrt(Abs(B0 + i)) ; B1*r + i - r**2,s*sqrt(Abs(i - 0.0759368215900774)) ; i - r**2 + 0.494387412205398*r
4198,0.7680560659448331,B0*i + sqrt(Abs(s)) ; B1*i**2 + B1*i + B1*r,0.00987459253258335*i + sqrt(Abs(s)) ; 16952.6958808179*i**2 + 16952.6958808179*i + 16952.6958808179*r
4199,0.7676582655231781,B0*i + 2*i**2 ; B1*i**2 + B2*r + B3*i*r,2*i**2 - 0.0652166356262954*i ; 4.07165303286984*i**2 + 10.9866138607361*i*r + 0.345874396038434*r
4200,0.7675207711324449,B0*i + B1*s + i*s - s**2 ; B2*sqrt(Abs(i*r - r**2)),i*s - 4.87095214890769*i - s**2 + 1.04264017959307*s ; 5.55137122924758*sqrt(Abs(i*r - r**2))
4201,0.7669796713186483,B0 - i - s + sqrt(Abs(i)) ; B1*i*r + B2*i*r**2,-i - s + sqrt(Abs(i)) + 0.813068385625482 ; 0.00759871148689408*i*r**2 + 0.0530141173301045*i*r
4202,0.7666886301875424,B0*Abs(s)**(1/8) + Abs(s)**(9/8) ; B1 + B2*i*r,Abs(s)**(9/8) - 0.953664138414819*Abs(s)**(1/8) ; 0.00130574562403696*i*r + 67.94487569921
4203,0.766663185852659,B0 - i + sqrt(Abs(i - s)) ; B1*i*r + B1*r*Abs(i)**(1/8),-i + sqrt(Abs(i - s)) - 0.906217974455471 ; 0.0362884052828079*i*r + 0.0362884052828079*r*Abs(i)**(1/8)
4204,0.7663178655784486,i ; B0 + B1*sqrt(Abs(i)) + B2*i - Abs(i)**(3/2),i ; 15.1844366318118*i - Abs(i)**(3/2) - 3.55708534211577*sqrt(Abs(i)) + 14.0057830855383
4205,0.7662026785349841,i**2 - i*sqrt(Abs(B0*s + s**2)) ; i,i**2 - i*sqrt(Abs(s**2 - 0.973827169171335*s)) ; i
4206,0.76563020399953,-2*i*s + i*sqrt(Abs(i - s)) ; i,-2*i*s + i*sqrt(Abs(i - s)) ; i
4207,0.7652490736756168,B0*i*sqrt(Abs(s)) + i**2 - i*s ; r,i**2 - i*s + 0.952529369204629*i*sqrt(Abs(s)) ; r
4208,0.7651743462631393,B0*sqrt(Abs(i)) ; B1*i + i**2 - 2*i*r - r,0.00118932458757583*sqrt(Abs(i)) ; i**2 - 2*i*r + 150.211700768499*i - r
4209,0.7651673266409437,B0 + i + s ; B1*r**2 - i*r**2 + r**3,i + s - 0.988160674774616 ; -i*r**2 + r**3 + 0.281135967389472*r**2
4210,0.7649151670667474,B0*sqrt(Abs(i)) ; -2*i**2*r + i*r,0.0125950325082004*sqrt(Abs(i)) ; -2*i**2*r + i*r
4211,0.7645325028629566,-i*s + i*sqrt(Abs(i + sqrt(Abs(s)))) ; sqrt(Abs(B0 + B1*i)),-i*s + i*sqrt(Abs(i + sqrt(Abs(s)))) ; sqrt(Abs(0.00143633093189175*i + 0.00231389760559498))
4212,0.764469728553544,i + s - sqrt(2)*sqrt(Abs(s)) ; B0 + i + sqrt(Abs(r)),i + s - sqrt(2)*sqrt(Abs(s)) ; i + sqrt(Abs(r)) - 1.0876627050084
4213,0.7637749650346888,B0*i + i**2 ; B1 + i + sqrt(Abs(i)),i**2 + 0.693078230081302*i ; i + sqrt(Abs(i)) - 0.112653768493232
4214,0.7637282077517586,s*sqrt(Abs(B0 - i)) ; B1*r**2,s*sqrt(Abs(i - 11.3539296667841)) ; 52.8627144296855*r**2
4215,0.7635975159990738,B0 + i**2 ; B1*r + B2*i*r + B2*r**2,i**2 - 0.000988515864163567 ; 0.500283272590058*i*r + 0.500283272590058*r**2 + 0.000291907570679608*r
4216,0.7626956830635531,B0*s ; B1*i*r + i**2*r**2 - i**2*r - i,0.0460640448979878*s ; i**2*r**2 - i**2*r + 0.00374485204552654*i*r - i
4217,0.762200596853062,B0*Abs(i)**(1/8)*Abs(s)**(1/16) ; B1*r + B2*r**3,0.0152662282702526*Abs(i)**(1/8)*Abs(s)**(1/16) ; 0.00923787698321436*r**3 + 0.607714733843281*r
4218,0.7620746042675899,B0*s**2 + B1*i*s**2 + B1*s**3 ; B2*r - r**2,-0.232801677900393*i*s**2 - 0.232801677900393*s**3 + 0.276206968891987*s**2 ; -r**2 + 35.3576119157524*r
4219,0.7617337208104904,B0*i + i*sqrt(Abs(B1 + i)) ; B2 + B3*i + B3*r,i*sqrt(Abs(i + 3.86722644227768)) - 1.44121846363625*i ; -11.8964504035905*i - 11.8964504035905*r + 1.62894678487561
4220,0.7616660868694963,B0*s*sqrt(Abs(i)) + s**3*sqrt(Abs(i)) ; r + sqrt(Abs(r**2 + r)),s**3*sqrt(Abs(i)) - 0.811074960392175*s*sqrt(Abs(i)) ; r + sqrt(Abs(r**2 + r))
4221,0.7613816667459271,B0*i*s + i**2*s + i*s**2 ; i,i**2*s + i*s**2 + 0.266442050893007*i*s ; i
4222,0.7610739305402704,B0*Abs(i)**(1/4)*Abs(s)**(5/4) - s ; i**3*r + i**2*r,-s + 1.69845164536492*Abs(i)**(1/4)*Abs(s)**(5/4) ; i**3*r + i**2*r
4223,0.7609336660116675,B0 + s + sqrt(Abs(B1*i + i**2*s)) ; B2*i*sqrt(Abs(r)),s + sqrt(Abs(i**2*s + 0.517275527483919*i)) - 1.14236336114432 ; 16.9810703402239*i*sqrt(Abs(r))
4224,0.76090403709501,i**2*s**2 ; sqrt(2)*sqrt(Abs(r)),i**2*s**2 ; sqrt(2)*sqrt(Abs(r))
4225,0.7607476696123878,B0*i ; B1*sqrt(Abs(r)) + i*sqrt(Abs(r)) + sqrt(Abs(i))*sqrt(Abs(r)),0.0262142560526445*i ; i*sqrt(Abs(r)) + sqrt(Abs(i))*sqrt(Abs(r)) + 35.0749530139525*sqrt(Abs(r))
4226,0.7605580562731659,B0 + sqrt(Abs(i**3 - 2*i**2*s)) ; B1*sqrt(Abs(i)) + i,sqrt(Abs(i**3 - 2*i**2*s)) + 0.00384995989958756 ; i + 0.0568588417901279*sqrt(Abs(i))
4227,0.7605167873613999,s**2*sqrt(Abs(i)) ; B0*i + i**2 + 2*i*r,s**2*sqrt(Abs(i)) ; i**2 + 2*i*r + 5.70999840831599*i
4228,0.7604604174086977,B0*s + i*s + s**2 + Abs(s)**(3/2) ; r,i*s + s**2 - 1.95570091058715*s + Abs(s)**(3/2) ; r
4229,0.7601648987721031,B0*i + Abs(s)**(1/4) ; B1 + B2*i*r + B2*r,-0.00971363274077438*i + Abs(s)**(1/4) ; 5.24739046523335*i*r + 5.24739046523335*r - 260.370438325326
4230,0.7600618921100968,B0*i ; i**2*r - i*r - i + r**2,3.53009040223663e-5*i ; i**2*r - i*r - i + r**2
4231,0.7597031226902108,B0 + B1*s + i*s + i + s**2 ; B2 + i + sqrt(Abs(B3 + i)),i*s + i + s**2 + 3.13667271398126*s - 0.950612284319375 ; i + sqrt(Abs(i + 0.00651368157059697)) + 0.258509959456
4232,0.7596173768051083,B0*s + i*s + s**2 ; B1*i + B2*i**2 + B3*i*r,i*s + s**2 - 1.00994380476301*s ; 2.52834967787443*i**2 - 0.158004703674154*i*r + 0.165863042315308*i
4233,0.7591136795612965,B0*s**3 + s**4 ; 2*i,s**4 - 0.949434114897693*s**3 ; 2*i
4234,0.7588801814447889,B0 + s + Abs(s)**(1/4) ; B1*i + B2*i**2 + B3*i*r,s + Abs(s)**(1/4) - 1.94798962382427 ; 2.37648205560679*i**2 + 68.3313751681273*i*r + 0.221360182933618*i
4235,0.7588371594422807,B0*s + 2*s**2 - Abs(s)**(3/2) ; i,2*s**2 - 0.940310294719381*s - Abs(s)**(3/2) ; i
4236,0.7586999195011176,B0*i - 2*i*s + s*Abs(i)**(3/2) ; i,-2*i*s + 0.0918244644659009*i + s*Abs(i)**(3/2) ; i
4237,0.758622941320462,2*i**3*s ; i**2*r + i**2 + Abs(i)**(5/2),2*i**3*s ; i**2*r + i**2 + Abs(i)**(5/2)
4238,0.7585190033314542,B0*s + 2*i*s + s**2 ; i*r + r**2,2*i*s + s**2 + 1.15263341181926*s ; i*r + r**2
4239,0.7585190033314541,B0*s + 2*i*s + s**2 ; Abs(i)**(3/2)*sqrt(Abs(r)),2*i*s + s**2 + 1.15263341189943*s ; Abs(i)**(3/2)*sqrt(Abs(r))
4240,0.7580904829051064,2*i*s**2 ; i,2*i*s**2 ; i
4241,0.7580271209401325,B0*i**3 + B1*i**2*sqrt(Abs(s)) - i**2 ; B2*r**2*Abs(i)**(3/2),-10.8068744518654*i**3 + 5.45224273451931*i**2*sqrt(Abs(s)) - i**2 ; 2.21161171766522*r**2*Abs(i)**(3/2)
4242,0.7578994422675335,B0 + B1*i + B1*s ; B2*i + B2*r**3 + B3*i*r**2,0.000786356906994155*i + 0.000786356906994155*s + 0.0901681508081624 ; 0.0366726110159176*i*r**2 + 19216.2711920918*i + 19216.2711920918*r**3
4243,0.7575495523490937,B0*s + i*s ; B1 - r,i*s + 0.271787840872148*s ; 0.543691253455346 - r
4244,0.7571354116959842,i**3 + i**2*s - i*s ; B0*i + i**2 - r,i**3 + i**2*s - i*s ; i**2 - 0.256009866456003*i - r
4245,0.7571224276865333,-i*s + i*sqrt(Abs(B0 + i)) ; B1*r**3 + B2*i*r**2,-i*s + i*sqrt(Abs(i - 0.000965517950014769)) ; 1.77716674761563*i*r**2 + 0.0687374092610672*r**3
4246,0.7571221446420972,B0*i**2 + i**2*s - i*s ; r,i**2*s + 1.9705123687245*i**2 - i*s ; r
4247,0.7571215364135281,-i ; B0*r + B1*r**2 + B2*i*r,-i ; 0.00387440173221615*i*r + 0.0219698799165523*r**2 + 4.19717612929857*r
4248,0.7570348071897783,i*sqrt(Abs(B0 + B1*i)) ; B3*sqrt(Abs(B2*i*r + i**2*r**2)),i*sqrt(Abs(0.0132176370875672*i - 0.00323491514648955)) ; 0.186473203860995*sqrt(Abs(i**2*r**2 + 0.000918814377569828*i*r))
4249,0.7566195287733916,B0*i + B1*i**2 + 2*i**3 ; r,2*i**3 - 1.86516699709957*i**2 + 0.437432389914445*i ; r
4250,0.7564618132853589,B0*i**2 + B1*i**2*s + i*s ; r,-8.93512440521146*i**2*s + 3.96051260103324*i**2 + i*s ; r
4251,0.7560909260694914,s*sqrt(Abs(B0 + s)) ; B1 + i + 2*r,s*sqrt(Abs(s + 10.353938528299)) ; i + 2*r + 8.79989147018402
4252,0.7555966798653725,B0*i*s + 2*i*s**2 ; i,2*i*s**2 - 0.665975940619081*i*s ; i
4253,0.7551370977917686,B0 - s + sqrt(Abs(B1*i + B2*s)) ; B3*i*r,-s + sqrt(Abs(3.56911508567841*i + 0.0390634798046895*s)) + 0.551204497260742 ; 6.59748559289789*i*r
4254,0.7549293898402304,Abs(i)**(5/4)*Abs(s)**(3/8) ; B0*i - i**3*r + i**2*r**2,Abs(i)**(5/4)*Abs(s)**(3/8) ; -i**3*r + i**2*r**2 + 0.347679726137847*i
4255,0.7541393321948875,-2*i + Abs(B0 - s)**(1/4) ; r,-2*i + Abs(s - 0.294841411742205)**(1/4) ; r
4256,0.7538610235434456,B0*Abs(s)**(5/4) + i*Abs(s)**(5/4) ; i**2,i*Abs(s)**(5/4) - 0.0144465702295636*Abs(s)**(5/4) ; i**2
4257,0.7536107269985166,B0*i + i*s + i*sqrt(Abs(i*s + s**2)) ; i,i*s + i*sqrt(Abs(i*s + s**2)) - 0.730812966397253*i ; i
4258,0.7532355920017182,2*i**2*s + i*s**2 ; i,2*i**2*s + i*s**2 ; i
4259,0.7528872602895863,B0*s - i*s + s*sqrt(Abs(B1*s + i*s)) ; B2 + i - r - sqrt(Abs(i)),-i*s + s*sqrt(Abs(i*s - 0.125619388790259*s)) - 0.0701817233807469*s ; i - r - sqrt(Abs(i)) + 0.0350048668499463
4260,0.7523576564871134,i*s + s*sqrt(Abs(B0 + i - s)) ; B1 + B2*r + B3*r**2,i*s + s*sqrt(Abs(i - s + 0.968836268732206)) ; -1.13960612860938*r**2 - 0.0204935865380575*r + 0.392715221548198
4261,0.7520256638198476,i ; B0*i + B0*r + B1*i**2 + B1*i*r,i ; 11.1742052022185*i**2 + 11.1742052022185*i*r - 0.0206540086822407*i - 0.0206540086822407*r
4262,0.7516134156716346,B0*i*s + B0*i*sqrt(Abs(B1*i + B1*s)) ; i + r,-0.000990556284524345*i*s - 0.000990556284524345*i*sqrt(Abs(8.97810218085977e-7*i + 8.97810218085977e-7*s)) ; i + r
4263,0.7510863484395874,B0*i**2 - i**3 - i**2*s ; i,-i**3 - i**2*s + 32.6062582966181*i**2 ; i
4264,0.7506442531568865,B0*i**2 + B1*i**3 + B2*i**2*s ; B3*r,1396.57131045314*i**3 + 1410.17949589141*i**2*s - 1405.74244961453*i**2 ; 0.00294541893878344*r
4265,0.749582477542603,B0*i - i**2*s**2 - i*s**2 ; i,-i**2*s**2 - i*s**2 + 1.65037725475278*i ; i
4266,0.7485299154888088,s*sqrt(Abs(B0 + s)) ; Abs(-i + r + sqrt(Abs(r)))**(1/4),s*sqrt(Abs(s + 10.3549601828661)) ; Abs(-i + r + sqrt(Abs(r)))**(1/4)
4267,0.7481063262031713,i*s - i ; B0 - r**2 + r,i*s - i ; -r**2 + r + 0.000267811465111923
4268,0.7480646865167152,B0 - i - sqrt(Abs(B1 + s)) ; i + sqrt(Abs(B2 - i + r)),-i - sqrt(Abs(s - 2.59020311784429)) - 0.740012398972929 ; i + sqrt(Abs(i - r + 9.42118907278573))
4269,0.7480500428025398,B0 + B1*i + B2*s + i**2 - i*s ; B3*sqrt(Abs(r)),i**2 - i*s - 1.29487163763284*i + 0.778282668329413*s - 0.516793087791406 ; 5.61592462957529*sqrt(Abs(r))
4270,0.7470603912790001,B0*i**2*s**2 + B1*i**3*s + i*s ; r,-0.0616918795433197*i**3*s - 3.33133464774387*i**2*s**2 + i*s ; r
4271,0.7470321154191177,B0*Abs(i)**(1/8)*Abs(s)**(1/16) ; B1*r + 2*i*r**3,0.0152662248487075*Abs(i)**(1/8)*Abs(s)**(1/16) ; 2*i*r**3 + 0.000112360255924594*r
4272,0.7453447904303848,B0 + B1*s**2 + s**2*sqrt(Abs(i)) ; i,s**2*sqrt(Abs(i)) - 0.159277567575365*s**2 + 0.012035942965734 ; i
4273,0.7444061943534168,sqrt(Abs(B0 - sqrt(Abs(B1 + s)))) ; B2*i**2 - 2*i**2*r,sqrt(Abs(sqrt(Abs(s - 34895.3803226593)) - 186.804419944947)) ; -2*i**2*r + 0.0169907082773436*i**2
4274,0.7439150521688428,B0*i**2 + 2*i**3 ; r,2*i**3 + 0.182323819662421*i**2 ; r
4275,0.7439139526641528,B0 + s ; B1*i*r + 2*i**2*r,s - 0.953579673972499 ; 2*i**2*r + 0.000249472066812798*i*r
4276,0.7437651029506152,B0*s**2 - 2*i*s**2 ; B1*r**2 + 2*i*r**2,-2*i*s**2 + 0.0803946504241096*s**2 ; 2*i*r**2 + 0.0010260053520302*r**2
4277,0.7437418759029695,B0*i**3 - i**2*s + i**2 ; r,4.50635197168813*i**3 - i**2*s + i**2 ; r
4278,0.7437406668684668,B0*s + i*Abs(s)**(3/2) ; B1*r,i*Abs(s)**(3/2) - 0.0145581116291071*s ; 0.0387593256898891*r
4279,0.7434410559418438,B0*s + sqrt(Abs(i))*Abs(s)**(3/2) ; i,-0.133579243106849*s + sqrt(Abs(i))*Abs(s)**(3/2) ; i
4280,0.7429728475065506,-i*s**3 + 2*i*s**2 ; i,-i*s**3 + 2*i*s**2 ; i
4281,0.7429718487034485,-s**2 + s*sqrt(Abs(B0 + sqrt(Abs(i)))) ; i,-s**2 + s*sqrt(sqrt(Abs(i)) + 9.47880668392511) ; i
4282,0.7428320218715807,i*sqrt(Abs(s)) - i ; B0*r**2 + 2*i*r**2,i*sqrt(Abs(s)) - i ; 2*i*r**2 + 0.000321588249724557*r**2
4283,0.7427503813910479,B0*s**2 + i*s**2 + s**3 ; i,i*s**2 + s**3 - 0.97939063164776*s**2 ; i
4284,0.7424718251043946,2*i**3 - i**2*s ; r**2*sqrt(Abs(B0*i + i**2)),2*i**3 - i**2*s ; r**2*sqrt(Abs(i**2 + 0.449675617589437*i))
4285,0.7424580592143452,B0*i ; sqrt(Abs(B1 + B2*i*r + 2*i*r**2)),-0.000118762099619332*i ; sqrt(Abs(2*i*r**2 - 577.057544479198*i*r + 20264.065952685))
4286,0.7424370034064803,-i**2*s + i**2 - i*s ; B0 - r + sqrt(Abs(i)),-i**2*s + i**2 - i*s ; -r + sqrt(Abs(i)) + 0.000359107769828786
4287,0.7416743062661522,i ; B0*i - i**2*r + i*r**2 - i*r,i ; -i**2*r + i*r**2 - i*r + 1.22323386598819*i
4288,0.7416502196707452,i*s**2 + i*s ; i,i*s**2 + i*s ; i
4289,0.7412327152590952,2*i**2*sqrt(Abs(s)) + i*Abs(s)**(3/2) ; i,2*i**2*sqrt(Abs(s)) + i*Abs(s)**(3/2) ; i
4290,0.740918028473257,B0 + i**2 ; B1*r + B2*r**2 + B3*i*r**2,i**2 - 0.00098893894095767 ; 5.3526128529135*i*r**2 + 0.000253325361182302*r**2 + 6.00114165565209*r
4291,0.7408482289084222,B0*Abs(i)**(1/16)*Abs(s)**(1/16) ; B1*i + B2*i*r**2,0.0184190949577978*Abs(i)**(1/16)*Abs(s)**(1/16) ; 0.988288116918631*i*r**2 + 0.0579511226216221*i
4292,0.7405502011498005,i*s ; i**2,i*s ; i**2
4293,0.7400920351785973,s*sqrt(Abs(B0 + i + sqrt(Abs(s)))) ; B1 - sqrt(Abs(i)),s*sqrt(Abs(i + sqrt(Abs(s)) + 5.1800156817885)) ; 0.776109724091438 - sqrt(Abs(i))
4294,0.7397227223017172,-i*s + sqrt(Abs(i))*Abs(s)**(5/2) ; r,-i*s + sqrt(Abs(i))*Abs(s)**(5/2) ; r
4295,0.7395833582911246,B0*i**2*s - i*s ; B1 + i*r + i + 2*r,-0.487887661223653*i**2*s - i*s ; i*r + i + 2*r + 2.82311407259837
4296,0.7391050152412074,B0*s + i*s + s*Abs(i)**(1/4) ; B1*i,i*s + s*Abs(i)**(1/4) + 1.62913821268911*s ; 0.17543732793884*i
4297,0.7386668003682271,s*sqrt(Abs(i)) ; B0 + B1*i + B1*r,s*sqrt(Abs(i)) ; -0.213123446420382*i - 0.213123446420382*r + 0.165704448474505
4298,0.7383086101146242,B0 + i ; B1 + i**2 + i*r + i*sqrt(Abs(i + r)),i + 0.0185765103126136 ; i**2 + i*r + i*sqrt(Abs(i + r)) + 0.0263041583059712
4299,0.7378426480999166,B0*sqrt(Abs(s)) - 2*i*sqrt(Abs(s)) + Abs(s)**(3/2) ; Abs(i)**(1/4)*Abs(r)**(1/4),-2*i*sqrt(Abs(s)) + Abs(s)**(3/2) - 0.667212221811491*sqrt(Abs(s)) ; Abs(i)**(1/4)*Abs(r)**(1/4)
4300,0.7375577844231662,i*Abs(s)**(5/2) ; B0*r - i*r - i,i*Abs(s)**(5/2) ; -i*r - i - 3.33096694145373*r
4301,0.7366437494129224,B0*i**3*s + B0*i**2*s**2 ; B1*r + B2*r**2,0.328364670109314*i**3*s + 0.328364670109314*i**2*s**2 ; 22.6643735714962*r**2 + 0.010257313076482*r
4302,0.7364748114703566,B0 + s ; B1*i + B2*i**3 + B2*i**2*r,s - 0.953548089992504 ; 0.0371437225912831*i**3 + 0.0371437225912831*i**2*r + 39.6945773849918*i
4303,0.7360350158756115,-i*s**3 + i*s**2*sqrt(Abs(i - s)) ; B0*i - i*r + r,-i*s**3 + i*s**2*sqrt(Abs(i - s)) ; -i*r + r
4304,0.7354815148857708,-i*s + s*sqrt(Abs(B0 - i)) ; B1*r**3 + B2*i*r**3,-i*s + s*sqrt(Abs(i - 0.162463643024158)) ; 0.00342511671055272*i*r**3 + 30.3153723402273*r**3
4305,0.7348375848237337,B0*i*sqrt(Abs(s)) + 2*i**2 ; B1*sqrt(Abs(i)) + B2*r,2*i**2 - 1.33421385296767*i*sqrt(Abs(s)) ; -0.0069123566754263*r + 0.266582153239739*sqrt(Abs(i))
4306,0.7340421477632096,B0*s + i*s + s*Abs(i)**(1/4) ; B1*r**3 + B1*r + B2*r**2,i*s + s*Abs(i)**(1/4) - 0.456898583164476*s ; 0.0733207574828582*r**3 + 0.000416775111451751*r**2 + 0.0733207574828582*r
4307,0.7336341545716883,s*sqrt(Abs(B0 + i + 2*s)) ; r,s*sqrt(Abs(i + 2*s + 9.35316073022899)) ; r
4308,0.7332638607132138,B0*s*sqrt(Abs(i)) + s**2*sqrt(Abs(i)) + s*Abs(i)**(3/2) ; 2*i**2,s**2*sqrt(Abs(i)) + s*Abs(i)**(3/2) - 0.93451301588737*s*sqrt(Abs(i)) ; 2*i**2
4309,0.7327044896621018,B0*i + 2*i**2 - i*sqrt(Abs(s)) ; B1 + i + sqrt(Abs(r)),2*i**2 - i*sqrt(Abs(s)) + 0.320954618032185*i ; i + sqrt(Abs(r)) - 0.308004818950193
4310,0.7319947141126345,B0*i - 3*i**2 - i*s ; B1*i*r,-3*i**2 - i*s - 1.91533648957498*i ; 2.06738332688482*i*r
4311,0.7307711761670743,B0*i ; B1*r + i**2*r + i*r**2 - r**2,0.0262173250246865*i ; i**2*r + i*r**2 - r**2 + 0.0174012349459353*r
4312,0.729969540198294,B0*i ; B1*i*r - i**2*r + i*r**2 - i - r,0.00576049475769684*i ; -i**2*r + i*r**2 + 2.61064862712789*i*r - i - r
4313,0.7291100487109164,B0 + s ; B1*r**2 + r**4 + r**3,s - 0.953455221801293 ; r**4 + r**3 + 1.13957354100078*r**2
4314,0.7290091443979287,s*sqrt(Abs(B1*i + i*sqrt(Abs(B0 + i)))) ; B2 + sqrt(Abs(r)),s*sqrt(Abs(i*sqrt(Abs(i - 0.391416292457822)) - 0.447596874329136*i)) ; sqrt(Abs(r)) - 0.215757747917222
4315,0.7288113805067037,s**2*sqrt(Abs(i)) ; sqrt(Abs(B0 - 2*i**2)),s**2*sqrt(Abs(i)) ; sqrt(Abs(2*i**2 - 0.0441187669272081))
4316,0.7276878033438708,B0*s + i*s - s*sqrt(Abs(B1 + i)) ; i - sqrt(Abs(i)),i*s - s*sqrt(Abs(i - 0.0735247346521979)) + 0.144695512454619*s ; i - sqrt(Abs(i))
4317,0.7272877830602736,-i**2*s - 2*i*s + i*Abs(s)**(3/2) ; B0*r*Abs(i)**(3/2),-i**2*s - 2*i*s + i*Abs(s)**(3/2) ; 0.509470259698059*r*Abs(i)**(3/2)
4318,0.726843102980245,i + s - Abs(i)**(3/2) ; B0*i + B1*r,i + s - Abs(i)**(3/2) ; 4.24465412731333*i + 0.0954188605656521*r
4319,0.726297929548132,s*sqrt(Abs(B0 + i)) ; B1*r - i*r + r**2,s*sqrt(Abs(i - 11.3541509020217)) ; -i*r + r**2 + 10.5050480062563*r
4320,0.7262978941041931,s*sqrt(Abs(B0 + i)) ; B1*r + i*r + r**2,s*sqrt(Abs(i - 11.3535768153545)) ; i*r + r**2 + 0.000413506844960264*r
4321,0.7262978168953924,s*sqrt(Abs(B0 + s)) ; 2*i*r - r**2,s*sqrt(Abs(s + 10.353176294864)) ; 2*i*r - r**2
4322,0.725887289578989,s*sqrt(Abs(B0*s + i*s)) ; B1 - r + sqrt(Abs(r)),s*sqrt(Abs(i*s - 0.0313211888560764*s)) ; -r + sqrt(Abs(r)) - 0.0803322024436925
4323,0.7249547575754267,s*sqrt(Abs(B0*sqrt(Abs(s)) + i)) ; -i + Abs(i)**(1/4)*Abs(r)**(3/2),s*sqrt(Abs(i + 5.36097409553944*sqrt(Abs(s)))) ; -i + Abs(i)**(1/4)*Abs(r)**(3/2)
4324,0.724847021949415,B0 + i*s ; B1 + B2*r + r**2,i*s - 0.204837758324288 ; r**2 - 2.02151407921879*r - 0.605116863172908
4325,0.7230418296836647,s*sqrt(Abs(B0*i + Abs(i)**(5/2))) ; B1*sqrt(Abs(r)),s*sqrt(Abs(0.00672384622409957*i - Abs(i)**(5/2))) ; 0.0122529713195063*sqrt(Abs(r))
4326,0.7224143792121156,B0 - i + s**2 ; B1*i**2 + B1*i*r - i**2*r - i*r**2,-i + s**2 - 0.668025915928731 ; -i**2*r + 0.636976301463643*i**2 - i*r**2 + 0.636976301463643*i*r
4327,0.7215137319976339,B0*i - 3*i*s**2 ; r,-3*i*s**2 + 0.207187798002016*i ; r
4328,0.7197589263392596,i*s ; B0 + B1*r,i*s ; 0.0107928694837761*r + 0.0140648527392458
4329,0.716734182063658,i + s*Abs(i)**(3/2) + Abs(i)**(5/2) ; i,i + s*Abs(i)**(3/2) + Abs(i)**(5/2) ; i
4330,0.7118445980223111,s*sqrt(Abs(B0 + i)) ; B1*r + B2*i*r + r**2,s*sqrt(Abs(i - 11.3542479441219)) ; 0.0500137673974976*i*r + r**2 + 8.02377059763472*r
4331,0.710931353657111,B0*sqrt(Abs(i)) + i ; B1 + r + Abs(r)**(1/8),i + 10.0009320153971*sqrt(Abs(i)) ; r + Abs(r)**(1/8) + 222.922385611122
4332,0.7107938509718621,B0*s**2 + i*s ; B1*sqrt(Abs(i)),i*s - 0.00877591041831511*s**2 ; 0.0490717999784376*sqrt(Abs(i))
4333,0.7059934007009631,B0*s + s**3*sqrt(Abs(i)) ; i,s**3*sqrt(Abs(i)) + 0.00071653535811019*s ; i
4334,0.7049463859708383,B0 + i*s ; B1 - i*r,i*s + 0.0337116344773092 ; -i*r + 0.0481638720489523
4335,0.7047261349351828,s*sqrt(Abs(B0 + i)) ; B1*r + i*r + r*sqrt(Abs(i + r)),s*sqrt(Abs(i - 11.3536995229983)) ; i*r + r*sqrt(Abs(i + r)) + 10.1162261276635*r
4336,0.7024445317219151,s*sqrt(Abs(B0*i + i*s)) ; r,s*sqrt(Abs(i*s - 0.592258015969981*i)) ; r
4337,0.7024440395173644,s*sqrt(Abs(B0*i - i*s)) ; r,s*sqrt(Abs(i*s - 0.592258308856525*i)) ; r
4338,0.702424562877717,s*sqrt(Abs(B0*i + i*s)) ; B1*r + Abs(r)**(3/2),s*sqrt(Abs(i*s - 0.591416362189647*i)) ; 0.000552737838807428*r + Abs(r)**(3/2)
4339,0.7005413197269089,i*s ; B0 + B1*i*r**2,i*s ; 4.08910889735118*i*r**2 + 0.0141766666197968
4340,0.700451569578092,B0*s*sqrt(Abs(i)) + s**2*sqrt(Abs(i)) ; B1 + r,s**2*sqrt(Abs(i)) - 0.337183488297409*s*sqrt(Abs(i)) ; r + 0.0101136670237753
4341,0.6998332459858346,B0*sqrt(Abs(i))*sqrt(Abs(s)) - s ; B1*i*r + i**2*r + i*r**2,-s + 2.42852747230759*sqrt(Abs(i))*sqrt(Abs(s)) ; i**2*r + i*r**2 + 2.24280726133106*i*r
4342,0.698921684583443,2*i*s ; B0 + i,2*i*s ; i + 0.00192233985022432
4343,0.6986300449746252,B0*i*s - i**2*s - 2*i*s**2 ; r**2 + r,-i**2*s - 2*i*s**2 - 0.0801427445738927*i*s ; r**2 + r
4344,0.6985320937005881,B0 - i - sqrt(Abs(B1 + s)) ; i + sqrt(Abs(i)),-i - sqrt(Abs(s - 0.97706585691481)) - 0.0679125591271092 ; i + sqrt(Abs(i))
4345,0.698219148315956,s**2*sqrt(Abs(i)) ; i,s**2*sqrt(Abs(i)) ; i
4346,0.6976787978336574,s*sqrt(Abs(B0 - i)) ; B1*r + 2*i*r + r**2,s*sqrt(Abs(i - 11.3549524430977)) ; 2*i*r + r**2 + 3.96654013032846*r
4347,0.6976787476453736,s*sqrt(Abs(B0 - i)) ; B1*r**2 + i*r - r**3,s*sqrt(Abs(i - 11.3530302288018)) ; i*r - r**3 + 0.308563422005828*r**2
4348,0.6970936068630822,Abs(i)**(1/4)*sqrt(Abs(B0 + i)) ; B1*i + i**2,Abs(i)**(1/4)*sqrt(Abs(i - 0.0362811088463565)) ; i**2 + 1.65212319447242*i
4349,0.6970347699968789,s**3*sqrt(Abs(i)) ; r,s**3*sqrt(Abs(i)) ; r
4350,0.6896712724466918,i + s ; B0 + B1*i*r + i + r,i + s ; 1.98685790075261*i*r + i + r + 2.32255554673666
4351,0.6886572713258549,i**2*s + Abs(i)**(3/2)*Abs(s)**(3/2) ; B0*i*r - i**2*r,i**2*s + Abs(i)**(3/2)*Abs(s)**(3/2) ; -i**2*r + 0.0280290940858548*i*r
4352,0.6861223094410142,s**2*sqrt(Abs(B0*s + i*s)) ; i,s**2*sqrt(Abs(i*s - 0.000377439766465634*s)) ; i
4353,0.6852742768330284,s*sqrt(Abs(B0*i*s + i)) ; i - Abs(i)**(1/4)*sqrt(Abs(r)),s*sqrt(Abs(1.08483217869558*i*s - i)) ; i - Abs(i)**(1/4)*sqrt(Abs(r))
4354,0.6834991914969567,B0 + i*s ; r,i*s - 0.014450981072549 ; r
4355,0.6823119299366942,B0 - i + sqrt(Abs(i)) ; B1*i*r + i**2*r**2 - 2*i*r**2,-i + sqrt(Abs(i)) - 0.32301533639611 ; i**2*r**2 - 2*i*r**2 + 1.46953548710674*i*r
4356,0.6815221775697983,s*sqrt(Abs(B0 + s*sqrt(Abs(i)))) ; B1*sqrt(Abs(r)) + i,s*sqrt(Abs(s*sqrt(Abs(i)) - 0.248146529086426)) ; i - 0.119390310620514*sqrt(Abs(r))
4357,0.6811308704943856,s*sqrt(Abs(B0 + i + s)) ; B1 + B2*r + i,s*sqrt(Abs(i + s - 0.930877367487962)) ; i - 1.57912911713818*r - 0.0337886482733645
4358,0.6810966605801917,2*s*Abs(i)**(3/2) - Abs(i)**(5/2) ; B0*i*r,2*s*Abs(i)**(3/2) - Abs(i)**(5/2) ; 0.000566274203491289*i*r
4359,0.6810560076755263,sqrt(Abs(i**2*s - i*s**3)) ; 2*i,sqrt(Abs(i**2*s - i*s**3)) ; 2*i
4360,0.6798907801427796,s*sqrt(Abs(i*s - s**2 + s)) ; B0 + i,s*sqrt(Abs(i*s - s**2 + s)) ; i + 0.675845104677427
4361,0.678985443927009,B0*i - 2*i**2 ; B1 - i + sqrt(Abs(i)),-2*i**2 - 0.836577729899903*i ; -i + sqrt(Abs(i)) - 0.148209448959504
4362,0.6786425397126714,-i*sqrt(Abs(B0 + s)) + s*sqrt(Abs(B0 + s)) ; B1*sqrt(Abs(i))*Abs(r)**(1/4) + i,-i*sqrt(Abs(s - 0.894276411178712)) + s*sqrt(Abs(s - 0.894276411178712)) ; i - 1.26141376471481*sqrt(Abs(i))*Abs(r)**(1/4)
4363,0.677832196467439,i**2*s + i*s*sqrt(Abs(B0 + i*s)) ; r,i**2*s + i*s*sqrt(Abs(i*s - 0.00806145863035756)) ; r
4364,0.6773256319752027,s**2*sqrt(Abs(B0 + s)) ; B1 + i,s**2*sqrt(Abs(s - 0.88763969746542)) ; i + 0.362118115122387
4365,0.6764555940060459,i**2*s ; Abs(i)**(1/4)*Abs(r)**(3/8),i**2*s ; Abs(i)**(1/4)*Abs(r)**(3/8)
4366,0.675662441343764,B0 + i*s ; B1 + B2*sqrt(Abs(i**2 + i*r)),i*s + 0.0232071984938955 ; 0.0382343485048832 - 0.0435626576998188*sqrt(Abs(i**2 + i*r))
4367,0.6744287154596966,s*sqrt(Abs(i)) ; 2*i,s*sqrt(Abs(i)) ; 2*i
4368,0.6727280942664954,s**2*sqrt(Abs(B0 - s)) ; i,s**2*sqrt(Abs(s - 0.703472467019633)) ; i
4369,0.672324774371811,s*sqrt(Abs(B0*i*s + i)) ; i - sqrt(Abs(i))*Abs(r)**(1/4),s*sqrt(Abs(1.17509309796616*i*s - i)) ; i - sqrt(Abs(i))*Abs(r)**(1/4)
4370,0.6722706018775727,B0*i + sqrt(Abs(i)) ; 2*i,-4.15146028078151*i + sqrt(Abs(i)) ; 2*i
4371,0.6715359506677316,s*sqrt(Abs(B0 + s*sqrt(Abs(i)))) ; B1*sqrt(Abs(i)) + i,s*sqrt(Abs(s*sqrt(Abs(i)) - 0.132732793078041)) ; i + 0.294106379285692*sqrt(Abs(i))
4372,0.6715189557726153,s*sqrt(Abs(B0 + s**2)) ; B1*sqrt(Abs(i)) + i,s*sqrt(Abs(s**2 + 5.20175524600088)) ; i + 0.000366633979390265*sqrt(Abs(i))
4373,0.6690993064390514,i*Abs(s)**(5/4) ; r,i*Abs(s)**(5/4) ; r
4374,0.664804289607076,s*sqrt(Abs(B0 + s**2)) ; B2*Abs(B1 + i)**(1/4) + i,s*sqrt(Abs(s**2 + 5.20175510224878)) ; i + 0.00512685094562743*Abs(i + 0.170237003801106)**(1/4)
4375,0.6642914064146553,i*sqrt(Abs(B0*s + B1*i)) ; B2*i*r + 3*i**2*r - i*r**2,i*sqrt(Abs(0.00963499792173517*i - 0.00335138782224119*s)) ; 3*i**2*r - i*r**2 + 0.156596637383128*i*r
4376,0.6639143852453093,sqrt(Abs(i))*Abs(s)**(5/2) ; r,sqrt(Abs(i))*Abs(s)**(5/2) ; r
4377,0.6637440664668303,B0*i*s + B0*s**2 - i*s**2 - s**3 ; i,-i*s**2 + 0.985333908239735*i*s - s**3 + 0.985333908239735*s**2 ; i
4378,0.6632677331135256,s*sqrt(Abs(i)) ; B0 - r + sqrt(Abs(r)),s*sqrt(Abs(i)) ; -r + sqrt(Abs(r)) + 0.0274507468332899
4379,0.6632006961587131,B0 - s**2 + s ; B1 + B2*sqrt(Abs(r)) - i,-s**2 + s - 0.0144510598948103 ; -i + 0.000345201105718612*sqrt(Abs(r)) + 0.218398550907279
4380,0.6631985201519885,B0 + i*s ; -i*r + r*sqrt(Abs(i)),i*s - 0.0144509801174756 ; -i*r + r*sqrt(Abs(i))
4381,0.6619382612082823,i**3 - i**2 + 2*i*s ; i,i**3 - i**2 + 2*i*s ; i
4382,0.6614308863474888,s*sqrt(Abs(B0*i + i*s)) ; B1 + i + r,s*sqrt(Abs(i*s - 0.188683413446551*i)) ; i + r + 0.0118379471276949
4383,0.6612309716728748,B0 + s*sqrt(Abs(i)) ; 2*i,s*sqrt(Abs(i)) - 0.000718032840020994 ; 2*i
4384,0.6609556724789488,B0*s + 2*i*s ; B1 + i - r,2*i*s + 0.414003558228224*s ; i - r + 0.710633193439899
4385,0.6588830398919566,i*Abs(i - sqrt(Abs(i)))**(1/4) ; i**2 + i*Abs(r)**(3/4),i*Abs(i - sqrt(Abs(i)))**(1/4) ; i**2 + i*Abs(r)**(3/4)
4386,0.658771537072005,B0*s - s**2 ; B1 + B2*i,-s**2 + 0.985333662044494*s ; 0.0125095161803904*i + 0.000641092736245529
4387,0.6587714050334041,B0*s - s**2 ; B1*i + B1*sqrt(Abs(r)),-s**2 + 0.985333638834982*s ; 0.837293542860464*i + 0.837293542860464*sqrt(Abs(r))
4388,0.658771294018517,B0*s - s**2 ; B1 - r,-s**2 + 0.985333674616961*s ; 0.000109484425161457 - r
4389,0.6587708902488595,B0*s - s**2 ; B1*r,-s**2 + 0.985333686004336*s ; 0.00204240425624052*r
4390,0.6587702316401481,B0*s - s**2 ; B1*sqrt(Abs(r)),-s**2 + 0.98533361148724*s ; 2.61674113449371*sqrt(Abs(r))
4391,0.6587692936052497,B0*s + i*s ; r,i*s - 0.0146662873888201*s ; r
4392,0.6587639609666758,B0*s - s**2 ; 2*i,-s**2 + 0.98533376279767*s ; 2*i
4393,0.65876346601235,B0*s - s**2 ; sqrt(Abs(i)),-s**2 + 0.985333766420367*s ; sqrt(Abs(i))
4394,0.6583553265079138,s*sqrt(Abs(B0 - i)) ; i + sqrt(Abs(B1 + r)),s*sqrt(Abs(i + 0.236881665090514)) ; i + sqrt(Abs(r - 0.94526276245384))
4395,0.6565664989676507,B0 + i*s ; i*r - r**2 + r,i*s - 0.0144509795621201 ; i*r - r**2 + r
4396,0.6565626098764694,B0 + i*s - i - s ; sqrt(Abs(r)),i*s - i - s + 0.985549066309537 ; sqrt(Abs(r))
4397,0.6565404366096111,B0*s + s*sqrt(Abs(B1 + s)) ; sqrt(Abs(i - sqrt(Abs(i)))),s*sqrt(Abs(s - 0.662783130737756)) - 0.106200026382623*s ; sqrt(Abs(i - sqrt(Abs(i))))
4398,0.6557712497234561,-Abs(i)**(3/2)*sqrt(Abs(s)) + sqrt(Abs(i))*Abs(s)**(3/2) ; r,-Abs(i)**(3/2)*sqrt(Abs(s)) + sqrt(Abs(i))*Abs(s)**(3/2) ; r
4399,0.655072493319593,-i**2 + sqrt(2)*i*sqrt(Abs(s)) ; i - r,-i**2 + sqrt(2)*i*sqrt(Abs(s)) ; i - r
4400,0.6539026181499187,-i*s + s*sqrt(Abs(B0 + s)) ; B1 + B2*i + B3*Abs(i)**(3/2),-i*s + s*sqrt(Abs(s - 0.756422630323835)) ; -0.0697703653889105*i + 0.0571667886184523*Abs(i)**(3/2) + 0.0135585455891526
4401,0.6534058640944007,B0*s**2 + s ; B1*i + B2*r,-1.01488483189937*s**2 + s ; 4.05745440774904*i + 6.24011417429687*r
4402,0.6507024889789276,s**2*sqrt(Abs(s**2 - s)) ; B0 + B1*i + B2*r,s**2*sqrt(Abs(s**2 - s)) ; 2.38412578684108*i + 0.143632756253044*r + 0.0372340505529011
4403,0.6503699812028125,B0*i*s - i*s**2 ; B1*i**2 + r,-i*s**2 + 0.0336322902969716*i*s ; 0.00346292983679927*i**2 + r
4404,0.6500008696009639,B0 + i*s ; -i*r + r*sqrt(Abs(i)) + r,i*s - 0.0144509801174756 ; -i*r + r*sqrt(Abs(i)) + r
4405,0.6480862108929575,B0*s + i**2*s**2 - i**2*s + i*s ; r,i**2*s**2 - i**2*s + i*s - 0.0146633010342854*s ; r
4406,0.6448067504748554,B0*i + sqrt(Abs(i + s)) ; B1*i*r + B1*i + B1*r,-2.69603495204256*i + sqrt(Abs(i + s)) ; 0.0239978221661447*i*r + 0.0239978221661447*i + 0.0239978221661447*r
4407,0.6406875774601498,B0 + i*s ; B1 - i**2*r + Abs(r)**(3/2),i*s + 0.00387013851965621 ; -i**2*r + Abs(r)**(3/2) + 0.0121149415655727
4408,0.640401104823612,B0*s**2 + i*s ; r,i*s - 0.0148847897529709*s**2 ; r
4409,0.6402158610274865,-i + sqrt(Abs(i))*Abs(2*i + s)**(1/4) ; B0*sqrt(Abs(i))*sqrt(Abs(r)) + i,-i + sqrt(Abs(i))*Abs(2*i + s)**(1/4) ; i + 0.706458474071138*sqrt(Abs(i))*sqrt(Abs(r))
4410,0.6360737744935304,-i*s + s*sqrt(Abs(i - Abs(i)**(1/4))) ; i - r - sqrt(Abs(i)),-i*s + s*sqrt(Abs(i - Abs(i)**(1/4))) ; i - r - sqrt(Abs(i))
4411,0.634822235022082,B0*s + B0*sqrt(Abs(s)) + i*s + i*sqrt(Abs(s)) ; B1 + i,i*s + i*sqrt(Abs(s)) - 0.0125481848286756*s - 0.0125481848286756*sqrt(Abs(s)) ; i - 0.0104902321131023
4412,0.6344883956522885,B0*i*s**2 - i*s**3 ; sqrt(Abs(i)),-i*s**3 + 0.184610392694779*i*s**2 ; sqrt(Abs(i))
4413,0.6330318515693302,i*s ; r,i*s ; r
4414,0.6330318515693302,i*s ; sqrt(Abs(r)),i*s ; sqrt(Abs(r))
4415,0.6330318515693302,i*s ; B0*r,i*s ; 0.000140721909686793*r
4416,0.6330318515693302,i*s ; sqrt(2)*sqrt(Abs(r)),i*s ; sqrt(2)*sqrt(Abs(r))
4417,0.6319953751497119,-i + s ; B0*i + B0*sqrt(Abs(i)) + B1*r,-i + s ; 0.0415463330488578*i - 0.000296027277099964*r + 0.0415463330488578*sqrt(Abs(i))
4418,0.6306952437331286,B0 + i*s ; -i**2*r**2 + i*r + r,i*s - 0.0144509809277839 ; -i**2*r**2 + i*r + r
4419,0.6279451876038098,i*s - s**2 + Abs(s)**(3/2) ; B0 + i - r,i*s - s**2 + Abs(s)**(3/2) ; i - r + 0.0547661966831491
4420,0.6276519351337295,i**2*s + i*s + i*Abs(s)**(5/4) ; i,i**2*s + i*s + i*Abs(s)**(5/4) ; i
4421,0.6270197850569605,s*sqrt(Abs(B0 + s*sqrt(Abs(i)))) ; i - sqrt(Abs(r))*Abs(B1 + i)**(1/4),s*sqrt(Abs(s*sqrt(Abs(i)) - 0.361235631477069)) ; i - sqrt(Abs(r))*Abs(i + 0.0778973107777272)**(1/4)
4422,0.626770542760696,2*i*s**2 ; B0 - r,2*i*s**2 ; 0.0427826192954208 - r
4423,0.6264852152400633,B0*s + i*s ; B1*r + i*r - r*sqrt(Abs(i)),i*s - 0.014666344556451*s ; i*r - r*sqrt(Abs(i)) + 0.296383342001439*r
4424,0.625970219637511,B0 - i**2 + s ; B1 + B2*sqrt(Abs(r)) - i,-i**2 + s + 2.28892960204203 ; -i + 1.67656838560217*sqrt(Abs(r)) + 0.0358326831628365
4425,0.6257935735127889,B0*s*sqrt(Abs(i)) + s**2*sqrt(Abs(i)) ; i + r - sqrt(Abs(i)),s**2*sqrt(Abs(i)) - 0.340662905231147*s*sqrt(Abs(i)) ; i + r - sqrt(Abs(i))
4426,0.6251057154334994,-2*i**2*s + 2*i*s**2 ; r,-2*i**2*s + 2*i*s**2 ; r
4427,0.6242530090918614,-i*s**2 + s**3 ; B0 + B1*sqrt(Abs(i)) + i,-i*s**2 + s**3 ; i + 0.873444734209675*sqrt(Abs(i)) - 1.95639368402053
4428,0.622863438576905,sqrt(Abs(i))*Abs(s)**(9/8) ; B0 + i - r,sqrt(Abs(i))*Abs(s)**(9/8) ; i - r + 0.212258583153932
4429,0.6215945457232545,B0*Abs(i)**(3/2) + s ; 2*i,s - 1.14630726653293*Abs(i)**(3/2) ; 2*i
4430,0.6208322102583292,B0*s + s**2 + s*sqrt(Abs(i)) ; B1 - sqrt(Abs(i - 2*r)),s**2 + s*sqrt(Abs(i)) - 1.01032665950356*s ; 0.747446179037264 - sqrt(Abs(i - 2*r))
4431,0.6204345177231003,-i**2 + i ; sqrt(Abs(r)),-i**2 + i ; sqrt(Abs(r))
4432,0.6203203581918848,sqrt(Abs(B0 - sqrt(Abs(B1 + sqrt(Abs(s)))))) ; B2 - r,sqrt(Abs(sqrt(sqrt(Abs(s)) + 2039.24428025201) - 45.1677115799926)) ; 9.3285586512059 - r
4433,0.6202122592157129,B0*s - s**2 ; r*Abs(i**2 + i*r)**(1/8),-s**2 + 0.985333769952694*s ; r*Abs(i**2 + i*r)**(1/8)
4434,0.6198463688373974,-i + s + sqrt(Abs(B0 + B1*sqrt(Abs(s)))) ; B2*Abs(i)**(3/2),-i + s + sqrt(Abs(0.108723405473841*sqrt(Abs(s)) - 0.0681566748845171)) ; -0.00236773829554329*Abs(i)**(3/2)
4435,0.6189775023762885,s*sqrt(Abs(i)) ; 2*i + r,s*sqrt(Abs(i)) ; 2*i + r
4436,0.6184636481881719,-i**2*s**2 + i*s**3 + i*s**2 ; sqrt(Abs(B0*r**2 - r)),-i**2*s**2 + i*s**3 + i*s**2 ; sqrt(Abs(0.000101536539337602*r**2 - r))
4437,0.616353119097845,i*s + i*sqrt(Abs(s)) ; i,i*s + i*sqrt(Abs(s)) ; i
4438,0.6152407567204242,s*sqrt(Abs(i)) ; B0 + 2*i + r,s*sqrt(Abs(i)) ; 2*i + r + 0.0277574355542679
4439,0.6141649302007304,B0*i + sqrt(Abs(B1 - s)) ; B2*i*r + B2*i + B2*r,-0.00354066048919703*i + sqrt(Abs(s - 0.728034634851056)) ; 17.277353722948*i*r + 17.277353722948*i + 17.277353722948*r
4440,0.6103156179296837,s*sqrt(Abs(B0*i + i**2)) ; 2*r + Abs(r)**(1/4),s*sqrt(Abs(i**2 - 0.0156522886100823*i)) ; 2*r + Abs(r)**(1/4)
4441,0.6098878879937122,s*sqrt(Abs(i + s*sqrt(Abs(i)))) ; B1*Abs(B0 + r)**(1/4) + i,s*sqrt(Abs(i + s*sqrt(Abs(i)))) ; i + 0.153385060178353*Abs(r + 19.9638504412462)**(1/4)
4442,0.6085862157059371,B0*i*s**2 ; B1*i - i*r + r,1.86906910318122*i*s**2 ; -i*r + 0.000175593202068193*i + r
4443,0.6084419235155997,sqrt(2)*i*Abs(s)**(3/2) ; i - sqrt(Abs(r)),sqrt(2)*i*Abs(s)**(3/2) ; i - sqrt(Abs(r))
4444,0.6080878708204108,i*s ; B0*Abs(r)**(1/8),i*s ; 0.0201586214323909*Abs(r)**(1/8)
4445,0.607300338336817,s*sqrt(Abs(B0*s + s**2)) ; B1 + sqrt(Abs(r)),s*sqrt(Abs(s**2 - 0.681094128290222*s)) ; sqrt(Abs(r)) + 0.000345259970793478
4446,0.6054732832790506,s*sqrt(Abs(s + sqrt(Abs(B0 + B1*s)))) ; i,s*sqrt(Abs(s + sqrt(Abs(44.4779913651379*s - 1.44354190481476)))) ; i
4447,0.6020069921122067,i*s ; B0*r**2*sqrt(Abs(i)),i*s ; 2.36762754706848*r**2*sqrt(Abs(i))
4448,0.6009094466854091,s*sqrt(Abs(i + sqrt(Abs(i))*sqrt(Abs(s)))) ; B0 + i - r + sqrt(Abs(r)),s*sqrt(Abs(i + sqrt(Abs(i))*sqrt(Abs(s)))) ; i - r + sqrt(Abs(r)) + 0.39487881662096
4449,0.6000766951805899,B0 + i*s ; B1 - i*r + r,i*s + 0.0049700563594264 ; -i*r + r + 0.000192187357942951
4450,0.5981011503610725,i*s ; i - sqrt(Abs(r)),i*s ; i - sqrt(Abs(r))
4451,0.5975337131877166,s*sqrt(Abs(i**2 - i*s)) ; B0 + 2*r,s*sqrt(Abs(i**2 - i*s)) ; 2*r
4452,0.5959869221910846,i*s ; Abs(B0 + i*r - r)**(1/4),i*s ; Abs(i*r - r)**(1/4)
4453,0.5900270529691738,i*s ; B1*r*sqrt(Abs(B0 + i + r)),i*s ; 0.0456621953254502*r*sqrt(Abs(i + r + 0.30370659817635))
4454,0.5898509068697078,2*i**2*s + i*s ; i - r,2*i**2*s + i*s ; i - r
4455,0.5869906332329091,s*sqrt(Abs(B0 + sqrt(Abs(i*s - s)))) ; i,s*sqrt(Abs(sqrt(Abs(i*s - s)) - 0.756411590502031)) ; i
4456,0.5869639059663647,B0 + i + Abs(s)**(1/4) ; B1*i + B2*sqrt(Abs(r)),i + Abs(s)**(1/4) - 2.41754696795127 ; 131.784791311445*i + 307.795509539798*sqrt(Abs(r))
4457,0.5852475646775801,sqrt(Abs(i))*Abs(s)**(3/2) ; B0 + sqrt(Abs(r)),sqrt(Abs(i))*Abs(s)**(3/2) ; sqrt(Abs(r)) + 7.89679151191806e-7
4458,0.5846386777987465,s*sqrt(Abs(i)) ; i,s*sqrt(Abs(i)) ; i
4459,0.5841267824394819,s*sqrt(Abs(i*s - i)) ; B0*r - i*r + r**2,s*sqrt(Abs(i*s - i)) ; -i*r + r**2 + 0.00593467612246116*r
4460,0.5836905674243327,i ; B0*i*r + i**2 + i*r**2,i ; i**2 + i*r**2 + 4.01243806188964*i*r
4461,0.5797328525479447,2*i*s**2 ; r,2*i*s**2 ; r
4462,0.5790195746077188,-i + sqrt(Abs(i + s - sqrt(Abs(i)))) ; B0 + B2*sqrt(Abs(B1 + i*r)),-i + sqrt(Abs(i + s - sqrt(Abs(i)))) ; 0.205177144737723*sqrt(Abs(i*r - 4.53265833996228)) - 0.426641639965512
4463,0.5787008339646348,s*sqrt(Abs(B0 + i**2)) ; -i*r + i*Abs(r)**(3/2) + r**2,s*sqrt(Abs(i**2 - 0.000244992945290041)) ; -i*r + i*Abs(r)**(3/2) + r**2
4464,0.5786509258725062,s*sqrt(Abs(B0 - i*s + i)) ; i**3*r - i**2*r,s*sqrt(Abs(i*s - i + 0.000244991705219307)) ; i**3*r - i**2*r
4465,0.5782855146150873,i*s ; r*sqrt(Abs(B0*r - i + r**2)),i*s ; r*sqrt(Abs(-i + r**2 + 0.0115181119498582*r))
4466,0.5781942587861015,s*Abs(B0*s + i*s)**(1/4) ; i,s*Abs(i*s + 44.0805889809038*s)**(1/4) ; i
4467,0.5771319628459388,2*i*s ; B0 + i - r,2*i*s ; i - r + 0.0348205746514352
4468,0.5766525779402719,i**2 + s - sqrt(Abs(i)) ; B0 + B1*i,i**2 + s - sqrt(Abs(i)) ; 1.45840733076822*i + 0.508187480996825
4469,0.5745630101886023,B0*i + B1*i**2 ; B2*i*r**2 + B2*r - i,0.000147845245403462*i**2 + 0.0106912341420237*i ; 0.108205070468538*i*r**2 - i + 0.108205070468538*r
4470,0.5731995821713145,2*i**2*s ; r,2*i**2*s ; r
4471,0.5731474436752958,-i + sqrt(Abs(i)) ; B0*i*r + i*r**2,-i + sqrt(Abs(i)) ; i*r**2 + 0.00406026035563663*i*r
4472,0.5730045703040368,B0 + s*sqrt(Abs(i)) ; i,s*sqrt(Abs(i)) + 3.52632243975888e-5 ; i
4473,0.5725214538698816,B0*s*sqrt(Abs(i)) + s**2*sqrt(Abs(i)) ; r - sqrt(Abs(i - r)),s**2*sqrt(Abs(i)) - 0.353572788713065*s*sqrt(Abs(i)) ; r - sqrt(Abs(i - r))
4474,0.5725026594689363,i*s ; B0*i*r + i**2*r**2,i*s ; i**2*r**2 + 0.0193075639641218*i*r
4475,0.5711156187161353,s*sqrt(Abs(i)) ; B0*i**3 + B0*i**2*sqrt(Abs(r)) + i*r,s*sqrt(Abs(i)) ; 31.1182915988435*i**3 + 31.1182915988435*i**2*sqrt(Abs(r)) + i*r
4476,0.5654677728383121,s*sqrt(Abs(B0*sqrt(Abs(s)) + Abs(s)**(3/2))) ; sqrt(Abs(i)),s*sqrt(Abs(Abs(s)**(3/2) - 0.666408152238451*sqrt(Abs(s)))) ; sqrt(Abs(i))
4477,0.5647386996008713,i*s + s**2 ; B0 + B1*i + B2*r,i*s + s**2 ; 3.41088167466625*i + 0.680809306543798*r + 2.03622092136183
4478,0.5621326873013658,sqrt(Abs(i))*Abs(s)**(3/2) ; B0*r,sqrt(Abs(i))*Abs(s)**(3/2) ; 6.90417350607896*r
4479,0.5615316454378605,s*Abs(B0 + B1*s - i)**(1/4) ; i**2,s*Abs(i - 39.2193079943463*s + 2.25034109925731)**(1/4) ; i**2
4480,0.5601563350172823,i ; 2*i**2 + 2*i*r,i ; 2*i**2 + 2*i*r
4481,0.5585427840742873,B0*s + 2*i*s ; B1*Abs(i)**(1/4) - r,2*i*s + 0.13005340934064*s ; -r + 0.637205281020682*Abs(i)**(1/4)
4482,0.5582455859097278,B0 + B1*i + i*Abs(s)**(1/4) ; B2*i - i**2 - i*Abs(r)**(3/2),i*Abs(s)**(1/4) + 1.1065818522925*i - 0.00914722086763971 ; -i**2 - i*Abs(r)**(3/2) + 5.64211964768883*i
4483,0.5578995117428048,s*Abs(i)**(3/4) ; r,s*Abs(i)**(3/4) ; r
4484,0.5567641377125145,s*sqrt(Abs(i)) ; B0 + i*r**2 + r,s*sqrt(Abs(i)) ; i*r**2 + r + 0.0686456600360884
4485,0.5566658594236968,sqrt(Abs(i))*Abs(s)**(3/2) ; B0 + 3*r,sqrt(Abs(i))*Abs(s)**(3/2) ; 3*r + 3.40705707241919e-10
4486,0.5545766800158546,B0 - i + Abs(i)**(1/4) ; i,-i + Abs(i)**(1/4) - 0.429461000006974 ; i
4487,0.5538772459770587,sqrt(Abs(i))*Abs(s)**(3/2) ; B0 + r**2 + r,sqrt(Abs(i))*Abs(s)**(3/2) ; r**2 + r + 0.000921727683730161
4488,0.5527132387184429,B0 + B1*i**2 + B2*s ; sqrt(Abs(i)),2.250072674075e-6*i**2 + 0.174161957047723*s + 0.112009063405967 ; sqrt(Abs(i))
4489,0.5514275706599269,s*Abs(i)**(3/2) + s*sqrt(Abs(i)) ; B0*Abs(r)**(3/2) + B1*i*r + i,s*Abs(i)**(3/2) + s*sqrt(Abs(i)) ; 3.07090296003889*i*r + i + 0.0537975843323477*Abs(r)**(3/2)
4490,0.5502785407895235,sqrt(Abs(B0 - sqrt(Abs(B1 + 2*s)))) ; B2 + i,sqrt(Abs(sqrt(Abs(2*s - 37410.8206430149)) - 193.427155112937)) ; i + 9.09357513504485
4491,0.5494582134138252,s*sqrt(Abs(i*s + i)) ; 2*i,s*sqrt(Abs(i*s + i)) ; 2*i
4492,0.5473962288900847,2*s*Abs(i)**(3/2) ; r + sqrt(Abs(i))*Abs(r)**(1/4),2*s*Abs(i)**(3/2) ; r + sqrt(Abs(i))*Abs(r)**(1/4)
4493,0.5444015438067845,s*sqrt(Abs(B0 + i)) ; B1*r + i*r,s*sqrt(Abs(i - 0.351492783226434)) ; i*r + 0.00267695585382321*r
4494,0.5430111979382111,2*i*s + Abs(s)**(3/2) ; B0 + B1*i,2*i*s + Abs(s)**(3/2) ; 3.57091567363303*i + 1.57602630295525
4495,0.5418731105987715,-i**4*s + i**3*s**2 + i*s ; r,-i**4*s + i**3*s**2 + i*s ; r
4496,0.5407362470946272,B0*i**2*s + B0*s**2 + B1*i*s ; B2 + i + 2*r,-7.80286130345168e-5*i**2*s - 0.0331519138318982*i*s - 7.80286130345168e-5*s**2 ; i + 2*r - 0.0118661247015354
4497,0.5388420879055953,s*Abs(B0 + i**2)**(1/8) ; B1 + B2*r**2,s*Abs(i**2 - 0.000708498141544838)**(1/8) ; 0.324080589676558 - 0.348210995412805*r**2
4498,0.5330887676384426,s*sqrt(Abs(i)) ; i - r,s*sqrt(Abs(i)) ; i - r
4499,0.5290603624406839,B0*i*s + s ; B1 + B2*r,-1.21442561274497*i*s + s ; -1.05438578835454*r - 0.604496340287724
4500,0.5282737915708352,i*s ; B0*r + i**2*r + i*r**2 + r*Abs(i)**(3/2),i*s ; i**2*r + i*r**2 + r*Abs(i)**(3/2) + 0.051687070950314*r
4501,0.5262195740807444,-i*Abs(s)**(5/4) + Abs(s)**(9/4) ; B0 - i - r + sqrt(Abs(r)),-i*Abs(s)**(5/4) + Abs(s)**(9/4) ; -i - r + sqrt(Abs(r)) + 0.0156522906753317
4502,0.523597585787503,i*s ; i - sqrt(Abs(B0 + i)),i*s ; i - sqrt(Abs(i - 0.150813983129331))
4503,0.5233192046302312,2*i**2*s + i**2*Abs(s)**(3/2) ; r,2*i**2*s + i**2*Abs(s)**(3/2) ; r
4504,0.5230663674837096,s*sqrt(Abs(B0 - s)) ; B1*r - i*r - r**2,s*sqrt(Abs(s - 0.646988323021613)) ; -i*r - r**2 + 4.36974735508489*r
4505,0.5230152259400157,-i**2 + i*sqrt(Abs(B0 + 2*i)) ; B1 + B2*r + B2*sqrt(Abs(i - r)),-i**2 + i*sqrt(Abs(2*i - 0.271548151360177)) ; 0.0179273060110417*r + 0.0179273060110417*sqrt(Abs(i - r)) - 0.0213879396663318
4506,0.5208113311004867,i**2*s*sqrt(Abs(B0 + i)) + i*s ; r,i**2*s*sqrt(Abs(i - 0.606843824375187)) + i*s ; r
4507,0.5191920439959362,B0*i*s**3 + s**2 ; r,-3.50466276954592*i*s**3 + s**2 ; r
4508,0.5129643381742836,sqrt(Abs(i))*Abs(s)**(5/4) ; B0 + r + sqrt(Abs(r)),sqrt(Abs(i))*Abs(s)**(5/4) ; r + sqrt(Abs(r))
4509,0.5126920583594183,s*sqrt(Abs(B0 - s)) ; B1*r + B2*i*r - r**2,s*sqrt(Abs(s - 0.646988320722798)) ; 0.000957700165151587*i*r - r**2 + 0.00127077023833264*r
4510,0.508442702204442,-i + s + Abs(s)**(5/8) ; B0*r**2,-i + s + Abs(s)**(5/8) ; 0.270037836373937*r**2
4511,0.5082261978463783,B0 + s**4 ; r + sqrt(Abs(i))*sqrt(Abs(B1 + r)),s**4 + 0.0014190935543421 ; r + sqrt(Abs(i))*sqrt(Abs(r + 0.00119380726238865))
4512,0.5080514517125525,s*sqrt(Abs(B0*s + i)) ; B1*r,s*sqrt(Abs(i - 0.168041177740127*s)) ; 0.00302576785974639*r
4513,0.5063915864327632,B0*s - s**3 ; B1 + r,-s**3 + 0.970885860269356*s ; r + 0.0535102819489131
4514,0.506384164755539,B0*s - s**3 ; B1 + B2*i + B3*r,-s**3 + 0.970886631283274*s ; 0.0559479373621102*i + 0.00288972122472594*r + 0.305782561949034
4515,0.5063648709795692,B0*s - s**3 ; B1 + B2*sqrt(Abs(i)),-s**3 + 0.970887768801309*s ; 0.000523310280576322*sqrt(Abs(i)) + 0.325226509922912
4516,0.5054696046046357,i*s + s**2 - s*sqrt(Abs(i)) ; r,i*s + s**2 - s*sqrt(Abs(i)) ; r
4517,0.5044939055567597,s**3 ; r,s**3 ; r
4518,0.5044939055567597,s**3 ; B0 + r,s**3 ; r + 11.0382868112669
4519,0.5044939055567597,s**3 ; i,s**3 ; i
4520,0.5038687694058726,s*sqrt(Abs(i - sqrt(Abs(i)))) ; B0*r - i*r + r**2,s*sqrt(Abs(i - sqrt(Abs(i)))) ; -i*r + r**2 + 0.000385611032169917*r
4521,0.5037091610380986,i ; B0 + B1*i + B2*sqrt(Abs(i))*sqrt(Abs(r)),i ; 29.3669065103266*i - 3.42298002151141*sqrt(Abs(i))*sqrt(Abs(r)) + 6.40947183330521
4522,0.5029716154549672,s*sqrt(Abs(B0*s + i)) ; B1*r + r**3,s*sqrt(Abs(i - 0.168041195323528*s)) ; r**3 + 0.132415214305837*r
4523,0.5015189298105116,s*sqrt(Abs(B0 + i)) ; -2*i*r + 2*r**2,s*sqrt(Abs(i - 0.426820434862181)) ; -2*i*r + 2*r**2
4524,0.49938045047183593,B0 + i*s*sqrt(Abs(i + s)) + i*s ; B1 + 2*i,i*s*sqrt(Abs(i + s)) + i*s + 0.0823325937641415 ; 2*i - 0.0351464593850281
4525,0.49838717015858325,s*Abs(i)**(3/8) ; i,s*Abs(i)**(3/8) ; i
4526,0.493846382302108,Abs(i)**(1/4)*Abs(s)**(5/4) ; 2*i + r,Abs(i)**(1/4)*Abs(s)**(5/4) ; 2*i + r
4527,0.4936227580868841,i*s + s**2 ; B0 + i - r + sqrt(Abs(r)),i*s + s**2 ; i - r + sqrt(Abs(r)) + 0.863333537157816
4528,0.4929615196979884,s*sqrt(Abs(B0*s - i)) ; i*r - r**2 + Abs(r)**(3/2),s*sqrt(Abs(i - 0.168041239002563*s)) ; i*r - r**2 + Abs(r)**(3/2)
4529,0.4919974958272356,s*sqrt(Abs(i*s + s)) ; B1*Abs(B0 + i)**(1/4) + i,s*sqrt(Abs(i*s + s)) ; i + 2.40422253329991*Abs(i + 2.32707963994401)**(1/4)
4530,0.49060062884629685,B0*i + i**2 ; i + sqrt(Abs(r)),i**2 + 0.727411536986679*i ; i + sqrt(Abs(r))
4531,0.48798120823924773,s*Abs(B0 - i)**(1/4) ; B1*i + B2*i**4,s*Abs(i - 0.0315457045996015)**(1/4) ; 2.71514382064737*i**4 + 2.69790075013097*i
4532,0.48315292755090755,s*sqrt(Abs(B0*s + i)) ; B1*r - r**2 + r*Abs(i)**(1/4),s*sqrt(Abs(i - 0.168041201175379*s)) ; -r**2 + r*Abs(i)**(1/4) + 0.15722045685707*r
4533,0.482821166683479,B0*i - i**3 - i**2 ; B1 - i - r + Abs(r)**(1/4),-i**3 - i**2 - 0.165612692052458*i ; -i - r + Abs(r)**(1/4) - 0.477582046367944
4534,0.4827314695259038,Abs(i)**(1/4)*Abs(s)**(5/4) ; B0*i - i**2 - i*r,Abs(i)**(1/4)*Abs(s)**(5/4) ; -i**2 - i*r + 3.7705204422017*i
4535,0.4824956598919224,B0*i*s**2 + s**2 ; r,-1.37716924117201*i*s**2 + s**2 ; r
4536,0.4812238820987354,-i*s + s**2 ; r,-i*s + s**2 ; r
4537,0.4808588959565065,B0*i*s + s**2 ; r,-0.773251054296801*i*s + s**2 ; r
4538,0.48070625040843196,B0 + Abs(i)**(1/4) ; B1*r + B1*sqrt(Abs(B2 - i)),Abs(i)**(1/4) - 3.14457002915176 ; 113.398169051383*r + 113.398169051383*sqrt(Abs(i - 25.8475253271215))
4539,0.47997232618607316,sqrt(Abs(B0 - sqrt(Abs(B1 + s)))) ; Abs(i)**(3/4),sqrt(Abs(sqrt(Abs(s - 7581.93105053702)) - 87.0819290865939)) ; Abs(i)**(3/4)
4540,0.47952433798554117,Abs(s)**(5/2) ; B0*r,Abs(s)**(5/2) ; 0.173242014018627*r
4541,0.47826588484201493,i**2 + i*s ; B0 + i - r,i**2 + i*s ; i - r + 0.0234144053456693
4542,0.4777012402014758,i**2*s - i**2 + i ; Abs(i)**(1/4)*Abs(r)**(1/8),i**2*s - i**2 + i ; Abs(i)**(1/4)*Abs(r)**(1/8)
4543,0.47733775717531585,s*sqrt(Abs(i)) ; r,s*sqrt(Abs(i)) ; r
4544,0.4766016907013131,s*Abs(i)**(1/4) ; B0*i + B1*i*r**2,s*Abs(i)**(1/4) ; 0.52919686662653*i*r**2 + 3.29020638246293*i
4545,0.4750698840932557,s*sqrt(Abs(B0*s + i)) ; r**2,s*sqrt(Abs(i - 0.0304478108041428*s)) ; r**2
4546,0.4730318945237366,-i + Abs(i)**(5/16) ; B0 + B1*sqrt(Abs(r)),-i + Abs(i)**(5/16) ; 0.00564276990102575 - 0.000262516579735907*sqrt(Abs(r))
4547,0.4725643796035627,s*sqrt(Abs(i)) ; B0*Abs(r)**(3/2),s*sqrt(Abs(i)) ; 0.000350244450035114*Abs(r)**(3/2)
4548,0.47251112880168794,2*i**2 + 2*i*s ; i,2*i**2 + 2*i*s ; i
4549,0.4714645604937766,s*sqrt(Abs(B0*i + i*s)) ; i + r + sqrt(Abs(i - r)),s*sqrt(Abs(i*s - 0.0863670902486559*i)) ; i + r + sqrt(Abs(i - r))
4550,0.470648928241433,B0*i*s - i**2*s + s**2 ; i - Abs(i - sqrt(Abs(i)))**(1/4),-i**2*s + 0.330983970017599*i*s + s**2 ; i - Abs(i - sqrt(Abs(i)))**(1/4)
4551,0.46981992023600955,2*i*s**2 - s**3 + Abs(s)**(5/2) ; 2*r,2*i*s**2 - s**3 + Abs(s)**(5/2) ; 2*r
4552,0.4698095176154379,-i*s**2 + s**3 ; r,-i*s**2 + s**3 ; r
4553,0.46976400624967857,i*s + s**2 ; B0 + B1*sqrt(Abs(r)),i*s + s**2 ; 1.69401364236808 - 1.73024934274943*sqrt(Abs(r))
4554,0.46749488385335375,-i + s + sqrt(Abs(s)) ; B0*r + B1*r**2 + B2*i*r,-i + s + sqrt(Abs(s)) ; 0.00260941111345162*i*r + 0.174163203075075*r**2 + 0.126257855427766*r
4555,0.46724351117863466,B0*i*s + i**2*s + s ; B1*r*sqrt(Abs(i**2 - i*r)),i**2*s - 2.24273046106114*i*s + s ; 0.000262556396149002*r*sqrt(Abs(i**2 - i*r))
4556,0.46704291135293124,s*Abs(i)**(1/4) ; B0*i + i**2 + i*r,s*Abs(i)**(1/4) ; i**2 + i*r + 2.77629549624576*i
4557,0.46697688744403104,-i + s + Abs(s)**(1/4) ; B0*sqrt(Abs(r)),-i + s + Abs(s)**(1/4) ; 35.4886677704048*sqrt(Abs(r))
4558,0.46551907472372017,s**3 ; B0 + B1*r + i*r + r**2,s**3 ; i*r + r**2 + 0.0031039776284334*r + 0.000108616077412778
4559,0.4643841417375732,s*sqrt(Abs(B0 + 2*i)) ; i - Abs(r)**(3/4),s*sqrt(Abs(2*i - 0.209996344174848)) ; i - Abs(r)**(3/4)
4560,0.46351303566625174,i**2*s + i*s*sqrt(Abs(i + s)) ; r,i**2*s + i*s*sqrt(Abs(i + s)) ; r
4561,0.46316034844945175,s*sqrt(Abs(i)) ; 2*r**2,s*sqrt(Abs(i)) ; 2*r**2
4562,0.46316034844945175,s*sqrt(Abs(i)) ; -i*r + r**2,s*sqrt(Abs(i)) ; -i*r + r**2
4563,0.46316034844945175,s*sqrt(Abs(i)) ; B0*r - i*r,s*sqrt(Abs(i)) ; -i*r + 0.0121282051034436*r
4564,0.46297004619576365,i*s + s**2 - sqrt(Abs(i))*Abs(s)**(3/2) ; i,i*s + s**2 - sqrt(Abs(i))*Abs(s)**(3/2) ; i
4565,0.4603897771527255,s*sqrt(Abs(i + Abs(i)**(5/2))) ; i - sqrt(Abs(r))*Abs(i - r)**(1/4),s*sqrt(Abs(i + Abs(i)**(5/2))) ; i - sqrt(Abs(r))*Abs(i - r)**(1/4)
4566,0.45890300670272133,B0*s - i*s ; sqrt(Abs(B1*r + B2*i)),-i*s + 0.938095375347316*s ; sqrt(Abs(6.77508317195188e-6*i + 0.00111999159903688*r))
4567,0.4587426659501781,s*sqrt(Abs(2*i*s + s)) ; B0*sqrt(Abs(i)) + i,s*sqrt(Abs(2*i*s + s)) ; i + 1.6064573083739*sqrt(Abs(i))
4568,0.4583334736594829,B0*s - i + sqrt(Abs(s)) ; i + sqrt(Abs(-B1 + i + r)),-i + 1.37781719178128*s + sqrt(Abs(s)) ; i + sqrt(Abs(i + r - 0.540962650394959))
4569,0.45710578784520617,Abs(s)**(9/4) ; i,Abs(s)**(9/4) ; i
4570,0.4566990989947715,B0*i*s + s**2 ; sqrt(Abs(B1 + B2*r)),-0.207308716808233*i*s + s**2 ; sqrt(Abs(0.0138567573730895*r + 7.34990423835919e-7))
4571,0.4539434575153077,s*sqrt(Abs(i)) ; B0*r + r*Abs(i)**(1/4),s*sqrt(Abs(i)) ; r*Abs(i)**(1/4) + 0.000398281888335332*r
4572,0.4531650902857967,-s**2 + s*sqrt(Abs(i + 2*s)) ; B0*i + i**2,-s**2 + s*sqrt(Abs(i + 2*s)) ; i**2 + 2.75557619699586*i
4573,0.452152077107163,s*sqrt(Abs(i - s)) ; B0 - r + sqrt(Abs(r)),s*sqrt(Abs(i - s)) ; -r + sqrt(Abs(r)) - 8.00394861805245e-11
4574,0.4514642556757464,s**2*sqrt(Abs(i)) + sqrt(Abs(i))*Abs(s)**(3/2) ; B0 + r,s**2*sqrt(Abs(i)) + sqrt(Abs(i))*Abs(s)**(3/2) ; r + 0.171273848402279
4575,0.44948746948635276,Abs(i)**(1/4)*Abs(s)**(5/4) ; i,Abs(i)**(1/4)*Abs(s)**(5/4) ; i
4576,0.4494040229401546,s*sqrt(Abs(i)) ; -i*r + sqrt(Abs(i))*Abs(r)**(3/2),s*sqrt(Abs(i)) ; -i*r + sqrt(Abs(i))*Abs(r)**(3/2)
4577,0.44897402104323425,-i*s + s*Abs(i - sqrt(Abs(s)))**(1/4) ; r,-i*s + s*Abs(i - sqrt(Abs(s)))**(1/4) ; r
4578,0.44836912650590477,s*sqrt(Abs(B0*sqrt(Abs(i)) + s)) ; i - sqrt(Abs(r)),s*sqrt(Abs(s - 0.742476973206664*sqrt(Abs(i)))) ; i - sqrt(Abs(r))
4579,0.4482237705523946,s**2 ; B0 + r,s**2 ; r + 23.3622323284001
4580,0.4482237705523946,s**2 ; i,s**2 ; i
4581,0.4482237705523946,s**2 ; r,s**2 ; r
4582,0.4482237705523946,s**2 ; 2*r,s**2 ; 2*r
4583,0.4482237705523946,s**2 ; sqrt(Abs(r)),s**2 ; sqrt(Abs(r))
4584,0.4482237705523946,s**2 ; i*r,s**2 ; i*r
4585,0.4482237705523946,s**2 ; B0*i,s**2 ; 21.564104593923*i
4586,0.4482237705523946,s**2 ; sqrt(Abs(i)),s**2 ; sqrt(Abs(i))
4587,0.4482237705523946,s**2 ; 2*i,s**2 ; 2*i
4588,0.4482237705523946,s**2 ; -i,s**2 ; -i
4589,0.4468571568698246,s*Abs(i)**(1/4) ; 2*i,s*Abs(i)**(1/4) ; 2*i
4590,0.4459552351852356,B0 + i**2 - s ; B1*i,i**2 - s + 0.962603240749325 ; -0.00454453717162337*i
4591,0.44569745768288516,s*sqrt(Abs(i*s - s**2)) ; B0*r - r**2,s*sqrt(Abs(i*s - s**2)) ; -r**2 + 4.17977571546891*r
4592,0.44490998271075305,s*sqrt(Abs(i)) ; B0*r + i*r - r**2,s*sqrt(Abs(i)) ; i*r - r**2 + 0.00204440322593111*r
4593,0.44490998271075305,s*sqrt(Abs(i)) ; B0*r**3 - r**2,s*sqrt(Abs(i)) ; 44.626208411991*r**3 - r**2
4594,0.44427798150673803,-i*s + s*sqrt(Abs(i + s**2)) ; B1*r*sqrt(Abs(B0 + sqrt(Abs(i)))),-i*s + s*sqrt(Abs(i + s**2)) ; 0.14503407518169*r*sqrt(sqrt(Abs(i)) + 0.0455662851714589)
4595,0.4437415328468706,s**2 ; r*sqrt(Abs(i)),s**2 ; r*sqrt(Abs(i))
4596,0.44340719006000634,Abs(i)**(1/8)*Abs(s)**(3/2) ; B0 + B1*i - i*r + r,Abs(i)**(1/8)*Abs(s)**(3/2) ; -i*r + 1.42445580046447*i + r + 0.101675087966393
4597,0.4422189058603841,s*sqrt(Abs(s - Abs(i)**(1/4))) ; i + r,s*sqrt(Abs(s - Abs(i)**(1/4))) ; i + r
4598,0.4411412543734681,i*s + s**2 ; B0 + i,i*s + s**2 ; i + 0.767253421029474
4599,0.44093544383849753,i*s**2 + i*s ; B0*r + B1*r**2 + B2*r**3,i*s**2 + i*s ; 0.0871850875904462*r**3 + 80.4762666480342*r**2 + 0.000184043641512798*r
4600,0.4398266979660339,2**(1/8)*Abs(i)**(1/4)*Abs(s)**(9/8) ; B0*i - i**3 + i**2*r,2**(1/8)*Abs(i)**(1/4)*Abs(s)**(9/8) ; -i**3 + i**2*r + 3.24967808541466*i
4601,0.4393464360426036,s*sqrt(Abs(2*s**2 - Abs(s)**(3/2))) ; B0*i,s*sqrt(Abs(2*s**2 - Abs(s)**(3/2))) ; 0.00083269413871709*i
4602,0.43930411751840187,s**2 ; B0 + i + r,s**2 ; i + r + 85.139750333638
4603,0.43930411751840187,s**2 ; B0 + B1*r,s**2 ; 0.131770691579336*r + 0.162590710165798
4604,0.43930411751840187,s**2 ; Abs(r)**(1/8),s**2 ; Abs(r)**(1/8)
4605,0.4353329634513156,-i + s + sqrt(Abs(i))*sqrt(Abs(s)) ; B0*r**2 - r**3,-i + s + sqrt(Abs(i))*sqrt(Abs(s)) ; -r**3 + 2.11997769379723*r**2
4606,0.4349110763432179,s**2 ; B0 + i - sqrt(Abs(i)),s**2 ; i - sqrt(Abs(i)) + 0.438852479134405
4607,0.43323802384885185,s**2*sqrt(Abs(i - sqrt(Abs(s)))) ; i,s**2*sqrt(Abs(i - sqrt(Abs(s)))) ; i
4608,0.4326094401428717,-i + Abs(i)**(1/4) ; r,-i + Abs(i)**(1/4) ; r
4609,0.4305619655797857,s**2 ; B0 - 3*i,s**2 ; 11.236204957735 - 3*i
4610,0.4305619655797857,s**2 ; B0 + i**2 + r,s**2 ; i**2 + r + 41.5319326426069
4611,0.4305619655797857,s**2 ; Abs(B0 + r**2)**(1/4),s**2 ; Abs(r**2 + 17.3456862097744)**(1/4)
4612,0.42818193924766446,Abs(i)**(1/8)*Abs(s)**(5/4) ; B0 + B1*i*r**2,Abs(i)**(1/8)*Abs(s)**(5/4) ; 0.793672531133098*i*r**2 + 0.447829469783311
4613,0.42766317282904603,s*Abs(i)**(1/4) ; i + r,s*Abs(i)**(1/4) ; i + r
4614,0.42737875420111837,s*sqrt(Abs(i)) ; B0*i*r - i*r**2 + r**2,s*sqrt(Abs(i)) ; -i*r**2 + 0.000918982396879757*i*r + r**2
4615,0.42710876900587497,-i + Abs(s)**(1/4) ; sqrt(Abs(r)),-i + Abs(s)**(1/4) ; sqrt(Abs(r))
4616,0.42625634592398787,s**2 ; i*sqrt(Abs(i**2 + r)),s**2 ; i*sqrt(Abs(i**2 + r))
4617,0.4255653714373295,sqrt(Abs(B0 - sqrt(Abs(i)))) ; B1 - i,sqrt(Abs(sqrt(Abs(i)) - 9.99995991336849)) ; 231.09814094318 - i
4618,0.42495021681016654,s*sqrt(Abs(s*sqrt(Abs(i)) + s)) ; B0*Abs(i)**(3/4) + i,s*sqrt(Abs(s*sqrt(Abs(i)) + s)) ; i + 86.7307224922516*Abs(i)**(3/4)
4619,0.4240240221196185,Abs(s)**(7/4) ; i,Abs(s)**(7/4) ; i
4620,0.4238328066442095,s*sqrt(Abs(s - Abs(i)**(1/4))) ; i*r + 2*r**2,s*sqrt(Abs(s - Abs(i)**(1/4))) ; i*r + 2*r**2
4621,0.4235521357320959,B0*i*s + s**2 ; Abs(B1 + 2*i)**(1/4),-0.00395106280327773*i*s + s**2 ; Abs(2*i + 0.000620035629790718)**(1/4)
4622,0.4230852699581602,sqrt(Abs(B0 - sqrt(Abs(B1 + s)))) ; i,sqrt(Abs(sqrt(Abs(s - 6340.34849428414)) - 79.6400581955983)) ; i
4623,0.422973921288901,s*sqrt(Abs(B0 + i - s)) ; B1*r + i*r**2 - r**2,s*sqrt(Abs(i - s + 0.584231792543043)) ; i*r**2 - r**2 + 3.3577288651591*r
4624,0.42256025018596904,sqrt(Abs(B0 - sqrt(Abs(B1 + i)))) ; -r + sqrt(Abs(B2 - sqrt(Abs(i)))),sqrt(Abs(sqrt(Abs(i + 8301.74724336222)) - 90.9388887992267)) ; -r + sqrt(Abs(sqrt(Abs(i)) - 1203.893590363))
4625,0.4225303242867214,s*sqrt(Abs(2*s - sqrt(Abs(s)))) ; sqrt(Abs(i - r)),s*sqrt(Abs(2*s - sqrt(Abs(s)))) ; sqrt(Abs(i - r))
4626,0.42199378246474795,s**2 ; B0 + B1*i + B2*r,s**2 ; 0.00132304240174052*i + 0.00811282187574107*r + 8.39043529436273
4627,0.42190259185920814,Abs(i)**(1/8)*Abs(s)**(9/8) ; B0 + B1*r**2,Abs(i)**(1/8)*Abs(s)**(9/8) ; 0.624321785421131 - 1.5890637347764*r**2
4628,0.42183604334014313,B0*s - i + sqrt(Abs(s)) ; i + sqrt(Abs(B1 + r)),-i + 1.56401992782276*s + sqrt(Abs(s)) ; i + sqrt(Abs(r - 2.0004235502578))
4629,0.41978378189842236,Abs(s)**(7/4) ; Abs(i)**(3/2),Abs(s)**(7/4) ; Abs(i)**(3/2)
4630,0.41978378189842236,Abs(s)**(7/4) ; i**2,Abs(s)**(7/4) ; i**2
4631,0.41978378189842236,Abs(s)**(7/4) ; B0*i,Abs(s)**(7/4) ; 2.2283899772327*i
4632,0.41978378189842236,Abs(s)**(7/4) ; i*r,Abs(s)**(7/4) ; i*r
4633,0.41947353541424637,B0*s + 2*i*s ; B1*r,2*i*s - 0.0293306630545324*s ; 0.0211737518318796*r
4634,0.4193582965235865,2*i**2 + 3*i*s + s**2 ; B0 + i*r + i,2*i**2 + 3*i*s + s**2 ; i*r + i + 0.841591541224204
4635,0.41860930450265804,-i + Abs(s)**(1/4) ; B0 - r**2 + r,-i + Abs(s)**(1/4) ; -r**2 + r
4636,0.4180086139662946,s*sqrt(Abs(i + s**2)) ; B0*sqrt(Abs(i)) + i,s*sqrt(Abs(i + s**2)) ; i + 1.47727113032067*sqrt(Abs(i))
4637,0.4177738446401005,s**2 ; B0 + B1*i + B1*Abs(r)**(1/4),s**2 ; 0.0799336470646666*i + 0.0799336470646666*Abs(r)**(1/4) + 0.0110226094467995
4638,0.41587491234154006,s*sqrt(Abs(B0*i + s)) ; i - sqrt(Abs(i - r)),s*sqrt(Abs(0.218296575406197*i - s)) ; i - sqrt(Abs(i - r))
4639,0.4155859440794381,Abs(s)**(7/4) ; sqrt(2)*r*sqrt(Abs(i)),Abs(s)**(7/4) ; sqrt(2)*r*sqrt(Abs(i))
4640,0.41422295957712446,2*i*s ; sqrt(Abs(r)),2*i*s ; sqrt(Abs(r))
4641,0.4139678588344477,s*sqrt(Abs(i + sqrt(Abs(i - sqrt(Abs(s)))))) ; B0 + 2*i,s*sqrt(Abs(i + sqrt(Abs(i - sqrt(Abs(s)))))) ; 2*i + 3.89456379897909
4642,0.41380905237664056,s*Abs(i)**(1/4) ; i,s*Abs(i)**(1/4) ; i
4643,0.41359610619369946,s**2 ; i - Abs(B0*i + i**2)**(1/4),s**2 ; i - Abs(i**2 + 0.000410166889596693*i)**(1/4)
4644,0.41143008463864367,Abs(s)**(7/4) ; B0*i*r,Abs(s)**(7/4) ; 4.57216986922697*i*r
4645,0.4111141056469729,s*sqrt(Abs(B0*i - i**2 + s)) ; i - Abs(r)**(3/4),s*sqrt(Abs(i**2 + 0.480786517709957*i - s)) ; i - Abs(r)**(3/4)
4646,0.4094601451317625,s**2 ; r*sqrt(Abs(i*r + r**2 + r)),s**2 ; r*sqrt(Abs(i*r + r**2 + r))
4647,0.40835097234342504,s*sqrt(Abs(i*sqrt(Abs(s)) + i)) ; i - sqrt(Abs(B0*i + i*r)),s*sqrt(Abs(i*sqrt(Abs(s)) + i)) ; i - sqrt(Abs(i*r))
4648,0.4075731174122772,2**(1/4)*Abs(i)**(1/4)*Abs(s)**(3/2) ; B0*i*sqrt(Abs(r)),2**(1/4)*Abs(i)**(1/4)*Abs(s)**(3/2) ; 0.0607224566255377*i*sqrt(Abs(r))
4649,0.40618466947135173,s*sqrt(Abs(i - s)) ; -i*r**2,s*sqrt(Abs(i - s)) ; -i*r**2
4650,0.40618466947135173,s*sqrt(Abs(i - s)) ; r*sqrt(Abs(i)),s*sqrt(Abs(i - s)) ; r*sqrt(Abs(i))
4651,0.40618466947135173,s*sqrt(Abs(i - s)) ; r**2,s*sqrt(Abs(i - s)) ; r**2
4652,0.40618466947135173,s*sqrt(Abs(i - s)) ; B0*r,s*sqrt(Abs(i - s)) ; 0.0363465660321708*r
4653,0.40299284712937,2*s*sqrt(Abs(i - s)) ; B0 - r + sqrt(Abs(r)),2*s*sqrt(Abs(i - s)) ; -r + sqrt(Abs(r)) + 0.00396900438844397
4654,0.4021228227766382,s*sqrt(Abs(i - s)) ; -i*r + r**2,s*sqrt(Abs(i - s)) ; -i*r + r**2
4655,0.4013118882436404,s**2 ; B0 + sqrt(Abs(B1*r + i*r - r**2)),s**2 ; sqrt(Abs(i*r - r**2 + 0.00022113484476663*r)) + 0.013555119539469
4656,0.40114241692618186,s*sqrt(Abs(s - sqrt(Abs(i)))) ; r**2,s*sqrt(Abs(s - sqrt(Abs(i)))) ; r**2
4657,0.40114241692618186,s*sqrt(Abs(s - sqrt(Abs(i)))) ; B0*r + i*r,s*sqrt(Abs(s - sqrt(Abs(i)))) ; i*r + 0.000853666850807785*r
4658,0.40097011092478535,s*sqrt(Abs(i - sqrt(Abs(s)))) ; i*r,s*sqrt(Abs(i - sqrt(Abs(s)))) ; i*r
4659,0.40097011092478535,s*sqrt(Abs(i - sqrt(Abs(s)))) ; B0*r + r**2,s*sqrt(Abs(i - sqrt(Abs(s)))) ; r**2 + 6.95265623973569*r
4660,0.40097011092478535,s*sqrt(Abs(i - sqrt(Abs(s)))) ; B0*r,s*sqrt(Abs(i - sqrt(Abs(s)))) ; 31.5516649009148*r
4661,0.39810159454887184,s*sqrt(Abs(i - s)) ; B0*r + sqrt(2)*r*sqrt(Abs(i)),s*sqrt(Abs(i - s)) ; sqrt(2)*r*sqrt(Abs(i)) + 0.0173280865558004*r
4662,0.397425275669864,s*Abs(i)**(1/4) ; Abs(i)**(3/2),s*Abs(i)**(1/4) ; Abs(i)**(3/2)
4663,0.3971982652560837,2*i*s + sqrt(Abs(i))*Abs(s)**(3/2) ; B0 + B1*r**2,2*i*s + sqrt(Abs(i))*Abs(s)**(3/2) ; 0.141775333406186 - 0.148718446654766*r**2
4664,0.39412057860338306,s*sqrt(Abs(i - s)) ; i*r**2 - i*r,s*sqrt(Abs(i - s)) ; i*r**2 - i*r
4665,0.39412057860338306,s*sqrt(Abs(i - s)) ; B0*r**2 - i*r,s*sqrt(Abs(i - s)) ; -i*r + 9.61390140599483*r**2
4666,0.39211326922282314,s*sqrt(Abs(B0 - i + 2*s)) ; i,s*sqrt(Abs(i - 2*s + 1.44820004681378)) ; i
4667,0.39017937281734927,s*sqrt(Abs(i - s)) ; B0*r + B1*r*sqrt(Abs(i)),s*sqrt(Abs(i - s)) ; 0.000172895444782711*r*sqrt(Abs(i)) + 48.3516997158904*r
4668,0.3884627005667369,s*sqrt(Abs(i + s)) ; B0*Abs(i)**(1/8) + i,s*sqrt(Abs(i + s)) ; i + 1.49369454392306*Abs(i)**(1/8)
4669,0.3880526499818588,s*Abs(i - sqrt(Abs(i)))**(1/4) ; i,s*Abs(i - sqrt(Abs(i)))**(1/4) ; i
4670,0.38732535952983144,s*Abs(i*s - s**2)**(1/4) ; i,s*Abs(i*s - s**2)**(1/4) ; i
4671,0.3868786753807731,sqrt(2)*s*sqrt(Abs(i)) ; i - sqrt(Abs(B0*i + i*r)),sqrt(2)*s*sqrt(Abs(i)) ; i - sqrt(Abs(i*r))
4672,0.3868367109203891,2*i*s + i*sqrt(Abs(s)) ; i,2*i*s + i*sqrt(Abs(s)) ; i
4673,0.38517028868360625,s*sqrt(Abs(i - sqrt(Abs(s)))) ; B0*r + i*r + r**2,s*sqrt(Abs(i - sqrt(Abs(s)))) ; i*r + r**2 + 0.132132173987397*r
4674,0.38517028868360625,s*sqrt(Abs(i - sqrt(Abs(s)))) ; B0*r - i*r + r**2,s*sqrt(Abs(i - sqrt(Abs(s)))) ; -i*r + r**2 + 0.270533889926189*r
4675,0.3850771447999752,Abs(s)**(3/2) ; i,Abs(s)**(3/2) ; i
4676,0.3850771447999752,Abs(s)**(3/2) ; B0 + i,Abs(s)**(3/2) ; i + 0.713378186742096
4677,0.3850771447999752,Abs(s)**(3/2) ; 2*i,Abs(s)**(3/2) ; 2*i
4678,0.3850771447999752,Abs(s)**(3/2) ; 2*r,Abs(s)**(3/2) ; 2*r
4679,0.3850771447999752,Abs(s)**(3/2) ; i + r,Abs(s)**(3/2) ; i + r
4680,0.3850771447999752,Abs(s)**(3/2) ; B0 + r,Abs(s)**(3/2) ; r + 80.6546497623685
4681,0.3850771447999752,Abs(s)**(3/2) ; i*r,Abs(s)**(3/2) ; i*r
4682,0.3850771447999752,Abs(s)**(3/2) ; r**2,Abs(s)**(3/2) ; r**2
4683,0.3850771447999752,Abs(s)**(3/2) ; B0*r,Abs(s)**(3/2) ; 0.00176768477435206*r
4684,0.3850771447999752,Abs(s)**(3/2) ; r,Abs(s)**(3/2) ; r
4685,0.3832422935541469,s*sqrt(Abs(i)) + Abs(i)**(3/2) ; i,s*sqrt(Abs(i)) + Abs(i)**(3/2) ; i
4686,0.38241480329828403,s*sqrt(Abs(i - s)) ; i*r - r**2 - r*sqrt(Abs(i)),s*sqrt(Abs(i - s)) ; i*r - r**2 - r*sqrt(Abs(i))
4687,0.3812263733519754,Abs(s)**(3/2) ; i + sqrt(Abs(i)),Abs(s)**(3/2) ; i + sqrt(Abs(i))
4688,0.3812263733519754,Abs(s)**(3/2) ; B0 + sqrt(Abs(r)),Abs(s)**(3/2) ; sqrt(Abs(r)) + 0.205766630490713
4689,0.3812263733519754,Abs(s)**(3/2) ; B0 + sqrt(Abs(i)),Abs(s)**(3/2) ; sqrt(Abs(i)) + 29.1486331765662
4690,0.3812263733519754,Abs(s)**(3/2) ; sqrt(Abs(B0 + r)),Abs(s)**(3/2) ; sqrt(Abs(r + 87.9643450570624))
4691,0.3812263733519754,Abs(s)**(3/2) ; r*sqrt(Abs(i)),Abs(s)**(3/2) ; r*sqrt(Abs(i))
4692,0.3778902861757871,B0*i + B1*i**2 ; i**2*r + r + Abs(i)**(5/2),-0.00230349172752026*i**2 - 0.23041315711839*i ; i**2*r + r + Abs(i)**(5/2)
4693,0.37707111008420535,sqrt(Abs(B0 - sqrt(Abs(i)))) ; B1*i**2 - i**3 - i**2*r,sqrt(Abs(sqrt(Abs(i)) - 10.0000589192876)) ; -i**3 - i**2*r - 1058764.7619564*i**2
4694,0.37658188057223035,B0*Abs(i)**(3/2)*sqrt(Abs(s)) + i ; r,i - 1.20292388426157*Abs(i)**(3/2)*sqrt(Abs(s)) ; r
4695,0.37413958656137447,s*Abs(i - s)**(1/4) ; B0 - r,s*Abs(i - s)**(1/4) ; 0.03993149694478 - r
4696,0.3736399685222711,Abs(s)**(3/2) ; B0 - r + sqrt(Abs(r)),Abs(s)**(3/2) ; -r + sqrt(Abs(r)) + 0.228930633259784
4697,0.37268182502809666,-s**2*sqrt(Abs(i)) + 2*s*Abs(i)**(3/2) ; B1*sqrt(Abs(B0 + i)),-s**2*sqrt(Abs(i)) + 2*s*Abs(i)**(3/2) ; 0.0064425230824106*sqrt(Abs(i + 30.3833012975298))
4698,0.3725165308192244,B0*s + i*s + s*sqrt(Abs(i)) ; B1*r + B1*sqrt(Abs(i - r**2)),i*s + s*sqrt(Abs(i)) - 0.132858076521641*s ; 0.0227575430792478*r + 0.0227575430792478*sqrt(Abs(i - r**2))
4699,0.37033309811406945,B0*i + sqrt(Abs(B1 + s)) ; B2*i*r + B2*i + B2*r,0.00284431583121632*i + sqrt(Abs(s - 0.335579971835879)) ; -3.70023715701899*i*r - 3.70023715701899*i - 3.70023715701899*r
4700,0.3699035688370484,Abs(s)**(3/2) ; B0 + B1*i + r,Abs(s)**(3/2) ; 0.0241463918017915*i + r + 2.10850448568737
4701,0.3699035688370484,Abs(s)**(3/2) ; 2*i*r,Abs(s)**(3/2) ; 2*i*r
4702,0.3691098821674662,s*sqrt(Abs(i - s**2)) ; B0*r,s*sqrt(Abs(i - s**2)) ; 1.7912463369869*r
4703,0.36721562751649,s*Abs(i*s + s**2)**(1/8) ; B0 + B1*r**2,s*Abs(i*s + s**2)**(1/8) ; 1.9750000039666 - 0.822888870695507*r**2
4704,0.366804492278293,i*s + s**2 + s*sqrt(Abs(i - s)) ; B0*i,i*s + s**2 + s*sqrt(Abs(i - s)) ; 1.68774918780923*i
4705,0.3662045331486779,Abs(s)**(3/2) ; r**2 - Abs(r)**(5/4),Abs(s)**(3/2) ; r**2 - Abs(r)**(5/4)
4706,0.36080031994871514,s*Abs(i)**(1/8) ; B0*i + B1*i*r**2,s*Abs(i)**(1/8) ; 2.03358581763755*i*r**2 + 2.1076820753506*i
4707,0.3598810747792784,s*sqrt(Abs(i + sqrt(Abs(B0*i + i*s)))) ; r,s*sqrt(Abs(i + sqrt(Abs(i*s - 0.763069931824675*i)))) ; r
4708,0.35969162282041317,-i*s + s**2 + s*sqrt(Abs(i)) ; B0*i + B1*i*r,-i*s + s**2 + s*sqrt(Abs(i)) ; -0.0010045804620364*i*r + 0.551790443684849*i
4709,0.3576169474752953,s*Abs(B0 + i)**(1/8) ; B1*r + i*r**3,s*Abs(i - 0.24848406785283)**(1/8) ; i*r**3 + 1.0125093508169*r
4710,0.35726123444648794,2*s*sqrt(Abs(i)) ; 2*i,2*s*sqrt(Abs(i)) ; 2*i
4711,0.35689397011827967,i*s**2 + s**2 ; r,i*s**2 + s**2 ; r
4712,0.35641434370511177,-i*s**2 + i*s + s**2 ; i,-i*s**2 + i*s + s**2 ; i
4713,0.355327892309629,Abs(s)**(3/2) ; B0*r - i*r + r**2,Abs(s)**(3/2) ; -i*r + r**2 + 0.0101663918235737*r
4714,0.35315837352719737,B0 + i*s ; B1 + B2*sqrt(Abs(r)) + r,i*s + 0.191119749241698 ; r + 0.557290135775677*sqrt(Abs(r)) - 0.0462969771635692
4715,0.3528804499552829,i + s*sqrt(Abs(i)) - Abs(i)**(3/2) ; i,i + s*sqrt(Abs(i)) - Abs(i)**(3/2) ; i
4716,0.3524497217942673,i*sqrt(Abs(B0 + B1*s)) ; B3*sqrt(Abs(B2 - i + r)) + r,i*sqrt(Abs(3.85132601067792e-7*s - 1.29918548765188e-6)) ; r + 62.6876568954126*sqrt(Abs(-i + r + 11.5869342779433))
4717,0.3517746133865327,Abs(s)**(3/2) ; r*sqrt(Abs(B0*r**2 + B1*r)),Abs(s)**(3/2) ; r*sqrt(Abs(6.74683022439211*r**2 + 12.2710958329669*r))
4718,0.34978877965976674,s*sqrt(Abs(i*s**2 + s)) ; i - r,s*sqrt(Abs(i*s**2 + s)) ; i - r
4719,0.34828059662664274,2*i*s + s*sqrt(Abs(i)) ; B0*sqrt(Abs(r)) + B1*r,2*i*s + s*sqrt(Abs(i)) ; 0.00726650868052053*r + 0.000145920101000863*sqrt(Abs(r))
4720,0.34828059662664274,2*i*s + s*sqrt(Abs(i)) ; B0*r + B1*i**2*r,2*i*s + s*sqrt(Abs(i)) ; 1.18393041054683*i**2*r + 89.1442001070126*r
4721,0.3474278208877293,B0 + i**2 - i*sqrt(Abs(s)) ; B1 + 2*i - sqrt(Abs(r)),i**2 - i*sqrt(Abs(s)) + 0.147279269195537 ; 2*i - sqrt(Abs(r)) + 0.23945644629744
4722,0.34655891948196194,s*Abs(B0 + s**2)**(1/8) ; B1*r + B2*r**3,s*Abs(s**2 - 0.256626748303677)**(1/8) ; 0.0601956813165909*r**3 + 0.0185973979571724*r
4723,0.3459399742604109,s*Abs(i - Abs(s)**(1/4))**(1/4) ; B0*r + B1*i*r,s*Abs(i - Abs(s)**(1/4))**(1/4) ; 0.00025006863568788*i*r + 0.00103852455493077*r
4724,0.34540361105859696,s*Abs(2*i - s)**(1/4) ; B0*i + B1*i**2*r,s*Abs(2*i - s)**(1/4) ; -2.97139661635304*i**2*r - 0.559929247479117*i
4725,0.34507519179889534,i*s**2 + Abs(i)**(5/4)*Abs(s)**(3/2) ; Abs(i)**(1/4),i*s**2 + Abs(i)**(5/4)*Abs(s)**(3/2) ; Abs(i)**(1/4)
4726,0.3447742985801407,Abs(s)**(3/2) ; B0*i + B1*i**2 + B1*i*r,Abs(s)**(3/2) ; 0.230502598232326*i**2 + 0.230502598232326*i*r + 0.18654645430012*i
4727,0.3440058197032369,i*s + Abs(s)**(5/2) ; i - r,i*s + Abs(s)**(5/2) ; i - r
4728,0.34208895410082735,Abs(i)**(1/8)*Abs(s)**(9/8) ; 2*i**2 + i*r,Abs(i)**(1/8)*Abs(s)**(9/8) ; 2*i**2 + i*r
4729,0.34051954427094955,Abs(s)**(5/4) ; r*sqrt(Abs(i)),Abs(s)**(5/4) ; r*sqrt(Abs(i))
4730,0.34051954427094955,Abs(s)**(5/4) ; i,Abs(s)**(5/4) ; i
4731,0.34038801480314773,s*sqrt(Abs(i + Abs(s)**(3/2))) ; B0*Abs(i)**(1/4)*sqrt(Abs(r)) + i,s*sqrt(Abs(i + Abs(s)**(3/2))) ; i + 1.02312957468646*Abs(i)**(1/4)*sqrt(Abs(r))
4732,0.3387991250636261,i*s + s**2 ; i,i*s + s**2 ; i
4733,0.33768662285344947,-i*s + s**2 ; i,-i*s + s**2 ; i
4734,0.33532110603105086,B0 + B1*i + B2*i**2 ; -i + r*sqrt(Abs(r - sqrt(Abs(i))*sqrt(Abs(r)))),0.000935667094608232*i**2 - 0.0992144030811906*i + 0.578802867676404 ; -i + r*sqrt(Abs(r - sqrt(Abs(i))*sqrt(Abs(r))))
4735,0.3342860351315293,s*sqrt(Abs(i*s + s)) ; i - sqrt(Abs(i))*Abs(r)**(1/4),s*sqrt(Abs(i*s + s)) ; i - sqrt(Abs(i))*Abs(r)**(1/4)
4736,0.3330607778025334,s*Abs(i)**(3/16) ; B0*r + i**3*r,s*Abs(i)**(3/16) ; i**3*r + 10.284273355966*r
4737,0.33140789667291604,2**(1/4)*Abs(s)**(3/2) ; 2*r,2**(1/4)*Abs(s)**(3/2) ; 2*r
4738,0.33137087786628583,i**2*s + i**2*sqrt(Abs(B0 + s)) ; B1 - i - r + sqrt(Abs(i)),i**2*s + i**2*sqrt(Abs(s + 0.209426148641337)) ; -i - r + sqrt(Abs(i)) + 0.122134394910408
4739,0.33067886322427054,s*sqrt(Abs(2*i - s)) ; B0*r - i*r + r**2,s*sqrt(Abs(2*i - s)) ; -i*r + r**2 + 18.2066931977672*r
4740,0.33040577328655807,Abs(s)**(5/4) ; B0*i - i**2,Abs(s)**(5/4) ; -i**2 + 41.0828617042694*i
4741,0.33040577328655807,Abs(s)**(5/4) ; B0*i - i*r,Abs(s)**(5/4) ; -i*r + 61.7121933402651*i
4742,0.33040577328655807,Abs(s)**(5/4) ; B0 + B1*i*r,Abs(s)**(5/4) ; 18.3814671272719*i*r + 0.00204942732952459
4743,0.32937059533168744,s*sqrt(Abs(i*s + s)) ; i - sqrt(Abs(r))*Abs(i + r)**(1/4),s*sqrt(Abs(i*s + s)) ; i - sqrt(Abs(r))*Abs(i + r)**(1/4)
4744,0.324018070839376,s*Abs(i)**(1/8) ; Abs(r)**(1/4),s*Abs(i)**(1/8) ; Abs(r)**(1/4)
4745,0.32383069839815554,Abs(s)**(5/4) ; B0 + B1*i + B2*r,Abs(s)**(5/4) ; 0.184023987882175*i + 0.00953824124972904*r + 0.00574560108050585
4746,0.32351419824911803,s*sqrt(Abs(s*sqrt(Abs(i)) + s)) ; i - Abs(i)**(1/4)*sqrt(Abs(r)),s*sqrt(Abs(s*sqrt(Abs(i)) + s)) ; i - Abs(i)**(1/4)*sqrt(Abs(r))
4747,0.3214447410666356,s*sqrt(Abs(s*sqrt(Abs(i)) + s)) ; B0*sqrt(Abs(r)) + i,s*sqrt(Abs(s*sqrt(Abs(i)) + s)) ; i + 0.229962762348393*sqrt(Abs(r))
4748,0.31802314403105614,2*i*s + s**2 ; B0 + B1*i + B1*r,2*i*s + s**2 ; -0.656457969157042*i - 0.656457969157042*r + 0.654389751407603
4749,0.31738646750003224,Abs(s)**(5/4) ; B0*i + 2*i**2,Abs(s)**(5/4) ; 2*i**2 + 0.0134825497558848*i
4750,0.3157767156587199,s*sqrt(Abs(s*sqrt(Abs(i)) + s)) ; i - sqrt(Abs(i))*Abs(r)**(1/4),s*sqrt(Abs(s*sqrt(Abs(i)) + s)) ; i - sqrt(Abs(i))*Abs(r)**(1/4)
4751,0.3154127735305119,B0 + i + s*sqrt(Abs(i)) ; B1*i + B1*r**2 + B1*r,i + s*sqrt(Abs(i)) - 0.18217943044904 ; 0.0019278772806304*i + 0.0019278772806304*r**2 + 0.0019278772806304*r
4752,0.31533442056876493,s*Abs(2*i - s)**(1/8) ; B1*i*sqrt(Abs(B0 - i + r)),s*Abs(2*i - s)**(1/8) ; -0.443324492354653*i*sqrt(Abs(i - r + 0.800217809852475))
4753,0.31125046601620193,s*Abs(i)**(1/8) ; B0*r + r**4,s*Abs(i)**(1/8) ; r**4 + 0.0232248111827391*r
4754,0.3111986546374871,s*sqrt(Abs(i + Abs(i)**(1/4)*sqrt(Abs(s)))) ; i,s*sqrt(Abs(i + Abs(i)**(1/4)*sqrt(Abs(s)))) ; i
4755,0.31107047679678157,i*Abs(s)**(5/4) + Abs(s)**(9/4) ; B0*i*sqrt(Abs(r)),i*Abs(s)**(5/4) + Abs(s)**(9/4) ; 0.00704645814857729*i*sqrt(Abs(r))
4756,0.3105761873190626,s*sqrt(Abs(i + s + sqrt(Abs(s)))) ; B0 + i,s*sqrt(Abs(i + s + sqrt(Abs(s)))) ; i + 3.00586012453482
4757,0.3088693842495014,B0*i + i*s + i*sqrt(Abs(s)) ; r,i*s + i*sqrt(Abs(s)) - 0.101857290700525*i ; r
4758,0.306792919018107,Abs(i)**(1/8)*Abs(s)**(17/16) ; B0*r + i*r**3,Abs(i)**(1/8)*Abs(s)**(17/16) ; i*r**3 + 0.829744116981835*r
4759,0.30537263186489555,s**2*sqrt(Abs(i)) + s**2 ; r,s**2*sqrt(Abs(i)) + s**2 ; r
4760,0.3051640986464374,sqrt(Abs(B0 - sqrt(2)*sqrt(Abs(i)))) ; B1 - i**2 + i - r,sqrt(Abs(sqrt(2)*sqrt(Abs(i)) - 14.1421642542903)) ; -i**2 + i - r - 198.932101760482
4761,0.304966163109019,B0*i + B1*i**2 + s ; sqrt(Abs(B2 + r)),-6.89245839963443e-5*i**2 - 0.0145898779789501*i + s ; sqrt(Abs(r + 2.76017769737124e-11))
4762,0.3037172515533746,s ; r,s ; r
4763,0.3037172515533746,s ; i,s ; i
4764,0.3037172515533746,s ; -i,s ; -i
4765,0.30325899205106704,s*sqrt(Abs(i + Abs(s)**(3/4))) ; i,s*sqrt(Abs(i + Abs(s)**(3/4))) ; i
4766,0.30250133055076467,Abs(s)**(9/8) ; B0*i + B1*i*r,Abs(s)**(9/8) ; 0.68759265363445*i*r + 1.08163684808982*i
4767,0.30244346090526775,s*Abs(i + s)**(1/4) ; B0*i + Abs(i)**(7/2),s*Abs(i + s)**(1/4) ; 1.98727715154115*i + Abs(i)**(7/2)
4768,0.30230072886773934,s*sqrt(Abs(s*sqrt(Abs(i)) + s)) ; i - Abs(i)**(5/8),s*sqrt(Abs(s*sqrt(Abs(i)) + s)) ; i - Abs(i)**(5/8)
4769,0.30068007903784083,s ; sqrt(Abs(r)),s ; sqrt(Abs(r))
4770,0.30068007903784083,s ; sqrt(Abs(i)),s ; sqrt(Abs(i))
4771,0.29987436722479993,i*s**3 + i*s + s**4 ; r,i*s**3 + i*s + s**4 ; r
4772,0.29943451492986234,2*i*s + Abs(s)**(5/4) ; B0*i + B1*r**2 + B2*i*r,2*i*s + Abs(s)**(5/4) ; 7.46453983412317*i*r + 2.00643827045106*i + 4.35575716396772*r**2
4773,0.29866214633900223,s*sqrt(Abs(s + sqrt(Abs(i))*sqrt(Abs(s)))) ; i - sqrt(Abs(B0*r + i**2*r)),s*sqrt(Abs(s + sqrt(Abs(i))*sqrt(Abs(s)))) ; i - sqrt(Abs(i**2*r - 4.05733368544391e-9*r))
4774,0.2976732782474624,s ; B0 + i,s ; i + 0.252582818672
4775,0.2976732782474624,s ; 2*i,s ; 2*i
4776,0.2976732782474624,s ; B0*i,s ; 0.0828143299559226*i
4777,0.2976732782474624,s ; B0*r,s ; 0.000695133942753289*r
4778,0.2976732782474624,s ; B0 + r,s ; r + 0.103956420941469
4779,0.2971736960669531,s*sqrt(Abs(sqrt(2)*i + s)) ; i,s*sqrt(Abs(sqrt(2)*i + s)) ; i
4780,0.29689488169888206,s*Abs(i*s + s)**(1/4) ; i**3 + i**2*sqrt(Abs(r)),s*Abs(i*s + s)**(1/4) ; i**3 + i**2*sqrt(Abs(r))
4781,0.2964815540728044,Abs(s)**(9/8) ; B0*r + i*r**3,Abs(s)**(9/8) ; i*r**3 + 0.12355312174121*r
4782,0.2946965454649878,s ; B0*sqrt(Abs(r)),s ; 0.0188595794205123*sqrt(Abs(r))
4783,0.2946965454649878,s ; r - sqrt(Abs(i)),s ; r - sqrt(Abs(i))
4784,0.2946965454649878,s ; B0 - sqrt(Abs(i)),s ; 0.232932517792283 - sqrt(Abs(i))
4785,0.2946965454649878,s ; -i*sqrt(Abs(r)),s ; -i*sqrt(Abs(r))
4786,0.2941895239825478,B0*sqrt(Abs(i)) + s ; sqrt(Abs(i)),s + 0.0384749725200217*sqrt(Abs(i)) ; sqrt(Abs(i))
4787,0.2933835186938066,B0 + i - s**2 + s ; i,i - s**2 + s - 0.0233645742586339 ; i
4788,0.29208695890411124,-i + s + sqrt(Abs(i*s + i*sqrt(Abs(s)))) ; B0*r + B1*i*r,-i + s + sqrt(Abs(i*s + i*sqrt(Abs(s)))) ; 0.00653974748876333*i*r + 3.65244017559988*r
4789,0.2918817993347429,s*Abs(i)**(1/16) ; B0*r,s*Abs(i)**(1/16) ; 0.152580695936034*r
4790,0.2917495800103379,s ; B0 + B1*r,s ; 0.000211229140593623*r + 12.2974353852491
4791,0.2917495800103379,s ; B0*r**2,s ; 0.0581140751455534*r**2
4792,0.2917495800103379,s ; B0*i*r,s ; 0.00231958567122975*i*r
4793,0.2917495800103379,s ; Abs(B0 - r)**(1/4),s ; Abs(r - 0.0411159569754021)**(1/4)
4794,0.2917495800103379,s ; -i + r**2,s ; -i + r**2
4795,0.2917495800103379,s ; B0 + 2*r,s ; 2*r + 0.000584101544549141
4796,0.2917495800103379,s ; B0 + B1*i,s ; 0.000864190437299575*i + 0.0164429339958126
4797,0.2915465750108766,s*Abs(i - 2*s)**(1/8) ; B0*i + i**3*r,s*Abs(i - 2*s)**(1/8) ; i**3*r + 0.191597584793539*i
4798,0.28594376336813215,s ; B0 + i + Abs(i)**(3/2),s ; i + Abs(i)**(3/2) + 85.4019755010587
4799,0.28594376336813215,s ; B0*i + i**2,s ; i**2 + 0.000168540227140371*i
4800,0.28594376336813215,s ; B0*r + r**2,s ; r**2 + 0.424498147480505*r
4801,0.28594376336813215,s ; sqrt(Abs(B0 + B1*sqrt(Abs(r)))),s ; sqrt(0.00221370930305804*sqrt(Abs(r)) + 1.28294484414006)
4802,0.28594376336813215,i*s + s**2 ; r,i*s + s**2 ; r
4803,0.28594376336813215,s ; B0 + B1*i - r,s ; 0.00110150997947764*i - r + 0.00373692466001064
4804,0.28594376336813215,s ; B0 + B1*r + i,s ; i + 0.0534701945676053*r + 0.000608692092415514
4805,0.28308432573445086,s ; B0 + B1*r*sqrt(Abs(i)),s ; 0.000254693544121609*r*sqrt(Abs(i)) + 0.499895143795981
4806,0.28308432573445086,s ; B0 + B1*sqrt(Abs(r)) - r,s ; -r + 0.000430543226947975*sqrt(Abs(r)) + 0.000734361805957964
4807,0.28308432573445086,s ; r*sqrt(Abs(B0 + i + r)),s ; r*sqrt(Abs(i + r + 0.00172752221050738))
4808,0.28308432573445086,s ; B0 + Abs(i)**(3/2)*sqrt(Abs(r)),s ; Abs(i)**(3/2)*sqrt(Abs(r)) + 2.33472451743489
4809,0.28141894475880447,i*s + Abs(s)**(3/2) ; i,i*s + Abs(s)**(3/2) ; i
4810,0.28025348247710635,s ; B0 + B1*r + r**2,s ; r**2 + 60.7722417638907*r + 0.000176619571323185
4811,0.28025348247710635,s ; B0 + B1*i + B2*r,s ; 0.000954871127705827*i + 0.0890513845948858*r + 0.368466922431534
4812,0.28025348247710635,s ; B0 + B1*i + i*r,s ; i*r + 0.00473937530700152*i + 25.541565334063
4813,0.2779886979147309,i + s ; B0 + i,i + s ; i + 1.02529242776309
4814,0.2778925819286978,i*s + s + sqrt(Abs(s)) ; B0*i*r + B0*i + B0*r,i*s + s + sqrt(Abs(s)) ; -0.346539286753414*i*r - 0.346539286753414*i - 0.346539286753414*r
4815,0.2774509476523353,s ; i + r*Abs(r + sqrt(Abs(r)))**(1/4),s ; i + r*Abs(r + sqrt(Abs(r)))**(1/4)
4816,0.2774509476523353,s ; B0 - i + sqrt(Abs(B1 + B2*i)),s ; -i + sqrt(Abs(0.00258630554280592*i + 3.36445896263847)) + 2.44794089902889
4817,0.27552837875597247,2*s ; i,2*s ; i
4818,0.2748583203112363,s + sqrt(Abs(B0 + B1*s)) ; i*sqrt(Abs(i + r)) + r,s + sqrt(Abs(0.00107218553840789*s - 0.000229052955861826)) ; i*sqrt(Abs(i + r)) + r
4819,0.27467643817581194,s ; B0*i + i**2 + i*r,s ; i**2 + i*r + 0.00300468700451086*i
4820,0.27467643817581194,s ; B0*i*r + i*r**2,s ; i*r**2 + 7.48509728887647*i*r
4821,0.27455130470892175,s*Abs(2*i + s)**(1/4) ; i,s*Abs(2*i + s)**(1/4) ; i
4822,0.27052336040532354,s + sqrt(Abs(B0 + B1*i)) ; i - r,s + sqrt(Abs(0.00273269385396874*i - 0.00143443131792898)) ; i - r
4823,0.2692103770561132,s ; B0 + B1*i**2 + B2*i*r,s ; 0.00013213886576866*i**2 + 0.381617743434563*i*r + 0.00469908559005765
4824,0.2692103770561132,s ; B0*i**2 + B1*i*r**2,s ; 56.6612631207126*i**2 + 0.0689467883966068*i*r**2
4825,0.2692103770561132,s ; B0*i*r + Abs(i)**(3/2)*Abs(r)**(3/2),s ; 0.000123960110449343*i*r + Abs(i)**(3/2)*Abs(r)**(3/2)
4826,0.26807530064940227,i*s + Abs(s)**(7/4) ; B0*r + i*r,i*s + Abs(s)**(7/4) ; i*r + 0.000166428003557895*r
4827,0.2644095710225236,-i + Abs(i + sqrt(Abs(s)))**(1/8) ; B0*r,-i + Abs(i + sqrt(Abs(s)))**(1/8) ; 1.07184796967088*r
4828,0.2638530905526966,s ; Abs(B0*i*r + i**2*r)**(1/8),s ; Abs(i**2*r + 0.000460917635746065*i*r)**(1/8)
4829,0.2621708635452923,i*s + s**2 + Abs(s)**(3/2) ; B0 + B1*r**2 + B2*i*r,i*s + s**2 + Abs(s)**(3/2) ; 1.69077998757456*i*r + 0.011901412564472*r**2 + 1.73517480466967
4830,0.26202474666200837,2*s ; B0 + B1*i + B1*r,2*s ; 0.0231577716488513*i + 0.0231577716488513*r + 0.0497123739934449
4831,0.2611548659802277,Abs(s)**(33/32) ; B0*r + i**3*r,Abs(s)**(33/32) ; i**3*r + 0.0246022768935713*r
4832,0.26037043685140104,B0*s + i*s - s**2 ; 2*i,i*s - s**2 + 2.93728126792497*s ; 2*i
4833,0.25828586958600724,B0*s + i*s + 2*s**2 ; 2*i - sqrt(Abs(r)),i*s + 2*s**2 + 0.123095708502842*s ; 2*i - sqrt(Abs(r))
4834,0.2542423496614,2*s ; B0*Abs(r)**(3/2) + i + r**2,2*s ; i + r**2 + 1.44592146621076*Abs(r)**(3/2)
4835,0.2542423496614,2*s ; B0*sqrt(Abs(r)) - i*sqrt(Abs(r)) + i,2*s ; -i*sqrt(Abs(r)) + i + 0.0437609316893167*sqrt(Abs(r))
4836,0.25337471651406646,2*s**3 ; r,2*s**3 ; r
4837,0.2531700509240318,s*sqrt(Abs(s + Abs(s)**(3/2))) ; i - sqrt(Abs(r))*Abs(B0 + r)**(1/4),s*sqrt(Abs(s + Abs(s)**(3/2))) ; i - sqrt(Abs(r))*Abs(r + 60.2145151569578)**(1/4)
4838,0.2514893847987669,i + s - Abs(i)**(5/4) ; B0*r,i + s - Abs(i)**(5/4) ; 0.000721101366386745*r
4839,0.2442241866577657,2*i*s + 2*s**2 ; r,2*i*s + 2*s**2 ; r
4840,0.2408367520559373,s*Abs(i + 2*s)**(1/4) ; B0*r + B1*r**2 - r**3,s*Abs(i + 2*s)**(1/4) ; -r**3 + 35.813398074883*r**2 + 5.08731188437964*r
4841,0.23945204563852723,B0 + B1*s - i*s + sqrt(Abs(s)) ; i + sqrt(Abs(B2*sqrt(Abs(r)) - r)),-i*s - 0.0382571016286081*s + sqrt(Abs(s)) - 0.266890021940463 ; i + sqrt(Abs(r + 3.21063344326196*sqrt(Abs(r))))
4842,0.23723179536837735,s*sqrt(Abs(i + sqrt(Abs(i + s)))) ; B0*r,s*sqrt(Abs(i + sqrt(Abs(i + s)))) ; 0.000754340344826467*r
4843,0.2344049158666442,2*i*s + s**2 ; i,2*i*s + s**2 ; i
4844,0.23221311330916533,sqrt(2)*s ; sqrt(Abs(r)),sqrt(2)*s ; sqrt(Abs(r))
4845,0.23197858578650574,s*sqrt(Abs(i + 2*s)) ; B0*r - r**2,s*sqrt(Abs(i + 2*s)) ; -r**2 + 0.00043432938952351*r
4846,0.2314604447528702,sqrt(2)*Abs(s)**(3/2) ; B0*r + B0*sqrt(Abs(r)),sqrt(2)*Abs(s)**(3/2) ; 0.000150692387498867*r + 0.000150692387498867*sqrt(Abs(r))
4847,0.2284107927981164,-i - s + sqrt(Abs(B0*s - s**2)) ; i + sqrt(Abs(B1 + r)),-i - s + sqrt(Abs(s**2 - 1.26728419596824*s)) ; i + sqrt(Abs(r + 0.0870095286780979))
4848,0.22770915236106296,B0 + sqrt(Abs(i)) ; B1*Abs(i)**(3/2),sqrt(Abs(i)) - 0.0536399488850675 ; 27.3960471790109*Abs(i)**(3/2)
4849,0.22478184259570416,-i*sqrt(Abs(s)) + s + sqrt(Abs(i))*sqrt(Abs(s)) ; i,-i*sqrt(Abs(s)) + s + sqrt(Abs(i))*sqrt(Abs(s)) ; i
4850,0.21521494350750875,B0 - sqrt(Abs(s)) ; B1 - i + r,1.02207186877662 - sqrt(Abs(s)) ; -i + r + 26.0664860068961
4851,0.21461182644410545,i*sqrt(Abs(s)) + Abs(s)**(3/2) ; 2*i + r - sqrt(Abs(r)),i*sqrt(Abs(s)) + Abs(s)**(3/2) ; 2*i + r - sqrt(Abs(r))
4852,0.21401656820422396,-i + s + sqrt(Abs(B0 + i - s)) ; B1*i + B2*i*sqrt(Abs(r)),-i + s + sqrt(Abs(-i + s + 0.204551960313055)) ; 0.326971651608247*i*sqrt(Abs(r)) - 0.00415207856221631*i
4853,0.20922699343572723,B0 + i**2 ; B1 + i*r - 2*i,i**2 - 0.00060760233329273 ; i*r - 2*i + 0.0637071321211444
4854,0.2089984102231951,B0*s*sqrt(Abs(i)) + s*Abs(i)**(3/2) ; B1 + i**2*r - i - r,s*Abs(i)**(3/2) + 3.45329074863784*s*sqrt(Abs(i)) ; i**2*r - i - r + 0.743766100910323
4855,0.20882283760920622,B0 - sqrt(Abs(s)) ; B1 + B2*i + B2*r,1.02207458545117 - sqrt(Abs(s)) ; 13.8730003606027*i + 13.8730003606027*r + 67.485804713951
4856,0.20835547044194205,sqrt(Abs(B0 + B1*s + B2*i)) ; 2*sqrt(Abs(i)),sqrt(Abs(0.000669306759291088*i + 0.00347726273444901*s + 0.0761388013727193)) ; 2*sqrt(Abs(i))
4857,0.20492838307722083,i*s + s ; B0*i + B0*r,i*s + s ; -0.0178808117165131*i - 0.0178808117165131*r
4858,0.20355051755087153,B0 - i**2*s + i*s**3 + s ; B1 - sqrt(Abs(r)),-i**2*s + i*s**3 + s + 0.106193054231538 ; 0.625525254368757 - sqrt(Abs(r))
4859,0.20041528934004768,2*i*s + Abs(s)**(3/2) ; B0*i,2*i*s + Abs(s)**(3/2) ; 1.50178673772408*i
4860,0.20028664509364127,i*s + sqrt(2)*Abs(s)**(3/2) ; r,i*s + sqrt(2)*Abs(s)**(3/2) ; r
4861,0.19515359106983843,2*i*s + s**2 ; B0*r + B0*sqrt(Abs(i - r)),2*i*s + s**2 ; 0.0185243423611025*r + 0.0185243423611025*sqrt(Abs(i - r))
4862,0.19212870548798167,B0 + i**2 ; B1*i - r,i**2 - 0.736474394298869 ; 1.49050236997298*i - r
4863,0.19038667068867363,i*s + s**2 + Abs(s)**(3/2) ; i,i*s + s**2 + Abs(s)**(3/2) ; i
4864,0.18883293400778395,i*s + s**2 + s*Abs(i)**(1/4) ; B0*i,i*s + s**2 + s*Abs(i)**(1/4) ; -0.0109895244505479*i
4865,0.1732666528821525,2*i*s + Abs(s)**(3/2) ; B0*i**2 + B0*r,2*i*s + Abs(s)**(3/2) ; -0.00693552703990871*i**2 - 0.00693552703990871*r
4866,0.17315474433449507,2*i*s + Abs(s)**(3/2) ; B0*r + B1*r**2,2*i*s + Abs(s)**(3/2) ; 0.000495346798308306*r**2 + 0.19102175768806*r
4867,0.17273850184294504,2*s + sqrt(Abs(B0 + s)) ; B1*i + B2*r,2*s + sqrt(Abs(s + 0.662163655084514)) ; 0.66386174778026*i + 28.11155943375*r
4868,0.16050705459473114,-i*s + sqrt(2)*Abs(s)**(3/2) ; B0 + B1*r,-i*s + sqrt(2)*Abs(s)**(3/2) ; 0.0273770530723473*r + 0.0216360985594583
4869,0.15835368892042406,2*i*s + Abs(s)**(5/4) ; B0*r,2*i*s + Abs(s)**(5/4) ; 11.9083306631264*r
4870,0.1561330807290996,-2*i*s - s**2 ; B0 + r,-2*i*s - s**2 ; r
4871,0.15367996142317566,2*i*s + Abs(s)**(5/4) ; B0*i**2 + B1*r + B2*i*r,2*i*s + Abs(s)**(5/4) ; -0.00152751024159532*i**2 + 0.0343003679868403*i*r + 0.00335907178912532*r
4872,0.14685427559227152,B0 + i*s + i ; i - r,i*s + i - 0.0204146519654393 ; i - r
4873,0.1406204078579851,B0 - sqrt(Abs(s)) ; B1*sqrt(Abs(r)),1.08950068552925 - sqrt(Abs(s)) ; 24.8849433685364*sqrt(Abs(r))
4874,0.13854717506056638,i + s ; B0*i,i + s ; 2.37547499354028*i
4875,0.13643087257833897,B0 + sqrt(Abs(B1 + i)) ; i - sqrt(Abs(i)),sqrt(Abs(i + 198.539962199149)) - 14.2005500903246 ; i - sqrt(Abs(i))
4876,0.13581283604179556,3*i*s + s**2 ; B0*sqrt(Abs(r)),3*i*s + s**2 ; 0.000169048286013102*sqrt(Abs(r))
4877,0.13372306614450105,i*Abs(s)**(1/4) + s ; i,i*Abs(s)**(1/4) + s ; i
4878,0.1327481577591174,B0 + s + sqrt(Abs(s)) ; r,s + sqrt(Abs(s)) - 0.283136001091545 ; r
4879,0.1268231654540119,-i + s + sqrt(Abs(i*s - s**2)) ; B0*sqrt(Abs(i)),-i + s + sqrt(Abs(i*s - s**2)) ; 0.0305418107538439*sqrt(Abs(i))
4880,0.12139977123172946,B0*s - i*s + sqrt(Abs(s)) ; B1 + i,-i*s + 0.137071929525564*s + sqrt(Abs(s)) ; i + 1.81739843548001
4881,0.11821580264985519,i**2 + i*s + i ; i,i**2 + i*s + i ; i
4882,0.11246228602492123,i*sqrt(Abs(i + s)) + s ; i,i*sqrt(Abs(i + s)) + s ; i
4883,0.10358915153737834,B0*i*s + i ; i*r,1.7086008909808*i*s + i ; i*r
4884,0.10064147307313434,i*sqrt(Abs(s)) + 2*s ; i,i*sqrt(Abs(s)) + 2*s ; i
4885,0.10010215993443967,s + sqrt(Abs(B0 - s**2)) ; B1 + B2*r,s + sqrt(Abs(s**2 - 0.174946480019189)) ; 0.732232557300365*r + 0.156919291931379
4886,0.10009767908334746,2*s + sqrt(Abs(i)) ; B0 + B1*r,2*s + sqrt(Abs(i)) ; 1.63153810826992 - 1.50908993449431*r
4887,0.09433745370532193,s + Abs(i)**(9/8) ; i,s + Abs(i)**(9/8) ; i
4888,0.09066504773263216,i*s - s + Abs(s)**(1/4) ; B0*i*r + 2*i**2*r,i*s - s + Abs(s)**(1/4) ; 2*i**2*r + 0.00425130844911681*i*r
4889,0.08326784447583564,B0 + i*s - s**2 ; i,i*s - s**2 + 0.983945149677354 ; i
4890,0.07803396450827624,i + s ; i,i + s ; i
4891,0.07548970734924616,i*s + s**2 + Abs(s)**(5/2) ; i*r,i*s + s**2 + Abs(s)**(5/2) ; i*r
4892,0.07272149109903513,s + Abs(s)**(5/4) ; i,s + Abs(s)**(5/4) ; i
4893,0.066765525829825,i*s + s**2 + Abs(s)**(9/8) ; B0 + r,i*s + s**2 + Abs(s)**(9/8) ; r
4894,0.06578879867999465,i*s + i ; B0 + B1*i + B1*r,i*s + i ; 0.00902328641645297*i + 0.00902328641645297*r + 0.0286231042012572
4895,0.058899177755254516,sqrt(Abs(i)) ; B0*i + B1*sqrt(Abs(r)),sqrt(Abs(i)) ; 6.09197255023501*i + 0.0137681500305068*sqrt(Abs(r))
4896,0.057427216235122126,s + sqrt(Abs(i)) ; B0*i + B1*r,s + sqrt(Abs(i)) ; 1.65027391760167*i + 0.287572478531363*r
4897,0.05612468933517695,B0 + B1*i*s + B1*i + B1*s ; -i + sqrt(Abs(i)),0.00100154118833025*i*s + 0.00100154118833025*i + 0.00100154118833025*s + 0.299752038008649 ; -i + sqrt(Abs(i))
4898,0.0534810280387109,i**2 - sqrt(Abs(s)) ; i**2 + i*r,i**2 - sqrt(Abs(s)) ; i**2 + i*r
4899,0.05326000489081523,B0 - s**2 ; B1 + B2*r,0.971111981446072 - s**2 ; 91.8913412748578*r + 0.313337121550797
4900,0.05325796838265811,B0 - s**2 ; i + sqrt(2)*sqrt(Abs(r)),0.971118159033258 - s**2 ; i + sqrt(2)*sqrt(Abs(r))
4901,0.051875185468639645,B0 + i*s + i ; B1*r + B2*i*r,i*s + i - 0.0290896132449461 ; 0.0287380931828315*i*r + 0.00523402961087155*r
4902,0.05182736836703189,B0*s + sqrt(Abs(s)) ; i + sqrt(Abs(i)),0.967080775926237*s + sqrt(Abs(s)) ; i + sqrt(Abs(i))
4903,0.05182608414771729,B0*s + sqrt(Abs(s)) ; i + sqrt(Abs(r)),0.967002808088184*s + sqrt(Abs(s)) ; i + sqrt(Abs(r))
4904,0.05023580811632761,s + Abs(i)**(3/4) ; i,s + Abs(i)**(3/4) ; i
4905,0.04919553951727789,s + sqrt(Abs(s)) ; r,s + sqrt(Abs(s)) ; r
4906,0.04811233096149487,sqrt(Abs(B0 - sqrt(Abs(B1 + i)))) ; -r + sqrt(Abs(i*r - r**3)),sqrt(Abs(sqrt(Abs(i + 1970.6999944144)) - 44.4412922018514)) ; -r + sqrt(Abs(i*r - r**3))
4907,0.04773438279807522,s + sqrt(Abs(s)) ; B0*Abs(r)**(1/4) + i,s + sqrt(Abs(s)) ; i + 8.61955603551257*Abs(r)**(1/4)
4908,0.04678446858039352,s + sqrt(Abs(s)) ; B0*Abs(r)**(3/2) + i*r,s + sqrt(Abs(s)) ; i*r + 0.00199717264536837*Abs(r)**(3/2)
4909,0.04429819949945261,B0*s - i + sqrt(Abs(s)) ; i + sqrt(Abs(r)),-i + 1.49760137915601*s + sqrt(Abs(s)) ; i + sqrt(Abs(r))
4910,0.042621718326132284,i**2 + 2*i*s ; sqrt(Abs(i))*sqrt(Abs(r)),i**2 + 2*i*s ; sqrt(Abs(i))*sqrt(Abs(r))
4911,0.042621718326132284,i**2 + 2*i*s ; B0*r**3,i**2 + 2*i*s ; 44.3048531971109*r**3
4912,0.038413818273929735,-i + sqrt(Abs(i)) - sqrt(Abs(s)) ; i + sqrt(Abs(B0 - i + sqrt(Abs(i)))),-i + sqrt(Abs(i)) - sqrt(Abs(s)) ; i + sqrt(Abs(i - sqrt(Abs(i)) + 0.512254368595679))
4913,0.037323130510035336,B0*i*s + i**2*s - s**2 ; B1*r,i**2*s + 0.00125402272382454*i*s - s**2 ; 0.000802033910254799*r
4914,0.03731821192053766,B0*s**2 + i*s ; i + r,i*s + 1.87116963036451*s**2 ; i + r
4915,0.03487385058194592,-s**2 + s*sqrt(Abs(i**3 + i)) ; B0 + B1*i,-s**2 + s*sqrt(Abs(i**3 + i)) ; 0.0626764366128919*i + 0.108054893154197
4916,0.031820529733921465,B0 + i ; B1*i + B2*r,i - 0.0149684011634514 ; -0.0663250450115344*i - 131.393955909721*r
4917,0.02749061276188262,sqrt(Abs(i)) ; B0*i,sqrt(Abs(i)) ; 6.15146043756003*i
4918,0.024890598121566056,B0*s + i ; i + r**2 - r,i + 1.5764792620761*s ; i + r**2 - r
4919,0.022761379340786907,B0 + i**2 + i - s ; sqrt(Abs(r)),i**2 + i - s + 0.934008643414188 ; sqrt(Abs(r))
4920,0.021468761716527496,i ; B0 + B1*Abs(i)**(1/4) + B2*i,i ; 95.4120298080023*i - 21.291488012502*Abs(i)**(1/4) + 7.79984866832875
4921,0.0213181063424618,s + sqrt(Abs(i)) ; i - r,s + sqrt(Abs(i)) ; i - r
4922,0.019459684471046186,sqrt(Abs(B0 - sqrt(Abs(B1 + i)))) ; r,sqrt(Abs(sqrt(Abs(i + 1503.00654436096)) - 38.8497095622582)) ; r
4923,0.015019622616928893,-s + Abs(i)**(7/4) ; B0 + 2*r - sqrt(Abs(r)),-s + Abs(i)**(7/4) ; 2*r - sqrt(Abs(r))
4924,0.01485293453342415,B0*s + 2*i ; B1 + i,2*i + 2.0838329340384*s ; i + 1.15936730886911
4925,0.010905854470323323,B0*s - i*s + 2*s**2 ; i,-i*s + 2*s**2 + 1.44572482475206*s ; i
4926,0.009952410855332949,i + 2*s ; r,i + 2*s ; r
4927,0.005787703974897,B0*i**2 + i**2*sqrt(Abs(s)) ; B1 - i,i**2*sqrt(Abs(s)) + 7.8704381055164*i**2 ; 0.0404510165866509 - i
4928,0.0047755923896268685,B0 + sqrt(Abs(i - s)) ; B1*i + B2*i*r**2,sqrt(Abs(i - s)) - 9.97004350228062 ; 22.0944719063647*i*r**2 + 22552.6365865998*i
4929,0.004311134058000622,B0*i*s - i + sqrt(Abs(s)) ; i + sqrt(Abs(r)),-1.33347369934317*i*s - i + sqrt(Abs(s)) ; i + sqrt(Abs(r))
4930,0.0034981017075634323,B0*s + B1*s**2 + i*s ; B2 + i + r + sqrt(Abs(i)),i*s + 2.19132582693973*s**2 - 0.872345296367375*s ; i + r + sqrt(Abs(i)) - 0.330336254702952
4931,0.0027876498952202197,B0*s + s**3 + 2*s**2 ; r*sqrt(Abs(i)),s**3 + 2*s**2 + 0.721022262365347*s ; r*sqrt(Abs(i))
4932,0.0025334042126732544,B0 + i - s**2 ; i,i - s**2 + 0.990492827108613 ; i
4933,0.0015287647374817674,B0 + i*s**2 + s**3 ; B1 + i + r,i*s**2 + s**3 + 1.15901887885759 ; i + r - 1.6933067972628
4934,0.0014529705719502702,i*sqrt(Abs(B0 + B1*i)) ; B2 - i,i*sqrt(Abs(1.67340345860877e-5*i - 0.00167466221703067)) ; -i - 11.4799719789846
4935,0.0012256789379362476,B0*i + i**2 + i*sqrt(Abs(B1 + i)) ; B2 + B3*i,i**2 + i*sqrt(Abs(i + 0.492404531063944)) + 0.0163216841957714*i ; 0.000165608715763341*i + 0.195824582690253
4936,0.0011231129092294145,sqrt(Abs(B0 - Abs(i)**(1/8))) ; i*r**2 + i*r + i,sqrt(Abs(Abs(i)**(1/8) - 1.77813574086843)) ; i*r**2 + i*r + i
4937,0.0008848319550764368,B0 + sqrt(Abs(i)) ; B1 + r,sqrt(Abs(i)) - 9.96738693620238 ; r + 231.346401728665
4938,0.0008499661143583366,B0 + sqrt(Abs(i)) ; B1 + B2*sqrt(Abs(r)) + r,sqrt(Abs(i)) - 9.96737027633424 ; r + 77.8953069037896*sqrt(Abs(r)) + 298.272400338203
4939,0.0008405926951504548,B0*i + i**2 + sqrt(2)*i*sqrt(Abs(s)) ; B1 + B2*r**2,i**2 + sqrt(2)*i*sqrt(Abs(s)) + 0.128122367348849*i ; 0.000572183382814322*r**2 + 0.0707634151080565
4940,0.0008162499744005954,B0 + B1*s**2 + i ; r,i - 1.10551827743454*s**2 + 1.08181229981494 ; r
4941,0.000808161396616322,B0 - sqrt(Abs(i)) ; B1 + B2*sqrt(Abs(i)) + r,9.9910342110001 - sqrt(Abs(i)) ; r + 25.7818223280753*sqrt(Abs(i)) + 331.283280304836
4942,0.0008080899817888819,B0 + B1*s**2 + i ; B2*i*r + B2*Abs(r)**(3/2),i - 1.10538586066383*s**2 + 1.08172714297768 ; 0.178356092197677*i*r + 0.178356092197677*Abs(r)**(3/2)
4943,0.0006664720316062774,sqrt(Abs(B0 + i)) ; B1 + B2*r,sqrt(Abs(i + 99.9999995762254)) ; 1.22157172848081*r + 256.801580707535
4944,0.0006592302896735964,sqrt(Abs(B0 - i)) ; B1 + r - sqrt(Abs(i)),sqrt(Abs(i + 100.000000951395)) ; r - sqrt(Abs(i)) + 218.049577838324
4945,0.0005171165439192028,sqrt(Abs(B0 + i)) ; i,sqrt(Abs(i - 0.202552903622618)) ; i
4946,0.0004222347295155687,B0 + i - sqrt(Abs(s)) ; i,i - sqrt(Abs(s)) + 1.09393448175149 ; i
4947,0.00012538593690424534,B0*i + B1*i**2 ; sqrt(Abs(B2 + i**2 + i)),3.12249697644337*i**2 - 0.285688741009161*i ; sqrt(Abs(i**2 + i + 0.121405915895004))
4948,9.976827506868625e-05,B0*i**2 + B1*i*s ; sqrt(Abs(i)),13.5859153579318*i**2 + 0.423590981208531*i*s ; sqrt(Abs(i))
4949,9.722364767311891e-05,Abs(B0 + i)**(1/4) ; B1*Abs(i)**(1/8),Abs(i + 100.000000031433)**(1/4) ; 124.626905940108*Abs(i)**(1/8)
4950,6.384914786089825e-05,B0*i + B1*s + sqrt(Abs(s)) ; i + sqrt(Abs(i)),0.0891698939907209*i + 0.362181654637993*s + sqrt(Abs(s)) ; i + sqrt(Abs(i))
4951,5.07385185449003e-05,B0*s + B0*sqrt(Abs(i)) + i ; r,i + 5.42244923297964*s + 5.42244923297964*sqrt(Abs(i)) ; r
4952,3.829012626762162e-05,B0*i**2 + B1*i*s + i ; sqrt(Abs(B2*i + i**2)),1.09949298956239*i**2 + 0.284288914711397*i*s + i ; sqrt(Abs(i**2 + 2.12173789374624e-7*i))
4953,3.702786566675598e-05,B0*i**2 ; sqrt(Abs(B1 - i)),7.80676266473125*i**2 ; sqrt(Abs(i + 0.136643970452883))
4954,1.261457255536096e-05,i - s**2 + Abs(s)**(3/2) ; r,i - s**2 + Abs(s)**(3/2) ; r
4955,6.292403424009717e-06,sqrt(Abs(B0*s + i)) ; B1*i,sqrt(Abs(i + 0.00679603360681985*s)) ; 2.26022674914568*i
4956,4.2651643768804024e-06,-i + s*sqrt(Abs(i)) - s ; B1*sqrt(Abs(B0 + i)) + i,-i + s*sqrt(Abs(i)) - s ; i + 0.0598677726015138*sqrt(Abs(i + 1699.49456601676))
4957,3.2232366337291854e-06,B0 - 2*i ; B1 + B2*sqrt(Abs(r)) + i,40.466229938725 - 2*i ; i - 2.48571142832463*sqrt(Abs(r)) - 11.5923679617975
4958,1.0792741375701017e-06,B0*i + B0*s - i*sqrt(Abs(s)) - Abs(s)**(3/2) ; r,-i*sqrt(Abs(s)) + 2.81834552724843*i + 2.81834552724843*s - Abs(s)**(3/2) ; r
4959,1.4683569262665385e-07,i**3*s + i**2 ; r,i**3*s + i**2 ; r
4960,6.838528348354989e-09,sqrt(Abs(B0 - sqrt(Abs(B1 + i)))) ; i**2*sqrt(Abs(i - r)),sqrt(Abs(sqrt(Abs(i + 0.017114309864183)) - 0.485946614879851)) ; i**2*sqrt(Abs(i - r))
4961,4.395447302340865e-09,i - s + Abs(i)**(3/2) ; B0*r + B1*r**2,i - s + Abs(i)**(3/2) ; 0.00131075683122545*r**2 + 0.00567382466925602*r
4962,7.008965552429241e-10,B0 + i ; B1*i + B2*sqrt(Abs(r)),i - 0.122312908811236 ; 25.3214882598033*i + 22.0521117599009*sqrt(Abs(r))
4963,3.063804075993235e-10,B0*i**2 + B0*i*s + B1*i*sqrt(Abs(s)) ; sqrt(Abs(i)),0.149055025108906*i**2 + 0.149055025108906*i*s - 0.913617735674938*i*sqrt(Abs(s)) ; sqrt(Abs(i))
4964,7.674741985815926e-11,B0*i**3 ; B1 + B2*sqrt(Abs(r)) - i,-3.60159034511096*i**3 ; -i - 0.197777334064677*sqrt(Abs(r)) + 0.286709289170923
4965,5.5324776635099665e-11,B1*i**2*sqrt(Abs(B0 + i)) ; sqrt(Abs(i)),5.39756630065308*i**2*sqrt(Abs(i + 10.2763204179915)) ; sqrt(Abs(i))
4966,9.12238278077314e-12,B0*i**2 ; sqrt(Abs(i)),16.4465251271335*i**2 ; sqrt(Abs(i))
4967,6.567987704913102e-13,B0*s - 2*i*s - s**2 ; B1 - i + Abs(i)**(1/4),-2*i*s - s**2 + 1.05957464392109*s ; -i + Abs(i)**(1/4) - 0.646883417816471
4968,3.199791309210873e-13,sqrt(Abs(B0 - sqrt(Abs(B1 + s)))) ; -i + sqrt(Abs(i - 2*r)),sqrt(Abs(sqrt(Abs(s - 245.919294448682)) - 16.2612608378079)) ; -i + sqrt(Abs(i - 2*r))
4969,2.6139413481712577e-14,sqrt(Abs(B0 - Abs(i)**(1/4))) ; i*r**2 + r,sqrt(Abs(Abs(i)**(1/4) - 2.0068656853927)) ; i*r**2 + r
4970,2.6802061267109357e-15,B0 + B1*s**2 + i ; B2 + B3*sqrt(Abs(r)) - i,i + 0.0368772704214632*s**2 + 5.31356914041947 ; -i + 46.4282731024768*sqrt(Abs(r)) - 0.0302840366667337
4971,1.5801773584399012e-15,sqrt(Abs(i)) ; B0 + B1*r,sqrt(Abs(i)) ; 0.834842075772333 - 0.0232229987850148*r
4972,5.750778661911833e-16,B0*i + i**2 + i*sqrt(Abs(i + s)) ; B1 + B2*i*r**2 + B3*i**2*r,i**2 + i*sqrt(Abs(i + s)) + 0.000537602999018815*i ; 0.00357623458715585*i**2*r + 0.0713645048266158*i*r**2 + 2.62111104613774
4973,2.2496631669332145e-16,i**2 - sqrt(Abs(B0 + s)) ; B1 - Abs(i)**(3/4),i**2 - sqrt(Abs(s + 0.000321872665631859)) ; 1.51239818198304 - Abs(i)**(3/4)
4974,9.493302200790078e-19,B0 - i + s ; B1 + r,-i + s - 96.8830778672134 ; r + 196.564206065241
4975,2.1490491144776565e-20,i**2*s + i**2*sqrt(Abs(B0 + i)) ; r,i**2*s + i**2*sqrt(Abs(i + 0.000129382132657947)) ; r
4976,9.727881277651878e-21,B0 + sqrt(Abs(i)) ; B1*sqrt(Abs(r)) + i - r,sqrt(Abs(i)) - 9.93656684879803 ; i - r + 3092.87881947781*sqrt(Abs(r))
4977,1.8173728213148526e-21,Abs(B0 + i)**(1/4) ; B1 - r,Abs(i + 100.000000224472)**(1/4) ; 104.90990533503 - r
4978,2.2258676529707564e-22,B0*i - 2*i**2 ; B1 - i,-2*i**2 + 0.0799708874939447*i ; 0.0154100775279869 - i
4979,4.506813970477924e-23,B0 - i ; 2*i,0.11121326898268 - i ; 2*i
4980,1.4696815334252597e-23,-i ; 2*i,-i ; 2*i
4981,5.408692948384857e-24,B0*i**2*s + B1*i**2*s**2 + i**2 ; r,-0.116942784795841*i**2*s**2 + 0.442810288161092*i**2*s + i**2 ; r
4982,1.8691857329223126e-25,-i ; B0*i + r,-i ; 96.392745924573*i + r
4983,1.799126620682327e-25,B0*sqrt(Abs(s**2 + s)) + i ; B1*i + B2*r,i + 0.00024591188175006*sqrt(Abs(s**2 + s)) ; 34.9995460327197*i - 207.109914789315*r
4984,2.882122916221469e-26,i ; B0 + B1*i,i ; 51.2602552472837*i + 2.21285522968687
4985,8.185405629640793e-28,sqrt(Abs(B0 - sqrt(Abs(2*i - s)))) ; -i + sqrt(Abs(B1*i + Abs(i)**(3/2))),sqrt(Abs(sqrt(Abs(2*i - s)) - 13.5731793068177)) ; -i + sqrt(Abs(236.227635347046*i + Abs(i)**(3/2)))
4986,6.5983222594275765e-28,i*s + s**2 ; B0 + i + r,i*s + s**2 ; i + r - 0.0045763099177308
4987,1.0386121090326052e-28,B0 + B1*s - i ; B2 + sqrt(Abs(i)),-i - 0.0111100524921007*s + 0.000782509490237682 ; sqrt(Abs(i)) + 0.00291831767823132
4988,1.7143838366772398e-34,Abs(i)**(5/4)*Abs(s)**(1/4) ; sqrt(Abs(i)),Abs(i)**(5/4)*Abs(s)**(1/4) ; sqrt(Abs(i))
4989,7.794937189150976e-46,B0 + B1*s - i + sqrt(Abs(s)) ; i + sqrt(Abs(i + 2*r)),-i + 0.346719687714351*s + sqrt(Abs(s)) - 1.58190672592818 ; i + sqrt(Abs(i + 2*r))
4990,5.838548892792369e-47,Abs(i)**(3/2) ; Abs(B0*r - i)**(1/4),Abs(i)**(3/2) ; Abs(i + 0.0149874543847169*r)**(1/4)
4991,1.0713543665042059e-48,sqrt(Abs(i + s)) ; B0*i,sqrt(Abs(i + s)) ; 0.000602197752289251*i
4992,1.0502234226286404e-54,4*i*s + s**2 ; B0*r,4*i*s + s**2 ; 0.305382363917468*r
4993,1.893380087290968e-57,B0 - 2*i ; B1 + i,-2*i - 11.8379876554671 ; i + 5.67737697175319
4994,9.877317570885029e-58,i ; B0*i - r,i ; 78.4609957686897*i - r
4995,1.3855930726890465e-63,i ; Abs(i)**(9/8),i ; Abs(i)**(9/8)
4996,4.759332545497195e-64,sqrt(Abs(B0 - sqrt(Abs(B1 + s)))) ; r + sqrt(Abs(i))*sqrt(Abs(r)),sqrt(Abs(sqrt(Abs(s - 17.1063739873816)) - 6.87569237704138)) ; r + sqrt(Abs(i))*sqrt(Abs(r))
4997,2.83760815389439e-65,B0 + i ; B1*sqrt(Abs(i)),i + 0.733268707933987 ; 2.38957265227202*sqrt(Abs(i))
4998,1.6660452273960763e-68,B0 + B1*s - 2*i ; i,-2*i + 0.0313057995181787*s + 1.48282608369097 ; i
4999,2.3166004144741743e-72,B0 + B1*s + s*sqrt(Abs(i)) ; B2 + B3*sqrt(Abs(r)) - i,s*sqrt(Abs(i)) - 0.357967094919624*s + 5.39394786090028 ; -i - 14.0631763246829*sqrt(Abs(r)) + 35.803556388504
5000,1.4135126739596474e-72,B0 - 2*i ; i,1.41674683980772 - 2*i ; i
5001,2.8025260351608166e-73,B0 + i ; B1*i,i + 0.532947356430517 ; 28.9513728067612*i
5002,2.809110131330228e-74,B0*i - sqrt(2)*sqrt(Abs(i)) ; B1 + i + r,0.142455389923298*i - sqrt(2)*sqrt(Abs(i)) ; i + r - 0.174021665691278
5003,3.216239910930345e-75,B0 + i**2 ; i**3 + i**2 - i,i**2 - 0.0153943573252498 ; i**3 + i**2 - i
5004,1.8826194216983904e-76,sqrt(Abs(B0 - sqrt(Abs(i + 2*s)))) ; B1 + r,sqrt(Abs(sqrt(Abs(i + 2*s)) - 13.6814004068426)) ; r + 351.850688110287
5005,2.9661587072557836e-79,B0 + B1*s - i + sqrt(Abs(s)) ; i + Abs(i)**(3/8),-i + 0.116039481149955*s + sqrt(Abs(s)) - 0.112205570323837 ; i + Abs(i)**(3/8)
5006,1.988910390224211e-82,i ; i**2,i ; i**2
5007,8.947138160752487e-85,sqrt(Abs(i)) ; i,sqrt(Abs(i)) ; i
5008,2.7440506063361546e-85,sqrt(Abs(B0 - sqrt(Abs(i)))) ; r,sqrt(Abs(sqrt(Abs(i)) - 6.66785059633197)) ; r
5009,2.224818560391627e-86,B0*s + i*s - s**2 ; r,i*s - s**2 + 2.86177714158962*s ; r
5010,1.1304962857847908e-86,Abs(i)**(1/4) ; i,Abs(i)**(1/4) ; i
5011,6.02034147428662e-87,sqrt(Abs(B0 - sqrt(Abs(s)))) ; B1*i + B2*i**2 + B3*i*r**2,sqrt(Abs(sqrt(Abs(s)) - 6.4630979565555)) ; 3.10439101362896*i**2 + 3.87450327952997*i*r**2 + 7.37231231103461*i
5012,4.277529798949116e-87,sqrt(Abs(B0 - sqrt(Abs(s)))) ; i - r,sqrt(Abs(sqrt(Abs(s)) - 6.3522949125431)) ; i - r
5013,1.7875265129892948e-87,B0*i + i*s + sqrt(Abs(s)) ; i + Abs(B1 + B2*r)**(1/4),i*s + 0.000252767814897156*i + sqrt(Abs(s)) ; i + Abs(0.000699267719409644*r + 0.000144650818360596)**(1/4)
5014,1.366063466235271e-87,sqrt(Abs(B0 - sqrt(Abs(s)))) ; i,sqrt(Abs(sqrt(Abs(s)) - 6.25239842023578)) ; i
5015,9.319301659624976e-88,i + s ; sqrt(Abs(r)),i + s ; sqrt(Abs(r))
5016,8.862563150319909e-88,i + s ; B0*i*r + sqrt(Abs(r)),i + s ; 0.0367403933190072*i*r + sqrt(Abs(r))
5017,2.2714709816046184e-88,B0 + B2*sqrt(Abs(B1 + s)) - i ; B3 + B4*i + r,-i - 0.593744187828572*sqrt(Abs(s - 8.82130670224319)) + 3.98309967718228 ; 8.73318520646322*i + r + 2.30529500650787
5018,2.9554120430482424e-89,sqrt(Abs(B0 - sqrt(Abs(s)))) ; B1*i + B2*r,sqrt(Abs(sqrt(Abs(s)) - 6.9430883391143)) ; 0.000150947479130706*i + 25.8153321858811*r
5019,5.298785134298303e-93,sqrt(Abs(B0 - sqrt(Abs(2*i - s)))) ; Abs(i + sqrt(Abs(r)))**(1/4),sqrt(Abs(sqrt(Abs(2*i - s)) - 2.21903515966589)) ; Abs(i + sqrt(Abs(r)))**(1/4)
5020,4.557114035660281e-94,sqrt(Abs(B0 - sqrt(Abs(i + s)))) ; i,sqrt(Abs(sqrt(Abs(i + s)) - 6.5133199191548)) ; i
5021,5.689413488510744e-99,B0 - 3*i ; B1 + B2*sqrt(Abs(i - r)),15.2050364290452 - 3*i ; 3.98942070365923 - 0.582581692123383*sqrt(Abs(i - r))
5022,3.221232857785958e-100,B0 + i*s - 2*i ; B1 + B2*sqrt(Abs(r)),i*s - 2*i - 0.019676797731992 ; 0.0167096850558028*sqrt(Abs(r)) + 0.0294334735383329
5023,5.417395087469238e-117,B0*s - 2*s**2 ; r*sqrt(Abs(i)),-2*s**2 + 3.98991904425545*s ; r*sqrt(Abs(i))
5024,4.761458386131411e-119,B0 + 2*i ; i**3 + i**2*Abs(r)**(1/4),2*i - 0.0298265169087159 ; i**3 + i**2*Abs(r)**(1/4)
5025,5.1416027514545524e-138,sqrt(Abs(B0 - sqrt(2)*sqrt(Abs(s)))) ; B1*Abs(r)**(3/2) + B2*i*sqrt(Abs(r)),sqrt(Abs(sqrt(2)*sqrt(Abs(s)) - 10.1129061775798)) ; 31.0311558124182*i*sqrt(Abs(r)) + 0.00589294566826398*Abs(r)**(3/2)
5026,7.040029593877447e-140,B0 + B1*i*s + B1*s ; Abs(i)**(1/4),4.67590928096893e-6*i*s + 4.67590928096893e-6*s - 1.21577076527568 ; Abs(i)**(1/4)
5027,1.6436067774412406e-142,B0*i**4 ; Abs(i - Abs(i)**(5/4))**(1/4),0.273354709386361*i**4 ; Abs(i - Abs(i)**(5/4))**(1/4)
5028,1.836203725283515e-143,B0*s + i ; sqrt(Abs(i)),i + 2.76728698393875*s ; sqrt(Abs(i))
5029,6.44857526738989e-146,B0 + B1*i + B2*i**2 ; Abs(B3 - i + sqrt(Abs(i)))**(1/4),-2.1868259496183*i**2 - 0.104075776964902*i + 1.31957632270126 ; Abs(-i + sqrt(Abs(i)) + 3.01291320416742)**(1/4)
5030,3.9228237608865053e-146,i**2 + i ; sqrt(Abs(B0*sqrt(Abs(i)) - i)),i**2 + i ; sqrt(Abs(i + 0.00635709772573603*sqrt(Abs(i))))
5031,1.2721635297868504e-150,B0*s + i ; sqrt(Abs(B1 + i - sqrt(Abs(i)))),i + 2.76837196645459*s ; sqrt(Abs(i - sqrt(Abs(i)) + 1.33080119432244))
5032,3.422939801406289e-163,2*i ; B0 + B1*i - r,2*i ; 19.4079824614639*i - r + 0.0803145953800222
5033,1.1901542577582672e-163,B0 + Abs(i)**(1/4) ; i + sqrt(Abs(r)),Abs(i)**(1/4) - 0.0164987433504657 ; i + sqrt(Abs(r))
5034,3.506171020412524e-164,B0*i + Abs(i)**(3/2) ; B1*i - i**2,120.349318858788*i + Abs(i)**(3/2) ; -i**2 + 120.544540429535*i
5035,9.543111600806156e-165,B0 + i**2 ; B1 + i + Abs(r)**(1/4),i**2 + 0.976866283154521 ; i + Abs(r)**(1/4) - 0.465532578130741
5036,1.3484914078879413e-165,-2*i + s ; sqrt(Abs(r)),-2*i + s ; sqrt(Abs(r))
5037,1.9740922668294574e-167,B0 + B1*s + i ; sqrt(Abs(B2 - i + r)),i + 2.76400987227984*s - 5.53727280156855 ; sqrt(Abs(i - r + 2.8673792406858))
5038,7.484022724158514e-171,i ; B0 + B2*Abs(B1 + i)**(1/4),i ; 16.6143306798525 - 15.0145295500532*Abs(i - 2.8185316590708)**(1/4)
5039,2.310968421252736e-177,-i + Abs(B0*s + i*s)**(1/4) ; 2*i,-i + Abs(i*s - 0.00331490334257742*s)**(1/4) ; 2*i
5040,5.421986975902802e-178,sqrt(Abs(B0 - sqrt(Abs(i**2 + i*s)))) ; i,sqrt(Abs(sqrt(Abs(i**2 + i*s)) - 10.3952169577426)) ; i
5041,3.3748419223169383e-179,B0 + B1*i**2*s ; Abs(B2 - i + r)**(1/4),0.000194650107956726*i**2*s + 1.92876084650017 ; Abs(i - r + 60.6490626143981)**(1/4)
5042,1.3801980582679394e-185,sqrt(Abs(B0 - sqrt(2)*sqrt(Abs(s)))) ; i,sqrt(Abs(sqrt(2)*sqrt(Abs(s)) - 7.98952921733898)) ; i
5043,3.028579791429315e-187,B0 + i**2 ; B1 + B2*sqrt(Abs(r)),i**2 + 1.66992608965821 ; 1.7610161832826 - 0.0108220957772472*sqrt(Abs(r))
5044,5.0574452627886336e-192,B0*s - i ; B1 - i + 2*r,-i + 2.75062445546607*s ; -i + 2*r + 1.53811507927883
5045,1.8932569345528176e-200,sqrt(Abs(B0 - sqrt(Abs(B1 + s**2)))) ; B2 + i,sqrt(Abs(sqrt(Abs(s**2 + 99800.3428162936)) - 319.83338378637)) ; i + 0.000295776439585072
5046,2.1031982231863388e-220,B0 + sqrt(Abs(i)) ; B1*i**2*r + B1*i**2 + B1*i*r,sqrt(Abs(i)) + 0.88449555094763 ; 0.0220095337334183*i**2*r + 0.0220095337334183*i**2 + 0.0220095337334183*i*r
5047,1.635266680401505e-221,B0*i + B1*i**2 ; Abs(B2 + i**2*r)**(1/4),2.47373396431181*i**2 - 1.21858922792536*i ; Abs(i**2*r + 2.15177691760248)**(1/4)
5048,2.0571808204805507e-224,sqrt(Abs(B0 - sqrt(Abs(i*s + i)))) ; i**2,sqrt(Abs(sqrt(Abs(i*s + i)) - 3.63907004940068)) ; i**2
5049,4.8003209187980134e-225,B0*Abs(i)**(1/4) - s*Abs(i)**(1/4) + Abs(i)**(5/4) ; i**2*r + 2*i*r,-s*Abs(i)**(1/4) + Abs(i)**(5/4) + 0.201293267786697*Abs(i)**(1/4) ; i**2*r + 2*i*r
5050,1.3329682595008071e-225,sqrt(Abs(B0 - i)) ; sqrt(Abs(B1 - 2*i + r)),sqrt(Abs(i + 29.6573983060428)) ; sqrt(Abs(2*i - r + 159.769224177764))
5051,7.513699597446227e-235,Abs(B0 - s)**(1/4) ; B1*i + B1*r,Abs(s + 54.7718518246853)**(1/4) ; 55.0863385227576*i + 55.0863385227576*r
5052,1.5296666885649846e-243,B0 + i**2 ; B1 - i,i**2 + 0.913873536561847 ; 1.09090126636601 - i
5053,1.4033294265323683e-248,B0*Abs(i)**(3/2)*sqrt(Abs(s)) ; B1 + sqrt(Abs(r)),0.000338703763103685*Abs(i)**(3/2)*sqrt(Abs(s)) ; sqrt(Abs(r)) + 50.6010325892126
5054,8.422973036379952e-261,sqrt(Abs(B0 - sqrt(Abs(s)))) ; B1 + sqrt(Abs(B2*sqrt(Abs(i)) + i)),sqrt(Abs(sqrt(Abs(s)) - 0.687864018263099)) ; sqrt(Abs(i + 0.306637395998443*sqrt(Abs(i)))) + 0.000226502076195988
5055,2.0499556096029197e-275,B0 - i - s ; B1*i + B2*i*r**2,-i - s - 1.48680290897427 ; -0.136180471629288*i*r**2 - 4.9614428295315e-6*i
5056,4.158467159089762e-277,sqrt(Abs(B0 + sqrt(Abs(s)))) ; sqrt(Abs(r)),sqrt(sqrt(Abs(s)) + 0.0230481372182644) ; sqrt(Abs(r))
5057,4.15846715543625e-277,sqrt(Abs(B0 + sqrt(Abs(s)))) ; sqrt(Abs(i)),sqrt(sqrt(Abs(s)) + 0.0230478827874338) ; sqrt(Abs(i))
5058,2.752542828032871e-277,Abs(B0 - s)**(1/4) ; i,Abs(s - 0.0736926261555947)**(1/4) ; i
5059,2.3252326910232065e-277,Abs(s)**(1/4) ; B0 + i,Abs(s)**(1/4) ; i + 6.89431084360286
5060,2.1891604213366176e-277,Abs(s)**(1/4) ; B0*i + B1*i*r,Abs(s)**(1/4) ; 0.00128054360368438*i*r + 62.0943994590961*i
5061,2.1028987659858735e-277,Abs(s)**(1/4) ; B0*Abs(i)**(1/8)*Abs(r)**(1/8),Abs(s)**(1/4) ; 0.000127591031162732*Abs(i)**(1/8)*Abs(r)**(1/8)
5062,5.194852018801672e-280,sqrt(Abs(B0 + sqrt(Abs(i)))) ; r,sqrt(sqrt(Abs(i)) + 0.0399959821809607) ; r
5063,9.878762567220453e-281,-Abs(i)**(1/4) ; r,-Abs(i)**(1/4) ; r
5064,1.9297822042485065e-282,sqrt(Abs(i**2 + s)) ; B0*i + B1*i**2,sqrt(Abs(i**2 + s)) ; -0.0697258804826945*i**2 + 0.878777013055412*i
5065,7.107675889334256e-290,i ; B0 + B2*sqrt(Abs(B1 + 2*i)),i ; 6.76021680369972*sqrt(Abs(2*i + 8.12654847413468)) - 13.6684745026784
5066,2.5512819860987604e-293,B0 + B1*i**2 + B1*s + B2*i*s ; Abs(B3 - 2*i + r)**(1/4),0.137361779601335*i**2 + 0.00270693755445441*i*s + 0.137361779601335*s + 0.0545609180903653 ; Abs(-2*i + r + 0.570223701552357)**(1/4)
5067,3.32318487413593e-298,B0 + B1*i**2 + B1*i ; B2*r + i*r - i,1.55067139564636e-6*i**2 + 1.55067139564636e-6*i + 2.68108197213143 ; i*r - i - 9.60437719650147*r
5068,7.870810868219043e-305,sqrt(2)*sqrt(Abs(i))*Abs(s)**(1/4) ; B1*i*sqrt(Abs(B0 + i)),sqrt(2)*sqrt(Abs(i))*Abs(s)**(1/4) ; 3.87584443466853*i*sqrt(Abs(i + 0.000273568223328077))
5069,5.1174251940387e-310,B0 - i ; B1 - 2*i + 2*r,99.8008018251849 - i ; -2*i + 2*r - 199.805986362635
5070,2.94282230344056e-310,B0 + i ; B1*Abs(i)**(3/2),i + 99.7988297930915 ; 171980.519586252*Abs(i)**(3/2)
5071,2.8850006977727e-310,B0 + i ; B1 + B2*r**2,i + 99.799173384147 ; 2.3096975862232*r**2 + 472.250537424895
5072,0.0,i ; B0 + B1*r**2,i ; 0.489541112361617 - 5.54023287820263*r**2
5073,0.0,B0 - i*s ; B1 + i + r,-i*s + 0.5242643777651 ; i + r + 0.690126594584079
5074,0.0,sqrt(Abs(s)) ; B0 - 2*r,sqrt(Abs(s)) ; 22.7208194603092 - 2*r
5075,0.0,i ; Abs(B0 + r)**(1/4),i ; Abs(r - 1.0097419586829e-28)**(1/4)
5076,0.0,B0 - s ; B1*i,-s - 0.223471275799734 ; 0.00642674089994441*i
5077,0.0,i - s ; r,i - s ; r
5078,0.0,B0 - s ; B1*r + B1*sqrt(Abs(i - r)),0.542428550619543 - s ; 0.0662457284638336*r + 0.0662457284638336*sqrt(Abs(i - r))
5079,0.0,B0 + B1*i**2 + i**3 ; sqrt(Abs(i + r - Abs(r)**(1/8))),i**3 + 2.44584193029333*i**2 - 1.89235770551777 ; sqrt(Abs(i + r - Abs(r)**(1/8)))
5080,0.0,B0 - s ; r,-s - 0.223410536022409 ; r
5081,0.0,B0 - s ; i,0.542457038345215 - s ; i
5082,0.0,B0 - s ; i**2 - i,-s - 0.223410536022409 ; i**2 - i
5083,0.0,-i**2 + i*s - s ; B0 - r,-i**2 + i*s - s ; 0.644202169389566 - r
5084,0.0,B0*sqrt(Abs(i)) - s ; r,-s - 0.14903346915374*sqrt(Abs(i)) ; r
5085,0.0,B0*sqrt(Abs(s)) - s ; sqrt(Abs(B1 + sqrt(Abs(r)))),-s + 0.355001893393872*sqrt(Abs(s)) ; sqrt(sqrt(Abs(r)) + 13.1470450019283)
5086,0.0,i*sqrt(Abs(s)) - sqrt(Abs(s)) ; sqrt(Abs(i))*sqrt(Abs(r)),i*sqrt(Abs(s)) - sqrt(Abs(s)) ; sqrt(Abs(i))*sqrt(Abs(r))
5087,0.0,B0 + B1*i - s ; i,-2.61722563065792*i - s - 1.22656241029084 ; i
5088,0.0,B0*i**2 + B0*i*s**2 - s ; r,5.86615152436329e-5*i**2 + 5.86615152436329e-5*i*s**2 - s ; r
5089,0.0,B0*i - s ; r,0.051853654309411*i - s ; r
5090,0.0,B0 + i*s + i*sqrt(Abs(B1 - s)) ; i + Abs(r)**(3/4),i*s + i*sqrt(Abs(s - 0.671987304166559)) - 0.0616179015638567 ; i + Abs(r)**(3/4)
5091,0.0,B0*i + i*s - s ; B1*i + B2*i*r,i*s + 11.6510709673403*i - s ; -1.01995218503598*i*r + 12.1548032499819*i
5092,0.0,i*sqrt(Abs(s)) - i ; i + Abs(i)**(3/4)*Abs(r)**(1/4),i*sqrt(Abs(s)) - i ; i + Abs(i)**(3/4)*Abs(r)**(1/4)
5093,0.0,i*s - sqrt(Abs(i)) ; i,i*s - sqrt(Abs(i)) ; i
5094,0.0,B0 + i*s**2 + i*s ; B1 + Abs(r)**(5/4),i*s**2 + i*s + 0.517057899121409 ; Abs(r)**(5/4) + 2.15177166946803
5095,0.0,B0 - i**2 + 2*i*s ; sqrt(Abs(B1*r + B1*sqrt(Abs(r)) + B2*i)),-i**2 + 2*i*s - 0.38804819988346 ; sqrt(Abs(0.000231235699505693*i + 46.0156690143217*r + 46.0156690143217*sqrt(Abs(r))))
5096,0.0,i**2 - 2*i ; B0 - i + r,i**2 - 2*i ; -i + r + 1.11268710333912
5097,0.0,B0*i - sqrt(Abs(s)) ; sqrt(Abs(B1 + i)),0.000428672627478222*i - sqrt(Abs(s)) ; sqrt(Abs(i + 39990.9170442832))
5098,0.0,B0*i**2 - s ; B1 - i**2,0.00229994686984068*i**2 - s ; 0.107887642514907 - i**2
5099,0.0,B0 + Abs(i)**(3/2) ; B1 + B2*i - i*r,Abs(i)**(3/2) + 7.0231448467733 ; -i*r + 9.27600424891017*i + 6.70684191275606
5100,0.0,i**2 + i*sqrt(Abs(s)) - i ; B0 + r - sqrt(Abs(B1 + i)),i**2 + i*sqrt(Abs(s)) - i ; r - sqrt(Abs(i - 0.000790244268400309)) + 0.775344381612849
5101,0.0,B0 + B1*i + i*s ; sqrt(Abs(i - r)),i*s - 5.33813513674048*i - 7.48792825473252 ; sqrt(Abs(i - r))
5102,0.0,B0 + i**2 ; -2*i + sqrt(2)*sqrt(Abs(i)),i**2 + 0.116572025764417 ; -2*i + sqrt(2)*sqrt(Abs(i))
5103,0.0,B0 - i*s + Abs(i)**(3/2) ; B1*i + B2*i**2 - i*r - r,-i*s + Abs(i)**(3/2) + 0.0888314417213772 ; 1.45681600646274*i**2 - i*r + 1.36963940549155*i - r
5104,0.0,i**2 + i - s**2 ; r - sqrt(Abs(i + r)),i**2 + i - s**2 ; r - sqrt(Abs(i + r))
5105,0.0,i**2 - s ; B0*sqrt(Abs(i)) - i,i**2 - s ; -i + 7.40239978454074*sqrt(Abs(i))
5106,0.0,i**2 - i ; -i + r,i**2 - i ; -i + r
5107,0.0,B0 + i**2 - s ; B1 + r,i**2 - s + 1.41488481078331 ; r + 0.445040327522177
5108,0.0,i**2 - i ; B0 + r,i**2 - i ; r + 0.0080544634674281
5109,0.0,B0 + i**2 + i - s ; B1 + r,i**2 + i - s - 1.27620262575138 ; r + 0.000143072109133668
5110,0.0,B0 + i**2 ; -i,i**2 + 2.74618839356631 ; -i
5111,0.0,B0 + i**2 ; i - sqrt(Abs(r)),i**2 + 0.272012140300402 ; i - sqrt(Abs(r))
5112,0.0,B0 + i**2 ; B1*r + B2*r**2,i**2 - 0.00067303635224298 ; 0.00021779860640121*r**2 + 0.00140425376435588*r
5113,0.0,B0 + i**2 ; B1 + r,i**2 + 1.24120665968014 ; r + 0.4893036307863
5114,0.0,B0 + i**2 ; B1 + B3*sqrt(Abs(B2 + sqrt(Abs(i)))) + r,i**2 + 5.97263679820908 ; r + 5.15599046039584*sqrt(sqrt(Abs(i)) + 26.066774071535) - 15.3455583971616
5115,0.0,B0 + i**2 ; 2*i**2 + i*r - r,i**2 + 1.04956882431012 ; 2*i**2 + i*r - r
5116,0.0,B0 + i**2 ; i*r - i,i**2 + 2.57827883299312 ; i*r - i
5117,0.0,B0 + i**2 ; B1*r + B1*sqrt(Abs(i + r)) - i,i**2 + 0.54544592542011 ; -i + 0.73078457455769*r + 0.73078457455769*sqrt(Abs(i + r))
5118,0.0,B0 + i**2 ; B1*sqrt(Abs(r)) - i,i**2 - 0.0625372922455866 ; -i + 1.504991273401*sqrt(Abs(r))
5119,0.0,B0 + i**2 ; B1*i - sqrt(Abs(i)),i**2 + 10.5876234377287 ; 7.30215875755273*i - sqrt(Abs(i))
5120,0.0,B0 + i**2 ; i**2 - i,i**2 + 0.171126021572035 ; i**2 - i
5121,0.0,B0 + i**2 ; i*Abs(r)**(5/2) - i,i**2 + 2.87059417778296 ; i*Abs(r)**(5/2) - i
5122,0.0,B0 + i**2 ; i**2 + 2*i*r - r,i**2 + 0.814144869854857 ; i**2 + 2*i*r - r
5123,0.0,B0 + i**2 ; i**3 + i*r - r,i**2 + 1.95325359508781 ; i**3 + i*r - r
5124,0.0,B0 + i**2 ; i**2 + i*r + i*sqrt(Abs(r)) - r,i**2 + 0.598095042921276 ; i**2 + i*r + i*sqrt(Abs(r)) - r
5125,0.0,B0 + i**2 ; i*r - r,i**2 + 3.52833992936768 ; i*r - r
5126,0.0,B0 + i**2 ; 2*i**2 - r,i**2 + 9.2503075852932 ; 2*i**2 - r
5127,0.0,B0 + i**2 ; B1*i + 2*i**2 + i*r - r,i**2 + 0.000151662361068637 ; 2*i**2 + i*r + 0.116282769191409*i - r
5128,0.0,B0 + i**2 ; B1*i - 2*i**2 + i*r - r,i**2 + 1.28454544423167 ; -2*i**2 + i*r + 3.01919539454257*i - r
5129,0.0,B0 + i**2 ; B1*i**2 - r,i**2 + 2.45271292560503 ; 1.25353788135833*i**2 - r
5130,0.0,B0 + i**2 ; B1*i + i**2 - i*r - r,i**2 + 0.626684510810088 ; i**2 - i*r + 1.50119944610853*i - r
5131,0.0,B0 + i**2 ; B1*i + i**2 - r,i**2 + 0.000553767958762742 ; i**2 + 0.543634126095001*i - r
5132,0.0,B0*i*s + i**2 ; 2*i*r + Abs(i)**(3/2)*sqrt(Abs(r)),i**2 + 0.745649166468637*i*s ; 2*i*r + Abs(i)**(3/2)*sqrt(Abs(r))
5133,0.0,i*Abs(s)**(1/4) ; sqrt(Abs(i)),i*Abs(s)**(1/4) ; sqrt(Abs(i))
5134,0.0,B0 + B1*i + B2*s + i*s ; i + sqrt(Abs(B3 + B4*r + i*r)),i*s - 1.28001976581291*i + 0.817959130198183*s - 1.8401320053602 ; i + sqrt(Abs(i*r + 0.9680871251576*r + 0.116406053729834))
5135,0.0,i**2 + i*s**2 ; B0 + B1*sqrt(Abs(i)),i**2 + i*s**2 ; 0.631630707766854*sqrt(Abs(i)) + 0.704049619880068
5136,0.0,2*i**2 + i*sqrt(Abs(s)) ; B0 + i**2 - i + r,2*i**2 + i*sqrt(Abs(s)) ; i**2 - i + r + 0.350397271970723
5137,0.0,(i + s)**2 ; i,(i + s)**2 ; i
5138,0.0,B0*i - 2*i*s ; i + r,-2*i*s + 13.5314244400442*i ; i + r
5139,0.0,B0*i - 2*i*s ; sqrt(Abs(i**2*r - i)),-2*i*s + 9.11797800732516*i ; sqrt(Abs(i**2*r - i))
5140,0.0,B0 + B1*i + i**2 ; -i**2 + i*r,i**2 - 2.7689696207996*i + 1.53806981395925 ; -i**2 + i*r
5141,0.0,B0*s**3 + i*s - s**2 ; i**2,i*s - 0.0122771769838829*s**3 - s**2 ; i**2
5142,0.0,i**2 + i*s ; i*r,i**2 + i*s ; i*r
5143,0.0,B0*i + i**2 + i*sqrt(Abs(s)) ; B1*i*r - i**2*r + i*r**2,i**2 + i*sqrt(Abs(s)) + 10.1396686164406*i ; -i**2*r + i*r**2 + 7.13601894377645*i*r
5144,0.0,B0*i + i**2 ; B1*r,i**2 - 13.4938665990373*i ; 64.0422733015907*r
5145,0.0,i**2 + i*s + Abs(i)**(3/2) ; -i*r**2 - i*r,i**2 + i*s + Abs(i)**(3/2) ; -i*r**2 - i*r
5146,0.0,B0*i + 2*i**2 ; B1*r,2*i**2 + 9.92186802081011*i ; 0.580555153023759*r
5147,0.0,B0*i + 2*i**2 + i*s ; B1 + B2*r,2*i**2 + i*s + 0.157912282713945*i ; 0.0251030053371286*r + 0.0491693017998132
5148,0.0,i**2 + i*s + Abs(i)**(5/4) ; B0*r + B0*sqrt(Abs(i))*sqrt(Abs(r)),i**2 + i*s + Abs(i)**(5/4) ; 1.52204760197304*r + 1.52204760197304*sqrt(Abs(i))*sqrt(Abs(r))
5149,0.0,B0*i + i**2 + i*sqrt(Abs(B1 + s)) ; B2*i + B2*Abs(i)**(3/2),i**2 + i*sqrt(Abs(s + 29.4439640888381)) + 15.5153303195046*i ; 10.9847427765782*i + 10.9847427765782*Abs(i)**(3/2)
5150,0.0,B0*i + i**2 + i*sqrt(Abs(i - s)) ; B1*r,i**2 + i*sqrt(Abs(i - s)) + 9.9162224390754*i ; 1.89009655374796*r
5151,0.0,B0*i + i**2 + i*sqrt(Abs(s)) ; B1 + B2*r**2,i**2 + i*sqrt(Abs(s)) + 0.048639499163801*i ; 0.0329165994305133 - 0.000338749609915183*r**2
5152,0.0,2*i**2 + i*sqrt(Abs(s)) ; B0*i*Abs(r)**(3/2) + B0*r,2*i**2 + i*sqrt(Abs(s)) ; 3.31594942470028*i*Abs(r)**(3/2) + 3.31594942470028*r
5153,0.0,2*i**2 + sqrt(2)*i*sqrt(Abs(s)) ; B0*i*r**2 + B0*r + B1*r**2,2*i**2 + sqrt(2)*i*sqrt(Abs(s)) ; 12.247236690282*i*r**2 + 0.0971398287716839*r**2 + 12.247236690282*r
5154,0.0,2*i**2 + i*sqrt(Abs(i - s)) ; B0*r**3 + B0*r + B1*r**2,2*i**2 + i*sqrt(Abs(i - s)) ; 36.5944537214925*r**3 + 0.0624047439086001*r**2 + 36.5944537214925*r
5155,0.0,B0*s + 2*i*s ; B1*i + B2*r + B3*r**2,2*i*s + 2.51217002373686*s ; -0.012277595676331*i - 0.440403378068291*r**2 + 2.99391667231007*r
5156,0.0,i**2 + i*s + Abs(i)**(5/4) ; B0 + B1*i*r**2 + B2*i**2*r,i**2 + i*s + Abs(i)**(5/4) ; 0.00712360646535174*i**2*r + 0.0341871819433317*i*r**2 + 5.04696608135363
5157,0.0,i**2 + i*s + Abs(i)**(5/4) ; B0 + B1*r + B2*r**2,i**2 + i*s + Abs(i)**(5/4) ; -0.15396561597834*r**2 - 0.119332733455187*r + 11.6792209070724
5158,0.0,B0*i + 2*i**2 ; B1*r**3 + B1*r + B2*i*r**2,2*i**2 + 9.91994342761406*i ; 0.00072024423718003*i*r**2 + 1.67876440153513*r**3 + 1.67876440153513*r
5159,0.0,B0*i + i**2 + i*s ; B1*i + B2*r**2 + B3*i*r,i**2 + i*s + 0.796349434787189*i ; 28.5170809071258*i*r + 2.39507119255554*i - 0.0415094624341915*r**2
5160,0.0,B0*i + i**2 + i*s ; B1 + B2*i*r**2 + B3*i**2*r,i**2 + i*s + 0.416969829974314*i ; -0.0175182587416956*i**2*r + 10.137989348454*i*r**2 - 0.000779766045077747
5161,0.0,B0*i + i**2 - s ; i + r + sqrt(Abs(r)),i**2 + 11.9957051164842*i - s ; i + r + sqrt(Abs(r))
5162,0.0,i ; B0 + i + 2*r,i ; i + 2*r + 63.4086418735352
5163,0.0,i ; i + r,i ; i + r
5164,0.0,B0 + B1*i - i*s + i*sqrt(Abs(B2 + s)) ; B3 + i**2 - r,-i*s + i*sqrt(Abs(s + 2.44899158711563)) - 0.432426017134031*i + 0.75633746306024 ; i**2 - r + 8.21711374364082
5165,0.0,B0 + i**2*s**2 - i*s**2 ; B1 + B2*sqrt(Abs(r)) - i + r,i**2*s**2 - i*s**2 + 0.0112809317990872 ; -i + r - 1.63664575058403*sqrt(Abs(r)) + 1.59327449675184
5166,0.0,i ; B0 + i*r,i ; i*r + 2.78965467179947e-10
5167,0.0,sqrt(Abs(s)) ; B0 + B2*sqrt(Abs(i + sqrt(Abs(B1 + r)))),sqrt(Abs(s)) ; 0.006319191401229*sqrt(Abs(i + sqrt(Abs(r + 93.5315678197818)))) + 0.059463883598519
5168,0.0,i ; B0 + B1*r,i ; 19.4962787178928 - 8.91447061164901*r
5169,0.0,i ; B0*r + B1*i*Abs(r)**(3/2),i ; 0.00370256113410938*i*Abs(r)**(3/2) + 0.340812721874863*r
5170,0.0,-i + sqrt(Abs(i)) ; B0*i + r,-i + sqrt(Abs(i)) ; 22.296560201852*i + r
5171,0.0,-s + sqrt(Abs(i)) + sqrt(Abs(s)) ; B0 + B1*i*r + B2*i*r**2,-s + sqrt(Abs(i)) + sqrt(Abs(s)) ; -0.077890653914009*i*r**2 + 1.36336332154095*i*r + 1.20829526227123
5172,0.0,B0*i*s + i ; i + r**2,9.84139230421794e-5*i*s + i ; i + r**2
5173,0.0,B0 - s ; B1 + i*r + sqrt(Abs(i)),-s - 0.223585103027463 ; i*r + sqrt(Abs(i)) + 0.0885156694226861
5174,0.0,B0 - s + sqrt(Abs(i)) ; B1 + B2*r - i,-s + sqrt(Abs(i)) - 4.12470451021125 ; -i + 26.30162009317*r - 0.0604634970516583
5175,0.0,B0 - i - 2*s ; B1 + B2*r + 2*i*r - r**2,-i - 2*s - 1.65262883341642 ; 2*i*r - r**2 - 0.982834778488742*r - 3.70916907299514e-7
5176,0.0,B0 + i ; i*r + r,i + 0.141326945945838 ; i*r + r
5177,0.0,-i + Abs(s)**(1/4)*Abs(i - s)**(1/8) ; B0 + i*r + i,-i + Abs(s)**(1/4)*Abs(i - s)**(1/8) ; i*r + i + 28.2107181279491
5178,0.0,B0 + B1*i - s + sqrt(Abs(s)) ; i*r**2 + i + r**2,1.79064151010423*i - s + sqrt(Abs(s)) + 0.000201355170682678 ; i*r**2 + i + r**2
5179,0.0,-s + sqrt(Abs(i)) ; B0 + B1*sqrt(Abs(r)) + r,-s + sqrt(Abs(i)) ; r + 0.59548233137866*sqrt(Abs(r)) + 7.15960659306681e-9
5180,0.0,-s + sqrt(Abs(B0 + B1*i)) ; B2 + r,-s + sqrt(Abs(1.41222381739168*i + 0.272219902244139)) ; r + 0.0575174856980452
5181,0.0,B0 - s ; B1 + B2*sqrt(Abs(i)) + i,-s - 0.223266045678503 ; i + 0.000287959949022228*sqrt(Abs(i)) + 0.0020403157766436
5182,0.0,i - 2*s + sqrt(2)*sqrt(Abs(i)) ; B0 + r,i - 2*s + sqrt(2)*sqrt(Abs(i)) ; r - 1.89029940287784
5183,0.0,B0 - s ; B1 + B2*i + r,-s - 0.223702966901913 ; 23.6871529467845*i + r + 1.94879148280439
5184,0.0,B0 + B1*s - i*s ; B2*i + r,-i*s + 0.217211956460699*s + 0.187563028411013 ; 0.000214021363041815*i + r
5185,0.0,B0 - s ; B1*r + i*r,0.542737736095758 - s ; i*r + 10.958930069979*r
5186,0.0,-i*s**2 - i + 2*s ; B0 + Abs(r)**(3/2),-i*s**2 - i + 2*s ; Abs(r)**(3/2) - 2.14672205746541
5187,0.0,-i + sqrt(2)*sqrt(Abs(s)) ; B0 + r,-i + sqrt(2)*sqrt(Abs(s)) ; r + 9.14978569156941e-5
5188,0.0,B0 + i ; B1*sqrt(Abs(i - r)) + r,i - 0.154881770271822 ; r - 0.0326276406765288*sqrt(Abs(i - r))
5189,0.0,B0 + i**2 + s ; B1 + r**2,i**2 + s + 2.2626564322543 ; r**2 + 0.830130363510648
5190,0.0,B0 + i ; B1 + B2*sqrt(Abs(r)),i + 1.7843754270568 ; 2.15236708284422*sqrt(Abs(r)) + 0.0199819601441029
5191,0.0,B0 - s ; B1 + B2*sqrt(Abs(r)),-s - 0.223410841371699 ; 0.0197210490331425*sqrt(Abs(r)) + 70.9423193577921
5192,0.0,i - s ; B0*sqrt(Abs(r)) + i,i - s ; i - 1.58225459488177*sqrt(Abs(r))
5193,0.0,-i + sqrt(Abs(s)) ; B0*sqrt(Abs(r)) + i,-i + sqrt(Abs(s)) ; i + 0.00800023781310723*sqrt(Abs(r))
5194,0.0,B0 + 2*i ; B1*sqrt(Abs(r)) + r,2*i - 0.349521037588217 ; r + 0.315443942163265*sqrt(Abs(r))
5195,0.0,B0 + i ; B1*sqrt(Abs(r)),i + 0.141384205837984 ; 0.152590156936221*sqrt(Abs(r))
5196,0.0,i**2 + i - 2*s ; B0*sqrt(Abs(r)) + i - r,i**2 + i - 2*s ; i - r + 2.31300174791507*sqrt(Abs(r))
5197,0.0,-i + s*sqrt(Abs(i)) ; B0 + B1*sqrt(Abs(r)) - i,-i + s*sqrt(Abs(i)) ; -i - 0.99815596174867*sqrt(Abs(r)) + 25.5072892988208
5198,0.0,-s + sqrt(Abs(B0*Abs(s)**(1/4) + s)) ; B1 + B2*sqrt(Abs(r)) - r,-s + sqrt(Abs(s - 1.21545670811461*Abs(s)**(1/4))) ; -r + 0.814871107057883*sqrt(Abs(r)) + 0.508057479041729
5199,0.0,i - s ; B0*sqrt(Abs(r)) - i + r,i - s ; -i + r + 0.424504581030645*sqrt(Abs(r))
5200,0.0,B0 - s ; B1 + B2*sqrt(Abs(r)) + i,0.542464439396408 - s ; i + 16.8277290471851*sqrt(Abs(r)) + 1.3414408885118
5201,0.0,B0 + i*s + i - s ; B1*sqrt(Abs(r)),i*s + i - s - 0.672933944991913 ; 0.739583563902408*sqrt(Abs(r))
5202,0.0,i - s ; B0*sqrt(Abs(r)) + i - r,i - s ; i - r + 11.6159605140427*sqrt(Abs(r))
5203,0.0,B0 + 2*i - s ; B1 + B2*sqrt(Abs(r)) + r,2*i - s - 3.23016184750342 ; r - 2.60216429419872*sqrt(Abs(r)) - 1.88996235185612
5204,0.0,B0 - s + sqrt(Abs(B1 + i**2)) ; B2 + B3*sqrt(Abs(r)) + r,-s + sqrt(Abs(i**2 + 0.302088718831961)) + 0.528740516255494 ; r - 0.225992142607394*sqrt(Abs(r)) + 0.309581864683741
5205,0.0,B0 + 2*i + s ; B1*sqrt(Abs(r)),2*i + s + 0.205334416328345 ; 11.8760065488709*sqrt(Abs(r))
5206,0.0,B0 + i - sqrt(Abs(i)) ; B1*sqrt(Abs(r)),i - sqrt(Abs(i)) + 0.29382523520759 ; 0.0259420796134797*sqrt(Abs(r))
5207,0.0,B0 + B1*i + i**2 - s ; B2*sqrt(Abs(r)) + i - r,i**2 - 3.3941880414762*i - s + 1.90609049284884 ; i - r + 13.6726802779309*sqrt(Abs(r))
5208,0.0,B0 - s ; B1*sqrt(Abs(r)),-s - 0.223378007772009 ; 0.00412712530638891*sqrt(Abs(r))
5209,0.0,B0 + i - s ; B1 + B2*sqrt(Abs(r)),i - s - 14.2034411237512 ; 7.56676689091153*sqrt(Abs(r)) - 1.43585011929617
5210,0.0,B0 - 2*s + sqrt(Abs(i)) ; B1 + B2*sqrt(Abs(r)),-2*s + sqrt(Abs(i)) - 0.551260866028439 ; 9.33850192322312*sqrt(Abs(r)) + 2.01056791764825
5211,0.0,B0 - s + sqrt(Abs(s + sqrt(Abs(s)))) ; B1 + B2*sqrt(Abs(r)) - i,-s + sqrt(Abs(s + sqrt(Abs(s)))) - 0.526395069888979 ; -i + 60.9373991808115*sqrt(Abs(r)) + 0.0328506352434902
5212,0.0,B0 + i ; B1 + B2*sqrt(Abs(r)) - r,i + 5.1359753595661 ; -r + 8.38441830070261*sqrt(Abs(r)) - 4.60023905840016e-8
5213,0.0,B0 - 2*s ; B1 + B2*sqrt(Abs(r)),-2*s - 0.248002526179827 ; 8.82771320549108*sqrt(Abs(r)) + 1.01222667723092
5214,0.0,B0 - 2*s ; B1 + B2*sqrt(Abs(r)) - i,-2*s - 0.247816964520155 ; -i + 0.00122789650955073*sqrt(Abs(r)) + 1.79660262232701
5215,0.0,B0 + i - s - sqrt(Abs(i)) ; B1 + B2*sqrt(Abs(r)),i - s - sqrt(Abs(i)) - 8.35785448746531 ; -7.18281256885246*sqrt(Abs(r)) - 5.35590850494132
5216,0.0,B0 - 2*s ; B1 + B2*sqrt(Abs(r)) - r,-2*s - 0.247822895327341 ; -r + 2.55778318933746*sqrt(Abs(r)) + 2.49947621543894
5217,0.0,B0 + i ; B1 + B2*sqrt(Abs(r)) - i,i - 18.6054319931726 ; -i - 7.75877559213307*sqrt(Abs(r)) - 4.8961282162791
5218,0.0,B0 - 2*s + sqrt(Abs(B1 + s)) ; B2 + B3*sqrt(Abs(r)),-2*s + sqrt(Abs(s - 1.20309948375988)) + 0.993828305855379 ; 0.010722947486853*sqrt(Abs(r)) + 4.52208115970378
5219,0.0,sqrt(Abs(i)) ; B0*r**2 + r**3,sqrt(Abs(i)) ; r**3 + 1.38178143653816*r**2
5220,0.0,sqrt(Abs(s)) ; sqrt(Abs(r)),sqrt(Abs(s)) ; sqrt(Abs(r))
5221,0.0,sqrt(Abs(B0 - s)) ; sqrt(Abs(B1 + r)),sqrt(Abs(s + 9.05654938806841)) ; sqrt(Abs(r + 8.94665535322333))
5222,0.0,sqrt(Abs(i**2*s - i*s**2)) ; sqrt(Abs(r)),sqrt(Abs(i**2*s - i*s**2)) ; sqrt(Abs(r))
5223,0.0,sqrt(Abs(i)) ; r,sqrt(Abs(i)) ; r
5224,0.0,sqrt(Abs(s)) ; B0 - sqrt(Abs(r + sqrt(Abs(B1 + i)))),sqrt(Abs(s)) ; 1.87573805100903 - sqrt(Abs(r + sqrt(Abs(i + 5.89258226105039))))
5225,0.0,sqrt(Abs(s)) ; B0*i**2 + B1*i**2*r,sqrt(Abs(s)) ; 0.00070970294989456*i**2*r + 0.0296131411512541*i**2
5226,0.0,sqrt(Abs(B0 - s)) ; B1 + B2*r + i*r,sqrt(Abs(s + 48.7739979148444)) ; i*r + 47.4545070221517*r + 0.014043267493614
5227,0.0,sqrt(Abs(B0 + s)) ; i,sqrt(Abs(s + 25.6520965517615)) ; i
5228,0.0,sqrt(Abs(s)) ; B0 + B1*r*Abs(i)**(3/2) + i,sqrt(Abs(s)) ; i + 0.000268480344364745*r*Abs(i)**(3/2) + 0.00671184598175605
5229,0.0,sqrt(Abs(i - s)) ; sqrt(Abs(B0 + r)),sqrt(Abs(i - s)) ; sqrt(Abs(r + 0.00180368328043254))
5230,0.0,sqrt(Abs(B0*sqrt(Abs(s - sqrt(Abs(i)))) - s)) ; sqrt(Abs(r + Abs(r)**(1/4))),sqrt(Abs(s + 0.102610867420421*sqrt(Abs(s - sqrt(Abs(i)))))) ; sqrt(Abs(r + Abs(r)**(1/4)))
5231,0.0,sqrt(Abs(B0 - 2*s + sqrt(Abs(s)))) ; r,sqrt(Abs(2*s - sqrt(Abs(s)) + 0.0183344943538117)) ; r
5232,0.0,sqrt(Abs(i*s + i*sqrt(Abs(s)) - s)) ; B0*r - 2*i*r + i + r**2,sqrt(Abs(i*s + i*sqrt(Abs(s)) - s)) ; -2*i*r + i + r**2 + 0.306333804658121*r
5233,0.0,sqrt(Abs(B0 - s)) ; B1*r,sqrt(Abs(s + 48.7867103825196)) ; 51.8134888171385*r
5234,0.0,sqrt(Abs(B0 - s)) ; Abs(i)**(1/8),sqrt(Abs(s + 0.362862432606533)) ; Abs(i)**(1/8)
5235,0.0,sqrt(Abs(B0 - s)) ; r + 2*sqrt(Abs(i)),sqrt(Abs(s + 0.36284403885911)) ; r + 2*sqrt(Abs(i))
5236,0.0,sqrt(Abs(B0 - i*s)) ; i,sqrt(Abs(i*s - 0.199907537223445)) ; i
5237,0.0,sqrt(Abs(B0 - i*s)) ; B1*r + Abs(r)**(5/4),sqrt(Abs(i*s - 0.124988956549288)) ; 0.000305504218929551*r + Abs(r)**(5/4)
5238,0.0,sqrt(Abs(B0 - i*sqrt(Abs(s)))) ; B1 + B2*i - i**2,sqrt(Abs(i*sqrt(Abs(s)) - 0.0142427816537894)) ; -i**2 + 0.00330951778469173*i + 2.35347432266543
5239,0.0,sqrt(Abs(B0 - i)) ; r,sqrt(Abs(i - 46.2933103464898)) ; r
5240,0.0,sqrt(Abs(-B0 + i*s + i)) ; B1*r + B2*r**2 + i*r,sqrt(Abs(i*s + i + 125.095919558297)) ; i*r + 10.9989450760529*r**2 + 65.0336694962548*r
5241,0.0,sqrt(Abs(B0 - i)) ; -i*r + i*sqrt(Abs(B1*i - r)),sqrt(Abs(i - 0.00616104431843429)) ; -i*r + i*sqrt(Abs(0.00637786494914813*i - r))
5242,0.0,sqrt(Abs(B0 - i)) ; sqrt(Abs(r)),sqrt(Abs(i - 46.3072208737757)) ; sqrt(Abs(r))
5243,0.0,sqrt(Abs(B0 - sqrt(Abs(i - s**2)))) ; sqrt(Abs(r)),sqrt(Abs(sqrt(Abs(i - s**2)) - 54.7586235716738)) ; sqrt(Abs(r))
5244,0.0,sqrt(Abs(B0 - sqrt(Abs(B1*s + s**2)))) ; r,sqrt(Abs(sqrt(Abs(s**2 + 47.1842783366572*s)) - 32.5999380379149)) ; r
5245,0.0,B0 + sqrt(Abs(s)) ; i,sqrt(Abs(s)) - 0.0328841313049533 ; i
5246,0.0,sqrt(Abs(s)) ; i,sqrt(Abs(s)) ; i
5247,0.0,i*s ; B0 + i,i*s ; i + 0.000480050737833547
5248,0.0,i*s ; B0 + sqrt(Abs(i - sqrt(Abs(r)))),i*s ; sqrt(Abs(i - sqrt(Abs(r)))) - 0.0339941909595131
5249,0.0,B0*i*s + i*s**2 ; B1 + 2*r + sqrt(Abs(r)),i*s**2 - 0.209777355637307*i*s ; 2*r + sqrt(Abs(r)) + 1.83702748532845
5250,0.0,i*Abs(B0 + s)**(1/8) ; B1 + sqrt(Abs(i)),i*Abs(s - 0.383795248060448)**(1/8) ; sqrt(Abs(i)) - 0.0162615275971848
5251,0.0,B0*i**2 + B1*i**3 + i*s ; i + sqrt(Abs(B2 + 2*i)),-0.016449497405153*i**3 + 0.409820102992457*i**2 + i*s ; i + sqrt(Abs(2*i + 0.0175124155870536))
5252,0.0,B1*sqrt(Abs(B0 + s)) + i*sqrt(Abs(B0 + s)) ; B2 + i - r,i*sqrt(Abs(s + 44.1824703582484)) + 7.71613214950517*sqrt(Abs(s + 44.1824703582484)) ; i - r + 56.2971579565312
5253,0.0,B0*i - i*s ; B1 + sqrt(Abs(i)) + sqrt(Abs(r)),-i*s - 2.62223692699485*i ; sqrt(Abs(i)) + sqrt(Abs(r)) + 0.138064078223401
5254,0.0,Abs(i)**(3/2)*sqrt(Abs(s)) ; B0 + i + r,Abs(i)**(3/2)*sqrt(Abs(s)) ; i + r + 5.70534646391829
5255,0.0,Abs(i)**(3/2) ; B0 - i + r + Abs(i)**(1/4),Abs(i)**(3/2) ; -i + r + Abs(i)**(1/4) + 0.332456952548528
5256,0.0,i*sqrt(Abs(s)) ; B0 + i + 3*r,i*sqrt(Abs(s)) ; i + 3*r + 0.609315051401461
5257,0.0,Abs(i)**(3/2) ; B0 + sqrt(Abs(i + r**2)),Abs(i)**(3/2) ; sqrt(Abs(i + r**2)) + 0.0727412181158915
5258,0.0,i*Abs(i**2 + s)**(1/8) ; B0 + i + r,i*Abs(i**2 + s)**(1/8) ; i + r + 21.8792466942954
5259,0.0,Abs(s)**(3/4) ; i,Abs(s)**(3/4) ; i
5260,0.0,sqrt(Abs(i))*sqrt(Abs(i - s)) ; -i + 2*r + sqrt(Abs(r)),sqrt(Abs(i))*sqrt(Abs(i - s)) ; -i + 2*r + sqrt(Abs(r))
5261,0.0,B0*Abs(s)**(1/4) + i*Abs(s)**(1/4) ; B1 - i + sqrt(Abs(i)),i*Abs(s)**(1/4) - 20.7500532916007*Abs(s)**(1/4) ; -i + sqrt(Abs(i)) - 32.754430065313
5262,0.0,B0*Abs(i)**(3/2) + Abs(i)**(5/2) ; B1 + 2*i + Abs(r)**(1/4),Abs(i)**(5/2) + 0.000860747295606112*Abs(i)**(3/2) ; 2*i + Abs(r)**(1/4) + 0.00108020209221809
5263,0.0,B1*sqrt(Abs(B0 - i)) + i*sqrt(Abs(B0 - i)) ; B2 - r + sqrt(Abs(r)),i*sqrt(Abs(i - 0.0180359753514115)) + 0.00764560319016521*sqrt(Abs(i - 0.0180359753514115)) ; -r + sqrt(Abs(r)) + 0.0313662369360939
5264,0.0,i*sqrt(Abs(s + sqrt(Abs(s)))) ; B0 + 2*r + sqrt(Abs(r)),i*sqrt(Abs(s + sqrt(Abs(s)))) ; 2*r + sqrt(Abs(r)) + 0.0963740607146066
5265,0.0,i*sqrt(Abs(B0*i - i**2)) ; B1 - r + sqrt(Abs(r)),i*sqrt(Abs(i**2 - 0.0315131226615496*i)) ; -r + sqrt(Abs(r)) + 0.64656886018308
5266,0.0,B0*sqrt(Abs(s)) + i*Abs(s)**(3/2) - i*sqrt(Abs(s)) ; B1 + sqrt(Abs(i)) + sqrt(Abs(r)),i*Abs(s)**(3/2) - i*sqrt(Abs(s)) + 4.65867213795753*sqrt(Abs(s)) ; sqrt(Abs(i)) + sqrt(Abs(r)) + 0.160726523222959
5267,0.0,sqrt(Abs(s))*sqrt(Abs(B0 - s)) ; B1 + sqrt(Abs(r)),sqrt(Abs(s))*sqrt(Abs(s + 5.21842705468152)) ; sqrt(Abs(r)) + 4.57336183568669
5268,0.0,i*sqrt(Abs(B0*i + i*sqrt(Abs(s)))) ; B1 + i + sqrt(Abs(r)),i*sqrt(Abs(i*sqrt(Abs(s)) - 0.81156263828009*i)) ; i + sqrt(Abs(r)) + 0.303212327534968
5269,0.0,2*s*sqrt(Abs(i)) + Abs(i)**(5/2) ; B0 + sqrt(Abs(r)),2*s*sqrt(Abs(i)) + Abs(i)**(5/2) ; sqrt(Abs(r)) + 0.000124771157128206
5270,0.0,i*sqrt(Abs(B0 + i)) ; B1 - i + sqrt(Abs(r)),i*sqrt(Abs(i - 0.0311732034178435)) ; -i + sqrt(Abs(r)) + 0.259650827403792
5271,0.0,sqrt(2)*i**2 ; B0 - i + sqrt(Abs(r)),sqrt(2)*i**2 ; -i + sqrt(Abs(r)) + 0.000544671307597593
5272,0.0,i*sqrt(Abs(s)) ; B0 + r + sqrt(Abs(r)),i*sqrt(Abs(s)) ; r + sqrt(Abs(r)) + 0.000988364427604815
5273,0.0,sqrt(Abs(i))*Abs(i - s)**(1/4) ; B0 + i - r + sqrt(Abs(r)),sqrt(Abs(i))*Abs(i - s)**(1/4) ; i - r + sqrt(Abs(r)) + 46.2219691103556
5274,0.0,i*sqrt(Abs(B0 + sqrt(Abs(B1 + sqrt(Abs(i)))))) ; B2 + sqrt(Abs(r)),i*sqrt(Abs(sqrt(sqrt(Abs(i)) + 24.7444364261085) - 5.89444115302423)) ; sqrt(Abs(r)) + 48.3423439193762
5275,0.0,sqrt(Abs(s))*sqrt(Abs(B0 + i)) ; B1 - r + sqrt(Abs(r)),sqrt(Abs(s))*sqrt(Abs(i + 4.84714080516502)) ; -r + sqrt(Abs(r)) + 58.0396855549976
5276,0.0,i*sqrt(Abs(i*s + i)) ; B0 - r + sqrt(Abs(r)),i*sqrt(Abs(i*s + i)) ; -r + sqrt(Abs(r)) + 3.80823978059492
5277,0.0,i*sqrt(Abs(i*s + Abs(i)**(3/2)*sqrt(Abs(s)))) ; B0 - r + sqrt(Abs(r)),i*sqrt(Abs(i*s + Abs(i)**(3/2)*sqrt(Abs(s)))) ; -r + sqrt(Abs(r)) + 0.00254426686651664
5278,0.0,Abs(i)**(1/8)*sqrt(Abs(s)) ; B0 - r + sqrt(Abs(r)),Abs(i)**(1/8)*sqrt(Abs(s)) ; -r + sqrt(Abs(r)) + 46.5939084477408
5279,0.0,i*sqrt(Abs(B0 - i - s + sqrt(Abs(i)))) ; B1 - r + sqrt(Abs(r)),i*sqrt(Abs(i + s - sqrt(Abs(i)) + 5.32937698326349)) ; -r + sqrt(Abs(r)) + 2.41251847056472
5280,0.0,i*sqrt(Abs(B0*i - s)) ; B1 - r + sqrt(Abs(r)),i*sqrt(Abs(0.737394731554976*i + s)) ; -r + sqrt(Abs(r)) + 0.549793610650723
5281,0.0,sqrt(Abs(s))*sqrt(Abs(B0 + s)) ; B1 - r + sqrt(Abs(r)),sqrt(Abs(s))*sqrt(Abs(s + 69.2615062132908)) ; -r + sqrt(Abs(r)) + 2.25582137960083
5282,0.0,i*sqrt(Abs(B0 - i)) ; B1 - r + sqrt(Abs(r)),i*sqrt(Abs(i - 0.0311671011404841)) ; -r + sqrt(Abs(r)) + 0.280258234964556
5283,0.0,i*sqrt(Abs(2*s**2 - s)) ; B0 - r + sqrt(Abs(r)),i*sqrt(Abs(2*s**2 - s)) ; -r + sqrt(Abs(r)) + 5.73163627833128
5284,0.0,i*sqrt(Abs(s - sqrt(Abs(i)))) ; B0 - r + sqrt(Abs(r)),i*sqrt(Abs(s - sqrt(Abs(i)))) ; -r + sqrt(Abs(r)) + 2.33128601615297
5285,0.0,i*sqrt(Abs(i - s)) ; B0 - r + sqrt(Abs(r)),i*sqrt(Abs(i - s)) ; -r + sqrt(Abs(r)) + 0.646317897550514
5286,0.0,i*sqrt(Abs(i - s)) - s*sqrt(Abs(i - s)) ; B0 - r + sqrt(Abs(r)),i*sqrt(Abs(i - s)) - s*sqrt(Abs(i - s)) ; -r + sqrt(Abs(r)) + 1.90481696834548
5287,0.0,i*s*sqrt(Abs(i - s)) ; B0 - r + sqrt(Abs(r)),i*s*sqrt(Abs(i - s)) ; -r + sqrt(Abs(r)) + 2.30256080647047
5288,0.0,sqrt(Abs(s))*sqrt(Abs(i - s)) ; B0 - r + sqrt(Abs(r)),sqrt(Abs(s))*sqrt(Abs(i - s)) ; -r + sqrt(Abs(r)) + 7.16346139029929
5289,0.0,i + sqrt(Abs(i)) ; i,i + sqrt(Abs(i)) ; i
5290,0.0,i + Abs(i)**(3/2) ; i,i + Abs(i)**(3/2) ; i
5291,0.0,B0 + B1*Abs(i)**(3/2) - s*sqrt(Abs(i)) ; i,-s*sqrt(Abs(i)) + 1.05741289599278*Abs(i)**(3/2) - 0.442581838143221 ; i
5292,0.0,i + Abs(s)**(5/4) ; i,i + Abs(s)**(5/4) ; i
5293,0.0,B0*Abs(s)**(1/4) + i*Abs(s)**(1/4) + i ; i,i*Abs(s)**(1/4) + i + 0.0758705747795619*Abs(s)**(1/4) ; i
5294,0.0,i**2*Abs(s)**(1/4) + i ; i,i**2*Abs(s)**(1/4) + i ; i
5295,0.0,B0 + i ; B1*r**2 - i*r**2 + r**3,i + 0.424533194771896 ; -i*r**2 + r**3 + 0.0544822324872825*r**2
5296,0.0,B0 + i ; B1*i*r,i - 0.179958000116485 ; 0.194067577909585*i*r
5297,0.0,sqrt(Abs(B0*s + Abs(s)**(3/2))) ; r*Abs(i)**(1/16),sqrt(Abs(7.1084234019043*s + Abs(s)**(3/2))) ; r*Abs(i)**(1/16)
5298,0.0,i ; B0*r - 2*r**2,i ; -2*r**2 + 0.00132179047950604*r
5299,0.0,i ; B0*Abs(r)**(1/4),i ; 0.0017420638917656*Abs(r)**(1/4)
5300,0.0,sqrt(Abs(i*s - s*sqrt(Abs(i)))) ; B0*i**2 + B0*i + B1*r,sqrt(Abs(i*s - s*sqrt(Abs(i)))) ; 0.000983180796795633*i**2 + 0.000983180796795633*i + 0.147645572125034*r
5301,0.0,B0 + i ; B2*Abs(B1 - i)**(1/4),i + 8.57149260010045 ; 10.876445948078*Abs(i - 0.382598690575744)**(1/4)
5302,0.0,B0 + 2*i + sqrt(Abs(s)) ; B1 + B2*sqrt(Abs(r)),2*i + sqrt(Abs(s)) + 8.40435844127319 ; 6.10148286847704*sqrt(Abs(r)) + 1.74588814474913
5303,0.0,B0 + 2*i - s**2 ; B1 + B2*i + B3*i*r,2*i - s**2 + 0.937268195406345 ; -1.73003710486552*i*r + 11.5837030363975*i + 5.63283056896212
5304,0.0,B0 + B1*i*s - s*Abs(i)**(3/2) ; B2 + B3*i*r,-1.68375002658591*i*s - s*Abs(i)**(3/2) - 2.11232812195551 ; -0.739687219032384*i*r + 3.17650473478038
5305,0.0,B0*sqrt(Abs(i))*sqrt(Abs(s)) + 2*i ; B1*r,2*i - 0.000949086146035626*sqrt(Abs(i))*sqrt(Abs(s)) ; 0.0187026291219066*r
5306,0.0,i ; B0*r,i ; 0.000752867550382808*r
5307,0.0,sqrt(Abs(s)) ; B0*r,sqrt(Abs(s)) ; 54.3633560199913*r
5308,0.0,sqrt(Abs(s)) ; B0 + B1*r,sqrt(Abs(s)) ; 0.000148974258981046*r + 25.4731808909951
5309,0.0,B0 + i ; B1*r,i - 0.457001166207843 ; 0.547620559516897*r
5310,0.0,i + sqrt(Abs(i - Abs(i)**(1/4))) ; B0 + B1*r,i + sqrt(Abs(i - Abs(i)**(1/4))) ; 6.4013536430632 - 3.02436600797152*r
5311,0.0,sqrt(Abs(i)) + sqrt(Abs(B0 + 2*s)) ; B1*r,sqrt(Abs(i)) + sqrt(Abs(2*s + 114.601818505428)) ; 0.00012903315960403*r
5312,0.0,B0 + Abs(i)**(9/8) ; B1*r + B1*sqrt(Abs(B2 + i)),Abs(i)**(9/8) + 1.7679690549853 ; 0.708178376384345*r + 0.708178376384345*sqrt(Abs(i - 0.0183638089724917))
5313,0.0,B0 + i ; B1 + B2*r,i + 90.3325066323635 ; 97.7540225007445*r + 357.802350817531
5314,0.0,B0*sqrt(Abs(s)) + i - s ; B1 + B2*r,i - s - 1.87598846942898*sqrt(Abs(s)) ; 5.67522557908688 - 9.04156462905005*r
5315,0.0,-i + s**2 + 2*s ; B0*i + B1*r,-i + s**2 + 2*s ; 8.1309416948371*i + 21.1715320645816*r
5316,0.0,2*i ; B0 + B1*i*r + B1*r,2*i ; 0.04458637245166*i*r + 0.04458637245166*r + 0.360483968213986
5317,0.0,-i**2*s + i**2*sqrt(Abs(B0 + s)) + s ; B1 + B2*r**2 + B2*r,-i**2*s + i**2*sqrt(Abs(s + 1.07763591274623)) + s ; 1.43136864027626*r**2 + 1.43136864027626*r + 0.0349679328537564
5318,0.0,B0 + B1*s**2 + i ; B2*i + B3*r,i - 0.0352164215731402*s**2 + 4.49979872762774 ; -3.80515121040164*i + 1.46155337341768*r
5319,0.0,B0*i - s ; B1 + B2*r,0.00268857077979414*i - s ; 9.4793569740823*r + 209.02968690833
5320,0.0,B0*i + sqrt(Abs(i))*sqrt(Abs(s)) ; B1*i*r + B1*i + B1*r,0.0718079315998443*i + sqrt(Abs(i))*sqrt(Abs(s)) ; 0.0819214433408412*i*r + 0.0819214433408412*i + 0.0819214433408412*r
5321,0.0,i ; B0*i*r,i ; 0.00132941172432526*i*r
5322,0.0,B0 + i ; r**2,i + 0.424480023456235 ; r**2
5323,0.0,i ; B0*sqrt(Abs(i)),i ; 0.0374339610836296*sqrt(Abs(i))
5324,0.0,i ; r**2,i ; r**2
5325,0.0,i ; B1*sqrt(Abs(B0 - r)),i ; 0.0166960590826686*sqrt(Abs(r - 5.42792815848817))
5326,0.0,i ; B0*r + B1*r**2,i ; 11.1022008912104*r**2 + 0.00194356905358883*r
5327,0.0,i ; B0*sqrt(Abs(i))*sqrt(Abs(r)) + B0*sqrt(Abs(i)),i ; 0.033392494459311*sqrt(Abs(i))*sqrt(Abs(r)) + 0.033392494459311*sqrt(Abs(i))
5328,0.0,i ; B0 + B1*Abs(i)**(3/4)*sqrt(Abs(r)),i ; -0.305326796405804*Abs(i)**(3/4)*sqrt(Abs(r)) + 0.130709610488065
5329,0.0,i ; B0*r - i*r + 2*r**2,i ; -i*r + 2*r**2 + 0.00453575005558476*r
5330,0.0,i ; B0*r + i*r**2 - r**3,i ; i*r**2 - r**3 + 0.795128949020588*r
5331,0.0,i ; 2*i*r + 2*i*sqrt(Abs(r)),i ; 2*i*r + 2*i*sqrt(Abs(r))
5332,0.0,i ; B0*i*r + B1*i**2*r,i ; 0.000128814491846426*i**2*r + 0.0302420330338412*i*r
5333,0.0,i ; B0*r + B1*i**2*r + B1*r**2,i ; 77.618445383638*i**2*r + 77.618445383638*r**2 + 0.0445944789434443*r
5334,0.0,i ; B0*r + r**2 + r*sqrt(Abs(i)),i ; r**2 + r*sqrt(Abs(i)) + 68.4978411897728*r
5335,0.0,i ; B0*r + i**2*r - i*r**2 - r**2,i ; i**2*r - i*r**2 - r**2 + 0.000320573512198583*r
5336,0.0,i ; B0*r + B1*r**2 + i*r**2,i ; i*r**2 + 0.00555261106876329*r**2 + 0.149932636199412*r
5337,0.0,i ; B0*r + B1*r*sqrt(Abs(i)),i ; 68.781966797082*r*sqrt(Abs(i)) + 0.432560783779463*r
5338,0.0,i ; B0*r + 2*i**2*r,i ; 2*i**2*r + 7.96279979529117*r
5339,0.0,i ; B0*r + B1*i*r,i ; 0.00029194889210834*i*r + 16.6407003668468*r
5340,0.0,i ; B0*r + r**4,i ; r**4 + 0.00719452675898306*r
5341,0.0,i ; B0 + B1*i*r,i ; 0.0383491412613713*i*r + 0.193294398137939
5342,0.0,i ; B0*r + i*r**2,i ; i*r**2 + 21.0639005241001*r
5343,0.0,i ; B0*r + r**3,i ; r**3 + 40.3238008597174*r
5344,0.0,i ; B0*r + i*r**2 + r**3,i ; i*r**2 + r**3 + 0.00109130064960826*r
5345,0.0,i ; B0 + B1*r + B2*r**2,i ; 0.018996675334675*r**2 - 3.40186217812652*r - 0.930756411794133
5346,0.0,i ; B0 + B1*r**2 + B2*i*r,i ; 0.100934245803885*i*r + 0.00982044725020617*r**2 + 0.00680289282205812
5347,0.0,i ; B0*i + B1*i*r - i*r**2,i ; -i*r**2 + 0.0630498176540637*i*r + 0.00334232048027149*i
5348,0.0,i ; B0 + B1*r + B2*i*r,i ; 0.0101797241652032*i*r + 0.00782859962502581*r + 0.0122871231553625
5349,0.0,i ; B0*i**2*r,i ; 0.00303175425745272*i**2*r
5350,0.0,-s + Abs(s - sqrt(Abs(s)))**(1/4) ; sqrt(Abs(-i**2*r + i**2 + i*r)),-s + Abs(s - sqrt(Abs(s)))**(1/4) ; sqrt(Abs(-i**2*r + i**2 + i*r))
5351,0.0,B0 + i ; sqrt(Abs(r)),i + 0.424480023282659 ; sqrt(Abs(r))
5352,0.0,i*sqrt(Abs(s + sqrt(Abs(s)))) - s ; r,i*sqrt(Abs(s + sqrt(Abs(s)))) - s ; r
5353,0.0,i - sqrt(Abs(s)) ; r,i - sqrt(Abs(s)) ; r
5354,0.0,B0 + i ; r,i + 0.14132694590106 ; r
5355,0.0,B0 + i - Abs(s)**(5/2) ; r,i - Abs(s)**(5/2) + 0.160698297502378 ; r
5356,0.0,B0 + B1*s - i*s + i ; r,-i*s + i + 3.12796302217056*s - 0.00660286237263416 ; r
5357,0.0,B0*s**2 - i*s + i ; r,-i*s + i + 0.655427205354007*s**2 ; r
5358,0.0,B0*s - i*s + i ; r,-i*s + i + 3.14732746990383*s ; r
5359,0.0,i ; r,i ; r
5360,0.0,B0*sqrt(Abs(s)) + i ; r,i + 0.149492481738315*sqrt(Abs(s)) ; r
5361,0.0,B0*s - s**2 ; i,-s**2 - 0.769301453658929*s ; i
5362,0.0,B0*i + 2*i**2 + Abs(i)**(3/2) ; B1 + r,2*i**2 + 1.06978743431898*i + Abs(i)**(3/2) ; r + 0.0872710006170616
5363,0.0,B0*i + i*s ; sqrt(Abs(B2 + Abs(B1 + i + r)**(1/4))),i*s + 1.34586629600696*i ; sqrt(Abs(i + r - 0.0147037933715236)**(1/4) + 8.90461273239398)
5364,0.0,i**2 ; r,i**2 ; r
5365,0.0,B0*i*s + B1*s*Abs(i)**(3/2) ; sqrt(Abs(r - sqrt(Abs(i)))),0.0283620133535608*i*s + 0.00273625246549291*s*Abs(i)**(3/2) ; sqrt(Abs(r - sqrt(Abs(i))))
5366,0.0,i**2 ; B0*sqrt(Abs(r)),i**2 ; 0.57771408405879*sqrt(Abs(r))
5367,0.0,B0*i + B1*s + i**2 - i*s ; i + r,i**2 - i*s - 0.103490314292709*i + 1.81932480536695*s ; i + r
5368,0.0,-i*s**2 + i*s - s**3 ; B0*i + B1*r,-i*s**2 + i*s - s**3 ; 0.46574924105293*i - 0.158653641323006*r
5369,0.0,B0*s - s**2 ; -i*r**2 + i*r + 2*r**2,-s**2 - 0.769301473590841*s ; -i*r**2 + i*r + 2*r**2
5370,0.0,B0*i - 3*i**2 ; B1 + B2*r + r**2,-3*i**2 - 2.9893767294542*i ; r**2 + 1.26610289232645*r + 1.7060444498205
5371,0.0,B0*s + 2*i*s ; r - sqrt(Abs(i + sqrt(2)*sqrt(Abs(i)))),2*i*s - 0.0975952062354661*s ; r - sqrt(Abs(i + sqrt(2)*sqrt(Abs(i))))
5372,0.0,i*s - s**2 + Abs(s)**(3/2) ; sqrt(Abs(B0*r + B1*i + B2)),i*s - s**2 + Abs(s)**(3/2) ; sqrt(Abs(18.3091845300687*i - 85.5275028650998*r + 2.27759603258264))
5373,0.0,-i*s - s**2 ; Abs(B0 + r)**(1/16),-i*s - s**2 ; Abs(r)**(1/16)
5374,0.0,B0*i*s - i**2*s - s**2 ; r,-i**2*s + 0.000576799052666418*i*s - s**2 ; r
5375,0.0,B0*s + B1*s**2 + i*s**2 ; B2 - 2*i + r,i*s**2 + 0.791570116639656*s**2 + 0.0146836229433288*s ; -2*i + r - 0.333159714613263
5376,0.0,-Abs(s)**(3/2) ; sqrt(Abs(i)),-Abs(s)**(3/2) ; sqrt(Abs(i))
5377,0.0,B0*s - i*s ; i**2 + r,-i*s + 0.0571154284126471*s ; i**2 + r
5378,0.0,B0*i + B1*s + 2*i*s - s**2 ; sqrt(Abs(i)),2*i*s + 0.0214339165898988*i - s**2 + 1.5555846350073*s ; sqrt(Abs(i))
5379,0.0,i*sqrt(Abs(s)) ; B0 + B1*r**2,i*sqrt(Abs(s)) ; 3.90700310892366 - 1.06213797531574*r**2
5380,0.0,i*sqrt(Abs(B0 + s)) ; r,i*sqrt(Abs(s + 0.0274604268967053)) ; r
5381,0.0,sqrt(Abs(i))*sqrt(Abs(s)) ; B0 - i*r**2 + Abs(r)**(5/2),sqrt(Abs(i))*sqrt(Abs(s)) ; -i*r**2 + Abs(r)**(5/2) + 0.0082221991810928
5382,0.0,B0*sqrt(Abs(i - s)) + s*sqrt(Abs(i - s)) ; sqrt(Abs(r - sqrt(Abs(B1 + 2*i + r)))),s*sqrt(Abs(i - s)) + 0.00337772523159662*sqrt(Abs(i - s)) ; sqrt(Abs(r - sqrt(Abs(2*i + r + 24.550257070919))))
5383,0.0,Abs(i)**(1/4)*sqrt(Abs(s)) ; B0 + i,Abs(i)**(1/4)*sqrt(Abs(s)) ; i + 6.87983581268695
5384,0.0,i*sqrt(Abs(B0 + sqrt(Abs(B1 + sqrt(Abs(i)))))) ; B2 + B3*i + B4*r,i*sqrt(Abs(sqrt(Abs(sqrt(Abs(i)) - 7271.34071859666)) - 89.7361356850459)) ; 27.8799367024082*i + 15.2056543633894*r + 22.7131529644507
5385,0.0,B0*sqrt(Abs(i)) - s*sqrt(Abs(i)) ; B1 - r,-s*sqrt(Abs(i)) - 0.0216059030842599*sqrt(Abs(i)) ; -r - 0.0250982252472066
5386,0.0,i*sqrt(Abs(B0 + i)) ; B1 - i,i*sqrt(Abs(i + 3.96773676562073)) ; 0.676110662603483 - i
5387,0.0,i*sqrt(Abs(i + sqrt(Abs(i))*sqrt(Abs(s)))) ; B0 + B1*i,i*sqrt(Abs(i + sqrt(Abs(i))*sqrt(Abs(s)))) ; 5.45214943160206*i - 2.44653871494362
5388,0.0,i*Abs(s)**(1/4) ; B0 - sqrt(Abs(i)),i*Abs(s)**(1/4) ; 0.619566951012697 - sqrt(Abs(i))
5389,0.0,i*sqrt(Abs(i - sqrt(Abs(B0 + i)))) ; i + r,i*sqrt(Abs(i - sqrt(Abs(i + 40.495460207659)))) ; i + r
5390,0.0,i*sqrt(Abs(B0*i + i*s)) ; i - r,i*sqrt(Abs(i*s + 2.16018307461924*i)) ; i - r
5391,0.0,i*sqrt(Abs(B0 + 2*s)) ; B1 - r,i*sqrt(Abs(2*s - 0.696875386599688)) ; 1.27159724474383 - r
5392,0.0,B0*sqrt(Abs(i)) - sqrt(2)*s*sqrt(Abs(i)) ; B1 + i,-sqrt(2)*s*sqrt(Abs(i)) + 0.0444899312150831*sqrt(Abs(i)) ; i + 0.51914620921824
5393,0.0,sqrt(2)*i*sqrt(Abs(s)) + sqrt(2)*Abs(s)**(3/2) ; i - r,sqrt(2)*i*sqrt(Abs(s)) + sqrt(2)*Abs(s)**(3/2) ; i - r
5394,0.0,i*sqrt(Abs(B0*i*s + B0*s**2 + s)) ; B1 + i - sqrt(Abs(i)),i*sqrt(Abs(0.115180452139942*i*s + 0.115180452139942*s**2 + s)) ; i - sqrt(Abs(i)) - 1.34608509550418
5395,0.0,i*sqrt(Abs(i + s)) ; i - sqrt(Abs(r)),i*sqrt(Abs(i + s)) ; i - sqrt(Abs(r))
5396,0.0,B1*sqrt(Abs(B0 + i)) - s*sqrt(Abs(B0 + i)) ; i - sqrt(Abs(B2 + i + sqrt(Abs(i)))),-s*sqrt(Abs(i + 10.5024795047432)) + 0.5729963096292*sqrt(Abs(i + 10.5024795047432)) ; i - sqrt(Abs(i + sqrt(Abs(i)) + 7.37575518813144))
5397,0.0,i*sqrt(Abs(B0 + s)) ; 0,i*sqrt(Abs(s + 199.394126182247)) ; 0
5398,0.0,i*sqrt(Abs(2*s + sqrt(Abs(i + s)))) ; i - Abs(i)**(3/2)*sqrt(Abs(r)),i*sqrt(Abs(2*s + sqrt(Abs(i + s)))) ; i - Abs(i)**(3/2)*sqrt(Abs(r))
5399,0.0,i*sqrt(Abs(B0 - s)) ; i - r*sqrt(Abs(i)),i*sqrt(Abs(s - 0.999254988550495)) ; i - r*sqrt(Abs(i))
5400,0.0,s*sqrt(Abs(i + Abs(i)**(1/4))) ; i*(1 - sqrt(2)),s*sqrt(Abs(i + Abs(i)**(1/4))) ; i*(1 - sqrt(2))
5401,0.0,i*sqrt(Abs(B0 + i + s)) ; i - sqrt(2)*r,i*sqrt(Abs(i + s - 1.92680850413384e-15)) ; i - sqrt(2)*r
5402,0.0,i*sqrt(Abs(B0 + i**2 + s)) ; i - sqrt(Abs(i))*Abs(r)**(1/4),i*sqrt(Abs(i**2 + s + 166.832537708273)) ; i - sqrt(Abs(i))*Abs(r)**(1/4)
5403,0.0,i*sqrt(Abs(B0 + i)) - s*sqrt(Abs(B0 + i)) ; i - sqrt(Abs(i))*Abs(i - r)**(1/4),i*sqrt(Abs(i + 11.3053676418871)) - s*sqrt(Abs(i + 11.3053676418871)) ; i - sqrt(Abs(i))*Abs(i - r)**(1/4)
5404,0.0,i*sqrt(Abs(B0*s + s**2)) ; i - Abs(i)**(1/4)*sqrt(Abs(r)),i*sqrt(Abs(s**2 + 11.0954804596482*s)) ; i - Abs(i)**(1/4)*sqrt(Abs(r))
5405,0.0,i*sqrt(Abs(i + s*sqrt(Abs(i)))) ; i - sqrt(Abs(r))*Abs(B0 - r)**(1/4),i*sqrt(Abs(i + s*sqrt(Abs(i)))) ; i - sqrt(Abs(r))*Abs(r - 43.7337842888417)**(1/4)
5406,0.0,i*sqrt(Abs(i + s*sqrt(Abs(i)))) ; i - Abs(r)**(5/8),i*sqrt(Abs(i + s*sqrt(Abs(i)))) ; i - Abs(r)**(5/8)
5407,0.0,i*sqrt(Abs(B0 + s*sqrt(Abs(i)))) ; i - sqrt(Abs(r))*Abs(i + r)**(1/4),i*sqrt(Abs(s*sqrt(Abs(i)) + 0.123405805287413)) ; i - sqrt(Abs(r))*Abs(i + r)**(1/4)
5408,0.0,B0*s + 2*s**2 ; B1*i - i**2 + i*r,2*s**2 + 8.91535258530961*s ; -i**2 + i*r + 0.000899289767315448*i
5409,0.0,i**2 + i*sqrt(Abs(i - s)) ; r,i**2 + i*sqrt(Abs(i - s)) ; r
5410,0.0,B0*i - i**2 ; B1 - 2*i + r,-i**2 + 0.0425332035709562*i ; -2*i + r - 2.94734861282734
5411,0.0,i**2 - i*s ; i*sqrt(Abs(B0 + i)) + i + r,i**2 - i*s ; i*sqrt(Abs(i + 0.0691007674157159)) + i + r
5412,0.0,B0*i + i*s ; sqrt(Abs(i)),i*s + 0.882344115172659*i ; sqrt(Abs(i))
5413,0.0,B0*i + i**2 ; r,i**2 + 11.1634604900113*i ; r
5414,0.0,B0*i - i*s + i*sqrt(Abs(B1 - i)) ; r - sqrt(Abs(B2*i + B2*r)),-i*s + i*sqrt(Abs(i - 0.472564198526934)) + 5.16413443325818*i ; r - sqrt(Abs(16.277465108576*i + 16.277465108576*r))
5415,0.0,B0*i + i*s**2 + i*s ; sqrt(Abs(i)),i*s**2 + i*s + 3.33624158157366*i ; sqrt(Abs(i))
5416,0.0,i**2 - i*s ; B0 + Abs(B1 + r)**(1/4),i**2 - i*s ; Abs(r + 1.70263983433534e-5)**(1/4) + 0.0496798486159282
5417,0.0,i*s ; B0 + sqrt(2)*sqrt(Abs(r)),i*s ; sqrt(2)*sqrt(Abs(r)) + 5.35652731532961
5418,0.0,B0*i + i**2 - i*s**2 ; B1*sqrt(Abs(r)) + i + r,i**2 - i*s**2 - 1.33637468779678*i ; i + r + 3.24918468385291*sqrt(Abs(r))
5419,0.0,i**2 + i*sqrt(Abs(i + s**2)) ; B0 + B1*Abs(i)**(1/4),i**2 + i*sqrt(Abs(i + s**2)) ; 0.996288554186855*Abs(i)**(1/4) - 0.585629931545988
5420,0.0,B0*i - i**2 - i*s ; i + r,-i**2 - i*s + 5.94685502728355*i ; i + r
5421,0.0,B0*i + i*s ; B2*sqrt(Abs(B1 + i)) + r,i*s - 0.426370860319831*i ; r + 0.0106217610626631*sqrt(Abs(i + 0.00406004424767642))
5422,0.0,B0*i + i**2 ; B1 + r + sqrt(Abs(i + r)),i**2 - 0.640413720707432*i ; r + sqrt(Abs(i + r)) + 0.377006462332306
5423,0.0,B0*i + i**2 ; B1 + i + 2*r,i**2 - 0.659505706693358*i ; i + 2*r + 3.08148323865863
5424,0.0,B0*i + i**2 + i*s ; B1 + r,i**2 + i*s - 0.925148343308866*i ; r - 4.50535630503252
5425,0.0,B0*i + i*sqrt(Abs(B1 + s)) ; B2 + sqrt(Abs(r)),i*sqrt(Abs(s + 19.7997200673056)) - 2.61264733196403*i ; sqrt(Abs(r)) + 11.1566934824577
5426,0.0,B0*i + i*s ; B1 + r,i*s - 0.470215041788631*i ; r + 0.605569215576255
5427,0.0,B0*i + i*s ; B1 + B2*i**2 + i**3 + r,i*s - 0.0391470591403966*i ; i**3 - 0.123555428040086*i**2 + r + 0.0026721578304688
5428,0.0,B0*i + i*sqrt(Abs(i - s)) ; i + 2*r,i*sqrt(Abs(i - s)) + 12.8134907941735*i ; i + 2*r
5429,0.0,B0*i + i*s ; i + r**2,i*s + 19.1316960916689*i ; i + r**2
5430,0.0,B0*i + i*sqrt(Abs(B1 + i)) ; B2 + i - r,i*sqrt(Abs(i - 0.033845644656065)) + 1.64514602820353*i ; i - r + 7.41667032742595
5431,0.0,B0*i - i**2 + i*s ; i + Abs(B1 - r)**(1/4),-i**2 + i*s - 0.966159060993317*i ; i + Abs(r - 163.728322806023)**(1/4)
5432,0.0,B0*i + i**2 + i*s ; B1*r + i + r**2,i**2 + i*s - 15.7910324105499*i ; i + r**2 + 18.0416531657542*r
5433,0.0,B0*i + i*sqrt(Abs(s)) ; i + r*Abs(i)**(1/4),i*sqrt(Abs(s)) + 4.05928304968839*i ; i + r*Abs(i)**(1/4)
5434,0.0,B0*i + i*sqrt(Abs(s)) ; i + Abs(r)**(5/4),i*sqrt(Abs(s)) + 4.00624576962796*i ; i + Abs(r)**(5/4)
5435,0.0,B0*i + i*sqrt(Abs(s)) ; B1 + i,i*sqrt(Abs(s)) - 0.714989176163537*i ; i + 0.38761258072974
5436,0.0,B0*i + i*sqrt(Abs(s)) ; B1*i,i*sqrt(Abs(s)) + 5.95840161515671*i ; -9.63741008054902*i
5437,0.0,B0*i + i*sqrt(Abs(s)) ; B1 + B2*r + i,i*sqrt(Abs(s)) - 0.598847558918391*i ; i + 0.656574867214663*r + 0.257129374512512
5438,0.0,B0*s**2 + i*s**2 - s**3 ; sqrt(Abs(B1 - i + 2*r)),i*s**2 - s**3 + 2.95126716650468*s**2 ; sqrt(Abs(-i + 2*r + 100.206656809782))
5439,0.0,B0*i - i**2 + i*s ; sqrt(Abs(B1 + i + r)),-i**2 + i*s - 0.13384596601764*i ; sqrt(Abs(i + r + 0.0780153995095418))
5440,0.0,i*sqrt(Abs(i - s)) + s*sqrt(Abs(i - s)) ; B0*i - i*sqrt(Abs(B1 - i)) + r,i*sqrt(Abs(i - s)) + s*sqrt(Abs(i - s)) ; -i*sqrt(Abs(i - 0.510618357114143)) + 1.76030184287346*i + r
5441,0.0,i*s*sqrt(Abs(B0 + s**2)) + i*s ; B1*i*r - i,i*s*sqrt(Abs(s**2 + 81.6750150086155)) + i*s ; 113.695810483328*i*r - i
5442,0.0,B0*sqrt(Abs(i)) + Abs(i)**(3/2) ; B1 + r,Abs(i)**(3/2) + 2.19526568806454*sqrt(Abs(i)) ; r + 0.449903331704896
5443,0.0,2*i*s ; B0 + B1*r - i,2*i*s ; -i + 3.97408630708651*r + 1.07166978998108
5444,0.0,B0*i + i**2 - i*s ; i - 2*r,i**2 - i*s + 11.682792306361*i ; i - 2*r
5445,0.0,B0*s + 2*i*s + s**2 ; r*sqrt(Abs(i)) + r - Abs(i)**(3/2),2*i*s + s**2 + 2.71030375299899*s ; r*sqrt(Abs(i)) + r - Abs(i)**(3/2)
5446,0.0,B0*i + 2*i**2 + i*s ; B1 - i + r,2*i**2 + i*s - 4.43591864368421*i ; -i + r + 3.11548073328143
5447,0.0,B0*i + i**2 + i*s ; B1*r**2 + i*r**2 + i*r - i,i**2 + i*s + 12.2517432476417*i ; i*r**2 + i*r - i + 121.323276147327*r**2
5448,0.0,B0*i + i**2 - i*s ; B1 - i + 2*r,i**2 - i*s - 3.72112755128772*i ; -i + 2*r + 0.477680640967626
5449,0.0,2*i**2 - i*s ; B0*sqrt(Abs(r)) - 2*i,2*i**2 - i*s ; -2*i + 13.6340831645226*sqrt(Abs(r))
5450,0.0,B0*i + i**2 ; B1 + i + r,i**2 + 2.15113876010459*i ; i + r + 2.93103200416434
5451,0.0,B0*i + 3*i**2 ; -i + sqrt(Abs(r)),3*i**2 + 0.320710163895806*i ; -i + sqrt(Abs(r))
5452,0.0,B0*s + i*s ; -i + r - sqrt(Abs(i - sqrt(Abs(r)))),i*s + 0.733132757482728*s ; -i + r - sqrt(Abs(i - sqrt(Abs(r))))
5453,0.0,B0*s + i*s + s**2 ; B1 + r,i*s + s**2 - 2.25983820547383*s ; r - 0.0131077767157757
5454,0.0,Abs(i)**(3/2) ; B0*r**2 + r**3 - r,Abs(i)**(3/2) ; r**3 + 0.000268976284728513*r**2 - r
5455,0.0,B0*i + 2*i**2 ; B1 + sqrt(Abs(B2 + 2*r)),2*i**2 - 0.807433713135635*i ; sqrt(Abs(2*r + 0.118009170016556)) - 0.129034457016407
5456,0.0,2*i**2 ; i - r,2*i**2 ; i - r
5457,0.0,B0*i + i**2 + 2*i*s ; B1 - i + 2*r,i**2 + 2*i*s + 3.71328427491333*i ; -i + 2*r - 1.79055863482571
5458,0.0,B0*s + 3*i*s ; -i + r**2 + sqrt(Abs(r)),3*i*s + 0.000579812949087046*s ; -i + r**2 + sqrt(Abs(r))
5459,0.0,i**2 + i*s - i*sqrt(Abs(s)) ; sqrt(Abs(B0 + i**2 - i*r)),i**2 + i*s - i*sqrt(Abs(s)) ; sqrt(Abs(i**2 - i*r + 0.12688542919779))
5460,0.0,-i**3*s + 2*i**2 ; B0 + r,-i**3*s + 2*i**2 ; r
5461,0.0,i**2 ; B0 + B1*r + sqrt(Abs(r)),i**2 ; 0.0324133485209481*r + sqrt(Abs(r)) + 0.000342430476247873
5462,0.0,B0*i + i**2 + i*s ; r,i**2 + i*s + 0.00614341476336332*i ; r
5463,0.0,B0*s + 2*s**2 ; 2*i - r,2*s**2 + 0.50479590242655*s ; 2*i - r
5464,0.0,B0*s - 2*i*s**2 + i*s ; i + r - sqrt(Abs(i)),-2*i*s**2 + i*s - 0.0131610885053249*s ; i + r - sqrt(Abs(i))
5465,0.0,i*sqrt(Abs(s)) ; B0 - r,i*sqrt(Abs(s)) ; 0.556318305002157 - r
5466,0.0,B0*i + i**2 + i*sqrt(Abs(s)) ; i**2 + i - r + Abs(i)**(3/2),i**2 + i*sqrt(Abs(s)) + 0.0416940041322365*i ; i**2 + i - r + Abs(i)**(3/2)
5467,0.0,B0*i + i*s ; B1 + i + sqrt(Abs(B2 + i*r)),i*s - 0.185419133734439*i ; i + sqrt(Abs(i*r + 0.00764470371443368)) + 0.77150538203218
5468,0.0,i*s ; 2*i - r + sqrt(Abs(B0 + r)),i*s ; 2*i - r + sqrt(Abs(r + 5.84144467050307))
5469,0.0,B0*i + i**2*s + i**2 ; i + r,i**2*s + i**2 + 9.55910732415751*i ; i + r
5470,0.0,2*s**2 ; B0 + 2*i + r,2*s**2 ; 2*i + r + 0.00160728768358733
5471,0.0,B0*s - i*s ; B1*i + r,-i*s + 1.55192692556741*s ; 0.0126291518332679*i + r
5472,0.0,B0*s + i*s ; i + r + sqrt(Abs(i)),i*s - 0.162944874753164*s ; i + r + sqrt(Abs(i))
5473,0.0,B0*s - i*s**2 + i*s + s**2 ; 2*i - r,-i*s**2 + i*s + s**2 + 1.64439373081063*s ; 2*i - r
5474,0.0,2*i**2 ; B0 + 2*i - r,2*i**2 ; 2*i - r + 0.770892609650422
5475,0.0,B0*i + 2*i**2 - i*s ; B1 + i + r,2*i**2 - i*s + 0.53054897662293*i ; i + r + 0.254050714441966
5476,0.0,-i**2*s + i**2 + i*s ; B0 + 2*i - r,-i**2*s + i**2 + i*s ; 2*i - r + 12.0512687060568
5477,0.0,B0*i + i**2 - i*s ; B1 + i + r,i**2 - i*s - 0.0104452431282163*i ; i + r + 0.00408354369023207
5478,0.0,B0*i + 3*i**2 + i*s ; B1 + i + r,3*i**2 + i*s - 0.014447010469415*i ; i + r + 0.0116400701307151
5479,0.0,-i**2*s + 2*i*s ; B0 + i - 2*r,-i**2*s + 2*i*s ; i - 2*r + 1.75975755482849
5480,0.0,i*s - s**2 ; B0 + i + sqrt(Abs(r)),i*s - s**2 ; i + sqrt(Abs(r)) + 0.443252357521506
5481,0.0,3*i*s - s**2 ; B0 + i,3*i*s - s**2 ; i + 0.0937116254544678
5482,0.0,B0*s + i*s ; B1 + sqrt(Abs(i)),i*s + 0.0687383544192491*s ; sqrt(Abs(i)) + 0.245447668509437
5483,0.0,B0*s + 2*i*s - Abs(s)**(3/2) ; B1 + i + r,2*i*s + 2.48561062636139*s - Abs(s)**(3/2) ; i + r + 6.31671109750279
5484,0.0,B0*s + 2*i*s ; B1 + 2*i - r,2*i*s + 0.112060240146894*s ; 2*i - r + 0.80106619286974
5485,0.0,B0*s + i*s + s**2 - Abs(s)**(3/2) ; B1 + i + r,i*s + s**2 - 3.05999993600075*s - Abs(s)**(3/2) ; i + r + 2.0622973982764
5486,0.0,2*i**2 + i*s - Abs(i)**(3/2) ; B0 + sqrt(Abs(r)),2*i**2 + i*s - Abs(i)**(3/2) ; sqrt(Abs(r)) + 0.0157437297887615
5487,0.0,B0*i + 2*i**2 - i*s ; B1 + sqrt(Abs(i)),2*i**2 - i*s - 0.0932273128769755*i ; sqrt(Abs(i)) + 0.0152934550161059
5488,0.0,B0*s + 2*i*s ; B1 + i + sqrt(Abs(r)),2*i*s - 0.0709496154062528*s ; i + sqrt(Abs(r)) + 0.00879916503198081
5489,0.0,B0*i - i*s ; B1 + sqrt(Abs(i)),-i*s - 1.46029624545554*i ; sqrt(Abs(i)) + 0.221642241909361
5490,0.0,B0*i + i**2 + i*s ; B1 + i - r + sqrt(Abs(i)),i**2 + i*s + 2.0984253124548*i ; i - r + sqrt(Abs(i)) + 3.42181585702862
5491,0.0,B0*i + B1*i**2 + i*s ; B2 + i,1.00345587294107*i**2 + i*s + 0.595475995268606*i ; i + 1.00162390951914
5492,0.0,B0*i + 2*i**2 + i*s ; B1 + sqrt(Abs(r)),2*i**2 + i*s + 0.93854231484402*i ; sqrt(Abs(r)) + 4.33943262760195
5493,0.0,2*i*s ; B0 + i - r + sqrt(Abs(r)),2*i*s ; i - r + sqrt(Abs(r)) + 3.08965748979277
5494,0.0,B0*i + i*s ; B1 + i + sqrt(Abs(i)),i*s + 0.00242422644817146*i ; i + sqrt(Abs(i)) + 0.423546628609924
5495,0.0,B0*i + i*s ; B1 + i - r + sqrt(Abs(i)),i*s - 0.172703395618571*i ; i - r + sqrt(Abs(i)) + 0.955811245009729
5496,0.0,2*i*s ; B0 + sqrt(Abs(i)),2*i*s ; sqrt(Abs(i)) + 1.89823633277914
5497,0.0,B0*i + i*s ; B1 + i + sqrt(Abs(r)),i*s - 0.155768016357014*i ; i + sqrt(Abs(r)) + 0.0706976099614022
5498,0.0,i**2 ; B0 + 2*r,i**2 ; 2*r + 0.000355439133764193
5499,0.0,i*Abs(s)**(3/2) ; i + r,i*Abs(s)**(3/2) ; i + r
5500,0.0,2*i*s**2 ; i**2 + i + sqrt(Abs(i)),2*i*s**2 ; i**2 + i + sqrt(Abs(i))
5501,0.0,B0*s**2 + i*s**2 ; B1*i + i**2 + r,i*s**2 + 1.2152084031227*s**2 ; i**2 - 0.204205376232945*i + r
5502,0.0,i*s*sqrt(Abs(B0 + 2*s)) ; -i + sqrt(Abs(r)),i*s*sqrt(Abs(2*s + 169.759977101494)) ; -i + sqrt(Abs(r))
5503,0.0,i**2*s - i*s**2 ; B0 - i + 2*r,i**2*s - i*s**2 ; -i + 2*r + 0.282722347077425
5504,0.0,i*s**2 + i*Abs(s)**(3/2) ; B0 + sqrt(Abs(r)),i*s**2 + i*Abs(s)**(3/2) ; sqrt(Abs(r)) + 0.960752846870267
5505,0.0,B0*i*s**2 + i**2*s + i*s**3 ; i + r + Abs(i)**(1/4),i**2*s + i*s**3 + 2.74274001565038*i*s**2 ; i + r + Abs(i)**(1/4)
5506,0.0,B0*i*s + i*Abs(s)**(5/2) ; B1 + i,-0.0114443506637685*i*s + i*Abs(s)**(5/2) ; i + 2.59528228586981
5507,0.0,i*s**2 ; i + r,i*s**2 ; i + r
5508,0.0,s**2*sqrt(Abs(i)) + s*Abs(i)**(3/2) ; i + r,s**2*sqrt(Abs(i)) + s*Abs(i)**(3/2) ; i + r
5509,0.0,B0*i*s - i**2*s ; B1 + i + r,-i**2*s - 0.0787189222906413*i*s ; i + r + 0.60237353172273
5510,0.0,B0*i**2*s ; B1*i + B2*r,19.5760527244049*i**2*s ; 11.9883648567708*i + 22.0444786228124*r
5511,0.0,s**2 + Abs(i)**(1/8)*Abs(s)**(9/8) ; i,s**2 + Abs(i)**(1/8)*Abs(s)**(9/8) ; i
5512,0.0,3*i*s**2 ; B0 + r,3*i*s**2 ; r + 0.539719973292815
5513,0.0,B0*s - 2*s**2 ; r,-2*s**2 + 0.920624749538528*s ; r
5514,0.0,i*sqrt(Abs(B0 + s)) ; B1 + 2*i - 2*r,i*sqrt(Abs(s - 0.940121533964684)) ; 2*i - 2*r + 3.23381945031276
5515,0.0,B0*i + i*Abs(s)**(1/4) ; r,i*Abs(s)**(1/4) + 12.7423640046325*i ; r
5516,0.0,B0*i + 2*i**2 + i*s ; r,2*i**2 + i*s + 10.1633431775656*i ; r
5517,0.0,B0*s + 2*i*s ; r,2*i*s + 57.9862722385663*s ; r
5518,0.0,B0*i + i**2 + i*s**2 ; r,i**2 + i*s**2 + 9.24790113682316*i ; r
5519,0.0,s**2 + Abs(s)**(3/2) ; r,s**2 + Abs(s)**(3/2) ; r
5520,0.0,B0*s - i*s + 2*s**2 ; r,-i*s + 2*s**2 + 0.519273323329796*s ; r
5521,0.0,B0*i**2 + B1*i*s ; -i**2 + r,0.00387529742281296*i**2 + 0.0314382301501167*i*s ; -i**2 + r
5522,0.0,i*sqrt(Abs(B0 - s)) ; B1 - r + sqrt(Abs(B2 + r)),i*sqrt(Abs(s - 1.50781785238404)) ; -r + sqrt(Abs(r + 1.91552909310779)) - 0.586669214437895
5523,0.0,-s**2 + s*sqrt(Abs(B0 + i)) ; B1*Abs(i)**(3/2) + r,-s**2 + s*sqrt(Abs(i + 0.196342167648238)) ; r + 0.743088494527132*Abs(i)**(3/2)
5524,0.0,i*sqrt(Abs(s)) ; B0 + B1*sqrt(Abs(r)),i*sqrt(Abs(s)) ; 3.0782688950624 - 2.46108172618041*sqrt(Abs(r))
5525,0.0,i*s**2 + 2*s**3 ; B0*i - sqrt(Abs(i)),i*s**2 + 2*s**3 ; 8.8059116172568*i - sqrt(Abs(i))
5526,0.0,i*sqrt(Abs(B0*s + i*s)) ; B1 - i,i*sqrt(Abs(i*s + 0.380358187732736*s)) ; 0.480235155743045 - i
5527,0.0,B0*s + i*s - s**2 ; B1*r - i,i*s - s**2 - 0.0491191625129023*s ; -i - 5.77485654477291*r
5528,0.0,i*sqrt(Abs(B0 + s)) ; i - r,i*sqrt(Abs(s + 5.83896005508988)) ; i - r
5529,0.0,B0 + B1*i + B2*s - i*s - s**2 ; B3 + i + r,-i*s + 2.92064491796492*i - s**2 - 10.1722046091395*s + 0.826706446849742 ; i + r + 30.935744705651
5530,0.0,i*s*sqrt(Abs(B0*i + i*s)) ; i - r**2 + r,i*s*sqrt(Abs(i*s + 26.036206490987*i)) ; i - r**2 + r
5531,0.0,B0*i - i*sqrt(Abs(s)) ; B1 + Abs(i)**(1/4),-i*sqrt(Abs(s)) + 0.0276395457138124*i ; Abs(i)**(1/4) + 0.0778324522294081
5532,0.0,B0*i - i**3*s ; B1 + i + r + sqrt(Abs(i)),-i**3*s + 0.174249068804149*i ; i + r + sqrt(Abs(i)) + 0.732328691894961
5533,0.0,B0 + B1*i**3 + B2*i*s ; B3 + r - sqrt(Abs(r)),0.000110297586229161*i**3 + 0.046511821141957*i*s - 0.00138930902926093 ; r - sqrt(Abs(r)) + 0.0705519850761886
5534,0.0,B0*s + i*s - 2*s**2 ; i,i*s - 2*s**2 + 67.5451639366307*s ; i
5535,0.0,-i**2*s - i**2 + i*s ; B0*r - i,-i**2*s - i**2 + i*s ; -i + 41.3264279899288*r
5536,0.0,B0*i - i**2*s - i*s ; B1 + sqrt(Abs(i)),-i**2*s - i*s + 0.310315485112914*i ; sqrt(Abs(i)) + 2.40860039916508
5537,0.0,B0*s + i*s - 2*s**2 ; i - r,i*s - 2*s**2 + 1.233419526693*s ; i - r
5538,0.0,B0*s**2 + i*s**2 ; B1 + B2*i + r,i*s**2 + 0.0192684060730139*s**2 ; 0.108591107146026*i + r + 0.00614548891626363
5539,0.0,-2*s**2 + s*sqrt(Abs(i + sqrt(Abs(i)))) ; i*sqrt(Abs(B0 + i + r)) - i,-2*s**2 + s*sqrt(Abs(i + sqrt(Abs(i)))) ; i*sqrt(Abs(i + r + 0.000602387377938388)) - i
5540,0.0,i*s - s**2 - s*sqrt(Abs(i - s)) ; B0 + 2*r,i*s - s**2 - s*sqrt(Abs(i - s)) ; 2*r + 0.000180560651679386
5541,0.0,B0*i + i**2 + i*s ; B1 + i + r,i**2 + i*s + 3.54254014948148*i ; i + r + 5.90518618858673
5542,0.0,B0*s - s**3 - s**2 ; B1 + i - r**2,-s**3 - s**2 + 0.00343278278120643*s ; i - r**2 + 0.260155664290743
5543,0.0,B0*i + i**2 ; -2*i + r,i**2 + 9.27541288735907*i ; -2*i + r
5544,0.0,-2*s**2 + Abs(s)**(5/4) ; B0 - i**2 + r,-2*s**2 + Abs(s)**(5/4) ; -i**2 + r + 0.179527028999261
5545,0.0,B0*i - i**2 + i*s ; B1 - r + Abs(r)**(1/4),-i**2 + i*s - 3.44250687204796*i ; -r + Abs(r)**(1/4) + 6.35572265995669
5546,0.0,B0*i - 2*i*s ; B1 + r - sqrt(Abs(B2 + r)),-2*i*s - 0.634715989668982*i ; r - sqrt(Abs(r + 29.960748026388)) + 7.58524080804996
5547,0.0,B0*s - s**3 - s**2 ; B1 - r,-s**3 - s**2 + 0.0844938897279743*s ; 0.00260970655221644 - r
5548,0.0,B0*i - 2*i**2 ; B1 - i + 2*sqrt(Abs(i)),-2*i**2 + 4.86643288212888*i ; -i + 2*sqrt(Abs(i)) - 1.31374142782124
5549,0.0,B0*i - i**2 - Abs(i)**(3/2) ; -i + Abs(i)**(1/4),-i**2 + 9.58652644150295*i - Abs(i)**(3/2) ; -i + Abs(i)**(1/4)
5550,0.0,B0*i - i**2*s - i**2 + i*s**2 ; B1 - i + r,-i**2*s - i**2 + i*s**2 - 3.87376393303648*i ; -i + r + 2.456795718285
5551,0.0,B0*s - i*s - s**2 ; -r**2 + r,-i*s - s**2 - 0.0417021645690833*s ; -r**2 + r
5552,0.0,B0*s - 2*s**2 ; B1 - 2*i - r,-2*s**2 + 0.92068396416572*s ; -2*i - r + 49.6845033591152
5553,0.0,B0*s + i*s ; B1 + r,i*s + 0.277612049677539*s ; r + 0.637025522874833
5554,0.0,B0*i + B1*i**2 - i**2*s ; B2 + i*r - i,-i**2*s - 0.0572241490728405*i**2 - 0.471320109380135*i ; i*r - i + 0.631483013626556
5555,0.0,B0*i - i**3 - i**2 + i*s ; B1 + r,-i**3 - i**2 + i*s - 0.140001207466486*i ; r - 0.840315531298371
5556,0.0,B0*s - s**2 ; B1 + i + r,-s**2 - 0.769242905935659*s ; i + r + 0.038685827574634
5557,0.0,B0*i - i**2 ; B1 - i + sqrt(Abs(r)),-i**2 - 0.061971928023003*i ; -i + sqrt(Abs(r)) - 2.32854559306623
5558,0.0,B0*i - i**2 + i*s ; B1 + i*r - i - r,-i**2 + i*s + 8.34151067280113*i ; i*r - i - r - 0.762396904656614
5559,0.0,B0*s - 3*s**2 ; B1 - 2*r + sqrt(2)*sqrt(Abs(r)),-3*s**2 + 0.0320002869035944*s ; -2*r + sqrt(2)*sqrt(Abs(r)) + 0.00418850792519434
5560,0.0,B0*i - 2*i*s ; B1 - i + r,-2*i*s - 0.0860059808184466*i ; -i + r + 4.75078520229439
5561,0.0,B0*i - Abs(i)**(3/2) ; B1 - 2*i + Abs(i)**(1/4),-0.557115215083376*i - Abs(i)**(3/2) ; -2*i + Abs(i)**(1/4) + 5.45140018969814
5562,0.0,B0*s - 2*i*s ; B1 - i + r,-2*i*s - 1.02502457580013*s ; -i + r + 0.00306391963231789
5563,0.0,B0*s - 2*i*s ; B1 + B2*sqrt(Abs(r)),-2*i*s - 0.366733161804979*s ; 3.22421825196141*sqrt(Abs(r)) + 2.13811875115562
5564,0.0,B0*s - i*s - s**2 ; B1 - i - r + sqrt(Abs(i - r)),-i*s - s**2 - 1.91268078884149*s ; -i - r + sqrt(Abs(i - r)) + 2.28094724059611
5565,0.0,B0*i - i**2 ; B1 - r + sqrt(Abs(r)),-i**2 - 0.177582827317316*i ; -r + sqrt(Abs(r)) + 0.780203163718649
5566,0.0,B0*s - i*s ; B1 - i + r,-i*s + 6.38350575312649*s ; -i + r - 2.14443028432235
5567,0.0,B0*s - i*s ; B1 - i + sqrt(2)*sqrt(Abs(i)),-i*s - 0.434962987083593*s ; -i + sqrt(2)*sqrt(Abs(i)) - 0.0796898572561877
5568,0.0,B0*i - 2*i**2 ; B1 - i - r + Abs(r)**(1/4),-2*i**2 - 3.55427147070234*i ; -i - r + Abs(r)**(1/4) + 3.89448273216441
5569,0.0,B0*s + B1*s**2 - i*s ; B2 - i + Abs(i)**(1/4),-i*s + 0.871955380021227*s**2 - 2.63722949128308*s ; -i + Abs(i)**(1/4) - 0.78513574802221
5570,0.0,B0 + B1*i**2 + B1*i ; B2 - i,2.33214920351567e-6*i**2 + 2.33214920351567e-6*i + 3.81729525823961 ; 3.4715579869596 - i
5571,0.0,B0*i - i**2 ; B1 - 2*r + Abs(r)**(1/4),-i**2 - 2.36554531723407*i ; -2*r + Abs(r)**(1/4) + 4.91866231867644
5572,0.0,B0*i - i**2 - Abs(i)**(3/2) ; B1 - i - r + Abs(i)**(1/4),-i**2 + 0.137612855957444*i - Abs(i)**(3/2) ; -i - r + Abs(i)**(1/4) + 1.70512885034704
5573,0.0,B0*i - i**2 - Abs(i)**(3/2) ; B1 - 2*i + Abs(r)**(1/4),-i**2 - 4.47575816560625*i - Abs(i)**(3/2) ; -2*i + Abs(r)**(1/4) + 4.0363422221069
5574,0.0,B0*i - i**2 ; B1 - 2*i + Abs(r)**(1/4),-i**2 - 4.09573115578341*i ; -2*i + Abs(r)**(1/4) + 5.67480574812104
5575,0.0,B0*i - i**2 ; B1 - 2*i + Abs(i)**(1/4),-i**2 - 0.703026276623806*i ; -2*i + Abs(i)**(1/4) + 2.06347137496848
5576,0.0,B0*s + i*s + Abs(s)**(3/2) ; sqrt(Abs(B1 + i + Abs(i)**(3/4))),i*s + 0.366629795135376*s + Abs(s)**(3/2) ; sqrt(Abs(i + Abs(i)**(3/4) + 0.300936345171363))
5577,0.0,-s**2 + s*Abs(i)**(1/4) ; i*r,-s**2 + s*Abs(i)**(1/4) ; i*r
5578,0.0,(1 - sqrt(2))*Abs(s)**(3/2) ; Abs(i)**(1/4),(1 - sqrt(2))*Abs(s)**(3/2) ; Abs(i)**(1/4)
5579,0.0,B0*i + i**2 ; B1 + sqrt(Abs(r)),i**2 + 0.00046745243883034*i ; sqrt(Abs(r)) + 0.00136646890223635
5580,0.0,B0*i + i*sqrt(Abs(2*s**2 + s)) ; B1 + sqrt(Abs(2*i**2 + i*r)),i*sqrt(Abs(2*s**2 + s)) - 0.301615362332269*i ; sqrt(Abs(2*i**2 + i*r)) + 3.0821294532609
5581,0.0,B0*i + i*sqrt(Abs(B1 + i)) ; i*r + Abs(i)**(3/2)*Abs(r)**(3/2),i*sqrt(Abs(i + 6945.12092586771)) - 69.4286405685712*i ; i*r + Abs(i)**(3/2)*Abs(r)**(3/2)
5582,0.0,B0*s + s*sqrt(Abs(B1 + s)) ; r**2,s*sqrt(Abs(s + 98.4904104922273)) + 0.966218581489919*s ; r**2
5583,0.0,B0*i + i*sqrt(Abs(B1 + 2*s)) ; i*r,i*sqrt(Abs(2*s + 9.11555740621657)) - 0.141530402924269*i ; i*r
5584,0.0,B0*s - s**2 ; B1*i,-s**2 - 0.769341141369864*s ; 0.00666537651471078*i
5585,0.0,B0*i + i*sqrt(Abs(B1 + s)) ; B2*sqrt(Abs(i)),i*sqrt(Abs(s + 183.306112703753)) - 15.9334543029935*i ; -7.1611485651199*sqrt(Abs(i))
5586,0.0,B0*s + s*sqrt(Abs(B1 + i + s)) ; B2 + B3*r,s*sqrt(Abs(i + s - 9.60001359375783)) + 1.70638505599891*s ; 7.63287987740972*r + 0.000254948325810194
5587,0.0,B0*i - i**2 ; B1 + B2*i + B3*r,-i**2 + 2.28588804347674*i ; 5.44288923509237*i + 0.11361016915943*r + 3.58476580098959
5588,0.0,B0*i*s - i**2*s + i*s**2 ; 2*r + sqrt(Abs(i - r)),-i**2*s + i*s**2 + 4.5065168354424*i*s ; 2*r + sqrt(Abs(i - r))
5589,0.0,i**2*s ; i*r - i,i**2*s ; i*r - i
5590,0.0,B0*i*s + i**2*s + i*s**2 ; B1 + B2*r,i**2*s + i*s**2 + 2.40512384763897e-6*i*s ; 0.00753110792988635*r + 0.0206529218705954
5591,0.0,B0*i*s + i*s**2 ; sqrt(Abs(B1 + i**2 - i*r)),i*s**2 - 0.286553703474099*i*s ; sqrt(Abs(i**2 - i*r + 10.0636007095677))
5592,0.0,B0*s + i*s - s**2 + Abs(s)**(3/2) ; 2*r + sqrt(Abs(i)),i*s - s**2 + 4.1965074199021*s + Abs(s)**(3/2) ; 2*r + sqrt(Abs(i))
5593,0.0,i*s - s**2 ; i + sqrt(Abs(B0 + B1*r)),i*s - s**2 ; i + sqrt(Abs(105.169450989222*r + 8.05937056352444e-9))
5594,0.0,B0*i*s + i*s**2 ; -i*r + i + Abs(r)**(3/2),i*s**2 + 0.0880878812258539*i*s ; -i*r + i + Abs(r)**(3/2)
5595,0.0,i*s - s*sqrt(Abs(i)) ; 2*i,i*s - s*sqrt(Abs(i)) ; 2*i
5596,0.0,i*s ; i + 2*r,i*s ; i + 2*r
5597,0.0,i*s ; B0 + B1*sqrt(Abs(i)) - i + r,i*s ; -i + r - 7.63688138325504*sqrt(Abs(i)) + 5.19294526297146
5598,0.0,i*s ; B0 + B1*sqrt(Abs(i)) + B2*i,i*s ; 2.21997992658388*i - 0.627906415336363*sqrt(Abs(i)) + 1.24990171910053
5599,0.0,s*Abs(i)**(1/4) ; B0 + r,s*Abs(i)**(1/4) ; r + 46.124755040523
5600,0.0,s*Abs(i)**(1/4) ; B0 + sqrt(Abs(B1 + B2*r - r**2)),s*Abs(i)**(1/4) ; sqrt(Abs(-r**2 + 23.5111483665541*r + 10.7096055549061)) + 44.6246219343271
5601,0.0,s*sqrt(Abs(i)) ; B0*sqrt(Abs(i + r)) + r,s*sqrt(Abs(i)) ; r + 0.013236523372846*sqrt(Abs(i + r))
5602,0.0,s*sqrt(Abs(B0 - i + s)) ; B1 + i + 2*r,s*sqrt(Abs(i - s + 0.893309468974433)) ; i + 2*r + 0.633721392781354
5603,0.0,s*sqrt(Abs(B0*sqrt(Abs(s)) + i)) ; r + Abs(i)**(1/4),s*sqrt(Abs(i + 2.93308750868316*sqrt(Abs(s)))) ; r + Abs(i)**(1/4)
5604,0.0,s*sqrt(Abs(i - sqrt(Abs(s)))) ; B0 + i + r,s*sqrt(Abs(i - sqrt(Abs(s)))) ; i + r + 103.478701759469
5605,0.0,s*sqrt(Abs(i)) ; B0*i + 2*r,s*sqrt(Abs(i)) ; 47.3698117218732*i + 2*r
5606,0.0,s*Abs(i - s**2)**(1/4) ; 2*r + sqrt(Abs(i)),s*Abs(i - s**2)**(1/4) ; 2*r + sqrt(Abs(i))
5607,0.0,s*Abs(i)**(3/4) ; B0 + i + 2*r + sqrt(Abs(r)),s*Abs(i)**(3/4) ; i + 2*r + sqrt(Abs(r)) + 1.21657203736965
5608,0.0,i*s ; B0 - r**2 + 2*r,i*s ; -r**2 + 2*r + 11.3842389296279
5609,0.0,i*Abs(s)**(3/2) ; B0 - i + 2*r,i*Abs(s)**(3/2) ; -i + 2*r + 2.10428329784783
5610,0.0,s*sqrt(Abs(i**2 - i*s)) ; B0 + r,s*sqrt(Abs(i**2 - i*s)) ; r + 0.000750208545165276
5611,0.0,s*Abs(i)**(3/4) ; B0*r + sqrt(Abs(i)),s*Abs(i)**(3/4) ; 5.30820473667648*r + sqrt(Abs(i))
5612,0.0,i**2 ; B0*r,i**2 ; 5.99840516702403*r
5613,0.0,i**2*s*sqrt(Abs(B0 + s)) ; B1 - i + r + sqrt(Abs(B2 + i*r)),i**2*s*sqrt(Abs(s + 1.20047808221467)) ; -i + r + sqrt(Abs(i*r + 0.167080899731697)) + 0.0673541766138974
5614,0.0,sqrt(2)*s*Abs(i)**(5/2) ; sqrt(Abs(i)),sqrt(2)*s*Abs(i)**(5/2) ; sqrt(Abs(i))
5615,0.0,i**2*s**2 + i*s**3 ; B0 + B1*r + B2*r**2 - i,i**2*s**2 + i*s**3 ; -i - 0.063785397914702*r**2 + 1.53602424143168*r + 2.72523003575549
5616,0.0,B0*i**3*s + B0*i**2*s**2 ; B1 + sqrt(Abs(B2 + 2*i)),4.61549533740343e-6*i**3*s + 4.61549533740343e-6*i**2*s**2 ; sqrt(Abs(2*i - 0.028364291611554)) + 10.8996384713796
5617,0.0,B0*i*s**2 + B1*i**2*s ; B2 + r,-0.0180241299224086*i**2*s + 0.0057135596220154*i*s**2 ; r + 3.22807063329354
5618,0.0,B0*i + B1*i**2 + B2*i*s ; -r*sqrt(Abs(i)) + r - Abs(i)**(3/2),0.000195195968361595*i**2 + 0.0533304433910688*i*s + 0.000530338669138945*i ; -r*sqrt(Abs(i)) + r - Abs(i)**(3/2)
5619,0.0,B0*i**2 + B1*i**3 + B2*i**2*s ; B3 + r,-0.185677713657368*i**3 - 0.185207418814028*i**2*s - 0.744752997571894*i**2 ; r + 0.237648312573445
5620,0.0,B0*i**2*s ; B1*i - i*r + r,-0.0202613062263792*i**2*s ; -i*r + 30.1165094469488*i + r
5621,0.0,B0*i*s + B1*i**2*s ; B2*i + r,-6.67240657010394*i**2*s - 5.41621161520883*i*s ; -3.10657472139796*i + r
5622,0.0,B0*i**2 + B1*i**3 + B1*i**2*s ; B2 + r,-0.00142585906202623*i**3 - 0.00142585906202623*i**2*s - 0.0572998435364239*i**2 ; r + 0.051900812768631
5623,0.0,B0*i*s + B1*i**2*s ; B2*i - i**2 + r,0.528095159520019*i**2*s + 9.99137965572347*i*s ; -i**2 + 5.81332446711237*i + r
5624,0.0,2*s**2 ; r,2*s**2 ; r
5625,0.0,B0*s - s**2 ; r,-s**2 + 5.63193653292352*s ; r
5626,0.0,B0*i + i**2 + i*sqrt(Abs(B1 - i)) ; r,i**2 + i*sqrt(Abs(i - 16.6002240111963)) + 7.37400336633741*i ; r
5627,0.0,B0*i + i**2*sqrt(Abs(s)) + i**2 ; r,i**2*sqrt(Abs(s)) + i**2 + 10.4123356366654*i ; r
5628,0.0,i**2*sqrt(Abs(s)) ; r,i**2*sqrt(Abs(s)) ; r
5629,0.0,B0*i + i**2 + 2*i*s**2 ; r,i**2 + 2*i*s**2 + 1.57500028298865*i ; r
5630,0.0,B0*i + i**3 + i**2*s + i**2 ; r,i**3 + i**2*s + i**2 + 9.92165238948428*i ; r
5631,0.0,sqrt(2)*s*sqrt(Abs(i)) ; sqrt(Abs(B0*r + i*r + sqrt(Abs(i)))),sqrt(2)*s*sqrt(Abs(i)) ; sqrt(Abs(i*r + 3.61738848964249*r + sqrt(Abs(i))))
5632,0.0,2*i**3*s ; sqrt(Abs(i)) + Abs(r)**(1/4),2*i**3*s ; sqrt(Abs(i)) + Abs(r)**(1/4)
5633,0.0,B0*i*s - i**2*s + i*s**2 ; sqrt(Abs(B1*r + B2*i)),-i**2*s + i*s**2 - 0.189039838535892*i*s ; sqrt(Abs(0.0847029287785657*i + 0.167152597989283*r))
5634,0.0,B0*i + B1*i**3 ; B2 + i + 3*r,-0.000887587832119266*i**3 + 8.00651797078237*i ; i + 3*r - 0.749754116970277
5635,0.0,i**2*s + i*Abs(s)**(7/4) ; r - Abs(i - r)**(1/4),i**2*s + i*Abs(s)**(7/4) ; r - Abs(i - r)**(1/4)
5636,0.0,B0*Abs(i)**(5/2) + i**2*s ; r - sqrt(Abs(B1 + i)),i**2*s - 3.63965247820892*Abs(i)**(5/2) ; r - sqrt(Abs(i + 8.08819465056278))
5637,0.0,B0*i**2*sqrt(Abs(s)) + i**3 ; sqrt(Abs(B1 + r)),i**3 + 2.26224486772085*i**2*sqrt(Abs(s)) ; sqrt(Abs(r + 23.722290839343))
5638,0.0,i*sqrt(Abs(i - sqrt(2)*sqrt(Abs(i)))) ; B0 + i**2 + r,i*sqrt(Abs(i - sqrt(2)*sqrt(Abs(i)))) ; i**2 + r + 2.85622973849974
5639,0.0,i*s - s*sqrt(Abs(B0 + i)) ; B1*i + B2*r,i*s - s*sqrt(Abs(i + 7.00545778431427)) ; 2.37359895992433*i + 7.63111556249027*r
5640,0.0,i*sqrt(Abs(B0 + i)) ; B1*i*r + i*r**2,i*sqrt(Abs(i + 189.237171477348)) ; i*r**2 + 43.038540670002*i*r
5641,0.0,i*sqrt(Abs(s + sqrt(Abs(i + s)))) ; B0 + r,i*sqrt(Abs(s + sqrt(Abs(i + s)))) ; r + 0.70946820585082
5642,0.0,i*sqrt(Abs(i + sqrt(Abs(i)))) ; r,i*sqrt(Abs(i + sqrt(Abs(i)))) ; r
5643,0.0,i*sqrt(Abs(B0*s + sqrt(Abs(s)))) ; Abs(r)**(1/4),i*sqrt(Abs(0.107296079011024*s + sqrt(Abs(s)))) ; Abs(r)**(1/4)
5644,0.0,i*sqrt(Abs(B0 + sqrt(Abs(B1 - s)))) ; sqrt(Abs(r)),i*sqrt(Abs(sqrt(Abs(s - 25463.4127004602)) - 152.235940457855)) ; sqrt(Abs(r))
5645,0.0,i*sqrt(Abs(B0 + Abs(s)**(1/4))) ; B1 - r,i*sqrt(Abs(Abs(s)**(1/4) - 1.41337795749575)) ; -r - 0.149062380087464
5646,0.0,s*sqrt(Abs(i - s + sqrt(Abs(i)))) ; B0*r - i,s*sqrt(Abs(i - s + sqrt(Abs(i)))) ; -i + 1.34432068281359*r
5647,0.0,s*sqrt(Abs(B0*sqrt(Abs(s)) + i)) ; sqrt(Abs(r + sqrt(Abs(i)))),s*sqrt(Abs(i + 9.43942991478371*sqrt(Abs(s)))) ; sqrt(Abs(r + sqrt(Abs(i))))
5648,0.0,i*sqrt(Abs(B0*sqrt(Abs(i)) + s)) ; B1 + sqrt(Abs(i)),i*sqrt(Abs(s - 0.777533592032572*sqrt(Abs(i)))) ; sqrt(Abs(i)) + 0.123540741955398
5649,0.0,i*sqrt(Abs(i + sqrt(Abs(B0*i + B1*s)))) ; B2*Abs(r)**(5/2) + i*r,i*sqrt(Abs(i + sqrt(Abs(25.1206672461079*i - 26.5892703433228*s)))) ; i*r + 0.00174549648002042*Abs(r)**(5/2)
5650,0.0,i*sqrt(Abs(B0*sqrt(Abs(s)) + s)) ; sqrt(Abs(B1 + i - r)),i*sqrt(Abs(s - 0.101906554925269*sqrt(Abs(s)))) ; sqrt(Abs(i - r + 4.59681556958653))
5651,0.0,i*sqrt(Abs(B0*Abs(s)**(1/4) + s)) ; r,i*sqrt(Abs(s + 9.94955302640925*Abs(s)**(1/4))) ; r
5652,0.0,i*sqrt(Abs(B0 + sqrt(Abs(i))*sqrt(Abs(s)))) ; r,i*sqrt(sqrt(Abs(i))*sqrt(Abs(s)) + 189.402611459169) ; r
5653,0.0,i*sqrt(Abs(i + sqrt(Abs(B0 + B1*s)))) ; r,i*sqrt(Abs(i + sqrt(Abs(31.5091374021614*s + 278.25329573451)))) ; r
5654,0.0,i*sqrt(Abs(B0 + Abs(s)**(3/2))) ; r,i*sqrt(Abs(s)**(3/2) + 177.252359225185) ; r
5655,0.0,i*sqrt(Abs(i + sqrt(Abs(i))*Abs(s)**(1/4))) ; r,i*sqrt(Abs(i + sqrt(Abs(i))*Abs(s)**(1/4))) ; r
5656,0.0,i*sqrt(Abs(B0 + sqrt(Abs(B1*i - i**2)))) ; r,i*sqrt(sqrt(Abs(i**2 - 1.78864741523958*i)) + 189.539578417099) ; r
5657,0.0,i*sqrt(Abs(i + sqrt(Abs(i**2 - i*s)))) ; r,i*sqrt(Abs(i + sqrt(Abs(i**2 - i*s)))) ; r
5658,0.0,i*sqrt(Abs(B0 + sqrt(Abs(B1*s + s**2)))) ; r,i*sqrt(sqrt(Abs(s**2 + 24.7788076549938*s)) + 189.333621249852) ; r
5659,0.0,i*sqrt(Abs(s)) ; r,i*sqrt(Abs(s)) ; r
5660,0.0,i*sqrt(Abs(B0 - i + s)) ; r,i*sqrt(Abs(-i + s + 26.3012107747457)) ; r
5661,0.0,Abs(i)**(3/2) ; r,Abs(i)**(3/2) ; r
5662,0.0,Abs(i)**(3/2)*sqrt(Abs(s)) ; r,Abs(i)**(3/2)*sqrt(Abs(s)) ; r
5663,0.0,Abs(i)**(3/2)*Abs(s)**(3/4) ; r,Abs(i)**(3/2)*Abs(s)**(3/4) ; r
5664,0.0,B0*sqrt(Abs(i)) + Abs(i)**(3/2) ; r,Abs(i)**(3/2) + 9.63034230330929*sqrt(Abs(i)) ; r
5665,0.0,sqrt(Abs(i))*sqrt(Abs(s)) ; r,sqrt(Abs(i))*sqrt(Abs(s)) ; r
5666,0.0,sqrt(Abs(i))*sqrt(Abs(s)) ; i,sqrt(Abs(i))*sqrt(Abs(s)) ; i
5667,0.0,-s*sqrt(Abs(i)) + Abs(i)**(3/2) ; r,-s*sqrt(Abs(i)) + Abs(i)**(3/2) ; r
5668,0.0,i ; sqrt(Abs(B0 + i)),i ; sqrt(Abs(i + 1.91855745397844))
5669,0.0,i**2 + i*s ; sqrt(Abs(r))*Abs(B0 - r)**(1/4),i**2 + i*s ; sqrt(Abs(r))*Abs(r - 0.00166031948619969)**(1/4)
5670,0.0,i**2*sqrt(Abs(s)) + Abs(s)**(3/2) ; r**2,i**2*sqrt(Abs(s)) + Abs(s)**(3/2) ; r**2
5671,0.0,Abs(i)**(9/8) ; B1*r*sqrt(Abs(B0 + r)),Abs(i)**(9/8) ; 3.0261302181955*r*sqrt(Abs(r + 1.34996970608377))
5672,0.0,i*Abs(s - sqrt(Abs(i)))**(1/4) ; B0*r + B1*i*r,i*Abs(s - sqrt(Abs(i)))**(1/4) ; 32.9225994209933*i*r + 0.0170589531575175*r
5673,0.0,i*sqrt(Abs(s)) ; B0*i*r + 2*i*r**2,i*sqrt(Abs(s)) ; 2*i*r**2 + 0.000678542905455047*i*r
5674,0.0,i*Abs(s)**(1/4) ; B0*r*Abs(i)**(3/2),i*Abs(s)**(1/4) ; 0.00741790873644791*r*Abs(i)**(3/2)
5675,0.0,sqrt(Abs(s)) ; B0*i,sqrt(Abs(s)) ; 0.0885727343861076*i
5676,0.0,i*Abs(s)**(1/4) ; i**2,i*Abs(s)**(1/4) ; i**2
5677,0.0,Abs(s)**(1/4)*sqrt(Abs(B0 - i)) ; i*r,Abs(s)**(1/4)*sqrt(Abs(i - 73.5581498109048)) ; i*r
5678,0.0,i*Abs(s)**(1/4) + 2*Abs(s)**(5/4) ; B0*i,i*Abs(s)**(1/4) + 2*Abs(s)**(5/4) ; -0.264510375253014*i
5679,0.0,B0*Abs(s)**(1/4) + Abs(s)**(5/4) ; i*sqrt(Abs(r)),Abs(s)**(5/4) + 0.0415350287231682*Abs(s)**(1/4) ; i*sqrt(Abs(r))
5680,0.0,i*Abs(s)**(3/4) ; i**3,i*Abs(s)**(3/4) ; i**3
5681,0.0,Abs(i)**(3/2)*Abs(s)**(1/4) ; i**3,Abs(i)**(3/2)*Abs(s)**(1/4) ; i**3
5682,0.0,Abs(i)**(3/2)*Abs(s)**(1/4) ; i*r,Abs(i)**(3/2)*Abs(s)**(1/4) ; i*r
5683,0.0,i*Abs(s)**(3/4) ; i*r,i*Abs(s)**(3/4) ; i*r
5684,0.0,B0*sqrt(Abs(i)) + B1*s - s**2 + s*sqrt(Abs(i)) ; B2 + r,-s**2 + s*sqrt(Abs(i)) + 0.0601230474104409*s + 1.16750928591078*sqrt(Abs(i)) ; r - 0.399073936124226
5685,0.0,s*Abs(B0*i + i**2 - s)**(1/4) ; sqrt(Abs(B2*i + i*sqrt(Abs(B1 + i + r)))),s*Abs(-i**2 + 0.184942797508919*i + s)**(1/4) ; sqrt(Abs(i*sqrt(Abs(i + r - 0.00149188492002845)) + 5.24757430221923*i))
5686,0.0,B0*Abs(s)**(1/4) + i*Abs(s)**(1/4) ; -i**2 + i*sqrt(Abs(B1*i - r)),i*Abs(s)**(1/4) - 0.000115004314534313*Abs(s)**(1/4) ; -i**2 + i*sqrt(Abs(17.0714999976494*i - r))
5687,0.0,Abs(i)**(5/4) ; r,Abs(i)**(5/4) ; r
5688,0.0,i*Abs(s + sqrt(Abs(s)))**(1/4) ; B0 + i + r,i*Abs(s + sqrt(Abs(s)))**(1/4) ; i + r + 2.08623629206011
5689,0.0,Abs(i)**(5/4)*Abs(s)**(1/4) ; B0 + B1*i + r,Abs(i)**(5/4)*Abs(s)**(1/4) ; 0.204054594391316*i + r + 2.05832856102092
5690,0.0,i*Abs(s**2 + s*sqrt(Abs(i)))**(1/4) ; r + sqrt(Abs(B0 + i + sqrt(Abs(i)))),i*Abs(s**2 + s*sqrt(Abs(i)))**(1/4) ; r + sqrt(Abs(i + sqrt(Abs(i)) + 0.329777913600837))
5691,0.0,i*Abs(i**2 - i*s)**(1/4) ; B0*Abs(i)**(1/4) + B1*r,i*Abs(i**2 - i*s)**(1/4) ; -3.72921496925171*r + 1.59989497053355*Abs(i)**(1/4)
5692,0.0,Abs(i)**(3/4) + Abs(i)**(3/2) ; i,Abs(i)**(3/4) + Abs(i)**(3/2) ; i
5693,0.0,Abs(s)**(1/4)*sqrt(Abs(B0 + i)) ; i,Abs(s)**(1/4)*sqrt(Abs(i + 0.0134786977076958)) ; i
5694,0.0,B0 - 2*s ; r,-2*s - 0.247786717189736 ; r
5695,0.0,B0 + B1*i + i**2 ; B2 + i*r + i*sqrt(Abs(r)),i**2 + 0.0169048767402001*i + 8.75142255845036 ; i*r + i*sqrt(Abs(r)) + 1.73159773317155
5696,0.0,B0 - i - s ; i,-i - s + 0.549721451273618 ; i
5697,0.0,B0 + B1*sqrt(Abs(i)) + i - s ; B2*r,i - s + 20.4381985673162*sqrt(Abs(i)) - 66.5986317536336 ; 0.0300418582715492*r
5698,0.0,B0*Abs(i)**(3/4) - 2*s ; i,-2*s - 0.137427807459215*Abs(i)**(3/4) ; i
5699,0.0,B0 - i*s - i - s ; B1*i + 2*r,-i*s - i - s + 1.2887984202383 ; 0.455906759095582*i + 2*r
5700,0.0,B0*sqrt(Abs(i)) - s ; B1*r,-s + 1.3366882002993*sqrt(Abs(i)) ; 0.0247148780316627*r
5701,0.0,-2*s + sqrt(Abs(B0 + B1*s - i)) ; B2*i + r,-2*s + sqrt(Abs(i - 0.857532149735763*s + 0.81111268179727)) ; -1.63512140443956*i + r
5702,0.0,-2*i + sqrt(Abs(B0 + sqrt(Abs(s)))) ; sqrt(Abs(i - r + sqrt(Abs(B1 + i)))),-2*i + sqrt(sqrt(Abs(s)) + 181.962458624328) ; sqrt(Abs(i - r + sqrt(Abs(i + 1.00719656542229))))
5703,0.0,B0 - s + sqrt(Abs(B1 - i + 2*s)) ; i**2 + i*r*sqrt(Abs(i + r)),-s + sqrt(Abs(-i + 2*s + 1.37976489513762)) - 0.0519700138523223 ; i**2 + i*r*sqrt(Abs(i + r))
5704,0.0,i - s + sqrt(Abs(i)) ; B0*sqrt(Abs(r)),i - s + sqrt(Abs(i)) ; 0.550259420850065*sqrt(Abs(r))
5705,0.0,-i - s + sqrt(Abs(B0 + B1*s)) ; B2*i + sqrt(Abs(i)),-i - s + sqrt(Abs(0.0203290293593253*s - 6.49616603298147)) ; -0.144879493630919*i + sqrt(Abs(i))
5706,0.0,B0 - i + Abs(i)**(1/4) ; B1 + r,-i + Abs(i)**(1/4) + 39.497459524399 ; r + 0.000452934768121028
5707,0.0,B0 - 2*i + sqrt(Abs(s)) ; r + sqrt(Abs(B1*r + sqrt(Abs(i)))),-2*i + sqrt(Abs(s)) + 52.1608228212571 ; r + sqrt(Abs(0.56807465231928*r - sqrt(Abs(i))))
5708,0.0,B0 - s + sqrt(Abs(s)) ; i,-s + sqrt(Abs(s)) + 0.992413278789803 ; i
5709,0.0,B0 - i + sqrt(Abs(B1 + sqrt(Abs(i)))) ; i + r,-i + sqrt(sqrt(Abs(i)) + 92.9630699089412) - 9.06084233643668 ; i + r
5710,0.0,-i - s + sqrt(Abs(i))*sqrt(Abs(s)) ; i + sqrt(Abs(r)),-i - s + sqrt(Abs(i))*sqrt(Abs(s)) ; i + sqrt(Abs(r))
5711,0.0,B0 + i - s + Abs(s)**(1/4) ; r + sqrt(Abs(B1*i + B2*i*r)),i - s + Abs(s)**(1/4) - 0.429442700380701 ; r + sqrt(Abs(0.0655476664641546*i*r - 1.78746379910337e-5*i))
5712,0.0,-i - s ; B0 - i + sqrt(Abs(i)),-i - s ; -i + sqrt(Abs(i)) + 9.80812840265332
5713,0.0,B0 - s + sqrt(Abs(s)) ; B1 + 2*r,-s + sqrt(Abs(s)) - 2.32978185081281 ; 2*r + 0.00108206081799198
5714,0.0,B0 - 2*i*s ; B1 + i + r,-2*i*s + 3.37106494046172 ; i + r + 2.37201164673054
5715,0.0,B0 - 2*s ; B1 + sqrt(Abs(B2 + r)),-2*s - 0.247774951100322 ; sqrt(Abs(r + 20.307548400945)) + 0.0104317071887408
5716,0.0,-s - sqrt(Abs(i)) + sqrt(Abs(s)) ; 2*i,-s - sqrt(Abs(i)) + sqrt(Abs(s)) ; 2*i
5717,0.0,B0 - s ; i + Abs(r + sqrt(Abs(i)))**(1/4),0.542457038209525 - s ; i + Abs(r + sqrt(Abs(i)))**(1/4)
5718,0.0,B0 - s - Abs(s)**(1/4) ; 2*i,-s - Abs(s)**(1/4) + 1.07445541481702 ; 2*i
5719,0.0,B0 - s + sqrt(Abs(B1 + i + sqrt(Abs(i)))) ; 2*i,-s + sqrt(Abs(i + sqrt(Abs(i)) - 0.193932875150048)) + 0.165338402526685 ; 2*i
5720,0.0,-i - s + sqrt(Abs(B0 + i*s - i)) ; B1 + i,-i - s + sqrt(Abs(i*s - i + 0.120204217695061)) ; i + 0.159810175928
5721,0.0,-i - s + sqrt(Abs(i))*Abs(i - s)**(1/4) ; 3*i + sqrt(Abs(r)),-i - s + sqrt(Abs(i))*Abs(i - s)**(1/4) ; 3*i + sqrt(Abs(r))
5722,0.0,B0 - s + sqrt(Abs(i)) ; 2*i,-s + sqrt(Abs(i)) - 0.194106273215108 ; 2*i
5723,0.0,B0 - s ; i + r,0.542457038114757 - s ; i + r
5724,0.0,B0 - 2*s + sqrt(Abs(i)) ; B1*r + i,-2*s + sqrt(Abs(i)) - 2.52489795557566 ; i + 24.4747453124209*r
5725,0.0,B0*Abs(s)**(1/4) - i - s ; B1 + B2*i*r + i,-i - s - 0.155771698496805*Abs(s)**(1/4) ; 0.0999266759989538*i*r + i - 4.43795731828868
5726,0.0,-s + sqrt(Abs(i)) ; i + sqrt(Abs(r)),-s + sqrt(Abs(i)) ; i + sqrt(Abs(r))
5727,0.0,B0*i - s + sqrt(Abs(i)) ; i + sqrt(Abs(r)),-0.039734321553501*i - s + sqrt(Abs(i)) ; i + sqrt(Abs(r))
5728,0.0,B0 - s ; i + sqrt(Abs(B1*sqrt(Abs(i)) - i)),-s - 0.223069426970586 ; i + sqrt(Abs(i - 0.010672788880686*sqrt(Abs(i))))
5729,0.0,B0 - s + sqrt(Abs(B1 + i*s + i)) ; i + Abs(i)**(1/4),-s + sqrt(Abs(i*s + i + 200.634905085665)) - 8.87784898436912 ; i + Abs(i)**(1/4)
5730,0.0,B0 - s + sqrt(Abs(B1 + i)) ; i + Abs(i - r)**(1/4),-s + sqrt(Abs(i + 0.415044903929388)) + 0.262407815631493 ; i + Abs(i - r)**(1/4)
5731,0.0,-2*i + sqrt(Abs(B0 - i + s)) ; i + sqrt(Abs(i)),-2*i + sqrt(Abs(-i + s + 1.62254409710503)) ; i + sqrt(Abs(i))
5732,0.0,-2*i + sqrt(Abs(B0 + s)) ; i + sqrt(Abs(r)),-2*i + sqrt(Abs(s + 0.0438387456575714)) ; i + sqrt(Abs(r))
5733,0.0,B0 - s + sqrt(Abs(i + s)) ; B1 + i,-s + sqrt(Abs(i + s)) + 0.29550282307172 ; i + 0.991631850280204
5734,0.0,-i - s + sqrt(Abs(B0 + B1*s)) ; i + sqrt(Abs(B2*r + i*r + r**2)),-i - s + sqrt(Abs(0.458892616765011*s - 0.626720559119175)) ; i + sqrt(Abs(i*r + r**2 + 1.14509171004094*r))
5735,0.0,B0 - i + sqrt(Abs(s)) ; i + sqrt(Abs(B1 - i)),-i + sqrt(Abs(s)) + 0.0280863991651749 ; i + sqrt(Abs(i - 3.12219012835546))
5736,0.0,-i - s + sqrt(Abs(s)) ; i + sqrt(Abs(i)),-i - s + sqrt(Abs(s)) ; i + sqrt(Abs(i))
5737,0.0,-2*i - s + sqrt(Abs(s)) ; B0 + i,-2*i - s + sqrt(Abs(s)) ; i + 0.0562537899730564
5738,0.0,-2*i - s + sqrt(Abs(s)) ; i + sqrt(Abs(B0 + sqrt(Abs(i)))),-2*i - s + sqrt(Abs(s)) ; i + sqrt(sqrt(Abs(i)) + 0.159433578576013)
5739,0.0,-s + sqrt(Abs(s)) ; B0*sqrt(Abs(i)) + i,-s + sqrt(Abs(s)) ; i + 0.000110539388745512*sqrt(Abs(i))
5740,0.0,B0 - s + sqrt(Abs(s)) ; i + Abs(i)**(3/4)*sqrt(Abs(r)),-s + sqrt(Abs(s)) + 0.992414263526281 ; i + Abs(i)**(3/4)*sqrt(Abs(r))
5741,0.0,B0 - s + sqrt(Abs(s)) ; i + sqrt(Abs(i)),-s + sqrt(Abs(s)) + 0.161163436840862 ; i + sqrt(Abs(i))
5742,0.0,-i**2 - s + sqrt(Abs(s)) ; B0 + i,-i**2 - s + sqrt(Abs(s)) ; i + 1.31852096350713
5743,0.0,B0 - i - s + sqrt(Abs(s)) ; i + sqrt(Abs(i + r)),-i - s + sqrt(Abs(s)) + 0.037104505426498 ; i + sqrt(Abs(i + r))
5744,0.0,-2*s + sqrt(Abs(s)) ; i,-2*s + sqrt(Abs(s)) ; i
5745,0.0,-i**2 - s + sqrt(Abs(s)) ; i + Abs(i)**(1/4),-i**2 - s + sqrt(Abs(s)) ; i + Abs(i)**(1/4)
5746,0.0,B0 - i*s + sqrt(Abs(s)) ; i + sqrt(Abs(B1*r - i)),-i*s + sqrt(Abs(s)) + 0.385503569804971 ; i + sqrt(Abs(i + 0.430574087800122*r))
5747,0.0,B0 + B1*i + sqrt(Abs(s)) ; i + sqrt(Abs(B2 + sqrt(Abs(i)))),-1.88228874572823*i + sqrt(Abs(s)) + 1.57623104791838 ; i + sqrt(sqrt(Abs(i)) + 3.81799376840358)
5748,0.0,B0*i + sqrt(Abs(s)) ; i + sqrt(Abs(r)),0.225623428861895*i + sqrt(Abs(s)) ; i + sqrt(Abs(r))
5749,0.0,-i**2*s - i + sqrt(Abs(s)) ; B0*sqrt(Abs(i)) + i,-i**2*s - i + sqrt(Abs(s)) ; i + 1.91147396256956*sqrt(Abs(i))
5750,0.0,B0 - i + sqrt(Abs(s)) ; i + sqrt(Abs(r)),-i + sqrt(Abs(s)) - 0.108264866323188 ; i + sqrt(Abs(r))
5751,0.0,B0*s - i + s**2 + sqrt(Abs(s)) ; i + sqrt(Abs(r)),-i + s**2 + 2.86003796813195*s + sqrt(Abs(s)) ; i + sqrt(Abs(r))
5752,0.0,B0*s + s**2 + sqrt(Abs(s)) ; B1*sqrt(Abs(r)) + i,s**2 - 1.23287981630679*s + sqrt(Abs(s)) ; i + 21.402783314954*sqrt(Abs(r))
5753,0.0,B0*i - s + sqrt(Abs(s)) ; i + Abs(i + r)**(1/4),0.0507743935928694*i - s + sqrt(Abs(s)) ; i + Abs(i + r)**(1/4)
5754,0.0,B0 + B1*i + sqrt(Abs(s)) ; i + sqrt(Abs(i))*sqrt(Abs(r)),0.135931421913142*i + sqrt(Abs(s)) - 0.113499406765972 ; i + sqrt(Abs(i))*sqrt(Abs(r))
5755,0.0,B0 + B1*i + sqrt(Abs(s)) ; B2 + i,-1.81881069432925*i + sqrt(Abs(s)) + 22.5527222779227 ; i - 9.74731972595999
5756,0.0,B0 + B1*i + i**2 + sqrt(Abs(s)) ; i + sqrt(Abs(i)),i**2 + 0.00066568463165646*i + sqrt(Abs(s)) + 0.00756088393522665 ; i + sqrt(Abs(i))
5757,0.0,B0*i + i*s + sqrt(Abs(s)) ; i + sqrt(Abs(r)),i*s + 10.2410479536803*i + sqrt(Abs(s)) ; i + sqrt(Abs(r))
5758,0.0,-s + sqrt(Abs(s)) ; B0 + i,-s + sqrt(Abs(s)) ; i + 0.00321514172712383
5759,0.0,-i*s - i + s**2 + sqrt(Abs(s)) ; i,-i*s - i + s**2 + sqrt(Abs(s)) ; i
5760,0.0,B0 + sqrt(Abs(s)) ; i + Abs(r)**(1/4),sqrt(Abs(s)) - 0.032886496045005 ; i + Abs(r)**(1/4)
5761,0.0,B0*s - i + s**2 + sqrt(Abs(s)) ; i + sqrt(Abs(i - 2*r)),-i + s**2 + 2.82647292212869*s + sqrt(Abs(s)) ; i + sqrt(Abs(i - 2*r))
5762,0.0,B0 + B1*i + i**2 + sqrt(Abs(s)) ; i + sqrt(Abs(B2 - i + 2*r)),i**2 + 0.575564504006151*i + sqrt(Abs(s)) + 0.751247107482083 ; i + sqrt(Abs(-i + 2*r + 0.0134609278836911))
5763,0.0,B0 - s + sqrt(Abs(s)) ; i + sqrt(Abs(B1 + i)),-s + sqrt(Abs(s)) + 0.992467540777739 ; i + sqrt(Abs(i + 0.0235364441843832))
5764,0.0,B0*s - i + s**2 + sqrt(Abs(s)) ; B1 + i,-i + s**2 + 0.0178220416626384*s + sqrt(Abs(s)) ; i + 20.0093819100325
5765,0.0,B0 + B1*i + i**2 + sqrt(Abs(s)) ; i + sqrt(Abs(B2 + r)),i**2 + 1.49772086677403*i + sqrt(Abs(s)) - 1.88927074004991 ; i + sqrt(Abs(r + 10.9128522744545))
5766,0.0,B0*i + i**2 - s + sqrt(Abs(s)) ; i + sqrt(Abs(r)),i**2 - 0.221193949310466*i - s + sqrt(Abs(s)) ; i + sqrt(Abs(r))
5767,0.0,B0*i + i**2 + sqrt(Abs(s)) ; B1*sqrt(Abs(i)) + i,i**2 + 0.503074386744558*i + sqrt(Abs(s)) ; i + 1.52009063452791*sqrt(Abs(i))
5768,0.0,B0 + B1*i + sqrt(Abs(s)) ; i + Abs(i)**(1/4),-1.72435595380437*i + sqrt(Abs(s)) + 3.14417604844107 ; i + Abs(i)**(1/4)
5769,0.0,B0 + B1*i - s + sqrt(Abs(s)) ; B2 + i,-3.93309261859103*i - s + sqrt(Abs(s)) - 61.3878642658905 ; i + 3.33914762119609
5770,0.0,B0 + B1*i + i*s + sqrt(Abs(s)) ; i + Abs(i)**(1/4),i*s + 0.556479075899178*i + sqrt(Abs(s)) + 8.93747222658679 ; i + Abs(i)**(1/4)
5771,0.0,B0 + B1*i - s + sqrt(Abs(s)) ; i + sqrt(Abs(r)),-2.43539684472824*i - s + sqrt(Abs(s)) - 4.76859786284716 ; i + sqrt(Abs(r))
5772,0.0,B0*s - i + s**2 + sqrt(Abs(s)) ; i + Abs(i)**(1/4),-i + s**2 + 2.90094390242162*s + sqrt(Abs(s)) ; i + Abs(i)**(1/4)
5773,0.0,B0*i + i*s - s + sqrt(Abs(s)) ; i + Abs(r)**(1/4),i*s + 0.981010994554973*i - s + sqrt(Abs(s)) ; i + Abs(r)**(1/4)
5774,0.0,B0 + B1*s + s**2 + sqrt(Abs(s)) ; B2 + i,s**2 + 2.89027058658501*s + sqrt(Abs(s)) + 0.933818321543464 ; i + 25.8251260626438
5775,0.0,B0 + B1*i + i*s + sqrt(Abs(s)) ; i + Abs(B2 + i)**(1/8),i*s - 2.15518759983549*i + sqrt(Abs(s)) - 2.12086918861022 ; i + Abs(i + 4.13727976807911)**(1/8)
5776,0.0,B0 + B1*i + i*s + sqrt(Abs(s)) ; i + Abs(B2 + r)**(1/4),i*s - 3.00722508300138*i + sqrt(Abs(s)) - 3.8021759486458 ; i + Abs(r + 43.7580807956966)**(1/4)
5777,0.0,B0*s + s**2 + sqrt(Abs(s)) ; i + Abs(i - r)**(1/4),s**2 + 2.18893613262667*s + sqrt(Abs(s)) ; i + Abs(i - r)**(1/4)
5778,0.0,B0 + B1*i + i*s + sqrt(Abs(s)) ; i + Abs(B2 - 2*i)**(1/4),i*s + 0.0794264464290471*i + sqrt(Abs(s)) - 3.20545788793622 ; i + Abs(2*i - 21.6203056483728)**(1/4)
5779,0.0,B0 + B1*i + i*s + sqrt(Abs(s)) ; i + Abs(B2 - r)**(1/4),i*s - 0.782727651192095*i + sqrt(Abs(s)) - 0.941937523284095 ; i + Abs(r + 0.168887108513274)**(1/4)
5780,0.0,B0*i + i*s - s + sqrt(Abs(s)) ; i + Abs(B1 + r)**(1/4),i*s + 1.36485870996465*i - s + sqrt(Abs(s)) ; i + Abs(r + 154.290026587877)**(1/4)
5781,0.0,B0*i + i*s - s + sqrt(Abs(s)) ; i + Abs(i)**(1/4),i*s + 0.206477561082792*i - s + sqrt(Abs(s)) ; i + Abs(i)**(1/4)
5782,0.0,B0*s + s**2 + sqrt(Abs(s)) ; i,s**2 + 4.27541801461617*s + sqrt(Abs(s)) ; i
5783,0.0,B0*i + i*s - s + sqrt(Abs(s)) ; i,i*s + 15.5699713266095*i - s + sqrt(Abs(s)) ; i
5784,0.0,B0 + B1*i + i*s + sqrt(Abs(s)) ; i + Abs(i - r)**(1/4),i*s - 3.34881425947241*i + sqrt(Abs(s)) - 4.41145637859218 ; i + Abs(i - r)**(1/4)
5785,0.0,B0*s - i + s**2 + sqrt(Abs(s)) ; i,-i + s**2 + 2.86788828201561*s + sqrt(Abs(s)) ; i
5786,0.0,i**2*sqrt(Abs(s + sqrt(Abs(i)))) + i**2 ; r,i**2*sqrt(Abs(s + sqrt(Abs(i)))) + i**2 ; r
5787,0.0,B0*i**4*s + i**2 ; r,1.02354128245117e-6*i**4*s + i**2 ; r
5788,0.0,B0*i + i**2 ; -i + Abs(B1*i - r)**(1/4),i**2 - 2.67344292750624*i ; -i + Abs(32.6488097019097*i - r)**(1/4)
5789,0.0,i*sqrt(Abs(B0*i - i*s)) ; B1*Abs(r)**(3/2),i*sqrt(Abs(i*s - 0.134947030470882*i)) ; 0.0250922255081792*Abs(r)**(3/2)
5790,0.0,i*sqrt(Abs(B0*i - Abs(i)**(3/2))) ; B1*i*r**2,i*sqrt(Abs(5.96033664917745*i - Abs(i)**(3/2))) ; 23.2221487903013*i*r**2
5791,0.0,2*i*s - 2*Abs(s)**(3/2) ; i,2*i*s - 2*Abs(s)**(3/2) ; i
5792,0.0,B0*s**2 - s**3 ; i,-s**3 + 0.292804846548158*s**2 ; i
5793,0.0,sqrt(Abs(B0 - i + s)) ; r,sqrt(Abs(-i + s + 51.9292578445162)) ; r
5794,0.0,B0*i + i**2 + s ; r,i**2 + 0.612076751175088*i + s ; r
5795,0.0,-s + sqrt(Abs(s)) ; r,-s + sqrt(Abs(s)) ; r
5796,0.0,2*i*s - s**2 ; r,2*i*s - s**2 ; r
5797,0.0,i ; B0*Abs(r)**(3/2),i ; 0.0634560861944026*Abs(r)**(3/2)
5798,0.0,B0*s**4 + i + s ; B1*i*Abs(r)**(3/4),i + 0.00126111500220259*s**4 + s ; 0.075518574964944*i*Abs(r)**(3/4)
5799,0.0,sqrt(Abs(B0 + s)) ; B1*r**2 + r**2*sqrt(Abs(i)),sqrt(Abs(s + 44.1904442935992)) ; r**2*sqrt(Abs(i)) + 66.1926295971935*r**2
5800,0.0,i ; i*r**2,i ; i*r**2
5801,0.0,i ; B0*i**2*r**2,i ; 0.000557839720573586*i**2*r**2
5802,0.0,B0 + sqrt(Abs(s)) ; 2*r**3,sqrt(Abs(s)) - 0.0328864734430302 ; 2*r**3
5803,0.0,sqrt(Abs(i)) ; B0*i*r + i*r**2,sqrt(Abs(i)) ; i*r**2 + 0.00036329631012754*i*r
5804,0.0,i ; B0*i*r + i**2*r,i ; i**2*r + 0.0247691314914837*i*r
5805,0.0,i ; B0*r*sqrt(Abs(i)),i ; 0.000212345528314517*r*sqrt(Abs(i))
5806,0.0,i ; B0*r**2 + r**3,i ; r**3 + 0.0437971242915624*r**2
5807,0.0,i - s ; B0*i**2*r**2 + i*r**2,i - s ; 66.3524117315178*i**2*r**2 + i*r**2
5808,0.0,i - s ; B0*i**2 + B1*i*r,i - s ; 0.55586839948955*i**2 + 0.845362307918379*i*r
5809,0.0,2*i - s ; 2*i*Abs(r)**(3/2),2*i - s ; 2*i*Abs(r)**(3/2)
5810,0.0,B0 - i - s - sqrt(Abs(s)) ; -2*i**2*r + i*r**2,-i - s - sqrt(Abs(s)) + 11.0525804137551 ; -2*i**2*r + i*r**2
5811,0.0,i**2 + i*s - s + sqrt(Abs(s)) ; B0*i*r + i*r*sqrt(Abs(B1*i + i**2)),i**2 + i*s - s + sqrt(Abs(s)) ; i*r*sqrt(Abs(i**2 + 0.194252222102815*i)) + 0.000250531336123189*i*r
5812,0.0,B0 + i - s + sqrt(Abs(i)) ; B1*Abs(i)**(3/2) + r*Abs(i)**(3/2),i - s + sqrt(Abs(i)) + 0.0547108723459774 ; r*Abs(i)**(3/2) + 1.64518987341278e-5*Abs(i)**(3/2)
5813,0.0,B0 + i + sqrt(Abs(s)) ; B1*Abs(i)**(3/2) + B2*i*r,i + sqrt(Abs(s)) + 1.12062274639976 ; 0.105953388325833*i*r + 0.0577131144137881*Abs(i)**(3/2)
5814,0.0,-s + Abs(i)**(1/4) + sqrt(Abs(s)) ; B0*i*r + i**2*r,-s + Abs(i)**(1/4) + sqrt(Abs(s)) ; i**2*r + 0.146145374984189*i*r
5815,0.0,B0 + B1*i - s + sqrt(Abs(i)) ; B2*i**3*r + B2*i**2 + B3*i*r,-0.367400476911484*i - s + sqrt(Abs(i)) - 1.7279752335181 ; -0.00266437612234399*i**3*r - 0.00266437612234399*i**2 - 0.0507434710750226*i*r
5816,0.0,sqrt(Abs(i**2 + i*s)) ; B0 + B1*i*r,sqrt(Abs(i**2 + i*s)) ; 0.0051943825376039*i*r + 0.00241286747605297
5817,0.0,i + sqrt(Abs(s)) ; B0*i*r**2 + i*r**3,i + sqrt(Abs(s)) ; i*r**3 + 0.0158120652502808*i*r**2
5818,0.0,B0 - 2*s + sqrt(Abs(i)) ; B1*r + B2*i*r,-2*s + sqrt(Abs(i)) + 0.925865672426534 ; 6.34289122649563*i*r + 1.3325866309338*r
5819,0.0,B0 + sqrt(Abs(i)) + sqrt(Abs(s)) ; B1 + B2*i,sqrt(Abs(i)) + sqrt(Abs(s)) + 0.326216585071535 ; 2.29606569500045*i + 1.66755468812206
5820,0.0,B0 - s + Abs(i)**(3/4) ; B1*i*r + i*r**2,-s + Abs(i)**(3/4) + 0.899010751459206 ; i*r**2 + 35.7363339493559*i*r
5821,0.0,i - s + sqrt(Abs(s)) ; B0*r + B1*Abs(r)**(5/4),i - s + sqrt(Abs(s)) ; 58.9109499933456*r + 66.7761734222812*Abs(r)**(5/4)
5822,0.0,B0 - i*s + sqrt(Abs(s)) ; B1*i,-i*s + sqrt(Abs(s)) + 0.0835550567690887 ; 1.11580994839616*i
5823,0.0,B0 + i - s ; B1*i*r,i - s - 1.24781075979393 ; 0.020882887982189*i*r
5824,0.0,i - s + sqrt(Abs(B0 + 2*i)) ; B1*i,i - s + sqrt(Abs(2*i + 0.334341010193847)) ; 1.65025621643315*i
5825,0.0,-s + sqrt(Abs(i)) + sqrt(Abs(s)) ; B0*i,-s + sqrt(Abs(i)) + sqrt(Abs(s)) ; 2.33910711138236*i
5826,0.0,B0 - s + sqrt(Abs(B1*i + B2*s)) ; B3*r,-s + sqrt(Abs(245369.312213311*i + 246451.60506733*s)) - 507.595236393637 ; 0.115558807723018*r
5827,0.0,B0 + i + Abs(i)**(1/4)*sqrt(Abs(s)) ; B1*sqrt(Abs(i)),i + Abs(i)**(1/4)*sqrt(Abs(s)) - 11.5972704684819 ; -2.97099380664728*sqrt(Abs(i))
5828,0.0,B0 + i + sqrt(Abs(s**3 + s**2)) ; B1*Abs(i)**(3/2),i + sqrt(Abs(s**3 + s**2)) + 8.15699031082453 ; 3.72416940840586*Abs(i)**(3/2)
5829,0.0,i - s + sqrt(Abs(B0*i + B1*s)) ; B2*i,i - s + sqrt(Abs(0.789215565824237*i - 0.164303068412318*s)) ; 4.36991617788696*i
5830,0.0,i - s ; B0*i + B1*i*r,i - s ; -0.210377106490523*i*r + 64.383785062098*i
5831,0.0,B0*sqrt(Abs(i)) + i - s ; B1*i + B1*r,i - s - 2.33680732868741*sqrt(Abs(i)) ; 1.88285030618329*i + 1.88285030618329*r
5832,0.0,i - s + Abs(i)**(3/4) ; B0*r**2 + B1*i*r,i - s + Abs(i)**(3/4) ; 21.6913878691951*i*r + 0.000749775594854027*r**2
5833,0.0,i - s ; B0*i*r,i - s ; 0.000699728526621026*i*r
5834,0.0,B0 + i - s ; B1*Abs(i)**(3/2),i - s - 5.74097060788151 ; -1.59434827732123*Abs(i)**(3/2)
5835,0.0,B0 - s + sqrt(Abs(B1*s + B2)) ; B3*r,-s + sqrt(Abs(1128.05705402811*s + 269415.761117933)) - 532.540686745242 ; 0.0841235027702032*r
5836,0.0,B0*sqrt(Abs(s)) + i - s ; B1*Abs(r)**(3/2),i - s + 0.859669128751957*sqrt(Abs(s)) ; 0.865666301183061*Abs(r)**(3/2)
5837,0.0,B0*sqrt(Abs(i))*sqrt(Abs(s)) + i - s ; B1*i,i - s + 0.00131001162319774*sqrt(Abs(i))*sqrt(Abs(s)) ; 8.02352963810358*i
5838,0.0,B0*sqrt(Abs(s)) + sqrt(Abs(i))*sqrt(Abs(s)) ; B1*i + 2*Abs(i)**(3/2),sqrt(Abs(i))*sqrt(Abs(s)) + 2.45679459606172e-5*sqrt(Abs(s)) ; 0.0105185266037016*i + 2*Abs(i)**(3/2)
5839,0.0,B1*sqrt(Abs(B0 + i)) - s*sqrt(Abs(B0 + i)) ; B2*r + i*r - r**2,-s*sqrt(Abs(i + 1.09395955249512)) + 0.00624444570148273*sqrt(Abs(i + 1.09395955249512)) ; i*r - r**2 + 0.0215071743012517*r
5840,0.0,B0*s - i*s - 2*s**2 ; i,-i*s - 2*s**2 + 0.338832176134274*s ; i
5841,0.0,i*s ; -2*r + sqrt(Abs(r + sqrt(Abs(B0 + r)))),i*s ; -2*r + sqrt(Abs(r + sqrt(Abs(r + 16346.2491525559))))
5842,0.0,B0*i + B1*i**2*s ; B2*Abs(r)**(1/8) - i,1.88173863221105*i**2*s + 1.48290890345718*i ; -i + 8.20813681286633*Abs(r)**(1/8)
5843,0.0,B0*i**2*s - i**3*s ; -3*i**2 + i*r,-i**3*s + 1.60877419749251*i**2*s ; -3*i**2 + i*r
5844,0.0,i*sqrt(Abs(s)) ; i**2,i*sqrt(Abs(s)) ; i**2
5845,0.0,-s*sqrt(Abs(i)) ; r,-s*sqrt(Abs(i)) ; r
5846,0.0,i*s - 2*s**2 ; r,i*s - 2*s**2 ; r
5847,0.0,B0*s - s*sqrt(Abs(B1 - i)) ; r,-s*sqrt(Abs(i - 0.000693185492420449)) + 7.3124180993632*s ; r
5848,0.0,B0*i + i**2*s**2 ; sqrt(Abs(i)),i**2*s**2 + 0.786515988121633*i ; sqrt(Abs(i))
5849,0.0,i*sqrt(Abs(B0*i*s - i**2)) ; sqrt(Abs(r)),i*sqrt(Abs(i**2 - 0.0218991800727554*i*s)) ; sqrt(Abs(r))
5850,0.0,B0*i**3 + B1*i*s ; sqrt(Abs(i - sqrt(Abs(i)))),-0.000463999220346682*i**3 + 0.068963033111557*i*s ; sqrt(Abs(i - sqrt(Abs(i))))
5851,0.0,B0*i + sqrt(2)*i*sqrt(Abs(s)) ; i + r,sqrt(2)*i*sqrt(Abs(s)) + 12.5678267007067*i ; i + r
5852,0.0,s**2 - s*sqrt(Abs(B0 + i)) ; B1 + r,s**2 - s*sqrt(Abs(i + 0.00164315602435977)) ; r + 0.00252151410761491
5853,0.0,i*s**2 ; r + sqrt(Abs(i)),i*s**2 ; r + sqrt(Abs(i))
5854,0.0,i**2 ; r + Abs(r)**(1/8),i**2 ; r + Abs(r)**(1/8)
5855,0.0,B0*i*s + i**2*s + i*s**2 ; B1 + i,i**2*s + i*s**2 + 0.00698446449767416*i*s ; i + 0.340501783409909
5856,0.0,B0*i + 2*i*s ; sqrt(Abs(B1 + sqrt(Abs(i)))),2*i*s - 0.367276026738709*i ; sqrt(sqrt(Abs(i)) + 7.58430605574111)
5857,0.0,i*Abs(B0 + i)**(1/4) ; B1*r + B1*sqrt(Abs(B2*r + B2*sqrt(Abs(r)))),i*Abs(i + 0.158342229797626)**(1/4) ; 0.118110076903603*r + 0.118110076903603*sqrt(Abs(0.141255721704679*r + 0.141255721704679*sqrt(Abs(r))))
5858,0.0,i*Abs(i - s)**(1/4) ; B0*r + i*r,i*Abs(i - s)**(1/4) ; i*r + 1.93329163400753*r
5859,0.0,Abs(i)**(5/4)*Abs(s)**(1/4) ; B0*r,Abs(i)**(5/4)*Abs(s)**(1/4) ; 1.03205291784969*r
5860,0.0,Abs(s)**(5/8) ; B0*i + B1*i*r,Abs(s)**(5/8) ; 0.662713941278974*i*r + 39.8498597106464*i
5861,0.0,i*Abs(B0 + i + s)**(1/4) ; B1*r + B2*i*r,i*Abs(i + s - 0.827483155798711)**(1/4) ; 58.8681391588398*i*r + 0.000287690803514883*r
5862,0.0,Abs(i)**(9/8) ; B0*r + B1*i*r**2,Abs(i)**(9/8) ; 15.6987371661544*i*r**2 + 0.000149205365334341*r
5863,0.0,i*Abs(B0 + i)**(1/8) ; B1*r + B2*r**3,i*Abs(i - 51.1071152030692)**(1/8) ; 0.568317845870519*r**3 + 82.7965873046586*r
5864,0.0,i*Abs(B0 + s)**(1/8) ; B1*r + i**2*r**2,i*Abs(s + 50.078201925215)**(1/8) ; i**2*r**2 + 0.00686137585269693*r
5865,0.0,i*Abs(B0 + i)**(1/8) ; B1*r + i*r**3,i*Abs(i + 0.116816341845598)**(1/8) ; i*r**3 + 0.135085438319489*r
5866,0.0,i*Abs(B0 + s)**(1/8) ; B1 + B2*r**2,i*Abs(s - 0.936360545701555)**(1/8) ; 0.109141610118151 - 0.338840128743371*r**2
5867,0.0,i*Abs(i*s - i)**(1/8) ; B0 + B1*r**2,i*Abs(i*s - i)**(1/8) ; 0.934105632596301 - 2.80230062278115*r**2
5868,0.0,Abs(i)**(9/8) ; B0*r + B1*r**3,Abs(i)**(9/8) ; 0.00971520590904449*r**3 + 0.00516567769768339*r
5869,0.0,2**(1/8)*i*Abs(s)**(1/8) ; B0*r + B1*r**3,2**(1/8)*i*Abs(s)**(1/8) ; 0.0068737829953089*r**3 + 0.000404310369596465*r
5870,0.0,i*Abs(B0 - i)**(1/8) ; B1*r + B2*r**3,i*Abs(i - 51.1085853028615)**(1/8) ; 69.1471977110331*r**3 + 99.4604176868795*r
5871,0.0,B0*s + 2*i*s - s**2 ; i,2*i*s - s**2 + 3.86926260932155*s ; i
5872,0.0,B0*s + 2*s**2 ; i,2*s**2 + 0.504795857246191*s ; i
5873,0.0,B0*i*s - i**2*s ; sqrt(Abs(B1 + i)),-i**2*s - 2.69178455816702*i*s ; sqrt(Abs(i + 35.6103906478094))
5874,0.0,i**2*sqrt(Abs(B0 - i)) + i ; sqrt(Abs(B1 + r)),i**2*sqrt(Abs(i + 4.81169944666902)) + i ; sqrt(Abs(r + 2.26980066923616))
5875,0.0,i ; sqrt(Abs(r)),i ; sqrt(Abs(r))
5876,0.0,B0 - i ; sqrt(Abs(B1 - r)),4.48145092485457 - i ; sqrt(Abs(r - 33.618904456175))
5877,0.0,sqrt(Abs(s)) ; Abs(i - sqrt(Abs(2*i + r)))**(1/4),sqrt(Abs(s)) ; Abs(i - sqrt(Abs(2*i + r)))**(1/4)
5878,0.0,sqrt(Abs(i))*sqrt(Abs(s)) ; sqrt(Abs(B0 + i**2)),sqrt(Abs(i))*sqrt(Abs(s)) ; sqrt(Abs(i**2 + 19.1247154930714))
5879,0.0,i ; sqrt(Abs(i - r + sqrt(Abs(i + r)))),i ; sqrt(Abs(i - r + sqrt(Abs(i + r))))
5880,0.0,Abs(i)**(1/4)*Abs(s)**(1/4) ; B0*sqrt(Abs(i)),Abs(i)**(1/4)*Abs(s)**(1/4) ; 1.80242073068804*sqrt(Abs(i))
5881,0.0,B0 + i - s ; Abs(r)**(1/4),i - s + 0.651097388667837 ; Abs(r)**(1/4)
5882,0.0,i - s ; Abs(B0*i + i**2)**(1/8),i - s ; Abs(i**2 + 3097.14936853583*i)**(1/8)
5883,0.0,B0 + i ; Abs(B1 - r)**(1/4),i + 13.5154729657805 ; Abs(r + 33498.7226239615)**(1/4)
5884,0.0,B0 + sqrt(Abs(B1 + B2*s + i*s)) ; Abs(i)**(1/4),sqrt(Abs(i*s - 43.4419654983893*s + 9.44281332966957)) + 3.12147920356525 ; Abs(i)**(1/4)
5885,0.0,i ; Abs(i)**(1/4),i ; Abs(i)**(1/4)
5886,0.0,B0 + 2*i ; Abs(r)**(1/4),2*i + 0.271772407906114 ; Abs(r)**(1/4)
5887,0.0,i*s + 2*s**2 ; Abs(i - r + sqrt(Abs(i)))**(1/4),i*s + 2*s**2 ; Abs(i - r + sqrt(Abs(i)))**(1/4)
5888,0.0,B1*sqrt(Abs(B0 + 2*i)) - i ; Abs(B2 - Abs(r)**(3/2))**(1/4),-i + 0.707315367833204*sqrt(Abs(2*i - 47.4170096567599)) ; Abs(Abs(r)**(3/2) - 34.1187716748881)**(1/4)
5889,0.0,sqrt(Abs(s)) ; Abs(B0 + i)**(1/8),sqrt(Abs(s)) ; Abs(i + 18.0401654780157)**(1/8)
5890,0.0,i*sqrt(Abs(B0 + B1*s + i)) ; Abs(B2 - i)**(1/4),i*sqrt(Abs(i + 1.11391475516768*s - 2.90039138415781)) ; Abs(i - 158.963082726599)**(1/4)
5891,0.0,s*sqrt(Abs(B0 + i**2 + i)) ; Abs(i)**(1/4),s*sqrt(Abs(i**2 + i + 0.0418281493749459)) ; Abs(i)**(1/4)
5892,0.0,B0*i**2 + i*s ; Abs(B1 - sqrt(Abs(r)))**(1/4),0.17967011348094*i**2 + i*s ; Abs(sqrt(Abs(r)) - 0.183214820645191)**(1/4)
5893,0.0,B0*i*s + i*s**2 ; Abs(B1 + Abs(r)**(1/4))**(1/4),i*s**2 - 0.177467035063222*i*s ; (Abs(r)**(1/4) + 97.3992316423799)**(1/4)
5894,0.0,i*Abs(i**2 - i*s)**(1/4) ; Abs(B0 + Abs(r)**(5/4))**(1/4),i*Abs(i**2 - i*s)**(1/4) ; (Abs(r)**(5/4) + 1.00486066931546)**(1/4)
5895,0.0,sqrt(2)*i*Abs(s)**(3/2) - s**2 ; Abs(B1 + sqrt(Abs(B0*r + i*r)))**(1/4),sqrt(2)*i*Abs(s)**(3/2) - s**2 ; (sqrt(Abs(i*r + 0.749753975935518*r)) + 14.934118373046)**(1/4)
5896,0.0,B0*s - s**2 ; B1*Abs(i)**(1/4),-s**2 - 0.769072019850646*s ; 3.87876203704209*Abs(i)**(1/4)
5897,0.0,B0*i + 2*i**2 ; Abs(B1 + r)**(1/4),2*i**2 + 0.00491794113018134*i ; Abs(r + 62.2697620353964)**(1/4)
5898,0.0,B0*s**2 + i*s**2 + i*s ; Abs(i)**(1/4),i*s**2 + i*s - 0.356854768576523*s**2 ; Abs(i)**(1/4)
5899,0.0,B0*i - i**2 + 2*i*s ; Abs(B1 + r)**(1/4),-i**2 + 2*i*s - 4.28493388953337*i ; Abs(r + 793.681254730566)**(1/4)
5900,0.0,2*i**2*s ; Abs(B0 + i + r)**(1/4),2*i**2*s ; Abs(i + r + 106.288888133637)**(1/4)
5901,0.0,Abs(i)**(3/2) ; 3**(1/4)*Abs(r)**(1/4),Abs(i)**(3/2) ; 3**(1/4)*Abs(r)**(1/4)
5902,0.0,i*sqrt(Abs(B0*i**2 + i**3)) ; Abs(B1*r + i)**(1/4),i*sqrt(Abs(i**3 + 3.84046787923508*i**2)) ; Abs(i + 1.4760896620711*r)**(1/4)
5903,0.0,Abs(i)**(5/2)*sqrt(Abs(s)) ; Abs(B0 - i + r)**(1/4),Abs(i)**(5/2)*sqrt(Abs(s)) ; Abs(-i + r + 0.0683297766232973)**(1/4)
5904,0.0,B0 + i - s - sqrt(Abs(s)) ; sqrt(Abs(r)),i - s - sqrt(Abs(s)) + 4.62330651089481 ; sqrt(Abs(r))
5905,0.0,Abs(i)**(3/2) ; sqrt(Abs(r)),Abs(i)**(3/2) ; sqrt(Abs(r))
5906,0.0,i - s ; sqrt(Abs(r)),i - s ; sqrt(Abs(r))
5907,0.0,B0 + i*sqrt(Abs(2*i + s)) - s ; sqrt(Abs(r)),i*sqrt(Abs(2*i + s)) - s + 0.257977434349179 ; sqrt(Abs(r))
5908,0.0,B0 - s ; sqrt(Abs(r)),-s - 0.223410537729409 ; sqrt(Abs(r))
5909,0.0,i - s - sqrt(Abs(i**2 + s)) ; sqrt(Abs(r)),i - s - sqrt(Abs(i**2 + s)) ; sqrt(Abs(r))
5910,0.0,B0 + i - 2*s ; sqrt(Abs(r)),i - 2*s + 1.38491849563014 ; sqrt(Abs(r))
5911,0.0,B0 + sqrt(2)*sqrt(Abs(i)) ; sqrt(Abs(r)),sqrt(2)*sqrt(Abs(i)) + 0.0835884350078807 ; sqrt(Abs(r))
5912,0.0,B0*sqrt(Abs(s)) - 2*s ; sqrt(Abs(r)),-2*s - 0.13184441139338*sqrt(Abs(s)) ; sqrt(Abs(r))
5913,0.0,B0 + i - s ; sqrt(Abs(r)),i - s - 1.2477867226126 ; sqrt(Abs(r))
5914,0.0,B0 - i + 3*s ; sqrt(Abs(r)),-i + 3*s + 36.245506324034 ; sqrt(Abs(r))
5915,0.0,B0 + i + s + sqrt(Abs(i)) ; sqrt(Abs(r)),i + s + sqrt(Abs(i)) - 0.168832201641791 ; sqrt(Abs(r))
5916,0.0,i ; Abs(r)**(1/8),i ; Abs(r)**(1/8)
5917,0.0,B0 + i ; sqrt(Abs(B1 + B2*i - i**2 + r)),i + 15.8202368252707 ; sqrt(Abs(-i**2 + 122.102238434479*i + r + 253.325188911608))
5918,0.0,B0 - i + Abs(s)**(1/8) ; sqrt(Abs(-B1 + i + r)),-i + Abs(s)**(1/8) - 0.505915750032798 ; sqrt(Abs(i + r - 45.9471101151928))
5919,0.0,B0 + 2*i - s ; Abs(B1*i + Abs(i)**(5/4))**(1/4),2*i - s + 1.29637371531947 ; Abs(1.84227827328976*i + Abs(i)**(5/4))**(1/4)
5920,0.0,B0 + 2*i ; sqrt(Abs(i + r + sqrt(Abs(B1 + i)))),2*i + 3.85842594193659 ; sqrt(Abs(i + r + sqrt(Abs(i + 0.0390935096901853))))
5921,0.0,s*Abs(i + s)**(1/4) + s ; sqrt(Abs(i)),s*Abs(i + s)**(1/4) + s ; sqrt(Abs(i))
5922,0.0,B0 + i + sqrt(Abs(B1 + i + s)) ; sqrt(Abs(i)),i + sqrt(Abs(i + s + 10.3239499641256)) - 2.05446041676223 ; sqrt(Abs(i))
5923,0.0,B0 + i ; sqrt(Abs(i - 2*r)),i + 2.1937486745374 ; sqrt(Abs(i - 2*r))
5924,0.0,i + sqrt(Abs(i + sqrt(Abs(i)))) ; Abs(i + sqrt(Abs(B0 + i*r)))**(1/4),i + sqrt(Abs(i + sqrt(Abs(i)))) ; Abs(i + sqrt(Abs(i*r + 0.361367998047659)))**(1/4)
5925,0.0,2*i + s**2 ; sqrt(Abs(i)),2*i + s**2 ; sqrt(Abs(i))
5926,0.0,i + s ; sqrt(Abs(B0 - i + sqrt(Abs(i)))),i + s ; sqrt(Abs(-i + sqrt(Abs(i)) + 0.165227122406359))
5927,0.0,2*i ; sqrt(Abs(B0 + i - r)),2*i ; sqrt(Abs(i - r + 8.0525808042393))
5928,0.0,B0 + i - sqrt(Abs(s)) ; Abs(r)**(1/4),i - sqrt(Abs(s)) + 1.65261774517715 ; Abs(r)**(1/4)
5929,0.0,i + sqrt(Abs(i)) ; sqrt(Abs(B0 + B1*i**2*r + B2*i*r**2)),i + sqrt(Abs(i)) ; sqrt(Abs(0.00141510347230817*i**2*r + 0.0060570161406505*i*r**2 - 3.04806169022894))
5930,0.0,B0 + i ; sqrt(Abs(i)),i + 0.10143680250363 ; sqrt(Abs(i))
5931,0.0,sqrt(Abs(B0 - i + s)) ; sqrt(Abs(B1 + B2*i - i*r)),sqrt(Abs(i - s + 27.0725506735717)) ; sqrt(Abs(-i*r + 84.7213645390455*i + 1059.07169703722))
5932,0.0,i + s ; sqrt(Abs(B0 - Abs(i)**(1/4))),i + s ; sqrt(Abs(Abs(i)**(1/4) - 0.609957265369179))
5933,0.0,i + sqrt(Abs(s)) ; sqrt(Abs(i))*sqrt(Abs(r)),i + sqrt(Abs(s)) ; sqrt(Abs(i))*sqrt(Abs(r))
5934,0.0,2*i**2 + i*s + i + s ; (sqrt(Abs(i)) + sqrt(Abs(r)))**(1/4),2*i**2 + i*s + i + s ; (sqrt(Abs(i)) + sqrt(Abs(r)))**(1/4)
5935,0.0,B0*sqrt(Abs(i)) + i ; sqrt(Abs(B1 + B2*i + r)),i + 0.825689503528015*sqrt(Abs(i)) ; sqrt(Abs(0.538504782435725*i + r + 0.0416288180091286))
5936,0.0,B0*sqrt(Abs(s)) + i ; sqrt(Abs(r)),i + 0.14946052826733*sqrt(Abs(s)) ; sqrt(Abs(r))
5937,0.0,i**2 + i ; sqrt(Abs(B0 - r)),i**2 + i ; sqrt(Abs(r - 5.82373089775362))
5938,0.0,i**2*s + i ; sqrt(Abs(B0*r + B1)),i**2*s + i ; sqrt(Abs(0.144316465287814*r + 5.03260510139392))
5939,0.0,B0*Abs(i)**(1/4) + i ; sqrt(Abs(B1 + 2*i + sqrt(Abs(r)))),i + 2.80714182130297*Abs(i)**(1/4) ; sqrt(Abs(2*i + sqrt(Abs(r)) - 0.0314990996827204))
5940,0.0,B0*s - i*s + i ; sqrt(Abs(i)),-i*s + i + 0.841455916301604*s ; sqrt(Abs(i))
5941,0.0,i**2 + i*s + i ; sqrt(Abs(B0 - i + sqrt(Abs(i)))),i**2 + i*s + i ; sqrt(Abs(-i + sqrt(Abs(i)) + 38.6711612100423))
5942,0.0,B0 + i ; B1*Abs(i)**(1/8)*Abs(r)**(5/8),i + 0.141244377223233 ; 0.0537864626847679*Abs(i)**(1/8)*Abs(r)**(5/8)
5943,0.0,i**2 - i*s + i ; sqrt(Abs(r)),i**2 - i*s + i ; sqrt(Abs(r))
5944,0.0,B0*s + i*s + i ; sqrt(Abs(i)),i*s + i + 0.00596993901721189*s ; sqrt(Abs(i))
5945,0.0,B0*i - 2*i*s ; sqrt(Abs(i)),-2*i*s - 0.032141046920745*i ; sqrt(Abs(i))
5946,0.0,B0 + B2*sqrt(Abs(B1 - s)) + i ; sqrt(sqrt(Abs(i)) + Abs(r)**(3/2)),i - 14.0095083734851*sqrt(Abs(s - 47.6621756118354)) + 115.817687047709 ; sqrt(sqrt(Abs(i)) + Abs(r)**(3/2))
5947,0.0,B0*s + i + s**2 ; sqrt(Abs(i)),i + s**2 + 1.03820569724852*s ; sqrt(Abs(i))
5948,0.0,B0*s - i*s + i + s**2 ; sqrt(Abs(B1 + B2*r)),-i*s + i + s**2 + 2.73913875456059*s ; sqrt(Abs(0.164733287652336*r - 0.0212714547607212))
5949,0.0,i - s**2 + s*sqrt(Abs(i)) ; sqrt(Abs(B0 - r)),i - s**2 + s*sqrt(Abs(i)) ; sqrt(Abs(r - 301.679248691645))
5950,0.0,-i*s + i + Abs(i)**(3/2) ; Abs(i)**(1/4),-i*s + i + Abs(i)**(3/2) ; Abs(i)**(1/4)
5951,0.0,B0*i + i**2 ; sqrt(Abs(r)),i**2 + 11.1634618507275*i ; sqrt(Abs(r))
5952,0.0,-i*s + i + sqrt(2)*Abs(i)**(3/2) ; sqrt(Abs(r)),-i*s + i + sqrt(2)*Abs(i)**(3/2) ; sqrt(Abs(r))
5953,0.0,i - s**2 ; sqrt(Abs(r)),i - s**2 ; sqrt(Abs(r))
5954,0.0,-i*s + i ; sqrt(Abs(r)),-i*s + i ; sqrt(Abs(r))
5955,0.0,B0*i*s + i - s**2 ; sqrt(Abs(r)),0.791892577392003*i*s + i - s**2 ; sqrt(Abs(r))
5956,0.0,-2*i*s + i + s**2 ; sqrt(Abs(r)),-2*i*s + i + s**2 ; sqrt(Abs(r))
5957,0.0,i ; B0 + r**4,i ; r**4 - 0.00399069859572901
5958,0.0,i ; B0 + i*r**3 - i*r**2,i ; i*r**3 - i*r**2 - 0.00276857747994359
5959,0.0,i ; B0 + B1*i**2 + B1*r,i ; -0.184659629251506*i**2 - 0.184659629251506*r + 1.95793184968446
5960,0.0,i ; sqrt(Abs(i)),i ; sqrt(Abs(i))
5961,0.0,i ; B0*r - i*r,i ; -i*r + 1.61882511415015*r
5962,0.0,i ; B0*r**2 + i*r,i ; i*r + 0.0592666844685156*r**2
5963,0.0,i ; B0*r + r**2,i ; r**2 + 3.12483609541217*r
5964,0.0,i ; B0*r - r**2 + r*sqrt(Abs(B1 + i)),i ; -r**2 + r*sqrt(Abs(i + 1.28541738692802)) + 0.00140700760145081*r
5965,0.0,i ; -i**2 + i*sqrt(Abs(i - 3*r)),i ; -i**2 + i*sqrt(Abs(i - 3*r))
5966,0.0,i ; i*r,i ; i*r
5967,0.0,i ; -i*r + 2*r**2 + r*sqrt(Abs(i)),i ; -i*r + 2*r**2 + r*sqrt(Abs(i))
5968,0.0,i ; B0*r + B1*r**2 + i*r,i ; i*r + 2.01278352934149*r**2 + 0.0571536654179887*r
5969,0.0,i ; B0*i + B0*r,i ; 0.153819215491736*i + 0.153819215491736*r
5970,0.0,i ; -2*i*r + 4*r**2,i ; -2*i*r + 4*r**2
5971,0.0,i ; B0*r - r**2 + r*sqrt(Abs(i)),i ; -r**2 + r*sqrt(Abs(i)) + 0.575923054023287*r
5972,0.0,i ; B0*r - i*r - r**2,i ; -i*r - r**2 + 76.8586429177702*r
5973,0.0,i ; B0*r + i*r + r**2,i ; i*r + r**2 + 0.000591222517090585*r
5974,0.0,i ; B0*i + i**2 - i*r,i ; i**2 - i*r + 5.81993410395517*i
5975,0.0,i ; B0*r + i*r,i ; i*r + 8.15908129986299*r
5976,0.0,i ; B0*r + i*r - r**2,i ; i*r - r**2 + 1.58055248347435*r
5977,0.0,i ; B0*r - r**2,i ; -r**2 + 48.6265039518717*r
5978,0.0,i ; B0*i + i**2 - i*sqrt(Abs(r)),i ; i**2 - i*sqrt(Abs(r)) + 11.0934463728864*i
5979,0.0,i ; B0*r + i*r - r*sqrt(Abs(i)),i ; i*r - r*sqrt(Abs(i)) + 0.00332858106656434*r
5980,0.0,sqrt(Abs(s)) ; -r,sqrt(Abs(s)) ; -r
5981,0.0,B0*i + B1*i**3 - i*s - s ; B2 - 3*i,-0.50605142401085*i**3 - i*s - 0.188096156386736*i - s ; 0.987123139009088 - 3*i
5982,0.0,Abs(B0*s - s**2)**(1/4) ; B1*sqrt(Abs(r)) + i,Abs(s**2 + 73.8555316312839*s)**(1/4) ; i + 96.5279248779026*sqrt(Abs(r))
5983,0.0,i ; B0*sqrt(Abs(r)) + r,i ; r + 0.00569194092094744*sqrt(Abs(r))
5984,0.0,s*Abs(i)**(1/4) + s ; B0 - Abs(i)**(1/4),s*Abs(i)**(1/4) + s ; 16.7027567680066 - Abs(i)**(1/4)
5985,0.0,sqrt(Abs(i)) ; i + r,sqrt(Abs(i)) ; i + r
5986,0.0,i ; B0 - i - r,i ; -i - r + 0.404984749163613
5987,0.0,sqrt(Abs(i)) ; B0 - r + sqrt(Abs(r)),sqrt(Abs(i)) ; -r + sqrt(Abs(r)) + 65.3230973105601
5988,0.0,sqrt(Abs(s)) ; B0 + i - r,sqrt(Abs(s)) ; i - r + 0.041913359777384
5989,0.0,i ; B0 - i - sqrt(Abs(i)),i ; -i - sqrt(Abs(i)) + 0.624964432886132
5990,0.0,B0*sqrt(Abs(i + s)) + 2*i ; -i + r - Abs(r)**(1/4),2*i + 0.2141181800082*sqrt(Abs(i + s)) ; -i + r - Abs(r)**(1/4)
5991,0.0,B0 - 2*i - s ; -sqrt(Abs(i)),-2*i - s + 7.51460852913941 ; -sqrt(Abs(i))
5992,0.0,B0 + i - s ; B1 + sqrt(Abs(B2 + i)),i - s - 25.2248324064828 ; sqrt(Abs(i - 12.673614349037)) - 54.7550840670249
5993,0.0,B0 - 2*s ; i - 2*sqrt(Abs(r)),-2*s - 0.247786713987738 ; i - 2*sqrt(Abs(r))
5994,0.0,i - sqrt(Abs(i)) ; B0 - i,i - sqrt(Abs(i)) ; 0.0895265155464368 - i
5995,0.0,i*s - sqrt(Abs(B0 + i)) ; B1 + i - r,i*s - sqrt(Abs(i + 0.293940403161644)) ; i - r + 0.261377502566979
5996,0.0,B0 + i**2 + i - s ; B1 - 2*i,i**2 + i - s - 3.83901982356799 ; 0.518873332413991 - 2*i
5997,0.0,2*i - 2*s ; B0 - i - r + sqrt(2)*sqrt(Abs(r)),2*i - 2*s ; -i - r + sqrt(2)*sqrt(Abs(r)) + 6.82377258929599
5998,0.0,B0 - s ; B1 - i - 2*r,-s - 0.22276598253292 ; -i - 2*r + 0.224299292868765
5999,0.0,B0 - s ; B1*r + i*r - 2*i,-s - 0.22313718676186 ; i*r - 2*i + 0.124509041741385*r
6000,0.0,B0 + B1*i*s + i*s**2 ; B2 - r + sqrt(Abs(B3 + i)),i*s**2 + 4.11994578899139*i*s + 5.03099695248781 ; -r + sqrt(Abs(i + 4.24938178717469)) + 2.15671188679383
6001,0.0,B0 + i ; B1 + r,i - 0.93720337038699 ; r - 0.118306395923614
6002,0.0,B0 - sqrt(Abs(B1 - i**2)) ; -i + r,1637.1392203425 - sqrt(Abs(i**2 + 2782896.62760335)) ; -i + r
6003,0.0,B0*i - s ; B1 + 2*r,0.42642039974395*i - s ; 2*r - 0.193045000811778
6004,0.0,-i + sqrt(Abs(B0 + i)) ; r - sqrt(Abs(i)),-i + sqrt(Abs(i - 0.0238439523725139)) ; r - sqrt(Abs(i))
6005,0.0,B0 - i ; -i - sqrt(Abs(r)),0.0162080163510285 - i ; -i - sqrt(Abs(r))
6006,0.0,B0 + i ; -2*i,i + 2.11939274412505 ; -2*i
6007,0.0,i + sqrt(Abs(i)) ; B0 + 2*r,i + sqrt(Abs(i)) ; 2*r - 0.00500095684647468
6008,0.0,B0 - s ; B1 - i + r,0.820126905497937 - s ; -i + r + 0.00378599147206875
6009,0.0,i + s**2 - 2*s ; B0 - i + r,i + s**2 - 2*s ; -i + r + 26.3636530129016
6010,0.0,i - s - Abs(i)**(3/2) ; B0 + i,i - s - Abs(i)**(3/2) ; i + 5.48869361969269
6011,0.0,B0 + i*Abs(s)**(1/8) ; B1 - r**2 + r,i*Abs(s)**(1/8) - 0.167409496270948 ; -r**2 + r + 1.11242031529759e-5
6012,0.0,B0 - 2*i ; B1 + r - sqrt(Abs(r)),74.4253434693012 - 2*i ; r - sqrt(Abs(r)) + 0.511121343855796
6013,0.0,B0 + B1*i + i**2 ; B2 + r,i**2 - 2.11102174363474*i + 7.49681655468081 ; r + 3.60528202276168
6014,0.0,B0*i*s**2 - s ; B1 + r,0.000355180991440544*i*s**2 - s ; r + 219.718036465694
6015,0.0,B0*i + i**3 ; B1 - i + r,i**3 - 4.17640382765017*i ; -i + r + 3.1316402995226
6016,0.0,-i**2*s + s**2 - s ; B0 + r,-i**2*s + s**2 - s ; r + 0.00362427642865444
6017,0.0,B0 + B1*i + i*sqrt(Abs(B2 + B3*s)) ; B4 - i + r,i*sqrt(Abs(6.67039851581242e-7*s + 4.64146357532058e-5)) + 0.0706592663651746*i + 0.341259279116215 ; -i + r - 0.0411329936777995
6018,0.0,B0*i*s + B0*s**2 + B1*i**2*s - s ; B2 + r,0.000635354393432133*i**2*s - 0.00182132708699975*i*s - 0.00182132708699975*s**2 - s ; r + 0.00151989891834533
6019,0.0,B0 + B1*s + i**2*s + i*s ; B2 + i + r,i**2*s + i*s + 0.194912037451743*s - 0.285075926682714 ; i + r + 0.0472821490637201
6020,0.0,-i + s**2 + s*sqrt(Abs(B0 + s)) ; B1 + r,-i + s**2 + s*sqrt(Abs(s + 0.00596126692359618)) ; r + 0.000200371558750349
6021,0.0,-s ; B0 + r - sqrt(Abs(i)),-s ; r - sqrt(Abs(i)) + 8.77567951600563
6022,0.0,B0*i**3 - i**2*s - i ; B1 + r,-0.433778529444871*i**3 - i**2*s - i ; r + 0.587347461863219
6023,0.0,B0*s**2 + i*Abs(s)**(5/2) - i ; B1 + r,i*Abs(s)**(5/2) - i - 0.542585784254327*s**2 ; r + 0.618243378391618
6024,0.0,B0*s + i*s - s**2 ; B1 + i + r,i*s - s**2 + 2.39503748363298*s ; i + r + 12.2732109796324
6025,0.0,-i**2 + i*s**2 - s ; B0 + i + r,-i**2 + i*s**2 - s ; i + r + 0.000266226440681614
6026,0.0,-s ; B0 - i*r + r,-s ; -i*r + r + 0.685861637928274
6027,0.0,B0*i + i*s ; B1 + i + 2*r,i*s + 0.414864114792932*i ; i + 2*r + 0.295635464542391
6028,0.0,B0 - i**2*s + i**2 ; B1 + i + r,-i**2*s + i**2 + 1.5219307008661 ; i + r + 0.479860646565432
6029,0.0,B0 + Abs(i)**(5/2) ; B1 + r,Abs(i)**(5/2) + 0.0026481101521886 ; r + 0.000101625668699106
6030,0.0,-s + Abs(i)**(5/4) ; B0 + r,-s + Abs(i)**(5/4) ; r + 0.00039266219302724
6031,0.0,B0*i + i*s ; B1 - i + 2*r,i*s + 5.62101269265632*i ; -i + 2*r - 1.50438788693008
6032,0.0,B0 + B1*i - s ; B2 + i,-4.06029803723703*i - s - 54.537192749356 ; i + 6.50266833466458
6033,0.0,B0*i - i**2 ; B1 + i + r,-i**2 + 0.304540382002089*i ; i + r + 0.209567294992922
6034,0.0,B0*i*s - i*s**2 - i ; B1 + 2*r,-i*s**2 + 2.18966855588179*i*s - i ; 2*r - 0.172107020958424
6035,0.0,B0*i + i**2 + i*s - s ; B1 + 2*r,i**2 + i*s - 1.45574993151687*i - s ; 2*r + 5.80989256810751
6036,0.0,B0 + i*sqrt(Abs(B1 + i)) ; B2 + i + r - sqrt(Abs(i)),i*sqrt(Abs(i + 0.203552281200553)) + 2.43780097680586 ; i + r - sqrt(Abs(i)) + 0.841350939060591
6037,0.0,B0*i**2 - s ; B1 + r,-2.6814242170131e-5*i**2 - s ; r + 209.864084996836
6038,0.0,i**2 - s ; B0 + i + r,i**2 - s ; i + r + 0.195818812468169
6039,0.0,B0*i - i**2 + i*sqrt(Abs(s)) ; B1 + r,-i**2 + i*sqrt(Abs(s)) - 3.88927523664989*i ; r + 5.7566513778014
6040,0.0,B0 + B1*i*s + i**2*s ; B2 + r - sqrt(Abs(r)),i**2*s + 0.0229487516431582*i*s + 0.110366320426912 ; r - sqrt(Abs(r)) + 0.0015716808703222
6041,0.0,B0*i**3 - i ; B1 + r - sqrt(Abs(i)),0.113932725611161*i**3 - i ; r - sqrt(Abs(i)) + 0.483471721124308
6042,0.0,-i + Abs(i)**(5/4) ; B0 + r - sqrt(Abs(i)),-i + Abs(i)**(5/4) ; r - sqrt(Abs(i)) + 2.59569194538654
6043,0.0,B0*i - s ; B1 + 2*r - sqrt(Abs(i)),-0.0026851756662361*i - s ; 2*r - sqrt(Abs(i)) - 232.421347120715
6044,0.0,B0*i - s ; B1 + r,0.00268634008891182*i - s ; r + 204.847029327916
6045,0.0,B0*i - s ; B1 + i + r,0.0113468652129757*i - s ; i + r + 18.3582821966592
6046,0.0,B0 + B1*i - i**2 ; B2 + r - sqrt(Abs(i)),-i**2 - 0.84987317669316*i - 2.05923266493443 ; r - sqrt(Abs(i)) - 2.90997278633424
6047,0.0,B0*i - s ; B1 + 2*r - sqrt(Abs(r)),0.372083472614556*i - s ; 2*r - sqrt(Abs(r)) + 0.018187767332371
6048,0.0,2*i ; B0 + i*r,2*i ; i*r + 0.000187873102435599
6049,0.0,B0 + 3*i + s ; B1 - i,3*i + s + 37.1261044952811 ; 29.2342096680246 - i
6050,0.0,B0*s + i + s**2 ; B1 + B2*r - 2*i,i + s**2 + 3.52994514211995*s ; -2*i + 3.96708065376559*r - 6.20109208246539
6051,0.0,B0 + sqrt(Abs(i))*sqrt(Abs(s)) ; B1 - r + Abs(i)**(1/4),sqrt(Abs(i))*sqrt(Abs(s)) - 1.87651347635417 ; -r + Abs(i)**(1/4) + 59.7785744701285
6052,0.0,B0 + i + s ; -i + sqrt(Abs(r)),i + s + 0.128164498626935 ; -i + sqrt(Abs(r))
6053,0.0,i*sqrt(Abs(B0*i*s - i**2)) + s ; B1 + B2*sqrt(Abs(r)) + B3*r,i*sqrt(Abs(i**2 + 1.01945284434601*i*s)) + s ; -2.15902786367396*r + 0.374653709821051*sqrt(Abs(r)) + 4.07763231510886
6054,0.0,B0 - i + sqrt(Abs(B1 + i)) ; B2 - i**2,-i + sqrt(Abs(i + 66.2330217546825)) - 5.75319030949168 ; 5.55338554321033 - i**2
6055,0.0,B0 + Abs(i)**(3/2) ; -i + r,Abs(i)**(3/2) + 0.4455898908267 ; -i + r
6056,0.0,B0 + i ; B1 + B2*r - i*r,i - 18.9706264083178 ; -i*r - 1.12932305175799*r - 0.000512549805744596
6057,0.0,B0 + i ; B1 + sqrt(Abs(r)),i - 21.867805067464 ; sqrt(Abs(r)) - 25.7746061367543
6058,0.0,B0 + i*Abs(s)**(3/2) ; B1 + i,i*Abs(s)**(3/2) + 2.59342787626732 ; i + 2.45581212643198
6059,0.0,B0 + 3*i ; B1 + i,3*i - 21.6281399183511 ; i - 21.5649235872764
6060,0.0,sqrt(Abs(s)) + Abs(B0 - s)**(1/4) ; B1 + B2*r + i,sqrt(Abs(s)) + Abs(s + 46.0806891537302)**(1/4) ; i + 58.5977882331864*r + 12.4212152120302
6061,0.0,B0 + i ; i - Abs(i)**(3/4)*sqrt(Abs(r)),i + 0.205078249931271 ; i - Abs(i)**(3/4)*sqrt(Abs(r))
6062,0.0,B0 - i - s ; B1 + i + sqrt(Abs(r)),-i - s + 43.0828629705135 ; i + sqrt(Abs(r)) - 69.105220984584
6063,0.0,B0 + sqrt(Abs(i)) ; i**2 + i + r,sqrt(Abs(i)) - 0.0235072749768663 ; i**2 + i + r
6064,0.0,B0 + i - Abs(i)**(1/4) ; B1 + i,i - Abs(i)**(1/4) - 6.08787075431567 ; i - 6.51360487823859
6065,0.0,B0 + 2*i + sqrt(Abs(B1 + s)) ; B2*i*r + B3*i*r**2 + i,2*i + sqrt(Abs(s + 5.82224950014791)) - 0.14478343818964 ; 0.0940592883377785*i*r**2 - 0.00235802738836368*i*r + i
6066,0.0,B0 + i ; i - r,i + 0.134468427753392 ; i - r
6067,0.0,B0 + i ; i + r - sqrt(Abs(B1 + r)),i - 0.145120910028893 ; i + r - sqrt(Abs(r + 3.12217796385925))
6068,0.0,B0 + i ; B1 + i - r,i - 44.6152232576303 ; i - r - 115.81469029557
6069,0.0,B0 + i ; i + r - sqrt(Abs(i)),i + 1.3423104825454 ; i + r - sqrt(Abs(i))
6070,0.0,B0 + i ; i - sqrt(Abs(2*i - r)),i + 0.120833672399077 ; i - sqrt(Abs(2*i - r))
6071,0.0,B0 + i ; r*sqrt(Abs(B1 - 2*i + sqrt(Abs(i)))),i + 0.141445660906766 ; r*sqrt(Abs(-2*i + sqrt(Abs(i)) + 0.00349031283520585))
6072,0.0,i + sqrt(Abs(B0 + i)) ; B1*Abs(i)**(3/2)*sqrt(Abs(r)),i + sqrt(Abs(i + 0.0783412169615918)) ; 0.0414504632435623*Abs(i)**(3/2)*sqrt(Abs(r))
6073,0.0,B0 + i ; B1 + i + r,i - 2.43844676111852 ; i + r + 68.5123153696927
6074,0.0,B0 + i ; B1*r*sqrt(Abs(i)),i + 0.141185608666078 ; 0.116885259854984*r*sqrt(Abs(i))
6075,0.0,B0 + sqrt(Abs(s - sqrt(Abs(i)))) ; r,sqrt(Abs(s - sqrt(Abs(i)))) - 0.0712544385719335 ; r
6076,0.0,B0 + i**2 + i ; sqrt(Abs(B1 - r)),i**2 + i + 0.00013842977710814 ; sqrt(Abs(r - 17.1835424695272))
6077,0.0,B0 + i**2 ; B1 + sqrt(Abs(r)),i**2 + 0.0671869070779811 ; sqrt(Abs(r)) + 0.00262559740118301
6078,0.0,B0 + B1*s - i*s + s**2 ; sqrt(Abs(i)),-i*s + s**2 + 1.6955429072995*s + 0.194869518314851 ; sqrt(Abs(i))
6079,0.0,B0 + B1*i + i*s ; B2 + r + sqrt(Abs(r)),i*s - 0.675725090055645*i - 0.621219272902002 ; r + sqrt(Abs(r)) + 3.25437082887628e-9
6080,0.0,B0 + B1*s + i*s ; B2 + 2*r + sqrt(Abs(i + r)),i*s + 0.698705688191228*s - 2.40063273285035 ; 2*r + sqrt(Abs(i + r)) + 1.39686122338943
6081,0.0,B0 + B1*i - i*s ; i + r + sqrt(Abs(B2 + r)),-i*s - 5.10288031362945*i - 0.796177575106998 ; i + r + sqrt(Abs(r + 15.8215843879404))
6082,0.0,B0 + i*s - s**2 ; B1*i*sqrt(Abs(r)) + i,i*s - s**2 - 1.01916536140687 ; 21.4788445794973*i*sqrt(Abs(r)) + i
6083,0.0,B0 + B1*s + i*s - s**2 ; i,i*s - s**2 + 5.28868223157517*s - 7.92135812000779 ; i
6084,0.0,B0 + B1*i*s + i**2 ; i**2*r + i*r - i,i**2 - 0.625732051638133*i*s + 2.07053161875878 ; i**2*r + i*r - i
6085,0.0,B0 + B1*i + i**2 ; B2 - i + r,i**2 - 3.88618883638325*i + 23.4410340653433 ; -i + r + 14.7029755442959
6086,0.0,B0 + B1*s + i*s - s**2 ; B2 - 3*r,i*s - s**2 + 5.83360127493008*s - 7.91894238070031 ; 1.89295984564691 - 3*r
6087,0.0,B0 + B1*s + i*s ; B2 + i + r,i*s - 0.32157979416127*s + 0.124071784131663 ; i + r - 0.017925130706874
6088,0.0,B0 + B1*s + i*s ; B2 + r,i*s - 4.31942080168052*s + 12.7872321153268 ; r - 7.93837295317215
6089,0.0,B0 + B1*s + i*s ; B2 + sqrt(Abs(B3*i + Abs(i)**(3/2))),i*s + 2.51822386725554*s + 2.61864822468877 ; sqrt(Abs(0.172032543473153*i - Abs(i)**(3/2))) + 24.7131676943911
6090,0.0,B0 + i*s - s**2 ; B1 + 2*r,i*s - s**2 + 0.817402578385364 ; 2*r + 2.61039193200864
6091,0.0,B0 - i**2*s + i*s ; sqrt(Abs(r)) + sqrt(Abs(B1 + i + r)),-i**2*s + i*s + 0.889579692926693 ; sqrt(Abs(r)) + sqrt(Abs(i + r + 0.0618568598069082))
6092,0.0,B0 + B1*i + 2*i**2 ; B2*i + i**2*r + 2*r,2*i**2 - 2.62546201713825*i + 1.36108597794719 ; i**2*r + 0.00171941504847355*i + 2*r
6093,0.0,B0 + B1*s + i*s + s**2 ; B2 - i,i*s + s**2 + 0.881774130072234*s - 1.027862774457 ; 33.2186161032427 - i
6094,0.0,B0 + 2*i**2 - i*s ; B1 + i + r,2*i**2 - i*s + 0.833939846865729 ; i + r + 0.393942306099752
6095,0.0,B0 + 2*i*s - s**2 ; sqrt(Abs(i))*sqrt(Abs(r)),2*i*s - s**2 + 0.281722334876041 ; sqrt(Abs(i))*sqrt(Abs(r))
6096,0.0,B0 + i*s ; r + sqrt(Abs(i)),i*s - 0.0298559349534206 ; r + sqrt(Abs(i))
6097,0.0,B0 + B1*s + 2*i*s ; B2 + B4*sqrt(Abs(B3*i + i*r**2)),2*i*s - 0.360835652632012*s - 0.334431506383857 ; 7.16469836885841*sqrt(Abs(i*r**2 + 0.0212555007960557*i)) + 0.19959038976777
6098,0.0,B0 + B1*i + i**2 + i*s ; B2 + B3*i*r + sqrt(2)*r*Abs(i)**(3/2),i**2 + i*s + 0.127273434395102*i + 0.351252407910352 ; 0.218466033162646*i*r + sqrt(2)*r*Abs(i)**(3/2) + 0.0815032781987373
6099,0.0,B0 + 2*i*s - s**2 ; B1*i - i**2 + r + Abs(i)**(3/2),2*i*s - s**2 + 5.00592359313979 ; -i**2 - 1.62765058645603*i + r + Abs(i)**(3/2)
6100,0.0,B0 + 2*i*s - s**2 ; i - Abs(i)**(3/2),2*i*s - s**2 + 0.203910463744423 ; i - Abs(i)**(3/2)
6101,0.0,B0 + i**2 ; -i*r + i + r*sqrt(Abs(i - sqrt(Abs(i)))),i**2 + 0.655688628212724 ; -i*r + i + r*sqrt(Abs(i - sqrt(Abs(i))))
6102,0.0,B0 + i*s ; B1 + B2*i + B3*r,i*s + 9.3757084327914 ; 5.00561054200476*i + 2.22813044871001*r + 1.27381846455785
6103,0.0,B0 + i*s ; B1 + B2*i*sqrt(Abs(r)) + r,i*s - 1.76410089719573 ; 1.56177455246379*i*sqrt(Abs(r)) + r + 2.84198182678879
6104,0.0,B0 + i*s ; B1*i + i*sqrt(Abs(i + sqrt(Abs(i)))) + r,i*s - 0.869112145100472 ; i*sqrt(Abs(i + sqrt(Abs(i)))) + 1.33247519650678*i + r
6105,0.0,B0 + i*s ; -i*r + i*sqrt(Abs(B1 + i)) + r,i*s - 0.00312855700016395 ; -i*r + i*sqrt(Abs(i + 0.996874868636574)) + r
6106,0.0,B0 + i*s ; B1 + B2*sqrt(Abs(i)) + B3*r,i*s - 5.16953741201953 ; 0.0353257767461479*r - 1.6075791830295*sqrt(Abs(i)) - 4.80899867260591
6107,0.0,B0 + i*s ; B1 + B2*sqrt(Abs(i)) + r,i*s - 0.00556041613081041 ; r + 0.033989743560721*sqrt(Abs(i)) - 0.0020373267187442
6108,0.0,B0 + i*s ; B1*sqrt(Abs(i)) + B2*i + r,i*s - 2.63329619812675 ; 3.41285371164644*i + r - 0.112585192240234*sqrt(Abs(i))
6109,0.0,sqrt(Abs(i - s)) ; i,sqrt(Abs(i - s)) ; i
6110,0.0,B0 + i - sqrt(Abs(i)) ; i,i - sqrt(Abs(i)) + 1.85740419848357 ; i
6111,0.0,2*i ; i,2*i ; i
6112,0.0,B0 - i*s + 2*i + s**2 ; i,-i*s + 2*i + s**2 + 0.107692027428421 ; i
6113,0.0,i*Abs(s)**(3/2) + i ; i,i*Abs(s)**(3/2) + i ; i
6114,0.0,i + sqrt(2)*sqrt(Abs(i)) ; i,i + sqrt(2)*sqrt(Abs(i)) ; i
6115,0.0,B0 + i + sqrt(Abs(s)) ; i,i + sqrt(Abs(s)) + 0.033786470616334 ; i
6116,0.0,B0 - 2*i + s ; i,-2*i + s + 27.7347448426788 ; i
6117,0.0,B0 + 2*i - 2*s ; i,2*i - 2*s - 4.52409853383197 ; i
6118,0.0,B0 + i - s ; i,i - s + 0.313620928222909 ; i
6119,0.0,B0 + 2*i - s ; i,2*i - s - 0.0666009206845692 ; i
6120,0.0,B0 + 2*i ; i,2*i + 0.0604841268268114 ; i
6121,0.0,s*Abs(i)**(3/2) ; sqrt(Abs(i)),s*Abs(i)**(3/2) ; sqrt(Abs(i))
6122,0.0,i*sqrt(Abs(B0*i**2 + B1*i*s)) ; sqrt(Abs(i)),i*sqrt(Abs(0.0227709452567787*i**2 + 0.0278911468705567*i*s)) ; sqrt(Abs(i))
6123,0.0,B0*s*sqrt(Abs(i)) + 2*s*Abs(i)**(3/2) ; B1*i + B2*i**2 + r,2*s*Abs(i)**(3/2) + 0.946845686368926*s*sqrt(Abs(i)) ; 1.08004346514146*i**2 + 2.00789092926078*i + r
6124,0.0,s*Abs(i)**(3/2) ; B0 + B1*i**2 - i**3 + r,s*Abs(i)**(3/2) ; -i**3 - 0.663286413942839*i**2 + r + 0.69742370148829
6125,0.0,B0*Abs(i)**(3/2) + s*Abs(i)**(3/2) ; sqrt(Abs(B1 + i)),s*Abs(i)**(3/2) + 1.13207926357785*Abs(i)**(3/2) ; sqrt(Abs(i + 25.4881691798125))
6126,0.0,2*Abs(i)**(5/2) ; B0 + i + r,2*Abs(i)**(5/2) ; i + r + 1.65050696944691
6127,0.0,B0*Abs(i)**(3/2) + Abs(i)**(5/2) ; B1 + r*Abs(i)**(1/4),Abs(i)**(5/2) + 1.57454174716298*Abs(i)**(3/2) ; r*Abs(i)**(1/4) + 0.156730240818552
6128,0.0,B0*s*sqrt(Abs(i)) + s*Abs(i)**(3/2) ; B1 + B2*i + r,s*Abs(i)**(3/2) - 0.136999096410107*s*sqrt(Abs(i)) ; 2.10321721830465e-5*i + r + 0.000405468627330836
6129,0.0,B0*Abs(i)**(3/2) + Abs(i)**(5/2) ; B1 + i + r,Abs(i)**(5/2) - 2.51385355868781*Abs(i)**(3/2) ; i + r + 5.16818668530415
6130,0.0,B0*Abs(i)**(3/2) + Abs(i)**(5/2) ; B1 - i - r,Abs(i)**(5/2) - 0.682666902613392*Abs(i)**(3/2) ; -i - r - 2.95804791112368
6131,0.0,B0 + i ; -i*r + i + Abs(i)**(3/2),i + 11.506235842023 ; -i*r + i + Abs(i)**(3/2)
6132,0.0,i ; i + sqrt(Abs(B0 + r)),i ; i + sqrt(Abs(r + 1.77006079071496))
6133,0.0,i ; B0 + i + 4*r,i ; i + 4*r + 0.12531033052663
6134,0.0,i - sqrt(Abs(B0 + i*s)) ; i + sqrt(Abs(r)),i - sqrt(Abs(i*s + 179.276147859969)) ; i + sqrt(Abs(r))
6135,0.0,i**2*s + i*s - s ; 2*i,i**2*s + i*s - s ; 2*i
6136,0.0,i - s ; 2*i,i - s ; 2*i
6137,0.0,B0 - i - s + sqrt(Abs(B1 + sqrt(Abs(i)))) ; 2*i,-i - s + sqrt(sqrt(Abs(i)) + 0.12025368430587) + 0.0017519360001232 ; 2*i
6138,0.0,B0 + B1*s**2 - s**3 ; 2*i,-s**3 + 2.61095303066089*s**2 - 3.24553110577763 ; 2*i
6139,0.0,i**2*s - i + Abs(i)**(3/2) ; 2*i,i**2*s - i + Abs(i)**(3/2) ; 2*i
6140,0.0,B0 + B1*s - i*s + s**2 ; 2*i,-i*s + s**2 - 0.264914088920725*s + 3.25226050555601 ; 2*i
6141,0.0,B0*i + 2*i**2 + i*s - s ; 2*i,2*i**2 + i*s + 45.6432992235255*i - s ; 2*i
6142,0.0,B0 + B1*s + i*s - s**2 ; 2*i,i*s - s**2 + 4.94033880103888*s - 7.56597530886312 ; 2*i
6143,0.0,B0*i*s - s ; 2*i,0.00586635506205195*i*s - s ; 2*i
6144,0.0,-i*s - s**2 - s ; 2*i,-i*s - s**2 - s ; 2*i
6145,0.0,2*i**2 - i*sqrt(Abs(s)) - s ; 2*i,2*i**2 - i*sqrt(Abs(s)) - s ; 2*i
6146,0.0,B0*i**2 + i*s - s ; 2*i,-3.6910060985517*i**2 + i*s - s ; 2*i
6147,0.0,B0*i - s ; 2*i,0.130569315126176*i - s ; 2*i
6148,0.0,B0*i**2 - s ; 2*i,-0.016951565588683*i**2 - s ; 2*i
