rank,reward,equations,equations_with_constants
1,0.9509900498957796,B0*i*s ; B1 + B2*i,0.400006419889926*i*s ; 0.100006319607011*i - 3.12020513554929e-7
2,0.9509900498926307,B0*i*s ; B1*i,0.400013801106956*i*s ; 0.100009260714472*i
3,0.9509405608706561,B0*i*s ; B1*Abs(i)**(3/2),0.346612186191208*i*s ; 0.126666768041049*Abs(i)**(3/2)
4,0.9508891369329108,B0*i*s ; B1*i**2,0.330268704106545*i*s ; 0.183326863863851*i**2
5,0.9503017457226071,B0*i*s ; B1 + B2*r,0.259670273027669*i*s ; -2.46340600264317*r - 0.0552071833221845
6,0.9502980229053644,B0*i*s ; B1 - 2*r,0.259301937491859*i*s ; -2*r - 0.0460651818003133
7,0.9502843246493915,B0*i*s ; B1 - r,0.257532565905925*i*s ; -r - 0.0264389473247734
8,0.950258030580956,B0*i*s ; B1*i - r,0.75591330397829*i*s ; 1.85610216049837*i - r
9,0.9502090646088565,B0*i*s ; B1 - i*r,0.25843145946151*i*s ; -i*r - 0.00809652277910337
10,0.9500524443956863,B0*i*s ; B1 + sqrt(Abs(r)),0.237105335643951*i*s ; sqrt(Abs(r)) - 0.209693791545986
11,0.9498735551807014,B0*i*s ; i - r,0.551968504411188*i*s ; i - r
12,0.9493988587578416,B0*i*s ; B1*Abs(i)**(1/4),0.178759952977864*i*s ; -0.0339348106397102*Abs(i)**(1/4)
13,0.949169165303066,B0*i*s ; sqrt(Abs(B1 + i)),-0.00163855429176903*i*s ; sqrt(Abs(i - 10.4671158436749))
14,0.9490737203539789,B0*i*s ; B1 - sqrt(Abs(i)),0.00156731050625653*i*s ; -sqrt(Abs(i)) - 1.49724005409643
15,0.9490576197261547,B0*i*s ; B1 - sqrt(Abs(r)),0.00156500091764105*i*s ; -sqrt(Abs(r)) - 1.51856557888498
16,0.9485676821281691,B0*i*s ; B1 - i - r,0.0159859060008091*i*s ; -i - r - 0.43189456455234
17,0.9485463549382708,B0*i*s ; B1 - Abs(i)**(1/4),0.00641506874883081*i*s ; -Abs(i)**(1/4) - 0.00281800514388455
18,0.948444546097949,B0*i*s ; 3**(1/4)*Abs(i)**(1/4),-0.00470803314464261*i*s ; 3**(1/4)*Abs(i)**(1/4)
19,0.9483438117915939,B0*i*s ; B1*sqrt(Abs(i)),0.319272731238078*i*s ; 0.00177586789425347*sqrt(Abs(i))
20,0.9483425057665181,B0*i*s ; B1*i*r,0.313690617203161*i*s ; 0.00624826487855438*i*r
21,0.9483425057547693,B0*i*s ; B1*Abs(r)**(3/4),0.313693287588783*i*s ; 0.00151652846175745*Abs(r)**(3/4)
22,0.9483425056405382,B0*i*s ; r**2,0.313697327718018*i*s ; r**2
23,0.9483425056350755,B0*i*s ; r,0.313697454466418*i*s ; r
24,0.9483425056331983,B0*i*s ; i*r,0.313697497420085*i*s ; i*r
25,0.9483425056256248,B0*i*s ; sqrt(2)*Abs(r)**(3/2),0.313697667759365*i*s ; sqrt(2)*Abs(r)**(3/2)
26,0.9483425056155909,B0*i*s ; 2*r,0.313697886623244*i*s ; 2*r
27,0.9483425056090357,B0*i*s ; sqrt(Abs(r - sqrt(Abs(r)))),0.313698025739393*i*s ; sqrt(Abs(r - sqrt(Abs(r))))
28,0.9483425055939698,B0*i*s ; B1*Abs(r)**(1/4),0.313684333207558*i*s ; 9.63703706722603*Abs(r)**(1/4)
29,0.9483425055833499,B0*i*s ; Abs(r)**(1/4),0.313698545044993*i*s ; Abs(r)**(1/4)
30,0.9483425055108039,B0*i*s ; r*Abs(i)**(3/2),0.313682825991522*i*s ; r*Abs(i)**(3/2)
31,0.9483425053424933,B0*i*s ; r*sqrt(Abs(i)),0.313702274713292*i*s ; r*sqrt(Abs(i))
32,0.9483425048821041,B0*i*s ; B1*r,0.313707117103445*i*s ; 0.00157593521118538*r
33,0.9483425045182424,B0*i*s ; sqrt(Abs(r)),0.313710079186093*i*s ; sqrt(Abs(r))
34,0.9482626420945124,B0*i*s ; B1 + i*r,0.309789509671574*i*s ; i*r + 7.92114529495754e-10
35,0.9476153679892367,B0*i*s ; sqrt(Abs(B1 + sqrt(Abs(r)))),-0.00160633761980326*i*s ; sqrt(sqrt(Abs(r)) + 27.2443722253365)
36,0.9475871883397092,B0*i*s ; B1 + i + r,-0.00159432561302648*i*s ; i + r + 5.56134419458335
37,0.9465982697994456,B0*i*s ; sqrt(Abs(i - sqrt(Abs(r)))),-0.00264453167038135*i*s ; sqrt(Abs(i - sqrt(Abs(r))))
38,0.9464233763337886,B0*i*s ; B1 + Abs(r)**(1/4),0.00140751821083128*i*s ; Abs(r)**(1/4) - 8.50278683031225
39,0.9451980929263486,B0*i*s ; B1 + i**2,0.422862575502051*i*s ; i**2 + 0.00265148718545063
40,0.944479933227766,s*Abs(i)**(3/2) ; B0 + i - r,s*Abs(i)**(3/2) ; i - r - 0.0786262479109775
41,0.9435175296955063,B0*i*s ; sqrt(Abs(i)),-0.00401095645273478*i*s ; sqrt(Abs(i))
42,0.9430821303697123,B0*i*s ; B1 + sqrt(Abs(i)),0.00115496906327448*i*s ; sqrt(Abs(i)) - 13.3715675147474
43,0.9429700812161317,B0*i*s ; i**2,0.39140828125844*i*s ; i**2
44,0.9414569998807306,B0*i*s ; B1*Abs(i)**(5/4),0.364115695642494*i*s ; 0.109315422168025*Abs(i)**(5/4)
45,0.9411232753555154,B0*i*sqrt(Abs(s)) ; B1 + i**2,0.392035477174016*i*sqrt(Abs(s)) ; i**2 + 0.00207433989704639
46,0.9401895101542386,B0*i**2 ; B1 + B2*r,0.181628414818546*i**2 ; 0.163909688755786 - 0.130533498125587*r
47,0.9398274554460665,B0*i*s ; B1 - r - sqrt(Abs(r)),0.127041270169908*i*s ; -r - sqrt(Abs(r)) + 0.17687423004375
48,0.9396953398680346,B0*i*s ; sqrt(Abs(B1*r + B2)),-0.00162072206652963*i*s ; sqrt(Abs(1.10234432677462*r + 9.26116456565035))
49,0.9396426176154281,B0*i*s ; B1 + B2*sqrt(Abs(i)),-0.00164224595911276*i*s ; 0.814409358871004*sqrt(Abs(i)) + 2.0665963785676
50,0.9391574789957975,B0*i*s ; sqrt(Abs(B1 - i + r)),-0.00140877055357856*i*s ; sqrt(Abs(-i + r + 3.5211770936471))
51,0.9391574789768122,B0*i*s ; sqrt(Abs(B1 + i - r)),-0.00140872446991851*i*s ; sqrt(Abs(-i + r + 3.52154835321728))
52,0.9391511794858595,B0*i ; B1 + B2*r,-0.130421452049733*i ; 0.139355730319887 - 0.126290287679887*r
53,0.9390994205985326,B0*i*s ; B1 - i,0.000938945208507667*i*s ; -i - 0.0214631184554763
54,0.9388590806951288,B0*i*s ; B1*i*sqrt(Abs(r)),0.313689233983519*i*s ; 0.00853893888349521*i*sqrt(Abs(r))
55,0.93885908042428,B0*i*s ; Abs(i)**(1/4)*sqrt(Abs(r)),0.313700351204211*i*s ; Abs(i)**(1/4)*sqrt(Abs(r))
56,0.9388590799212376,B0*i*s ; B1*r*sqrt(Abs(i)),0.313706305110241*i*s ; 2.29133073332883*r*sqrt(Abs(i))
57,0.9387739514211453,B0*i*s ; B1 + r,0.000893812357186453*i*s ; r - 0.0748460458765863
58,0.9387476881819193,B0*i*s ; B1*r - i,0.000927723444545612*i*s ; -i + 0.128911477722658*r
59,0.9378907523958862,B0*i*s ; B1*i + r,0.000917854487557*i*s ; -0.312901876549532*i + r
60,0.9370718574609003,B0 + B1*sqrt(Abs(i)) ; B2 + B3*sqrt(Abs(r)),0.109251212160236 - 0.145203366521017*sqrt(Abs(i)) ; 2.04015627105941 - 3.02384739683097*sqrt(Abs(r))
61,0.936702542776571,B0 + B1*i ; B2*r + i,0.869528758594236*i + 0.00947924991658322 ; i + 0.0112746041191889*r
62,0.9366898394299721,B0*i*s ; B1 - i**2,-2.39065779406624*i*s ; 0.0498885842528811 - i**2
63,0.9363994347602997,B0*i*s ; Abs(i)**(5/8),-0.00228758615427754*i*s ; Abs(i)**(5/8)
64,0.9363296989945734,B0*Abs(s)**(3/4) ; B1 - r,0.0488052708718275*Abs(s)**(3/4) ; 0.0199742802149813 - r
65,0.9363296939682536,B0*Abs(s)**(3/4) ; 2*r,0.0488185953799503*Abs(s)**(3/4) ; 2*r
66,0.9362112542584278,B0 + B1*sqrt(Abs(i)) ; B2 + B3*r,0.107016053433926 - 0.143106054992024*sqrt(Abs(i)) ; 1.12331237983926 - 2.39687024007052*r
67,0.9358283585862999,B0*i*s ; B1 + 2*r,-0.000799062650375081*i*s ; 2*r + 0.00198235029091824
68,0.9355918844149166,B0*i ; B1 - sqrt(Abs(r)),-0.055152348034947*i ; 1.09401578474119 - sqrt(Abs(r))
69,0.9330431997767021,B0*i*s ; -i + sqrt(Abs(i)),-0.00072408026432681*i*s ; -i + sqrt(Abs(i))
70,0.9329483170808436,B0*i*s ; -i + r,0.000721467863486358*i*s ; -i + r
71,0.9325735449994487,B0 + B1*i ; B2*i + r,0.000394579547088842*i + 0.0410772090108756 ; 5.263872772439e-7*i + r
72,0.9325269063286871,B0 + B1*i ; B2 + r,0.000397973901267627*i + 0.0415961278273393 ; r + 5.54526633668098e-8
73,0.9323429326602136,B0*s ; B1*i,0.0477148596749473*s ; 55.3263008748531*i
74,0.9323429326600683,B0*s ; B1 + i,0.0477150879042359*s ; i + 56.9857578658089
75,0.9323429326444093,B0*s ; B1 - r,0.0477140185688165*s ; 0.000423596850753143 - r
76,0.9323429326091026,B0*s ; B1 + r,0.0477132761755512*s ; r + 0.0628132685107179
77,0.9323429325585318,B0*s ; B1 - i,0.0477173240643052*s ; 0.0426818025031913 - i
78,0.9323429324998838,B0*s ; B1*Abs(r)**(3/4),0.0477119839798458*s ; 0.267198594753625*Abs(r)**(3/4)
79,0.9323429319356612,B0*s ; B1*r,0.0477086403865811*s ; 0.0048536993862868*r
80,0.9323429271951023,B0*s ; Abs(r)**(7/4),0.0476976127891815*s ; Abs(r)**(7/4)
81,0.9323428911628665,B0*s ; 2*r,0.0476671713233048*s ; 2*r
82,0.9323428907549535,B0*s ; sqrt(Abs(r)),0.0476669370814392*s ; sqrt(Abs(r))
83,0.9323428896971964,B0*s ; 0,0.0476663349298266*s ; 0
84,0.9323428868886617,B0*s ; i**2,2.71891978871117*s ; i**2
85,0.9323428857845177,B0*s ; r,0.0476641695948599*s ; r
86,0.9323428853845905,B0*s ; -r**2,0.0476639534501878*s ; -r**2
87,0.9323428847042924,B0*s ; Abs(r)**(3/4),0.0476635878667689*s ; Abs(r)**(3/4)
88,0.9323428846549769,B0*s ; i + r,0.0476635614664164*s ; i + r
89,0.9323428846549769,B0*s ; i,0.0476635614664164*s ; i
90,0.9323428846549769,B0*s ; sqrt(Abs(i)),0.0476635614664164*s ; sqrt(Abs(i))
91,0.9323428846549769,B0*s ; Abs(r)**(1/4),0.0476635614664164*s ; Abs(r)**(1/4)
92,0.9323428846549769,B0*s ; i*r,0.0476635614664164*s ; i*r
93,0.9323428846549769,B0*s ; r**2,0.0476635614664164*s ; r**2
94,0.9323428846549769,B0*s ; -i + r,0.0476635614664164*s ; -i + r
95,0.9323428846549769,B0*s ; 2*i,0.0476635614664164*s ; 2*i
96,0.9323428846549769,B0*s ; Abs(i)**(1/4),0.0476635614664164*s ; Abs(i)**(1/4)
97,0.9323428846549769,B0*s ; -sqrt(Abs(i)),0.0476635614664164*s ; -sqrt(Abs(i))
98,0.9323428846549769,B0*s ; Abs(r)**(3/2),0.0476635614664164*s ; Abs(r)**(3/2)
99,0.9323428846549769,B0*s ; -i,0.0476635614664164*s ; -i
100,0.932065347899827,B0*i*s ; B1*i + B2*r,0.400013950610327*i*s ; 0.100009491099441*i - 3.58186528506815e-7*r
101,0.9319688445547782,B0*i*s ; B1 + B2*i**2,0.335710637128243*i*s ; 0.193064768293498*i**2 + 0.000352876021943571
102,0.9319163390957609,B0 + B1*i*s ; B2*r + i,0.788702328320884*i*s - 0.000849120659130524 ; i - 0.376243504251457*r
103,0.931895747354077,B0*i*s ; B1 + B2*r + i,0.760903826156159*i*s ; i - 0.399582376396676*r + 0.000909464202178607
104,0.9318715060568709,B0*i*Abs(s)**(3/2) ; B1*i + B2*r,0.297997056213184*i*Abs(s)**(3/2) ; -0.0653825561514706*i - 0.104447633025616*r
105,0.9318540040621863,B0*i*s ; B1*i**2 - r,0.349621568321102*i*s ; 1.0092130142402*i**2 - r
106,0.9317552323836599,B0*i*Abs(s)**(3/2) ; B1 + B2*r**2,0.377194803461981*i*Abs(s)**(3/2) ; 0.00259403203339078 - 8.31600393228974*r**2
107,0.9317482949858233,B0*i*Abs(s)**(3/2) ; B1 + B2*r,0.376070474280906*i*Abs(s)**(3/2) ; 0.00311489742020426 - 0.176854764308722*r
108,0.9317048580186178,B0*i*s ; B1 + B2*i - r,0.701667580104383*i*s ; 1.85891343329989*i - r - 0.00981658089409179
109,0.9315497875435851,B0*i*s**2 ; B1*i,0.24896441793176*i*s**2 ; -0.142167398777337*i
110,0.9315476685873486,B0 + B1*i*s ; B2 + sqrt(Abs(r)),0.276875655723785*i*s - 0.0139779507727686 ; sqrt(Abs(r)) - 0.279570759655878
111,0.9315113769825556,B0 + B1*i ; B2 - sqrt(Abs(r)),0.0466081759715967 - 0.000452599841524279*i ; 0.189927475706979 - sqrt(Abs(r))
112,0.9315011702274423,B0*i*s**2 ; -i + sqrt(Abs(i))*sqrt(Abs(r)),0.150601544807175*i*s**2 ; -i + sqrt(Abs(i))*sqrt(Abs(r))
113,0.9314456420866576,B0*i*Abs(s)**(3/2) ; r,0.343538407738009*i*Abs(s)**(3/2) ; r
114,0.9313971458301479,B0 + B1*i ; B2 + sqrt(Abs(r)),0.000450042330050625*i + 0.0467732381422207 ; sqrt(Abs(r)) - 0.18992747370265
115,0.9313064954017543,B0*i*s ; B1 + B2*i*r,0.253054989593946*i*s ; -0.675154788318613*i*r - 0.00817197324426892
116,0.9311894772720701,B0*i*s ; B1*i - i*r,0.170489989935599*i*s ; -i*r - 0.295875844124733*i
117,0.9311507066272784,B0 + B1*i*s ; r,0.256765525156105*i*s + 0.00512976483873637 ; r
118,0.9311507066197086,B0 + B1*i*s ; B2*r,0.256771703377717*i*s + 0.00512908782318113 ; 24.26145766668*r
119,0.93115070658897,B0 + B1*i*s ; B2*sqrt(Abs(r)),0.256758826742868*i*s + 0.00513055531635236 ; 0.0654526082877616*sqrt(Abs(r))
120,0.9311235606183613,B0*i*s ; B1 - i - 2*r,0.134143003380802*i*s ; -i - 2*r - 0.0710472007571034
121,0.9308566473673142,B0*i*s**2 ; B1 + B2*sqrt(Abs(i)),0.189590453546429*i*s**2 ; 0.0182036893131386 - 0.143453532094294*sqrt(Abs(i))
122,0.9308508737148984,B0*s*Abs(i)**(3/2) ; B1 + B2*sqrt(Abs(i)),0.585553959591373*s*Abs(i)**(3/2) ; 0.158226101819227*sqrt(Abs(i)) - 0.0554726016419936
123,0.9308272370566849,B0 + B1*i*s ; B2 - i*r + r,0.22897739680029*i*s + 0.00796974685396538 ; -i*r + r + 9.51602246674656e-8
124,0.9305675278857838,B0*i*s ; B1*i - i**2,0.64770578676383*i*s ; -i**2 + 0.412278601780854*i
125,0.9305584684017868,B0*i*s ; B1 + B2*i + r,-0.528556812624366*i*s ; 2.81347464983102*i + r + 0.0566381638603072
126,0.9304534448561192,B0*i + i**2 ; i + r - Abs(r)**(3/2),i**2 - 0.824165564986331*i ; i + r - Abs(r)**(3/2)
127,0.930345492020676,B0*i*s ; B1 + B2*r - i,0.00161801878337451*i*s ; -i - 0.914720018353019*r - 3.50344346870382
128,0.9303307112667011,B0 + B1*i*s ; B2 - sqrt(Abs(i)),0.00157128738581802*i*s + 0.00402693160197277 ; -sqrt(Abs(i)) - 1.3323636795981
129,0.9302911743442529,B0 + B1*i*s ; B2 - Abs(r)**(1/4),0.248184744835855*i*s + 0.015393889125278 ; 0.480102427395969 - Abs(r)**(1/4)
130,0.9302856405110916,B0*i*s ; B1 + 2*i + r,-0.299884801935029*i*s ; 2*i + r + 0.0670549336280877
131,0.9302709598835759,B0*i*s ; B1 - r + Abs(r)**(1/4),0.20923940057848*i*s ; -r + Abs(r)**(1/4) - 0.532864349744784
132,0.9302421002088747,B0*i**2*s ; B1 + B2*i,0.33375810667981*i**2*s ; 0.186768307568982*i - 0.0762031629406441
133,0.9301883646079824,B0*i*s**2 ; B1 + B2*i,0.00856110437144196*i*s**2 ; -0.198119095954416*i - 0.486842456616861
134,0.9301260443021127,B0*i*s ; Abs(B1 + B2*r)**(1/4),-0.00163220510384436*i*s ; Abs(60.289005120788*r + 3.0318168976664)**(1/4)
135,0.9300340993010331,B0*i*s ; B1*i - 2*r,0.426162671451502*i*s ; 0.830628302973522*i - 2*r
136,0.9299200310607035,B0*s*sqrt(Abs(i)) ; r,0.122418723062395*s*sqrt(Abs(i)) ; r
137,0.9299140387797654,B0*i**2*s ; B1 + B2*i + r,1.59642267991064e-5*i**2*s ; 1.07910513050482*i + r + 11.0653061966826
138,0.9298802321846337,B0*s*Abs(i)**(3/2) ; B1 + i**2,0.953322479496681*s*Abs(i)**(3/2) ; i**2 - 0.00483926583209442
139,0.9298452169652707,B0*i**2*s ; B1 + B2*i - r,1.58826141604572e-5*i**2*s ; -0.933560161826664*i - r + 10.7687950232648
140,0.92972598338848,B0*i*s ; B1*sqrt(Abs(r)) - i,0.000932013473942666*i*s ; -i - 0.0932038096220434*sqrt(Abs(r))
141,0.9296779932854058,B0*i**2*s ; B1 + i - r,0.745661073920618*i**2*s ; i - r - 0.306707243167083
142,0.9296337790395508,B0 + B1*i*s ; sqrt(2)*sqrt(Abs(i)),-0.00163409146244106*i*s + 0.012302880083866 ; sqrt(2)*sqrt(Abs(i))
143,0.9295906803670996,B0*i**2*s ; B1*sqrt(Abs(r)) + i,0.973468077246691*i**2*s ; i + 0.481036937637857*sqrt(Abs(r))
144,0.9295879517222845,B0*i*s ; B1 + i*r - r,0.31176094145848*i*s ; i*r - r - 0.000638211363032664
145,0.9295146388885857,B0 + B1*i*s ; B2 + i + r,-0.0167217720633637*i*s - 0.00271758873620032 ; i + r + 0.50013859543148
146,0.9294704898973065,B0*i*s ; B1*Abs(i)**(1/4)*Abs(r)**(3/4),0.313689995287105*i*s ; 14.3124277300689*Abs(i)**(1/4)*Abs(r)**(3/4)
147,0.9294704898446362,B0*i*s ; B1*r*Abs(i)**(1/4),0.31369544470061*i*s ; 0.0207221668254533*r*Abs(i)**(1/4)
148,0.9294704898271606,B0*i*s ; B1*r + Abs(r)**(3/2),0.313696014771279*i*s ; 8.57964046282402*r + Abs(r)**(3/2)
149,0.9294704897698736,B0*i*s ; Abs(i)**(1/4)*Abs(r)**(1/4),0.313697525835427*i*s ; Abs(i)**(1/4)*Abs(r)**(1/4)
150,0.9294704891293007,B0*i*s ; B1*sqrt(Abs(i))*sqrt(Abs(r)),0.31370623526031*i*s ; 0.00634292819686594*sqrt(Abs(i))*sqrt(Abs(r))
151,0.929419965234091,B0*i*s ; B1*i + i*r,0.310786763220288*i*s ; i*r + 4.35580732224329e-9*i
152,0.929410398372574,B0*i**3 ; B1 + B2*i + r,0.000432824739076476*i**3 ; 1.15342640140548*i + r - 1.13281785438457
153,0.9293989929915959,B0*i*s**2 ; sqrt(Abs(B1 + i)),-0.00544805644515189*i*s**2 ; sqrt(Abs(i - 0.0153980132995438))
154,0.9293374367234156,B0*i*s ; sqrt(Abs(B1 + i*r)),-0.000893408722999207*i*s ; sqrt(Abs(i*r - 0.0256151428326075))
155,0.9292345472107234,B0 + B1*i ; sqrt(Abs(B2 + r)),0.000470245357862036*i + 0.0487794202817094 ; sqrt(Abs(r - 11.0180620408668))
156,0.9291231334346324,B0*i ; B1*i,2.20680829741475*i ; 2.25130547068795*i
157,0.9287241408710297,-i*s**3 ; B0 + B1*i + r,-i*s**3 ; 1.83296193267317*i + r - 0.00448142126875768
158,0.9286397353250534,B0*i ; 2*i,1.95945318376324*i ; 2*i
159,0.9284322808508546,B0*i*s ; Abs(B1 + i)**(1/8),-0.00152088320216549*i*s ; Abs(i - 1552552.77995469)**(1/8)
160,0.928398104654229,B0*i*sqrt(Abs(s)) ; B1*sqrt(Abs(r)) + i,1.04930596259337*i*sqrt(Abs(s)) ; i - 0.0196109707574872*sqrt(Abs(r))
161,0.92832807989494,B0*i**2 ; B1*i + B2*r,3.92278521733514*i**2 ; 2.77332296708696*i - 0.0824366942930896*r
162,0.9281999330036482,B0 + B1*i*s ; B2 + Abs(r)**(1/4),0.00161190604035552*i*s - 0.0098628238315738 ; Abs(r)**(1/4) - 8.45220446629084
163,0.9281635056470992,B0*i - i*s ; B1*i + B1*sqrt(Abs(r)),-i*s + 0.136533176754028*i ; 0.138691254817958*i + 0.138691254817958*sqrt(Abs(r))
164,0.9272745764329553,B0*i ; B1 + B2*sqrt(Abs(r)),-0.116487949703044*i ; 0.244045620333474 - 0.230564671860447*sqrt(Abs(r))
165,0.9272106842111963,i*s ; B0*i,i*s ; 0.699077025894308*i
166,0.9271329950207635,B0*i*s**2 ; B1*Abs(r)**(5/2),0.3666237987625*i*s**2 ; 87.542821687245*Abs(r)**(5/2)
167,0.9271329950207297,B0*i*s**2 ; B1*r,0.366624052519862*i*s**2 ; 0.000548597352294468*r
168,0.9271329950207133,B0*i*s**2 ; B1*Abs(i)**(1/4)*Abs(r)**(3/4),0.366624085780184*i*s**2 ; 2.67864467280641*Abs(i)**(1/4)*Abs(r)**(3/4)
169,0.9271329950199946,B0*i*s**2 ; B1*sqrt(Abs(r)),0.366623079534614*i*s**2 ; 80.5505395081913*sqrt(Abs(r))
170,0.9271329934614746,B0*i*s**2 ; r,0.366659397535281*i*s**2 ; r
171,0.927132993062908,B0*i*s**2 ; sqrt(Abs(r - sqrt(Abs(r)))),0.366584066642451*i*s**2 ; sqrt(Abs(r - sqrt(Abs(r))))
172,0.9271329880846465,B0*i*s**2 ; sqrt(Abs(r)),0.36654895288266*i*s**2 ; sqrt(Abs(r))
173,0.9269694566892158,B0 + B1*sqrt(Abs(i)) ; B2 + B3*i - r,0.110851220939456 - 0.240766547767941*sqrt(Abs(i)) ; 1.55270060229497*i - r + 0.48619315929512
174,0.9267094138822245,B0 + B1*Abs(i)**(3/2) ; B2 - sqrt(Abs(r)),0.0649326756327069 - 0.21587153759046*Abs(i)**(3/2) ; 0.703225180236365 - sqrt(Abs(r))
175,0.9266468277181357,B0*i*s ; B1 + i,-1.42690393435291*i*s ; i + 0.085742086124608
176,0.9266275926026695,B0 + B1*i ; B2 + sqrt(Abs(i)) - sqrt(Abs(r)),0.0109995048393127 - 0.0321294700969624*i ; sqrt(Abs(i)) - sqrt(Abs(r)) + 0.251147996439479
177,0.9265144624163183,B0*i*sqrt(Abs(s)) ; B1*r + i,1.15096301514961*i*sqrt(Abs(s)) ; i - 0.0179455124341439*r
178,0.9261876742772318,B0 + B1*i ; B2 + B3*r + i,0.813565824728484*i - 0.0319502831945592 ; i + 0.0203666147415759*r - 0.0569704247084745
179,0.9261712507867172,B0*i + B1*s ; B2 + B3*r + i,0.741942460085892*i - 0.030960236143001*s ; i + 0.061453044239248*r - 0.0594047286678497
180,0.9257029762621563,B0*i + B1*s ; B2 + B3*i - r,-0.0192600322966903*i - 0.0154815985946478*s ; -0.835116367714918*i - r + 0.92291734167676
181,0.9256719952172546,B0*i*s ; B1*i + i**2,0.268360556003533*i*s ; i**2 - 0.19913209433864*i
182,0.9253544094966606,B0 + B1*i ; B2*Abs(i)**(1/4),0.000459518063885423*i + 0.0462704158752242 ; 1.20720925699612*Abs(i)**(1/4)
183,0.9251714355836073,B0*i + B1*s ; B2 + 2*i,5.01122480436892*i + 4.11939232551097*s ; 2*i + 0.0437567592082399
184,0.925035036281264,B0 + B1*i ; B2 + sqrt(Abs(i)),0.000431979275350712*i + 0.0460576942247383 ; sqrt(Abs(i)) - 0.0750688602508355
185,0.9248445566989786,B0 + B1*i ; B2 + Abs(i)**(1/4),0.000460416120370094*i + 0.0461197576291526 ; Abs(i)**(1/4) + 0.34526550104978
186,0.9248004114109959,i*s ; B0 + i,i*s ; i - 0.0112921028603361
187,0.9247659061676842,B0*i + i**2 ; B1 + B2*i,i**2 - 3.00398917859467*i ; 0.021588554812283 - 0.194481343688731*i
188,0.9247605967072866,B0 + B1*i ; B2 - Abs(r)**(1/4),0.046046096895473 - 0.000459853998820323*i ; -Abs(r)**(1/4) - 0.285731406136317
189,0.9247409402966251,B0 + B1*i ; B2 - Abs(i)**(1/4),0.0461349585906408 - 0.00046064745304549*i ; -Abs(i)**(1/4) - 0.268681571502324
190,0.9246785739665827,B0*i ; B1 + B2*r + i,0.0173775609011645*i ; i + 0.83110597522271*r - 0.774114755708827
191,0.924653295074048,B0 + B1*i ; -sqrt(3)*sqrt(Abs(i)) + sqrt(Abs(r)),0.0476526741391928 - 0.000451423336336331*i ; -sqrt(3)*sqrt(Abs(i)) + sqrt(Abs(r))
192,0.9242187278576043,B0 + B1*i*s ; B2 - i,0.000919302632319009*i*s + 0.015784431465684 ; 0.00892296221880611 - i
193,0.9241837674530377,B0 + B1*i ; Abs(B2 + r)**(1/4),0.000460197315731666*i + 0.0456706464216122 ; Abs(r + 6.80715858293271)**(1/4)
194,0.9239929994516728,B0*s + i*s ; B1 + B2*sqrt(Abs(r)),i*s + 2.15176650528196*s ; 0.0381422072956239*sqrt(Abs(r)) + 0.0172224445385469
195,0.9239695506572512,B0 + B1*i ; B2 - sqrt(Abs(i)),0.045672157646088 - 0.000420582848484992*i ; 0.180750236344499 - sqrt(Abs(i))
196,0.9238442751472502,B0 + B1*i ; B2 + i + r,0.000475517630652283*i + 0.0476625676278345 ; i + r + 2.01016032805559
197,0.9237936947018415,B0*i ; B1 - r**2 + r,-0.102396991077414*i ; -r**2 + r + 0.00145562962500244
198,0.9237431824056604,B0*i*s ; B1 + i*r + r,-0.106204213051838*i*s ; i*r + r + 0.00131867604218461
199,0.9237305214140171,B0*i*s ; i + sqrt(Abs(i - r)),-0.0357450813448788*i*s ; i + sqrt(Abs(i - r))
200,0.923563982516533,B0 + B1*sqrt(Abs(i)) ; B2 + Abs(B3 + r)**(1/4),0.0947027880012679 - 0.128985630130344*sqrt(Abs(i)) ; Abs(r - 0.479854323651122)**(1/4) - 0.411402674179575
201,0.9233628757182849,i*sqrt(Abs(B0 + i)) ; B1*i + i*r,i*sqrt(Abs(i + 0.14191108961448)) ; i*r + 0.219773741951522*i
202,0.9232904383880443,B0 + B1*i ; B2 - r,-0.0529153711871395*i - 0.0431157453406995 ; 1.93922279289392 - r
203,0.9231560206253214,B0 + B1*i ; B2 + i - r,-0.109466915710963*i - 0.153699253842884 ; i - r + 3.92791594889559
204,0.9230195033337791,B0*s ; sqrt(Abs(B1 - i)),0.0477149539313247*s ; sqrt(Abs(i - 26.2507864427317))
205,0.9230195033332143,B0*s ; sqrt(Abs(B1 + r)),0.047715133497308*s ; sqrt(Abs(r + 0.000119540326575031))
206,0.9230195033298971,B0*s ; sqrt(Abs(B1 + i)),2.7188863119384*s ; sqrt(Abs(i + 0.000213456890567624))
207,0.9230195033249675,B0*s ; B1 - sqrt(Abs(i)),0.0477156562218529*s ; 2.3027922802676 - sqrt(Abs(i))
208,0.9230195033121575,B0*s ; B1 + sqrt(Abs(r)),0.0477138598256004*s ; sqrt(Abs(r)) + 47.0592033064552
209,0.9230195033073797,B0*s ; B1 - sqrt(Abs(r)),0.0477161678088157*s ; 61.1951515124357 - sqrt(Abs(r))
210,0.9230195032858874,B0*s ; sqrt(Abs(B1 - r)),2.71888554046238*s ; sqrt(Abs(r - 0.0010287861522972))
211,0.9230195032611845,B0*s ; B1 - sqrt(2)*sqrt(Abs(r)),0.0477169653380749*s ; -sqrt(2)*sqrt(Abs(r)) + 0.439442695021936
212,0.9230195031914509,B0*s ; B1*sqrt(Abs(i)),0.0477177693991101*s ; 0.00341215516472894*sqrt(Abs(i))
213,0.9230195018700342,B0*s ; B1 + sqrt(Abs(i)),0.0477239779568386*s ; sqrt(Abs(i)) + 2.16625023957257
214,0.9230195001109732,B0*s ; B1*sqrt(Abs(r)),0.0477015707254779*s ; 0.000138387875149784*sqrt(Abs(r))
215,0.9230194622350805,B0*s ; r*sqrt(Abs(i)),0.0476671619293011*s ; r*sqrt(Abs(i))
216,0.9230194622308402,B0*s ; Abs(r)**(5/4),0.0476671594642413*s ; Abs(r)**(5/4)
217,0.9230194608775376,B0*s ; i + sqrt(Abs(i)),0.0476663791313945*s ; i + sqrt(Abs(i))
218,0.9230194607993694,B0*s ; -i + sqrt(Abs(r)),0.0476663344412334*s ; -i + sqrt(Abs(r))
219,0.9230194606006025,B0*s ; -i + sqrt(Abs(i)),0.0476662209875944*s ; -i + sqrt(Abs(i))
220,0.9230194601248893,B0*s ; sqrt(Abs(i + r)),2.71891900922324*s ; sqrt(Abs(i + r))
221,0.9230194580170867,B0*s ; i + sqrt(Abs(r)),0.0476647696877256*s ; i + sqrt(Abs(r))
222,0.9230194579762357,B0*s ; r + sqrt(Abs(i)),2.71891980463966*s ; r + sqrt(Abs(i))
223,0.9230194558084271,B0*s ; -r + sqrt(Abs(i)),0.0476635614664164*s ; -r + sqrt(Abs(i))
224,0.9230194558084271,B0*s ; i*sqrt(Abs(r)),0.0476635614664164*s ; i*sqrt(Abs(r))
225,0.9230194558084271,B0*s ; sqrt(Abs(i - r)),0.0476635614664164*s ; sqrt(Abs(i - r))
226,0.9227655290335456,B0 + B1*i ; B2 - sqrt(Abs(B3 - i)),0.0434898295684932 - 0.000426624954252075*i ; 0.182409032768135 - sqrt(Abs(i - 1.2206040789564))
227,0.9225608941046324,B0*i*Abs(s)**(5/4) ; sqrt(Abs(r - sqrt(Abs(r)))),0.329792998551351*i*Abs(s)**(5/4) ; sqrt(Abs(r - sqrt(Abs(r))))
228,0.9225506659301269,B0 + B1*sqrt(Abs(i)) ; B2 + r,0.0436387008740792 - 0.00419635532782994*sqrt(Abs(i)) ; r + 2.70696056737707e-8
229,0.9224461294401013,B0*i ; B1 + B2*Abs(r)**(3/2),-0.14197463592743*i ; 0.107547539978098 - 0.0949416211434405*Abs(r)**(3/2)
230,0.9222656845446355,B0*i*s ; B1 + B2*sqrt(Abs(i)) - r,0.172335067850372*i*s ; -r - 0.386456926685504*sqrt(Abs(i)) + 0.0432297242072698
231,0.9222464616553607,B0 + B1*s ; -i + r,2.75144539657995*s - 64.0213495875373 ; -i + r
232,0.9220770863962235,B0*i*s ; B1 - r - sqrt(Abs(B2 + r)),0.259380847669798*i*s ; -r - sqrt(Abs(r + 0.135412576061464)) + 0.312477190994498
233,0.9220274902583917,B0 + B1*s - i ; B2*i,-i - 0.0252140265902002*s + 0.00349314959167183 ; -0.782426103966331*i
234,0.9219443457447715,B0*sqrt(Abs(s)) ; sqrt(Abs(r)),0.0339964514779757*sqrt(Abs(s)) ; sqrt(Abs(r))
235,0.9219436335713468,B0*sqrt(Abs(s)) ; B1*r,0.0339964543366129*sqrt(Abs(s)) ; 0.703025424452485*r
236,0.9219432594683924,B0*sqrt(Abs(s)) ; 2*i,0.0339964500042294*sqrt(Abs(s)) ; 2*i
237,0.9219425664396397,B0*sqrt(Abs(s)) ; i + sqrt(Abs(i)),0.0339964482273617*sqrt(Abs(s)) ; i + sqrt(Abs(i))
238,0.9219423685933477,B0*sqrt(Abs(s)) ; i*sqrt(Abs(r)),0.0334136424046942*sqrt(Abs(s)) ; i*sqrt(Abs(r))
239,0.9219420642890485,B0*sqrt(Abs(s)) ; sqrt(Abs(B1 - r)),0.0334136422933158*sqrt(Abs(s)) ; sqrt(Abs(r - 0.000189485709968486))
240,0.9219420428931463,B0*sqrt(Abs(s)) ; i,0.0339964461855666*sqrt(Abs(s)) ; i
241,0.9219420117146507,B0*sqrt(Abs(s)) ; i + r,0.0334136422703873*sqrt(Abs(s)) ; i + r
242,0.9219409363433191,B0*sqrt(Abs(s)) ; B1*sqrt(Abs(i)),0.0334136414268546*sqrt(Abs(s)) ; 0.105455308084415*sqrt(Abs(i))
243,0.92194092126735,B0*sqrt(Abs(s)) ; sqrt(Abs(B1 + i)),0.0334136414079891*sqrt(Abs(s)) ; sqrt(Abs(i + 0.0520368159965952))
244,0.9219405180230986,B0*sqrt(Abs(s)) ; B1 + r,0.033413640795786*sqrt(Abs(s)) ; r + 0.0829938590076224
245,0.9219396090221409,B0*sqrt(Abs(s)) ; B1 + i,0.033413638310049*sqrt(Abs(s)) ; i + 0.000925161975705691
246,0.921936788750628,B0*sqrt(Abs(s)) ; B1 - sqrt(Abs(i)),0.03398359363202*sqrt(Abs(s)) ; 2.62350291105979 - sqrt(Abs(i))
247,0.9219367401499148,B0*sqrt(Abs(s)) ; Abs(r)**(1/4),0.0339835855193303*sqrt(Abs(s)) ; Abs(r)**(1/4)
248,0.9219366697772915,B0*sqrt(Abs(s)) ; B1 + sqrt(Abs(i)),0.033983580940252*sqrt(Abs(s)) ; sqrt(Abs(i)) + 0.0367390630878944
249,0.9219366663008685,B0*sqrt(Abs(s)) ; B1 + sqrt(Abs(r)),0.0339836012881868*sqrt(Abs(s)) ; sqrt(Abs(r)) + 0.0064342263867422
250,0.921936097367326,B0*sqrt(Abs(s)) ; -i + r,0.0339837127286126*sqrt(Abs(s)) ; -i + r
251,0.9219360033454206,B0*sqrt(Abs(s)) ; r,0.0339837471544419*sqrt(Abs(s)) ; r
252,0.921935844905418,B0*sqrt(Abs(s)) ; B1*i,0.033983822562423*sqrt(Abs(s)) ; 2.56254805258452*i
253,0.9219335262553334,B0*sqrt(Abs(s)) ; r + sqrt(Abs(i)),0.0339798837187951*sqrt(Abs(s)) ; r + sqrt(Abs(i))
254,0.9219318904165376,B0*sqrt(Abs(s)) ; B1 + sqrt(2)*sqrt(Abs(r)),0.0334047682501756*sqrt(Abs(s)) ; sqrt(2)*sqrt(Abs(r)) + 0.30051599614781
255,0.9219313154972626,B0*sqrt(Abs(s)) ; sqrt(Abs(i)),0.0339346523075031*sqrt(Abs(s)) ; sqrt(Abs(i))
256,0.9219217991579755,B0*sqrt(Abs(s)) ; r**2,0.0334611985401093*sqrt(Abs(s)) ; r**2
257,0.9219183358237398,B0*sqrt(Abs(s)) ; sqrt(Abs(B1 + r)),0.03335290149217*sqrt(Abs(s)) ; sqrt(Abs(r + 0.183068001945328))
258,0.9218952093024537,B0*sqrt(Abs(s)) ; i*r,0.0335919017378114*sqrt(Abs(s)) ; i*r
259,0.9218891349631297,B0*sqrt(Abs(s)) ; r*sqrt(Abs(i)),0.0337679307670376*sqrt(Abs(s)) ; r*sqrt(Abs(i))
260,0.9218871992497438,B0*sqrt(Abs(s)) ; i**2,0.0335888600086794*sqrt(Abs(s)) ; i**2
261,0.9218492288113836,B0*Abs(i)**(3/2)*sqrt(Abs(s)) ; B1 + B2*i,1.30767999966626*Abs(i)**(3/2)*sqrt(Abs(s)) ; 0.474845112238526*i - 0.021734329101286
262,0.9218436598397347,B0 + B1*sqrt(Abs(i)) ; B2 + sqrt(Abs(B3 + r)),0.0446085080420375 - 0.00441848836440008*sqrt(Abs(i)) ; sqrt(Abs(r - 0.0984081481885003)) - 0.142588111544404
263,0.9218358207717554,B0*sqrt(Abs(s)) ; Abs(i)**(3/2),0.0345370570282817*sqrt(Abs(s)) ; Abs(i)**(3/2)
264,0.921716179567717,B0*s*sqrt(Abs(i)) ; r + Abs(i)**(1/4),0.00691214519680722*s*sqrt(Abs(i)) ; r + Abs(i)**(1/4)
265,0.9216939136592471,B0*i*s ; B1 + i - r*sqrt(Abs(i)),0.736685157628679*i*s ; i - r*sqrt(Abs(i)) - 0.00954026118183861
266,0.9216624351937122,B0*i*s ; B1 - 2*r - sqrt(Abs(i)),0.137799136371033*i*s ; -2*r - sqrt(Abs(i)) + 0.128205239012228
267,0.9213615803159172,B0 + B1*i ; sqrt(Abs(B2 + B3*r)),0.000447052121899408*i + 0.0454139600355234 ; sqrt(Abs(0.692695161564988*r - 3.82196929640258))
268,0.9212293759214468,i**2 ; B0 - r + sqrt(Abs(r)),i**2 ; -r + sqrt(Abs(r)) - 0.177575813735806
269,0.9211677160994359,B0*i*s ; B1 - 2*r + sqrt(Abs(r)),0.242938475719779*i*s ; -2*r + sqrt(Abs(r)) - 0.345607996010352
270,0.9210190856848888,B0*i*s ; B1 - sqrt(Abs(B2 + i - r)),0.00162611932962566*i*s ; 4.98485522997846 - sqrt(Abs(i - r + 68.1193343329338))
271,0.9206208386522454,B0*s*sqrt(Abs(i)) ; B1*Abs(r)**(3/2) + r,0.122466037306994*s*sqrt(Abs(i)) ; r + 5.09447528958731*Abs(r)**(3/2)
272,0.9205642663824255,B0*s*sqrt(Abs(i)) ; B1 - r + sqrt(Abs(B2 + i)),0.196011450037989*s*sqrt(Abs(i)) ; -r + sqrt(Abs(i + 19.8098452918758)) - 4.38247693592397
273,0.9205332824096956,B0 + B1*i ; B2 + B3*sqrt(Abs(i)),0.000437589629120204*i + 0.0441423702956095 ; 0.706902811879596*sqrt(Abs(i)) + 0.000575379303178453
274,0.9204268386578119,B0*i*s**2 ; -i - r + Abs(i)**(3/2),0.218998118588205*i*s**2 ; -i - r + Abs(i)**(3/2)
275,0.9203912016466119,s - Abs(s)**(5/4) ; sqrt(2)*sqrt(Abs(r)),s - Abs(s)**(5/4) ; sqrt(2)*sqrt(Abs(r))
276,0.9203912016466119,s - Abs(s)**(5/4) ; sqrt(Abs(i*r + r)),s - Abs(s)**(5/4) ; sqrt(Abs(i*r + r))
277,0.9203912016466119,s - Abs(s)**(5/4) ; sqrt(Abs(B0 + r)),s - Abs(s)**(5/4) ; sqrt(Abs(r + 82.3046130452533))
278,0.9203912016466119,s - Abs(s)**(5/4) ; sqrt(Abs(B0 + i)),s - Abs(s)**(5/4) ; sqrt(Abs(i + 0.00277743618720434))
279,0.9203912016466119,s - Abs(s)**(5/4) ; sqrt(Abs(B0 + 2*i)),s - Abs(s)**(5/4) ; sqrt(Abs(2*i + 0.000799499700548509))
280,0.9202617838282446,B0*i*s ; B1 + B2*sqrt(Abs(r)) - i,0.00148744850873167*i*s ; -i + 8.87564970182917*sqrt(Abs(r)) - 22.9354514134677
281,0.9202487382498898,B0*s + i*s ; B1 + B2*i,i*s + 2.15358655878093*s ; 0.0471852536750776 - 0.0247387350405573*i
282,0.9202303107464487,B0*i*s ; B1 + B2*sqrt(Abs(i)) - i,0.00148607412016246*i*s ; -i + 8.87633789977728*sqrt(Abs(i)) - 23.0646375171816
283,0.9201989747542065,B0*i*s ; B1 - sqrt(Abs(i))*sqrt(Abs(r)),0.000940157824685338*i*s ; -sqrt(Abs(i))*sqrt(Abs(r)) - 0.0335494582133594
284,0.9201757850029932,B0*i*s ; B1*sqrt(Abs(i))*Abs(r)**(3/2),0.313691999318271*i*s ; 3.37781244665718*sqrt(Abs(i))*Abs(r)**(3/2)
285,0.9201757849834186,B0*i*s ; sqrt(Abs(B1*r - r**2)),0.313693806505753*i*s ; sqrt(Abs(r**2 - 15.7762061673928*r))
286,0.9201757848903477,B0*i*s ; B1*Abs(i)**(3/2)*sqrt(Abs(r)),0.313685583154599*i*s ; 0.000443932844142816*Abs(i)**(3/2)*sqrt(Abs(r))
287,0.9199527980576476,B0*s*sqrt(Abs(i)) ; B1 + B2*sqrt(Abs(i)) + r,0.0141042860073264*s*sqrt(Abs(i)) ; r - 3.13850348765858*sqrt(Abs(i)) + 3.29485205161042
288,0.9198496556370662,B0*i*s ; B1 + i + 2*r,0.000878720485733862*i*s ; i + 2*r - 0.113055241961249
289,0.9197551493188402,B0*i*s ; B1 - i*r + i,1.24381428280172*i*s ; -i*r + i + 0.00117335952913
290,0.9196042799047303,B1*s*sqrt(Abs(B0 + s)) ; B2*r,0.168548948720226*s*sqrt(Abs(s - 0.940155050326628)) ; 59.5880662472655*r
291,0.9195597717363587,B0*i*s ; B1*i + 2*r,-0.00088379161896546*i*s ; 0.71272032182043*i + 2*r
292,0.919356639656575,B1*s*sqrt(Abs(B0 + s)) ; r,0.163705242432989*s*sqrt(Abs(s - 0.948326563758726)) ; r
293,0.9193116070690868,B0 + B1*i*s ; B2 - i + r,0.000738158909458159*i*s + 0.0106441028999694 ; -i + r + 0.0199704428135082
294,0.9191690275337874,B0*i*s**2 ; B1 + B2*i + r,0.00151682326963742*i*s**2 ; 0.973037654619107*i + r - 6.21411080586109
295,0.9191617344549589,B0*i + B1*s ; B2 - sqrt(Abs(B3 + r)),0.0127263341712904*i + 2.74729310772857*s ; -sqrt(Abs(r - 7.827733923386e-9)) - 0.333223049333898
296,0.9191166010058242,B0 + B1*i ; sqrt(Abs(B2*i + r)),0.000442719962434081*i + 0.0448231172325502 ; sqrt(Abs(0.629533998249065*i + r))
297,0.9190601304466125,B0*sqrt(Abs(i)) + B1*i ; B2 + sqrt(Abs(B3 - i)),0.0023948008016038*i + 0.0241432021443054*sqrt(Abs(i)) ; sqrt(Abs(i - 0.0181498641002902)) - 0.0579064010380702
298,0.9189111755690121,B0 + B2*sqrt(Abs(B1 - s)) ; i*sqrt(Abs(r)),0.109882717060333 - 0.144624714212069*sqrt(Abs(s - 0.548474079812577)) ; i*sqrt(Abs(r))
299,0.9188013637310447,B0 + B1*i ; B2*i + B2*r,0.000443429288747997*i + 0.0447353699794579 ; 4.90551116194184*i + 4.90551116194184*r
300,0.9187641437861856,B0*i**2*s ; B1*i + B2*r,8.0138696415156*i**2*s ; 2.86840275977294*i - 0.00686941927681305*r
301,0.9187533876926139,B0 + B1*sqrt(Abs(i)) ; B2 - sqrt(2)*sqrt(Abs(r)),0.116511164366524*sqrt(Abs(i)) - 0.0899309569595885 ; -sqrt(2)*sqrt(Abs(r)) + 1.85160475766361
302,0.918744468230172,B0*i**2*s ; B1*i,8.18383249398992*i**2*s ; 2.87214719711257*i
303,0.9186717253295937,B0*sqrt(Abs(i)) + B1*i ; B2*sqrt(Abs(i)),0.00225190536141097*i + 0.0226532959671291*sqrt(Abs(i)) ; 0.865199125173158*sqrt(Abs(i))
304,0.9186335115919632,B0 + B1*i ; B2*i + B3*r,0.582472533943554*i + 0.01328097073761 ; 0.716817572039828*i + 0.0169475167878614*r
305,0.9185364562391808,B0 + B1*sqrt(Abs(i + s)) ; B2 + i,0.100599420631734 - 0.12349019923709*sqrt(Abs(i + s)) ; i + 0.613618167359116
306,0.9185039322863149,B0 + B1*i ; B2 + B3*r,-0.00334656760335521*i - 0.00762786230546429 ; 51.1876336400727 - 4.25993539758377*r
307,0.9184760466272496,B0*i + B1*s ; B2 + B3*i,0.608474573637456*i + 0.0136245543126774*s ; 0.716834892657981*i + 0.000213228403359022
308,0.918467032460614,B0*i + B1*s ; B2*i,0.606988471095234*i + 0.0136214568329934*s ; 0.716831951576836*i
309,0.9183849530252475,B0*i ; B1 + B2*i*r,0.276648344329742*i ; 1.60900404011728*i*r + 0.00181888173257392
310,0.9183620477969879,B0*i ; B1 - 2*r,-0.0471549233498311*i ; 2.29608317769674 - 2*r
311,0.918324181561858,B0 + B2*sqrt(Abs(B1 + s)) ; r,0.107372903948171 - 0.140568197209826*sqrt(Abs(s - 0.561439237457023)) ; r
312,0.9180230976806735,B0*i + B1*s ; B2*r + i,0.889806053497053*i + 0.00936022097516593*s ; i + 0.000482503404035093*r
313,0.9179853000719573,B0*i*Abs(s)**(3/2) ; B1 + i**2,0.438461071438513*i*Abs(s)**(3/2) ; i**2 + 0.00264271850138706
314,0.9179443211648887,B0*i + B1*s ; B2*sqrt(Abs(r)) + i,0.888022591140019*i + 0.00959453249367346*s ; i + 0.000200960115679232*sqrt(Abs(r))
315,0.9179315009933058,B0*i + B1*s ; B2 + i,0.886795270056984*i + 0.00973699883575289*s ; i + 9.2608896539335e-5
316,0.9179277089586503,B0*i + B1*s ; i,0.885802767517785*i + 0.00973704004194112*s ; i
317,0.917861665068411,B0*i*s**2 ; B1*Abs(i)**(1/4)*sqrt(Abs(r)),0.366622545585745*i*s**2 ; 3.08495242814826*Abs(i)**(1/4)*sqrt(Abs(r))
318,0.9178616634602285,B0*i*s**2 ; -r*sqrt(Abs(i)) + Abs(r)**(3/2),0.366660156169725*i*s**2 ; -r*sqrt(Abs(i)) + Abs(r)**(3/2)
319,0.917800183945005,B0*i**2 ; B1 - r,0.0239721320095243*i**2 ; 1.59632451983606 - r
320,0.9177212506809334,B0*sqrt(Abs(i)) ; B1*sqrt(Abs(i)),0.231616762798829*sqrt(Abs(i)) ; 0.236270128289974*sqrt(Abs(i))
321,0.9176591877182282,B1*sqrt(Abs(B0 + i)) ; i*sqrt(Abs(B2*r + B3)),0.121951154545937*sqrt(Abs(i - 0.00713786078861217)) ; i*sqrt(Abs(0.740479973121805*r - 0.0789089173497884))
322,0.9176046625136699,B0*i*s ; -i + r - sqrt(Abs(r)),0.000627494731828608*i*s ; -i + r - sqrt(Abs(r))
323,0.9175450915689738,B0 + B1*i ; B2*sqrt(Abs(i)),0.0466541277659607 - 0.0296910375132528*i ; -0.00951628822967191*sqrt(Abs(i))
324,0.9175027471588252,B0 + B1*i ; B2 - r*sqrt(Abs(B3 - r)),-0.124193383046566*i - 0.0340762809497566 ; -r*sqrt(Abs(r - 1.13396553736192)) + 0.512184484987838
325,0.9173967482275468,B0 + B1*sqrt(Abs(i)) ; B2 + sqrt(Abs(r)),0.049551205168041 - 0.00454270330267969*sqrt(Abs(i)) ; sqrt(Abs(r)) - 0.189927483714493
326,0.917336604814692,B0 + B1*i ; B2 + B3*i,0.00849558128131651*i + 0.0462733695533437 ; 0.0341716306527307*i + 0.226637291542425
327,0.9173224194762144,B0 + B1*i ; B2*i,0.0471167631292881 - 0.0329467590482781*i ; -0.00731656944349917*i
328,0.9170597306796097,B0*sqrt(Abs(i)) + B1*i ; B2 + B3*i,0.00220611514773419*i + 0.0222243313326922*sqrt(Abs(i)) ; 0.644238339548786 - 0.147059026019936*i
329,0.9169743460072199,B0*i + B1*s ; B2 - r + sqrt(Abs(r)),-0.0838727628486338*i - 0.00828556228645258*s ; -r + sqrt(Abs(r)) - 2.92928855761119e-10
330,0.9169146277964287,B0*i**2*s ; B1*i + r,8.01319983342725e-6*i**2*s ; -0.601825008902038*i + r
331,0.9167657651296138,B0*i + B1*s ; B2 - Abs(r)**(1/4),-0.129195624752666*i - 0.0498541190180177*s ; 1.01699918726111 - Abs(r)**(1/4)
332,0.9167522017297939,B0*i*s ; B1 + i - sqrt(Abs(r)),0.239945542217904*i*s ; i - sqrt(Abs(r)) + 0.138386794478913
333,0.9167427004684437,B0 + B1*i ; -r + sqrt(Abs(B2 + i)),-0.0397189826369391*i - 0.0142219255303967 ; -r + sqrt(Abs(i - 1.68374470390749))
334,0.9167214537018123,B0 + B1*i*sqrt(Abs(s)) ; B2 + i + r,0.0119175369484135*i*sqrt(Abs(s)) + 0.00372917781524862 ; i + r - 0.649456766134582
335,0.9162784502301714,B0 + B1*i ; B2*i - r + sqrt(Abs(r)),-0.0323268478453909*i - 0.00787713779682705 ; -0.433436672041285*i - r + sqrt(Abs(r))
336,0.9162624482524281,B0*i ; B1 + i,0.988045568867617*i ; i + 0.000178772107825379
337,0.915743232819382,B0 + B1*i ; sqrt(Abs(i)),0.000444756872198405*i + 0.0489382470255301 ; sqrt(Abs(i))
338,0.9157120492120583,B0*i + B1*s ; B2 - r**2 + sqrt(Abs(r)),-0.106318497411299*i + 0.0218432983835344*s ; -r**2 + sqrt(Abs(r)) - 0.18223279559308
339,0.9156999514111612,B0*i ; B1 + B2*i + B2*r,-0.156510936154492*i ; -0.0959025973803447*i - 0.0959025973803447*r + 0.0890492861726314
340,0.9155516676301979,B0*sqrt(Abs(i)) + B1*i ; B2 + B3*i*sqrt(Abs(r)),0.00207923053975659*i + 0.0209550652109002*sqrt(Abs(i)) ; -0.0188293743247207*i*sqrt(Abs(r)) + 1.19721498090997
341,0.915467655511139,B0*i**2*s ; B1*i + 2*r,8.71116248214665e-6*i**2*s ; -0.00534520362785194*i + 2*r
342,0.915178569779372,B0 + B1*sqrt(Abs(i)) ; B2 + sqrt(Abs(B3 + i)),0.0522184933604916 - 0.0973471166628198*sqrt(Abs(i)) ; sqrt(Abs(i + 7.69499508229668)) - 2.72317381674066
343,0.9151147773005048,B0 + B1*i + B1*s ; B2 + B3*sqrt(Abs(i)),0.0939468408801061*i + 0.0939468408801061*s - 0.116136926079593 ; 0.349259199701328*sqrt(Abs(i)) - 0.373997760524399
344,0.9149891957597004,B0*i ; i,0.976510982940024*i ; i
345,0.9149433769294253,B0 + B1*i ; 2*i + r,0.0405760977573063*i + 0.0462611626973347 ; 2*i + r
346,0.9149070768490932,B0 + B1*i ; B2 + B3*i + r,0.000409654060331672*i + 0.042246187848491 ; 0.649389105807625*i + r - 0.0818567076431786
347,0.9148900747491236,B0*i + B0*s ; B1 + B2*i,0.0455824734237253*i + 0.0455824734237253*s ; 0.114958545904386*i - 0.0158034713899163
348,0.9148249988383541,B0 + B1*s*sqrt(Abs(i)) ; B2 + 2*r,0.00930237610744899*s*sqrt(Abs(i)) + 0.0151374662938357 ; 2*r - 2.0504064255929e-5
349,0.9147403866737602,B0 + B1*sqrt(Abs(i)) ; B2*i + B3*r,0.0442114056205048 - 0.00431953141078497*sqrt(Abs(i)) ; 0.0103543707770564*i + 0.423965795502186*r
350,0.9147326020489552,B0 + i**2 ; B1 + B2*r + i,i**2 - 0.0452132797239556 ; i + 0.052155463864598*r - 0.258609356162154
351,0.9144861468999277,B0 + B1*s ; B2 + sqrt(Abs(i)),0.0432585320666653*s + 0.00626648851988487 ; sqrt(Abs(i)) + 0.00494520811642099
352,0.9144861468206579,B0 + B1*s ; B2*r**2,0.0432560956717949*s + 0.00626548293687778 ; 3.43378011998632*r**2
353,0.9144861467983781,B0 + B1*s ; B2 - i,2.72183170797214*s + 0.394271617240056 ; 0.00280374581373548 - i
354,0.9144861467882549,B0 + B1*s ; B2 + B3*r,0.0432546170885422*s + 0.00627136707192371 ; 39.521836091152*r + 0.19905708821883
355,0.9144861467875618,B0 + B1*i ; B2*i*r,0.049520464869932 - 0.0432530458037472*i ; 5.86624802575135*i*r
356,0.9144861465029832,B0 + B1*i ; B2*Abs(r)**(3/2),0.0495241940939097 - 0.0432513278395251*i ; 95.1006798355421*Abs(r)**(3/2)
357,0.9144861464807836,B0 + B1*s ; B2 + r,0.0432524439522771*s + 0.00627324324536323 ; r + 2.33315133212443
358,0.9144861464358222,B0 + B1*s ; B2 + sqrt(Abs(r)),0.0432500689708864*s + 0.00627248327546233 ; sqrt(Abs(r)) + 0.118431434620589
359,0.9144861463187162,B0 + B1*s ; B2*i*r,0.0432529614202011*s + 0.00626483254129635 ; 70.7053605096758*i*r
360,0.9144861463058583,B0 + B1*s ; B2 + i**2,0.0432519937129434*s + 0.00627403790724707 ; i**2 + 0.0340726427518089
361,0.9144861462758507,B0 + B1*s ; B2 + i + r,0.0432501191427359*s + 0.00626747858833734 ; i + r + 0.016785098270401
362,0.9144861461256798,B0 + B1*s ; B2 + i,0.0432638718936396*s + 0.00626484336214469 ; i + 21.6221954482498
363,0.9144861459602222,B0 + B1*s ; B2*r,0.0432552085643324*s + 0.00627464190938316 ; 0.000677191785537317*r
364,0.9144861455130684,B0 + B1*s ; B2 + i*r,2.72182833845164*s + 0.394335082456913 ; i*r + 18.8583816863614
365,0.9144861455045319,B0 + B1*i ; B2*r,0.0495258125361952 - 0.0432650515844366*i ; 40.2026109160829*r
366,0.9144861454093273,B0 + B1*s ; B2 - sqrt(Abs(r)),0.043264760212036*s + 0.00626877526676721 ; 0.303050575627222 - sqrt(Abs(r))
367,0.9144861453404276,B0 + B1*s ; B2 + B3*i,0.043251855562714*s + 0.00627714432946132 ; 51.6260614616703*i + 0.000220339099323261
368,0.9144861452745471,B0 + B1*s ; B2*i,0.0432554054782955*s + 0.00627635500487952 ; 5.91116752627576*i
369,0.9144861452469447,B0 + B1*s ; sqrt(Abs(B2 + i)),0.0432490661935829*s + 0.00627743042274655 ; sqrt(Abs(i + 0.0025431991956245))
370,0.9144861446176735,B0 + B1*s ; B2*sqrt(Abs(i)),0.04325290614537*s + 0.00627856016071082 ; 0.219165714547551*sqrt(Abs(i))
371,0.9144861444047683,B0 + B1*s ; B2 + 2*r,0.043260165732289*s + 0.00625705440939341 ; 2*r + 0.00124907066210558
372,0.9144861437491695,B0 + B1*s ; B2*i**2,0.0432687200932181*s + 0.00625674894031314 ; 11.1187306312726*i**2
373,0.9144861436819044,B0 + B1*i ; B2*sqrt(Abs(r)),3.1171284098839 - 2.72183890783072*i ; 0.00151049636910811*sqrt(Abs(r))
374,0.9144861435736404,B0 + B1*s ; sqrt(Abs(B2 + r)),0.0432495139092189*s + 0.00628113041301165 ; sqrt(Abs(r + 1.73642370899933))
375,0.9144861434117129,B0 + B1*s ; B2 + 2*i,0.0432561441652813*s + 0.00627957846886175 ; 2*i + 0.0007499915095304
376,0.9144861424986288,B0 + B1*s ; B2*sqrt(Abs(r)),0.0432532361988887*s + 0.00625652524034873 ; 0.0318674161011802*sqrt(Abs(r))
377,0.9144861424088251,B0 + B1*s ; B2 + sqrt(2)*sqrt(Abs(r)),0.0432729381475731*s + 0.00626561747658732 ; sqrt(2)*sqrt(Abs(r)) + 0.457644769771342
378,0.9144861420334546,B0 + B1*s ; B2 - r,0.0432476340128633*s + 0.00625945227618717 ; 9.91364086675088 - r
379,0.9144861415191138,B0 + B1*s ; B2 - Abs(r)**(3/2),0.0432663927258243*s + 0.00625164943982914 ; 0.0250014971518022 - Abs(r)**(3/2)
380,0.9144861402018415,B0 + B1*s ; B2*r + i,0.0432762207307184*s + 0.00626595278141255 ; i + 13.6522712197993*r
381,0.9144861211556776,B0 + B1*s ; B2 - sqrt(Abs(i)),0.0432985584585499*s + 0.00624528875018246 ; 3.02349273304974 - sqrt(Abs(i))
382,0.9144859875947654,B0 + B1*s ; sqrt(Abs(i))*sqrt(Abs(r)),2.72176329511485*s + 0.390539351115135 ; sqrt(Abs(i))*sqrt(Abs(r))
383,0.9144859791061557,B0 + B1*i ; sqrt(Abs(r)),0.0494604760355899 - 0.0431459501647589*i ; sqrt(Abs(r))
384,0.91448597898318,B0 + B1*s ; r + sqrt(Abs(r)),0.0431459099358175*s + 0.00631454281341064 ; r + sqrt(Abs(r))
385,0.9144859789293935,B0 + B1*s ; i*sqrt(Abs(r)),0.0431458923453753*s + 0.00631455022715616 ; i*sqrt(Abs(r))
386,0.9144859755229989,B0 + B1*i ; Abs(r)**(5/2),0.0494598021071183 - 0.0431447839994221*i ; Abs(r)**(5/2)
387,0.9144859754488465,B0 + B1*i ; 2*r,0.0494597882214903 - 0.043144759995433*i ; 2*r
388,0.9144859752400991,B0 + B1*s ; -i + sqrt(Abs(r)),0.0431446924494855*s + 0.00631505670544638 ; -i + sqrt(Abs(r))
389,0.9144859743844324,B0 + B1*i ; sqrt(Abs(r - sqrt(Abs(r)))),0.049459589439237 - 0.043144416004493*i ; sqrt(Abs(r - sqrt(Abs(r))))
390,0.914485974294073,B0 + B1*s ; sqrt(Abs(r)),0.0431443868515683*s + 0.00631518570926633 ; sqrt(Abs(r))
391,0.9144859723133798,B0 + B1*s ; 2*i + r,0.0431437497250862*s + 0.00631545461589757 ; 2*i + r
392,0.9144859720598595,B0 + B1*s ; i + r,0.0431436684374435*s + 0.00631548894188684 ; i + r
393,0.914485969349028,B0 + B1*s ; r,0.0431428029090383*s + 0.00631585428166957 ; r
394,0.9144859684690667,B0 + B1*i ; r + sqrt(Abs(r)),0.0495898595120419 - 0.0433695018869094*i ; r + sqrt(Abs(r))
395,0.9144859663199341,B0 + B1*s ; i**2 + i,0.0433701841183918*s + 0.00622007088774748 ; i**2 + i
396,0.914485966152082,B0 + B1*s ; Abs(i)**(7/4),2.72175866988432*s + 0.390283694014375 ; Abs(i)**(7/4)
397,0.9144859661001792,B0 + B1*s ; r*sqrt(Abs(i)),0.0433702536497102*s + 0.00622004165328761 ; r*sqrt(Abs(i))
398,0.9144859650497358,B0 + B1*s ; r + Abs(i)**(1/4),0.0433705854332615*s + 0.00621990220630653 ; r + Abs(i)**(1/4)
399,0.9144859625812316,B0 + B1*s ; i**2 - r,0.0433713613695993*s + 0.00621957602447609 ; i**2 - r
400,0.9144859612320312,B0 + B1*i ; r,0.0494571820183313 - 0.0431402500992329*i ; r
401,0.9144859564764066,B0 + B1*s ; i + sqrt(2)*r,2.72175667293939*s + 0.39017281364765 ; i + sqrt(2)*r
402,0.914485954343597,B0 + B1*s ; sqrt(2)*sqrt(Abs(r)),2.72191212027801*s + 0.398573837600109 ; sqrt(2)*sqrt(Abs(r))
403,0.9144859528047946,B0 + B1*i ; r*sqrt(Abs(i)),0.0495926898534882 - 0.0433743846645512*i ; r*sqrt(Abs(i))
404,0.9144859504859397,B0 + B1*i ; i*r,0.0495930990592513 - 0.043375090532224*i ; i*r
405,0.9144859496276501,B0 + B1*s ; sqrt(Abs(i)),0.0433753507437299*s + 0.00621789919330931 ; sqrt(Abs(i))
406,0.9144859492304624,B0 + B1*i ; sqrt(2)*sqrt(Abs(r)),0.0494550588281874 - 0.04313657587048*i ; sqrt(2)*sqrt(Abs(r))
407,0.9144859490481505,B0 + B1*s ; i,0.0433755261140341*s + 0.00621782547164453 ; i
408,0.9144859446922056,B0 + B1*s ; i + sqrt(Abs(r)),0.0433768362077855*s + 0.00621727483623225 ; i + sqrt(Abs(r))
409,0.914485943972871,B0 + B1*i ; sqrt(Abs(i))*sqrt(Abs(r)),0.0495942356437632 - 0.0433770511955827*i ; sqrt(Abs(i))*sqrt(Abs(r))
410,0.9144859437557143,B0 + B1*i ; -sqrt(Abs(r)),0.0495942732059097 - 0.0433771160225661*i ; -sqrt(Abs(r))
411,0.9144859388794734,B0 + B1*s ; -i + 2*r,0.0431334956584217*s + 0.0063197641338963 ; -i + 2*r
412,0.9144859379720928,B0 + B1*s ; r + sqrt(Abs(i)),0.0431332294281149*s + 0.00631989565913979 ; r + sqrt(Abs(i))
413,0.9144859370108442,B0 + B1*i ; r**2,0.0494529624857839 - 0.0431329479381378*i ; r**2
414,0.9144859288533932,B0 + B1*s ; Abs(r)**(3/2),0.0431305846442943*s + 0.00632101224922518 ; Abs(r)**(3/2)
415,0.9144859271152936,B0 + B1*i ; i*Abs(r)**(1/4),0.049451309324282 - 0.0431300868529626*i ; i*Abs(r)**(1/4)
416,0.914485926842318,B0 + B1*i ; -i*r,0.0495971411730185 - 0.0433820630992675*i ; -i*r
417,0.9144859260332794,B0 + B1*s ; i**2 - i,0.0433822948995832*s + 0.00621498067373133 ; i**2 - i
418,0.9144859123754577,B0 + B1*i ; i*sqrt(Abs(r)),0.0495995082072061 - 0.043386145970364*i ; i*sqrt(Abs(r))
419,0.9144859099639733,B0 + B1*s ; -r + sqrt(Abs(i)),0.0433868141992841*s + 0.006213081500367 ; -r + sqrt(Abs(i))
420,0.9144859088658813,B0 + B1*i ; Abs(r)**(3/2),0.0496000714048766 - 0.0433871173594398*i ; Abs(r)**(3/2)
421,0.914485898294094,B0 + B1*s ; i - sqrt(Abs(i)),0.0431221029180834*s + 0.00632459349734758 ; i - sqrt(Abs(i))
422,0.9144858862417463,B0 + B1*i ; i*Abs(r)**(3/2),0.0494448474912453 - 0.0431189025232163*i ; i*Abs(r)**(3/2)
423,0.9144697541816902,B0 + B1*i ; i - r,0.0506409759876741 - 0.088589013309212*i ; i - r
424,0.9143143180736404,B0 + B1*Abs(i)**(1/4) ; B2 + B3*r**2,0.0482036007328496 - 0.0148986266692354*Abs(i)**(1/4) ; 0.138819326188864*r**2 + 0.032075129297701
425,0.9141043465373335,B0*i ; B1 - r + sqrt(Abs(B2 + r)),-0.146541444760099*i ; -r + sqrt(Abs(r - 0.00693929721946339)) - 0.102183001989846
426,0.9139798522740107,i ; B0 + i,i ; i + 0.000314603769942592
427,0.9139434396637618,B0 + B1*Abs(i)**(1/4) ; B2 + B3*r,0.0505648662481999 - 0.015840762019223*Abs(i)**(1/4) ; 0.294777958411213*r + 0.00493521231491856
428,0.9137893082987046,B0*s ; B1*i*r,0.0477146439488794*s ; 0.00149457663464363*i*r
429,0.913789308298214,B0*s ; B1 - 2*i,0.0477153099485381*s ; 0.00956160438197453 - 2*i
430,0.9137893082976379,B0*s ; B1*Abs(r)**(3/2),0.0477145594620412*s ; 20.0872604342046*Abs(r)**(3/2)
431,0.9137893082963664,B0*s ; B1 + B2*i,0.0477144778725574*s ; 0.753209101400312*i + 3.90754593974553
432,0.9137893082912357,B0*s ; B1 + Abs(r)**(1/4),0.0477156753024666*s ; Abs(r)**(1/4) + 0.390046271112777
433,0.9137893082884904,B0*s ; sqrt(Abs(B1 + sqrt(Abs(i)))),0.0477157755325111*s ; sqrt(sqrt(Abs(i)) + 0.00510846671038646)
434,0.9137893082874999,B0*s ; B1 + i + r,0.0477141037260309*s ; i + r + 10.0951985367105
435,0.9137893082718747,B0*s ; B1*Abs(r)**(1/4),0.0477136896276951*s ; 0.00478286610078018*Abs(r)**(1/4)
436,0.9137893082702122,B0*s ; B1 + 2*r,0.047716259245208*s ; 2*r + 5.20763149839695
437,0.9137893082592419,B0*s ; B1 - i + r,0.0477134351315691*s ; -i + r + 49.7270218517951
438,0.9137893082286561,B0*s ; B1*i + r,0.0477169641714958*s ; 0.00437921591723823*i + r
439,0.9137893082008974,B0*s ; B1 + 2*i,0.0477173207352101*s ; 2*i + 27.8952171096435
440,0.9137893081896605,B0*s ; B1 + 2**(1/4)*Abs(i)**(1/4),0.0477124619472927*s ; 2**(1/4)*Abs(i)**(1/4) + 0.175599923532413
441,0.9137893081850275,B0*s ; Abs(B1 + r)**(1/4),0.0477175022506845*s ; Abs(r + 0.0578902797798165)**(1/4)
442,0.9137893081758877,B0*s ; B1*r - i,0.0477123114367501*s ; -i + 0.00141649701949644*r
443,0.9137893081012608,B0*s ; sqrt(Abs(B1 - sqrt(2)*sqrt(Abs(i)))),0.0477183009226933*s ; sqrt(Abs(sqrt(2)*sqrt(Abs(i)) - 0.482297094556902))
444,0.9137893080646408,B0*s ; B1 - Abs(r)**(3/2),0.0477185954242737*s ; 0.0367889783112023 - Abs(r)**(3/2)
445,0.9137893078367704,B0*s ; sqrt(Abs(B1 - sqrt(Abs(i)))),0.0477200593895083*s ; sqrt(Abs(sqrt(Abs(i)) - 2.16293792771976))
446,0.9137893077672858,B0*s ; B1*Abs(i)**(3/2),0.0477094843259318*s ; 41.4725169930844*Abs(i)**(3/2)
447,0.9137893076116043,B0*s ; B1 + i - r,0.0477211762779336*s ; i - r + 0.288910273263566
448,0.9137893069487035,B0*s ; B1*r + i,0.0477062435171079*s ; i + 0.0201685639066454*r
449,0.9137893068828812,B0*s ; B1 + B2*r,0.0477238792112607*s ; 0.00139110787887619*r + 0.0086038208768073
450,0.9137893067888533,B0*s ; B1*r**2,0.0477057427614288*s ; 0.00293146017175379*r**2
451,0.9137893050543713,B0*s ; B1*Abs(i)**(1/4),0.0477014548288593*s ; 0.327914380428154*Abs(i)**(1/4)
452,0.9137892681583603,B0*s ; sqrt(Abs(r - sqrt(Abs(r)))),2.71891799605832*s ; sqrt(Abs(r - sqrt(Abs(r))))
453,0.9137892674902386,B0*s ; sqrt(Abs(i))*sqrt(Abs(r)),0.047667090053472*s ; sqrt(Abs(i))*sqrt(Abs(r))
454,0.9137892672789764,B0*s ; sqrt(Abs(r - sqrt(Abs(i)))),0.0476669663413173*s ; sqrt(Abs(r - sqrt(Abs(i))))
455,0.913789266490231,B0*s ; i + 2*r,0.0476665072556554*s ; i + 2*r
456,0.9137892663879171,B0*s ; r**3,0.0476664480229158*s ; r**3
457,0.9137892661139898,B0*s ; i**2*r,2.71891878498391*s ; i**2*r
458,0.9137892659864547,B0*s ; r*Abs(i)**(1/4),0.04766621629916*s ; r*Abs(i)**(1/4)
459,0.9137892655770151,B0*s ; i**2 + i,0.0476659811008837*s ; i**2 + i
460,0.9137892655574982,B0*s ; i + Abs(r)**(3/2),0.0476659699178762*s ; i + Abs(r)**(3/2)
461,0.913789265353348,B0*s ; Abs(r)**(1/8),0.0476658530937874*s ; Abs(r)**(1/8)
462,0.9137892650324195,B0*s ; i + r**2,0.0476656700038984*s ; i + r**2
463,0.9137892645268876,B0*s ; -i + Abs(i)**(1/4),0.0476653829700152*s ; -i + Abs(i)**(1/4)
464,0.9137892621705362,B0*s ; -i + 2*r,0.0476640664341699*s ; -i + 2*r
465,0.9137892619408008,B0*s ; i*r + i,0.0476639398955319*s ; i*r + i
466,0.9137892618235496,B0*s ; Abs(i - r)**(1/4),0.0476638754342653*s ; Abs(i - r)**(1/4)
467,0.9137892612503428,B0*s ; r + Abs(r)**(3/2),0.0476635614664164*s ; r + Abs(r)**(3/2)
468,0.9137892612503428,B0*s ; sqrt(Abs(r + sqrt(2)*sqrt(Abs(r)))),0.0476635614664164*s ; sqrt(Abs(r + sqrt(2)*sqrt(Abs(r))))
469,0.9136119625219205,sqrt(Abs(B0 + B1*sqrt(Abs(i)))) ; B2 + r,sqrt(Abs(0.00018207776739732*sqrt(Abs(i)) - 0.00182271325202412)) ; r - 3.44828645427564e-8
470,0.9135369025806461,B0 + B1*i ; sqrt(Abs(-B2 + i + r)),0.000480291468912247*i + 0.0482076071472435 ; sqrt(Abs(i + r + 6.10544973716228))
471,0.913517247480885,B0*i + B1*i*s ; B2 + B3*i + B4*r,0.400008276802779*i*s + 3.08449847355363e-6*i ; 0.10001126725549*i + 5.93184626906965e-7*r - 2.74172451827135e-7
472,0.9135172474796045,B0*i*s ; B1 + B2*i + B3*r,0.400006212720439*i*s ; 0.10000614098033*i + 2.01494209758776e-7*r - 3.17223624636611e-7
473,0.9135172474787476,B0*i + B1*i*s ; B2*i + B3*r,0.400015230344483*i*s + 3.89298517988361e-6*i ; 0.100015387179824*i + 2.32006521238415e-7*r
474,0.9135172474787248,B0*i + B1*i*s ; B2*i,0.400015285608482*i*s + 3.78690717830536e-6*i ; 0.100015365414967*i
475,0.9134768556999554,B0*i*s ; B1*r + i + r**2,0.565520842122901*i*s ; i + r**2 - 0.987677641420101*r
476,0.9134731293341402,B0 + B1*i**2 ; B2 + r,0.0412742700127212 - 3.94027604884232e-6*i**2 ; r + 8.21130538977702e-8
477,0.9134488634063288,B0*i + B1*i*s ; B2*i + i**2 - r,0.514240566720142*i*s - 0.0204936003023019*i ; i**2 + 0.654693619401226*i - r
478,0.9133650890087858,B0*i*s ; B1*i + i*r - r,0.726864576250963*i*s ; i*r + 1.63231226342221*i - r
479,0.9133416944145043,B0*s + i*s ; B1 + B2*r + 2*i,i*s - 0.00934051197423646*s ; 2*i - 0.582014321094154*r - 0.027643829604868
480,0.9132804275160483,B0 + B1*Abs(i)**(3/2) ; B2 + B3*i + B4*r,0.0722489903524733 - 0.23373874799321*Abs(i)**(3/2) ; 4.30209913390226*i + 1.89302732473191*r - 0.713496791588994
481,0.9132742699461316,i**2*s + i*s ; B0*i + B1*r,i**2*s + i*s ; 1.55568265172833*i - 0.348326433258698*r
482,0.9132660130591248,B0*i**2 ; B1 + B2*Abs(r)**(5/4),0.199049687495895*i**2 ; 0.139167013713463 - 0.10662739848029*Abs(r)**(5/4)
483,0.9132417607511012,B0*s + B1*i*s ; B2*sqrt(Abs(i)),0.388608159113571*i*s + 0.00445450343828917*s ; 0.0399483040554654*sqrt(Abs(i))
484,0.913207501724217,B0*i + B1*i*s ; i - r,0.594758907186305*i*s - 0.0446665363760959*i ; i - r
485,0.9131858325064862,B0*i*s ; B1*i*r + i**2,0.374575885329445*i*s ; i**2 - 1.90313469944937*i*r
486,0.9131741422860352,B0*i + B1*Abs(i)**(3/2) ; 2*r,0.439418192011397*i - 0.442025989355826*Abs(i)**(3/2) ; 2*r
487,0.9131741422859776,B0*i + B1*Abs(i)**(3/2) ; r,0.439417840863308*i - 0.442025561047374*Abs(i)**(3/2) ; r
488,0.9131415332206346,B0*i + B1*i**2 ; B2 - r,-0.292467146490478*i**2 + 0.279224636252791*i ; -r - 0.015669436955924
489,0.9130907772739218,B0 + B1*sqrt(Abs(s)) ; B2 - 2*r,0.0500203433424346*sqrt(Abs(s)) - 0.000400525513176398 ; 37.3378586376843 - 2*r
490,0.9130897928831446,B0 + B1*sqrt(Abs(s)) ; B2 + B3*r,0.050132960557152*sqrt(Abs(s)) - 0.000402559186104859 ; 0.00872102277784161*r + 0.198379248431937
491,0.9130883615531109,B0 + B1*sqrt(Abs(s)) ; i + r,0.0501571047057438*sqrt(Abs(s)) - 0.000409398601650993 ; i + r
492,0.9130875847019956,B0 + B1*sqrt(Abs(s)) ; B2 - r,0.0502432829428224*sqrt(Abs(s)) - 0.000407964582507251 ; 1.73962523222846 - r
493,0.9130869088115448,B0 + B1*sqrt(Abs(s)) ; B2 + sqrt(Abs(i)),0.0502954770037205*sqrt(Abs(s)) - 0.000407148997020538 ; sqrt(Abs(i)) + 0.0134488565920229
494,0.9130860346451033,B0 + B1*sqrt(Abs(s)) ; B2 + r,0.0503170726135668*sqrt(Abs(s)) - 0.000410008050223172 ; r + 0.000180787591477847
495,0.913085623760116,B0*s + B1*i*s ; i - r,0.499035472534722*i*s + 0.00291622673961652*s ; i - r
496,0.9130832735984239,B0 + B1*sqrt(Abs(s)) ; B2 - i,0.0504336553202824*sqrt(Abs(s)) - 0.000411416233658147 ; 0.0054857177474737 - i
497,0.9130814667437175,B0 + B1*sqrt(Abs(s)) ; B2 + sqrt(Abs(r)),0.0504943547417987*sqrt(Abs(s)) - 0.000412598795587304 ; sqrt(Abs(r)) + 79.6464187477644
498,0.9130794162532065,B0 + B1*sqrt(Abs(s)) ; B2 + 2*i,0.0505576918883279*sqrt(Abs(s)) - 0.000413732804977326 ; 2*i + 0.00581322215474794
499,0.9130783117509343,B0 + B1*sqrt(Abs(s)) ; i + Abs(r)**(3/2),0.050575700794612*sqrt(Abs(s)) - 0.000417253969793991 ; i + Abs(r)**(3/2)
500,0.9130782837533239,B0 + B1*sqrt(Abs(s)) ; i,0.0499305032919625*sqrt(Abs(s)) - 0.000465341769319718 ; i
501,0.91307698129497,B0 + B1*sqrt(Abs(s)) ; r,0.0503551519810291*sqrt(Abs(s)) - 0.000458873144562347 ; r
502,0.9130740936557928,B0 + B1*sqrt(Abs(s)) ; Abs(r)**(3/2),0.0506831772875489*sqrt(Abs(s)) - 0.000420303576988414 ; Abs(r)**(3/2)
503,0.913073874856063,B0 + B1*sqrt(Abs(s)) ; B2*i,0.0506026353910751*sqrt(Abs(s)) - 0.000440111889051142 ; 0.00617565255101058*i
504,0.9130724870890664,B0 + B1*sqrt(Abs(s)) ; Abs(i)**(1/8),0.0502739155663135*sqrt(Abs(s)) - 0.000491302002150367 ; Abs(i)**(1/8)
505,0.9130689307842277,B0 + B1*sqrt(Abs(s)) ; B2 + i - r,0.0507093905441776*sqrt(Abs(s)) - 0.000447906142732963 ; i - r + 0.0266259428714169
506,0.9130615524759249,B0 + B1*sqrt(Abs(s)) ; B2 + i + r,0.0491416423478026*sqrt(Abs(s)) - 0.000445728636567663 ; i + r + 0.0180026340603707
507,0.91303937700192,B0*s*Abs(i)**(1/4) ; B1*r - i + sqrt(Abs(r)),0.031138574586397*s*Abs(i)**(1/4) ; -i - 0.840517558236422*r + sqrt(Abs(r))
508,0.9130312133842418,B0*sqrt(Abs(i)) ; B1 + i - r,0.0501137784557543*sqrt(Abs(i)) ; i - r + 0.967182196027931
509,0.9130217051625463,B0*i + B1*i*s ; B2 + B3*sqrt(Abs(r)),0.293173366515422*i*s - 0.298307110253021*i ; 1.84710909819459 - 1.90998441265189*sqrt(Abs(r))
510,0.9130197161007546,B0 + B1*i*s ; B2 + B3*r**2 + r,0.28243998490873*i*s - 0.0116933997524325 ; 30.9455843535776*r**2 + r - 0.089350746672531
511,0.9130104784132703,B0*i*s ; B1 + B2*r - r**2,0.331732318663724*i*s ; -r**2 + 0.41338575971617*r + 0.000204420071495962
512,0.9130053363674492,B0 + B1*i ; B2 + 2*i,1.96247269428164*i + 0.00953496490148334 ; 2*i + 0.00982782935095852
513,0.9130051751594095,B0 + B1*i ; B2 + B3*i*r,0.0418353795049176 - 0.000404460471580726*i ; 0.0173859570486454*i*r - 0.237375941214677
514,0.9129429865091792,B0*i*s ; Abs(B1*r + B2*i)**(1/4),-0.00181402652588124*i*s ; Abs(39571.0654140336*i + 39398.4900175611*r)**(1/4)
515,0.9129275566545275,B0*i*s ; B1 + B2*i - 2*r,0.362577868475414*i*s ; 0.818948172472115*i - 2*r - 0.0377636746872666
516,0.9128725883107962,B0*i + B1*i*s ; B2*i - 2*r,0.469699530840145*i*s - 0.0458200961001077*i ; 0.828557350908332*i - 2*r
517,0.9128552820512297,B0*s + B1*i*s ; B2 + B3*sqrt(Abs(r)),0.259228466399726*i*s + 0.00385141231026462*s ; 0.0754370741106419*sqrt(Abs(r)) - 0.00688869317509057
518,0.9128543171718951,B0*s + B1*i*s ; B2 - r,0.260267962428391*i*s + 0.00389468906745459*s ; -r - 0.00640651675671512
519,0.9128527880196857,B0*s + B1*s**2 ; B2 - i*r + i,-0.26137249553291*s**2 + 0.266502061283303*s ; -i*r + i + 2.227922958999
520,0.9128527880196089,B0*s + B1*i*s ; B2*r,0.261372747039649*i*s + 0.00512950877843353*s ; 0.000134392510393145*r
521,0.9128527880194134,B0*s + B1*s**2 ; B2*sqrt(Abs(i)) + r,-0.261371947117763*s**2 + 0.266501581408153*s ; r + 0.00215209418725705*sqrt(Abs(i))
522,0.9128527880174805,B0*s + B1*s**2 ; B2 + i,-0.26137335677408*s**2 + 0.266502905246129*s ; i + 0.087255138602355
523,0.9128527880174719,B0*s + B1*s**2 ; sqrt(Abs(r)),-0.261370447747508*s**2 + 0.266500166335016*s ; sqrt(Abs(r))
524,0.9128527880172291,B0*s + B1*s**2 ; i**2 + i + r,-0.261370348869449*s**2 + 0.26650007558596*s ; i**2 + i + r
525,0.9128527880172169,B0*s + B1*s**2 ; i - r + sqrt(Abs(r)),-0.261370343989527*s**2 + 0.266500071114916*s ; i - r + sqrt(Abs(r))
526,0.912852788016456,B0*s + B1*i*s ; r*sqrt(Abs(B2 + B3*i)),0.261371735912977*i*s + 0.00512973352307644*s ; r*sqrt(Abs(0.00170120938222681*i + 0.00201100896091199))
527,0.9128527880163825,B0*s + B1*s**2 ; r,-0.261370036643756*s**2 + 0.266499789042369*s ; r
528,0.9128527880162081,B0*s + B1*i*s ; r + sqrt(Abs(r)),0.261369968511888*i*s + 0.00512975950022354*s ; r + sqrt(Abs(r))
529,0.9128527880157156,B0*s + B1*s**2 ; sqrt(Abs(i)),-0.261369817527688*s**2 + 0.266499587947192*s ; sqrt(Abs(i))
530,0.9128527880156768,B0*s + B1*i*s ; r,0.261369796528012*i*s + 0.00512977364248551*s ; r
531,0.9128527880147614,B0*s + B1*i*s ; Abs(i)**(3/2)*sqrt(Abs(r)),0.261369524616994*i*s + 0.00512979599943474*s ; Abs(i)**(3/2)*sqrt(Abs(r))
532,0.9128527880138373,B0*s + B1*s**2 ; B2 + r,-0.261369249056887*s**2 + 0.266499152603287*s ; r + 0.000327896360827155
533,0.9128527880136118,B0*s + B1*s**2 ; B2*r + sqrt(Abs(r)),-0.261369159508904*s**2 + 0.266498996519369*s ; 5.23407271163933*r + sqrt(Abs(r))
534,0.9128527880116333,B0*s + B1*s**2 ; -i + sqrt(Abs(r)),-0.261368755761248*s**2 + 0.266498613483332*s ; -i + sqrt(Abs(r))
535,0.9128527880109214,B0*s + B1*i*s ; B2*sqrt(Abs(r)) + r,0.2613762439852*i*s + 0.00512921454682363*s ; r + 0.00267722029024291*sqrt(Abs(r))
536,0.9128527880108923,B0*s + B1*s**2 ; B2*sqrt(Abs(r)) + i,-0.261374407092255*s**2 + 0.266503611679888*s ; i + 0.000140599996937792*sqrt(Abs(r))
537,0.9128527880055712,B0*s + B1*i*s ; sqrt(Abs(r - sqrt(Abs(r)))),0.261367588571381*i*s + 0.00512995515871075*s ; sqrt(Abs(r - sqrt(Abs(r))))
538,0.9128527880031017,B0*s + B1*s**2 ; sqrt(Abs(B2 + r)),-0.261377732751639*s**2 + 0.266506753968686*s ; sqrt(Abs(r + 75.6422391085686))
539,0.9128527879996151,B0*s + B1*i*s ; sqrt(Abs(r)),0.261366676192516*i*s + 0.00513003014820533*s ; sqrt(Abs(r))
540,0.9128527879981143,B0*s + B1*s**2 ; Abs(B2 - r)**(1/4),-0.261378426912401*s**2 + 0.266507355680427*s ; Abs(r - 0.0984436464478787)**(1/4)
541,0.9128527879980106,B0*s + B1*s**2 ; i,-0.261366463157399*s**2 + 0.266496509341609*s ; i
542,0.9128527879952677,B0*s + B1*s**2 ; B2*r + i + r**2,-0.26137882634744*s**2 + 0.266507717310238*s ; i + r**2 + 0.000546200324705335*r
543,0.9128527879861662,B0*s + B1*s**2 ; B2 - i,-0.261364807488991*s**2 + 0.266495163573559*s ; 60.8437819048889 - i
544,0.9128527879770516,B0*s + B1*i*s ; B2*sqrt(Abs(r)),0.261380834301575*i*s + 0.00512882233832278*s ; 0.00237822496832378*sqrt(Abs(r))
545,0.9128527879705505,B0*s + B1*s**2 ; B2 - r + sqrt(Abs(r)),-0.261363346332267*s**2 + 0.266493885552787*s ; -r + sqrt(Abs(r)) + 0.0001800834367346
546,0.9128527879662246,B0*s + B1*s**2 ; sqrt(Abs(B2 + B3*r)),-0.261382014792704*s**2 + 0.266510669113053*s ; sqrt(Abs(0.011340968998902*r + 0.00220641232931393))
547,0.9128527879608919,B0*s + B1*s**2 ; B2 - sqrt(Abs(r - sqrt(Abs(r)))),-0.261362223581762*s**2 + 0.266492742072717*s ; 0.336670655216024 - sqrt(Abs(r - sqrt(Abs(r))))
548,0.9128527879371457,B0*s + B1*s**2 ; B2 - sqrt(Abs(r)),-0.261360366705069*s**2 + 0.266491049359291*s ; 10.8248987531779 - sqrt(Abs(r))
549,0.9128527879364241,B0*s + B1*s**2 ; B2*r,-0.261360873107052*s**2 + 0.266491723605579*s ; 0.437577721059694*r
550,0.9128527879272061,B0*s + B1*s**2 ; B2 - r,-0.261359750489209*s**2 + 0.26649045113607*s ; 0.0681380109520373 - r
551,0.9128527879066134,B0*s + B1*s**2 ; i - sqrt(Abs(B2 + i)),-0.261386391794357*s**2 + 0.266514639291533*s ; i - sqrt(Abs(i + 43.5186025370769))
552,0.9128527879058316,B0*s + B1*s**2 ; B2*sqrt(Abs(r)) - i,-0.26138643593753*s**2 + 0.26651468244385*s ; -i + 0.000129336472749962*sqrt(Abs(r))
553,0.9128521667193051,B0*i*s ; B1 + B2*r - i*r,0.261558399109037*i*s ; -i*r - 2.15389968610854*r - 0.0492549936459765
554,0.9128513067653136,B0*i*s ; B1 + B2*r**2 - r,0.258862182201214*i*s ; 32.8323775557283*r**2 - r - 0.0428348867483308
555,0.9128448440062603,B0*s + B1*i*s ; -r + sqrt(Abs(B2 + B3*r)),0.262197873550732*i*s + 0.0111908958218891*s ; -r + sqrt(Abs(0.0976749626967678*r - 0.00311351790302733))
556,0.9128282685081717,B0*i*s ; B1 + B2*i - i*r,0.213853269050002*i*s ; -i*r - 0.121441627616777*i - 0.00586607175394575
557,0.9128009442317263,B0*i*s ; B1*r - i + r**2,0.109292901871426*i*s ; -i + r**2 - 0.877496038552081*r
558,0.9127984895966978,B0*i + B1*i**2 ; B2*sqrt(Abs(i)),-0.360100252575975*i**2 + 0.316719925866405*i ; 0.00112539229071847*sqrt(Abs(i))
559,0.912789759108948,B0*i*s ; B1 - i**3*r,0.236104623414249*i*s ; -i**3*r - 0.00857811248632979
560,0.9127886467276303,B0*i - i**2 ; B1 + B2*i,-i**2 + 0.478742166568146*i ; 0.00657056334819291 - 0.00266520744590916*i
561,0.9127880582658778,B0*s + B1*i*s ; B2 + r - sqrt(Abs(r)),0.266132577763208*i*s + 0.0147495290497715*s ; r - sqrt(Abs(r)) + 0.165258422716583
562,0.9127705036889077,B0*i ; B1 + B2*i,-0.0313839279563636*i ; 2.91633385295023*i + 0.902445820066574
563,0.9127282857422087,B0*sqrt(Abs(s)) ; B1 + B2*r,0.0339964525389793*sqrt(Abs(s)) ; 0.0171078020729387*r + 0.00291661282241313
564,0.9127225651812062,B0*sqrt(Abs(s)) ; B1 + 2*i,0.0339964459122519*sqrt(Abs(s)) ; 2*i + 0.0010035151736398
565,0.9127217446138296,B0*sqrt(Abs(s)) ; B1 - i + r,0.0334136416743638*sqrt(Abs(s)) ; -i + r + 0.462948437329887
566,0.9127205051192179,B0*sqrt(Abs(s)) ; B1 - i - r,0.0334136393331199*sqrt(Abs(s)) ; -i - r + 0.00191184663359552
567,0.9127200474728867,B0*sqrt(Abs(s)) ; B1 - Abs(r)**(1/4),0.0334136376107795*sqrt(Abs(s)) ; 0.00269399338620876 - Abs(r)**(1/4)
568,0.9127199508274891,B0*sqrt(Abs(s)) ; B1*i*r,0.0334136481295134*sqrt(Abs(s)) ; 6.18421603382302*i*r
569,0.91271753785777,B0*sqrt(Abs(s)) ; 3*r,0.033983590764048*sqrt(Abs(s)) ; 3*r
570,0.9127174811029094,B0*sqrt(Abs(s)) ; B1 + Abs(r)**(1/4),0.0339835916179114*sqrt(Abs(s)) ; Abs(r)**(1/4) + 3.11788212046198
571,0.9127174065158752,B0*sqrt(Abs(s)) ; B1 + i + r,0.0339835872253089*sqrt(Abs(s)) ; i + r + 0.0622171674488562
572,0.9127165498251291,B0*sqrt(Abs(s)) ; B1 + B2*i,0.0339837888655859*sqrt(Abs(s)) ; 0.0752754354334226*i + 0.000477970945945662
573,0.9127141654766033,B0*sqrt(Abs(s)) ; B1 + Abs(i)**(1/4),0.0339815329225541*sqrt(Abs(s)) ; Abs(i)**(1/4) + 0.00017199707132442
574,0.9127136094653266,B0*s + B1*i*s ; B2 - r + sqrt(Abs(r)),0.249146240027854*i*s - 0.0191952119423918*s ; -r + sqrt(Abs(r)) - 0.456937019997482
575,0.9127005527028952,B0*sqrt(Abs(s)) ; sqrt(Abs(r - sqrt(Abs(r)))),0.03401286827981*sqrt(Abs(s)) ; sqrt(Abs(r - sqrt(Abs(r))))
576,0.9126831254846599,B0*i + B1*i*s ; B2*i + i*Abs(r)**(3/2),0.351005385258824*i*s - 0.0373622792121445*i ; i*Abs(r)**(3/2) + 0.00180991690959639*i
577,0.9126688995147766,B0*i*sqrt(Abs(s)) ; B1*i**2 + i,1.09016603129234*i*sqrt(Abs(s)) ; -3.25885160794019*i**2 + i
578,0.912661733723365,B0*i + B1*i**2 ; B2 - r**2*sqrt(Abs(i)),-0.353245061583071*i**2 + 0.313776327985006*i ; -r**2*sqrt(Abs(i)) + 0.00013102329433703
579,0.9126615607612026,B0*i + B1*i*s ; B3*sqrt(Abs(B2*i + r)),0.362226585803254*i*s - 0.0389835189908184*i ; 0.00164605379552327*sqrt(Abs(4.44225055367937*i - r))
580,0.9126573070829136,B0*i + B1*i*s ; sqrt(Abs(B2*r - r**2)),0.349785618625495*i*s - 0.0377467898523431*i ; sqrt(Abs(r**2 - 0.0986528800390312*r))
581,0.9126573070821514,B0*i + B1*i**2 ; sqrt(Abs(r)),-0.34978797660074*i**2 + 0.312039546327456*i ; sqrt(Abs(r))
582,0.9126573070803347,B0*i + B1*i*s ; sqrt(Abs(r)),0.349785025245342*i*s - 0.0377474297921819*i ; sqrt(Abs(r))
583,0.9126573070803291,B0*i + B1*i*s ; r,0.349785023465934*i*s - 0.0377474286325781*i ; r
584,0.9126573070799615,B0*i + B1*i*s ; i*sqrt(Abs(r)),0.349784947839396*i*s - 0.0377474015784912*i ; i*sqrt(Abs(r))
585,0.9126573070797703,B0*i + B1*i**2 ; r,-0.349784906126115*i**2 + 0.312037522638354*i ; r
586,0.9126573070794094,B0*i + B1*i*s ; Abs(r)**(1/16),0.349784839833345*i*s - 0.0377473628974376*i ; Abs(r)**(1/16)
587,0.9126573070738151,B0*i + B1*i*s ; B2*sqrt(Abs(r)) + r,0.349789590581542*i*s - 0.0377513195196096*i ; r + 0.000384130366768352*sqrt(Abs(r))
588,0.9126573070651162,B0*i + B1*i**2 ; i*r + r,-0.349790501244288*i**2 + 0.312041110855187*i ; i*r + r
589,0.9126573070609761,B0*i + B1*i**2 ; B2*r,-0.34979199442213*i**2 + 0.3120390179542*i ; 0.105800019172239*r
590,0.912657307046319,B0*i + B1*i*s ; B2*r,0.349780840367063*i*s - 0.0377417278145691*i ; 0.00315272679503979*r
591,0.9126573069994903,B0*i + B1*i**2 ; B2*r + Abs(r)**(1/4),-0.349796370514909*i**2 + 0.312043062707496*i ; 0.256042394035404*r + Abs(r)**(1/4)
592,0.9126573069747227,B0*i + B1*i**2 ; B2*r**2,-0.349775567551209*i**2 + 0.312033924668562*i ; 2.42013654580558*r**2
593,0.9126573069630959,B0*i + B1*i**2 ; B2*sqrt(Abs(r)),-0.349774135903273*i**2 + 0.312034654586662*i ; 0.858426796607698*sqrt(Abs(r))
594,0.912629420846271,B0*i + B1*i*s ; B2 + B3*i**2*r,0.356013551682874*i*s - 0.0427921465078158*i ; 0.321632819217134*i**2*r - 1.36577035084479e-10
595,0.9126247900737183,B0*i*s ; B1 + i**2*r**2,0.212151710205629*i*s ; i**2*r**2 - 0.0123258028067842
596,0.9126221196563192,B0*sqrt(Abs(s)) ; sqrt(Abs(i))*sqrt(Abs(r)),0.032901700231581*sqrt(Abs(s)) ; sqrt(Abs(i))*sqrt(Abs(r))
597,0.9126078757351654,B0*i ; B1*i + B2*i*r,0.571827710472466*i ; 0.56573417525717*i*r + 0.358545921425764*i
598,0.912562787739147,B1*sqrt(Abs(B0 + i)) ; B2*Abs(i)**(1/4),0.0500300221847001*sqrt(Abs(i - 0.864728699501911)) ; 0.000475693314271065*Abs(i)**(1/4)
599,0.9125202223228996,B0*s**2*sqrt(Abs(i)) ; sqrt(Abs(B1*i - i**2)),0.0232170018188434*s**2*sqrt(Abs(i)) ; sqrt(Abs(i**2 + 0.227212531721957*i))
600,0.9124790176165337,B0*i*s ; B2*Abs(B1 + i + r)**(1/4),0.216301324270705*i*s ; -0.0129398663460945*Abs(i + r - 0.692683509944358)**(1/4)
601,0.9123714472358962,B0*i + B1*i*s ; B2 + B3*i + r,-0.597991959932314*i*s + 0.0391511753944643*i ; 2.76424458193184*i + r + 0.0434035147811929
602,0.9123674575721208,B0 + B1*Abs(i)**(1/4) ; B2 - i - sqrt(Abs(i)),0.053227250906745 - 0.0164075640172468*Abs(i)**(1/4) ; -i - sqrt(Abs(i)) + 0.314703866399424
603,0.9123518222736735,B0 + B1*i ; B2*r + i - r**2,0.0016803860167809 - 0.433430768752977*i ; i - r**2 + 0.935870204953639*r
604,0.9123208803577488,B0*s - i - s**2 ; B1*i,-i - s**2 + 0.997879225642116*s ; 0.316149596141446*i
605,0.912314625538024,B0 + B1*i ; B2*i + 2*r,0.000426680711100551*i + 0.0436225688311776 ; 1.89710084791881*i + 2*r
606,0.9121350920838904,B0*s + B1*i*s ; Abs(B2 + i + r)**(1/4),-0.0197622907730427*i*s + 0.00249869675114076*s ; Abs(i + r - 0.016832996398337)**(1/4)
607,0.912089515607002,B0*s + B1*i*s ; B2 + i + sqrt(Abs(r)),-0.139852628849293*i*s + 0.00527660625669422*s ; i + sqrt(Abs(r)) - 0.198505463739835
608,0.9119879398693977,B0*s + B1*i*s ; sqrt(Abs(B2 + B3*r)),-0.00156081291008521*i*s + 0.00827130618271903*s ; sqrt(Abs(1.65646831740028*r + 1.86226180288877))
609,0.9119826577043728,B0*i + B1*i*s ; B2 + sqrt(Abs(B3*i + B4)),-0.0017377525216508*i*s + 5.30328787706684e-5*i ; sqrt(Abs(1.05256388388361*i + 10.6032005630331)) + 2.04320831514857
610,0.9119627459720131,B0*s + B1*i*s ; B2 - sqrt(Abs(i)),0.00164105682028108*i*s + 0.00620449632783382*s ; -sqrt(Abs(i)) - 1.12602159254294
611,0.911946613238169,B0*s + B1*i*s ; sqrt(Abs(B2 + i - r)),-0.0014792553929931*i*s + 0.0100858720074671*s ; sqrt(Abs(-i + r + 0.572280433478933))
612,0.9119392842381155,B0*s + B1*i*s ; B2 + sqrt(Abs(r)),-0.00163782301717967*i*s + 0.00613130407035413*s ; sqrt(Abs(r)) + 1.18896199079101
613,0.911939017125988,B0*s + B1*i*s ; B2 + sqrt(Abs(i)),-0.00160608302178766*i*s + 0.00561371857308164*s ; sqrt(Abs(i)) + 1.2674638884197
614,0.9119039314107246,B0*i*s ; B1*i + i*r**2,0.341760122434666*i*s ; i*r**2 + 0.0419786384432484*i
615,0.9118485232524585,B0*i + B1*i*s ; sqrt(Abs(B2 + i + r)),-0.0325521604989486*i*s + 0.00300057131838127*i ; sqrt(Abs(i + r + 0.0189001128959996))
616,0.911839542333302,B0*i + B1*i*s ; sqrt(Abs(B2 + i + 2*r)),-0.0017802397637202*i*s + 5.59189069681401e-5*i ; sqrt(Abs(i + 2*r + 8.34167443208452))
617,0.9118353325699954,B0*s + B1*i*s ; sqrt(Abs(B2 + B3*r**2)),-0.00155381498073034*i*s + 0.00351474944148675*s ; sqrt(Abs(0.0261953338148176*r**2 + 14.4910499797352))
618,0.9118348614458829,B0*i + B1*i*s ; sqrt(Abs(B2 + r)),-0.00177960060663591*i*s + 5.53929293940627e-5*i ; sqrt(Abs(r + 8.42029420515996))
619,0.9118267600786254,B0*s + B1*i*s ; sqrt(Abs(B2 + r)),-0.00168865202107318*i*s + 0.00271512253197676*s ; sqrt(Abs(r + 8.33567539667517))
620,0.9118084221593971,B0*i + B1*i*s ; B2 + B3*sqrt(Abs(i)),-0.00175869819374473*i*s + 6.09451366067583e-5*i ; 0.858917937228268*sqrt(Abs(i)) + 1.75678371227052
621,0.9117903092518537,B0*i + B1*i**2 ; B2 + B3*i - r,-0.738692981029475*i**2 - 0.442514050851554*i ; 0.531318545103803*i - r + 0.94806629229382
622,0.9117647478843527,B0*i**2*s ; B1*i**2,12.9586145842382*i**2*s ; 8.22344188507466*i**2
623,0.9117580866454689,B0*s + B1*Abs(s)**(3/2) ; i - r + sqrt(Abs(r)),0.432814856338449*s - 0.423186691277991*Abs(s)**(3/2) ; i - r + sqrt(Abs(r))
624,0.9117580866394329,B0*s + B1*Abs(s)**(3/2) ; B2 + B3*sqrt(Abs(r)),0.432824091676308*s - 0.423196832765525*Abs(s)**(3/2) ; 0.0104863526522514*sqrt(Abs(r)) + 0.0740833809836979
625,0.9117580866355285,B0*s + B1*Abs(s)**(3/2) ; r**2 + r,0.43281359854662*s - 0.423185376238051*Abs(s)**(3/2) ; r**2 + r
626,0.9117580866287864,B0*s + B1*Abs(s)**(3/2) ; sqrt(Abs(B2 + 2*r)),0.432843340255703*s - 0.423216970559362*Abs(s)**(3/2) ; sqrt(Abs(2*r + 0.0356263595882001))
627,0.9117580866029441,B0*s + B1*Abs(s)**(3/2) ; r,0.432810101589035*s - 0.423181720112822*Abs(s)**(3/2) ; r
628,0.9117580865944958,B0*s + B1*Abs(s)**(3/2) ; B2 + i,0.432847663998112*s - 0.423221543399977*Abs(s)**(3/2) ; i + 0.900268977393164
629,0.9117580865129377,B0*s + B1*Abs(s)**(3/2) ; B2 + B3*i + r,0.432802738504652*s - 0.423174007087249*Abs(s)**(3/2) ; 76.2173712321324*i + r + 84.6998969281161
630,0.9117580864125334,B0*s + B1*Abs(s)**(3/2) ; B2 - sqrt(Abs(i)),0.432860619040368*s - 0.423235594450039*Abs(s)**(3/2) ; 1.00997157137926 - sqrt(Abs(i))
631,0.9117580861808079,B0*s + B1*Abs(s)**(3/2) ; B2*r - i*r,0.432788224895699*s - 0.423157063676311*Abs(s)**(3/2) ; -i*r + 65.7638719371516*r
632,0.9117165885828689,B0*i - i*sqrt(Abs(s)) ; B1 + 2*i,-i*sqrt(Abs(s)) + 0.0708611300105172*i ; 2*i + 0.029451492249022
633,0.9117103058827887,B0*i + B1*i*s ; B2 + B3*i*r,-0.00168607076965905*i*s + 3.58824978878624e-5*i ; -0.00137715424413514*i*r + 4.33170048380035
634,0.9116948931722372,B0*i + B1*s ; B2 + i - r,-0.995975952973789*i - 0.426180633863286*s ; i - r + 1.01979960536024
635,0.9116862297896698,B0*s + B1*i*s ; B2*i + sqrt(Abs(r)),-0.00660554259710692*i*s + 0.0099969148451796*s ; 0.119992449503079*i + sqrt(Abs(r))
636,0.9116457008903744,B0 + B1*i + B2*s ; B3 + sqrt(Abs(B4*i + r)),-0.00149188810421325*i + 0.159155162218099*s - 0.151409209028346 ; sqrt(Abs(0.359288377991765*i + r)) + 2.97826952514649
637,0.9116440999516385,B0*s + B1*i*s ; B2 - Abs(i)**(1/4),-0.0102970187804275*i*s + 2.76056667865799*s ; 0.648025852227584 - Abs(i)**(1/4)
638,0.9116429481480702,B0*sqrt(Abs(i)) + B1*i ; B2*sqrt(Abs(r)) + i,0.775265459047495*i + 0.0775915071595007*sqrt(Abs(i)) ; i + 0.0105560597993111*sqrt(Abs(r))
639,0.9116246777733432,B0 + B1*i + B2*s ; B3 + sqrt(Abs(r)),-0.00140739775896514*i + 0.151928157653466*s - 0.142193059376112 ; sqrt(Abs(r)) + 2.24989891170747
640,0.9116191146997842,B0*i*s ; B1*i + i*r + r,-0.278995595418567*i*s ; i*r + 0.839642394573339*i + r
641,0.9116145621684996,B0*Abs(i)**(3/2) ; B1 + B2*i + B3*r,1.27102046074364*Abs(i)**(3/2) ; 0.627280087414046*i + 0.0303598959817414*r - 0.0328906227117645
642,0.9116096166069195,B0 + B1*i + B2*s ; B3 + sqrt(Abs(B4 + i)),-0.00149255917959625*i + 0.159151928138109*s - 0.151574362862976 ; sqrt(Abs(i - 9.3274624946713)) + 0.975890857959858
643,0.911602698085186,B0 + B1*i + B2*s ; sqrt(Abs(B3 + r)),-0.00150678771557394*i + 0.158814723642173*s - 0.152800486155086 ; sqrt(Abs(r + 20.8999380306332))
644,0.9115895373266028,B0 + B1*i + B2*s ; B3 - sqrt(Abs(r)),0.00145991086297526*i + 0.159537478340387*s - 0.148634170272747 ; -sqrt(Abs(r)) - 2.03691319116373
645,0.9115864482527967,B0 + B1*i + B2*s ; B3 - sqrt(Abs(B4 + i - r)),0.00142947208502827*i + 0.151579895159768*s - 0.144286951395842 ; 4.28483912365719 - sqrt(Abs(i - r + 73.4895749332418))
646,0.9115669542854298,B0*s + B1*i*s ; B2 + B3*i**2*r,-0.0015636272575198*i*s - 0.000622439224925817*s ; 2.11580737430651e-5*i**2*r + 4.93258206211674
647,0.9115501469807682,B0 + B1*i + B2*s ; B3 + B4*r,0.00151387158538275*i + 0.158100163390059*s - 0.153359228552703 ; 0.0602866831625726*r - 5.11748676017233
648,0.9114904509292666,B0*i*s**3 ; B1*r + i,-0.252187467255945*i*s**3 ; i + 1.04945728353415*r
649,0.9114353944552028,B0*s + B1*i*s ; B2 + 2*sqrt(Abs(r)),-0.00130046066917719*i*s + 0.016350601283018*s ; 2*sqrt(Abs(r)) - 0.707911916556033
650,0.9113877591834613,B0 + B1*sqrt(Abs(i)) ; B2 + i + r,0.0380655063305542 - 0.00699186661034923*sqrt(Abs(i)) ; i + r - 0.176173788144685
651,0.9113844012561094,B0*i*s ; B1 - i - sqrt(Abs(B2 - i)),0.000914498029369015*i*s ; -i - sqrt(Abs(i + 1.44748931580667)) + 1.22100377332013
652,0.911380084449993,B0*i + B1*i*s ; Abs(i + 2*r)**(1/4),-0.00691757442526559*i*s + 0.00036409834744734*i ; Abs(i + 2*r)**(1/4)
653,0.9113750469977904,B0*i - i**2 ; -r + sqrt(Abs(B1 + B2*r)),-i**2 - 0.447664398001408*i ; -r + sqrt(Abs(1.12708345804053*r - 0.221172323310751))
654,0.9113721257064644,B0*i + B1*s ; i - r + sqrt(Abs(r)),-0.411148644104607*i - 0.0390856730587079*s ; i - r + sqrt(Abs(r))
655,0.9113279945004122,B0*i + B1*i**2 ; B2 + B3*r + i,0.00361702628758975*i**2 + 0.00124411584807155*i ; i + 0.881670184307813*r - 0.768015171242124
656,0.9112917763855749,B0*i*s ; r + sqrt(Abs(i)) - Abs(r)**(1/4),0.000905082738136533*i*s ; r + sqrt(Abs(i)) - Abs(r)**(1/4)
657,0.9112812520676368,B0*i + B1*i*s ; Abs(B2 + i + r)**(1/4),-0.0221755374357041*i*s + 0.00132417079573688*i ; Abs(i + r - 0.0514616282659089)**(1/4)
658,0.9111972939813503,B0*i + B1*s ; B2 + i + sqrt(Abs(r)),0.0442918349919024*i + 0.0244809419352362*s ; i + sqrt(Abs(r)) - 1.00349732706721
659,0.911188843282561,B1*s*Abs(B0 - i)**(1/4) ; B2 + r,0.0444607563247252*s*Abs(i - 0.0400356681109139)**(1/4) ; r - 0.00111014939302312
660,0.9111872896301457,s - Abs(s)**(5/4) ; sqrt(Abs(i + r + sqrt(Abs(i)))),s - Abs(s)**(5/4) ; sqrt(Abs(i + r + sqrt(Abs(i))))
661,0.9111872896301457,s - Abs(s)**(5/4) ; sqrt(Abs(r + sqrt(Abs(B0 + r)))),s - Abs(s)**(5/4) ; sqrt(Abs(r + sqrt(Abs(r + 71.2864657536619))))
662,0.9111872896301457,s - Abs(s)**(5/4) ; sqrt(Abs(B0 + i*sqrt(Abs(r)))),s - Abs(s)**(5/4) ; sqrt(Abs(i*sqrt(Abs(r)) + 0.0411522398613799))
663,0.9111664993954117,B0 + B1*i + B2*s ; B3 + Abs(B4 + i)**(1/8),-0.00157825814377635*i + 0.156499766495173*s - 0.158679088929572 ; Abs(i + 10.5550521446897)**(1/8) + 5.85017408318139
664,0.9111632937348807,B0*i**2*s ; B1 + B3*sqrt(Abs(B2 + sqrt(Abs(r)))),0.000792311814475677*i**2*s ; 0.891024082653414*sqrt(Abs(sqrt(Abs(r)) - 4.07643679553509)) + 0.0194559346641388
665,0.9111124206235998,B0*i**2*s**2 ; B1 + i**2 - i - r,0.42939947611365*i**2*s**2 ; i**2 - i - r - 0.0228121906067853
666,0.9111046598060776,B0 + B1*i + B2*s ; B3 + i + r,-0.00155116190861959*i + 0.152559141643278*s - 0.15542201207094 ; i + r + 7.23882579062683
667,0.9110854577998398,B0*i + B1*s ; sqrt(Abs(i)),-0.00935130210591296*i + 2.71714915936237*s ; sqrt(Abs(i))
668,0.9110815121725006,B0 + B1*i + B2*s ; B3*sqrt(Abs(i)),-0.00121245279839666*i + 0.140093381949852*s - 0.121833696818621 ; 1.75638879139892*sqrt(Abs(i))
669,0.9110705793841137,B0*i**3*s ; B1 + B2*i,0.0953335622394568*i**3*s ; 0.223820981515121*i - 0.207164384447052
670,0.9110560680435398,B0 + B1*i + B2*s ; B3*sqrt(Abs(r)) + sqrt(Abs(i)),-0.00120903316841117*i + 0.140076345204923*s - 0.121510297062285 ; sqrt(Abs(i)) + 0.767257924457643*sqrt(Abs(r))
671,0.911054256423745,B0*i**2*s**2 ; B1 + i + sqrt(Abs(r)),0.334722748166031*i**2*s**2 ; i + sqrt(Abs(r)) - 0.191650543321532
672,0.9110391206097211,B0*i*sqrt(Abs(s)) ; B1 + B2*i + B2*r,0.00351534067300123*i*sqrt(Abs(s)) ; 2.46839764671775*i + 2.46839764671775*r - 1.80161126412173
673,0.9110154917218372,B0*i**2*s**2 ; B1 + B2*i,6.98561986540736e-5*i**2*s**2 ; 3.88556329163284 - 0.0260474753326638*i
674,0.9109740269890918,B0*i*s ; Abs(i)**(1/8)*Abs(r)**(1/4),0.313698290525316*i*s ; Abs(i)**(1/8)*Abs(r)**(1/4)
675,0.9109740268034593,B0*i*s ; Abs(r**2 + Abs(r)**(3/2))**(1/4),0.313701468654692*i*s ; Abs(r**2 + Abs(r)**(3/2))**(1/4)
676,0.910898480493428,B0 + B1*Abs(i)**(1/4) ; B2 + B3*i,0.0505510651289866 - 0.0157392772709962*Abs(i)**(1/4) ; 0.0492593448535789 - 0.354295559750437*i
677,0.9108709608552883,B0 + B1*i ; B2*r + 2*i,1.87927003454744*i + 0.00409146223641178 ; 2*i + 0.00428115945369442*r
678,0.91078977147548,B0 + B1*sqrt(Abs(i))*sqrt(Abs(s)) ; B2 + B3*i*r + i,0.433761671751125*sqrt(Abs(i))*sqrt(Abs(s)) - 0.0605532872449355 ; -1.67254765151567*i*r + i - 0.0247158079853658
679,0.9107761254476928,B0*i + B1*s ; B2 + B3*Abs(r)**(1/4),-3.47740863632203*i - 1.05806798768162*s ; 0.202598192750422 - 0.197137840326918*Abs(r)**(1/4)
680,0.9107757836454614,B0*i**2*sqrt(Abs(s)) ; B1 + i**2,0.920963763439515*i**2*sqrt(Abs(s)) ; i**2 - 0.0257526693404569
681,0.9107721032578087,B0 + B1*sqrt(Abs(i)) ; B2*sqrt(Abs(i)),0.0488670815060156 - 0.00459853794787704*sqrt(Abs(i)) ; 0.752459274383634*sqrt(Abs(i))
682,0.9106716563770543,B0 + B1*i + B2*s ; B3 + B4*sqrt(Abs(i)) + r,0.00151171811210239*i + 0.137481407476445*s - 0.150771571679491 ; r + 12.0010599867528*sqrt(Abs(i)) - 41.1267850919631
683,0.9106612454840998,B0*s + B1*i*s ; sqrt(Abs(i)),-0.00334231526474403*i*s + 0.0170951392556729*s ; sqrt(Abs(i))
684,0.9105740266010455,B0*i*s ; sqrt(Abs(i**2 + Abs(i)**(3/2))),-0.000894441619567202*i*s ; sqrt(Abs(i**2 + Abs(i)**(3/2)))
685,0.9105601140279844,B0*i + B1*s ; B2 - sqrt(Abs(r)),-0.10731134857168*i - 0.0467872164143085*s ; 1.03858696428929 - sqrt(Abs(r))
686,0.91036415609174,B0 + B1*i**2*s ; sqrt(Abs(r + sqrt(Abs(B2 + i)))),1.29891344468441e-5*i**2*s + 0.0136748439508432 ; sqrt(Abs(r + sqrt(Abs(i - 947.643688949383))))
687,0.9101815732030152,B0*s + B1*i*s ; sqrt(Abs(r - sqrt(Abs(i)))),0.00301823729828449*i*s + 2.7343913147926*s ; sqrt(Abs(r - sqrt(Abs(i))))
688,0.9101114328323174,B0*i + B1*i**2 ; sqrt(Abs(B2*sqrt(Abs(i - r)) + i)),-2.29599550430071e-5*i**2 - 0.00230496473450988*i ; sqrt(Abs(i + 7.20579158216431*sqrt(Abs(i - r))))
689,0.9100675130587557,B0*s**2*sqrt(Abs(i)) ; sqrt(Abs(i)),0.0212148399937101*s**2*sqrt(Abs(i)) ; sqrt(Abs(i))
690,0.9100125887393926,B0*i**2 ; B1 + Abs(B2*r + B3)**(1/4),0.197668609981219*i**2 ; Abs(0.000277338763987945*r - 0.000324680426778855)**(1/4) - 0.0269102644735028
691,0.9099914084387906,i*s ; B0 + 2*i,i*s ; 2*i - 0.0568826516037057
692,0.9099614686375895,B0*Abs(i)**(1/4) + B1*i ; B2 + B3*sqrt(Abs(r)),0.00122636927366775*i + 0.0392071376106537*Abs(i)**(1/4) ; 1.05901692918796*sqrt(Abs(r)) - 0.21281409726591
693,0.9099492247822246,B0*i*s ; B1 + i + sqrt(Abs(B2 + sqrt(Abs(i)))),-1.31166511569908*i*s ; i + sqrt(sqrt(Abs(i)) + 0.300018936763544) - 0.61729111314453
694,0.9097126200748138,B0*i + B1*i*s ; -i - r + 2**(1/8)*Abs(r)**(1/8),-0.00838875500420995*i*s + 1.35971084718983e-5*i ; -i - r + 2**(1/8)*Abs(r)**(1/8)
695,0.9096764243031402,B0 + B1*i ; i*sqrt(Abs(r + Abs(i)**(1/4))),0.893458869197801*i - 1.59521789395072e-5 ; i*sqrt(Abs(r + Abs(i)**(1/4)))
696,0.9096518667834491,B0*i + B1*i**2 ; B2*i - r + sqrt(Abs(r)),0.00948712246775985*i**2 + 0.00254635979902079*i ; -0.508805955812762*i - r + sqrt(Abs(r))
697,0.9095575611938541,B0*i + B1*i**2 ; B2 + i + r,-2.27896256266298e-5*i**2 - 0.00229333775313288*i ; i + r + 3.96116921978305
698,0.9094949329165172,B0*s*Abs(i)**(3/2) ; i**2 + r,9.14194251535016e-5*s*Abs(i)**(3/2) ; i**2 + r
699,0.9094870073268528,B0*i*s ; B1 + B2*i - i**2,-0.436271972249034*i*s ; -i**2 - 0.518014824138012*i + 0.0217114199025449
700,0.9094752974163636,B0*i + B1*i*s ; sqrt(Abs(i)),-0.0044067003058831*i*s + 0.000693782978310305*i ; sqrt(Abs(i))
701,0.909414962224942,B0 - i**2 ; B1*i + r,0.0401519663702591 - i**2 ; 3.97995743549917*i + r
702,0.909370958863958,B0 + B1*sqrt(Abs(s - sqrt(Abs(i)))) ; i*r,0.108356746527927 - 0.109955851675069*sqrt(Abs(s - sqrt(Abs(i)))) ; i*r
703,0.9093412032367918,B0*i*sqrt(Abs(s)) ; B1 + B2*i + B3*r,0.0271339589398417*i*sqrt(Abs(s)) ; 0.444868249716599*i + 0.405340495206028*r - 0.351729404176938
704,0.9092664423168958,B0*s + B1*i*s ; i + r,-0.0524482334932773*i*s + 0.0258491156222901*s ; i + r
705,0.9092434342449935,B0*i**2*s ; B1 + i,9.69572532175868*i**2*s ; i + 0.124820909134629
706,0.9091596011715614,B0 + B1*i + B2*s ; B3 - sqrt(Abs(r*sqrt(Abs(i)) + r)),0.000985753630911994*i + 0.120526651190812*s - 0.0970432752933618 ; 0.149698181905797 - sqrt(Abs(r*sqrt(Abs(i)) + r))
707,0.9091430712162688,B0*i**2 ; B1 + i - r,0.0684824434221898*i**2 ; i - r + 1.68809330474536
708,0.9090369734927906,B0 + B1*i + B2*s ; B3 + sqrt(Abs(i)),0.00147156009742292*i + 0.129383697017072*s - 0.144353382154492 ; sqrt(Abs(i)) - 14.4585109891347
709,0.9089749028031288,B0*i + B1*s ; B2 + Abs(i)**(1/4),-0.164803460203987*i + 2.55835577697818*s ; Abs(i)**(1/4) - 0.856034047839251
710,0.9087724036110922,B0 + B1*i*s ; B2 + i,-1.47120302922435*i*s + 0.0111298864326763 ; i + 0.0795622403480181
711,0.9087137191020978,B0 + B1*sqrt(Abs(i)) ; B2 + B3*i*sqrt(Abs(r)),0.108697551821525*sqrt(Abs(i)) - 0.00949340740530427 ; 0.522049226414788*i*sqrt(Abs(r)) - 0.00405979136117544
712,0.9085045230483005,B0*i + B1*i**2 ; B2 - r - sqrt(Abs(i)),-0.0385868859657846*i**2 + 0.0944318179208358*i ; -r - sqrt(Abs(i)) + 0.140234336592467
713,0.9084685902267405,i*s ; B0*r + i - r**2,i*s ; i - r**2 - 0.019428334679345*r
714,0.9084640318271092,B1*sqrt(Abs(B0 + sqrt(Abs(i)))) ; sqrt(Abs(r - sqrt(Abs(i)))),0.015324288677072*sqrt(Abs(sqrt(Abs(i)) - 9.99574497627826)) ; sqrt(Abs(r - sqrt(Abs(i))))
715,0.908456827398459,B0*i + B1*s ; B2*i + B2*r,0.0142880969417603*i + 2.72908780770461*s ; -5.59143283011359*i - 5.59143283011359*r
716,0.9083321749031802,B0*i*s ; B1 - i*sqrt(Abs(B2 + r)),0.000843263499500025*i*s ; -i*sqrt(Abs(r - 0.314416088780959)) - 0.0112066720961063
717,0.9083040670185186,B0*i*sqrt(Abs(s)) ; sqrt(Abs(B1 + r)),-0.000364985875971665*i*sqrt(Abs(s)) ; sqrt(Abs(r + 223.579650951437))
718,0.9082819084592791,B0*i ; -r + sqrt(Abs(B1*i + r)),-0.0377120654642541*i ; -r + sqrt(Abs(0.890481249519616*i - r))
719,0.9082602294592913,B0*i*sqrt(Abs(s)) ; B1 + B2*sqrt(Abs(r)),0.000368280925018335*i*sqrt(Abs(s)) ; -0.250419251625003*sqrt(Abs(r)) - 12.9693475503155
720,0.9081502409675001,B0*s*Abs(i)**(1/4) ; B1*r,0.0777108774855688*s*Abs(i)**(1/4) ; 2.59579937606005*r
721,0.9081501911089039,B0*s*Abs(i)**(1/4) ; r,0.0776463644452934*s*Abs(i)**(1/4) ; r
722,0.9081335884485349,B0 + B1*i ; i + r,0.000684792691086734*i + 0.0276478964798552 ; i + r
723,0.9081173693065041,B0 + B1*i + B2*s ; sqrt(2)*sqrt(Abs(i)),-0.00179117536128231*i + 0.223013799582226*s - 0.197616720589175 ; sqrt(2)*sqrt(Abs(i))
724,0.9079742250080448,B0 + B1*Abs(s)**(1/4) ; r,0.0592905726183693*Abs(s)**(1/4) - 0.0103259832340711 ; r
725,0.9079596776547246,B0*i*sqrt(Abs(s)) ; B1 + i*r**2,-0.525207031812799*i*sqrt(Abs(s)) ; i*r**2 + 0.0534114016714278
726,0.9078993234748479,B0 + B1*i + B2*s ; B3 + B4*i,1.57579060042745*i + 0.00955243693847866*s - 0.0570871491920521 ; 1.73205363979418*i - 0.0617855124828234
727,0.907899174869469,B0 + B1*i + B2*s ; B3 + B4*r + i,2.65333965557565*i + 1.11027903344036*s - 1.15731957634563 ; i - 0.708815259921403*r - 0.0359574570838831
728,0.9078409920229097,B0*i + i*s ; B1 + B2*i,i*s - 0.43711276188608*i ; 0.0496452611034024*i + 0.00677698541528141
729,0.9077915024584426,B0*Abs(s)**(3/2) ; B1*r + i,0.0458740934934374*Abs(s)**(3/2) ; i + 0.000150350143611141*r
730,0.9077915024304644,B0*Abs(s)**(3/2) ; B1 + r,0.045876454644902*Abs(s)**(3/2) ; r + 0.00618433387875715
731,0.9077915023689775,B0*Abs(s)**(3/2) ; B1*r,0.0458774872513964*Abs(s)**(3/2) ; 3.79879566366105*r
732,0.9077915023164969,B0*Abs(s)**(3/2) ; B1 - i*r,0.0458715851814724*Abs(s)**(3/2) ; -i*r + 1.26566063755669
733,0.9077915009981794,B0*Abs(s)**(3/2) ; B1 + i,0.045885074402901*Abs(s)**(3/2) ; i + 0.00526970919795227
734,0.9077915008012029,B0*Abs(s)**(3/2) ; B1*sqrt(Abs(i)),0.045885738490902*Abs(s)**(3/2) ; 0.853693739751355*sqrt(Abs(i))
735,0.9077912348558554,B0*Abs(s)**(3/2) ; r**2,0.0457369620264291*Abs(s)**(3/2) ; r**2
736,0.9077912244679,B0*Abs(s)**(3/2) ; r,0.0457343131557004*Abs(s)**(3/2) ; r
737,0.9077912244396089,B0*Abs(s)**(3/2) ; i,0.0460156035220916*Abs(s)**(3/2) ; i
738,0.9077911917836452,B0*Abs(s)**(3/2) ; 2*r,0.0457262872542322*Abs(s)**(3/2) ; 2*r
739,0.9077911893628958,B0*Abs(s)**(3/2) ; sqrt(Abs(i)),0.0457257100344093*Abs(s)**(3/2) ; sqrt(Abs(i))
740,0.9077641671553528,B0 + B1*i + B2*s ; B3 + i,0.850782852051791*i + 0.0165520151840498*s - 0.0488724566882267 ; i - 0.0556541808699856
741,0.9077232499561467,B0*i*s ; i + sqrt(Abs(B1 + 2*i)),-0.0451520824120593*i*s ; i + sqrt(Abs(2*i + 0.274466801019585))
742,0.9077174789943523,B0*s + i*s ; B1 + i,i*s - 0.0559723729480029*s ; i - 0.0682539473000559
743,0.9076726062430608,B0*i + B1*i**2 ; B2*i*r + i,0.242586276956885*i**2 + 1.13761297997874*i ; 0.334358694548263*i*r + i
744,0.9076392486919578,B0 + B1*i + B2*s ; B3*i*r + i,1.15145621183917*i - 0.000135434318610659*s - 2.02537308667034e-5 ; 0.33745741689361*i*r + i
745,0.9076363954635572,B0*i ; B1 + B2*i*r + i,1.14588015092122*i ; 0.331596946362839*i*r + i - 3.52409472934137e-5
746,0.9076253475773373,B0*i*sqrt(Abs(s)) ; B1 + r,0.000364018086604783*i*sqrt(Abs(s)) ; r - 0.827471916977618
747,0.9075507379291964,B0*i*s ; i*r + sqrt(Abs(i)),-0.0628827944858096*i*s ; i*r + sqrt(Abs(i))
748,0.9074674193453768,B0*i + B1*s ; i**2,0.114073162460731*i + 0.031942399283251*s ; i**2
749,0.9073554568768402,B0 + B1*i + B1*s ; B2 + B3*i**2 + i,7.29053883884226*i + 7.29053883884226*s - 17.3298502933552 ; 0.0137821756857065*i**2 + i - 6.87498368280641
750,0.9073330282681402,B0*i*sqrt(Abs(s)) ; i,1.19565994746665*i*sqrt(Abs(s)) ; i
751,0.9072929914439897,B0*i + B1*s ; B2 + B3*i + B4*r,-0.00473008126169043*i - 0.015767680373403*s ; -3.94758994894482*i - 4.12712144224589*r + 3.81279638726188
752,0.9072855421758966,B0*s + B1*i*s ; B2 + r,0.000987933663554861*i*s + 0.0258489190216308*s ; r - 0.00567632030497212
753,0.9072539859061833,B0 + B1*i ; B2 + sqrt(Abs(B3 + sqrt(Abs(r)))),0.000467623542631576*i + 0.0467442869465148 ; sqrt(Abs(sqrt(Abs(r)) - 3.3686839576963)) + 1.1514649757693
754,0.9071415083828819,B0*i*sqrt(Abs(s)) ; -i + r,0.000367695404065334*i*sqrt(Abs(s)) ; -i + r
755,0.9070822929686186,B0*i + B1*i*s ; B2 + i,0.315341239364641*i*s + 0.854089206649459*i ; i + 7.61808523778943e-5
756,0.9070809242073222,B0 + B1*i ; sqrt(Abs(B2 + i - sqrt(Abs(i)))),0.000470270954425712*i + 0.0498333236121284 ; sqrt(Abs(i - sqrt(Abs(i)) + 8.46742998773569))
757,0.9070666726393156,B0*i + B1*i*s ; i,0.314823207739607*i*s + 0.852583329231409*i ; i
758,0.9070617712324927,B0*i + B1*i**2 ; B2 + sqrt(Abs(B3*r - i)),-0.255873658198391*i**2 + 0.240134406180565*i ; sqrt(Abs(i - 3.05263589344557*r)) - 0.742448347920638
759,0.9069296975474149,B0 + B1*sqrt(Abs(i)) ; B2*r + sqrt(Abs(i)),0.0532614867819643 - 0.005149357167751*sqrt(Abs(i)) ; -0.0808538292486958*r + sqrt(Abs(i))
760,0.9068909136825455,B0 + B1*sqrt(Abs(i)) ; i + r,0.0398199547876449 - 0.00618643494063824*sqrt(Abs(i)) ; i + r
761,0.9068183779896692,B0 + B1*i ; i*r + i,1.12083800178425*i + 0.0024298443212175 ; i*r + i
762,0.9067211414652601,B0*i ; B1 + B2*i + B3*r,-0.460089279018621*i ; -0.331344381084367*i - 0.0345750559372135*r + 0.0318239870416229
763,0.9066382710696854,B0 + B1*s + Abs(s)**(3/2) ; B2*i**2,1.27146347101367*s + Abs(s)**(3/2) - 2.44495797119973 ; 0.00177170618344078*i**2
764,0.9066382623629043,B0 + B1*s + Abs(s)**(3/2) ; B2*i*r,1.27155448306026*s + Abs(s)**(3/2) - 2.44489550473361 ; 40.2923556951728*i*r
765,0.9065474063726463,B0*Abs(i)**(1/4) + B1*i ; sqrt(Abs(B2 + B3*r)),0.00108268773884492*i + 0.0345542799825171*Abs(i)**(1/4) ; sqrt(Abs(0.635891458357643*r - 0.09822908590749))
766,0.9064293984361365,B0 + B1*i + B2*s ; B3*r - i,0.000794095905145344*i + 0.101329082520353*s - 0.0755857063347885 ; -i - 0.0753552640495338*r
767,0.9064282970514458,B0 + B1*i + B2*s ; B3 - i + sqrt(Abs(r)),0.000807728343726192*i + 0.10143450121814*s - 0.0770538311004133 ; -i + sqrt(Abs(r)) - 0.598529414724693
768,0.9064168935032249,B0 + B1*i**2*s ; r*sqrt(Abs(i)) + r,0.285236451611719*i**2*s + 0.0297140454111704 ; r*sqrt(Abs(i)) + r
769,0.9064088734743194,B0 + B1*i + B2*s ; B3 + r + sqrt(Abs(B4 + i)),0.000807363006785589*i + 0.101035039078154*s - 0.0769495779293862 ; r + sqrt(Abs(i - 0.162968922749242)) - 0.60095869121958
770,0.9064042503987028,B0 + B1*i + B2*s ; B3 + i - sqrt(Abs(r)),1.21333307439292*i + 0.630882824545612*s - 0.606685808151279 ; i - sqrt(Abs(r)) + 0.194699862345084
771,0.9063776334848671,B0 + B1*i + B2*s ; B3 - i + sqrt(Abs(i + sqrt(Abs(r)))),0.000807896161016446*i + 0.101446283911201*s - 0.0770850236629344 ; -i + sqrt(Abs(i + sqrt(Abs(r)))) - 1.0051206583256
772,0.9063746410089031,B0 + B1*i + B2*s ; B3 - i,0.000788316788627615*i + 0.100802693010265*s - 0.0750697612275756 ; 0.0143084265967356 - i
773,0.9063572626596141,B0 + B1*i + B2*s ; B3 + i + 2*r,-0.000786964980712963*i + 0.100775326183868*s - 0.0749557749078684 ; i + 2*r - 0.01415301213567
774,0.9063541664878468,B0*i + B0*sqrt(Abs(i)) ; B1 + B2*sqrt(Abs(r)),0.15423671911273*i + 0.15423671911273*sqrt(Abs(i)) ; 0.0736543432346059 - 0.0654303360420461*sqrt(Abs(r))
775,0.9063285769976819,B0 - sqrt(Abs(B1 + i)) ; i - r + sqrt(Abs(B2 - r)),1.04414753152281 - sqrt(Abs(i + 1.10958185467175)) ; i - r + sqrt(Abs(r - 0.0969319942519279))
776,0.9062952120142186,B0*i ; B1 + B2*r + 2*i,0.00786603803787853*i ; 2*i + 1.84035381600469*r - 1.71367264139363
777,0.9061534866282609,B0*i + B1*s ; B2 + r + sqrt(Abs(r)),-0.000222177750838157*i + 0.0508824513567998*s ; r + sqrt(Abs(r)) - 0.148914051736237
778,0.9061136566159376,B0*s + B1*i*s ; B2 - i,-0.000860367468213844*i*s + 0.0202095406925619*s ; 0.0634688408341025 - i
779,0.9061089581376991,B0*s + B1*i*s ; B2 + Abs(i)**(3/2),0.663285818309011*i*s - 0.0143586192774427*s ; Abs(i)**(3/2) - 0.00711259356068564
780,0.906098808220135,B0*i + B1*s ; B2 + r - Abs(r)**(1/4),0.00022178914346837*i + 0.0505950748265913*s ; r - Abs(r)**(1/4) + 0.396168941015435
781,0.9060805305292525,B0*i + B1*s ; B2 + r,-0.000221855433459547*i + 0.0507201733757069*s ; r + 0.0306177014031747
782,0.9060137436937499,B0*s*sqrt(Abs(i)) ; -i*sqrt(Abs(r)) + i + r,0.0110160980299992*s*sqrt(Abs(i)) ; -i*sqrt(Abs(r)) + i + r
783,0.9060113700394608,B0 + B1*i + B2*s ; B3 + r,0.000810833593210466*i + 0.10753048039602*s - 0.0784866964044615 ; r - 0.0150517257982224
784,0.9057904330505909,s*sqrt(Abs(B0 + B1*i)) ; B2*sqrt(Abs(i)),s*sqrt(Abs(0.0169107520272132*i - 0.000921041682401591)) ; 0.00294065544257236*sqrt(Abs(i))
785,0.9056916395866502,B0 + B1*i ; B2 + 2*i + r,0.0492041505135965*i - 0.0436205719542696 ; 2*i + r - 1.99918024454668
786,0.9056629141233989,B0*i + B1*s ; Abs(i)**(3/2),0.172029028486141*i + 0.0272741408785067*s ; Abs(i)**(3/2)
787,0.905608074816776,B0 + B1*i**2*s ; B2*i + 2*r,0.525306973395619*i**2*s + 0.0316024275905638 ; 4.56764170792512*i + 2*r
788,0.9055236216723371,B0*i + B0*s ; B1 + B2*Abs(i)**(1/4),0.0455486074426303*i + 0.0455486074426303*s ; 0.155212098491155*Abs(i)**(1/4) - 0.0924364094018846
789,0.9055162765725815,B0*Abs(i)**(1/4)*Abs(s)**(3/4) ; i**2,0.0808332822116395*Abs(i)**(1/4)*Abs(s)**(3/4) ; i**2
790,0.9054315973713339,B0*i + B1*s ; B2 + r + sqrt(Abs(i)),-0.000205458081302721*i + 0.047711578884737*s ; r + sqrt(Abs(i)) - 0.103814897598154
791,0.9053412855314761,B0 + B1*s ; B2*sqrt(Abs(r)) - r,0.0432562750113271*s + 0.00626813328001802 ; -r + 0.00857829047937142*sqrt(Abs(r))
792,0.9053412853421859,B0 + B1*s ; B2 + sqrt(Abs(B3 + r)),0.0432522328144539*s + 0.0062701663462499 ; sqrt(Abs(r + 0.00656527264505698)) + 0.0157350151749933
793,0.9053412852450599,B0 + B1*i ; B2*sqrt(Abs(r)) + r,0.0495231849248523 - 0.0432518227424156*i ; r + 0.0274168957704906*sqrt(Abs(r))
794,0.9053412846682054,B0 + B1*s ; B2*i + sqrt(Abs(i)),0.0432585603700561*s + 0.00626168592881339 ; 0.00399056103513223*i + sqrt(Abs(i))
795,0.9053412840245039,B0 + B1*s ; B2 - r + sqrt(Abs(r)),0.0432497403130441*s + 0.00627681899176251 ; -r + sqrt(Abs(r)) + 0.000304468867070444
796,0.9053412837883584,B0 + B1*s ; B2 + r + sqrt(Abs(r)),0.0432500713242369*s + 0.00627751622785953 ; r + sqrt(Abs(r)) + 0.000128624582594538
797,0.9053412836854209,B0 + B1*s ; B2 + B3*sqrt(Abs(r)),0.0432527319414612*s + 0.00626150815680402 ; 0.126610191506752*sqrt(Abs(r)) + 93.6020643462581
798,0.9053412833844452,B0 + B1*s ; sqrt(Abs(B2 + 2*i)),0.0432679020952152*s + 0.00626054471955673 ; sqrt(Abs(2*i + 4.28957936936164))
799,0.9053412831471228,B0 + B1*s ; B2 + i - sqrt(2)*sqrt(Abs(i)),0.0432681931374624*s + 0.00626643427987718 ; i - sqrt(2)*sqrt(Abs(i)) + 13.1314143633932
800,0.9053412811557782,B0 + B1*s ; B2*sqrt(Abs(r)) - i,0.0432380634531414*s + 0.00627523890868629 ; -i + 7.01810070120911*sqrt(Abs(r))
801,0.9053412795151349,B0 + B1*s ; B2*i + B2*r,0.0432358521377469*s + 0.00628088397166306 ; 3.47517721785249*i + 3.47517721785249*r
802,0.9053412786200272,B0 + B1*i ; B2*Abs(r)**(5/4),0.0495446367800003 - 0.0432717079451326*i ; 99.9084773460008*Abs(r)**(5/4)
803,0.9053412777639303,B0 + B1*s ; B2 - i - sqrt(Abs(r)),0.0432333920854484*s + 0.00628311075172144 ; -i - sqrt(Abs(r)) + 6.63214408531183
804,0.9053412776537473,B0 + B1*s ; B2 + sqrt(Abs(i - r)),0.0432319688296367*s + 0.00627761954719111 ; sqrt(Abs(i - r)) + 18.9465686466572
805,0.9053412728668067,B0 + B1*i ; B2*i*sqrt(Abs(r)),0.049496178569757 - 0.0432350380448366*i ; 0.113132207483836*i*sqrt(Abs(r))
806,0.9053412628554433,B0 + B1*s ; 2*i - sqrt(Abs(i)),0.0432965772653765*s + 0.00625102903523002 ; 2*i - sqrt(Abs(i))
807,0.9053412231177802,B0 + B1*s ; -i + r - sqrt(Abs(i)),2.72178963941209*s + 0.391989509291581 ; -i + r - sqrt(Abs(i))
808,0.9053411095462672,B0 + B1*i ; sqrt(Abs(i))*Abs(r)**(1/4),0.0494586369520816 - 0.0431427678089976*i ; sqrt(Abs(i))*Abs(r)**(1/4)
809,0.9053411054143364,B0 + B1*s ; sqrt(Abs(i))*Abs(r)**(1/4),0.0433705806232409*s + 0.00621990422612473 ; sqrt(Abs(i))*Abs(r)**(1/4)
810,0.9053411037731421,B0 + B1*s ; i - r + sqrt(Abs(i)),0.0433711023149421*s + 0.00621968492808471 ; i - r + sqrt(Abs(i))
811,0.9053410969631851,B0 + B1*s ; sqrt(Abs(i))*Abs(r)**(3/2),0.0431387963498258*s + 0.00631754554298083 ; sqrt(Abs(i))*Abs(r)**(3/2)
812,0.9053410844052652,B0 + B1*i ; Abs(i)**(3/2)*sqrt(Abs(r)),0.0495942579807018 - 0.0433770897600807*i ; Abs(i)**(3/2)*sqrt(Abs(r))
813,0.9053410655201477,B0 + B1*i ; i*sqrt(Abs(r - Abs(r)**(3/4))),0.0494509226799761 - 0.043129417657096*i ; i*sqrt(Abs(r - Abs(r)**(3/4)))
814,0.9053397687351271,B0 + B1*i ; B2 - sqrt(Abs(B3 - i + r)),-0.213897124910908*i - 0.0230408247912476 ; 4.73976140826917 - sqrt(Abs(-i + r + 21.0923597354546))
815,0.9053207534204176,B0 - sqrt(Abs(B1 + s)) ; B2 + i*r,11.5894299355948 - sqrt(Abs(s - 134.169494459116)) ; i*r + 18.3592763803597
816,0.9052584541058535,B0*i + B1*i**2 ; sqrt(Abs(B2 + r)),-2.69357855803174e-5*i**2 - 0.0027237306010335*i ; sqrt(Abs(r + 0.572361666607231))
817,0.9052064483050991,B0 + B1*i ; sqrt(Abs(B2 + 2*i)),0.000449879644490304*i + 0.0500486841870075 ; sqrt(Abs(2*i + 30.1105975089403))
818,0.9051885885374088,B0 + B1*i + B1*s ; B2 + B3*r,0.000403091103450083*i + 0.000403091103450083*s + 0.0415099917891478 ; 0.369355804989473*r + 0.00547000125653578
819,0.9051718968204131,B0*i + B1*s ; i + r + Abs(r)**(3/2),-0.000199722407329909*i + 0.0468832013583875*s ; i + r + Abs(r)**(3/2)
820,0.9051702510691493,B0*sqrt(Abs(i)) + B1*i ; B2*r + r*sqrt(Abs(i)),-0.162837423283587*i + 0.17536425827303*sqrt(Abs(i)) ; r*sqrt(Abs(i)) + 0.000142264274214843*r
821,0.9051702284439419,B0*sqrt(Abs(i)) + B1*i ; Abs(r)**(3/2),-0.162943317468927*i + 0.175449876004626*sqrt(Abs(i)) ; Abs(r)**(3/2)
822,0.9051702245838902,B0*sqrt(Abs(i)) + B1*i ; i*r + sqrt(Abs(r)),-0.162950601354159*i + 0.175455812885797*sqrt(Abs(i)) ; i*r + sqrt(Abs(r))
823,0.9051702218706488,B0*sqrt(Abs(i)) + B1*i ; r,-0.162955414458219*i + 0.175459735828209*sqrt(Abs(i)) ; r
824,0.905170214688766,B0*sqrt(Abs(i)) + B1*i ; -r + sqrt(Abs(i))*sqrt(Abs(r)),-0.162967187578697*i + 0.175469331342315*sqrt(Abs(i)) ; -r + sqrt(Abs(i))*sqrt(Abs(r))
825,0.9051046651715413,B0 + B1*i**2 ; r,0.0445807923387306 - 0.0380826469395819*i**2 ; r
826,0.9051041966947144,B0*i*sqrt(Abs(s)) ; B1 + B2*sqrt(Abs(i)),0.000348392886180643*i*sqrt(Abs(s)) ; 403.708776416905 - 1672.31631297975*sqrt(Abs(i))
827,0.9050221301030297,B0*i*sqrt(Abs(s)) ; i**2 + i,1.22128491833458*i*sqrt(Abs(s)) ; i**2 + i
828,0.9049677024127945,B0 + B1*i + B2*s ; B3*i + 2*r,-0.000735543499265713*i + 0.0976250844661624*s - 0.0697265223476697 ; 0.00148279296237564*i + 2*r
829,0.9049313430093932,B0 + B1*i + B2*s ; B3 + r + sqrt(Abs(i)),-0.000792214388604164*i + 0.0904580937086455*s - 0.0773454240985768 ; r + sqrt(Abs(i)) - 0.113986844283922
830,0.9049169741110054,B0*i + B1*s ; B2 - r,-0.0963750132818157*i - 0.0432508167031782*s ; 1.06741334605803 - r
831,0.9048878607228926,B0*i + B1*s ; sqrt(Abs(i)) + sqrt(Abs(r)),-0.000214555932724597*i + 0.0497893254412866*s ; sqrt(Abs(i)) + sqrt(Abs(r))
832,0.9048865998057563,B0*i + B0*s ; i,0.0459529643785451*i + 0.0459529643785451*s ; i
833,0.9048041708054644,B0 + B1*i + B1*s ; B2*i + r,0.000392018872543337*i + 0.000392018872543337*s + 0.0408154401002591 ; 5.23198101365497e-7*i + r
834,0.9047519231289337,B0 + B1*i + B1*s ; B2 + r,0.000395043816410314*i + 0.000395043816410314*s + 0.0412833727667927 ; r + 5.46580062632904e-8
835,0.9047267167846106,B0 + B1*i*sqrt(Abs(s)) ; B2 + r,0.00169286933407526*i*sqrt(Abs(s)) + 0.0481203450103013 ; r + 1.63279339652589e-7
836,0.9046656696410401,B0*i + B0*s ; 2*i,0.0465990158647632*i + 0.0465990158647632*s ; 2*i
837,0.9046514152173853,B0*s ; sqrt(Abs(B1*i + B2)),0.0477149020914107*s ; sqrt(Abs(8.52167851988652*i + 3.52102765890416))
838,0.9046514152173821,B0*s ; r + sqrt(Abs(B1 - r)),0.0477150121000441*s ; r + sqrt(Abs(r - 0.158693655400712))
839,0.9046514152172703,B0*s ; B1*sqrt(Abs(i)) + r,0.0477148590330726*s ; r + 0.00178022139892492*sqrt(Abs(i))
840,0.9046514152172486,B0*s ; sqrt(Abs(B1 + B2*i)),0.0477150596662645*s ; sqrt(Abs(38.6708116128588*i + 0.92159474921038))
841,0.90465141521721,B0*s ; B1 - r + sqrt(Abs(i)),0.0477150697469734*s ; -r + sqrt(Abs(i)) + 0.163209389864541
842,0.9046514152160826,B0*s ; B1 - i + sqrt(Abs(i)),0.0477152334491037*s ; -i + sqrt(Abs(i)) + 0.000277374559109949
843,0.9046514152157531,B0*s ; B1 + r - sqrt(Abs(i)),0.0477146471821376*s ; r - sqrt(Abs(i)) + 1.76847679328889
844,0.9046514152156782,B0*s ; sqrt(Abs(B1 + 2*r)),0.0477152721432838*s ; sqrt(Abs(2*r + 0.0077424011760205))
845,0.9046514152137775,B0*s ; B1 - r + sqrt(Abs(r)),0.0477145006247638*s ; -r + sqrt(Abs(r)) + 0.00153359699129958
846,0.9046514152104578,B0*s ; B1*r*sqrt(Abs(i)),2.7188870348985*s ; 0.0288930201269089*r*sqrt(Abs(i))
847,0.904651415209916,B0*s ; B1 + sqrt(Abs(B2 + i)),0.0477143030669564*s ; sqrt(Abs(i + 3.46055553800372)) + 0.0276902353053972
848,0.9046514152089757,B0*s ; sqrt(Abs(B1 - i + r)),0.0477156490868792*s ; sqrt(Abs(-i + r + 0.000303982884889953))
849,0.9046514151966468,B0*s ; B1 + i + sqrt(Abs(r)),0.0477160422821385*s ; i + sqrt(Abs(r)) + 1.84741236374763
850,0.9046514151919942,B0*s ; B1 + sqrt(Abs(B2 - r)),2.71888582494513*s ; sqrt(Abs(r - 21.9135096850816)) + 6.18613525213105
851,0.9046514151903272,B0*s ; sqrt(Abs(B1 - 2*i)),0.0477161964031181*s ; sqrt(Abs(2*i - 25.2839993284428))
852,0.9046514151707093,B0*s ; B1*r + sqrt(Abs(i)),0.0477133281286568*s ; 56.6442082619504*r + sqrt(Abs(i))
853,0.9046514151687295,B0*s ; sqrt(Abs(B1 + B2*r)),0.0477132939947954*s ; sqrt(Abs(26.7716291366822*r + 0.00644083454385946))
854,0.904651415166508,B0*s ; B1*r + sqrt(Abs(r)),2.718887742456*s ; 1.07196085611974*r + sqrt(Abs(r))
855,0.9046514150942071,B0*s ; B1*i + sqrt(Abs(i)),0.0477123122756034*s ; 1.78421900852958*i + sqrt(Abs(i))
856,0.904651415069198,B0*s ; B1*i + B1*r,0.047712056368981*s ; 0.000541069227176566*i + 0.000541069227176566*r
857,0.9046514149975936,B0*s ; B1 + B2*sqrt(Abs(r)),0.0477114247850179*s ; 0.291105336080962*sqrt(Abs(r)) + 0.0163240872787149
858,0.9046514149492965,B0*s ; B2*sqrt(Abs(B1 - r)),0.0477110561211016*s ; 0.00140680487450932*sqrt(Abs(r - 6.68734078007592))
859,0.9046514148581118,B0*s ; B1*i*sqrt(Abs(r)),0.0477104414272609*s ; 6.85992771893304*i*sqrt(Abs(r))
860,0.904651414767469,B0*s ; B1 - i - sqrt(Abs(r)),0.0477099039756494*s ; -i - sqrt(Abs(r)) + 0.0043390582526155
861,0.904651414704906,B0*s ; B1 + r + sqrt(Abs(r)),0.0477095641773153*s ; r + sqrt(Abs(r)) + 0.433928842450893
862,0.9046514144787078,B0*s ; sqrt(Abs(B1*i + r)),0.047721430053826*s ; sqrt(Abs(0.00169057246183864*i + r))
863,0.904651414313832,B0*s ; i + sqrt(Abs(B1 + i)),0.0477077967567286*s ; i + sqrt(Abs(i + 38.4100894189745))
864,0.9046514142910734,B0*s ; i + sqrt(Abs(B1 - r)),0.0477222057628034*s ; i + sqrt(Abs(r - 0.000228110327618691))
865,0.9046514141046201,B0*s ; sqrt(Abs(B1 + i - r)),0.0477070110723049*s ; sqrt(Abs(i - r + 42.4176775123676))
866,0.9046514140922287,B0*s ; B1*Abs(r)**(5/4),0.0477069669604359*s ; 2.96457051647202*Abs(r)**(5/4)
867,0.9046514132040613,B0*s ; B1*sqrt(Abs(i + Abs(r)**(3/4))),0.0477042693964201*s ; 0.0021254469780761*sqrt(Abs(i + Abs(r)**(3/4)))
868,0.904651413113072,B0*s ; B1 + i + sqrt(Abs(i)),0.0477258828331973*s ; i + sqrt(Abs(i)) + 0.000100411969401985
869,0.9046513724713544,B0*s ; sqrt(Abs(i - 2*r)),0.0476657213718359*s ; sqrt(Abs(i - 2*r))
870,0.9046513717458807,B0*s ; -i + r + sqrt(Abs(r)),2.7189194356117*s ; -i + r + sqrt(Abs(r))
871,0.9046513714163203,B0*s ; 2**(1/4)*sqrt(Abs(i))*Abs(r)**(1/4),2.718919559746*s ; 2**(1/4)*sqrt(Abs(i))*Abs(r)**(1/4)
872,0.9046513686378395,B0*s ; r*Abs(i)**(5/4),0.0476635614664164*s ; r*Abs(i)**(5/4)
873,0.9046513686378395,B0*s ; i + r + sqrt(Abs(i)),0.0476635614664164*s ; i + r + sqrt(Abs(i))
874,0.9046513686378395,B0*s ; Abs(i)**(1/4)*sqrt(Abs(r)),0.0476635614664164*s ; Abs(i)**(1/4)*sqrt(Abs(r))
875,0.9044394525580893,B0*i + B1*s ; B2 - sqrt(Abs(B3 - i + r)),-0.239602084511554*i - 0.0124693449282452*s ; 4.80546065143501 - sqrt(Abs(-i + r + 21.937277272698))
876,0.9044078352730593,B0 + B1*sqrt(Abs(i)) ; B2 + B3*i,0.0522081835388592 - 0.00713932262724475*sqrt(Abs(i)) ; 0.00121827303063708*i - 0.895064847446597
877,0.9043888196772727,B0*i*s ; i + sqrt(Abs(2*i - r)),-0.0239276594744207*i*s ; i + sqrt(Abs(2*i - r))
878,0.904382075002919,B0*i*s ; B1*i + B2*sqrt(Abs(i + r)),0.400010224018376*i*s ; 0.100009890134721*i - 1.09882056469482e-6*sqrt(Abs(i + r))
879,0.9041514805881266,B0 + B1*i ; sqrt(Abs(B2 - i + sqrt(Abs(r)))),0.000447299884998264*i + 0.0481677790545516 ; sqrt(Abs(i - sqrt(Abs(r)) + 5.25376595342745))
880,0.9040918580198433,B0*i*sqrt(Abs(s)) ; B1 + i**2 + r,0.0349890553834138*i*sqrt(Abs(s)) ; i**2 + r - 0.744627305178861
881,0.90408517764466,B0*sqrt(Abs(i - s)) ; B1 + i,0.0366298780219664*sqrt(Abs(i - s)) ; i + 0.098543600830975
882,0.9040464512475905,B0 - i + sqrt(Abs(B1 + s)) ; B2 + i - r,-i + sqrt(Abs(s + 3.08731685599658)) + 0.885080320284687 ; i - r - 4.13774131392851
883,0.9040455122865797,B0*i*s + B0*s ; B1*sqrt(Abs(i)) + i,0.000706490741728051*i*s + 0.000706490741728051*s ; i - 9.99813387917814*sqrt(Abs(i))
884,0.9040387617047299,B0*i + B1*s ; B2 + i - r + sqrt(Abs(r)),-0.419073870380485*i - 0.0317500083233737*s ; i - r + sqrt(Abs(r)) - 0.0164142125429274
885,0.9040328473271374,B1*sqrt(Abs(B0 + s)) ; B2*i,0.0344142590423956*sqrt(Abs(s + 0.0949308317009265)) ; 0.0188419503725596*i
886,0.9040276658695258,B0*sqrt(Abs(i)) + B1*s ; B2 + sqrt(Abs(B3 + B4*r)),2.92737945929653*s + 0.415956177708044*sqrt(Abs(i)) ; sqrt(Abs(1.33824753921771*r - 0.287815976608897)) - 0.251734869409955
887,0.9040273569938307,B1*sqrt(Abs(B0 + s)) ; B2*r,0.0343914027676384*sqrt(Abs(s + 0.0970490845763058)) ; 0.000623511129828152*r
888,0.904023271714075,B1*sqrt(Abs(B0 - s)) ; r,0.034617344861378*sqrt(Abs(s + 0.111120687320548)) ; r
889,0.9040106311981114,B1*sqrt(Abs(B0 + s)) ; B2*i*r,0.034507883529948*sqrt(Abs(s + 0.106051079843995)) ; 0.000195631590421927*i*r
890,0.9040063854687674,B0 + B1*i + B2*s ; B3 - r,-2.44617555738039*i + 0.305696248886317*s - 61.8711494889692 ; -r - 0.0563313049341655
891,0.9039971698253317,B1*sqrt(Abs(B0 - i)) ; i**2*r,0.0348672157332972*sqrt(Abs(i - 1.08785641058992)) ; i**2*r
892,0.9039968251699392,B1*sqrt(Abs(B0 + s)) ; sqrt(Abs(r)),0.0349239746965256*sqrt(Abs(s + 0.0955709827936694)) ; sqrt(Abs(r))
893,0.9039855056474624,B1*sqrt(Abs(B0 - i)) ; B2*i*r,0.0347255589955133*sqrt(Abs(i - 1.08111558424453)) ; 0.000270470106884318*i*r
894,0.9039648536212971,B0*sqrt(Abs(i)) + B1*i ; B2 + sqrt(2)*sqrt(Abs(i)),0.0024656609491071*i + 0.0251147661483356*sqrt(Abs(i)) ; sqrt(2)*sqrt(Abs(i)) - 0.239337976057846
895,0.9039539850861593,B0 + B1*sqrt(Abs(s)) ; i + r - Abs(r)**(3/2),0.0503748550362876*sqrt(Abs(s)) - 0.000410330864724919 ; i + r - Abs(r)**(3/2)
896,0.9039427966028669,B0 + B1*i ; B2*sqrt(Abs(i)) - Abs(i)**(3/2),0.0420771959002271 - 0.000398137296821771*i ; -Abs(i)**(3/2) + 0.20033126739634*sqrt(Abs(i))
897,0.9039216880354924,B1*sqrt(Abs(B0 + s)) ; B2 - r,0.0342391641308055*sqrt(Abs(s + 0.0500529791171394)) ; 0.406606210300361 - r
898,0.903897748779424,B0 + B1*i + B1*s ; B2 + sqrt(Abs(r)),0.000457914857186329*i + 0.000457914857186329*s + 0.0463071221894866 ; sqrt(Abs(r)) - 0.189927475231405
899,0.9038921289966725,B0*i + B1*s ; B2*Abs(i - r)**(1/4),-0.000199185395039077*i + 0.047774420359029*s ; 3.54076528961151*Abs(i - r)**(1/4)
900,0.9038895237920685,B1*sqrt(Abs(B0 - s)) ; sqrt(Abs(B2 + B3*i)),0.0346112495916473*sqrt(Abs(s + 0.0641852680386461)) ; sqrt(Abs(0.00035318014818417*i + 46.0354818578745))
901,0.903884439920078,B1*sqrt(Abs(B0 + s)) ; B2 + r,0.0352981413242785*sqrt(Abs(s + 0.152824620598773)) ; r + 0.000395690241349283
902,0.9038591052147944,B0*i + B1*s ; B2*Abs(i)**(1/4),0.000198868378154907*i + 0.0477130690100525*s ; -4.15575665920455*Abs(i)**(1/4)
903,0.9038573736299768,B1*sqrt(Abs(B0 - i)) ; r,0.0352433082519124*sqrt(Abs(i - 1.08457406786477)) ; r
904,0.9038374306442095,B0*i*s ; sqrt(Abs(B1*r + B2 + B3*i)),-0.00159092049892645*i*s ; sqrt(Abs(2015.75440633554*i + 2005.86926878209*r + 26.5091856502564))
905,0.9038257037431476,B0*s + s*sqrt(Abs(B1 + i)) ; B2*r,s*sqrt(Abs(i + 3.35748370591514)) - 1.82801815281859*s ; 0.500231708494955*r
906,0.9038257036270124,B0*s + s*sqrt(Abs(B1 + s)) ; B2*r,s*sqrt(Abs(s - 4.35632615608436)) - 1.82770647423162*s ; 2.09544761484235*r
907,0.9038251107113165,B0 + B1*sqrt(Abs(i)) ; B2*i,0.0541972766914593 - 0.0369968233288561*sqrt(Abs(i)) ; -0.0158022148189178*i
908,0.9038225387497743,B0*i + B1*s ; B2 + sqrt(Abs(r)),-0.000200395172292102*i + 0.0482161127529096*s ; sqrt(Abs(r)) + 3.47981939112966
909,0.9038128422255216,B0*i + B1*s ; B2 - sqrt(Abs(i)),0.000200229050485448*i + 0.0481992184396533*s ; -sqrt(Abs(i)) - 3.4000591848673
910,0.903796977630597,B0 + B1*i + B2*s ; B3 + B4*i + B5*r,-1.00639288116937*i + 1.71872482979241*s + 60.091256438182 ; 0.0786346650173921*i - 0.0623573957930924*r - 1.30560273129213
911,0.9037242601344134,B0*s + B1*i*s ; sqrt(Abs(B2*r**2 + i*r)),0.261369463059219*i*s + 0.00512988347034913*s ; sqrt(Abs(i*r + 0.141877913224278*r**2))
912,0.903724260115444,B0*s + B1*s**2 ; sqrt(Abs(B2*i**3 + i)),-0.261365881825826*s**2 + 0.26649611029824*s ; sqrt(Abs(0.0206692088641927*i**3 + i))
913,0.9037242600842311,B0*s + B1*s**2 ; B2 + i*r + i*sqrt(Abs(r)),-0.261362577825773*s**2 + 0.266493155449162*s ; i*r + i*sqrt(Abs(r)) + 0.00482083331079463
914,0.9036902636681404,B0*i + B1*s ; -i + sqrt(Abs(r)),-0.000183909550046564*i + 0.0458664536086508*s ; -i + sqrt(Abs(r))
915,0.9036817456414783,B1*sqrt(Abs(B0 - i)) ; i*r**2,0.0355194909300711*sqrt(Abs(i - 1.05799093078923)) ; i*r**2
916,0.9036725930711655,B0*i ; B1 + 2*i + r,0.0467024063484764*i ; 2*i + r - 1.13974713329996
917,0.9036009186440964,B0 + B1*i + B2*s ; B3 + 3*r,-0.000688258784117187*i + 0.0885692547310867*s - 0.0638488397431176 ; 3*r + 1.41436184215028e-6
918,0.9035966054804035,B0*sqrt(Abs(s)) ; B1*r*sqrt(Abs(i)),0.0334136425878629*sqrt(Abs(s)) ; 0.00021477887930036*r*sqrt(Abs(i))
919,0.9035956851860731,B0*sqrt(Abs(s)) ; r + sqrt(Abs(B1 - r)),0.0334136429807949*sqrt(Abs(s)) ; r + sqrt(Abs(r - 0.0574899794137403))
920,0.9035931000835496,B0*sqrt(Abs(s)) ; sqrt(Abs(B1*r + B2)),0.0334136386528376*sqrt(Abs(s)) ; sqrt(Abs(0.0304418087335438*r + 0.0579069163092694))
921,0.9035929910960098,B0*sqrt(Abs(s)) ; i*sqrt(Abs(B1 + r)),0.033413638230874*sqrt(Abs(s)) ; i*sqrt(Abs(r + 0.0966037635785177))
922,0.9035912466314489,B0*sqrt(Abs(s)) ; B1*r + sqrt(Abs(i)),0.033413622944324*sqrt(Abs(s)) ; 30.5320608707815*r + sqrt(Abs(i))
923,0.9035902271278039,B0*sqrt(Abs(s)) ; sqrt(Abs(i))*Abs(r)**(1/4),0.0339835945451297*sqrt(Abs(s)) ; sqrt(Abs(i))*Abs(r)**(1/4)
924,0.9035902227199932,B0*sqrt(Abs(s)) ; r**2 + sqrt(Abs(i)),0.0339835867634884*sqrt(Abs(s)) ; r**2 + sqrt(Abs(i))
925,0.9035862084081,B0*sqrt(Abs(s)) ; sqrt(Abs(-B1 + i + r)),0.0339783787845717*sqrt(Abs(s)) ; sqrt(Abs(i + r - 0.200827566421257))
926,0.9035861521575618,B0*sqrt(Abs(s)) ; i*r + sqrt(Abs(i)),0.033403404871662*sqrt(Abs(s)) ; i*r + sqrt(Abs(i))
927,0.9035836029216775,B0*sqrt(Abs(s)) ; B1 + r + sqrt(Abs(i)),0.033934652017678*sqrt(Abs(s)) ; r + sqrt(Abs(i)) + 0.00368971645059872
928,0.9035783142817253,B0*sqrt(Abs(s)) ; B1 - i + sqrt(Abs(i)),0.0334386509576082*sqrt(Abs(s)) ; -i + sqrt(Abs(i)) + 0.00497166735862179
929,0.9035307339586149,B0*i + B1*i*s ; B2*Abs(r)**(3/2) + i*sqrt(Abs(r)),0.349778718131851*i*s - 0.0377433549129333*i ; i*sqrt(Abs(r)) + 0.000144697011421268*Abs(r)**(3/2)
930,0.9034952191413563,B0 + B1*i + B1*s**2 ; B2*i,-0.256714103692868*i - 0.256714103692868*s**2 + 0.261843958870229 ; -6.84747656278143e-5*i
931,0.903494599472203,B0 + B1*i**2 + B1*s ; r,-0.25676239840169*i**2 - 0.25676239840169*s + 0.261892373828413 ; r
932,0.9034479177310352,B1*s*sqrt(Abs(B0 + i**2)) ; sqrt(Abs(r)),0.274331224859854*s*sqrt(Abs(i**2 + 0.00185890176441323)) ; sqrt(Abs(r))
933,0.9034351007131484,B0*s*sqrt(Abs(i)) ; Abs(B1 + B2*r)**(1/8),0.0175766143993612*s*sqrt(Abs(i)) ; Abs(93.3093394572383*r - 65.749467436745)**(1/8)
934,0.9034259339142179,B0*i + B1*s ; sqrt(Abs(B2 + r)),-0.000194610879061878*i + 0.0475559906890914*s ; sqrt(Abs(r + 46.1345813875987))
935,0.9034154513141861,B0 + B1*i ; B2 + B4*sqrt(Abs(B3 + r)),0.000422556049309208*i + 0.0423666138992526 ; 0.814817722902127*sqrt(Abs(r - 0.711668137081359)) - 0.0904185699365598
936,0.9033679310856175,B0 + B1*i ; B2*i**2 + B2*r,0.000378848407957117*i + 0.039322100745175 ; 0.219161871255874*i**2 + 0.219161871255874*r
937,0.9033636389142009,B0*sqrt(Abs(i))*Abs(s)**(3/2) ; B1*r,0.127286930343167*sqrt(Abs(i))*Abs(s)**(3/2) ; 0.00368702325820309*r
938,0.9033382482408634,B0 + B1*i + B2*s ; B3 + i - r,-1.22557944512664*i - 0.44150346782873*s - 24.9848242781471 ; i - r + 41.7913511668666
939,0.9033321912835317,B1*s*sqrt(Abs(B0*s + i)) ; B2 + i + r,0.103791827296881*s*sqrt(Abs(i - 0.00896825805145575*s)) ; i + r - 0.00642819831517202
940,0.9033108897764186,B0*sqrt(Abs(i - s)) ; i,0.0325200381426475*sqrt(Abs(i - s)) ; i
941,0.9032992252387098,B0 + B1*i + B2*s ; B3 + 2*i,-0.61113580956433*i + 0.165675906987641*s - 15.833505129689 ; 2*i + 51.8538837872313
942,0.9032669567017939,i**2 ; B0 + i*r**2,i**2 ; i*r**2 + 0.0725915811477374
943,0.9032569601212322,B0*sqrt(Abs(i + s)) ; i,0.0334731933520453*sqrt(Abs(i + s)) ; i
944,0.9032476183070521,B0*s + s*sqrt(Abs(i)) ; B1 - sqrt(Abs(i)),s*sqrt(Abs(i)) - 0.415871543030132*s ; 0.529055200486221 - sqrt(Abs(i))
945,0.9032174169736708,B0 + B1*i ; B2 + B3*i*sqrt(Abs(r)),0.028521979780069 - 0.125040958621831*i ; 3.48279557928879*i*sqrt(Abs(r)) + 0.259948909078496
946,0.9031928909059485,B0*sqrt(Abs(i + s)) ; B1*Abs(i)**(3/2),0.0333641617642451*sqrt(Abs(i + s)) ; 13.5469498657502*Abs(i)**(3/2)
947,0.9031179734998563,B0 + B1*i ; sqrt(Abs(B2*Abs(i)**(1/4) - r)),0.00045314517129954*i + 0.0463482549863764 ; sqrt(Abs(r - 4.65044417157031*Abs(i)**(1/4)))
948,0.9031171143632685,B0*s**2 ; B1*sqrt(Abs(i)),0.0447728863036808*s**2 ; 0.00369556005229425*sqrt(Abs(i))
949,0.9031171143499406,B0*s**2 ; B1*i*r,0.0447716833030364*s**2 ; 0.000656163772060744*i*r
950,0.9031171141102317,B0*s**2 ; B1 + B2*i,0.0447773888862316*s**2 ; 0.31860965094289*i + 4.57849892178863
951,0.9031171140682202,B0*s**2 ; B1 + i,0.0447777585608727*s**2 ; i + 0.0308004876141169
952,0.9031171134580822,B0*s**2 ; B1 + r,0.0447639925834483*s**2 ; r + 0.234385371012705
953,0.9031171122921556,B0*s**2 ; sqrt(Abs(i)),0.0447860091191168*s**2 ; sqrt(Abs(i))
954,0.9031171081128488,B0*s**2 ; B1*r,0.044749734405878*s**2 ; 17.7823822546805*r
955,0.9031170951522006,B0*s**2 ; i + r,0.0447324012664693*s**2 ; i + r
956,0.9031170947788698,B0*s**2 ; i,0.0447320111586394*s**2 ; i
957,0.9031170944309435,B0*s**2 ; Abs(i)**(1/4),0.0447316509321986*s**2 ; Abs(i)**(1/4)
958,0.9031170943262798,B0*s**2 ; r**2,0.0447315431849459*s**2 ; r**2
959,0.9031170919932248,B0*s**2 ; sqrt(Abs(r - sqrt(Abs(r)))),0.0447292105996029*s**2 ; sqrt(Abs(r - sqrt(Abs(r))))
960,0.9031170911972037,B0*s**2 ; r,0.0448170900737398*s**2 ; r
961,0.9031170903507079,B0*s**2 ; sqrt(Abs(i - r)),0.0448178930361948*s**2 ; sqrt(Abs(i - r))
962,0.9031170733249947,B0*s**2 ; sqrt(Abs(r)),0.0447137823308811*s**2 ; sqrt(Abs(r))
963,0.9030502800045049,B0*i*s ; -i + sqrt(sqrt(Abs(i)) + sqrt(Abs(r))),-0.000683874814280811*i*s ; -i + sqrt(sqrt(Abs(i)) + sqrt(Abs(r)))
964,0.903004760572716,B0*i + B1*i**2 ; sqrt(Abs(i)),-2.67202110655835e-5*i**2 - 0.00269210458017879*i ; sqrt(Abs(i))
965,0.9029360062268391,B0*i**2*s**2 ; sqrt(Abs(-i + r + sqrt(Abs(i)))),2.76989120481551e-5*i**2*s**2 ; sqrt(Abs(-i + r + sqrt(Abs(i))))
966,0.9029312570571036,B0*i + B1*s ; Abs(B2 + r)**(1/4),-0.000186978505860512*i + 0.0466283124379032*s ; Abs(r + 7926.75456158513)**(1/4)
967,0.9028266502880388,i**2 ; B0 + B1*i + B2*r,i**2 ; -0.0883637379140954*i - 0.063643127883657*r + 0.0641467920095411
968,0.9027662968148601,B0*i*s + B0*s**2 ; B1 + B2*i - r,0.00162417207064482*i*s + 0.00162417207064482*s**2 ; -1.09318846732048*i - r - 3.27477725611072
969,0.9027537869039852,B0*s*Abs(i)**(1/4) ; sqrt(Abs(r - sqrt(Abs(B1 + i + r)))),0.0375349012989577*s*Abs(i)**(1/4) ; sqrt(Abs(r - sqrt(Abs(i + r - 0.0169060058936054))))
970,0.902730539940027,B0*s + B1*s*sqrt(Abs(i)) ; B2 - sqrt(Abs(i - r)),0.0152585645997621*s*sqrt(Abs(i)) - 0.00240072850433408*s ; 0.124918508330378 - sqrt(Abs(i - r))
971,0.9027198456702882,B0*sqrt(Abs(i))*Abs(s)**(3/4) ; B1 + r + sqrt(Abs(i))*sqrt(Abs(r)),0.00778510631656979*sqrt(Abs(i))*Abs(s)**(3/4) ; r + sqrt(Abs(i))*sqrt(Abs(r)) - 1.31018842663851e-8
972,0.902714016819177,B0*i*s ; B1*r - 3*i,0.000938539123094096*i*s ; -3*i - 2.04672776202002*r
973,0.9027098265357277,B0 + B1*i + B2*sqrt(Abs(s)) ; sqrt(Abs(B3 + 2*i + Abs(i)**(1/4))),-0.000957679637669106*i + 0.132766361544791*sqrt(Abs(s)) - 0.123409191845185 ; sqrt(Abs(2*i + Abs(i)**(1/4) - 12.1063753629509))
974,0.9026568846140572,B0*sqrt(Abs(i))*sqrt(Abs(s)) ; B1 + i,0.210300480219912*sqrt(Abs(i))*sqrt(Abs(s)) ; i - 0.00896353111804793
975,0.9026523692439146,B0*s + B1*s*sqrt(Abs(i)) ; B2*Abs(r)**(3/2) - i,0.0131525113351978*s*sqrt(Abs(i)) + 0.00541680245402269*s ; -i + 0.0995135348077133*Abs(r)**(3/2)
976,0.90262012502001,B0 + B1*i*s + B1*s ; sqrt(Abs(B2 - r)),-0.00162257161822329*i*s - 0.00162257161822329*s + 0.00227120087751722 ; sqrt(Abs(r + 10.4382227152342))
977,0.9026085863729867,B0 + B1*i*s + B1*s ; B2 + sqrt(Abs(r)),-0.00154903820443758*i*s - 0.00154903820443758*s + 0.00510430872641285 ; sqrt(Abs(r)) + 1.45007056515645
978,0.9025368876225096,B0*s + B1*s*sqrt(Abs(i)) ; B2*Abs(r)**(3/2),0.196406605454959*s*sqrt(Abs(i)) - 0.0231086933199289*s ; 0.0613821882092337*Abs(r)**(3/2)
979,0.9025368869102861,B0*s + B1*s*sqrt(Abs(i)) ; B2*r,0.196383677348599*s*sqrt(Abs(i)) - 0.0231053341243809*s ; 0.000910265482850019*r
980,0.9025368866290931,B0*s + B1*s*sqrt(Abs(i)) ; r,0.196383690793788*s*sqrt(Abs(i)) - 0.0231045392697072*s ; r
981,0.902473120980331,B0*i ; B1*r + i,0.995002109768604*i ; i + 0.000591420566816798*r
982,0.9022688713290778,B0*i + B1*i*s ; B2 - i,0.00101774825598078*i*s - 7.14735780039255e-5*i ; -i - 0.0146576341817517
983,0.902236865954065,B0 + B1*i ; B2 + B4*sqrt(Abs(B3 + i)),0.000432038267094164*i + 0.0435778597845605 ; 0.708122211591488*sqrt(Abs(i + 0.190639627167557)) + 0.00344928262392986
984,0.902223875678097,B0*Abs(s)**(3/4) + B1*s ; B2 + i + Abs(i)**(1/4),-0.0408551449551233*s + 0.0845318845420729*Abs(s)**(3/4) ; i + Abs(i)**(1/4) + 12.3910637841541
985,0.9021828740936917,B0*i*s ; -i - r + sqrt(Abs(B1 + i - r)),-0.00144254270793231*i*s ; -i - r + sqrt(Abs(-i + r + 3.38435387617325))
986,0.9020754167338443,s - Abs(s)**(5/4) ; sqrt(Abs(B0 + Abs(i)**(1/8))),s - Abs(s)**(5/4) ; sqrt(Abs(i)**(1/8) + 0.115329830926433)
987,0.9020517924461093,B0*i*s ; sqrt(Abs(B1*i*r + B2*i)),-0.00155803654387997*i*s ; sqrt(Abs(0.0324214852152051*i*r - 3.30588385219487*i))
988,0.9020420816405861,B0 + B1*s + B1*sqrt(Abs(i)) ; B2*sqrt(Abs(i)),0.314951345282895*s + 0.314951345282895*sqrt(Abs(i)) - 0.348723199333528 ; -0.00239687279763935*sqrt(Abs(i))
989,0.9020365066014336,B0 + B1*i ; B2 + sqrt(Abs(B3*i + r)),0.000434055350230878*i + 0.0437995518484181 ; sqrt(Abs(0.509015386619455*i + r)) - 0.131794005493862
990,0.9020103066099593,B0*sqrt(Abs(i)) + B1*i*s ; i*r + 2*r,0.288226006820015*i*s + 0.00777319583032306*sqrt(Abs(i)) ; i*r + 2*r
991,0.9020103060833128,B0*sqrt(Abs(i)) + B1*i*s ; r + sqrt(Abs(r)),0.288166534175404*i*s + 0.00779443821570386*sqrt(Abs(i)) ; r + sqrt(Abs(r))
992,0.9020081791060826,B1*Abs(B0 + i)**(1/4) ; sqrt(Abs(B2*i + B2*r)),0.0119525636813292*Abs(i + 99.9988966959186)**(1/4) ; sqrt(Abs(15.7755003564345*i + 15.7755003564345*r))
993,0.9019116084605052,B0*i + B1*s ; r + sqrt(2)*sqrt(Abs(i)),-0.000161164819388533*i + 0.0440938964254085*s ; r + sqrt(2)*sqrt(Abs(i))
994,0.901904034045047,B0*i*s ; B1 - i + r - sqrt(Abs(i)),0.000661377279126265*i*s ; -i + r - sqrt(Abs(i)) + 0.135784326643432
995,0.9018642868155594,B0*i*s ; sqrt(Abs(B1*r + i**2*r)),0.313686871775425*i*s ; sqrt(Abs(i**2*r + 8.93551213571751*r))
996,0.9018642867829444,B0*i*s ; B1*Abs(i)**(3/8)*Abs(r)**(1/8),0.313696770254409*i*s ; 1.03061823149681*Abs(i)**(3/8)*Abs(r)**(1/8)
997,0.9018642866532472,B0*i*s*sqrt(Abs(i + s)) ; i*r,0.313699573349669*i*s*sqrt(Abs(i + s)) ; i*r
998,0.9018642865747472,B0*i*s ; sqrt(Abs(B1*r**2 + B2*r)),0.313681790222522*i*s ; sqrt(Abs(56.6498955599986*r**2 + 0.646112644554949*r))
999,0.9018642862669574,B0*i*s ; Abs(B1*sqrt(Abs(r)) + B2*r)**(1/4),0.313704827012104*i*s ; Abs(0.000460263747810291*r + 0.000180819399576113*sqrt(Abs(r)))**(1/4)
1000,0.9018603684374609,B0 + B1*i*s + B1*s ; B2 + Abs(i)**(1/4),-0.00170246751206537*i*s - 0.00170246751206537*s - 0.0034171576106128 ; Abs(i)**(1/4) + 3.60340528075689
1001,0.9018316261913886,B0*i*s ; Abs(B1*sqrt(Abs(i)) + B2*i)**(1/4),-0.00687833527737784*i*s ; Abs(2.04233411551088*i + 1.93766706956393*sqrt(Abs(i)))**(1/4)
1002,0.9016897686498667,B0 + B1*sqrt(Abs(s)) + B2*s ; B3 - sqrt(Abs(i)),-0.598105770119997*s + 0.835773677887184*sqrt(Abs(s)) - 0.228533293687938 ; 0.0226881737288914 - sqrt(Abs(i))
1003,0.9016897685577886,B0 + B1*sqrt(Abs(s)) + B2*s ; B3 + sqrt(Abs(r)),-0.598182486825015*s + 0.835883801334759*sqrt(Abs(s)) - 0.228568055713796 ; sqrt(Abs(r)) + 0.0481650830948132
1004,0.901689768546071,B0 + B1*sqrt(Abs(s)) + B2*s ; Abs(i)**(1/4)*Abs(r)**(1/4),-0.598134602718196*s + 0.835828015524779*sqrt(Abs(s)) - 0.22855934844265 ; Abs(i)**(1/4)*Abs(r)**(1/4)
1005,0.9016897683459878,B0 + B1*i + B2*sqrt(Abs(s)) ; r,0.598110472822008*i + 0.83579225288797*sqrt(Abs(s)) - 0.826657657730755 ; r
1006,0.9016897683458829,B0 + B1*i + B2*sqrt(Abs(s)) ; -i*r,0.59811045820927*i + 0.835792231310143*sqrt(Abs(s)) - 0.8266576357644 ; -i*r
1007,0.9016897682636119,B0 + B1*i + B2*sqrt(Abs(s)) ; B3*r,0.598322490127369*i + 0.836134514413669*sqrt(Abs(s)) - 0.827003889268835 ; 1.0945526936359*r
1008,0.9016897682479986,B0 + B1*sqrt(Abs(s)) + B2*s ; -r + sqrt(Abs(r)),-0.598093916268985*s + 0.83576688045409*sqrt(Abs(s)) - 0.228537963721868 ; -r + sqrt(Abs(r))
1009,0.9016897681279366,B0 + B1*sqrt(Abs(s)) + B2*s ; r,-0.59808083719021*s + 0.835747225914964*sqrt(Abs(s)) - 0.228531087808476 ; r
1010,0.9016897678507346,B0 + B1*sqrt(Abs(s)) + B2*s ; -i*r + Abs(r)**(3/2),-0.598053330527114*s + 0.835705650269933*sqrt(Abs(s)) - 0.228516390276192 ; -i*r + Abs(r)**(3/2)
1011,0.9016897677895445,B0 + B1*sqrt(Abs(s)) + B2*s ; i,-0.59804806437707*s + 0.835697738688568*sqrt(Abs(s)) - 0.228513623640257 ; i
1012,0.9016897669003417,B0 + B1*sqrt(Abs(s)) + B2*s ; B3*i**2,-0.598278708964565*s + 0.836024325730865*sqrt(Abs(s)) - 0.228614016127768 ; 0.0526718786341119*i**2
1013,0.9016291599645752,B0*s + B1*i*s ; B2 + i,-1.17245163534765*i*s - 0.65212666722646*s ; i + 0.676099158665995
1014,0.9016171875864847,B0*i ; i*sqrt(Abs(B1 - i)),2.18107511121964*i ; i*sqrt(Abs(i - 4.96492465459494))
1015,0.9015538101654811,B0*i*s ; Abs(B1*i**2 + B1*r)**(1/4),-0.00143604305436501*i*s ; Abs(5.72229862620344*i**2 + 5.72229862620344*r)**(1/4)
1016,0.9014587324614812,B0*Abs(s)**(5/4) ; B1 + i,0.0466866220411613*Abs(s)**(5/4) ; i + 0.00870811799912395
1017,0.9014558711927594,B0*i*s ; sqrt(Abs(B1*i + B2*i*r)),-0.00137254961880336*i*s ; sqrt(Abs(0.224997002140462*i*r - 7.97471765371684*i))
1018,0.9014550014092421,B0 + B1*i**2*s ; B2 + r,7.61708252618609e-6*i**2*s + 0.0126347797327232 ; r - 0.169202374049241
1019,0.9014317096213146,B0*sqrt(Abs(i))*sqrt(Abs(s)) ; i,0.234575538977615*sqrt(Abs(i))*sqrt(Abs(s)) ; i
1020,0.9014060555760798,B0*i + B1*s ; -i + r + sqrt(Abs(r)),-0.000153995386374984*i + 0.0439985263601649*s ; -i + r + sqrt(Abs(r))
1021,0.9013574547574067,B0 + B1*s + B1*sqrt(Abs(i)) ; B2*Abs(r)**(1/4),0.312433175336589*s + 0.312433175336589*sqrt(Abs(i)) - 0.345551667019987 ; 0.386627948375537*Abs(r)**(1/4)
1022,0.9013574499421942,B0 + B1*s + B1*sqrt(Abs(i)) ; r,0.312499002781306*s + 0.312499002781306*sqrt(Abs(i)) - 0.345624819282396 ; r
1023,0.9013515519034061,B0*i + B2*sqrt(Abs(B1 + i)) ; B3*sqrt(Abs(i))*sqrt(Abs(r)) - r,-2.27057641418243*i + 1.37876046776371*sqrt(Abs(i - 4.13022182438897)) ; -r + 37.9793332637761*sqrt(Abs(i))*sqrt(Abs(r))
1024,0.9013209731382266,B0 + B1*i + B2*s ; sqrt(Abs(B3 + B4*r)),-0.000756858263609056*i + 0.0749446928619938*s - 0.068893833106247 ; sqrt(Abs(15.4838376185765*r - 109.889974436577))
1025,0.9013038083047767,s*sqrt(Abs(B0*s + B1*i)) ; i*r + r**2,s*sqrt(Abs(0.026850475975246*i - 0.00171623495062831*s)) ; i*r + r**2
1026,0.9011403288902659,B0*i + B1*i*sqrt(Abs(s)) ; Abs(r)**(3/2),0.521449400494405*i*sqrt(Abs(s)) - 0.232320026170198*i ; Abs(r)**(3/2)
1027,0.9011403287646179,B0*i + B1*i*sqrt(Abs(s)) ; r,0.521481144174801*i*sqrt(Abs(s)) - 0.232355276663886*i ; r
1028,0.9010707109856395,i**2 ; B0*i + B1*i*r,i**2 ; -0.504528667194505*i*r + 2.8922956932946*i
1029,0.901024281693984,B0 + B1*i + B2*s ; B3 - sqrt(Abs(i)),-0.00894597531075805*i + 0.130037776716342*s - 0.155187661329372 ; 4.32271821650241 - sqrt(Abs(i))
1030,0.9008852313036351,B0*sqrt(Abs(i)) ; B1 + B2*i,0.164134018790839*sqrt(Abs(i)) ; 0.825102698365889*i + 0.00848829023650685
1031,0.9007954069442604,B0 + B1*i + B2*s ; sqrt(Abs(r + Abs(i - r)**(1/4))),-0.00451134258326222*i + 0.577881249832766*s - 0.551916236327564 ; sqrt(Abs(r + Abs(i - r)**(1/4)))
1032,0.9007833111055289,B0 + B1*sqrt(Abs(i)) + B2*s ; sqrt(Abs(B3*sqrt(Abs(r)) + i)),0.146849829459342*s + 0.0160940566606726*sqrt(Abs(i)) - 0.160035610854606 ; sqrt(Abs(i - 3.83425285787682*sqrt(Abs(r))))
1033,0.9007375814218308,B0 + B1*i + B1*s ; sqrt(Abs(B2*i - r)),0.00043900604794787*i + 0.00043900604794787*s + 0.0444473728582724 ; sqrt(Abs(0.631148358789094*i + r))
1034,0.9007296872139023,B0*i*s ; sqrt(Abs(i))*Abs(B1 + r)**(1/8),-0.00130949468663787*i*s ; sqrt(Abs(i))*Abs(r + 65.6522716268362)**(1/8)
1035,0.9006683339064497,B0*s + B1*s*sqrt(Abs(i)) ; B2 - r + sqrt(Abs(r)),0.194647320788965*s*sqrt(Abs(i)) - 0.0204034728461925*s ; -r + sqrt(Abs(r)) - 0.180640533092057
1036,0.9006512692722711,B0 + B1*i + B2*s ; B3 + B4*sqrt(Abs(r)) + 2*r,-0.00167649709686964*i + 0.12524762157135*s - 0.166034584506961 ; 2*r - 26.3189217005184*sqrt(Abs(r)) + 89.7466097062433
1037,0.9006259868893969,B0 + B2*sqrt(Abs(B1 - s)) ; sqrt(Abs(i**2*r + 2*r)),0.108873768109336 - 0.143244031491038*sqrt(Abs(s - 0.54993863399568)) ; sqrt(Abs(i**2*r + 2*r))
1038,0.9005158986124282,B0 - i + s ; B1 + B2*sqrt(Abs(r)) + B3*r,-i + s - 0.907327598976843 ; -0.319484359232437*r + 0.470597147662969*sqrt(Abs(r)) - 0.042829377877347
1039,0.900511669895615,B0*i + B1*i*s ; B2 + r,0.00111622220838673*i*s - 0.000130006709264818*i ; r - 0.0170042209374825
1040,0.9004231111069919,B0*s*sqrt(Abs(2*i - s)) ; sqrt(Abs(r - sqrt(Abs(B1 - r)))),0.0201037409102699*s*sqrt(Abs(2*i - s)) ; sqrt(Abs(r - sqrt(Abs(r - 0.283546918813809))))
1041,0.9003526358783551,B0 + B1*i + B2*s ; B3*i,0.595377223266098*i + 0.014133371073142*s - 0.000821792161568132 ; 0.698755154106833*i
1042,0.9002323759515712,B0 + B1*sqrt(Abs(s)) - i ; B2 + B3*r + i,-i + 0.095706332591501*sqrt(Abs(s)) - 0.141992121435189 ; i - 0.0182461069394392*r + 0.160879366458046
1043,0.9002291856636186,B0 + B1*sqrt(Abs(i)) ; B2 + sqrt(Abs(i)),0.0476484712003112 - 0.00419465199334628*sqrt(Abs(i)) ; sqrt(Abs(i)) - 0.0351641999668165
1044,0.9002117623467623,B0 + B1*s - i ; B2 + B3*i + r,-i + 0.0568103041111553*s + 0.94335595410301 ; 6.3219383359976*i + r + 90.9410129423587
1045,0.9001083329109091,B0*s + B1*i*s ; B2*i*r + i,-2.39244748090382*i*s + 0.116265542280652*s ; 2.18334632444553*i*r + i
1046,0.9000225770763716,B0 + B1*i + B1*s ; sqrt(Abs(-B2 + i + 2*r)),0.000451031519661448*i + 0.000451031519661448*s + 0.0473587382914023 ; sqrt(Abs(i + 2*r - 8.90760324793647))
1047,0.9000086882279319,B0*i + B1*sqrt(Abs(i + s)) ; B2 + sqrt(Abs(r)),0.00244396993770771*i + 0.0246208224811974*sqrt(Abs(i + s)) ; sqrt(Abs(r)) - 0.157564347101543
1048,0.8999406991538274,B0*i + B2*sqrt(Abs(B1 - s)) ; B3 + sqrt(Abs(r)),-0.299782578363109*i + 0.340815801982084*sqrt(Abs(s - 0.984547265347374)) ; sqrt(Abs(r)) - 0.328649077879391
1049,0.8998675545911013,B0*sqrt(Abs(i)) + B1*i ; sqrt(Abs(i - sqrt(Abs(i)))),0.00215218833722416*i + 0.0220344945321343*sqrt(Abs(i)) ; sqrt(Abs(i - sqrt(Abs(i))))
1050,0.8998542775607864,B0 + B1*Abs(i)**(1/4) ; B2 + sqrt(Abs(r)),0.0545460663017922 - 0.0152718894642627*Abs(i)**(1/4) ; sqrt(Abs(r)) - 0.18992748071457
1051,0.8998140903894518,B0*s*Abs(i)**(3/2) ; B1*i + B2*r,5.21839852886376e-5*s*Abs(i)**(3/2) ; 8.29414334049264*i + 30.2022150695463*r
1052,0.8997593455558122,B0*s*sqrt(Abs(i - s**2)) ; sqrt(Abs(i)),0.0180173246458756*s*sqrt(Abs(i - s**2)) ; sqrt(Abs(i))
1053,0.8997527183395111,B0 + B1*i + B2*s ; i,0.890815787880953*i + 0.00977062784477914*s - 0.000425487496529818 ; i
1054,0.8996970291848009,B0*i + B1*s ; i + sqrt(Abs(B2*r + i)),-0.0348380820750527*i + 0.0380059858063307*s ; i + sqrt(Abs(i + 0.168889940166175*r))
1055,0.8996150089732317,B0 + B1*i ; B2 + sqrt(Abs(B3 + 2*i)),0.000389438271590912*i + 0.0419746790130839 ; sqrt(Abs(2*i + 17.4517927016081)) - 0.256080511232546
1056,0.8996022807885408,B0*i + B1*s ; B2 - i**2*r + i,0.861318306475691*i + 0.0108796580504311*s ; -i**2*r + i + 0.000348612782218087
1057,0.899524145349332,B0*s + B2*sqrt(Abs(B1 + s)) ; sqrt(Abs(B3 + i)),-0.374618865610606*s + 0.419224717718728*sqrt(Abs(s - 0.149920942375503)) ; sqrt(Abs(i + 0.713974196126721))
1058,0.8995241406108502,B0*s + B2*sqrt(Abs(B1 + i)) ; sqrt(Abs(r)),-0.37439225591659*s + 0.418971240736281*sqrt(Abs(i - 0.850155640581076)) ; sqrt(Abs(r))
1059,0.8995241362615126,B0*s + B2*sqrt(Abs(B1 - s)) ; B3 + sqrt(Abs(i)),-0.374271983613261*s + 0.418836882483553*sqrt(Abs(s - 0.149803137454477)) ; sqrt(Abs(i)) + 0.239007983012745
1060,0.8995008851427906,B0*s - i*s ; B1 + B2*r - r**2,-i*s + 0.048904605135356*s ; -r**2 + 0.601351899669551*r + 0.000634998005961583
1061,0.8994638835768574,B0 + B1*sqrt(Abs(i)) + B2*i ; B3 + B4*r,0.0026401593139827*i + 0.0287984790631357*sqrt(Abs(i)) - 0.0225588685212699 ; 0.0922948438985809*r + 1.28804910986488
1062,0.8993443974308712,B0 + i**2 ; B1 + B2*i + i*r,i**2 + 0.00478484423634453 ; i*r + 0.206190354868995*i - 0.0191624478886525
1063,0.8993374759898427,B0*i + B1*s ; i + sqrt(Abs(B2 + r)),-0.00953606851789724*i + 0.0505447856953942*s ; i + sqrt(Abs(r - 0.257693739695612))
1064,0.899289862911662,B0*i*s ; B1 - i**2*r**2,-0.736199915390711*i*s ; -i**2*r**2 + 0.0529352963414259
1065,0.8991870666216002,B0*s + B0*sqrt(Abs(s)) ; B1 + 3*r,0.0240196899997536*s + 0.0240196899997536*sqrt(Abs(s)) ; 3*r + 2.08873559421577
1066,0.8991866628481185,B0*s + B0*sqrt(Abs(s)) ; sqrt(Abs(r)),0.0240196105087391*s + 0.0240196105087391*sqrt(Abs(s)) ; sqrt(Abs(r))
1067,0.8991104379618917,B0*i + B1*s ; i + 2**(1/4)*sqrt(Abs(r)),-0.00630274137945366*i + 0.0468509080936194*s ; i + 2**(1/4)*sqrt(Abs(r))
1068,0.8990985444908347,B0*sqrt(Abs(i))*sqrt(Abs(s)) ; B1 + sqrt(Abs(r)),0.00356573545690038*sqrt(Abs(i))*sqrt(Abs(s)) ; sqrt(Abs(r)) + 7.82721823605442
1069,0.8990283264728898,B0*i*sqrt(Abs(s)) ; B1 + B2*i + r,-0.000368930219080265*i*sqrt(Abs(s)) ; 0.713586264923192*i + r + 6.61661142591383
1070,0.8990174614955148,B0 + B1*i + B2*s ; sqrt(Abs(r - sqrt(Abs(i)))),0.000716566287781243*i - 0.0382363497857991*s + 0.0744438438395761 ; sqrt(Abs(r - sqrt(Abs(i))))
1071,0.8989968960690018,B0 + B1*sqrt(Abs(i)) ; B2 + B3*i + i*r,0.118545146717919*sqrt(Abs(i)) - 0.0275866339016515 ; i*r - 0.787503040778947*i + 0.0208483387691363
1072,0.8989822397395946,B0 + B1*Abs(s)**(1/4) ; sqrt(Abs(r))*Abs(B2 - i)**(1/4),0.0581578768700404*Abs(s)**(1/4) - 0.0095154664022265 ; sqrt(Abs(r))*Abs(i - 1.18548827517199)**(1/4)
1073,0.8989408960500797,B0*sqrt(Abs(i))*sqrt(Abs(s)) ; B1 + r,0.00373573789457895*sqrt(Abs(i))*sqrt(Abs(s)) ; r + 0.742311118241804
1074,0.8989192609176294,B0*i + B2*sqrt(Abs(B1 + i)) ; B3 - r,-0.256197104519965*i + 0.258760324813407*sqrt(Abs(i - 0.0139459442382486)) ; 0.0654161224544441 - r
1075,0.898882926562179,B0*i + B1*s ; i + sqrt(Abs(r)),-0.00798944428731239*i + 0.0472223676415771*s ; i + sqrt(Abs(r))
1076,0.898767914975996,B0 + B1*i + B2*s ; i*sqrt(Abs(B3 + i)),0.79227470309735*i + 0.0111179913906568*s - 0.000547027810154251 ; i*sqrt(Abs(i + 0.776592151649928))
1077,0.8986934912926215,B0 + B1*sqrt(Abs(i)) + B2*s ; sqrt(Abs(r)),0.270485020306387*s + 0.312579135051439*sqrt(Abs(i)) - 0.3041407493631 ; sqrt(Abs(r))
1078,0.8986934885852785,B0 + B1*sqrt(Abs(i)) + B2*i ; r,-0.270456106490745*i + 0.312552644280372*sqrt(Abs(i)) - 0.0336533411402024 ; r
1079,0.8986513308427674,B0*sqrt(Abs(i)) + B1*s ; B2*i + B3*r,0.0261146174605368*s + 0.0762531479778898*sqrt(Abs(i)) ; 0.268610726781379*i + 0.00779662969952659*r
1080,0.8986149549344495,B0 + B1*sqrt(Abs(i)) ; sqrt(Abs(r)),0.063080944235107 - 0.0572250066403608*sqrt(Abs(i)) ; sqrt(Abs(r))
1081,0.8986149376694668,B0 + B1*sqrt(Abs(i)) ; r,0.06307449263799 - 0.057216195526478*sqrt(Abs(i)) ; r
1082,0.8986149143315544,B0 + B1*sqrt(Abs(i)) ; i*r,0.0630663613183417 - 0.057205089760783*sqrt(Abs(i)) ; i*r
1083,0.8986124560078533,B0*s*sqrt(Abs(i)) ; i,0.229163205806032*s*sqrt(Abs(i)) ; i
1084,0.8984116022015436,B0 + B1*sqrt(Abs(i)) ; B2 + Abs(i)**(1/8),0.0557602966665929 - 0.0055868160990353*sqrt(Abs(i)) ; Abs(i)**(1/8) + 0.520682938817448
1085,0.8983619034780997,B0*i*sqrt(Abs(s)) ; B1 - i + 2*r,0.000363723094973083*i*sqrt(Abs(s)) ; -i + 2*r + 0.0139704768774806
1086,0.898311052613356,B0 + B1*sqrt(Abs(s)) + B2*s ; B3*i*r**2,2.84315257982071*s + 1.45712320736487*sqrt(Abs(s)) - 0.611668936794108 ; 0.0457708084012225*i*r**2
1087,0.8982919718891285,B0 + B1*i*s**2 ; B2 - i,0.00122816024329169*i*s**2 + 0.00350444604499295 ; 0.00871832914997812 - i
1088,0.8982831909914746,B0 + B1*sqrt(Abs(i)) + B2*s ; B3 + i + r,0.121899093786562*s + 0.0165645433279854*sqrt(Abs(i)) - 0.16191848319569 ; i + r + 6.90173522791477
1089,0.8982121037385867,B0*s + B1*i*sqrt(Abs(s)) ; B2*i - r + sqrt(Abs(r)),-0.0216939332481618*i*sqrt(Abs(s)) - 0.00033784151483744*s ; -0.581215183276789*i - r + sqrt(Abs(r))
1090,0.8982115380794149,B0 + B1*i + B1*s ; B2*i + B4*sqrt(Abs(B3 + r)),0.0998591278060206*i + 0.0998591278060206*s - 0.115359162627478 ; 0.167266041348753*i - 0.0221173062979828*sqrt(Abs(r + 65.1932574486374))
1091,0.8981792636421054,B0 + B1*i + B1*s ; B2 + sqrt(Abs(B3 - sqrt(Abs(i)))),0.000462849389010431*i + 0.000462849389010431*s + 0.0464086148787847 ; sqrt(Abs(sqrt(Abs(i)) - 2.97096235249796)) + 1.12168490036152
1092,0.8981776213628568,B0*i**2 ; B1 + B2*r + i,3.39516360729696*i**2 ; i - 0.132337026694799*r + 0.195580141574826
1093,0.8979932897967361,B0 + B1*i ; B2*i**3,0.0485122799687085 - 0.0388193024774008*i ; -0.00395971116912845*i**3
1094,0.8979895782082609,B0*i*s**2 ; B1 + i,-1.45079700486599*i*s**2 ; i + 0.0779379816457228
1095,0.8978166252895211,B0*i + B1*s ; B2*r + sqrt(Abs(i + r)),-0.00558434021783417*i + 2.72251422548121*s ; 0.349952139209793*r + sqrt(Abs(i + r))
1096,0.8978118675420812,B0 + B1*i + B1*s ; B2 + Abs(i - r)**(1/4),0.000450777886390936*i + 0.000450777886390936*s + 0.0450820307826963 ; Abs(i - r)**(1/4) - 0.05453346502044
1097,0.8977797911447809,B0 + B1*i ; i,0.987230393618748*i - 0.000161425559269863 ; i
1098,0.8977345185906941,B0 + B1*sqrt(Abs(i)) + B2*i ; B3 + Abs(r + sqrt(Abs(r)))**(1/4),0.00280242436118773*i + 0.0318395327227542*sqrt(Abs(i)) - 0.0372936674751235 ; Abs(r + sqrt(Abs(r)))**(1/4) + 1.27684891835803
1099,0.897701788224486,B0*i*s + B0*i ; i,0.606379295643859*i*s + 0.606379295643859*i ; i
1100,0.8975597675368295,B0*i**2*s**2 ; sqrt(Abs(i)),0.000206059498545465*i**2*s**2 ; sqrt(Abs(i))
1101,0.8975047745893594,B0 + B1*i ; B2 + sqrt(Abs(B3 - i + r)),-2.68969494911287*i - 62.9840169216745 ; sqrt(Abs(i - r + 206.325097675891)) - 12.6175792763341
1102,0.8975006746971265,B0 + B2*sqrt(Abs(B1 + i + s)) ; B3 + B4*Abs(r)**(1/4),0.0849149981086047 - 0.0713640420685398*sqrt(Abs(i + s + 0.755965082681428)) ; 0.62177480570137 - 0.458890399802814*Abs(r)**(1/4)
1103,0.8974509749160529,B0 + B1*i*s ; sqrt(Abs(B2 + i)),-0.000456737008654102*i*s + 0.0061708307071818 ; sqrt(Abs(i - 63691.9107898146))
1104,0.8974063757310802,B0*i ; B1*r + B3*sqrt(Abs(B2 + i)),-0.0259082689695676*i ; -0.646674299157066*r + 1.15012673220208*sqrt(Abs(i + 0.0750509041081534))
1105,0.8974055292939487,B0*s*Abs(i)**(3/2) ; B1*i + i**2 + r,8.46479444307683e-5*s*Abs(i)**(3/2) ; i**2 + 0.181465067941215*i + r
1106,0.897369112064603,B0*i + B0*s ; B1 - r + sqrt(Abs(r)),0.0273639134726833*i + 0.0273639134726833*s ; -r + sqrt(Abs(r)) - 0.177965435944003
1107,0.8973130271112566,B0 + B1*i + B1*s ; B2 + Abs(i)**(1/4),0.000455993390252148*i + 0.000455993390252148*s + 0.0456536978549212 ; Abs(i)**(1/4) + 0.334584119367021
1108,0.8973112671670722,B0 + B1*i + B2*s ; -i + sqrt(Abs(i)),-0.000627774887687079*i + 0.0689296274893214*s - 0.056024705375866 ; -i + sqrt(Abs(i))
1109,0.897305860744185,B0 + B1*i + B2*s ; i + sqrt(Abs(r)),-0.10124239073656*i + 0.140397519957884*s - 0.154218946797679 ; i + sqrt(Abs(r))
1110,0.8972950835055304,B0 + B1*i + B1*s ; B2 + sqrt(Abs(i)),0.000432373041628936*i + 0.000432373041628936*s + 0.0460661086160016 ; sqrt(Abs(i)) - 0.0743688650128716
1111,0.8972323999623458,B0 + B1*sqrt(Abs(i)) + B2*i ; sqrt(Abs(i)),0.00266092307958333*i + 0.0282548179971897*sqrt(Abs(i)) - 0.0135288468445155 ; sqrt(Abs(i))
1112,0.8971385660104672,B0*s - i*s ; B1*i**2,-i*s + 0.0978654211769789*s ; 14.5724720976247*i**2
1113,0.8970727356063029,B0*i + B1*s ; B2 - sqrt(Abs(i))*Abs(r)**(3/2),0.000220067496205315*i + 0.050910350131347*s ; -sqrt(Abs(i))*Abs(r)**(3/2) - 0.0396184931864693
1114,0.8970499116779818,B0*i + B1*s ; sqrt(Abs(B2 + B3*r**2)),-0.000222161168491002*i + 0.0508426149551705*s ; sqrt(Abs(1.24278685887139*r**2 - 0.00914269977711011))
1115,0.8969752424108709,B0 + B1*sqrt(Abs(i)) + B2*s ; -i + Abs(i)**(3/2),0.0872695190393744*s + 0.113797181572071*sqrt(Abs(i)) - 0.113233747128028 ; -i + Abs(i)**(3/2)
1116,0.8969466385318927,B0*sqrt(Abs(i)) + B1*s ; B2 - i*r + sqrt(Abs(r)),0.0496704449796453*s + 0.00216617755980806*sqrt(Abs(i)) ; -i*r + sqrt(Abs(r)) - 0.199314479561959
1117,0.8969080426156426,B0 + B1*Abs(i)**(1/4) ; B2 + sqrt(Abs(B3 + i)),0.0567405667076231 - 0.0162674785385876*Abs(i)**(1/4) ; sqrt(Abs(i + 0.198200498984939)) - 0.0815572886059876
1118,0.896905203615737,B0 + B1*i ; B2 + B3*i + i*r,0.0138696557314793 - 0.112628036485685*i ; i*r + 1.7298550763051*i + 0.636364638980071
1119,0.8968609445178495,B0 + B1*sqrt(Abs(i)) + B2*s ; B3 + 2*r,0.107278929445832*s + 0.00825829832001933*sqrt(Abs(i)) - 0.0799561986708074 ; 2*r - 7.27953634106857e-6
1120,0.8967913401598376,B0 + B1*i*sqrt(Abs(s)) ; sqrt(Abs(B2 + i + sqrt(Abs(i)))),0.00128556579643854*i*sqrt(Abs(s)) + 0.0496437308417057 ; sqrt(Abs(i + sqrt(Abs(i)) - 0.116932394651454))
1121,0.8967382528275544,B0 + B1*i ; B2*i + r + sqrt(Abs(r)),0.000460079503610381*i + 0.0469767717560985 ; 1.08778423220647*i + r + sqrt(Abs(r))
1122,0.8966642008832986,B0 + B1*i + B1*s ; Abs(B2 + i)**(1/4),0.000456285754452756*i + 0.000456285754452756*s + 0.0452780673099906 ; Abs(i - 6.96764285235821)**(1/4)
1123,0.8965447572628078,B0 + B1*i + B1*s ; B2*i + B3*r,0.0438225501117244*i + 0.0438225501117244*s + 0.00087161436076024 ; 0.0927454226659339*i + 0.010282641809226*r
1124,0.8963924316243244,B0 + B1*i ; B2 + Abs(B3 + sqrt(Abs(i)))**(1/4),0.000472575999284417*i + 0.0473264369792257 ; Abs(sqrt(Abs(i)) - 2.5520648529906)**(1/4) + 1.30372427857862
1125,0.8963542873809964,B0*s + B2*sqrt(Abs(B1 + i)) ; B3 - r,-0.12004457864573*s + 0.171183165481176*sqrt(Abs(i + 1.16608603186692)) ; 2.09483795660117 - r
1126,0.8962878726275046,B0 + B1*s ; B2 - r - Abs(r)**(1/4),0.0432547461904358*s + 0.006267542835324 ; -r - Abs(r)**(1/4) + 7.61469328289163
1127,0.8962878725821485,B0*i + B1*s ; B2*r + Abs(r)**(1/4),0.0062660172072778*i + 0.0495238044090676*s ; 0.000863875252185388*r + Abs(r)**(1/4)
1128,0.8962878725627068,B0 + B1*i ; B2*Abs(r)**(5/2),0.0495229118115398 - 0.0432530748566425*i ; 0.0577335814763837*Abs(r)**(5/2)
1129,0.8962878725478838,B0 + B1*i ; B2*i*Abs(r)**(3/2),0.0495212323458247 - 0.0432537164086758*i ; 10.4568485557733*i*Abs(r)**(3/2)
1130,0.8962878725251,B0 + B1*s ; B2 + B3*Abs(r)**(1/4),0.0432526132102724*s + 0.00626999543065511 ; 0.000191511448495067*Abs(r)**(1/4) + 47.7413134808729
1131,0.8962878724300386,B0 + B1*i - s ; B2*r,-1.0432583608852*i - s + 1.04952799709427 ; 0.00394009188192221*r
1132,0.8962878724194383,B0 + B1*s ; sqrt(Abs(B2*sqrt(Abs(r)) + i)),0.0432518200633522*s + 0.00626879036155837 ; sqrt(Abs(i + 0.00874740970215197*sqrt(Abs(r))))
1133,0.8962878724072338,B0 + B1*i ; B2*i*r**2,0.049524383034159 - 0.0432526648889701*i ; 57.9635313447417*i*r**2
1134,0.8962878723627209,B0 + B1*s ; B2 + sqrt(Abs(i))*sqrt(Abs(r)),0.0432579636348762*s + 0.00626417336839195 ; sqrt(Abs(i))*sqrt(Abs(r)) + 0.000379794262738075
1135,0.8962878722013792,B0 + B1*s ; B2 + sqrt(Abs(i)) + sqrt(Abs(r)),0.0432499956177424*s + 0.00627086908748816 ; sqrt(Abs(i)) + sqrt(Abs(r)) + 0.00247383163252743
1136,0.8962878721770497,B0 + B1*s ; B2 + Abs(B3 - r)**(1/4),0.0432501723401235*s + 0.00627199283777793 ; Abs(r - 0.0118477227700447)**(1/4) + 0.0123035865882488
1137,0.8962878721437447,B0 + B1*s ; B2*i + B3*r,2.72183034843725*s + 0.394111041848567 ; 0.000647619745077897*i + 66.7573589798058*r
1138,0.8962878720800583,B0 + B1*s ; B2*i + Abs(i)**(3/2),0.0432524914027214*s + 0.00627366500783912 ; 0.797952719313125*i + Abs(i)**(3/2)
1139,0.8962878718202595,B0 + B1*s ; B2 + sqrt(Abs(r + sqrt(Abs(r)))),0.0432543852399663*s + 0.00626321846048931 ; sqrt(Abs(r + sqrt(Abs(r)))) + 7.60994165876203
1140,0.8962878715072058,B0 + B1*s ; B2 + i + Abs(i)**(3/2),0.0432600631230766*s + 0.00626046839190659 ; i + Abs(i)**(3/2) + 0.00035133896225017
1141,0.8962878713732596,B0 + B1*i ; B2*i*Abs(r)**(1/4),0.0495150732256549 - 0.0432503665469931*i ; 0.00019008483931646*i*Abs(r)**(1/4)
1142,0.8962878712223401,B0 + B1*s ; B2 + 2*i - r,0.043254794721052*s + 0.0062612626011612 ; 2*i - r + 0.156677594075732
1143,0.8962878709664641,B0*i + B1*s ; B2*r + sqrt(Abs(r)),0.00626598829094675*i + 0.0495326375886533*s ; 0.0483616367217883*r + sqrt(Abs(r))
1144,0.8962878708687058,B0*i + B1*s ; B2*r**2,0.0062650962817316*i + 0.0495323068847474*s ; 0.368363792710699*r**2
1145,0.8962878707695001,B0 + B1*s ; B2 + B3*i**2,0.0432638823396584*s + 0.00627108553283225 ; 0.00211825756096581*i**2 + 0.791189828000112
1146,0.896287870643231,B0*i + B1*s ; B2*Abs(r)**(1/4) - r,0.00625881806281384*i + 0.0495162791031779*s ; -r + 0.0045004861943967*Abs(r)**(1/4)
1147,0.896287870587483,B0 + B1*i ; B2*r - i*r,0.0495347131156594 - 0.043259683428477*i ; -i*r + 1.25422129233883*r
1148,0.8962878703236227,B0 + B1*i - s ; B2*sqrt(Abs(r)),-1.043268921987*i - s + 1.04953015613724 ; 25.7261970245836*sqrt(Abs(r))
1149,0.896287870303221,B0 + B1*s ; B2*sqrt(Abs(i)) + sqrt(Abs(r)),0.0432505854120903*s + 0.00626173784597471 ; 0.426133218880971*sqrt(Abs(i)) + sqrt(Abs(r))
1150,0.8962878702818936,B0 + B1*s ; B2 + B3*r + i,0.0432611092673071*s + 0.00625722499305652 ; i + 1.87947284547277*r + 0.00209156891635359
1151,0.8962878700247046,B0 + B1*s ; B2 + 2*i + r,0.0432634707374834*s + 0.00625656536867846 ; 2*i + r + 0.0774427367753175
1152,0.8962878696011567,B0 + B1*s ; B2 + B3*i + r,0.0432429257464208*s + 0.00626817651069338 ; 0.0028510696493744*i + r + 3.26544084494057
1153,0.8962878695740094,B0 + B1*s ; B2*sqrt(Abs(i))*sqrt(Abs(r)),0.0432655066400442*s + 0.00625576192448753 ; 0.0029157855031344*sqrt(Abs(i))*sqrt(Abs(r))
1154,0.8962878692155967,B0*i + B1*s ; B2*r,0.00628130300835215*i + 0.049527475435529*s ; 0.30462604281397*r
1155,0.8962878689412076,B0 + B1*s ; B2 + B3*i*r,0.0432717497143499*s + 0.00625796600554827 ; 0.0055011815244479*i*r + 0.000425113202608603
1156,0.8962878683988847,B0 + B1*s ; B2*i*r - i,0.0432575804677119*s + 0.00628010079404938 ; 0.045199560334877*i*r - i
1157,0.8962878651059847,B0*i + B1*s ; B2*Abs(r)**(3/2),0.00627491360915597*i + 0.0495075984204348*s ; 75.6236452053739*Abs(r)**(3/2)
1158,0.8962878626884844,B0 + B1*i ; B2*r + r**2,0.0495479656426089 - 0.043266124272025*i ; r**2 + 0.0559999696399529*r
1159,0.896287849433477,B0*i + B1*s ; B2*i*r,0.00627892944109359*i + 0.0494944133152534*s ; 1.33011866229991*i*r
1160,0.8962877074362339,B0*i + B1*s ; Abs(i)**(1/4)*Abs(r)**(1/4),0.00631461920767681*i + 0.0494603406867872*s ; Abs(i)**(1/4)*Abs(r)**(1/4)
1161,0.8962877046547999,B0*i + B1*s ; Abs(r)**(3/2),0.00631500868164594*i + 0.049459807437056*s ; Abs(r)**(3/2)
1162,0.8962876989175843,B0*i + B1*s ; r**2 - r,0.00631580200234407*i + 0.0494587213313784*s ; r**2 - r
1163,0.8962876961336765,B0*i + B1*s ; sqrt(Abs(r)),0.00622014156825038*i + 0.0495901500423845*s ; sqrt(Abs(r))
1164,0.8962876954808809,B0*i + B1*s ; i*r,0.00631627093084025*i + 0.0494580793103101*s ; i*r
1165,0.8962876947888841,B0 + B1*s ; -r + sqrt(Abs(i)) + sqrt(Abs(r)),2.72190983386734*s + 0.398454075854349 ; -r + sqrt(Abs(i)) + sqrt(Abs(r))
1166,0.8962876942106383,B0*i + B1*s ; 2*r,0.00631644309990706*i + 0.0494578435956544*s ; 2*r
1167,0.8962876894933626,B0*i + B1*s ; i*r**2,0.00621924713980723*i + 0.0495913834493673*s ; i*r**2
1168,0.8962876830358226,B0 + B1*s ; i**2 - 2*i,0.0431378730844724*s + 0.00631793526828542 ; i**2 - 2*i
1169,0.8962876790182512,B0*i + B1*s ; -r + sqrt(Abs(r)),0.00631845672176991*i + 0.0494550871717395*s ; -r + sqrt(Abs(r))
1170,0.8962876779787444,B0 + B1*i - s ; r,-1.04337573677109*i - s + 1.0495934735014 ; r
1171,0.8962876779787295,B0 + B1*i - s ; Abs(r)**(3/2),-1.0433757367754*i - s + 1.04959347371235 ; Abs(r)**(3/2)
1172,0.8962876779745989,B0 + B1*i - s ; Abs(r)**(1/4),-1.04337573804752*i - s + 1.04959347457556 ; Abs(r)**(1/4)
1173,0.8962876779718099,B0 + B1*i - s ; Abs(r)**(5/4),-1.04337573890667*i - s + 1.0495934749583 ; Abs(r)**(5/4)
1174,0.8962876709092917,B0 + B1*i ; i**2*r - r,0.0494536634830393 - 0.0431341611225103*i ; i**2*r - r
1175,0.8962876331823666,B0*i + B1*s ; sqrt(Abs(i))*sqrt(Abs(r)),0.00621223473782676*i + 0.0496010565407868*s ; sqrt(Abs(i))*sqrt(Abs(r))
1176,0.8962876284486568,B0*i + B1*s ; r,0.00632464464448755*i + 0.0494466189125183*s ; r
1177,0.8962875958698421,B0*i + B1*s ; sqrt(Abs(r - sqrt(Abs(r)))),0.0063282950048137*i + 0.049441625167294*s ; sqrt(Abs(r - sqrt(Abs(r))))
1178,0.896242525999291,B0 + B1*i + B1*s ; B2 + i,0.0509883263771682*i + 0.0509883263771682*s - 0.0943141086924181 ; i - 1.96829532418968
1179,0.8962315363140946,B0 + B1*i ; B2 + i*r + i,0.60801223117818*i - 0.0187421493992268 ; i*r + i - 0.0671754642478593
1180,0.8961942772931667,B0*sqrt(Abs(s)) + B1*s ; B2 + i - 2*r,5.78823175865122*s - 5.77065617725931*sqrt(Abs(s)) ; i - 2*r + 3.68764358590457
1181,0.8961765460985727,B0*Abs(s)**(1/4) + B1*s ; B2*r + i*r + i,3.8363029854024*s - 3.85013287754099*Abs(s)**(1/4) ; i*r + i + 0.144008462279217*r
1182,0.8961371438613702,s*sqrt(Abs(B0 - i)) ; r*sqrt(Abs(B1 + r)),s*sqrt(Abs(i + 6.23549542673028)) ; r*sqrt(Abs(r + 5.11834231203177))
1183,0.8961371350534032,s*sqrt(Abs(B0 - s)) ; r,s*sqrt(Abs(s - 7.23556569952022)) ; r
1184,0.8961371255277848,s*sqrt(Abs(B0 + i)) ; r,s*sqrt(Abs(i + 6.23559989599035)) ; r
1185,0.8961370817587686,s*sqrt(Abs(B0 + s)) ; B1 + r,s*sqrt(Abs(s - 7.23569374470043)) ; r + 32.1138856450002
1186,0.8961028253562682,B0*s + B1*s*sqrt(Abs(i)) ; B2*i - i*r + r,0.00951639753763078*s*sqrt(Abs(i)) + 0.0267063935776979*s ; -i*r + 0.00633806344920131*i + r
1187,0.8960826494613912,B0*i ; B1 - i,0.000120285720721627*i ; -i - 166.899563799723
1188,0.8960826479728241,B0*i ; B1 - r,0.000120285716763378*i ; -r - 266.910447504781
1189,0.8960826391528606,B0*i ; B1 + r,-0.000120285696657879*i ; r + 167.04578873563
1190,0.8960808406552645,B0*sqrt(Abs(i)) + B1*s ; sqrt(Abs(B2 - r**2 + r)),0.049676626506139*s + 0.00214247863532549*sqrt(Abs(i)) ; sqrt(Abs(-r**2 + r + 0.000471482233107966))
1191,0.8959900139075361,B0*s*Abs(i)**(5/4) ; B1*r,0.530591945187985*s*Abs(i)**(5/4) ; 0.0561335450485889*r
1192,0.8959898462036925,B0*s*Abs(i)**(5/4) ; r,0.530907034893824*s*Abs(i)**(5/4) ; r
1193,0.8959868366240727,B0 - 3*i ; B1 + B2*r,66.1845149652698 - 3*i ; 0.0483141284300746 - 0.0435808402503752*r
1194,0.8958598870886263,B0 + B1*i + B1*sqrt(Abs(i)) ; B2 + sqrt(Abs(r)),0.000463412774331566*i + 0.000463412774331566*sqrt(Abs(i)) + 0.0421418823420259 ; sqrt(Abs(r)) - 0.189927479333106
1195,0.8958257314618859,B0*i + B1*s ; sqrt(Abs(3*i - r)),-0.000213967140495096*i + 0.0496727349456149*s ; sqrt(Abs(3*i - r))
1196,0.8958242911070193,i**2 ; B0 + i,i**2 ; i + 0.122130205757561
1197,0.8957384457121262,B0*i*s + B0*s ; sqrt(2)*sqrt(Abs(r)),0.0429226446795347*i*s + 0.0429226446795347*s ; sqrt(2)*sqrt(Abs(r))
1198,0.8957384290398541,B0*i*s + B0*s ; r,0.0429162458540583*i*s + 0.0429162458540583*s ; r
1199,0.8956673965026274,B0*i + B1*i*s ; r - sqrt(Abs(i)),0.000671057585200749*i*s + 4.76504080184385e-5*i ; r - sqrt(Abs(i))
1200,0.8956057500792157,B0*i + B1*s ; 2*i - r,0.00131010690337296*i + 0.0458013958717777*s ; 2*i - r
1201,0.8956049010650207,B0*s ; B1 + r + Abs(r)**(3/2),0.047715073990023*s ; r + Abs(r)**(3/2) + 8.54238470751259
1202,0.8956049010649217,B0*s ; B1 + B2*i - r,0.0477150960247852*s ; 0.00173652230720998*i - r + 0.0608267657239081
1203,0.8956049010647572,B0*s ; B1 + 3*r,0.0477151264317461*s ; 3*r + 33.0465966236176
1204,0.8956049010641445,B0*s ; Abs(B1 + i)**(1/8),2.71888678631632*s ; Abs(i + 0.000353546291799987)**(1/8)
1205,0.8956049010641199,B0*s ; B1*Abs(r)**(3/2) - r,0.0477147003680289*s ; -r + 0.853913364494798*Abs(r)**(3/2)
1206,0.8956049010639805,B0*s ; sqrt(Abs(i)) + sqrt(Abs(B1 - r)),0.0477152273113392*s ; sqrt(Abs(i)) + sqrt(Abs(r - 1.3599740816032))
1207,0.8956049010638711,B0*s ; B1*Abs(r)**(1/4) + r,0.0477152386294405*s ; r + 0.210426764052192*Abs(r)**(1/4)
1208,0.8956049010635805,B0*s ; sqrt(Abs(r)) + sqrt(Abs(B1 - i)),0.0477152667279078*s ; sqrt(Abs(r)) + sqrt(Abs(i - 70.2457432609452))
1209,0.8956049010627198,B0*s ; sqrt(Abs(B1*sqrt(Abs(i)) + r)),0.0477153379778593*s ; sqrt(Abs(r + 0.397484786007149*sqrt(Abs(i))))
1210,0.8956049010593822,B0*s ; B1*r**2 + r,0.0477155367491005*s ; 0.000755901769334789*r**2 + r
1211,0.8956049010582267,B0*s ; B1 + 2*i + r,2.71888619932954*s ; 2*i + r + 0.23366851223048
1212,0.8956049010574113,B0*s ; B1*r + i*r,0.0477142855174223*s ; i*r + 0.407703515739256*r
1213,0.8956049010573001,B0*s ; B1*i*r**2,0.047715631746653*s ; 24.2592267272809*i*r**2
1214,0.8956049010564568,B0*s ; B1*i + i*r,0.0477142459165588*s ; i*r + 0.303338138118272*i
1215,0.8956049010318609,B0*s ; B1 - i + Abs(r)**(1/4),0.0477163397493565*s ; -i + Abs(r)**(1/4) + 87.4577003594341
1216,0.8956049010312638,B0*s ; B1 - i*r + r,0.0477163520601965*s ; -i*r + r + 50.4016522027607
1217,0.8956049010126244,B0*s ; B1 + i**2 - i,0.0477166930299944*s ; i**2 - i + 0.000213412833254419
1218,0.8956049010124905,B0*s ; B1 - sqrt(Abs(B2 + sqrt(2)*sqrt(Abs(i)))),0.0477132173120637*s ; 0.0488473924961328 - sqrt(sqrt(2)*sqrt(Abs(i)) + 0.000486950035924468)
1219,0.8956049009921734,B0*s ; r + sqrt(Abs(B1 - sqrt(Abs(r)))),0.047712909766351*s ; r + sqrt(Abs(sqrt(Abs(r)) - 0.475186489025473))
1220,0.8956049009773025,B0*s ; B1 - 2*i - r,0.0477127112076608*s ; -2*i - r + 1.65573299576889
1221,0.8956049009575131,B0*s ; B1*r*Abs(i)**(1/4),0.0477124714627397*s ; 0.186598769992469*r*Abs(i)**(1/4)
1222,0.8956049009486817,B0*s ; B1*r + Abs(r)**(3/2),0.0477123716389831*s ; 0.000160342926308307*r + Abs(r)**(3/2)
1223,0.8956049009291742,B0*s ; B1*sqrt(Abs(i))*sqrt(Abs(r)),0.0477177488251954*s ; 0.147294090621884*sqrt(Abs(i))*sqrt(Abs(r))
1224,0.8956049009198089,B0*s ; sqrt(Abs(B1 + B2*sqrt(Abs(r)))),0.0477178433164897*s ; sqrt(0.00129367065354345*sqrt(Abs(r)) + 0.00102361973742168)
1225,0.8956049009116184,B0*s ; sqrt(Abs(B1*i + B1*r)),0.0477179234894225*s ; sqrt(Abs(0.000429552242126811*i + 0.000429552242126811*r))
1226,0.895604900893631,B0*s ; B1 - 2*i + r,0.0477180923747336*s ; -2*i + r + 0.413994726769952
1227,0.8956049008846535,B0*s ; B1*r - i*r,0.0477181733503675*s ; -i*r + 0.0138437852411416*r
1228,0.895604900873358,B0*s ; B1*Abs(i)**(3/2) + i,0.0477116401812925*s ; i + 0.0037854599996006*Abs(i)**(3/2)
1229,0.89560490081189,B0*s ; B1 + i + Abs(i)**(3/2),0.0477111459427204*s ; i + Abs(i)**(3/2) + 0.11031564387685
1230,0.8956049008103096,B0*s ; B1 - i + 2*r,0.0477111340783391*s ; -i + 2*r + 48.7757666260451
1231,0.8956049006653454,B0*s ; B1 + sqrt(Abs(i))*sqrt(Abs(r)),0.0477101692443939*s ; sqrt(Abs(i))*sqrt(Abs(r)) + 7.18718324470946
1232,0.8956049006103347,B0*s ; B1*i + B2*r,0.0477098506153311*s ; 0.00135598911215483*i + 0.00408644622694921*r
1233,0.8956049004950113,B0*s ; B1 + i + 2*r,0.0477206727642552*s ; i + 2*r + 0.000169721046285415
1234,0.8956049004884834,B0*s ; B1 + B2*r + i,0.0477092073825208*s ; i + 0.0569503368293856*r + 0.000117195442105013
1235,0.8956049001619819,B0*s ; B1*i + i**2,0.0477077619807679*s ; i**2 + 0.0822647761287265*i
1236,0.895604900035294,B0*s ; B1 + r + Abs(i)**(1/4),0.0477072740332167*s ; r + Abs(i)**(1/4) + 1.47283745783353
1237,0.895604899964698,B0*s ; B1 - r**2 + r,0.0477070151269303*s ; -r**2 + r + 0.00143038757343224
1238,0.8956048999567272,B0*s ; B1*r + r**2,0.0477069864227611*s ; r**2 + 45.3070170137588*r
1239,0.8956048999426528,B0*s ; B1*sqrt(Abs(r + sqrt(Abs(r)))),0.0477229770202495*s ; 0.000190546376330217*sqrt(Abs(r + sqrt(Abs(r))))
1240,0.8956048998857847,B0*s ; B1 + i - Abs(r)**(3/2),0.0477067353637634*s ; i - Abs(r)**(3/2) + 0.000498772831739453
1241,0.8956048997342024,B0*s ; B1 + i*r + r,0.0477236900168439*s ; i*r + r + 16.1090026113197
1242,0.8956048995658069,B0*s ; B1*i**2 - i,0.0477056871216026*s ; 0.0109559305942418*i**2 - i
1243,0.8956048995108665,B0*s ; B1 + B2*r**2,0.0477243943531882*s ; 0.0232844940831717*r**2 + 0.000697363387127663
1244,0.8956048991072488,B0*s ; sqrt(Abs(B1*sqrt(Abs(r)) - r)),0.0477255491184157*s ; sqrt(Abs(r - 5.2087349198711*sqrt(Abs(r))))
1245,0.8956048936660671,B0*s ; B1 + B2*Abs(i)**(1/4),0.0476943667349314*s ; 0.040797877517934*Abs(i)**(1/4) + 0.0286004235062691
1246,0.895604861752543,B0*s ; i*r + r**2,0.0476675018412698*s ; i*r + r**2
1247,0.8956048611596011,B0*s ; -r + sqrt(Abs(i)) + sqrt(Abs(r)),0.0476671453746168*s ; -r + sqrt(Abs(i)) + sqrt(Abs(r))
1248,0.8956048604607433,B0*s ; sqrt(Abs(i - r + sqrt(Abs(i)))),0.0476667286173756*s ; sqrt(Abs(i - r + sqrt(Abs(i))))
1249,0.895604860393686,B0*s ; 3*i + r,0.0476666888176733*s ; 3*i + r
1250,0.895604858309931,B0*s ; i + r + Abs(i)**(1/4),0.0476654680297133*s ; i + r + Abs(i)**(1/4)
1251,0.8956048574562875,B0*s ; r*sqrt(Abs(i - sqrt(Abs(r)))),0.0477649548424579*s ; r*sqrt(Abs(i - sqrt(Abs(r))))
1252,0.8956048552019701,B0*s ; r*Abs(i)**(1/8),0.0477662311167262*s ; r*Abs(i)**(1/8)
1253,0.895604854951461,B0*s ; -sqrt(2)*r*sqrt(Abs(i)) + sqrt(Abs(i)),0.0476635614664164*s ; -sqrt(2)*r*sqrt(Abs(i)) + sqrt(Abs(i))
1254,0.895604854951461,B0*s ; Abs(i - r)**(1/8),0.0476635614664164*s ; Abs(i - r)**(1/8)
1255,0.895604854951461,B0*s ; i + sqrt(Abs(i))*sqrt(Abs(r)),0.0476635614664164*s ; i + sqrt(Abs(i))*sqrt(Abs(r))
1256,0.895604854951461,B0*s ; 2*i + Abs(i)**(3/2),0.0476635614664164*s ; 2*i + Abs(i)**(3/2)
1257,0.895604854951461,B0*s ; 2*r + Abs(i)**(3/2),0.0476635614664164*s ; 2*r + Abs(i)**(3/2)
1258,0.895604854951461,B0*s ; Abs(i)**(1/4)*Abs(r)**(1/4),0.0476635614664164*s ; Abs(i)**(1/4)*Abs(r)**(1/4)
1259,0.8956048500632819,B0*s ; -i*r**2 + r,0.0476609066161129*s ; -i*r**2 + r
1260,0.895452876897573,B0*i**2 + B0*i*s ; B1*i + i*r,0.280657458899014*i**2 + 0.280657458899014*i*s ; i*r + 0.0376297069105378*i
1261,0.8953749339078597,B0*i ; B1*i + B2*r,2.07514377160647*i ; 2.10657215447343*i + 0.000172957550201991*r
1262,0.8953382542546187,B0 + B1*i + B2*i*s ; B3*i,0.400012476548846*i*s + 2.75567200504199e-6*i + 8.23403938192991e-8 ; 0.100012348194389*i
1263,0.8953382542539741,B0*i**2 + B1*i*s ; B2*i + B3*r,1.15085493193511e-5*i**2 + 0.40002268319221*i*s ; 0.100021154935371*i - 1.2112489734033e-6*r
1264,0.895326721981245,B0*i**2 + B1*s ; B2 + i + sqrt(Abs(r)),-0.00974214542656024*i**2 + 2.73156566317953*s ; i + sqrt(Abs(r)) - 0.214225719226057
1265,0.8953184745043626,B0*i**2 + B1*i*s ; B2*Abs(i)**(5/4),0.0248407686006573*i**2 + 0.374342852299304*i*s ; 0.13933097021087*Abs(i)**(5/4)
1266,0.8952842981391859,B0 + B1*i ; i*sqrt(Abs(r)) + sqrt(Abs(i)),-0.118164276946236*i - 0.0618025095085079 ; i*sqrt(Abs(r)) + sqrt(Abs(i))
1267,0.895276545233344,B0*i + B1*sqrt(Abs(s)) ; B2*i**2 + B3*i*r,0.330387267635284*i + 0.000330826116829971*sqrt(Abs(s)) ; 0.961640502486392*i**2 + 0.589067364886736*i*r
1268,0.8952539800663405,B0*Abs(s)**(3/2) + B1*s**2 ; B2*sqrt(Abs(i)),-0.643229935510651*s**2 + 0.643871522475357*Abs(s)**(3/2) ; 0.000111111034059571*sqrt(Abs(i))
1269,0.8951592601519379,B0*s + B1*s**3 ; i,-0.177589148025406*s**3 + 0.176926968805925*s ; i
1270,0.8951592600949538,B0*s + B1*s**3 ; B2*r,-0.177583036987204*s**3 + 0.176921608827569*s ; 0.0652921928588944*r
1271,0.8951591028498816,B0*s + B1*i*s**2 ; r*Abs(B2 - i + r)**(1/4),-0.0334382531993136*i*s**2 + 2.61976933919763*s ; r*Abs(-i + r + 0.561991085351975)**(1/4)
1272,0.8951490373345139,B0*s + B1*i*s**2 ; B2 - r + sqrt(Abs(r)),-0.0325204617612456*i*s**2 + 2.61873586309575*s ; -r + sqrt(Abs(r)) - 0.314886162388117
1273,0.8951380394137154,B0*i*s ; B1*i*r + i**2 - r,0.349861562035907*i*s ; i**2 + 0.126808126158671*i*r - r
1274,0.895089507555746,B0*i**3 + B1*s ; B2 - 2*r,-0.0559357418406036*i**3 + 2.43284650353245*s ; 0.00600283055188227 - 2*r
1275,0.8950814702111327,B0 + B1*i + B2*s ; -i*r + i + sqrt(Abs(i)),-0.000536330831350105*i + 0.0653108450897336*s - 0.046568140270922 ; -i*r + i + sqrt(Abs(i))
1276,0.8950713388654552,B0*i + B1*i*s ; i + sqrt(2)*sqrt(Abs(i)),-0.0342619410495475*i*s - 0.00416582146075523*i ; i + sqrt(2)*sqrt(Abs(i))
1277,0.8950366448110813,B0 + B1*i + B2*i**2 ; B3*i,-0.303008315388513*i**2 + 0.278568684263649*i + 0.00294923223984033 ; 0.000827841933142553*i
1278,0.8950279979012212,B0 + B1*i + B2*s**2 ; B3*i,-0.325650293844807*i - 0.301016619095572*s**2 + 0.304041549573982 ; 0.000742090881401541*i
1279,0.8949991198118773,B0*sqrt(Abs(2*i + sqrt(Abs(s)))) ; B1 + B2*r,0.0587632113709262*sqrt(Abs(2*i + sqrt(Abs(s)))) ; 0.42329570438994 - 0.398397009724754*r
1280,0.8949871113244584,s*sqrt(Abs(B1 + Abs(B0 + s)**(1/4))) ; i,s*sqrt(Abs(Abs(s + 9.06256213219664)**(1/4) - 1.77722079649882)) ; i
1281,0.894976589227689,B0*i + B1*sqrt(Abs(s)) ; sqrt(Abs(B2 + r)),3.75272195794004e-6*i + 0.0493244134034097*sqrt(Abs(s)) ; sqrt(Abs(r - 10.7426445290314))
1282,0.8949677811378913,B0 + B1*i + B2*s**2 ; B3 - 2*r,-0.315382022554087*i - 0.293702410797647*s**2 + 0.294343681313742 ; 0.0194671477388389 - 2*r
1283,0.8949659721262069,B0 + B1*s + B2*s**2 ; sqrt(Abs(B3 + B4*i)),-0.294815837487445*s**2 + 0.316006650634087*s - 0.0179326447770746 ; sqrt(Abs(0.644167746520132*i + 6.57165627383048))
1284,0.8949659721260009,B0 + B1*i**2 + B2*s ; r,-0.294814198280885*i**2 - 0.27362345691014*s + 0.276881733018307 ; r
1285,0.8949659721249259,B0 + B1*s + B2*s**2 ; sqrt(Abs(r)),-0.29481303304557*s**2 + 0.316003598385698*s - 0.017932210140561 ; sqrt(Abs(r))
1286,0.89496597212468,B0 + B1*s + B2*s**2 ; sqrt(Abs(i)),-0.294812802430771*s**2 + 0.316003306343212*s - 0.0179321349100341 ; sqrt(Abs(i))
1287,0.894965972124567,B0 + B1*s + B2*s**2 ; 2*r,-0.294819292894237*s**2 + 0.316011598534941*s - 0.0179343612748977 ; 2*r
1288,0.8949659721243093,B0 + B1*s + B2*i*s ; r,0.294812389882505*i*s + 0.0211903482193142*s - 0.0179319544515581 ; r
1289,0.8949659721240172,B0 + B1*i + B2*i*s ; r,0.294812058144687*i*s - 0.0211901842897231*i + 0.00325841067083941 ; r
1290,0.894965972123957,B0 + B1*s + B2*i*s ; sqrt(Abs(r)),0.29481211111971*i*s + 0.0211902738931648*s - 0.0179318634496096 ; sqrt(Abs(r))
1291,0.8949659721224152,B0 + B1*s + B2*s**2 ; i,-0.294811158203514*s**2 + 0.316001223658052*s - 0.0179315981058072 ; i
1292,0.8949659721223959,B0 + B1*i + B2*i**2 ; r,-0.294810961696098*i**2 + 0.273621070764391*i + 0.0032584762116612 ; r
1293,0.8949659721220024,B0 + B1*s + B2*s**2 ; sqrt(2)*sqrt(Abs(r)),-0.294810914016427*s**2 + 0.316000914383192*s - 0.0179315184103407 ; sqrt(2)*sqrt(Abs(r))
1294,0.8949659721197777,B0 + B1*i + B2*i*s ; B3*i*r - i*r**2,0.294814912144046*i*s - 0.0211893998010302*i + 0.00325820782550615 ; -i*r**2 + 0.0835901195300391*i*r
1295,0.8949659721196332,B0 + B1*s + B2*s**2 ; r,-0.29480968982623*s**2 + 0.315999363761276*s - 0.0179311187819561 ; r
1296,0.8949659721162032,B0 + B1*i + B2*i*s ; r*sqrt(Abs(i)),0.29480807315424*i*s - 0.021189122056355*i + 0.00325864895402335 ; r*sqrt(Abs(i))
1297,0.8949659720988355,B0 + B1*s + B2*s**2 ; B3 - sqrt(Abs(B4 + i)),-0.294802834774796*s**2 + 0.31599052492517*s - 0.0179287060454862 ; 0.0136002304876867 - sqrt(Abs(i + 46.2852251926547))
1298,0.8949646107434512,B0*i**2 + B1*i*s ; B2 + B4*sqrt(Abs(B3 + r)),-0.0171398523817892*i**2 + 0.272657632444943*i*s ; 0.130944279226475*sqrt(Abs(r + 0.00384940863761468)) - 0.0157259810349534
1299,0.8949374257670372,B0 + B1*s + B2*i*s ; B3 + Abs(r)**(1/4),0.286264556996732*i*s + 0.00372410531275637*s - 0.0176772947583964 ; Abs(r)**(1/4) - 0.515810478967155
1300,0.8949208974528627,B0 + B1*sqrt(Abs(s)) ; sqrt(Abs(B2 - i + 2*r)),0.0499554036414323*sqrt(Abs(s)) - 0.000397373050241588 ; sqrt(Abs(-i + 2*r + 0.000473981472968409))
1301,0.8949170877748114,B0 + B1*sqrt(Abs(s)) ; B2 - i - r + sqrt(Abs(r)),0.0502584986495465*sqrt(Abs(s)) - 0.000407003846730776 ; -i - r + sqrt(Abs(r)) + 1.69830448788841
1302,0.8949129298786364,B0 + B2*sqrt(Abs(B1 + s)) ; i,0.0495241887146068*sqrt(Abs(s - 0.00155946213922645)) - 0.000430535191924141 ; i
1303,0.8949124525242188,B0 + B1*sqrt(Abs(s)) ; B2 - 2*r + sqrt(Abs(i)),0.0496965748609489*sqrt(Abs(s)) - 0.00042959130895531 ; -2*r + sqrt(Abs(i)) + 0.141303122643945
1304,0.8949048041929545,B0 + B1*sqrt(Abs(s)) ; r*sqrt(Abs(2*i - r)),0.0506257853170075*sqrt(Abs(s)) - 0.000427753982814124 ; r*sqrt(Abs(2*i - r))
1305,0.8948928612730077,B0*i + B1*sqrt(Abs(s)) ; B2 + Abs(r)**(1/4),3.93473023086986e-6*i + 0.0479633246178248*sqrt(Abs(s)) ; Abs(r)**(1/4) - 0.10734670606691
1306,0.8948886623550687,B0*i + B1*sqrt(Abs(s)) ; B2 + i**2 - r,3.77724267111497e-6*i + 0.04948740653553*sqrt(Abs(s)) ; i**2 - r + 32.2903069192175
1307,0.8948747743535037,B0*s + B1*i*s ; B2*i - i*r + Abs(i)**(3/2),0.538183429295506*i*s - 0.0047461533528877*s ; -i*r - 0.0762979394985516*i + Abs(i)**(3/2)
1308,0.8948690613654845,B0*i*s ; B1 + B2*i - i*r - r,0.161067780310841*i*s ; -i*r - 0.748931141537283*i - r - 0.00780269341331805
1309,0.8948499219429032,B0 + B2*sqrt(Abs(B1 + s)) ; -i + sqrt(Abs(B3 + i)),0.051332264003078*sqrt(Abs(s - 0.0560193078513415)) - 0.000494499090534405 ; -i + sqrt(Abs(i + 0.0422412496874177))
1310,0.8948489235249482,B0*i*s + B0*s**2 ; sqrt(Abs(i)),-0.00399647997070507*i*s - 0.00399647997070507*s**2 ; sqrt(Abs(i))
1311,0.8948444722550035,B0*Abs(s)**(3/2) + B1*i*s ; B2 + B3*r,0.303108437550517*i*s + 0.00656724756379052*Abs(s)**(3/2) ; 0.036440008724951*r + 0.00437433258096898
1312,0.894842609283207,B0*i + B1*sqrt(Abs(s)) ; B2 + r,7.08515679309315e-6*i + 0.0501361993778879*sqrt(Abs(s)) ; r + 281.339442576033
1313,0.894821927810519,B0 + B1*i + B2*i*s ; B3 - sqrt(Abs(r)),0.30055170306442*i*s - 0.0301729497386036*i + 0.0118216018459743 ; 0.207304936911531 - sqrt(Abs(r))
1314,0.8948162764605232,B0*s + B1*i*s**2 ; i,-0.0218784681991557*i*s**2 + 2.62454355673318*s ; i
1315,0.8948011012176992,B0*i + B1*sqrt(Abs(s)) ; r*Abs(i - r)**(1/4),-0.000463322403578396*i + 0.0485754156511367*sqrt(Abs(s)) ; r*Abs(i - r)**(1/4)
1316,0.8948009593022124,B0 + B1*i ; B2*sqrt(Abs(i)) + r*sqrt(Abs(i)),0.000395647280022131*i + 0.0419021392734782 ; r*sqrt(Abs(i)) + 0.000808631335996335*sqrt(Abs(i))
1317,0.8947865231779165,B0*i + B1*sqrt(Abs(s)) ; B2*sqrt(Abs(r)) + Abs(r)**(3/2),-0.000367385920265796*i + 0.0479093499531282*sqrt(Abs(s)) ; Abs(r)**(3/2) + 0.500612736222052*sqrt(Abs(r))
1318,0.8947839748497244,B0*i + B1*sqrt(Abs(s)) ; B2 + sqrt(Abs(r)),3.55700875480193e-6*i + 0.0472782939479751*sqrt(Abs(s)) ; sqrt(Abs(r)) - 0.162778196076807
1319,0.8947772553486096,B0*i + B1*sqrt(Abs(s)) ; B2*Abs(r)**(1/8),-0.000368575853687773*i + 0.047814424971833*sqrt(Abs(s)) ; 11.9268634983014*Abs(r)**(1/8)
1320,0.894772677741512,B0*i + B1*sqrt(Abs(s)) ; B2*r,-0.000365478830482943*i + 0.047756252749656*sqrt(Abs(s)) ; 0.000100490367037762*r
1321,0.894768513025463,B0*i + B1*sqrt(Abs(s)) ; r + Abs(r)**(1/4),-0.000368244231249574*i + 0.0477241510212111*sqrt(Abs(s)) ; r + Abs(r)**(1/4)
1322,0.8947676568073314,B0 + B2*sqrt(Abs(B1 + s)) ; i + r - sqrt(Abs(r)),0.0518364996748037*sqrt(Abs(s - 0.066839848644001)) - 0.00050324190489334 ; i + r - sqrt(Abs(r))
1323,0.8947586724120784,B0*i + B1*sqrt(Abs(s)) ; B2 - sqrt(Abs(B3 + r)),-3.65053973480436e-6*i + 0.0475810017346423*sqrt(Abs(s)) ; 0.0201065125461262 - sqrt(Abs(r - 0.0325564919122135))
1324,0.8947262595993808,B0*i + B1*s*sqrt(Abs(i)) ; r,0.0162804102522029*i + 0.121221839688632*s*sqrt(Abs(i)) ; r
1325,0.8947256883076155,B0 + B1*i + B2*s ; B3 + B4*r + i + r**2,0.752628110941114*i + 3.73903866151922*s - 1.52870843134106 ; i + r**2 + 2.07012783340477*r - 0.757229567542135
1326,0.8947133726529332,B0 + B1*i + B2*s ; sqrt(Abs(B3*i - r*Abs(i)**(3/2))),-0.000700845599030656*i + 0.0887717113518682*s - 0.0651109588168158 ; sqrt(Abs(0.669126443975633*i + r*Abs(i)**(3/2)))
1327,0.8947113326191115,B0*i + B1*sqrt(Abs(s)) ; B2 + B3*sqrt(Abs(r)) + r,-7.49264131926046e-5*i + 0.0485265459570538*sqrt(Abs(s)) ; r + 1.18074213008051*sqrt(Abs(r)) - 0.354966025354565
1328,0.8946964317117866,B0*Abs(s)**(3/2) + B1*i*s ; 2*r,0.264288101279854*i*s + 0.00510569291591802*Abs(s)**(3/2) ; 2*r
1329,0.8946870175354653,B0*s**2 + B1*i*s ; i*r,0.266499988727278*i*s + 0.00512973606185351*s**2 ; i*r
1330,0.8946870175341675,B0*s**2 + B1*i*s ; sqrt(Abs(r)),0.266499571269896*i*s + 0.00512977346274182*s**2 ; sqrt(Abs(r))
1331,0.8946870175339063,B0*s**2 + B1*i*s ; r,0.266499495946691*i*s + 0.00512978021153699*s**2 ; r
1332,0.8946870175328586,B0*s**2 + B1*i*s ; sqrt(Abs(i))*sqrt(Abs(r)),0.266499214796633*i*s + 0.00512980539913157*s**2 ; sqrt(Abs(i))*sqrt(Abs(r))
1333,0.8946870175318652,B0*s**2 + B1*i*s ; B2*r,0.266504898406495*i*s + 0.00512928607846924*s**2 ; 37.2046639369873*r
1334,0.8946870175315843,B0*s**2 + B1*i*s ; B2*i*r + i**2*r,0.266504934580533*i*s + 0.00512920765902014*s**2 ; i**2*r + 2.89748316026905*i*r
1335,0.8946870175268957,B0*s + B1*i*s ; sqrt(Abs(r**2 - r*sqrt(Abs(B2 - r)))),0.261376663485075*i*s + 0.00512920566389495*s ; sqrt(Abs(r**2 - r*sqrt(Abs(r - 1.06110771810434))))
1336,0.8946607903299955,B0*s + B1*s*sqrt(Abs(i)) ; sqrt(Abs(r)) - sqrt(Abs(i + r)),0.0929413888198707*s*sqrt(Abs(i)) + 0.00360088005023626*s ; sqrt(Abs(r)) - sqrt(Abs(i + r))
1337,0.8946444042718322,B0*i**2 + B1*i*s ; B2*sqrt(Abs(i)),-0.0498880859671702*i**2 + 0.353462538926324*i*s ; 0.0118459204258085*sqrt(Abs(i))
1338,0.8946431187262576,B0*Abs(i)**(3/2) + B1*i*s ; r,0.321721302118992*i*s - 0.0357989165278749*Abs(i)**(3/2) ; r
1339,0.8946262785747453,B0*Abs(s)**(3/2) + B1*i*s ; B2 - Abs(r)**(1/4),0.278198329705543*i*s + 0.0195765210582774*Abs(s)**(3/2) ; 0.49555210736906 - Abs(r)**(1/4)
1340,0.8946128769915993,B0 + B2*sqrt(Abs(B1 + s)) ; B3 + r - sqrt(Abs(r)),0.0497543376888191*sqrt(Abs(s + 0.0531073204654588)) - 0.000405600773309697 ; r - sqrt(Abs(r)) + 0.00151652073474318
1341,0.894607975396365,B0*i*s ; B1 + B2*r - i*r + i,0.385125763716754*i*s ; -i*r + i - 1.62626500957485*r - 0.040852410419072
1342,0.8945863211693095,B0*i*s + i**2*s ; B1 + B2*i,i**2*s + 0.340940060358928*i*s ; 0.237197514175614*i - 0.00469185765783768
1343,0.894562352133284,B0*sqrt(Abs(s)) ; B1*i + i**2,0.0334136426778007*sqrt(Abs(s)) ; i**2 + 0.000343434249226552*i
1344,0.8945621857253757,B0*sqrt(Abs(s)) ; B1 + i - 2*r,0.0339964518512482*sqrt(Abs(s)) ; i - 2*r + 0.000287039307636868
1345,0.8945615359574547,B0*sqrt(Abs(s)) ; B1*r + 2*i,0.0339964513442728*sqrt(Abs(s)) ; 2*i + 0.0123930115592888*r
1346,0.8945614857655076,B0*sqrt(Abs(s)) ; B1 - i + 2*r,0.0334136427227538*sqrt(Abs(s)) ; -i + 2*r + 0.000880762722890673
1347,0.8945613580745817,B0*sqrt(Abs(s)) ; B1*r*Abs(i)**(3/2),0.0339964538403236*sqrt(Abs(s)) ; 2.37338129221985*r*Abs(i)**(3/2)
1348,0.8945603286994755,B0*sqrt(Abs(s)) ; B1 + i*Abs(r)**(3/2),0.0334136428341839*sqrt(Abs(s)) ; i*Abs(r)**(3/2) + 0.000360036639627033
1349,0.8945599175412571,B0*sqrt(Abs(s)) ; r - sqrt(Abs(i)) - sqrt(Abs(r)),0.0339964481167252*sqrt(Abs(s)) ; r - sqrt(Abs(i)) - sqrt(Abs(r))
1350,0.8945594851979086,B0*sqrt(Abs(s)) ; i**2*Abs(r)**(1/4),0.0339964463874848*sqrt(Abs(s)) ; i**2*Abs(r)**(1/4)
1351,0.8945590849226206,B0*sqrt(Abs(s)) ; B1 + B2*Abs(r)**(3/2),0.0339964606689796*sqrt(Abs(s)) ; 2.63057204199791*Abs(r)**(3/2) + 0.000669436752277269
1352,0.8945549617504563,B0*sqrt(Abs(s)) ; B1 + B2*Abs(r)**(1/4),0.0334136161056532*sqrt(Abs(s)) ; 7.17942986116762*Abs(r)**(1/4) + 0.00699073089092909
1353,0.894554400161416,B0*sqrt(Abs(s)) ; B1 + sqrt(Abs(i - sqrt(Abs(r)))),0.0339835916941842*sqrt(Abs(s)) ; sqrt(Abs(i - sqrt(Abs(r)))) + 0.493640835053458
1354,0.8945534798309368,B0*sqrt(Abs(s)) ; B1 + 2*i + r,0.03398379428677*sqrt(Abs(s)) ; 2*i + r + 0.00983215564622045
1355,0.8945364007595971,B0*sqrt(Abs(s)) ; i + Abs(i)**(1/4)*Abs(r)**(3/4),0.0333529014676916*sqrt(Abs(s)) ; i + Abs(i)**(1/4)*Abs(r)**(3/4)
1356,0.8945304325441805,B0*sqrt(Abs(i)) ; B1*i + B2*r,0.178341808161804*sqrt(Abs(i)) ; 0.961704951901194*i + 0.0117074485911168*r
1357,0.8945141377359616,B0*sqrt(Abs(s)) + B1*s - i ; B2*i*r,-i - 2.65274335239766*s + 2.65017116039283*sqrt(Abs(s)) ; 0.00164348401239913*i*r
1358,0.894495426672017,B0*i**2 + B1*i*s ; sqrt(Abs(r)),-0.0377476602561364*i**2 + 0.312038043871751*i*s ; sqrt(Abs(r))
1359,0.8944954266702332,B0*i**2 + B1*i*s ; sqrt(Abs(r - sqrt(Abs(r)))),-0.0377485992840742*i**2 + 0.312039698201009*i*s ; sqrt(Abs(r - sqrt(Abs(r))))
1360,0.8944954266687032,B0*i**2 + B1*i*s ; r,-0.0377473700412719*i**2 + 0.312037499727498*i*s ; r
1361,0.894495426652376,B0*i + B1*i*s ; sqrt(Abs(r**2 + r*sqrt(Abs(B2 + r)))),0.349781494761407*i*s - 0.0377434574360515*i ; sqrt(Abs(r**2 + r*sqrt(Abs(r + 11.7356098164356))))
1362,0.8944954265924263,B0*i**2 + B1*i*s ; B2*r,-0.0377572385481469*i**2 + 0.312037657981385*i*s ; 31.7682466812359*r
1363,0.8944843366110804,B0 + B1*i + B2*i**2 ; B3 + B4*i + B4*r**2,-0.544013391051838*i**2 + 0.719158003273818*i - 0.0873611522024683 ; 1.20713441560821*i + 1.20713441560821*r**2 - 1.46667127208209
1364,0.8944370888485897,B0*i*s**2 ; B1 + i*r + i,0.0695378241656579*i*s**2 ; i*r + i - 0.352434071065343
1365,0.8943867163705957,B0 + B1*sqrt(Abs(i - s)) ; i,0.0522792549969593*sqrt(Abs(i - s)) - 0.00114238580802837 ; i
1366,0.894374223256542,B0 + i**2 ; B1 + i - r + sqrt(Abs(r)),i**2 + 0.00240378676873591 ; i - r + sqrt(Abs(r)) - 0.0146673781450771
1367,0.89435032904289,B0 + B1*sqrt(Abs(2*i - s)) ; r,0.0892496995060183 - 0.0804799647089768*sqrt(Abs(2*i - s)) ; r
1368,0.8943489585123701,B0*i ; -2*i,0.000119146963696926*i ; -2*i
1369,0.8943080833293744,B0*i + B1*s ; B2*i + B3*r*Abs(i)**(3/2),0.243035267663779*i + 0.00695700057953594*s ; 0.0688452371243767*i + 1.55058988809043*r*Abs(i)**(3/2)
1370,0.8942722738423,i*s**2 ; B0 + i,i*s**2 ; i - 0.0167423991320728
1371,0.8942647572924539,B0 + B1*i + B2*s**2 ; B3 + B4*i,-0.065702013783645*i - 0.23072060853431*s**2 + 1.75420648870295 ; 2.67681027685876*i - 62.8970590029313
1372,0.8942385426398498,B0*s + B1*i**2*s ; B2 - sqrt(Abs(i)),0.0344429501530049*i**2*s + 2.6117368453845*s ; 1.15923544162031 - sqrt(Abs(i))
1373,0.8941984797889495,B0*Abs(s)**(1/4) ; B1 + r,0.0211565765841986*Abs(s)**(1/4) ; r + 0.0109700330843812
1374,0.8941968134401911,B0*Abs(s)**(1/4) ; B1*r,0.0208187775610047*Abs(s)**(1/4) ; 0.0974185574119685*r
1375,0.8941845992655243,B0*i*s ; B1*i + B2*i*r + r,0.267799578797036*i*s ; -4.97644898144772*i*r - 0.0222769685123661*i + r
1376,0.8941333289211929,B1*sqrt(Abs(B0 - i + s)) ; B2*sqrt(Abs(i)),0.0353252682695069*sqrt(Abs(-i + s + 0.691133498358404)) ; 0.00102016912278394*sqrt(Abs(i))
1377,0.8941065128638166,B0*s - i*s - i ; B1*i,-i*s - i + 0.0909431017282916*s ; 1.16027369676326*i
1378,0.8940934967255486,B0*i + B1*s ; B2*i + i*sqrt(Abs(r)),-1.65905874425792*i + 0.263649641260713*s ; i*sqrt(Abs(r)) + 0.0128498520554393*i
1379,0.8940859431836873,B0*s**2 ; B1*sqrt(Abs(r)) + i,0.0447709948306243*s**2 ; i + 0.000201546571044259*sqrt(Abs(r))
1380,0.8940859382512235,B0 + B1*s + B2*i*s ; B3 + B4*r + i,-0.129413155955053*i*s + 0.1379089508794*s - 0.12787381525127 ; i + 0.960505548690719*r + 0.0338720332412585
1381,0.8940750453602428,B0 + B1*i ; B2*i - i*r + r,0.000397754220680983*i + 0.0423333077176958 ; -i*r + 8.10702232325376e-5*i + r
1382,0.8940715586176726,B0 + B1*s ; B2*i - i*r + r,2.75167590838476*s - 64.1502730341391 ; -i*r + 0.00534219910976319*i + r
1383,0.8940715522003232,B0 + B1*s ; Abs(B2 + i**2 + r)**(1/4),2.7516756024271*s - 64.1507203217089 ; Abs(i**2 + r + 2.8530574694372)**(1/4)
1384,0.8940636556585905,B0 + B1*i + B2*s ; B3 + r*Abs(i)**(3/2),0.000400304075357765*i - 0.00435227935993467*s + 0.041990949134588 ; r*Abs(i)**(3/2) + 0.042932725461104
1385,0.8940206762954203,B0*i*s ; B1*Abs(2*i + 2*r)**(1/4),0.00165702535352577*i*s ; -8.38569978812357*Abs(2*i + 2*r)**(1/4)
1386,0.893981351899658,B0*s + B1*s*sqrt(Abs(i)) ; -r + sqrt(Abs(B2*i - i*sqrt(Abs(r)))),0.312446321879694*s*sqrt(Abs(i)) - 0.0247964359702492*s ; -r + sqrt(Abs(i*sqrt(Abs(r)) - 0.0560673594488414*i))
1387,0.8939729246585478,B0 + B1*i ; 2*i - sqrt(Abs(B2 + r)),0.240032750225561 - 0.335231300706876*i ; 2*i - sqrt(Abs(r + 1.76627804282239))
1388,0.8939198533572059,B0*Abs(s)**(1/4) ; sqrt(Abs(i)),0.0198418931000138*Abs(s)**(1/4) ; sqrt(Abs(i))
1389,0.8938995883543376,B0 + B1*s - i ; i,-i + 0.0824727263710216*s + 0.010871567363118 ; i
1390,0.8938260916311531,B0*i*s ; B1*i*Abs(r)**(1/4) + i**2,0.328699528343524*i*s ; i**2 - 0.384803979862532*i*Abs(r)**(1/4)
1391,0.8938142627486527,B0*i + B1*s ; -i + sqrt(Abs(B2 - 2*r)),-0.000172905061953213*i + 0.0449781145010192*s ; -i + sqrt(Abs(2*r + 0.000747122812679135))
1392,0.8938126333301916,B0*i + B1*s ; B2*i + i**2 + i*r,0.140486860959844*i + 2.89044456343674*s ; i**2 + i*r + 0.32739724944965*i
1393,0.893764527036039,B0 - 2*i ; B1*r - i*r + i,0.138400104429197 - 2*i ; -i*r + i + 1.39200775440189e-5*r
1394,0.8937088932648974,B0*s**2 + B1*i*s ; sqrt(2)*sqrt(Abs(i)),-0.00170238809834752*i*s + 0.0141036577392037*s**2 ; sqrt(2)*sqrt(Abs(i))
1395,0.8936966230609199,B0 + B1*sqrt(Abs(i)) + B2*s ; 2*i - sqrt(Abs(i + r)),0.126264337618135*s + 0.260626671767372*sqrt(Abs(i)) - 0.176449372012068 ; 2*i - sqrt(Abs(i + r))
1396,0.8936739797977429,B0*s**2 + B1*i*s ; sqrt(Abs(B2 - r)),-0.00170515823536798*i*s + 0.00251276212797572*s**2 ; sqrt(Abs(r + 8.39084522117514))
1397,0.8936542236002849,B0 + B1*s - i ; B2 + B3*i + B4*i**2,-i + 1.59150292982195*s - 1.54147695737889 ; -0.279419785097066*i**2 - 0.389187829320022*i + 0.0331866831372433
1398,0.8936400291124452,B0*s + B1*i**2*s ; -Abs(i)**(1/4) + sqrt(Abs(r)),0.0426529255662276*i**2*s + 0.00438142212092661*s ; -Abs(i)**(1/4) + sqrt(Abs(r))
1399,0.8936342500799348,B0 + B1*sqrt(Abs(i + s)) ; B2 - r + sqrt(Abs(i)),0.404329744117052*sqrt(Abs(i + s)) - 0.491796826129141 ; -r + sqrt(Abs(i)) - 1.74731123516712
1400,0.8935609675023826,B0*s + B1*i*s**2 ; sqrt(Abs(B2 + r)),-0.00924906029527772*i*s**2 + 0.00210173838511188*s ; sqrt(Abs(r - 1.8232410056995))
1401,0.8935372519032988,B0*i**2*sqrt(Abs(s)) ; B1 + B2*i + i**3,2.00486919746828*i**2*sqrt(Abs(s)) ; i**3 + 0.433847887016112*i - 0.041118091480037
1402,0.8934038607236434,B1*sqrt(Abs(B0 - sqrt(Abs(s)))) ; r*Abs(i)**(3/2),0.0399763552552169*sqrt(Abs(sqrt(Abs(s)) - 0.314778214604435)) ; r*Abs(i)**(3/2)
1403,0.8933508541632811,B0*s**2 - i*s**2 ; B2*sqrt(Abs(B1 + i + r)),-i*s**2 + 0.00638815733496691*s**2 ; 0.187267865519003*sqrt(Abs(i + r - 0.0610373846921072))
1404,0.8932942654209995,B0 + B2*sqrt(Abs(B1 + sqrt(Abs(i)))) ; B3*r + B3*sqrt(Abs(B4 + i)),0.0592661379587173 - 0.0182415284850802*sqrt(sqrt(Abs(i)) + 0.561809761085821) ; 0.166008815781188*r + 0.166008815781188*sqrt(Abs(i - 0.053301008240105))
1405,0.8932341043915689,B0 + B1*i ; B2*i + 3*r,0.000430473440770255*i + 0.0439579460630834 ; 2.93728452622359*i + 3*r
1406,0.8932115765771905,B0*i**2 + B1*s ; i,-18.3103578720417*i**2 + 0.132977650507966*s ; i
1407,0.8931541711483094,B0*i*s + B0*s**2 ; B1 + r,0.000941988749072595*i*s + 0.000941988749072595*s**2 ; r - 0.0405400261839139
1408,0.8930969930323892,B0*s**2 + B1*i*s ; B2 + i,-1.57097147456317*i*s - 0.279613520527478*s**2 ; i + 0.232487753086758
1409,0.8930825888123892,B0 + B1*sqrt(Abs(s)) - i ; B2*i,-i + 0.0902144397674813*sqrt(Abs(s)) - 0.00186701116797974 ; 1.17039664125219*i
1410,0.8930583126027578,B0*i - i**2 ; B1 + 2*i,-i**2 + 1.98699936661289*i ; 2*i + 0.000139708719661704
1411,0.8930546625665058,s - Abs(s)**(5/4) ; sqrt(Abs(B0 + 2*i - sqrt(Abs(i)))),s - Abs(s)**(5/4) ; sqrt(Abs(2*i - sqrt(Abs(i)) + 0.000746455343244523))
1412,0.8930354096833054,sqrt(Abs(B0*sqrt(Abs(s)) + B1)) ; B2 + i,sqrt(Abs(0.00124409304138956*sqrt(Abs(s)) - 0.000337619322841665)) ; i + 0.0431266154363501
1413,0.8930178842104404,B0*i**2 ; B1 + i*sqrt(Abs(r - sqrt(Abs(i)))),0.293143782168432*i**2 ; i*sqrt(Abs(r - sqrt(Abs(i)))) + 0.155688283271533
1414,0.8930168990070924,i ; i,i ; i
1415,0.8929925161333723,B0 + B1*i ; sqrt(2)*sqrt(Abs(i)),0.000322117144725894*i + 0.040409314342801 ; sqrt(2)*sqrt(Abs(i))
1416,0.8929634364323809,B0*i*s ; -i**2 + i*r - i,0.000665420872130615*i*s ; -i**2 + i*r - i
1417,0.8929239298965207,B0 + B1*i*s ; B2 + sqrt(Abs(i**2 - i + r)),-0.000792385250834548*i*s + 0.0114954836502932 ; sqrt(Abs(i**2 - i + r)) - 0.193752982363706
1418,0.8928456440080689,B0*i*s ; B1*Abs(r)**(1/16),0.313692676109197*i*s ; 20.3581479017999*Abs(r)**(1/16)
1419,0.8928456439861717,B0*i*s ; Abs(r)**(1/4)*Abs(B1 + r)**(1/8),0.313694221696081*i*s ; Abs(r)**(1/4)*Abs(r + 5.50579030269267)**(1/8)
1420,0.8928456438167126,B0*i*s ; Abs(B1*sqrt(Abs(r)) - i*sqrt(Abs(r)))**(1/4),0.313699010652065*i*s ; Abs(i*sqrt(Abs(r)) - 34.2217786083105*sqrt(Abs(r)))**(1/4)
1421,0.8928210062310463,B0*s**2*sqrt(Abs(i)) ; B1 + B2*r**2 + i*r,0.182978297161179*s**2*sqrt(Abs(i)) ; i*r + 0.971502396582207*r**2 + 0.0313562442898249
1422,0.8928064947264504,B0*i + B1*i**2 ; i + sqrt(Abs(r)),-0.0765706021500169*i**2 - 0.129388457230742*i ; i + sqrt(Abs(r))
1423,0.8927917197583265,B0*i**2*Abs(s)**(5/2) ; B1 + B2*i**2,0.00015720239286087*i**2*Abs(s)**(5/2) ; 0.00129428283937947*i**2 + 2.83647996442133
1424,0.8927874088432527,B0*s + B1*i*s**2 ; B2*r,0.445584125790885*i*s**2 - 0.00472230672229761*s ; 15.3641432013297*r
1425,0.8927874084246501,B0*s + B1*i*s**2 ; r,0.445547559152932*i*s**2 - 0.00472107796378701*s ; r
1426,0.8927694920634143,B0*i*s ; B1 - r - sqrt(Abs(i - 2*r)),0.0273465136860614*i*s ; -r - sqrt(Abs(i - 2*r)) + 0.209683356634371
1427,0.8927571963874593,B0 + B1*i + B1*s ; sqrt(Abs(B2 + B3*r**2)),0.0152890608777677*i + 0.0152890608777677*s + 0.0309354058026897 ; sqrt(Abs(0.000653759586870373*r**2 - 0.00618110847363316))
1428,0.8927281676362139,B0*i ; B1 + B2*i + sqrt(Abs(i)),0.025606137763682*i ; 2.83210504463086*i + sqrt(Abs(i)) - 6.29569268603474
1429,0.8927133938530004,B0*s + B2*sqrt(Abs(B1 + i)) ; B3 - r + sqrt(Abs(i)),2.91594373243047*s + 0.535080660651756*sqrt(Abs(i + 1.90604053902368)) ; -r + sqrt(Abs(i)) - 0.743155083553096
1430,0.8927017491883615,B0 + B1*i + B2*s ; 2*i,1.88744989542049*i + 0.00401823961152246*s + 6.33607915948975e-5 ; 2*i
1431,0.8926076752284485,B0*i*s ; B1 - i + Abs(i)**(1/4)*Abs(r)**(3/2),0.0641385386069927*i*s ; -i + Abs(i)**(1/4)*Abs(r)**(3/2) + 0.0146376885626294
1432,0.8925742273165218,B0*sqrt(Abs(i)) + B1*s ; B2 + sqrt(Abs(r)),0.0455768126577329*s + 0.0016944885458862*sqrt(Abs(i)) ; sqrt(Abs(r)) + 2.73071142874894
1433,0.8924937494212348,B0 + B1*i ; B2*i + i**2 + r,0.000395497886316052*i + 0.0425573204354777 ; i**2 - 0.343110709460861*i + r
1434,0.8924334746700185,B0*s**2 + B1*i*s ; sqrt(Abs(i)),-0.00359161024104703*i*s + 0.0176159221186467*s**2 ; sqrt(Abs(i))
1435,0.8923629770500325,B0 + B1*i ; B2*r + i + r**2,0.000398071355349017*i + 0.0428262511191274 ; i + r**2 - 0.404958614825425*r
1436,0.8923546216625734,B0 + B1*i ; B2 - i*r + i + r,0.000396291712350085*i + 0.0426490603261789 ; -i*r + i + r - 0.386154913752596
1437,0.892297770554465,B0 + B1*sqrt(Abs(i)) ; B2 + sqrt(Abs(B3 + i + sqrt(Abs(r)))),0.0565913690114842 - 0.00554574839111506*sqrt(Abs(i)) ; sqrt(Abs(i + sqrt(Abs(r)) + 4.69009054641629)) - 0.0575861821312364
1438,0.8922402894443399,B0 + B1*i*s + B1*s ; B2*i + i**2 + i*r,0.0157982519564108*i*s + 0.0157982519564108*s + 0.000478722855998655 ; i**2 + i*r - 0.56835184577916*i
1439,0.8921971263501717,B0 + B1*Abs(s)**(1/4) + B2*s ; r,-0.404156526214944*s + 0.937010834095865*Abs(s)**(1/4) - 0.523007287990188 ; r
1440,0.8921837897820318,B0 + B1*i + B2*s ; B3 + sqrt(Abs(B4 + i*r + r)),-0.000692240188666878*i + 0.0771180956664964*s - 0.0629194581437779 ; sqrt(Abs(i*r + r + 4.86374701362587)) + 0.0910755513564677
1441,0.8921603569655785,B0*i + B1*s ; sqrt(Abs(B2*Abs(i)**(1/4) + B3*i)),-0.01091990011814*i + 2.72205269376953*s ; sqrt(Abs(2.06330555021969*i + 2.91070677870657*Abs(i)**(1/4)))
1442,0.8920884195884363,B0 + B1*i - Abs(i)**(3/2) ; B2*i*r**2,0.778801272884742*i - Abs(i)**(3/2) - 0.00950754213047231 ; 0.00107355996122603*i*r**2
1443,0.8920672078815448,B0*sqrt(Abs(i)) + B1*s ; B2 + B3*sqrt(Abs(r)),0.0444638095879697*s + 0.00159994934880604*sqrt(Abs(i)) ; -0.623549966792868*sqrt(Abs(r)) - 5.48457485314367
1444,0.8919554703728367,B0 + B1*i + B1*s ; 2*i - sqrt(2)*sqrt(Abs(i)),0.0478483371637237*i + 0.0478483371637237*s - 0.0195828860654724 ; 2*i - sqrt(2)*sqrt(Abs(i))
1445,0.8919217148806488,B0*i*s ; B1 + i - r + sqrt(Abs(r)),-0.496411642301826*i*s ; i - r + sqrt(Abs(r)) - 0.115278902364065
1446,0.8919032599532872,B0*i*Abs(s)**(3/2) ; i**2 + sqrt(Abs(i))*sqrt(Abs(r)),-0.0009809540403636*i*Abs(s)**(3/2) ; i**2 + sqrt(Abs(i))*sqrt(Abs(r))
1447,0.8918380808454359,B0*sqrt(Abs(i - sqrt(Abs(i)))) ; i*r**2,0.052840266014812*sqrt(Abs(i - sqrt(Abs(i)))) ; i*r**2
1448,0.8917555742410136,B0*s + B1*i**2*s ; i + sqrt(Abs(r)) - sqrt(Abs(B2 + r)),0.214106017225225*i**2*s - 0.17782016453522*s ; i + sqrt(Abs(r)) - sqrt(Abs(r + 4.66839185985083))
1449,0.8917230584927965,-i**2 + i*s ; B0 + B1*i,-i**2 + i*s ; 0.63576913176544*i + 0.000158512510079638
1450,0.8916543616556241,B0*i + B1*i*s ; B2 + i + 2*r + sqrt(Abs(r)),-0.00082023406953238*i*s - 5.23311063080164e-6*i ; i + 2*r + sqrt(Abs(r)) - 0.163563872401026
1451,0.891646575504158,B0 + B1*i + B2*i**2 ; B3 - Abs(i)**(1/4),-2.32863375810935e-5*i**2 + 0.00233989397772946*i + 0.000429005908498453 ; -Abs(i)**(1/4) - 1.96186475240899
1452,0.89164315091998,B0*sqrt(Abs(i)) + B1*i + B1*s ; B3*sqrt(Abs(B2 + r)),0.0022269535403051*i + 0.0022269535403051*s + 0.0224019570815732*sqrt(Abs(i)) ; 0.884755423907329*sqrt(Abs(r - 0.10362281895514))
1453,0.8916279268607683,B0*sqrt(Abs(i)) + B1*s ; sqrt(Abs(B2 - sqrt(Abs(r)))),0.0443269703963576*s + 0.0015439113412067*sqrt(Abs(i)) ; sqrt(sqrt(Abs(r)) + 67.8622384915174)
1454,0.891621172541989,i**2 ; B0 - r,i**2 ; 0.296216207299921 - r
1455,0.8915980330727709,i*sqrt(Abs(s)) ; i,i*sqrt(Abs(s)) ; i
1456,0.8915869297151388,B0*sqrt(Abs(i)) + B1*s ; B2 - sqrt(Abs(B3 + i + r)),0.0442951254628641*s + 0.00153686548524198*sqrt(Abs(i)) ; -sqrt(Abs(i + r + 3.03829942131654)) - 6.72541284783172
1457,0.8915828873774962,B0*sqrt(Abs(i)) + B1*s ; B2 + i,0.0283590359027962*s + 0.101358694784768*sqrt(Abs(i)) ; i + 0.00057130505512321
1458,0.8915228664780284,B0*sqrt(Abs(i))*Abs(s)**(3/2) ; B1 + i,0.438883515680082*sqrt(Abs(i))*Abs(s)**(3/2) ; i + 0.0570817032337075
1459,0.8914317515576128,B0*i + B2*sqrt(Abs(B1 + s)) ; B3 + B4*i + Abs(i)**(3/2),5.50487571519951*i + 0.216921609353881*sqrt(Abs(s + 5.65740872178683)) ; 8.78175857607449*i + Abs(i)**(3/2) + 0.789186432477929
1460,0.8913741440791364,B0 + B1*i ; B2 + 2*r,7.24299681875842e-5*i + 0.0178030324983339 ; 2*r + 2.68932267283243e-11
1461,0.8913664504889812,B0*i + B1*s ; sqrt(Abs(r - sqrt(Abs(B2*i - r)))),-0.0086025319772495*i + 2.7157261262406*s ; sqrt(Abs(r - sqrt(Abs(1.0043703703691*i + r))))
1462,0.8913085344717506,B0*s - i*s + s**2 ; B1 + B2*r + i,-i*s + s**2 - 1.1535130652363*s ; i + 0.601213308806948*r + 0.150826515918615
1463,0.8912843953904647,B0 + B1*Abs(s)**(1/8) ; -i*sqrt(Abs(r)) + Abs(r)**(3/2),0.0862085396512238*Abs(s)**(1/8) - 0.0383195641533049 ; -i*sqrt(Abs(r)) + Abs(r)**(3/2)
1464,0.891137690100474,B0*i*s ; i,1.23744732589249*i*s ; i
1465,0.8911358628580527,B0 + B1*i ; B2 + i + sqrt(Abs(i)) + sqrt(Abs(r)),0.0132353552507611*i + 0.0322210265482852 ; i + sqrt(Abs(i)) + sqrt(Abs(r)) - 0.974961496857327
1466,0.8911338823183947,B0 + B1*i + B2*i*s ; i + r,-0.0568530056767013*i*s + 0.00793340411033916*i + 0.0201252246934811 ; i + r
1467,0.8911294523713043,B0*i ; B1*i + i**2 + i*r,0.162333947495694*i ; i**2 + i*r - 0.223217804916779*i
1468,0.8911237592808686,B0 + B1*i + B2*s ; B3*i**2,0.0807105593354131*i + 0.0399410081856519*s - 0.0056668233046214 ; 0.400623344171743*i**2
1469,0.8909819428309946,B0 + B1*i ; i*sqrt(Abs(i + sqrt(Abs(B2 + 2*r)))),0.775796188821429*i + 0.000734265115159213 ; i*sqrt(Abs(i + sqrt(Abs(2*r - 0.343011170461511))))
1470,0.8908558447856361,B0*sqrt(Abs(i)) + B1*s ; 2*r + sqrt(Abs(r)),2.94550648053825*s + 0.452338645708335*sqrt(Abs(i)) ; 2*r + sqrt(Abs(r))
1471,0.8907862691261733,B0*i**2 + B1*i*s ; sqrt(Abs(i)),-5.00604888293681e-6*i**2 - 0.00350137342039562*i*s ; sqrt(Abs(i))
1472,0.8907641953693172,B0*sqrt(Abs(i)) + B1*s ; B2*r + sqrt(Abs(r)),2.9583616631017*s + 0.477323902750473*sqrt(Abs(i)) ; 32.8278683375696*r + sqrt(Abs(r))
1473,0.8906744975367213,B0*i**2*s ; sqrt(Abs(B1 - i**2 + i + r)),8.58316038680377e-6*i**2*s ; sqrt(Abs(-i**2 + i + r + 0.579459272716457))
1474,0.890600315590347,B0*i + B1*i*s**2 ; B2*i*r**3,0.36658987557389*i*s**2 + 5.30248028508638e-5*i ; 0.0104806837038879*i*r**3
1475,0.8905620924105437,B0*s + B1*i**2*s ; B2*sqrt(Abs(i)),1.27924683755835*i**2*s + 0.0287915821702821*s ; 0.0558716798004004*sqrt(Abs(i))
1476,0.8905462420655635,B0*i + B1*Abs(s)**(1/4) ; sqrt(Abs(B2 + r)),8.13284582844549e-5*i + 0.0489552806674361*Abs(s)**(1/4) ; sqrt(Abs(r - 15.0672106226331))
1477,0.8905417706058903,B0*i + B1*i*s - s ; r,-0.23330330832315*i*s - 3.34580932819413*i - s ; r
1478,0.8905150289814633,B0*sqrt(Abs(i)) + B1*s ; B2 + i + sqrt(Abs(r)),0.047056791899578*s + 0.0125546515811923*sqrt(Abs(i)) ; i + sqrt(Abs(r)) - 0.258898677477259
1479,0.8904402260817987,B0*Abs(s)**(3/4) ; B1 + i*sqrt(Abs(r)) + r,0.0488107824911454*Abs(s)**(3/4) ; i*sqrt(Abs(r)) + r + 0.12394616811795
1480,0.8903982635403561,B0*s + B1*i*s ; -2*i + r,0.000579781907531361*i*s + 0.00491464568417449*s ; -2*i + r
1481,0.8903700106127632,B0 + B1*sqrt(Abs(i)) + B2*i ; B3 + sqrt(Abs(B4 + i + r)),-0.00336950476110561*i - 0.0303799581540648*sqrt(Abs(i)) + 0.0657735075496892 ; sqrt(Abs(i + r - 0.0421180160316313)) - 0.402096439511566
1482,0.8903301606502757,B0 + B1*s + B1*sqrt(Abs(i)) ; B2 + sqrt(Abs(r)),-0.00484794480126607*s - 0.00484794480126607*sqrt(Abs(i)) + 0.0528763439500593 ; sqrt(Abs(r)) - 0.189927477857804
1483,0.8903229988671078,B0 + B1*Abs(s)**(3/2) ; B2*sqrt(Abs(i)),0.0427338962647752*Abs(s)**(3/2) + 0.00345719758109097 ; 0.0252477402873994*sqrt(Abs(i))
1484,0.8903229929170366,B0 + B1*Abs(s)**(3/2) ; B2 + r,0.0427073450660722*Abs(s)**(3/2) + 0.00346111534254427 ; r + 0.102664534815041
1485,0.8903229830088893,B0 + B1*Abs(s)**(3/2) ; B2*r**3,0.0427437940889359*Abs(s)**(3/2) + 0.00343854776307474 ; 17.391079953752*r**3
1486,0.8902998940965577,B0*s + B2*sqrt(Abs(B1 + i)) ; B3 - r + sqrt(Abs(r)),-0.0175803721248613*s + 0.0689447761216906*sqrt(Abs(i + 0.232869933331937)) ; -r + sqrt(Abs(r)) + 0.0974959276882051
1487,0.8902695300700595,B0*sqrt(Abs(s)) + B1*s ; B2 + sqrt(Abs(r)),0.0211340032507238*s + 0.0257709699166142*sqrt(Abs(s)) ; sqrt(Abs(r)) + 5.78476693077757
1488,0.890268515762967,B0*sqrt(Abs(s)) + B1*s ; B2 + i + 2*r,0.0210560198193753*s + 0.0257896699988637*sqrt(Abs(s)) ; i + 2*r + 14.5903547310976
1489,0.8902684513580661,B0*sqrt(Abs(s)) + B1*s ; B2 - r + sqrt(Abs(r)),0.0212824834414131*s + 0.0257120465503064*sqrt(Abs(s)) ; -r + sqrt(Abs(r)) + 33.4591497395706
1490,0.8902682952375072,B0*sqrt(Abs(s)) + B1*s ; r,0.0207711783457076*s + 0.0259039569374261*sqrt(Abs(s)) ; r
1491,0.8902682691134661,B0*sqrt(Abs(s)) + B1*s ; sqrt(Abs(B2 + 2*i)),0.0208297748376222*s + 0.0258772831887538*sqrt(Abs(s)) ; sqrt(Abs(2*i + 0.407466647636088))
1492,0.8902681533408744,B0*sqrt(Abs(s)) + B1*s ; i - r + sqrt(Abs(r)),0.0211526848261392*s + 0.0257644127367788*sqrt(Abs(s)) ; i - r + sqrt(Abs(r))
1493,0.890267518461628,B0*sqrt(Abs(s)) + B1*s ; B2 + i + Abs(r)**(3/4),0.0206220428559015*s + 0.0259719918040698*sqrt(Abs(s)) ; i + Abs(r)**(3/4) + 95.3905524193751
1494,0.8902661827291127,B0*sqrt(Abs(s)) + B1*s ; B2*sqrt(Abs(r + sqrt(Abs(i)))),0.0214878049308186*s + 0.0256147557733309*sqrt(Abs(s)) ; 0.139138898662936*sqrt(Abs(r + sqrt(Abs(i))))
1495,0.8902661731520846,B0*sqrt(Abs(s)) + B1*s ; B2*i*r,0.0204544641111822*s + 0.0260308950791689*sqrt(Abs(s)) ; 0.0208121090449864*i*r
1496,0.8902655878549861,B0*sqrt(Abs(s)) + B1*s ; B2 + r,0.0215655443241477*s + 0.0255985484457657*sqrt(Abs(s)) ; r + 0.00864974260470435
1497,0.8902636643149897,B0*sqrt(Abs(s)) + B1*s ; sqrt(Abs(r)),0.0217253860726119*s + 0.0255244568700419*sqrt(Abs(s)) ; sqrt(Abs(r))
1498,0.8902596101016175,B0*sqrt(Abs(s)) + B1*s ; sqrt(Abs(i + r)),0.021224843689762*s + 0.0255863170151291*sqrt(Abs(s)) ; sqrt(Abs(i + r))
1499,0.8901859349933258,B0*i + B1*sqrt(Abs(i))*sqrt(Abs(s)) ; i*r,-0.0022025278881938*i + 0.112695123199003*sqrt(Abs(i))*sqrt(Abs(s)) ; i*r
1500,0.8901845115481354,B0*i + B1*sqrt(Abs(i))*sqrt(Abs(s)) ; B2*r**2 + B3*i*r,-0.00198342753147442*i + 0.112226258487222*sqrt(Abs(i))*sqrt(Abs(s)) ; 0.000487947335700576*i*r + 0.0597174140499746*r**2
1501,0.8901033980146971,B1*i*sqrt(Abs(B0 + s)) ; B2 + r,0.000372910607250082*i*sqrt(Abs(s + 0.101176878169379)) ; r - 1.69703697121171
1502,0.8900689068363592,B0 + B1*i + B2*i*s ; B3 - sqrt(Abs(i)),-0.0012315528669882*i*s - 0.000216887926767277*i - 0.0187348484777102 ; 13.8208069313024 - sqrt(Abs(i))
1503,0.8900226144007806,B0 + B1*i*sqrt(Abs(s)) ; i + r,0.00570331933657651*i*sqrt(Abs(s)) + 0.0434130037422489 ; i + r
1504,0.8900030668526155,B0*i + B1*s ; B2*sqrt(Abs(i)) + B3*i,0.00275125546664291*i + 0.0532177642269045*s ; 36.1258977965738*i - 0.219146318473426*sqrt(Abs(i))
1505,0.8899186779542412,B0 + B1*Abs(s)**(1/4) ; B2*r + B3*i*r,0.0588617386394425*Abs(s)**(1/4) - 0.0101631423777411 ; 1.2709704346852*i*r + 0.00148251933169225*r
1506,0.8899045431154629,B0 + B1*i + B2*s ; sqrt(Abs(i)),-0.0169483149207199*i + 2.36928819430704*s - 2.30653979121303 ; sqrt(Abs(i))
1507,0.8898980401200697,B0 + B1*i + B2*s**2 ; B3*r + B3*Abs(B4 + r)**(1/4),0.00107866706604121*i - 0.0946336172764393*s**2 + 0.109914026137845 ; 0.120391520210835*r + 0.120391520210835*Abs(r + 3413.73851689552)**(1/4)
1508,0.8897700609940249,B0*i*s + i*s**2 ; B1 + B2*r + i,i*s**2 - 0.0266281279156266*i*s ; i - 0.623027840276536*r + 0.014909702777919
1509,0.8897383452960147,B0*sqrt(Abs(i)) + B1*s ; i,0.0272247902754407*s + 0.0806590667603106*sqrt(Abs(i)) ; i
1510,0.8897144865611845,B0*s + B1*i**2*s ; sqrt(Abs(r)),0.379708341318581*i**2*s + 0.0309836623310601*s ; sqrt(Abs(r))
1511,0.8897052134686753,B0*sqrt(Abs(i)) + B1*i*s ; -i + Abs(i)**(3/4),-0.000785236458885167*i*s + 0.000188941349399377*sqrt(Abs(i)) ; -i + Abs(i)**(3/4)
1512,0.8895810786460714,i*s ; i,i*s ; i
1513,0.8895706580220134,B0 + B1*i + B1*s ; B2 + i - Abs(r)**(1/8),0.0405713845267288*i + 0.0405713845267288*s - 0.0395504147374352 ; i - Abs(r)**(1/8) - 0.317683134640402
1514,0.8894570987931457,-i - s**3 + s**2 ; B0 + i,-i - s**3 + s**2 ; i - 0.0133028491060219
1515,0.8893887752947406,B1*s**2*sqrt(Abs(B0 + s)) ; B2 + r,0.179600005267196*s**2*sqrt(Abs(s - 0.944817519762598)) ; r + 0.045848384068098
1516,0.8893274097801976,B0*i**2 + B1*i*s ; B2 + i*sqrt(Abs(B3 + i + r)),0.0592280160012052*i**2 + 0.121885787878475*i*s ; i*sqrt(Abs(i + r - 0.473354782591804)) - 0.157958099570148
1517,0.8892982332492456,-i**2 + i*s ; B0 + i,-i**2 + i*s ; i - 0.0146498549416526
1518,0.889245020362332,B0 + B1*i ; B2 - Abs(B3 + 2*i)**(1/4),0.0455450875959527 - 0.000454876970450907*i ; -Abs(2*i - 4.93414585271061)**(1/4) - 0.0165139922165588
1519,0.8892051220987737,B0*sqrt(Abs(i)) + B1*s ; i + Abs(B2 + i)**(1/4),0.0403080758611897*s + 0.0123992179260395*sqrt(Abs(i)) ; i + Abs(i + 0.339722447377292)**(1/4)
1520,0.8891773879668636,B0 + B1*i + B2*s ; -2*i + 2*r,0.000573309169422147*i + 0.0558239901355366*s - 0.0509955570208061 ; -2*i + 2*r
1521,0.8891060223035248,B0 + B1*i + B2*i**2 ; B3 - sqrt(Abs(r)),-2.10217471006723e-5*i**2 + 0.00193511647820069*i + 0.0188651769749178 ; 0.0103961414011983 - sqrt(Abs(r))
1522,0.8890756399985037,B0 + B1*i + B2*i*s ; i,0.315727852307724*i*s + 0.854997890197005*i - 0.000120654488178065 ; i
1523,0.8890428192396825,B0*i + Abs(i)**(3/2) ; B1 + B2*i,18.3862059490045*i + Abs(i)**(3/2) ; 21.1067626745306*i - 0.000133719274254055
1524,0.8889772609119727,B0 + B1*i + B2*s ; B3*sqrt(Abs(i)) + 2*i,-0.000765499009918089*i + 0.0557599650587272*s - 0.069948182173777 ; 2*i + 19.9989053506288*sqrt(Abs(i))
1525,0.8888935840836144,B0*i + s ; B1*sqrt(Abs(r)),-1.70011327462834*i + s ; 0.00074030599039844*sqrt(Abs(r))
1526,0.8888935836206762,B0*i + s ; r,-1.70010495676217*i + s ; r
1527,0.8888843354338011,B0 + B1*i + B2*s ; Abs(B3 + i + r)**(1/8),0.00077835241032261*i - 0.0336676394146081*s + 0.0787335814864228 ; Abs(i + r + 4984.36020667825)**(1/8)
1528,0.8885706700070936,B0 + B1*i ; B2 - 2*i - 2*r,0.0469116846087043 - 0.000468914632092311*i ; -2*i - 2*r - 1.35639675131401
1529,0.8885351285544417,B0*i + B1*i**2*s ; B2 - sqrt(Abs(i + r + sqrt(Abs(r)))),-0.0170382187036427*i**2*s - 0.0479673217993238*i ; 1.36333749849249 - sqrt(Abs(i + r + sqrt(Abs(r))))
1530,0.8885013933772843,B0 + B1*i + B1*s ; sqrt(Abs(i)),0.000440624133547464*i + 0.000440624133547464*s + 0.0485231407899058 ; sqrt(Abs(i))
1531,0.8884883655025348,B0*i ; B1 + B2*r*sqrt(Abs(i)),-0.172066986656997*i ; -0.312101035387183*r*sqrt(Abs(i)) + 0.0986640326225666
1532,0.8884109076003811,B0 + B1*sqrt(Abs(i)) + B2*i ; B3 + i + r,-0.00239805640214802*i - 0.0245210138386258*sqrt(Abs(i)) + 0.0601614028208348 ; i + r - 0.234890912263464
1533,0.8883525102499245,B0 + B1*sqrt(Abs(s)) - i ; B2*i**3,-i + 0.065361472809912*sqrt(Abs(s)) + 0.0131557391855863 ; 434.294126723118*i**3
1534,0.8883168216746388,B0*i*s**3 ; B1 + 2*r,0.00115657832284845*i*s**3 ; 2*r - 4.17510496248831e-5
1535,0.8882972882978282,B0*i + B0*Abs(B1 + i)**(1/4) ; B2*i + B3*r,0.0432080799256718*i + 0.0432080799256718*Abs(i + 0.403683523309614)**(1/4) ; 0.177227150749028*i + 0.0796779012088974*r
1536,0.8882815987669472,B0*s + B1*i*sqrt(Abs(s)) ; B2 + r,-0.000344621981406147*i*sqrt(Abs(s)) + 0.0359730137179342*s ; r + 0.0281318224387165
1537,0.8882697114886288,B0*i ; B1 + B2*i*sqrt(Abs(r)),-0.374011791633537*i ; 2.73949948599949*i*sqrt(Abs(r)) + 0.176656722361448
1538,0.8882595457817839,i*sqrt(Abs(B0 + i)) ; i,i*sqrt(Abs(i + 0.935812471401554)) ; i
1539,0.8882499653076705,B0*i + B1*Abs(s)**(1/4) ; B2*sqrt(Abs(r)),-0.00759893452454484*i + 0.0490370249399389*Abs(s)**(1/4) ; 0.00587082740139234*sqrt(Abs(r))
1540,0.8882325067760144,B0 + B1*Abs(i)**(3/2) + B2*s ; B3*i,2.61934078025352*s - 0.0910966041755696*Abs(i)**(3/2) + 0.090403520875241 ; 0.0994886488505064*i
1541,0.8882044629827182,B0*i**2*sqrt(Abs(s)) ; B1 + i,0.00916238125626643*i**2*sqrt(Abs(s)) ; i + 1.96800735404706
1542,0.8881804220993896,B0*sqrt(Abs(i)) + B1*s ; r*sqrt(Abs(B2 + r)) - r,0.0476810284199161*s + 0.00931815819398455*sqrt(Abs(i)) ; r*sqrt(Abs(r + 0.00456517636998538)) - r
1543,0.8881804218402798,B0*sqrt(Abs(i)) + B1*s ; B2*sqrt(Abs(r)),0.0476891305301341*s + 0.00931791453084361*sqrt(Abs(i)) ; 0.0205323214092961*sqrt(Abs(r))
1544,0.8881804193553524,B0*sqrt(Abs(i)) + B1*s ; B2*r*sqrt(Abs(i)),0.0476869607906941*s + 0.00933001454003263*sqrt(Abs(i)) ; 13.4824585078803*r*sqrt(Abs(i))
1545,0.888180336239627,B0*sqrt(Abs(i)) + B1*s ; r + sqrt(Abs(r)),0.0477401397985863*s + 0.00928834605769143*sqrt(Abs(i)) ; r + sqrt(Abs(r))
1546,0.8881803357337309,B0*sqrt(Abs(i)) + B1*s ; r,0.0476282266726653*s + 0.00934751894435914*sqrt(Abs(i)) ; r
1547,0.8881748626506046,B0*i + B1*i*s ; B2*i + i*r + r,0.000552384302954809*i*s + 5.56321810341538e-5*i ; i*r + 6.79618750554721*i + r
1548,0.8881561681285345,B0*i + B1*s ; B2*sqrt(Abs(i)) + r*sqrt(Abs(i)),0.000220817495562359*i + 0.0508978959459186*s ; r*sqrt(Abs(i)) - 0.0565071948514902*sqrt(Abs(i))
1549,0.8881284581140917,B0*i**2 + B1*s ; B2 + r,2.21529783655293e-6*i**2 + 0.0509157364037993*s ; r + 0.0438049783108302
1550,0.8881188443961852,B0*s**2 + B1*i*s ; B2 + r,-0.0010772782015763*i*s + 0.0265281952844422*s**2 ; r + 0.00576611398194196
1551,0.8880088286425614,B0 + B1*Abs(i)**(1/4) ; B2 + r,0.0259999348556958 - 0.00505003435146886*Abs(i)**(1/4) ; r + 3.85858694147718e-9
1552,0.8880019833192189,B0*i*s + i*s**2 ; B1*i + B2*r,i*s**2 + 0.340904446325188*i*s ; 2.35577655568602*i - 0.54432923447499*r
1553,0.8879687428082088,s**2 - Abs(s)**(5/2) ; B0 + i,s**2 - Abs(s)**(5/2) ; i + 0.0467312741630685
1554,0.8879616476604624,B0*s + i*s ; B1 + i - r,i*s + 0.168769923231441*s ; i - r + 0.46079364417266
1555,0.8879228683552995,B0 + B1*i*s ; sqrt(Abs(i + r)),0.00215824754291238*i*s + 0.0257733535908965 ; sqrt(Abs(i + r))
1556,0.8877285359730851,B0*i + B1*i*s ; B2 + B3*i,0.00326546692692297*i*s + 0.000328348184106999*i ; 14.5626165057428*i - 0.1325222396147
1557,0.8876931235984128,B0*i + B1*s ; B2 + i + r*sqrt(Abs(i)),-7.50891659337386e-5*i + 0.0428403426218784*s ; i + r*sqrt(Abs(i)) + 114.591219176255
1558,0.8876335206307919,B0*Abs(i)**(1/4) + B1*i ; 2*r,-0.0803399377657367*i + 0.0899061124381616*Abs(i)**(1/4) ; 2*r
1559,0.8876335108820105,B0*Abs(i)**(1/4) + B1*i ; r,-0.080346590045388*i + 0.08991081953836*Abs(i)**(1/4) ; r
1560,0.8875850728081199,B0*s**2*sqrt(Abs(i)) ; B1*i*r**2 + r,0.130477057673226*s**2*sqrt(Abs(i)) ; 0.113484784287148*i*r**2 + r
1561,0.8875537685776301,B0*i + B0*s ; B1*i + B2*r + sqrt(Abs(r)),-0.0370282265403149*i - 0.0370282265403149*s ; -0.560208724349917*i - 1.15458812518932*r + sqrt(Abs(r))
1562,0.8875451834971481,B0 + B1*i + B1*s ; i,0.0419315012763593*i + 0.0419315012763593*s + 0.00594225716971611 ; i
1563,0.8875383824337717,B0*sqrt(Abs(i)) + B1*s ; -i + Abs(i)**(1/4)*sqrt(Abs(r)),2.71493682548134*s - 0.0157139742100914*sqrt(Abs(i)) ; -i + Abs(i)**(1/4)*sqrt(Abs(r))
1564,0.8874590146011844,B0*i + B0*s ; B1*i*r + sqrt(Abs(i)),0.0557023005680648*i + 0.0557023005680648*s ; 6.63476595070911*i*r + sqrt(Abs(i))
1565,0.8873765839172315,B0 + B1*sqrt(Abs(i)) ; i,0.220465963475992*sqrt(Abs(i)) - 0.0123305807110472 ; i
1566,0.8873329474599392,B0*sqrt(Abs(i - s)) ; r,0.0196095181627924*sqrt(Abs(i - s)) ; r
1567,0.8873249939033041,B0 + B1*i ; B2*r + r*sqrt(Abs(i)),0.0495231857777795 - 0.0432565777515836*i ; r*sqrt(Abs(i)) + 0.000232012649322453*r
1568,0.8873249936844253,B0 + B1*s ; B2 + sqrt(Abs(B3 + i**2)),0.0432596789785255*s + 0.0062682789889364 ; sqrt(Abs(i**2 + 0.000953856557825053)) + 61.000777353626
1569,0.8873249936408004,B0 + B1*i - s ; r*sqrt(Abs(B2 + 2*r)),-1.04325894418857*i - s + 1.04952849650674 ; r*sqrt(Abs(2*r + 0.000223648466707665))
1570,0.887324993593978,B0 + B1*s ; B2 + i + r + sqrt(Abs(r)),0.0432580231114826*s + 0.00626390314065471 ; i + r + sqrt(Abs(r)) + 0.320102262922765
1571,0.8873249934780061,B0 + B1*s ; B2 + sqrt(Abs(2*i + r)),0.0432507202364689*s + 0.00626828525222177 ; sqrt(Abs(2*i + r)) + 2.03729859535814
1572,0.8873249933538326,B0 + B1*s ; B2 - i + sqrt(Abs(B3 + r)),0.0432504019365146*s + 0.00627315888625192 ; -i + sqrt(Abs(r + 0.000138883641785984)) + 0.0224833139006502
1573,0.8873249929599577,B0 + B1*s ; B2 + B3*r + sqrt(Abs(r)),0.0432635291735607*s + 0.00626779195567541 ; 0.00115457130925889*r + sqrt(Abs(r)) + 8.18094278979699
1574,0.887324992931309,B0 + B1*s ; B2 + B3*i + sqrt(Abs(r)),2.72182927236799*s + 0.394346110732634 ; 22.8608856544164*i + sqrt(Abs(r)) + 0.00153850228458259
1575,0.8873249928136108,B0 + B1*s ; B2 - i + r + sqrt(Abs(r)),0.0432646509916851*s + 0.00626653913734126 ; -i + r + sqrt(Abs(r)) + 64.4198510702846
1576,0.887324992800877,B0 + B1*i ; B2*sqrt(Abs(r)) + Abs(r)**(3/2),0.0495160550918298 - 0.0432480029514696*i ; Abs(r)**(3/2) + 0.000116486053397786*sqrt(Abs(r))
1577,0.8873249927398421,B0 + B1*s ; B2 + B3*i - sqrt(Abs(i)),0.0432619056543259*s + 0.00626036944085717 ; 5.701987275288*i - sqrt(Abs(i)) + 0.000349536804362453
1578,0.8873249919881511,B0 + B1*s ; B2 + B3*sqrt(Abs(r)) + r,0.0432444265482201*s + 0.00627566633530661 ; r + 0.156490124676423*sqrt(Abs(r)) + 7.00965138483043
1579,0.8873249917671571,B0 + B1*s ; B2 - sqrt(Abs(B3*i - r)),0.0432517150371578*s + 0.00627853275382623 ; 0.212404945268218 - sqrt(Abs(0.0154973189521868*i - r))
1580,0.8873249914318379,B0 + B1*s ; B2 + i - r + sqrt(Abs(r)),0.0432510218205147*s + 0.00627936130508986 ; i - r + sqrt(Abs(r)) + 1.54275129432745
1581,0.8873249911170211,B0 + B1*s ; B2*i - r + sqrt(Abs(r)),0.0432473167978778*s + 0.00628014190771932 ; 17.4370696952264*i - r + sqrt(Abs(r))
1582,0.8873249882281018,B0*i + B1*s ; sqrt(Abs(B2*r + i*r)),0.00625675782384323*i + 0.0495063592610985*s ; sqrt(Abs(i*r + 0.000105197709631671*r))
1583,0.8873248995035162,B0 + B1*i ; r*sqrt(Abs(sqrt(Abs(i)) - sqrt(Abs(r)))),3.11317392917771 - 2.72177881286051*i ; r*sqrt(Abs(sqrt(Abs(i)) - sqrt(Abs(r))))
1584,0.8873248312016458,B0 + B1*s ; i**2 + i - sqrt(Abs(i)),0.0431460044414827*s + 0.0063145029387331 ; i**2 + i - sqrt(Abs(i))
1585,0.8873248170966448,B0*i + B1*s ; sqrt(Abs(i**2*r + r)),0.00631646661826588*i + 0.0494578114755981*s ; sqrt(Abs(i**2*r + r))
1586,0.8873248122365662,B0*i + B1*s ; i*r - r + sqrt(Abs(r)),0.00631712600191917*i + 0.0494569087502687*s ; i*r - r + sqrt(Abs(r))
1587,0.8873248024908653,B0*i + B1*s ; i*sqrt(Abs(r)) - Abs(r)**(3/2),0.00621790301637081*i + 0.0495932371878823*s ; i*sqrt(Abs(r)) - Abs(r)**(3/2)
1588,0.8873247966601759,B0 + B1*i ; i**2*r + sqrt(Abs(r)),0.049594287379205 - 0.043377140642154*i ; i**2*r + sqrt(Abs(r))
1589,0.8873247662108824,B0 + B1*s ; r - Abs(i)**(1/4) + sqrt(Abs(r)),0.043125919079469*s + 0.00632298212799301 ; r - Abs(i)**(1/4) + sqrt(Abs(r))
1590,0.887313392198192,B0*sqrt(Abs(i - s)) ; B1*sqrt(Abs(r)) - r,0.0193744296397981*sqrt(Abs(i - s)) ; -r + 9.74445746737505*sqrt(Abs(r))
1591,0.887312781203435,B0*sqrt(Abs(i)) ; B1*i,0.0959872449421433*sqrt(Abs(i)) ; 0.77643906800985*i
1592,0.8873031695864363,B0*i + B1*s ; B2 + sqrt(Abs(B3*i + sqrt(Abs(r)))),-0.000216897138479148*i + 0.0496404197059605*s ; sqrt(Abs(5.43319007991266*i - sqrt(Abs(r)))) - 0.241806014431445
1593,0.8872656212285894,B0*sqrt(Abs(i)) ; i,0.109051110891345*sqrt(Abs(i)) ; i
1594,0.8872572177223559,B0 + B1*i + B2*s ; -i + 2*r - sqrt(Abs(i)),0.000530281347414569*i + 0.0533994722508*s - 0.0465620527000963 ; -i + 2*r - sqrt(Abs(i))
1595,0.8872535542469054,B0*i*s + B0*Abs(s)**(3/2) ; -i + r,0.000715756372924003*i*s + 0.000715756372924003*Abs(s)**(3/2) ; -i + r
1596,0.8872498962432381,B0*i**2 + B0*i*s ; B1 + B2*i,-2.14522205164471*i**2 - 2.14522205164471*i*s ; 0.349327412216041*i + 0.0531825084426908
1597,0.8872469624283312,B0 + B1*i ; r*Abs(i)**(3/2) + Abs(i)**(3/2),0.506244534728295*i - 0.00354874599637529 ; r*Abs(i)**(3/2) + Abs(i)**(3/2)
1598,0.8872462333167804,B0*s**2 + B1*i*s ; B2*i + r,-0.00123195180620806*i*s + 0.0330175566905688*s**2 ; 0.164754871577564*i + r
1599,0.8871757724105656,s*sqrt(Abs(B0 + i)) ; B1*i*r**2,s*sqrt(Abs(i + 6.23549596053803)) ; 0.0121798936538727*i*r**2
1600,0.8871291315934334,B0*s + B1*i*s ; i,-2.18436863743462*i*s + 0.132146433920505*s ; i
1601,0.8871267737798259,B0*i ; B1*sqrt(Abs(i)),-0.000120310784834354*i ; 1117.70506271456*sqrt(Abs(i))
1602,0.8871218642950568,B0*sqrt(Abs(i)) ; B1 + r,0.00120285804112134*sqrt(Abs(i)) ; r + 138.763297445538
1603,0.8871218634192457,B0*sqrt(Abs(i)) ; B1 - i,0.00120285795647601*sqrt(Abs(i)) ; 138.824085927527 - i
1604,0.887121862858301,B0*sqrt(Abs(i)) ; sqrt(Abs(B1 + r)),0.00120285802735917*sqrt(Abs(i)) ; sqrt(Abs(r + 27784.4013304662))
1605,0.8871218295688066,B0*i ; B1 - sqrt(Abs(i)),0.00012028573571976*i ; -sqrt(Abs(i)) - 177.37292928692
1606,0.887121814861898,B0*i ; B1 + sqrt(Abs(i)),-0.000120285701535258*i ; sqrt(Abs(i)) + 177.486167471066
1607,0.8871218098503277,B0*i ; B1 + sqrt(Abs(r)),-0.000120285689790428*i ; sqrt(Abs(r)) + 177.558033027509
1608,0.8871218098503032,B0*i ; sqrt(Abs(B1 + r)),-0.000120285689756733*i ; sqrt(Abs(r + 33185.9035026139))
1609,0.8871218098421374,B0*i ; sqrt(Abs(B1 + i)),-0.00012028568979876*i ; sqrt(Abs(i - 33184.9902966566))
1610,0.8871218098360554,B0*i ; sqrt(Abs(B1 - r)),-0.000120285689817573*i ; sqrt(Abs(r + 33164.4944138185))
1611,0.8870700244074226,B0*sqrt(Abs(i)) ; B1 + i,0.0140774887978285*sqrt(Abs(i)) ; i + 0.746358178274995
1612,0.8870600361927247,B0 + B1*i + i*s ; r*sqrt(Abs(i)),i*s - 0.503941225616918*i - 0.00680086946776622 ; r*sqrt(Abs(i))
1613,0.8869820946016252,B0 + B1*i ; B2*sqrt(Abs(-i*r + i + r)),0.000414836050793812*i + 0.0426735521966733 ; 0.276601306367242*sqrt(Abs(-i*r + i + r))
1614,0.8869766178548883,B1*sqrt(Abs(B0 + s**2)) ; B2*i + B3*r,0.0469627291633198*sqrt(Abs(s**2 - 0.00822937294219689)) ; 0.084920962559562*i + 17.824594264579*r
1615,0.8869617250836256,sqrt(Abs(B0*i + B1*s)) ; B2 + r,sqrt(Abs(2.23583830120978e-6*i + 0.0012869064908879*s)) ; r - 0.281898885902166
1616,0.8869313680166553,B0 + B1*sqrt(Abs(i)) ; B2 + sqrt(Abs(i))*Abs(r)**(1/4),0.0232155495684596 - 0.00179049958176887*sqrt(Abs(i)) ; sqrt(Abs(i))*Abs(r)**(1/4) - 0.0448786000364224
1617,0.8868695199960736,B1*s*sqrt(Abs(B0 - s)) ; i,0.00978884177847326*s*sqrt(Abs(s - 24.6624772639676)) ; i
1618,0.8868542138558857,B0 + B2*sqrt(Abs(B1 + i)) ; B3 + sqrt(Abs(r)),2.77556671545238 - 0.471110565850579*sqrt(Abs(i + 33.4724689411912)) ; sqrt(Abs(r)) - 0.235732971223396
1619,0.88681003618699,B0*s + B1*i*sqrt(Abs(s)) ; sqrt(Abs(B2*i + B3)),-0.000329558793085959*i*sqrt(Abs(s)) + 0.0325240476124115*s ; sqrt(Abs(6.75896862945709*i + 73.0168572346953))
1620,0.8867627864123618,B0*s**2*Abs(i)**(5/4) ; B1 - i,0.000361472077769441*s**2*Abs(i)**(5/4) ; 0.00125949618338685 - i
1621,0.8867177455238914,B0*i + B0*sqrt(Abs(s)) + B1*s ; B2 + i,0.226283107777379*i - 0.192720000169505*s + 0.226283107777379*sqrt(Abs(s)) ; i + 0.0809863679298989
1622,0.8867102639928919,s*Abs(B0 + i)**(1/8) ; sqrt(Abs(B1 + 2*r)),s*Abs(i + 3037.58113678441)**(1/8) ; sqrt(Abs(2*r + 13.5221179528186))
1623,0.8866911256311608,B0 + B2*sqrt(Abs(B1 + Abs(i)**(1/4))) ; B3*sqrt(Abs(i)) - i,0.887763670846681 - 0.162174489148048*sqrt(Abs(i)**(1/4) + 26.7206829814259) ; -i + 0.392451368345925*sqrt(Abs(i))
1624,0.8866488520545187,B0*s ; B1 - i + r - sqrt(Abs(r)),0.0477148835455903*s ; -i + r - sqrt(Abs(r)) + 0.0193907160665783
1625,0.8866488520543048,B0*s ; r + sqrt(Abs(B1 + B2*i)),0.0477150891958851*s ; r + sqrt(Abs(0.367563429817446*i + 0.0219985790533141))
1626,0.8866488520522977,B0*s ; B1 + i - r + sqrt(Abs(r)),0.0477153221079043*s ; i - r + sqrt(Abs(r)) + 0.521547126271354
1627,0.8866488520521746,B0*s ; -i + sqrt(Abs(B1 + B2*i)),0.0477145808107945*s ; -i + sqrt(Abs(51.7462243360215*i + 0.000133448044094628))
1628,0.8866488520521224,B0*s ; B1 + B2*sqrt(Abs(i)) + r,0.0477153357234446*s ; r + 47.2410841561888*sqrt(Abs(i)) + 1.99723305996441
1629,0.8866488520513348,B0*s ; sqrt(Abs(B1*i + B2*r)),0.0477153916629222*s ; sqrt(Abs(0.30235898608464*i + 0.0291357066862367*r))
1630,0.886648852048716,B0*s ; B1 + B2*sqrt(Abs(i)) + i,0.0477143721797624*s ; i + 98.5968940652372*sqrt(Abs(i)) + 0.0566665008098215
1631,0.886648852048373,B0*s ; B1*sqrt(Abs(i)) + 2*i,0.0477155571047874*s ; 2*i + 0.944979992010854*sqrt(Abs(i))
1632,0.8866488520473582,B0*s ; B1 + i + sqrt(Abs(B2 + i)),0.0477156041395852*s ; i + sqrt(Abs(i + 29.9044987137551)) + 0.00426931722813628
1633,0.886648852047137,B0*s ; r - sqrt(Abs(B1 + i + r)),0.0477156139525152*s ; r - sqrt(Abs(i + r + 31.1102797338209))
1634,0.8866488520465297,B0*s ; B1 + r**2 + sqrt(Abs(r)),0.0477142723753798*s ; r**2 + sqrt(Abs(r)) + 0.730380232802201
1635,0.886648852042798,B0*s ; i + sqrt(Abs(B1 - i + r)),0.0477141294043124*s ; i + sqrt(Abs(-i + r + 0.0282053568366606))
1636,0.8866488520426944,B0*s ; B1 + 2*i + sqrt(Abs(i)),0.0477157867469896*s ; 2*i + sqrt(Abs(i)) + 1.0689505398601
1637,0.8866488520408,B0*s ; -sqrt(Abs(B1*r + i*r)),0.0477158503245512*s ; -sqrt(Abs(i*r + 49.0292801316616*r))
1638,0.8866488520287525,B0*s ; B1 - 2*i - sqrt(Abs(i)),0.047713732884097*s ; -2*i - sqrt(Abs(i)) + 0.000475541617403575
1639,0.8866488520227451,B0*s ; B1*Abs(i)**(1/4)*sqrt(Abs(r)),2.71888572138537*s ; 0.0187511254749043*Abs(i)**(1/4)*sqrt(Abs(r))
1640,0.8866488520159485,B0*s ; i - r + sqrt(Abs(B1 - i)),0.0477164521972177*s ; i - r + sqrt(Abs(i - 0.00131584247984199))
1641,0.8866488520119259,B0*s ; B1*r*sqrt(Abs(i - r)),0.0477165280936148*s ; 0.427794678448242*r*sqrt(Abs(i - r))
1642,0.8866488520104046,B0*s ; B1 + sqrt(Abs(i)) + Abs(r)**(1/4),0.0477133566837047*s ; sqrt(Abs(i)) + Abs(r)**(1/4) + 19.6324822457419
1643,0.8866488519983092,B0*s ; B1 + B2*sqrt(Abs(i)) - i,0.0477167614841634*s ; -i + 1.98508500747369*sqrt(Abs(i)) + 90.259928077425
1644,0.8866488519895971,B0*s ; B1 - sqrt(Abs(i*r - i)),2.71888790114516*s ; 22.8257292581026 - sqrt(Abs(i*r - i))
1645,0.8866488519432938,B0*s ; B1 - sqrt(Abs(B2*i - r)),0.0477174946249187*s ; 0.000900553686621448 - sqrt(Abs(0.000671425123092057*i - r))
1646,0.8866488519315158,B0*s ; B1 + i + sqrt(Abs(B2 - r)),0.0477176255392624*s ; i + sqrt(Abs(r - 0.0204463614992769)) + 0.00146059719920449
1647,0.8866488519291488,B0*s ; 2*i + sqrt(Abs(B1 + i)),0.0477176510808038*s ; 2*i + sqrt(Abs(i + 0.610094864639699))
1648,0.8866488519258122,B0*s ; sqrt(Abs(B1*i - i**2)),0.0477122259019533*s ; sqrt(Abs(i**2 - 0.245528799568098*i))
1649,0.8866488519234083,B0*s ; i + sqrt(Abs(B1*r + i)),0.0477122005385691*s ; i + sqrt(Abs(i + 30.2147364862793*r))
1650,0.8866488519107077,B0*s ; i + sqrt(Abs(B1 + i - r)),0.0477178423447201*s ; i + sqrt(Abs(i - r + 24.2792832042482))
1651,0.8866488518726416,B0*s ; B1 + i + r + sqrt(Abs(i)),2.71888447395094*s ; i + r + sqrt(Abs(i)) + 14.6765693069184
1652,0.8866488518648297,B0*s ; B1*r**2*sqrt(Abs(i)),0.0477182706350382*s ; 0.00352659443409868*r**2*sqrt(Abs(i))
1653,0.8866488518099025,B0*s ; r*Abs(B1 + sqrt(Abs(r)))**(1/4),0.0477187198329354*s ; r*(sqrt(Abs(r)) + 9.06195670638499)**(1/4)
1654,0.8866488517953028,B0*s ; r*sqrt(Abs(B1 + i + r)),0.047718830478869*s ; r*sqrt(Abs(i + r + 0.000409672117185392))
1655,0.8866488517094179,B0*s*sqrt(Abs(i + s)) ; Abs(B1*r + sqrt(Abs(r)))**(1/4),0.0477104864076371*s*sqrt(Abs(i + s)) ; Abs(1.32044743310406*r + sqrt(Abs(r)))**(1/4)
1656,0.8866488516344645,B0*s ; i*sqrt(Abs(B1 + B2*i)),0.0477198877526023*s ; i*sqrt(Abs(0.0886952743737743*i + 0.00412410795930728))
1657,0.8866488514845925,B0*s ; i**2 - sqrt(Abs(B1 + r)),0.0477207003860026*s ; i**2 - sqrt(Abs(r + 0.00386812174412713))
1658,0.886648851470102,B0*s ; i*sqrt(Abs(B1 + i)) + i,0.0477091398394614*s ; i*sqrt(Abs(i + 0.00318358250055889)) + i
1659,0.8866488514375761,B0*s ; B1 + 2*r + sqrt(Abs(r)),0.0477209325922749*s ; 2*r + sqrt(Abs(r)) + 0.450542633086593
1660,0.8866488513971282,B0*s ; B1 + sqrt(Abs(B2 - Abs(r)**(3/2))),0.0477087874436131*s ; sqrt(Abs(Abs(r)**(3/2) - 0.000751490217987626)) + 0.00197347942689176
1661,0.886648851396462,B0*s ; B1 + i + r + sqrt(Abs(r)),0.0477087843187483*s ; i + r + sqrt(Abs(r)) + 4.06459019249346
1662,0.8866488513681006,B0*s ; B1*sqrt(Abs(i))*Abs(r)**(1/4),0.0477086527412287*s ; 0.000455713611411589*sqrt(Abs(i))*Abs(r)**(1/4)
1663,0.8866488513404893,B0*s ; B1 + sqrt(Abs(B2 + i**2)),0.0477213856055295*s ; sqrt(Abs(i**2 + 62.2163116887774)) + 0.00138083734070185
1664,0.8866488510966565,B0*s ; B1 + r + sqrt(Abs(B2 + r)),0.0477075101382477*s ; r + sqrt(Abs(r + 0.658933712306292)) + 0.00227092376833987
1665,0.8866488509884684,B0*s ; B1*r + sqrt(Abs(B2 - r)),2.71889181096884*s ; 0.00011653534406289*r + sqrt(Abs(r - 0.00148761171258139))
1666,0.8866488491913991,B0*s ; B1*i + sqrt(Abs(i + r)),0.0477020833788709*s ; 25.9197904285422*i + sqrt(Abs(i + r))
1667,0.8866488485047267,B0*s ; sqrt(Abs(B1 + i - 2*r)),0.0477006227108546*s ; sqrt(Abs(i - 2*r + 0.13693207825038))
1668,0.8866488446826789,B0*s ; i - r*sqrt(Abs(B1 + r)),0.0476943011740175*s ; i - r*sqrt(Abs(r + 0.0106437389676167))
1669,0.8866488128812794,B0*s ; -sqrt(Abs(i))*sqrt(Abs(r)) + sqrt(Abs(r)),0.0476673474296691*s ; -sqrt(Abs(i))*sqrt(Abs(r)) + sqrt(Abs(r))
1670,0.8866488119855935,B0*s ; i*r*sqrt(Abs(i + r)),0.0476668063235099*s ; i*r*sqrt(Abs(i + r))
1671,0.8866488112987895,B0*s ; i*sqrt(Abs(r)) + i + r,0.0476663954943813*s ; i*sqrt(Abs(r)) + i + r
1672,0.886648811047796,s*sqrt(Abs(-B0 + i + s)) ; r,s*sqrt(Abs(i + s - 0.997727928971167)) ; r
1673,0.8866488102732875,B0*s ; r*sqrt(Abs(i**2 + r)),0.047665788456979*s ; r*sqrt(Abs(i**2 + r))
1674,0.8866488090271748,B0*s ; -r + Abs(i - sqrt(Abs(i)))**(1/4),0.0477648705324525*s ; -r + Abs(i - sqrt(Abs(i)))**(1/4)
1675,0.8866488087773283,B0*s ; -r + Abs(i + sqrt(Abs(r)))**(1/4),0.0476649161483806*s ; -r + Abs(i + sqrt(Abs(r)))**(1/4)
1676,0.8866488074572828,B0*s ; sqrt(Abs(i))*sqrt(Abs(r)) + sqrt(Abs(r)),0.0476641588629254*s ; sqrt(Abs(i))*sqrt(Abs(r)) + sqrt(Abs(r))
1677,0.8866488068873093,B0*s ; sqrt(Abs(i))*Abs(i + r)**(1/4),0.0476638353493266*s ; sqrt(Abs(i))*Abs(i + r)**(1/4)
1678,0.8866488064019464,B0*s ; r**2 + r + sqrt(Abs(i)),0.0476635614664164*s ; r**2 + r + sqrt(Abs(i))
1679,0.8866488064019464,B0*s ; i - 2*r + sqrt(Abs(r)),0.0476635614664164*s ; i - 2*r + sqrt(Abs(r))
1680,0.8866488064019464,B0*s ; Abs(i)**(1/4)*Abs(r)**(5/4),0.0476635614664164*s ; Abs(i)**(1/4)*Abs(r)**(5/4)
1681,0.8865752304467663,B0*i*sqrt(Abs(s)) ; B1*sqrt(Abs(i)) + i - r,0.00414270323914818*i*sqrt(Abs(s)) ; i - r - 5.56544498615596*sqrt(Abs(i))
1682,0.8864770775995351,B0 + B1*i ; B2 - i,0.0211222627150008 - 0.000118229156080303*i ; 0.0357878970377385 - i
1683,0.8863504885733173,B0 + B1*sqrt(Abs(s)) - i ; B2*i**2,-i + 0.105312605975879*sqrt(Abs(s)) + 0.00474519072668211 ; 10.3494219938496*i**2
1684,0.8863455656961212,B0*i*s ; B1 + B2*i + B2*r**2 - r,0.566706923380312*i*s ; 1.01240763073834*i + 1.01240763073834*r**2 - r + 6.43063962870073e-5
1685,0.8863429410389045,B0*i*s + B0*s ; i,0.045593154558002*i*s + 0.045593154558002*s ; i
1686,0.8863328624225059,B0*i + B3*sqrt(Abs(B1 + B2*s)) ; B4*i**2 + B5*i*r,0.336251280559803*i + 3.86112889862674e-5*sqrt(Abs(15.4500932515276*s - 15.1642772646683)) ; 0.993586440782658*i**2 + 0.595101341535569*i*r
1687,0.8863318272158404,B0*i + B1*sqrt(Abs(i - s)) ; B2 + B3*Abs(r)**(1/4),-0.0394390198765018*i + 0.112603149527597*sqrt(Abs(i - s)) ; 1.00324477301679*Abs(r)**(1/4) - 1.65481711761476
1688,0.8862884764934491,B0*i - i**2 + i*s ; B1 + i**2 - i*r + i,-i**2 + i*s + 0.355491053323551*i ; i**2 - i*r + i + 0.00336672431489645
1689,0.8862826462167362,B0*i + B2*i*sqrt(Abs(B1 + s)) ; r,-0.538546391601728*i*sqrt(Abs(s - 1.16777791485241)) + 0.570843774287572*i ; r
1690,0.8862742436536303,B0 + B1*sqrt(Abs(i)) ; B2 + Abs(B3*r + B4)**(1/4),0.0482179338802996 - 0.00509055458777564*sqrt(Abs(i)) ; Abs(1.82737824189809*r - 10.0414101582865)**(1/4) - 0.405025816217526
1691,0.8862439698181388,B0 + B1*s**2 ; B2 - i,0.0405138766551314*s**2 + 0.0042418457346392 ; 0.137108559705699 - i
1692,0.8862439634118648,B0 + B1*s**2 ; B2 + i,0.0405039306965227*s**2 + 0.00423603624087396 ; i + 0.19961841888383
1693,0.8862439597623096,B0 + B1*s**2 ; B2*r,0.04050190557684*s**2 + 0.00423424406615806 ; 0.0748239625932481*r
1694,0.8862439541959523,B0 + B1*s**2 ; B2*r**2,0.0404839516694737*s**2 + 0.00424801998029111 ; 0.0044553132720982*r**2
1695,0.8862439533074593,B0 + B1*s**2 ; sqrt(2)*sqrt(Abs(r)),0.0405644926966061*s**2 + 0.00423253479402274 ; sqrt(2)*sqrt(Abs(r))
1696,0.8862439499078795,B0 + B1*s**2 ; r,0.0404781629509655*s**2 + 0.00424731297513912 ; r
1697,0.8862439373591608,B0 + B1*s**2 ; i,0.040466226945469*s**2 + 0.00424939370360198 ; i
1698,0.8862439250250913,B0 + B1*s**2 ; B2*i,0.0405355253559262*s**2 + 0.00425956146124939 ; 0.00391513721885765*i
1699,0.886222970942399,B0 + B1*i + B1*sqrt(Abs(s)) ; i,0.0480657703996509*i + 0.0480657703996509*sqrt(Abs(s)) - 0.000426126287651222 ; i
1700,0.8862226394869077,B0 + B1*i*s ; B2 + i - sqrt(Abs(B3*i + i*r)),0.479768832938405*i*s - 0.00895887378731702 ; i - sqrt(Abs(i*r + 0.016245162027199*i)) - 0.0296936086210129
1701,0.8861908889851507,B0*i + B1*sqrt(Abs(s)) ; i,0.612171446257794*i + 0.0130465314333724*sqrt(Abs(s)) ; i
1702,0.8861880071174055,B0*i**2 - i**3 ; B1 - r,-i**3 + 0.77846019635893*i**2 ; -r - 0.104067010486927
1703,0.8861845486042059,B0*i + B1*i**2 ; sqrt(Abs(B2 + i - r)),-2.66593254820782e-5*i**2 - 0.00272736865033404*i ; sqrt(Abs(-i + r + 0.0156522924671075))
1704,0.8861802325651139,B0*i*sqrt(Abs(s)) ; B1 + B2*sqrt(Abs(r)) + r,0.000341256415283594*i*sqrt(Abs(s)) ; r - 110.264809235257*sqrt(Abs(r)) - 366.715056975592
1705,0.8861745722427363,B0*i*s**2 + B0*i*s ; B1*r,0.173302596484077*i*s**2 + 0.173302596484077*i*s ; 0.114868974983342*r
1706,0.8861714748246695,B0*i - i**2 ; r,-i**2 + 0.377191095222079*i ; r
1707,0.8861714603898058,B0*i + i*s ; r,i*s - 0.623728482630296*i ; r
1708,0.8861714578477592,B0*i - i**2 ; sqrt(Abs(r)),-i**2 + 0.376268089276327*i ; sqrt(Abs(r))
1709,0.886167326293049,B0 + B1*i*s ; i,0.963756690841899*i*s + 0.0082450949587192 ; i
1710,0.8861278459822631,B0 + B1*i + B2*s ; B3 + i**2,0.0276846265427646*i + 2.71654034547812*s + 3.11593094263508 ; i**2 + 7.03131057991895
1711,0.8861217089376094,i*s ; B0*i + B1*i*r + B1*r,i*s ; -0.388516282880036*i*r + 1.58649212082651*i - 0.388516282880036*r
1712,0.8861000440205538,B0 + B1*i**2 + B2*s ; sqrt(Abs(B3 + r)),-0.000233652624117992*i**2 + 2.74885943757096*s + 8.40953589151465 ; sqrt(Abs(r + 0.395821958207017))
1713,0.8860979353507187,B0*i*sqrt(Abs(s)) + B1*i*s ; B2*r,0.440727393998093*i*s - 0.12093574190344*i*sqrt(Abs(s)) ; 0.464666139021913*r
1714,0.8860451633095868,B0*i + B0*s + B1*s**2 ; B2 + B3*i + B4*r,0.248174064114117*i - 0.260887443788156*s**2 + 0.248174064114117*s ; 3.14882139504582*i + 0.372659884746517*r - 0.192991230437374
1715,0.8860380355533475,B1*sqrt(Abs(B0 + s)) ; B2*i - i*sqrt(Abs(r)),0.0344148350902709*sqrt(Abs(s + 0.0961684583676944)) ; -i*sqrt(Abs(r)) + 45.1223463047982*i
1716,0.8860373895405063,B2*sqrt(Abs(B0 + B1*s)) ; Abs(i)**(3/2),0.128738725077075*sqrt(Abs(0.0719102178229037*s + 0.00741933718585989)) ; Abs(i)**(3/2)
1717,0.8860367826256185,B1*sqrt(Abs(B0 + 2*s)) ; i,0.0244244948282243*sqrt(Abs(2*s + 0.208860667153871)) ; i
1718,0.8860070663427415,sqrt(Abs(B0*s + B1*i)) ; r,sqrt(Abs(0.000128626172803393*i + 0.00132990231696303*s)) ; r
1719,0.8860063784464202,B1*sqrt(Abs(B0 + 2*s)) ; sqrt(Abs(r)),0.0246678622598101*sqrt(Abs(2*s + 0.178852711167027)) ; sqrt(Abs(r))
1720,0.8860048410725777,B1*sqrt(Abs(B0 - i + s)) ; i*r**2,0.0247148153371373*sqrt(Abs(-i + s + 1.1866165652506)) ; i*r**2
1721,0.8860036497786412,B0 - i - s ; B1 + B2*i,-i - s + 1.01042031446588 ; 0.00118024007541439 - 0.0056464405597813*i
1722,0.8859943497437077,B1*sqrt(Abs(B0 - s)) ; r**2 + r + sqrt(Abs(r)),0.0346137999878337*sqrt(Abs(s + 0.115530043808167)) ; r**2 + r + sqrt(Abs(r))
1723,0.8859794076079357,sqrt(Abs(B0*i + B1*s)) ; B2*r - i*r,sqrt(Abs(0.000145861558754054*i + 0.00132408543107624*s)) ; -i*r + 82.3383519194955*r
1724,0.8859626102851582,B0 + B1*sqrt(Abs(s)) ; B2 + i + 3*r,0.0498953006583643*sqrt(Abs(s)) - 0.000444495873579851 ; i + 3*r + 0.0146209284599123
1725,0.8859538021090747,B0*i**2*s**2 ; sqrt(Abs(r - sqrt(Abs(i - r)))),0.00340782410528101*i**2*s**2 ; sqrt(Abs(r - sqrt(Abs(i - r))))
1726,0.8859519957042473,B0 + B1*Abs(i - s)**(1/4) ; sqrt(Abs(B2 + sqrt(Abs(r)))),0.0704996537995809 - 0.0231196255501199*Abs(i - s)**(1/4) ; sqrt(Abs(sqrt(Abs(r)) - 1.46567691249505))
1727,0.8859260657418574,B0*s*sqrt(Abs(i)) + B1*i*s ; B2*r,0.225241964202886*i*s + 0.0306247834638536*s*sqrt(Abs(i)) ; 66.0834797412313*r
1728,0.885874893234633,B1*sqrt(Abs(B0 + i + s)) ; i - r,0.04851398460281*sqrt(Abs(i + s - 0.453245096802064)) ; i - r
1729,0.8858688395024923,B0*sqrt(Abs(i)) + B1*sqrt(Abs(s)) ; r,-0.000414440674597347*sqrt(Abs(i)) + 0.0504449090360084*sqrt(Abs(s)) ; r
1730,0.8858369169856565,B0*i + B1*s ; B2 - Abs(i*r + i)**(1/4),0.000200419533686607*i + 0.0482138228011175*s ; -Abs(i*r + i)**(1/4) - 3.4691835621037
1731,0.8858177083499147,B0 + B2*sqrt(Abs(B1*s + s**2)) ; r,0.260478568550578*sqrt(Abs(s**2 - 1.08406018444053*s)) - 0.0765848234046693 ; r
1732,0.8858144239931139,B0*sqrt(Abs(i)) + B1*sqrt(Abs(s)) ; B2*sqrt(Abs(i)) + i,-0.00100533947628291*sqrt(Abs(i)) + 0.0487041546962339*sqrt(Abs(s)) ; i - 0.448043036709025*sqrt(Abs(i))
1733,0.8858026150741709,B0*i ; B1 + i*Abs(r)**(3/2) + i,1.0645295294093*i ; i*Abs(r)**(3/2) + i - 0.00266621100313971
1734,0.8857789201151693,B0 + B1*Abs(i)**(1/4) ; B2*sqrt(Abs(i))*sqrt(Abs(r)),0.0936858621368206 - 0.0879541314594914*Abs(i)**(1/4) ; 3.13570482954528*sqrt(Abs(i))*sqrt(Abs(r))
1735,0.885774542502452,B0*i ; i + sqrt(Abs(i)),-0.0123000881732034*i ; i + sqrt(Abs(i))
1736,0.88574867855627,B0*Abs(s)**(5/4) + B1*i*s ; B2 - r,0.262481629903922*i*s + 0.0047498573850526*Abs(s)**(5/4) ; -r - 0.00187135862147971
1737,0.8857485520747612,B0*Abs(s)**(5/4) + B1*i*s ; r,0.262924458515428*i*s + 0.00511117977454592*Abs(s)**(5/4) ; r
1738,0.8857401473246279,B0*s + B1*i*s ; B2*i*r**2 + B2*i*r,0.261380395209512*i*s + 0.00512888207027006*s ; 0.00104862457474425*i*r**2 + 0.00104862457474425*i*r
1739,0.8856790762560822,B0*i + B0*s ; B1 + i - r + sqrt(Abs(r)),0.0409161935970044*i + 0.0409161935970044*s ; i - r + sqrt(Abs(r)) - 0.41334298247302
1740,0.8856703348782222,B0*s + B1*i*s ; 2*i,-1.22385604670486*i*s + 0.0711928534654801*s ; 2*i
1741,0.8856641056000811,B0*sqrt(Abs(i)) ; Abs(i)**(3/2),0.0520374748005651*sqrt(Abs(i)) ; Abs(i)**(3/2)
1742,0.8856573890532355,B1*sqrt(Abs(B0 + i - s)) ; r**3,0.0247237222124615*sqrt(Abs(-i + s + 1.06817646768662)) ; r**3
1743,0.8856313153689357,B0*sqrt(Abs(2*i + s)) ; sqrt(Abs(B1*i + i**2)),0.0334207402414662*sqrt(Abs(2*i + s)) ; sqrt(Abs(i**2 - 0.00568599898688902*i))
1744,0.8856308856616534,B0 + B1*i*s ; B2 + B3*sqrt(Abs(i*r + r**2)),0.254068337997277*i*s + 0.000830268037842929 ; 0.0937180655648242*sqrt(Abs(i*r + r**2)) - 0.00844266895113811
1745,0.8856144513300592,B0*sqrt(Abs(s)) ; B1 + B2*sqrt(Abs(i - r)),0.0339964485546114*sqrt(Abs(s)) ; 0.0276702604451532*sqrt(Abs(i - r)) + 0.0347310101963855
1746,0.8856129866488628,B0*sqrt(Abs(s)) ; sqrt(Abs(B1*r + B2*i)),0.0339964405326771*sqrt(Abs(s)) ; sqrt(Abs(0.620377225409593*i + 24.4120949566041*r))
1747,0.8856125704701454,B0*s*sqrt(Abs(i)) + i*s ; i - Abs(r)**(5/4),i*s - 0.0521175000055167*s*sqrt(Abs(i)) ; i - Abs(r)**(5/4)
1748,0.8856110226366692,B0*sqrt(Abs(s)) ; B1*i - r + sqrt(Abs(r)),0.0339964976623433*sqrt(Abs(s)) ; 45.5316382012343*i - r + sqrt(Abs(r))
1749,0.8856103423266174,B0 - i*s - i + s ; B1 + B2*r,-i*s - i + s - 0.819486963712537 ; 0.0724977854323941 - 0.0160560939361195*r
1750,0.8856087572994973,B0*sqrt(Abs(s)) ; B1*i + sqrt(Abs(B2 - i)),0.0339835958886577*sqrt(Abs(s)) ; 0.149960302587437*i + sqrt(Abs(i - 0.295047207815691))
1751,0.8856086978220024,B0*sqrt(Abs(s)) ; B1 + B2*sqrt(Abs(i)) + i,0.033983581809133*sqrt(Abs(s)) ; i + 0.062074804312615*sqrt(Abs(i)) + 6.39944009689395
1752,0.8856086119848131,B0*sqrt(Abs(s)) ; B1*sqrt(Abs(i)) + Abs(i)**(3/2),0.0339835742583601*sqrt(Abs(s)) ; Abs(i)**(3/2) + 0.00081686797026259*sqrt(Abs(i))
1753,0.8856055224977902,B0*sqrt(Abs(s)) ; B1 + sqrt(Abs(B2*r + B3)),0.0334032301132462*sqrt(Abs(s)) ; sqrt(Abs(0.249687742046159*r + 0.257869915314613)) + 0.256342899440791
1754,0.8856053352716057,B0*sqrt(Abs(s)) ; sqrt(Abs(i))*sqrt(Abs(i + sqrt(Abs(r)))),0.0334032480314114*sqrt(Abs(s)) ; sqrt(Abs(i))*sqrt(Abs(i + sqrt(Abs(r))))
1755,0.8855504721380733,B0*i + B1*i*s ; Abs(r**2 - r*sqrt(Abs(B2 + i)))**(1/4),0.34976792709598*i*s - 0.0377315599877149*i ; Abs(r**2 - r*sqrt(Abs(i + 0.00405905097353623)))**(1/4)
1756,0.8855449961060127,B0*i ; B1 + B2*r + B2*sqrt(Abs(i)) + i,0.885735327449885*i ; i + 0.0136840986186196*r + 0.0136840986186196*sqrt(Abs(i)) - 0.014421717009322
1757,0.8855150569643158,B0*i + B0*s + B1*i*s ; B2*i*r + i**2*r,0.256768500878055*i*s + 0.00512961596882534*i + 0.00512961596882534*s ; i**2*r + 0.00995510183846349*i*r
1758,0.8855150569401393,B0*i + B0*s + B1*i*s ; B2*r + r*sqrt(Abs(i)),0.256761123885937*i*s + 0.00513033402611038*i + 0.00513033402611038*s ; r*sqrt(Abs(i)) + 3.32486358863134*r
1759,0.8854977013186697,B0 + B1*sqrt(Abs(i)) ; B2 + sqrt(Abs(B3*r + r**2)),0.0389428393779536 - 0.00372119693292259*sqrt(Abs(i)) ; sqrt(Abs(r**2 - 0.175835238005054*r)) - 0.0237775774774423
1760,0.8854428649627225,B0 + B1*i ; B2*sqrt(Abs(r)) + 2*i + r,0.196724374223994*i + 0.0250065174664892 ; 2*i + r - 0.84130568754181*sqrt(Abs(r))
1761,0.8854196500329485,B1*sqrt(Abs(B0*s + i)) ; i,0.0116701544280967*sqrt(Abs(i + 7.88128163617665*s)) ; i
1762,0.8853766044027467,B0 + B1*i*s + B1*i ; B2 + sqrt(Abs(r)),0.000457614226207842*i*s + 0.000457614226207842*i + 0.0460516443232381 ; sqrt(Abs(r)) - 0.189927481501237
1763,0.8853487816044349,B0*s*sqrt(Abs(i)) + B0*s ; 2*r,0.0350221164569092*s*sqrt(Abs(i)) + 0.0350221164569092*s ; 2*r
1764,0.8852908195476308,B0*i + B1*s ; B2 + Abs(B3 + B4*i)**(1/4),-0.000191752130608659*i + 0.047222688949458*s ; Abs(6.44502649340033*i + 47.4863351780227)**(1/4) + 5.72272104967666
1765,0.885217995868179,B0*i ; -i + sqrt(Abs(i)),-0.000118937380852427*i ; -i + sqrt(Abs(i))
1766,0.885210201379162,B0*Abs(s)**(1/4) ; sqrt(Abs(r - Abs(i)**(1/4))),0.0205795390899261*Abs(s)**(1/4) ; sqrt(Abs(r - Abs(i)**(1/4)))
1767,0.8851984454155742,B0*Abs(s)**(1/4) ; -i + r*sqrt(Abs(i)),0.0213882987884367*Abs(s)**(1/4) ; -i + r*sqrt(Abs(i))
1768,0.8851450837855518,B0*s**2 ; B1 - i + 2*r,0.0447731796299053*s**2 ; -i + 2*r + 67.162301756497
1769,0.8851450760629981,B0*s**2 ; sqrt(Abs(i)) + sqrt(Abs(B1 + i)),0.0447986116164142*s**2 ; sqrt(Abs(i)) + sqrt(Abs(i + 0.0143408710508927))
1770,0.8850702745998887,B0 + B1*s + B2*Abs(s)**(5/4) ; B3*sqrt(Abs(i)),1.18479290789581*s - 1.12321668382168*Abs(s)**(5/4) - 0.0550104727130897 ; 1.88106328262698*sqrt(Abs(i))
1771,0.8850473166227388,B0*i + B1*i**2 ; sqrt(Abs(i - sqrt(Abs(i))*sqrt(Abs(r)))),-2.64248414492699e-5*i**2 - 0.00270501037553269*i ; sqrt(Abs(i - sqrt(Abs(i))*sqrt(Abs(r))))
1772,0.8850065584657542,B0 + B1*s + B2*s*sqrt(Abs(i)) ; B4*sqrt(Abs(B3 + 2*i)),0.169384269077112*s*sqrt(Abs(i)) - 0.023091287455797*s - 0.00156862307544907 ; -0.0302812826761682*sqrt(Abs(2*i + 0.0022609873222284))
1773,0.8849968086654834,B0*s**2 + B1*s*sqrt(Abs(i)) ; B2*r + B3*i*r,-0.0217024869378258*s**2 + 0.183446323819307*s*sqrt(Abs(i)) ; 0.342042738589664*i*r + 0.0431890304356187*r
1774,0.8849184055871314,B0 + B1*i + B2*i*sqrt(Abs(s)) ; B3 + sqrt(Abs(r - Abs(i)**(1/4))),-0.00143943076350291*i*sqrt(Abs(s)) + 0.000391357682826876*i + 0.00622351277748963 ; sqrt(Abs(r - Abs(i)**(1/4))) + 2.35172432915044
1775,0.88484312620809,B0*sqrt(Abs(2*i - s)) ; i,0.0320991981479328*sqrt(Abs(2*i - s)) ; i
1776,0.884837305405813,B0 + B1*sqrt(Abs(i)) ; B2 + sqrt(Abs(r + Abs(i)**(1/4))),0.048325848061483 - 0.00434506267790991*sqrt(Abs(i)) ; sqrt(Abs(r + Abs(i)**(1/4))) - 0.565165831690623
1777,0.8848318399366147,B0 + B1*i ; B2 + i - sqrt(Abs(i))*sqrt(Abs(r)),-0.348396522464596*i - 0.221349392441515 ; i - sqrt(Abs(i))*sqrt(Abs(r)) + 1.69275789840105
1778,0.8846648868196522,B0 + B1*i + B1*s ; B2 - sqrt(Abs(B3*i*r + r)),-0.000421556721021091*i - 0.000421556721021091*s + 0.0431948520271372 ; 0.15727113635833 - sqrt(Abs(0.0951058179590195*i*r - r))
1779,0.8845892945204593,B0*i**2*s ; B1 + B2*sqrt(Abs(i)) + B3*Abs(i)**(3/2),1.60510910332656e-5*i**2*s ; 0.0197123212273258*Abs(i)**(3/2) - 3.82041592674126*sqrt(Abs(i)) + 25.9404913055002
1780,0.8844187368985591,B0*s + B1*s*sqrt(Abs(i + s)) ; B2 + B3*Abs(r)**(1/4),-0.0105955627528732*s*sqrt(Abs(i + s)) + 2.74801055476814*s ; 5.22293636237917*Abs(r)**(1/4) - 4.28844853563368
1781,0.8843642187662241,B0*i + B0*s + B1*i*s ; B2 + i + r,-0.0304245826680344*i*s + 0.00224521430626525*i + 0.00224521430626525*s ; i + r + 0.223957717301727
1782,0.8843016305637806,B0*i - i**2*s ; B1 + 2*i + r,-i**2*s + 0.384268614615404*i ; 2*i + r - 0.468697352280318
1783,0.8842659040815607,B0*Abs(s)**(3/4) + B1*s ; B2 + B3*i**2 - r,-0.0416012394729338*s + 0.0857516688741361*Abs(s)**(3/4) ; 0.000284252196974657*i**2 - r + 87.5319425917411
1784,0.8842027444508438,B0 + B1*i ; i + Abs(r)**(1/4),0.0351538672411634*i + 0.0523429865193828 ; i + Abs(r)**(1/4)
1785,0.8840902228622018,B0*s*sqrt(Abs(i)) + B1*i*s ; sqrt(Abs(i)),-0.00138524187413456*i*s + 0.0125584549101867*s*sqrt(Abs(i)) ; sqrt(Abs(i))
1786,0.8840798808242284,B0*i + B0*s ; i*Abs(B1 + B2*i)**(1/4),0.0431753924839828*i + 0.0431753924839828*s ; i*Abs(0.013630542671084*i - 0.00243497175563124)**(1/4)
1787,0.8840002026322396,B0 + B1*i**2 + B2*s ; sqrt(Abs(i**2 + r)),6.58825788172296e-6*i**2 + 0.0809185668642227*s - 0.0600428620672307 ; sqrt(Abs(i**2 + r))
1788,0.8839444876233344,B0 + B1*Abs(s)**(5/4) ; B2 + i,0.0441664342016034*Abs(s)**(5/4) + 0.00286627496381458 ; i + 1.42657565204172
1789,0.8839438728583049,s*sqrt(Abs(B0*i + i*s)) ; B1*i,s*sqrt(Abs(i*s - 0.844767723612314*i)) ; 0.802520134495259*i
1790,0.8839171875026326,B0*i*s ; sqrt(Abs(B1*r**2 + r**3)),0.313695971938677*i*s ; sqrt(Abs(r**3 + 3.36628796367739*r**2))
1791,0.8839171874402237,B0*i*s ; Abs(i)**(1/16)*Abs(r)**(5/16),0.313697684661949*i*s ; Abs(i)**(1/16)*Abs(r)**(5/16)
1792,0.8837997197459262,B0 + B1*s + B2*i*s ; B3 - sqrt(Abs(i*r**2 + r)),0.000690038006213088*i*s + 0.0111192630867586*s + 0.00612279815110489 ; 0.0868729642763721 - sqrt(Abs(i*r**2 + r))
1793,0.8837748500503267,B0 + B1*i + B2*Abs(i)**(3/2) ; B3 - sqrt(Abs(r)),0.252413407812464*i + 0.156469498677723*Abs(i)**(3/2) + 0.0794521999489787 ; 1.69331152320544 - sqrt(Abs(r))
1794,0.8837574456677798,B0 + B2*sqrt(Abs(B1 + i + s)) ; sqrt(Abs(B3 + r)),0.108275714009797*sqrt(Abs(i + s + 13110.1025724577)) - 12.3485873927244 ; sqrt(Abs(r - 14.6357499554036))
1795,0.8837412215088869,B0*Abs(i)**(3/2)*Abs(s)**(3/2) ; B1 - i + r + sqrt(Abs(B2 - i)),7.68014066134947e-5*Abs(i)**(3/2)*Abs(s)**(3/2) ; -i + r + sqrt(Abs(i - 0.732009083151502)) - 0.831186767576473
1796,0.8836953857516324,B0*i ; i*sqrt(Abs(B1 + i)) + i,2.17101266820562*i ; i*sqrt(Abs(i - 1.49044853646602)) + i
1797,0.8836932993539022,B0 + B1*i + B1*s ; i + sqrt(Abs(i + r)),0.0228777968856567*i + 0.0228777968856567*s + 0.0291659772506585 ; i + sqrt(Abs(i + r))
1798,0.8836910628739808,B1*i*sqrt(Abs(B0*s - i)) ; B2 - r,-0.130874229488736*i*sqrt(Abs(i + 1.21416731359363*s)) ; 1.30593045606073 - r
1799,0.8835640559968536,B0*i + B1*i**2*sqrt(Abs(s)) ; B2 + B3*r*sqrt(Abs(i)),4.15472920514462e-5*i**2*sqrt(Abs(s)) + 0.000487293738271088*i ; -0.0187998918310206*r*sqrt(Abs(i)) + 8.79864140767133
1800,0.8834890678010737,B0 + B1*i*s + B1*s ; B2*i,0.0329887101425767*i*s + 0.0329887101425767*s + 0.0103325082693367 ; -0.0703960401409272*i
1801,0.8834487594190773,B0*i*s + B0*i ; sqrt(Abs(B1 + r)),-0.000383423815265339*i*s - 0.000383423815265339*i ; sqrt(Abs(r + 106.312569779302))
1802,0.8834204054629191,B0 + B1*s + B1*sqrt(Abs(i)) ; B2*i*sqrt(Abs(r)) + B2*Abs(r)**(3/2),0.312245008902451*s + 0.312245008902451*sqrt(Abs(i)) - 0.345341867343037 ; 0.0206204101723134*i*sqrt(Abs(r)) + 0.0206204101723134*Abs(r)**(3/2)
1803,0.8833357908944647,B0*s*sqrt(Abs(i)) + B1*i*s ; B2 + sqrt(Abs(B3*r - i*r)),0.00160676354987256*i*s + 0.0301981774711221*s*sqrt(Abs(i)) ; sqrt(Abs(i*r + 1.70774995914789*r)) - 0.211808200240261
1804,0.883258205584134,B0*i*s + i**2*s ; B1*i + i*r,i**2*s + 0.251890386830155*i*s ; i*r + 0.0643093048001141*i
1805,0.8831390634504344,B0*s + B2*sqrt(Abs(B1 + i**2)) ; B3*i*sqrt(Abs(r)),3.18288038185001*s + 0.519159610772395*sqrt(Abs(i**2 + 0.0681403551825206)) ; 2.48494003733013*i*sqrt(Abs(r))
1806,0.883125266127298,sqrt(Abs(B0*s + B1*i*s)) ; B2 + B3*i*r + B3*r,sqrt(Abs(0.00226491757720069*i*s + 0.00187979433583463*s)) ; 0.193135744422638*i*r + 0.193135744422638*r + 9.83581881718678e-5
1807,0.8831123812778482,i*s ; B0*Abs(i)**(3/2) + B1*r*sqrt(Abs(i)),i*s ; -1.66546262309105*r*sqrt(Abs(i)) + 7.23619075327838*Abs(i)**(3/2)
1808,0.8830692866813057,B0*i + B2*sqrt(Abs(B1 + i)) ; B3 + i - r,-0.261734437151188*i - 0.683785559578804*sqrt(Abs(i + 0.279067111027329)) ; i - r + 14.1664152103306
1809,0.8830462629617337,B0*i + i*s ; i,i*s + 0.25442929345913*i ; i
1810,0.8829480058059755,B0*s + i*s ; i,i*s + 0.00876598856820217*s ; i
1811,0.8829063417337384,B0 + B1*i ; B2 + i + r + sqrt(Abs(r)),0.000390482938278706*i + 0.0445758976164117 ; i + r + sqrt(Abs(r)) - 0.0316074526433501
1812,0.8827523376435535,B0 + B3*sqrt(Abs(B1*i + B2*s)) ; r,0.110489693186295 - 0.408667116770929*sqrt(Abs(0.0703637586681229*i - 0.0570398818813823*s)) ; r
1813,0.8827137324695898,B0*Abs(i)**(1/4)*Abs(s)**(3/2) ; sqrt(Abs(r - sqrt(Abs(r)))),0.0777992960672102*Abs(i)**(1/4)*Abs(s)**(3/2) ; sqrt(Abs(r - sqrt(Abs(r))))
1814,0.8825285182675303,B0*sqrt(Abs(i)) ; i + sqrt(Abs(r)),0.00932059754849849*sqrt(Abs(i)) ; i + sqrt(Abs(r))
1815,0.882498903316503,B0*i + B1*i*s + B1*s ; sqrt(Abs(i - r)),-0.00207275466218035*i*s + 0.000251653009135681*i - 0.00207275466218035*s ; sqrt(Abs(i - r))
1816,0.8824785434018919,B0*i*s ; B1 - r*sqrt(Abs(B2*r + B3*i)),0.0438948833327917*i*s ; -r*sqrt(Abs(0.0428422581891792*i + 0.0531187035092917*r)) - 0.236798138024172
1817,0.8824775949244739,B0*i*sqrt(Abs(s)) + B0*s ; B1*sqrt(Abs(r)),0.0346391161319993*i*sqrt(Abs(s)) + 0.0346391161319993*s ; 0.175865347057112*sqrt(Abs(r))
1818,0.8824076687379152,B0 + B1*sqrt(Abs(i)) + B2*i ; B3 + i + sqrt(Abs(B4 - r)),-0.351196605050808*i - 0.897944503736481*sqrt(Abs(i)) + 0.45573161949476 ; i + sqrt(Abs(r - 4.61003403148204)) + 3.22287858632478
1819,0.8823392482596772,B0 + B1*i**2 + B1*s ; B2 + i + r,-4.41956598925662e-6*i**2 - 4.41956598925662e-6*s + 0.0446881882476901 ; i + r - 3.66904895695459
1820,0.8823063189239426,B0*s - i*s + s**2 ; B1 + B2*i,-i*s + s**2 - 1.10115919521259*s ; 0.0119962382387388*i + 0.109707670116889
1821,0.8822698121240825,sqrt(Abs(B0*i + B0*sqrt(Abs(s)))) ; B1 + i,sqrt(Abs(0.00102784485113458*i + 0.00102784485113458*sqrt(Abs(s)))) ; i + 0.268807350516759
1822,0.88224948634628,B0*i ; B1 + B2*i*r**2,-0.204566673333574*i ; 0.82711261157851*i*r**2 + 0.0669222273681973
1823,0.882202497972513,B0*i*s - i**2*s ; B1 + B2*r,-i**2*s + 0.586585704912586*i*s ; 0.00830903763121404 - 0.0254265225548939*r
1824,0.8821999998346228,B0 + B1*i + B2*s ; 2*i - sqrt(Abs(B3 - r)),0.115280192725942*i + 0.0702011101215971*s - 0.0441335530897653 ; 2*i - sqrt(Abs(r + 0.112914375434485))
1825,0.8821459611330054,B0 + B1*i ; i + sqrt(Abs(i*r + sqrt(Abs(i)))),-0.189712758536439*i - 0.0583332002252474 ; i + sqrt(Abs(i*r + sqrt(Abs(i))))
1826,0.882144531598636,B0*i ; B1*r*sqrt(Abs(i)) + i,1.0134880873804*i ; i + 0.010807113651625*r*sqrt(Abs(i))
1827,0.8820902538057485,B0*i - Abs(i)**(3/2) ; B1*r,0.665259717164273*i - Abs(i)**(3/2) ; 0.000500741616102742*r
1828,0.8820327166655108,B0*i ; B1 + B2*r + i*r,-0.0817541983360847*i ; i*r - 1.30869876279531*r + 1.46542048850906
1829,0.8820204767213841,B1*sqrt(Abs(B0 + Abs(i)**(1/4))) ; B2 + i - r,0.0836359923049337*sqrt(Abs(Abs(i)**(1/4) - 0.865958281641374)) ; i - r + 2.16684794535911
1830,0.8819360024921025,B0*s**2 + B1*s*sqrt(Abs(i)) ; B2 + r,0.0179630004738295*s**2 + 0.0114229401258198*s*sqrt(Abs(i)) ; r + 0.00469258070667729
1831,0.8818971076125509,B0*i**2 + B1*i*s ; B2 + i,-5.27345229510428*i**2 - 2.64591065491944*i*s ; i + 0.0788839827223372
1832,0.8817257303746542,B0*s + B0*sqrt(Abs(B1 + s)) ; B2*i*r,0.0247564614998666*s + 0.0247564614998666*sqrt(Abs(s + 0.00405076736130236)) ; 0.000143391062906303*i*r
1833,0.8817234861063736,B0 + B1*s + B1*sqrt(Abs(s)) ; B2 + i + r,0.024866284163292*s + 0.024866284163292*sqrt(Abs(s)) - 9.5698107333493e-5 ; i + r + 0.000958807100506943
1834,0.8817223638260233,B0 + B1*s + B1*sqrt(Abs(s)) ; r,0.0248167238516657*s + 0.0248167238516657*sqrt(Abs(s)) - 0.000100809443368635 ; r
1835,0.881719854836306,B0 + B1*s + B1*sqrt(Abs(s)) ; B2*Abs(r)**(1/8),0.0248502245395452*s + 0.0248502245395452*sqrt(Abs(s)) - 0.000111964714393071 ; 0.00112995305161073*Abs(r)**(1/8)
1836,0.881694251750609,B0*i*s**2 ; i*r + r**2 + Abs(r)**(5/4),0.36658876703242*i*s**2 ; i*r + r**2 + Abs(r)**(5/4)
1837,0.8816881564245908,B0 + B1*sqrt(Abs(i)) + B2*s ; B3 + sqrt(Abs(B4*i*r + i**2)),0.114765049990709*s + 0.00923657672054552*sqrt(Abs(i)) - 0.089926025881361 ; sqrt(Abs(i**2 + 2.0945480101017*i*r)) + 0.013970789881798
1838,0.8816807205928391,B0 + B1*i + B2*s ; B3*i + B3*r,-0.969688243982699*i - 0.940241071433553*s + 0.986371023727339 ; -0.000381688485221585*i - 0.000381688485221585*r
1839,0.8816806842877015,B0 + B1*i + B2*s ; i + r,0.000367158085593537*i + 0.0300987166678276*s + 0.0161758282818934 ; i + r
1840,0.8816573777561033,B0*i*s ; -r + sqrt(Abs(B1*i + B2*Abs(i)**(3/2))),-0.00119387297645892*i*s ; -r + sqrt(Abs(2.06321958332949*i - 10.1177843720853*Abs(i)**(3/2)))
1841,0.881651368003031,B0 + B1*i + B2*sqrt(Abs(s)) ; B3 + i + Abs(B4 + i)**(1/4),-0.600431832272587*i + 0.0825655291703779*sqrt(Abs(s)) - 0.0811620632151989 ; i + Abs(i + 17.5790641926674)**(1/4) - 1.91077234853807
1842,0.8816249652284817,B0*i*sqrt(Abs(s)) ; -r + sqrt(Abs(B1 + B2*sqrt(Abs(i)))),-0.00365816068326533*i*sqrt(Abs(s)) ; -r + sqrt(23.712332015942*sqrt(Abs(i)) + 36.4248084177532)
1843,0.8816236142986742,B0*s + B2*sqrt(Abs(B1 - i + s)) ; B3*i**3*r,-0.37452989191831*s + 0.296366604629032*sqrt(Abs(-i + s + 0.700219285680679)) ; 3.81685688090425*i**3*r
1844,0.8816236108553391,B0*s + B2*sqrt(Abs(B1 + s)) ; B3*i + B4*sqrt(Abs(r)) + B5*r,-0.374384174981493*s + 0.418961455762602*sqrt(Abs(s - 0.14983667215015)) ; 0.00157409478304634*i + 0.0107739904319931*r + 0.000780361665234967*sqrt(Abs(r))
1845,0.881623609444153,B0*s + B2*sqrt(Abs(B1 + 2*s)) ; B3 + B4*r,-0.374602860375481*s + 0.296428058455284*sqrt(Abs(2*s - 0.299893458430411)) ; 0.00111733591271162*r + 0.0321568536572637
1846,0.8816125437096223,B0*Abs(i)**(1/4) + B1*s ; B2 + i + sqrt(Abs(r)),0.0402262669530209*s + 0.01593588949791*Abs(i)**(1/4) ; i + sqrt(Abs(r)) - 0.92699085978087
1847,0.8815987482091218,B0*i + B1*s ; B3*Abs(B2 + Abs(r)**(1/4))**(1/4),0.0189735570397442*i + 0.0463821964788581*s ; 0.0229584717217621*Abs(Abs(r)**(1/4) - 0.470804011655882)**(1/4)
1848,0.8815849999756294,B0*sqrt(Abs(i)) ; i**2,0.0356670578783445*sqrt(Abs(i)) ; i**2
1849,0.8815800070492622,B0 + B1*i ; sqrt(Abs(i))*sqrt(Abs(B2 + i)),1.00274643792201*i + 0.00157030435661624 ; sqrt(Abs(i))*sqrt(Abs(i + 0.00440034588281402))
1850,0.8815642602051968,B0 + B1*sqrt(Abs(i)) + B2*i ; B3 + i**2*sqrt(Abs(i + r)) + i,3.60013761330946*i - 1.94731379392755*sqrt(Abs(i)) + 0.241673902648538 ; i**2*sqrt(Abs(i + r)) + i - 0.136686761877639
1851,0.881424434737258,B0*s + B2*sqrt(Abs(B1 + i*s)) ; B3 - Abs(i)**(1/8),2.75288828385909*s - 0.0226245971331295*sqrt(Abs(i*s + 7.93308987371973)) ; -Abs(i)**(1/8) - 10.899031383719
1852,0.8813924359380617,B0*s + B0*sqrt(Abs(i)) + B1*i ; B2 + i,0.868888543427686*i + 0.00940966105651761*s + 0.00940966105651761*sqrt(Abs(i)) ; i + 0.00137541191558506
1853,0.8813629547515237,B0*Abs(s)**(5/2) ; sqrt(Abs(r)),0.0440064426062517*Abs(s)**(5/2) ; sqrt(Abs(r))
1854,0.8813629516968011,B0*Abs(s)**(5/2) ; i,0.0440038093416903*Abs(s)**(5/2) ; i
1855,0.8813095968772977,B0*s**2 + B0*s ; sqrt(Abs(B1 + r)),0.023647069827307*s**2 + 0.023647069827307*s ; sqrt(Abs(r + 0.000125682230893245))
1856,0.881309596814496,B0*s**2 + B0*s ; sqrt(Abs(B1 + 2*r)),0.0236480395782544*s**2 + 0.0236480395782544*s ; sqrt(Abs(2*r + 0.000530354605055251))
1857,0.8813095961161077,B0*s**2 + B0*s ; B1*i,0.0236507742268928*s**2 + 0.0236507742268928*s ; 0.00589021440787959*i
1858,0.8813094562898816,B0*s**2 + B0*s ; i,0.0235946852264102*s**2 + 0.0235946852264102*s ; i
1859,0.8810789986421818,B0 + B1*i ; -Abs(i)**(3/2),0.0203384410583946 - 9.73913731702933e-5*i ; -Abs(i)**(3/2)
1860,0.8810209263703375,B0*s + B1*i*s ; i**2 - i*r + sqrt(Abs(r)),-0.000549934016692005*i*s + 0.00745990366781863*s ; i**2 - i*r + sqrt(Abs(r))
1861,0.8808655169587523,B0 + B1*i + B2*sqrt(Abs(s)) ; i - r,0.0462474022571074*i + 0.0702807958219528*sqrt(Abs(s)) - 0.0239007056230786 ; i - r
1862,0.8808094893950247,B0*sqrt(Abs(i)) + B1*i + B2*s ; B3*i*r**2,-0.30412831463426*i - 0.0336550809465589*s + 0.312569450705335*sqrt(Abs(i)) ; 0.00157382181113373*i*r**2
1863,0.8807733566677147,B0*i + B1*sqrt(Abs(s)) + B2*s ; B3 - i**2 + i,-0.00593327030893621*i + 2.83707337689467*s + 1.4237333205405*sqrt(Abs(s)) ; -i**2 + i - 56.9919500606642
1864,0.8806733821980512,B0 + B1*s + B2*sqrt(Abs(i + s)) ; i,-0.33302655283305*s + 0.482471959254469*sqrt(Abs(i + s)) - 0.13657733226622 ; i
1865,0.8805981857965899,B0*i + B0*s + B1*i**2 ; B2 + i,8.42836573422343*i**2 + 0.0150166027293183*i + 0.0150166027293183*s ; i - 0.0203121862802665
1866,0.8804067470018141,B0*i ; B1 + i + Abs(i)**(3/2),1.13497154775507*i ; i + Abs(i)**(3/2) + 0.00051247013562018
1867,0.8803798624359747,B0 + B1*sqrt(Abs(i)) ; B2 - i + sqrt(Abs(i))*sqrt(Abs(r)),0.0418664608132746 - 0.00908872286469079*sqrt(Abs(i)) ; -i + sqrt(Abs(i))*sqrt(Abs(r)) + 0.0302364824776361
1868,0.8803625564968273,B0 + B1*i*s ; sqrt(Abs(i)),0.000510985246569955*i*s + 0.0300423755695257 ; sqrt(Abs(i))
1869,0.880336046282057,B0 + B1*i + B2*s ; i*r + i,-0.791934753810994*i + 0.0743999997699916*s + 0.00879618154828775 ; i*r + i
1870,0.8803291857179439,B0 + B1*i*Abs(s)**(1/4) ; Abs(i)**(1/4),0.000971936989239745*i*Abs(s)**(1/4) + 0.0482887412519591 ; Abs(i)**(1/4)
1871,0.8802116607583856,B0 + B1*i ; i + 2*r,0.000112924084442079*i + 0.0222349092916089 ; i + 2*r
1872,0.8801698647603792,B0 + B1*s*Abs(i)**(1/4) ; B2 + B3*i + B4*sqrt(Abs(r)),0.0184533654113155*s*Abs(i)**(1/4) + 0.000791399873301698 ; 7.44043735003111*i + 5.98618830351691*sqrt(Abs(r)) + 0.316871487219108
1873,0.8801561104671508,B0*s + B1*i*sqrt(Abs(s)) ; i,-2.11367708761558*i*sqrt(Abs(s)) + 0.124047300456859*s ; i
1874,0.8801352140181913,B0*Abs(i)**(3/2) + B1*s ; B2 + sqrt(Abs(i**2 - r)),0.0421771113463484*s + 5.65327165947967e-5*Abs(i)**(3/2) ; sqrt(Abs(i**2 - r)) - 33.3495520967895
1875,0.8801208993291715,B0 + B1*i**2 + i*sqrt(Abs(s)) ; B2*i + B3*Abs(i)**(3/2),-1.68752911041073*i**2 + i*sqrt(Abs(s)) + 9.20092314328005e-5 ; 1.08423655929456*i - 1.94357099061083*Abs(i)**(3/2)
1876,0.8800863563169424,B0 + B1*i ; i - r + sqrt(Abs(B2 + i - r)),0.0125572943701277 - 0.125501363117584*i ; i - r + sqrt(Abs(i - r + 0.123838363569335))
1877,0.8799998567532802,B0*i + B1*s ; sqrt(Abs(i + sqrt(Abs(B2 - i + r)))),0.000111842946909801*i + 0.0447002022234382*s ; sqrt(Abs(i + sqrt(Abs(i - r + 0.960821061088759))))
1878,0.8799557914769908,B0 + B1*i + B1*s**2 ; B2 + r + sqrt(Abs(i))*Abs(r)**(3/2),0.000272465677335854*i + 0.000272465677335854*s**2 + 0.0291637701526112 ; r + sqrt(Abs(i))*Abs(r)**(3/2) + 1.26250385126961e-9
1879,0.8799469128259401,B0 + B2*sqrt(Abs(B1 + sqrt(Abs(i)))) ; B3*i*sqrt(Abs(r)),0.0590847613485564*sqrt(Abs(sqrt(Abs(i)) - 1.07817136446791)) - 0.000258269960101619 ; 0.00350664618022023*i*sqrt(Abs(r))
1880,0.8799231878662664,B0*s + B0*sqrt(Abs(i))*sqrt(Abs(s)) ; B1*i + B1*r,0.0362609011094829*s + 0.0362609011094829*sqrt(Abs(i))*sqrt(Abs(s)) ; 0.0163365969451805*i + 0.0163365969451805*r
1881,0.8798313996128879,B0*Abs(s)**(1/4) + B1*s ; B2 - i - r,0.0358745576425713*s + 0.0130672010451731*Abs(s)**(1/4) ; -i - r + 0.0110302369992762
1882,0.879830811488139,B0*Abs(s)**(1/4) + B1*s ; -r + 2*sqrt(Abs(r)),0.0359921329606692*s + 0.012612931603853*Abs(s)**(1/4) ; -r + 2*sqrt(Abs(r))
1883,0.8798190814464715,B0 - i**2 + i*sqrt(Abs(B1 + i)) ; B2*i**2,-i**2 + i*sqrt(Abs(i - 0.11115055682053)) + 0.0194056671115426 ; 0.00226331489138026*i**2
1884,0.879760256914812,B0*i + B1*i*s ; B2 - sqrt(Abs(i)),0.000446645126191364*i*s + 6.42302629251798e-5*i ; -sqrt(Abs(i)) - 282.54437589079
1885,0.8797220432196816,B0*i*s**3 ; i**2*r - i*r**2,0.403657397988683*i*s**3 ; i**2*r - i*r**2
1886,0.8797074125455643,B0 + B1*i**2*s ; B2 + 2*i,0.322245485825031*i**2*s + 0.00499753973046596 ; 2*i - 0.715866073870893
1887,0.8796841978071099,B0*s**2 + B1*i*s ; r + sqrt(Abs(B2 + sqrt(Abs(r)))),-0.000743003740791615*i*s + 0.000864354060134605*s**2 ; r + sqrt(Abs(sqrt(Abs(r)) - 0.558598579723608))
1888,0.8796608851687401,B0*i + B2*i*sqrt(Abs(B1 + i)) ; B3*i + sqrt(Abs(i)),0.000422275645907063*i*sqrt(Abs(i + 5.26248283835681)) - 0.00413138226122869*i ; 0.00101496038809941*i + sqrt(Abs(i))
1889,0.8796432481019258,B0*s + B1*i*sqrt(Abs(s)) ; -i**2 + sqrt(Abs(r)),-0.0245767811365484*i*sqrt(Abs(s)) + 0.0284624959564741*s ; -i**2 + sqrt(Abs(r))
1890,0.8795284193443016,B0*s + B1*i*s ; B2 + sqrt(Abs(i*r + 2*i + r)),-0.000847431521106445*i*s + 0.0274527335534446*s ; sqrt(Abs(i*r + 2*i + r)) - 0.0961523864446246
1891,0.8794866873808367,B0 + B1*i ; i*r + i - r**2 + r,0.00804041929304672 - 0.313198861351247*i ; i*r + i - r**2 + r
1892,0.8794413787517963,B0*s - s**2 + Abs(s)**(3/2) ; B1*i*r,-s**2 - 0.00671686706488074*s + Abs(s)**(3/2) ; 0.192591301853211*i*r
1893,0.87938271181471,B0 - i**2 + i*sqrt(Abs(B1 - i)) ; B2*Abs(r)**(5/2),-i**2 + i*sqrt(Abs(i - 0.113562729506266)) + 0.0193997281787779 ; 12.660520941171*Abs(r)**(5/2)
1894,0.8792651573725089,B0*i + i**2 ; B1 + i,i**2 + 0.958969382165698*i ; i + 3.45837269735156e-5
1895,0.8792578702815184,B0*i*s ; B1*i + i**2*r + r,0.000873997098268439*i*s ; i**2*r - 0.043456129153781*i + r
1896,0.8792203197444867,B0 + B1*i + B2*s ; i*sqrt(Abs(B3 + sqrt(Abs(r)))),-0.0859164931402755*i + 0.0506283761725662*s + 0.00644719821404851 ; i*sqrt(Abs(sqrt(Abs(r)) - 0.0351708641056219))
1897,0.8791475602540966,B0*i ; B1*i**2 + i,0.968499821752761*i ; -0.46010864218212*i**2 + i
1898,0.8791026535853879,B0 + B1*i + B2*sqrt(Abs(s)) ; B3*i**2,0.132603587759897*i + 0.0433640690012746*sqrt(Abs(s)) - 0.00292495507217826 ; 8.16821100662981*i**2
1899,0.8789913832788618,B0*i**2*s ; i + r - sqrt(Abs(r)),0.000141192353966556*i**2*s ; i + r - sqrt(Abs(r))
1900,0.8789726371095434,B0*i ; i**2,0.0886447124902232*i ; i**2
1901,0.8789631921447978,B0*i ; i + sqrt(Abs(r)),-0.00735649532161729*i ; i + sqrt(Abs(r))
1902,0.8789529457712396,B0*i + B1*s ; B2 + i + 2*r + sqrt(Abs(r)),0.000220370803316271*i + 0.0505461951328578*s ; i + 2*r + sqrt(Abs(r)) - 0.756289718675437
1903,0.8788693366175471,i*s*sqrt(Abs(B0 + sqrt(Abs(s)))) ; sqrt(Abs(r)),i*s*sqrt(Abs(sqrt(Abs(s)) - 0.721516486906452)) ; sqrt(Abs(r))
1904,0.878860882955676,B0*s + B2*sqrt(Abs(B1 - i)) ; B3 - i + r + sqrt(Abs(r)),0.0491535148782472*s + 0.00215676727000497*sqrt(Abs(i - 0.0976537846207216)) ; -i + r + sqrt(Abs(r)) - 0.0601098001400279
1905,0.8788461635872852,B0*s + B1*sqrt(Abs(i))*sqrt(Abs(s)) ; B2 + r,0.0331259417423908*s + 0.00318512863623795*sqrt(Abs(i))*sqrt(Abs(s)) ; r + 0.0204224764015749
1906,0.8788398146237192,B0*sqrt(Abs(i)) + B1*i + B2*s ; B3 + B4*Abs(i)**(1/4) + r,-0.00403931099794364*i + 0.0999319456064902*s - 0.0395779586958645*sqrt(Abs(i)) ; r - 71.9082314299551*Abs(i)**(1/4) + 145.422386458184
1907,0.8787294874648246,B0 + B1*i + B1*sqrt(Abs(s)) ; i + r**2,0.000229762086350389*i + 0.000229762086350389*sqrt(Abs(s)) + 0.0266397218593729 ; i + r**2
1908,0.8786990569096471,B0*i ; B1 + i + r,0.00763710977042687*i ; i + r - 0.194715100040717
1909,0.8786215839305829,B0 + B1*i ; i + sqrt(Abs(i)),0.0108527753177257*i + 0.0221907337686061 ; i + sqrt(Abs(i))
1910,0.8785977360301324,B1*i*sqrt(Abs(B0 + sqrt(Abs(s)))) ; B2 - i,-0.000398487699317196*i*sqrt(Abs(sqrt(Abs(s)) - 0.294326849240926)) ; 2.02907105840177 - i
1911,0.8784980462827795,B0 + B1*i + B1*s ; -i*r**2 + 2*i,0.0425557985631256*i + 0.0425557985631256*s + 0.00598236682479714 ; -i*r**2 + 2*i
1912,0.8784945438826912,sqrt(Abs(B0*i + B0*s + B1)) ; B2 + 2*i,sqrt(Abs(0.00122670150505644*i + 0.00122670150505644*s - 0.00120763648920389)) ; 2*i - 2.10692694764499
1913,0.8784841601341122,B0 + B1*Abs(i - s)**(1/8) ; B2*sqrt(Abs(r)) - i - r,0.157303081873865 - 0.131363767038781*Abs(i - s)**(1/8) ; -i - r + 0.51091973241126*sqrt(Abs(r))
1914,0.8784523343461901,B0 + B1*i ; i - sqrt(Abs(i)),0.0197160371394189 - 0.00780133619751351*i ; i - sqrt(Abs(i))
1915,0.8784517440051688,B0 + B1*i + B2*s ; i*sqrt(Abs(r)) + Abs(r)**(3/2),-0.00782193653411596*i + 0.0354332553673505*s + 0.0140903979203051 ; i*sqrt(Abs(r)) + Abs(r)**(3/2)
1916,0.8784517439701441,B0 + B1*i ; sqrt(Abs(r))*sqrt(Abs(B2 + 2*i)),0.0495225807241474 - 0.04325546255825*i ; sqrt(Abs(r))*sqrt(Abs(2*i + 10.5585717458931))
1917,0.8784517439605171,B0 + B1*s ; B2 - r**2 + 2*r,0.0432553722283862*s + 0.00626973876847982 ; -r**2 + 2*r + 89.3660963510568
1918,0.8784517439276854,B0 + B1*i ; B2*r + B3*r**2,0.0495260185832347 - 0.0432583042624527*i ; 0.000664031544476678*r**2 + 0.00249758245177628*r
1919,0.8784517439100108,B0 + B1*s ; B2 - 2*r**2,0.0432531617821679*s + 0.00626953917094053 ; 1.44206716426748 - 2*r**2
1920,0.8784517436310675,B0 + B1*s ; B2*r + i + r**2,0.0432536730754984*s + 0.00627257533972872 ; i + r**2 + 0.00448825258096507*r
1921,0.8784517435137191,B0 + B1*i ; B2*sqrt(Abs(r))*sqrt(Abs(i - r)),0.0495296072752182 - 0.043258821888884*i ; 0.372043491125411*sqrt(Abs(r))*sqrt(Abs(i - r))
1922,0.8784517434860245,B0 + B1*s ; B2 + i*r - i + r,0.0432602108574553*s + 0.00626963195678954 ; i*r - i + r + 0.107532969291485
1923,0.8784517433810097,B0 + B1*i - s ; B2*r + B3*i*r,-3.721837623634*i - s + 4.11664517530757 ; 32.4841248198325*i*r + 0.00302536755219719*r
1924,0.878451743115817,B0 + B1*s ; B2 + B3*r + r**2,0.0432641099096854*s + 0.00626446030066078 ; r**2 + 0.00153852085281972*r + 7.98014676313698
1925,0.8784517431045401,B0 + B1*s ; B2*sqrt(Abs(r)) + i*sqrt(Abs(r)),0.0432476684536554*s + 0.00627193081790569 ; i*sqrt(Abs(r)) + 0.000733013415060916*sqrt(Abs(r))
1926,0.8784517429985209,B0 + B1*s ; B2 - i*r - i - r,0.0432472258068338*s + 0.00627123221531757 ; -i*r - i - r + 22.1532891413566
1927,0.8784517429485333,B0 + B1*i ; B2*sqrt(Abs(r)) + i*sqrt(Abs(r)),0.0495320116386067 - 0.0432631621259174*i ; i*sqrt(Abs(r)) + 0.000178310168907487*sqrt(Abs(r))
1928,0.8784517429324618,B0 + B1*s ; B2 + Abs(B3 + r)**(1/8),0.0432500502982878*s + 0.00627551272435049 ; Abs(r + 0.284485066696388)**(1/8) + 0.00221168934737086
1929,0.8784517428195341,B0 + B1*s ; B2 + B3*i + B4*r,0.0432586594099014*s + 0.00627348328690852 ; 0.00218828369484532*i + 9.51565252343691*r + 1.50125189946438
1930,0.878451742629518,B0 + B1*s ; B2*i + i*r + r,0.0432478839994107*s + 0.00627602234555045 ; i*r + 0.000261547225136895*i + r
1931,0.8784517426150916,B0 + B1*i - 2*s ; B2*i*Abs(r)**(1/4),-2.04325779776385*i - 2*s + 2.04953236721015 ; 72.8477784400315*i*Abs(r)**(1/4)
1932,0.8784517425908582,B0 + B1*i ; r*sqrt(Abs(B2*sqrt(Abs(i)) - r)),0.0495226124198772 - 0.0432469833583211*i ; r*sqrt(Abs(r - 0.0580477335090248*sqrt(Abs(i))))
1933,0.8784517424388928,B0 + B1*s ; -r + sqrt(Abs(B2*sqrt(Abs(i)) - i)),0.0432510661646824*s + 0.00627715703810105 ; -r + sqrt(Abs(i - 0.000337170309080075*sqrt(Abs(i))))
1934,0.8784517423929008,B0 + B1*s + i ; B2*sqrt(Abs(r)) + i*sqrt(Abs(r)),i + 1.04325152995574*s - 0.993722759055622 ; i*sqrt(Abs(r)) + 10.5145387300301*sqrt(Abs(r))
1935,0.8784517423227627,B0 + B1*s ; B2 + B3*i**2 + r,0.0432670434926805*s + 0.00626471407687134 ; 1.5669356973684*i**2 + r + 19.999806630652
1936,0.8784517421733455,B0*i + B1*s ; sqrt(Abs(r*sqrt(Abs(B2 + i)) + r)),0.00627139708889014*i + 0.0495348889448863*s ; sqrt(Abs(r*sqrt(Abs(i + 0.00394293416212154)) + r))
1937,0.8784517418313833,B0 + B1*i - s ; B2*Abs(i)**(1/4)*Abs(r)**(3/2),-3.72182589424738*i - s + 4.11588356036301 ; 0.00180431871250932*Abs(i)**(1/4)*Abs(r)**(3/2)
1938,0.8784517411189136,B0 + B1*s ; B2 - i**2 + i*r,0.0432418523573513*s + 0.00627723148538087 ; -i**2 + i*r + 0.00685403329416587
1939,0.8784517409966791,B0 + B1*s ; B2 + B3*r - i*r,0.0432638573679579*s + 0.00625566947843384 ; -i*r + 0.0882638623336819*r + 0.00599564199998803
1940,0.8784517407667634,B0 + B1*i - s ; B2*sqrt(Abs(r)) + i*sqrt(Abs(r)),-1.04327068490022*i - s + 1.04953624700322 ; i*sqrt(Abs(r)) + 1.31384791551097*sqrt(Abs(r))
1941,0.8784517406305544,B0 + B1*s ; B2*r + B3*r**2,0.0432610203416813*s + 0.00625520659538826 ; 1.4778462484015*r**2 + 0.000739839017382764*r
1942,0.8784517398716521,B0 + B1*s ; B2 + B3*i - i*r,0.0432735487128956*s + 0.00626075662236896 ; -i*r + 0.000175013749362433*i + 0.00047211793282427
1943,0.8784517398385394,B0 + B1*s ; B2 + i - r**2 + r,0.0432626275667284*s + 0.00625361002402257 ; i - r**2 + r + 10.5857072430952
1944,0.8784517375437042,B0 + B1*i - 2*s ; r*Abs(B2 - i)**(1/4),-4.72182680699751*i - 2*s + 5.11498954549065 ; r*Abs(i - 0.10178558912011)**(1/4)
1945,0.878451736536784,B0 + B1*i ; B2*sqrt(Abs(r)) - i*sqrt(Abs(r)),0.0495105510918701 - 0.0432322247598487*i ; -i*sqrt(Abs(r)) + 82.8821371375506*sqrt(Abs(r))
1946,0.8784517337585329,B0 + B1*i + B2*s ; B3*i*r**2,37.9701406860849*i + 40.6919840804332*s - 37.5763131907162 ; 12.7589257618704*i*r**2
1947,0.8784517300632725,B0 + B1*s ; B2 + B3*sqrt(Abs(i))*sqrt(Abs(r)),0.043288266848523*s + 0.00625372983594688 ; 0.595304843852714*sqrt(Abs(i))*sqrt(Abs(r)) + 0.000716605560816415
1948,0.8784517278454685,B0 + B1*i + B2*s ; i**2*r,0.0483936161071139*i + 0.091614693720739*s - 0.0421107605472498 ; i**2*r
1949,0.8784517181896084,B0 + B1*i + B2*s ; B3*r + B4*r**2,-32.1795032495369*i - 29.4576926857736*s + 32.573796341088 ; 0.0132726526469568*r**2 + 56.5786542632312*r
1950,0.878451702236992,B0 + B1*i + B2*s ; 2*r,-1.6141327745405*i - 1.57093284973993*s + 1.62042453391292 ; 2*r
1951,0.8784516493574569,B0 + B1*i + B2*s ; B3*r + r*sqrt(Abs(i)),-3039.034303115*i - 3038.99096292932*s + 3039.04053864247 ; r*sqrt(Abs(i)) + 0.00368776230219142*r
1952,0.8784516328673333,B0 + B1*i + B2*s ; sqrt(Abs(r)),38.6170068941801*i + 41.3389004047486*s - 38.2201725790578 ; sqrt(Abs(r))
1953,0.8784516217453804,B0 + B1*i + B2*s ; i*r**2,-0.443081999339177*i - 0.399921840033599*s + 0.449390544036052 ; i*r**2
1954,0.8784515818248405,B0 + B1*s ; sqrt(Abs(i + 2*r - sqrt(Abs(r)))),2.72190715217074*s + 0.398310477710672 ; sqrt(Abs(i + 2*r - sqrt(Abs(r))))
1955,0.8784515759624378,B0 + B1*i + B2*s ; B3*sqrt(Abs(r)) + r,0.00614385851718001*i + 0.0492875272239827*s + 0.000171633661078696 ; r + 0.000380509056984462*sqrt(Abs(r))
1956,0.8784515689712258,B0 + B1*i + B2*s ; r + sqrt(Abs(r)),-0.020105557919881*i + 0.023035801835577*s + 0.0264220202894202 ; r + sqrt(Abs(r))
1957,0.8784515587901963,B0 + B1*s ; -i*r**2 + i + r,0.0433739628322689*s + 0.00621848255732207 ; -i*r**2 + i + r
1958,0.8784515531981918,B0 + B1*i - 2*s ; i*sqrt(Abs(r)),-2.04337573324352*i - 2*s + 2.04959347162179 ; i*sqrt(Abs(r))
1959,0.8784515531892567,B0 + B1*i - 2*s ; i*Abs(r)**(5/2),-2.04337573605142*i - 2*s + 2.04959347323451 ; i*Abs(r)**(5/2)
1960,0.8784515530901813,B0 + B1*s ; -2*r + sqrt(Abs(i))*sqrt(Abs(r)),2.72175501454412*s + 0.39008117590754 ; -2*r + sqrt(Abs(i))*sqrt(Abs(r))
1961,0.8784515419534566,B0 + B1*i + B2*s ; sqrt(3)*sqrt(Abs(r)),-0.0992339140443498*i - 0.0558546974713977*s + 0.105450189456867 ; sqrt(3)*sqrt(Abs(r))
1962,0.8784515317138278,B0 + B1*i + B2*s ; r**2,0.00713122306274027*i + 0.0502609906868179*s - 0.00080986086811587 ; r**2
1963,0.8784515309758646,B0 + B1*i + B2*s ; B3*r,-0.728335440463964*i + 1.99341510783169*s + 1.11816559759023 ; 0.0736359593915596*r
1964,0.8784515302874927,B0 + B1*i + B2*s ; B3*r**2 - 2*r,5.4099782357685*i + 5.45310758076684*s - 5.40365669462738 ; 11.6720126095425*r**2 - 2*r
1965,0.8784515267681655,B0 + B1*i + B2*s ; r,-0.00540830473298023*i + 0.0377200034545324*s + 0.0117302776508943 ; r
1966,0.8784515242088243,B0 + B1*i ; i**2*Abs(r)**(5/2),0.0495985668180157 - 0.0433845221722962*i ; i**2*Abs(r)**(5/2)
1967,0.8784515216469836,B0 + B1*s ; -sqrt(Abs(i))*sqrt(Abs(r)) + Abs(r)**(3/2),0.0433852702328944*s + 0.00621373031303643 ; -sqrt(Abs(i))*sqrt(Abs(r)) + Abs(r)**(3/2)
1968,0.8784515119310865,B0 + B1*s ; Abs(i*r + r**2)**(1/4),0.0433880689249459*s + 0.00621255424598527 ; Abs(i*r + r**2)**(1/4)
1969,0.8784515112444259,B0 + B1*i + B2*s ; B3*Abs(r)**(3/2),-1.5665929803437*i + 1.15532858807434*s + 1.96565492920903 ; 4.07553494303068*Abs(r)**(3/2)
1970,0.8784215190132759,B0*Abs(i)**(3/2) ; B1*i,4.22906067404889*Abs(i)**(3/2) ; 2.88878677010416*i
1971,0.8784202838883586,B0*sqrt(Abs(i)) + B1*i ; B2 + r,0.00336173129305363*i + 0.0343328776455927*sqrt(Abs(i)) ; r + 0.000427031917030883
1972,0.8783898599898331,B0*s + B1*i**2*s ; i,-25.0678330452351*i**2*s + 0.115324716660106*s ; i
1973,0.8783616686619099,B0 + B1*i ; Abs(i)**(3/2),0.0166582361554851 - 0.0909604094752354*i ; Abs(i)**(3/2)
1974,0.8783010487776319,B0 + B1*i ; B2 - i + r,0.0119676249502848 - 4.3498177882246e-6*i ; -i + r + 0.0216360630658533
1975,0.8782868473724568,B0*sqrt(Abs(i)) + B1*s ; -i + sqrt(Abs(B2*i**2 + B3)),0.0489825242193157*s + 0.00210853830754214*sqrt(Abs(i)) ; -i + sqrt(Abs(0.00545805536180279*i**2 - 0.00819340738866236))
1976,0.8782642824586574,B0*i**2 ; B1*i,23.9982875769624*i**2 ; 2.8178345618718*i
1977,0.8782622113364986,B0*Abs(i)**(1/4) ; i,0.036179100422416*Abs(i)**(1/4) ; i
1978,0.8782613771191556,B0*i ; B1 + 2*i,0.495252565304708*i ; 2*i - 0.0365074355625139
1979,0.878255570589703,B0*sqrt(Abs(i)) ; B1*i - r,0.00120309876357731*sqrt(Abs(i)) ; 6263.30339086372*i - r
1980,0.8782508012993278,B0*Abs(i)**(1/4) ; B1 - i + r,0.00380378404078096*Abs(i)**(1/4) ; -i + r - 87.0020867807752
1981,0.8782507956563212,B0*Abs(i)**(1/4) ; B1 + r,0.00380378189302782*Abs(i)**(1/4) ; r + 101.680932644793
1982,0.8782506477316663,B0*sqrt(Abs(i)) ; B1 + Abs(i)**(1/4),0.00120285821711712*sqrt(Abs(i)) ; Abs(i)**(1/4) + 165.209021593508
1983,0.8782506448755864,B0*sqrt(Abs(i)) ; B1 + 2*r,0.00120285801748771*sqrt(Abs(i)) ; 2*r + 137.335514713151
1984,0.8782506090769153,B0*i ; B1 - i - r,0.000120285730349625*i ; -i - r - 182.164297341554
1985,0.8782506047371134,B0*i ; B1 - i + r,0.000120285720250981*i ; -i + r - 166.901611965923
1986,0.8782506042528357,B0*i**2 ; B1 + r,1.20285702195314e-6*i**2 ; r - 181.595843549933
1987,0.878250603278165,B0*i ; B1 + i - r,0.000120285716759037*i ; i - r - 366.910446641096
1988,0.8782506030754966,B0*Abs(i)**(3/2) ; B1 + r,1.20285707498131e-5*Abs(i)**(3/2) ; r - 176.556665423545
1989,0.8782505981526769,B0*i ; B1 + Abs(i)**(1/4),-0.000120285704744017*i ; Abs(i)**(1/4) + 180.563653033025
1990,0.8782505949949566,B0*Abs(i)**(3/2) ; B1 + i**2,1.20285705948765e-5*Abs(i)**(3/2) ; i**2 + 176.643413175742
1991,0.8782505947000298,B0*i ; B1 + i**2,-0.000120285696714154*i ; i**2 + 167.045360869277
1992,0.8782505946337186,B0*i ; B1 + 2*r,-0.000120285696507422*i ; 2*r + 167.045854089468
1993,0.8782505917650697,B0*i ; sqrt(Abs(B1 + sqrt(Abs(i)))),-0.000120285689229114*i ; sqrt(sqrt(Abs(i)) + 33227.4946393842)
1994,0.8782431964472273,B0 + B1*i ; B2 + i,0.0878122498089451*i + 0.00970350027616769 ; i - 0.0141896276757182
1995,0.8782399572223347,B0 + B1*i ; -i + 2*r,0.0128461693902526 - 8.84770573793218e-6*i ; -i + 2*r
1996,0.8782350954562063,B0 - i - s ; r,-i - s + 1.01199535192644 ; r
1997,0.8782350954562061,B0 - i - s ; Abs(r)**(1/4),-i - s + 1.01199535197818 ; Abs(r)**(1/4)
1998,0.8782337478092094,B0*i**2 ; B1 + sqrt(Abs(r)),1.1723543266642e-6*i**2 ; sqrt(Abs(r)) + 218.398140314179
1999,0.8782320753769766,B0*Abs(i)**(1/4) ; B1 + i,0.00591172530240806*Abs(i)**(1/4) ; i + 17.2275544797582
2000,0.8782222894004891,B0 + B1*i*s + B1*s ; r,0.0382173634456038*i*s + 0.0382173634456038*s + 0.00641642688914406 ; r
2001,0.8782170941650964,B0 + B1*i + B2*sqrt(Abs(s)) ; B3 + B4*sqrt(Abs(i)),-0.00174564880233169*i + 0.0578256482386991*sqrt(Abs(s)) - 0.175194328914869 ; 63.2180913264064*sqrt(Abs(i)) + 23.2950201670961
2002,0.878192411823178,i**2 ; B0 + B1*i,i**2 ; 1.67793267171542*i + 0.196330167446178
2003,0.878168565857759,B0*s**3 ; sqrt(Abs(B1*sqrt(Abs(i)) + r)),0.043564927688567*s**3 ; sqrt(Abs(r + 19.8804090874089*sqrt(Abs(i))))
2004,0.8781685657129075,B0*s**3 ; B1 + B2*r,0.0435789090337339*s**3 ; 1.96189196758023*r + 24.8978521736726
2005,0.8781685655389344,B0*s**3 ; B1 + i,0.0435625133356992*s**3 ; i + 0.013875953773808
2006,0.8781685240086177,B0*s**3 ; sqrt(Abs(r - sqrt(Abs(r)))),0.0436410652401741*s**3 ; sqrt(Abs(r - sqrt(Abs(r))))
2007,0.8781685141337336,B0*s**3 ; i,0.0436488002893034*s**3 ; i
2008,0.8781349517027754,B0*Abs(i)**(3/2) ; B1 + i,5.44469725202078*Abs(i)**(3/2) ; i + 0.029093755405526
2009,0.878016964050695,B1*s*sqrt(Abs(B0*s + i*s)) ; r,0.180685557350764*s*sqrt(Abs(i*s - 0.0645821488747066*s)) ; r
2010,0.8780165218593527,B1*s*sqrt(Abs(B0*s + i*s)) ; B2*r*sqrt(Abs(i)) + i*r,0.181552730104696*s*sqrt(Abs(i*s - 0.0649996863427178*s)) ; i*r + 0.0450757704627804*r*sqrt(Abs(i))
2011,0.8780157858386634,B1*s*sqrt(Abs(B0*s + s**2)) ; B2 + r,0.181987499344509*s*sqrt(Abs(s**2 - 0.935220566081549*s)) ; r + 3.66484423726138
2012,0.877916472241899,B0 + B1*i ; B2*r - i + r**2,0.04924793675751 - 0.0307138429853017*i ; -i + r**2 - 3.03512886657952*r
2013,0.8778880105809017,B0*Abs(i)**(3/2) + B1*s ; B2*i*Abs(r)**(3/2),0.0486773991542121*s + 0.00257003889289929*Abs(i)**(3/2) ; 3.01930810325306*i*Abs(r)**(3/2)
2014,0.8778679528410113,B0*i + B1*s ; -i + sqrt(Abs(B2*i + i**2)),-0.000197799501070816*i + 0.0479649546399305*s ; -i + sqrt(Abs(i**2 + 0.422177464192548*i))
2015,0.8778073127099901,s*Abs(B0 + i)**(1/8) ; r,s*Abs(i + 2985.09234202058)**(1/8) ; r
2016,0.8777886662920511,B0*i**2 + B1*s ; sqrt(Abs(r)),-0.000654967429518604*i**2 + 0.0474543342937109*s ; sqrt(Abs(r))
2017,0.8777886655374773,B0*i**2 + B1*s ; -r + 2*sqrt(Abs(r)),-0.000705177979247031*i**2 + 0.0474747350406739*s ; -r + 2*sqrt(Abs(r))
2018,0.8777823635340637,B0*s ; B1*i*r + i + r,0.0477149597934616*s ; 1.0679997320839*i*r + i + r
2019,0.8777823635339714,B0*s ; Abs(B1 - 2*i)**(1/8),0.0477150297970981*s ; Abs(2*i - 12.5796275747715)**(1/8)
2020,0.8777823635338962,B0*s ; i + Abs(B1 + i - r)**(1/4),0.0477148572307905*s ; i + Abs(i - r + 0.128909151862501)**(1/4)
2021,0.8777823635332862,B0*s ; B1 + B2*i**2*r,0.047715169485763*s ; 0.0105071688282028*i**2*r + 2.42120878009635
2022,0.8777823635329942,B0*s ; B1 + i**2 + i + r,0.0477147061863494*s ; i**2 + i + r + 27.5612785332926
2023,0.8777823635326092,B0*s ; B1 + i + sqrt(Abs(i + sqrt(Abs(i)))),0.0477146646194575*s ; i + sqrt(Abs(i + sqrt(Abs(i)))) + 0.0111534799114975
2024,0.877782363532129,B0*s ; B1 + B2*i**2 + r,0.0477152926030777*s ; 0.0244260800006778*i**2 + r + 0.000474239262766836
2025,0.8777823635311285,B0*s ; B1 + B2*i*r - i,0.0477145419906914*s ; 0.0100092099312546*i*r - i + 0.0208673592273057
2026,0.8777823635289271,B0*s ; sqrt(Abs(-i + r + sqrt(Abs(B1 - i)))),0.0477155042855247*s ; sqrt(Abs(-i + r + sqrt(Abs(i - 0.00604924174916519))))
2027,0.8777823635287202,B0*s ; r + Abs(B1 + B2*r)**(1/4),0.0477143973118591*s ; r + Abs(0.00014352482095679*r + 2.83136436662829)**(1/4)
2028,0.8777823635238748,B0*s ; B1 + B2*i**2 + i,0.047714184439253*s ; 0.762744981082169*i**2 + i + 32.0687534293633
2029,0.8777823635167805,B0*s ; sqrt(Abs(i - r*sqrt(Abs(B1 + r)))),0.047715961500586*s ; sqrt(Abs(i - r*sqrt(Abs(r + 0.00936839774589644))))
2030,0.8777823635148685,B0*s ; sqrt(Abs(B1 + i + r - sqrt(Abs(i)))),0.0477160156452349*s ; sqrt(Abs(i + r - sqrt(Abs(i)) + 0.676842431936455))
2031,0.8777823635146682,B0*s ; B1*r + i**2*r,0.0477160211572458*s ; i**2*r + 0.00529055685773475*r
2032,0.8777823635101939,B0*s ; B1 - i*Abs(r)**(1/4) + i,0.047713774916968*s ; -i*Abs(r)**(1/4) + i + 0.0730976486301512
2033,0.8777823634932996,B0*s ; B1 - i*r**2 - r,0.0477134124671851*s ; -i*r**2 - r + 5.92296998470641
2034,0.8777823634801435,B0*s ; B1*r + i*r**2,0.047713180738904*s ; i*r**2 + 0.00252483970445082*r
2035,0.8777823634538093,B0*s ; B1 + r + Abs(B2 - r)**(1/4),0.0477127901354223*s ; r + Abs(r - 0.0004120043678332)**(1/4) + 0.840668622540836
2036,0.8777823634500943,B0*s ; B1*i**2*r**2,0.0477171719951344*s ; 0.37086471835335*i**2*r**2
2037,0.8777823634446392,B0*s ; B1*i + B2*i**2,0.0477172428351775*s ; 92.1252780020958*i**2 + 0.170665537495586*i
2038,0.8777823633742112,B0*s ; B1 + i*r + i + r,2.71888459839633*s ; i*r + i + r + 0.00711156792037556
2039,0.8777823633094538,B0*s ; -r + Abs(B1 - 2*r)**(1/4),0.0477185801370602*s ; -r + Abs(2*r - 0.0412452173500623)**(1/4)
2040,0.8777823632503963,B0*s ; B1*i + B1*sqrt(Abs(i)) + r,2.71888392728858*s ; 0.37350847151814*i + r + 0.37350847151814*sqrt(Abs(i))
2041,0.8777823632378293,B0*s ; B1 + Abs(r)**(7/2),0.0477191180252124*s ; Abs(r)**(7/2) + 0.22598158356697
2042,0.8777823630211042,B0*s ; Abs(B1*r + i)**(1/8),0.0477094799869854*s ; Abs(i + 0.000732173581621695*r)**(1/8)
2043,0.87778236289225,B0*s ; B1 + B2*i + B3*r,0.0477210821249733*s ; 0.0017820091823633*i + 0.0382190651854715*r + 0.0490420747042125
2044,0.8777823627989894,B0*s ; B1 + i**2 + i*r,2.71889095186344*s ; i**2 + i*r + 0.00309592673424772
2045,0.8777823623257579,B0*s ; B1 + B2*r - r**2,0.0477233615944323*s ; -r**2 + 0.000643425723886111*r + 0.00373805523592291
2046,0.8777823623054394,B0*s ; -r + Abs(B1 + B2*r)**(1/4),0.047723431972793*s ; -r + Abs(2.12887432689083*r + 30.4443951429324)**(1/4)
2047,0.8777823615475794,B0*s ; r*Abs(B1 + B2*i)**(1/4),0.0477041797656828*s ; r*Abs(0.711522444150962*i + 31.251712464532)**(1/4)
2048,0.8777823612711418,B0*s ; B1 - i*r + r**2,0.0477034543882359*s ; -i*r + r**2 + 0.939554890602845
2049,0.8777823587677387,B0*s ; B1*r + B2*i*r,0.0477316507013125*s ; 0.0775956885066784*i*r + 0.0164839970896974*r
2050,0.8777823297502579,B0*s ; B1 + r + sqrt(Abs(r - sqrt(Abs(r)))),2.71885723945602*s ; r + sqrt(Abs(r - sqrt(Abs(r)))) + 42.1831297433765
2051,0.8777823238253734,B0*s ; i*r + r + Abs(r)**(3/2),0.0476667818369179*s ; i*r + r + Abs(r)**(3/2)
2052,0.8777823230014112,B0*s ; sqrt(Abs(r + sqrt(Abs(i))*Abs(r)**(1/4))),0.0477636457164614*s ; sqrt(Abs(r + sqrt(Abs(i))*Abs(r)**(1/4)))
2053,0.877782322372783,B0*s ; i**2*r - i**2,2.71891903681757*s ; i**2*r - i**2
2054,0.8777823187785679,B0*s ; 2*i + 2*sqrt(Abs(r)),0.0476638125691665*s ; 2*i + 2*sqrt(Abs(r))
2055,0.8777823183379269,B0*s ; -i + Abs(i + Abs(r)**(1/4))**(1/4),0.0476635614664164*s ; -i + Abs(i + Abs(r)**(1/4))**(1/4)
2056,0.8777823183379269,B0*s ; r*sqrt(Abs(i - r + sqrt(Abs(i)))),0.0476635614664164*s ; r*sqrt(Abs(i - r + sqrt(Abs(i))))
2057,0.8777503365142386,i**3 ; B0 + i,i**3 ; i - 0.217256992800189
2058,0.8777383778696001,B0*i + B1*s ; r + sqrt(Abs(i**2 - Abs(i)**(3/2))),-0.000193789858424241*i + 0.0465393131253793*s ; r + sqrt(Abs(i**2 - Abs(i)**(3/2)))
2059,0.8777332753872329,B0 + B1*i ; -i**2*r + i,0.974963009693504*i - 9.62016282566369e-5 ; -i**2*r + i
2060,0.8776896629896643,B0*sqrt(Abs(i - 2*s)) ; B1*sqrt(Abs(r)),0.0174820324862373*sqrt(Abs(i - 2*s)) ; 0.00691014430364125*sqrt(Abs(r))
2061,0.8776398938898972,B0*s + B2*sqrt(Abs(B1 + i)) ; i,2.71751784558125*s - 0.0757241560813988*sqrt(Abs(i + 0.0200655927959114)) ; i
2062,0.8775439697303854,B0 + B1*sqrt(Abs(i)) ; B2 + B3*sqrt(Abs(i))*sqrt(Abs(r)),0.0523008051016074 - 0.00795515379069818*sqrt(Abs(i)) ; 0.00121637094106614*sqrt(Abs(i))*sqrt(Abs(r)) - 0.718221315599144
2063,0.8775210229953118,B0*i*s + B1*i**2*s ; B2 + B3*i,-1.15696380052441e-5*i**2*s + 0.400007108835307*i*s ; 0.100003735256576*i - 2.23456660231673e-7
2064,0.8774571965366752,B0 + B1*Abs(s)**(3/2) + B2*s**2 ; 2*i*r + i + r**2,-0.653194156800934*s**2 + 0.656003817950849*Abs(s)**(3/2) - 0.00234862793478088 ; 2*i*r + i + r**2
2065,0.8773973521718563,B0*i*s ; B1 + B2*i + B3*i*r - r,0.43706869153425*i*s ; 1.52317440156232*i*r + 0.457128865482805*i - r - 0.000932040334754784
2066,0.8773953513124669,B0 + B1*s - i*s ; B2 - i*r + i,-i*s + 0.0822583376763127*s + 0.000222877900334071 ; -i*r + i + 0.00630420478947117
2067,0.8773668858117364,B0*i + B0*s + B1*i**2 ; B2*i**2 + Abs(i)**(5/2),5.84401536258243*i**2 + 0.0134495885432534*i + 0.0134495885432534*s ; 6.80905657477319*i**2 + Abs(i)**(5/2)
2068,0.8773600316322999,B0*i*s + B1*i**2*s ; sqrt(Abs(r)),-0.151774228060299*i**2*s + 0.342847918103327*i*s ; sqrt(Abs(r))
2069,0.8773600316321476,B0*i*s + B1*i*s**2 ; r,0.151774615077392*i*s**2 + 0.191073355357467*i*s ; r
2070,0.8773600316320032,B0*i*s + B1*i*s**2 ; sqrt(Abs(r)),0.151774922156945*i*s**2 + 0.19107308971919*i*s ; sqrt(Abs(r))
2071,0.8773600316305822,B0*i*s + B1*i**2*s ; B2*r,-0.151768483378592*i**2*s + 0.342846560183527*i*s ; 80.2641327372055*r
2072,0.8773123229120555,B0*i*s + B1*s*Abs(i)**(3/2) ; sqrt(Abs(r)),0.381378821294363*i*s - 0.163360001187901*s*Abs(i)**(3/2) ; sqrt(Abs(r))
2073,0.8773095816808558,B0*i ; -2*i + r,0.000120141804033594*i ; -2*i + r
2074,0.8772863720417725,B0 + B1*i + B1*s**2 ; B2 + sqrt(Abs(i)),0.000432492651011475*i + 0.000432492651011475*s**2 + 0.0468654305652962 ; sqrt(Abs(i)) - 0.064942470427985
2075,0.8772456359018963,B1*i*sqrt(Abs(B0*s + i*s)) ; sqrt(Abs(r - sqrt(Abs(B2 - i)))),-0.000294780075359988*i*sqrt(Abs(i*s + 99.9824074473059*s)) ; sqrt(Abs(r - sqrt(Abs(i + 836.873446714398))))
2076,0.8772235587074982,B0 + B1*i + B2*sqrt(Abs(s)) ; i,0.0284832263439837*i + 0.0497994306506728*sqrt(Abs(s)) - 0.000422134278417001 ; i
2077,0.877205364860377,B0*i + B1*s ; B2 - sqrt(Abs(B3*r + i*r)),-0.157629747474512*i - 0.0870530291729724*s ; 2.78698703125543 - sqrt(Abs(i*r - 7.41823282932526*r))
2078,0.8771647698798236,B0*i - i**2 ; i,-i**2 + 0.99064458654856*i ; i
2079,0.8771637624689017,B0 + B1*sqrt(Abs(i)) ; B2 - i,0.021148565443875 - 0.00118076237050137*sqrt(Abs(i)) ; 0.0366531334478259 - i
2080,0.8771561492801899,B0 + B1*s**2 + B2*i*s ; r,0.316010642824244*i*s + 0.0211920280934048*s**2 - 0.0179340214228657 ; r
2081,0.8771561492799829,B0*i + B1*s + B2*s**2 ; B3*r,-0.0179319957889356*i - 0.294814682886866*s**2 + 0.298072928978062*s ; 2.0637017094545*r
2082,0.8771561492776467,B0*i + B1*s + B2*s**2 ; r,-0.0179315875296491*i - 0.294811347604062*s**2 + 0.29806980062326*s ; r
2083,0.8771561492755697,B0 + B1*i**2 + B2*i*s ; r,-0.0211896521183524*i**2 + 0.273620413832102*i*s + 0.00325852975577771 ; r
2084,0.8771561492754218,B0*i + B1*s + B2*i*s ; -r + sqrt(Abs(r)),0.294809991165848*i*s - 0.0179310990501173*i + 0.00325853423026397*s ; -r + sqrt(Abs(r))
2085,0.877156149272841,B0*i + B1*i**2 + B2*s ; r,-0.294808785473773*i**2 + 0.276878080881065*i + 0.00325860626209888*s ; r
2086,0.8771561491048226,B0 + B1*i**2 + B2*i*s ; B3*sqrt(Abs(r)),-0.0211818244699007*i**2 + 0.273600253133245*i*s + 0.00326028400357 ; 0.102063326449726*sqrt(Abs(r))
2087,0.877156148960502,B0 + B1*s**2 + B2*i*s ; B3*r,0.315943695049265*i*s + 0.0211736506006695*s**2 - 0.0179128809509152 ; 0.666636521662359*r
2088,0.877155557392613,B0*i ; -i + 2*r,0.000119970634235631*i ; -i + 2*r
2089,0.8771403594602394,B0*i + B1*sqrt(Abs(i - sqrt(Abs(i)))) ; i*sqrt(Abs(r)),-0.000760191218835899*i + 0.0904426111060688*sqrt(Abs(i - sqrt(Abs(i)))) ; i*sqrt(Abs(r))
2090,0.8771118672873238,B0 + B1*sqrt(Abs(s)) ; B2 + B3*r**2 + B3*r,0.0499325339773578*sqrt(Abs(s)) - 0.000397611273991872 ; 0.00242866885960255*r**2 + 0.00242866885960255*r + 0.00170185277618931
2091,0.8771114630016197,B0*i**2 + B1*sqrt(Abs(s)) ; 2*sqrt(Abs(r)),-0.000398579678763993*i**2 + 0.0498697481881143*sqrt(Abs(s)) ; 2*sqrt(Abs(r))
2092,0.8771010530915269,B0 + B1*sqrt(Abs(s)) ; B2 + 2*r - sqrt(Abs(i + r)),0.0505557934680423*sqrt(Abs(s)) - 0.00040994428361757 ; 2*r - sqrt(Abs(i + r)) + 2.51510928494109
2093,0.8771004758564133,B0 + B1*sqrt(Abs(s)) ; B2 + sqrt(Abs(i*r**2 + r)),0.0505429639403888*sqrt(Abs(s)) - 0.000416565977813827 ; sqrt(Abs(i*r**2 + r)) + 0.000664347282172944
2094,0.8771000677861254,B0 + B1*sqrt(Abs(s)) ; B2 - r + sqrt(Abs(i*r + r)),0.0505298905164372*sqrt(Abs(s)) - 0.000421790252393695 ; -r + sqrt(Abs(i*r + r)) + 0.00011831775423621
2095,0.8770933686002284,B0 + B2*sqrt(Abs(B1 + 2*s)) ; sqrt(Abs(B3 - r)),0.0348798126819493*sqrt(Abs(2*s + 0.00537543599556668)) - 0.000397727873293724 ; sqrt(Abs(r - 0.126681697881171))
2096,0.8770608709138228,B0*i*s ; B1 + B2*i - i*r**2 - r,0.76204987460911*i*s ; -i*r**2 + 2.20833669923159*i - r - 0.0125901201998651
2097,0.8770231657066269,B0 + B3*sqrt(Abs(B1 + B2*s)) ; r,0.155731552935363*sqrt(Abs(0.109727840688274*s - 0.00654670049028515)) - 0.000428108312673392 ; r
2098,0.8770186658542559,B0 + B1*sqrt(Abs(i)) ; B2 + i,0.111066149659557*sqrt(Abs(i)) + 0.00355930869605929 ; i + 0.00675302680516781
2099,0.8769752029332442,B1*sqrt(Abs(B0 + i)) ; i,0.134609418277416*sqrt(Abs(i - 0.00469839669175518)) ; i
2100,0.8769545752560718,B0 + B1*s + B3*sqrt(Abs(B2 + i)) ; B4*r - i*r + i - r**2,-0.194617745179663*s - 1.76653159434607*sqrt(Abs(i + 2.03206209071669)) + 2.72060073906372 ; -i*r + i - r**2 + 0.444323302607869*r
2101,0.8768827458853513,B0*s + B1*s**2 + i*s ; i*sqrt(Abs(r)),i*s + 0.738630171596859*s**2 - 0.733500399465008*s ; i*sqrt(Abs(r))
2102,0.8768827458851763,B0*s + B1*s**2 + i*s ; r,i*s + 0.73863022882098*s**2 - 0.733500451989182*s ; r
2103,0.8768827458424818,B0*s + B1*i*s ; B2*i*r + B2*r*sqrt(Abs(B3 + r)),0.261363623967859*i*s + 0.00513054784483408*s ; 0.079116201333659*i*r + 0.079116201333659*r*sqrt(Abs(r + 0.238219594445227))
2104,0.8768795235176415,B0*i*s ; B1 + B2*r - i*r - r**2,0.261662226781903*i*s ; -i*r - r**2 - 1.91437016450695*r - 0.0439489101687255
2105,0.8768511008022589,B0 + B1*i + B1*s ; sqrt(Abs(i))*Abs(B2 + r)**(1/4),0.000307712684645121*i + 0.000307712684645121*s + 0.0379050346293666 ; sqrt(Abs(i))*Abs(r + 0.00516792745902236)**(1/4)
2106,0.8768496177378919,B0*i*s - i**2*s ; B1 + B2*r + i**2*r + i,-i**2*s + 0.841508721768213*i*s ; i**2*r + i - 0.558238517069707*r + 0.00889168929350342
2107,0.8768464196603035,B0*i*Abs(s)**(1/4) ; B2*sqrt(Abs(B1 + sqrt(Abs(i)))),-0.000216530395110995*i*Abs(s)**(1/4) ; 1.93501263290309*sqrt(sqrt(Abs(i)) + 259.777319628177)
2108,0.8768392717937591,B0*i*s + B1*i*s**2 ; B2 + i,-1.35689467643213*i*s**2 + 1.46794021111825*i*s ; i - 0.106832784948889
2109,0.8768353642941799,B0*i*s + B1*i*s**2 ; sqrt(Abs(B2 + i - r*sqrt(Abs(i)))),0.00260110836374515*i*s**2 - 0.00265548234848368*i*s ; sqrt(Abs(-i + r*sqrt(Abs(i)) + 46804.7874405846))
2110,0.8768098746914627,B0*i ; sqrt(Abs(i)),-6.88553591769396e-5*i ; sqrt(Abs(i))
2111,0.8767584780994634,B0*sqrt(Abs(s)) ; B1 + i**2 + Abs(i)**(3/2),0.0339964490643998*sqrt(Abs(s)) ; i**2 + Abs(i)**(3/2) + 1.55479367318638
2112,0.8767571063445951,B0*s + B1*s**2 - i*s ; B2*i + B3*i**2,-i*s - 0.307784890156884*s**2 + 0.313695952531823*s ; 0.43073239565252*i**2 + 2.077615695214*i
2113,0.8767568777983364,B0*sqrt(Abs(s)) ; -i + sqrt(Abs(B1 + r - sqrt(Abs(r)))),0.0334136436831706*sqrt(Abs(s)) ; -i + sqrt(Abs(r - sqrt(Abs(r)) + 1.37173882336359))
2114,0.8767531646669067,B0*sqrt(Abs(s)) ; B1 + Abs(B2 + B3*i)**(1/4),0.0334136126363887*sqrt(Abs(s)) ; Abs(0.665160082605374*i + 0.0410507918638921)**(1/4) + 14.6807368191767
2115,0.8767274723461753,B0 + B1*i + B2*sqrt(Abs(i))*sqrt(Abs(s)) ; B3*r,-0.0225086883409667*i + 0.186966986706333*sqrt(Abs(i))*sqrt(Abs(s)) - 0.0207370128571159 ; 0.114777909626606*r
2116,0.8767098855851287,B0*i**3 ; B1 - sqrt(Abs(i**2*r + i*r)),-0.104995473516601*i**3 ; 0.486268391491344 - sqrt(Abs(i**2*r + i*r))
2117,0.8766949676811632,B0*i + B1*i**2 ; B2*r**2 + B3*r**3,-0.349785951300912*i**2 + 0.312037987690044*i ; 0.00106864622396112*r**3 + 0.000386262526062444*r**2
2118,0.8766949676773216,B0*i + B1*i*s ; sqrt(Abs(B2*i*sqrt(Abs(r)) - i*Abs(r)**(3/2))),0.349784131925964*i*s - 0.0377456735022631*i ; sqrt(Abs(i*Abs(r)**(3/2) - 4.96685410850439*i*sqrt(Abs(r))))
2119,0.876683318252425,B0*s + B1*s**2 + i*s ; B2*r + i - r*Abs(i)**(3/2),i*s + 0.403858926844102*s**2 - 0.399230070550687*s ; i - r*Abs(i)**(3/2) - 1.68286525988305*r
2120,0.8766789306156229,B0*sqrt(Abs(i - sqrt(Abs(i + s)))) ; r,0.0341751822351889*sqrt(Abs(i - sqrt(Abs(i + s)))) ; r
2121,0.8766753868989623,B0*s + i*s**2 - i*s ; B1 + 2*i,i*s**2 - i*s + 0.00503709369635538*s ; 2*i + 0.583392552784729
2122,0.8766686557990122,B0*i*Abs(s)**(1/4) ; B1 - i**2 + r,-0.0132635176697154*i*Abs(s)**(1/4) ; -i**2 + r + 1.34620660397666
2123,0.8766625894099377,B0 + B1*i*s + B1*i + B1*s ; B2*i,0.256858627560057*i*s + 0.256858627560057*i + 0.256858627560057*s - 0.251738114037462 ; 0.000146392593328513*i
2124,0.8765713783951172,B0 + B1*Abs(i)**(1/4) ; i,0.154442877178903*Abs(i)**(1/4) - 0.0392292075994221 ; i
2125,0.876519778278625,B0*s + B1*i*sqrt(Abs(s)) ; B2 + Abs(r)**(1/4),0.0281124969857567*i*sqrt(Abs(s)) + 0.043055587482809*s ; Abs(r)**(1/4) - 0.484605453341649
2126,0.8764025514227533,B0*Abs(i)**(1/4) ; B1 + B2*r + i,0.0253913591368564*Abs(i)**(1/4) ; i - 0.849790388162842*r + 0.928757386870118
2127,0.8763861607183305,B0*Abs(i)**(3/2) ; i + sqrt(Abs(i)),0.0123820846160484*Abs(i)**(3/2) ; i + sqrt(Abs(i))
2128,0.8763220872172848,B0*i*sqrt(Abs(s)) ; B1*r + i*r + i + r**2,0.535615333654812*i*sqrt(Abs(s)) ; i*r + i + r**2 - 0.915485101521102*r
2129,0.8762936127163433,B0*s**2 ; sqrt(Abs(-i**2 + i + r)),0.0447307130470076*s**2 ; sqrt(Abs(-i**2 + i + r))
2130,0.8762936067669425,B0*s**2 ; i + sqrt(Abs(i - Abs(r)**(1/4))),0.0448206052676532*s**2 ; i + sqrt(Abs(i - Abs(r)**(1/4)))
2131,0.8762446586140012,B0*s + s*sqrt(Abs(B1 - s)) ; B2*r,s*sqrt(Abs(s - 48.9000254591588)) - 4.30013633134878*s ; 11.5029526214225*r
2132,0.876244654472003,B0*s + s*sqrt(Abs(B1 - i)) ; B2*r,s*sqrt(Abs(i + 47.8435806119316)) - 4.2961104583116*s ; 0.00694276380326006*r
2133,0.8761186599590557,B0*i + B1*s + B2*Abs(s)**(3/2) ; i,-1.15258942963713*i + 0.932616732217938*s - 0.915855340796032*Abs(s)**(3/2) ; i
2134,0.8760688307532046,B0*i**2 + B1*s ; -r + sqrt(Abs(B2*sqrt(Abs(r)) + B3*r + i)),2.08346380487882*i**2 + 0.00658764779138555*s ; -r + sqrt(Abs(i + 1.25054819930264*r - 0.17943762235087*sqrt(Abs(r))))
2135,0.8760682317068514,B0*i + B1*s + B2*i*s ; B3 - sqrt(Abs(i)),0.00173661110653275*i*s - 4.6861527399606e-5*i + 0.00555350071095531*s ; -sqrt(Abs(i)) - 1.04928438177187
2136,0.8760657549570544,B0*i + B1*i**2 ; B2*i + 2*i*r + r,-3.41468938987356*i**2 - 0.966186836889629*i ; 2*i*r + 1.89111675469902*i + r
2137,0.8760533749514948,B0*i ; B1 + B2*i + B3*i**2,0.115131105019225*i ; 0.152092816502767*i**2 + 2.7499443399266*i - 1.06433649415417
2138,0.8759391260101304,B0*i + B1*s + B2*i*s ; sqrt(Abs(B3 + r)),-0.00180427513163376*i*s + 4.9373636984199e-5*i + 0.00230206128414184*s ; sqrt(Abs(r + 7.16939222487881))
2139,0.8758963397819796,B0 + i + s ; B1 + sqrt(Abs(r)),i + s - 1.04307096933771 ; sqrt(Abs(r)) - 0.235731649817022
2140,0.8758312274337092,B0*i*s + B1*i*Abs(s)**(3/2) ; -i + sqrt(Abs(-B2 + i + r)),-0.00430131996892217*i*s + 0.00419789951164592*i*Abs(s)**(3/2) ; -i + sqrt(Abs(i + r - 40146.329247897))
2141,0.8758231896804584,B0*i**2 + B1*i**2*s ; B2 + i - r,-1.42836535020617*i**2*s + 1.41582939032023*i**2 ; i - r + 1.12308117826988
2142,0.87581761829915,B0 + B1*s + B1*sqrt(Abs(i)) ; B2 + B3*r - i*r - r**2,0.0721514644924351*s + 0.0721514644924351*sqrt(Abs(i)) - 0.0727790571055576 ; -i*r - r**2 + 0.547920338971649*r - 0.00858995637262019
2143,0.875817431083469,B0 + B1*i**2 + B2*i*s ; B3 + i,5.13741255247498*i**2 + 0.242828338072372*i*s - 0.0110206327410909 ; i - 0.0473126664195612
2144,0.8757862296972048,B1*sqrt(Abs(B0 + i + sqrt(Abs(s)))) ; i,0.0365953770229004*sqrt(Abs(i + sqrt(Abs(s)) - 0.317207346353742)) ; i
2145,0.8757836804215281,B0 + B1*i ; B2*r + B2*sqrt(Abs(i)) + B3*i,0.0729677002771766*i + 0.0398974905425723 ; 0.338978250872015*i + 0.0841207565730676*r + 0.0841207565730676*sqrt(Abs(i))
2146,0.8757149263650456,B0*i*s ; Abs(B1*i + i**2 + i*r)**(1/4),-0.00162944811968227*i*s ; Abs(i**2 + i*r + 62.1591077365356*i)**(1/4)
2147,0.8756555455525422,B0*i**2 + B1*i**3 ; B2 - r,-0.231469752967418*i**3 + 0.285262760439231*i**2 ; -r - 0.303072514696899
2148,0.8756307980514076,B1*sqrt(Abs(B0*i + i*s)) ; i,0.222639776732082*sqrt(Abs(i*s + 0.16232775401086*i)) ; i
2149,0.8755124220575049,B0*s + i*s**2 + s**2 ; B1*i + B2*i*sqrt(Abs(r)),i*s**2 + s**2 - 1.00016381557445*s ; -0.0305073358674992*i*sqrt(Abs(r)) - 0.159518881306298*i
2150,0.8754847081251739,B0 + B1*i ; i*sqrt(Abs(i - sqrt(Abs(B2 + i)))),2.16448177438746*i - 7.55540091763225e-5 ; i*sqrt(Abs(i - sqrt(Abs(i + 23.5988597759814))))
2151,0.8754632944335535,B0*i**2 + B1*i**2*s ; B2 + B3*i,3.38586853246239e-5*i**2*s - 2.25573468931067e-6*i**2 ; 0.0668886189881952*i + 7.57591978240274
2152,0.8754551156495124,i**2*s - i ; B0 + i*r,i**2*s - i ; i*r + 0.0282596253971523
2153,0.8754126515682151,B0*i**2 + B1*i**2*s ; B2 + B3*i**2,2.58856695420678e-5*i**2*s - 1.67947382932871e-6*i**2 ; 7.41860420318093 - 0.000727742550641138*i**2
2154,0.8753889432170576,B0*i*s - i**2*s ; B1 - r,-i**2*s + 0.560682893996721*i*s ; 0.0220984830373512 - r
2155,0.8753377560824568,B0*i*s + B1*i**2*s ; B2 - i - r,0.000479911705854829*i**2*s - 0.00271690235788919*i*s ; -i - r + 1.32857679525337
2156,0.8752839942006315,B0 + B1*i + B2*s + B2*sqrt(Abs(s)) ; -i + sqrt(Abs(B3*r + i*r**2)),0.0769907586580183*i + 0.116773671377414*s + 0.116773671377414*sqrt(Abs(s)) - 0.223942249912528 ; -i + sqrt(Abs(i*r**2 + 0.0769222390759101*r))
2157,0.8752462731378596,B0*i**2 + B1*i*sqrt(Abs(s)) ; B2 + r + sqrt(Abs(r)),-7.99314707756606e-8*i**2 - 0.000702630103785005*i*sqrt(Abs(s)) ; r + sqrt(Abs(r)) + 0.0280198299620371
2158,0.8751823190348185,B0*i*s ; B1 - i**2 + i*r - i,0.000665059646425051*i*s ; -i**2 + i*r - i - 0.000619647474287357
2159,0.8751765500567866,B0 + B1*i + B2*s*Abs(i)**(3/2) ; B3*sqrt(Abs(i)),-0.0437569122819435*i + 0.42898549591614*s*Abs(i)**(3/2) + 0.0196663030329122 ; 0.00835471816802136*sqrt(Abs(i))
2160,0.8751755754379336,B0*i ; B1*i + r,7.87916730376453e-5*i ; -15092.7416061811*i + r
2161,0.8751544449284292,B0*i*s + B1*i*s**2 ; sqrt(Abs(B2 - r)),-0.00425897895731596*i*s**2 - 0.000989458262742992*i*s ; sqrt(Abs(r - 0.0297042929684211))
2162,0.8751527628572423,B0*s + B2*sqrt(Abs(B1 + s)) ; B3 - sqrt(Abs(r)),2.46814279247143*s - 0.514145131604273*sqrt(Abs(s - 1.34951087313529)) ; 9.77525221018981 - sqrt(Abs(r))
2163,0.8751422834189395,B0 + B1*i + B2*sqrt(Abs(i))*sqrt(Abs(s)) ; sqrt(Abs(i)),0.000427675396563545*i + 0.0181873429222913*sqrt(Abs(i))*sqrt(Abs(s)) - 0.00452241826059022 ; sqrt(Abs(i))
2164,0.8751322873766109,B0*s + B0*sqrt(Abs(i - s)) ; B1 + B2*r,0.0173266699763593*s + 0.0173266699763593*sqrt(Abs(i - s)) ; 0.00211064414933972*r + 0.00980933567373457
2165,0.8751248140569162,B0 + B1*sqrt(Abs(i)) - i ; B2*Abs(r)**(1/4),-i + 0.778753731936898*sqrt(Abs(i)) - 0.0990412220381533 ; 0.439954565785778*Abs(r)**(1/4)
2166,0.8751099910608826,B0*s**2 + B1*s**3 ; i,-0.440400286151338*s**3 + 0.435693699687772*s**2 ; i
2167,0.8751099910319033,B0*s**2 + B1*s**3 ; Abs(B2 + B3*Abs(r)**(3/2))**(1/4),-0.440396311437449*s**3 + 0.435689887175721*s**2 ; (95.3695643953071*Abs(r)**(3/2) + 11.7274007846013)**(1/4)
2168,0.8751099910089334,B0*s**2 + B1*s**3 ; sqrt(Abs(B2 + r)),-0.440393932225994*s**3 + 0.435687582975796*s**2 ; sqrt(Abs(r + 0.000951691695304088))
2169,0.8751099906440561,B0*s**2 + B1*i*s**2 ; r,0.440445175727606*i*s**2 - 0.00470815112914235*s**2 ; r
2170,0.8751099905562052,B0*s**2 + B1*s**3 ; B2 + r,-0.440369715446596*s**3 + 0.435664227679757*s**2 ; r + 9.4827264840985
2171,0.8751099905075636,B0*s**2 + B1*s**3 ; r,-0.440450335251572*s**3 + 0.435742005355429*s**2 ; r
2172,0.8750780156278698,B0*i*s ; B1*Abs(i)**(1/8)*Abs(r)**(1/8),0.313695963269631*i*s ; 0.000125058521210698*Abs(i)**(1/8)*Abs(r)**(1/8)
2173,0.875078015497578,B0*i*s ; Abs(i**2*r - r*Abs(i)**(3/2))**(1/4),0.313699151843982*i*s ; Abs(i**2*r - r*Abs(i)**(3/2))**(1/4)
2174,0.8750379306018025,i*s - i*sqrt(Abs(B0 + s)) ; -r + sqrt(Abs(B1 + B2*r**2 + B2*r)),i*s - i*sqrt(Abs(s - 0.00772774077213638)) ; -r + sqrt(Abs(0.0169100934582699*r**2 + 0.0169100934582699*r - 0.690136035013974))
2175,0.8750159906394069,B0*i ; B1*i + B2*Abs(i)**(3/2),2.16093839012322*i ; 2.22080818655648*i - 0.137285349431718*Abs(i)**(3/2)
2176,0.8749521800571656,i*s**2 ; B0*i + B1*r + B2*r**2,i*s**2 ; 2.47157768577291*i + 0.318688870045652*r**2 - 1.01961803595479*r
2177,0.8749113003675887,B0 + B1*i + B2*s ; 2*i - sqrt(Abs(i - r)),-0.00380251632213025*i + 0.0333334884361344*s + 0.0202229831603162 ; 2*i - sqrt(Abs(i - r))
2178,0.8749089734159592,B0*i ; -Abs(i)**(3/2),5.77705225586668e-5*i ; -Abs(i)**(3/2)
2179,0.8748777886825188,B0*i ; sqrt(Abs(i - r)),-9.42137413817175e-5*i ; sqrt(Abs(i - r))
2180,0.8748766458854245,B0*i*s + B0*Abs(s)**(3/2) ; B1 + i - sqrt(Abs(B2*r + r**2)),-0.600166694353385*i*s - 0.600166694353385*Abs(s)**(3/2) ; i - sqrt(Abs(r**2 - 0.126778194815339*r)) + 2.16362437891028
2181,0.87485969785824,B0*i ; B1*i + B2*i**2,2.16922639957774*i ; -0.401413333305353*i**2 + 2.2188642860382*i
2182,0.8748376309439694,i*sqrt(Abs(B0 + i)) ; B1*i + B2*i**2,i*sqrt(Abs(i + 4.69459639945229)) ; -0.158512355951163*i**2 + 2.21614552671496*i
2183,0.8747154485194006,B0*Abs(i)**(1/4) ; -i,0.0036874900029281*Abs(i)**(1/4) ; -i
2184,0.8746352854546809,B0*i ; B1 + B2*i - i**2,2.12298992141682*i ; -i**2 + 2.17982512308923*i + 3.06541164229066e-5
2185,0.8745746685997599,B0*i + B1*i*s ; sqrt(Abs(B2*sqrt(Abs(i)) + sqrt(Abs(i))*sqrt(Abs(r)))),-0.000598415415825327*i*s - 7.21197776938704e-5*i ; sqrt(sqrt(Abs(i))*sqrt(Abs(r)) + 93.029406446709*sqrt(Abs(i)))
2186,0.8745133447686959,B0*s + B1*s**2 + i*s ; B2 + i,i*s - 0.112262143888005*s**2 + 0.0970466495788987*s ; i - 0.0146306731550928
2187,0.8743549004123045,B0 + B1*sqrt(Abs(i)) + B2*s ; i,0.0238962753718597*s + 0.118818983114652*sqrt(Abs(i)) - 0.00283990708471504 ; i
2188,0.8743487112262952,B0*i + B2*sqrt(Abs(B1 - s)) ; B3 + r,2.59035778625318e-6*i + 0.0399280014051702*sqrt(Abs(s + 0.0258434425365798)) ; r + 1.45111694085106
2189,0.8743383788456253,B0*Abs(s)**(9/4) ; Abs(i)**(1/4),0.0443182020922045*Abs(s)**(9/4) ; Abs(i)**(1/4)
2190,0.8743382447246849,B0*i*s**2 ; B1 + B2*r**2 + i*r**2,0.451518863179193*i*s**2 ; i*r**2 - 0.0960124701265756*r**2 + 0.00454436282112313
2191,0.8743126998434173,B0*i*s ; Abs(i)**(1/4)*Abs(2*i + r)**(1/8),-0.0054466661924194*i*s ; Abs(i)**(1/4)*Abs(2*i + r)**(1/8)
2192,0.874230771578358,s - sqrt(Abs(B0 + B1*sqrt(Abs(i)))) ; B2 + i + sqrt(Abs(r)),s - sqrt(Abs(0.759290342921463*sqrt(Abs(i)) - 1.07366360139458)) ; i + sqrt(Abs(r)) - 0.215722928407188
2193,0.8741616384863111,B0 + B1*i*s + B1*i ; B2 + r,-0.000448372688516875*i*s - 0.000448372688516875*i - 0.0336255046615291 ; r + 13.3647324559286
2194,0.8741389610463601,B0*s + B1*s**2 + i*s ; i,i*s - 0.125033674334999*s**2 + 0.119999285338403*s ; i
2195,0.8741145044967393,B0*i + i**2 - i*s ; B1 + B2*i + B2*r,i**2 - i*s + 1.19425404682012*i ; -0.104064323431021*i - 0.104064323431021*r + 0.110379506683922
2196,0.8741011038994797,B0*i + B1*i*s - s ; r*sqrt(Abs(B2*r**2 + B3*r)),0.0480916963598731*i*s - 3.90876198995216*i - s ; r*sqrt(Abs(3.31596474158412*r**2 + 2.81796903567159*r))
2197,0.8740969753313506,B0*sqrt(Abs(i))*sqrt(Abs(s)) ; B1*i**2 + Abs(i)**(5/2),0.114156682928875*sqrt(Abs(i))*sqrt(Abs(s)) ; 0.953511382515676*i**2 + Abs(i)**(5/2)
2198,0.8740475287585008,2**(1/4)*i*Abs(s)**(5/4) ; i,2**(1/4)*i*Abs(s)**(5/4) ; i
2199,0.8740217329811147,B0*i + B1*i*s + B1*s ; -i + sqrt(Abs(B2*i + B3)),-0.000962923253437556*i*s + 5.41858460502779e-5*i - 0.000962923253437556*s ; -i + sqrt(Abs(0.0308334654966439*i + 0.00456644135363171))
2200,0.8740080897922591,B0*i + B1*Abs(i)**(3/2)*sqrt(Abs(s)) ; B2 + r,0.000306368143084827*i + 0.00011358447788456*Abs(i)**(3/2)*sqrt(Abs(s)) ; r + 0.0468548302030925
2201,0.8739818603664661,B0*sqrt(Abs(i**2 + i + s)) ; B1 + B2*i,0.0371983844420379*sqrt(Abs(i**2 + i + s)) ; 0.036998588490076*i + 0.0410678214637616
2202,0.8739816314547958,B0 + B1*sqrt(Abs(i)) + B2*i + B2*s ; B3 + B4*i,0.162000548144432*i + 0.162000548144432*s - 0.224958614738355*sqrt(Abs(i)) - 0.0771561120592561 ; 0.153060146398784*i - 0.408713988549222
2203,0.8739810601170577,i**2*Abs(s)**(5/2) ; B0 + i,i**2*Abs(s)**(5/2) ; i + 0.283288414538756
2204,0.8739721363154994,B0*Abs(i)**(3/4) ; r,0.0166123032495642*Abs(i)**(3/4) ; r
2205,0.8737142855479006,i*s**3 - i*s**2 ; B0 + i,i*s**3 - i*s**2 ; i + 0.435027502832939
2206,0.8736775486002193,B0*Abs(i)**(3/2) ; sqrt(Abs(B1*i + B2*r)),5.06193211395389*Abs(i)**(3/2) ; sqrt(Abs(0.0254437862811794*i + 0.000334915917016707*r))
2207,0.8735962449057293,B0*i + B1*i**2 + B2*s ; B3 - sqrt(Abs(B4*sqrt(Abs(i)) + r)),-0.150883831884585*i**2 + 0.167669376166654*i + 0.0134279246703073*s ; 0.148503434841398 - sqrt(Abs(r + 0.109477758269537*sqrt(Abs(i))))
2208,0.8734895604758318,B0*sqrt(Abs(i)) + B1*i ; B2 + sqrt(Abs(B3*i**2 + B3*i*r)),0.00235948062727489*i + 0.0237676411361757*sqrt(Abs(i)) ; sqrt(Abs(1.78129615652386*i**2 + 1.78129615652386*i*r)) + 0.273786439618751
2209,0.8734723687318406,2*i**2*s ; B0 + B1*r + 2*i*r,2*i**2*s ; 2*i*r + 0.563244694466306*r + 0.00856414517048813
2210,0.8734214390230318,B1*sqrt(Abs(B0 + i)) - i*sqrt(Abs(B0 + i)) ; B2*i + B3*r,-i*sqrt(Abs(i - 0.0130487149979112)) + 0.267772269936874*sqrt(Abs(i - 0.0130487149979112)) ; 0.9466887033303*i - 0.298627867182583*r
2211,0.8732822083910189,s*Abs(B0 + i + sqrt(Abs(i)))**(1/4) ; -r + sqrt(Abs(i**2 + i*r)),s*Abs(i + sqrt(Abs(i)) + 52.7177555747479)**(1/4) ; -r + sqrt(Abs(i**2 + i*r))
2212,0.8732361147807832,B0*i*s + i**2*s ; B1 + i*r,i**2*s - 2.35693359623393*i*s ; i*r + 0.0516657463897772
2213,0.8731871144212617,B0*i + B1*i**2 + Abs(i)**(3/2) ; B2 + B3*sqrt(Abs(r)),-0.604916197139083*i**2 + 0.34026099015393*i + Abs(i)**(3/2) ; 4.35862003126392 - 3.7957135364629*sqrt(Abs(r))
2214,0.8731224303955117,B0 + B1*i ; B2*i**2 + 2*r,0.000162301316058056*i + 0.0248130758300879 ; 4.25581861115002e-10*i**2 + 2*r
2215,0.8730983667198355,B0*i*sqrt(Abs(B1 + s)) + B0*s ; r,0.045281957578027*i*sqrt(Abs(s + 0.00758812499235812)) + 0.045281957578027*s ; r
2216,0.8730747156648891,B0*i + B1*sqrt(Abs(s)) ; r - sqrt(Abs(B2*i**2 + i)),-2.27017647798583e-6*i + 0.037605868683511*sqrt(Abs(s)) ; r - sqrt(Abs(0.00753150316253674*i**2 + i))
2217,0.8730119866863082,i**2 + i*sqrt(Abs(B0 - s)) ; i*sqrt(Abs(B1 + r*sqrt(Abs(i - r)))),i**2 + i*sqrt(Abs(s - 0.56108472127604)) ; i*sqrt(Abs(r*sqrt(Abs(i - r)) + 0.0934253313332428))
2218,0.8729651566827347,B0*i*sqrt(Abs(i*s + s**2)) ; B1 + 2*i*r,0.252779823726404*i*sqrt(Abs(i*s + s**2)) ; 2*i*r + 0.000111078472001992
2219,0.8728809957970323,B0*sqrt(Abs(i))*Abs(s)**(3/2) ; i,0.226719847109082*sqrt(Abs(i))*Abs(s)**(3/2) ; i
2220,0.8727615287702299,B0*s**2 + B1*i*s**2 ; i**2 - r,0.504423402871077*i*s**2 - 0.00629305754951031*s**2 ; i**2 - r
2221,0.8727609182017855,B0*i*s ; B1 + 2*i - sqrt(Abs(B2 - r)),0.00827428009195143*i*s ; 2*i - sqrt(Abs(r + 0.645914076536541)) - 10.232943730263
2222,0.8727382707929652,B0*i**2 + B1*i*Abs(s)**(1/4) ; B2 + i,3.33097977086666*i**2 + 0.883263571516113*i*Abs(s)**(1/4) ; i - 0.00471380825294972
2223,0.8727348938134748,B0*i + B0*s + B1*sqrt(Abs(i - s)) ; Abs(r)**(3/2),0.117302359626635*i + 0.117302359626635*s - 0.102117368617769*sqrt(Abs(i - s)) ; Abs(r)**(3/2)
2224,0.8726885150426775,B0*s + B0*sqrt(Abs(i)) + B1*i ; B2 + r,0.00262811818064694*i + 0.0270590120026443*s + 0.0270590120026443*sqrt(Abs(i)) ; r + 9.26247443444335e-5
2225,0.8726672690371654,B0*i + B1*i**2 + B2*s ; B3 - i - r + sqrt(Abs(r)),-2.19627515049332e-5*i**2 - 0.00221945981777702*i + 0.016878103919043*s ; -i - r + sqrt(Abs(r)) + 0.16671684451604
2226,0.8725841061185248,B1*sqrt(Abs(B0*Abs(s)**(1/4) + s)) ; sqrt(Abs(B2*r - i)),0.0365709914985485*sqrt(Abs(s + 0.226489517348664*Abs(s)**(1/4))) ; sqrt(Abs(i - 0.112545817802957*r))
2227,0.8725584697760576,B0*i + B3*sqrt(Abs(B1 + B2*s)) ; r*Abs(i)**(3/2),-0.176767908664519*i + 0.582789618335944*sqrt(Abs(0.106360611703162*s - 0.103519047702285)) ; r*Abs(i)**(3/2)
2228,0.8725503177218943,B0*sqrt(Abs(s)) + B1*s ; B2*r + B3*r*sqrt(Abs(i)),0.0204693763734142*s + 0.0260087099656535*sqrt(Abs(s)) ; 0.0477224952513961*r*sqrt(Abs(i)) + 0.00123404417165679*r
2229,0.8725493244664586,B0*Abs(s)**(5/2) ; -r + sqrt(Abs(i))*Abs(r)**(1/4),0.0440057892856954*Abs(s)**(5/2) ; -r + sqrt(Abs(i))*Abs(r)**(1/4)
2230,0.8724821359720141,B0*i ; B1*r,0.0261795134625827*i ; 0.00397777567349843*r
2231,0.8724821297615768,B0*i ; sqrt(Abs(r)),0.0262002028439068*i ; sqrt(Abs(r))
2232,0.872482092935227,B0*i ; i*r,0.0261254239095689*i ; i*r
2233,0.8724819697990812,B0*i*s**3 ; B1 + i,-1.4348709753011*i*s**3 ; i + 0.0732405095272259
2234,0.8724819672943392,B0*i ; 2*r,0.0262864113280377*i ; 2*r
2235,0.8724819637675996,B0*i ; -r**2,0.026287517368439*i ; -r**2
2236,0.8724819454366992,B0*i ; r**2,0.0262930907193851*i ; r**2
2237,0.872481944765638,B0*i ; r,0.0262932895029168*i ; r
2238,0.8724819422867901,B0*i ; sqrt(2)*sqrt(Abs(r)),0.0262940207623094*i ; sqrt(2)*sqrt(Abs(r))
2239,0.8724818881918636,B0*i ; -2*r,0.0260491796956748*i ; -2*r
2240,0.8724818663948062,B0*i ; Abs(r)**(1/4),0.0260435346921163*i ; Abs(r)**(1/4)
2241,0.8724818646616894,B0*i ; -i*r,0.0263149119618395*i ; -i*r
2242,0.8724818120100548,B0*i ; -sqrt(Abs(r)),0.0260303653957596*i ; -sqrt(Abs(r))
2243,0.8723971819827079,B0 + B1*i**2 - i ; B2 + B3*i**2 + B3*i*r,-30.8921668810749*i**2 - i + 0.0451829405163663 ; -1.84949590776346*i**2 - 1.84949590776346*i*r + 0.0448334151673662
2244,0.8723699904880455,B0 + B1*i ; B2 + B3*sqrt(Abs(i))*Abs(r)**(1/4),0.0469631503237322 - 0.0245117361798388*i ; 0.00179654207398346*sqrt(Abs(i))*Abs(r)**(1/4) - 0.016446752928156
2245,0.8723630220605221,B0*i + B1*s ; B3*sqrt(Abs(B2 + r**2 + r)),0.0213444852582076*i + 0.046935845037666*s ; 0.00110209663658451*sqrt(Abs(r**2 + r + 213.711735746708))
2246,0.8723390704208613,B0 + B1*s + B2*i*s ; sqrt(Abs(B3*i**2 + i*r)),-0.00106816377765631*i*s + 0.0371301448714562*s + 0.00717159757064384 ; sqrt(Abs(0.148642900605488*i**2 - i*r))
2247,0.8723044833072674,B0*i + B1*i**2 + B2*s ; sqrt(Abs(B3 + r)),-2.17842168180251e-5*i**2 - 0.0022021548876112*i + 0.0191316656473344*s ; sqrt(Abs(r + 0.0130872312288436))
2248,0.8721912896019666,B0*i ; Abs(i)**(1/4),-4.45128950423766e-5*i ; Abs(i)**(1/4)
2249,0.8721502544389734,sqrt(Abs(B0*i*s + B1*s)) ; r + sqrt(Abs(i**2 - i*r)),sqrt(Abs(1.47490194610222e-5*i*s + 0.000175531434903017*s)) ; r + sqrt(Abs(i**2 - i*r))
2250,0.8721369568285628,B0 + B1*s - s**2 + Abs(s)**(3/2) ; B2*i**2,-s**2 + 0.0767300920450635*s + Abs(s)**(3/2) - 0.0815812393074748 ; 0.00118754750541222*i**2
2251,0.8721153349811943,B0 + B2*sqrt(Abs(B1 - i + s)) ; B3 + 2*i + r,0.803377361562031 - 0.871974294649584*sqrt(Abs(i - s + 0.208970801578206)) ; 2*i + r + 0.0582877175924597
2252,0.872094436962515,B0*i + B1*s**2 ; B2 + r,-6.58979518580432e-5*i + 0.0423622694923334*s**2 ; r + 0.0357780577102375
2253,0.8720799210971623,B0*s - i*s + s**2 ; B1 + i + sqrt(Abs(r)),-i*s + s**2 - 0.826441149991723*s ; i + sqrt(Abs(r)) - 0.335327939801582
2254,0.8720414664834119,B0*i*s ; i*r + i,1.23550369402826*i*s ; i*r + i
2255,0.8720306394526258,B0 - i - s ; B1*i + B2*i*r**2,-i - s + 1.04457160489967 ; 1.14375201825958*i*r**2 - 0.00243208412939167*i
2256,0.8720254000210222,B0*i ; B1 + B2*r + B3*i*r + i,1.11804237231338*i ; 0.298168883920381*i*r + i + 0.00096720609908532*r - 0.000996097687686
2257,0.8720013942482431,B0 + B1*i + B1*sqrt(Abs(i)) + B2*s ; r,0.312537412771182*i + 0.582979766588534*s + 0.312537412771182*sqrt(Abs(i)) - 0.616631115488904 ; r
2258,0.8718731187641395,B0*i**2*s**2 ; B1*i - r,5.05644959687636e-6*i**2*s**2 ; 16.1792874556288*i - r
2259,0.8718257915398702,i*s ; B0 + B1*i + i**2,i*s ; i**2 + 0.665408818757945*i - 7.78577193048705e-5
2260,0.8718170413622898,B0*i + B1*i*s + i**2 ; i,i**2 + 0.336757855574433*i*s + 0.793859156647149*i ; i
2261,0.8718117002562469,B0 + B1*i*s + B1*i ; sqrt(Abs(B2 + i)),-0.000462294544594883*i*s - 0.000462294544594883*i - 0.0405918485537926 ; sqrt(Abs(i - 44321.4160428947))
2262,0.8716990819010275,B0*i ; 2*i + r - sqrt(Abs(i)),0.0216788477817446*i ; 2*i + r - sqrt(Abs(i))
2263,0.8716506541561954,i**2 ; B0*i,i**2 ; 0.0302613951625458*i
2264,0.8716009388356606,B0*i*s + B0*i + B1*s ; B2*sqrt(Abs(i))*sqrt(Abs(r)) - i + r,0.000282626851947381*i*s + 0.000282626851947381*i + 0.0393814050582424*s ; -i + r + 1.05002478504422*sqrt(Abs(i))*sqrt(Abs(r))
2265,0.8715857773104662,B0*i*s + B0*i + B1*s ; B2 - sqrt(Abs(i))*sqrt(Abs(r)),0.000288981853421805*i*s + 0.000288981853421805*i + 0.0410676872539279*s ; -sqrt(Abs(i))*sqrt(Abs(r)) - 0.000203780964859995
2266,0.8715751457651569,B0*i + B1*s**2 ; B2 + sqrt(Abs(B3 + B4*r)),-6.54308895882925e-5*i + 0.0398767765182934*s**2 ; sqrt(Abs(36.9358406180179*r + 8.8138948725277)) - 3.1719060618084
2267,0.8715242059956567,B0*s**2 + s**2*sqrt(Abs(i)) ; B1 + B2*i - r,s**2*sqrt(Abs(i)) - 0.376053034657777*s**2 ; 2.04125761826894*i - r - 0.00254635288729255
2268,0.8713602915430211,B0*i*s + B0*i + B1*s ; sqrt(Abs(B2 + i*r + 2*r)),-0.000282203044725008*i*s - 0.000282203044725008*i + 0.0396117651242292*s ; sqrt(Abs(i*r + 2*r - 0.233730676817273))
2269,0.871337375135753,B0 + B1*i + B1*s ; B2 + sqrt(Abs(r))*Abs(i - r)**(1/4),0.449618558083051*i + 0.449618558083051*s - 0.549280410368271 ; sqrt(Abs(r))*Abs(i - r)**(1/4) - 0.534059259703277
2270,0.8712995382634711,B0*i*s ; sqrt(Abs(B1*i**2 + B2*i*sqrt(Abs(r)))),-0.00103729301869106*i*s ; sqrt(Abs(1.22694340440257*i**2 + 7.00609648013379*i*sqrt(Abs(r))))
2271,0.871258892936286,B0*i + B1*s**2 ; sqrt(Abs(B2 - i)),-6.29264408869611e-5*i + 0.0413865666995938*s**2 ; sqrt(Abs(i - 64.4609384908907))
2272,0.8711848267241604,B0*i + B1*s**2 ; B2 - sqrt(Abs(B3 + sqrt(Abs(i - r)))),6.26253554879145e-5*i + 0.0412549140963019*s**2 ; -sqrt(sqrt(Abs(i - r)) + 2.84579544056746) - 6.92483905139773
2273,0.8710980109641553,B0*i**2 + B1*s ; i - sqrt(Abs(i))*sqrt(Abs(r)) + sqrt(Abs(r)),0.0629590510316477*i**2 + 0.048487470692593*s ; i - sqrt(Abs(i))*sqrt(Abs(r)) + sqrt(Abs(r))
2274,0.8710200911907817,B0*sqrt(Abs(i)) + B1*i ; i,1.00227974263526*i - 0.00328871621242819*sqrt(Abs(i)) ; i
2275,0.8709676489910402,B0 - i*s ; i,-i*s + 0.014007494638287 ; i
2276,0.8709612617660463,B0*sqrt(Abs(i)) + B1*i*s ; B2 + i + r + Abs(i)**(3/2),-0.00044483654585407*i*s + 0.000660781852741975*sqrt(Abs(i)) ; i + r + Abs(i)**(3/2) + 251.476798968184
2277,0.8708476468282749,B0*sqrt(Abs(i - s**2)) ; i - r,0.0218928583928071*sqrt(Abs(i - s**2)) ; i - r
2278,0.8708098565923794,B1*sqrt(Abs(B0*s + s**2)) ; B2*r,0.0363678474395779*sqrt(Abs(s**2 + 0.529297004813508*s)) ; 3.84848337036663*r
2279,0.870786884354297,sqrt(Abs(B0*s**2 + B1*s)) ; B2 - 2*r + sqrt(Abs(r)),sqrt(Abs(0.0013416491550184*s**2 + 0.000763030754689695*s)) ; -2*r + sqrt(Abs(r)) + 0.724590531799976
2280,0.8707513229719246,B0*i ; B1 + B2*r**2 + B3*i*r,0.00073260092568549*i ; -0.851637781054673*i*r - 0.855207023990208*r**2 - 5.94193552068849
2281,0.8706463940721259,B0*i ; i + r,-0.00087409997366768*i ; i + r
2282,0.8705380189335643,B0 + s ; r,s - 0.953880129106089 ; r
2283,0.8705380189335643,B0 - i ; r,0.0461198705585207 - i ; r
2284,0.8705380189335643,B0 + s ; sqrt(Abs(r)),s - 0.95388012897539 ; sqrt(Abs(r))
2285,0.8705380189335643,B0 + s ; sqrt(2)*sqrt(Abs(i)),s - 0.953880128685168 ; sqrt(2)*sqrt(Abs(i))
2286,0.8705380189335643,B0 + s ; i,s - 0.953880128263876 ; i
2287,0.8704836725144082,B0*s + B1*sqrt(Abs(i*s - s)) ; B2*i + i*r**2 + r,0.157457980056168*s - 0.13706626931243*sqrt(Abs(i*s - s)) ; i*r**2 - 0.000513416232266801*i + r
2288,0.8704593704472533,B0*i + B1*sqrt(Abs(s + sqrt(Abs(s)))) ; i + r,0.00021940763153397*i + 0.0338047965200068*sqrt(Abs(s + sqrt(Abs(s)))) ; i + r
2289,0.8704170033466553,i*sqrt(Abs(B0 - 2*i)) ; i,i*sqrt(Abs(2*i + 0.914816192361083)) ; i
2290,0.8703555866229126,B0 + B1*i**2 + B1*Abs(i)**(3/2) ; B2 + B3*r + B4*r**2,-3.86079381037795e-6*i**2 - 3.86079381037795e-6*Abs(i)**(3/2) + 0.0427545256581994 ; 0.0031827235607095*r**2 + 0.314255442701082*r - 0.0778287201097847
2291,0.870333685424136,B0*i + B1*s ; sqrt(Abs(B2*sqrt(Abs(i)) + r*Abs(i)**(3/2))),-0.0002154150201572*i + 0.049460052372769*s ; sqrt(Abs(r*Abs(i)**(3/2) + 0.072458919525422*sqrt(Abs(i))))
2292,0.8703102303975568,B0 + B1*sqrt(Abs(i)) ; B2 + 2*i,0.387938178611437*sqrt(Abs(i)) - 0.0289054390865757 ; 2*i - 0.00993007076474281
2293,0.8703007249696816,B0*i ; B1 - i - sqrt(Abs(r)),-0.0272652812983515*i ; -i - sqrt(Abs(r)) + 0.324762114596134
2294,0.8702939352662595,B0*s**2*sqrt(Abs(i)) ; i*r + 2*i + 2*r,0.0988371380562037*s**2*sqrt(Abs(i)) ; i*r + 2*i + 2*r
2295,0.8702567450051033,B0*i + B0*sqrt(Abs(i)) + B1*s ; B2 - i*r,-0.000237683053407935*i + 0.0495366069966772*s - 0.000237683053407935*sqrt(Abs(i)) ; -i*r + 0.0934753393174657
2296,0.8700532189940597,B0*sqrt(Abs(s)) + B1*Abs(s)**(3/2) ; B2 + i,0.0158147150295164*Abs(s)**(3/2) + 0.0282535924234702*sqrt(Abs(s)) ; i + 0.17997774176685
2297,0.8700221225099571,i**2 ; i,i**2 ; i
2298,0.870009505841032,0 ; B0 + i,0 ; i + 0.737794810282991
2299,0.870009505841032,0 ; 2*i,0 ; 2*i
2300,0.8699988806287082,B0 + B1*i + B2*s ; -r + sqrt(Abs(i + 4*r)),-0.0306171502895941*i + 0.0486272633966517*s - 0.0637825343928971 ; -r + sqrt(Abs(i + 4*r))
2301,0.8699673191503597,B0 + B1*Abs(i)**(1/4) ; B2 - i,0.0354800661709312 - 0.00819305413608012*Abs(i)**(1/4) ; 0.0483795136310339 - i
2302,0.869960224147918,sqrt(Abs(B0*i*s + B1*i)) ; i + Abs(B2 - r)**(1/8),sqrt(Abs(0.00103348557238798*i*s + 0.000126337658775756*i)) ; i + Abs(r + 4.39714502020281)**(1/8)
2303,0.8699227650368748,B0 + B1*i**2 + B1*s ; Abs(i)**(3/2),0.0429166492865843*i**2 + 0.0429166492865843*s + 0.00624481689787397 ; Abs(i)**(3/2)
2304,0.8699224102083744,B0*i + B1*i**2 ; i*r**2 + i*r + i - r,-2.02006034344611*i**2 + 0.625693137297678*i ; i*r**2 + i*r + i - r
2305,0.8698472713912446,B0*s - 2*i*s ; B1 + i,-2*i*s + 0.0951779951134688*s ; i + 0.0226288477795893
2306,0.8698152646605254,B0 + B1*i ; -i + sqrt(Abs(B2 - i)),4.78893513491638e-5*i + 0.0165059147380661 ; -i + sqrt(Abs(i - 0.0244866063525299))
2307,0.869797376235416,B0*i + B1*Abs(s)**(1/4) ; i*sqrt(Abs(i + r**2)) + i,1.15154362015857*i + 0.00469822059057708*Abs(s)**(1/4) ; i*sqrt(Abs(i + r**2)) + i
2308,0.8696738032733051,B0 + sqrt(Abs(B1 + 3*s)) ; i,sqrt(Abs(3*s + 1200.11539625858)) - 34.6364226332565 ; i
2309,0.8696677997155233,B0 + B2*sqrt(Abs(B1 - i + s)) ; B3*sqrt(Abs(r)) + r,4.11246989237486*sqrt(Abs(-i + s + 9027.14106062283)) - 390.703083600811 ; r + 70.6667169422028*sqrt(Abs(r))
2310,0.8696672265717875,B0 + B1*i + B2*s ; B3*r + 2**(1/8)*Abs(r)**(9/8),-73.8179295395937*i - 73.7746735767704*s + 73.8241977490034 ; 8.38971568261179*r + 2**(1/8)*Abs(r)**(9/8)
2311,0.869667226473286,B0 + B1*i ; B2*sqrt(Abs(r + Abs(r)**(1/8))),0.0495236716295478 - 0.0432577397778748*i ; 4.60222936658931*sqrt(Abs(r + Abs(r)**(1/8)))
2312,0.8696672264593198,B0*i + B1*s ; B2*r**2 + r + sqrt(Abs(r)),0.0062700963164776*i + 0.0495263405524375*s ; 4.33215910460894*r**2 + r + sqrt(Abs(r))
2313,0.8696672263431521,B0 + B1*s ; -i + r - sqrt(Abs(B2 + i + r)),0.0432591422658503*s + 0.00626868274199465 ; -i + r - sqrt(Abs(i + r + 0.000128036243688431))
2314,0.8696672262724526,B0 + B1*s ; i*sqrt(Abs(B2 + B3*r)) - r,0.0432530389839312*s + 0.00627208707040592 ; i*sqrt(Abs(17.3673760575776*r + 3.98277539305365)) - r
2315,0.8696672262364142,B0 + B1*s ; B2 - i - 2*r + sqrt(Abs(r)),0.0432584754440104*s + 0.00626396976082835 ; -i - 2*r + sqrt(Abs(r)) + 0.000128980826470734
2316,0.8696672254324145,B0 + B1*i ; r*sqrt(Abs(B2 + i + Abs(r)**(1/4))),0.0495176161220289 - 0.0432467545086845*i ; r*sqrt(Abs(i + Abs(r)**(1/4) + 8.34450498978089))
2317,0.8696672254302843,B0 + B1*i ; B3*sqrt(Abs(B2*i*r + r)),0.0495307952882245 - 0.0432649916983927*i ; 0.702196015098485*sqrt(Abs(0.429280547397814*i*r + r))
2318,0.8696672241857917,B0 + B1*i ; r*sqrt(Abs(B2 + B3*i + r)),0.0495364559830218 - 0.0432646225698954*i ; r*sqrt(Abs(0.270205164280993*i + r + 0.1601757572429))
2319,0.869667063470068,B0*i + B1*sqrt(Abs(i + s)) ; Abs(r)**(3/2),-0.043144775353067*i + 0.0494597970926623*sqrt(Abs(i + s)) ; Abs(r)**(3/2)
2320,0.8696670624890201,B0*i + B1*sqrt(Abs(i + s)) ; sqrt(Abs(i))*sqrt(Abs(r)),-0.0431444419027344*i + 0.0494596044130833*sqrt(Abs(i + s)) ; sqrt(Abs(i))*sqrt(Abs(r))
2321,0.8696670554386154,B0 + B1*s ; i + 3*r - sqrt(Abs(r)),0.0431420743284481*s + 0.0063161618279472 ; i + 3*r - sqrt(Abs(r))
2322,0.869667052853778,B0*i + B1*s ; sqrt(Abs(i**2*r + i*r)),0.00631651988063048*i + 0.0494577384647326*s ; sqrt(Abs(i**2*r + i*r))
2323,0.8696670484209743,B0 + B1*s ; i - r**2*sqrt(Abs(i)) + r,0.0431397657973694*s + 0.00631713629484091 ; i - r**2*sqrt(Abs(i)) + r
2324,0.8696670356139823,B0 + B1*s ; 2*i + 2*r - sqrt(Abs(i)),0.0433763829435452*s + 0.00621746535751318 ; 2*i + 2*r - sqrt(Abs(i))
2325,0.8696670210513133,B0 + B1*s ; sqrt(Abs(i**2*r**2 + i)),0.0431311708829975*s + 0.00632076475366442 ; sqrt(Abs(i**2*r**2 + i))
2326,0.8696669658811981,B0 + B1*i + B2*s ; r*sqrt(Abs(B3 + i)) + Abs(r)**(3/2),-8.89106925270409*i - 6.16914212957718*s + 9.29047835126652 ; r*sqrt(Abs(i + 0.267587415367155)) + Abs(r)**(3/2)
2327,0.8696628282441982,B0 + B1*i**2 + B1*s ; i,0.0432751957402158*i**2 + 0.0432751957402158*s + 0.00622747337436236 ; i
2328,0.8696475073550118,B0 - sqrt(Abs(B1 + 2*i + s)) ; r,11.592249670135 - sqrt(Abs(2*i + s + 132.234868169606)) ; r
2329,0.8696469429680849,B1*sqrt(Abs(B0 + i)) ; B2*r + i*r + i,0.102236389624127*sqrt(Abs(i + 0.11739795464572)) ; i*r + i + 0.263997922479086*r
2330,0.8696289740671096,B1*sqrt(Abs(B0*i*s - i)) ; B2 + 2*i + sqrt(Abs(i)),0.00483432852475294*sqrt(Abs(5.41246720394723*i*s + i)) ; 2*i + sqrt(Abs(i)) + 16.7486067299229
2331,0.869550462758815,B0*sqrt(Abs(i - s)) ; B1 + i + r,0.00120379244630976*sqrt(Abs(i - s)) ; i + r + 156.722232163571
2332,0.8695504623674456,B0*sqrt(Abs(i - s)) ; B1 + 2*r,0.0012037923198512*sqrt(Abs(i - s)) ; 2*r + 120.081761557401
2333,0.86952831199527,B0 + B1*i ; i*r + i + Abs(i)**(3/2),1.268802206865*i + 0.00229805758013908 ; i*r + i + Abs(i)**(3/2)
2334,0.8694768845949739,B0*i ; B1 + B2*sqrt(Abs(i)),-0.000120381443508347*i ; 5930.58102130984*sqrt(Abs(i)) - 686.370694070125
2335,0.8694696176963317,B0*i**2 ; B1*sqrt(Abs(i + r)),1.20481587509594e-6*i**2 ; 1100.00226043288*sqrt(Abs(i + r))
2336,0.8694681346081342,B0*sqrt(Abs(i)) ; B1 + sqrt(Abs(B2 - i)),0.00120285802303971*sqrt(Abs(i)) ; sqrt(Abs(i - 267.163359975542)) + 147.701816737501
2337,0.869468102102367,B0*i ; B1 + r - sqrt(Abs(i)),0.000120285728082969*i ; r - sqrt(Abs(i)) - 166.778605134525
2338,0.8694680908228796,B0*i ; B1 + sqrt(Abs(i - r)),-0.000120285701812675*i ; sqrt(Abs(i - r)) + 175.558297541376
2339,0.8694680886873815,B0*i ; B1 + r - sqrt(Abs(r)),-0.0001202856967184*i ; r - sqrt(Abs(r)) + 167.045740017484
2340,0.8694680875186257,B0 + B1*i ; B2 + r + sqrt(Abs(r)),6.65159835603175e-5*i + 0.0053769760426366 ; r + sqrt(Abs(r)) - 108.941928498315
2341,0.869468087246305,B0*i ; -i + sqrt(Abs(B1 + i)),-0.000120285693183937*i ; -i + sqrt(Abs(i + 27901.7561991683))
2342,0.8694680862583879,B0*i ; sqrt(Abs(B1 + i*r)),-0.000120285690833191*i ; sqrt(Abs(i*r + 38325.4204984993))
2343,0.869468085842224,B0*i ; sqrt(Abs(B1 + i + r)),-0.000120285689791895*i ; sqrt(Abs(i + r + 33232.419446436))
2344,0.8694680858403152,B0*i ; sqrt(Abs(-B1 + i + r)),-0.000120285689968955*i ; sqrt(Abs(i + r + 33224.6391948126))
2345,0.8694680858262401,B0*i ; sqrt(Abs(B1 - i + r)),-0.000120285689902002*i ; sqrt(Abs(-i + r + 33138.6877131629))
2346,0.8694680831714934,B0*i ; B2*sqrt(Abs(B1 - i)),-0.000120285707383405*i ; 24.6476868908933*sqrt(Abs(i - 44.9938343239205))
2347,0.8694680633763724,B0*i ; sqrt(Abs(B1 + B2*r)),-0.00012027469954102*i ; sqrt(Abs(2888.84473543674*r + 29681.3212968877))
2348,0.869467241664964,B0*i + B1*s ; Abs(B2 - i + sqrt(Abs(i - r)))**(1/4),6.01209626364912e-5*i + 0.0466805893973196*s ; Abs(i - sqrt(Abs(i - r)) + 12.0209157399086)**(1/4)
2349,0.8694648600474698,B0*i**2 ; B1 - i + sqrt(Abs(i)),1.21376212749538e-6*i**2 ; -i + sqrt(Abs(i)) + 268.240309620209
2350,0.8694576782584378,B0*i + B0*s ; B1 + sqrt(Abs(r)),0.011565462241461*i + 0.011565462241461*s ; sqrt(Abs(r)) - 0.194664621104457
2351,0.8694548727479177,B1*sqrt(Abs(B0 + i)) ; B2 + i,0.0149329565839098*sqrt(Abs(i + 0.45070159930271)) ; i - 0.184647462697246
2352,0.8694531831956686,B0*i ; B1 + i + sqrt(Abs(i)),0.0267031128143197*i ; i + sqrt(Abs(i)) - 1.11089931431157
2353,0.869452841744101,B1*Abs(B0 + i + s)**(1/4) ; B2 + r,0.00670058600939205*Abs(i + s + 101.564994909731)**(1/4) ; r + 2.08716460812456e-6
2354,0.8694527445016442,B0*i + B0*s ; sqrt(Abs(r)),0.0119953519620418*i + 0.0119953519620418*s ; sqrt(Abs(r))
2355,0.8694527445016442,B0*i + B0*s ; -r + Abs(r)**(3/4),0.0119953519584533*i + 0.0119953519584533*s ; -r + Abs(r)**(3/4)
2356,0.8694527445016442,B0*i + B0*s ; r,0.0119953519644862*i + 0.0119953519644862*s ; r
2357,0.8694527445016441,B0*sqrt(Abs(i + s)) ; -r,0.0119953519800554*sqrt(Abs(i + s)) ; -r
2358,0.8694527378925658,B1*sqrt(Abs(B0 + i)) ; i*r,5.40234652610598e-6*sqrt(Abs(i + 4925830.52220353)) ; i*r
2359,0.8694422303427458,B0*Abs(i)**(3/2) ; B1*sqrt(Abs(r)) + i,1.20447794343166e-5*Abs(i)**(3/2) ; i + 2729.95696109055*sqrt(Abs(r))
2360,0.8694015493341336,B0 - i ; i*sqrt(Abs(B1 - i)),0.0264329418833384 - i ; i*sqrt(Abs(i + 0.685653037217241))
2361,0.8693998207341164,B0*i + B1*i**2*s ; B2 - Abs(i)**(3/4)*Abs(r)**(1/4),5.48119536428059e-6*i**2*s - 6.38147432699954e-5*i ; -Abs(i)**(3/4)*Abs(r)**(1/4) + 98.9147206084751
2362,0.8693923537524042,B0 + B1*i ; B2*sqrt(Abs(i)) + B3*r + 2*i,0.000415515551583366*i + 0.0426264757049358 ; 2*i + 2.28312212181707*r - 0.517408316366957*sqrt(Abs(i))
2363,0.8693093320875414,B0*i**2 + B0*i + B1*s ; i - r + sqrt(Abs(r)),-0.555320728014495*i**2 - 0.555320728014495*i - 0.0475893750975919*s ; i - r + sqrt(Abs(r))
2364,0.8693031237558828,B0*i + B0*s ; B1 + Abs(i)**(1/4),-0.00012010649706361*i - 0.00012010649706361*s ; Abs(i)**(1/4) + 183.800845081627
2365,0.8693031202804591,B0*i + B0*s ; B1 + r,-0.000120106488351383*i - 0.000120106488351383*s ; r + 173.535682565519
2366,0.8693031174337116,B0*i + B0*s ; sqrt(Abs(B1 - r)),-0.000120106481200935*i - 0.000120106481200935*s ; sqrt(Abs(r + 34378.334563521))
2367,0.8692999839502042,B0*Abs(i)**(5/4) ; B1 + i,0.0478545118133344*Abs(i)**(5/4) ; i - 0.320398074871709
2368,0.8692781678179136,B0*i ; B1 + i - 2*r,-0.0264880040515561*i ; i - 2*r + 0.151232960533554
2369,0.8691490852910716,B0 + B1*i + B2*i**2 - s ; B3*i + B4*r,-0.109489748021213*i**2 - 1.70803013194756*i - s + 0.980865772064657 ; -0.297587163527782*i + 0.371386717486031*r
2370,0.8690701413283188,B0*i ; B1 + B2*r**2 + i*r,-1.82846427201054*i ; i*r - 0.0473810189350747*r**2 + 0.0513956310127117
2371,0.8690045398987231,B0*s ; sqrt(Abs(B1*i + i*r + r)),0.0477149530147662*s ; sqrt(Abs(i*r + 0.0213625672925815*i + r))
2372,0.8690045398980892,B0*s ; B1*r**2 + B1*Abs(r)**(3/2),0.0477151497714317*s ; 57.937962785815*r**2 + 57.937962785815*Abs(r)**(3/2)
2373,0.8690045398979392,B0*s ; B1*sqrt(Abs(r)) + i + Abs(r)**(3/2),0.0477151714498212*s ; i + Abs(r)**(3/2) + 0.00803719240552991*sqrt(Abs(r))
2374,0.8690045398974152,B0*s ; i + sqrt(Abs(-B1 + i + 2*r)),0.0477152342049467*s ; i + sqrt(Abs(i + 2*r - 0.000144019661722242))
2375,0.8690045398969064,B0*s ; r*sqrt(Abs(B1*r + i*r)),0.0477146287056554*s ; r*sqrt(Abs(i*r + 0.00220768584049326*r))
2376,0.8690045398962115,B0*s ; B1 - i + sqrt(Abs(B2 + 2*r)),0.047714571119008*s ; -i + sqrt(Abs(2*r + 0.336307055174224)) + 0.000237890339344839
2377,0.8690045398941637,B0*s ; B1*i*sqrt(Abs(i + 2*r)),0.047715475176193*s ; 0.169929234946259*i*sqrt(Abs(i + 2*r))
2378,0.8690045398941472,B0*s ; B1*r*sqrt(Abs(i)) + i - r,0.0477144364073697*s ; i + 0.00686841537100165*r*sqrt(Abs(i)) - r
2379,0.8690045398934039,B0*s ; B1 - i*r + i*sqrt(Abs(r)),0.0477155167523303*s ; -i*r + i*sqrt(Abs(r)) + 0.692933121393217
2380,0.8690045398912798,B0*s ; B1*Abs(i)**(1/4)*Abs(r)**(5/4),0.0477142932520001*s ; 0.882479591657362*Abs(i)**(1/4)*Abs(r)**(5/4)
2381,0.8690045398905402,B0*s ; -i + r + sqrt(Abs(B1 + 2*r)),0.0477156514399529*s ; -i + r + sqrt(Abs(2*r + 0.0226386752356791))
2382,0.869004539890439,B0*s ; 2*i + r + sqrt(Abs(B1 + r)),0.047714256807512*s ; 2*i + r + sqrt(Abs(r + 0.000464586055012784))
2383,0.8690045398869765,B0*s ; B1 + sqrt(Abs(-B2 + i + 2*r)),0.0477157891665383*s ; sqrt(Abs(i + 2*r - 3.47853632898981)) + 0.208591179107888
2384,0.8690045398857332,B0*s ; B1 + B2*sqrt(Abs(r)) + 2*i,0.0477158321359867*s ; 2*i + 0.0514288856424414*sqrt(Abs(r)) + 0.000310301378275941
2385,0.8690045398752901,B0*s ; B1*sqrt(Abs(r)) + B2*r + i,0.0477137798826952*s ; i + 53.9157343189579*r + 0.0304933111120063*sqrt(Abs(r))
2386,0.8690045398571988,B0*s ; B1 + 2*r + sqrt(Abs(i - r)),0.0477165222547231*s ; 2*r + sqrt(Abs(i - r)) + 0.0266510139472422
2387,0.8690045398554128,B0*s ; sqrt(Abs(B1 + B2*i + B3*r)),0.0477165555780251*s ; sqrt(Abs(0.000107629889435623*i + 0.00232661920596087*r + 12.7386199235818))
2388,0.8690045398478294,B0*s ; B1 + sqrt(Abs(B2*r + B3*i)),0.0477132226001637*s ; sqrt(Abs(0.0392490368709813*i + 12.4906068715472*r)) + 0.125910857721676
2389,0.8690045398277102,B0*s ; B1*r*sqrt(Abs(i + r)) - i,0.0477129083996641*s ; -i + 0.0460867245171685*r*sqrt(Abs(i + r))
2390,0.8690045398043443,B0*s ; sqrt(Abs(B1*i**2 + i*r)),0.0477125954108009*s ; sqrt(Abs(0.00559408166692666*i**2 + i*r))
2391,0.8690045397937664,B0*s ; B1 + B2*i*sqrt(Abs(r)) + i,0.0477174459477906*s ; 2.84158028769255*i*sqrt(Abs(r)) + i + 0.000544044401523014
2392,0.8690045396894813,B0*s ; B1 - sqrt(Abs(B2 + i + 2*r)),0.0477114410335266*s ; 0.575784106793656 - sqrt(Abs(i + 2*r + 1.67807800264578))
2393,0.869004539671446,B0*s ; r*sqrt(Abs(B1 + i**3)),0.0477186199551581*s ; r*sqrt(Abs(i**3 + 1.50573643554946))
2394,0.8690045396375855,B0*s ; B1 - sqrt(Abs(B2*i + B3*r)),0.0477110292398478*s ; 0.600426709767379 - sqrt(Abs(0.22865578126303*i + 0.525033463152377*r))
2395,0.8690045395375885,B0*s ; B1*r + B2*r*sqrt(Abs(i)),2.71888967131932*s ; 0.0142274520951969*r*sqrt(Abs(i)) + 12.8916316811847*r
2396,0.8690045391508711,B0*s ; B1*r*sqrt(Abs(i + r)) + r,0.0477083106952473*s ; 0.0105545170127724*r*sqrt(Abs(i + r)) + r
2397,0.8690045389352917,B0*s ; B1 - r + sqrt(Abs(i*r - r)),0.0477074134528707*s ; -r + sqrt(Abs(i*r - r)) + 0.000277237340522849
2398,0.8690045374334182,B0*s ; -i + sqrt(Abs(B1 + r**3)),0.0477028906152066*s ; -i + sqrt(Abs(r**3 + 0.000222945642045203))
2399,0.8690045014882934,B0*i*s + B0*s**2 ; sqrt(Abs(r)),0.047667337110395*i*s + 0.047667337110395*s**2 ; sqrt(Abs(r))
2400,0.8690045014757747,B0*s ; 3*r - sqrt(Abs(i - r)),0.0476673293524862*s ; 3*r - sqrt(Abs(i - r))
2401,0.8690044990849194,B0*s + s*sqrt(Abs(i + s)) ; r,s*sqrt(Abs(i + s)) - 0.952334129801414*s ; r
2402,0.8690044976612737,B0*s ; -3*i + r + sqrt(Abs(r)),0.0476650215992149*s ; -3*i + r + sqrt(Abs(r))
2403,0.8690044971363433,B0*i*s + B0*s**2 ; r,0.0476647123200077*i*s + 0.0476647123200077*s**2 ; r
2404,0.8690044965354414,B0*s ; sqrt(Abs(i**2 + i*r + r)),0.0476643606017639*s ; sqrt(Abs(i**2 + i*r + r))
2405,0.8690044956008294,B0*s ; 2*i*r + sqrt(Abs(i)),0.0476638183669826*s ; 2*i*r + sqrt(Abs(i))
2406,0.8690044951545476,B0*s ; sqrt(Abs(i**2*Abs(r)**(1/4) + r)),0.0476635614664164*s ; sqrt(Abs(i**2*Abs(r)**(1/4) + r))
2407,0.8690044951545476,B0*s ; i*sqrt(Abs(i*r - r**2)),0.0476635614664164*s ; i*sqrt(Abs(i*r - r**2))
2408,0.8689831892450229,B0*i**2*s + B0*s ; i,0.0476654369234341*i**2*s + 0.0476654369234341*s ; i
2409,0.8689707663400519,B0 + B1*i + B2*s ; B3*r + i*r + i - r**2,-0.414258630456813*i + 0.0806417225115554*s - 0.0863225974746617 ; i*r + i - r**2 + 1.21763960583023*r
2410,0.8689068364191413,B0*sqrt(Abs(s)) + B1*s**2 ; sqrt(Abs(B2*i + sqrt(Abs(r)))),0.00878661816237298*s**2 + 0.0314191872984707*sqrt(Abs(s)) ; sqrt(Abs(0.00329305652901578*i + sqrt(Abs(r))))
2411,0.8688340138942009,B0*i ; 3*i,-0.0150139349119531*i ; 3*i
2412,0.8688203483101646,B0*i**2 ; B1*sqrt(Abs(i)) + i,18.1865756243421*i**2 ; i + 0.236950866959901*sqrt(Abs(i))
2413,0.8687863696488587,sqrt(2)*i*sqrt(Abs(s)) ; B0 + i,sqrt(2)*i*sqrt(Abs(s)) ; i + 0.00128740138509382
2414,0.868774556141242,sqrt(Abs(B0*i + B1*s)) ; i + r + sqrt(Abs(B2 + r**2)),sqrt(Abs(1.37321395937363e-6*i - 0.00128275105531628*s)) ; i + r + sqrt(Abs(r**2 + 11.3537558700256))
2415,0.8687708251318587,-i**2 ; r,-i**2 ; r
2416,0.8686870758392332,B0*s + B1*sqrt(Abs(i))*sqrt(Abs(s)) ; r,0.0350632587490635*s + 0.0297356944463082*sqrt(Abs(i))*sqrt(Abs(s)) ; r
2417,0.8686861490013349,B0*sqrt(Abs(i)) ; Abs(i)**(1/4),0.000771479131472242*sqrt(Abs(i)) ; Abs(i)**(1/4)
2418,0.8686437536677055,B0*sqrt(Abs(i)) + B1*i + B2*i*s ; -r + sqrt(Abs(i**2 + i*r)),0.672106125974057*i*s - 0.0364134183863982*i + 0.00438373580823133*sqrt(Abs(i)) ; -r + sqrt(Abs(i**2 + i*r))
2419,0.8686318076132638,B0*i + B2*i*sqrt(Abs(B1 + i)) ; -i + sqrt(Abs(B3*r**2 + B4*i*r)),-0.356115951213351*i*sqrt(Abs(i + 0.12421788941187)) + 0.41313156117086*i ; -i + sqrt(Abs(2.52398782421269*i*r - 9.36134012240891*r**2))
2420,0.8685879425320631,B0*sqrt(Abs(i)) + B1*i + B2*i**2 ; -r + sqrt(Abs(i**2 + i*r**2)),-1.57170113038931*i**2 + 0.697661779957873*i - 0.0216208064154779*sqrt(Abs(i)) ; -r + sqrt(Abs(i**2 + i*r**2))
2421,0.8685855716407769,B0 + B1*i ; B2*i + B3*i**2 + B3*i*r,0.426415814351732*i + 0.000323152046033596 ; 0.585830425734242*i**2 + 0.585830425734242*i*r + 0.156858572690041*i
2422,0.868581508336913,B0*sqrt(Abs(i)) + B1*s + B2*s**2 ; B3 + sqrt(Abs(B4*i + B5*i*r)),-0.299044543563959*s**2 + 0.301832816214437*s - 0.00155057009991199*sqrt(Abs(i)) ; sqrt(Abs(0.238803904780864*i*r - 0.10184016796795*i)) + 0.0967104019579349
2423,0.868569708722268,B0*sqrt(Abs(i)) + B1*s + B2*s**2 ; -i + sqrt(Abs(B3*i + B4*i*r)),-0.300035457607734*s**2 + 0.302424227372111*s - 0.00169110258475629*sqrt(Abs(i)) ; -i + sqrt(Abs(0.28518663582246*i*r + 0.00156354187246671*i))
2424,0.8685617545273486,B0*sqrt(Abs(i)) + B1*s + B2*s**2 ; B3 + sqrt(Abs(B4*i*r + i**2)),-0.300146367533592*s**2 + 0.303622267777965*s - 0.00151366574465331*sqrt(Abs(i)) ; sqrt(Abs(i**2 + 0.859063613789547*i*r)) + 0.272090012447367
2425,0.8685504245871424,B0*i*s**2 + B0*s ; B1 - i*r**2 + i,0.0460834078849347*i*s**2 + 0.0460834078849347*s ; -i*r**2 + i + 0.00633011278930444
2426,0.8685015921133198,B0*sqrt(Abs(i)) ; r,0.0125756675852651*sqrt(Abs(i)) ; r
2427,0.868501591770678,B0*sqrt(Abs(i)) ; B1*r,0.012577487384138*sqrt(Abs(i)) ; 0.0186807231699981*r
2428,0.8685015914448855,B0*sqrt(Abs(i)) ; i*r,0.0125731272103554*sqrt(Abs(i)) ; i*r
2429,0.868501591387167,B0*sqrt(Abs(i)) ; sqrt(Abs(r)),0.0125730197644186*sqrt(Abs(i)) ; sqrt(Abs(r))
2430,0.8685015912182674,B0*sqrt(Abs(i)) ; r**2,0.0125727278122783*sqrt(Abs(i)) ; r**2
2431,0.8685015909782225,B0*sqrt(Abs(i)) ; r + sqrt(Abs(r)),0.0125723568668666*sqrt(Abs(i)) ; r + sqrt(Abs(r))
2432,0.8685015909495831,B0*sqrt(Abs(i)) ; -r - sqrt(Abs(r)),0.012572315348202*sqrt(Abs(i)) ; -r - sqrt(Abs(r))
2433,0.868492685444833,B0*i ; B1*i + sqrt(Abs(r)),-0.000120048258826935*i ; -2.49213453705385*i + sqrt(Abs(r))
2434,0.8684847728234159,B0*sqrt(Abs(i)) + B1*s + B2*s**2 ; B3*sqrt(Abs(i)) - i,-0.278458530379626*s**2 + 0.281501581775167*s - 0.00127288322329944*sqrt(Abs(i)) ; -i + 0.254774588899729*sqrt(Abs(i))
2435,0.8684832013980498,B0*sqrt(Abs(i)) + B1*i + B2*i*s ; -i + sqrt(Abs(i**2*r + i**2)),0.274538881967906*i*s - 0.0390953779565511*i + 0.0237654371133788*sqrt(Abs(i)) ; -i + sqrt(Abs(i**2*r + i**2))
2436,0.8684798919732858,B0*sqrt(Abs(i)) + B1*s + B2*s**2 ; B3 + B4*i,-0.346772276768415*s**2 + 0.357516867826903*s - 0.0439265859695044*sqrt(Abs(i)) ; 0.180504388503898*i - 0.0129619939125752
2437,0.8684498844149622,B0*sqrt(Abs(i)) + B1*i + B2*i*s ; -r + sqrt(Abs(i))*Abs(B3 - r)**(1/4),0.56978228791616*i*s - 0.197940070984159*i + 0.109098531748783*sqrt(Abs(i)) ; -r + sqrt(Abs(i))*Abs(r + 0.0174386956361528)**(1/4)
2438,0.8684419844466436,B0*sqrt(Abs(i)) + B1*s + B2*s**2 ; B3*sqrt(Abs(i)) - r,-0.293277232004758*s**2 + 0.298903515337672*s - 0.0194821677930727*sqrt(Abs(i)) ; -r + 0.565456195169908*sqrt(Abs(i))
2439,0.8684343485009268,B0*sqrt(Abs(i)) + B1*s + B2*s**2 ; -r + sqrt(Abs(B3*i + i*r)),-0.270783838638571*s**2 + 0.278122252322742*s - 0.0111558708442011*sqrt(Abs(i)) ; -r + sqrt(Abs(i*r + 0.389809008877376*i))
2440,0.8684044501984771,B1*sqrt(Abs(B0*s - 2*i)) ; i**2*r,0.00793622994001722*sqrt(Abs(2*i + 20.9630734267809*s)) ; i**2*r
2441,0.8683883997299289,B0*i*s + B0*i + B1*i**2 ; B2 + B3*sqrt(Abs(r)),-0.15387114734342*i**2 + 0.138505254466595*i*s + 0.138505254466595*i ; 0.182021659637414*sqrt(Abs(r)) - 0.0227876497347233
2442,0.8683845877868656,B0 + B1*i**2 + B1*i + B2*s ; r,-0.294812971568287*i**2 - 0.294812971568287*i - 0.568435475354341*s + 0.571693827457504 ; r
2443,0.8683845877444322,B0*i + B1*s + B2*i*s ; sqrt(Abs(i*r**3 - i*r**2)),0.294799455287363*i*s - 0.0179276615614117*i + 0.00325916348600596*s ; sqrt(Abs(i*r**3 - i*r**2))
2444,0.8683845877343837,B0 + B1*i + B2*i*s + B2*s ; r,0.29479777833582*i*s + 0.273611336914218*i + 0.29479777833582*s - 0.29153851576514 ; r
2445,0.8683755149423702,B1*sqrt(Abs(B0 + i + 2*s)) ; Abs(i)**(3/4)*Abs(r)**(1/4),0.0348856649841491*sqrt(Abs(i + 2*s - 0.910770656869941)) ; Abs(i)**(3/4)*Abs(r)**(1/4)
2446,0.8683754052496558,sqrt(Abs(B0 + B1*i + B2*s)) ; 2*r,sqrt(Abs(0.0902914363973474*i + 0.0915070544455764*s - 0.0901841595239605)) ; 2*r
2447,0.8683590175466274,B0*sqrt(Abs(i)) + B1*s + B2*s**2 ; B3 + B4*sqrt(Abs(i))*sqrt(Abs(r)),-0.293826969371847*s**2 + 0.312518291038592*s - 0.00161669340373443*sqrt(Abs(i)) ; 15.038742026885*sqrt(Abs(i))*sqrt(Abs(r)) + 242.148199799067
2448,0.8683411659117612,B0*sqrt(Abs(i)) + B1*s + B2*s**2 ; -r + sqrt(Abs(B3*i + B4*i*r)),-0.293649631508063*s**2 + 0.298475107126656*s - 0.0157306884103197*sqrt(Abs(i)) ; -r + sqrt(Abs(1.3685360093875*i*r - 0.234339939848833*i))
2449,0.8683372929631484,B0*i*s + B0*s + B1*s**2 ; B2 + i*r + 2*i,0.252971285920089*i*s - 0.252360891687208*s**2 + 0.252971285920089*s ; i*r + 2*i - 0.0197631082375417
2450,0.8683320687151825,B0*i + B0*s + B1*sqrt(Abs(s)) ; B2*i*r,-0.0004118999035763*i - 0.0004118999035763*s + 0.0504722553714218*sqrt(Abs(s)) ; 0.00069531171113653*i*r
2451,0.8683278232707148,B0*i + B0*s + B1*sqrt(Abs(s)) ; r**2 - r + sqrt(Abs(r)),-0.000421643286197148*i - 0.000421643286197148*s + 0.0505733428830686*sqrt(Abs(s)) ; r**2 - r + sqrt(Abs(r))
2452,0.8683277087207073,sqrt(Abs(B0*i*s + B1*i)) ; B2 + B3*r,sqrt(Abs(0.000339098359659925*i*s + 1.90459088490939e-5*i)) ; -0.296043599023973*r - 0.937288437981772
2453,0.8683199856933006,B0*sqrt(Abs(i)) + B1*s + B2*s**2 ; B3 + sqrt(Abs(B4*sqrt(Abs(r)) + B5*i)),-0.286763697083501*s**2 + 0.293435599290328*s - 0.00617353196398757*sqrt(Abs(i)) ; sqrt(Abs(0.0580302135354948*i + 0.0917499673752662*sqrt(Abs(r)))) - 0.00570883620032942
2454,0.8683183340919793,B0*i + B0*s + B1*sqrt(Abs(s)) ; i*sqrt(Abs(r)),-0.000447134350572999*i - 0.000447134350572999*s + 0.0507431027196048*sqrt(Abs(s)) ; i*sqrt(Abs(r))
2455,0.8683139834350209,B0 + B1*sqrt(Abs(s)) ; B2*i + i*r + Abs(i)**(3/2),0.0508342137260351*sqrt(Abs(s)) - 0.000452281301034457 ; i*r + 0.644112308392715*i + Abs(i)**(3/2)
2456,0.8683053861945493,B0*sqrt(Abs(i)) + B1*s + B2*s**2 ; -i + sqrt(Abs(B3*i + i**2)),-0.297726449718173*s**2 + 0.303397914510856*s - 0.016135428749257*sqrt(Abs(i)) ; -i + sqrt(Abs(i**2 + 0.012804378204146*i))
2457,0.8683021858697493,B0*sqrt(Abs(i)) + B1*s + B2*s**2 ; -i + sqrt(Abs(i**2*r + i**2)),-0.296928746644574*s**2 + 0.302858031436956*s - 0.0147383833707976*sqrt(Abs(i)) ; -i + sqrt(Abs(i**2*r + i**2))
2458,0.8683021858692164,B0*sqrt(Abs(i)) + B1*s + B2*i*s ; B3*i*sqrt(Abs(r)) - r,0.296931164147601*i*s + 0.00592913492317412*s - 0.0147383057266694*sqrt(Abs(i)) ; 12.3984393923784*i*sqrt(Abs(r)) - r
2459,0.8683021858191567,B0*sqrt(Abs(i)) + B1*s + B2*s**2 ; -i + sqrt(Abs(B3*i*r + i**2)),-0.296947480538413*s**2 + 0.302877147050932*s - 0.0147463824381479*sqrt(Abs(i)) ; -i + sqrt(Abs(i**2 + 0.000277439688370688*i*r))
2460,0.8682965277497755,B0 + B1*s + B1*sqrt(Abs(i)) ; sqrt(Abs(i)),-0.005155299966644*s - 0.005155299966644*sqrt(Abs(i)) + 0.0579184356467009 ; sqrt(Abs(i))
2461,0.868295965895749,B0*sqrt(Abs(i)) + B1*s + B2*s**2 ; -r + sqrt(Abs(B3*i**2 + i*r)),-0.297320041770593*s**2 + 0.303727448709262*s - 0.0245187976066789*sqrt(Abs(i)) ; -r + sqrt(Abs(1.72995243220204*i**2 + i*r))
2462,0.8682885642318795,B0*sqrt(Abs(i)) + B1*i + B2*i*s ; -i + sqrt(2)*sqrt(Abs(i))*sqrt(Abs(r)),0.144510114512155*i*s - 0.0313264227714926*i + 0.0312070585576538*sqrt(Abs(i)) ; -i + sqrt(2)*sqrt(Abs(i))*sqrt(Abs(r))
2463,0.8682739076896075,B0*i + B0*sqrt(Abs(s)) + B1*s ; B2 + sqrt(Abs(i)),-0.000203355265952971*i + 0.0483990755474901*s - 0.000203355265952971*sqrt(Abs(s)) ; sqrt(Abs(i)) + 3.49529750889252
2464,0.868258787850481,B0*sqrt(Abs(i)) + B1*s + B2*s**2 ; -r + sqrt(Abs(B3*i + i**2*r)),-0.276103093280732*s**2 + 0.281479019744834*s - 0.010600073583615*sqrt(Abs(i)) ; -r + sqrt(Abs(i**2*r + 0.286174319276767*i))
2465,0.8681877033439628,B0*i*s + B1*i*s**2 ; i,-2.1282506697406*i*s**2 + 3.10796947575128*i*s ; i
2466,0.8681489435881938,B0*i**2 + B1*i*s ; B2 + sqrt(Abs(r)),7.74279523303586e-7*i**2 - 0.000505843526672398*i*s ; sqrt(Abs(r)) + 34.4244596771487
2467,0.8681419991436425,B0 + B1*Abs(i)**(1/4) + B2*s ; 2*i**2*r + r,0.153450651202338*s + 0.246057777541011*Abs(i)**(1/4) - 0.23673876916062 ; 2*i**2*r + r
2468,0.8681022600078186,B0*i*s + B1*i*s**2 ; sqrt(Abs(B2 + i*r - 2*i)),0.000861872623692063*i*s**2 - 0.00161095980887548*i*s ; sqrt(Abs(i*r - 2*i + 0.0346097424642605))
2469,0.8680719308891591,B0*i + B1*i**2 + B1*i*s ; i**2,0.338374397191996*i**2 + 0.338374397191996*i*s + 0.0091667292700055*i ; i**2
2470,0.8680178996944429,B0*sqrt(Abs(i)) + B1*i + B2*i*s ; B3 + i,0.293334525012894*i*s + 1.24344997770207*i - 0.194779277532766*sqrt(Abs(i)) ; i - 0.0243806959064324
2471,0.867994534242789,B0*sqrt(Abs(s)) ; i**2*sqrt(Abs(r)) + i**2,0.0339964526145429*sqrt(Abs(s)) ; i**2*sqrt(Abs(r)) + i**2
2472,0.8679910688474118,B0*sqrt(Abs(s)) ; B1 - r + sqrt(Abs(B2 + i + r)),0.0339964495278763*sqrt(Abs(s)) ; -r + sqrt(Abs(i + r + 0.0522982941601641)) + 0.00206858015892867
2473,0.8679905860594577,B0*sqrt(Abs(s)) ; i + sqrt(Abs(B1*i + i*r)),0.0339964568722065*sqrt(Abs(s)) ; i + sqrt(Abs(i*r + 1.89219158133854*i))
2474,0.8679903661926759,B0*sqrt(Abs(s)) ; B1 + 3*i + sqrt(Abs(i)),0.0339964472454013*sqrt(Abs(s)) ; 3*i + sqrt(Abs(i)) + 0.000781412767870186
2475,0.867987799858147,B0*sqrt(Abs(s)) ; B1 + B3*sqrt(Abs(B2 + i)) + i,0.0334136381369829*sqrt(Abs(s)) ; i + 0.0842528147186851*sqrt(Abs(i + 0.17007385213332)) + 0.19143905402271
2476,0.8679876589930211,B0*sqrt(Abs(i)) ; B1 + i*r + i - r,0.0457777610866141*sqrt(Abs(i)) ; i*r + i - r + 0.661314572943642
2477,0.8679850513449823,B0*sqrt(Abs(s)) ; sqrt(Abs(B1*i**2 + B2*i)),0.0339835790840207*sqrt(Abs(s)) ; sqrt(Abs(0.0109550862366197*i**2 + 0.0516080645662508*i))
2478,0.8679841250745787,B0*sqrt(Abs(s)) ; B1*r + B3*sqrt(Abs(B2 - i)),0.0339839818926885*sqrt(Abs(s)) ; 20.8490323625704*r + 1.29215005388725*sqrt(Abs(i - 38.4658887696294))
2479,0.8679820653402117,B0*sqrt(Abs(s)) ; -r**2 + r*sqrt(Abs(B1 + i)),0.0334032271051729*sqrt(Abs(s)) ; -r**2 + r*sqrt(Abs(i + 12.1374380336379))
2480,0.8679819009445329,B0*sqrt(Abs(s)) ; i*sqrt(Abs(2*i - 2*r)),0.0339802756277982*sqrt(Abs(s)) ; i*sqrt(Abs(2*i - 2*r))
2481,0.867981616953675,B0*sqrt(Abs(s)) ; r*sqrt(Abs(i)) + Abs(i)**(5/2),0.03340328021301*sqrt(Abs(s)) ; r*sqrt(Abs(i)) + Abs(i)**(5/2)
2482,0.8679769867459401,B0*s + s*sqrt(Abs(B1*i + B1*s)) ; B2*r**3 + i + r,s*sqrt(Abs(6.39600038241367e-5*i + 6.39600038241367e-5*s)) + 0.0130289115084948*s ; i + 1.63285885455971*r**3 + r
2483,0.8679312474665635,i*s ; B0 + i*sqrt(Abs(r)) + i,i*s ; i*sqrt(Abs(r)) + i - 0.0214290361648633
2484,0.8679305132503266,B0*i + B1*s**2 ; B2*sqrt(Abs(r)) + Abs(r)**(3/2),0.00317279376465258*i + 0.0449898504002926*s**2 ; Abs(r)**(3/2) + 0.0190265938155091*sqrt(Abs(r))
2485,0.8679304980925712,B0*i + B1*s**2 ; B2*r,0.00316638185122331*i + 0.0449435459003864*s**2 ; 12.7010076438682*r
2486,0.8679304925925998,B0*i + B1*s**2 ; r,0.00316838949593514*i + 0.045027591479494*s**2 ; r
2487,0.8679276579192874,B0*i**2 + B2*i*sqrt(Abs(B1 + s)) ; i*r,-0.344901205737194*i**2 + 0.0550144970723072*i*sqrt(Abs(s + 31.1662915004866)) ; i*r
2488,0.8679276189128484,B0*i**2 + B2*i*sqrt(Abs(B1 - s)) ; B3*r - r**2,-0.344637651510107*i**2 + 0.0564552003200062*i*sqrt(Abs(s + 29.5467595260539)) ; -r**2 + 0.215746326550476*r
2489,0.8678933073316395,B0 + B1*i + B1*s + B2*i*s ; r,0.256768591301379*i*s + 3.3896504567802*i + 3.3896504567802*s - 3.38452090610914 ; r
2490,0.8678781643692213,B0*i*s ; B1 + B2*i - i**2 - i*r,-0.00998540277281631*i*s ; -i**2 - i*r + 0.686217342978332*i + 3.38228756823877
2491,0.8678350346725447,B0*Abs(s)**(1/8) ; sqrt(Abs(B1 + r)),0.0164975703166083*Abs(s)**(1/8) ; sqrt(Abs(r + 0.777133795613905))
2492,0.8678309167136903,B0*Abs(s)**(1/8) ; B1 + r,0.016723987831254*Abs(s)**(1/8) ; r + 0.376121066617336
2493,0.8678168706553624,B0*Abs(s)**(1/8) ; i*r,0.0166237839815069*Abs(s)**(1/8) ; i*r
2494,0.8678112714783086,B0*Abs(s)**(1/8) ; B1 + sqrt(Abs(r)),0.0165794754577526*Abs(s)**(1/8) ; sqrt(Abs(r)) + 0.0101525334185662
2495,0.8678072726610448,B0*Abs(s)**(1/8) ; r,0.0163571716345342*Abs(s)**(1/8) ; r
2496,0.8677596936923476,B0*s**2 + B1*i**2*s ; B2 + i,9.72722159050959*i**2*s - 0.0142841193375255*s**2 ; i - 0.0451445513785585
2497,0.867723293841546,B0*i**2 + B0*s + B1*i*s ; i**2*sqrt(Abs(i - r)),-0.0021945128483014*i**2 + 0.36881449661855*i*s - 0.0021945128483014*s ; i**2*sqrt(Abs(i - r))
2498,0.8676566503804474,B0*i + B1*i**2 ; B2 + i,-4.98165814827798*i**2 - 1.0834566054009*i ; i + 0.218067019876913
2499,0.8676412975445005,B0*i*s + B0*s*sqrt(Abs(i)) ; B1 + i,0.395455318799549*i*s + 0.395455318799549*s*sqrt(Abs(i)) ; i + 0.0688460146211163
2500,0.8676368874106022,B0*Abs(s)**(1/4) ; sqrt(Abs(r)) + sqrt(Abs(r + sqrt(Abs(r)))),0.0211572300483516*Abs(s)**(1/4) ; sqrt(Abs(r)) + sqrt(Abs(r + sqrt(Abs(r))))
2501,0.8675306964477542,B0*s**2 ; B1 + i*r - i + r,0.0447766571815419*s**2 ; i*r - i + r + 0.0296356483645586
2502,0.8675306958621601,B0*s**2 ; B1 + B2*r**2 - r,0.0447645740553805*s**2 ; 0.0237197119074761*r**2 - r + 0.00132638808894338
2503,0.8675237097417816,B0*i ; B1 + B2*sqrt(Abs(i))*sqrt(Abs(r)),-0.188666874119618*i ; -0.48913052595239*sqrt(Abs(i))*sqrt(Abs(r)) + 0.137337933322346
2504,0.8673651932807244,B0*s + B1*i*s + B1*s**2 ; B2 + B3*r + B4*i*r**2,1.23162599703354*i*s + 1.23162599703354*s**2 - 1.2237762270766*s ; 1.81858565757635*i*r**2 + 0.200476838730765*r - 0.00248371986941818
2505,0.8673255040662144,B0*i + B0*s**2 + B1*i*s ; sqrt(Abs(i + r)),-0.0349123577303192*i*s + 0.00338168242194807*i + 0.00338168242194807*s**2 ; sqrt(Abs(i + r))
2506,0.8672897100762487,B0 + B1*sqrt(Abs(s - sqrt(Abs(s)))) ; B2*sqrt(Abs(r)),0.0575753195820425 - 0.0645335438884577*sqrt(Abs(s - sqrt(Abs(s)))) ; 0.116089823555274*sqrt(Abs(r))
2507,0.8672409455736101,B0 + B1*sqrt(Abs(i**2 + i)) ; r,0.0580680256886569 - 0.036398290257136*sqrt(Abs(i**2 + i)) ; r
2508,0.8672283116423505,B0 + B1*i + B2*i*s**2 ; i,0.297172670540175*i*s**2 + 0.909940207124604*i - 0.000207206749155566 ; i
2509,0.8672214674964617,B0 + B1*i + B1*sqrt(Abs(s)) ; r,-0.143249507997255*i - 0.143249507997255*sqrt(Abs(s)) + 0.183196011346881 ; r
2510,0.8671797310631585,B0*i + B0*s**2 + B1*i*s ; B2 - sqrt(Abs(B3 + B4*i)),0.0017181180395856*i*s - 5.26725995961584e-5*i - 5.26725995961584e-5*s**2 ; 7.62377942082164 - sqrt(Abs(2.61512360741705*i + 114.442106468703))
2511,0.8671278560258031,B0*s**2*sqrt(Abs(i)) ; i,0.225447885875801*s**2*sqrt(Abs(i)) ; i
2512,0.8670478683144541,B0*Abs(i)**(1/4) ; r,0.0117701294391444*Abs(i)**(1/4) ; r
2513,0.8670207646500255,B0*i + B1*s + B2*s*sqrt(Abs(i)) ; B3*sqrt(Abs(r)),0.00405461891791492*i + 0.194573131908487*s*sqrt(Abs(i)) - 0.0228668779675323*s ; 1.68859454998333*sqrt(Abs(r))
2514,0.8669529154359111,B0*i + B0*s + B1*i**2 ; B5*sqrt(Abs(B2 + B3*r + B4*i)),-0.0182579649845576*i**2 + 0.0374911493100692*i + 0.0374911493100692*s ; -0.0417644829243929*sqrt(Abs(0.867639610304388*i + 0.408475263908048*r - 1.35298477553464))
2515,0.8669077304317051,B0*s + B1*i*s + B1*s**2 ; B2*r + sqrt(Abs(i)),-0.00604339467645683*i*s - 0.00604339467645683*s**2 + 0.0149098502743489*s ; -0.106175682210193*r + sqrt(Abs(i))
2516,0.8668927740141837,B0 + B1*Abs(i)**(3/2) ; i,4.52474429044208*Abs(i)**(3/2) + 0.00614439153663232 ; i
2517,0.8668822205055071,B0 + B1*sqrt(Abs(s)) - i ; B2*i*r,-i + 2.5686571200633*sqrt(Abs(s)) - 1.79938230164094 ; 0.639421988941223*i*r
2518,0.8668584324972733,B0*s + B1*s*sqrt(Abs(i)) ; B2 - r + sqrt(Abs(-i**2 + i*r + i)),0.0144848230880496*s*sqrt(Abs(i)) + 0.00456560597208907*s ; -r + sqrt(Abs(-i**2 + i*r + i)) + 0.0423873312906515
2519,0.8668255415979284,B0 + B1*sqrt(Abs(i)) ; sqrt(Abs(2*r + sqrt(Abs(i)))),0.0377441812661641 - 0.00279206476724004*sqrt(Abs(i)) ; sqrt(Abs(2*r + sqrt(Abs(i))))
2520,0.866766557373701,B0 + B1*i ; B2*sqrt(Abs(i)) + sqrt(Abs(i))*sqrt(Abs(r)),0.000327152099962686*i + 0.0384549459521454 ; sqrt(Abs(i))*sqrt(Abs(r)) + 0.0575726638258565*sqrt(Abs(i))
2521,0.8667529277146624,B0*i**2*s + B0*i*s**2 ; B1 + B2*i + 2*r,1.60320638213202e-5*i**2*s + 1.60320638213202e-5*i*s**2 ; 2.08768434794931*i + 2*r + 11.3657890881178
2522,0.8667391241476677,B0*i**2 + B0*i*sqrt(Abs(s)) ; B1 - r,0.0412870082827805*i**2 + 0.0412870082827805*i*sqrt(Abs(s)) ; 1.93736366635598 - r
2523,0.8667185992568421,B0 - i*s + i ; B1*i**2 + B2*i*r,-i*s + i + 0.00760751384864625 ; 0.065865908255337*i**2 + 3.44377445423925*i*r
2524,0.8666900180947226,B0*i ; B1 + 2*i - r,-0.00778530272658495*i ; 2*i - r + 5.36034107646825
2525,0.8666893222156224,B0*i*sqrt(Abs(s)) ; sqrt(Abs(i**2 + Abs(i)**(5/2))),1.26921125135431*i*sqrt(Abs(s)) ; sqrt(Abs(i**2 + Abs(i)**(5/2)))
2526,0.8665688401928238,B0 + B1*i ; i + sqrt(Abs(i))*sqrt(Abs(r)) + sqrt(Abs(r)),0.000407504441178779*i + 0.0460468435301525 ; i + sqrt(Abs(i))*sqrt(Abs(r)) + sqrt(Abs(r))
2527,0.8665415588297108,B0*i + B1*s + B1*sqrt(Abs(s)) ; B3*Abs(B2 + r)**(1/4),0.0113678861532587*i + 0.0234224672939848*s + 0.0234224672939848*sqrt(Abs(s)) ; 0.0296554952678798*Abs(r - 0.00370343735970413)**(1/4)
2528,0.8663272354926566,B0*i*s ; sqrt(Abs(B1*i*r**2 + B2*i*r)),0.313695200331138*i*s ; sqrt(Abs(0.00684703891022753*i*r**2 + 0.00112391087411007*i*r))
2529,0.8663272353772963,B0*i*s ; sqrt(Abs(i**2*r + i*r**2 + r)),0.313698436375974*i*s ; sqrt(Abs(i**2*r + i*r**2 + r))
2530,0.8663272352559199,B0*i**2*s + B0*i*s**2 ; sqrt(Abs(r)),0.313700703632772*i**2*s + 0.313700703632772*i*s**2 ; sqrt(Abs(r))
2531,0.8662064850676432,B0*i*Abs(s)**(3/2) ; -r + sqrt(Abs(i)),-0.0145607895922195*i*Abs(s)**(3/2) ; -r + sqrt(Abs(i))
2532,0.8661992314111444,B0*i*s + B0*i + B1*i**2 ; B2 - sqrt(Abs(B3 + Abs(r)**(1/4))),-1.14712641279642e-5*i**2 + 0.00114808070933217*i*s + 0.00114808070933217*i ; -sqrt(Abs(Abs(r)**(1/4) - 1.2157229106909)) - 3.21162132712797
2533,0.8661796823922904,B0 + B1*s*Abs(i)**(3/2) ; i,5.0654052207648*s*Abs(i)**(3/2) + 0.00977488419024852 ; i
2534,0.8661240756963278,B0*s + B0*sqrt(Abs(i)) ; r,0.0165677419055075*s + 0.0165677419055075*sqrt(Abs(i)) ; r
2535,0.866108619484777,B0*sqrt(Abs(2*i - 2*s)) ; i,0.0212555394847103*sqrt(Abs(2*i - 2*s)) ; i
2536,0.8660937604953566,B0*s - Abs(s)**(3/2) ; sqrt(Abs(B1*i - r)),0.992990624615816*s - Abs(s)**(3/2) ; sqrt(Abs(0.000123904801702653*i - r))
2537,0.8660091727343497,B0*i ; i**2 + i*r + i,1.2279162352188*i ; i**2 + i*r + i
2538,0.866002314603734,B0*Abs(s)**(1/4) + B0*sqrt(Abs(s)) ; r,0.0126906042767624*Abs(s)**(1/4) + 0.0126906042767624*sqrt(Abs(s)) ; r
2539,0.8659146660494512,B0*i + B1*s ; i + sqrt(Abs(B2*r - r*sqrt(Abs(i)))),-0.000160246446132902*i + 0.0439854016972046*s ; i + sqrt(Abs(r*sqrt(Abs(i)) + 90.6986367546563*r))
2540,0.8658431763012341,B0 + B1*i ; sqrt(Abs(r + sqrt(Abs(B2 - 2*r)))),0.000376828429650841*i + 0.044609548761348 ; sqrt(Abs(r + sqrt(Abs(2*r + 1.16777557289006e-10))))
2541,0.8658319443334499,sqrt(Abs(B0*i*s**2 + B1*i*s)) ; B2 + B3*i + B4*i**2,sqrt(Abs(0.105331768605775*i*s**2 - 0.115770027837421*i*s)) ; 1.47218667800651*i**2 + 0.368899754878543*i + 0.000482775828192651
2542,0.8657906758789029,sqrt(Abs(B0*s**2 + B1*s**3)) ; i + r,sqrt(Abs(0.0285757514329456*s**3 - 0.02687006839196*s**2)) ; i + r
2543,0.8657874524351395,sqrt(Abs(B0*s**2 + B1*s**3)) ; r + sqrt(Abs(B2*i + i**2)),sqrt(Abs(0.0286383976390669*s**3 - 0.0269214603081943*s**2)) ; r + sqrt(Abs(i**2 + 0.0315999170887663*i))
2544,0.8657060447807755,B0*i + B1*i**2 + B2*s ; sqrt(Abs(B3 - i + r)),-5.83618416697431e-5*i**2 - 0.0172603164122751*i + 2.72157967165688*s ; sqrt(Abs(i - r + 1.73538546544331))
2545,0.86569901400536,B0*i*s + B0*i + B1*s ; i,-1.06894899812695*i*s - 1.06894899812695*i + 0.12224555318338*s ; i
2546,0.8656605887100501,B0*i*s + B0*i + B1*s ; B2 + B3*sqrt(Abs(r)) - r,0.121415038779307*i*s + 0.121415038779307*i + 0.158900373518982*s ; -r - 1.26043910302732*sqrt(Abs(r)) + 1.60495875015802
2547,0.8655924902236809,B0*i**2 + B1*i**2*s ; B2 + i*r + 2*r,0.0238622025976217*i**2*s - 0.00112854309450282*i**2 ; i*r + 2*r + 3.2238745510614e-5
2548,0.8654966652498859,B0*i + B1*sqrt(Abs(s - sqrt(Abs(s)))) ; B2 + i*r,0.247039494849361*i + 0.00979269039383108*sqrt(Abs(s - sqrt(Abs(s)))) ; i*r + 0.00340158770247588
2549,0.8654587028231147,B0*sqrt(Abs(i)) + B1*s ; sqrt(Abs(2*i + sqrt(Abs(B2 + 2*r)))),0.0489521415511902*s + 0.0017057571267298*sqrt(Abs(i)) ; sqrt(Abs(2*i + sqrt(Abs(2*r - 7.46613256446298))))
2550,0.8654119736303652,B0*i + B0*sqrt(Abs(i)) + B1*s ; r,0.442500448230322*i + 3.37112182233037*s + 0.442500448230322*sqrt(Abs(i)) ; r
2551,0.8652824356880484,B0 + B1*i*s + B1*i ; -i + Abs(B2*i + B3*r)**(1/4),-0.000432389278985116*i*s - 0.000432389278985116*i - 0.0267143297010845 ; -i + Abs(4695.66934091289*i + 4702.46492125499*r)**(1/4)
2552,0.8652593982070395,B0 + B1*i*Abs(s)**(1/4) ; r,-0.0558436184004301*i*Abs(s)**(1/4) + 0.0449721729082995 ; r
2553,0.8652541912003788,B0 + B1*i ; 2*i + sqrt(Abs(i*r - i)),0.00594175949879429 - 0.14414887058528*i ; 2*i + sqrt(Abs(i*r - i))
2554,0.865165378927062,B0 + B1*i ; i*sqrt(Abs(B2*i + B3)),0.0261059116732289 - 0.104046819189118*i ; i*sqrt(Abs(0.463709932432392*i - 0.0652189726872639))
2555,0.8651504164819395,B0*i + B1*i**3*s ; r,-1.82515995119061*i**3*s + 0.271870186986739*i ; r
2556,0.8651504080259942,B0*i + B1*i**3*s ; B2*r,-1.82508594775421*i**3*s + 0.271859440983844*i ; 0.252906368676907*r
2557,0.8651202188830174,B0*i**2 + B1*i**2*s ; sqrt(Abs(i))*Abs(B2*r + B3*i)**(1/4),1.11617892375192e-5*i**2*s - 1.30853549196324e-6*i**2 ; sqrt(Abs(i))*Abs(33.9152984712611*i + 30.5219220997665*r)**(1/4)
2558,0.8650767236755383,B1*sqrt(Abs(B0*sqrt(Abs(s)) + 2*s)) ; -r + sqrt(Abs(B2 - r)),0.0310931658015763*sqrt(Abs(2*s + 0.606246638509815*sqrt(Abs(s)))) ; -r + sqrt(Abs(r - 0.00015622316778178))
2559,0.8647418074941924,B0*i**2 + B1*i*s ; B2 + B3*r - i*r,6.42571090631358e-7*i**2 - 0.00047478565800069*i*s ; -i*r + 0.207883510725121*r + 6.70944845526268
2560,0.8647207691565728,i*s**2 ; B0 + B1*Abs(r)**(1/4),i*s**2 ; 0.00739688140603682*Abs(r)**(1/4) + 0.0115979878674139
2561,0.8646408132934167,B0*i + B1*Abs(i)**(1/4)*Abs(s)**(1/4) ; r,-0.0136545907628141*i + 0.0745156993193431*Abs(i)**(1/4)*Abs(s)**(1/4) ; r
2562,0.8645988142361796,B0*Abs(i)**(1/8)*Abs(s)**(1/4) - i ; B1 + B2*r + i*r - r**2,-i + 0.104948576687347*Abs(i)**(1/8)*Abs(s)**(1/4) ; i*r - r**2 + 0.565936061353179*r + 0.000606573799523964
2563,0.864573817618477,B1*sqrt(Abs(B0 + i + s)) ; B2 + r,0.00316474776461623*sqrt(Abs(i + s + 89.3739425520634)) ; r + 0.000817365288154419
2564,0.8645427709058101,B0*s**2 + B2*s*sqrt(Abs(B1 + i)) ; B3 + r,0.0175703515795519*s**2 + 0.0115732705718319*s*sqrt(Abs(i - 0.0374103681465661)) ; r - 0.00442839097467969
2565,0.8644864427948127,B0*Abs(s)**(3/2) + s ; sqrt(Abs(B1*i + r)),s - 1.00707429413619*Abs(s)**(3/2) ; sqrt(Abs(1.63031611959898*i + r))
2566,0.8642963504902595,B0*Abs(i)**(3/2) + i*s ; i,i*s + 1.44076411201731*Abs(i)**(3/2) ; i
2567,0.8642946583937174,B0 + B1*s**2 + B1*s ; i,0.0221407202007198*s**2 + 0.0221407202007198*s + 0.00389438772305871 ; i
2568,0.8642919735682517,B0 + B1*i**2 ; i,22.2834373828071*i**2 + 0.00934400707831829 ; i
2569,0.8642328559322763,B0 + B1*sqrt(Abs(i))*sqrt(Abs(s)) ; B2*sqrt(Abs(r)),-0.113393396901398*sqrt(Abs(i))*sqrt(Abs(s)) + 0.104964804636481 ; 0.947398006832324*sqrt(Abs(r))
2570,0.8642053397484226,B0*sqrt(Abs(i)) ; i + r,0.00212825504324585*sqrt(Abs(i)) ; i + r
2571,0.8641986968885472,B0*Abs(s + sqrt(Abs(s)))**(1/4) ; B1*Abs(r)**(3/2) + sqrt(Abs(i)),0.0186412123413742*Abs(s + sqrt(Abs(s)))**(1/4) ; sqrt(Abs(i)) + 1.6629472686306*Abs(r)**(3/2)
2572,0.8641656329848021,B0*i + B1*s + B1*sqrt(Abs(s)) ; B2*i**4 - r,-9.77954973930809e-5*i + 0.0250451779619565*s + 0.0250451779619565*sqrt(Abs(s)) ; -0.102741966677688*i**4 - r
2573,0.8641586612284569,B0*i + B1*s + B1*sqrt(Abs(s)) ; B2 + sqrt(Abs(B3*sqrt(Abs(i)) + Abs(i)**(3/2))),-0.00154105687217288*i + 0.0249015607584953*s + 0.0249015607584953*sqrt(Abs(s)) ; sqrt(Abs(Abs(i)**(3/2) - 0.00988983949199766*sqrt(Abs(i)))) - 0.131564598025134
2574,0.8641504709216387,-i**2 + i*sqrt(Abs(B0 + i + s)) - i ; B1*i,-i**2 + i*sqrt(Abs(i + s + 1.66799270661325)) - i ; 0.3368886596913*i
2575,0.8641264630176416,B0*i*s ; B1 - 2*i**2 - r,0.00051959438401058*i*s ; -2*i**2 - r + 205.425163756397
2576,0.8641196255532834,B0*i + B1*s + B1*sqrt(Abs(s)) ; i - r**2 + r + sqrt(Abs(r)),0.000197216902541312*i + 0.0245968821701236*s + 0.0245968821701236*sqrt(Abs(s)) ; i - r**2 + r + sqrt(Abs(r))
2577,0.8640988008587163,B0*sqrt(Abs(i)) + B1*s + B2*i*s ; B3 - i,0.000918445950512052*i*s + 0.0246760889027807*s + 0.000506645490003015*sqrt(Abs(i)) ; 0.0348390370111008 - i
2578,0.8640888715012146,B0*i + B1*s + B1*sqrt(Abs(s)) ; B2 + r,1.11236313721535e-6*i + 0.0256301781522516*s + 0.0256301781522516*sqrt(Abs(s)) ; r + 7.12326667711175
2579,0.8640765352871209,B0*i**2 + B1*i*s ; B2 - i*sqrt(Abs(r)) + r,6.91909066945042e-7*i**2 - 0.000464489628800932*i*s ; -i*sqrt(Abs(r)) + r + 43.4636158824692
2580,0.8640056826260863,B0*s - i + s*sqrt(Abs(B1 + sqrt(Abs(s)))) ; B2*i**2*r**2,-i + s*sqrt(Abs(sqrt(Abs(s)) - 0.0404676559032823)) + 0.681618577153885*s ; 0.206163767821903*i**2*r**2
2581,0.8638795017059189,B0 + B1*Abs(s)**(3/2) ; B2*sqrt(Abs(i))*Abs(r)**(3/2) - i,0.0427274542772615*Abs(s)**(3/2) + 0.00344113868996625 ; -i + 2.17545346715791*sqrt(Abs(i))*Abs(r)**(3/2)
2582,0.8638794926716333,B0 + B1*Abs(s)**(3/2) ; sqrt(Abs(-2*i + r + Abs(r)**(1/4))),0.0426849163980284*Abs(s)**(3/2) + 0.00346328726687169 ; sqrt(Abs(-2*i + r + Abs(r)**(1/4)))
2583,0.8638234551968166,B0*i ; B1 + B2*r + i*r**2,-0.0830269263676847*i ; i*r**2 - 1.31635430516681*r + 1.31509125484619
2584,0.8638089843892568,B0 - i**2 ; B1*sqrt(Abs(r)),0.0183286544645869 - i**2 ; 0.000161539871327862*sqrt(Abs(r))
2585,0.8638072999222448,B1*sqrt(Abs(B0 + s*sqrt(Abs(i)) + s)) ; B2 + r + sqrt(Abs(i))*sqrt(Abs(r)),0.0109581040446973*sqrt(Abs(s*sqrt(Abs(i)) + s + 0.00710125252134492)) ; r + sqrt(Abs(i))*sqrt(Abs(r)) + 0.00997524300019704
2586,0.8637573126619073,B0*i ; B1*sqrt(Abs(r)),0.0261680689307427*i ; 2.21146360842885*sqrt(Abs(r))
2587,0.8637571400947835,B0*i ; r + sqrt(Abs(r)),0.0262887815122105*i ; r + sqrt(Abs(r))
2588,0.8637571036802013,B0*i ; -r + sqrt(Abs(r)),0.0262995817287496*i ; -r + sqrt(Abs(r))
2589,0.8637570025155736,B0*i ; r*sqrt(Abs(i)),0.0260323971266953*i ; r*sqrt(Abs(i))
2590,0.8637569956385376,B0*i ; i*sqrt(Abs(r)),0.0263269881902267*i ; i*sqrt(Abs(r))
2591,0.86375493267797,B0*s + B0*sqrt(Abs(s)) ; B1*r + i*r - r**2,0.0240194876998947*s + 0.0240194876998947*sqrt(Abs(s)) ; i*r - r**2 + 0.0312086468228414*r
2592,0.8635935505169291,B0*i*s + B0*i*sqrt(Abs(B1 - i)) ; B2*r,0.148882369388589*i*s + 0.148882369388589*i*sqrt(Abs(i - 1.02866447358804)) ; 0.000386641967121835*r
2593,0.8635252772598248,i*s**2 ; i,i*s**2 ; i
2594,0.8634828217727668,sqrt(Abs(B0*i**2 + B1*i**2*s)) ; B2*i**2*r + i,sqrt(Abs(0.820440706506563*i**2*s + 0.529976637880169*i**2)) ; -2.22433325002963*i**2*r + i
2595,0.8634464039055906,B0 + B1*i + B2*i**2 ; B3 + i,0.631102413712759*i**2 + 0.981036740159973*i + 0.0279608193236423 ; i + 0.029267825566486
2596,0.8634102834018671,B0 + B1*i + B1*s ; B2 + 2*r,5.52778199168413e-5*i + 5.52778199168413e-5*s + 0.0160938899223988 ; 2*r + 1.77862563982239e-12
2597,0.8633838363599229,i*s**2 ; B0 + B1*i*r,i*s**2 ; 0.0403692096562941*i*r + 0.0137656541636747
2598,0.8632060605972013,B0 + B1*sqrt(Abs(i)) ; B2*r - i*r + sqrt(Abs(r)),0.0631659688844143 - 0.0573466881053691*sqrt(Abs(i)) ; -i*r + 0.0736542171514629*r + sqrt(Abs(r))
2599,0.8631520076952062,B0*i + B1*i**2 ; B2 + i**2 + i,0.574202938587406*i**2 + 0.998560891735089*i ; i**2 + i + 0.000220333057078271
2600,0.8630314118121251,B0*s + B1*i*s + B1*s**2 ; B2 + r,0.000595867775609449*i*s + 0.000595867775609449*s**2 + 2.73568523157648*s ; r + 0.014598863687498
2601,0.8630047634741268,B0*i*s + B0*Abs(i)**(3/2)*Abs(s)**(3/2) ; B1*r,0.234294693372159*i*s + 0.234294693372159*Abs(i)**(3/2)*Abs(s)**(3/2) ; 0.516870744972041*r
2602,0.8629438143542377,B0*i + B1*i*s + B1*s ; r,0.0444462265408249*i*s + 0.0179717851069761*i + 0.0444462265408249*s ; r
2603,0.862933283791723,B0 + B1*sqrt(Abs(i)) ; B2 + sqrt(Abs(i))*Abs(i - r)**(1/4),0.0250164748114986 - 0.00142908651361101*sqrt(Abs(i)) ; sqrt(Abs(i))*Abs(i - r)**(1/4) - 0.0621707062778048
2604,0.8629196972724668,B0*i + B1*i**2 + B1*i*s ; i,0.321169455004224*i**2 + 0.321169455004224*i*s + 0.834483907336204*i ; i
2605,0.8629192172077879,B0 + B1*s**3 ; i - 2**(1/4)*Abs(r)**(1/4),0.0373688530372823*s**3 + 0.00545438733121769 ; i - 2**(1/4)*Abs(r)**(1/4)
2606,0.8627465687545229,B0 + B1*i + B2*i**2 + B2*s ; sqrt(Abs(i)),-2.1110026805532e-5*i**2 - 0.00194936767114217*i - 2.1110026805532e-5*s + 0.0183124483051867 ; sqrt(Abs(i))
2607,0.8626644390325229,B0*sqrt(Abs(i)) + B1*i + B1*s ; B2 + r,0.0451658783254785*i + 0.0451658783254785*s - 0.451021127123615*sqrt(Abs(i)) ; r - 331.052907059101
2608,0.862600449546335,B0*i ; sqrt(Abs(i - sqrt(Abs(r)))),-8.23604929052975e-5*i ; sqrt(Abs(i - sqrt(Abs(r))))
2609,0.8625918522376055,B0*i**2 + B1*i*sqrt(Abs(s)) ; -r + sqrt(Abs(i + r + Abs(r)**(1/4))),0.210825521553473*i**2 + 0.127772533335583*i*sqrt(Abs(s)) ; -r + sqrt(Abs(i + r + Abs(r)**(1/4)))
2610,0.8624891890164862,B0*i + B1*sqrt(Abs(i - s)) ; -i**2*r + r,-0.000748317458871538*i + 0.0321835048285109*sqrt(Abs(i - s)) ; -i**2*r + r
2611,0.8624298835424191,B0*s + B0*sqrt(Abs(i)) ; r - sqrt(Abs(B1 + i)),0.00122723665275444*s + 0.00122723665275444*sqrt(Abs(i)) ; r - sqrt(Abs(i + 8159.46922736645))
2612,0.8623107677226267,B0*sqrt(Abs(i))*sqrt(Abs(s)) ; i*r,0.044194977977213*sqrt(Abs(i))*sqrt(Abs(s)) ; i*r
2613,0.8623090470924184,B0*sqrt(Abs(i))*sqrt(Abs(s)) ; r*Abs(i)**(3/2),0.0441949759711322*sqrt(Abs(i))*sqrt(Abs(s)) ; r*Abs(i)**(3/2)
2614,0.8623086732388523,B0*sqrt(Abs(i))*sqrt(Abs(s)) ; Abs(r)**(1/4),0.0441949752407874*sqrt(Abs(i))*sqrt(Abs(s)) ; Abs(r)**(1/4)
2615,0.8622865083233663,B0*s + B2*Abs(B1 + i)**(1/4) ; Abs(r)**(3/2),0.0458624709187126*s + 0.0108044726845012*Abs(i - 0.0891407081986332)**(1/4) ; Abs(r)**(3/2)
2616,0.8622674524608259,B0*sqrt(Abs(i))*sqrt(Abs(s)) ; 2*r,0.0447349028333753*sqrt(Abs(i))*sqrt(Abs(s)) ; 2*r
2617,0.8622536678964485,B0*i**2 + B1*i*s ; B2 + r,6.61199658478976e-7*i**2 - 0.000443848398822083*i*s ; r + 264.285611305477
2618,0.862239717608116,B0*i**3 + B1*s ; B2 + r,1.59718493242515e-7*i**3 + 2.71596389929136*s ; r + 4.60665862323138
2619,0.8622179906514392,B0*Abs(i)**(5/2) ; B1 + B2*i,129.176938556445*Abs(i)**(5/2) ; 1.55309696510434*i - 0.0261407856284584
2620,0.8620803623530149,B0*i + B0*sqrt(Abs(s)) + B1*s ; B2 + sqrt(Abs(r))*Abs(B3 + r)**(1/4),0.0033888842176556*i + 0.0438967144276158*s + 0.0033888842176556*sqrt(Abs(s)) ; sqrt(Abs(r))*Abs(r + 2.05119436955761)**(1/4) - 1.04921888215175
2621,0.8620719249913431,B0 - sqrt(Abs(i)) ; r,0.185370634119558 - sqrt(Abs(i)) ; r
2622,0.8620388770323073,B0*i + B0*s + B1*i*s ; B2*sqrt(Abs(i)) + B3*r*sqrt(Abs(i)),0.0316542028848658*i*s + 0.0413842313552568*i + 0.0413842313552568*s ; -0.0044019760891478*r*sqrt(Abs(i)) + 0.0593714468878719*sqrt(Abs(i))
2623,0.8620048962389351,B0 + B1*i ; B2 + i*r + i - r**2 + r,0.0100475862293938 - 0.304926526400379*i ; i*r + i - r**2 + r - 0.00359187376027398
2624,0.8619357711863787,B0*s**2 + B0*s + B1*i*s ; B2 + r,0.000903398564758911*i*s + 0.00969664879974755*s**2 + 0.00969664879974755*s ; r - 0.0229061138761068
2625,0.8618993328518179,B0*i + B1*i**2 ; i,0.652683746027351*i**2 + 0.96468887222849*i ; i
2626,0.8618912016721462,B0*Abs(i)**(3/2) ; i,5.62472124455805*Abs(i)**(3/2) ; i
2627,0.8618326387440781,B0 + s ; sqrt(Abs(B1 + r)),s - 0.953879741019924 ; sqrt(Abs(r + 0.0167226920431647))
2628,0.8618326387356193,B0 + s ; sqrt(Abs(B1 + i)),s - 0.953877196600809 ; sqrt(Abs(i + 0.000774371144445538))
2629,0.8617572207449864,B0*i*Abs(s)**(3/2) ; i,1.26669031710259*i*Abs(s)**(3/2) ; i
2630,0.86166367651837,B0*i + B1*i**2 + B1*i*s ; i**2 - i*r + i,1.11090465656444*i**2 + 1.11090465656444*i*s + 0.0864693686968372*i ; i**2 - i*r + i
2631,0.8615841719175782,B0*i + B0*s**2 + B1*s ; B2 - i,-0.000220944541235257*i - 0.000220944541235257*s**2 + 0.0505571267865011*s ; 0.103488240107749 - i
2632,0.8615210287319754,B0*i + B1*i*s + i**2 ; B2 + i,i**2 + 0.0702688409187817*i*s - 0.438937593039424*i ; i - 0.444998498184172
2633,0.8614903691857907,B0*i ; B1 - i**2 + r,-0.00684006782940648*i ; -i**2 + r + 1.46210421485521
2634,0.8614506519127791,B0 + B1*sqrt(Abs(i)) ; B2 + Abs(i)**(1/16),0.0421047693115157 - 0.0088276421559332*sqrt(Abs(i)) ; Abs(i)**(1/16) - 0.706907384397133
2635,0.8614155650772031,B0*i + B0*sqrt(Abs(s)) + B1*s ; r,0.00497714361486524*i + 0.0442928841584766*s + 0.00497714361486524*sqrt(Abs(s)) ; r
2636,0.8613267933687329,B0*s + B1*sqrt(Abs(s + sqrt(Abs(i)))) ; r,0.04104697148509*s + 0.00779264603184418*sqrt(Abs(s + sqrt(Abs(i)))) ; r
2637,0.8612777495038105,B0*i ; 2*i - r,-0.0127508359999876*i ; 2*i - r
2638,0.8612715267296412,B0*i*Abs(s)**(3/2) ; i**2 + i,1.28538134234331*i*Abs(s)**(3/2) ; i**2 + i
2639,0.8611747751521408,B0*sqrt(Abs(i)) + B1*sqrt(Abs(s)) - i ; B2*i,-i - 0.0614460524677211*sqrt(Abs(i)) + 0.086624808729579*sqrt(Abs(s)) ; 0.90948500114103*i
2640,0.8611689055411827,B0*s + B1*i*sqrt(Abs(i + s)) ; sqrt(Abs(B2*i + 2*r)),-2.18932827898853e-5*i*sqrt(Abs(i + s)) + 0.0501904777164359*s ; sqrt(Abs(2.93421665123073*i - 2*r))
2641,0.8611043465121245,B0*sqrt(Abs(i)) + B1*sqrt(Abs(i + s)) ; B2*sqrt(Abs(r)) - i,0.912452942856382*sqrt(Abs(i)) - 0.911764129846012*sqrt(Abs(i + s)) ; -i + 16.7222449538367*sqrt(Abs(r))
2642,0.8610913766175996,B0*s + B0*sqrt(Abs(i)) ; -i + r,0.00122529937560588*s + 0.00122529937560588*sqrt(Abs(i)) ; -i + r
2643,0.8609705542692356,B0 + B1*s ; B2*sqrt(Abs(i))*sqrt(Abs(r)) - i + r,0.0432554217189918*s + 0.00626721111881117 ; -i + r + 0.000237048909107208*sqrt(Abs(i))*sqrt(Abs(r))
2644,0.8609705541212161,B0 + B1*s ; B2 + i*sqrt(Abs(r - sqrt(Abs(r)))) - r,2.72183473424825*s + 0.394277260383098 ; i*sqrt(Abs(r - sqrt(Abs(r)))) - r + 0.000267473098886684
2645,0.8609705541093581,B0 + B1*s ; B2*i*r + i**2*r,2.72183175267751*s + 0.39432353108465 ; i**2*r + 0.394148924293146*i*r
2646,0.8609705540081302,B0 + B1*s ; r + sqrt(Abs(B2 + i + sqrt(Abs(i - r)))),2.72183571504103*s + 0.394305810090053 ; r + sqrt(Abs(i + sqrt(Abs(i - r)) + 29.1655204153518))
2647,0.8609705540043069,B0 + B1*s ; B2*i + i**2 - i*r,0.043255106233615*s + 0.0062651031764674 ; i**2 - i*r + 0.00842155527739893*i
2648,0.8609705539419121,B0 + B1*s ; B2*r + i*r - r**2,0.0432570255351961*s + 0.00626399323356822 ; i*r - r**2 + 0.063215065847429*r
2649,0.8609705537542003,B0 + B1*s ; B2 - 2*i**2 + r,0.0432505832600082*s + 0.00626773054686641 ; -2*i**2 + r + 0.0157174134370121
2650,0.8609705533970291,B0 + B1*s ; B2*i**2 + B3*i*r,0.0432556109391261*s + 0.00627425335849895 ; 0.0599291043525398*i**2 + 0.742957912577207*i*r
2651,0.8609705533797944,B0 + B1*i ; B2*Abs(r)**(3/2) - i*Abs(r)**(3/2),0.0495288052501404 - 0.0432643361537105*i ; -i*Abs(r)**(3/2) + 13.1640415768964*Abs(r)**(3/2)
2652,0.8609705528610918,B0 + B1*s ; Abs(B2*i + i*r - r)**(1/4),0.0432644604314975*s + 0.00626895559327066 ; Abs(i*r + 0.555749794716213*i - r)**(1/4)
2653,0.8609705519728327,B0 + B1*s ; B2*i*r + B2*r*sqrt(Abs(i)),0.043243039600584*s + 0.00627615424276443 ; 0.272063959654296*i*r + 0.272063959654296*r*sqrt(Abs(i))
2654,0.8609705517954407,B0 + B1*i ; B2*r**2 + i*r**2,0.0495126248060044 - 0.043252874320799*i ; i*r**2 + 0.829728006954596*r**2
2655,0.8609705509808775,B0 + B1*s ; B2*r**2 + B3*i*r,0.0432675547030792*s + 0.00625544400282887 ; 0.121760054441517*i*r + 0.0434028574135607*r**2
2656,0.860970549931149,B0 + B1*s ; B2 + i*r + i - r**2,0.0432613968415042*s + 0.00625334939207214 ; i*r + i - r**2 + 0.444376329919054
2657,0.8609705492237866,B0*i + B1*s ; B2*r**2 + Abs(r)**(5/2),0.00627657689132755*i + 0.0495419461337702*s ; 0.00169745945764875*r**2 + Abs(r)**(5/2)
2658,0.8609705484350719,B0 + B1*i ; B2*r + 2*i*r,3.11572405505132 - 2.72182060837462*i ; 2*i*r + 0.216174565389634*r
2659,0.8609703940993421,B0 + B1*s ; i + 2*r**2 - r,0.0431452108156539*s + 0.00631483790404054 ; i + 2*r**2 - r
2660,0.8609703898606237,B0 + B1*i ; 2*Abs(r)**(5/2),0.0494592087006095 - 0.0431437571880581*i ; 2*Abs(r)**(5/2)
2661,0.8609703863661562,B0 + B1*i ; 2*i*Abs(r)**(3/2),0.0494585242829801 - 0.0431425728500113*i ; 2*i*Abs(r)**(3/2)
2662,0.8609703814423362,B0 + B1*i ; i**3*r**2 + r,0.0494575719177947 - 0.0431409248341441*i ; i**3*r**2 + r
2663,0.8609703766432842,B0 + B1*s ; -2*i*r + Abs(r)**(3/2),0.0431393410562334*s + 0.00631731560361514 ; -2*i*r + Abs(r)**(3/2)
2664,0.860970371590964,B0 + B1*s ; -i*r + i + r**2 + r,0.0431376966823395*s + 0.00631800975663292 ; -i*r + i + r**2 + r
2665,0.8609703562638528,B0 + B1*i + B2*s ; B3*Abs(r)**(3/2) - i*Abs(r)**(3/2),-0.00066100225399845*i + 0.0427182157955514*s + 0.00687727520162792 ; -i*Abs(r)**(3/2) + 0.0599726072756685*Abs(r)**(3/2)
2666,0.8609241142293941,B0*sqrt(Abs(i)) ; 2*i**2 + i*r,0.108928822495394*sqrt(Abs(i)) ; 2*i**2 + i*r
2667,0.8608989636061805,B0*i*s + B0*s + B1*s**2 ; B2 - i + r + sqrt(Abs(r)),0.000906391443236247*i*s + 0.0193158482864195*s**2 + 0.000906391443236247*s ; -i + r + sqrt(Abs(r)) - 0.104537233857835
2668,0.8608161181588619,B0*i + B1*s ; i - r + sqrt(Abs(i - r + sqrt(Abs(r)))),0.00829422538200002*i + 2.7340093541162*s ; i - r + sqrt(Abs(i - r + sqrt(Abs(r))))
2669,0.8607816494561739,B0*i**2 ; B1*i + 2*r,1.20377348651441e-6*i**2 ; -7795.66745997733*i + 2*r
2670,0.8607809590085956,B0 + B1*i ; B2 - 2*i + r,0.0130309426173137 - 1.12279208349222e-5*i ; -2*i + r + 0.0380075772732658
2671,0.8607787334637952,B0*sqrt(Abs(i)) ; B1*Abs(i)**(5/2),0.0768906279218136*sqrt(Abs(i)) ; 128.874105224977*Abs(i)**(5/2)
2672,0.860773600523368,B0*Abs(i)**(1/4) ; B1 + B2*r - i,0.00380314040903645*Abs(i)**(1/4) ; -i + 8.3986158565717*r + 79.4088162060639
2673,0.8607734557823742,B0*sqrt(Abs(i)) ; sqrt(Abs(r - sqrt(Abs(B1 - i)))),0.0012028733683658*sqrt(Abs(i)) ; sqrt(Abs(r - sqrt(Abs(i + 764358275.336785))))
2674,0.8607734290351349,B0*i ; B1 + B2*i**2,-0.00012028571251789*i ; 326.841658726813*i**2 + 166.892520355521
2675,0.8607734191325216,B0*i ; B1 - 2*i + r,0.000120285723577843*i ; -2*i + r - 166.880832922149
2676,0.8607734187095907,B1*Abs(B0 - i)**(1/4) ; B2 + B3*i,0.00372380318963345*Abs(i + 8.828812176251)**(1/4) ; -29.7868968752988*i - 7.35786150509765
2677,0.8607734177028447,B0*i ; B1 - i + 2*r,0.000120285720281894*i ; -i + 2*r - 166.901596711943
2678,0.8607734100317328,B0*i ; B1 + Abs(i)**(1/8),-0.000120285701946635*i ; Abs(i)**(1/8) + 181.112239633489
2679,0.8607734094892521,B0 + B1*i ; B2 + 3*r,0.00797098418878085 - 4.05758373354227e-5*i ; 3*r + 31.8056451365152
2680,0.8607734092306447,B0*i ; B1 + i + 2*r,-0.000120285699965928*i ; i + 2*r + 167.025008905374
2681,0.8607734077220043,B0*i ; B1 + B2*Abs(r)**(1/4),-0.000120285101202408*i ; 53.6290314586646*Abs(r)**(1/4) + 167.338923991803
2682,0.8607734063703036,B0*i ; B1 - i*r - i,-0.000120285692824152*i ; -i*r - i + 167.066810920002
2683,0.8607734062293332,B0*i ; B1 + B2*i + r,-0.000120287629523622*i ; -0.491877727819564*i + r + 166.081671177254
2684,0.8607734060341182,B0*Abs(i)**(3/2) ; B1 - i + 2*r,1.20285706372551e-5*Abs(i)**(3/2) ; -i + 2*r + 176.656550948578
2685,0.8607734049889262,B0*i ; sqrt(Abs(B1 - sqrt(Abs(i - r)))),-0.000120285689878774*i ; sqrt(sqrt(Abs(i - r)) + 33224.2852976586)
2686,0.8607734049229597,B0*i ; B1 + Abs(B2 - i)**(1/4),-0.000120285689742096*i ; Abs(i + 30.0856923743643)**(1/4) + 179.856602779796
2687,0.8607734022221543,B0*i + B0*sqrt(Abs(i)) ; B1 - i*sqrt(Abs(r)),-0.000133650759788599*i - 0.000133650759788599*sqrt(Abs(i)) ; -i*sqrt(Abs(r)) + 168.741565545244
2688,0.8607725540558504,B0*i**2 ; B1 + B2*i + r,1.20287049013996e-6*i**2 ; 71.3082675065802*i + r + 199.081829634098
2689,0.8607668754882027,B0 + B1*i**2 ; -i + 2*r,0.0131005941382443 - 1.15190168611055e-7*i**2 ; -i + 2*r
2690,0.8607621846728737,B0 + B1*i + i*sqrt(Abs(B2 - i)) ; B3*i**2*r,i*sqrt(Abs(i - 31.2111162216639)) - 8.07723508148731*i + 2.78617299499378 ; 0.00112726872563407*i**2*r
2691,0.860758898963663,B1*Abs(B0 + i)**(1/4) ; i + Abs(B2 - i)**(1/4),0.00772691851336024*Abs(i - 3.24155400571253)**(1/4) ; i + Abs(i - 34.0944478714022)**(1/4)
2692,0.8607584680102355,B0 + i**3 ; B1 + i,i**3 + 0.0119437417825804 ; i - 0.0256940292990364
2693,0.8607582291341577,B0 + B1*Abs(i)**(3/2) ; B2 + r,0.0120187159469919 - 2.41378968160429e-8*Abs(i)**(3/2) ; r + 4.93615010370437
2694,0.8607582170566277,B0*Abs(i + s)**(1/4) ; r**2*Abs(i)**(3/2),0.0119953519633846*Abs(i + s)**(1/4) ; r**2*Abs(i)**(3/2)
2695,0.8607582162821019,B0*i + B0*s ; B1*i*r**2,0.0119932573941415*i + 0.0119932573941415*s ; 0.00463657467727858*i*r**2
2696,0.8607575287554127,B1*sqrt(Abs(B0 + i)) ; B2*r + i*r,2.7239517987791e-5*sqrt(Abs(i + 191969.753557917)) ; i*r + 0.473738122998621*r
2697,0.8607484501213678,B0*i ; -sqrt(Abs(i)) + sqrt(Abs(B1 + i)),-0.0332849570304556*i ; -sqrt(Abs(i)) + sqrt(Abs(i + 0.7395300901858))
2698,0.860747817040906,B0*i**3 ; B1*i + r,1.20502316096933e-8*i**3 ; -298.041932420273*i + r
2699,0.8607454820418985,B0*i + B0*s + B1*i**2 ; r,-0.0380673836074079*i**2 + 0.0445747960727484*i + 0.0445747960727484*s ; r
2700,0.8607431679276051,B0*i ; B1 + B2*Abs(i)**(3/2),-0.000120508652015885*i ; 14.199577522708*Abs(i)**(3/2) - 14.4748017681336
2701,0.8607375421723501,B0*i ; B1 + B2*i - r,0.000661243054700369*i ; 1.76426235269257*i - r - 49.3602775580003
2702,0.8607116434761094,2*i**2 ; B0 + B1*i,2*i**2 ; 1.62780445911398*i + 0.138471221127848
2703,0.860709546419934,B0*i**3 ; B1 + B2*i,0.749980281170973*i**3 ; 1.78052982957221*i - 0.437241450637556
2704,0.8607002423609807,B0*i*s ; 2*i,2.11401773142082*i*s ; 2*i
2705,0.8606871383128479,B0*i**3 ; B1 - i**2 + i,-0.0640990750203222*i**3 ; -i**2 + i + 0.913452079586419
2706,0.8606649293867442,B0*i**2 ; i,31.6378342722067*i**2 ; i
2707,0.8606624959270365,B0 - i**2 - i ; B1*Abs(i)**(1/4),-i**2 - i + 0.0304563374625193 ; 0.0327969235999559*Abs(i)**(1/4)
2708,0.8606523167111046,B0*i + Abs(i)**(3/2) ; B1 + sqrt(Abs(B2 + sqrt(Abs(i)))),-0.216521402104065*i + Abs(i)**(3/2) ; sqrt(Abs(sqrt(Abs(i)) - 0.180033646488244)) - 0.372436610147057
2709,0.8606388030020103,B0*Abs(i)**(5/2) ; B1 + B2*i**2,0.0125854048676223*Abs(i)**(5/2) ; 1.15851091227457*i**2 - 1.10824382118157
2710,0.8606233378515805,B0 + B1*i + B1*sqrt(Abs(i)) ; i,0.180152711558948*i + 0.180152711558948*sqrt(Abs(i)) - 0.0100395162960513 ; i
2711,0.8605569111530168,B0*sqrt(Abs(i*sqrt(Abs(s)) + s)) ; sqrt(Abs(r)),0.0220723088073894*sqrt(Abs(i*sqrt(Abs(s)) + s)) ; sqrt(Abs(r))
2712,0.860540410862433,B0*i**2 + B1*i*s ; i,-82.2552778434766*i**2 + 5.24712405632243*i*s ; i
2713,0.8604968850004912,B0*i*s + B1*i**2*s ; i,-105.345172987183*i**2*s + 6.11789287228576*i*s ; i
2714,0.8604762702375016,B0*i**2 ; i**2 + i,32.6378339013553*i**2 ; i**2 + i
2715,0.8604255439953435,B0*Abs(i)**(5/4) ; B1*i + B2*r,3.82028491922778e-5*Abs(i)**(5/4) ; 4.53391498837156*i - 5.66275856554568*r
2716,0.8604201512088087,B0*i*s ; B1 + i - r - sqrt(Abs(r)),0.0819121850829122*i*s ; i - r - sqrt(Abs(r)) + 0.00147816322535236
2717,0.860314494497147,B0*s ; B1*i - 2*i**2,0.0477153492564847*s ; -2*i**2 + 0.782495741797889*i
2718,0.8603144944929275,B0*s ; sqrt(Abs(B1*i*r + B1*r**2)),2.71888704023337*s ; sqrt(Abs(0.0016653368486928*i*r + 0.0016653368486928*r**2))
2719,0.8603144944871551,B0*s ; B1*i*r + i**2*r,0.0477158225750101*s ; i**2*r + 0.00115421420810596*i*r
2720,0.860314494481888,B0*s ; B1 + i + Abs(i)**(1/4)*Abs(r)**(1/4),0.0477139244264951*s ; i + Abs(i)**(1/4)*Abs(r)**(1/4) + 2.99379509009635
2721,0.8603144944740004,B0*s ; B1 - r + Abs(B2 + i**2)**(1/4),0.047713717231778*s ; -r + Abs(i**2 + 1.67062461190184)**(1/4) + 0.520903367775165
2722,0.8603144944629644,B0*s ; B1 + i*r - i + Abs(r)**(3/2),0.0477134752059148*s ; i*r - i + Abs(r)**(3/2) + 1.65487650577312
2723,0.8603144944392992,B0*s ; r*Abs(B1*i + i*r)**(1/4),0.0477130575238789*s ; r*Abs(i*r + 82.5825925365541*i)**(1/4)
2724,0.860314494431568,B0*s ; B1 + 2**(1/16)*Abs(i)**(1/16),0.0477169728225032*s ; 2**(1/16)*Abs(i)**(1/16) + 0.00140771388914767
2725,0.8603144944273711,B0*s ; B1*i**3 + i + r,2.71888524575613*s ; 0.00037394354572264*i**3 + i + r
2726,0.8603144944271688,B0*s ; B1 + B2*i + i*r + r,0.0477128756819011*s ; i*r + 27.6857034147026*i + r + 4.05283617735098
2727,0.8603144944027705,B0*s ; B1*i + i**2 - i*r,0.0477173613457626*s ; i**2 - i*r + 0.00521898640182745*i
2728,0.86031449435454,B0*s ; B1*i + B2*i**3,0.0477120132641255*s ; 62.6765763891295*i**3 + 0.00742438676956682*i
2729,0.8603144943298842,B0*s ; B1*i*r**2 + r**2,0.0477181394170873*s ; 0.000140114152971971*i*r**2 + r**2
2730,0.860314494310016,B0*s ; B1*Abs(i)**(1/4)*Abs(r)**(1/4) + i,0.0477115921655839*s ; i + 0.114441716275051*Abs(i)**(1/4)*Abs(r)**(1/4)
2731,0.8603144941580386,B0*s ; B1*sqrt(Abs(i)) + B2*r*sqrt(Abs(i)),0.0477194711372137*s ; 27.6210830496296*r*sqrt(Abs(i)) + 0.010431396336114*sqrt(Abs(i))
2732,0.8603144941448229,B0*s ; sqrt(Abs(B1*i - r + Abs(i)**(5/4))),0.0477103550639048*s ; sqrt(Abs(0.102981176468466*i - r + Abs(i)**(5/4)))
2733,0.8603144940695276,B0*s ; B1*i + B2*i**2 + r,0.0477200222625827*s ; 74.438761267816*i**2 + 0.00027232028664412*i + r
2734,0.8603144939609861,B0*s ; r + sqrt(Abs(B2 + sqrt(Abs(B1*i - r)))),0.0477092873238514*s ; r + sqrt(sqrt(Abs(0.000233209533920972*i - r)) + 0.215441427247124)
2735,0.860314493685122,B0*s ; B1*r - i*r + 2*i,0.0477079854726035*s ; -i*r + 2*i + 24.6815345155693*r
2736,0.8603144936799604,B0*s ; i + sqrt(Abs(B1 - r + sqrt(Abs(i - r)))),0.0477079634233776*s ; i + sqrt(Abs(-r + sqrt(Abs(i - r)) + 0.112592813883372))
2737,0.8603144934853906,B0*s ; B1 + B2*sqrt(Abs(i))*sqrt(Abs(r)) + r,0.0477227352510604*s ; r + 0.000130445470831336*sqrt(Abs(i))*sqrt(Abs(r)) + 0.0068829541786334
2738,0.8603144926493763,B0*s ; B1*r - i*r - r**2,0.0477044504816793*s ; -i*r - r**2 + 0.000498122868100298*r
2739,0.8603144919955169,B0*s + i*s + s**2 ; B1*r - r**2,i*s + s**2 - 0.95227282085534*s ; -r**2 + 0.00126637432778775*r
2740,0.8603144916714334,B0*s - i*s - s**2 ; B1*i**2*r,-i*s - s**2 + 3.71889520371811*s ; 2.4751009900113*i**2*r
2741,0.8603144561001009,B0*s ; i*r**2 - r**3,0.0476671039815324*s ; i*r**2 - r**3
2742,0.8603144556885276,B0*s ; 2*i*r + r**2,0.0477630817182174*s ; 2*i*r + r**2
2743,0.8603144527608181,B0*s ; Abs(r**3 - 2*r)**(1/4),0.0476650670840166*s ; Abs(r**3 - 2*r)**(1/4)
2744,0.8603144524008903,B0*s ; i**4 - i**2,2.71891973497264*s ; i**4 - i**2
2745,0.8603144502300749,B0*s + i*s + s**2 ; r,i*s + s**2 - 0.952336422828759*s ; r
2746,0.8603144502030021,B0*s ; i*r + i + r*Abs(i)**(1/4),0.0476635614664164*s ; i*r + i + r*Abs(i)**(1/4)
2747,0.8603144502028832,B0*s ; r*Abs(i*r + r**2)**(1/4),0.0476635613974212*s ; r*Abs(i*r + r**2)**(1/4)
2748,0.8602938943172599,B0*i ; i**2 + 2*i - r,-0.285750960249329*i ; i**2 + 2*i - r
2749,0.8602009452035012,B0 + B1*i**3 + B2*s ; -i + Abs(i - 2*r)**(1/4),-5.69780484495032e-8*i**3 + 0.0657196691507867*s - 0.0504274664040518 ; -i + Abs(i - 2*r)**(1/4)
2750,0.8601916415788982,B0 + B1*i + B1*s ; B2 - i,0.000198075622472424*i + 0.000198075622472424*s + 0.029229975442367 ; 0.0610300959296501 - i
2751,0.8600848526959808,B0*i + B1*s**2 ; B3*sqrt(Abs(B2 + i - r)) - i - r,-0.0678011908927366*i - 0.0295726728425693*s**2 ; -i - r + 0.600475241244697*sqrt(Abs(i - r + 1.9989584219753))
2752,0.8600695997712655,B0*sqrt(Abs(i)) + B1*s + B2*i*s ; B3 + r*Abs(i)**(1/4),-0.000702052872623877*i*s + 0.0190296822847395*s + 0.000565962861337699*sqrt(Abs(i)) ; r*Abs(i)**(1/4) + 0.0477770360333436
2753,0.8600588821849695,B0*i**2 ; B1*i + i**2,0.00194396380665015*i**2 ; i**2 - 2.48456610164028*i
2754,0.8600583546400401,B0*s + B1*s**2 + B2*i*s ; B3 + B4*r + i,0.0400004285309085*i*s - 0.360001826269122*s**2 + 0.360002446387451*s ; i + 0.899999319552375*r + 3.1700449101444e-6
2755,0.8600263712073866,B0 + B1*sqrt(Abs(i)) + B2*s ; B3 + sqrt(Abs(B4*i + i*r**2)),2.71599415625008*s - 0.0458681515487613*sqrt(Abs(i)) + 0.800962932951598 ; sqrt(Abs(i*r**2 + 73.6441296286463*i)) + 5.40805118887731
2756,0.860012380412076,B0*i + B1*i**2 + B2*i*s ; B3*i + i*r - r,-0.0675667489566367*i**2 + 0.484793401297992*i*s + 0.0118902617140521*i ; i*r + 0.695593078483858*i - r
2757,0.8599774745675344,B0*s + B1*Abs(s)**(3/2) + B2*s**2 ; i - r,-0.638547271597689*s**2 + 0.00345958199942878*s + 0.635772069164779*Abs(s)**(3/2) ; i - r
2758,0.8599657216925625,B0*s + B1*s**2 + B2*i*s ; i - Abs(i)**(3/2),0.415278996191647*i*s - 0.194018390002352*s**2 + 0.19415865411532*s ; i - Abs(i)**(3/2)
2759,0.8599495229284391,B0*s + B1*s**2 + B2*i*s ; B3 + i,0.466401050500064*i*s - 0.204675030291426*s**2 + 0.200818467774136*s ; i - 0.0093195049365602
2760,0.8599483055665323,B0*s**2 + i*s**2 ; B1*i + B2*i**2 + B2*i*r,i*s**2 - 0.00542970814782624*s**2 ; -0.823479442938279*i**2 - 0.823479442938279*i*r + 0.551975785557239*i
2761,0.8599344456242518,B0*s + B1*s**2 + B2*i*s ; i,0.45468119337036*i*s - 0.209205302031674*s**2 + 0.208629322170643*s ; i
2762,0.859921631526532,B0 + B1*s**2 ; B2 + B3*i + B4*sqrt(Abs(r)),0.0405476087332635*s**2 + 0.00424002015628558 ; 0.000110690636058453*i + 0.00740038343139423*sqrt(Abs(r)) + 0.000231276022978155
2763,0.8599071912586811,B0 + B1*i*s + B2*i**2*s ; B3*sqrt(Abs(r)) + B4*Abs(r)**(3/2) - i*sqrt(Abs(r)),-0.165457382063817*i**2*s + 0.351655941692871*i*s - 0.000512548479872604 ; -i*sqrt(Abs(r)) + 0.536884778270853*Abs(r)**(3/2) + 0.0256788064946925*sqrt(Abs(r))
2764,0.8599071912497244,B0 + B1*i*s + B2*i**2*s ; r,-0.165477099912999*i**2*s + 0.351666136977405*i*s - 0.000513069098996617 ; r
2765,0.8599068151864807,B0 + B1*i ; sqrt(Abs(B2 + 2*i - r)),0.000246399599371647*i + 0.0340976531225256 ; sqrt(Abs(2*i - r + 1.08771993207345))
2766,0.859879818532325,B0*s + B1*s**2 + B2*i*s ; i - r,1.40208120724752*i*s + 0.478694739453647*s**2 - 0.479121549176155*s ; i - r
2767,0.8598504347140703,B0 + B1*i + B2*s + B3*i*s ; B4 - r,0.285450616897486*i*s - 0.276091846217418*i - 0.685740904980328*s + 0.676137976612033 ; -r - 1.50405350750167
2768,0.8598345005558778,B0*s + B1*s**2 + B2*i*s ; sqrt(Abs(B3 + r)),0.00095186884320831*i*s - 0.316689974449898*s**2 + 0.319784698254804*s ; sqrt(Abs(r - 0.713903658002308))
2769,0.8598165761078903,B0*sqrt(Abs(i)) ; B1*i*r,0.0125747613962301*sqrt(Abs(i)) ; 0.334327240739087*i*r
2770,0.8598165754274848,B0*sqrt(Abs(i)) ; i*Abs(r)**(3/2),0.0125729366741671*sqrt(Abs(i)) ; i*Abs(r)**(3/2)
2771,0.8598165754159387,B0*sqrt(Abs(i)) ; i*r**2,0.0125784200238535*sqrt(Abs(i)) ; i*r**2
2772,0.8598165753260654,B0*sqrt(Abs(i)) ; i**2*r,0.0125727611563284*sqrt(Abs(i)) ; i**2*r
2773,0.8598165751153828,B0*sqrt(Abs(i)) ; sqrt(Abs(r - sqrt(Abs(r)))),0.0125724267751775*sqrt(Abs(i)) ; sqrt(Abs(r - sqrt(Abs(r))))
2774,0.8598028662796022,B0*i*s + B1*i*s**3 ; 2*r,0.118820200582851*i*s**3 + 0.235761330975757*i*s ; 2*r
2775,0.8597737849921316,B0*s + B1*s**2 + B2*i*s ; sqrt(Abs(i)),0.000746866189185495*i*s - 0.316246642695485*s**2 + 0.319823944295228*s ; sqrt(Abs(i))
2776,0.8596374846916062,B0 + B1*sqrt(Abs(s)) ; B2 - sqrt(Abs(B3 + B4*i + i**2)),0.0503258559952732*sqrt(Abs(s)) - 0.000500600692641071 ; 0.151506676042076 - sqrt(Abs(i**2 + 0.184157036574981*i + 9.05615364460825))
2777,0.8596306184742484,i**2*s + i*Abs(s)**(3/2) ; B0*sqrt(Abs(r + sqrt(Abs(r)))) + i,i**2*s + i*Abs(s)**(3/2) ; i - 0.0267347199012774*sqrt(Abs(r + sqrt(Abs(r))))
2778,0.859630482954851,B0*i + B1*i**3 ; B2*sqrt(Abs(i)) + B3*i,-81.5154829866481*i**3 + 2.33263167452561*i ; 2.31488397946536*i + 0.00482342595653316*sqrt(Abs(i))
2779,0.8596186055291066,B0*i**2 ; B1 + B2*r + 2*i,0.721959488092387*i**2 ; 2*i - 0.199793173057643*r + 0.44901779029244
2780,0.8595655257440524,B1*sqrt(Abs(B0 - i)) ; B2*Abs(r)**(3/2) + Abs(r)**(5/2),0.0352224520547693*sqrt(Abs(i - 1.08522391589371)) ; Abs(r)**(5/2) + 0.0255084839714668*Abs(r)**(3/2)
2781,0.8595242530380891,B0*i**2 ; 2**(1/4)*Abs(i)**(5/4),15.8637229733785*i**2 ; 2**(1/4)*Abs(i)**(5/4)
2782,0.8595005046784324,B0*s + B1*s**2 + B2*i*s ; i**2 - i,0.00785314445076228*i*s - 0.24646478834929*s**2 + 0.249275282912406*s ; i**2 - i
2783,0.8594782573839517,B0*Abs(i)**(1/4)*Abs(s)**(1/4) ; B1 + B2*sqrt(Abs(i)) + r,0.00676550201144363*Abs(i)**(1/4)*Abs(s)**(1/4) ; r - 0.679563997799279*sqrt(Abs(i)) - 2.09535596687169
2784,0.8594485307418448,B0*i**2 + B1*i*sqrt(Abs(s)) ; i,3.2509002121691*i**2 + 1.08435977286818*i*sqrt(Abs(s)) ; i
2785,0.8594346685905446,B0*s + B1*s**2 + B2*i*s ; B3 + sqrt(Abs(B4*i + i*r)),0.00136346392327448*i*s - 0.259315927144262*s**2 + 0.263022967824626*s ; sqrt(Abs(i*r + 8.78136998970242e-5*i)) - 1.40134108150074
2786,0.8594327792459656,B0*s + B1*s**2 + B2*i*s ; Abs(r)**(3/2),-1.26162931830622*i*s - 1.5230017213399*s**2 + 1.52813127983935*s ; Abs(r)**(3/2)
2787,0.8594327792459655,B0*s + B1*s**2 + B2*i*s ; r**2,-1.37780944338194*i*s - 1.63918185059859*s**2 + 1.64431140869654*s ; r**2
2788,0.8594327792459654,B0*s + B1*s**2 + B2*i*s ; B3*i*r + B4*i*r**2,-1.40126640240205*i*s - 1.66263881011121*s**2 + 1.66776836816285*s ; 0.400410837534946*i*r**2 + 0.777123556556909*i*r
2789,0.8594327792459636,B0*s + B1*s**2 + B2*i*s ; r,-2.20998429752247*i*s - 2.47135673066779*s**2 + 2.47648628631163*s ; r
2790,0.8594327792459636,B0*s + B1*s**2 + B2*i*s ; r*sqrt(Abs(i)),-2.20121958835135*i*s - 2.46259202091202*s**2 + 2.46772157661119*s ; r*sqrt(Abs(i))
2791,0.8593832794048439,B0 + B1*s*sqrt(Abs(i)) ; B2*i + B3*i**2 + i**3,0.166632694497053*s*sqrt(Abs(i)) - 0.0156502998092318 ; i**3 - 1.22683646217112*i**2 + 0.126549772453348*i
2792,0.8593763172746316,B0*sqrt(Abs(i)) ; sqrt(Abs(r - sqrt(Abs(i)))),0.000700339410641684*sqrt(Abs(i)) ; sqrt(Abs(r - sqrt(Abs(i))))
2793,0.8593581813239705,B0*i*s ; B1 + B2*i*r + B3*i*r**2,0.25321344020964*i*s ; 1.62870916246599*i*r**2 - 0.620761519219482*i*r - 0.00815966701382078
2794,0.8593505752898319,sqrt(Abs(B0*s**2 + B1*i*s)) ; B2 + i**2*r + r,sqrt(Abs(1.02501857778036e-5*i*s - 0.00108163245438133*s**2)) ; i**2*r + r + 0.00323702384446039
2795,0.8593099603885344,B0*sqrt(Abs(s)) ; B1*r**2 + B2*i*r,0.0339964602242766*sqrt(Abs(s)) ; 1.6551272474204*i*r + 0.0022280965384471*r**2
2796,0.8593086178772517,B0*sqrt(Abs(s)) ; B1*r**2 - r**3,0.0334136403885626*sqrt(Abs(s)) ; -r**3 + 0.0179159559327661*r**2
2797,0.8593053075628797,B0*sqrt(Abs(s)) ; B1*i + 2*i**2,0.0339835865850136*sqrt(Abs(s)) ; 2*i**2 + 33.0550196439956*i
2798,0.859305223190441,B0*sqrt(Abs(s)) ; B1*Abs(r)**(3/2) + r**2 + r,0.0339836009736579*sqrt(Abs(s)) ; r**2 + r + 0.0247342670266099*Abs(r)**(3/2)
2799,0.859301314409774,B0*sqrt(Abs(s)) ; B1*r**2 + i*r**2,0.0339770499439332*sqrt(Abs(s)) ; i*r**2 + 8.0026102058385*r**2
2800,0.8592609948228143,B0*sqrt(Abs(i)) + B1*i ; B2 + i,0.0223826449893135*i + 0.136899719736474*sqrt(Abs(i)) ; i + 0.00508935476188244
2801,0.8592487378257724,B0*i + B1*i**2 + B2*i*s ; sqrt(Abs(B3*r + B4*r**2)),5.14034811464301*i**2 + 5.4901348659992*i*s - 5.17809616234813*i ; sqrt(Abs(0.41318053651049*r**2 + 0.00142507325343671*r))
2802,0.8592487378257724,B0*i + B1*i**2 + B2*i*s ; r,5.1156362401233*i**2 + 5.46542299070046*i*s - 5.15338428673057*i ; r
2803,0.8592487378257694,B0*i + B1*i**2 + B2*i*s ; sqrt(Abs(r)),119.608615935323*i**2 + 119.958402652027*i*s - 119.646363980494*i ; sqrt(Abs(r))
2804,0.8592190400194158,B0*i + B0*s**2 + B1*s ; sqrt(Abs(B2 + r)),-0.000196311400110602*i - 0.000196311400110602*s**2 + 0.0477065716477707*s ; sqrt(Abs(r + 46.0966305410595))
2805,0.8592114565593151,B0*i ; B1 + B2*i + B3*sqrt(Abs(r)),-0.183650749598934*i ; 2.16214744599569*i - 0.741482522946306*sqrt(Abs(r)) + 0.802065771208437
2806,0.8591066008624344,B0*i + B0*s**2 + B1*s ; r,-0.0823727433723579*i - 0.0823727433723579*s**2 + 2.61233666214062*s ; r
2807,0.8590936986386555,B0*i*s**2 + B0*i*s ; B1 + i,-0.721160807677422*i*s**2 - 0.721160807677422*i*s ; i + 0.0845937724864307
2808,0.8590719322418121,B0*i + B1*i**2*s ; B2*i*r**2 + r,-1.44331481944803*i**2*s + 0.363854002353659*i ; 6.47033123076782*i*r**2 + r
2809,0.8590440360133128,B0 + B1*i + B2*sqrt(Abs(i - 2*s)) ; B3*i*r,0.446614046042747*i + 0.247533981091142*sqrt(Abs(i - 2*s)) - 0.344635690527118 ; 0.00205733301583677*i*r
2810,0.8589958217858884,B0*sqrt(Abs(i)) ; B1*i + B2*i**2 + B3*i*r,0.0346018398981443*sqrt(Abs(i)) ; 1.30057272463574*i**2 + 1.27026712802934*i*r - 0.625174080729658*i
2811,0.8589903271695932,B0*Abs(i - 2*s)**(1/4) ; i,0.018013373421526*Abs(i - 2*s)**(1/4) ; i
2812,0.8589711796302447,B2*Abs(B0 + B1*s)**(1/4) ; B3 + sqrt(Abs(i))*sqrt(Abs(r)),0.0173105641943443*Abs(2.19757407309382*s + 0.0355327977283571)**(1/4) ; sqrt(Abs(i))*sqrt(Abs(r)) + 0.70750923662156
2813,0.8589527003189937,B2*Abs(B0 + B1*s)**(1/4) ; sqrt(Abs(B3*sqrt(Abs(r)) + B4)),0.00425072148591518*Abs(612.414337021933*s + 1.69285010953863)**(1/4) ; sqrt(2.07251304946879*sqrt(Abs(r)) + 0.000401499368747394)
2814,0.8589487061084604,B1*Abs(B0*i + s)**(1/4) ; sqrt(Abs(r)),0.021105101038261*Abs(0.0235216350691416*i + s)**(1/4) ; sqrt(Abs(r))
2815,0.8589052570141491,B1*Abs(B0 + s)**(1/4) ; B2 + i + Abs(i - r)**(1/4),0.0209787690990976*Abs(s - 0.0307380464707802)**(1/4) ; i + Abs(i - r)**(1/4) + 0.108253284890657
2816,0.8589047241948169,B0 + B1*i + B1*s + B2*i**2 ; i - r**2 + 2*r,0.11198182110887*i**2 + 0.0242720592000741*i + 0.0242720592000741*s - 0.0275982078868008 ; i - r**2 + 2*r
2817,0.8588931245294419,B0*s + i*s*sqrt(Abs(B1 + s)) ; i,i*s*sqrt(Abs(s - 0.928786767629391)) + 0.0339903987370095*s ; i
2818,0.8588817228480142,B0 + B2*sqrt(Abs(B1*s + s**2)) ; i,0.0167912260554331*sqrt(Abs(s**2 + 7.91780900643953*s)) - 0.000343896644666408 ; i
2819,0.8588813966937132,B0*s + B1*Abs(i)**(1/4)*sqrt(Abs(s)) ; B2*r*Abs(i)**(3/2),0.0282993013562401*s + 0.0288135909353033*Abs(i)**(1/4)*sqrt(Abs(s)) ; 2.5507772641062*r*Abs(i)**(3/2)
2820,0.8588553896539516,B0*s**2 ; -i + sqrt(Abs(B1*r + B2 - i)),0.0447728543776785*s**2 ; -i + sqrt(Abs(-i + 0.315581099940656*r + 0.000768961184849572))
2821,0.8588553872972107,B0*s**2 ; i*sqrt(Abs(i - Abs(i - r)**(1/4))),0.0447582585934025*s**2 ; i*sqrt(Abs(i - Abs(i - r)**(1/4)))
2822,0.8587881321137879,B0 + B1*s**2 + B2*Abs(s)**(5/2) ; B3 + r,0.813134101801756*s**2 - 0.816157878937729*Abs(s)**(5/2) - 0.000587327647088642 ; r + 0.0120316284858593
2823,0.8587511307657872,B0*i ; B1*i + B2*i*r - i**2*r,0.603318745235269*i ; -i**2*r + 0.632953019533153*i*r + 0.39519469666244*i
2824,0.8587241842566945,B0 + B1*i + B1*s ; B2 - i**2 + r + sqrt(Abs(r)),0.0292009481061578*i + 0.0292009481061578*s + 0.0660020323505025 ; -i**2 + r + sqrt(Abs(r)) + 0.942928384895802
2825,0.8587081967066663,B0*i + B1*sqrt(Abs(s + sqrt(Abs(i)))) ; i,0.532027624755874*i + 0.0149098390765881*sqrt(Abs(s + sqrt(Abs(i)))) ; i
2826,0.8586707367443839,B0*i**2 + B0*i + B1*s ; B2*r**2,-0.0812616078600406*i**2 - 0.0812616078600406*i + 2.45593523659587*s ; 1.54342680257584*r**2
2827,0.8585865541686155,B0*s**3 + B1*i*s**2 ; B2 + sqrt(Abs(B3 - i + r + sqrt(Abs(r)))),-0.00568669829522963*i*s**2 + 0.0132094123136042*s**3 ; sqrt(Abs(-i + r + sqrt(Abs(r)) + 1.21436975804499)) - 1.09494099823691
2828,0.8585031887455163,B0*i + B1*s**2 + B2*i*s ; B3 - sqrt(Abs(B4 + sqrt(Abs(i)))),0.00832461833063322*i*s - 0.000470035941418306*i + 0.00519091900064139*s**2 ; 0.114370303290162 - sqrt(Abs(sqrt(Abs(i)) - 0.145701895386084))
2829,0.8584446289094404,B0*s**2 + B1*i**2*s**2 ; sqrt(Abs(r)),1.03766404600038*i**2*s**2 + 0.0189801489034743*s**2 ; sqrt(Abs(r))
2830,0.8584226229150375,B0*i + B1*i**2 + B2*i*s ; B3 + sqrt(Abs(r)),-2.39884315556541e-6*i**2 - 0.0017171503585862*i*s - 0.000173817779589722*i ; sqrt(Abs(r)) + 1.08104338852516
2831,0.8584189087926593,B0*Abs(i)**(3/2) ; B1 + sqrt(Abs(r))*Abs(i + r)**(1/4),0.00140515864510125*Abs(i)**(3/2) ; sqrt(Abs(r))*Abs(i + r)**(1/4) - 1.78005972775619
2832,0.8581920697735401,B0*i*s + B1*i**2*s**2 ; B2 + sqrt(Abs(B3 + i - r)),-1.27166824578635e-5*i**2*s**2 - 0.00199887719373283*i*s ; sqrt(Abs(-i + r + 0.0146673712041178)) + 0.501780513487692
2833,0.8580249466637323,B0*i + B1*i**2 + B2*i*s ; B3 + i,5.75004504123726*i**2 + 0.180927400701823*i*s - 0.439561266507731*i ; i - 0.0778180046065523
2834,0.8579821215783491,B0 - i + s ; i,-i + s - 0.850779072715466 ; i
2835,0.8579412108521075,B0*s**2 + B0*s + B1*Abs(s)**(3/2) ; B2 - sqrt(Abs(r + Abs(r)**(1/4))),0.970837616503797*s**2 + 0.970837616503797*s - 1.90071209628796*Abs(s)**(3/2) ; 0.000293678824166193 - sqrt(Abs(r + Abs(r)**(1/4)))
2836,0.8578647455732817,s - Abs(s)**(5/4) ; sqrt(Abs(B0 + i + sqrt(Abs(i**2 - i*r)))),s - Abs(s)**(5/4) ; sqrt(Abs(i + sqrt(Abs(i**2 - i*r)) + 81.9562430754747))
2837,0.8576639631705192,B0*i*s ; sqrt(Abs(B1*i*r**2 + B1*r**3)),0.313693515211456*i*s ; sqrt(Abs(5.92952659943779*i*r**2 + 5.92952659943779*r**3))
2838,0.8575956098341302,B0*i*s - i**2*s + Abs(i)**(3/2) ; B1*i,-i**2*s + 0.58939035440382*i*s + Abs(i)**(3/2) ; 0.524438766805838*i
2839,0.8575529502819375,B0*i ; sqrt(Abs(B1 + 2*i)),-9.44805812869349e-5*i ; sqrt(Abs(2*i + 0.0411441407683505))
2840,0.8575380552972514,B0 + B1*i*s ; sqrt(Abs(B2 - i*r + i + r**2 + r)),-0.000762007680229922*i*s + 0.00967968956597549 ; sqrt(Abs(-i*r + i + r**2 + r - 0.0237742337393351))
2841,0.8574447430528455,B0*s**2 + B1*i*s ; i,-2.15747903856396*i*s + 0.120400781637451*s**2 ; i
2842,0.8573585968392361,B0*i ; B1 + B2*i*r + r,-0.024418247386871*i ; 1.95562957846142*i*r + r + 0.573604870867174
2843,0.8573508361979372,B0*i + B1*sqrt(Abs(s)) ; -i + r + sqrt(Abs(B2*i - i**2)),2.61200130803414e-6*i + 0.0405997841423995*sqrt(Abs(s)) ; -i + r + sqrt(Abs(i**2 - 0.341974425716803*i))
2844,0.8573473357512489,B0*i*s**2 + B1*i**2*s ; B2 + i**2,1.58744609386864*i**2*s + 0.188246335517114*i*s**2 ; i**2 - 0.00211836620314691
2845,0.8573064693035503,B0*i*s + i**2*s ; B1 + B2*r,i**2*s - 0.50831877740384*i*s ; -2.73909897898543*r - 0.526272145687374
2846,0.8572221006033491,B0*i*s - i*s**2 ; i - r,-i*s**2 + 1.40082051121995*i*s ; i - r
2847,0.8571763523022072,B0*i**2 + Abs(i)**(3/2) ; -r + sqrt(Abs(B1*i*r + B1*r)),-1.26155149265259*i**2 + Abs(i)**(3/2) ; -r + sqrt(Abs(0.499869583684328*i*r + 0.499869583684328*r))
2848,0.8569805854348712,B0*i*s + Abs(i)**(5/4)*Abs(s)**(5/4) ; B1*i,0.0273501768412865*i*s + Abs(i)**(5/4)*Abs(s)**(5/4) ; 0.232447167728508*i
2849,0.8568607810502464,B0*sqrt(Abs(i)) + B1*s*Abs(i)**(3/2) ; sqrt(Abs(r - Abs(B2 - r)**(1/4))),0.000794224397157111*s*Abs(i)**(3/2) + 0.00678511776467008*sqrt(Abs(i)) ; sqrt(Abs(r - Abs(r - 11.0656981940387)**(1/4)))
2850,0.8565299621683898,B0*i + i**2 ; B1 - r,i**2 + 0.0131455298848567*i ; 0.303414810022671 - r
2851,0.8564312473820976,B0*i**2 + B0*i + B1*Abs(i)**(3/2) ; B2 - sqrt(Abs(i)),-0.000325630934318137*i**2 - 0.000325630934318137*i + 0.00193622319848534*Abs(i)**(3/2) ; 6.15741746804589 - sqrt(Abs(i))
2852,0.8563989156519207,B0 + B1*s + 2*i*s ; B2*i + B3*i*r,2*i*s + 1.80972782240579*s - 1.81752433407393 ; -0.194037718009722*i*r - 0.0902454544715774*i
2853,0.856258783425758,B0*Abs(i)**(1/8) ; sqrt(Abs(i)),0.00638365153854077*Abs(i)**(1/8) ; sqrt(Abs(i))
2854,0.8562369091153744,B0*i*s + i**2 ; i,i**2 + 1.20897067068748*i*s ; i
2855,0.856211501002045,B1*sqrt(Abs(B0 + i*s - s**2)) ; B2 - r,0.0274218967885918*sqrt(Abs(-i*s + s**2 + 0.0996051930923476)) ; 2.29344635317259 - r
2856,0.8560919384112952,B0*s + B0*Abs(i + s)**(1/4) ; r,0.0215201748348529*s + 0.0215201748348529*Abs(i + s)**(1/4) ; r
2857,0.855980421317511,B0 + B1*i ; sqrt(Abs(B2 + i - r - sqrt(Abs(r)))),0.000301631159633805*i + 0.038702029337923 ; sqrt(Abs(i - r - sqrt(Abs(r)) + 1.25657665616921))
2858,0.8559633544919542,B0*i*s ; Abs(B1 + r)**(1/4),-0.000110988440693713*i*s ; Abs(r - 0.0340123925498352)**(1/4)
2859,0.8559620613976843,B0*i*s ; Abs(B1 - i)**(1/4),-0.000109877519836902*i*s ; Abs(i + 0.0128267378931045)**(1/4)
2860,0.8559586897288555,B0*i*s ; Abs(i)**(1/4),-0.000108478071450192*i*s ; Abs(i)**(1/4)
2861,0.855904241884021,B0*i + B1*i*s + Abs(i)**(3/2) ; B2*sqrt(Abs(i)) - i,1.61230810000369*i*s - 2.60871402511493*i + Abs(i)**(3/2) ; -i + 0.0990215517787447*sqrt(Abs(i))
2862,0.8559041209988889,i**2 + i*s ; i,i**2 + i*s ; i
2863,0.855825082389475,B0 + B1*i ; B2 - i*r - i - r**2,0.0435496374307618 - 0.000377648115807842*i ; -i*r - i - r**2 + 0.0637608618932925
2864,0.8558018815547442,B0*i*s + i**2*s ; B1*i**2 + 2*i*r,i**2*s + 0.174318950252375*i*s ; 0.144417088816158*i**2 + 2*i*r
2865,0.8557668024800721,B0*i ; B1*i**2 + i**3 + i*r,0.274732530682736*i ; i**3 + 0.176856771123573*i**2 + i*r
2866,0.8557614604884757,B3*sqrt(Abs(B0*i + B1 + B2*s)) ; sqrt(Abs(i - sqrt(Abs(B4*r**2 + r)))),0.111706439143273*sqrt(Abs(0.00124082933938861*i + 0.0534821737639598*s + 0.124810180572693)) ; sqrt(Abs(i - sqrt(Abs(0.030676861133002*r**2 - r))))
2867,0.8556987662018135,B1*sqrt(Abs(i))*Abs(B0 - i + s)**(1/4) ; B2*i,0.082455650614409*sqrt(Abs(i))*Abs(i - s + 0.0406752859860782)**(1/4) ; 0.111888550502796*i
2868,0.8556803613364763,B0*s**4 ; i,0.0428496010834453*s**4 ; i
2869,0.855639395534537,B0*s**2 - i*s**2 ; i,-i*s**2 + 0.0807856066970568*s**2 ; i
2870,0.8556001079659356,B0*i + B1*sqrt(Abs(s**2 + s)) ; -i + 2*r + sqrt(Abs(i)),1.81530013007668e-6*i + 0.0337431540678302*sqrt(Abs(s**2 + s)) ; -i + 2*r + sqrt(Abs(i))
2871,0.855526094504562,B0 - i*s + i ; B1*i,-i*s + i + 0.00805894686523098 ; 2.78497277789917*i
2872,0.8555174790844745,s**2 - s*sqrt(Abs(B0 + B1*i)) ; r,s**2 - s*sqrt(Abs(1.62303504074357*i - 0.918258374584566)) ; r
2873,0.8554901368661053,B0*i*s ; B1 + B2*sqrt(Abs(r)) + B3*r - i,0.000519813563867929*i*s ; -i + 65.6829655657215*r + 56.327292363864*sqrt(Abs(r)) - 1.57748470971889
2874,0.8554847414030914,B0*s + B1*s**2 + s*sqrt(Abs(i)) ; -r + sqrt(Abs(B2*i + B3*r**2)),0.79746370179404*s**2 + s*sqrt(Abs(i)) - 0.835967195031271*s ; -r + sqrt(Abs(0.692886637878712*i - 0.969560493961291*r**2))
2875,0.8554648040190275,B0*i + B0*s + B0*sqrt(Abs(i - s)) ; B1 + i,0.0244633693835231*i + 0.0244633693835231*s + 0.0244633693835231*sqrt(Abs(i - s)) ; i + 0.00442249055680745
2876,0.8554572218977272,B0*i + B0*s + B0*sqrt(Abs(i - s)) ; B1*r + i,0.0244604572046813*i + 0.0244604572046813*s + 0.0244604572046813*sqrt(Abs(i - s)) ; i + 0.00419288609728817*r
2877,0.8554090212192956,-i*Abs(B0 - i)**(1/4) + s ; B1*sqrt(Abs(r)),-i*Abs(i + 7.47785372009179)**(1/4) + s ; 0.162398821326346*sqrt(Abs(r))
2878,0.8553611285597579,B0*i*s + i*s**2 ; B1*r + i*r,i*s**2 - 0.55468043740494*i*s ; i*r + 0.000130564974074412*r
2879,0.8553611077336281,B0*i*s + i*s**2 ; r,i*s**2 - 0.554908492326591*i*s ; r
2880,0.8553606142993703,B0*i ; B1 + B2*r + i + r**2,-0.105683460528922*i ; i + r**2 - 2.15201279244182*r + 1.17633245546156
2881,0.8553504794484779,B0*i ; i - r**2 + r*sqrt(Abs(B1 + sqrt(Abs(r)))),-0.364648961497993*i ; i - r**2 + r*sqrt(sqrt(Abs(r)) + 0.602788872517696)
2882,0.8553362815725909,B0*i + B1*i**2*s ; i,4.75585905690147*i**2*s + 0.928059157205988*i ; i
2883,0.8552611975429124,B0*i*s**2 ; i,1.28999659425288*i*s**2 ; i
2884,0.8552074051394788,B0*i ; sqrt(Abs(i + sqrt(Abs(i)))),-4.4038670290985e-5*i ; sqrt(Abs(i + sqrt(Abs(i))))
2885,0.8551197414641752,B0*i ; B1*r**2,0.0261792569756432*i ; 14.8028857965246*r**2
2886,0.8551197413940848,B0*i ; B1*i*r,0.0261818974180197*i ; 0.183570546777074*i*r
2887,0.8551195342224294,B0*i ; i*r + r,0.0262991293645586*i ; i*r + r
2888,0.8551194750881639,B0*i ; 3*r,0.0263150300528295*i ; 3*r
2889,0.8551194674398328,B0*i ; sqrt(Abs(r - sqrt(Abs(r)))),0.0260410174855783*i ; sqrt(Abs(r - sqrt(Abs(r))))
2890,0.8551194584068189,B0*i ; i*Abs(r)**(1/4),0.0263191839475266*i ; i*Abs(r)**(1/4)
2891,0.8550938433240451,B0*i*s ; Abs(i)**(1/8),-9.45460113521617e-5*i*s ; Abs(i)**(1/8)
2892,0.8550560852124337,B0*Abs(i)**(1/8) ; r,0.0118902558991788*Abs(i)**(1/8) ; r
2893,0.8547413676176,B0*i + B1*i**2 + B2*i*s ; i*r + i,-1.07995259453393*i**2 - 0.663573040712454*i*s + 1.80651439142805*i ; i*r + i
2894,0.8546951543033907,B0 + B1*i ; sqrt(Abs(i**2 + Abs(i)**(3/2))),9.15340102017849e-5*i + 0.0199633504772641 ; sqrt(Abs(i**2 + Abs(i)**(3/2)))
2895,0.8546846633404638,B0*sqrt(Abs(i)) + B1*i + B2*i*s ; B3 + sqrt(Abs(i**3 + i**2)),-0.00072770308105243*i*s + 0.00110346738727467*i + 0.0115499865043123*sqrt(Abs(i)) ; sqrt(Abs(i**3 + i**2)) + 0.182089192167833
2896,0.8546314300446697,B0*i + B1*i*s + B1*s ; sqrt(Abs(i**2 + sqrt(2)*i*sqrt(Abs(r)))),-0.0018591857892291*i*s + 0.000658472788258719*i - 0.0018591857892291*s ; sqrt(Abs(i**2 + sqrt(2)*i*sqrt(Abs(r))))
2897,0.8546287883096757,B0 + sqrt(Abs(s)) ; B1 + i + r,sqrt(Abs(s)) - 0.959054210404817 ; i + r + 4.0531527718128
2898,0.8545740010398508,B0 + B1*sqrt(Abs(i)) ; B2*Abs(i)**(1/4)*Abs(r)**(1/4) - r,0.0631809173904558 - 0.05736089382962*sqrt(Abs(i)) ; -r + 0.00554538894719818*Abs(i)**(1/4)*Abs(r)**(1/4)
2899,0.8545682096577443,B0*i*s ; Abs(i + r)**(1/4),-0.000187560706878278*i*s ; Abs(i + r)**(1/4)
2900,0.8545268610643286,B0*s*sqrt(Abs(i)) + B0*Abs(i)**(3/2) ; i,0.220156748175428*s*sqrt(Abs(i)) + 0.220156748175428*Abs(i)**(3/2) ; i
2901,0.8545094885907057,B0*i**2 + B0*s ; sqrt(Abs(r)),0.013023816315459*i**2 + 0.013023816315459*s ; sqrt(Abs(r))
2902,0.8545034771321157,B0*i + B0*Abs(i)**(1/4) ; B1*Abs(i)**(1/4),0.0300260399993832*i + 0.0300260399993832*Abs(i)**(1/4) ; 0.0321663161846246*Abs(i)**(1/4)
2903,0.854492306475167,B0*i + B1*i**2 + B2*i*s ; i,0.830243437934044*i**2 + 0.33212064419406*i*s + 0.804627589097788*i ; i
2904,0.8544342873846965,B0*sqrt(Abs(s - Abs(i)**(1/4))) ; sqrt(Abs(r)),0.0169170048534675*sqrt(Abs(s - Abs(i)**(1/4))) ; sqrt(Abs(r))
2905,0.8544224260880909,B0 - i**2 - i ; i**2,-i**2 - i + 0.114206986476266 ; i**2
2906,0.8544207845441301,B0*sqrt(Abs(s)) + B1*s**2 - i ; B2*i*r,-i - 0.986994624160457*s**2 + 0.980393835990655*sqrt(Abs(s)) ; 47.7212837838472*i*r
2907,0.8543280467226755,B0 + B1*s + B1*sqrt(Abs(i)) + B2*i ; B3 + r,0.0032836918995693*i + 0.0363808997444741*s + 0.0363808997444741*sqrt(Abs(i)) - 0.0250156830335256 ; r + 0.000608672777614106
2908,0.8543243491534714,B0*i**2*s ; B1 + i**2 - i*r,0.000271378244554785*i**2*s ; i**2 - i*r + 0.95652785680713
2909,0.8542314627742469,B0 + B1*i + B2*s + B3*i*s ; i,0.355227371646327*i*s + 0.846489947383983*i - 0.000947840007694835*s - 0.000115804147654881 ; i
2910,0.8541554117469292,B0 - i**2 - i + s ; B1*i - i**2 + sqrt(2)*i*sqrt(Abs(r)),-i**2 - i + s + 0.0468386964782204 ; -i**2 + sqrt(2)*i*sqrt(Abs(r)) + 0.0157785569422776*i
2911,0.8541233779747447,B0 + B1*i + B2*i**2 + B2*s ; B3*sqrt(Abs(r)) + 2*i,0.292153245312472*i**2 - 0.623260274471834*i + 0.292153245312472*s - 0.32532076435801 ; 2*i + 0.746590039261524*sqrt(Abs(r))
2912,0.8540981674202652,B0*i + B0*s + B2*sqrt(Abs(B1 + s)) ; B3 + B4*i + r,0.0460945800958108*i + 0.0460945800958108*s + 0.048179894255348*sqrt(Abs(s + 208.654260523011)) ; 3.86898997869341*i + r + 40.8094125442485
2913,0.8540322940823292,Abs(i)**(3/2) ; B0*r + i,Abs(i)**(3/2) ; i + 0.18009446453423*r
2914,0.8539858806757356,B0*s**2 + B1*i*s**2 ; B2 + i,-1.00056602128351*i*s**2 - 0.513496737992774*s**2 ; i + 0.631400551843647
2915,0.8539042791232027,B0*i ; i - r**2,0.236055213523521*i ; i - r**2
2916,0.8538918050552425,B0*s + B1*Abs(i)**(1/4)*Abs(s)**(1/4) ; B2 + B3*r + i,0.0412759557301703*s + 0.00706419672640473*Abs(i)**(1/4)*Abs(s)**(1/4) ; i + 1.72291551515315*r - 0.0380243274135872
2917,0.8538476391850764,B0*Abs(i)**(3/2) ; r,0.0821024317102815*Abs(i)**(3/2) ; r
2918,0.8538475795176642,B0*Abs(i)**(3/2) ; i*r,0.0820083466989277*Abs(i)**(3/2) ; i*r
2919,0.8537811899097991,B0*i*Abs(s)**(3/2) + B1*i**2*s ; B2 + i,5.2365103126541*i**2*s - 0.591465855110036*i*Abs(s)**(3/2) ; i - 0.129149311419497
2920,0.8537338973475289,B0 + B1*i*s + B1*i ; sqrt(Abs(B2 + B3*r - i*r - r**2)),-0.000697116088447419*i*s - 0.000697116088447419*i - 0.0488843896548355 ; sqrt(Abs(i*r + r**2 + 11.0744816459116*r - 664.22580839705))
2921,0.8537264743192502,B0*i + B1*i**2 + B2*s ; B3 - sqrt(Abs(i*r**2 + r)),3.88956412950679e-5*i**2 - 0.00369722731857187*i + 0.0517997738946041*s ; 0.0644278417357082 - sqrt(Abs(i*r**2 + r))
2922,0.853701539510191,B0*sqrt(Abs(s - sqrt(Abs(i))*sqrt(Abs(s)))) ; i**2*r,0.0261389798085475*sqrt(Abs(s - sqrt(Abs(i))*sqrt(Abs(s)))) ; i**2*r
2923,0.8536848946820985,B0*sqrt(Abs(i))*sqrt(Abs(s)) ; i*sqrt(Abs(r)) - Abs(r)**(3/2),0.0441077803262421*sqrt(Abs(i))*sqrt(Abs(s)) ; i*sqrt(Abs(r)) - Abs(r)**(3/2)
2924,0.8536557036580235,B0*i + B1*i*s + Abs(i)**(3/2) ; B2 + sqrt(Abs(i**3 + i**2)),0.0884767775597637*i*s - 0.638989982872084*i + Abs(i)**(3/2) ; sqrt(Abs(i**3 + i**2)) - 0.504347076130942
2925,0.8535680128913201,B0 - s + Abs(s)**(5/4) ; B1 + i,-s + Abs(s)**(5/4) + 0.083962465368564 ; i + 94.2862009094075
2926,0.8535457273847328,B0 - Abs(i)**(1/4) ; r,0.454188847646183 - Abs(i)**(1/4) ; r
2927,0.8535056792344999,B0*i + B0*sqrt(Abs(i)) ; sqrt(Abs(B1 - r)),-6.20015242745632e-5*i - 6.20015242745632e-5*sqrt(Abs(i)) ; sqrt(Abs(r - 55742.0332735832))
2928,0.8534604739387884,B0*i + B1*s ; B2*i + B3*i**2 + i**2*r,0.0741719143912765*i + 0.0269171795537039*s ; i**2*r + 0.391778397098447*i**2 - 0.157089615806576*i
2929,0.8533753515291516,B0*i*s ; i + r,-0.000992660110666224*i*s ; i + r
2930,0.8533667943584824,i**2 ; B0*r + i,i**2 ; i + 0.379829424499731*r
2931,0.8533577497242488,-i**2 + i*s ; i,-i**2 + i*s ; i
2932,0.8533404867651655,B0*i**2 ; -r + sqrt(Abs(r)),0.304063077417348*i**2 ; -r + sqrt(Abs(r))
2933,0.8533404640822555,B0*i**2 ; B1*r,0.303539747320333*i**2 ; 0.099295872272897*r
2934,0.8533404280927603,B0*i**2 ; sqrt(Abs(r)),0.305146654353319*i**2 ; sqrt(Abs(r))
2935,0.8533404200253062,B0*i**2 ; r,0.303098069388409*i**2 ; r
2936,0.8533404164360061,B0*i**2 ; sqrt(Abs(r + sqrt(Abs(r)))),0.303069747373225*i**2 ; sqrt(Abs(r + sqrt(Abs(r))))
2937,0.8533031379223038,B0 + B1*i + B1*s ; B2 - i + r,5.78828941040503e-5*i + 5.78828941040503e-5*s + 0.0170858608169733 ; -i + r + 0.0401794786038377
2938,0.8532960106060266,B0*i**2 ; B1 + B2*i + i**2 - i*r,0.138504144383311*i**2 ; i**2 - i*r + 3.40263073451622*i - 0.111450708285088
2939,0.8532722768287652,-2*i**2 + 2*Abs(i)**(3/2) ; -r + sqrt(Abs(r - Abs(i)**(3/4))),-2*i**2 + 2*Abs(i)**(3/2) ; -r + sqrt(Abs(r - Abs(i)**(3/4)))
2940,0.8532143123567862,B0 + s ; i*r**2,s - 0.953880128816218 ; i*r**2
2941,0.8532143122343382,B0 + s ; B1 + B2*r,s - 0.953869015220903 ; 2.50830099327327*r + 0.000410946476667654
2942,0.8531635425911495,B0*i + B1*s ; i*sqrt(Abs(B2*r + 2*i)) - r,0.0277159515058443*i + 0.0485494063465033*s ; i*sqrt(Abs(2*i + 5.12290091937611*r)) - r
2943,0.8531625088597077,B0 + B1*i**2 + B1*i ; i,0.958997897930097*i**2 + 0.958997897930097*i - 1.61548564193587e-5 ; i
2944,0.8531448418856834,B0 - i + s ; B1*sqrt(Abs(r)),-i + s - 0.912118941643649 ; 48.7144602030654*sqrt(Abs(r))
2945,0.8528754979613293,B0 + B2*sqrt(Abs(B1 + i)) ; i,0.0158649300849767 - 0.0599006873667007*sqrt(Abs(i - 0.0154151441098809)) ; i
2946,0.8528685781439271,B0*Abs(i)**(3/2) ; i + r,0.000434336932843527*Abs(i)**(3/2) ; i + r
2947,0.8528655030141054,Abs(i)**(3/2) ; i + r**2,Abs(i)**(3/2) ; i + r**2
2948,0.8527475158075296,B0*i**2 ; i + r,0.000218451884297655*i**2 ; i + r
2949,0.8527417645472186,B0*i + i**2 + i*s ; B1 + i,i**2 + i*s - 0.108539852253534*i ; i - 0.0140997413847168
2950,0.8527190687171347,sqrt(Abs(B0*i**2 - i**2*sqrt(Abs(s)))) ; B1 + B2*i,sqrt(Abs(i**2*sqrt(Abs(s)) - 0.259654848074231*i**2)) ; 2.53869391347503*i + 0.0629881875915043
2951,0.8527088662033678,i**2 ; -i**2 + i,i**2 ; -i**2 + i
2952,0.8527083597368674,i**2*s ; i,i**2*s ; i
2953,0.852697907552243,Abs(i)**(5/2) ; i,Abs(i)**(5/2) ; i
2954,0.8526851587621804,B0*i + B1*i*s ; i + sqrt(Abs(r - sqrt(Abs(i)))),-0.186489582812121*i*s + 0.0759542036787226*i ; i + sqrt(Abs(r - sqrt(Abs(i))))
2955,0.8525875481445655,B0*Abs(s)**(3/2) + B1*i*sqrt(Abs(s)) ; B2*sqrt(Abs(i))*Abs(r)**(3/2),0.0271519025912157*i*sqrt(Abs(s)) + 0.0431885921071265*Abs(s)**(3/2) ; 0.126010097750849*sqrt(Abs(i))*Abs(r)**(3/2)
2956,0.8525461059820445,B0*i + B0*Abs(i)**(1/4) + B1*s ; B2 - sqrt(Abs(r)),-7.21783839929861e-5*i + 0.0429409726512108*s - 7.21783839929861e-5*Abs(i)**(1/4) ; 222.343326329483 - sqrt(Abs(r))
2957,0.8524632515721098,B0*s + B1*i*s - i**2*s ; B2 + i*r,-i**2*s - 3.44868712842924*i*s + 0.28997745025256*s ; i*r + 0.0247932604410029
2958,0.8523608486238032,B0 + B1*s ; B3*sqrt(Abs(B2 + r)) + r*sqrt(Abs(B2 + r)),0.0432535207479258*s + 0.00627077391817928 ; r*sqrt(Abs(r + 0.000335422731309847)) + 0.000211233040703223*sqrt(Abs(r + 0.000335422731309847))
2959,0.8523608485235832,B0 + B1*s ; i*sqrt(Abs(B2 + B3*r + B4*i)),0.0432564366152608*s + 0.0062709958455638 ; i*sqrt(Abs(0.0247309507832417*i + 0.0326559594160858*r + 0.000330181384479815))
2960,0.8523608484478322,B0 + B1*s ; B2*i - i*r + r + sqrt(Abs(r)),0.0432509752774475*s + 0.0062703570481289 ; -i*r + 7.49087658288556*i + r + sqrt(Abs(r))
2961,0.852360848289036,B0 + B1*s ; B2 + i**2 + i*sqrt(Abs(r)) + r,0.0432591859618853*s + 0.0062631330670985 ; i**2 + i*sqrt(Abs(r)) + r + 1.90263800164879
2962,0.8523608482765707,B0*i + B1*s ; B2*Abs(r)**(3/2) + B3*i*sqrt(Abs(r)),0.00627322768396917*i + 0.0495255404511185*s ; 0.00016288338960419*i*sqrt(Abs(r)) + 0.996479326168978*Abs(r)**(3/2)
2963,0.8523608481532146,B0 + B1*i ; B2*i*sqrt(Abs(r)) + i*Abs(r)**(3/2),0.0495303670233736 - 0.0432596958045735*i ; i*Abs(r)**(3/2) + 0.0209108866253189*i*sqrt(Abs(r))
2964,0.8523608481075879,B0 + B1*s ; -i + r*sqrt(Abs(B2*r + i*r)),0.0432596969331027*s + 0.00627088493112298 ; -i + r*sqrt(Abs(i*r + 0.00012581048662604*r))
2965,0.8523608480180909,B0 + B1*s - i ; B2*r**3 + B2*r**2,-i - 0.95674944187741*s + 1.00626655540552 ; 4.11125394295577*r**3 + 4.11125394295577*r**2
2966,0.8523608467983326,B0 + B1*s ; B2 - sqrt(Abs(2*i*r - r)),0.0432601368628798*s + 0.00625808967205529 ; 0.000860849232475839 - sqrt(Abs(2*i*r - r))
2967,0.8523608467604035,B0 + B1*s ; -i**2 + i*r + i + sqrt(Abs(r)),0.0432434632094414*s + 0.00627340222285765 ; -i**2 + i*r + i + sqrt(Abs(r))
2968,0.8523608466423787,B0 + B1*i ; i*sqrt(Abs(B2*sqrt(Abs(r)) + i*sqrt(Abs(r)))),0.0495268034254862 - 0.0432674679605199*i ; i*sqrt(Abs(i*sqrt(Abs(r)) + 0.174898400404109*sqrt(Abs(r))))
2969,0.8523608464209534,B0 + B1*i - s ; B2*i*sqrt(Abs(r)) + i*Abs(r)**(3/2),-3.72184090253883*i - s + 4.11621447592385 ; i*Abs(r)**(3/2) + 1.12454145020537*i*sqrt(Abs(r))
2970,0.8523608457555922,B0 + B1*i ; B2*sqrt(Abs(r)) - 2*Abs(r)**(3/2),0.0495379394228409 - 0.0432634968045311*i ; -2*Abs(r)**(3/2) + 0.0002485415062515*sqrt(Abs(r))
2971,0.8523608424826068,B0*i + B1*s ; B2*i*r + B2*r*Abs(i)**(1/4),0.394575987400149*i + 3.11640003411286*s ; 0.00201293426062066*i*r + 0.00201293426062066*r*Abs(i)**(1/4)
2972,0.8523608415999219,B0 + B1*s ; B3*sqrt(Abs(B2 + 2*i*r)),0.0432794393820766*s + 0.00625901927461877 ; 0.082456780869871*sqrt(Abs(2*i*r + 80.1050883365908))
2973,0.8523608415005491,B0 + B1*s ; B2*i + B2*r**2 + 2*r,0.0432322080223327*s + 0.00627802115238727 ; 0.000163037904417093*i + 0.000163037904417093*r**2 + 2*r
2974,0.8523607246588913,B0 + B1*i + B2*s ; B3*r + i*r + r*sqrt(Abs(i)),-46.9288680013745*i - 46.885514005793*s + 46.9350949399575 ; i*r + r*sqrt(Abs(i)) + 85.3406689839686*r
2975,0.8523606864425456,B0 + B1*s ; i*r + i*sqrt(Abs(i - r)) - i,0.0431439226858502*s + 0.00631538161645708 ; i*r + i*sqrt(Abs(i - r)) - i
2976,0.8522881711200229,B0*Abs(i)**(5/4) ; 2*i,4.74319696337027*Abs(i)**(5/4) ; 2*i
2977,0.852242419158369,B0*i ; B1*i + B1*r,0.0748379727555377*i ; 0.0283855402474562*i + 0.0283855402474562*r
2978,0.8521872350173478,B0 + B1*i + B1*s ; r - sqrt(Abs(i)),-2.31018327017801e-5*i - 2.31018327017801e-5*s + 0.0141996089556901 ; r - sqrt(Abs(i))
2979,0.8521704409359748,B0*i ; sqrt(Abs(B1*i - i**2)),-0.000120310652975208*i ; sqrt(Abs(i**2 - 1242765.71597638*i))
2980,0.8521704270799805,B0*i ; sqrt(Abs(B1*i + i**2)),-0.000120306179656957*i ; sqrt(Abs(i**2 + 1281396.0839654*i))
2981,0.8521703355973377,B0*i ; B1*sqrt(Abs(i + r)) + r,-0.000120315092395792*i ; r + 1094.50422910809*sqrt(Abs(i + r))
2982,0.8521656797342909,B0*Abs(i)**(3/2) ; B1 + sqrt(Abs(2*i - r)),1.20285709361843e-5*Abs(i)**(3/2) ; sqrt(Abs(2*i - r)) + 178.805502951522
2983,0.8521656760639933,B0*i ; B1 + sqrt(Abs(r - Abs(i)**(1/4))),-0.000120285702403861*i ; sqrt(Abs(r - Abs(i)**(1/4))) + 177.327876149403
2984,0.852165676061875,B0*i ; B1 + r - sqrt(Abs(B2 - i)),0.000120285716718578*i ; r - sqrt(Abs(i - 323.546065386815)) - 146.368496556596
2985,0.8521656737225025,B0*i ; B1 - i*r + sqrt(Abs(r)),-0.000120285696606956*i ; -i*r + sqrt(Abs(r)) + 167.04577463034
2986,0.8521656737225025,B0*i ; B1 + r**2 - sqrt(Abs(r)),-0.000120285696500286*i ; r**2 - sqrt(Abs(r)) + 167.045857464906
2987,0.8521656737222958,B0*i ; i + sqrt(Abs(B1 + Abs(r)**(3/2))),-0.000120285696682299*i ; i + sqrt(Abs(r)**(3/2) + 70316.5314338008)
2988,0.8521656722312017,B0*Abs(i)**(9/8) ; sqrt(Abs(B1 + r)),6.76416171424103e-5*Abs(i)**(9/8) ; sqrt(Abs(r + 33779.7014658604))
2989,0.8521656708906332,B0*i ; B1 - 2*i + sqrt(Abs(r)),-0.000120285689861022*i ; -2*i + sqrt(Abs(r)) + 167.087406516685
2990,0.8521656692831164,B0*i ; sqrt(Abs(B1 + B2*r**2)),-0.000120289952979704*i ; sqrt(Abs(533.106580595369*r**2 - 27169.1834296214))
2991,0.8521656569565933,B0*i ; B1 + B3*sqrt(Abs(B2 + i)),-0.000120285794868261*i ; 57.4349627795384*sqrt(Abs(i + 6.40684369346539)) + 15.4342630628768
2992,0.8521648128954671,B0*i**2 ; B2*sqrt(Abs(B1 + i)) + r,1.20104113995081e-6*i**2 ; r - 34.1329214869467*sqrt(Abs(i - 48.8927967896616))
2993,0.8521632859731196,B0*i ; B1 + i - sqrt(Abs(B2 + i)),-0.000119276565933404*i ; i - sqrt(Abs(i + 157.324675202225)) + 395.356942866807
2994,0.8521624163869024,B1*i*sqrt(Abs(B0 + s)) ; B2 + B3*r,-2.08023934347379e-6*i*sqrt(Abs(s - 3338.91000561069)) ; 23.3814863403686*r + 303.13830682058
2995,0.8521506348863568,B1*sqrt(Abs(-B0 + i + s)) ; i*r**2,4.93395018705889*sqrt(Abs(i + s - 0.999994089333231)) ; i*r**2
2996,0.8521506348860796,B0 + B1*i + B1*s ; B2*Abs(r)**(3/2),46.3820755775723*i + 46.3820755775723*s - 46.3700802230157 ; 65.487881507286*Abs(r)**(3/2)
2997,0.8521506348860745,B0 + B1*sqrt(Abs(i + s)) ; B2*i*r,26.9465342623569 - 26.9345389103383*sqrt(Abs(i + s)) ; 37.8277082145679*i*r
2998,0.8521506348860645,B0 + B1*i + B1*s ; B2*r,-3.98979108673015*i - 3.98979108673015*s + 4.00178643870977 ; 5.65231960087501*r
2999,0.8521506348860627,B0 + B1*i + B1*s ; sqrt(Abs(r)),-2.24315275582634*i - 2.24315275582634*s + 2.25514810788952 ; sqrt(Abs(r))
3000,0.8521506348860618,B0 + B1*i + B1*s ; i*r,0.52730258982072*i + 0.52730258982072*s - 0.515307237839205 ; i*r
3001,0.8521506348860616,B0 + B1*i + B1*s ; sqrt(3)*r*Abs(i)**(3/2),1.51754526756475*i + 1.51754526756475*s - 1.50554991556139 ; sqrt(3)*r*Abs(i)**(3/2)
3002,0.8521506348860615,B0 + B1*i + B1*s ; r,-0.0122920309805695*i - 0.0122920309805695*s + 0.0242873831650187 ; r
3003,0.8521506348860615,B0 + B1*i + B1*s ; Abs(i*r - r)**(1/4),0.013540635544444*i + 0.013540635544444*s - 0.00154528356196885 ; Abs(i*r - r)**(1/4)
3004,0.8521506348860615,B0 + B1*i + B1*s ; -r,0.0313063565536628*i + 0.0313063565536628*s - 0.0193110045613706 ; -r
3005,0.8521506348860615,B0 + B1*sqrt(Abs(i + s)) ; r,0.00242986078653061*sqrt(Abs(i + s)) + 0.00956549119407069 ; r
3006,0.8521506348720457,B1*sqrt(Abs(B0 + i + s)) ; r,0.0126730658139404*sqrt(Abs(i + s - 1.89586404373398)) ; r
3007,0.8521506348660852,B1*sqrt(Abs(-B0 + i + s)) ; sqrt(Abs(i))*sqrt(Abs(r)),0.704219040947627*sqrt(Abs(i + s - 1.0002901255574)) ; sqrt(Abs(i))*sqrt(Abs(r))
3008,0.8521504774540175,B1*Abs(B0 + sqrt(Abs(i)))**(1/4) ; sqrt(Abs(B2 + r)),0.0028148616209203*(sqrt(Abs(i)) + 318.926182728792)**(1/4) ; sqrt(Abs(r - 576.664185300762))
3009,0.8521418285384239,B0*i ; sqrt(Abs(B1*i**2 + r)),-0.000120500062795896*i ; sqrt(Abs(39171.4924806327*i**2 + r))
3010,0.8521403644730975,B0*i ; B1*sqrt(Abs(r)) - i + r,0.000120527564085846*i ; -i + r - 2596.04512377263*sqrt(Abs(r))
3011,0.8521254808384067,B0*i ; 2*i + sqrt(Abs(B1 + r)),-0.000794122565030883*i ; 2*i + sqrt(Abs(r + 905.798899695587))
3012,0.8521063593690164,i**2 ; B0 + B1*sqrt(Abs(i)) + i,i**2 ; i - 0.344552955736327*sqrt(Abs(i)) + 0.236050327922034
3013,0.8521063318715288,B0 + B1*i + B2*s + i*s ; r,i*s - 0.535403805201751*i - 0.0314809963428655*s + 0.0246797335089128 ; r
3014,0.8521063318650401,B0 + B1*i + B2*s + i*s ; B3*i*sqrt(Abs(r)),i*s - 0.359785156276798*i + 0.144128200333228*s - 0.150929616352363 ; 0.0165384977357416*i*sqrt(Abs(r))
3015,0.852092934243305,B0*i**2 + B1*i**2*s ; B2 + i*r,40.1898687867769*i**2*s - 4.11195245375652*i**2 ; i*r + 0.0518556534451854
3016,0.8520919991188413,i**2 - sqrt(Abs(B0 + i)) ; B1 + i,i**2 - sqrt(Abs(i + 1.57480477381191)) ; i + 0.600387077892057
3017,0.8520039852106741,B0*i + B0*s ; B1 + sqrt(Abs(B2 + 2*r)),-0.000120106479928221*i - 0.000120106479928221*s ; sqrt(Abs(2*r + 72.8150972048142)) + 173.039786878697
3018,0.8519817667944131,B0*Abs(i + sqrt(Abs(i)))**(1/4) ; Abs(i)**(3/2),0.0164968628633472*Abs(i + sqrt(Abs(i)))**(1/4) ; Abs(i)**(3/2)
3019,0.8518425887325904,B0*i**2 + B0*i + B1*s ; B2*sqrt(Abs(i))*sqrt(Abs(r)),0.00142702119772778*i**2 + 0.00142702119772778*i + 0.0486719590580718*s ; 73.3007875670179*sqrt(Abs(i))*sqrt(Abs(r))
3020,0.8517561593892674,B0*i + B0*s + B1*s**2 ; B3*sqrt(Abs(B2 + r)),0.0309223671727436*i + 0.00971689534879793*s**2 + 0.0309223671727436*s ; 0.00136671484871528*sqrt(Abs(r + 143.993689988961))
3021,0.8517319620026121,s*Abs(i)**(3/2) ; B0*r,s*Abs(i)**(3/2) ; 49.1405705800623*r
3022,0.8517248385821784,B0*i - i**2 - i*s ; 2*i - r + sqrt(Abs(r)),-i**2 - i*s + 0.180109127592221*i ; 2*i - r + sqrt(Abs(r))
3023,0.8517206189782002,B0*sqrt(Abs(i - s)) ; Abs(i)**(1/4),0.000784590320430765*sqrt(Abs(i - s)) ; Abs(i)**(1/4)
3024,0.8517113495521623,B0*s ; sqrt(Abs(B1*r**2 + i*r**2)),0.047715350261906*s ; sqrt(Abs(i*r**2 + 0.00018236148566746*r**2))
3025,0.8517113495515898,B0*s ; sqrt(Abs(B1*i**2 + B2*i*r)),0.0477145206663652*s ; sqrt(Abs(14.677870276228*i**2 + 0.00461935500536972*i*r))
3026,0.8517113495499735,B0*s ; i + sqrt(Abs(B1*i**2 + B2*i)),0.0477154921061856*s ; i + sqrt(Abs(0.322294059217522*i**2 + 0.0215495578985161*i))
3027,0.8517113495434998,B0*s ; r*sqrt(Abs(B1*r - i + r**2)),0.0477141333406388*s ; r*sqrt(Abs(-i + r**2 + 0.00261358914181304*r))
3028,0.851711349535338,B0*s ; i*sqrt(Abs(B1 + B2*i**2)) + i,0.0477160374734698*s ; i*sqrt(Abs(0.306404070388296*i**2 + 16.8917947432293)) + i
3029,0.8517113495066023,B0*s ; B2*Abs(B1*i + B1*r)**(1/8),0.0477132531864988*s ; 0.00551814051447388*Abs(17.0563372284435*i + 17.0563372284435*r)**(1/8)
3030,0.8517113493803267,B0*s ; sqrt(Abs(B1*i*r + i**2*r)),0.0477117144887426*s ; sqrt(Abs(i**2*r + 0.000174451974432429*i*r))
3031,0.8517113493547647,B0*s ; sqrt(Abs(B1 + B2*i - i*r + r)),0.0477184275638875*s ; sqrt(Abs(-i*r + 0.000480633761304124*i + r + 0.099332922204435))
3032,0.8517113493199711,B0*s ; B1*r + r**2 + Abs(r)**(5/4),0.0477111951805941*s ; r**2 + 34.2613599420366*r + Abs(r)**(5/4)
3033,0.8517113491909142,B0*s ; 2*i + r*sqrt(Abs(B1 + 2*r)),0.0477196385006299*s ; 2*i + r*sqrt(Abs(2*r + 1.26195876195394))
3034,0.8517113490813469,B0*s ; sqrt(Abs(B1*i*r + i*r**2)),0.0477096155222006*s ; sqrt(Abs(i*r**2 + 0.139775251904254*i*r))
3035,0.8517113488412008,B0*s ; sqrt(Abs(B1*i + i**4)),2.71888228504915*s ; sqrt(Abs(i**4 + 10.6819742829016*i))
3036,0.8517113453402422,B0*s ; sqrt(Abs(B1*r**3 + i*r)),0.0477308929772861*s ; sqrt(Abs(i*r + 4.11826607880494*r**3))
3037,0.8517113080157679,B0*s ; -r + sqrt(Abs(2*r - sqrt(Abs(i))*sqrt(Abs(r)))),0.0476649360175504*s ; -r + sqrt(Abs(2*r - sqrt(Abs(i))*sqrt(Abs(r))))
3038,0.8517113078307773,B0*s ; sqrt(Abs(i*r - 2*r**2)),2.7189197532806*s ; sqrt(Abs(i*r - 2*r**2))
3039,0.8517113077460515,B0*s ; sqrt(Abs(i**2*r + i*r**2)),0.0476647739179682*s ; sqrt(Abs(i**2*r + i*r**2))
3040,0.8517113057500927,B0*s + B1*s*sqrt(Abs(i + s)) ; r,0.0741638212688466*s*sqrt(Abs(i + s)) - 0.0265002310163153*s ; r
3041,0.8517113057009722,B0*s ; -i*Abs(r)**(1/4) + sqrt(Abs(i))*Abs(r)**(1/4),0.0476635614664164*s ; -i*Abs(r)**(1/4) + sqrt(Abs(i))*Abs(r)**(1/4)
3042,0.8516797142702095,B0*i ; -i + 2*r - sqrt(Abs(i)),0.000120508574437014*i ; -i + 2*r - sqrt(Abs(i))
3043,0.8516477452068524,B0*i + B1*sqrt(Abs(i**2 - i*s)) ; Abs(i)**(3/4),0.113827883421704*i + 0.113939463308273*sqrt(Abs(i**2 - i*s)) ; Abs(i)**(3/4)
3044,0.8516039619340008,B0*Abs(i)**(3/2) + B1*i*s ; i**3 + i,0.881281635085568*i*s + 2.00042330576793*Abs(i)**(3/2) ; i**3 + i
3045,0.8515311126210243,B0*s + B1*i**2*s - i*s ; i,-13.1008798440854*i**2*s - i*s + 0.164607308216023*s ; i
3046,0.8515053260665163,B0*i ; sqrt(Abs(B1 - r + 2**(1/4)*Abs(r)**(1/4))),-0.000139687043039529*i ; sqrt(Abs(-r + 2**(1/4)*Abs(r)**(1/4) + 48630.1536037857))
3047,0.8514577710931129,B0*i*s**2 + B0*s + B1*i*s ; B2*i,3.63517515105785e-7*i*s**2 + 0.400002131276189*i*s + 3.63517515105785e-7*s ; 0.100002126255526*i
3048,0.851355189206351,B0*s*Abs(i)**(1/16) ; sqrt(Abs(B1 + r)),0.0463035097218974*s*Abs(i)**(1/16) ; sqrt(Abs(r - 2.25671430111151e-9))
3049,0.8513509234324793,B0*i + 2*i**2 ; i*sqrt(Abs(B1 - sqrt(Abs(i)))),2*i**2 + 2.1519783550899*i ; i*sqrt(Abs(sqrt(Abs(i)) - 5.14092281315506))
3050,0.851284743718765,B0*s + B1*s**2 + B2*s*sqrt(Abs(i)) ; B3 + i,-0.219945277725292*s**2 + 0.136572599346399*s*sqrt(Abs(i)) + 0.20567392507122*s ; i - 0.00950164132227226
3051,0.8512440422549875,B0*sqrt(Abs(s + sqrt(Abs(i + s)))) ; r,0.0154761028627491*sqrt(Abs(s + sqrt(Abs(i + s)))) ; r
3052,0.8511242479311508,B1*sqrt(Abs(B0 + s)) ; B2 + r**2 + r*sqrt(Abs(i)) - r,0.0344808521685102*sqrt(Abs(s + 0.100365343508719)) ; r**2 + r*sqrt(Abs(i)) - r + 0.00555725378118111
3053,0.8511081373766989,-i ; B0*i*r,-i ; 16.8121649754404*i*r
3054,0.8510549625745877,B0 + B1*sqrt(Abs(s)) ; B2 + B3*r**2 + B4*i*r,0.0503879663395661*sqrt(Abs(s)) - 0.000406805915039537 ; 7.72844030249886*i*r + 1.63943586971091*r**2 + 0.000594690332248571
3055,0.8510538364423891,B1*sqrt(Abs(B0 + s)) ; B2*r + r*sqrt(Abs(B3 - 2*r)),0.0345124762456186*sqrt(Abs(s + 0.0737420167553611)) ; r*sqrt(Abs(2*r - 0.00038550510791327)) + 0.070763288550468*r
3056,0.8510534364229925,B0 + B1*sqrt(Abs(s)) ; B2*Abs(i)**(3/2) + i**2 + i*r,0.0504123726250629*sqrt(Abs(s)) - 0.000413722509025747 ; i**2 + i*r + 0.00206864566143437*Abs(i)**(3/2)
3057,0.851047386677734,B0 + B1*sqrt(Abs(s)) ; r*sqrt(Abs(i**2 + i*sqrt(Abs(B2 + r)))),0.0505585120773213*sqrt(Abs(s)) - 0.000429225274354636 ; r*sqrt(Abs(i**2 + i*sqrt(Abs(r + 0.00182139866254792))))
3058,0.8509544408437201,B0*sqrt(Abs(i - 2*s**2)) ; i*sqrt(Abs(B1 - i)),0.033169156847939*sqrt(Abs(i - 2*s**2)) ; i*sqrt(Abs(i - 0.0274090270128338))
3059,0.8509206738870564,s - sqrt(Abs(s)) ; sqrt(Abs(B0 + sqrt(Abs(i)))),s - sqrt(Abs(s)) ; sqrt(sqrt(Abs(i)) + 4.26858307001351)
3060,0.8508289523039692,B0*Abs(s)**(3/2) + B1*i*s + B1*s**2 ; i,-0.896288026314104*i*s - 0.896288026314104*s**2 + 0.906721161909975*Abs(s)**(3/2) ; i
3061,0.8507587790443021,B0 + sqrt(Abs(i)) ; B1*Abs(i)**(1/8),sqrt(Abs(i)) - 0.220611370286609 ; 0.0185095089580837*Abs(i)**(1/8)
3062,0.8507116472644969,B0*sqrt(Abs(s)) ; B1*Abs(i)**(3/2) + B2*r*sqrt(Abs(i)),0.0339837109919106*sqrt(Abs(s)) ; 0.378645654935836*r*sqrt(Abs(i)) + 3.68674925603891*Abs(i)**(3/2)
3063,0.8506852959208484,B0*Abs(s*sqrt(Abs(i)) + s)**(1/4) ; B1 + i + r,0.0117179767311419*Abs(s*sqrt(Abs(i)) + s)**(1/4) ; i + r + 18.4177945351737
3064,0.8506445152597083,B0*i*s + B0*i + B1*i**2 ; B2 - sqrt(Abs(r)),0.082766043548631*i**2 + 0.0404576091416474*i*s + 0.0404576091416474*i ; 1.28230619229725 - sqrt(Abs(r))
3065,0.8503719506577675,B0*Abs(s)**(1/4) ; B1 + B3*sqrt(Abs(B2 + i + r)),0.0211555518795709*Abs(s)**(1/4) ; 54.4765307998385*sqrt(Abs(i + r + 0.00709242982387604)) + 0.00289140907318071
3066,0.850363819207411,B1*Abs(B0 + i)**(1/4) ; r*sqrt(Abs(r - sqrt(Abs(B2 + sqrt(Abs(r)))))),0.0208860898607177*Abs(i - 0.98325835325294)**(1/4) ; r*sqrt(Abs(r - sqrt(sqrt(Abs(r)) + 0.0168355900272593)))
3067,0.8502668175449923,B0*s**2 ; -i**2 + i*r - i + r,0.0447322615451597*s**2 ; -i**2 + i*r - i + r
3068,0.8502668064799382,B0*s**2 ; i*r + Abs(i)**(3/2)*Abs(r)**(1/4),0.0448241239284461*s**2 ; i*r + Abs(i)**(3/2)*Abs(r)**(1/4)
3069,0.8502668052255776,B0*s**2 ; -i*r + r*Abs(i)**(5/2),0.0448252131610213*s**2 ; -i*r + r*Abs(i)**(5/2)
3070,0.8502667929185797,B0*s**2 ; r**2 + r*Abs(i)**(1/4) - r,0.0447106594373123*s**2 ; r**2 + r*Abs(i)**(1/4) - r
3071,0.8502570855585838,B0*i + B1*i**2 + B2*i*s ; i + 2*r,-9.49153425556467e-6*i**2 - 0.00103158181416196*i*s - 0.000879919344313411*i ; i + 2*r
3072,0.8501917540394165,B0*i + B1*Abs(i)**(3/2)*Abs(s)**(3/2) ; -r + sqrt(Abs(r + sqrt(Abs(i - r)))),-0.0611233554752073*i - 0.0331493694374919*Abs(i)**(3/2)*Abs(s)**(3/2) ; -r + sqrt(Abs(r + sqrt(Abs(i - r))))
3073,0.8501778476340256,B0*sqrt(Abs(i)) + B1*i**2 ; B2 + i,-12.4682993522638*i**2 + 0.223663716614256*sqrt(Abs(i)) ; i + 0.0700221922873801
3074,0.8500521647576458,B0*s**2 + B0*s*sqrt(Abs(i)) ; i*r + i,0.0372409070819675*s**2 + 0.0372409070819675*s*sqrt(Abs(i)) ; i*r + i
3075,0.8499062060749198,B0*i + B1*i**2 + B2*s ; i + r,-0.000318146631166557*i**2 - 0.0183379926283457*i + 2.7026329003005*s ; i + r
3076,0.8498756404906221,B0*i + B1*i**2 + B1*s ; B2 + r,0.0391147844181454*i**2 + 3.91139818659184*i + 0.0391147844181454*s ; r + 240.394149824565
3077,0.8498088434346094,B0*sqrt(Abs(2*s - sqrt(Abs(i))*sqrt(Abs(s)))) ; i,0.0262204672697004*sqrt(Abs(2*s - sqrt(Abs(i))*sqrt(Abs(s)))) ; i
3078,0.8497980012541009,i**2 ; B0 + i*r - r**2,i**2 ; i*r - r**2 + 0.15957512745712
3079,0.8497936151099112,B0*Abs(i)**(1/4) ; B1*i*r**2,0.0117678764480348*Abs(i)**(1/4) ; 0.010089376125207*i*r**2
3080,0.8497571170547809,B0*i*s + B0*s**2 ; B1 + i + r,0.0092250149458031*i*s + 0.0092250149458031*s**2 ; i + r - 0.326215595042002
3081,0.8496819822071777,B0*i*s ; -i*r**2 + i*r - i - r,0.000937695743114486*i*s ; -i*r**2 + i*r - i - r
3082,0.8494808135651655,B0*i*s ; i**3 - i**2 + i*r - r,0.272494157283175*i*s ; i**3 - i**2 + i*r - r
3083,0.8492958233303018,B0*s + B1*s**3 + s**2 ; i,-0.764685457322135*s**3 + s**2 - 0.242487572239533*s ; i
3084,0.8491702600337881,B0 + B1*i*sqrt(Abs(s)) ; B2 - i,0.000919175547280952*i*sqrt(Abs(s)) + 0.0811422904167187 ; 0.112838669569946 - i
3085,0.8491245504687016,B1*sqrt(Abs(B0 + i)) + s*sqrt(Abs(B0 + i)) ; i*r,s*sqrt(Abs(i + 6.42026254601966)) - 0.21854826809654*sqrt(Abs(i + 6.42026254601966)) ; i*r
3086,0.8491245399004975,B1*sqrt(Abs(B0 + i)) - i*sqrt(Abs(B0 + i)) ; B2*r + r**2,-i*sqrt(Abs(i + 6.42038708248851)) + 0.781389386766965*sqrt(Abs(i + 6.42038708248851)) ; r**2 + 0.149573298730605*r
3087,0.8491245153444166,B1*sqrt(Abs(B0 + i)) - i*sqrt(Abs(B0 + i)) ; r**2,-i*sqrt(Abs(i + 6.41948484878393)) + 0.782301962386517*sqrt(Abs(i + 6.41948484878393)) ; r**2
3088,0.8491244974373762,B1*sqrt(Abs(B0 + s)) + s*sqrt(Abs(B0 + s)) ; r,s*sqrt(Abs(s - 7.42055430629812)) - 0.218980607803359*sqrt(Abs(s - 7.42055430629812)) ; r
3089,0.849124456776265,B1*sqrt(Abs(B0 + i)) + s*sqrt(Abs(B0 + i)) ; B2*r,s*sqrt(Abs(i + 6.42061520875656)) - 0.219119952719942*sqrt(Abs(i + 6.42061520875656)) ; 92.1392436456305*r
3090,0.8491244022405351,B1*sqrt(Abs(B0 + i)) - i*sqrt(Abs(B0 + i)) ; r,-i*sqrt(Abs(i + 6.42091095858644)) + 0.780584130990754*sqrt(Abs(i + 6.42091095858644)) ; r
3091,0.8491243477032571,B1*sqrt(Abs(B0 + i)) + s*sqrt(Abs(B0 + i)) ; sqrt(Abs(r)),s*sqrt(Abs(i + 6.42101481039437)) - 0.219574371823213*sqrt(Abs(i + 6.42101481039437)) ; sqrt(Abs(r))
3092,0.849124234063087,B1*sqrt(Abs(B0 + i)) - i*sqrt(Abs(B0 + i)) ; i*r**2,-i*sqrt(Abs(i + 6.41903949796961)) + 0.783124376106862*sqrt(Abs(i + 6.41903949796961)) ; i*r**2
3093,0.8491172340686317,B0*i + B0*s**3 + B1*s**2 ; B2*i,-0.550137905968974*i - 0.550137905968974*s**3 + 0.545360827947549*s**2 ; 2.18887790644173*i
3094,0.849109242917358,B0*i + B0*s + B1*i*s ; B2*i**2 + i**2*sqrt(Abs(r)) + i*r,0.197602334421012*i*s + 0.00954789885086888*i + 0.00954789885086888*s ; i**2*sqrt(Abs(r)) - 0.0921351253437708*i**2 + i*r
3095,0.8490873234381583,B0*i*s ; sqrt(Abs(i**3*r + i**2*r**2)),0.313697363700949*i*s ; sqrt(Abs(i**3*r + i**2*r**2))
3096,0.8487964988170908,B0*i*s - i**2*s ; B1 + B2*i - i**2,-i**2*s + 0.299853091092268*i*s ; -i**2 + 0.296255891809358*i - 0.0104840296889262
3097,0.8487293677820027,B0 + B1*i ; -i*r + i + 2*r,0.0607770180150028*i - 0.0393334785140783 ; -i*r + i + 2*r
3098,0.8485234940669757,B0*sqrt(Abs(i*s - s**2)) ; sqrt(Abs(i)),0.00383277871429996*sqrt(Abs(i*s - s**2)) ; sqrt(Abs(i))
3099,0.848522532246588,B0 + B1*sqrt(Abs(i)) + B2*i ; i,0.0444011422786795*i + 0.201236439581044*sqrt(Abs(i)) - 0.0108635825700592 ; i
3100,0.8484358494664258,-i**2*s - i*s**2 + s*sqrt(Abs(i)) ; B0 + B1*i,-i**2*s - i*s**2 + s*sqrt(Abs(i)) ; 2.78976448685754*i + 0.928991248500242
3101,0.8483475020857759,s*Abs(B0*i**2 + B1*i)**(1/4) ; i,s*Abs(0.0271997837517986*i**2 - 0.00121686431395341*i)**(1/4) ; i
3102,0.8480342231280501,B0*sqrt(Abs(i + s + sqrt(Abs(s)))) ; B1*i*r,0.010863310015*sqrt(Abs(i + s + sqrt(Abs(s)))) ; 0.000199757982180972*i*r
3103,0.8480164587413016,B0*i ; sqrt(Abs(r - Abs(i)**(1/4))),-5.37764534918904e-5*i ; sqrt(Abs(r - Abs(i)**(1/4)))
3104,0.8480004186099364,i**2 ; B0*sqrt(Abs(r)) + i,i**2 ; i + 0.14791954890113*sqrt(Abs(r))
3105,0.8479090297865183,B0 + B1*i**2*s + B1*i ; r,-0.0392913536421823*i**2*s - 0.0392913536421823*i + 0.0424888361417804 ; r
3106,0.8478762047738787,B0*i + B1*s + B1*sqrt(Abs(i - s)) ; B2 + i,0.185644933678597*i + 0.0208562283287241*s + 0.0208562283287241*sqrt(Abs(i - s)) ; i + 0.000788979275524917
3107,0.8477619964773336,-s**2 + Abs(s)**(3/2) ; B0 - i*r + i - r**2,-s**2 + Abs(s)**(3/2) ; -i*r + i - r**2 + 0.0124184452008742
3108,0.8477422987282973,B0*i**2 + B0*i*s ; i,1.20350891220766*i**2 + 1.20350891220766*i*s ; i
3109,0.8476581680292751,B0*i + B1*s + B1*sqrt(Abs(i + s)) ; B2 + i**2 + i,0.118002618403707*i + 0.0222433388696946*s + 0.0222433388696946*sqrt(Abs(i + s)) ; i**2 + i + 0.00294227001923185
3110,0.8474689929097028,B0*s + B0*Abs(i)**(1/4) ; Abs(r + sqrt(Abs(i - r)))**(1/4),0.00360025039631781*s + 0.00360025039631781*Abs(i)**(1/4) ; Abs(r + sqrt(Abs(i - r)))**(1/4)
3111,0.8473947970699566,B0*i*s**2 + B0*s**2 ; r,0.0420893585018518*i*s**2 + 0.0420893585018518*s**2 ; r
3112,0.8473695471942263,B0*i + i*s**2 ; i,i*s**2 + 0.345269398909077*i ; i
3113,0.8473139374176515,B0*i ; B1 - i - r**2 + 2*r,-0.0189425815262056*i ; -i - r**2 + 2*r + 0.0348011380325288
3114,0.8472711788861998,i*s ; B0 - i**2 - i*r + 2*i,i*s ; -i**2 - i*r + 2*i - 0.0542140256820458
3115,0.8471478699758644,B0*i + B1*i**2 + B2*s ; B3 - i + r + sqrt(Abs(r)),-0.112665271875988*i**2 - 11.2665913649631*i + 0.0470995103865715*s ; -i + r + sqrt(Abs(r)) + 252.087764343445
3116,0.8470715000342283,B0*i*sqrt(Abs(s)) ; i*Abs(r)**(1/4) + i,1.58237216070523*i*sqrt(Abs(s)) ; i*Abs(r)**(1/4) + i
3117,0.8470248024504712,i*s**4 ; r,i*s**4 ; r
3118,0.84693584290592,B0*i + B1*s**2 + B1*s ; Abs(i)**(1/4),3.83506317250199e-5*i + 0.023355227209871*s**2 + 0.023355227209871*s ; Abs(i)**(1/4)
3119,0.846918473084875,s**2*sqrt(Abs(i)) ; B0 + i,s**2*sqrt(Abs(i)) ; i + 0.112365395458383
3120,0.8468467668375937,B1*sqrt(Abs(B0 + 2*i)) ; B3*sqrt(Abs(B2*i + i*r)),0.065589753804829*sqrt(Abs(2*i - 0.000423112268540849)) ; 0.0311773211628928*sqrt(Abs(i*r + 8.92428500488948*i))
3121,0.8467494706911882,B0*i + B1*s**2 + B1*s ; sqrt(Abs(r)),0.00230182724913599*i + 0.0239141865310667*s**2 + 0.0239141865310667*s ; sqrt(Abs(r))
3122,0.846742622899613,B0 + B1*i*sqrt(Abs(s)) + B1*i + B2*s ; -i + r,0.000343230123016725*i*sqrt(Abs(s)) + 0.000343230123016725*i + 0.0410121029057499*s - 0.0345163962013208 ; -i + r
3123,0.8467305770806363,B0*i*sqrt(Abs(s)) ; B1*i*r,0.0284726351290945*i*sqrt(Abs(s)) ; 4.86822202257254*i*r
3124,0.8467305705128346,B0*i*sqrt(Abs(s)) ; B1*r**2,0.028492789422764*i*sqrt(Abs(s)) ; 0.0112307840613294*r**2
3125,0.8467305681496832,B0*i*sqrt(Abs(s)) ; r - Abs(r)**(1/4),0.0284402929426749*i*sqrt(Abs(s)) ; r - Abs(r)**(1/4)
3126,0.8466586048996014,B0*i + B1*i**2 + B2*i*sqrt(Abs(s)) ; -r + sqrt(Abs(i**2 - i)),0.00501071781854215*i**2 - 0.00791210734098839*i*sqrt(Abs(s)) + 0.00152758583129532*i ; -r + sqrt(Abs(i**2 - i))
3127,0.8466406921309053,i*sqrt(Abs(i - sqrt(Abs(B0 + i)))) ; B1*i + i**2 + Abs(i)**(3/2),i*sqrt(Abs(i - sqrt(Abs(i + 47.1534324849802)))) ; i**2 + 2.57612904456784*i + Abs(i)**(3/2)
3128,0.846635582308176,B0*sqrt(Abs(s)) + B1*s ; B2 + B3*i*r - i**2*r,0.0214600410583266*s + 0.0256419690912611*sqrt(Abs(s)) ; -i**2*r + 9.31751651844849*i*r + 0.00315852742860341
3129,0.8466342652672552,B0*s**2 + Abs(i)**(1/4)*Abs(s)**(5/2) ; -r + sqrt(Abs(B1 + B2*i*r)),-0.469450284009299*s**2 + Abs(i)**(1/4)*Abs(s)**(5/2) ; -r + sqrt(Abs(3.43844092029696*i*r - 0.00304847580461329))
3130,0.8466190893189125,B0 + i*s + s ; 2*r,i*s + s - 0.981755773546433 ; 2*r
3131,0.8465685395399952,B0*i ; B1*i*sqrt(Abs(r)),0.0261618523751797*i ; 0.337690829762484*i*sqrt(Abs(r))
3132,0.8465684718934311,B0*i ; sqrt(Abs(r - Abs(r)**(1/4))),0.0262506299678344*i ; sqrt(Abs(r - Abs(r)**(1/4)))
3133,0.8465683563986895,B0*i ; Abs(i)**(1/4)*sqrt(Abs(r)),0.0262939359505563*i ; Abs(i)**(1/4)*sqrt(Abs(r))
3134,0.8465182478108705,i**2 - i*s + i*sqrt(Abs(s)) ; B0 + i,i**2 - i*s + i*sqrt(Abs(s)) ; i + 0.366511196921446
3135,0.8464873238565549,2*i*s**2 ; B0*i + B1*i**2,2*i*s**2 ; 126.398065907707*i**2 - 2.2944535497991*i
3136,0.8463030190314352,B0*sqrt(Abs(i + s)) + i*sqrt(Abs(i + s)) ; i,i*sqrt(Abs(i + s)) + 0.00587858836916687*sqrt(Abs(i + s)) ; i
3137,0.846269538237831,B0*sqrt(Abs(i)) + B1*Abs(i)**(3/2) ; i**2*r**2 + i,3.58246785243342*Abs(i)**(3/2) + 0.064605415570478*sqrt(Abs(i)) ; i**2*r**2 + i
3138,0.8462695118744676,B1*sqrt(Abs(i))*sqrt(Abs(s))*Abs(B0 + i)**(1/4) ; B2 + 2*i,0.331598883289269*sqrt(Abs(i))*sqrt(Abs(s))*Abs(i + 0.140505024363516)**(1/4) ; 2*i + 0.287631334449442
3139,0.8462396868451351,B0 + B1*sqrt(Abs(i)) ; B2 + 2*i*r + i,0.286211288602651*sqrt(Abs(i)) - 0.0924461894430471 ; 2*i*r + i + 0.258530029889944
3140,0.8461910938045665,B0*sqrt(Abs(s)) + s ; sqrt(Abs(r + sqrt(Abs(r)))),s - 0.957398590274331*sqrt(Abs(s)) ; sqrt(Abs(r + sqrt(Abs(r))))
3141,0.8461910938010371,B0*sqrt(Abs(s)) + s ; r,s - 0.957399608489047*sqrt(Abs(s)) ; r
3142,0.8461910937102046,B0*sqrt(Abs(s)) + s ; sqrt(Abs(B1 + r)),s - 0.957391411150364*sqrt(Abs(s)) ; sqrt(Abs(r + 0.76095320594868))
3143,0.846151337838044,B0*i - i*s ; i,-i*s + 1.74368488956968*i ; i
3144,0.8460154566807426,B0*s - sqrt(Abs(s)) ; B1*Abs(i)**(1/4),1.04136478104105*s - sqrt(Abs(s)) ; 77.5662492738524*Abs(i)**(1/4)
3145,0.8458566497011206,B0*i + B0*Abs(s)**(1/4) ; r,0.00755407537675294*i + 0.00755407537675294*Abs(s)**(1/4) ; r
3146,0.8457868210868411,B0*Abs(i)**(5/4) ; B1*r,0.0453435621800208*Abs(i)**(5/4) ; 0.044392071022428*r
3147,0.8457866401147603,B0*Abs(i)**(5/4) ; sqrt(Abs(r - sqrt(Abs(r)))),0.0455468133862094*Abs(i)**(5/4) ; sqrt(Abs(r - sqrt(Abs(r))))
3148,0.8457680593326851,B0*i + B1*s ; B2*i + B3*i*r + sqrt(Abs(r)),-0.0990637407013777*i + 0.00308150525622355*s ; 2.34626648937486*i*r + 2.33406576248955*i + sqrt(Abs(r))
3149,0.8457233810867534,B0*i ; sqrt(Abs(2*i + sqrt(Abs(i)))),-8.32133540077858e-5*i ; sqrt(Abs(2*i + sqrt(Abs(i))))
3150,0.8456778019362782,B0 + B1*i ; i + 2*r - Abs(r)**(3/2),0.0117458244682529*i + 0.0242337196579306 ; i + 2*r - Abs(r)**(3/2)
3151,0.8456358218793072,B0 + i**2 - i ; B1*r + B1*sqrt(Abs(i)),i**2 - i + 0.061194849779724 ; 0.0128081529598013*r + 0.0128081529598013*sqrt(Abs(i))
3152,0.8456003411126668,B0*i + B1*i**2*s**2 ; i,6.54207961226637*i**2*s**2 + 0.917727415531083*i ; i
3153,0.8455529922462994,i**2 + i*Abs(i - s)**(1/4) ; i,i**2 + i*Abs(i - s)**(1/4) ; i
3154,0.8455064392564778,B0 + B1*i**2 + B1*i*sqrt(Abs(s)) ; r,-0.0253365767989664*i**2 - 0.0253365767989664*i*sqrt(Abs(s)) + 0.053716683469782 ; r
3155,0.8455033867266891,B0*i ; Abs(r - sqrt(2)*sqrt(Abs(i)))**(1/4),-3.69527005154299e-5*i ; Abs(r - sqrt(2)*sqrt(Abs(i)))**(1/4)
3156,0.8453994368951411,B0*i*s ; sqrt(Abs(B1*sqrt(Abs(i + r)) + B2*r)),-0.0921140991910251*i*s ; sqrt(Abs(0.0313170058863796*r - 0.0347191189503073*sqrt(Abs(i + r))))
3157,0.8451584347018315,B0*sqrt(Abs(i))*sqrt(Abs(s)) ; B1*r**2 - i*r,0.0448269518180993*sqrt(Abs(i))*sqrt(Abs(s)) ; -i*r + 0.0286945398787163*r**2
3158,0.8451128056543021,sqrt(Abs(B0*Abs(i)**(5/4) - i**2)) ; i,sqrt(Abs(i**2 - 0.00209022273193759*Abs(i)**(5/4))) ; i
3159,0.8450911956720727,B0 + B1*sqrt(Abs(i)) ; B2 + sqrt(Abs(i*r - r**2)),0.0144561196518321 - 0.000787963390528903*sqrt(Abs(i)) ; sqrt(Abs(i*r - r**2)) - 0.00860623122231276
3160,0.8450861011393218,B0*s + Abs(s)**(7/4) ; r,-0.956062255927966*s + Abs(s)**(7/4) ; r
3161,0.8449093332971772,B0 + B1*i ; B2 + r - sqrt(Abs(i)) + sqrt(Abs(r)),9.65666682053013e-5*i + 0.0208927244454557 ; r - sqrt(Abs(i)) + sqrt(Abs(r)) + 0.135937087449932
3162,0.844896940950479,B0 + B1*sqrt(Abs(i**2 + i)) ; i,0.204590200086462*sqrt(Abs(i**2 + i)) - 0.0109192166818684 ; i
3163,0.8448785184653459,B0*Abs(2*i - s)**(1/4) ; sqrt(Abs(r - sqrt(Abs(r)))),0.0106792603500936*Abs(2*i - s)**(1/4) ; sqrt(Abs(r - sqrt(Abs(r))))
3164,0.8448143777061665,B0*sqrt(Abs(s + sqrt(Abs(s)))) ; r*sqrt(Abs(i)) + 2*Abs(i)**(3/2),0.0244443706834508*sqrt(Abs(s + sqrt(Abs(s)))) ; r*sqrt(Abs(i)) + 2*Abs(i)**(3/2)
3165,0.8448070815649747,B0*i**2 ; B1*r*sqrt(Abs(i)),0.304290229796981*i**2 ; 0.00535902860235315*r*sqrt(Abs(i))
3166,0.8448070211467034,B0*i**2 ; i*r + sqrt(2)*sqrt(Abs(r)),0.303141907757479*i**2 ; i*r + sqrt(2)*sqrt(Abs(r))
3167,0.8448070172622052,B0*i**2 ; -r*sqrt(Abs(i)) + r,0.303109733694103*i**2 ; -r*sqrt(Abs(i)) + r
3168,0.8447952190002137,B0 + B1*i ; 2*i**2 + r,8.24599151145795e-5*i + 0.0194530601301238 ; 2*i**2 + r
3169,0.8447482952779184,B0*i - 2*i*s ; B1*r,-2*i*s - 0.838189953290223*i ; 0.207878877980875*r
3170,0.8446821692332185,B0 + s ; sqrt(Abs(i**2 + r)),s - 0.953880128849274 ; sqrt(Abs(i**2 + r))
3171,0.8446821692332185,B0 + s ; sqrt(Abs(i + Abs(i)**(1/4))),s - 0.953880128676339 ; sqrt(Abs(i + Abs(i)**(1/4)))
3172,0.844682169221429,B0 + s ; B1 + r - sqrt(Abs(r)),s - 0.953876662874699 ; r - sqrt(Abs(r)) + 0.000580987017293476
3173,0.8446821662728796,B0 + s ; sqrt(Abs(B1 + 2*i)),s - 0.953935048050165 ; sqrt(Abs(2*i + 0.697730676208815))
3174,0.8446519602237305,B0*i + B0*s + B0*sqrt(Abs(s)) ; B1*r + B2*r**2,0.00920395420327347*i + 0.00920395420327347*s + 0.00920395420327347*sqrt(Abs(s)) ; 0.0214916002525691*r**2 + 0.042999484823887*r
3175,0.8446513313622696,B0*i + B0*s + B0*sqrt(Abs(s)) ; r,0.00914017548001974*i + 0.00914017548001974*s + 0.00914017548001974*sqrt(Abs(s)) ; r
3176,0.844650729712862,B0*sqrt(Abs(i)) + B1*s ; B2*sqrt(Abs(r)) - i*sqrt(Abs(r)) - Abs(r)**(3/2),0.0477119204005704*s + 0.00932668007513823*sqrt(Abs(i)) ; -i*sqrt(Abs(r)) - Abs(r)**(3/2) + 0.0241803616626928*sqrt(Abs(r))
3177,0.8445935300652856,s*Abs(i)**(5/4) ; i,s*Abs(i)**(5/4) ; i
3178,0.8445913514296832,B0*i + B1*i**2 ; B2 + 2*i**2,-5.05869257252299*i**2 + 0.527179324194113*i ; 2*i**2 + 0.00203926770460791
3179,0.8445347313020889,B0*i ; B1 + i*r**2 - r**3,-0.0755421294552282*i ; i*r**2 - r**3 + 0.587143116500053
3180,0.8445183029876151,B0*Abs(i)**(1/4) + B1*i ; B2 - i + r,0.000481213236878536*i + 0.0188611789520622*Abs(i)**(1/4) ; -i + r + 0.0359341281286356
3181,0.8445176601518196,B0*i + B1*s ; B2 + r**2*sqrt(Abs(i)) + r*Abs(i)**(3/2),-0.000219140449777255*i + 0.0508228816754212*s ; r**2*sqrt(Abs(i)) + r*Abs(i)**(3/2) + 0.0622678236940048
3182,0.8445014087481665,B0*i**2 ; i + Abs(i)**(5/4),40.7043958290933*i**2 ; i + Abs(i)**(5/4)
3183,0.8443654856446083,i*Abs(s)**(5/2) ; i,i*Abs(s)**(5/2) ; i
3184,0.8442544343007468,B0 + B1*i + B1*sqrt(Abs(s)) ; B2 - i + r,0.00108424313267527*i + 0.00108424313267527*sqrt(Abs(s)) - 0.0964632815777854 ; -i + r - 300.891251065816
3185,0.844139105469046,B0 + B1*i + B1*sqrt(Abs(i))*sqrt(Abs(s)) ; r,-0.0341599155117475*i - 0.0341599155117475*sqrt(Abs(i))*sqrt(Abs(s)) + 0.0707620792736172 ; r
3186,0.8440757826185058,B0 + B1*i ; -i**2 + i*r + i + r,0.0722913688005677*i + 0.0428406702042671 ; -i**2 + i*r + i + r
3187,0.8440199082252215,B0*i + B1*s ; B2 + B3*i + i**2 - i*r,-6.99032655451807e-5*i + 0.0429363641320719*s ; i**2 - i*r - 20.3723391362358*i + 284.869867532539
3188,0.8439863280777847,B0 + B1*s + B2*i*s**2 ; B3*sqrt(Abs(i))*sqrt(Abs(r)) - i - r,-0.00013052698915243*i*s**2 + 0.0357896419681075*s + 0.00409377906548996 ; -i - r + 8.17122442388264*sqrt(Abs(i))*sqrt(Abs(r))
3189,0.8439815188553137,B0*i**2 ; B1*i**2 + i,38.0828043571778*i**2 ; 6.44497006908942*i**2 + i
3190,0.8438940809575878,B0*i**2 ; B1*i + i*r,13.0309493606843*i**2 ; i*r + 0.380278650069183*i
3191,0.8438445493710106,B0*i**2 ; B1*i*r + i,31.9136694532174*i**2 ; 0.275835380701355*i*r + i
3192,0.843840627895208,B0*i*s + i*s**2 ; B1 + i,i*s**2 - 0.22374055310611*i*s ; i - 0.031478485400693
3193,0.8438372402021068,B0 + B1*s ; B2*r + i*r + i - r**2,0.0432574245902791*s + 0.00626885188330397 ; i*r + i - r**2 + 2.84009780299706*r
3194,0.843837239456661,B0 + B1*i ; B2*sqrt(Abs(r)) + i*sqrt(Abs(r)) + Abs(r)**(3/2),0.0495253722964627 - 0.0432506828795134*i ; i*sqrt(Abs(r)) + Abs(r)**(3/2) + 0.00459408663223557*sqrt(Abs(r))
3195,0.8438372387165046,B0 + B1*s ; B2*r**2 - i*r + i + r,0.0432489958009319*s + 0.00627722260688777 ; -i*r + i + 6.00940709438461*r**2 + r
3196,0.8438372385614795,B0 + B1*s ; B2*i + i**2 - i*r + r,0.0432549096038905*s + 0.00626032643748913 ; i**2 - i*r + 0.660355376000654*i + r
3197,0.8438372385136154,B0 + B1*i ; B2*r - i*r + r**3,0.0495132791072703 - 0.0432480368334262*i ; -i*r + r**3 + 0.0277545342813537*r
3198,0.8438372384530783,B0 + B1*s + i*s + s**2 ; r - sqrt(Abs(r + sqrt(2)*sqrt(Abs(r)))),i*s + s**2 + 1.72184214090322*s + 0.394843263340589 ; r - sqrt(Abs(r + sqrt(2)*sqrt(Abs(r))))
3199,0.8438372382328859,B0 + B1*i ; B2*Abs(r)**(3/2) + B3*i*Abs(r)**(3/2),0.0495173586684304 - 0.043259349112168*i ; 0.0129660297863923*i*Abs(r)**(3/2) + 0.0175660778720939*Abs(r)**(3/2)
3200,0.8438372373575411,B0 + B1*i ; B2*i*sqrt(Abs(r)) + i**2*sqrt(Abs(r)),0.0495192519022827 - 0.0432636321762623*i ; i**2*sqrt(Abs(r)) + 0.424176514970816*i*sqrt(Abs(r))
3201,0.8438372372025971,B0 + B1*i ; B2*r*sqrt(Abs(i)) + r**2*sqrt(Abs(i)),0.0495379649760584 - 0.0432626537835642*i ; r**2*sqrt(Abs(i)) + 0.0165093582775644*r*sqrt(Abs(i))
3202,0.8438372262311231,B0 + B1*i + s ; B2*i*r + i*Abs(r)**(5/2),-1.72182255770049*i + s + 2.11434759642982 ; 2.55180201426217*i*r + i*Abs(r)**(5/2)
3203,0.843837064988596,B0 + B1*i + B2*s ; sqrt(Abs(B3*r**2 + r**2*sqrt(Abs(i)))),0.00998016783719424*i + 0.0533532519413918*s - 0.00376129110043688 ; sqrt(Abs(r**2*sqrt(Abs(i)) + 0.00112187879974816*r**2))
3204,0.8437645352813917,B0*i + B0*sqrt(Abs(B1 + s)) ; B2 + r,-0.000121833957410503*i - 0.000121833957410503*sqrt(Abs(s - 0.867963475452706)) ; r + 55.7729262628792
3205,0.8437322623991537,B0*sqrt(Abs(i - s**2)) ; sqrt(Abs(B1 - sqrt(Abs(i**2 + r)))),0.00120360903133049*sqrt(Abs(i - s**2)) ; sqrt(sqrt(Abs(i**2 + r)) + 24069.4135188737)
3206,0.8437239375018041,B1*sqrt(Abs(B0*i + B0*s)) ; B2 + r,0.000266078363388972*sqrt(Abs(20.4714158323635*i + 20.4714158323635*s)) ; r - 122.29373256922
3207,0.8436563578157925,B0*i + B1*i**2 ; B2*i + sqrt(Abs(i)),1.20293772538752e-6*i**2 + 0.000415199664815393*i ; 127.964613902431*i + sqrt(Abs(i))
3208,0.8436562079916983,B0 + B1*i ; i + sqrt(Abs(B2 + i + sqrt(Abs(i)))),0.00397819012798572*i + 0.0129074387687593 ; i + sqrt(Abs(i + sqrt(Abs(i)) - 0.189328798237026))
3209,0.8436558915517574,B0*i + B1*i**2 ; B2 + r + sqrt(Abs(i)),0.0122829990756736*i**2 + 1.22817962208827*i ; r + sqrt(Abs(i)) + 197.400044285844
3210,0.8436536003828318,B0*i + B1*i**2 ; B2*sqrt(Abs(r)) - i,-5.98185428780511e-5*i**2 + 0.00610213539652618*i ; -i - 73.5517456660376*sqrt(Abs(r))
3211,0.8436485791380153,B0*i + B0*s*sqrt(Abs(i)) + B1*s ; sqrt(Abs(i)),-5.25799094163554e-5*i - 5.25799094163554e-5*s*sqrt(Abs(i)) + 0.0490811025650181*s ; sqrt(Abs(i))
3212,0.8436470226716621,B0 + B1*i ; B2 + B3*r - i**2,2.44352354332189e-5*i + 0.00959883203619701 ; -i**2 + 74.6388494841527*r + 0.000362008492851401
3213,0.8436455604224429,B1*sqrt(Abs(B0 + i)) ; B2 + B3*i + B4*r,0.00122283540759068*sqrt(Abs(i + 35.501454723507)) ; 57.3097949589895*i - 26.3886688055117*r + 1.86283987850138
3214,0.8436449452353182,B0*i**2 ; B1 + B2*i - i**2,0.00804777708899113*i**2 ; -i**2 + 0.556466597070048*i + 2.06813402726939
3215,0.8436443018175304,B0 + B1*Abs(i)**(1/4) ; B2 - i + r**2 + r,0.00579905781757223*Abs(i)**(1/4) - 0.00630887468786378 ; -i + r**2 + r + 458.50302574035
3216,0.8436440280917844,B0*i ; B1 - 2*i + 2*r,0.000120285723475015*i ; -2*i + 2*r - 166.880884123797
3217,0.843644019893147,B0 + B1*i ; B2 + B3*r + r**2,0.00987777759178811 - 2.15079166769023e-5*i ; r**2 + 59.4565523250622*r - 0.975500612680162
3218,0.8436440190559035,B0*i ; B1 + sqrt(Abs(i - r + sqrt(Abs(r)))),-0.000120285701784498*i ; sqrt(Abs(i - r + sqrt(Abs(r)))) + 175.734165086327
3219,0.8436440183869551,B0*i ; B1 - i*r + i + r,-0.000120285699948404*i ; -i*r + i + r + 167.025019575199
3220,0.8436440141813711,B0*i ; B1 + Abs(-B2 + i + r)**(1/4),-0.000120285689825544*i ; Abs(i + r - 112.697159292733)**(1/4) + 178.97586606968
3221,0.8436440137407185,B0*i ; sqrt(Abs(B1 + i - sqrt(Abs(B2 - r)))),-0.000120285689767532*i ; sqrt(Abs(-i + sqrt(Abs(r - 17709.6787005707)) + 33185.3266085767))
3222,0.8436440136960507,B0*i ; B2*Abs(B1 + 2*i)**(1/4),-0.000120285685844095*i ; 59.5573133462749*Abs(2*i + 71.205483848942)**(1/4)
3223,0.843644012981024,B1*i*Abs(B0 + i)**(1/4) ; B2 + sqrt(Abs(r)),-3.29699964564936e-5*i*Abs(i - 77.039045906433)**(1/4) ; sqrt(Abs(r)) + 179.314892356162
3224,0.8436439945218466,B0 + B1*i ; B2 - sqrt(Abs(2*i - sqrt(Abs(i)))),0.00582433059972826 - 6.20235415566648e-5*i ; 132.475260513349 - sqrt(Abs(2*i - sqrt(Abs(i))))
3225,0.8436439811052828,B0*i ; Abs(B1 + 2*i - r)**(1/4),-0.000120293553775135*i ; Abs(-2*i + r + 1032616662.2935)**(1/4)
3226,0.8436431953158685,B0*i + B1*i**2 ; B2 + r,0.000736183632009046*i**2 + 0.073498170094127*i ; r + 250.48116892231
3227,0.8436291285091947,B0 + i + s ; B1*i**2*r**2,i + s - 0.988004245695531 ; 1.84587707360219*i**2*r**2
3228,0.8436287436730571,B1*sqrt(Abs(s - sqrt(Abs(B0 + s)))) ; B2*r + B3*i*r,8.32716039049501e-5*sqrt(Abs(s - sqrt(Abs(s + 430066327.269484)))) ; 10.2687837316759*i*r + 14.450185189438*r
3229,0.8436284851778905,B1*sqrt(Abs(B0 + i)) ; B2*Abs(i)**(1/4)*Abs(r)**(1/4),1.36025038184632e-5*sqrt(Abs(i + 769833.177369655)) ; 9.03226529295152*Abs(i)**(1/4)*Abs(r)**(1/4)
3230,0.8436167074343562,B0*i**2 + B1*i*s + B1*s ; -r + sqrt(Abs(r)),0.00649540397557849*i**2 + 0.0445825582411168*i*s + 0.0445825582411168*s ; -r + sqrt(Abs(r))
3231,0.8436166920396693,B0*s - i**2*s + i*s**2 ; i - r,-i**2*s + i*s**2 - 0.00858044530096967*s ; i - r
3232,0.8435967989904632,B0*i + B1*i**2 ; B2 - sqrt(Abs(i)),0.159785480342744*i**2 - 0.195329268735763*i ; 0.253827900713081 - sqrt(Abs(i))
3233,0.8435652087946768,B0*s**3 ; Abs(i**2 + i*r)**(1/8),0.043609283914557*s**3 ; Abs(i**2 + i*r)**(1/8)
3234,0.8435639087794997,B0*i*sqrt(Abs(i + s)) ; B1 + i*r + r**2,-1.20194160243681e-5*i*sqrt(Abs(i + s)) ; i*r + r**2 + 187.286053892266
3235,0.8435637214454831,sqrt(Abs(B0*i + B0*s)) ; B1 + i + sqrt(Abs(i))*sqrt(Abs(r)),sqrt(Abs(1.44464884212867e-6*i + 1.44464884212867e-6*s)) ; i + sqrt(Abs(i))*sqrt(Abs(r)) + 161.871401165267
3236,0.8435617676965254,B0*i**3 ; B1 + B2*i + i**2,-0.977019224405136*i**3 ; i**2 + 1.86989875014055*i + 0.390760087635793
3237,0.8434930152935429,i**2*s + i*s ; B0*i**2 + B0*i*r + i,i**2*s + i*s ; -0.95365534369542*i**2 - 0.95365534369542*i*r + i
3238,0.843462843933571,B0*i ; B1*r - i*r + i,-0.000120353409360677*i ; -i*r + i + 44.2116520235984*r
3239,0.8434624931402677,B0*i**2*s ; i,33.8703691189317*i**2*s ; i
3240,0.8434589219963818,B0*sqrt(Abs(i - s**2)) ; B1*i*r - i + r,0.0012040569052602*sqrt(Abs(i - s**2)) ; 2063.26374142927*i*r - i + r
3241,0.8433798453939069,B0*i**2 ; B1*i + i**2 - r,1.20630671145186e-6*i**2 ; i**2 + 14.0314964724527*i - r
3242,0.8431942360587867,B0*s ; Abs(B1*r + B2*i*r)**(1/8),0.0477151131631923*s ; Abs(0.000240498120694103*i*r + 1.28798875505008*r)**(1/8)
3243,0.8431942360505736,B0*s ; B1 + sqrt(Abs(i**2 - i*sqrt(Abs(i + r)))),0.0477156804916065*s ; sqrt(Abs(i**2 - i*sqrt(Abs(i + r)))) + 0.0122659535359206
3244,0.8431942360501997,B0*s ; B1 + B2*i + 2*i**2,0.0477142164926251*s ; 2*i**2 + 11.9923081928726*i + 0.000300488184634129
3245,0.8431942360361686,B0*s ; B1*i*r + B2*i*Abs(r)**(3/2),0.0477137725208956*s ; 0.00117315985717331*i*r + 0.326272091855964*i*Abs(r)**(3/2)
3246,0.843194236014445,B0*s ; B1 + B2*r - 2*r**2,0.0477133059826181*s ; -2*r**2 + 0.000340227585728125*r + 0.048115467413474
3247,0.8431942360118744,B0*s ; B1*r**2 + i*r**2 + i,0.0477166533050914*s ; i*r**2 + i + 0.0780527933128103*r**2
3248,0.843194235972375,B0*s ; B1*r + i*r**2 + i*r,0.0477126575797726*s ; i*r**2 + i*r + 0.0219060538215088*r
3249,0.843194235770618,B0*s ; B1 + r + sqrt(Abs(B2*sqrt(Abs(r)) + B3*r)),0.0477107653997784*s ; r + sqrt(Abs(7.94108513989751*r + 1.4502472689652*sqrt(Abs(r)))) + 88.0825152106444
3250,0.8431942342381494,B0*s ; B1*i + B2*i**2 - 2*r,0.0477044287690777*s ; 90.9308950226999*i**2 + 0.00510776779503125*i - 2*r
3251,0.8431941977421663,B0*s ; 2*i*r**2 + i,0.0476666727245793*s ; 2*i*r**2 + i
3252,0.8431761912809973,B0*i ; sqrt(Abs(r + sqrt(Abs(i + r)))),-7.3135810481505e-5*i ; sqrt(Abs(r + sqrt(Abs(i + r))))
3253,0.8428414386669956,B0*s + B1*s**2 + B2*i*s**2 ; B3 - r*sqrt(Abs(i)),0.151139911198216*i*s**2 - 0.188506625029639*s**2 + 0.192170505103608*s ; -r*sqrt(Abs(i)) + 0.0129988835792222
3254,0.8428371789705847,B0*i*s**2 + B0*i + B1*s ; sqrt(Abs(B2 + r)),-0.00014934802230585*i*s**2 - 0.00014934802230585*i + 0.0428428145107708*s ; sqrt(Abs(r + 38.8866286992803))
3255,0.8428341200822169,s**2*Abs(i)**(3/2) ; B0*i - i**2,s**2*Abs(i)**(3/2) ; -i**2 + 0.180806478645656*i
3256,0.8427964517642718,B0 + B1*s + B2*s**2 + B3*i*s ; sqrt(Abs(B4 + r)),0.000642577142768105*i*s - 0.326197675540482*s**2 + 0.339559107479319*s - 0.0107961056161464 ; sqrt(Abs(r - 0.132375898914205))
3257,0.8427885715166501,B0*s + B1*s**3 + B2*i*s ; r**3,0.0379607549883587*i*s - 0.152726628187753*s**3 + 0.1526923851488*s ; r**3
3258,0.8427885715154501,B0*s + B1*s**2 + B2*s**3 ; r,-0.152740851551423*s**3 - 0.0379393955021734*s**2 + 0.190645564137683*s ; r
3259,0.8427062260524253,B0*sqrt(Abs(i)) ; B1*r - r**2,0.0125740181024582*sqrt(Abs(i)) ; -r**2 + 0.0248749529778544*r
3260,0.8427061991637645,B0*sqrt(Abs(i)) ; B1*i*r**2,0.0125921039612392*sqrt(Abs(i)) ; 0.0391906370896679*i*r**2
3261,0.8426512995790776,B0*sqrt(Abs(s)) + s - Abs(s)**(3/2) ; sqrt(Abs(B1 + B2*Abs(i)**(3/2))),s - Abs(s)**(3/2) - 0.00694546572098554*sqrt(Abs(s)) ; sqrt(0.0022042711453734*Abs(i)**(3/2) + 0.223741263204459)
3262,0.8426277758552634,B0*s**2 + B1*i*s**2 ; i,-2.25873217024378*i*s**2 + 0.123353884842922*s**2 ; i
3263,0.8425946840117277,B0 + B1*s + B2*s**2 + B3*i*s ; B4 - i**2 + 2*r,-0.000562194390593128*i*s - 0.292704742739647*s**2 + 0.313382366940678*s - 0.0179172591125601 ; -i**2 + 2*r + 0.0445713123585013
3264,0.8425926971465203,B0 + B1*i + B2*i**2 + B3*i*s ; r,2.14732829728597*i**2 + 2.44214424823161*i*s - 2.16851951899184*i + 0.00325817763711287 ; r
3265,0.8425191408197267,i**2 + i*s ; B0*i - i*r,i**2 + i*s ; -i*r + 3.75200263339853*i
3266,0.8425029134738949,B0*s*Abs(i)**(3/2) ; i,6.38578754126478*s*Abs(i)**(3/2) ; i
3267,0.8424143562512543,-i - s + sqrt(Abs(s)) ; i*Abs(r)**(9/16),-i - s + sqrt(Abs(s)) ; i*Abs(r)**(9/16)
3268,0.8424099288738922,B0*i*s**2 + B1*i*s**3 ; B2 + i - r,-1.10260147472209*i*s**3 + 1.51604193619298*i*s**2 ; i - r - 0.0127453651832614
3269,0.8423448682727711,B0*Abs(s)**(1/4) + B1*i*Abs(s)**(1/4) ; sqrt(Abs(r - sqrt(Abs(r)))),-0.0352266959609432*i*Abs(s)**(1/4) + 0.0472057736098808*Abs(s)**(1/4) ; sqrt(Abs(r - sqrt(Abs(r))))
3270,0.8422713692605488,B0*i*s - Abs(i)**(3/2) ; 0,0.61083022038527*i*s - Abs(i)**(3/2) ; 0
3271,0.8422693011957352,B1*Abs(B0 + i*s)**(1/4) ; B2 + r**2 + 3*r,0.00670253061743967*Abs(i*s - 0.0578225680665887)**(1/4) ; r**2 + 3*r + 0.187829776088241
3272,0.8422639026305786,B0*i - 2*i**2 ; B1 - 2*r,-2*i**2 + 0.533324644579589*i ; 0.0361832416079819 - 2*r
3273,0.8422101865788236,B0*sqrt(Abs(s)) ; B1*i + i**3 + i*r,0.0339964472550507*sqrt(Abs(s)) ; i**3 + i*r + 0.346345225537708*i
3274,0.8422084055654891,B0*sqrt(Abs(s)) ; B1*sqrt(Abs(i)) + r*sqrt(Abs(i)) + Abs(i)**(3/2),0.03341364045666*sqrt(Abs(s)) ; r*sqrt(Abs(i)) + Abs(i)**(3/2) + 0.340650010865517*sqrt(Abs(i))
3275,0.8422050178179433,B0*sqrt(Abs(s)) ; B1 + i**2*r + i*r**2,0.0339835782154167*sqrt(Abs(s)) ; i**2*r + i*r**2 + 0.00157152542954587
3276,0.8422050157080475,B0*sqrt(Abs(s)) ; B1 + B2*i - 2*i**2,0.033983604198081*sqrt(Abs(s)) ; -2*i**2 + 0.00742292496317628*i + 0.00191958945401654
3277,0.842201565073254,B0*sqrt(Abs(s)) ; B1*r**2 + B2*i*r**2,0.0334031430358067*sqrt(Abs(s)) ; 0.100541424232478*i*r**2 + 88.5960726987207*r**2
3278,0.842183794206195,B0 + B1*sqrt(Abs(i)) + B2*i ; -i,-0.00216055729156237*i + 0.0232882898984085*sqrt(Abs(i)) - 0.00662489320496163 ; -i
3279,0.8421496879371099,B0*i**2 + B1*i*s ; B2*r**2 + i*r**2 + i*r + r,-0.0377504158427507*i**2 + 0.312039280666418*i*s ; i*r**2 + i*r + 0.00255414298270189*r**2 + r
3280,0.8421142650560324,B0*i ; sqrt(Abs(B1*sqrt(Abs(i)) - r)),-6.815587628204e-5*i ; sqrt(Abs(r - 0.0200182541851827*sqrt(Abs(i))))
3281,0.8421118627854279,i**2 - sqrt(Abs(s)) ; B0 + i - r,i**2 - sqrt(Abs(s)) ; i - r + 0.870582954786161
3282,0.8421104821541457,B0 + B1*s + Abs(s)**(3/2) ; B2*i,-1.23350261831591*s + Abs(s)**(3/2) + 0.279758773808084 ; 0.549463537079725*i
3283,0.8420434686382721,B0*Abs(i)**(1/4) ; sqrt(Abs(i))*sqrt(Abs(r - sqrt(Abs(i)))),0.00312802308333963*Abs(i)**(1/4) ; sqrt(Abs(i))*sqrt(Abs(r - sqrt(Abs(i))))
3284,0.8419453139857426,i**2 ; B0*i + B1*r,i**2 ; 2.31349290630947*i - 0.45657951344651*r
3285,0.8418377612145345,B1*Abs(B0 + s)**(1/4) ; B2 - i + 2*r + Abs(r)**(1/4),0.0211263201330375*Abs(s - 0.00817043394542143)**(1/4) ; -i + 2*r + Abs(r)**(1/4) + 75.8937501288719
3286,0.8417765168393091,B0 + B1*Abs(s)**(1/4) - i ; B2*r,-i - 2.94477544334534*Abs(s)**(1/4) + 2.9957305070201 ; 0.00024159054367005*r
3287,0.841697898739341,B0*i**3 ; B1 + B2*i + sqrt(Abs(i)),-0.788339249540085*i**3 ; 2.93115710730155*i + sqrt(Abs(i)) - 0.172339120958758
3288,0.8416893058449617,B0*s*sqrt(Abs(i*s + s**2)) ; i,0.043814410100326*s*sqrt(Abs(i*s + s**2)) ; i
3289,0.8414433011175925,B0*i*s**2 + B0*s**2 ; i,0.0429128563684238*i*s**2 + 0.0429128563684238*s**2 ; i
3290,0.8414297057401093,B0*s**2 + i*s ; i - r,i*s - 0.00909299094629108*s**2 ; i - r
3291,0.8414032791788586,B0*s + B1*i**2*s + i*s ; i,-37.3968735941736*i**2*s + i*s + 0.0893763626423676*s ; i
3292,0.8412956795854065,B0*Abs(i)**(1/4) ; sqrt(Abs(r))*Abs(i + r)**(1/4),0.011769983607385*Abs(i)**(1/4) ; sqrt(Abs(r))*Abs(i + r)**(1/4)
3293,0.8412266665007565,B0 + B1*i + B1*sqrt(Abs(i)) ; B2*r + B3*i*r**3,-0.0248122144331948*i - 0.0248122144331948*sqrt(Abs(i)) + 0.0559101962830065 ; 0.000102833146205128*i*r**3 + 0.00346423430881231*r
3294,0.841152045558521,B0*sqrt(Abs(i)) ; sqrt(Abs(r - sqrt(Abs(i - r)))),0.000646366942251624*sqrt(Abs(i)) ; sqrt(Abs(r - sqrt(Abs(i - r))))
3295,0.8410800655252105,s*sqrt(Abs(B0*i*s - i**2)) ; i,s*sqrt(Abs(i**2 - 0.0884734031427001*i*s)) ; i
3296,0.840924604020271,B0*i**2 + B0*i + B1*i*s + B1*s ; B2 - Abs(r)**(1/4),-5.86242437790058e-7*i**2 + 0.00650991843312612*i*s - 5.86242437790058e-7*i + 0.00650991843312612*s ; -Abs(r)**(1/4) - 6.60192152035117e-11
3297,0.8409195371684429,B0 + B1*i + B1*sqrt(Abs(i))*sqrt(Abs(s)) ; i - r,-0.0589005253761183*i - 0.0589005253761183*sqrt(Abs(i))*sqrt(Abs(s)) + 0.0661314043379628 ; i - r
3298,0.8408967704688569,B0*i + B1*sqrt(Abs(i - s)) ; i + r,0.0022917252141656*i + 0.0111662610280139*sqrt(Abs(i - s)) ; i + r
3299,0.840781739294072,B0*sqrt(Abs(i)) + B1*s**3 ; B2 + sqrt(2)*sqrt(Abs(i))*sqrt(Abs(r)),0.0403373241392484*s**3 + 0.000741677383158997*sqrt(Abs(i)) ; sqrt(2)*sqrt(Abs(i))*sqrt(Abs(r)) + 0.018605233618442
3300,0.8407602938403356,B0*Abs(i)**(5/2) ; i**2 + i*r,10.4903140957625*Abs(i)**(5/2) ; i**2 + i*r
3301,0.8407089799611939,B0*i + B1*i**2 + B2*i*s**2 ; B3 + i,5.89540899998099*i**2 + 0.157848900102463*i*s**2 - 0.530269113109746*i ; i - 0.0910369879354236
3302,0.8407042169676545,B0*i*s + B1*i**3*s ; B2 + i,-6.82219980959613*i**3*s + 0.289297884276763*i*s ; i + 0.3239767428384
3303,0.8406963365253765,B0*s + B1*s**2 + s**3 ; i,s**3 - 1.62491009815567*s**2 + 0.699522222429138*s ; i
3304,0.840599847134798,B0*i - 2*i**2 ; i,-2*i**2 + 1.00268102719734*i ; i
3305,0.8405964501821254,B0*i*s + i**2*s + i*s**2 ; r,i**2*s + i*s**2 - 0.686302091569809*i*s ; r
3306,0.840596450170689,B0*i*s + i**2*s + i*s**2 ; sqrt(Abs(i))*sqrt(Abs(r)),i**2*s + i*s**2 - 0.686301821316409*i*s ; sqrt(Abs(i))*sqrt(Abs(r))
3307,0.8405872560434113,B0*s + B0*Abs(i)**(1/4) ; B1 - i + sqrt(Abs(B2 + i - r)),0.00424348188554006*s + 0.00424348188554006*Abs(i)**(1/4) ; -i + sqrt(Abs(i - r + 8.87509965710644)) + 4.07281596711566
3308,0.84043557112228,B0 + B1*s**2 + B2*i*s ; i,-2.15984658270968*i*s + 0.119294400055444*s**2 + 0.00153548762241202 ; i
3309,0.8403731540544956,2*i**2*s ; B0 + 2*i + r,2*i**2*s ; 2*i + r + 0.0645790330901223
3310,0.8403373762560268,-i**2*s + Abs(i)**(3/2) ; B0 - sqrt(Abs(i)),-i**2*s + Abs(i)**(3/2) ; 0.23707526892853 - sqrt(Abs(i))
3311,0.8401908499358042,B0*s + B1*s**2 + i*s**2 ; B2*i*r + i**2*r,i*s**2 + 0.416539722638657*s**2 - 0.42469905391442*s ; i**2*r + 0.390727896012722*i*r
3312,0.8400129069527248,B1*sqrt(Abs(B0 + i)) + s*sqrt(Abs(B0 + i)) ; B2 + B3*i*r + B3*i*sqrt(Abs(r)),s*sqrt(Abs(i - 0.0271535934321686)) - 0.49644250586835*sqrt(Abs(i - 0.0271535934321686)) ; -0.0105153587862262*i*r - 0.0105153587862262*i*sqrt(Abs(r)) + 0.0313220424981888
3313,0.8400116764162248,B0*sqrt(Abs(i)) ; B2*sqrt(Abs(B1 + i)) + i*sqrt(Abs(B1 + i)),0.187212323176154*sqrt(Abs(i)) ; i*sqrt(Abs(i + 0.586780925311035)) + 0.0148274637684738*sqrt(Abs(i + 0.586780925311035))
3314,0.8398740192827774,B0*i ; B1 - i**2*r - i,0.00829168905504023*i ; -i**2*r - i - 0.222116094081799
3315,0.839655431153855,sqrt(Abs(B0*sqrt(Abs(i)) + B1*i)) ; i + r,sqrt(Abs(3.16302747087322e-5*i + 0.000145959260456103*sqrt(Abs(i)))) ; i + r
3316,0.8396058541642026,i**2 + i*sqrt(Abs(B0 + s + sqrt(Abs(s)))) ; i,i**2 + i*sqrt(Abs(s + sqrt(Abs(s)) - 0.601029512573979)) ; i
3317,0.8395552345410553,B1*sqrt(Abs(B0 + i)) + s*sqrt(Abs(B0 + i)) ; B2*i + Abs(i)**(3/2),s*sqrt(Abs(i - 0.0221511054382379)) - 0.429527956098568*sqrt(Abs(i - 0.0221511054382379)) ; 1.2199802467866*i + Abs(i)**(3/2)
3318,0.8395489545384273,B0*i + B1*s + i**2 - i*s ; i,i**2 - i*s + 0.809221517672857*i + 0.0536220677063805*s ; i
3319,0.8394789890544471,B0*i ; B1 + B2*sqrt(Abs(i)) + B3*i,0.640245524174099*i ; 0.00208360551570517*i + 0.194993163390292*sqrt(Abs(i)) - 0.0143961783932625
3320,0.8394423629851189,B0*i*sqrt(Abs(s)) ; sqrt(Abs(r - sqrt(Abs(B1 + r)))),-6.88532064845835e-5*i*sqrt(Abs(s)) ; sqrt(Abs(r - sqrt(Abs(r + 1.74466887900621))))
3321,0.839387788418488,B1*sqrt(Abs(B0*i + i*s)) ; i**2*r,0.0457958284231551*sqrt(Abs(i*s - 0.267815949911287*i)) ; i**2*r
3322,0.8393395308119935,B0 + B1*i ; B2*i + i*sqrt(Abs(B3 + i + r)),0.0164837960446518*i + 0.0320031724217712 ; i*sqrt(Abs(i + r + 2.95903896150808)) + 1.18252177571454*i
3323,0.8393083686816415,B0*s + B1*i*s ; B2 + i*r + r**2*sqrt(Abs(i)),0.000192792100610348*i*s + 0.0196364587390027*s ; i*r + r**2*sqrt(Abs(i)) + 0.00968666835075455
3324,0.8392648336397055,B0 - i*s + s ; i,-i*s + s - 0.893830272912428 ; i
3325,0.8392022364837021,B0*Abs(i)**(3/2) - Abs(i)**(5/2) ; r,-Abs(i)**(5/2) + 0.794251825995398*Abs(i)**(3/2) ; r
3326,0.8391718483070648,B0 + B1*i + B2*sqrt(Abs(s)) ; B3*i + 3*i*r,-0.2275853635232*i + 0.0745511358038795*sqrt(Abs(s)) - 0.000677338594289463 ; 3*i*r + 0.0818207691761225*i
3327,0.8391637219103354,i**2 - i ; B0*i + B1*r,i**2 - i ; 1.76208933764893*i + 0.0545603275149341*r
3328,0.8389636674751604,B0*sqrt(Abs(i))*sqrt(Abs(s)) ; 2*i + 2*r,0.00179524891470893*sqrt(Abs(i))*sqrt(Abs(s)) ; 2*i + 2*r
3329,0.8388723575324779,B0*s + i*s**2 - i*s ; i,i*s**2 - i*s + 0.0544688201493444*s ; i
3330,0.8388680168124854,B0*sqrt(Abs(i))*sqrt(Abs(s)) ; i + r,0.00253713087620115*sqrt(Abs(i))*sqrt(Abs(s)) ; i + r
3331,0.8387546302444269,B0*i + B1*i*s + B1*Abs(i)**(3/2) ; -i + sqrt(Abs(B2*sqrt(Abs(r)) - r)),-0.00046726936067729*i*s - 0.00474293531508972*i - 0.00046726936067729*Abs(i)**(3/2) ; -i + sqrt(Abs(r + 4207.54922057195*sqrt(Abs(r))))
3332,0.8387239808778079,B0*i**2*s ; B1*sqrt(Abs(i)),7.16601819443486*i**2*s ; 0.0381646731785294*sqrt(Abs(i))
3333,0.8386621277915458,B0*i ; sqrt(Abs(2*i + Abs(i)**(1/4))),-8.83314709487296e-5*i ; sqrt(Abs(2*i + Abs(i)**(1/4)))
3334,0.8386433206060082,B0*sqrt(Abs(i + s**2)) ; sqrt(Abs(i)),0.000890945963004856*sqrt(Abs(i + s**2)) ; sqrt(Abs(i))
3335,0.8385504411245253,B0*i*s + i**2*s ; i,i**2*s + 1.20980722755841*i*s ; i
3336,0.8384514719997861,B0*i + B1*i*s ; B2*r + 2*r**2 + sqrt(Abs(i)),-0.000471551682409988*i*s - 6.34795700112872e-5*i ; 2*r**2 + 3548.84262661283*r + sqrt(Abs(i))
3337,0.8384348941433876,B0*i*s + i*s**2 - i*Abs(s)**(3/2) ; sqrt(Abs(B1*i*r + B1*r)),i*s**2 + 0.421685898432425*i*s - i*Abs(s)**(3/2) ; sqrt(Abs(0.0207797196661021*i*r + 0.0207797196661021*r))
3338,0.8384037108509209,B0 + B1*sqrt(Abs(i)) + B2*i ; B3 + i,0.330411756248567*i + 0.0324830522765725*sqrt(Abs(i)) + 0.0110523181077696 ; i + 0.0114809784913017
3339,0.8383927320220408,B0*s - i*s ; B1 - r,-i*s - 0.0327391250735459*s ; 0.130506966930245 - r
3340,0.8383122766357151,B0*i ; sqrt(Abs(B1 + i + sqrt(Abs(i)))),-4.51079436488284e-5*i ; sqrt(Abs(i + sqrt(Abs(i)) + 1.12470136040282))
3341,0.8381796611184995,B0*i*Abs(s)**(1/4) ; B1*r,0.0272717166605919*i*Abs(s)**(1/4) ; 0.00227826547324088*r
3342,0.8381795168268773,B0*i*Abs(s)**(1/4) ; r,0.027161826300989*i*Abs(s)**(1/4) ; r
3343,0.8381699159667609,B0*sqrt(Abs(s)) + B1*s ; B2*sqrt(Abs(r)) + 2*i*sqrt(Abs(r)),0.0211911391336617*s + 0.0257363415810866*sqrt(Abs(s)) ; 2*i*sqrt(Abs(r)) + 0.050880595443867*sqrt(Abs(r))
3344,0.8381674307726842,B0*Abs(s)**(5/2) ; r*sqrt(Abs(i))*Abs(B1 + r)**(1/8),0.0440582492478891*Abs(s)**(5/2) ; r*sqrt(Abs(i))*Abs(r + 0.000574194113981268)**(1/8)
3345,0.8381328782950906,B0 + B1*s - sqrt(Abs(s)) ; B2*i*r**3 + B3*i**2*r,2.93377806682224*s - sqrt(Abs(s)) + 0.432449813452872 ; 0.00467540270165902*i**2*r + 37.6037642385079*i*r**3
3346,0.8381028586109833,B0*i ; B1*r - r**2,0.0261795107627834*i ; -r**2 + 0.0194379586648726*r
3347,0.8381028586088065,B0*i ; B1*r + r**2,0.0261800740138229*i ; r**2 + 0.16262535955841*r
3348,0.8381028583748686,B0*i ; B1*i**2*r,0.0261755616627438*i ; 0.0024033626706315*i**2*r
3349,0.8381028583220339,B0*i ; B1*r + Abs(r)**(3/2),0.0261751271861418*i ; 0.000876711157090353*r + Abs(r)**(3/2)
3350,0.8381028581955959,B0*i ; B1*i*r**2,0.0261850820487749*i ; 5.79707561030863*i*r**2
3351,0.8378495904975484,B0*s + Abs(s)**(3/2) ; r,-0.955546658312592*s + Abs(s)**(3/2) ; r
3352,0.83784959034624,B0*s + Abs(s)**(3/2) ; B1*r,-0.955537475385203*s + Abs(s)**(3/2) ; 0.0594785210696955*r
3353,0.8378495902391685,B0*s + Abs(s)**(3/2) ; B1*i**2*r,-0.955534716504519*s + Abs(s)**(3/2) ; 7.69806381420355*i**2*r
3354,0.8378495897946052,B0*s + Abs(s)**(3/2) ; B1*i*r,-0.955565860329245*s + Abs(s)**(3/2) ; 0.00719716038871421*i*r
3355,0.8378495861067418,B0*s + Abs(s)**(3/2) ; B1*i**2,-0.955594925661246*s + Abs(s)**(3/2) ; 22.747827426924*i**2
3356,0.8376535979144379,B0*Abs(s)**(3/2) - s ; B1 + 2*i,-s + 1.04296870572123*Abs(s)**(3/2) ; 2*i + 0.36707157338705
3357,0.8376242168464064,B0*i**2*s ; sqrt(Abs(i**2 - 3*i*r)),8.54631526248677e-6*i**2*s ; sqrt(Abs(i**2 - 3*i*r))
3358,0.83758034467685,B0 + B1*i ; B2 + B3*sqrt(Abs(i)) + 2*r,6.26053231105559e-5*i + 0.0170471012582653 ; 2*r - 0.00205097229252131*sqrt(Abs(i)) + 0.000408507656933139
3359,0.8375678125668464,B0*sqrt(Abs(i)) + B1*i + B1*s ; i**2*r**2 - i*r**2,0.0630627474862448*i + 0.0630627474862448*s - 0.0572001538276369*sqrt(Abs(i)) ; i**2*r**2 - i*r**2
3360,0.8375676983888888,B0 + B1*sqrt(Abs(i)) + B2*i + B2*s ; B3*i*r**2,4.27300329236303*i + 4.27300329236303*s - 0.0571530610346135*sqrt(Abs(i)) - 4.20997467087062 ; 6.04357328324563*i*r**2
3361,0.8374873994735598,i**3*s + i**2*s**2 ; B0 + i*sqrt(Abs(B1*i + B2)) - r,i**3*s + i**2*s**2 ; i*sqrt(Abs(2.6758660137726*i + 0.420533963335595)) - r + 1.14920185365965
3362,0.8374760083700022,B0*i*s - i**2*s + s*sqrt(Abs(i)) ; B1 + B2*sqrt(Abs(i)),-i**2*s - 2.63653503233653*i*s + s*sqrt(Abs(i)) ; 0.96568434842542*sqrt(Abs(i)) - 0.222543413713554
3363,0.8374392115088435,i**2*s**2 ; i**2,i**2*s**2 ; i**2
3364,0.8374198636904225,B0*i*Abs(i*s + s)**(1/4) ; 2*i,2.09668056152548*i*Abs(i*s + s)**(1/4) ; 2*i
3365,0.8373764066669706,B0*i ; B1 + B2*r + r*sqrt(Abs(i)),-0.0879467275832952*i ; r*sqrt(Abs(i)) - 1.94155886317776*r + 0.464248996370096
3366,0.837176661608748,B0*Abs(i)**(3/2) + B1*i**2 + B1*s ; B2 - sqrt(Abs(i - r)),-0.735769689031243*i**2 - 0.735769689031243*s + 2.63513341254738*Abs(i)**(3/2) ; 1.06171986354084 - sqrt(Abs(i - r))
3367,0.8371747676038601,-i*s**2 + s*Abs(i)**(3/2) ; 2*i + sqrt(Abs(B0 + i**2)),-i*s**2 + s*Abs(i)**(3/2) ; 2*i + sqrt(Abs(i**2 + 0.00509621559196302))
3368,0.837133230319695,B0*i**2 - i ; B1 - sqrt(Abs(r)),-1.2720738617172*i**2 - i ; 0.296839090477569 - sqrt(Abs(r))
3369,0.8370739142951168,B0*s*Abs(i)**(3/2) + i*s ; i,i*s + 1.44351967887368*s*Abs(i)**(3/2) ; i
3370,0.8370427769566026,B0*i + B1*i*s + i**2*Abs(s)**(3/2) ; i,i**2*Abs(s)**(3/2) + 0.28623097668037*i*s + 0.848935414370922*i ; i
3371,0.8370234255926061,B0*i ; B1 + B2*r + B2*sqrt(Abs(i - r)),0.026461944772759*i ; 0.444235058576124*r + 0.444235058576124*sqrt(Abs(i - r)) - 0.265939711344349
3372,0.8370016729472844,B0*sqrt(Abs(i)) + B1*i - i*s + s*sqrt(Abs(i)) ; B2*r + i,-i*s - 0.895326626537591*i + s*sqrt(Abs(i)) - 0.45069747098846*sqrt(Abs(i)) ; i + 0.189426263257136*r
3373,0.8368890269823712,B0*s**2 + i*s**2 ; i,i*s**2 + 0.0126282127027599*s**2 ; i
3374,0.8367251012179721,B0*s + sqrt(2)*Abs(s)**(3/2) ; B1*r,-1.37082697554554*s + sqrt(2)*Abs(s)**(3/2) ; 0.331222520005611*r
3375,0.8366874033557001,B0*i - i*s + i*Abs(s)**(3/2) ; B1 + B2*i*r - r,-i*s + i*Abs(s)**(3/2) + 0.151926404405609*i ; 0.0238333482699166*i*r - r - 0.109913488744157
3376,0.8366633286600791,B0*s - i + Abs(s)**(3/2) ; B1*i,-i - 0.833489958136998*s + Abs(s)**(3/2) ; 0.319611633354113*i
3377,0.836610128259715,B0 - i - Abs(s)**(1/4) ; r,-i - Abs(s)**(1/4) + 1.04269671728818 ; r
3378,0.8365843832863276,B0*Abs(s)**(1/4) + s ; sqrt(Abs(i + r + sqrt(Abs(i)))),s - 0.957449549020056*Abs(s)**(1/4) ; sqrt(Abs(i + r + sqrt(Abs(i))))
3379,0.8365843832863262,B0*Abs(s)**(1/4) + s ; sqrt(2)*sqrt(Abs(i)),s - 0.957449593146695*Abs(s)**(1/4) ; sqrt(2)*sqrt(Abs(i))
3380,0.8365843794761335,B0*Abs(s)**(1/4) + s ; sqrt(Abs(B1 + r)),s - 0.957503044488218*Abs(s)**(1/4) ; sqrt(Abs(r + 0.0471062896687555))
3381,0.8365843697207045,B0*Abs(s)**(1/4) + s ; sqrt(Abs(B1 + i)),s - 0.957550478711361*Abs(s)**(1/4) ; sqrt(Abs(i + 1.08504238053878))
3382,0.8365646392437873,B1*sqrt(Abs(B0 + i)) + i*sqrt(Abs(B0 + i)) ; i,i*sqrt(Abs(i + 0.946795980613846)) - 9.70082222967878e-5*sqrt(Abs(i + 0.946795980613846)) ; i
3383,0.8364583659022884,B0*i*s**2 ; i + r,-0.00116390704230215*i*s**2 ; i + r
3384,0.8364233696711508,B1*sqrt(Abs(B0*s + i*s - s**2)) ; i,0.0372125506784229*sqrt(Abs(-i*s + s**2 + 0.533153356741876*s)) ; i
3385,0.8363913898791269,B0*i**2*s ; B1*r,0.328209756166147*i**2*s ; 0.00174501907178294*r
3386,0.8363913889729269,B0*i**2*s ; r,0.328099790156326*i**2*s ; r
3387,0.8363913886962482,B0*i**2*s ; B1*sqrt(Abs(r)),0.328080707612727*i**2*s ; 0.000628519611102052*sqrt(Abs(r))
3388,0.8363913586134807,B0*i**2*s ; sqrt(Abs(r - sqrt(Abs(r)))),0.329036410641395*i**2*s ; sqrt(Abs(r - sqrt(Abs(r))))
3389,0.8363913206372139,B0*i**2*s ; sqrt(Abs(i))*Abs(r)**(3/2),0.327036640764779*i**2*s ; sqrt(Abs(i))*Abs(r)**(3/2)
3390,0.8363913181204236,B0*i**2*s ; sqrt(Abs(r)),0.327014795463139*i**2*s ; sqrt(Abs(r))
3391,0.8363913157637615,B0*i**2*s ; r + sqrt(Abs(r)),0.326994678503072*i**2*s ; r + sqrt(Abs(r))
3392,0.8363912971600189,B0*i**2*s ; i*r + Abs(r)**(1/4),0.326845770112926*i**2*s ; i*r + Abs(r)**(1/4)
3393,0.836359011685031,B0*i**2 ; B1*r - r**2,0.304169459060349*i**2 ; -r**2 + 0.807019546496952*r
3394,0.8363589614497724,B0*i**2 ; sqrt(Abs(r))*sqrt(Abs(i - r)),0.305078253065128*i**2 ; sqrt(Abs(r))*sqrt(Abs(i - r))
3395,0.8362651560597387,B0*s + s**2 ; B1*r,s**2 - 0.952694441717975*s ; 0.000251782697441039*r
3396,0.8362651560595615,B0*s + s**2 ; Abs(i)**(1/4),s**2 - 0.952694746216971*s ; Abs(i)**(1/4)
3397,0.8362651560592825,B0*s + s**2 ; B1 + i - r,s**2 - 0.952695000596525*s ; i - r + 0.000110470938697646
3398,0.8362651560591184,B0*s + s**2 ; sqrt(Abs(i)),s**2 - 0.952695114840347*s ; sqrt(Abs(i))
3399,0.8362651560587776,B0*s - i*s ; r,-i*s + 0.0473046873404081*s ; r
3400,0.8362651560575209,B0*s + s**2 ; i**2*r,s**2 - 0.952695838662576*s ; i**2*r
3401,0.8362651560571146,B0*s - i*s ; 0,-i*s + 0.0473040257929043*s ; 0
3402,0.8362651560549376,B0*s + s**2 ; -2*i + r,s**2 - 0.952696567633366*s ; -2*i + r
3403,0.8362651560545145,B0*s + s**2 ; i,s**2 - 0.952696665926822*s ; i
3404,0.8362651560452179,B0*s + s**2 ; sqrt(Abs(B1 + i)),s**2 - 0.952698253398376*s ; sqrt(Abs(i + 0.00069177663460771))
3405,0.8362651560434091,B0*s - i*s ; B1*r**3,-i*s + 0.0473015066351847*s ; 0.00284512269523945*r**3
3406,0.8362651560233048,B0*s + s**2 ; r,s**2 - 0.952700572100878*s ; r
3407,0.8362651559525227,B0*s - i*s ; B1*i**2*r,-i*s + 0.0473165181065106*s ; 34.0099335859239*i**2*r
3408,0.8362651557147273,B0*s + s**2 ; B1 + i - sqrt(Abs(i)),s**2 - 0.952674913270322*s ; i - sqrt(Abs(i)) + 0.0816092184928711
3409,0.8362651556157934,B0*s + s**2 ; B1*i + i**2,s**2 - 0.952672311804851*s ; i**2 + 0.731549879724741*i
3410,0.8362651551785579,B0*s + s**2 ; B1 + i,s**2 - 0.952725223377711*s ; i + 11.014030131393
3411,0.8362651550413482,B0*s + s**2 ; B1 + 2*r,s**2 - 0.952727545481924*s ; 2*r + 0.16283923769014
3412,0.8362651547008356,B0*s + s**2 ; B1*i + B2*r,s**2 - 0.952732706737461*s ; 0.00229360939810355*i + 67.5802109821185*r
3413,0.8362651545768418,B0*s + s**2 ; B1 + r,s**2 - 0.952734421674691*s ; r + 0.000502524075484572
3414,0.8362651537314962,B0*s + s**2 ; B1 + r**2,s**2 - 0.952643975313394*s ; r**2 + 0.00575408705301189
3415,0.8362651530974717,B0*s + s**2 ; B2*sqrt(Abs(B1 - r)),s**2 - 0.952637538078458*s ; 0.00883085877959127*sqrt(Abs(r - 32.5392993228514))
3416,0.8362651527753242,B0*s + s**2 ; B1 + B2*r,s**2 - 0.952634532461589*s ; 31.9141016541078*r + 0.0132807666064591
3417,0.8362651487281246,B0*s + s**2 ; B1 + i + r,s**2 - 0.952605013950448*s ; i + r + 0.156221515507928
3418,0.8362353475132841,B0 + s ; sqrt(Abs(B1 - i + sqrt(Abs(r)))),s - 0.953885458423499 ; sqrt(Abs(-i + sqrt(Abs(r)) + 0.576352792563174))
3419,0.8362353474613777,B0 + s ; B1*i + B2*r,s - 0.953871082920071 ; 0.728018875048037*i + 15.4936683809442*r
3420,0.836178655900806,B0 - i**2 - i ; B1*r,-i**2 - i + 0.0457083453636812 ; 0.676396187208973*r
3421,0.8361786498418392,B0 - i**2 - i ; B1*r + i*r,-i**2 - i + 0.0458734856812716 ; i*r + 0.294314430654515*r
3422,0.8361237410970065,B0*i*s + B1*i**2*s - i ; i*sqrt(Abs(B2 + r + sqrt(Abs(r)))),3.9215462706529*i**2*s + 1.97708450629727*i*s - i ; i*sqrt(Abs(r + sqrt(Abs(r)) - 0.915724987347117))
3423,0.8361122940871821,B0 - i*s - i ; r,-i*s - i + 0.0816060284326798 ; r
3424,0.8361122939415507,B0 - i*s - i ; B1*sqrt(Abs(r)),-i*s - i + 0.081624635490491 ; 0.14753467827803*sqrt(Abs(r))
3425,0.8360660152695296,B0 + B1*i + B1*s ; B2*i + B3*i**2 + B4*i*r + r,0.0217551956268583*i + 0.0217551956268583*s + 0.00798523036792735 ; -0.892168459204331*i**2 - 0.780084277014322*i*r + 4.36949726931894*i + r
3426,0.8360331493921526,B0*i**2*s ; Abs(i)**(1/4),2.03161620006156e-7*i**2*s ; Abs(i)**(1/4)
3427,0.8360061164114334,B0*i**3 ; B1*i - r,10.863734480752*i**3 ; 0.258998889886109*i - r
3428,0.8360057077749211,B0*i**3 ; sqrt(Abs(r)),5.51769427571819*i**3 ; sqrt(Abs(r))
3429,0.8360042280452247,B0*i**3 ; B1*i,5.35823109300361*i**3 ; 0.00019315491859304*i
3430,0.8358827337038666,i*s**4 ; i*sqrt(Abs(B0*sqrt(Abs(i))*sqrt(Abs(r)) + i)),i*s**4 ; i*sqrt(Abs(i - 0.864758341321763*sqrt(Abs(i))*sqrt(Abs(r))))
3431,0.8358666206383433,B0*i**2*sqrt(Abs(s)) ; i,32.7145960537666*i**2*sqrt(Abs(s)) ; i
3432,0.835857601416282,B0 + B1*sqrt(Abs(i)) ; B3*Abs(B2 + 2*r)**(1/4) - i,0.0270782717551502 - 0.00176723461788206*sqrt(Abs(i)) ; -i + 0.123310115825759*Abs(2*r - 0.0277794394977795)**(1/4)
3433,0.835852420214161,B1*sqrt(Abs(B0 + i + s)) ; -i + sqrt(Abs(i))*Abs(r)**(1/8),0.00242038794257876*sqrt(Abs(i + s + 120.662042175903)) ; -i + sqrt(Abs(i))*Abs(r)**(1/8)
3434,0.8358422937030617,i**2 ; B0*i*r + i,i**2 ; -45.5315021179168*i*r + i
3435,0.835821751861793,B0*Abs(i)**(5/2) ; B1 + i + r + sqrt(Abs(i)),2.17577267518274e-7*Abs(i)**(5/2) ; i + r + sqrt(Abs(i)) + 221.085728300786
3436,0.8357798828287808,B0*i**2*s ; i + r,0.000231614563614756*i**2*s ; i + r
3437,0.8357393086397836,i**2*Abs(s)**(3/2) ; i,i**2*Abs(s)**(3/2) ; i
3438,0.8357391560700634,i**2*s**2 ; i,i**2*s**2 ; i
3439,0.8357291778090561,s*Abs(i)**(5/2) ; i,s*Abs(i)**(5/2) ; i
3440,0.8355287489928853,B0*s + i*s ; sqrt(Abs(r)),i*s + 2.15259991727524*s ; sqrt(Abs(r))
3441,0.8355287489923559,B0*s - s**2 ; r,-s**2 + 3.15259998024229*s ; r
3442,0.8355287489887979,B0*s - s**2 ; sqrt(Abs(i)),-s**2 + 3.15260027995708*s ; sqrt(Abs(i))
3443,0.8355287489814385,B0*s + i*s ; r,i*s + 2.15260067728453*s ; r
3444,0.8355287389154531,B0*s + i*s ; B1*r,i*s + 2.15263200471011*s ; 0.12560715772965*r
3445,0.8354776948065623,-i**2 + i*s + Abs(i)**(3/2) ; i,-i**2 + i*s + Abs(i)**(3/2) ; i
3446,0.8354756462510967,B0*s + B1*i*s + s**2 ; B2 + i + sqrt(2)*sqrt(Abs(i)),-0.35880295814257*i*s + s**2 - 1.00722648186818*s ; i + sqrt(2)*sqrt(Abs(i)) - 0.226776729456043
3447,0.8354323087270454,B0*i*s - i**2*s + Abs(i)**(3/2) ; B1 + i,-i**2*s - 1.34129104844516*i*s + Abs(i)**(3/2) ; i + 0.0885097538175149
3448,0.8354065866399193,B0*sqrt(Abs(i*s - i + s**2)) ; B1*r**2 + r**3,0.0195698250124326*sqrt(Abs(i*s - i + s**2)) ; r**3 + 6.29283803480643*r**2
3449,0.8353988678628795,B0 + B1*s ; -i + sqrt(Abs(-B2*i + i**2 + i*r)),2.72183366477738*s + 0.394385587558885 ; -i + sqrt(Abs(i**2 + i*r - 1.29574153250315*i))
3450,0.8353987082054444,B0*i**2 + B0*i*s + B1*s ; sqrt(Abs(r)),0.398317454532548*i**2 + 0.398317454532548*i*s + 3.1202258644272*s ; sqrt(Abs(r))
3451,0.8353426681793437,B0*i**2 + B0*i*s ; B1*i + r,1.20691642282149e-6*i**2 + 1.20691642282149e-6*i*s ; -337.672333235836*i + r
3452,0.8353200745005913,B0*s + B1*Abs(s)**(3/2) - i ; B3*Abs(B2 + i)**(1/4),-i + 0.00979483501048097*s + 0.0274409500600359*Abs(s)**(3/2) ; 0.043866417552773*Abs(i - 0.001421694086794)**(1/4)
3453,0.8352752222433277,B0*i + B0*s + B0*sqrt(Abs(i)) ; B1 - r + sqrt(Abs(i)),0.0204204642357385*i + 0.0204204642357385*s + 0.0204204642357385*sqrt(Abs(i)) ; -r + sqrt(Abs(i)) + 0.453187332078931
3454,0.8352738782983484,B0 + B1*i*s ; B2 + Abs(i)**(1/8)*Abs(r)**(1/8),0.000584636700483602*i*s + 0.0253715577839352 ; Abs(i)**(1/8)*Abs(r)**(1/8) - 5.10792439645235e-5
3455,0.8352733592082319,B1*sqrt(Abs(i - sqrt(Abs(B0 + s)))) ; sqrt(Abs(B2*i - i*Abs(r)**(3/2))),0.00120171115262733*sqrt(Abs(i - sqrt(Abs(s - 0.143516615381059)))) ; sqrt(Abs(i*Abs(r)**(3/2) - 491304.707383111*i))
3456,0.835215430559033,B0 + B1*sqrt(Abs(i)) ; B2 + sqrt(Abs(B3*i + i**2)),0.0809380620488277*sqrt(Abs(i)) - 0.00203900427213624 ; sqrt(Abs(i**2 - 0.0215469833624926*i)) - 0.0041697215502574
3457,0.8352077672481256,B0*Abs(i)**(1/4) ; sqrt(Abs(B1 + i**2 - i + r)),0.00380378176720333*Abs(i)**(1/4) ; sqrt(Abs(i**2 - i + r + 13768.9903802634))
3458,0.8352077671635046,B0*i ; sqrt(Abs(B1 + B2*i + B3*r)),-0.000120286251322384*i ; sqrt(Abs(45987.8830460807*i + 1245.28731746214*r + 26858.8644510585))
3459,0.8352075768952106,B0*i ; B1 + sqrt(Abs(i - sqrt(Abs(i - sqrt(Abs(i)))))),-0.000120285696703918*i ; sqrt(Abs(i - sqrt(Abs(i - sqrt(Abs(i)))))) + 177.015968429021
3460,0.8352075758868872,B0*i**2 ; B1 + r**2 + Abs(r)**(5/4),1.20285711648048e-6*i**2 ; r**2 + Abs(r)**(5/4) + 181.641585141289
3461,0.8352075751920381,B0*i ; B1 + B2*sqrt(Abs(r)) + B3*r,-0.000120282940766029*i ; 16.2491031106453*r + 14.9545730774253*sqrt(Abs(r)) + 168.398926615533
3462,0.835199585156594,B0*i ; B1*sqrt(Abs(i)) + B2*i + r,-0.000120455129046431*i ; 41.1873084091822*i + r + 422.868848417587*sqrt(Abs(i))
3463,0.8351928372518287,B0 + B2*sqrt(Abs(B1 + i + s)) ; r,0.0158700254650801 - 0.00384491460818179*sqrt(Abs(i + s + 0.0155394968198879)) ; r
3464,0.8351928299221508,B1*sqrt(Abs(B0 + i)) ; r**3*sqrt(Abs(B2 + i)),1.11955966638217e-5*sqrt(Abs(i + 1147649.36745124)) ; r**3*sqrt(Abs(i + 0.246274286684457))
3465,0.8351928264844294,B1*sqrt(Abs(B0 + 2*i + s)) ; i**2*r,1.3722705214109e-5*sqrt(Abs(2*i + s + 763877.267361019)) ; i**2*r
3466,0.835177872118048,i*s - Abs(i)**(3/2) ; r,i*s - Abs(i)**(3/2) ; r
3467,0.8351454242499231,B0 - i ; B1 + B2*sqrt(Abs(i)) + B3*i,0.0315378952979083 - i ; 0.385074268557454*i + 0.183542469414468*sqrt(Abs(i)) - 0.0211697064496016
3468,0.8351295685709419,B0*s**3 ; B1 + sqrt(Abs(B2 - i*r + Abs(i)**(3/2))),0.043569340031507*s**3 ; sqrt(Abs(-i*r + Abs(i)**(3/2) + 0.0252365304056636)) + 0.00683810412886729
3469,0.8350939701634088,i**2 - i*s ; i,i**2 - i*s ; i
3470,0.8350469281125729,B0*sqrt(Abs(i*s + i)) ; r,0.0102416839340564*sqrt(Abs(i*s + i)) ; r
3471,0.8347622936966907,B0*s ; r*sqrt(Abs(B1*i*r + B1*i + B1*r)),0.0477146137164016*s ; r*sqrt(Abs(0.00106332348576396*i*r + 0.00106332348576396*i + 0.00106332348576396*r))
3472,0.8347622936860571,B0*s ; -i + sqrt(Abs(B1*r + i**2*r**2)),0.0477140781506004*s ; -i + sqrt(Abs(i**2*r**2 + 0.133140224405677*r))
3473,0.8347622935821294,B0*s ; B1 + B2*i + B3*sqrt(Abs(r)) + B4*r,0.0477176321998713*s ; 30.9316892992146*i + 0.000822910456968813*r + 0.00491324709384833*sqrt(Abs(r)) + 0.847187236352559
3474,0.8347622935066812,B0*s ; B1*i + i*sqrt(Abs(i*r + r**2)),0.0477115213392332*s ; i*sqrt(Abs(i*r + r**2)) + 0.399554992036876*i
3475,0.834762293121443,B0*s ; B1 - sqrt(Abs(2*i**2 - i*r)),0.0477209131735939*s ; 1.08439316908267 - sqrt(Abs(2*i**2 - i*r))
3476,0.8347622915034459,B0*s ; r + sqrt(Abs(B1*i**2 + i**2*r)),2.71887894041076*s ; r + sqrt(Abs(i**2*r + 0.10195707680441*i**2))
3477,0.8347622548723751,B0*s + B1*i*s + B1*s**2 ; B2*r,0.0414692218996847*i*s + 0.0414692218996847*s**2 + 0.0061968863105248*s ; 0.00480241229017171*r
3478,0.8347622481748747,B0*s + B1*i*s + B1*s**2 ; 2*r,-0.0149031438154438*i*s - 0.0149031438154438*s**2 + 0.0625652072309801*s ; 2*r
3479,0.8347204031428858,B0*i**2 ; 2*i + r + sqrt(Abs(r)),0.00228766788213324*i**2 ; 2*i + r + sqrt(Abs(r))
3480,0.8344813695256171,B0*sqrt(Abs(s - Abs(s)**(1/4))) ; r,0.0151050786258745*sqrt(Abs(s - Abs(s)**(1/4))) ; r
3481,0.8343627011867968,B0*i*s + B0*s**2 + B1*s**3 ; B2*sqrt(Abs(i)),0.187163079050158*i*s - 0.188032241760423*s**3 + 0.187163079050158*s**2 ; 0.0098794934328057*sqrt(Abs(i))
3482,0.8343473993656934,B0*s**2 + B1*i*s**2 + B1*i*s ; i**2*r - i*r**2,0.177191901623326*i*s**2 + 0.177191901623326*i*s - 0.000656336369486066*s**2 ; i**2*r - i*r**2
3483,0.8343316556445286,B0*i + B1*s + B2*s**2 ; B3 + sqrt(Abs(B4 + r**2)),-0.000769750436363389*i + 0.352706444803279*s**2 - 0.32474131820717*s ; sqrt(Abs(r**2 - 0.183062649132534)) + 0.569384132530936
3484,0.8343129995772556,B0*i + i*s ; B1*r**2 + B2*i*r**2,i*s - 0.623197876120139*i ; 0.0273360971479493*i*r**2 + 0.0015436319179401*r**2
3485,0.8342791608565973,B0*sqrt(Abs(i)) ; B1*sqrt(Abs(r)) + 2*r,0.012581345133655*sqrt(Abs(i)) ; 2*r + 5.81320158561834*sqrt(Abs(r))
3486,0.8341743712183631,i**2 - i*s ; B0*i*r,i**2 - i*s ; 0.001915239354183*i*r
3487,0.8341734203166364,B0*i + i**2 ; B1*r**2,i**2 - 0.965207562454717*i ; 0.737917080530799*r**2
3488,0.8341710854429026,-i ; Abs(i)**(1/4)*Abs(r)**(1/4),-i ; Abs(i)**(1/4)*Abs(r)**(1/4)
3489,0.8341132009767332,B0 + B1*sqrt(Abs(s)) ; B2*i + B3*r - i*r + r**2,0.0505655661317099*sqrt(Abs(s)) - 0.000416130202779213 ; -i*r + 0.0684904374445361*i + r**2 + 4.7291375152338*r
3490,0.8341003268852539,B0 + B1*i ; B2*Abs(i)**(3/2) + Abs(i)**(5/2),1.22835432820403*i - 0.00452164003739927 ; Abs(i)**(5/2) + 7.81764297114386*Abs(i)**(3/2)
3491,0.8339814445224759,s**2 - Abs(s)**(3/2) ; i,s**2 - Abs(s)**(3/2) ; i
3492,0.833935393786501,B1*i*sqrt(Abs(B0 + s)) ; B2*r,0.117069204751376*i*sqrt(Abs(s - 0.75939735506561)) ; 0.167797610909864*r
3493,0.833898293916358,B0*i + B1*i**2 + B2*i*s ; i - Abs(r)**(1/4),-0.189270591706161*i**2 + 0.0750659567422711*i*s + 0.172377975060195*i ; i - Abs(r)**(1/4)
3494,0.833893825206174,B1*i*sqrt(Abs(B0 + i)) ; 2*r,0.123075393262253*i*sqrt(Abs(i - 0.218498536782488)) ; 2*r
3495,0.8337907084487225,B0*sqrt(Abs(s)) ; B1 + B2*i**2 + B2*Abs(i)**(5/2),0.0339964520142263*sqrt(Abs(s)) ; 0.0136591892188016*i**2 + 0.0136591892188016*Abs(i)**(5/2) + 0.043580719048716
3496,0.8337751481879243,B0*sqrt(Abs(s)) ; B1*r + B2*i*r + B2*r**2,0.0338996948989443*sqrt(Abs(s)) ; 0.0440169589526076*i*r + 0.0440169589526076*r**2 + 0.00185459387300709*r
3497,0.8337305408587283,B0*i + B1*s**2 ; -i*r**2 + i*r + r**2,0.00316887410462144*i + 0.0450499894893136*s**2 ; -i*r**2 + i*r + r**2
3498,0.8336948481215681,B0 + B1*i*s ; i*r**2 - r**3 + r**2*sqrt(Abs(i)),0.256765002788124*i*s + 0.00512980126137739 ; i*r**2 - r**3 + r**2*sqrt(Abs(i))
3499,0.8335748800876318,B0 + B1*s + s**2 ; r,s**2 - 1.5344169302194*s + 0.589532228739743 ; r
3500,0.8335333019801359,B0*i**3 + B0*i**2 + B1*i*s ; r,-0.0201206424459758*i**3 - 0.0201206424459758*i**2 + 0.308712681540407*i*s ; r
3501,0.8335163813307105,B0 + B1*i + i**2 ; B2*r,i**2 - 0.474329825518255*i + 0.0571655704013714 ; 14.9033794748425*r
3502,0.8334616088121475,B0*i + B1*sqrt(Abs(s)) + B2*s ; i**2 + i*sqrt(Abs(r)) - i + r,2.26814997036223e-5*i + 0.0637439723982472*s + 0.0234348533901918*sqrt(Abs(s)) ; i**2 + i*sqrt(Abs(r)) - i + r
3503,0.8334431290466824,B0*s**2 + i*s**2 ; -i + sqrt(Abs(B1*i - i**2)),i*s**2 - 0.00403854371375792*s**2 ; -i + sqrt(Abs(i**2 + 0.0268782274607333*i))
3504,0.8333686146899912,B1*sqrt(Abs(B0 + i)) ; i*Abs(B2*i + i**2)**(1/4),0.138043618920515*sqrt(Abs(i - 0.00911201349101293)) ; i*Abs(i**2 + 17.4986679739588*i)**(1/4)
3505,0.8332528815950775,B0*i*s - i*s**2 + Abs(i)**(3/2) ; B1 + B2*sqrt(Abs(i))*sqrt(Abs(r)),-i*s**2 - 1.51418306319587*i*s + Abs(i)**(3/2) ; -0.135835031337232*sqrt(Abs(i))*sqrt(Abs(r)) + 0.0593868154637673
3506,0.8331153604325096,B0*i**2*s + B0*i**2*sqrt(Abs(s)) ; B1*sqrt(Abs(i)) - i,2.52437398702074e-6*i**2*s + 2.52437398702074e-6*i**2*sqrt(Abs(s)) ; -i + 29.3940376025289*sqrt(Abs(i))
3507,0.8329759038170351,B0*i - i**2*s + i*s ; i,-i**2*s + i*s + 0.287449598443377*i ; i
3508,0.8327848484697243,i*sqrt(Abs(s)) - Abs(i)**(3/2) ; B0*i + B0*Abs(r)**(1/4),i*sqrt(Abs(s)) - Abs(i)**(3/2) ; 0.0117300563693518*i + 0.0117300563693518*Abs(r)**(1/4)
3509,0.8327401078884122,B0 - i*s - s ; B1*Abs(r)**(3/2),-i*s - s + 0.999011193986578 ; 0.00712456901153594*Abs(r)**(3/2)
3510,0.8327401020731088,B0 - i*s - s ; -r,-i*s - s + 0.999011245527391 ; -r
3511,0.8326232285819476,B0*i + B1*i**2 + B2*i*s + B2*s ; sqrt(Abs(B3 + r)),1.3464802890963e-5*i**2 - 0.00162342511449461*i*s + 0.0013887744780689*i - 0.00162342511449461*s ; sqrt(Abs(r - 111.456827583965))
3512,0.8326085509425221,B0 - i*s - 2*i ; B1*i*r,-i*s - 2*i + 0.0394869541817238 ; 0.0218484431287712*i*r
3513,0.8326085506674265,B0 - i*s - 2*i ; B1*r*Abs(i)**(1/4),-i*s - 2*i + 0.0394870838313585 ; 0.00247019559239877*r*Abs(i)**(1/4)
3514,0.8326045634903948,B0*i - i*s - i*sqrt(Abs(s)) ; i,-i*s - i*sqrt(Abs(s)) + 0.124807599451654*i ; i
3515,0.8324740449861926,B0*s**2*sqrt(Abs(i)) + B0*s**2 ; i,0.0371612580751314*s**2*sqrt(Abs(i)) + 0.0371612580751314*s**2 ; i
3516,0.8324159748558971,B0*sqrt(Abs(i*s + 2*s**2)) ; sqrt(Abs(B1 + 2*i)),0.00385902089115746*sqrt(Abs(i*s + 2*s**2)) ; sqrt(Abs(2*i - 3.55666211312947))
3517,0.8324034724031217,B0 + B1*i + B1*s ; B2 + i**3 - i**2 + i - r,0.084231953900329*i + 0.084231953900329*s - 0.0766806480839612 ; i**3 - i**2 + i - r - 0.90685807267575
3518,0.8323468818172832,B0*s - i*s ; B1*sqrt(Abs(i - 2*r)),-i*s + 0.0803515309456592*s ; 0.00847210784764338*sqrt(Abs(i - 2*r))
3519,0.8321904856031788,B0*i*s ; sqrt(Abs(i**3*r + i**2*r + i*r)),0.31368309244097*i*s ; sqrt(Abs(i**3*r + i**2*r + i*r))
3520,0.8320953310090459,i*s*sqrt(Abs(i + s - sqrt(Abs(i)))) ; i*sqrt(Abs(B0 + r)),i*s*sqrt(Abs(i + s - sqrt(Abs(i)))) ; i*sqrt(Abs(r + 0.309707748306536))
3521,0.8320946559364202,B0 - i*s + s*sqrt(Abs(i - sqrt(Abs(s)))) ; B1*r**2,-i*s + s*sqrt(Abs(i - sqrt(Abs(s)))) - 1.05361077964148 ; 0.000510840365466612*r**2
3522,0.8318639985344216,B0*i ; B1*i + i*r**2 + r,-0.0210446497345231*i ; i*r**2 + 0.0600217657623491*i + r
3523,0.8318409171125868,B0 + B1*i ; -i**2*r + i + 2*r,-0.0221660365804059*i - 0.004201577801276 ; -i**2*r + i + 2*r
3524,0.8317725445370105,B0*i + B0*Abs(i - s)**(1/4) ; i*r,0.00768401727827927*i + 0.00768401727827927*Abs(i - s)**(1/4) ; i*r
3525,0.831758041027623,B0 + B1*i + B1*sqrt(Abs(i)) ; -i**3 + Abs(i)**(5/2),-0.0296534492701486*i - 0.0296534492701486*sqrt(Abs(i)) + 0.0306765514013 ; -i**3 + Abs(i)**(5/2)
3526,0.8315520584700579,B0*i*s**3 ; i,1.3273389984679*i*s**3 ; i
3527,0.831483174829548,B0 + B1*i + B1*sqrt(Abs(s)) - s ; B2*i*r,-5.07300754510702*i - s - 5.07300754510702*sqrt(Abs(s)) - 2.87508898468826 ; 0.000172952107782745*i*r
3528,0.8313619799124681,B0 + B1*s**2 + B2*i*s ; sqrt(Abs(B3 + r)),0.000592020659009047*i*s + 0.0109508028721793*s**2 + 0.0279474994613679 ; sqrt(Abs(r + 5.15865210136228e-9))
3529,0.8313122471692199,B0*i**2 + B1*i**3 ; sqrt(Abs(r)),-13.3863490191258*i**3 + 4.51201521922857*i**2 ; sqrt(Abs(r))
3530,0.8313115662161652,B0*i**2 + B1*i**2*s ; sqrt(Abs(r)),13.4075680906931*i**2*s - 8.89064383984346*i**2 ; sqrt(Abs(r))
3531,0.8313115208356006,B0*i**2 + B1*i**2*s ; r,13.4084688561385*i**2*s - 8.89129361400667*i**2 ; r
3532,0.8309915528700658,i*s*sqrt(Abs(B0 + i)) ; r,i*s*sqrt(Abs(i + 0.00989861259473592)) ; r
3533,0.8308816103401657,i*s ; i - r,i*s ; i - r
3534,0.8308548733699261,B0 + B1*i + B2*i*s - i**2*s ; B3*i**2*r**2,-i**2*s + 0.488059882186107*i*s + 0.0775171774764867*i - 0.00764121809200323 ; 0.0176912678752472*i**2*r**2
3535,0.8306333567975914,s*sqrt(Abs(B0 + 2*s)) ; B1 + B2*r,s*sqrt(Abs(2*s - 7.73237188265982)) ; 0.000158308405621359*r + 57.7349327190505
3536,0.8306333438439625,s*sqrt(Abs(B0 + i - s)) ; r,s*sqrt(Abs(i - s + 6.73261438270988)) ; r
3537,0.8305506766183307,B0*i**2 + B0*i*s ; B1 + B2*r,6.86839691084302e-7*i**2 + 6.86839691084302e-7*i*s ; 21.3977944533364*r + 383.991134859914
3538,0.830540966836283,B0*i ; sqrt(Abs(i - 4*r)),-0.000113280106800163*i ; sqrt(Abs(i - 4*r))
3539,0.830502066540308,B0*i**2 + B0*s ; sqrt(Abs(B1 + r)),4.86480434363663e-7*i**2 + 4.86480434363663e-7*s ; sqrt(Abs(r - 0.019808518205396))
3540,0.8304488581974881,B1*sqrt(Abs(B0 + i)) + s*sqrt(Abs(B0 + i)) ; B2 + B3*r,s*sqrt(Abs(i - 0.0325242002641802)) - 0.488236344332387*sqrt(Abs(i - 0.0325242002641802)) ; 0.0377608341965904 - 0.12127008673172*r
3541,0.8304018437710151,B0*i + B1*i**2 + B2*i*s ; B3 - Abs(i**2 - i*r)**(1/4),0.0922768509432882*i**2 + 0.000471991246410454*i*s - 9.22762116141953*i ; -Abs(i**2 - i*r)**(1/4) - 234.948326092875
3542,0.8300877620889754,B0 + B1*i + B2*s**2 ; B3*i + 2*i*r,-0.000775148777357553*i - 0.137019161854596*s**2 + 0.16274272678103 ; 2*i*r - 0.162389866968753*i
3543,0.8299445640252184,B0 + B1*i ; sqrt(Abs(B2*i**2 + B3*i*r)),0.070570390504368*i + 0.012275273161309 ; sqrt(Abs(0.00293602846740493*i**2 - 0.0462103111590589*i*r))
3544,0.8298717636730956,B0*i*s + B0*i ; r,0.0142072392136226*i*s + 0.0142072392136226*i ; r
3545,0.829814792333031,i*s - i*sqrt(Abs(s)) ; B0 + 2*i,i*s - i*sqrt(Abs(s)) ; 2*i + 0.113698080348593
3546,0.8297699420294499,B1*i*sqrt(Abs(B0 + i)) ; r,0.0157029148612474*i*sqrt(Abs(i - 2.91213047235465)) ; r
3547,0.8297325285595107,B0 + B1*i + B2*i**2 ; B3 + r*sqrt(Abs(i)),-4.01483778512765e-5*i**2 + 0.00398491069559487*i + 0.0140606451395346 ; r*sqrt(Abs(i)) - 0.0482105639220425
3548,0.8297218300229781,B0*i*sqrt(Abs(i + s)) ; B1*r,0.0261792596958731*i*sqrt(Abs(i + s)) ; 0.0069779982724888*r
3549,0.8297218229046285,B0*i ; B1*i*sqrt(Abs(r)) + r,0.0262022146066044*i ; 0.0879390764890207*i*sqrt(Abs(r)) + r
3550,0.8297216541469423,B0*i ; r + Abs(r - sqrt(Abs(r)))**(1/4),0.0262914199138859*i ; r + Abs(r - sqrt(Abs(r)))**(1/4)
3551,0.8297216488964723,B0*i ; sqrt(Abs(i))*sqrt(Abs(r)) - sqrt(Abs(r)),0.0262930692752215*i ; sqrt(Abs(i))*sqrt(Abs(r)) - sqrt(Abs(r))
3552,0.8297216038249784,B0*i*sqrt(Abs(i + s)) ; -i*r,0.026306337484453*i*sqrt(Abs(i + s)) ; -i*r
3553,0.8297200043911086,B1*i*sqrt(Abs(B0 + i)) ; i*r + r,0.00264643664577437*i*sqrt(Abs(i + 99.1101436335148)) ; i*r + r
3554,0.8295027735233236,B0*i**2 + B0*i ; B1*r,0.0230653719697432*i**2 + 0.0230653719697432*i ; 3.72004586256541*r
3555,0.8295026081048985,B0*i**2 + B0*i ; r,0.0229815302678359*i**2 + 0.0229815302678359*i ; r
3556,0.8294957801657667,B0 + B1*i*s + i*s**2 ; B2 + i,i*s**2 - 0.321498155055074*i*s + 0.00610071347506437 ; i - 0.0297013480478719
3557,0.8294825495204361,B0*i*s ; B1 - sqrt(2)*i*sqrt(Abs(r)) - r,0.0133293783208442*i*s ; -sqrt(2)*i*sqrt(Abs(r)) - r - 0.0095165070515178
3558,0.8293785858093843,B0*i + B0*Abs(i)**(3/2) ; r,0.019408363951813*i + 0.019408363951813*Abs(i)**(3/2) ; r
3559,0.8293520460723711,B0*i**2 + i**3 + i**2*s ; B1 + B2*sqrt(Abs(i)),i**3 + i**2*s + 0.376596541548362*i**2 ; 0.182307037710402 - 0.266324923729992*sqrt(Abs(i))
3560,0.8292454611648432,B0 + sqrt(Abs(s)) ; B2*r*sqrt(Abs(B1 + i)),sqrt(Abs(s)) - 0.959025652315889 ; 0.311064589665923*r*sqrt(Abs(i + 5.06196982077897))
3561,0.8291297135398369,B0*i**2 + B0*s ; sqrt(Abs(i))*sqrt(Abs(r))*Abs(B1 + r)**(1/4),0.0130208912946913*i**2 + 0.0130208912946913*s ; sqrt(Abs(i))*sqrt(Abs(r))*Abs(r + 0.000339922135437291)**(1/4)
3562,0.8288821687541806,B0 + B1*i ; i**2 + i*r - i*sqrt(Abs(B2 + r)),0.0818575768825675*i - 0.000382393598668312 ; i**2 + i*r - i*sqrt(Abs(r + 0.510622477330712))
3563,0.8288061442432323,B0*s + i*s - i ; B1*i*r,i*s - i + 0.0174465973165187*s ; 0.729366524437333*i*r
3564,0.8288016011840005,B0*s + B1*i*s + s**2 ; B2 + r,-0.00344842458728418*i*s + s**2 - 0.94003845220128*s ; r + 0.000668728091477635
3565,0.828777829452987,B0 + B1*i + i**2 ; i*r + i - 2*r**2,i**2 - 0.435559978265225*i + 0.0499661232882082 ; i*r + i - 2*r**2
3566,0.8287557323013857,B0*i**2*s**2 ; B1*i + B2*r,13.0880347504312*i**2*s**2 ; 0.318448885112081*i + 0.0465391837938006*r
3567,0.8287354497437848,i ; B0*i*r + B0*Abs(i)**(3/2),i ; 3.51234640934313*i*r + 3.51234640934313*Abs(i)**(3/2)
3568,0.8286789747170338,i*s*sqrt(Abs(i - s)) ; B0*Abs(i)**(1/8),i*s*sqrt(Abs(i - s)) ; 0.0101801972578632*Abs(i)**(1/8)
3569,0.8286397727550924,sqrt(Abs(B0*i + B2*i*sqrt(Abs(B1 + i)))) ; i,sqrt(Abs(1.35769702782182*i*sqrt(Abs(i + 0.464921114754788)) - 0.926252680444911*i)) ; i
3570,0.8285937973886353,B0*i ; Abs(i**2 - i*r)**(1/4),-8.21769516386218e-5*i ; Abs(i**2 - i*r)**(1/4)
3571,0.828531159759481,B0*Abs(i)**(3/2)*sqrt(Abs(s)) ; B1*Abs(r)**(3/2),0.0868077996362867*Abs(i)**(3/2)*sqrt(Abs(s)) ; 0.11154512837439*Abs(r)**(3/2)
3572,0.8284644050418222,B0 - i*s - i ; B1 - sqrt(Abs(r)),-i*s - i + 0.0315710453875093 ; 0.197882785651503 - sqrt(Abs(r))
3573,0.8283358655318862,B0*sqrt(Abs(i))*sqrt(Abs(s)) ; sqrt(Abs(r))*Abs(i*sqrt(Abs(r)) - r)**(1/4),0.0441949790438795*sqrt(Abs(i))*sqrt(Abs(s)) ; sqrt(Abs(r))*Abs(i*sqrt(Abs(r)) - r)**(1/4)
3574,0.828312498897562,B0*i ; i + r - sqrt(Abs(i*r + i)),0.00010734039583462*i ; i + r - sqrt(Abs(i*r + i))
3575,0.8282500623279526,B0*i*s ; B1 - i + sqrt(Abs(i*r - i)),0.410742587805266*i*s ; -i + sqrt(Abs(i*r - i)) - 0.0967049536884374
3576,0.8282185394472142,B0*Abs(s)**(1/4) + s ; sqrt(Abs(B1 + Abs(r)**(1/8))),s - 0.957451737114042*Abs(s)**(1/4) ; sqrt(Abs(r)**(1/8) + 6.99154703327911)
3577,0.8282185383737286,B0*Abs(s)**(1/4) + s ; sqrt(Abs(B1 + B2*i*r)),s - 0.957420944552448*Abs(s)**(1/4) ; sqrt(Abs(4.83044975506369*i*r + 0.000829285311825971))
3578,0.8282107169111328,B0*i ; B1 + B2*i + i**2 + 2*i*r,0.160004294063067*i ; i**2 + 2*i*r - 0.146042555854907*i - 9.24937595919697e-5
3579,0.8280361862796859,B0*i + B0*Abs(s)**(1/8) ; sqrt(Abs(r)),0.00684180360889644*i + 0.00684180360889644*Abs(s)**(1/8) ; sqrt(Abs(r))
3580,0.8280274747283413,B0*i**2*s ; sqrt(2)*sqrt(Abs(i*r + r**2)),0.328075491566841*i**2*s ; sqrt(2)*sqrt(Abs(i*r + r**2))
3581,0.8280109747971713,B0*i**2*sqrt(Abs(s)) ; sqrt(Abs(r)),0.31518934894722*i**2*sqrt(Abs(s)) ; sqrt(Abs(r))
3582,0.827995421057093,B0*i**2 ; B1*i*sqrt(Abs(r)) + r,0.304070916185759*i**2 ; 0.474734060820021*i*sqrt(Abs(r)) + r
3583,0.827966671397463,B0*i + B1*i**2 + B1*i*s ; sqrt(Abs(r - sqrt(Abs(i)))),-2.05640568652668e-5*i**2 - 2.05640568652668e-5*i*s - 0.00204911250612611*i ; sqrt(Abs(r - sqrt(Abs(i))))
3584,0.8279649440599887,B0 + B1*s + s**2 ; i,s**2 + 0.98821727361779*s - 1.59935836570185 ; i
3585,0.8279473245765492,B0 - i*s - i + s ; 2*i*r,-i*s - i + s - 0.599894669457478 ; 2*i*r
3586,0.8279025044964332,B0*s + s**2 ; B1 + i + r*sqrt(Abs(i)),s**2 - 0.952696009499757*s ; i + r*sqrt(Abs(i)) + 0.000168289680768954
3587,0.8278873290631509,B0*sqrt(Abs(s)) + Abs(s)**(3/2) ; sqrt(Abs(i - r)),Abs(s)**(3/2) - 0.953307171185311*sqrt(Abs(s)) ; sqrt(Abs(i - r))
3588,0.8278873290629214,B0*sqrt(Abs(s)) + Abs(s)**(3/2) ; i,Abs(s)**(3/2) - 0.953307299441029*sqrt(Abs(s)) ; i
3589,0.8278873196941128,B0*sqrt(Abs(s)) + Abs(s)**(3/2) ; B1 - sqrt(Abs(B2 + B3*i)),Abs(s)**(3/2) - 0.953406287117296*sqrt(Abs(s)) ; 18.4757056842592 - sqrt(Abs(9.09362860615558*i + 28.1605245175866))
3590,0.8278729940654774,B0 + s ; i*sqrt(Abs(i - r**2)),s - 0.953880128668217 ; i*sqrt(Abs(i - r**2))
3591,0.8278729940395765,B0 + s ; sqrt(Abs(B1 + B2*i - r)),s - 0.953874939741161 ; sqrt(Abs(0.459198257553395*i - r + 0.0428051931548361))
3592,0.8278729936307978,B0 + s ; sqrt(Abs(B1 + i + 2*r)),s - 0.953858871544134 ; sqrt(Abs(i + 2*r + 0.000190472224311072))
3593,0.8278653778891442,B0*i*s**2 - i*s**3 ; B1 + sqrt(Abs(B2 - r + sqrt(Abs(i)))),-i*s**3 + 0.0696094718309959*i*s**2 ; sqrt(Abs(r - sqrt(Abs(i)) + 0.0610786831092699)) - 0.162109646022827
3594,0.8278620563004043,B0*Abs(i)**(9/4) ; sqrt(Abs(r - sqrt(Abs(r)))),0.608805287064513*Abs(i)**(9/4) ; sqrt(Abs(r - sqrt(Abs(r))))
3595,0.8277913474010888,B0 + B1*i ; i**2 - i*r + i + r,7.49066065237162e-5*i + 0.0187789487907011 ; i**2 - i*r + i + r
3596,0.8277670177716934,B0*sqrt(Abs(i)) + s*sqrt(Abs(i)) ; r,s*sqrt(Abs(i)) - 0.849642436053422*sqrt(Abs(i)) ; r
3597,0.8276929250442016,B0*sqrt(Abs(s)) + sqrt(2)*Abs(s)**(3/2) ; i,sqrt(2)*Abs(s)**(3/2) - 1.3573879676092*sqrt(Abs(s)) ; i
3598,0.8275289437766853,B0*i**2*sqrt(Abs(s)) ; B1 + i + r,1.57414318598482e-6*i**2*sqrt(Abs(s)) ; i + r + 0.435721671283682
3599,0.8274488043970326,B0*s - i*s + s**2 ; B1*i + i*r - r,-i*s + s**2 - 0.954476003593567*s ; i*r + 0.942606716386274*i - r
3600,0.8274448824169561,B0 + B1*i ; -i*r + i + r**2 + r,6.08036542084276e-5*i + 0.0175339193729767 ; -i*r + i + r**2 + r
3601,0.8273703833732372,0 ; -i - 2*r + sqrt(Abs(i)),0 ; -i - 2*r + sqrt(Abs(i))
3602,0.8273476534420451,B0 + B1*i + B2*i**2 ; Abs(i)**(3/2),-17.2703651092178*i**2 + 1.42225210884354*i - 0.0149352448821609 ; Abs(i)**(3/2)
3603,0.8273326956642949,-2*i**2 ; 2*i + r*sqrt(Abs(i)),-2*i**2 ; 2*i + r*sqrt(Abs(i))
3604,0.8273279298756748,B0 + s - sqrt(Abs(B1 + i)) ; sqrt(Abs(B2 + r)),s - sqrt(Abs(i - 101865.385538896)) + 318.360552016547 ; sqrt(Abs(r + 41839.8689241578))
3605,0.8272233816226181,B0*i**2 + B0*i*s ; 2*i - 2*r + sqrt(Abs(r)),-0.108791662374497*i**2 - 0.108791662374497*i*s ; 2*i - 2*r + sqrt(Abs(r))
3606,0.8270675724791292,B0*Abs(s)**(3/2) - i*s ; B1 + B2*sqrt(Abs(i)) - r,-i*s - 0.00731683146234163*Abs(s)**(3/2) ; -r - 0.566202121221161*sqrt(Abs(i)) + 0.209667914424003
3607,0.8270448782670158,B0 + B1*i ; B2*r**3 + B3*i*r**2,0.049531964510368 - 0.0432607856345662*i ; 0.207205104341956*i*r**2 + 22.3864042664359*r**3
3608,0.8270448782111608,B0 + B1*s ; B2*r + B3*r**2 + B4*i*r,0.0432635972484352*s + 0.00626807435614004 ; 0.510358324923772*i*r + 0.294315377369678*r**2 + 0.0317332783703097*r
3609,0.8270448780580033,B0 + B1*s ; B2*i + B3*i**2 - i**2*r,0.0432494117700723*s + 0.0062758665724713 ; -i**2*r + 90.0061154997386*i**2 + 4.54699976580004*i
3610,0.8270447911973614,B0 + B1*i + B2*s ; B3*r**3 + B4*i*r**2,5.81532459208078*i + 8.53721416575284*s - 5.41804918922199 ; 0.0334304888485432*i*r**2 + 0.762633786658222*r**3
3611,0.8269592411393242,B0 + B1*i ; -i + Abs(B2 + i*r)**(1/8),3.47843108317917e-5*i + 0.0152858651276975 ; -i + Abs(i*r - 2.61510542154374e-9)**(1/8)
3612,0.8269320564995501,sqrt(Abs(B0*i + B1)) ; B2 + 3*i,sqrt(Abs(7.73455219841007e-6*i - 0.000773638195300835)) ; 3*i - 0.023130735432809
3613,0.8268886141853219,B0*sqrt(Abs(i)) + B1*i ; 2*i*r**2 - r**3,-0.162758013100678*i + 0.175298797680491*sqrt(Abs(i)) ; 2*i*r**2 - r**3
3614,0.8268602053161174,B0*sqrt(Abs(i)) ; B1*i + B2*i**2 + r,0.00120304520160957*sqrt(Abs(i)) ; 3004.72090936088*i**2 + 6321.46587188947*i + r
3615,0.8268558244395231,B0*Abs(i)**(3/2) + B1*i**2 ; B2 + i + 2*r,-1.0343210111355e-5*i**2 + 0.00011545560613474*Abs(i)**(3/2) ; i + 2*r + 52.7617156257152
3616,0.8268554386564253,B0 + B1*i ; B2 - i*r**2 + 2*r,0.00014673273019796*i - 0.00264659684279734 ; -i*r**2 + 2*r - 409.662286794977
3617,0.8268539881434777,B0*Abs(i)**(1/16) ; B1 + r,0.00901680051065297*Abs(i)**(1/16) ; r - 20.818455506631
3618,0.826844667171638,B0*Abs(i)**(1/16) ; i,0.0158082203979412*Abs(i)**(1/16) ; i
3619,0.8268318572491012,B0*i ; B1*i + B2*i**2 + r,-0.000120495294793097*i ; 373.635513515831*i**2 + 119.258968612758*i + r
3620,0.8267905183780226,2*Abs(i)**(5/2) ; B0 + B1*i,2*Abs(i)**(5/2) ; 1.63893273500833*i + 0.224242096196459
3621,0.8267091440229328,B0*i**2 - i**3 ; B1 + i,-i**3 + 31.2579157936549*i**2 ; i + 0.0317041380398911
3622,0.8266986211848628,B0*i + B0*s ; B1 + Abs(i + r**2 - r)**(1/4),-0.000120106498724954*i - 0.000120106498724954*s ; Abs(i + r**2 - r)**(1/4) + 180.595222736766
3623,0.8265923147281782,B0*i ; -i**2*r + i**2 + i*r**2 + i,1.14047115266582*i ; -i**2*r + i**2 + i*r**2 + i
3624,0.8265662288838794,B0*i ; B1*r + 2*i - r**2,0.000120405993717601*i ; 2*i - r**2 + 74.6720696182094*r
3625,0.8265508093967663,B0*sqrt(Abs(i)) + B1*s - i*s + Abs(i)**(3/2) ; i,-i*s + 0.0652782620306949*s + Abs(i)**(3/2) + 0.0721222101175259*sqrt(Abs(i)) ; i
3626,0.8265243834071602,B0*i + B0*s**2 + B0*s ; B1 + sqrt(Abs(i))*Abs(r)**(1/4),-0.00011995227620569*i - 0.00011995227620569*s**2 - 0.00011995227620569*s ; sqrt(Abs(i))*Abs(r)**(1/4) + 183.449062767391
3627,0.8264146707614817,B0*s ; B1*r + 2*i*r + r**2,0.0477148658561152*s ; 2*i*r + r**2 + 18.8999089745171*r
3628,0.8264146707610955,B0*s ; B1*r**2 + i*r**2 + i + r,0.0477147769481628*s ; i*r**2 + i + 0.00109332983616217*r**2 + r
3629,0.8264146707594694,B0*s ; B1*i*r + i**2 - i*r**2,0.0477153211416317*s ; i**2 - i*r**2 + 0.00598049086423215*i*r
3630,0.8264146707119557,B0*s ; B1*i*r + i**2*r - i - r,0.0477132002112931*s ; i**2*r + 0.727517088007283*i*r - i - r
3631,0.8264146333431853,B0*s ; i*r**2 + i*r + r**3,0.0476667602717249*s ; i*r**2 + i*r + r**3
3632,0.8264146282205117,B0*s ; Abs(i*r**2 + i - r**3)**(1/4),0.0476635676038936*s ; Abs(i*r**2 + i - r**3)**(1/4)
3633,0.826378353190484,i**2 + i*sqrt(Abs(B0 + B1*s)) ; B2*i + i*r + i*Abs(i - r)**(1/4),i**2 + i*sqrt(Abs(0.590818218914059*s - 0.753830638599766)) ; i*r + i*Abs(i - r)**(1/4) + 0.0228231658504841*i
3634,0.8263575030841622,B0*sqrt(Abs(s - sqrt(Abs(s)))) ; B1 + i**2 + i*r,0.0193185717581459*sqrt(Abs(s - sqrt(Abs(s)))) ; i**2 + i*r + 1.34805000628725
3635,0.8261788583317589,i**2 - sqrt(Abs(i)) ; B0 + sqrt(Abs(B1 + B2*r)),i**2 - sqrt(Abs(i)) ; sqrt(Abs(286.364475742756*r - 9753.27485044558)) - 97.2337977551701
3636,0.8261011628602941,B0*i + B1*i**3 + B2*i**2*s ; r,-0.345788966159048*i**3 - 0.478949454297226*i**2*s + 0.337507492317182*i ; r
3637,0.826037263149357,B0*i*s + B0*i + B1*s**2 ; r,0.00424025046022841*i*s + 0.00424025046022841*i + 0.0448164463687688*s**2 ; r
3638,0.8260341195876917,B0*i*s + B0*s + B1*s**2 ; sqrt(Abs(i + sqrt(Abs(i*r + r**2)))),-0.000180013834562483*i*s + 0.0415492769102175*s**2 - 0.000180013834562483*s ; sqrt(Abs(i + sqrt(Abs(i*r + r**2))))
3639,0.825879605553744,B0*i**2*s + B0*i**2 + B0*i*s**2 ; B1 + B2*i,0.444811456345151*i**2*s + 0.444811456345151*i**2 + 0.444811456345151*i*s**2 ; 0.206245490023333*i - 0.00154116943791134
3640,0.8258309560878428,B0*s + B1*i**2*s - s**2 ; i,-27.9934357760175*i**2*s - s**2 + 0.987615449229977*s ; i
3641,0.8258241687145059,i**2 - 2*i ; B0*r*sqrt(Abs(i + r)),i**2 - 2*i ; 2.43218891443929*r*sqrt(Abs(i + r))
3642,0.8257350509000554,B1*sqrt(Abs(B0 - s)) ; B2*r + B3*r**2 + B4*i*r,0.0353938903876047*sqrt(Abs(s + 0.116584883257836)) ; 0.0295835352083529*i*r + 0.455058182992132*r**2 + 3.73895840346349*r
3643,0.8256893549635027,B1*sqrt(Abs(B0 - i + s)) ; B2*r + B3*r**2 + B4*i*r,0.0246710261545353*sqrt(Abs(-i + s + 1.11361547859517)) ; 0.0389917026593752*i*r + 98.8596263421685*r**2 + 0.0123427033317639*r
3644,0.8256353874136002,i**2 + s - sqrt(Abs(s)) ; B0*r + sqrt(Abs(r)),i**2 + s - sqrt(Abs(s)) ; 0.0512126191133007*r + sqrt(Abs(r))
3645,0.8256207842659982,B0*i - i*sqrt(Abs(i - s)) ; i,-i*sqrt(Abs(i - s)) + 1.81082637945556*i ; i
3646,0.8256152078319147,B0*i + B1*i**2 + Abs(i)**(3/2) ; B2 + sqrt(Abs(i**3 + i**2)),-0.279602455922808*i**2 + 0.823949344821489*i + Abs(i)**(3/2) ; sqrt(Abs(i**3 + i**2)) - 0.000493781730587416
3647,0.8255320114371675,B0*i**3 + B1*i**2*s ; B2*i + B3*r,0.000625743429887585*i**3 + 0.00909988618545173*i**2*s ; 53.9571555106597*i + 51.3916773612481*r
3648,0.8253504269214178,B0*i*s + B0*i + B1*s**2 ; sqrt(Abs(B2*r + i)),2.86044695915812e-5*i*s + 2.86044695915812e-5*i + 0.0440640450715991*s**2 ; sqrt(Abs(i + 1.09024555126072*r))
3649,0.8252970754772544,B0*Abs(s)**(1/8) ; sqrt(Abs(B1*i + B2*r + B2*sqrt(Abs(r)))),0.0167437532430029*Abs(s)**(1/8) ; sqrt(Abs(98.0924650731858*i + 3.71918635968228*r + 3.71918635968228*sqrt(Abs(r))))
3650,0.825272220757459,B0*i - i**2 + i*s ; r,-i**2 + i*s - 0.580028725564028*i ; r
3651,0.8252503791043049,B0 - i*sqrt(Abs(i - s)) ; B1 + i + r,-i*sqrt(Abs(i - s)) - 69.8304543739096 ; i + r - 197.317218093488
3652,0.8251696989423649,B0*i*s ; i*r + i + Abs(i)**(5/4),1.55218052397369*i*s ; i*r + i + Abs(i)**(5/4)
3653,0.8250389954541275,B0*i**2*s + B0*i ; B1*i - i**2*r + Abs(i)**(3/2)*Abs(r)**(3/2),1.52155674007585*i**2*s + 1.52155674007585*i ; -i**2*r + 1.4945976743381*i + Abs(i)**(3/2)*Abs(r)**(3/2)
3654,0.825013060468182,B0*s**2 ; B2*sqrt(Abs(B1*r + i*r + r**2)),0.0447729713753354*s**2 ; 0.0017693776667421*sqrt(Abs(i*r + r**2 + 0.000117652417182206*r))
3655,0.82501306043347,B0*i*s**2 + B0*s**3 ; B1*r,0.0447709464337433*i*s**2 + 0.0447709464337433*s**3 ; 2.2712434206231*r
3656,0.8246377724748923,B0*i + B1*i**2 + B2*i*s + B2*s ; B3 + i + 2*r,-9.3816242773768e-6*i**2 - 0.00099994874284041*i*s - 0.000883812120111819*i - 0.00099994874284041*s ; i + 2*r + 0.00688835032863351
3657,0.8245614145835894,B0*s**2 + B1*i*s**3 ; B2 - i + r - sqrt(Abs(i)),0.00059920150415937*i*s**3 + 0.0102754496785289*s**2 ; -i + r - sqrt(Abs(i)) + 0.144086634495582
3658,0.824556759296372,B0 + B1*i ; 2*i**2 + i*sqrt(Abs(B2 + sqrt(Abs(i)))),2.21530153057485*i - 0.00011458568559023 ; 2*i**2 + i*sqrt(Abs(sqrt(Abs(i)) - 5.04417165057015))
3659,0.8244622165500164,B0*i + B0*Abs(s)**(1/8) ; i - 2*r**2 + r,0.011456986388179*i + 0.011456986388179*Abs(s)**(1/8) ; i - 2*r**2 + r
3660,0.8244028498947567,B0*i*s + i*s**2 ; i,i*s**2 + 0.304558382303484*i*s ; i
3661,0.8242782814941684,B0*i ; B1*i - i**2 - i*r,0.000159303687157367*i ; -i**2 - i*r - 16441.0991119037*i
3662,0.8242453815511014,B0*i + B1*i**2 ; sqrt(Abs(i + r)),-4.92948624763089e-5*i**2 - 0.00112237766507592*i ; sqrt(Abs(i + r))
3663,0.8242341517410292,B1*sqrt(Abs(B0 - sqrt(Abs(s)))) ; B2*r + B3*r**2 + B4*i*r,0.0405331930845837*sqrt(Abs(sqrt(Abs(s)) - 0.324690079082619)) ; 4.70130596614602*i*r + 0.00656640274261901*r**2 + 0.00201411351368758*r
3664,0.8241679132487868,B0*i**2*s ; B1 - i*r + i + 2*r,0.00576124844979345*i**2*s ; -i*r + i + 2*r - 0.190512308044529
3665,0.8241413984235271,B0*i*s ; B1*Abs(i)**(3/2) + i + r,-0.054489225020668*i*s ; i + r - 3.70019566504221*Abs(i)**(3/2)
3666,0.8241180143970431,B0*s - i + s*sqrt(Abs(i)) ; B1 + B2*i,-i + s*sqrt(Abs(i)) - 0.108078350031355*s ; 0.239929313795401*i - 0.000513995783613719
3667,0.8241031489431246,B0*Abs(i)**(1/16) ; B1*i*r,0.0119584887553766*Abs(i)**(1/16) ; 1.95754863850439*i*r
3668,0.8240888499017244,B0 + B1*i ; B2 + sqrt(Abs(B3*i**3 + B4*i**2)),0.0518813165449939 - 0.00772078921962523*i ; sqrt(Abs(0.000392883883590858*i**3 - 0.00179982352140298*i**2)) - 0.205499468551284
3669,0.8240747784254717,B0*i + 2*i*s ; i,2*i*s - 0.706003146756109*i ; i
3670,0.8240680474089035,B0 - i + sqrt(Abs(B1 + sqrt(Abs(i)))) ; r**2,-i + sqrt(sqrt(Abs(i)) + 1.72973609902941) - 1.34587727239565 ; r**2
3671,0.8238986851520662,B0*s**2 + B1*s**3 - i*s**2 ; B2*r,-i*s**2 - 1.44040916156874*s**3 + 1.43570228511432*s**2 ; 0.367313163390583*r
3672,0.8238531436972679,B0*i ; sqrt(Abs(r - sqrt(Abs(B1 + i - r)))),-6.02799448516923e-5*i ; sqrt(Abs(r - sqrt(Abs(i - r + 17.1481712930399))))
3673,0.8237264369819518,-i**2 + i*s ; B0 + 2*i + r,-i**2 + i*s ; 2*i + r - 0.0278042529804489
3674,0.8237182323115435,B0*i**2 + B1*i**2*s ; sqrt(Abs(r - sqrt(Abs(i - r)))),0.000281560244938637*i**2*s - 0.000150878568129194*i**2 ; sqrt(Abs(r - sqrt(Abs(i - r))))
3675,0.823541258815786,B0*i*s**2 + B1*i**2*s ; i,-112.359043403493*i**2*s + 6.14679138395054*i*s**2 ; i
3676,0.8234940034530458,i**2*s - i*s**2 ; B0 + B1*r + r**2,i**2*s - i*s**2 ; r**2 - 0.662950306443207*r + 0.110858596217382
3677,0.823460604206156,B0*s**2 - i*s ; B1 + i + Abs(r)**(3/2),-i*s + 0.117096480586331*s**2 ; i + Abs(r)**(3/2) - 0.103978025626068
3678,0.8233949383884321,i*s ; B0 + 2*i + r,i*s ; 2*i + r - 0.0272507747768459
3679,0.8232140796988687,B0*i - i**2 + i*Abs(s)**(1/4) ; i*r + Abs(r)**(1/4),-i**2 + i*Abs(s)**(1/4) - 0.617850042773004*i ; i*r + Abs(r)**(1/4)
3680,0.8232085747245461,B0*sqrt(Abs(i)) + B1*sqrt(Abs(s)) - i ; B2*i*r**2,-i - 1.11634674164726*sqrt(Abs(i)) + 0.770417985159436*sqrt(Abs(s)) ; 1.17274641094972*i*r**2
3681,0.8229926303773132,B0*i**2*sqrt(Abs(s)) ; B1*i + B1*r + B2*i*r,2.99207086020201*i**2*sqrt(Abs(s)) ; 5.60303556277976*i*r + 0.002963015487622*i + 0.002963015487622*r
3682,0.8228835678032155,B0*s**2*Abs(i)**(3/2) ; i,7.14353245752724*s**2*Abs(i)**(3/2) ; i
3683,0.8228558040649719,B0*i + B1*s ; B2 - i**2*r - i*r - i,0.00913841609532083*i + 0.0150561286747397*s ; -i**2*r - i*r - i + 0.000235890253171253
3684,0.8228323546152412,B0*i ; i*r + i*sqrt(Abs(r)) + i,1.33717737090028*i ; i*r + i*sqrt(Abs(r)) + i
3685,0.8227052489779251,sqrt(Abs(B0*i**2 + B1*i*s)) ; B2*i*r + i**2*r,sqrt(Abs(0.00055597885832497*i**2 - 0.00154578275647351*i*s)) ; i**2*r + 0.000283743759770394*i*r
3686,0.8226239915647702,-2*i**3 + Abs(i)**(3/2) ; B0*r + sqrt(Abs(i))*sqrt(Abs(r)),-2*i**3 + Abs(i)**(3/2) ; 0.00725263060016829*r + sqrt(Abs(i))*sqrt(Abs(r))
3687,0.822556288198118,B0*i**2 + B1*i*s + i ; sqrt(Abs(B2*i + i**2)),0.000283047878266429*i**2 - 0.0108132477004697*i*s + i ; sqrt(Abs(i**2 + 0.00029455421884918*i))
3688,0.822521000612513,B0*i**3*s ; i,1051.26061354149*i**3*s ; i
3689,0.8222715519153562,B0*i + B1*i**2 + B2*i*s ; i + r,-3.90128645961224e-12*i**2 - 0.12273622926252*i*s + 0.0561754397184632*i ; i + r
3690,0.8220584294517228,i*s*sqrt(Abs(B0 + i)) ; B1*r + 2*i*r - r**2,i*s*sqrt(Abs(i - 0.37932438674144)) ; 2*i*r - r**2 + 84.5061852840322*r
3691,0.822030259607131,B0*sqrt(Abs(i)) + B1*s ; B2*sqrt(Abs(r)) + 3*Abs(r)**(3/2),2.94756259152178*s + 0.456760006364075*sqrt(Abs(i)) ; 3*Abs(r)**(3/2) + 0.00736511056465623*sqrt(Abs(r))
3692,0.8220024578221705,B0*i ; -i*r - 2*i + 2*r,0.002338886741004*i ; -i*r - 2*i + 2*r
3693,0.821984068498536,B0*i*s + i**2*s + i*Abs(s)**(3/2) ; B1*r,i**2*s - 0.758356073148838*i*s + i*Abs(s)**(3/2) ; 0.591140160962175*r
3694,0.82163616591593,B0*i**2*s**2 ; i,36.5083682498799*i**2*s**2 ; i
3695,0.8216175366881505,B0*i*s + B1*i*s**2 ; B2*i - r + sqrt(Abs(i)),-0.145168266546303*i*s**2 + 0.0914017661078094*i*s ; -0.123977817722057*i - r + sqrt(Abs(i))
3696,0.8215006654086511,B0*i*s + i**2*s**2 ; i,i**2*s**2 + 1.21174703421578*i*s ; i
3697,0.8214741780749386,B0*s**2 - i*s**2 + i*s ; i,-i*s**2 + i*s + 0.0404609384615346*s**2 ; i
3698,0.8214246117182892,B0*i ; B1*i**2*Abs(r)**(1/4),0.026178963304368*i ; 6.02189288790785*i**2*Abs(r)**(1/4)
3699,0.8214246116991003,B0*i ; B1*i**2*r**2,0.0261782891641219*i ; 0.0582956783494633*i**2*r**2
3700,0.8214246116931428,B0*i ; B1*Abs(i)**(1/4)*Abs(r)**(1/4),0.0261811710667088*i ; 0.0154850093412882*Abs(i)**(1/4)*Abs(r)**(1/4)
3701,0.8214246114111441,B0*i ; B1*r - r*Abs(i)**(3/2),0.0261844178677324*i ; -r*Abs(i)**(3/2) + 3.104181997596*r
3702,0.8214246084185377,B0*i ; B1*r + B2*i*r,0.0261641848319972*i ; 15.8065244726098*i*r + 19.5513048440639*r
3703,0.8214243954263192,B0*i ; r*sqrt(Abs(r - sqrt(Abs(i + r)))),0.0263041674303931*i ; r*sqrt(Abs(r - sqrt(Abs(i + r))))
3704,0.8214242522101911,B0 + B1*sqrt(Abs(i))*sqrt(Abs(s)) + s ; i*r,s + 0.878388845392665*sqrt(Abs(i))*sqrt(Abs(s)) - 1.12240221743384 ; i*r
3705,0.8212738059661617,B0*s + i*s**2 ; B1*r,i*s**2 - 0.0144435247251025*s ; 0.0134860341221597*r
3706,0.8212729079481936,B0*s + i*s**2 ; sqrt(2)*sqrt(Abs(i))*sqrt(Abs(r)),i*s**2 - 0.014443068230561*s ; sqrt(2)*sqrt(Abs(i))*sqrt(Abs(r))
3707,0.8210226682006004,B0*i + B1*i**2 ; i + r,-0.000634994482625476*i**2 - 0.00268757983890828*i ; i + r
3708,0.8209903623720264,B0*Abs(s)**(3/2) ; B1*i + B2*i**2 + i**3,0.0458699619474466*Abs(s)**(3/2) ; i**3 + 0.00263412754150052*i**2 + 0.0141658706308399*i
3709,0.8209715649063267,B0*i**2 + i*s ; r,-8.16318680069464*i**2 + i*s ; r
3710,0.8209361157340389,B0*i ; -i*r + i + Abs(i)**(5/4),1.01945054209666*i ; -i*r + i + Abs(i)**(5/4)
3711,0.820833401511913,B0*s*Abs(i)**(3/2) ; i*r + r**2 + r,0.936378018096685*s*Abs(i)**(3/2) ; i*r + r**2 + r
3712,0.820701727026134,i**2*s**3 ; i**2,i**2*s**3 ; i**2
3713,0.8205246140177821,B0*s + s*sqrt(Abs(i)) ; B1*r,s*sqrt(Abs(i)) - 0.180743586057986*s ; 0.00239332063575102*r
3714,0.8204406356539071,B0*i - i*s - s ; B1*i**2*r,-i*s - 1.99413642555493*i - s ; 30.304848043215*i**2*r
3715,0.8204406352870808,B0*i + i**2 - s ; i*r,i**2 - 2.99414080834344*i - s ; i*r
3716,0.8203147753334893,B0*i*s**2 + B0*i*s ; i,0.635783963171696*i*s**2 + 0.635783963171696*i*s ; i
3717,0.8200681509263272,B0 + B1*s - i ; B2*i - i**2 + r,-i + 1.96670015355117*s + 98.1504562291623 ; -i**2 - 0.712150627040967*i + r
3718,0.8200228253578019,B0 + B1*i**2*s ; B2 - i,0.000118331434252317*i**2*s - 1.11242288409018 ; -i - 250.429912845307
3719,0.8199363506592402,B0*Abs(s)**(1/4) + s ; sqrt(Abs(B1 + i + r + sqrt(Abs(i)))),s - 0.957500591559892*Abs(s)**(1/4) ; sqrt(Abs(i + r + sqrt(Abs(i)) + 38.5382252326673))
3720,0.8197829253613321,B0*i**2*s**2 ; B1*r,0.355222617600421*i**2*s**2 ; 0.262726403339569*r
3721,0.8197246362627477,B0*Abs(s)**(1/8) + s ; sqrt(2)*sqrt(Abs(r)),s - 0.955954548266185*Abs(s)**(1/8) ; sqrt(2)*sqrt(Abs(r))
3722,0.8197076795579017,B0*i ; B1*i + 3*i**2,2.48515218634918*i ; 3*i**2 + 2.50442000434178*i
3723,0.8196919313699599,s - Abs(s)**(9/8) ; B0*sqrt(Abs(i)),s - Abs(s)**(9/8) ; 0.017054137516085*sqrt(Abs(i))
3724,0.8196783014549662,B0*i - i**2 + 2*i*s ; B1 + i - r,-i**2 + 2*i*s - 1.09952173687059*i ; i - r + 0.021934396082783
3725,0.819674893857689,B0 - i*s - i - s ; i**2*r,-i*s - i - s + 1.04721036063037 ; i**2*r
3726,0.8196604883033375,B0*sqrt(Abs(i*s - Abs(i)**(3/2))) ; sqrt(Abs(i)),0.000247775205355392*sqrt(Abs(i*s - Abs(i)**(3/2))) ; sqrt(Abs(i))
3727,0.8196234793837474,B0*s + s**2 ; B1 + i**2 - i*r,s**2 - 0.952703114411699*s ; i**2 - i*r + 23.1493741617546
3728,0.8196234698678604,B0*s + s**2 ; B1*r + B2*i*r,s**2 - 0.952797375186961*s ; 0.19536587376238*i*r + 0.147815306191227*r
3729,0.8196234374964878,B0*s + s**2 ; B1 - i + r + Abs(i)**(1/4),s**2 - 0.952909962436668*s ; -i + r + Abs(i)**(1/4) + 0.00462031624234487
3730,0.8196014542073745,B0*Abs(i)**(5/2) ; B1*i**2 + B1*i*r + r,0.348714029293017*Abs(i)**(5/2) ; 9.6913183851232*i**2 + 9.6913183851232*i*r + r
3731,0.8195942641248226,B0 + s ; Abs(i*r + i + r)**(1/4),s - 0.953880128850436 ; Abs(i*r + i + r)**(1/4)
3732,0.8195942618347707,B0 + s ; B1 + B2*i*r**2,s - 0.953831091554737 ; 0.00476443230115408*i*r**2 + 7.30268930068774
3733,0.8195829109887204,B0*s**2 - i*s ; sqrt(Abs(r)),-i*s + 0.0477075301413304*s**2 ; sqrt(Abs(r))
3734,0.8195280229620009,B0*s - i + s**2 ; B1*r,-i + s**2 - 0.910078336887427*s ; 0.000187461411994761*r
3735,0.819526869087764,B0*i + B1*Abs(s)**(1/4) ; B2*Abs(r)**(3/2) + i*Abs(r)**(3/2) - Abs(r)**(5/2),-0.00809209167561475*i + 0.0499372235557738*Abs(s)**(1/4) ; i*Abs(r)**(3/2) - Abs(r)**(5/2) + 2.41309317170356*Abs(r)**(3/2)
3736,0.8194142700642437,B0*i ; B1 - i*r + i*Abs(r)**(3/2),0.0101040713182168*i ; -i*r + i*Abs(r)**(3/2) - 0.824881148095892
3737,0.8194094389944211,B0*s + Abs(s)**(5/2) ; B1 + sqrt(Abs(r)),-0.940744301049031*s + Abs(s)**(5/2) ; sqrt(Abs(r)) + 90.6479388865994
3738,0.8193997751515528,B0*s - i + Abs(s)**(3/2) ; B1*i*r,-i - 0.938846964268426*s + Abs(s)**(3/2) ; 1.12627534859449*i*r
3739,0.8193997747671778,B0*s - i + Abs(s)**(3/2) ; B1*i**2*r,-i - 0.938789020427808*s + Abs(s)**(3/2) ; 0.000136422539243522*i**2*r
3740,0.8193996686857645,B0*Abs(s)**(5/2) - s ; B1 - 2*r + sqrt(Abs(i)),-s + 1.06252411734305*Abs(s)**(5/2) ; -2*r + sqrt(Abs(i)) + 0.0108272814115783
3741,0.8193397576703633,B0*i**2 + Abs(i)**(3/2) ; 2*i,36.7323079429769*i**2 + Abs(i)**(3/2) ; 2*i
3742,0.8192949968910394,B0*s**2 + i*s**3 ; i,i*s**3 + 0.0173725783832645*s**2 ; i
3743,0.8191340243218806,i**2 ; B0*r**3 + i,i**2 ; i + 111.185932447108*r**3
3744,0.8191097310465155,i*s - i*Abs(s)**(3/2) ; i,i*s - i*Abs(s)**(3/2) ; i
3745,0.8190994919087715,B0*i + B1*i**2 ; i**2 + r*sqrt(Abs(i)),5.3620916363734e-7*i**2 + 5.17630260274666e-5*i ; i**2 + r*sqrt(Abs(i))
3746,0.8190981277353149,s**2*Abs(i)**(5/2) ; i,s**2*Abs(i)**(5/2) ; i
3747,0.8190967216113738,sqrt(2)*s*Abs(i)**(7/2) ; i,sqrt(2)*s*Abs(i)**(7/2) ; i
3748,0.8190966795395048,-s*Abs(i + s)**(1/4) + s ; sqrt(2)*sqrt(Abs(r)),-s*Abs(i + s)**(1/4) + s ; sqrt(2)*sqrt(Abs(r))
3749,0.8190313420669549,B0 + B1*i + B1*sqrt(Abs(s)) ; B2 + 2*r + sqrt(Abs(B3 + i**2)),5.03688054339441e-5*i + 5.03688054339441e-5*sqrt(Abs(s)) + 0.0165411644696735 ; 2*r + sqrt(Abs(i**2 - 0.000817344658050515)) - 0.0208022270738127
3750,0.8189587221097283,B0*i + B1*i**2 ; B2 + B3*Abs(i)**(1/4),0.00804736780681443*i**2 - 0.0390122085986629*i ; 0.0349287363516437*Abs(i)**(1/4) - 0.0050215192942119
3751,0.8189017268888893,B0*s - s**2 ; i*r - r*Abs(i)**(1/4),-s**2 + 3.15259976210908*s ; i*r - r*Abs(i)**(1/4)
3752,0.8187744277504215,B0 + B1*s ; B2*i*r**2 + B2*r**3 + r,0.0432476162653036*s + 0.00628025632457797 ; 0.0506345048279252*i*r**2 + 0.0506345048279252*r**3 + r
3753,0.8186704426775501,sqrt(Abs(B0*s*sqrt(Abs(i)) + B0*Abs(i)**(3/2))) ; B1*i + r,sqrt(Abs(1.45034123689077e-7*s*sqrt(Abs(i)) + 1.45034123689077e-7*Abs(i)**(3/2))) ; -6622.33261687458*i + r
3754,0.818642218354446,B0 + B1*sqrt(Abs(i)) ; -i + sqrt(Abs(B2*i + i*r - r)),0.0138103579874083 - 0.000189416112948758*sqrt(Abs(i)) ; -i + sqrt(Abs(i*r + 0.0184026354758223*i - r))
3755,0.8186227799225031,B0 + B1*i ; 2*r + sqrt(Abs(B2*i + i**2)),2.57529481690684e-5*i + 0.0144459465433974 ; 2*r + sqrt(Abs(i**2 - 0.0260045705022302*i))
3756,0.8185914461969976,B0*i ; sqrt(Abs(B1*i - i**2 + i*r)),-0.000120314960399558*i ; sqrt(Abs(-i**2 + i*r + 1205487.77214792*i))
3757,0.818590007102012,B0*sqrt(Abs(i)) ; B4*sqrt(Abs(B1 + B2*i + B3*r)),0.00120309851425915*sqrt(Abs(i)) ; 192.544304271645*sqrt(Abs(105.497408397428*i + 7.08458331009398*r - 2.03397824228592))
3758,0.8185872057451382,B0*i ; sqrt(Abs(B1 + B2*i + i**2 + r)),-0.000120286573562746*i ; sqrt(Abs(i**2 - 64116.5518002694*i + r - 26459.8504480466))
3759,0.8185869457416053,B0*i ; B2*sqrt(Abs(B1 - i**2 + i*r)),-0.000120285696381129*i ; 31.6803259466563*sqrt(Abs(i**2 - i*r + 27.5562418954878))
3760,0.8185869430424543,B0*i ; sqrt(Abs(B1 + i*r - i - 2*r)),-0.000120285689070403*i ; sqrt(Abs(-i*r + i + 2*r + 29499.6280251444))
3761,0.8185860642219425,B0*i ; B1 + B2*i*r + B2*Abs(r)**(3/2),0.000120435552205982*i ; 80.2920565315225*i*r + 80.2920565315225*Abs(r)**(3/2) - 233.195093015614
3762,0.818573061696477,B0 + B1*i + B2*s - 2*i*s ; i,-2*i*s - 0.157388067491084*i + 0.125725184462563*s + 0.0106591955459189 ; i
3763,0.8184915935161078,B0*i ; B1 + B2*i*r + i + 2*r,0.00420315737510724*i ; -0.27278048937806*i*r + i + 2*r - 0.482983068569849
3764,0.818475357762686,i**2*s - i*s ; i,i**2*s - i*s ; i
3765,0.8184625415661658,i**3 - i*s ; i,i**3 - i*s ; i
3766,0.8184219110220787,B0*i + 2*i**2 + i*s ; B1 + i,2*i**2 + i*s - 0.140422794459957*i ; i - 0.0129338999639616
3767,0.818324418733423,B0*i*s - i**2*s + s*sqrt(Abs(i)) ; i*(-1 + sqrt(2)),-i**2*s - 2.80790214269696*i*s + s*sqrt(Abs(i)) ; i*(-1 + sqrt(2))
3768,0.818283712531506,B0*i*s**2 + B0*s**3 ; i,0.0417094537245247*i*s**2 + 0.0417094537245247*s**3 ; i
3769,0.8181504834515064,B0*s ; -i**3 - i**2*sqrt(Abs(r)) + i**2,0.0476644990584592*s ; -i**3 - i**2*sqrt(Abs(r)) + i**2
3770,0.818150481928244,B0*s ; i*r + r**2 - r*sqrt(Abs(i)) - Abs(i)**(3/2),0.0476635614664164*s ; i*r + r**2 - r*sqrt(Abs(i)) - Abs(i)**(3/2)
3771,0.818121264799837,B0*i + B0*sqrt(Abs(s - sqrt(Abs(s)))) ; 2*i,0.0191557153828874*i + 0.0191557153828874*sqrt(Abs(s - sqrt(Abs(s)))) ; 2*i
3772,0.8179555107240737,B0*i**3 - i ; sqrt(2)*r*sqrt(Abs(i)) + sqrt(2)*Abs(i)**(3/2),45.5213309952243*i**3 - i ; sqrt(2)*r*sqrt(Abs(i)) + sqrt(2)*Abs(i)**(3/2)
3773,0.8178493781266869,B0*i**2 - i**3 ; B1 - r - sqrt(Abs(i)),-i**3 + 0.608965098142281*i**2 ; -r - sqrt(Abs(i)) + 0.556861258194388
3774,0.8178257528871965,-i*s - s + Abs(s)**(3/2) ; B0*i**2,-i*s - s + Abs(s)**(3/2) ; 13.2395571000791*i**2
3775,0.8175795334799087,-i + Abs(i)**(3/2) ; B0*r**4,-i + Abs(i)**(3/2) ; 0.0160717382777205*r**4
3776,0.8175711136331463,i**3*s - i ; r**2*sqrt(Abs(i)),i**3*s - i ; r**2*sqrt(Abs(i))
3777,0.8175518648069766,-i + s - sqrt(Abs(i + sqrt(Abs(s)))) ; r,-i + s - sqrt(Abs(i + sqrt(Abs(s)))) ; r
3778,0.8175232969868794,B0*i**2 - i*s ; -i**2*r + i - r,-10.7063693793855*i**2 - i*s ; -i**2*r + i - r
3779,0.8174756833606478,B0*i + 2*i**2 ; B1 - sqrt(Abs(B2*i + i**2 - r)),2*i**2 + 0.0500518007792867*i ; 0.717777751196025 - sqrt(Abs(i**2 + 1.61899406424402*i - r))
3780,0.8174721359849199,i**2 - i*s + Abs(i)**(3/2) ; B0 - i*r - r**2,i**2 - i*s + Abs(i)**(3/2) ; -i*r - r**2 + 0.0201842649207678
3781,0.8174500715914631,sqrt(Abs(i))*Abs(s)**(3/2) ; B0 + i,sqrt(Abs(i))*Abs(s)**(3/2) ; i + 0.0960366153618981
3782,0.817420177481899,B0*i**2 + B1*i**2*s**2 ; r,7.75763314014451*i**2*s**2 - 3.12721105312213*i**2 ; r
3783,0.8172475457340003,B0*i ; sqrt(Abs(r - sqrt(Abs(B1*i + B1*r)))),-6.88739649107191e-5*i ; sqrt(Abs(r - sqrt(Abs(0.0207510239125219*i + 0.0207510239125219*r))))
3784,0.817193001133624,B0*sqrt(Abs(s)) ; i*r + i*sqrt(Abs(B1*r + i**2*r)),0.0334136366664574*sqrt(Abs(s)) ; i*r + i*sqrt(Abs(i**2*r + 0.0356005916075151*r))
3785,0.8171619200398488,B0*Abs(i)**(1/8)*Abs(s)**(1/8) ; B1 - i + r,0.00937871180173628*Abs(i)**(1/8)*Abs(s)**(1/8) ; -i + r - 1.32313115614371
3786,0.8169094790699138,B0*i + Abs(i)**(3/2) ; -r + sqrt(Abs(B1*i + i*r)),0.424393292137301*i + Abs(i)**(3/2) ; -r + sqrt(Abs(i*r - 0.676666167169654*i))
3787,0.8169084415300294,B0*sqrt(Abs(i)) ; 2*i**3,0.0272508313209604*sqrt(Abs(i)) ; 2*i**3
3788,0.8169032891119223,B0 + B2*sqrt(Abs(B1 + i)) ; B3*i*r + i**2*r + i*r**2,0.0511799613750286*sqrt(Abs(i - 0.866291105022915)) - 0.00040411577491357 ; i**2*r + i*r**2 + 0.890707946043324*i*r
3789,0.8168168513782641,i**2*s**2 - i ; i - sqrt(Abs(B0 + r)),i**2*s**2 - i ; i - sqrt(Abs(r + 2.75815960353816))
3790,0.8167554105161624,B0*i**2 + B1*i**3 ; B2*i + r,7.50856999352038e-7*i**3 + 7.56861245499933e-5*i**2 ; 0.303435291363802*i + r
3791,0.816533029428881,B0*s**3 + B1*i*s**4 ; sqrt(Abs(B2 + i)),-0.0110745267407842*i*s**4 - 0.00570289996902395*s**3 ; sqrt(Abs(i + 0.694462105863397))
3792,0.8164379583869229,B0*sqrt(Abs(s**3 + 2*s**2)) ; i,0.0275628729447847*sqrt(Abs(s**3 + 2*s**2)) ; i
3793,0.8163083566070175,B0*Abs(i**2 + i*s)**(1/4) ; i*r,0.0117699416138385*Abs(i**2 + i*s)**(1/4) ; i*r
3794,0.8162927631004346,B0*s - i*s + s**2 ; B1 + i**2 - i*r + i,-i*s + s**2 - 0.941859406317871*s ; i**2 - i*r + i + 0.0755341999471934
3795,0.8162381832320987,B0*s + B1*i*s + B1*s**2 + B1*s*sqrt(Abs(i)) ; r,0.196405422250879*i*s + 0.196405422250879*s**2 + 0.196405422250879*s*sqrt(Abs(i)) - 0.219513892619228*s ; r
3796,0.8161685694919721,B0 + s**2 - 2*s ; r,s**2 - 2*s + 0.999011270118271 ; r
3797,0.815987521361352,B1*sqrt(Abs(B0 + i)) + s*sqrt(Abs(B0 + i)) ; i**2*r,s*sqrt(Abs(i - 0.0674744956965463)) - 0.777615819276638*sqrt(Abs(i - 0.0674744956965463)) ; i**2*r
3798,0.8157557571876685,B0*i*s**2 + B0*i ; B1*sqrt(Abs(i)),0.0380291680564156*i*s**2 + 0.0380291680564156*i ; 0.0106180965498747*sqrt(Abs(i))
3799,0.8157003414238297,B0*i ; sqrt(Abs(B1 + 2*i*sqrt(Abs(r)))),-0.000161796655289397*i ; sqrt(Abs(2*i*sqrt(Abs(r)) + 51884.2099788728))
3800,0.8156369452313118,B0*i ; i + sqrt(Abs(r))*Abs(i + r)**(1/4),-0.00883171294289133*i ; i + sqrt(Abs(r))*Abs(i + r)**(1/4)
3801,0.815630868900785,B0*s - i*s + s**2 ; -r + sqrt(Abs(B1 - r)),-i*s + s**2 - 1.28322635084922*s ; -r + sqrt(Abs(r - 0.088783599966629))
3802,0.8154310348973877,B0*s + B0*sqrt(Abs(i*s - s**2)) ; B1*r**2 + i*r**4,0.0198388732038248*s + 0.0198388732038248*sqrt(Abs(i*s - s**2)) ; i*r**4 + 19.7019302653546*r**2
3803,0.8144123955575395,B0*i**2 + B1*i*s + B2*i**2*s ; B3*sqrt(Abs(i)) + i,4.53002120569699*i**2*s - 0.118185817324289*i**2 - 0.649292565948613*i*s ; i + 0.464223792361379*sqrt(Abs(i))
3804,0.8142964569478798,-s**2 + s*sqrt(Abs(B0 + 2*s)) ; B1*sqrt(Abs(i)) - i,-s**2 + s*sqrt(Abs(2*s - 0.951796963002311)) ; -i + 3.53522534828748*sqrt(Abs(i))
3805,0.8141037527854461,s*sqrt(Abs(B0 + 2*s)) ; -r + Abs(B1 + B2*sqrt(Abs(r)))**(1/4),s*sqrt(Abs(2*s - 7.7323551913114)) ; -r + (0.0702085433089438*sqrt(Abs(r)) + 99.4803501528919)**(1/4)
3806,0.8140859051767584,B0*i + 2*i**2 + i*s ; i,2*i**2 + i*s + 0.189788244748222*i ; i
3807,0.814019094231135,B0*s + s*Abs(i)**(5/4) ; r,s*Abs(i)**(5/4) + 2.06511102794343*s ; r
3808,0.8136037500168608,-i + s*sqrt(Abs(B0 + s)) ; B1*r**2 + i*r**2 + i*r,-i + s*sqrt(Abs(s - 3.54465091596997)) ; i*r**2 + i*r + 13.8717562735482*r**2
3809,0.81344896210508,B0*i*s ; Abs(i + sqrt(Abs(B1 + 2*i)))**(1/4),-8.62726821352589e-5*i*s ; Abs(i + sqrt(Abs(2*i + 12.9559322262274)))**(1/4)
3810,0.813417043993679,B0 + B1*s + B1*sqrt(Abs(B2 + s)) ; B3*i + B4*i**2 + 2*i*r,0.0234963094365874*s + 0.0234963094365874*sqrt(Abs(s + 0.0795296904925774)) + 0.00177315370954247 ; 0.00544674745636415*i**2 + 2*i*r + 0.000150271437411522*i
3811,0.813375357142513,B0*s + i**2*s**2 + i*s ; i,i**2*s**2 + i*s + 0.00761975436489773*s ; i
3812,0.8132103645769031,B0*i**2 + B0*i*s ; r,0.0261883295279658*i**2 + 0.0261883295279658*i*s ; r
3813,0.8132103636116329,B0*i**2 + B0*i*s ; B1*i*r,0.0261675760398259*i**2 + 0.0261675760398259*i*s ; 0.116411000161351*i*r
3814,0.8132101657555909,B0*i**2 + B0*i*s ; sqrt(Abs(r)),0.0262999609951466*i**2 + 0.0262999609951466*i*s ; sqrt(Abs(r))
3815,0.8129698936685614,B0 - 2*i**2 + i ; B1*sqrt(Abs(i)),-2*i**2 + i - 0.0126115674962911 ; 0.013366784965519*sqrt(Abs(i))
3816,0.8128585879409873,B0 + B1*i ; B2 + sqrt(Abs(B3*r + 2*r**2)),0.000121793275335346*i + 0.0214078586257483 ; sqrt(Abs(2*r**2 + 0.000119345808884062*r)) + 7.1090523391323e-12
3817,0.8128114825101994,-i + sqrt(Abs(B0 + i)) ; r,-i + sqrt(Abs(i - 0.171163330774267)) ; r
3818,0.8127011684021598,B0*i + i**2 - i*s ; i,i**2 - i*s + 1.73063416918026*i ; i
3819,0.812536076782119,B0*i + i*sqrt(Abs(s)) - s ; B1*i*r**2,i*sqrt(Abs(s)) - 5.24967533404679*i - s ; 6.21738368109663*i*r**2
3820,0.8124968303576966,B0*Abs(i)**(5/4)*Abs(s)**(1/4) ; r,0.0465319167815002*Abs(i)**(5/4)*Abs(s)**(1/4) ; r
3821,0.812443586110681,B0 + s**2 - s*sqrt(Abs(i)) ; B1*i**2,s**2 - s*sqrt(Abs(i)) - 0.443868193397262 ; 0.212827084438297*i**2
3822,0.812117599074053,B0*Abs(i)**(3/2) ; B1*i*r**3 + i,5.63876438787011*Abs(i)**(3/2) ; 1.52127736453156*i*r**3 + i
3823,0.8120110777741929,i**2 ; B0*i - Abs(i)**(3/2)*sqrt(Abs(r)),i**2 ; 0.0542114185204817*i - Abs(i)**(3/2)*sqrt(Abs(r))
3824,0.8120060633097225,B0*i*s + s*sqrt(Abs(i)) ; B1*sqrt(Abs(r)) - r,-5.48181270467827*i*s + s*sqrt(Abs(i)) ; -r + 0.00048407336968036*sqrt(Abs(r))
3825,0.8120060632443857,B0*i*s + s*sqrt(Abs(i)) ; r,-5.48189064462507*i*s + s*sqrt(Abs(i)) ; r
3826,0.8120006720959501,B0*Abs(i)**(3/2) ; sqrt(Abs(B1*r + r*Abs(i)**(1/4))),0.0822998632857613*Abs(i)**(3/2) ; sqrt(Abs(r*Abs(i)**(1/4) + 2.85476974356116*r))
3827,0.8119594582070435,B0 + s + sqrt(Abs(B1 + i - s)) ; B2 - i,s + sqrt(Abs(-i + s + 8268.46391134017)) - 92.4166792543973 ; 210.953612689416 - i
3828,0.8118821858185727,B0*i**2 + B0*Abs(i)**(3/2) ; r + sqrt(Abs(r)),0.0635246749971305*i**2 + 0.0635246749971305*Abs(i)**(3/2) ; r + sqrt(Abs(r))
3829,0.811751345961298,B0*i*s + B0*Abs(i)**(3/2) ; B1*i + i**2 + r,0.000165521272981437*i*s + 0.000165521272981437*Abs(i)**(3/2) ; i**2 + 4.94466073091168*i + r
3830,0.8116925838952449,B0*i*s**4 ; i,1.36025265167585*i*s**4 ; i
3831,0.8115496879514269,B0*i**2*s ; sqrt(Abs(r))*Abs(i - r)**(1/8),0.327298502952887*i**2*s ; sqrt(Abs(r))*Abs(i - r)**(1/8)
3832,0.8114885560075195,B0 + B1*s - i*s - i ; i*r*sqrt(Abs(i - r)),-i*s - i + 0.988758778756694*s - 0.599659569695307 ; i*r*sqrt(Abs(i - r))
3833,0.8114885529471042,B0 + B1*s - i + s**2 ; sqrt(Abs(r)),-i + s**2 - 0.0115162045861713*s - 0.599749539462397 ; sqrt(Abs(r))
3834,0.811471190663,B0 + s**2 + s ; B1*i*r + i*r**2,s**2 + s - 1.5996741800327 ; i*r**2 + 0.000199764307605834*i*r
3835,0.8114272446582124,B0*s + s**2 ; Abs(i - r*sqrt(Abs(i)))**(1/8),s**2 - 0.952695538711124*s ; Abs(i - r*sqrt(Abs(i)))**(1/8)
3836,0.8114263148788294,B0*Abs(i)**(3/2) + B1*i**2 ; i,0.337528631808305*i**2 + 5.56471622375186*Abs(i)**(3/2) ; i
3837,0.811398321383659,B0 + s ; sqrt(Abs(B1 + B2*r**2 - i)),s - 0.953890423056687 ; sqrt(Abs(-i + 0.0229692859799525*r**2 + 5.91234630223168))
3838,0.8113919181934012,B0*s + s*sqrt(Abs(i - s)) ; B1*r,s*sqrt(Abs(i - s)) - 0.953039349772786*s ; 5.05833331018999*r
3839,0.8113870606081934,B0*i**3*s + i**4*s ; B1 - r + sqrt(2)*sqrt(Abs(r)),i**4*s + 0.0877790065653005*i**3*s ; -r + sqrt(2)*sqrt(Abs(r)) - 0.354994199738948
3840,0.8113657254761892,s*sqrt(Abs(B0 + 2*i + s)) ; B1 - i + Abs(i)**(3/2),s*sqrt(Abs(2*i + s + 4.97477684167512)) ; -i + Abs(i)**(3/2) - 0.86932187118438
3841,0.8113603854367484,B0*i ; i + Abs(i*r + r**2)**(1/4),-0.00988969113777738*i ; i + Abs(i*r + r**2)**(1/4)
3842,0.8112370823302938,B0*i + B1*i**2 ; i + r**2 + r*sqrt(Abs(i)),-0.879667496335289*i**2 - 0.131933237921201*i ; i + r**2 + r*sqrt(Abs(i))
3843,0.8111900708386278,B1*sqrt(Abs(B0 + i)) + i*sqrt(Abs(B0 + i)) ; B2*i + B3*i*r,i*sqrt(Abs(i + 0.427081691945553)) + 0.00409035188517022*sqrt(Abs(i + 0.427081691945553)) ; 9.02450748069631*i*r + 0.53394023634695*i
3844,0.8110124668403677,i*sqrt(Abs(i**2*s - i)) ; i,i*sqrt(Abs(i**2*s - i)) ; i
3845,0.810910166237881,B0*i + B0*s + B1*sqrt(Abs(i))*sqrt(Abs(s)) ; r,0.046049875529033*i + 0.046049875529033*s - 0.0824674346471665*sqrt(Abs(i))*sqrt(Abs(s)) ; r
3846,0.8108600804917392,B0*i**2 ; i**2 + i*Abs(r)**(3/2) + i,32.8881334125601*i**2 ; i**2 + i*Abs(r)**(3/2) + i
3847,0.8108309873295879,-i**2 + i*sqrt(Abs(s)) - i ; B0*i**2,-i**2 + i*sqrt(Abs(s)) - i ; 53.3075447397341*i**2
3848,0.8106414026113105,B0 + i**2 ; B1 + B2*i + 2*i**2,i**2 + 0.0118973294566709 ; 2*i**2 + 0.0703930218393954*i + 0.0113836736240061
3849,0.8105866853498669,B0 + B1*i + B2*s ; B3*r**2 + i*r**2 + r**3,-5095.40860326502*i - 5095.36534480521*s + 5095.41487563097 ; i*r**2 + r**3 + 0.579170764883777*r**2
3850,0.8105866843857836,B0*i + B1*Abs(i + s)**(1/4) ; B2*sqrt(Abs(r)) + i*sqrt(Abs(r)) - 2*Abs(r)**(3/2),-2.72183272219116*i + 3.11668900780456*Abs(i + s)**(1/4) ; i*sqrt(Abs(r)) - 2*Abs(r)**(3/2) + 8.79642858256629*sqrt(Abs(r))
3851,0.8105865137146825,B0 + B1*s ; i*r**2 + r**3 + r**2 - r,0.0431375729531138*s + 0.00631806198855466 ; i*r**2 + r**3 + r**2 - r
3852,0.8104742024469058,B0*Abs(i)**(1/8)*Abs(s)**(1/8) ; r,0.0171138044380278*Abs(i)**(1/8)*Abs(s)**(1/8) ; r
3853,0.8104652941863303,B0 - i*s + s*sqrt(Abs(i)) ; B1*r + B2*r**2 + B3*i*r,-i*s + s*sqrt(Abs(i)) - 0.157183092320424 ; 0.015161579671249*i*r + 0.0129336503813785*r**2 + 0.0265266853410376*r
3854,0.8104500471812018,B0*i**2*s + i**2 ; i,32.7958505781657*i**2*s + i**2 ; i
3855,0.8104448233818573,B0 + B1*i + Abs(i)**(3/2) ; B2*i**2 + B3*i**3,0.482902900518327*i + Abs(i)**(3/2) - 0.000774380724773156 ; 14.2891376635549*i**3 + 28.5945511117059*i**2
3856,0.810420452458462,B0 + B1*sqrt(Abs(i)) + B2*i ; B3*i**2 + B4*i**3,0.000526313637818886*i - 2.42529910082331e-5*sqrt(Abs(i)) + 0.0120588782757205 ; 74.644618458295*i**3 + 102.652897949998*i**2
3857,0.8104183057325749,B0 + B1*i ; i**2 - i*r + 3*r,2.10360619576708e-5*i + 0.0140004118834992 ; i**2 - i*r + 3*r
3858,0.810401232120366,B0 + B1*i ; B2 + B3*i + B4*i*r + r,0.0120286864021075 - 0.000481380322461295*i ; 0.154509298854874*i*r + 31.4899078782735*i + r + 66.2202296139181
3859,0.8104010858992836,B0*i ; B1 - i*r**2 + i*r - i,0.000120285720168454*i ; -i*r**2 + i*r - i - 166.901653392552
3860,0.8104010765764297,B0*i ; B1 + 2*i**2*r,-0.000120285696554842*i ; 2*i**2*r + 167.045830534946
3861,0.8104010765191916,B0*i ; B1 + B2*r + i*r + r**2,-0.000120285193155253*i ; i*r + r**2 + 0.865880797071493*r + 167.303757871134
3862,0.8104010752222511,B0*i ; r + sqrt(Abs(B2 + sqrt(Abs(B1*r + r**2)))),-0.000120285696393061*i ; r + sqrt(sqrt(Abs(r**2 - 26963.9122004957*r)) + 27488.3645415931)
3863,0.810386774191689,B0*i + B0*s ; B1*i*r + B2*i*r**2,0.0119934505340433*i + 0.0119934505340433*s ; 0.0164853617627989*i*r**2 + 12.6747757883071*i*r
3864,0.8103056160624864,B0*Abs(i)**(3/2) ; B1*i - i**2 + i*r + r,1.20478041732792e-5*Abs(i)**(3/2) ; -i**2 + i*r + 71.2111207183642*i + r
3865,0.8102350971647256,i*sqrt(Abs(B0*i + i**2)) ; 2*i + r,i*sqrt(Abs(i**2 + 0.0154885634157096*i)) ; 2*i + r
3866,0.8102246888175572,B0*i**2 ; r + sqrt(Abs(B1*i*sqrt(Abs(r)) + i**2)),1.20355673106526e-6*i**2 ; r + sqrt(Abs(i**2 + 1457.56613385359*i*sqrt(Abs(r))))
3867,0.8102055556641915,B0*i ; B1*i + B1*r*sqrt(Abs(i)) + B2*r,0.000120508231932065*i ; -0.0314133330737995*i - 0.0314133330737995*r*sqrt(Abs(i)) + 52.0525687008336*r
3868,0.8101755936663532,B0*i**2 + i**3 ; i,i**3 + 31.6062264348933*i**2 ; i
3869,0.8100828019567787,B0*i**2 + i**2*s ; i,i**2*s + 30.7011132696947*i**2 ; i
3870,0.8099690188133704,B0*s ; B1*r**2 + 2*i*r**2,0.04771488208987*s ; 2*i*r**2 + 6.66062231375019*r**2
3871,0.8098264109615243,B0*i**2 + B0*s + B1*i*sqrt(Abs(s)) ; B2*i*r + i**2*r,0.0366864986732087*i**2 - 0.0620476126358722*i*sqrt(Abs(s)) + 0.0366864986732087*s ; i**2*r + 0.0293508812803995*i*r
3872,0.8095793142913253,B0*i*s + B1*i*s**2 + B2*i**2*s ; r,0.32726574886869*i**2*s + 0.479041125406837*i*s**2 - 0.136193032126638*i*s ; r
3873,0.8095451794226535,B0*s + B1*s**2 + B2*i*s - i*s**2 ; i,-i*s**2 + 1.46566295532873*i*s - 0.142000867962153*s**2 + 0.144005088087996*s ; i
3874,0.809500685878044,B0*s + B1*s**2 + B2*i*s + i*s**2 ; B3*i,i*s**2 - 0.0136352748414453*i*s - 0.247737329635477*s**2 + 0.246605875027778*s ; 3.10736342866213*i
3875,0.8095002378232093,B0*sqrt(Abs(i)) ; i*r**2 + r**3,0.0125728110892072*sqrt(Abs(i)) ; i*r**2 + r**3
3876,0.809411384399084,B1*sqrt(Abs(B0 + s)) ; 2*i**2*r - i*r**2,0.0345411574918466*sqrt(Abs(s + 0.104090105613431)) ; 2*i**2*r - i*r**2
3877,0.809406887778289,B1*sqrt(Abs(B0 + s)) ; B2*r**2 + i*r**2 - r**3,0.0343593348745789*sqrt(Abs(s + 0.0950594852140888)) ; i*r**2 - r**3 + 0.0183499696544588*r**2
3878,0.8093976747323005,B0*i + i**2 ; i*sqrt(Abs(B1*i*r - r)),i**2 - 0.951640903754791*i ; i*sqrt(Abs(0.261444618639456*i*r - r))
3879,0.8093910865176482,B0*s + s*Abs(i)**(1/4) ; B1*r,s*Abs(i)**(1/4) - 0.457246865235431*s ; 0.0370169525620849*r
3880,0.8093623949600903,B1*sqrt(Abs(B0 - i)) ; 2*i*r**2 - r**3,0.034693399055536*sqrt(Abs(i - 1.10192108010413)) ; 2*i*r**2 - r**3
3881,0.8093407003252071,B1*sqrt(Abs(B0 - i)) ; B2*r**2 + i*r**2 - r**3,0.0345559253155755*sqrt(Abs(i - 1.06546734799782)) ; i*r**2 - r**3 + 15.2150621480942*r**2
3882,0.8093203490562237,B0*s + s*sqrt(Abs(B1 + i + s)) ; B2*i + B3*i**2 + B4*i*r,s*sqrt(Abs(i + s + 20.7074766227373)) - 4.60059257037781*s ; -2.09499673340763*i**2 - 9.36787524919541*i*r + 4.94974795103202*i
3883,0.809274888439836,B1*sqrt(Abs(B0 - i)) ; 2*i**2*r - i*r**2,0.0352892147558838*sqrt(Abs(i - 1.07685585819875)) ; 2*i**2*r - i*r**2
3884,0.8091608528722948,B0*i**2 + B1*i**2*s ; i + r + Abs(i)**(3/2),0.000241544586588762*i**2*s - 0.000194380762311253*i**2 ; i + r + Abs(i)**(3/2)
3885,0.809157280991958,B1*sqrt(Abs(B0 - 2*s)) ; B2*i*r + i**2*r - i*r**2,0.0251363242717441*sqrt(Abs(2*s + 0.168119474209781)) ; i**2*r - i*r**2 + 16.9881777867457*i*r
3886,0.8091276574397986,B0*i*s ; B1 + 2*i*r**2 - r**3 - r,0.257838807996004*i*s ; 2*i*r**2 - r**3 - r - 0.0264167742606234
3887,0.8090245778984031,B0*sqrt(Abs(s)) ; B1*i*r - i**2*r + i*r**2,0.0339964499717824*sqrt(Abs(s)) ; -i**2*r + i*r**2 + 0.16167173429421*i*r
3888,0.8090162826322537,B0*sqrt(Abs(s)) ; B1*r**2 + i*r**2 - r**3,0.0339797419274736*sqrt(Abs(s)) ; i*r**2 - r**3 + 0.0591068742201843*r**2
3889,0.8090159285591708,B0*sqrt(Abs(s)) ; B1*i**2 + i**3 - i**2*r,0.033403229599634*sqrt(Abs(s)) ; i**3 - i**2*r + 0.0197101007032183*i**2
3890,0.8089161154973656,i*s - i - Abs(i)**(5/4) ; B0*r**2,i*s - i - Abs(i)**(5/4) ; 0.0062739606117625*r**2
3891,0.8087996872849663,B0*i + B1*i**2*s ; B2*i*r + i**2*r - i*r**2,-1.43986693334698*i**2*s + 0.363011255338345*i ; i**2*r - i*r**2 + 0.0012037265204965*i*r
3892,0.8087894209199599,B1*sqrt(Abs(B0 - 2*s)) ; B2*r**2 + i*r**2 - r**3,0.0252317736848763*sqrt(Abs(2*s + 0.054074235694376)) ; i*r**2 - r**3 + 0.00239903980036045*r**2
3893,0.8082820711598405,-i*sqrt(Abs(B0 + i)) + s*sqrt(Abs(B0 + i)) ; r*sqrt(Abs(B1 - sqrt(Abs(r)))),-i*sqrt(Abs(i + 1.31323695273736)) + s*sqrt(Abs(i + 1.31323695273736)) ; r*sqrt(Abs(sqrt(Abs(r)) - 3.04553114300106))
3894,0.8082820269746902,-i*sqrt(Abs(B0 + i)) + s*sqrt(Abs(B0 + i)) ; 2*r*Abs(i)**(3/2),-i*sqrt(Abs(i + 1.3131279812736)) + s*sqrt(Abs(i + 1.3131279812736)) ; 2*r*Abs(i)**(3/2)
3895,0.8082820215820343,-i*sqrt(Abs(B0 + i)) + s*sqrt(Abs(B0 + i)) ; Abs(r)**(5/4),-i*sqrt(Abs(i + 1.31335660118754)) + s*sqrt(Abs(i + 1.31335660118754)) ; Abs(r)**(5/4)
3896,0.8082819917275379,-i*sqrt(Abs(B0 + i)) + s*sqrt(Abs(B0 + i)) ; r**2,-i*sqrt(Abs(i + 1.31309018900489)) + s*sqrt(Abs(i + 1.31309018900489)) ; r**2
3897,0.8082819807611958,-i*sqrt(Abs(B0 + i)) + s*sqrt(Abs(B0 + i)) ; i*r,-i*sqrt(Abs(i + 1.31339782349726)) + s*sqrt(Abs(i + 1.31339782349726)) ; i*r
3898,0.8081452728148812,B0*Abs(i)**(1/4) ; r + sqrt(Abs(B1*Abs(r)**(3/2) - r**2)),0.0117686544734731*Abs(i)**(1/4) ; r + sqrt(Abs(r**2 - 0.000284654724777716*Abs(r)**(3/2)))
3899,0.8077501694764998,B0*sqrt(Abs(s)) - i ; B1*r*sqrt(Abs(i)) + B1*Abs(i)**(3/2),-i + 0.0689043342161344*sqrt(Abs(s)) ; 0.0913516629394154*r*sqrt(Abs(i)) + 0.0913516629394154*Abs(i)**(3/2)
3900,0.8076583996327054,B0*i ; -2*i**2 + i + r,-0.0167586142908401*i ; -2*i**2 + i + r
3901,0.8069664612600608,B0*i**2 + B1*i*s ; i + r,-0.0128951568798987*i**2 - 0.0141999773290421*i*s ; i + r
3902,0.8068256561873512,B0*i**3*s**2 ; i,1104.8401079298*i**3*s**2 ; i
3903,0.8067244280686312,B0*s + sqrt(Abs(i))*Abs(s)**(3/2) ; r,-0.180766870466613*s + sqrt(Abs(i))*Abs(s)**(3/2) ; r
3904,0.8067236266334026,B0*s + sqrt(Abs(i))*Abs(s)**(3/2) ; B1*r,-0.189958258530404*s + sqrt(Abs(i))*Abs(s)**(3/2) ; 0.00139892160779015*r
3905,0.8064553746759588,B0*s - i*s + s**2 ; i,-i*s + s**2 - 0.887743932819623*s ; i
3906,0.8064141559599387,B0*i*s + i**2*s ; B1*r,i**2*s + 0.183418046602101*i*s ; 31.3861301078514*r
3907,0.8064128702838387,B0*i*s + i**2*s ; B1*r + B2*i*r,i**2*s + 0.183914945767742*i*s ; 68.476022663296*i*r + 0.519366227840268*r
3908,0.806411044042334,B0*i*s + i**2*s ; sqrt(Abs(r)),i**2*s + 0.18285795766935*i*s ; sqrt(Abs(r))
3909,0.8060012656761099,B0*i + B1*i**2 + B1*s + B2*i*s ; B3 + B4*i + B4*Abs(i - r)**(1/4),2.50104341772951e-6*i**2 - 0.00303101489013663*i*s + 0.00128392354399448*i + 2.50104341772951e-6*s ; 10.7739920028572*i + 10.7739920028572*Abs(i - r)**(1/4) + 48.5393981346089
3910,0.8059858529824598,i**2 + i*s + Abs(i)**(5/2) ; i,i**2 + i*s + Abs(i)**(5/2) ; i
3911,0.8054851230796701,-2*i**2 + 2*i*s ; B0 + 2*i,-2*i**2 + 2*i*s ; 2*i - 0.010268744753293
3912,0.8053980524936863,B1*sqrt(Abs(B0 + i)) + s*sqrt(Abs(B0 + i)) ; B2*i + B3*r - r*sqrt(Abs(i)) + Abs(i)**(3/2),s*sqrt(Abs(i - 0.0134044741100983)) - 0.589856094092439*sqrt(Abs(i - 0.0134044741100983)) ; 1.18610274368685*i - r*sqrt(Abs(i)) + 0.233913408724232*r + Abs(i)**(3/2)
3913,0.8053242486124969,B0*i*s ; sqrt(Abs(r - sqrt(Abs(B1*i + i*r)))),-0.000269116351004509*i*s ; sqrt(Abs(r - sqrt(Abs(i*r - 0.450728358583764*i))))
3914,0.8052306797111629,B0*i**2 ; B1*i + B2*i**2*r + r,0.0132701523606986*i**2 ; -1.10949058075084*i**2*r + 0.105959589646845*i + r
3915,0.8051147504660008,B0*s**2 + Abs(s)**(5/2) ; i + r,-0.950884182496705*s**2 + Abs(s)**(5/2) ; i + r
3916,0.8050849096484998,B0 + B1*i + B1*s ; r + sqrt(Abs(B2*i**2 - i**2*r)),0.000109527073976022*i + 0.000109527073976022*s + 0.0216691420848848 ; r + sqrt(Abs(i**2*r + 6.48147424632852e-12*i**2))
3917,0.8050782619469335,B0*i ; B1*r - i*r + r**2,0.0261790694207784*i ; -i*r + r**2 + 0.0023710346020166*r
3918,0.8050782618737437,B0*i ; B1*i*r + i*Abs(r)**(3/2),0.0261772587672748*i ; 0.0286296861802044*i*r + i*Abs(r)**(3/2)
3919,0.8050782611782047,B0*i ; B1*i*r - i**2*r,0.0261720997874409*i ; -i**2*r + 14.1229010089849*i*r
3920,0.805078260650328,B0*i ; B1*r - 2*r**2,0.0261894501574977*i ; -2*r**2 + 27.1655836544052*r
3921,0.8050780560604276,B0*i ; i*r**2 + i*Abs(r)**(3/2),0.0263023698600576*i ; i*r**2 + i*Abs(r)**(3/2)
3922,0.8050777567193355,B0*i - i**2 - i*s ; r,-i**2 - i*s + 1.02637141663467*i ; r
3923,0.8050735585021743,B0*i*sqrt(Abs(B1 + i)) + B0*i ; r,0.00449581621333402*i*sqrt(Abs(i + 23.3531809890593)) + 0.00449581621333402*i ; r
3924,0.8049366965718152,B2*sqrt(Abs(B0 + B1*i**2)) ; B3*i*r + i**2*r - i*r**2,0.0306536932977147*sqrt(Abs(0.684686508715494*i**2 - 0.806917207138493)) ; i**2*r - i*r**2 + 1.05780183307797*i*r
3925,0.8049203074638519,B1*sqrt(Abs(B0 - i**2)) ; 2*i*r**2 - r**3,0.0257544938447392*sqrt(Abs(i**2 - 1.19607379642113)) ; 2*i*r**2 - r**3
3926,0.8048924680368967,B0 + B1*i + B2*i*s ; B3 - i,-0.0264091413366621*i*s + 0.0243144045660281*i - 0.00306806089806056 ; 4.86232199664161 - i
3927,0.8048750910740384,B0*i*s**2 + i**2*s ; i,i**2*s + 1.26296362218064*i*s**2 ; i
3928,0.8048492071552976,B0*i + i**4 ; r*sqrt(Abs(i)),i**4 + 0.0229623139252883*i ; r*sqrt(Abs(i))
3929,0.8047976396054038,B0*s - i*s - i ; -r*sqrt(Abs(i)) + 2*Abs(i)**(3/2),-i*s - i + 0.115287625567327*s ; -r*sqrt(Abs(i)) + 2*Abs(i)**(3/2)
3930,0.8047193104717926,B0*sqrt(Abs(s)) + s ; sqrt(Abs(B1 + B2*r*sqrt(Abs(i - r)))),s - 0.957403367273712*sqrt(Abs(s)) ; sqrt(Abs(20.1804482232825*r*sqrt(Abs(i - r)) + 0.283878292432161))
3931,0.804652654108754,B0*Abs(s)**(3/2) ; B1 + B2*i*r + B3*i*r**2 + i,0.0458801534472023*Abs(s)**(3/2) ; 28.1712878621066*i*r**2 + 0.00147032299215872*i*r + i + 14.4528239083635
3932,0.8045745742296594,B0*i**2 - i**2*s + Abs(i)**(3/2) ; B1*i*sqrt(Abs(r)) - r,-i**2*s - 0.910655016749729*i**2 + Abs(i)**(3/2) ; 1.9030634007767*i*sqrt(Abs(r)) - r
3933,0.8045744004044906,B0*i*s ; B1 + B2*r + i**2*r - i*r**2 - i,0.000617560853678962*i*s ; i**2*r - i*r**2 - i - 3.12944026601906*r - 1.06703992077247
3934,0.8042780912791999,B0*i ; B1*i - i**2 + r + Abs(i)**(3/2),-0.00380889871797744*i ; -i**2 + 0.0823470984227249*i + r + Abs(i)**(3/2)
3935,0.8042618598690222,B0*i**2*s ; sqrt(Abs(B1*i**2 + B1*i*r)),0.856176540864319*i**2*s ; sqrt(Abs(0.0003720506690137*i**2 + 0.0003720506690137*i*r))
3936,0.8042073505402401,B0*sqrt(Abs(i)) + B1*i ; -i + sqrt(Abs(B2*i + 2*i**2)),0.00220533466724624*i + 0.0231363709907314*sqrt(Abs(i)) ; -i + sqrt(Abs(2*i**2 + 0.0452579282578896*i))
3937,0.8039319011849743,i**3*s ; B0 + B1*r + B2*i*r,i**3*s ; 0.170591401941207*i*r - 0.90178931374696*r - 0.0405507556240436
3938,0.8038805192231119,B0*Abs(i)**(3/2) ; sqrt(Abs(r - sqrt(Abs(i*r - r**2)))),0.081970278084832*Abs(i)**(3/2) ; sqrt(Abs(r - sqrt(Abs(i*r - r**2))))
3939,0.803752855238738,B0*s + i*s ; B1*i - r + Abs(r)**(1/4),i*s + 2.16684260008186*s ; -0.670534186840955*i - r + Abs(r)**(1/4)
3940,0.8037342499091105,B0*i**2*s + i**2 ; B1*i + B2*i*r + r,0.710472834359023*i**2*s + i**2 ; 2.17505605285778*i*r + 3.3064977756189*i + r
3941,0.8035520474639719,B0*s*sqrt(Abs(i)) - i + s**2 ; Abs(r)**(3/2),-i + s**2 - 1.64399391358434*s*sqrt(Abs(i)) ; Abs(r)**(3/2)
3942,0.8035474696717098,B0 + B1*sqrt(Abs(i)) + B2*i ; -i + sqrt(Abs(B3*r + i*r - r**2)),0.000900677761569479*i + 0.00892989494723419*sqrt(Abs(i)) + 0.0121820071243122 ; -i + sqrt(Abs(i*r - r**2 + 0.228094919908657*r))
3943,0.8035070181140748,B0*i**2 + i**2*s ; r,i**2*s - 0.622465303722279*i**2 ; r
3944,0.8033451800887739,B0*s**2 + s**3 ; r,s**3 - 0.951336766369078*s**2 ; r
3945,0.8033451800842111,B0*s**2 + s**3 ; i,s**3 - 0.951341538315913*s**2 ; i
3946,0.8033285875365328,B0*Abs(s)**(3/2) + Abs(s)**(5/2) ; B1*i + B2*i**2,Abs(s)**(5/2) - 0.952041815214602*Abs(s)**(3/2) ; 0.00276415831543156*i**2 + 0.000573360085232545*i
3947,0.8033205947541331,B0*i**2 + i**3 ; B1*Abs(i)**(3/2)*sqrt(Abs(r)),i**3 + 0.240034265357168*i**2 ; 0.000494211137563212*Abs(i)**(3/2)*sqrt(Abs(r))
3948,0.803312963211542,B0*s + s**2 ; B1*r + r**2 - Abs(r)**(3/2),s**2 - 0.952795190097074*s ; r**2 + 2.11348188430015*r - Abs(r)**(3/2)
3949,0.803300744640197,B0*s + i*s + s**2 ; B1 - i*r + i,i*s + s**2 - 1.01025260998776*s ; -i*r + i - 0.0582408816170131
3950,0.8032695610493928,B0*s + i*s + s**2 ; B1 + 2*i,i*s + s**2 - 1.01573759888973*s ; 2*i - 0.122977768657041
3951,0.8031649015881444,B0*s - i*s + s**2 ; B1*r,-i*s + s**2 - 0.916836549816058*s ; 21.2807730808373*r
3952,0.8031649015597407,B0*s + 2*s**2 ; B1*Abs(i + r)**(1/4),2*s**2 - 1.91684161548121*s ; 9.24419101373896*Abs(i + r)**(1/4)
3953,0.803164901514093,B0*s - i*s + s**2 ; r,-i*s + s**2 - 0.916811579723232*s ; r
3954,0.8031640426267717,B0*s + 2*s**2 ; B1*r,2*s**2 - 1.91509541120983*s ; 5.45581985470067*r
3955,0.8031346425446453,B0 + B1*s - s*Abs(i)**(1/4) ; r,-s*Abs(i)**(1/4) + 0.910670250137822*s - 0.413267743289809 ; r
3956,0.8031031227819517,B0 - s + sqrt(Abs(B1 + 2*i)) ; sqrt(Abs(r)),-s + sqrt(Abs(2*i - 0.0182779306984397)) + 0.722105792359677 ; sqrt(Abs(r))
3957,0.8030674125836411,B0*s**2 + s*sqrt(Abs(i)) ; B1*sqrt(Abs(i))*Abs(r)**(1/4) - r,-0.184147440962486*s**2 + s*sqrt(Abs(i)) ; -r + 0.00794004393728281*sqrt(Abs(i))*Abs(r)**(1/4)
3958,0.803022645099526,B0*s - s*sqrt(Abs(i)) ; -2*i*r + 2*r,-s*sqrt(Abs(i)) + 0.18437607780189*s ; -2*i*r + 2*r
3959,0.8028910467137821,2*i**3 ; B0 - sqrt(Abs(r)),2*i**3 ; -sqrt(Abs(r))
3960,0.8028732812276065,B0*i**2*s + B0*i**2 ; i,16.3448396254365*i**2*s + 16.3448396254365*i**2 ; i
3961,0.8028092150901767,i**2 ; -i*r**2 + i + r**2,i**2 ; -i*r**2 + i + r**2
3962,0.8028073947573169,B0*s + i*s + s**2 ; B1*Abs(i)**(3/4) + i,i*s + s**2 - 0.971514963194042*s ; i + 0.233582614627618*Abs(i)**(3/4)
3963,0.802797753219528,i**4*s**2 ; i*r,i**4*s**2 ; i*r
3964,0.8027137650696284,i**2*s - s*Abs(i)**(3/2) ; i,i**2*s - s*Abs(i)**(3/2) ; i
3965,0.8024969823438155,B0*i - i**2 + Abs(i)**(3/2) ; i - r,-i**2 - 0.100052706089805*i + Abs(i)**(3/2) ; i - r
3966,0.8022970973795286,B0*i ; B1 + sqrt(Abs(B2*i**2 + i**2*r)),-0.000120285751273508*i ; sqrt(Abs(i**2*r - 561.514818382088*i**2)) + 166.5150550779
3967,0.8022828988122754,B1*sqrt(Abs(B0 + 2*i + s)) ; B2*r + B3*i*r + B3*r**2,1.21678067782631e-5*sqrt(Abs(2*i + s + 971580.006819182)) ; 0.0525847900292617*i*r + 0.0525847900292617*r**2 + 0.180306435983358*r
3968,0.8021789100944513,B0*s + i*s + s**2 ; B1*r*sqrt(Abs(i)) + i,i*s + s**2 - 0.980398967452243*s ; i + 1.00416868952593*r*sqrt(Abs(i))
3969,0.8021760228051329,B0*i + B1*i**2 + B2*i*s - i**2*s ; B3 - r,-i**2*s + 0.785093832875145*i**2 - 0.180863625758391*i*s + 0.0459017125698937*i ; 0.813737104222695 - r
3970,0.8021462244880386,B0*i*s + B0*i + B1*i**2 ; B2 - r + sqrt(Abs(i)),0.00268742232283651*i**2 - 0.00360713649378445*i*s - 0.00360713649378445*i ; -r + sqrt(Abs(i)) + 0.000907171347317219
3971,0.8020948806300342,B0*s + i*s + s**2 ; i,i*s + s**2 - 0.980822502163045*s ; i
3972,0.8015524546599888,i*s**2 ; B0*r,i*s**2 ; 53.6550156363699*r
3973,0.8015524546599888,i*s**2 ; r,i*s**2 ; r
3974,0.8015069685774328,B0*s + i*s + Abs(s)**(3/2) ; i,i*s - 0.991315114451872*s + Abs(s)**(3/2) ; i
3975,0.801462214811019,B0*i + i*s**2 + i*s ; r,i*s**2 + i*s - 1.52245386857656*i ; r
3976,0.8014376520987551,B0*i - i**2 ; i**2*r + 2*i*r**2,-i**2 + 0.376387510501638*i ; i**2*r + 2*i*r**2
3977,0.8014052362148673,B0*sqrt(Abs(i)) ; sqrt(Abs(B1*r + i*r + r**2)),0.012575990198928*sqrt(Abs(i)) ; sqrt(Abs(i*r + r**2 + 0.00441158796371006*r))
3978,0.8013143193342672,s*sqrt(Abs(B0 + i)) ; B1 - Abs(B2 + sqrt(Abs(r)))**(1/4),s*sqrt(Abs(i - 0.0614375286209312)) ; 1.14245202853453 - (sqrt(Abs(r)) + 0.785073817041998)**(1/4)
3979,0.8013060504200085,i**2*s - i*s**2 ; -i*r - r,i**2*s - i*s**2 ; -i*r - r
3980,0.8013050835101899,B0*i + i**2 - i*s ; r,i**2 - i*s + 0.0364999214769399*i ; r
3981,0.8013021920039182,B0*i - i**2 - i*s ; sqrt(Abs(r)),-i**2 - i*s + 0.0702202934492599*i ; sqrt(Abs(r))
3982,0.8011835241976046,B0*sqrt(Abs(i)) + B1*sqrt(Abs(s)) ; i**2*r + i*r - 2*r**2 + r,-0.000392052107193093*sqrt(Abs(i)) + 0.0497419926782802*sqrt(Abs(s)) ; i**2*r + i*r - 2*r**2 + r
3983,0.8011133283471076,s**3 - Abs(s)**(5/2) ; r,s**3 - Abs(s)**(5/2) ; r
3984,0.8006839303464591,2*i**2*sqrt(Abs(s)) ; B0 - r,2*i**2*sqrt(Abs(s)) ; 0.224512207338262 - r
3985,0.8006658702867299,B0*s*sqrt(Abs(i)) + s**2*sqrt(Abs(i)) ; i,s**2*sqrt(Abs(i)) - 0.731426864244128*s*sqrt(Abs(i)) ; i
3986,0.8005392029345825,B0*s**2 - s**3 ; B1 + B2*i,-s**3 + 0.985340401476102*s**2 ; 0.191035290919119*i + 33.3242710005405
3987,0.800539202917849,B0*s**2 - s**3 ; B1 + i - r**2,-s**3 + 0.985340401126869*s**2 ; i - r**2 + 0.000137765158774618
3988,0.8005392025363258,B0*s**2 - s**3 ; B1*i + sqrt(Abs(r)),-s**3 + 0.985340414954809*s**2 ; 4.64220145500662*i + sqrt(Abs(r))
3989,0.8005381429428556,B0*s**2 + i*s**2 ; r,i*s**2 - 0.0146591474049228*s**2 ; r
3990,0.800538122902088,B0*s**2 - s**3 ; 2*i - r,-s**3 + 0.985339978318778*s**2 ; 2*i - r
3991,0.8005378737076181,B0*s**2 - s**3 ; r,-s**3 + 0.985340907799048*s**2 ; r
3992,0.8005093472205774,B0*s**2 ; B1 + B2*r**2 + i*r + r**3,0.044767058633593*s**2 ; i*r + r**3 + 5.80057303432983*r**2 + 0.910285194544628
3993,0.8005093468109261,B0*s**2 ; B1*i + i**3 - i**2 + i*r,0.0447642910344714*s**2 ; i**3 - i**2 + i*r + 0.00248637306324805*i
3994,0.8003320136820888,s*sqrt(Abs(B0 - i)) ; B1 + i*sqrt(Abs(r)),s*sqrt(Abs(i - 0.0657262753989953)) ; i*sqrt(Abs(r)) + 0.0762592032916179
3995,0.7993728722650201,B0*Abs(i)**(5/2) ; -i**2 + i*sqrt(Abs(i - r)) + r,0.0404278897099913*Abs(i)**(5/2) ; -i**2 + i*sqrt(Abs(i - r)) + r
3996,0.7992973340013703,B0 + B1*s + sqrt(2)*sqrt(Abs(i))*Abs(s)**(3/2) ; B2*i*r,0.847204929310515*s + sqrt(2)*sqrt(Abs(i))*Abs(s)**(3/2) - 1.10066958051887 ; 42.5302027479353*i*r
3997,0.7991744289548454,B0*s + B1*i*s**2 + i*s**3 ; -i**2*r**2 - i*r + i,i*s**3 - 3.19725821373282*i*s**2 + 0.138151648979544*s ; -i**2*r**2 - i*r + i
3998,0.7989245351147655,B0*sqrt(Abs(i**3 - s)) ; 2*i*r**2 - r**3,0.0208715870438699*sqrt(Abs(i**3 - s)) ; 2*i*r**2 - r**3
3999,0.7987203009142413,B0*i - i**2 + i*sqrt(Abs(i - s)) ; r,-i**2 + i*sqrt(Abs(i - s)) - 0.600973456750526*i ; r
4000,0.7986225657600414,B0 + B1*sqrt(Abs(i)) + B2*i ; -i**2*r + i*r**2 + i*r + i,0.0384601943612635*i + 0.323372106814242*sqrt(Abs(i)) - 0.0131578497893179 ; -i**2*r + i*r**2 + i*r + i
4001,0.7976928984278566,B0*i + B1*i**2*s + B1*i**2 + B1*i*s ; -i - r + sqrt(Abs(B2 + r + sqrt(Abs(i)))),8.20360496318822e-6*i**2*s + 8.20360496318822e-6*i**2 + 8.20360496318822e-6*i*s + 0.000743684748388691*i ; -i - r + sqrt(Abs(r + sqrt(Abs(i)) + 109.97773218816))
4002,0.7976516388099172,B0*i*s ; B1*i + B2*sqrt(Abs(r)) - 2*r,0.0333237519255293*i*s ; 0.415530430916053*i - 2*r - 0.243932449372305*sqrt(Abs(r))
4003,0.797283163786992,B0*i**2 + B0*i*s**2 ; B1*r,0.0300137804911584*i**2 + 0.0300137804911584*i*s**2 ; 2.59999913265592*r
4004,0.7972462324762134,B0*s + B1*s**2 + s**4 ; B2*sqrt(Abs(r)) + i,s**4 - 1.6259101279504*s**2 + 0.831455789938115*s ; i + 0.0122332223264704*sqrt(Abs(r))
4005,0.7972175021612442,B0*i*s + B0*i*Abs(s)**(1/4) ; i*r,0.0145499195895153*i*s + 0.0145499195895153*i*Abs(s)**(1/4) ; i*r
4006,0.797170551313002,s*sqrt(Abs(B0 + i)) ; B1 + B2*r + i,s*sqrt(Abs(i - 0.0513700572846602)) ; i - 0.0695050512028528*r + 0.0396266809352156
4007,0.7970274793294524,B0*i ; i*r*sqrt(Abs(B1*i**2 + r)),0.0261800973250926*i ; i*r*sqrt(Abs(1.76705462039554*i**2 + r))
4008,0.7970272974486837,B0*i ; r**3 + r**2*sqrt(Abs(i)),0.026062752070644*i ; r**3 + r**2*sqrt(Abs(i))
4009,0.7969485782170703,B0*i ; B1*i + i**2 + i*r + r,-8.52452424733953e-5*i ; i**2 + i*r + 0.083171345541254*i + r
4010,0.7966945862503912,B0*i - i*sqrt(Abs(i - s)) - s ; B1*i**2*r,-i*sqrt(Abs(i - s)) - 2.18543041895063*i - s ; 0.00550430793482839*i**2*r
4011,0.7966721172530504,B0*sqrt(Abs(s)) + s ; sqrt(Abs(B1 + B2*i + i**2 + r)),s - 0.957388969479863*sqrt(Abs(s)) ; sqrt(Abs(i**2 + 3.90027689326065*i + r + 0.000750893111690872))
4012,0.7965647104137072,B0*i**3 + i**3*s + i**2*s ; B1 + i,i**3*s + 15.8120728270371*i**3 + i**2*s ; i - 0.0858939300212085
4013,0.7961616028732758,B0 - i*s + i*Abs(s)**(1/8) ; B1*i**3,-i*s + i*Abs(s)**(1/8) + 0.00322963319834083 ; 2194.58641404006*i**3
4014,0.7961164653162159,B0*s + i*s - s*sqrt(Abs(i)) ; -i + sqrt(Abs(B1*r + B2*i*r)),i*s - s*sqrt(Abs(i)) + 0.246312333448048*s ; -i + sqrt(Abs(6.65790231555958*i*r + 0.0121126186960056*r))
4015,0.7956345530571233,B1*sqrt(Abs(B0 - i*s)) ; 2*i*r**2 - r**3,0.0677391614426406*sqrt(Abs(i*s - 0.250036264611759)) ; 2*i*r**2 - r**3
4016,0.7955655925912928,B0 - s**2 + Abs(s)**(5/4) ; B1*i**2*r**2,-s**2 + Abs(s)**(5/4) - 0.0107764812228509 ; 0.0223420611322129*i**2*r**2
4017,0.795503836846245,B0*s + B1*i*s + s**2 ; i,-1.44370849549845*i*s + s**2 - 0.822914227448711*s ; i
4018,0.7952798424907086,B0*s + s**2 ; -2*i*r + i*sqrt(Abs(r)),s**2 - 0.952694752310061*s ; -2*i*r + i*sqrt(Abs(r))
4019,0.7952197815484697,B0*Abs(i)**(5/2) ; B1*r + B1*sqrt(Abs(i))*sqrt(Abs(r)) + i,23.1626760973706*Abs(i)**(5/2) ; i + 0.17147036330991*r + 0.17147036330991*sqrt(Abs(i))*sqrt(Abs(r))
4020,0.7950688133734845,B0*i + 2*i**2 + Abs(i)**(3/2) ; i,2*i**2 + 0.757527268619243*i + Abs(i)**(3/2) ; i
4021,0.7949065012528892,B0*i**2 + B1*i**2*s ; i,17.9443132174711*i**2*s + 14.8505248028549*i**2 ; i
4022,0.7948904146862869,i**2 ; B0*i*r + B0*r**2 + i,i**2 ; 7.79365768030878*i*r + i + 7.79365768030878*r**2
4023,0.7946860826115035,B0*i + i**2 - 2*i*s ; B1*r,i**2 - 2*i*s - 0.820912887128071*i ; 80.0527269294835*r
4024,0.7946564918146581,B0*i + 2*i*s - i*sqrt(Abs(s)) ; r,2*i*s - i*sqrt(Abs(s)) - 0.591387241778059*i ; r
4025,0.794456009835777,B0*i + B1*s ; B2*i*r**3 + B3*i**2*r**2,0.00627354826797125*i + 0.0495327486500047*s ; 0.000100707700663668*i**2*r**2 + 0.785292490997098*i*r**3
4026,0.7944510956298367,B0*sqrt(Abs(i - s)) ; B1*i*r + i**2*r + i*r**2,0.0193744054983096*sqrt(Abs(i - s)) ; i**2*r + i*r**2 + 0.0150937987272558*i*r
4027,0.7942600459111742,B1*sqrt(Abs(B0 + i)) ; B2*r + B3*r**2 + B4*i*r,2.46682057535157e-5*sqrt(Abs(i + 236388.804039007)) ; 0.19324068724774*i*r + 0.119623133662237*r**2 + 0.0004477613218332*r
4028,0.7941820536646408,-i**3 - i**2*s + Abs(i)**(3/2) ; -i + sqrt(Abs(i**2 + i*r)),-i**3 - i**2*s + Abs(i)**(3/2) ; -i + sqrt(Abs(i**2 + i*r))
4029,0.7941820536646408,-i**3 - i**2*s + Abs(i)**(3/2) ; B0 + sqrt(Abs(i**2*r + i*r)),-i**3 - i**2*s + Abs(i)**(3/2) ; sqrt(Abs(i**2*r + i*r))
4030,0.793990135792958,B0*i**2 + i**3*s ; i,i**3*s + 31.6082236054531*i**2 ; i
4031,0.7939737185088755,B0*i**2 - i**2*s + Abs(i)**(3/2) ; B1 + B2*i,-i**2*s + 34.8970377147592*i**2 + Abs(i)**(3/2) ; 0.999369576953204*i + 0.0288429697125851
4032,0.7938914104399128,B0 - 2*i*s + Abs(i)**(3/2) ; B1*i**3,-2*i*s + Abs(i)**(3/2) + 0.0793547684708319 ; 21.3425086911767*i**3
4033,0.7935399360949472,B0 + B1*i**2*s - i*s ; B2*sqrt(Abs(r)) + i*sqrt(Abs(r)) - Abs(r)**(3/2),3.13654778662417*i**2*s - i*s + 0.0679773822600345 ; i*sqrt(Abs(r)) - Abs(r)**(3/2) + 0.0356974723022251*sqrt(Abs(r))
4034,0.793536930113389,i*s**2 ; sqrt(Abs(r + Abs(r)**(3/2))),i*s**2 ; sqrt(Abs(r + Abs(r)**(3/2)))
4035,0.793536930113389,i*s**2 ; B0*i*sqrt(Abs(r)),i*s**2 ; 0.0332896561143099*i*sqrt(Abs(r))
4036,0.7933911712127514,B0*sqrt(Abs(i)) ; B2*sqrt(Abs(r - sqrt(Abs(B1*r + r**2)))),0.0125640996782132*sqrt(Abs(i)) ; 1.49014978156694*sqrt(Abs(r - sqrt(Abs(r**2 + 0.00709140810242603*r))))
4037,0.7932777987653576,-i*s - i + Abs(i)**(3/2)*sqrt(Abs(s)) ; B0*i**2*r,-i*s - i + Abs(i)**(3/2)*sqrt(Abs(s)) ; 1.3191417166357*i**2*r
4038,0.7930088803694545,B0*s + B1*i*s + s*sqrt(Abs(i)) ; -r + sqrt(Abs(B2*i*r + i**2)),-0.923659582096401*i*s + s*sqrt(Abs(i)) - 0.0987161927703673*s ; -r + sqrt(Abs(i**2 + 0.468172556570724*i*r))
4039,0.7929191162466377,B0*sqrt(Abs(s)) ; B1 + B2*r**3 + B3*i*r**2 + r,0.03398363344758*sqrt(Abs(s)) ; 0.00143608020611942*i*r**2 + 12.2189870692977*r**3 + r + 0.0112881016109493
4040,0.7929190918012825,B0*sqrt(Abs(s)) ; B1 + B2*r**2 + 2*r**3,0.0339836386189709*sqrt(Abs(s)) ; 2*r**3 + 88.0116787872875*r**2 + 0.527325752265909
4041,0.7928318043878956,B0*sqrt(Abs(s)) ; i**3*r - i**2*r - i*r**2,0.0345014788927544*sqrt(Abs(s)) ; i**3*r - i**2*r - i*r**2
4042,0.7927542098378724,B0*i**2 + i**4 ; B1*i + B2*r,i**4 + 12.4555391194232*i**2 ; 0.373040928966883*i + 0.0227217741304565*r
4043,0.7926044446314615,B0*Abs(s)**(1/4) ; B1*r**2 + 2*i*r**2,0.0211565796720404*Abs(s)**(1/4) ; 2*i*r**2 + 0.0837808893878303*r**2
4044,0.7924143007985838,B0*i - i**2 + 2*i*s ; i,-i**2 + 2*i*s - 0.6744906639786*i ; i
4045,0.7921972575904623,-i*sqrt(Abs(B0 + i)) + s*sqrt(Abs(B0 + i)) ; B1*i**2*r + B1*i*r**2,-i*sqrt(Abs(i + 1.313249186441)) + s*sqrt(Abs(i + 1.313249186441)) ; 0.00027197703352415*i**2*r + 0.00027197703352415*i*r**2
4046,0.7921459127594379,B0*i**3 + B0*i**2 + B0*s ; sqrt(Abs(r)),0.00952525906720005*i**3 + 0.00952525906720005*i**2 + 0.00952525906720005*s ; sqrt(Abs(r))
4047,0.7920631817322856,B0*Abs(i)**(1/4) ; -2*i*r + r*sqrt(Abs(B1 + r)),0.0117682843330899*Abs(i)**(1/4) ; -2*i*r + r*sqrt(Abs(r + 0.0808777188500227))
4048,0.791852619093412,B0*i**2*s + i**3 ; i*r**2 + i,i**3 + 33.9221207373055*i**2*s ; i*r**2 + i
4049,0.7915106030918795,B0*i*s + i**2*s - i*Abs(s)**(3/2) ; sqrt(Abs(B1*i + i**2)),i**2*s + 0.00079094555084374*i*s - i*Abs(s)**(3/2) ; sqrt(Abs(i**2 + 0.0301224823377661*i))
4050,0.7906153982774786,-2*i**2 + i*s ; r,-2*i**2 + i*s ; r
4051,0.7902381868083681,B0*s - i**2*s + i*s**2 - i*s ; i,-i**2*s + i*s**2 - i*s + 0.056464494935971*s ; i
4052,0.789262991024146,B0*s - i*s + Abs(s)**(5/2) ; B2*r*sqrt(Abs(B1 + i + r)),-i*s - 1.21910677491471*s + Abs(s)**(5/2) ; 1.13450217492037*r*sqrt(Abs(i + r + 6.74387587878269))
4053,0.7890572042369939,B0*i ; B1*r**2 + B2*i*r**2,0.0261844206442584*i ; 0.277035935146079*i*r**2 + 0.688641854832322*r**2
4054,0.7890569624897681,B0*i ; -i**2*r + 2*i*r,0.0263139982774558*i ; -i**2*r + 2*i*r
4055,0.7890075100029026,B0*i*s**2 + s*Abs(i)**(3/2) ; r,0.0208264610657186*i*s**2 + s*Abs(i)**(3/2) ; r
4056,0.7885746431661271,-s + sqrt(Abs(B0 + i*s + i - s)) ; B1*r + B2*r**2 - i*r,-s + sqrt(Abs(i*s + i - s - 0.0799613986752476)) ; -i*r + 0.0635486605488787*r**2 + 0.142107931769156*r
4057,0.7879688065375872,B0*sqrt(Abs(s - sqrt(Abs(i)))) ; B1*i*r + i**2*r - i*r**2,0.0181659197753605*sqrt(Abs(s - sqrt(Abs(i)))) ; i**2*r - i*r**2 + 0.000293389784391281*i*r
4058,0.7878948849727324,B0*sqrt(Abs(i)) + B1*i + B2*i**2 ; -r + sqrt(Abs(B3*i + i**2)),-0.0613800740898302*i**2 - 0.24733033394349*i - 0.134936429549817*sqrt(Abs(i)) ; -r + sqrt(Abs(i**2 - 0.0161871078802145*i))
4059,0.7877547863147945,B0*s - i*s + Abs(s)**(5/2) ; r,-i*s - 0.87177512558752*s + Abs(s)**(5/2) ; r
4060,0.7877333446816089,B0 - i*s + s*sqrt(Abs(B1 - i + s)) ; B2*i*r,-i*s + s*sqrt(Abs(i - s + 0.157379881896974)) - 0.625273837041842 ; 0.000830372235400704*i*r
4061,0.7874458907176483,B0*i**2*s ; sqrt(Abs(i))*sqrt(Abs(r))*Abs(B1*i + B2)**(1/4),0.328262405083342*i**2*s ; sqrt(Abs(i))*sqrt(Abs(r))*Abs(0.0145261978505478*i + 0.127002010827574)**(1/4)
4062,0.7874154072509122,B0*i**2 ; B1*i*r + B2*i*r**2,0.304143538244205*i**2 ; 1.99088417663181*i*r**2 + 0.000254209444888455*i*r
4063,0.7873279931204397,B0*s**2 - i*s - i ; B1*i*r + B2*i*r**2,-i*s - i + 0.104897611416315*s**2 ; 0.0052130925213557*i*r**2 + 94.9160383214697*i*r
4064,0.7873270406200271,B0*s + s**2 ; B1*r**2 + B1*r*sqrt(Abs(B2 + r)),s**2 - 0.95263120767408*s ; 0.00353036484820196*r**2 + 0.00353036484820196*r*sqrt(Abs(r + 0.429937607942801))
4065,0.7871472361432647,-i - s**2 + s*sqrt(Abs(B0 + sqrt(Abs(i)))) ; B1*i**3,-i - s**2 + s*sqrt(sqrt(Abs(i)) + 0.776102907402723) ; -46.3756389991644*i**3
4066,0.7871278766637337,B0*s**2 + s**4 ; i,s**4 - 0.922567780143222*s**2 ; i
4067,0.7868328901895274,i**2 ; -2*i**2 - i*r + i,i**2 ; -2*i**2 - i*r + i
4068,0.7868214810048603,-i**3*s + i**3 ; i**2 + i*r,-i**3*s + i**3 ; i**2 + i*r
4069,0.786821007676843,-i**3*s + i**3 ; i,-i**3*s + i**3 ; i
4070,0.7868092039370705,-i*s**2 + i*Abs(s)**(5/2) ; i,-i*s**2 + i*Abs(s)**(5/2) ; i
4071,0.786642361285075,B0*i - i**2 + 2*i*s ; B1 + B2*i*r + i,-i**2 + 2*i*s - 1.36883094959454*i ; 3.2402349962523*i*r + i - 0.158120373658647
4072,0.7864297527292039,B0 + B1*i + B2*i*s ; B3 + B4*r + i + r**2,-0.0114438572366836*i*s + 0.00917843703069342*i + 0.00470513592770413 ; i + r**2 + 5.27119567741801*r - 1.76447688781959
4073,0.785901926323668,B0 - i*s + Abs(i)**(3/2) ; B1*i + B2*i**2 - i*r - r,-i*s + Abs(i)**(3/2) + 0.0564022406997868 ; 0.0745150927295774*i**2 - i*r + 0.723762558824094*i - r
4074,0.7857249500246104,i**3*s - i**2*s ; i*r**2,i**3*s - i**2*s ; i*r**2
4075,0.7854889738288666,B0*i + i*s ; i**3*r - 2*i**2*r,i*s - 0.623732144137237*i ; i**3*r - 2*i**2*r
4076,0.7853600292253927,s**4 - s**3 ; B0*i,s**4 - s**3 ; 4.27120818685904*i
4077,0.7853577868970448,B0*i + i**3 - i*s ; r,i**3 - i*s + 0.0447593055692612*i ; r
4078,0.785357641061808,B0*i*s - i*s**2 - i ; B1*sqrt(Abs(r)),-i*s**2 + 1.03552249821406*i*s - i ; 0.00129840535441117*sqrt(Abs(r))
4079,0.7844416279335661,B0*i*s + s**2 ; B1 + B2*i + B3*r,0.0101810328123028*i*s + s**2 ; -1.44452439301866*i + 32.8366901888124*r + 242.343167925063
4080,0.7844415339513068,B0*i*s + s**2 ; B1 + i**2,0.0101757674488414*i*s + s**2 ; i**2 + 264.926305890816
4081,0.784275207418752,-i*sqrt(Abs(B0 + i)) + s*sqrt(Abs(B0 + i)) ; i**2*r - i*r**2 + i*r,-i*sqrt(Abs(i + 1.31308934985175)) + s*sqrt(Abs(i + 1.31308934985175)) ; i**2*r - i*r**2 + i*r
4082,0.784093628798453,B0*i - 2*i**2 + i*s ; r,-2*i**2 + i*s - 0.541567256204766*i ; r
4083,0.784093623035946,B0*i + 3*i*s ; r,3*i*s - 2.54152604101768*i ; r
4084,0.7840336059444787,B0*i**2 - i**3 + Abs(i)**(3/2) ; -r + sqrt(Abs(B1*i + i*r)),-i**3 - 2.46374228758791*i**2 + Abs(i)**(3/2) ; -r + sqrt(Abs(i*r - 0.00890966091197992*i))
4085,0.7835956984722761,B0*i + 4*i**2 ; B1 + B2*i,4*i**2 + 1.90849607905955*i ; 2.05597908620293*i - 0.000382731025977204
4086,0.7835009834625839,B0 + B1*i + B2*i**2 ; B3 - sqrt(Abs(B4*r + i*r + r**2)),7.2656733217194*i**2 + 0.269201288001874*i + 0.00257919490018078 ; 0.17956738767263 - sqrt(Abs(i*r + r**2 + 0.17031014746276*r))
4087,0.7834908229154252,B0*i*s ; sqrt(Abs(B1*i*r**2 - i**2*r**2 + i*r**3)),0.313691356639148*i*s ; sqrt(Abs(-i**2*r**2 + i*r**3 + 3.48308740330634*i*r**2))
4088,0.7831948305834805,B0*sqrt(Abs(i)) - s ; r,-s + 2.69246119228172*sqrt(Abs(i)) ; r
4089,0.7829315291993847,B0 + B1*s + i*s - s*sqrt(Abs(i)) ; B2*sqrt(Abs(i))*Abs(r)**(1/4),i*s - s*sqrt(Abs(i)) - 0.361296119396041*s + 0.520184630892826 ; 45.5550954883081*sqrt(Abs(i))*Abs(r)**(1/4)
4090,0.7828164929271102,B0*i**2 - i**3 - i**2*s ; B1 + 2*i,-i**3 - i**2*s + 10.327251935585*i**2 ; 2*i + 0.0826951430943617
4091,0.7821280656696518,2*i**2 + i*s - Abs(i)**(3/2) ; i,2*i**2 + i*s - Abs(i)**(3/2) ; i
4092,0.7817420667970304,B0*i*s + B0*i*sqrt(Abs(s - sqrt(Abs(i)))) ; r,0.0183387941940012*i*s + 0.0183387941940012*i*sqrt(Abs(s - sqrt(Abs(i)))) ; r
4093,0.7815126231904086,B0*s**2*sqrt(Abs(i)) - s*Abs(i)**(3/2) ; B1*r**2 - i,0.138628731499742*s**2*sqrt(Abs(i)) - s*Abs(i)**(3/2) ; -i + 37.9373691573919*r**2
4094,0.7813234707526098,B0*s**3 + i*s**2 ; r,i*s**2 - 0.0148784428163592*s**3 ; r
4095,0.7811770483830544,B0*i + 2*i*s - Abs(i)**(3/2) ; r,2*i*s - 1.31579386818743*i - Abs(i)**(3/2) ; r
4096,0.7811666319593044,B0*i ; sqrt(Abs(B1*r**3 + B2*r**2)),-2.76785601790012*i ; sqrt(Abs(0.0336232137286137*r**3 + 71.365474925645*r**2))
4097,0.7811664882446876,B0*i + B1*i**2 + B1*i*s ; r,0.0201101259539588*i**2 + 0.0201101259539588*i*s + 0.00617387218391549*i ; r
4098,0.7811664830698157,B0*i + B1*i**2 + B1*i*s ; sqrt(Abs(r)),0.0226197701287014*i**2 + 0.0226197701287014*i*s + 0.00366607620669331*i ; sqrt(Abs(r))
4099,0.7811664304316875,B0*i + B1*i**2 + B1*i*s ; i**2*r,-1.47164290990707*i**2 - 1.47164290990707*i*s + 1.49769806994759*i ; i**2*r
4100,0.7807819957153808,B0*i**2*s**2 + B0*i*s**2 ; i,1.2574279866567*i**2*s**2 + 1.2574279866567*i*s**2 ; i
4101,0.7804487275974292,sqrt(Abs(i))*Abs(s)**(3/2) ; B0 + i + Abs(i)**(1/4),sqrt(Abs(i))*Abs(s)**(3/2) ; i + Abs(i)**(1/4) - 0.24228130788987
4102,0.779840665284849,B0*sqrt(Abs(i))*sqrt(Abs(s)) ; B1*i*r + i**2*r + i*r**2,0.0441333012659419*sqrt(Abs(i))*sqrt(Abs(s)) ; i**2*r + i*r**2 + 0.000594766188390502*i*r
4103,0.7795629707075373,B0*i**3 + B0*i**2*s ; i - r,1.21004108342438*i**3 + 1.21004108342438*i**2*s ; i - r
4104,0.7795411609936114,B0*i**3 + B0*i**2*s ; sqrt(Abs(r)),0.302856220481326*i**3 + 0.302856220481326*i**2*s ; sqrt(Abs(r))
4105,0.7795018138109112,B0*sqrt(Abs(i)) ; B1*r**2 + i + r**3 - r,0.0208859424636553*sqrt(Abs(i)) ; i + r**3 + 1.83146962270552*r**2 - r
4106,0.7794310923652311,B0 - sqrt(Abs(i**2*s + i*s**2)) ; sqrt(Abs(B1*r + i*r + r**2)),0.174419228483223 - sqrt(Abs(i**2*s + i*s**2)) ; sqrt(Abs(i*r + r**2 + 0.143176756596822*r))
4107,0.7792827679415932,B0*i**3 ; -i + sqrt(Abs(B1*r + r**2 + Abs(r)**(3/2))),0.299073112912312*i**3 ; -i + sqrt(Abs(r**2 + 0.152887412244236*r + Abs(r)**(3/2)))
4108,0.7792526068793829,-i*s + s**2 - s*sqrt(Abs(B0 - i)) ; r,-i*s + s**2 - s*sqrt(Abs(i - 0.886010318587314)) ; r
4109,0.7790949030334688,B0*s + i*s + s*sqrt(Abs(B1 + s)) ; i**2 - i*r + i,i*s + s*sqrt(Abs(s - 0.942467838547943)) - 0.168154608378363*s ; i**2 - i*r + i
4110,0.7789674006602378,B0*i**3 + B1*i**2*s ; i,58.760427215697*i**3 + 31.7965234649979*i**2*s ; i
4111,0.7789039214888602,B1*sqrt(Abs(B0 + i)) - i*sqrt(Abs(B0 + i)) ; B2*i*r - i**2*r + i*r**2,-i*sqrt(Abs(i - 7.81481380202674)) + 0.366323494496728*sqrt(Abs(i - 7.81481380202674)) ; -i**2*r + i*r**2 + 9.75799161350348*i*r
4112,0.7787937527767971,B0*sqrt(Abs(s))*Abs(i - s)**(1/4) ; B1 + 2*i*r**2 + 2*i*r,0.0382535274997056*sqrt(Abs(s))*Abs(i - s)**(1/4) ; 2*i*r**2 + 2*i*r + 0.00990560798302331
4113,0.7787673941049529,B0*s + i*s ; sqrt(Abs(2*i*r - r**2 + r)),i*s + 2.15260071157205*s ; sqrt(Abs(2*i*r - r**2 + r))
4114,0.7787128144572698,B0*i**2 + 2*i**3 ; B1 + i,2*i**3 + 0.84769622493704*i**2 ; i + 0.395853138565372
4115,0.778472961496341,sqrt(Abs(B0*i + B1)) ; B2*i + i**2*r + i*r**2 + r,sqrt(Abs(2.64240260677032e-6*i - 0.000119637398089894)) ; i**2*r + i*r**2 - 20.8763468290008*i + r
4116,0.7784543024233284,B1*sqrt(Abs(-B0 + i + s)) ; 2*i*r**2 - r**3,4.82770053480614*sqrt(Abs(i + s - 1.00000617369709)) ; 2*i*r**2 - r**3
4117,0.7784537158498933,B1*sqrt(Abs(B0 + i)) ; 2*i**2*r - i*r**2,7.39427225796044e-6*sqrt(Abs(i + 2605225.73271156)) ; 2*i**2*r - i*r**2
4118,0.7784535904889985,B1*sqrt(Abs(B0 + i)) ; B2*i*r + i**2*r - i*r**2,4.98157107598349e-5*sqrt(Abs(i + 57397.4829914163)) ; i**2*r - i*r**2 + 0.000102107347124324*i*r
4119,0.7784462050166717,B1*sqrt(Abs(B0 - 2*i)) ; B2*r**2 + i*r**2 - r**3,0.000281703783562697*sqrt(Abs(2*i + 1808.72314068253)) ; i*r**2 - r**3 + 9.09836315699695*r**2
4120,0.7780880567085684,B0*i*s**2 + B0*i*s + B0*s**3 ; i,0.0401652159423463*i*s**2 + 0.0401652159423463*i*s + 0.0401652159423463*s**3 ; i
4121,0.7776107257093786,B0*s + i*s + s*sqrt(Abs(i)) ; B1*i**3*r,i*s + s*sqrt(Abs(i)) - 0.210145991733682*s ; 0.982531494840219*i**3*r
4122,0.7768290285232152,B0*Abs(s)**(1/4) ; B1*i - 2*i**2 + 2*i*r,0.0208214107755919*Abs(s)**(1/4) ; -2*i**2 + 2*i*r + 84.3776493671105*i
4123,0.7754652005706852,s*sqrt(Abs(B0 + s)) ; r,s*sqrt(Abs(s + 10.3389531982187)) ; r
4124,0.775465191937712,s*sqrt(Abs(B0 + s)) ; sqrt(Abs(r)),s*sqrt(Abs(s + 10.338898030171)) ; sqrt(Abs(r))
4125,0.7754651832734887,s*sqrt(Abs(B0 - i)) ; r,s*sqrt(Abs(i - 11.3388472160355)) ; r
4126,0.7754651769947445,s*sqrt(Abs(B0 + s)) ; -r + sqrt(Abs(r)),s*sqrt(Abs(s + 10.3388126792182)) ; -r + sqrt(Abs(r))
4127,0.7741838369213077,B0*s + B1*i**2*s + s**2 ; i,-20.3665466663035*i**2*s + s**2 - 0.891751496974165*s ; i
4128,0.7740805784389255,B0*s + 3*s**2 ; B1*i**2 + B2*i**3*r,3*s**2 - 2.75622838202118*s ; 0.673722766679296*i**3*r + 7.00788765001759*i**2
4129,0.7735994286415793,i**2*s**2 ; r,i**2*s**2 ; r
4130,0.7734256954063455,B0*i*Abs(s)**(1/4) ; i**3*r + i*r**2 + r,0.0273776686528218*i*Abs(s)**(1/4) ; i**3*r + i*r**2 + r
4131,0.7733549661649226,B0*i ; B1*i*r**2 - i*r**3,0.0261801745064248*i ; -i*r**3 + 1.97629140112935*i*r**2
4132,0.7733549660884667,B0*i ; B1*r + B2*r**2 + B3*i*r,0.0261771770374551*i ; 0.0129602986086354*i*r + 6.74927148639861*r**2 + 0.00710449821061029*r
4133,0.7733549650876236,B0*i ; B1*r + B2*Abs(r)**(3/2) + B3*i*r,0.0261705415842929*i ; 14.5466663040881*i*r + 0.0515087059418085*r + 0.00217134196721884*Abs(r)**(3/2)
4134,0.7731904988570472,-2*i**2*s + i*s**2 ; B0 - r,-2*i**2*s + i*s**2 ; 0.0284873455916975 - r
4135,0.7731608103626433,B0*i + B1*sqrt(Abs(s)) - i*s + Abs(s)**(3/2) ; i,-i*s - 0.559064746433317*i + Abs(s)**(3/2) - 0.864959363783795*sqrt(Abs(s)) ; i
4136,0.7726320039763749,B0*i*s - i*s**2 + Abs(i)**(3/2) ; -r + sqrt(Abs(B1*i**2 + B2*i)),-i*s**2 + 0.000175456537488601*i*s + Abs(i)**(3/2) ; -r + sqrt(Abs(0.0943421792552854*i**2 + 0.463297386752529*i))
4137,0.7723591271967204,B0*i**3 + B0*i**2*s ; i**2 - 2*i*r + r**2 + r,-1.08005463535208e-8*i**3 - 1.08005463535208e-8*i**2*s ; i**2 - 2*i*r + r**2 + r
4138,0.7722913171722777,Abs(i)**(5/4)*Abs(s)**(5/4) ; Abs(r)**(1/4),Abs(i)**(5/4)*Abs(s)**(5/4) ; Abs(r)**(1/4)
4139,0.7717388365793454,B0*s + i**2*s**2 - i*s ; Abs(r)**(1/4),i**2*s**2 - i*s + 0.0485396146575336*s ; Abs(r)**(1/4)
4140,0.7716731942627791,i**3*s + i**2*s**2 ; i - r,i**3*s + i**2*s**2 ; i - r
4141,0.7716340239315168,B0*s + i**2*s**2 + s**2 ; i,i**2*s**2 + s**2 - 0.953622994747607*s ; i
4142,0.7715851269041127,B0*s**2 + i*s + s**3 ; B1 + i,i*s + s**3 - 1.0088707294674*s**2 ; i - 0.051004319592938
4143,0.7712514037659153,2*i**3*s ; B0*r,2*i**3*s ; 0.0127781579164335*r
4144,0.7712074536358667,i**5 + i**3 ; r,i**5 + i**3 ; r
4145,0.7711529006643136,i**3*s - i**2*s**2 ; i,i**3*s - i**2*s**2 ; i
4146,0.770960672894119,B0*s + i*s + 2*s**2 ; B1*i,i*s + 2*s**2 - 1.95287017046069*s ; 2.95056467467348*i
4147,0.7708914125687144,B0*i - i**2*s - s*Abs(i)**(3/2) ; B1*sqrt(Abs(r)) - i,-i**2*s - 1.53497825546805*i - s*Abs(i)**(3/2) ; -i + 0.00414090956514692*sqrt(Abs(r))
4148,0.7706833673360524,B1*sqrt(Abs(B0 - i)) ; B2 + B3*r**2 + B3*r + B4*i*r - i,0.00103402762795689*sqrt(Abs(i + 35.3158167512203)) ; 8.03046238037706*i*r - i - 2.63616019630593*r**2 - 2.63616019630593*r - 23.2756927871526
4149,0.7705329730295346,B0*s - i + s**2 + sqrt(Abs(i))*Abs(s)**(3/2) ; B1*i*r**2,-i + s**2 - 1.10536014430103*s + sqrt(Abs(i))*Abs(s)**(3/2) ; 0.000120244500971543*i*r**2
4150,0.7704633620029815,B0*i*s - i*s**2 + Abs(i)**(3/2) ; -r + sqrt(Abs(B1*i + B2*i*r)),-i*s**2 + 0.0770999596783338*i*s + Abs(i)**(3/2) ; -r + sqrt(Abs(0.324230010575916*i*r + 0.100351124411816*i))
4151,0.7698002527216369,B0*s - 2*s**2 + Abs(s)**(3/2) ; i,-2*s**2 + 3.17217360474589*s + Abs(s)**(3/2) ; i
4152,0.769737735406216,B0*i*s - i*s**2 + Abs(i)**(3/2) ; B1*sqrt(Abs(i))*sqrt(Abs(r)) - r,-i*s**2 - 0.0458095599078478*i*s + Abs(i)**(3/2) ; -r + 37.6347638169749*sqrt(Abs(i))*sqrt(Abs(r))
4153,0.7697375516100508,B0*i*s - i*s**2 + Abs(i)**(3/2) ; -r + sqrt(Abs(i*r**2 + i*r)),-i*s**2 - 0.0249002866735931*i*s + Abs(i)**(3/2) ; -r + sqrt(Abs(i*r**2 + i*r))
4154,0.7697317667578052,B0*i + 2*i**2 - i*s ; r,2*i**2 - i*s + 0.038466108215279*i ; r
4155,0.7697269926891839,B0*i + i**2 - 2*i*s ; sqrt(Abs(r)),i**2 - 2*i*s - 0.107884021051229*i ; sqrt(Abs(r))
4156,0.7692812621963219,B0*s - 3*i*s ; i,-3*i*s + 0.146905929201055*s ; i
4157,0.7692048238792513,i**2*s**3 ; B0*r**2 + sqrt(Abs(i)),i**2*s**3 ; -0.84433689055422*r**2 + sqrt(Abs(i))
4158,0.7690205545794631,B0*i*s + 2*i*s**2 ; i,2*i*s**2 - 0.656705143381082*i*s ; i
4159,0.7685381135312565,B0*Abs(i)**(1/4) ; 2*i*r**2 - r**3,0.0117700702585349*Abs(i)**(1/4) ; 2*i*r**2 - r**3
4160,0.7685381112957148,B0*Abs(i)**(1/4) ; B1*r**2 + 2*i*r**2,0.0117738552850818*Abs(i)**(1/4) ; 2*i*r**2 + 55.5786104591261*r**2
4161,0.7679749411982002,B0*i*s + i**2*s ; i + Abs(B1 - i + r)**(1/4),i**2*s + 1.06125835311919*i*s ; i + Abs(-i + r + 0.0195996282548257)**(1/4)
4162,0.7665925542018679,B0*sqrt(Abs(i)) ; -2*i**2 - i*r + i*sqrt(Abs(r)),0.00509618164936007*sqrt(Abs(i)) ; -2*i**2 - i*r + i*sqrt(Abs(r))
4163,0.7664675390112858,B0*i + B1*i**2 + B2*i*sqrt(Abs(s)) ; B3 + r,3.39421186387905e-5*i**2 - 0.0511764169973848*i*sqrt(Abs(s)) + 0.0526063278271352*i ; r + 18.3663364222336
4164,0.7645570766310409,B0*i*s + i**2*s - i*s**2 ; B1*i + Abs(i)**(1/8),i**2*s - i*s**2 + 1.29476396018283*i*s ; 1.79897797150568*i + Abs(i)**(1/8)
4165,0.7645432476145425,B0*i*s - i**2*s + s*sqrt(Abs(i)) ; 0,-i**2*s - 5.3832106210199*i*s + s*sqrt(Abs(i)) ; 0
4166,0.7644211385283264,B0 + B1*i + B2*s + i**2 - i*s ; 2*r,i**2 - i*s + 0.227865696812982*i - 0.0741092222929097*s + 0.135531029634555 ; 2*r
4167,0.764095953988815,B0 - i - s + sqrt(Abs(i)) ; B1 + Abs(r)**(1/4),-i - s + sqrt(Abs(i)) + 0.690289155316863 ; Abs(r)**(1/4) - 0.490738468946196
4168,0.7640312369897968,B0*i**3*s + B0*i**2*s ; sqrt(Abs(r)),0.304832105936127*i**3*s + 0.304832105936127*i**2*s ; sqrt(Abs(r))
4169,0.7639641658670858,B0*s**2 + B1*i*s**2 + B1*s**3 ; -i + sqrt(Abs(r)),0.0310028725610064*i*s**2 + 0.0310028725610064*s**3 + 0.0933752396884791*s**2 ; -i + sqrt(Abs(r))
4170,0.7639426432380428,B0*s + s**2 ; B1*sqrt(Abs(r)) + B2*Abs(r)**(3/2) + i*Abs(r)**(3/2),s**2 - 0.9527129202344*s ; i*Abs(r)**(3/2) + 0.987835143494264*Abs(r)**(3/2) + 10.5283725695973*sqrt(Abs(r))
4171,0.7638047628446982,B0*s + i*s + s**2 - s*sqrt(Abs(i)) ; r,i*s + s**2 - s*sqrt(Abs(i)) - 0.82059365157233*s ; r
4172,0.7629385421541317,B0*i + B0*Abs(B1 + i)**(1/4) ; B2*i**2*r + i**2*r**2 - r**2,2.04429962525049e-5*i + 2.04429962525049e-5*Abs(i + 117084228741.966)**(1/4) ; i**2*r**2 + 4.35874908829175*i**2*r - r**2
4173,0.7627515839278464,B0*i**2 + 2*i**3 ; i,2*i**3 + 31.5746186961759*i**2 ; i
4174,0.7625697528246043,B0*s ; B1*r**2 - i*r**2 + 2*r**3,0.0477138534738343*s ; -i*r**2 + 2*r**3 + 0.130875601023767*r**2
4175,0.7621284054554406,B0*sqrt(Abs(i)) ; B1*i*r + i**2*r - i*r**2,0.0125744625602062*sqrt(Abs(i)) ; i**2*r - i*r**2 + 0.00358660027541964*i*r
4176,0.7621284053627344,B0*sqrt(Abs(i)) ; B1*r**2 + i*r**2 - r**3,0.0125772411365321*sqrt(Abs(i)) ; i*r**2 - r**3 + 0.00218637633929836*r**2
4177,0.7621284047780158,B0*sqrt(Abs(i)) ; 2*i**2*r - i*r**2,0.0125726830924442*sqrt(Abs(i)) ; 2*i**2*r - i*r**2
4178,0.7619656804599854,B0*s - i*s + s**2 - s*sqrt(Abs(i)) ; r,-i*s + s**2 - s*sqrt(Abs(i)) - 0.483912579494517*s ; r
4179,0.7612596681442806,-i**3*s + i**2*s**2 ; r,-i**3*s + i**2*s**2 ; r
4180,0.759222964520857,B0*i*s + i**2*s ; B1*i*r + i**2*r - i*r**2,i**2*s + 0.183514308414676*i*s ; i**2*r - i*r**2 + 48.9065598985929*i*r
4181,0.7584476507519093,B0*s**2 - i*s**2 + s**3 ; B1 - Abs(i)**(3/4),-i*s**2 + s**3 - 0.93217005371417*s**2 ; 0.122973450363395 - Abs(i)**(3/4)
4182,0.758309637766542,s**2*sqrt(Abs(i)) ; i + r*sqrt(Abs(B0 - i)),s**2*sqrt(Abs(i)) ; i + r*sqrt(Abs(i + 0.0199161697471335))
4183,0.7582048000116118,i**2*s**2 ; Abs(B0*Abs(i)**(1/4) - r)**(1/4),i**2*s**2 ; Abs(r)**(1/4)
4184,0.7581791414543047,B0*i*s + i**2*s + 2*i*s**2 ; -r + sqrt(Abs(r)),i**2*s + 2*i*s**2 - 1.55493217883938*i*s ; -r + sqrt(Abs(r))
4185,0.758053799840194,B0*i*s - i**3*s + i**2*s**2 ; i,-i**3*s + i**2*s**2 + 1.21250811069688*i*s ; i
4186,0.7579652022553197,B0*i ; B1*i*r + 2*i**2*r,0.0261822566178325*i ; 2*i**2*r + 0.0270890325046767*i*r
4187,0.7579652016192542,B0*i ; B1*r**2 + 2*i*r**2,0.0261871774769411*i ; 2*i*r**2 + 0.00564373899009958*r**2
4188,0.757819070299922,B0*i*s + i**2*s - i*s**2 ; B1 - i - r - sqrt(Abs(r)),i**2*s - i*s**2 + 1.32504249306513*i*s ; -i - r - sqrt(Abs(r)) + 0.774893806759806
4189,0.7575278370975663,B0*i**2 + i**3 - i**2*s ; B1 + i - r,i**3 - i**2*s + 1.10515589089034*i**2 ; i - r - 0.081156989031254
4190,0.7573778086738575,i**3 + i**2*s + Abs(i)**(5/2) ; B0*i,i**3 + i**2*s + Abs(i)**(5/2) ; 0.0357121972224174*i
4191,0.7573173690123527,B0*i**2 + i**3 + i**2*s + i*s ; i,i**3 + i**2*s + 5.59140026460386*i**2 + i*s ; i
4192,0.7566419336479828,B0*s*sqrt(Abs(i)) + s**2 ; B1*Abs(i)**(3/2) + B2*i**2 + B2*i*r,s**2 - 2.03727646627885*s*sqrt(Abs(i)) ; 0.964251254908893*i**2 + 0.964251254908893*i*r - 0.365153590689741*Abs(i)**(3/2)
4193,0.7565451795618249,B0*s**2 + B1*i*s + i**2*s - i*s**2 ; B2 - r,i**2*s - i*s**2 + 0.739327030992094*i*s + 0.0610469891014334*s**2 ; 0.308420254799358 - r
4194,0.7563880981611641,B0*i**2 ; B1*sqrt(Abs(r)) + i*sqrt(Abs(r)) - 2*Abs(r)**(3/2),0.304092128236669*i**2 ; i*sqrt(Abs(r)) - 2*Abs(r)**(3/2) + 0.20409355434053*sqrt(Abs(r))
4195,0.7558271576354846,B0*i*s ; B1*i + B2*i*r + i**2*r + r,0.00437689528429043*i*s ; i**2*r + 37.8546893691488*i*r + 2.886669479519*i + r
4196,0.755252491786005,i**3*s**2 - i*s**3 ; i,i**3*s**2 - i*s**3 ; i
4197,0.7551412404427225,B0*i + i**2 - 3*i*s ; -i*r**3 + i*r**2,i**2 - 3*i*s + 0.1902852253655*i ; -i*r**3 + i*r**2
4198,0.75485355907844,i*s**2 + i*s ; i,i*s**2 + i*s ; i
4199,0.7547488707614937,B0*s**2 + 2*i*s**2 ; B1 + i - r + sqrt(Abs(i + r)),2*i*s**2 - 0.0711999882791041*s**2 ; i - r + sqrt(Abs(i + r)) - 0.202402786990236
4200,0.754419433855528,-i*s**3 + s**3*Abs(i)**(3/2) ; sqrt(Abs(B0*i*r + r)),-i*s**3 + s**3*Abs(i)**(3/2) ; sqrt(Abs(0.0156815426212001*i*r + r))
4201,0.7537405898228972,B0*i + B1*i*s + B2*i**2*s ; i + r,-0.315749723787168*i**2*s - 11.895411231909*i*s + 11.8001079446799*i ; i + r
4202,0.7526593269082704,i*s*sqrt(Abs(B0 + 2*i)) ; B1 + B2*r,i*s*sqrt(Abs(2*i + 0.0457874649609811)) ; 0.0481672650047033*r + 0.00310081970733633
4203,0.7521902849036246,B0*i + B1*i*s - 2*i**2 ; i + sqrt(Abs(B2 + r - sqrt(Abs(i)))),-2*i**2 - 10.0501009764769*i*s + 9.78625393806733*i ; i + sqrt(Abs(r - sqrt(Abs(i)) + 0.23640761268224))
4204,0.7515066343504555,B0 - i**3 + i*s ; B1*r,-i**3 + i*s - 0.0144472369457175 ; 1.01111655944433*r
4205,0.7503855502876222,B0*i ; -i*r**2 + r**2*sqrt(Abs(B1 + i)) + r**2,0.0261812126899554*i ; -i*r**2 + r**2*sqrt(Abs(i + 0.00124706647895258)) + r**2
4206,0.7500157127463488,B0*s + i*s ; B1 + 2*i + sqrt(Abs(r)),i*s + 0.0533599915855085*s ; 2*i + sqrt(Abs(r)) - 0.405829849983543
4207,0.7496980587427505,B0*i*s**3 + i*s**4 ; i,i*s**4 + 0.374973686010402*i*s**3 ; i
4208,0.7487718888283877,B0*i**2*s**2 + B1*i**3*s ; i,-1810.72593684522*i**3*s + 103.732956112186*i**2*s**2 ; i
4209,0.7485592824471414,B0*s + s*sqrt(Abs(B1*s**2 + s**3)) ; B2*r,s*sqrt(Abs(s**3 - 0.474740866313844*s**2)) - 0.667916488796149*s ; 0.127143792210236*r
4210,0.7478676708701658,B0*i + B1*i**2 + B2*s + B3*i*s ; r,1.56720807267353*i**2 - 1.15583406487544*i*s + 0.472121203709104*i + 0.049789412427835*s ; r
4211,0.7474831395331587,i**2*s**3 + i*s**4 ; Abs(B0 + Abs(r)**(1/4))**(1/4),i**2*s**3 + i*s**4 ; Abs(r)**(1/16)
4212,0.745010280665413,s - Abs(i - s)**(1/8) ; sqrt(Abs(i + r)),s - Abs(i - s)**(1/8) ; sqrt(Abs(i + r))
4213,0.7449087802689233,s*sqrt(Abs(B0 + i + 2*s)) ; sqrt(Abs(r)),s*sqrt(Abs(i + 2*s + 9.33897241465792)) ; sqrt(Abs(r))
4214,0.74439957158796,B0*s + 2*i*s ; B1 + i,2*i*s - 0.0261049528508247*s ; i - 0.0114979034047824
4215,0.7415008146014961,B0*i**2*s**2 - i**3*s**2 ; (-1 + sqrt(2))*sqrt(Abs(r)),-i**3*s**2 + 0.440456423845263*i**2*s**2 ; (-1 + sqrt(2))*sqrt(Abs(r))
4216,0.7407773666628651,-i**5 + i**4*s ; r,-i**5 + i**4*s ; r
4217,0.7406773900933993,B0 - i + sqrt(Abs(i)) ; B1*i*r + i**2*r**2 - 2*i*r**2,-i + sqrt(Abs(i)) - 0.160244620298859 ; i**2*r**2 - 2*i*r**2 + 0.00386054423549903*i*r
4218,0.7401403049145989,B0*s + i**2*s + i*s**2 + s**2 ; i,i**2*s + i*s**2 + s**2 - 0.980492544033357*s ; i
4219,0.7397743759481796,B0*sqrt(Abs(i)) + B1*Abs(i)**(3/2) ; -i + sqrt(Abs(B2*r**2 - r)),-1.5642843886428*Abs(i)**(3/2) + 0.679216505133508*sqrt(Abs(i)) ; -i + sqrt(Abs(0.0301956259502072*r**2 + r))
4220,0.7395273844664397,B0*Abs(s)**(3/2) + i*Abs(s)**(3/2) ; -i*r + r*sqrt(Abs(B1*i + r)),i*Abs(s)**(3/2) - 0.0146617477618678*Abs(s)**(3/2) ; -i*r + r*sqrt(Abs(0.00718362354974219*i + r))
4221,0.7389538166064533,i*s ; B0 + i*r,i*s ; i*r + 0.0130255488925867
4222,0.7386741328648124,s*Abs(i)**(5/4) ; sqrt(Abs(r - sqrt(Abs(r)))),s*Abs(i)**(5/4) ; sqrt(Abs(r - sqrt(Abs(r))))
4223,0.7384945904137205,i*s ; B0 + B1*r,i*s ; 0.01180689971772*r + 0.0140476240883518
4224,0.7381141035655933,i*Abs(s)**(3/2) ; B0*r,i*Abs(s)**(3/2) ; 0.49071601162188*r
4225,0.736841112407248,-2*i**2 + i*s + Abs(i)**(5/2) ; B0 + Abs(r)**(1/4),-2*i**2 + i*s + Abs(i)**(5/2) ; Abs(r)**(1/4)
4226,0.7362894103680246,B0*s + 2*i*s**3 ; i,2*i*s**3 + 0.00773688262187844*s ; i
4227,0.7350584783669192,B0*s + 2*i*s + s**2 ; i,2*i*s + s**2 - 0.991586791452363*s ; i
4228,0.7343854807853394,2*i*s ; B0*sqrt(Abs(i)) + i,2*i*s ; i + 0.0253115411147291*sqrt(Abs(i))
4229,0.7320975051809521,B0*sqrt(Abs(i)) ; r + Abs(i)**(1/16)*Abs(r)**(1/16),0.012577624681836*sqrt(Abs(i)) ; r + Abs(i)**(1/16)*Abs(r)**(1/16)
4230,0.7312729793034923,i**2*s**3 + i*s**3 ; B0*i*r + 2*i**2*r,i**2*s**3 + i*s**3 ; 2*i**2*r + 0.005235504262826*i*r
4231,0.7299993872271727,-i**2*s - i*s**2 + s*sqrt(Abs(i)) ; B0 + sqrt(2)*i*sqrt(Abs(r)),-i**2*s - i*s**2 + s*sqrt(Abs(i)) ; sqrt(2)*i*sqrt(Abs(r)) + 0.120766720379183
4232,0.7297094378321929,B0*i*s + 2*i**2*s + i*s**2 ; i,2*i**2*s + i*s**2 + 0.250240336634132*i*s ; i
4233,0.7280418644954391,B0*s + i*s ; B1 + i*r,i*s + 0.0694141641950719*s ; i*r + 0.0599783625286858
4234,0.7276592290640728,s*sqrt(Abs(B0 + i)) ; B1 + i**2,s*sqrt(Abs(i + 93.0052684417234)) ; i**2 + 6.05441753177612
4235,0.7269042347195439,B0*s**2 + 2*i*s**2 ; i,2*i*s**2 - 0.00193733583899485*s**2 ; i
4236,0.7266368933134704,sqrt(Abs(i))*Abs(s)**(5/2) ; i,sqrt(Abs(i))*Abs(s)**(5/2) ; i
4237,0.7262713281845846,-2*i**2 + 2*i*s ; B0 + i*r + i,-2*i**2 + 2*i*s ; i*r + i - 0.00174006644781029
4238,0.7249096721738013,i**2*s**2 + i*s**3 ; B0 + r,i**2*s**2 + i*s**3 ; r
4239,0.7180256845930378,B0 - i*s + i ; B1*r + B3*sqrt(Abs(B2 + i + r)),-i*s + i - 0.316424731109535 ; -0.420070350792323*r + 4.04312725032287*sqrt(Abs(i + r + 0.206475043348836))
4240,0.7131032605114179,B0 + i*s*sqrt(Abs(i + s)) + i*s ; B1 + 2*i,i*s*sqrt(Abs(i + s)) + i*s + 0.0267803739192869 ; 2*i - 0.0174501305219515
4241,0.7129168824066089,B0*Abs(s)**(3/2) + i*Abs(s)**(3/2) - Abs(s)**(5/2) ; B1 + i,i*Abs(s)**(3/2) - Abs(s)**(5/2) + 1.20238804243956*Abs(s)**(3/2) ; i + 0.528539022065025
4242,0.7119660467355723,i*s*sqrt(Abs(2*i - s)) ; r,i*s*sqrt(Abs(2*i - s)) ; r
4243,0.7116581708189442,B0*sqrt(Abs(i)) + i**2 ; B1 + sqrt(Abs(i)),i**2 + 0.346486672151909*sqrt(Abs(i)) ; sqrt(Abs(i)) - 0.0776850716289203
4244,0.711049339818137,i**2 - sqrt(Abs(B0 - s)) ; B1*sqrt(Abs(i)) + i,i**2 - sqrt(Abs(s - 1.28398940598367)) ; i + 0.928829749079647*sqrt(Abs(i))
4245,0.7107560491901469,-s**2 + Abs(s)**(5/4) ; -2*i*r + sqrt(2)*r*sqrt(Abs(i)),-s**2 + Abs(s)**(5/4) ; -2*i*r + sqrt(2)*r*sqrt(Abs(i))
4246,0.7072157932944118,B0*Abs(i)**(3/2) - i**2 - s ; B1*i*r**3,-i**2 - s + 5.19763203000587*Abs(i)**(3/2) ; 0.385631801736755*i*r**3
4247,0.7019391681817373,i*Abs(s)**(3/2) ; r*sqrt(Abs(B0 + i**2 + i)),i*Abs(s)**(3/2) ; r*sqrt(Abs(i**2 + i + 41.0565400091455))
4248,0.7015238374527083,B0*i**2*s**2 + i**3*s**2 - i*s**2 ; i,i**3*s**2 + 66.6237039044466*i**2*s**2 - i*s**2 ; i
4249,0.6989939968972991,-i*sqrt(Abs(B0 + i)) + s*sqrt(Abs(B0 + i)) ; B1*r + i*r + r**2,-i*sqrt(Abs(i - 0.109184495572864)) + s*sqrt(Abs(i - 0.109184495572864)) ; i*r + r**2 + 53.5996950261041*r
4250,0.6989937284316735,-i*sqrt(Abs(B0 + i)) + s*sqrt(Abs(B0 + i)) ; B1*r + i*r,-i*sqrt(Abs(i - 0.109184548716856)) + s*sqrt(Abs(i - 0.109184548716856)) ; i*r + 0.0506550149062213*r
4251,0.6988465894872686,B0*s + s*sqrt(Abs(i)) ; i*sqrt(Abs(i + r + Abs(i)**(1/4))),s*sqrt(Abs(i)) - 0.130347133984323*s ; i*sqrt(Abs(i + r + Abs(i)**(1/4)))
4252,0.6959797463069235,i**2 - sqrt(Abs(i)) ; B0 - r,i**2 - sqrt(Abs(i)) ; 1.20107498233553 - r
4253,0.6953579612032603,i**2*s ; B0 + r,i**2*s ; r
4254,0.6953579612032603,i**2*s ; r,i**2*s ; r
4255,0.6945430208218821,B0*i*s**3 + s**3 ; B1 + i*r + r,0.604046247206117*i*s**3 + s**3 ; i*r + r + 2.1787371383384
4256,0.6938779668075711,-i**2 + 2*i*s - Abs(i)**(3/2) ; r,-i**2 + 2*i*s - Abs(i)**(3/2) ; r
4257,0.6900637770643213,B0 - i - sqrt(Abs(B1 + sqrt(Abs(i)))) ; i + Abs(B2*r + r**2)**(1/4),-i - sqrt(sqrt(Abs(i)) + 13.8960596921063) + 3.4928745951294 ; i + Abs(r**2 - 0.00345431819381994*r)**(1/4)
4258,0.6896009723472034,B0*i**2*s + B1*i**2*s**2 + B2*i**3*s ; i,-12.6362415750586*i**3*s + 2.44250286973989*i**2*s**2 + 32.0131709279415*i**2*s ; i
4259,0.6884252684914286,-i**3 + i**2*Abs(s)**(1/4) ; -r + Abs(i)**(1/4),-i**3 + i**2*Abs(s)**(1/4) ; -r + Abs(i)**(1/4)
4260,0.6881932775702506,B0 - i**2 - s ; i*r,-i**2 - s + 0.985552269906308 ; i*r
4261,0.6879352348108212,i**2*s**3 + i*s**2 ; B0 + r,i**2*s**3 + i*s**2 ; r
4262,0.6876844262138259,-2*i**2 + 2*i*s ; B0 + B1*i,-2*i**2 + 2*i*s ; 0.127372342435615*i + 0.000895005202720761
4263,0.6874277388756223,B0 - i**3 + i*sqrt(Abs(s)) ; B1*r*Abs(i)**(3/2),-i**3 + i*sqrt(Abs(s)) - 0.0145545660010101 ; 0.0112027723028843*r*Abs(i)**(3/2)
4264,0.6871387154849703,s**2*sqrt(Abs(B0 + s)) ; r,s**2*sqrt(Abs(s - 0.703456797090046)) ; r
4265,0.6835628917050277,B0 - Abs(i + s)**(1/4) ; B1 + i + Abs(r)**(1/4),0.832633152875231 - Abs(i + s)**(1/4) ; i + Abs(r)**(1/4) + 0.618092926517973
4266,0.6834651264398955,2*i**2*s**2 ; sqrt(Abs(B0 + r)),2*i**2*s**2 ; sqrt(Abs(r))
4267,0.6820992769469221,i**2*Abs(s)**(3/2) ; B0*i**2*r + i*r**2 - r,i**2*Abs(s)**(3/2) ; 34.9618979729019*i**2*r + i*r**2 - r
4268,0.6813147857891334,B0 + i*s ; -i*r + r*sqrt(Abs(i)),i*s - 0.0144478478364016 ; -i*r + r*sqrt(Abs(i))
4269,0.6795116714794267,-i*s**2 ; sqrt(Abs(r - sqrt(Abs(i + r)))),-i*s**2 ; sqrt(Abs(r - sqrt(Abs(i + r))))
4270,0.6780422483119182,B0*s + i*s + s*sqrt(Abs(B1 + i)) ; 2*i*r + i - r,i*s + s*sqrt(Abs(i + 0.539134414160441)) - 0.750910056717277*s ; 2*i*r + i - r
4271,0.6768792220375744,B0*s + i*s ; B1*i*r,i*s - 0.0146640120063061*s ; 0.0051979221534347*i*r
4272,0.6768790168885811,B0*s - s**2 ; B1*r,-s**2 + 0.985336048791379*s ; 0.091629329886754*r
4273,0.6768787719617709,B0*s - s**2 ; B1*Abs(i)**(1/4) - r,-s**2 + 0.985336085675965*s ; -r + 0.000826287636244321*Abs(i)**(1/4)
4274,0.6768701453545809,B0*s + i*s ; r**2,i*s - 0.0146634854404213*s ; r**2
4275,0.6768689854240536,B0*s + i*s ; i*r,i*s - 0.0146634490070363*s ; i*r
4276,0.6768665973336181,B0*s - s**2 ; i,-s**2 + 0.985336620924314*s ; i
4277,0.6768652592197119,B0*s - s**2 ; sqrt(Abs(i*r + i)),-s**2 + 0.985336657702983*s ; sqrt(Abs(i*r + i))
4278,0.6767229350421152,-i + s**2 ; B0*sqrt(Abs(i - r)),-i + s**2 ; 0.0179049525121979*sqrt(Abs(i - r))
4279,0.6750010081895581,B0*i**2*s**2 + s**2 ; B1 + i,-4.69394744645994*i**2*s**2 + s**2 ; i - 0.421140570757305
4280,0.67243732383142,-i + s ; r,-i + s ; r
4281,0.67243732383142,-i + s ; sqrt(Abs(r)),-i + s ; sqrt(Abs(r))
4282,0.6717551275744076,s*sqrt(Abs(i)) - Abs(i)**(3/2) ; i,s*sqrt(Abs(i)) - Abs(i)**(3/2) ; i
4283,0.6663143949745328,s*sqrt(Abs(B0*sqrt(Abs(i)) + i)) ; r,s*sqrt(Abs(i - 0.607174729005266*sqrt(Abs(i)))) ; r
4284,0.6647400057502781,2*i*s**2 ; B0 + B1*Abs(i)**(1/4),2*i*s**2 ; 0.034883118524962 - 0.0208067281781067*Abs(i)**(1/4)
4285,0.662933254384738,B0*s**2 + s**2*Abs(i)**(1/4) ; i,s**2*Abs(i)**(1/4) - 0.266926391425232*s**2 ; i
4286,0.6612844741898312,i*s ; B0 + B1*i*r**2 - r,i*s ; 9.23514104476443*i*r**2 - r + 0.0290185594306053
4287,0.6590558210871746,-i + s ; i**2*r,-i + s ; i**2*r
4288,0.658019115407672,B0*s**2 + s ; sqrt(Abs(B1*r + B2*sqrt(Abs(r)))),-1.01488269911217*s**2 + s ; sqrt(Abs(0.00341991741130685*r + 88.2748017306596*sqrt(Abs(r))))
4289,0.6554634655175756,-i*s + s**3 ; B0 + B1*sqrt(Abs(r)),-i*s + s**3 ; 1.08625442700681 - 2.3443842985976*sqrt(Abs(r))
4290,0.6502064296563769,B0*s - s**2 ; B1*r - i*r + r**2,-s**2 + 0.985336150703351*s ; -i*r + r**2 + 74.9722833311889*r
4291,0.6496925634985062,B0*s**2 + i*s**2 - Abs(s)**(5/2) ; sqrt(Abs(r)),i*s**2 + 0.977971990725767*s**2 - Abs(s)**(5/2) ; sqrt(Abs(r))
4292,0.6496004026705532,-2*i - s + sqrt(Abs(i)) ; i*r + r**2,-2*i - s + sqrt(Abs(i)) ; i*r + r**2
4293,0.6470197880234612,i*s ; B0*r,i*s ; 0.00196351278740192*r
4294,0.6470197880234612,i*s ; r,i*s ; r
4295,0.6470197880234612,i*s ; r**2,i*s ; r**2
4296,0.6470197880234612,i*s ; i*r,i*s ; i*r
4297,0.6470197880234612,i*s ; sqrt(Abs(r)),i*s ; sqrt(Abs(r))
4298,0.6436754679944764,s*sqrt(Abs(i)) ; B0 + B1*r - i*r,s*sqrt(Abs(i)) ; -i*r - 0.755076155052788*r + 0.281248433872541
4299,0.6414976437798191,B0*Abs(i)**(5/4) - 2*i**2 ; B1 - sqrt(Abs(B2 + i)),-2*i**2 + 0.106072895544963*Abs(i)**(5/4) ; 1.9689749145399 - sqrt(Abs(i + 3.86175726344839))
4300,0.6411839328728833,s**2*sqrt(Abs(i)) ; r,s**2*sqrt(Abs(i)) ; r
4301,0.6399126415981256,2*i*s**2 ; i**2,2*i*s**2 ; i**2
4302,0.6385074244778406,-i*s + s*Abs(B0 + s)**(1/4) ; r,-i*s + s*Abs(s - 0.858703278298617)**(1/4) ; r
4303,0.6378686345227275,s**2*sqrt(Abs(B0 + sqrt(2)*sqrt(Abs(i)))) ; Abs(r)**(1/4)*sqrt(Abs(B1 + i)),s**2*sqrt(Abs(sqrt(2)*sqrt(Abs(i)) - 0.549934210767856)) ; Abs(r)**(1/4)*sqrt(Abs(i + 0.000380092517210769))
4304,0.6350302257488039,B0 - i**2 + i ; i**3*r + i**2*r**2,-i**2 + i - 0.0144478607185871 ; i**3*r + i**2*r**2
4305,0.6349312411642744,i*s*Abs(i - 2*s)**(1/4) ; sqrt(Abs(r - sqrt(Abs(r)))),i*s*Abs(i - 2*s)**(1/4) ; sqrt(Abs(r - sqrt(Abs(r))))
4306,0.6341440942417943,-s**2 + s ; sqrt(Abs(B0 + i)),-s**2 + s ; sqrt(Abs(i + 0.450878409982545))
4307,0.6341440942417942,i*s ; r**3,i*s ; r**3
4308,0.6341440942417942,i*s ; B0*i*r,i*s ; 0.160590935543262*i*r
4309,0.633156881887541,sqrt(Abs(B0*s**2 + i*s**2)) ; B1 - Abs(i)**(1/4),sqrt(Abs(i*s**2 + 0.00922442382488827*s**2)) ; 0.722713995648237 - Abs(i)**(1/4)
4310,0.6330863921036138,-i**2 - i*s + s ; sqrt(Abs(r)),-i**2 - i*s + s ; sqrt(Abs(r))
4311,0.6325321831745329,2**(1/8)*s*Abs(i)**(9/8) ; sqrt(Abs(r - sqrt(Abs(r)))),2**(1/8)*s*Abs(i)**(9/8) ; sqrt(Abs(r - sqrt(Abs(r))))
4312,0.6295498219058663,2*i*s**3 + s**2 ; B0 + 2*i,2*i*s**3 + s**2 ; 2*i + 1.59097657673507
4313,0.6288995139134381,-i*sqrt(Abs(B0 + s)) + s*sqrt(Abs(B0 + s)) ; i,-i*sqrt(Abs(s - 0.74359894865435)) + s*sqrt(Abs(s - 0.74359894865435)) ; i
4314,0.6288692758268963,i**3*s + i**2*s**2 ; r,i**3*s + i**2*s**2 ; r
4315,0.6278026532993763,i*s ; Abs(i)**(3/2)*sqrt(Abs(r)),i*s ; Abs(i)**(3/2)*sqrt(Abs(r))
4316,0.62627774929836,Abs(i)**(3/2)*Abs(s)**(3/2) ; sqrt(Abs(r - sqrt(Abs(i)))),Abs(i)**(3/2)*Abs(s)**(3/2) ; sqrt(Abs(r - sqrt(Abs(i))))
4317,0.6255579299645675,-i + sqrt(Abs(i)) ; B0*sqrt(Abs(r)),-i + sqrt(Abs(i)) ; 0.0431471076587618*sqrt(Abs(r))
4318,0.6157136138556324,B0*s + i**2*s**2 - s**2 ; i,i**2*s**2 - s**2 + 0.985262717658616*s ; i
4319,0.6153093804987187,i*s*sqrt(Abs(i + s)) ; sqrt(Abs(B0*i + r)),i*s*sqrt(Abs(i + s)) ; sqrt(Abs(r))
4320,0.6153093804987187,i*s ; B0*sqrt(Abs(r)) + Abs(r)**(3/2),i*s ; Abs(r)**(3/2) + 0.000861068028003057*sqrt(Abs(r))
4321,0.610230541552892,sqrt(Abs(i))*Abs(s)**(3/2) ; B0 + r,sqrt(Abs(i))*Abs(s)**(3/2) ; r + 0.0583430943889383
4322,0.6091562866937316,i*s ; 2*r + Abs(i)**(1/4)*Abs(r)**(3/4),i*s ; 2*r + Abs(i)**(1/4)*Abs(r)**(3/4)
4323,0.6063577939414857,s*sqrt(Abs(B0*s - i*s)) ; B1 + 2*i + 2*r,s*sqrt(Abs(i*s - 0.178787714477839*s)) ; 2*i + 2*r - 0.362158924237774
4324,0.6046211078812891,s**2*sqrt(Abs(B0 - i + s)) ; r*sqrt(Abs(B1 + r)) + r,s**2*sqrt(Abs(i - s + 0.674479850760161)) ; r*sqrt(Abs(r + 0.0307948380755489)) + r
4325,0.6030647238267942,i*s ; Abs(i)**(1/4)*Abs(r)**(9/8),i*s ; Abs(i)**(1/4)*Abs(r)**(9/8)
4326,0.5997845614392355,-2*i**2*s + s*sqrt(Abs(i)) ; -i + sqrt(Abs(B0*i*r + i**2)),-2*i**2*s + s*sqrt(Abs(i)) ; -i + sqrt(Abs(i**2 + 0.0020413172783922*i*r))
4327,0.5988751063467238,s*sqrt(Abs(s - sqrt(Abs(s)))) ; r,s*sqrt(Abs(s - sqrt(Abs(s)))) ; r
4328,0.5911128115614028,s**2*Abs(B0 + s)**(1/4) ; sqrt(Abs(r)),s**2*Abs(s - 0.835476818345203)**(1/4) ; sqrt(Abs(r))
4329,0.5911128115614028,s**2*Abs(B0 + s)**(1/4) ; sqrt(Abs(r - sqrt(Abs(i - r)))),s**2*Abs(s - 0.835476818345203)**(1/4) ; sqrt(Abs(r - sqrt(Abs(i - r))))
4330,0.591063735822641,i*s ; r*sqrt(Abs(r**3 + r**2)),i*s ; r*sqrt(Abs(r**3 + r**2))
4331,0.591063735822641,i*s ; B0*r*sqrt(Abs(i)) + B1*i*r,i*s ; 0.713256724568062*i*r + 0.0440799246163599*r*sqrt(Abs(i))
4332,0.5841771094281235,-i + s ; B0*r**2 - i*r**2 + r**3,-i + s ; -i*r**2 + r**3 + 0.000268807210279557*r**2
4333,0.5791351300165167,i*s + s**2 ; B0 + B1*i,i*s + s**2 ; 2.37222760759565*i + 1.87813967586624
4334,0.5762037815000624,i**2*s + 2*i*s**2 ; B0 + B1*i,i**2*s + 2*i*s**2 ; 0.0480421852905201*i + 0.0270707517048751
4335,0.5732102435645914,B0*s**2 + i*s**3 - s**4 ; i,i*s**3 - s**4 + 0.960455588138621*s**2 ; i
4336,0.5711134656386726,B0*s**2 - s**3 + s*sqrt(Abs(i)) ; B1*i,-s**3 + 0.898465517101323*s**2 + s*sqrt(Abs(i)) ; 3.4850382046227*i
4337,0.5695380251978276,i**2*s**2 + 2*i*s**3 ; r,i**2*s**2 + 2*i*s**3 ; r
4338,0.5663328682949026,s**2*sqrt(Abs(B0*i + s)) ; B1 + i,s**2*sqrt(Abs(2.17527519472125*i + s)) ; i + 0.949302566951872
4339,0.5655883823117845,i**2 + s - sqrt(Abs(i)) ; B0 + B1*i,i**2 + s - sqrt(Abs(i)) ; 0.0769223986268264*i - 0.0021790004931138
4340,0.5653191299293793,B0*i*s + B1*i*s**2 ; sqrt(Abs(r - sqrt(Abs(B2 + r)))),-0.0287149551986722*i*s**2 + 0.0339721450528533*i*s ; sqrt(Abs(r - sqrt(Abs(r + 0.610952506753812))))
4341,0.5645160862492596,sqrt(3)*i*Abs(s)**(3/2) ; -i*r + r**2,sqrt(3)*i*Abs(s)**(3/2) ; -i*r + r**2
4342,0.559831004503345,s*sqrt(Abs(B0 + s)) ; i,s*sqrt(Abs(s - 0.583013285882243)) ; i
4343,0.5533182843936847,s*sqrt(Abs(B0*i + i*s)) ; B1 + sqrt(Abs(2*i - r)),s*sqrt(Abs(i*s - 0.113077097498189*i)) ; sqrt(Abs(2*i - r)) - 0.0710512986755937
4344,0.5500984381337766,B0*i*s**2 + i**2*s**2 + i*s**3 ; sqrt(Abs(r - sqrt(Abs(B1 - 2*i)))),i**2*s**2 + i*s**3 - 1.02809534683989*i*s**2 ; sqrt(Abs(r - sqrt(Abs(2*i + 0.293963855659546))))
4345,0.5498620141854966,sqrt(2)*sqrt(Abs(i))*Abs(s)**(3/2) ; i + r,sqrt(2)*sqrt(Abs(i))*Abs(s)**(3/2) ; i + r
4346,0.5454065402512224,i*s**2 + s*Abs(i)**(3/2) ; B0*r,i*s**2 + s*Abs(i)**(3/2) ; 0.200032722419542*r
4347,0.5444660721912584,s*sqrt(Abs(B0 + i*s)) ; B1 - i + r,s*sqrt(Abs(i*s + 0.00630924392142246)) ; -i + r + 0.109049141343576
4348,0.5440778308553126,-i*Abs(s)**(1/4) + s ; sqrt(Abs(B0 + r)),-i*Abs(s)**(1/4) + s ; sqrt(Abs(r))
4349,0.539241402000027,s**2*Abs(i)**(1/4) ; r,s**2*Abs(i)**(1/4) ; r
4350,0.5389936578993435,-i**4 + i**3 + i**2*s ; r,-i**4 + i**3 + i**2*s ; r
4351,0.5367751049782651,s**2 - s*sqrt(Abs(i)) ; r,s**2 - s*sqrt(Abs(i)) ; r
4352,0.5282168888913059,s**4 ; r,s**4 ; r
4353,0.5271741320120145,sqrt(Abs(B0*s**2 - s**3)) ; B1 + r*sqrt(Abs(i*r + r**2)),sqrt(Abs(s**3 - 0.580130329383492*s**2)) ; r*sqrt(Abs(i*r + r**2)) + 0.000222686361966894
4354,0.5249275486467398,-i + sqrt(Abs(B0 + i - s)) ; r,-i + sqrt(Abs(i - s + 0.308237233643068)) ; r
4355,0.5208115509379365,sqrt(Abs(i))*Abs(s)**(5/4) ; 2*r,sqrt(Abs(i))*Abs(s)**(5/4) ; 2*r
4356,0.5208115509379365,sqrt(Abs(i))*Abs(s)**(5/4) ; sqrt(Abs(r)),sqrt(Abs(i))*Abs(s)**(5/4) ; sqrt(Abs(r))
4357,0.5202507982277685,-s*sqrt(Abs(B0*s - i)) + s ; sqrt(Abs(B1 + B2*i)),-s*sqrt(Abs(i - 0.00739023049514924*s)) + s ; sqrt(Abs(0.000528411965636411*i - 0.000239892575719622))
4358,0.5201521074198359,-i**2*s - i*s**2 + s**2 ; i**2 - i*r - i*sqrt(Abs(B0 + r)),-i**2*s - i*s**2 + s**2 ; i**2 - i*r - i*sqrt(Abs(r + 1.75696354595008))
4359,0.51891273817006,Abs(s)**(7/2) ; r,Abs(s)**(7/2) ; r
4360,0.5174411404801997,-i*s + s**2 ; B0 + B1*i,-i*s + s**2 ; 0.0534850463124863 - 0.0125796132482752*i
4361,0.517220145661368,s*sqrt(Abs(B0 - 2*i + s)) ; B1 - r,s*sqrt(Abs(2*i - s + 0.56488836944059)) ; 0.687288066876768 - r
4362,0.5147944921951632,B0*s**2 + i**2*s**2 - i*s**2 ; sqrt(Abs(B1 + r)),i**2*s**2 - i*s**2 + 0.146801786243179*s**2 ; sqrt(Abs(r - 0.458353833107694))
4363,0.5139142066945185,s**3 ; B0 + r,s**3 ; r + 0.0293177292268278
4364,0.5139142066945185,s**3 ; sqrt(Abs(i)),s**3 ; sqrt(Abs(i))
4365,0.5139142066945185,s**3 ; B0*r,s**3 ; 3.30680216257437*r
4366,0.5139142066945185,s**3 ; r,s**3 ; r
4367,0.5102622648707155,-i*s + Abs(s)**(3/2) ; B0 + B1*r + i,-i*s + Abs(s)**(3/2) ; i + 0.881875803002256*r - 0.527745186657172
4368,0.5099222260371595,B0*s**2 - s**3 + s*sqrt(Abs(i)) ; -r + sqrt(Abs(B1*i + i**2)),-s**3 + 0.947253104755438*s**2 + s*sqrt(Abs(i)) ; -r + sqrt(Abs(i**2 + 4.04893770180004*i))
4369,0.5037602935832087,2*i*s ; B0 + B1*r,2*i*s ; 0.0287425854494682 - 0.0186575813679064*r
4370,0.5033762983193207,B0*s**2 + i**2*s**2 + i*s**3 ; B1 + sqrt(Abs(i - r + sqrt(Abs(r)))),i**2*s**2 + i*s**3 + 0.537632703488515*s**2 ; sqrt(Abs(i - r + sqrt(Abs(r)))) - 0.153241974989027
4371,0.4982953186938744,i**2*s + i*s ; r,i**2*s + i*s ; r
4372,0.49730571546951813,-i*s**3 + s**3 ; r,-i*s**3 + s**3 ; r
4373,0.49366393643306977,-i*s**2 + s**2 ; r,-i*s**2 + s**2 ; r
4374,0.4901319595468986,i*s*sqrt(Abs(B0 + s)) + i*s ; r,i*s*sqrt(Abs(s - 0.58719057441282)) + i*s ; r
4375,0.4897610268061215,B0*i*s + Abs(s)**(3/2) ; sqrt(Abs(r + sqrt(Abs(i))*sqrt(Abs(r)))),-1.187262551353*i*s + Abs(s)**(3/2) ; sqrt(Abs(r + sqrt(Abs(i))*sqrt(Abs(r))))
4376,0.4891876989612534,B0*i*s + s**2 ; -r**2 + r*sqrt(Abs(i)),-0.774930787706191*i*s + s**2 ; -r**2 + r*sqrt(Abs(i))
4377,0.4884039858457591,Abs(s)**(5/2) ; i,Abs(s)**(5/2) ; i
4378,0.4884039858457591,Abs(s)**(5/2) ; r,Abs(s)**(5/2) ; r
4379,0.48789193178867535,B0*s**2 - i*s**2 + 2*s**3 ; sqrt(Abs(r)),-i*s**2 + 2*s**3 + 0.0951957598997892*s**2 ; sqrt(Abs(r))
4380,0.48391105427879855,s*sqrt(Abs(i)) ; r,s*sqrt(Abs(i)) ; r
4381,0.48391105427879855,s*sqrt(Abs(i)) ; B0*r,s*sqrt(Abs(i)) ; 0.000106770858208181*r
4382,0.4828135148874331,i**2 - sqrt(Abs(B0 - i)) ; -r**2,i**2 - sqrt(Abs(i + 0.340291566063224)) ; -r**2
4383,0.4825337357657953,2*i*s**2 ; B0*i*r - i,2*i*s**2 ; -2.8396293529875*i*r - i
4384,0.4811522742562323,sqrt(Abs(B0*sqrt(Abs(s)) + B1 + B2*i)) ; B3 + sqrt(Abs(i + r)),sqrt(Abs(0.000963544628258203*i + 0.00471227797339802*sqrt(Abs(s)) + 0.0907932394329902)) ; sqrt(Abs(i + r)) + 16.8812535222547
4385,0.47955732863716916,i**2 - sqrt(Abs(B0 - s)) ; 0,i**2 - sqrt(Abs(s - 1.3422786238018)) ; 0
4386,0.47907194373601053,s*sqrt(Abs(i)) ; r**2 + r,s*sqrt(Abs(i)) ; r**2 + r
4387,0.4786847465274285,Abs(s)**(5/2) ; B0 + B1*i + r,Abs(s)**(5/2) ; 0.00546781750520644*i + r + 1.45389212523882
4388,0.478660494939014,-i*s**2 + 2*i*s ; B0*Abs(i)**(1/4)*sqrt(Abs(r)) + r,-i*s**2 + 2*i*s ; r + 31.863531319059*Abs(i)**(1/4)*sqrt(Abs(r))
4389,0.47797769750092567,i*s + s**2 ; B0 - r,i*s + s**2 ; 0.967846368456775 - r
4390,0.47746414980563734,i**2 - sqrt(Abs(B0 + i)) ; r,i**2 - sqrt(Abs(i + 0.307691048342283)) ; r
4391,0.477307352565279,i**2*s + i*s + s**2 ; B0 - i - r - sqrt(Abs(r)),i**2*s + i*s + s**2 ; -i - r - sqrt(Abs(r)) + 1.72298374648991
4392,0.4744824373014194,-i*s + s**2 ; B0 + B1*r + i,-i*s + s**2 ; i - 1.76685619143587*r + 0.589045207821878
4393,0.4737680478037258,i**2 - sqrt(Abs(B0 + s)) ; B1*i,i**2 - sqrt(Abs(s - 1.35582968104662)) ; -0.00359913197375149*i
4394,0.4716849009133632,-i*s + s*sqrt(Abs(i - Abs(s)**(1/4))) ; B0 + B1*i*r - r,-i*s + s*sqrt(Abs(i - Abs(s)**(1/4))) ; 0.514141319627457*i*r - r - 0.134450593164786
4395,0.4695181359618903,B0*s - s**2 + s*Abs(i)**(1/4) ; sqrt(Abs(B1 + 3*r)),-s**2 + s*Abs(i)**(1/4) - 0.509297129127665*s ; sqrt(Abs(3*r + 6537.48893695722))
4396,0.4691159631986955,-i*sqrt(Abs(s)) + sqrt(2)*s ; r,-i*sqrt(Abs(s)) + sqrt(2)*s ; r
4397,0.4659808019560993,B0*i*s + i**2*s + s**2 ; sqrt(Abs(r - sqrt(Abs(r + sqrt(Abs(r)))))),i**2*s - 1.23822216964543*i*s + s**2 ; sqrt(Abs(r - sqrt(Abs(r + sqrt(Abs(r))))))
4398,0.4655061393479647,Abs(s)**(9/4) ; B0 - r**2,Abs(s)**(9/4) ; 0.185830446787155 - r**2
4399,0.4650412780785464,B0*i*s - i*s**2 + s**2 ; r,-i*s**2 - 0.0490955207917429*i*s + s**2 ; r
4400,0.4646314636058748,B0*s + i*s + s**2 + s*sqrt(Abs(i - s)) ; r,i*s + s**2 + s*sqrt(Abs(i - s)) + 0.324907642926346*s ; r
4401,0.46285052459105547,B0*s**3 - i*s**3 + s ; sqrt(Abs(B1 + sqrt(Abs(B2 + r)))),-i*s**3 - 1.64321575451479*s**3 + s ; sqrt(Abs(sqrt(Abs(r + 0.439622110524319)) - 1.1193945261788))
4402,0.4601945976557562,s*sqrt(Abs(s - sqrt(Abs(i + s)))) ; r,s*sqrt(Abs(s - sqrt(Abs(i + s)))) ; r
4403,0.45937328904124136,B0*i*s + i*s**2 + s**2 ; i - r - sqrt(Abs(i*r + i)),i*s**2 - 1.23271848839899*i*s + s**2 ; i - r - sqrt(Abs(i*r + i))
4404,0.4569877778055263,Abs(i)**(1/4)*Abs(s)**(5/4) ; i,Abs(i)**(1/4)*Abs(s)**(5/4) ; i
4405,0.45636703845146115,s**2 ; 2*r,s**2 ; 2*r
4406,0.45636703845146115,s**2 ; i,s**2 ; i
4407,0.45636703845146115,s**2 ; B0 + r,s**2 ; r + 9.90306320813631
4408,0.45636703845146115,s**2 ; r,s**2 ; r
4409,0.45636703845146115,s**2 ; B0 + i,s**2 ; i + 0.00226256965804099
4410,0.45636703845146115,s**2 ; -i,s**2 ; -i
4411,0.45636703845146115,s**2 ; 2*i,s**2 ; 2*i
4412,0.45636703845146115,s**2 ; r**2,s**2 ; r**2
4413,0.45636703845146115,s**2 ; B0*i,s**2 ; 0.00162965277990572*i
4414,0.45636703845146115,s**2 ; i*r,s**2 ; i*r
4415,0.45609375556892695,B0*i*s - i**2*s + s**2 ; B1 + i - Abs(i + r)**(1/4),-i**2*s - 0.16821147570728*i*s + s**2 ; i - Abs(i + r)**(1/4) + 0.325816351434081
4416,0.4555219509720326,-i*s + s**2 + s*Abs(i)**(3/2) ; B0 + r,-i*s + s**2 + s*Abs(i)**(3/2) ; r
4417,0.4549816320778727,3*i*s**2 ; r,3*i*s**2 ; r
4418,0.4513384831591517,i*s + i*Abs(s)**(3/2) ; r,i*s + i*Abs(s)**(3/2) ; r
4419,0.4504255911641731,s*sqrt(Abs(B0 - 2*i)) ; r,s*sqrt(Abs(2*i - 0.41556274976172)) ; r
4420,0.4489146171306594,-s + 2*Abs(s)**(3/2) ; -i**2 + i*r + i,-s + 2*Abs(s)**(3/2) ; -i**2 + i*r + i
4421,0.4485355666481821,B0*s + i*s ; i - sqrt(Abs(i)),i*s - 0.035654267576484*s ; i - sqrt(Abs(i))
4422,0.447285334386277,s**2 ; B0 + B1*i,s**2 ; 19.0586055544742*i + 0.0016524820338448
4423,0.447285334386277,s**2 ; B0*i*r,s**2 ; 0.0010092973820925*i*r
4424,0.447285334386277,s**2 ; B0 + B1*r,s**2 ; 0.00532700011480392*r + 0.00162014724950351
4425,0.447285334386277,s**2 ; B0 + 2*i,s**2 ; 2*i + 0.0013079649563286
4426,0.4472853343862768,-i*s + s ; Abs(r)**(1/4),-i*s + s ; Abs(r)**(1/4)
4427,0.4467092205830182,B0*i*s**2 - i*s + s**2 ; i,1.46215922056464*i*s**2 - i*s + s**2 ; i
4428,0.4423568473442846,i*s + i*Abs(s)**(3/2) ; B0*r + i*r - r**2,i*s + i*Abs(s)**(3/2) ; i*r - r**2 + 0.661534760860225*r
4429,0.4396144519922286,B0*i*s + s**2 ; i,-0.30717885370643*i*s + s**2 ; i
4430,0.4390587532023622,-i*s + i*Abs(s)**(3/2) + s**2 ; i,-i*s + i*Abs(s)**(3/2) + s**2 ; i
4431,0.4388831973908808,s*sqrt(Abs(i + s)) ; B0 + B1*r + 2*i,s*sqrt(Abs(i + s)) ; 2*i - 0.573203645538337*r + 1.41747201462374
4432,0.43838435623199007,s**2 ; B0 + B1*r + i,s**2 ; i + 0.00880133883800011*r + 66.3133110326177
4433,0.43838435623199007,s**2 ; B0*i - Abs(i)**(3/2),s**2 ; 0.00101584869950604*i - Abs(i)**(3/2)
4434,0.43838435623199007,s**2 ; -i + 3*r,s**2 ; -i + 3*r
4435,0.43838435623199007,s**2 ; 2*i**2,s**2 ; 2*i**2
4436,0.4383843562319899,-i*s + s ; B0*Abs(r)**(5/2),-i*s + s ; 2.20508939011416*Abs(r)**(5/2)
4437,0.4380717601370818,s**2 - s*sqrt(Abs(i)) ; B0 + i + r,s**2 - s*sqrt(Abs(i)) ; i + r + 0.155189776016891
4438,0.43744342090715854,B0*s + s*sqrt(Abs(i - s)) ; B1*sqrt(Abs(i)),s*sqrt(Abs(i - s)) - 0.0694302620528566*s ; -0.00686360664147118*sqrt(Abs(i))
4439,0.4366661657418411,-i*s**2 + s**2*sqrt(Abs(i - s)) ; B0 + r,-i*s**2 + s**2*sqrt(Abs(i - s)) ; r + 1.45473083358086e-5
4440,0.4354053156823011,i*s + sqrt(2)*Abs(s)**(3/2) ; B0 + B1*i**2 - i**2*r + i,i*s + sqrt(2)*Abs(s)**(3/2) ; -i**2*r + 1.08079358471908*i**2 + i + 1.78339161538115
4441,0.43430196499472506,s*Abs(i)**(1/4) ; i + r,s*Abs(i)**(1/4) ; i + r
4442,0.4342036233109732,Abs(i)**(1/8)*Abs(s)**(9/8) ; B0 + B2*sqrt(Abs(B1 + r)),Abs(i)**(1/8)*Abs(s)**(9/8) ; 1.86865677068925*sqrt(Abs(r - 1.660186601429)) - 1.7291091686167
4443,0.4340005126696702,s**2 ; sqrt(Abs(r - sqrt(Abs(r + sqrt(Abs(i)))))),s**2 ; sqrt(Abs(r - sqrt(Abs(r + sqrt(Abs(i))))))
4444,0.4334011355310932,-i*s + s**2 + s*sqrt(Abs(i)) - Abs(i)**(3/2) ; i,-i*s + s**2 + s*sqrt(Abs(i)) - Abs(i)**(3/2) ; i
4445,0.42966050754297347,s**2 ; B0*r + B1*i*r,s**2 ; 0.00133460373551614*i*r + 0.0216689096479929*r
4446,0.42966050754297347,s**2 ; B0 + i*r - r**2,s**2 ; i*r - r**2 + 0.26763928179237
4447,0.42950939669411603,-i*s**2 + i*s + s**3 ; i,-i*s**2 + i*s + s**3 ; i
4448,0.42900760345777716,i**2 - sqrt(Abs(B0 - i)) ; i - r*sqrt(Abs(i)) + Abs(i)**(3/2),i**2 - sqrt(Abs(i + 0.249176683148468)) ; i - r*sqrt(Abs(i)) + Abs(i)**(3/2)
4449,0.42580361977088277,B0 - i*s + i - s ; r,-i*s + i - s + 0.962806765969431 ; r
4450,0.4253077144751362,s*sqrt(Abs(B0*i + s)) ; r,s*sqrt(Abs(0.301198889654872*i - s)) ; r
4451,0.42390638190589736,B0*s + 2*i*s ; B1*i*r,2*i*s - 0.0293327768594187*s ; 0.0321229913763827*i*r
4452,0.42242405717048104,B0*s + 2*i*s ; B1*r,2*i*s - 0.0293225586661761*s ; 0.0895862395478636*r
4453,0.42111026344286834,s**2 ; 2*i**2 + i*r,s**2 ; 2*i**2 + i*r
4454,0.4205194217949258,i**2*s - i*s**2 + s**2 ; B0 + B1*r + i,i**2*s - i*s**2 + s**2 ; i - 1.7756822585152*r + 0.749835561705037
4455,0.42009745326534104,B0*s + B1*i*s + s*sqrt(Abs(i)) ; B2 + sqrt(Abs(B3*r + i*r + r**2)),0.487802029025825*i*s + s*sqrt(Abs(i)) - 0.2378973417183*s ; sqrt(Abs(i*r + r**2 + 0.0874940856310688*r)) - 0.162473574159143
4456,0.4194233857955276,B0*i + s ; sqrt(Abs(B1*i*r + B1*r**2 + i)),0.00744684800044571*i + s ; sqrt(Abs(12014.7254653834*i*r + i + 12014.7254653834*r**2))
4457,0.41769738348236096,B0 - Abs(s)**(1/8) ; i,1.10002419704498 - Abs(s)**(1/8) ; i
4458,0.417387457773329,2*i*s ; i*Abs(r)**(5/4),2*i*s ; i*Abs(r)**(5/4)
4459,0.41625629787815566,B0*s + i**2*s**2 - s**3 ; i - sqrt(Abs(r)),i**2*s**2 - s**3 + 0.98880338573768*s ; i - sqrt(Abs(r))
4460,0.41537480173379504,s*sqrt(Abs(B0 - i + s)) ; r,s*sqrt(Abs(-i + s + 0.024879621518534)) ; r
4461,0.4128100393299861,s*sqrt(Abs(i - s)) ; r,s*sqrt(Abs(i - s)) ; r
4462,0.4128100393299861,s*sqrt(Abs(i - s)) ; 2*r,s*sqrt(Abs(i - s)) ; 2*r
4463,0.4127301692003552,s**2 ; B0 - r + Abs(i*r + r**2)**(1/4),s**2 ; -r + Abs(i*r + r**2)**(1/4) + 0.00858455164619533
4464,0.41144563130930334,-i*s + s ; sqrt(Abs(B0*i**2 + B1*i*sqrt(Abs(r)))),-i*s + s ; sqrt(Abs(0.000341967896155747*i**2 - 0.00146625130449439*i*sqrt(Abs(r))))
4465,0.40586718250438963,i**2 - Abs(s)**(1/4) ; B0 + 2*i*r + r**2,i**2 - Abs(s)**(1/4) ; 2*i*r + r**2 + 0.628011258979174
4466,0.40570550932092025,i**2*s + s**2 ; B0 + i,i**2*s + s**2 ; i + 0.357981365683179
4467,0.3987806185023608,B0*i + B1*s + B2*i*s ; B3*i + sqrt(Abs(r)),-0.100081263191296*i*s - 5.09451617053397*i - 3.144840656465*s ; 0.186483498753495*i + sqrt(Abs(r))
4468,0.39507804661699497,B0*Abs(i)**(1/4) + s ; sqrt(Abs(i + sqrt(Abs(i))*Abs(r)**(1/4))),s - 0.511399810883561*Abs(i)**(1/4) ; sqrt(Abs(i + sqrt(Abs(i))*Abs(r)**(1/4)))
4469,0.39176886728337174,Abs(s)**(3/2) ; 2*r,Abs(s)**(3/2) ; 2*r
4470,0.39176886728337174,Abs(s)**(3/2) ; B0 + i,Abs(s)**(3/2) ; i + 36.0684145791288
4471,0.39176886728337174,Abs(s)**(3/2) ; i,Abs(s)**(3/2) ; i
4472,0.39176886728337174,Abs(s)**(3/2) ; r,Abs(s)**(3/2) ; r
4473,0.39176886728337174,Abs(s)**(3/2) ; i*r,Abs(s)**(3/2) ; i*r
4474,0.39176886728337174,Abs(s)**(3/2) ; Abs(i)**(3/2),Abs(s)**(3/2) ; Abs(i)**(3/2)
4475,0.3908697737965967,i*s**2 + s**2 ; B0 - i,i*s**2 + s**2 ; 0.445235514086327 - i
4476,0.38865245750262795,sqrt(Abs(i*s**2 - s**3)) ; B0 + r,sqrt(Abs(i*s**2 - s**3)) ; r
4477,0.3865750086462457,i**2 - sqrt(Abs(B0 - i)) ; B1*i*r + i,i**2 - sqrt(Abs(i + 0.335612825788995)) ; 4.00320066872456*i*r + i
4478,0.38473313109013246,B0 - sqrt(Abs(B1*i*s + i)) ; B2 + i,0.302700928446053 - sqrt(Abs(0.066636656142476*i*s + i)) ; i + 0.0439781542715926
4479,0.3845509681808944,B0*i**2*s - i*s + s**2 ; i,1.27874644856305*i**2*s - i*s + s**2 ; i
4480,0.3843293129266465,s*Abs(i)**(1/4) ; r,s*Abs(i)**(1/4) ; r
4481,0.3843293129266465,s*Abs(i)**(1/4) ; r + sqrt(Abs(r)),s*Abs(i)**(1/4) ; r + sqrt(Abs(r))
4482,0.38205737454564365,-i*s**2 - i*s + s**2*sqrt(Abs(i)) + s**2 ; B0 - r,-i*s**2 - i*s + s**2*sqrt(Abs(i)) + s**2 ; 0.0956005792610224 - r
4483,0.38126469544493585,i*s ; i**4 + i**3*r - i**2*r - i,i*s ; i**4 + i**3*r - i**2*r - i
4484,0.3801329401561883,Abs(s)**(3/2) ; -i + sqrt(3)*r*sqrt(Abs(i)),Abs(s)**(3/2) ; -i + sqrt(3)*r*sqrt(Abs(i))
4485,0.37667515421127573,B0*s**2 - s**3 + s*sqrt(Abs(i)) ; -i + sqrt(2)*sqrt(Abs(i))*sqrt(Abs(r)),-s**3 + 0.854903427994719*s**2 + s*sqrt(Abs(i)) ; -i + sqrt(2)*sqrt(Abs(i))*sqrt(Abs(r))
4486,0.3763316107546264,Abs(s)**(3/2) ; B0 + B1*r**2,Abs(s)**(3/2) ; 1.7576870503482*r**2 + 0.00499139417555173
4487,0.3763316107546264,Abs(s)**(3/2) ; B0*r + i*r,Abs(s)**(3/2) ; i*r + 7.53824133739243*r
4488,0.37256829464708013,Abs(s)**(3/2) ; -i + sqrt(Abs(B0 + B1*r)),Abs(s)**(3/2) ; -i + sqrt(Abs(2.04743369505996*r + 0.00376765303009144))
4489,0.37061578494963027,B0*s + i*s**2 - s**3 ; i - Abs(B1 + i)**(1/4),i*s**2 - s**3 + 0.63287781654365*s ; i - Abs(i + 11.5961126014333)**(1/4)
4490,0.36940226910081403,i**2 - sqrt(Abs(B0 + i)) ; B1*i*r + i,i**2 - sqrt(Abs(i + 0.272151226834116)) ; 3.90505068323161*i*r + i
4491,0.36884261170060934,Abs(s)**(3/2) ; B0*i*r**2 - i,Abs(s)**(3/2) ; 0.796417123848202*i*r**2 - i
4492,0.3660590312094008,-i*s + s**2 + s*sqrt(Abs(i)) ; B0*i + B1*i*r,-i*s + s**2 + s*sqrt(Abs(i)) ; 0.654599066876832*i*r + 0.548909736768699*i
4493,0.3657219221572135,s*Abs(B0*i + s)**(1/4) ; -r + sqrt(Abs(i))*sqrt(Abs(r)),s*Abs(0.311295441722316*i - s)**(1/4) ; -r + sqrt(Abs(i))*sqrt(Abs(r))
4494,0.36515418558360324,Abs(s)**(3/2) ; B0 + i - sqrt(Abs(B1*r - i)),Abs(s)**(3/2) ; i - sqrt(Abs(i - 0.0237130870636161*r)) + 91.4750647557035
4495,0.36150264372776725,Abs(s)**(3/2) ; sqrt(Abs(i - r + sqrt(Abs(B0 + i + r)))),Abs(s)**(3/2) ; sqrt(Abs(i - r + sqrt(Abs(i + r + 0.0694185709898))))
4496,0.3601554309738198,s*Abs(i)**(1/8) ; B0 + i + 2*r,s*Abs(i)**(1/8) ; i + 2*r + 0.03853916851329
4497,0.3547766097927134,i*Abs(s)**(5/4) + s**2 ; i,i*Abs(s)**(5/4) + s**2 ; i
4498,0.3541205823141157,B0*s + i*s**2 + i*s ; -i*r - i,i*s**2 + i*s - 0.0301216640974174*s ; -i*r - i
4499,0.3464965580418296,2**(1/8)*Abs(s)**(11/8) ; i,2**(1/8)*Abs(s)**(11/8) ; i
4500,0.3462036104662297,Abs(s)**(5/4) ; 2*r,Abs(s)**(5/4) ; 2*r
4501,0.3462036104662297,Abs(s)**(5/4) ; B0 + r,Abs(s)**(5/4) ; r + 0.0122726625023698
4502,0.3457572994338267,s*sqrt(Abs(2*i - s)) ; B0*r,s*sqrt(Abs(2*i - s)) ; 0.0722615621123121*r
4503,0.3453950046544402,sqrt(Abs(i*s - s*Abs(i)**(1/4))) ; B0*r,sqrt(Abs(i*s - s*Abs(i)**(1/4))) ; 17.7309617539906*r
4504,0.3452209657562939,i*s + s*sqrt(Abs(i)) ; r,i*s + s*sqrt(Abs(i)) ; r
4505,0.3452209657562939,i*s + s*sqrt(Abs(i)) ; i*r,i*s + s*sqrt(Abs(i)) ; i*r
4506,0.3446895093983803,i*s + s**2 ; i,i*s + s**2 ; i
4507,0.34281729812243233,Abs(s)**(11/8) ; B0*Abs(r)**(3/2) + B1*r**2,Abs(s)**(11/8) ; 0.00179544639151983*r**2 + 0.00230970324163272*Abs(r)**(3/2)
4508,0.3410527358439373,B0*s + 2*s*sqrt(Abs(i)) ; r,2*s*sqrt(Abs(i)) - 0.242763288518009*s ; r
4509,0.3398564620891769,B0*s + i*s**2 + i*s - s**2 ; sqrt(Abs(r - sqrt(Abs(r)))),i*s**2 + i*s - s**2 + 0.964228903490326*s ; sqrt(Abs(r - sqrt(Abs(r))))
4510,0.33945686025200705,B0*i**2 + 2*s ; sqrt(Abs(B1 + B2*r)),-0.0801437759862682*i**2 + 2*s ; sqrt(Abs(0.00167740549663419*r - 3.67841219019353e-7))
4511,0.33936703136169527,-i*s - i + Abs(s)**(3/2) ; B0*i**4,-i*s - i + Abs(s)**(3/2) ; 0.259593479760024*i**4
4512,0.3368975521716157,-i*s + s**2 ; B0 + 2*i,-i*s + s**2 ; 2*i + 1.17650113212817
4513,0.3359210170317722,Abs(s)**(5/4) ; -i*r + r**2,Abs(s)**(5/4) ; -i*r + r**2
4514,0.3359210170317722,Abs(s)**(5/4) ; B0 + B1*i + r,Abs(s)**(5/4) ; 0.000408910447216265*i + r + 0.00196081312310801
4515,0.33454047205629706,i**2 - sqrt(Abs(B0 + s)) ; -i*sqrt(Abs(i + r)) + i,i**2 - sqrt(Abs(s - 1.64762624909336)) ; -i*sqrt(Abs(i + r)) + i
4516,0.330992935096788,i**2*s**2 - i*s + s**2 ; i,i**2*s**2 - i*s + s**2 ; i
4517,0.3297923841717166,s*sqrt(Abs(-i + s + sqrt(Abs(i)))) ; r,s*sqrt(Abs(-i + s + sqrt(Abs(i)))) ; r
4518,0.32260714925580025,B0*s + B1*i*s + s*sqrt(Abs(i)) ; -i + sqrt(Abs(B2*i + i*r)),0.525864728005537*i*s + s*sqrt(Abs(i)) + 1.49676106203209*s ; -i + sqrt(Abs(i*r - 1.02670209625221*i))
4519,0.32215336938878436,s*sqrt(Abs(i + sqrt(Abs(i))*sqrt(Abs(s)))) ; i*r*sqrt(Abs(B0 - sqrt(Abs(i)))),s*sqrt(Abs(i + sqrt(Abs(i))*sqrt(Abs(s)))) ; i*r*sqrt(Abs(sqrt(Abs(i)) - 0.000880399047185504))
4520,0.3194362371943481,B0*i + s ; sqrt(Abs(B1 + i)),-0.00688404957062164*i + s ; sqrt(Abs(i - 0.509121293804357))
4521,0.3173585955288265,sqrt(Abs(i*s**2 - s**3)) ; i**2 + i - r,sqrt(Abs(i*s**2 - s**3)) ; i**2 + i - r
4522,0.31684307726237365,Abs(s)**(9/8) ; i + r,Abs(s)**(9/8) ; i + r
4523,0.3149455117848428,s**2 + s*Abs(i)**(3/2) ; r,s**2 + s*Abs(i)**(3/2) ; r
4524,0.31159761471278324,B0*s + i*s - 2*s**2 ; i,i*s - 2*s**2 + 2.12543247387713*s ; i
4525,0.3105379000248524,Abs(s)**(9/8) ; B2*sqrt(Abs(B0 + B1*r)),Abs(s)**(9/8) ; 0.000187379281783354*sqrt(Abs(0.00952185024247833*r + 0.0157117360129543))
4526,0.30856914409296493,s ; r,s ; r
4527,0.30856914409296493,s ; i,s ; i
4528,0.30856914409296493,s ; -r,s ; -r
4529,0.3075431241306567,B0*s + B1*i*s**2 - s**2 ; B2*sqrt(Abs(i - r**2)),0.0329628231838502*i*s**2 - s**2 + 2.1472854359393*s ; 30.6858147742663*sqrt(Abs(i - r**2))
4530,0.3054834526520353,s ; sqrt(Abs(r)),s ; sqrt(Abs(r))
4531,0.30242861812551497,s ; B0 + i,s ; i + 22.7563676575146
4532,0.30242861812551497,s ; B0 + r,s ; r + 0.00181719480752765
4533,0.3023078640754632,B0*i + s ; sqrt(Abs(i + r)),-0.00803938704067894*i + s ; sqrt(Abs(i + r))
4534,0.30218506280844104,B0*i + s ; sqrt(Abs(B1 + 2*i + r)),-0.00563077934174955*i + s ; sqrt(Abs(2*i + r - 0.0383869615523514))
4535,0.3016177592120849,s**2*sqrt(Abs(i)) + s**2 ; B0*i*r + B1*i*r**2,s**2*sqrt(Abs(i)) + s**2 ; 0.00553966150707235*i*r**2 + 52.6895034781409*i*r
4536,0.30054069426621627,B0*i + s ; sqrt(Abs(i + Abs(B1 + r)**(1/4))),-0.0053350997756952*i + s ; sqrt(Abs(i + Abs(r + 5.63542559484673e-11)**(1/4)))
4537,0.29940433194425975,s ; B0*sqrt(Abs(r)),s ; 0.0134059699472299*sqrt(Abs(r))
4538,0.29940433194425975,s ; -i + sqrt(Abs(r)),s ; -i + sqrt(Abs(r))
4539,0.29940433194425975,s ; sqrt(Abs(B0 + i)),s ; sqrt(Abs(i + 0.000363468888750619))
4540,0.29888871427802544,i*s + s**2 ; i + sqrt(Abs(i*r + r**2)),i*s + s**2 ; i + sqrt(Abs(i*r + r**2))
4541,0.29682701409983425,sqrt(Abs(B0 + B1*s + B2*i)) ; B3*i + B4*i*r,sqrt(Abs(0.000605915832444366*i + 8.81018053484919e-5*s - 0.0603092554721681)) ; -0.14116379356038*i*r - 13.5773921806671*i
4542,0.29641028862481716,s ; i + 2*r,s ; i + 2*r
4543,0.29641028862481716,s ; r*Abs(i)**(3/2),s ; r*Abs(i)**(3/2)
4544,0.29641028862481716,s ; B0*i*r,s ; 0.025969107884859*i*r
4545,0.29641028862481716,s ; i*r**2,s ; i*r**2
4546,0.29641028862481716,s ; r + Abs(i)**(1/4),s ; r + Abs(i)**(1/4)
4547,0.29641028862481716,s ; B0 + B1*i,s ; 1.57134163739155*i + 0.052497409063931
4548,0.29623355519154554,B0*i*s + s ; sqrt(Abs(-B1 + 2*i + r)),0.0105493923991499*i*s + s ; sqrt(Abs(2*i + r - 25.0441934749231))
4549,0.2957569461371743,B0*i + B1*i*s + s ; sqrt(Abs(i + r)),-0.0212216586010518*i*s - 0.0352470577042805*i + s ; sqrt(Abs(i + r))
4550,0.2950323472077593,B0*i + s ; sqrt(Abs(2*i + sqrt(Abs(i))*sqrt(Abs(r)))),-0.00539058612604136*i + s ; sqrt(Abs(2*i + sqrt(Abs(i))*sqrt(Abs(r))))
4551,0.29493225153088753,B0*sqrt(Abs(i)) + s ; sqrt(Abs(i*r + i)),s + 0.0106732644687221*sqrt(Abs(i)) ; sqrt(Abs(i*r + i))
4552,0.29487911240924247,B0*s + s**2 + s*Abs(i)**(1/4) ; i,s**2 + s*Abs(i)**(1/4) - 0.278174060471838*s ; i
4553,0.2945790989673327,i*s + s**2 ; B0 + B1*i**2,i*s + s**2 ; 0.00481607422764151*i**2 + 0.0221818293869399
4554,0.293446185738569,s ; i + Abs(r)**(5/4),s ; i + Abs(r)**(5/4)
4555,0.2908485208846543,B0*i*s + s ; sqrt(Abs(i - r)),-0.0184016110565378*i*s + s ; sqrt(Abs(i - r))
4556,0.2905117238811833,s ; B0 + B1*i + r,s ; 27.6347957027264*i + r + 0.339942464886922
4557,0.2905117238811833,s ; i + Abs(i)**(3/4)*Abs(r)**(1/4),s ; i + Abs(i)**(3/4)*Abs(r)**(1/4)
4558,0.2905117238811833,s ; B0 + B1*i*r,s ; 0.445793516001714*i*r + 0.00519281763102689
4559,0.2905117238811833,s ; B0*r*Abs(i)**(1/4),s ; 1.37331954469477*r*Abs(i)**(1/4)
4560,0.2905117238811833,s ; B0*i + i*r,s ; i*r + 1.70728732605452*i
4561,0.2900950747882874,s**2 + sqrt(2)*s*sqrt(Abs(i)) ; B0 + B1*i + B3*sqrt(Abs(B2 + i)),s**2 + sqrt(2)*s*sqrt(Abs(i)) ; 0.049252509370398*i + 0.180403251901748*sqrt(Abs(i + 4.41118098324119)) + 0.120067164918254
4562,0.28473054057594777,s ; B0*Abs(r)**(3/4) + B1*r + i,s ; i + 1.77510714266314*r + 0.000186552971056525*Abs(r)**(3/4)
4563,0.28473054057594777,s ; B0*i + B1*i*r,s ; 0.000250742471513191*i*r + 39.2821306927148*i
4564,0.2827793070974804,B0*i**2 + B1*i**3 ; -i - r + sqrt(Abs(i - r)),-18.4319454764935*i**3 - 4.83396159806995*i**2 ; -i - r + sqrt(Abs(i - r))
4565,0.2806954088988002,B0*i + B1*i**2 + B2*i*s ; B3*sqrt(Abs(i)) + r*sqrt(Abs(i)),0.000758073072439519*i**2 - 0.0204942641515523*i*s + 0.102190902108536*i ; r*sqrt(Abs(i)) + 0.000539499784977764*sqrt(Abs(i))
4566,0.27908827824969135,B0*i**2 + i**2*s - i*s - s ; B1*r + B2*i*r,i**2*s - 0.761393665573295*i**2 - i*s - s ; 0.000399851570528833*i*r + 0.000287385521872896*r
4567,0.2790644028184864,sqrt(Abs(i*s - s*sqrt(Abs(i + s)))) ; r,sqrt(Abs(i*s - s*sqrt(Abs(i + s)))) ; r
4568,0.2790644028184864,s ; B0*i*r + i*r**2,s ; i*r**2 + 0.000906763919279236*i*r
4569,0.2790644028184864,s ; B0*r**2 + r**3,s ; r**3 + 0.00962539187825684*r**2
4570,0.2762737587903015,sqrt(Abs(i*s**2 + s**3)) ; B0*r,sqrt(Abs(i*s**2 + s**3)) ; 0.130684691048113*r
4571,0.2732967944707913,B0*s - i*s**2 ; B1*sqrt(Abs(i)) + 2*r,-i*s**2 + 1.22808115710046*s ; 2*r - 0.0345158406290447*sqrt(Abs(i))
4572,0.25826300050612444,2*s**3 ; r,2*s**3 ; r
4573,0.2559751718612024,s**2 + s*sqrt(Abs(i)) ; B0*sqrt(Abs(i)),s**2 + s*sqrt(Abs(i)) ; 0.141512815927675*sqrt(Abs(i))
4574,0.24210482787871224,s**2 + s*sqrt(Abs(i*s + i)) ; i**2,s**2 + s*sqrt(Abs(i*s + i)) ; i**2
4575,0.21116211783102784,i*s + 2*s**2 ; i,i*s + 2*s**2 ; i
4576,0.21057046289683443,s**2 + sqrt(2)*s*sqrt(Abs(i)) ; r,s**2 + sqrt(2)*s*sqrt(Abs(i)) ; r
4577,0.2087503251008299,B0 - 2*i ; B1*i - i*r + r,2.14489581792428 - 2*i ; -i*r - 0.0703433177431087*i + r
4578,0.2075982761761529,B0 - sqrt(Abs(s)) ; Abs(i)**(3/2)*sqrt(Abs(r)),1.02707936544743 - sqrt(Abs(s)) ; Abs(i)**(3/2)*sqrt(Abs(r))
4579,0.19390935004253682,sqrt(Abs(B0 + B1*i**2)) ; B2 + r,sqrt(Abs(0.00182420668635978*i**2 - 18.243201020309)) ; r + 315.861496197166
4580,0.19147415548408564,B0*s + B1*i*s - i**2*s - i*s**2 ; i - sqrt(Abs(B2 + r)),-i**2*s - i*s**2 + 0.135465550832334*i*s + 0.504329802284187*s ; i - sqrt(Abs(r + 0.988767027536228))
4581,0.18205611342132508,i*s + s**2 + s*sqrt(Abs(i)) ; r,i*s + s**2 + s*sqrt(Abs(i)) ; r
4582,0.17467421208008485,B0 - sqrt(Abs(s)) ; -i**2*r + i**2,1.03754442240417 - sqrt(Abs(s)) ; -i**2*r + i**2
4583,0.161914645615731,i**2 - sqrt(Abs(B0 - i)) ; i - r,i**2 - sqrt(Abs(i + 0.0474118800836389)) ; i - r
4584,0.15365327157270703,B0 - s + Abs(i)**(1/4)*Abs(s)**(5/4) ; B1 + B2*r + i,-s + Abs(i)**(1/4)*Abs(s)**(5/4) + 0.172447065489957 ; i - 0.18023957189165*r + 0.0322787968706173
4585,0.14718282279111636,B0 - i*s - 2*i + s ; i*sqrt(Abs(B1 + i)),-i*s - 2*i + s + 0.282332692472255 ; i*sqrt(Abs(i - 0.627160435089939))
4586,0.14668005376569268,B0 - sqrt(2)*sqrt(Abs(s)) ; B1 + i - Abs(r)**(3/2),-sqrt(2)*sqrt(Abs(s)) + 1.40537385862007 ; i - Abs(r)**(3/2) + 0.00756859773353672
4587,0.14060280199333022,B0*i**2 ; B1*i + r,-8.26840564521753e-6*i**2 ; 14697.9237047258*i + r
4588,0.13765155868805662,B0 - sqrt(Abs(s)) ; B1 + 2*i + 2*r,1.08927871189068 - sqrt(Abs(s)) ; 2*i + 2*r + 1.74434932608316
4589,0.1370726961003632,B0 + B1*i + B2*i*s ; sqrt(Abs(i)),0.0140688657573913*i*s + 1.97139907322618*i + 0.0826788814029839 ; sqrt(Abs(i))
4590,0.1302099793654091,B0 + i**2 ; 2*i + Abs(r)**(1/8),i**2 - 0.187001581001242 ; 2*i + Abs(r)**(1/8)
4591,0.12896771715009453,B0*i + B1*i**2 + B2*i*sqrt(Abs(s)) ; B3 - i,3.84940803582775*i**2 + 0.0154946045179927*i*sqrt(Abs(s)) + 384.928073881885*i ; 218.316592716902 - i
4592,0.1036904578534023,B0*i**2*s ; sqrt(Abs(B1 + r)),0.000287327541357198*i**2*s ; sqrt(Abs(r + 8.13428084879157))
4593,0.1020869039638392,B0*i*s + i**2 ; r,i**2 + 2.71048242277348*i*s ; r
4594,0.09607736068900424,B0*i*s - i**2*s + Abs(i)**(3/2) ; -i + sqrt(Abs(B1*i + 2*i**2)),-i**2*s + 1.59954143341846*i*s + Abs(i)**(3/2) ; -i + sqrt(Abs(2*i**2 + 0.0568709493635674*i))
4595,0.09235613796779248,s**4 + s**3 ; i,s**4 + s**3 ; i
4596,0.09179262056359563,B0*i**2 - i*s ; B1 + 2*i - r,0.273791732006464*i**2 - i*s ; 2*i - r + 4.30749075247222
4597,0.09117448178094996,i**2*s + i**2 + i*s**2 + i*s ; B1*sqrt(Abs(B0 - i + r)),i**2*s + i**2 + i*s**2 + i*s ; 0.0493623833342809*sqrt(Abs(i - r + 0.333180619406901))
4598,0.08842720618191949,i**2 - sqrt(Abs(i - s)) ; B0*i + B1*i*r,i**2 - sqrt(Abs(i - s)) ; 0.99048984810079*i*r - 0.764462668583133*i
4599,0.08482054579793702,B0 - i - s - sqrt(Abs(s)) ; r,-i - s - sqrt(Abs(s)) + 2.14962311147337 ; r
4600,0.07955168937900343,s**3 + s**2 ; i*r,s**3 + s**2 ; i*r
4601,0.06786819953782512,B0*s*sqrt(Abs(i)) - s*Abs(i)**(3/2) ; B1 - i,-s*Abs(i)**(3/2) - 0.00972255393775624*s*sqrt(Abs(i)) ; 0.000659117138869663 - i
4602,0.06775608494146974,i**2 - sqrt(Abs(B0 - i)) ; i - r*sqrt(Abs(i**2 + i)),i**2 - sqrt(Abs(i + 0.00570147522799032)) ; i - r*sqrt(Abs(i**2 + i))
4603,0.06770379141179117,B0*s*sqrt(Abs(i)) + Abs(i)**(3/2) ; r**2,3.19975783711827*s*sqrt(Abs(i)) + Abs(i)**(3/2) ; r**2
4604,0.06447909642617494,B0*s - i*s + 2*s**2 ; B1 + 2*i,-i*s + 2*s**2 + 1.24495677855835*s ; 2*i - 2.43390675808523
4605,0.05361727963117709,i**2 - sqrt(Abs(s)) ; i**2 + i*r,i**2 - sqrt(Abs(s)) ; i**2 + i*r
4606,0.05319658237131162,B0 + i*s - s ; r*sqrt(Abs(B1 + r)),i*s - s + 0.971124897661976 ; r*sqrt(Abs(r + 0.00152334044158877))
4607,0.05023183959495512,s + sqrt(Abs(s)) ; r,s + sqrt(Abs(s)) ; r
4608,0.04874438581550145,B0 + i ; sqrt(Abs(i)),i + 0.113377531813365 ; sqrt(Abs(i))
4609,0.042624628272947065,i**2 + 2*i*s ; r,i**2 + 2*i*s ; r
4610,0.03638551477944762,i**2 - sqrt(Abs(i - s)) ; B0*i*sqrt(Abs(r)) + B1*i*r + i,i**2 - sqrt(Abs(i - s)) ; -1.35297113249431*i*r - 3.03484818930647*i*sqrt(Abs(r)) + i
4611,0.03423719778145458,B0*i**3 + B0*i**2*s ; B1 + i**2 + r,1.18386648298437e-7*i**3 + 1.18386648298437e-7*i**2*s ; i**2 + r + 335.859755448167
4612,0.028469544955569984,i*s + Abs(i)**(5/4) ; B0*i**2*r + i**2*r**2,i*s + Abs(i)**(5/4) ; i**2*r**2 + 0.00013438852467462*i**2*r
4613,0.027792630936106663,sqrt(Abs(i)) ; B0*i + i**2,sqrt(Abs(i)) ; i**2 + 6.11290898611658*i
4614,0.023209754296908865,i**2 ; sqrt(Abs(B0 + sqrt(Abs(i)))),i**2 ; sqrt(Abs(sqrt(Abs(i)) - 0.621268383318899))
4615,0.020700251605039875,i**2 - sqrt(Abs(B0 + s)) ; i - r,i**2 - sqrt(Abs(s + 0.149773751291053)) ; i - r
4616,0.020489910411817098,B0 - 2*i ; B1 + i*r - i + r,-2*i - 3.91163141589146 ; i*r - i + r + 0.323521443742421
4617,0.01539789117580618,B0*s + 2*i ; B1 + i,2*i + 2.08215478988675*s ; i + 1.16243510672739
4618,0.014364551170602726,B0 + B1*i + B2*i**2 ; sqrt(Abs(i)),-1.27009510876034*i**2 - 2.89151722900065*i + 0.0980980541855696 ; sqrt(Abs(i))
4619,0.01414731722478688,B0*s + B0*sqrt(Abs(i)) + i*s + Abs(i)**(3/2) ; B2*r*sqrt(Abs(B1 + r)),i*s - 0.0146513569798113*s + Abs(i)**(3/2) - 0.0146513569798113*sqrt(Abs(i)) ; 0.0454144755565621*r*sqrt(Abs(r + 0.0155446225136238))
4620,0.013032104149061249,B0*s - 2*i*s + Abs(s)**(3/2) ; i - sqrt(Abs(B1 + i*r)),-2*i*s + 2.25474425389124*s + Abs(s)**(3/2) ; i - sqrt(Abs(i*r + 0.264017600041277))
4621,0.012076707548880674,sqrt(Abs(B0 - sqrt(Abs(i)))) ; i**2,sqrt(Abs(sqrt(Abs(i)) - 0.621311928103938)) ; i**2
4622,0.01046239134042797,B0*i**2 + B0*s + i**3 + i*s ; -i + sqrt(2)*Abs(i)**(5/2),i**3 + 0.00925809176639471*i**2 + i*s + 0.00925809176639471*s ; -i + sqrt(2)*Abs(i)**(5/2)
4623,0.006881888254819321,s + sqrt(Abs(i)) ; B0*i*r**2,s + sqrt(Abs(i)) ; 0.00326748692323711*i*r**2
4624,0.004721139043234896,i**2 - sqrt(Abs(i - s)) ; i - r*sqrt(Abs(i)),i**2 - sqrt(Abs(i - s)) ; i - r*sqrt(Abs(i))
4625,0.0036537090890907523,sqrt(Abs(B0 + i)) ; i,sqrt(Abs(i - 0.177017645116764)) ; i
4626,0.003458504608310046,B0 + B1*Abs(i)**(1/4) - s ; B2*r,-s + 19.1311848660133*Abs(i)**(1/4) - 20.1126305531657 ; 2.27342409414444*r
4627,0.0028687506953497446,B0*i + B1*i**2 ; sqrt(Abs(B2 + B3*i*r)),0.618271184349261*i**2 + 0.402748747580009*i ; sqrt(Abs(0.0204899676569314*i*r + 0.0687892824260509))
4628,0.0021325406771730494,B0*i + B1*i**2 + B2*i*s ; sqrt(Abs(i)),-2.75865764844361*i**2 + 0.190564874161324*i*s - 4.36383755759368*i ; sqrt(Abs(i))
4629,0.0006958324258133076,-sqrt(Abs(i)) ; B0 + i,-sqrt(Abs(i)) ; i - 0.175359987503676
4630,0.0001802934811247805,B0*i + B1*i*s ; sqrt(Abs(B2*i + r)),-0.0359526144169511*i*s + 0.236739425549547*i ; sqrt(Abs(0.763780772578941*i + r))
4631,3.108826118751624e-05,B0 - s - sqrt(2)*Abs(s)**(3/2) ; i**2 - i*r + i + r,-s - sqrt(2)*Abs(s)**(3/2) + 2.67425994234417 ; i**2 - i*r + i + r
4632,2.0849937661541042e-05,B0*i**2 ; sqrt(Abs(i)),27.7528281041782*i**2 ; sqrt(Abs(i))
4633,1.2586079693693193e-05,B0*i**2 + i**3 + i**2*Abs(s)**(1/4) ; sqrt(Abs(i)),i**3 + i**2*Abs(s)**(1/4) + 24.660327428192*i**2 ; sqrt(Abs(i))
4634,8.59368606522578e-06,-i + sqrt(Abs(i)) ; i,-i + sqrt(Abs(i)) ; i
4635,8.362460822901269e-06,s - sqrt(Abs(i)) ; sqrt(Abs(B0 + i)),s - sqrt(Abs(i)) ; sqrt(Abs(i + 13.6641454055535))
4636,6.124399025826952e-06,sqrt(Abs(i))*sqrt(Abs(B0 + i)) ; sqrt(Abs(B1 + i)),sqrt(Abs(i))*sqrt(Abs(i - 0.163231398663888)) ; sqrt(Abs(i + 0.208610169862866))
4637,3.2987467667471816e-06,s**2*sqrt(Abs(i)) - s**2 - s ; B0*i**2,s**2*sqrt(Abs(i)) - s**2 - s ; 0.0664963250791328*i**2
4638,1.9138084249455775e-06,B0*i**2*s ; sqrt(Abs(r - Abs(i)**(3/4))),0.000334412182597721*i**2*s ; sqrt(Abs(r - Abs(i)**(3/4)))
4639,8.41768424559858e-07,B0 - sqrt(2)*sqrt(Abs(i)) ; B1 + r,-sqrt(2)*sqrt(Abs(i)) + 14.1246646086973 ; r + 226.73115719197
4640,8.005138649303025e-07,B0 - sqrt(2)*sqrt(Abs(i)) ; B1*i + i**2 + r,-sqrt(2)*sqrt(Abs(i)) + 14.1247404742077 ; i**2 + 20740.6536683126*i + r
4641,7.94768108000948e-08,B0*i**2 - i**3 ; B1 - i,-i**3 + 3.99341238283656*i**2 ; 0.0355657779290672 - i
4642,5.3612416145106787e-08,-i*s - s**2 - s + Abs(s)**(5/4) ; B2*sqrt(Abs(B0 + B1*i)),-i*s - s**2 - s + Abs(s)**(5/4) ; 0.269676405405453*sqrt(Abs(0.108077503778492*i + 0.443057214486138))
4643,3.4433733899237666e-08,B0*i**2 ; sqrt(Abs(B1 + 2*i)),0.000291189853856318*i**2 ; sqrt(Abs(2*i + 65.3146209393506))
4644,1.3687814351506487e-08,sqrt(Abs(i)) ; sqrt(Abs(B1 - i + sqrt(Abs(B0 + r)))),sqrt(Abs(i)) ; sqrt(Abs(i - sqrt(Abs(r + 2915.73654323552)) + 54.2938567192392))
4645,4.839323638055296e-10,B0 + sqrt(Abs(i + sqrt(Abs(B1 + s)))) ; B2 + r,sqrt(Abs(i + sqrt(Abs(s + 3027.18965064877)))) - 6.68425929214305 ; r + 0.117648898071859
4646,3.0353642375409365e-10,B0*i**2*s + Abs(i)**(3/2) ; -r,0.404028254655132*i**2*s + Abs(i)**(3/2) ; -r
4647,4.6504605283550195e-11,B0 + B1*sqrt(Abs(s)) - s ; B2*r + i*r + i,-s - 14.1255618996034*sqrt(Abs(s)) + 20.1421003443062 ; i*r + i + 0.0130031246749394*r
4648,5.277577333825411e-13,B0*i**2 + B0*s + B1*i**3 ; sqrt(Abs(B2*i + B3*sqrt(Abs(i)) + B4*r)),-0.597539618403007*i**3 - 0.0394634771274254*i**2 - 0.0394634771274254*s ; sqrt(Abs(-0.250649253463697*i + 0.0119908902482874*r + 0.00469386697367699*sqrt(Abs(i))))
4649,2.150532633784635e-13,s - sqrt(Abs(i)) ; sqrt(Abs(B0 + r*sqrt(Abs(i - r)))),s - sqrt(Abs(i)) ; sqrt(Abs(r*sqrt(Abs(i - r)) + 2.44070325058917))
4650,1.367725313574499e-13,-i + s ; sqrt(Abs(2*i + r)),-i + s ; sqrt(Abs(2*i + r))
4651,9.990751390216526e-14,B0 + s - sqrt(Abs(B1 + 2*i)) ; sqrt(Abs(i)),s - sqrt(Abs(2*i - 0.0342357028980932)) + 0.110217895909656 ; sqrt(Abs(i))
4652,1.4114619524033566e-14,B0*i*s + Abs(i)**(3/2) ; -i + sqrt(Abs(B1*i + Abs(i)**(3/2))),0.305902943697269*i*s + Abs(i)**(3/2) ; -i + sqrt(Abs(0.910172052269122*i + Abs(i)**(3/2)))
4653,9.875341452287349e-16,B0 + i - s**2 ; B1*i,i - s**2 + 4.10990813642302 ; 0.953515703122352*i
4654,2.396369450902739e-16,B0 - i ; B1 + 2*i,-i - 1.45309430533959 ; 2*i + 2.61091584592769
4655,2.902218808434079e-17,2*Abs(i)**(5/2) ; B0 + Abs(i)**(1/4),2*Abs(i)**(5/2) ; Abs(i)**(1/4) - 0.400441214107725
4656,1.9397139965508807e-20,B0*i*s + Abs(i)**(3/2) ; -i + sqrt(Abs(B1*i + i**2)),0.345599784721504*i*s + Abs(i)**(3/2) ; -i + sqrt(Abs(i**2 + 0.716386800110624*i))
4657,1.9748626430048742e-23,B0 - i ; 2*i,-i - 0.000778820091606856 ; 2*i
4658,1.3886119447725697e-23,-i ; 2*i,-i ; 2*i
4659,2.3243892077265407e-25,sqrt(Abs(B0 + B1*i*s)) ; i**2 + sqrt(Abs(i))*sqrt(Abs(r)),sqrt(Abs(0.000343452104229239*i*s + 0.00155338464257884)) ; i**2 + sqrt(Abs(i))*sqrt(Abs(r))
4660,1.1729288685242336e-26,sqrt(Abs(i)) ; B0*sqrt(Abs(r)) + B1*r + i,sqrt(Abs(i)) ; i - 0.143476318983493*r + 0.869588552820889*sqrt(Abs(r))
4661,1.9673745018358202e-29,s*Abs(i)**(1/4) ; sqrt(Abs(B0 + sqrt(Abs(B1*i + i*r)))),s*Abs(i)**(1/4) ; sqrt(sqrt(Abs(i*r - 99.9999996213114*i)) + 0.488634557722341)
4662,1.0649861109223046e-37,B0*i + B1*i**2 + B2*i*s ; B3 + r,-0.00291800454418699*i**2 - 0.0254177798490617*i*s - 0.479908030608657*i ; r + 8.16865502054103e-5
4663,1.0872171266244842e-39,B0*i**2 + B0*i ; sqrt(Abs(B1 + r)),6.80916436293174e-5*i**2 + 6.80916436293174e-5*i ; sqrt(Abs(r + 42510.4868762075))
4664,6.549663416631687e-48,B0 + B1*s - i ; Abs(i)**(1/4),-i - 0.0175025932817469*s + 0.00100383115609251 ; Abs(i)**(1/4)
4665,1.4507130895846667e-56,Abs(B0*i - i**2 + i*sqrt(Abs(s)))**(1/4) ; sqrt(Abs(B2 - i + sqrt(Abs(B1 + i)))),Abs(i**2 - i*sqrt(Abs(s)) + 0.557138531836585*i)**(1/4) ; sqrt(Abs(i - sqrt(Abs(i + 0.60651013453555)) + 0.171124502797534))
4666,3.539556009666543e-62,B0*s + B0*sqrt(Abs(i)) - s**2 - s*sqrt(Abs(i)) ; B1*sqrt(Abs(i)),-s**2 - s*sqrt(Abs(i)) + 4.06815625679616*s + 4.06815625679616*sqrt(Abs(i)) ; 0.00195204398302709*sqrt(Abs(i))
4667,1.9173739103845476e-74,-i*s**2 + i*s - s ; B0*i**2*r,-i*s**2 + i*s - s ; 5.27366893227213*i**2*r
4668,2.180948071680569e-79,i + s ; B0 + r**2,i + s ; r**2 + 0.000382352983008514
4669,3.334522613695433e-84,B0 - 2*i ; i,2.01607809602107 - 2*i ; i
4670,9.697952106310015e-85,sqrt(Abs(i)) ; i,sqrt(Abs(i)) ; i
4671,1.1386774547770697e-88,B0 - 2*i ; B1*r + i,0.224770711066172 - 2*i ; i + 0.0235383463195353*r
4672,6.47970440479865e-90,i**2 ; B0 - i,i**2 ; 0.032606774590119 - i
4673,5.003045966879221e-91,B0*i**2 + B1*i*s ; B2 + i**2*r + i*r**2 + r,0.00218261971432861*i**2 + 0.0222652539818778*i*s ; i**2*r + i*r**2 + r + 19.6232636684085
4674,1.9305128011318053e-95,Abs(i)**(3/2) ; B0 - i,Abs(i)**(3/2) ; 0.037227125196754 - i
4675,6.134486236115813e-112,B0 + B1*i + B2*i**2 ; B3 - sqrt(Abs(i)),0.0271571426517135*i**2 - 0.0718147732052992*i - 1.1076094791235 ; -sqrt(Abs(i)) - 0.91499432536161
4676,7.39805357076352e-126,B0 - sqrt(Abs(i)) ; -i*r + i + r,10.0718876295054 - sqrt(Abs(i)) ; -i*r + i + r
4677,1.581937821198957e-126,-i + s ; Abs(i)**(1/4),-i + s ; Abs(i)**(1/4)
4678,1.0163002354109982e-131,B0 + B1*s + i ; sqrt(Abs(r - Abs(i)**(3/4))),i + 1.49376191723286*s - 1.19487873973501 ; sqrt(Abs(r - Abs(i)**(3/4)))
4679,6.266276483295236e-138,i**2 - sqrt(Abs(B0 - i)) ; B1 - i,i**2 - sqrt(Abs(i + 1.23489459632189)) ; 0.0477570155829551 - i
4680,3.313326006061365e-163,B0 - 2*i ; B1*i + r,-2*i - 0.763511342325795 ; 65.1722272227645*i + r
4681,2.599862098917312e-165,B0*i + B1*s + B3*sqrt(Abs(B2 + i)) ; B4*r,4.20642545373853*i + 4.18408875439737*s - 0.410512964134011*sqrt(Abs(i + 37.7221192241734)) ; 0.00139422833474884*r
4682,1.9549327232429665e-165,Abs(i)**(1/4) ; i + sqrt(Abs(r)),Abs(i)**(1/4) ; i + sqrt(Abs(r))
4683,3.574713636632895e-167,B0*s + 2*i ; B1 + B2*i,2*i - 0.00365697113287203*s ; 20.2758924688031*i + 0.07593919719671
4684,2.131471246602559e-175,sqrt(Abs(i))*Abs(B0 + s)**(1/8) ; B1*i,sqrt(Abs(i))*Abs(s + 1.28108449094708)**(1/8) ; 1.56204034239109*i
4685,5.259974318049806e-178,sqrt(Abs(i)) ; B0 + i - sqrt(Abs(i)),sqrt(Abs(i)) ; i - sqrt(Abs(i)) + 0.563021668365334
4686,2.3453470027927185e-178,B0 + B1*s + i ; sqrt(Abs(B2 + i)),i + 2.87206314005036*s - 1.81182343195086 ; sqrt(Abs(i - 15.9419753838352))
4687,5.509731351125695e-189,B0*i*s + B0*s**2 + s*sqrt(Abs(i)) ; -i + sqrt(Abs(i))*Abs(i + sqrt(Abs(i)))**(1/4),0.130087362139116*i*s + 0.130087362139116*s**2 + s*sqrt(Abs(i)) ; -i + sqrt(Abs(i))*Abs(i + sqrt(Abs(i)))**(1/4)
4688,3.284523033013037e-197,B0 + B1*i**2 + B2*i*s ; sqrt(Abs(B3 + r)),-3.53472530716975e-6*i**2 - 5.98760609760152e-7*i*s + 1.80432814075612 ; sqrt(Abs(r - 2.61976113228706))
4689,6.422157182295626e-201,B0 + B1*i*s - s ; B2*r + i + r**2,-0.0131404080660664*i*s - s - 4.71273783971367 ; i + r**2 + 83.520349237055*r
4690,2.756416166972739e-225,B0 + B1*i**2 + B1*i ; B2 + r*Abs(B3 + B4*r)**(1/4),2.19434359189817e-6*i**2 + 2.19434359189817e-6*i + 2.01378629479824 ; r*Abs(49.3321765679375*r + 41.395736644991)**(1/4) + 365.072787988764
4691,3.323101788759627e-227,B0*s + B1*i*s ; -i + sqrt(Abs(i + Abs(i)**(1/4))),-0.00884127831335251*i*s - 0.918747797374448*s ; -i + sqrt(Abs(i + Abs(i)**(1/4)))
4692,5.847028689517609e-230,B0 + B1*i**2 + B1*i ; B2 + sqrt(Abs(r)),1.11630347673043e-6*i**2 + 1.11630347673043e-6*i + 2.06729870684135 ; sqrt(Abs(r)) + 27.3141015563466
4693,1.5153091571751657e-230,B0 - i - sqrt(Abs(i + s)) ; B1 + r,-i - sqrt(Abs(i + s)) - 89.2933976122707 ; r + 193.140098389131
4694,1.1728856095932008e-231,s*Abs(i)**(1/4) ; B0 + B1*sqrt(Abs(i + r)) + r,s*Abs(i)**(1/4) ; r + 87.2242171476038*sqrt(Abs(i + r)) + 21.2090242762532
4695,5.515120643549148e-237,sqrt(Abs(B0*s + B1*i*s)) ; B2*i**2 + r,sqrt(Abs(0.00104893420416523*i*s + 0.00114251314482622*s)) ; 11.4084974690946*i**2 + r
4696,3.50563408278686e-239,B0 + B1*i + B2*i**2 + B2*s ; sqrt(Abs(i + Abs(i)**(3/2))),-0.000807829268060643*i**2 - 0.104898904147474*i - 0.000807829268060643*s - 0.354033089660632 ; sqrt(Abs(i + Abs(i)**(3/2)))
4697,9.483929106844449e-251,B0 + B1*i**2 + B1*s ; B2 + B3*i + r,1.00387705140916e-5*i**2 + 1.00387705140916e-5*s - 2.25918149813483 ; 4.18566397046367*i + r - 85.1304690070965
4698,4.669457921728141e-261,B0*i**2*s ; B1*sqrt(Abs(i)) + r,0.000308948791572146*i**2*s ; r - 0.151687066737344*sqrt(Abs(i))
4699,1.685629852014058e-271,Abs(B0*s - s**2)**(1/8) ; B1*sqrt(Abs(i))*sqrt(Abs(r)) + sqrt(Abs(i))*Abs(r)**(3/2),Abs(s**2 + 4.77574178479877*s)**(1/8) ; sqrt(Abs(i))*Abs(r)**(3/2) + 7.79702676134496*sqrt(Abs(i))*sqrt(Abs(r))
4700,2.0206740310884876e-272,B0 + B1*s - i ; i**2 - i*r + i + r,-i + 2.88648307938424*s + 2.88148608676846 ; i**2 - i*r + i + r
4701,7.251040062010066e-279,Abs(i)**(1/4) ; B0 + r,Abs(i)**(1/4) ; r + 3.84544757179808e-13
4702,9.559297326733586e-281,-Abs(i)**(1/4) ; r,-Abs(i)**(1/4) ; r
4703,7.4106577590167475e-283,B0 + B1*i + B2*i**2 ; sqrt(Abs(B3 + r)),-1.89611006433911e-5*i**2 - 0.00174441226297585*i + 2.55379895573488 ; sqrt(Abs(r + 5.70691708351707))
4704,9.3138153920999e-300,B0*i**2 + B0*i*s + B1*i*sqrt(Abs(s)) ; B2 + r,0.000389256651427713*i**2 + 0.000389256651427713*i*s + 0.00466079758421794*i*sqrt(Abs(s)) ; r + 187.818354110562
4705,2.1956114693269634e-306,B0 + B1*i**2 ; B2 - i,1.44078482500205e-6*i**2 + 2.75778823836524 ; 1.62380799011971 - i
4706,1.16003733e-316,B1*sqrt(Abs(B0 + i)) - i*sqrt(Abs(B0 + i)) ; sqrt(Abs(B2 + sqrt(3)*sqrt(Abs(i))*sqrt(Abs(r)))),-i*sqrt(Abs(i - 0.114186116808759)) + 2.42249363029125*sqrt(Abs(i - 0.114186116808759)) ; sqrt(Abs(sqrt(3)*sqrt(Abs(i))*sqrt(Abs(r)) - 1.13464809399187))
4707,0.0,i ; B0 + B1*r**2,i ; 1.5243632420825 - 2.27246852842787*r**2
4708,0.0,B0 - i*s ; B1 + i + r,-i*s + 0.211979617446454 ; i + r + 0.647362506690888
4709,0.0,sqrt(Abs(s)) ; B0 - 2*r,sqrt(Abs(s)) ; 0.0233886496934352 - 2*r
4710,0.0,i ; Abs(B0 + r)**(1/4),i ; Abs(r + 1.79556747553995)**(1/4)
4711,0.0,B0 - s ; B1*i,0.542428808908912 - s ; 36.639371138411*i
4712,0.0,i - s ; r,i - s ; r
4713,0.0,B0 - s ; B1*r + B1*sqrt(Abs(i - r)),-s - 0.223419777828446 ; 5.45826218165506*r + 5.45826218165506*sqrt(Abs(i - r))
4714,0.0,B0 + B1*i**2 + i**3 ; sqrt(Abs(i + r - Abs(r)**(1/8))),i**3 + 2.44460081325082*i**2 - 1.88997299877379 ; sqrt(Abs(i + r - Abs(r)**(1/8)))
4715,0.0,B0 - s ; r,0.5424578988041 - s ; r
4716,0.0,B0 - s ; i,-s - 0.223381074518677 ; i
4717,0.0,B0 - s ; i**2 - i,0.542457899512231 - s ; i**2 - i
4718,0.0,-i**2 + i*s - s ; B0 - r,-i**2 + i*s - s ; 0.644191781616939 - r
4719,0.0,B0*sqrt(Abs(s)) - s ; sqrt(Abs(B1 + sqrt(Abs(r)))),-s + 0.617266223159766*sqrt(Abs(s)) ; sqrt(sqrt(Abs(r)) + 2.34705949792261)
4720,0.0,i*sqrt(Abs(s)) - sqrt(Abs(s)) ; sqrt(Abs(i))*sqrt(Abs(r)),i*sqrt(Abs(s)) - sqrt(Abs(s)) ; sqrt(Abs(i))*sqrt(Abs(r))
4721,0.0,B0 + B1*i - s ; i,-2.5851029107333*i - s - 17.2656767565902 ; i
4722,0.0,B0*i**2 + B0*i*s**2 - s ; r,0.00302430769708535*i**2 + 0.00302430769708535*i*s**2 - s ; r
4723,0.0,B0*i - s ; r,0.0518436069910237*i - s ; r
4724,0.0,B0 + i*s + i*sqrt(Abs(B1 - s)) ; i + Abs(r)**(3/4),i*s + i*sqrt(Abs(s - 2.31238034723702)) - 2.61432153499388 ; i + Abs(r)**(3/4)
4725,0.0,B0*i + i*s - s ; B1*i + B2*i*r,i*s - 3.04262946149387*i - s ; 21.8055729288447*i*r - 6.5602443316158*i
4726,0.0,i*sqrt(Abs(s)) - i ; i + Abs(i)**(3/4)*Abs(r)**(1/4),i*sqrt(Abs(s)) - i ; i + Abs(i)**(3/4)*Abs(r)**(1/4)
4727,0.0,i*s - sqrt(Abs(i)) ; i,i*s - sqrt(Abs(i)) ; i
4728,0.0,B0 + i*s**2 + i*s ; B1 + Abs(r)**(5/4),i*s**2 + i*s + 1.72972677895815 ; Abs(r)**(5/4) + 0.449188263888636
4729,0.0,B0 - i**2 + 2*i*s ; sqrt(Abs(B1*r + B1*sqrt(Abs(r)) + B2*i)),-i**2 + 2*i*s - 0.484429587879481 ; sqrt(Abs(11.4493111618212*i + 5.8783203306831*r + 5.8783203306831*sqrt(Abs(r))))
4730,0.0,i**2 - 2*i ; B0 - i + r,i**2 - 2*i ; -i + r + 0.665336821624336
4731,0.0,B0*i - sqrt(Abs(s)) ; sqrt(Abs(B1 + i)),0.000457348491688175*i - sqrt(Abs(s)) ; sqrt(Abs(i + 0.000598786890289376))
4732,0.0,B0*i**2 - s ; B1 - i**2,0.000171801283099413*i**2 - s ; 197.106784551549 - i**2
4733,0.0,B0 + Abs(i)**(3/2) ; B1 + B2*i - i*r,Abs(i)**(3/2) + 4.42045546647181 ; -i*r + 8.52629971243218*i + 4.33600713367134
4734,0.0,i**2 + i*sqrt(Abs(s)) - i ; B0 + r - sqrt(Abs(B1 + i)),i**2 + i*sqrt(Abs(s)) - i ; r - sqrt(Abs(i + 0.238205017683159)) + 0.996762939843706
4735,0.0,B0 + B1*i + i*s ; sqrt(Abs(i - r)),i*s - 5.3374548739139*i - 7.48646108817409 ; sqrt(Abs(i - r))
4736,0.0,B0 + i**2 ; -2*i + sqrt(2)*sqrt(Abs(i)),i**2 - 0.337318767520014 ; -2*i + sqrt(2)*sqrt(Abs(i))
4737,0.0,-i*s + Abs(i)**(3/2) ; B0 + sqrt(Abs(r)),-i*s + Abs(i)**(3/2) ; sqrt(Abs(r)) + 0.00104426155234261
4738,0.0,i**2 + i - s**2 ; r - sqrt(Abs(i + r)),i**2 + i - s**2 ; r - sqrt(Abs(i + r))
4739,0.0,i**2 - s ; B0*sqrt(Abs(i)) - i,i**2 - s ; -i + 1.43447256553625*sqrt(Abs(i))
4740,0.0,i**2 - i ; -i + r,i**2 - i ; -i + r
4741,0.0,B0 + i**2 ; B1 - r,i**2 + 9.34266708127756e-5 ; 0.0204018122437301 - r
4742,0.0,B0 + i**2 - s ; B1 + r,i**2 - s - 2.84790333762349 ; r + 1.25721954413245
4743,0.0,i**2 - i ; B0 + r,i**2 - i ; r + 0.00453628319734323
4744,0.0,B0*sqrt(Abs(i)) + i**2 ; B1 - r - sqrt(Abs(r)),i**2 + 0.0473290417848167*sqrt(Abs(i)) ; -r - sqrt(Abs(r)) + 0.071838713827763
4745,0.0,B0 + i**2 + i - s ; B1 + r,i**2 + i - s - 2.02308608743344 ; r + 0.0613370643451285
4746,0.0,B0 + i**2 ; -i,i**2 + 2.74620354979352 ; -i
4747,0.0,i**2 - sqrt(Abs(B0 + s)) ; B1 - Abs(i)**(3/4),i**2 - sqrt(Abs(s + 0.172031323651492)) ; 12.8552870524144 - Abs(i)**(3/4)
4748,0.0,B0 + i**2 ; B1 - sqrt(Abs(B2 + i + r)),i**2 + 23.2943038683713 ; 28.2979844485037 - sqrt(Abs(i + r - 12.0711425112585))
4749,0.0,B0 + i**2 ; B2*sqrt(Abs(B1 + sqrt(Abs(r)))) - r,i**2 + 2.2721141503877 ; -r + 9.91668653036374*sqrt(sqrt(Abs(r)) + 1.14269472795038)
4750,0.0,i**2 - sqrt(Abs(i + s)) ; B0 - i + sqrt(Abs(r)),i**2 - sqrt(Abs(i + s)) ; -i + sqrt(Abs(r)) + 9.70445093180425
4751,0.0,i**2 - sqrt(Abs(s)) ; -i + r,i**2 - sqrt(Abs(s)) ; -i + r
4752,0.0,B0 + i**2 ; B1*i + B2*r,i**2 + 4.63116271953554 ; 2.75612896285204*i + 0.438396714023181*r
4753,0.0,i**2 - sqrt(Abs(B0 - s)) ; B1 + B2*r - i,i**2 - sqrt(Abs(s - 0.0444999722847467)) ; -i + 0.000480584733133813*r + 0.173624007777634
4754,0.0,i**2 - sqrt(Abs(B0 + s)) ; B1 + sqrt(Abs(i)),i**2 - sqrt(Abs(s + 16.5329644267405)) ; sqrt(Abs(i)) - 0.0245441150356738
4755,0.0,i**2 - sqrt(Abs(B0 + s)) ; B1 - i,i**2 - sqrt(Abs(s + 0.00138127922459156)) ; 0.799500221885771 - i
4756,0.0,i**2 ; -i*sqrt(Abs(B0 + i + r)) + r,i**2 ; -i*sqrt(Abs(i + r + 141.624198294991)) + r
4757,0.0,i**2 - sqrt(Abs(B0 - i)) ; B1 + i + r,i**2 - sqrt(Abs(i - 9.26836558584532)) ; i + r - 6.00626856400178
4758,0.0,i**2 - sqrt(Abs(B0 - s)) ; B1 - 2*i,i**2 - sqrt(Abs(s - 0.00837981785138506)) ; 0.00440352936087939 - 2*i
4759,0.0,i**2 - sqrt(Abs(i - s)) ; B0 - sqrt(2)*sqrt(Abs(i)),i**2 - sqrt(Abs(i - s)) ; -sqrt(2)*sqrt(Abs(i)) + 87.5590307694756
4760,0.0,i**2 ; -r**3 + r,i**2 ; -r**3 + r
4761,0.0,i**2 ; B0*r + i*r + r**2,i**2 ; i*r + r**2 + 0.00759042371815123*r
4762,0.0,i**2 - sqrt(Abs(B0 + i)) ; B1 + r,i**2 - sqrt(Abs(i - 0.0018750767403301)) ; r + 0.0287009854304212
4763,0.0,i**2 ; i - sqrt(2)*sqrt(Abs(i)),i**2 ; i - sqrt(2)*sqrt(Abs(i))
4764,0.0,i**2 ; B0*r**2,i**2 ; 0.000444167193002356*r**2
4765,0.0,i**2 ; i + sqrt(Abs(r)),i**2 ; i + sqrt(Abs(r))
4766,0.0,i**2 - sqrt(Abs(B0 + s)) ; B1 + i,i**2 - sqrt(Abs(s + 0.0125551533616948)) ; i + 0.691783164162539
4767,0.0,i**2 - sqrt(Abs(B0 + s)) ; B1*r - i,i**2 - sqrt(Abs(s + 2.93450354965299)) ; -i - 0.04287496763222*r
4768,0.0,i**2 - sqrt(Abs(i - s)) ; B0 + i,i**2 - sqrt(Abs(i - s)) ; i + 2.94557773489873
4769,0.0,i**2 - sqrt(Abs(i - s)) ; i - sqrt(Abs(i)),i**2 - sqrt(Abs(i - s)) ; i - sqrt(Abs(i))
4770,0.0,i**2 - sqrt(Abs(B0 + s)) ; B1*r + i,i**2 - sqrt(Abs(s + 0.164257541108434)) ; i + 0.0851775766610036*r
4771,0.0,i**2 - sqrt(Abs(i - s)) ; B0*sqrt(Abs(i)) + i,i**2 - sqrt(Abs(i - s)) ; i + 11.425941938492*sqrt(Abs(i))
4772,0.0,i**2 - sqrt(Abs(i - s)) ; B0*i - i*r,i**2 - sqrt(Abs(i - s)) ; -i*r + 0.218073853531611*i
4773,0.0,i**2 - sqrt(Abs(B0 + s)) ; B1*r - i*r + i,i**2 - sqrt(Abs(s + 32.7264377604889)) ; -i*r + i - 8.14155824713176*r
4774,0.0,i**2 - sqrt(Abs(B0 + s)) ; i - r**2,i**2 - sqrt(Abs(s - 2.60117266489758)) ; i - r**2
4775,0.0,i**2 - sqrt(Abs(i - s)) ; B0*sqrt(Abs(r)) + B1*r + i,i**2 - sqrt(Abs(i - s)) ; i + 31.3063205756041*r - 7.04616431100633*sqrt(Abs(r))
4776,0.0,i**2 - sqrt(Abs(B0 + s)) ; B1*r - i*r + i - r**2,i**2 - sqrt(Abs(s + 28.6419459906495)) ; -i*r + i - r**2 - 9.70872366493835*r
4777,0.0,i**2 - sqrt(Abs(i - s)) ; B0 + B1*r + i,i**2 - sqrt(Abs(i - s)) ; i + 0.977140448514659*r + 0.55245827245268
4778,0.0,B0*i + i*sqrt(Abs(B1 + i + s)) ; B2*sqrt(Abs(i)),i*sqrt(Abs(i + s + 0.0267501656139252)) + 0.0011554172826847*i ; 0.00230961903317897*sqrt(Abs(i))
4779,0.0,B0*i + i**2 + i*s ; B1 + r + Abs(r)**(3/2),i**2 + i*s - 5.07176294445882*i ; r + Abs(r)**(3/2) + 0.00836856863741856
4780,0.0,i ; r*sqrt(Abs(i)),i ; r*sqrt(Abs(i))
4781,0.0,B0 + B1*i + i**3 + i*s ; i + r,i**3 + i*s + 1.36141177904403*i + 2.14444944525557 ; i + r
4782,0.0,i*s - s ; i*sqrt(Abs(B0 + i)) + i,i*s - s ; i*sqrt(Abs(i + 0.727906330729095)) + i
4783,0.0,sqrt(Abs(B0 - i + s)) ; 2*r,sqrt(Abs(-i + s + 51.9325491474589)) ; 2*r
4784,0.0,i ; B0 + r,i ; r + 0.106835710395466
4785,0.0,sqrt(2)*sqrt(Abs(i)) ; B0 + 2*i + r,sqrt(2)*sqrt(Abs(i)) ; 2*i + r + 0.200508892217025
4786,0.0,sqrt(Abs(B0*Abs(s)**(1/4) + s)) ; B1*Abs(r)**(1/8),sqrt(Abs(s + 21.6671400353517*Abs(s)**(1/4))) ; 0.122296554016881*Abs(r)**(1/8)
4787,0.0,i ; i + r**2,i ; i + r**2
4788,0.0,sqrt(Abs(i**2 - i*sqrt(Abs(s - sqrt(Abs(s)))))) ; i - r + sqrt(Abs(i)),sqrt(Abs(i**2 - i*sqrt(Abs(s - sqrt(Abs(s)))))) ; i - r + sqrt(Abs(i))
4789,0.0,i ; 2*i - r - sqrt(Abs(i)),i ; 2*i - r - sqrt(Abs(i))
4790,0.0,i + sqrt(Abs(B0 - 2*i)) ; i + r - sqrt(Abs(i)),i + sqrt(Abs(2*i - 3.29452815396252)) ; i + r - sqrt(Abs(i))
4791,0.0,sqrt(Abs(s)) ; B0 + i,sqrt(Abs(s)) ; i + 7.89040825440559
4792,0.0,i ; B0 + i - r,i ; i - r + 1.36512754339331
4793,0.0,sqrt(Abs(s**2 + s*sqrt(Abs(B0 + i**2)))) ; B1*sqrt(Abs(r)) + i,sqrt(Abs(s**2 + s*sqrt(Abs(i**2 + 0.0337637676605426)))) ; i + 5.91094500040661*sqrt(Abs(r))
4794,0.0,B0 - s ; 2*i,0.542457899460722 - s ; 2*i
4795,0.0,-i + Abs(B0 + B1*sqrt(Abs(i)))**(1/4) ; i + r,-i + Abs(4.70130700956091*sqrt(Abs(i)) - 26.5855569720235)**(1/4) ; i + r
4796,0.0,B0 + i - s ; B1 + i,i - s - 36.378790340688 ; i - 97.1060806600507
4797,0.0,B0 + sqrt(Abs(B1 + i + s)) ; 2*i,sqrt(Abs(i + s + 47.6348960447023)) + 0.111125995888759 ; 2*i
4798,0.0,B0 - i - sqrt(Abs(s)) ; i + r + sqrt(Abs(i)),-i - sqrt(Abs(s)) + 2.02341224245153 ; i + r + sqrt(Abs(i))
4799,0.0,B0 + B1*i + 2*i**2 + 2*i*s ; i + sqrt(Abs(r)),2*i**2 + 2*i*s + 0.790922779057684*i + 0.413251082873291 ; i + sqrt(Abs(r))
4800,0.0,B0*sqrt(Abs(s)) - i ; i + r,-i + 0.0875960149843692*sqrt(Abs(s)) ; i + r
4801,0.0,B0 + B1*s - i*s ; B2*sqrt(Abs(i))*sqrt(Abs(r)) + i + r,-i*s + 1.50351151049702*s + 5.86300524023084 ; i + r - 0.0675615524890254*sqrt(Abs(i))*sqrt(Abs(r))
4802,0.0,B0 - s ; i + sqrt(Abs(i)),-s - 0.22338107326002 ; i + sqrt(Abs(i))
4803,0.0,B0 - i - s ; B1 + 2*i + 2*r,-i - s - 50.6252490350653 ; 2*i + 2*r + 72.4382005432244
4804,0.0,B0 - s ; B1 + i,0.542475028305135 - s ; i + 37.5279906461954
4805,0.0,B0*i*s - s ; B1 + r,0.000430670123803271*i*s - s ; r + 199.240489048671
4806,0.0,-sqrt(Abs(i))*sqrt(Abs(s)) ; 2*i - sqrt(Abs(B0 - r)),-sqrt(Abs(i))*sqrt(Abs(s)) ; 2*i - sqrt(Abs(r - 0.0291744824587945))
4807,0.0,-sqrt(Abs(i)) ; r - sqrt(Abs(i)),-sqrt(Abs(i)) ; r - sqrt(Abs(i))
4808,0.0,B0*sqrt(Abs(s)) - 2*s ; B1 + i,-2*s - 0.131719548962118*sqrt(Abs(s)) ; i + 1.68785943728722
4809,0.0,-2*i + s ; i,-2*i + s ; i
4810,0.0,B0*s - i - s**2 ; B1 + B2*i + r,-i - s**2 + 6.55246803955273*s ; 2.95191229516929*i + r + 6.79457453950864
4811,0.0,B0 - 2*s ; B1 + 3*i - r,-2*s - 0.247675022390423 ; 3*i - r + 0.407027023498019
4812,0.0,i*s + i - 2*s ; B0 + i - 2*r,i*s + i - 2*s ; i - 2*r + 1.09555901181132
4813,0.0,B0 - s ; -i*r + i*sqrt(Abs(r)) + i - r,-s - 0.223381071941637 ; -i*r + i*sqrt(Abs(r)) + i - r
4814,0.0,B0 + 2*i - s ; i - r + sqrt(Abs(i)),2*i - s + 0.332698955159247 ; i - r + sqrt(Abs(i))
4815,0.0,B0 - i ; B1 + i - 2*r,35.7112467510136 - i ; i - 2*r + 3.71464365273414
4816,0.0,B0 - 2*s ; B1 + 2*i - r,-2*s - 0.248019441498732 ; 2*i - r + 0.00148496324622404
4817,0.0,B0 - i ; B1 + i + sqrt(Abs(r)),-i - 1.5443964850264 ; i + sqrt(Abs(r)) + 1.32763002600824
4818,0.0,B0 - i**2 - s ; B1 + i - r,-i**2 - s - 4.15149270540054 ; i - r - 3.12670195072653
4819,0.0,B0 - i - sqrt(Abs(s)) ; B1 + i**2*r + i,-i - sqrt(Abs(s)) + 1.23323669438683 ; i**2*r + i - 0.676619604269735
4820,0.0,B0 - i*s - s**2 - s ; 2*i - r,-i*s - s**2 - s + 23.3304324526672 ; 2*i - r
4821,0.0,B0 + B1*s - s**2 ; B2 + i + 2*r,-s**2 + 3.50068640991607*s + 4.58764764589126 ; i + 2*r + 0.000290141549614471
4822,0.0,B0 - s - sqrt(Abs(i)) ; B1*sqrt(Abs(r)) + i - r,-s - sqrt(Abs(i)) - 1.14138970571831 ; i - r - 9.42722786333987*sqrt(Abs(r))
4823,0.0,B0 - i**2 ; B1 + i + r,4.25605667481581 - i**2 ; i + r + 7.11997337580685
4824,0.0,B0 - 2*s ; i,-2*s - 0.247733999354727 ; i
4825,0.0,B0 - 2*s ; i + r,-2*s - 0.247733999354727 ; i + r
4826,0.0,B0 - i - Abs(s)**(1/4) ; B1 + i + r,-i - Abs(s)**(1/4) - 44.4087517844175 ; i + r + 28.6278652735322
4827,0.0,B0 + i*s - i - Abs(s)**(3/2) ; B1 + i + r,i*s - i - Abs(s)**(3/2) - 2.3667212156294 ; i + r - 2.93107975077588
4828,0.0,B0 - i ; i + r - sqrt(Abs(r)),0.635960621839845 - i ; i + r - sqrt(Abs(r))
4829,0.0,B0 - s ; B1*i - i**2 + r,-s - 0.223391085287099 ; -i**2 + 0.506546664316183*i + r
4830,0.0,B0 + i - 2*s ; i + r - Abs(r)**(3/2),i - 2*s + 0.847011739742585 ; i + r - Abs(r)**(3/2)
4831,0.0,B0 - i - s ; B1*i + r,-i - s - 3.7934784791384 ; -7.46933943769039e-10*i + r
4832,0.0,B0 - s ; B1 + B2*r + i,-s - 0.223333577012764 ; i + 0.00242949700408576*r + 0.00258911986231669
4833,0.0,B0 - 3*i - s ; B1 + i + r,-3*i - s + 11.7364147247307 ; i + r - 3.78975411763251
4834,0.0,B0 + B1*i**2 + B2*i*s - s ; B3*i - i**2 + r,-0.167891867566757*i**2 + 2.6786858118009*i*s - s + 5.26024881409257 ; -i**2 + 0.348557889076365*i + r
4835,0.0,B0 - s - sqrt(Abs(i)) ; -i**2 + i + r,-s - sqrt(Abs(i)) + 0.488251410505278 ; -i**2 + i + r
4836,0.0,B0 - i*s - i - 2*s ; B1*r + i,-i*s - i - 2*s + 6.36965968215915 ; i + 10.4474759684082*r
4837,0.0,B0 - i - 2*s ; B1 + i + r,-i - 2*s - 26.9317488825818 ; i + r + 45.9479017460431
4838,0.0,B0 - s ; B1*r + i - r**2,0.820180305675934 - s ; i - r**2 + 0.58321375005566*r
4839,0.0,B0 - s ; B1*i**2 + i + r,-s - 0.223290418505209 ; 0.135261483757164*i**2 + i + r
4840,0.0,B0 + B1*s - i - s**2 ; B2*sqrt(Abs(r)) + i + r,-i - s**2 + 2.23414240744088*s + 3.53293415178682 ; i + r - 1.21798724983015*sqrt(Abs(r))
4841,0.0,B0 - s ; B1*i + B2*r,-s - 0.223285019832054 ; 1.1055202971632*i + 0.508976355219472*r
4842,0.0,B0 - i - s ; B1*r - i*r + i,-i - s + 13.4273043335392 ; -i*r + i + 1.60474712442496*r
4843,0.0,B0 - i - s*sqrt(Abs(i)) - s ; B1*i + B2*r,-i - s*sqrt(Abs(i)) - s - 1.34189848171987 ; 3.23557158205395*i + 2.13640825042708*r
4844,0.0,B0 - i ; -i**2 + i*r + i + r,47.019647033654 - i ; -i**2 + i*r + i + r
4845,0.0,B0 - s - Abs(i)**(1/4) ; B1*i + i*r + r,-s - Abs(i)**(1/4) + 0.802224859889361 ; i*r - 0.0663710298342128*i + r
4846,0.0,B0 - s**2 - sqrt(Abs(i)) ; B1*i - i**2 + r,-s**2 - sqrt(Abs(i)) - 0.665584956788949 ; -i**2 + 6.77400765489555*i + r
4847,0.0,B0 - s ; i + r,-s - 0.22338107306896 ; i + r
4848,0.0,B0 + 2*i - s ; B1 + i + r,2*i - s - 7.81674209422935 ; i + r - 8.73926871406678
4849,0.0,B0 + B1*i**2 - i ; B2 + i + r,-0.00725350778360227*i**2 - i - 27.5759683059162 ; i + r + 20.783365095357
4850,0.0,B0 - i*sqrt(Abs(s)) ; i + r,-i*sqrt(Abs(s)) + 0.253790624386193 ; i + r
4851,0.0,B0 - 3*i*s - i ; B1*i - i**2 + r,-3*i*s - i + 0.671694926464388 ; -i**2 + 0.486773571246821*i + r
4852,0.0,B0 + B1*i + B2*i**2 - s ; B3 + B4*r + i,0.025129808995091*i**2 + 2.27136923737759*i - s - 0.604240556607797 ; i + 78.0762097480057*r + 1.51195526084821
4853,0.0,B0 - i ; B1*i - i**2 + r,1.99161109763415 - i ; -i**2 + 135.729038441361*i + r
4854,0.0,B0 + B1*i**2 - i ; i + r,-0.010029285003173*i**2 - i + 0.0500019800518971 ; i + r
4855,0.0,B0 + B1*i**2 - s ; -i**2 + i*r + i + r,0.00216395035115499*i**2 - s + 0.0102557134519149 ; -i**2 + i*r + i + r
4856,0.0,B0 + B1*i - s ; B2 + B3*r + i,-1.21855383018418*i - s - 16.1935921097111 ; i - 2.95457836525098*r - 4.2478585341004
4857,0.0,B0 + B1*i - s ; i + r,-1.57959150628242*i - s - 2.09798816964506 ; i + r
4858,0.0,B0 + B1*i - s ; B2*r + i - r**2,0.451545374149421*i - s - 7.09704273218729 ; i - r**2 - 2.89914282365653*r
4859,0.0,sqrt(Abs(B0 - i*s + s)) ; B1*sqrt(Abs(r)),sqrt(Abs(-i*s + s + 0.00055075379584634)) ; 0.000920827650343767*sqrt(Abs(r))
4860,0.0,sqrt(Abs(s)) ; i,sqrt(Abs(s)) ; i
4861,0.0,sqrt(Abs(B0 + 3*s)) ; B1*i + B1*r,sqrt(Abs(3*s + 28.0645077926175)) ; 0.000521404545752802*i + 0.000521404545752802*r
4862,0.0,sqrt(Abs(i*sqrt(Abs(s)) - i)) ; -i + sqrt(Abs(B0 + B1*r**2 + B2*i*r)),sqrt(Abs(i*sqrt(Abs(s)) - i)) ; -i + sqrt(Abs(-0.971925175819915*i*r + 5.37408097294672*r**2 + 0.000408359759682654))
4863,0.0,sqrt(Abs(-B0 + i*s + i)) ; r,sqrt(Abs(i*s + i - 0.741735175311207)) ; r
4864,0.0,sqrt(Abs(i)) ; sqrt(Abs(i - r)),sqrt(Abs(i)) ; sqrt(Abs(i - r))
4865,0.0,sqrt(Abs(s)) ; B0*Abs(r)**(1/4) + i,sqrt(Abs(s)) ; i + 0.698785573715035*Abs(r)**(1/4)
4866,0.0,sqrt(Abs(B0 + 2*i + s)) ; i*r,sqrt(Abs(2*i + s + 0.508526403872505)) ; i*r
4867,0.0,sqrt(Abs(B0 + s)) ; sqrt(Abs(B1 - i)),sqrt(Abs(s + 48.7601854394177)) ; sqrt(Abs(i - 23.0571494338552))
4868,0.0,sqrt(Abs(B0*i + i**2)) ; B1 + r,sqrt(Abs(i**2 - 33.7241420414003*i)) ; r + 0.294519261348082
4869,0.0,sqrt(Abs(B0*s + s**2)) ; sqrt(Abs(i)),sqrt(Abs(s**2 + 47.1576766301735*s)) ; sqrt(Abs(i))
4870,0.0,sqrt(Abs(s))*Abs(B0 + i*s - s)**(1/4) ; B1 + B2*i - r,sqrt(Abs(s))*Abs(-i*s + s + 5.35170491817249)**(1/4) ; 1.35528884451432*i - r + 46.6598561210054
4871,0.0,sqrt(Abs(i**2*s + i*s**2)) ; sqrt(Abs(r)),sqrt(Abs(i**2*s + i*s**2)) ; sqrt(Abs(r))
4872,0.0,sqrt(Abs(B0*i*s + s**2)) ; B1 + i,sqrt(Abs(2.74117581935012*i*s + s**2)) ; i - 1.30840496396039
4873,0.0,sqrt(Abs(i*s + Abs(s)**(3/2))) ; r + sqrt(Abs(B0*i + B1*i*r + i**2*r)),sqrt(Abs(i*s + Abs(s)**(3/2))) ; r + sqrt(Abs(i**2*r + 0.426827467396777*i*r + 0.00260368858645236*i))
4874,0.0,sqrt(Abs(B0*s + i*s + s**2)) ; B1*i - i**2,sqrt(Abs(i*s + s**2 - 45.9389271817254*s)) ; -i**2 + 2.37484240885307*i
4875,0.0,sqrt(Abs(i**2 - i*s)) ; B0 - i + 2*r + sqrt(Abs(i)),sqrt(Abs(i**2 - i*s)) ; -i + 2*r + sqrt(Abs(i)) + 0.0188976975235473
4876,0.0,i ; B0 + i*r,i ; i*r + 30.8982237768722
4877,0.0,sqrt(Abs(i**2*s - i*s**2)) ; B0 + i + r,sqrt(Abs(i**2*s - i*s**2)) ; i + r + 5.53411254195649
4878,0.0,i*Abs(i - s)**(1/8) ; 2*r,i*Abs(i - s)**(1/8) ; 2*r
4879,0.0,Abs(i)**(5/4) ; B0*i + i*sqrt(Abs(i + r)) + r,Abs(i)**(5/4) ; i*sqrt(Abs(i + r)) + 0.210958763064068*i + r
4880,0.0,sqrt(Abs(B0*i**3 - i**4)) ; B1*sqrt(Abs(i))*sqrt(Abs(r)) + r,sqrt(Abs(i**4 - 0.0334462507093348*i**3)) ; r + 0.0017959263654863*sqrt(Abs(i))*sqrt(Abs(r))
4881,0.0,sqrt(Abs(B0*i*s - i*s**3)) ; i + r,sqrt(Abs(i*s**3 - 0.340026815550351*i*s)) ; i + r
4882,0.0,sqrt(Abs(i))*sqrt(Abs(s))*Abs(B0 + s)**(1/4) ; B1 + r,sqrt(Abs(i))*sqrt(Abs(s))*Abs(s + 48.3013153882378)**(1/4) ; r + 0.276866322262785
4883,0.0,sqrt(Abs(B0*i**2 + B0*i*s**2 + B0*i*s)) ; B1 + r + sqrt(Abs(r)),sqrt(Abs(0.000331429609366694*i**2 + 0.000331429609366694*i*s**2 + 0.000331429609366694*i*s)) ; r + sqrt(Abs(r)) + 9.53530034446427
4884,0.0,sqrt(Abs(B0*s**2 + i*s**2)) ; B1 + r,sqrt(Abs(i*s**2 + 6.27442398894681*s**2)) ; r + 0.994258297202043
4885,0.0,s*sqrt(Abs(i)) ; i + r,s*sqrt(Abs(i)) ; i + r
4886,0.0,sqrt(Abs(2*i**2*s + i*s**2)) ; B0*i + B1*r,sqrt(Abs(2*i**2*s + i*s**2)) ; 0.53283651708033*i + 0.00208916590694038*r
4887,0.0,s*sqrt(Abs(i)) ; B0 + r,s*sqrt(Abs(i)) ; r + 0.000702727165130519
4888,0.0,sqrt(Abs(B0*s**2 + i*s**2)) ; i + r,sqrt(Abs(i*s**2 + 1.27035518791316*s**2)) ; i + r
4889,0.0,sqrt(Abs(i*s**2 - s**3)) ; r + sqrt(Abs(B0 + B1*r)),sqrt(Abs(i*s**2 - s**3)) ; r + sqrt(Abs(0.00952234366487622*r + 0.0389403878849135))
4890,0.0,s*Abs(i)**(1/4) ; B0 + r,s*Abs(i)**(1/4) ; r + 59.3857979956631
4891,0.0,s*Abs(i)**(1/4) ; r + sqrt(Abs(B0*i - r)),s*Abs(i)**(1/4) ; r + sqrt(Abs(0.00919695567312141*i - r))
4892,0.0,B0 - i + sqrt(2)*sqrt(Abs(s)) ; i,-i + sqrt(2)*sqrt(Abs(s)) + 0.0317008475136268 ; i
4893,0.0,i**2 + i ; i,i**2 + i ; i
4894,0.0,sqrt(Abs(i))*Abs(B0 + s)**(1/4) ; i,sqrt(Abs(i))*Abs(s + 62.780072771131)**(1/4) ; i
4895,0.0,i ; i + r + sqrt(Abs(i)),i ; i + r + sqrt(Abs(i))
4896,0.0,i ; B0 - r + sqrt(Abs(B1 + i)),i ; -r + sqrt(Abs(i + 38.0248444162866)) - 3.29077137487865
4897,0.0,-i + s ; B0 + r,-i + s ; r + 0.00014762302194507
4898,0.0,i**2 ; B0 + r,i**2 ; r + 0.462104987628379
4899,0.0,i ; B0 + sqrt(Abs(i))*sqrt(Abs(r)),i ; sqrt(Abs(i))*sqrt(Abs(r)) + 0.2095714266605
4900,0.0,B0 - s ; B1 + sqrt(Abs(B2 + r)),-s - 0.223588059098321 ; sqrt(Abs(r + 0.318158096638562)) + 0.0231853252673294
4901,0.0,sqrt(Abs(s)) ; B0 + r,sqrt(Abs(s)) ; r + 1.64416548455168
4902,0.0,B0 + i*s ; B1 + r,i*s - 1.43100472331016 ; r + 2.07150292190106
4903,0.0,i*s ; B0 + r,i*s ; r + 5.14211120667764
4904,0.0,B0*i + i*s ; B1 + r,i*s + 7.28954779577095*i ; r - 1.45529416056166
4905,0.0,B0*i - i**2 + i*s ; B1 + r,-i**2 + i*s - 3.64037195090768*i ; r + 5.25941925609371
4906,0.0,B0*i*s + i**2*s + i*s**2 ; B1 + r,i**2*s + i*s**2 + 3.23725143283622*i*s ; r + 2.11075033320846
4907,0.0,i*sqrt(Abs(s)) ; B0 + r,i*sqrt(Abs(s)) ; r + 0.907598512266141
4908,0.0,-i**2*s - i*s + s**2 ; B0 + r,-i**2*s - i*s + s**2 ; r + 3.48253430233976
4909,0.0,B0*s + 2*s**2 + s*sqrt(Abs(i)) ; B1 + r,2*s**2 + s*sqrt(Abs(i)) + 0.0109047480091164*s ; r + 0.015422456519986
4910,0.0,B0*i**2*s - i*s ; B1 + r,-0.912427903222764*i**2*s - i*s ; r + 0.628711928824581
4911,0.0,B0*i*s - i**2*s + i*s**2 ; B1 + r,-i**2*s + i*s**2 - 3.92624796676341*i*s ; r + 5.36637352909159
4912,0.0,B0*i*s - i**2*s ; B1 + r,-i**2*s - 3.3090396218588*i*s ; r + 5.94346811814547
4913,0.0,B0*i*s**2 ; B1 + r,0.000231131782381451*i*s**2 ; r + 198.36401296948
4914,0.0,i ; B1*sqrt(Abs(B0 + r)),i ; 0.0511249291627274*sqrt(Abs(r + 2.3040400497469))
4915,0.0,B0 - s ; i**2*r**2 - i*r**2,0.542457898865095 - s ; i**2*r**2 - i*r**2
4916,0.0,i ; i**2*r + i*Abs(r)**(5/4),i ; i**2*r + i*Abs(r)**(5/4)
4917,0.0,sqrt(Abs(i)) ; r*Abs(i)**(1/4),sqrt(Abs(i)) ; r*Abs(i)**(1/4)
4918,0.0,i ; B0*sqrt(Abs(i)),i ; 0.0374379677983963*sqrt(Abs(i))
4919,0.0,i ; i*sqrt(Abs(i*r + r)),i ; i*sqrt(Abs(i*r + r))
4920,0.0,i ; B0*r**2 + 2*i*r**2 + r**3,i ; 2*i*r**2 + r**3 + 34.9672902205855*r**2
4921,0.0,i + sqrt(Abs(B0 + i)) ; B1*i**2 + B2*r**2,i + sqrt(Abs(i + 0.190564673760787)) ; 0.00934694145763583*i**2 + 0.00343181184410949*r**2
4922,0.0,sqrt(Abs(B0*s - s**2)) ; B1*r**3 + B2*r**4,sqrt(Abs(s**2 + 1.22165239002324*s)) ; 1.58837129116052*r**4 + 0.0474474394425142*r**3
4923,0.0,i ; B0*r + B1*r*sqrt(Abs(i - r)),i ; 4.16835365495541*r*sqrt(Abs(i - r)) + 0.000153756900809862*r
4924,0.0,-i*s - i + s**2 + s ; 2*i*r**2,-i*s - i + s**2 + s ; 2*i*r**2
4925,0.0,i ; B0*r**2 + B1*i*r,i ; 13.2592061343243*i*r + 0.00578370452807048*r**2
4926,0.0,sqrt(Abs(B0 + s + sqrt(Abs(B1 + 2*i)))) ; B2*i*r,sqrt(Abs(s + sqrt(Abs(2*i - 30.1454947375142)) + 39.5185304902462)) ; 4.5928738403705*i*r
4927,0.0,sqrt(Abs(i)) ; B0*Abs(r)**(5/2),sqrt(Abs(i)) ; 0.00455738973834304*Abs(r)**(5/2)
4928,0.0,sqrt(Abs(B0 + i)) ; B1*i*r,sqrt(Abs(i - 31.652441141199)) ; 25.3788721282014*i*r
4929,0.0,-s + sqrt(Abs(s*sqrt(Abs(i)) + s)) ; B0*r + B1*i*r,-s + sqrt(Abs(s*sqrt(Abs(i)) + s)) ; 0.0880507185493088*i*r + 0.000525937477498864*r
4930,0.0,i*sqrt(Abs(s)) ; i**3*r + i**2*r - i*r**2,i*sqrt(Abs(s)) ; i**3*r + i**2*r - i*r**2
4931,0.0,B0*i + i**2 ; r,i**2 + 11.1636004665713*i ; r
4932,0.0,B0*s + 2*s**2 ; i,2*s**2 + 0.504799815314072*s ; i
4933,0.0,B0*i*Abs(s)**(1/4) + i**2 + i*s ; sqrt(Abs(i)),i**2 + i*s + 2.91967988654257*i*Abs(s)**(1/4) ; sqrt(Abs(i))
4934,0.0,2*i*s + Abs(i)**(3/2) ; i + r,2*i*s + Abs(i)**(3/2) ; i + r
4935,0.0,2*i*sqrt(Abs(B0 + i)) ; B1 + sqrt(Abs(B2 + 3*i)),2*i*sqrt(Abs(i + 1.80009988796829)) ; sqrt(Abs(3*i + 0.00744663111656756)) + 4.24402066192496
4936,0.0,B0*i*s + i**2*s ; B1 - i,i**2*s - 6.86386082388026e-7*i*s ; -i - 0.0192901885789227
4937,0.0,i**2 + i*s + Abs(i)**(3/2) ; B0 + r,i**2 + i*s + Abs(i)**(3/2) ; r + 0.0316268033992126
4938,0.0,B0*s + i*s - 2*s**2 ; i + Abs(i - r)**(1/4),i*s - 2*s**2 + 43.8520476603707*s ; i + Abs(i - r)**(1/4)
4939,0.0,B0*s**2 + i*s ; B1 - i,i*s + 0.977376315084068*s**2 ; -i - 0.141900381775301
4940,0.0,i**2 + i*s**3 + i*s**2 ; -i + r - sqrt(Abs(i)),i**2 + i*s**3 + i*s**2 ; -i + r - sqrt(Abs(i))
4941,0.0,B0*i + i**2 ; i*r**4 - r,i**2 + 11.1636005085585*i ; i*r**4 - r
4942,0.0,i*s + s*sqrt(Abs(B0 - i)) ; B1 + B2*r - i*r + i + r**2,i*s + s*sqrt(Abs(i + 0.199800339190041)) ; -i*r + i + r**2 + 7.90175690852204*r + 1.77660903530166
4943,0.0,i**2 + i*sqrt(Abs(i - s)) ; B0 + r,i**2 + i*sqrt(Abs(i - s)) ; r + 0.344708675694817
4944,0.0,2*i*Abs(s)**(1/4) ; B0 + r,2*i*Abs(s)**(1/4) ; r + 0.430551045974367
4945,0.0,2*i**2 ; B0 + B1*r - 2*i,2*i**2 ; -2*i + 0.764537845735142*r - 1.08692311212452
4946,0.0,2*i*s + 2*Abs(i)**(3/2) ; B0*sqrt(Abs(i)) - i + sqrt(Abs(r)),2*i*s + 2*Abs(i)**(3/2) ; -i + 1.56747688823895*sqrt(Abs(i)) + sqrt(Abs(r))
4947,0.0,2*i*s**2 + 2*i*s ; B0 - i,2*i*s**2 + 2*i*s ; 0.4710977229949 - i
4948,0.0,2*i**3 ; -2*i**2 - i*r + i + r,2*i**3 ; -2*i**2 - i*r + i + r
4949,0.0,2*i**2*s ; -i + r,2*i**2*s ; -i + r
4950,0.0,2*i*s**2 ; B0*i + r,2*i*s**2 ; 0.511812862211632*i + r
4951,0.0,2*i*s**2 ; B0 + i + r,2*i*s**2 ; i + r + 1.06263050282935
4952,0.0,2*i*s**2 ; B0 - r + sqrt(Abs(i)),2*i*s**2 ; -r + sqrt(Abs(i)) + 0.904045807461988
4953,0.0,i - Abs(B0 + i)**(1/4) ; r,i - Abs(i + 2.60810896560371)**(1/4) ; r
4954,0.0,B0 + i + s + sqrt(Abs(i - s)) ; r,i + s + sqrt(Abs(i - s)) - 0.0373976319391245 ; r
4955,0.0,B0 - s + sqrt(Abs(i)) ; r,-s + sqrt(Abs(i)) + 0.588201884338739 ; r
4956,0.0,B0 + B1*i + i**2 ; r,i**2 - 3.14947681307229*i + 3.15021089767973 ; r
4957,0.0,i - sqrt(Abs(i)) ; sqrt(Abs(i)),i - sqrt(Abs(i)) ; sqrt(Abs(i))
4958,0.0,B0 - s ; sqrt(Abs(B1*r + B2)),-s - 0.22331771565333 ; sqrt(Abs(0.00371256496190345*r + 0.000394813481616458))
4959,0.0,i - sqrt(Abs(s)) ; B0*Abs(r)**(1/4),i - sqrt(Abs(s)) ; 0.146588765783754*Abs(r)**(1/4)
4960,0.0,B0 - i - s + Abs(s)**(1/4) ; sqrt(Abs(i)),-i - s + Abs(s)**(1/4) - 0.0214490323404702 ; sqrt(Abs(i))
4961,0.0,-i**2 + i*s - s ; sqrt(Abs(r)),-i**2 + i*s - s ; sqrt(Abs(r))
4962,0.0,-s + sqrt(Abs(B0 + sqrt(2)*sqrt(Abs(i)))) ; Abs(i)**(1/4)*Abs(B1 + i)**(1/8),-s + sqrt(sqrt(2)*sqrt(Abs(i)) + 0.117394991959094) ; Abs(i)**(1/4)*Abs(i + 25.3502263158286)**(1/8)
4963,0.0,B0 - i - 2*s ; sqrt(Abs(B1 + i*r + i)),-i - 2*s + 2.02877494159379 ; sqrt(Abs(i*r + i - 0.364770721964224))
4964,0.0,B0 + i - s ; Abs(B1 + r)**(1/4),i - s + 29.8446466915204 ; Abs(r + 11251945.2469373)**(1/4)
4965,0.0,-i + s ; sqrt(Abs(i)),-i + s ; sqrt(Abs(i))
4966,0.0,-i**2 + s ; sqrt(Abs(B0 + sqrt(Abs(r)))),-i**2 + s ; sqrt(sqrt(Abs(r)) + 20.8292339344946)
4967,0.0,B0*s - s**2 ; sqrt(Abs(i + sqrt(Abs(i)) + sqrt(Abs(r)))),-s**2 - 0.769294144512321*s ; sqrt(Abs(i + sqrt(Abs(i)) + sqrt(Abs(r))))
4968,0.0,-i**2 + s ; sqrt(Abs(B0*r + i + r**2)),-i**2 + s ; sqrt(Abs(i + r**2 + 143.127565444655*r))
4969,0.0,-i*Abs(B0 + s)**(1/4) + s ; sqrt(2)*sqrt(Abs(i)),-i*Abs(s + 6.16030695950089)**(1/4) + s ; sqrt(2)*sqrt(Abs(i))
4970,0.0,s - sqrt(2)*Abs(s)**(3/2) ; sqrt(Abs(B0*sqrt(Abs(i + r)) + i)),s - sqrt(2)*Abs(s)**(3/2) ; sqrt(Abs(i + 0.0143909953737797*sqrt(Abs(i + r))))
4971,0.0,-i + s ; sqrt(3)*sqrt(Abs(i)),-i + s ; sqrt(3)*sqrt(Abs(i))
4972,0.0,-i*sqrt(Abs(B0 + i)) + s ; sqrt(Abs(B1 + r**2 + 2*r)),-i*sqrt(Abs(i - 2.98184282487263)) + s ; sqrt(Abs(r**2 + 2*r + 29.5931334029735))
4973,0.0,-s*Abs(i + s)**(1/4) + s ; sqrt(Abs(i)),-s*Abs(i + s)**(1/4) + s ; sqrt(Abs(i))
4974,0.0,s - 2**(1/4)*Abs(i)**(5/4) ; sqrt(Abs(i**2 + i*r + 2*i)),s - 2**(1/4)*Abs(i)**(5/4) ; sqrt(Abs(i**2 + i*r + 2*i))
4975,0.0,s - Abs(i)**(5/4) ; sqrt(Abs(i)),s - Abs(i)**(5/4) ; sqrt(Abs(i))
4976,0.0,s - Abs(i)**(9/8) ; sqrt(Abs(B0 + B1*Abs(i)**(3/4))),s - Abs(i)**(9/8) ; sqrt(Abs(0.00281713337134407*Abs(i)**(3/4) - 0.0167802318071256))
4977,0.0,-i*Abs(s)**(1/4) + s ; sqrt(Abs(B0 + sqrt(Abs(i + sqrt(Abs(r)))))),-i*Abs(s)**(1/4) + s ; sqrt(sqrt(Abs(i + sqrt(Abs(r)))) + 2.47083310773212)
4978,0.0,-i*Abs(s)**(1/4) + s ; sqrt(Abs(B0 + i*r + r)),-i*Abs(s)**(1/4) + s ; sqrt(Abs(i*r + r + 53.6068712113904))
4979,0.0,-i*Abs(s)**(1/4) + s ; sqrt(Abs(i + r - sqrt(Abs(i)))),-i*Abs(s)**(1/4) + s ; sqrt(Abs(i + r - sqrt(Abs(i))))
4980,0.0,-i*Abs(s)**(1/4) + s ; sqrt(Abs(B0*sqrt(Abs(i)) + B1*r + i)),-i*Abs(s)**(1/4) + s ; sqrt(Abs(i + 0.2067532569137*r + 0.0295123453934999*sqrt(Abs(i))))
4981,0.0,-i*Abs(s)**(1/4) + s ; sqrt(Abs(B0 + i)),-i*Abs(s)**(1/4) + s ; sqrt(Abs(i + 8.38889331782804))
4982,0.0,-i**2*s + s**2 ; sqrt(Abs(i)),-i**2*s + s**2 ; sqrt(Abs(i))
4983,0.0,B0*i + B1*s + i*s - s**2 ; B2 + i - r + sqrt(Abs(i)),i*s + 2.50321580020039*i - s**2 + 2.70391931672767*s ; i - r + sqrt(Abs(i)) + 3.89395774028772
4984,0.0,i**3 ; -i + sqrt(Abs(B0 + B1*r)),i**3 ; -i + sqrt(Abs(12.149297172992*r + 0.390636472471093))
4985,0.0,i*s*sqrt(Abs(B0 + i)) ; -i + r**2*sqrt(Abs(B1 - r)),i*s*sqrt(Abs(i + 1.1058760938109)) ; -i + r**2*sqrt(Abs(r - 2.8747123870134))
4986,0.0,i**2*s ; B0 + Abs(i + r)**(1/16),i**2*s ; Abs(i + r)**(1/16) + 0.106273355759057
4987,0.0,i*s*sqrt(Abs(B0 + i - s)) ; B1 - i,i*s*sqrt(Abs(i - s + 0.938583597839774)) ; 2.20029534264469 - i
4988,0.0,B0*i*s + B1*i**2*s ; -i + sqrt(Abs(i)),0.0371063301332992*i**2*s + 1.49878490490587*i*s ; -i + sqrt(Abs(i))
4989,0.0,i*s**2 ; B0 + Abs(i)**(1/4),i*s**2 ; Abs(i)**(1/4) + 1.98104499037532
4990,0.0,B0*i**2 - i**2*s ; -i + sqrt(Abs(2*i - sqrt(Abs(r)))),-i**2*s - 13.9378203317326*i**2 ; -i + sqrt(Abs(2*i - sqrt(Abs(r))))
4991,0.0,B0*i*s + B1*i*s**2 - i**2*s**2 ; B2 + B3*r - i,-i**2*s**2 - 1.27998107355686*i*s**2 + 3.15997876780252*i*s ; -i + 30.6888016651109*r - 0.189260882751046
4992,0.0,B0*i*s - i*Abs(s)**(3/2) ; -i + sqrt(Abs(B1*sqrt(Abs(r)) - Abs(r)**(3/2))),5.26180764389811*i*s - i*Abs(s)**(3/2) ; -i + sqrt(Abs(Abs(r)**(3/2) - 93.8165688793582*sqrt(Abs(r))))
4993,0.0,B0 + B1*i + B2*s + B3*i*s ; B4 + B5*i + sqrt(Abs(r)),0.0259930152322509*i*s - 3.7896976498873*i + 13.7590031209424*s + 0.871407335792209 ; 11.1984882853399*i + sqrt(Abs(r)) + 1.42807309152615
4994,0.0,B0*s**2 - i*s**2 ; B1 - i + sqrt(2)*sqrt(Abs(r)),-i*s**2 + 0.55614415553955*s**2 ; -i + sqrt(2)*sqrt(Abs(r)) + 0.0854386298803076
4995,0.0,B0*i*s - i**2*s ; -i + Abs(B1 + B2*r)**(1/4),-i**2*s - 2.00005180806684*i*s ; -i + Abs(170.19259111482*r + 149.036250563162)**(1/4)
4996,0.0,B0*i + B1*i**2 + B2*i*s - i**2*s ; B3 + sqrt(Abs(B4 - i)),-i**2*s - 1.28565492805011*i**2 - 2.27821915586327*i*s - 1.20617877791785*i ; sqrt(Abs(i - 2.91681473125885)) + 1.64946850056049
4997,0.0,B0*i**2 + B1*i*s + i**3 - i**2*s ; Abs(i)**(1/4) - sqrt(Abs(i)),i**3 - i**2*s - 31.1865332614761*i**2 - 0.128881522365253*i*s ; Abs(i)**(1/4) - sqrt(Abs(i))
4998,0.0,B0*i*s - i**2*s ; -i + sqrt(Abs(i)),-i**2*s + 21.5245296494087*i*s ; -i + sqrt(Abs(i))
4999,0.0,B0*i**2 - 2*i**3 ; B1 + sqrt(Abs(r)),-2*i**3 + 0.00252278701563226*i**2 ; sqrt(Abs(r)) + 2.80811138402468
5000,0.0,B0*i*s - i**2*s ; B1 - i + sqrt(Abs(i - r)),-i**2*s - 1.75053830735126*i*s ; -i + sqrt(Abs(i - r)) + 2.7859245870205
5001,0.0,B0*i*s - i**2*s ; B1 - r + Abs(r)**(1/4),-i**2*s - 2.77617818634525*i*s ; -r + Abs(r)**(1/4) + 6.62675689358348
5002,0.0,B0*i*s + B1*i**2*s ; B2 - i,-0.00131313048012325*i**2*s + 0.0283884655576201*i*s ; 74.6743843155604 - i
5003,0.0,2*i**2 ; r,2*i**2 ; r
5004,0.0,i*s - s**2 ; r,i*s - s**2 ; r
5005,0.0,B0*i + B1*Abs(i)**(3/2) - i**2 ; B2 + i + 2*r,-i**2 + 10.0643554058342*i + 5.72717526569425*Abs(i)**(3/2) ; i + 2*r + 1.55252339156933
5006,0.0,B0*i + B1*s + i**2 - i*s ; sqrt(Abs(B2 + i)),i**2 - i*s - 1.0102026797358*i + 0.782824512390003*s ; sqrt(Abs(i - 1.0806213672889))
5007,0.0,i*s - s*sqrt(Abs(i)) ; r,i*s - s*sqrt(Abs(i)) ; r
5008,0.0,B0*i + i*sqrt(Abs(B1 + 2*i)) ; r,i*sqrt(Abs(2*i + 14448.1526245036)) - 106.318992952233*i ; r
5009,0.0,B0*i + B1*s + i*s - s**2 ; r,i*s - 8.49956601000405*i - s**2 - 2.71823991193116*s ; r
5010,0.0,-Abs(s)**(3/2) ; r,-Abs(s)**(3/2) ; r
5011,0.0,-i*s + 2*s**2 ; r,-i*s + 2*s**2 ; r
5012,0.0,B0*s + 2*s**2 - s*sqrt(Abs(i)) ; r,2*s**2 - s*sqrt(Abs(i)) + 1.65327277219405*s ; r
5013,0.0,B0*sqrt(Abs(s)) + 2*i*sqrt(Abs(s)) + Abs(s)**(3/2) ; sqrt(Abs(r)),2*i*sqrt(Abs(s)) + Abs(s)**(3/2) + 0.252056881652162*sqrt(Abs(s)) ; sqrt(Abs(r))
5014,0.0,B0*i + i*s ; sqrt(Abs(2*i**2 + i*r)),i*s + 0.00337878744321565*i ; sqrt(Abs(2*i**2 + i*r))
5015,0.0,i*s ; sqrt(Abs(i)),i*s ; sqrt(Abs(i))
5016,0.0,i*sqrt(Abs(B0 - s)) ; sqrt(Abs(-B1 + i + r)),i*sqrt(Abs(s - 8.85834411554151)) ; sqrt(Abs(i + r - 1.81097855592661))
5017,0.0,-i**2*s + i*s**2 ; sqrt(Abs(B0 + B1*i + 2*r)),-i**2*s + i*s**2 ; sqrt(Abs(5.52101746505484*i + 2*r + 3.05082042574999))
5018,0.0,i*s + Abs(i)**(9/8) ; Abs(B0*r**2 + i)**(1/4),i*s + Abs(i)**(9/8) ; Abs(i + 61.1284518383904*r**2)**(1/4)
5019,0.0,Abs(i)**(5/8) ; sqrt(Abs(r - Abs(i)**(1/4))),Abs(i)**(5/8) ; sqrt(Abs(r - Abs(i)**(1/4)))
5020,0.0,B0*s**2 + i*s ; sqrt(Abs(B1 - r)),i*s + 1.00467042391166*s**2 ; sqrt(Abs(r + 6.7210719025095))
5021,0.0,-i*s + s**2 ; sqrt(Abs(B0 + B1*i + i**2 + i*sqrt(Abs(r)))),-i*s + s**2 ; sqrt(Abs(i**2 + i*sqrt(Abs(r)) + 11.5633100630648*i + 28.3266820419396))
5022,0.0,B0*i*s + s*Abs(i)**(5/2) ; sqrt(Abs(B1 + i - r)),-2.65485607254027*i*s + s*Abs(i)**(5/2) ; sqrt(Abs(i - r + 3.52426890367703))
5023,0.0,i**2 + i*s ; sqrt(Abs(i - r)),i**2 + i*s ; sqrt(Abs(i - r))
5024,0.0,i**2*s ; sqrt(Abs(-B0 + i + 2*r)),i**2*s ; sqrt(Abs(i + 2*r - 9.57536958820508))
5025,0.0,i*s ; sqrt(Abs(B0 + B1*i + i**2 - i*r)),i*s ; sqrt(Abs(i**2 - i*r + 2.09525489028568*i + 0.748438983312906))
5026,0.0,B0*i + i*s ; sqrt(Abs(i - sqrt(Abs(B1 + 2*i)))),i*s + 1.02988093246898*i ; sqrt(Abs(i - sqrt(Abs(2*i + 136.429484023762))))
5027,0.0,i*sqrt(Abs(s)) ; sqrt(Abs(i)),i*sqrt(Abs(s)) ; sqrt(Abs(i))
5028,0.0,i*s**2 - s**2 ; sqrt(Abs(i - r)),i*s**2 - s**2 ; sqrt(Abs(i - r))
5029,0.0,B0*i + B1*i**2 + i**3 ; sqrt(Abs(i - r)),i**3 + 2.33062683262801*i**2 + 2.04853672130196*i ; sqrt(Abs(i - r))
5030,0.0,i**2 + i*Abs(B0 + i)**(1/8) ; sqrt(Abs(i - r)),i**2 + i*Abs(i + 0.000208394752285372)**(1/8) ; sqrt(Abs(i - r))
5031,0.0,Abs(i)**(7/2)*sqrt(Abs(s)) ; sqrt(Abs(i - r)),Abs(i)**(7/2)*sqrt(Abs(s)) ; sqrt(Abs(i - r))
5032,0.0,i**2 ; sqrt(Abs(B0 + r)),i**2 ; sqrt(Abs(r + 0.000350980694219166))
5033,0.0,i**2*s - 2*i*s ; sqrt(Abs(r - sqrt(Abs(i)))),i**2*s - 2*i*s ; sqrt(Abs(r - sqrt(Abs(i))))
5034,0.0,B0*i + i**2 ; sqrt(Abs(B1 + r)),i**2 + 0.000356742080120436*i ; sqrt(Abs(r + 0.000293771404783351))
5035,0.0,2*i*s ; sqrt(Abs(r - sqrt(Abs(i)))),2*i*s ; sqrt(Abs(r - sqrt(Abs(i))))
5036,0.0,i*sqrt(Abs(s + Abs(s)**(3/2))) ; sqrt(Abs(B0 + r)),i*sqrt(Abs(s + Abs(s)**(3/2))) ; sqrt(Abs(r + 0.101069376797823))
5037,0.0,i*s**2 ; sqrt(Abs(r - Abs(B0 + i)**(1/4))),i*s**2 ; sqrt(Abs(r - Abs(i + 3311.91141734331)**(1/4)))
5038,0.0,B0*i**2 + B0*i*s ; sqrt(Abs(r - sqrt(Abs(i)))),0.000470604673857433*i**2 + 0.000470604673857433*i*s ; sqrt(Abs(r - sqrt(Abs(i))))
5039,0.0,i**3 ; sqrt(Abs(B0 + r)),i**3 ; sqrt(Abs(r + 4.02857674697384))
5040,0.0,B0*i**4 ; sqrt(Abs(r - sqrt(Abs(B1 - 2*r)))),0.0006057349892066*i**4 ; sqrt(Abs(r - sqrt(Abs(2*r + 0.365605193963234))))
5041,0.0,i**2*sqrt(Abs(2*s - sqrt(Abs(i)))) ; sqrt(Abs(r - sqrt(Abs(r + sqrt(Abs(r)))))),i**2*sqrt(Abs(2*s - sqrt(Abs(i)))) ; sqrt(Abs(r - sqrt(Abs(r + sqrt(Abs(r))))))
5042,0.0,i*s*sqrt(Abs(B0*i - s)) ; sqrt(Abs(B1*sqrt(Abs(i)) + r)),i*s*sqrt(Abs(0.203350357222191*i + s)) ; sqrt(Abs(r + 109.742850164384*sqrt(Abs(i))))
5043,0.0,i*sqrt(Abs(s))*sqrt(Abs(B0 - i)) ; sqrt(Abs(r - sqrt(Abs(r)))),i*sqrt(Abs(s))*sqrt(Abs(i - 22.4266599175894)) ; sqrt(Abs(r - sqrt(Abs(r))))
5044,0.0,i*Abs(s)**(5/2) ; sqrt(Abs(B0 + r)),i*Abs(s)**(5/2) ; sqrt(Abs(r + 3.69608637432903))
5045,0.0,i*s*sqrt(Abs(B0*s - s**2)) ; sqrt(Abs(r - sqrt(Abs(i + sqrt(Abs(i)))))),i*s*sqrt(Abs(s**2 - 17.9068405358541*s)) ; sqrt(Abs(r - sqrt(Abs(i + sqrt(Abs(i))))))
5046,0.0,i*Abs(s)**(3/4) ; sqrt(Abs(r - sqrt(Abs(i - r)))),i*Abs(s)**(3/4) ; sqrt(Abs(r - sqrt(Abs(i - r))))
5047,0.0,i**2*Abs(B0 + i**2)**(1/4) ; sqrt(Abs(B1 + r)),i**2*Abs(i**2 + 0.626485251951444)**(1/4) ; sqrt(Abs(r + 0.0662720758794533))
5048,0.0,B0*Abs(i)**(5/4) + s*Abs(i)**(5/4) ; sqrt(Abs(r - sqrt(Abs(i)))),s*Abs(i)**(5/4) + 21.5800496782898*Abs(i)**(5/4) ; sqrt(Abs(r - sqrt(Abs(i))))
5049,0.0,i**2*Abs(s)**(1/4) ; sqrt(Abs(r - sqrt(Abs(B0 - i + r)))),i**2*Abs(s)**(1/4) ; sqrt(Abs(r - sqrt(Abs(-i + r + 58.9098329486999))))
5050,0.0,Abs(i)**(9/4) ; sqrt(Abs(r - sqrt(Abs(r)))),Abs(i)**(9/4) ; sqrt(Abs(r - sqrt(Abs(r))))
5051,0.0,i*sqrt(Abs(B0*i*s + B0*s)) ; B1 + r,i*sqrt(Abs(4.07751142409243e-7*i*s + 4.07751142409243e-7*s)) ; r + 0.00556510201438025
5052,0.0,2*i*sqrt(Abs(s)) ; r,2*i*sqrt(Abs(s)) ; r
5053,0.0,i*sqrt(Abs(s)) ; i**2,i*sqrt(Abs(s)) ; i**2
5054,0.0,2*i*sqrt(Abs(s)) ; i**2,2*i*sqrt(Abs(s)) ; i**2
5055,0.0,sqrt(Abs(i))*sqrt(Abs(s)) ; B0*r**2 + i*r**2 - r**3,sqrt(Abs(i))*sqrt(Abs(s)) ; i*r**2 - r**3 + 77.3913698018151*r**2
5056,0.0,B0*sqrt(Abs(s)) + 2*i*sqrt(Abs(s)) ; B1*i,2*i*sqrt(Abs(s)) + 0.192656772017405*sqrt(Abs(s)) ; -0.0574749438444639*i
5057,0.0,i**2 ; B0*i + i**2 - i*r + r,i**2 ; i**2 - i*r + 6.50446720251716*i + r
5058,0.0,i**2*sqrt(Abs(B0 - s)) ; B1 + i + r,i**2*sqrt(Abs(s - 0.0378989844511397)) ; i + r + 0.350953490185919
5059,0.0,i**2 ; r,i**2 ; r
5060,0.0,i**2 ; B0*i + r,i**2 ; 0.159383147050059*i + r
5061,0.0,B0*i + i**2 + i*sqrt(Abs(i + s)) ; B1 + sqrt(Abs(i)),i**2 + i*sqrt(Abs(i + s)) + 0.000523274430447144*i ; sqrt(Abs(i)) + 0.737603878020051
5062,0.0,i*sqrt(Abs(s)) ; B0 + sqrt(Abs(i)),i*sqrt(Abs(s)) ; sqrt(Abs(i)) - 0.0253743665869277
5063,0.0,i**2*s ; i + 4*r,i**2*s ; i + 4*r
5064,0.0,i*s**2 ; B0 + i*r - i,i*s**2 ; i*r - i + 2.91072725033557
5065,0.0,B0*i**2 + B1*i*s ; B2*i - i**2 + r,2.81255060051056e-5*i**2 + 0.0850472263965596*i*s ; -i**2 + 12.807005999251*i + r
5066,0.0,B0*i**2*sqrt(Abs(s)) ; i**2 + i + r,0.000240000182017575*i**2*sqrt(Abs(s)) ; i**2 + i + r
5067,0.0,B0*i**2 ; i**2 + r,1.82914331207973*i**2 ; i**2 + r
5068,0.0,B0*s + 2*s**2 ; r,2*s**2 + 0.504799795778453*s ; r
5069,0.0,B0*i + i*sqrt(Abs(B1 + s)) ; r,i*sqrt(Abs(s - 4984.00201805396)) - 56.6872513109665*i ; r
5070,0.0,B0*i + Abs(i)**(3/2)*sqrt(Abs(s)) ; r,11.2720825297076*i + Abs(i)**(3/2)*sqrt(Abs(s)) ; r
5071,0.0,B0*i*s**2 ; sqrt(Abs(B1*i + i*r)),0.000281037876425722*i*s**2 ; sqrt(Abs(i*r + 48.8357817931362*i))
5072,0.0,i*sqrt(Abs(s)) ; r,i*sqrt(Abs(s)) ; r
5073,0.0,B0*i*s - s**2 ; i,1.3013222412035*i*s - s**2 ; i
5074,0.0,B0*s - i**2*s + 2*s**2 ; i,-i**2*s + 2*s**2 + 0.621172849521302*s ; i
5075,0.0,i*sqrt(Abs(s**2 + s)) ; B0*r - i*r,i*sqrt(Abs(s**2 + s)) ; -i*r + 0.0702621695924176*r
5076,0.0,B0*i*s - i**2*s ; B1 - i + r,-i**2*s - 2.40725670685651*i*s ; -i + r + 3.7406597559579
5077,0.0,i*s**2 - s**5 ; r,i*s**2 - s**5 ; r
5078,0.0,B0*i**2 + B1*i**2*s + i**3 ; sqrt(Abs(B2 + B3*r - 2*i)),i**3 + 1.26444120840359*i**2*s - 2.16060337487158*i**2 ; sqrt(Abs(-2*i + 1.59907394984952*r + 3.8731386426476))
5079,0.0,B0*s**2 + 2*i*s**2 ; B1*sqrt(Abs(i)) + B2*r,2*i*s**2 + 1.865354028879*s**2 ; 3.33725277185119*r + 3.96015277539425*sqrt(Abs(i))
5080,0.0,B0*i + i**2*s + i**2 ; B1 + 2*r,i**2*s + i**2 - 0.401476577312639*i ; 2*r + 0.535949302085741
5081,0.0,i*s ; -i,i*s ; -i
5082,0.0,sqrt(Abs(i))*sqrt(Abs(s)) ; i*r,sqrt(Abs(i))*sqrt(Abs(s)) ; i*r
5083,0.0,Abs(i)**(3/2) ; i + r + Abs(i)**(3/4),Abs(i)**(3/2) ; i + r + Abs(i)**(3/4)
5084,0.0,s*sqrt(Abs(B0 + i - s)) ; B1 + Abs(r)**(1/4),s*sqrt(Abs(i - s + 0.0911889085900996)) ; Abs(r)**(1/4) + 0.00224301621898952
5085,0.0,i*sqrt(Abs(s - sqrt(Abs(s)))) ; sqrt(Abs(r)),i*sqrt(Abs(s - sqrt(Abs(s)))) ; sqrt(Abs(r))
5086,0.0,i*sqrt(Abs(B0 + i)) ; r,i*sqrt(Abs(i + 15.5023222221645)) ; r
5087,0.0,i*sqrt(Abs(B0 + s)) ; B1*r + B2*r*sqrt(Abs(i)),i*sqrt(Abs(s + 23.1821686225748)) ; 0.000265331909540108*r*sqrt(Abs(i)) + 9.7858070483216*r
5088,0.0,sqrt(Abs(i))*sqrt(Abs(B0 + i)) ; r,sqrt(Abs(i))*sqrt(Abs(i + 0.426825595801161)) ; r
5089,0.0,s*sqrt(Abs(B0 + i)) ; -i*sqrt(Abs(B1 + i)) + r*sqrt(Abs(B1 + i)),s*sqrt(Abs(i + 7.3856488718939)) ; -i*sqrt(Abs(i - 0.856924155114613)) + r*sqrt(Abs(i - 0.856924155114613))
5090,0.0,i*sqrt(Abs(B0 + i)) ; -r**2 + r,i*sqrt(Abs(i + 15.5023222242653)) ; -r**2 + r
5091,0.0,2*i*sqrt(Abs(B0 + i)) ; i + r,2*i*sqrt(Abs(i + 50.0368630506178)) ; i + r
5092,0.0,sqrt(Abs(s))*sqrt(Abs(B0 + i)) ; r - Abs(i)**(1/4),sqrt(Abs(s))*sqrt(Abs(i + 11.2760825600429)) ; r - Abs(i)**(1/4)
5093,0.0,B1*sqrt(Abs(B0 + i)) - s*sqrt(Abs(B0 + i)) ; B2 + B3*r,-s*sqrt(Abs(i + 0.122333220812064)) - 2.01800512402872*sqrt(Abs(i + 0.122333220812064)) ; 2.46047852558117 - 4.95256599834337*r
5094,0.0,i*sqrt(Abs(B0 + i)) - s*sqrt(Abs(B0 + i)) ; i,i*sqrt(Abs(i - 0.175406840986789)) - s*sqrt(Abs(i - 0.175406840986789)) ; i
5095,0.0,B1*sqrt(Abs(B0 + i)) - s*sqrt(Abs(B0 + i)) ; sqrt(Abs(B2 + i)),-s*sqrt(Abs(i + 1.6258107454233)) - 0.639892272848886*sqrt(Abs(i + 1.6258107454233)) ; sqrt(Abs(i + 1.67898500200195))
5096,0.0,B1*sqrt(Abs(B0 + i)) - s*sqrt(Abs(B0 + i)) ; i,-s*sqrt(Abs(i + 10.5562526174721)) + 0.369925694262968*sqrt(Abs(i + 10.5562526174721)) ; i
5097,0.0,i*sqrt(Abs(B0 + i)) - s*sqrt(Abs(B0 + i)) ; i*Abs(B1 + i)**(1/4),i*sqrt(Abs(i + 0.159475757340666)) - s*sqrt(Abs(i + 0.159475757340666)) ; i*Abs(i + 8.26596223255482)**(1/4)
5098,0.0,B1*sqrt(Abs(B0 + i)) - s*sqrt(Abs(B0 + i)) ; B2*r - i*r + r*sqrt(Abs(i)),-s*sqrt(Abs(i - 5.92038481146463)) + 2.1206498121987*sqrt(Abs(i - 5.92038481146463)) ; -i*r + r*sqrt(Abs(i)) + 12.9078536147673*r
5099,0.0,B1*sqrt(Abs(B0 + i)) - s*sqrt(Abs(B0 + i)) ; B2*r,-s*sqrt(Abs(i + 5.75609240121557)) - 0.168978412491922*sqrt(Abs(i + 5.75609240121557)) ; 1.80457802642282*r
5100,0.0,B1*sqrt(Abs(B0 + i)) - s*sqrt(Abs(B0 + i)) ; i*Abs(i - r)**(1/4),-s*sqrt(Abs(i - 0.389467781758986)) + 0.434304260517284*sqrt(Abs(i - 0.389467781758986)) ; i*Abs(i - r)**(1/4)
5101,0.0,B1*sqrt(Abs(B0 + i)) - s*sqrt(Abs(B0 + i)) ; B2*r + B3*i*r,-s*sqrt(Abs(i + 5.7730047789934)) - 0.167843266994654*sqrt(Abs(i + 5.7730047789934)) ; 0.000433954570741473*i*r + 0.018994630712619*r
5102,0.0,B1*sqrt(Abs(B0 + i)) + i*sqrt(Abs(B0 + i)) ; i*r,i*sqrt(Abs(i + 0.37877797776215)) + 0.380109006517186*sqrt(Abs(i + 0.37877797776215)) ; i*r
5103,0.0,i*sqrt(Abs(B0 + i)) - s*sqrt(Abs(B0 + i)) ; i*r,i*sqrt(Abs(i + 0.938279644815586)) - s*sqrt(Abs(i + 0.938279644815586)) ; i*r
5104,0.0,i*sqrt(Abs(B0 + i)) - s*sqrt(Abs(B0 + i)) ; B1*r,i*sqrt(Abs(i + 0.938286162835474)) - s*sqrt(Abs(i + 0.938286162835474)) ; 0.000329998518447379*r
5105,0.0,B1*sqrt(Abs(B0 + i)) + i*sqrt(Abs(B0 + i)) ; B2*r + i*r + r*sqrt(Abs(i)),i*sqrt(Abs(i - 4.38513406736391)) + 0.200194988388048*sqrt(Abs(i - 4.38513406736391)) ; i*r + r*sqrt(Abs(i)) + 35.2538544156717*r
5106,0.0,B1*sqrt(Abs(B0 + i)) + i*sqrt(Abs(B0 + i)) ; B2*r**2 + i*r,i*sqrt(Abs(i + 5.75517883882821)) - 1.16903708042738*sqrt(Abs(i + 5.75517883882821)) ; i*r + 0.000573839002292848*r**2
5107,0.0,B1*sqrt(Abs(B0 + i)) + i*sqrt(Abs(B0 + i)) ; B2*i*r,i*sqrt(Abs(i + 0.758804829093454)) - 0.54481888240032*sqrt(Abs(i + 0.758804829093454)) ; 0.887812521867042*i*r
5108,0.0,B0*i**3 ; r + sqrt(Abs(i)),0.000687402134378015*i**3 ; r + sqrt(Abs(i))
5109,0.0,B0*i + B1*i**2 + B2*i*s ; B3 - 2*i + r,0.0239873903088034*i**2 - 0.027513616212865*i*s + 2.03732614465641*i ; -2*i + r + 0.0937726822752843
5110,0.0,i*s*Abs(B0 + s)**(1/4) ; sqrt(Abs(B1 + r - sqrt(Abs(i)))),i*s*Abs(s + 1.23734521317689)**(1/4) ; sqrt(Abs(r - sqrt(Abs(i)) + 0.087951796628101))
5111,0.0,i*s ; B0 + sqrt(Abs(B1 - sqrt(Abs(i)))),i*s ; sqrt(Abs(sqrt(Abs(i)) - 0.052262622206534)) + 0.00239159329920091
5112,0.0,2*i**2*s + i*s**2 - s**2 ; r,2*i**2*s + i*s**2 - s**2 ; r
5113,0.0,B0*s + i*s - s**2 ; -i + sqrt(Abs(B1 + sqrt(Abs(r)))),i*s - s**2 + 2.90288668577261*s ; -i + sqrt(sqrt(Abs(r)) + 154.240258442688)
5114,0.0,i*Abs(s)**(1/4) - Abs(s)**(5/4) ; B0 + i - r - sqrt(Abs(i)),i*Abs(s)**(1/4) - Abs(s)**(5/4) ; i - r - sqrt(Abs(i)) - 0.974866781876071
5115,0.0,B0*s + s**2 + Abs(s)**(3/2) ; Abs(i**2 - i*r)**(1/4),s**2 + 1.17693776525917*s + Abs(s)**(3/2) ; Abs(i**2 - i*r)**(1/4)
5116,0.0,i*s ; -i + r + sqrt(Abs(r)),i*s ; -i + r + sqrt(Abs(r))
5117,0.0,i*s ; B0 - i,i*s ; 5.06171192095081 - i
5118,0.0,B0*s + 2*i*s + s**2 ; B1 + sqrt(2)*sqrt(Abs(i)),2*i*s + s**2 - 1.5221775882032*s ; sqrt(2)*sqrt(Abs(i)) + 1.39652367374098
5119,0.0,B0*s + i*s**2 + s**3 ; -3*i + 2*r,i*s**2 + s**3 - 0.033755615617503*s ; -3*i + 2*r
5120,0.0,B0*s + s*sqrt(Abs(i)) ; B1 + 2*i - r,s*sqrt(Abs(i)) + 0.20293109014164*s ; 2*i - r + 2.46734184849139
5121,0.0,-i*s + 2*s**2 ; B0 - i,-i*s + 2*s**2 ; 0.290694711883484 - i
5122,0.0,B0*s + i*s - s**2 ; -i + r*sqrt(Abs(i)) - r,i*s - s**2 - 0.0350932632268217*s ; -i + r*sqrt(Abs(i)) - r
5123,0.0,B0*s + s**2 + Abs(s)**(3/2) ; i - r,s**2 + 1.17693776354062*s + Abs(s)**(3/2) ; i - r
5124,0.0,s**4 + s**2 ; B0 + i,s**4 + s**2 ; i + 2.77166446958144
5125,0.0,-i*s**2 + s**3 + s**2 ; B0 + i,-i*s**2 + s**3 + s**2 ; i + 27.3391740967898
5126,0.0,B0 + B1*i - s ; -i + 2*r,-0.447394432072538*i - s - 18.8947836450802 ; -i + 2*r
5127,0.0,i - s - Abs(s)**(1/4) ; r,i - s - Abs(s)**(1/4) ; r
5128,0.0,B0 - i - s ; i,-i - s + 0.167453026738636 ; i
5129,0.0,B0 - 2*i - 2*s ; B1 + B2*i*r + i,-2*i - 2*s - 1.04643665336512 ; 0.160634192040255*i*r + i - 0.851576056179964
5130,0.0,B0 - s ; i**3 + i*r,0.542457899167672 - s ; i**3 + i*r
5131,0.0,B0 - s ; B1 + sqrt(Abs(i**2 + r)),0.820218680112741 - s ; sqrt(Abs(i**2 + r)) + 0.0547664068364785
5132,0.0,B0 - s ; sqrt(Abs(r)),-s - 0.223381072856737 ; sqrt(Abs(r))
5133,0.0,B0 - i - 2*s - sqrt(Abs(i)) ; B1 + B2*r - i,-i - 2*s - sqrt(Abs(i)) + 5.09064460445583 ; -i + 0.629348908687147*r + 4.42054908421049
5134,0.0,B0 - s - sqrt(Abs(2*i - s)) ; i,-s - sqrt(Abs(2*i - s)) + 3.40115247777403 ; i
5135,0.0,B0 + B1*i - s ; sqrt(2)*i*sqrt(Abs(r)) - i,0.0780428443520755*i - s - 0.00990958117460217 ; sqrt(2)*i*sqrt(Abs(r)) - i
5136,0.0,B0 - s ; i*r,-s - 0.223381072658945 ; i*r
5137,0.0,B0 - i*s ; Abs(i - 2*r)**(1/4),-i*s + 1.69230822645076 ; Abs(i - 2*r)**(1/4)
5138,0.0,B0 - 2*i ; B1 - i + r,-2*i - 55.8107490566446 ; -i + r - 16.5892805508229
5139,0.0,B0 - s ; B1*r + B2*i*r,-s - 0.223850184396835 ; 0.000182945087145911*i*r + 0.00504508792137682*r
5140,0.0,B0 + i - s ; r,i - s - 1.24773399529633 ; r
5141,0.0,B0 + i - 2*s ; B1*i + B2*r + i*r - r**2,i - 2*s + 1.39162735874328 ; i*r + 1.12426324180494*i - r**2 + 2.46473271630259*r
5142,0.0,B0 - s + sqrt(Abs(i)) ; i**2*sqrt(Abs(B1 + r)),-s + sqrt(Abs(i)) - 4.23675410921981 ; i**2*sqrt(Abs(r + 877.341193332608))
5143,0.0,B0 - 2*i + 2*s ; sqrt(Abs(i))*sqrt(Abs(r)),-2*i + 2*s + 75.6148170460554 ; sqrt(Abs(i))*sqrt(Abs(r))
5144,0.0,B0 - 3*s ; i*sqrt(Abs(B1 + i)) + i,-3*s - 6.41628098375214 ; i*sqrt(Abs(i + 0.00175823454683786)) + i
5145,0.0,B0 - s ; i + Abs(r)**(3/2),-s - 0.223381073554123 ; i + Abs(r)**(3/2)
5146,0.0,B0 - 2*i - s ; i,-2*i - s + 0.313355138735893 ; i
5147,0.0,B0 - 3*i - s ; sqrt(Abs(i)),-3*i - s + 0.238496374733442 ; sqrt(Abs(i))
5148,0.0,B0 - s ; B1 - sqrt(Abs(r)),0.542919863799922 - s ; 0.00607418457934368 - sqrt(Abs(r))
5149,0.0,B0 - i*s + i ; r,-i*s + i + 0.757251943424707 ; r
5150,0.0,B0 - i - s ; sqrt(Abs(2*i*r + i)),-i - s + 1.07005324453985 ; sqrt(Abs(2*i*r + i))
5151,0.0,B0 + i - s**2 - 2*s ; B1 - sqrt(Abs(i)),i - s**2 - 2*s + 6.62371386223759 ; 4.23558506190184 - sqrt(Abs(i))
5152,0.0,B0 - i**2 - s ; r + sqrt(Abs(i)),-i**2 - s - 1.21164872164508 ; r + sqrt(Abs(i))
5153,0.0,B0 - i*s - i - s ; B1 + sqrt(Abs(r)),-i*s - i - s + 3.43906992344167 ; sqrt(Abs(r)) + 3.33654935719139
5154,0.0,B0 - i*s + i ; i**2,-i*s + i + 4.80465952388091 ; i**2
5155,0.0,B0 - i**2 - s ; B1*i,-i**2 - s - 0.183508486314057 ; 4.34039392302702*i
5156,0.0,B0 + B1*i - s ; B2 + B3*sqrt(Abs(i)),-1.05805925645342*i - s - 12.9814939825351 ; 0.000948516252768283*sqrt(Abs(i)) - 0.768612511988476
5157,0.0,B0 + B1*i - s ; B2 + B3*sqrt(Abs(r)) + B4*r,-0.857374277433259*i - s - 15.2236036848464 ; -0.0704071889186944*r + 0.338323756423122*sqrt(Abs(r)) + 2.33680688614138
5158,0.0,B0 + B1*i - s ; B2*i,-0.763541881218375*i - s - 9.89895954571752 ; -0.100914927223264*i
5159,0.0,B0 + B1*i - s ; B3*sqrt(Abs(B2 - i)),-0.735585859247562*i - s - 5.96750414900908 ; 0.427059430031157*sqrt(Abs(i - 2.72434003033209))
5160,0.0,B0 - i**2 - s ; i*sqrt(Abs(B1 + 2*i)),-i**2 - s - 0.122491354828099 ; i*sqrt(Abs(2*i - 24.445627479724))
5161,0.0,B0 + B1*i - s ; B2 + B3*i**2,0.417130856728601*i - s + 3.49525362559676 ; 0.571646320010368*i**2 + 1.9007209456935
5162,0.0,B0 + B1*i - s ; B3*sqrt(Abs(B2 + 2*i)),-2.97015861367254*i - s + 2.83935450125287 ; 1.19271181825339*sqrt(Abs(2*i - 22.0252888177518))
5163,0.0,B0 + B1*i - 2*s ; B2*Abs(i)**(1/4),-2.0084058027698*i - 2*s - 1.96376176606748 ; -0.00639170673721148*Abs(i)**(1/4)
5164,0.0,B0 + B1*i - 2*s ; Abs(i)**(3/2),-0.845824824376711*i - 2*s - 27.3142521375735 ; Abs(i)**(3/2)
5165,0.0,B0 + B1*i - 2*s ; i*sqrt(Abs(B2 - 2*i + r)),-1.27127438061702*i - 2*s - 3.59843295631358 ; i*sqrt(Abs(2*i - r + 1.71841110464129))
5166,0.0,B0 + B1*i - s ; B3*sqrt(Abs(B2 + i + r)),-0.758769880609475*i - s - 4.05735040499564 ; 0.340977072622427*sqrt(Abs(i + r + 0.317211112243523))
5167,0.0,B0 + B1*i - 2*s ; B2*sqrt(Abs(i)),-1.33800842654822*i - 2*s - 12.7197373855857 ; 1.61481480294346*sqrt(Abs(i))
5168,0.0,Abs(i)**(3/2) ; r,Abs(i)**(3/2) ; r
5169,0.0,i*sqrt(Abs(B0*i + i*s)) ; r,i*sqrt(Abs(i*s + 17.3229780859541*i)) ; r
5170,0.0,2*s**2 + Abs(s)**(5/4) ; r,2*s**2 + Abs(s)**(5/4) ; r
5171,0.0,B0*s**2 + i*s**2 + i*s - s**3 ; r,i*s**2 + i*s - s**3 + 0.600501337440835*s**2 ; r
5172,0.0,s**5 + s**4 + s**2 ; r,s**5 + s**4 + s**2 ; r
5173,0.0,i**3 + i*s ; r,i**3 + i*s ; r
5174,0.0,2*i**2*s**2 + i**2 ; r,2*i**2*s**2 + i**2 ; r
5175,0.0,B0*i + i**2*sqrt(Abs(B1 + s)) ; r,i**2*sqrt(Abs(s - 0.84955007999234)) + 10.9730335214041*i ; r
5176,0.0,B0*i**2*sqrt(Abs(s)) + i**2 ; r,0.0581661516372593*i**2*sqrt(Abs(s)) + i**2 ; r
5177,0.0,B0*i**2 + Abs(i)**(3/2) ; r,-0.000811848958938449*i**2 + Abs(i)**(3/2) ; r
5178,0.0,B0*i + B1*i**2*s + B1*i*s ; sqrt(2)*sqrt(Abs(i)),0.10992454795493*i**2*s + 0.10992454795493*i*s + 0.246719235710138*i ; sqrt(2)*sqrt(Abs(i))
5179,0.0,B0*i**3 + B0*i**2*s + B1*s ; sqrt(Abs(B2*r - i)),-0.000140156447388477*i**3 - 0.000140156447388477*i**2*s - 0.733076845450525*s ; sqrt(Abs(i - 0.0662377961130389*r))
5180,0.0,sqrt(2)*Abs(i)**(3/2) ; r,sqrt(2)*Abs(i)**(3/2) ; r
5181,0.0,B0*i + B1*i*s + B2*i**2*s ; sqrt(Abs(B3 + B4*r - i)),0.00106420776504304*i**2*s + 0.0853260670431907*i*s + 0.0100583628750176*i ; sqrt(Abs(-i + 0.0620783770257961*r + 0.300466276553073))
5182,0.0,B0*i + B1*i**2 + B2*i*s ; sqrt(Abs(B3 - i + sqrt(Abs(r)))),-0.0909987766744299*i**2 - 0.0187911698026343*i*s - 3.65447934530142*i ; sqrt(Abs(-i + sqrt(Abs(r)) + 55.7468616387902))
5183,0.0,B0*i + B1*i**2*s ; B2 - 2*i,0.0230009542308187*i**2*s + 0.0312642057670377*i ; 2.49062675674347 - 2*i
5184,0.0,i*s ; B0 + r + sqrt(Abs(i)),i*s ; r + sqrt(Abs(i)) + 0.0272265397046673
5185,0.0,i*s**2 + i*Abs(s)**(3/2) ; B0 - i*r + r,i*s**2 + i*Abs(s)**(3/2) ; -i*r + r + 0.928038123181848
5186,0.0,i*s ; sqrt(Abs(B0 + r)),i*s ; sqrt(Abs(r + 40.4929538143162))
5187,0.0,i*s**2 + i*s - s**2 ; B0 + r,i*s**2 + i*s - s**2 ; r + 0.000355159464930846
5188,0.0,i*s + s*sqrt(Abs(i)) ; B0 + sqrt(Abs(B1 + r)),i*s + s*sqrt(Abs(i)) ; sqrt(Abs(r + 5.16386274518925e-8)) + 0.40459702171835
5189,0.0,B0*s + i*s**2 - s**2 ; B1 + B2*i,i*s**2 - s**2 + 2.82168690933859*s ; 5.88545754607532 - 2.41160495185265*i
5190,0.0,s*sqrt(Abs(B0 + i + s)) ; B1 + r,s*sqrt(Abs(i + s + 9.64890880942339)) ; r + 138.329382535572
5191,0.0,i*s ; B0 + sqrt(Abs(r)),i*s ; sqrt(Abs(r)) + 5.66772291942187
5192,0.0,i*s ; B0 + B1*i + i**2 + r,i*s ; i**2 + 5.39376567746249*i + r + 3.24155021385493
5193,0.0,i*s ; B0 + B1*sqrt(Abs(i)) - Abs(i)**(3/2),i*s ; -Abs(i)**(3/2) + 1.63185996878607*sqrt(Abs(i)) + 0.137935260645734
5194,0.0,i*s + Abs(s)**(3/2) ; B0 + r,i*s + Abs(s)**(3/2) ; r + 1.22674933961663
5195,0.0,B0*s*sqrt(Abs(i)) + i*s + s**2 ; sqrt(Abs(B1 + i**2 + r)),i*s + s**2 + 0.0595129438987705*s*sqrt(Abs(i)) ; sqrt(Abs(i**2 + r - 0.00640901232080601))
5196,0.0,B0*s + 3*s**2 ; r,3*s**2 + 3.4951085585963*s ; r
5197,0.0,s**2 + Abs(s)**(5/2) ; sqrt(Abs(B0 + B1*i*r - i)),s**2 + Abs(s)**(5/2) ; sqrt(Abs(78.9395144119498*i*r - i + 65.797266652234))
5198,0.0,2*s**2 ; B0*i**2 + B1*i*r + r,2*s**2 ; 0.0598217654492101*i**2 + 0.00180670111565046*i*r + r
5199,0.0,B0*s - i*s + s**2 ; i**2 + i*r + r,-i*s + s**2 + 0.0608684223869099*s ; i**2 + i*r + r
5200,0.0,2*s**2 ; B0 + r + sqrt(Abs(i)),2*s**2 ; r + sqrt(Abs(i)) + 0.00127534247315274
5201,0.0,s**2 + Abs(s)**(3/2) ; B0 + B1*r - sqrt(Abs(i)),s**2 + Abs(s)**(3/2) ; 1.29269865225486*r - sqrt(Abs(i)) + 3.63440859586102
5202,0.0,2*s**2 ; -i*r + i*sqrt(Abs(r)),2*s**2 ; -i*r + i*sqrt(Abs(r))
5203,0.0,-i*s + 2*s**2 ; sqrt(Abs(B0 + i**3 + r)),-i*s + 2*s**2 ; sqrt(Abs(i**3 + r + 47.0729798114758))
5204,0.0,B0*i*s + i*s**2 ; B1 + r,i*s**2 - 0.251143232388412*i*s ; r + 2.74607619290444
5205,0.0,B0*s*sqrt(Abs(i)) - s**2*sqrt(Abs(i)) ; sqrt(Abs(i)) - sqrt(Abs(B1 - i)),-s**2*sqrt(Abs(i)) + 0.071060505027998*s*sqrt(Abs(i)) ; sqrt(Abs(i)) - sqrt(Abs(i - 1.82194520076537))
5206,0.0,i*s**2 ; i + r,i*s**2 ; i + r
5207,0.0,i*s**2 ; i + sqrt(Abs(i)),i*s**2 ; i + sqrt(Abs(i))
5208,0.0,i*s*sqrt(Abs(B0 - i*s + s**2)) ; i + sqrt(Abs(i)) + sqrt(Abs(B1 + r)),i*s*sqrt(Abs(-i*s + s**2 + 1.26675439868771)) ; i + sqrt(Abs(i)) + sqrt(Abs(r + 1.38515476816244))
5209,0.0,B0*i*s + i**2*s + i*s**2 ; i*r + 2*i + sqrt(Abs(r)),i**2*s + i*s**2 + 1.92190525676147*i*s ; i*r + 2*i + sqrt(Abs(r))
5210,0.0,B0*i**2 + B1*i*s - i**2*s + i*s**2 ; B2 + r + sqrt(Abs(i*r - r)),-i**2*s - 0.932977995017232*i**2 + i*s**2 - 4.19133079971677*i*s ; r + sqrt(Abs(i*r - r)) + 2.21909725488236
5211,0.0,i**2*s**2 + i*s - s**2 ; B0 + r - sqrt(Abs(r)),i**2*s**2 + i*s - s**2 ; r - sqrt(Abs(r)) + 0.00133208216241235
5212,0.0,B0*i**2*s ; B1 - 2*i - r,7.41002668430978*i**2*s ; -2*i - r - 0.00724161561821479
5213,0.0,i*s*sqrt(Abs(B0 - s + sqrt(Abs(i)))) ; B1*sqrt(Abs(i)) + B2*r - i,i*s*sqrt(Abs(-s + sqrt(Abs(i)) + 0.0234158614324049)) ; -i - 5.2906861743211*r + 5.86264840271805*sqrt(Abs(i))
5214,0.0,s*Abs(i)**(3/2) ; B0 + B1*r**2 - i,s*Abs(i)**(3/2) ; -i + 0.26438842334536*r**2 + 1.13118059622619
5215,0.0,i*s*sqrt(Abs(B0 + i)) ; B1 + r,i*s*sqrt(Abs(i - 0.031559024465177)) ; r + 2.43209769712435
5216,0.0,i**2*sqrt(Abs(B0 + s)) ; B1 + r,i**2*sqrt(Abs(s + 0.459458314100364)) ; r + 0.000250827483674879
5217,0.0,i**2*sqrt(Abs(B0*s + i)) ; B1 + i + r,i**2*sqrt(Abs(i + 0.447894320870052*s)) ; i + r + 1.47555328969433
5218,0.0,s**2*Abs(i)**(5/2) ; sqrt(2)*sqrt(Abs(i)),s**2*Abs(i)**(5/2) ; sqrt(2)*sqrt(Abs(i))
5219,0.0,i**2*Abs(B0 + i + s)**(1/4) ; i + r,i**2*Abs(i + s + 0.0781109909440104)**(1/4) ; i + r
5220,0.0,B0*s + 2*i*s ; r - sqrt(Abs(i)),2*i*s + 3.94084528319443*s ; r - sqrt(Abs(i))
5221,0.0,i*s ; -i + sqrt(Abs(i)),i*s ; -i + sqrt(Abs(i))
5222,0.0,i**2*sqrt(Abs(s)) ; B0*r,i**2*sqrt(Abs(s)) ; 0.0293767090934632*r
5223,0.0,-i**2*sqrt(Abs(s)) + i*Abs(s)**(3/2) ; B0 + r,-i**2*sqrt(Abs(s)) + i*Abs(s)**(3/2) ; r + 0.000102964459529517
5224,0.0,B0*i*s**2 ; sqrt(Abs(i)),0.000209092171802874*i*s**2 ; sqrt(Abs(i))
5225,0.0,i**2*s ; B0 + Abs(B1 + i**2 - i*r)**(1/4),i**2*s ; Abs(i**2 - i*r + 0.134932305877353)**(1/4) + 0.18331323996039
5226,0.0,2*i*s**2 ; sqrt(Abs(i)),2*i*s**2 ; sqrt(Abs(i))
5227,0.0,i*s**2 ; sqrt(Abs(B0 + B1*sqrt(Abs(i)) + B2*i + r)),i*s**2 ; sqrt(Abs(0.412700614664153*i + r + 0.0704348474894077*sqrt(Abs(i)) - 0.00087166530596139))
5228,0.0,i**3*s ; B0 + i + r**2 + r,i**3*s ; i + r**2 + r + 1.46751375874634
5229,0.0,B0*i*s**2 ; sqrt(Abs(i**2*r**2 + i*r**3 - i)),0.000280684408825074*i*s**2 ; sqrt(Abs(i**2*r**2 + i*r**3 - i))
5230,0.0,B0*i**2*s ; sqrt(Abs(B1*i*r + B2*i)),8.84560956127049*i**2*s ; sqrt(Abs(14.4772750147584*i*r - 1.24288343975077e-5*i))
5231,0.0,2*i**3 ; -i + r + sqrt(Abs(-B0 + i + r)),2*i**3 ; -i + r + sqrt(Abs(i + r + 0.916286377827385))
5232,0.0,B0*i + B1*i**2 + B2*i*s ; B3 + B4*sqrt(Abs(i + r)),1.84036512011829*i**2 + 0.000992242857253989*i*s + 0.000487907796618623*i ; 0.0338459699902188*sqrt(Abs(i + r)) + 3.1887056974094
5233,0.0,2*i*s**3 + i*s**2 ; Abs(r - sqrt(Abs(i)))**(1/4),2*i*s**3 + i*s**2 ; Abs(r - sqrt(Abs(i)))**(1/4)
5234,0.0,B0*i*s + B0*Abs(i)**(5/2) ; i**2*r - i - r**2,8.98316019202985*i*s + 8.98316019202985*Abs(i)**(5/2) ; i**2*r - i - r**2
5235,0.0,i*sqrt(Abs(B0 + sqrt(Abs(i*s + s)))) ; -i + r,i*sqrt(sqrt(Abs(i*s + s)) + 168.108048068915) ; -i + r
5236,0.0,B0 + i*sqrt(Abs(B1 + B2*i)) ; B3 - i + r,i*sqrt(Abs(1.48371032066744e-8*i - 1.36169027277305e-6)) + 3.54136665410823 ; -i + r - 0.404093661953655
5237,0.0,B0 - s ; B1 + B2*i + B3*i**2,0.542508264059949 - s ; 0.187388544891493*i**2 + 0.0189035161555548*i + 0.124341520757422
5238,0.0,B0 + i - sqrt(Abs(s)) ; B1*sqrt(Abs(i + r)),i - sqrt(Abs(s)) - 3.47272352363226 ; -2.54858167293395*sqrt(Abs(i + r))
5239,0.0,B0*i - s ; r**2,0.0518435089788928*i - s ; r**2
5240,0.0,B0 + i ; B1*sqrt(Abs(i)),i - 15.280080549207 ; -9.03310033922687*sqrt(Abs(i))
5241,0.0,B0*Abs(s)**(3/2) + i*s - i - s**2 ; B2*i*sqrt(Abs(B1 + i)),i*s - i - s**2 - 0.303011715529948*Abs(s)**(3/2) ; 8.34303336709972*i*sqrt(Abs(i + 1.85010510229391))
5242,0.0,B0 - s ; B1*Abs(r)**(1/4),-s - 0.223429206405703 ; 1.01956532825063*Abs(r)**(1/4)
5243,0.0,B0 + i - s ; r*Abs(r - Abs(i)**(1/4))**(1/4),i - s + 0.651071084527608 ; r*Abs(r - Abs(i)**(1/4))**(1/4)
5244,0.0,B0 + i ; i*sqrt(Abs(B1*r + 2*r**2)),i - 0.457772661323565 ; i*sqrt(Abs(2*r**2 + 0.482620891964953*r))
5245,0.0,B0*s + B1*s**2 + i*s ; sqrt(Abs(i))*sqrt(Abs(i + sqrt(Abs(i)))),i*s + 0.00033328613613531*s**2 + 0.0103157499821262*s ; sqrt(Abs(i))*sqrt(Abs(i + sqrt(Abs(i))))
5246,0.0,B0*i + i**2 + i*s - s ; B1*i*sqrt(Abs(r)),i**2 + i*s - 0.495328300754282*i - s ; 2.39966195813879*i*sqrt(Abs(r))
5247,0.0,B0 + B1*i**2 + B2*s ; B3*sqrt(Abs(i)) + r*sqrt(Abs(i)) + Abs(i)**(3/2),2.40666033693722e-7*i**2 - 0.000718336829478679*s + 7.08645347711234 ; r*sqrt(Abs(i)) + Abs(i)**(3/2) - 4.81889458514618*sqrt(Abs(i))
5248,0.0,B0 + B1*s + i*s**2 ; B3*sqrt(Abs(B2 - r)),i*s**2 + 2.99591776994846*s + 2.81477552055568 ; 1.96814190887949*sqrt(Abs(r - 3.92411779204734))
5249,0.0,B0 + B1*s + B2*s**2 + i*s**2 ; B3 + B4*sqrt(Abs(r)),i*s**2 + 1.7290912427356*s**2 + 0.160677720630786*s + 1.79615315756527 ; 0.243177289603462 - 0.0443655923888577*sqrt(Abs(r))
5250,0.0,B0*i - s ; B1 + B2*r,-2.98861020182565*i - s ; 0.0134594361615202*r - 2.18718543171921
5251,0.0,i*s**2 - i - s**3 ; B0*i**3 + B1*i*r,i*s**2 - i - s**3 ; 0.000249119046898485*i**3 + 0.0081176676316196*i*r
5252,0.0,B0*i + i**3 - s ; B1*i,i**3 + 15.7748869601819*i - s ; 18.1035741833594*i
5253,0.0,B0 + B1*s - 2*s**2 ; B2*i*r**2,-2*s**2 + 6.80547546457935*s - 8.54048362000683 ; 0.00400079571066955*i*r**2
5254,0.0,B0*s + i*s - i - s**2 ; B1*i**2,i*s - i - s**2 - 0.541957511047399*s ; -10.082876849353*i**2
5255,0.0,B0*s + i*s - s**2 ; B1*i*r**2,i*s - s**2 - 0.0793509934211908*s ; 0.00409681285534783*i*r**2
5256,0.0,B0 + B1*i + B1*Abs(s)**(1/4) - s ; B2*Abs(i)**(5/2),-0.639152481212298*i - s - 0.639152481212298*Abs(s)**(1/4) - 11.8635530612798 ; 0.00101906145192506*Abs(i)**(5/2)
5257,0.0,-i - s**2 + s*Abs(i)**(1/8) ; B0*i**2*r,-i - s**2 + s*Abs(i)**(1/8) ; 0.0360607506257898*i**2*r
5258,0.0,-s ; B0*i*r + B1*i**2*r,-s ; 1.54039615092863*i**2*r + 1.9477466574451*i*r
5259,0.0,B0 + B1*sqrt(Abs(i + s)) - s ; B2*i*sqrt(Abs(r)),-s + 0.020761955503547*sqrt(Abs(i + s)) - 0.244143028236019 ; 0.0815852842168697*i*sqrt(Abs(r))
5260,0.0,B0*i + i*sqrt(Abs(B1 + i)) - s ; B2*i**2*r,i*sqrt(Abs(i + 2.44928606876315)) + 6.85693919411109*i - s ; 1.58316859687057*i**2*r
5261,0.0,-i**2 + i*sqrt(Abs(B0 - i)) - s ; B1*i*r**2,-i**2 + i*sqrt(Abs(i - 16.7231105358548)) - s ; 0.642937553174343*i*r**2
5262,0.0,-i**2 - s ; B0*i*r,-i**2 - s ; 32.5540898055825*i*r
5263,0.0,B0 + B1*i - s ; B2*i**2,-0.444371418339786*i - s - 13.9915862574246 ; 0.0424066362045406*i**2
5264,0.0,B0 + B1*sqrt(Abs(i + s)) - s ; B2*i*r,-s - 29.0087826091069*sqrt(Abs(i + s)) + 28.7854015354876 ; 41.1905087765462*i*r
5265,0.0,-i*s + i*sqrt(Abs(B0*i + i*s)) - s ; B1*i**2*r,-i*s + i*sqrt(Abs(i*s - 0.0914935336986118*i)) - s ; 7.84974289161092*i**2*r
5266,0.0,-s**2 + s*Abs(i)**(1/4) - s ; B0*i*r,-s**2 + s*Abs(i)**(1/4) - s ; 0.130878729815526*i*r
5267,0.0,-s**2 - s + Abs(s)**(3/2) ; B0*i**2*r,-s**2 - s + Abs(s)**(3/2) ; 0.0252580217676842*i**2*r
5268,0.0,-i - 2*s**2 + Abs(s)**(3/2) ; B0*i**2*r,-i - 2*s**2 + Abs(s)**(3/2) ; 0.000130130153458389*i**2*r
5269,0.0,-s*sqrt(Abs(i)) - s + Abs(s)**(3/2) ; B0*i*r,-s*sqrt(Abs(i)) - s + Abs(s)**(3/2) ; 0.20322742496591*i*r
5270,0.0,B0 + B1*i + i*sqrt(Abs(s)) ; B2*i,i*sqrt(Abs(s)) + 0.0129809564547754*i + 0.00600416274017327 ; 5.23121442870017*i
5271,0.0,B0 + B1*i + i*sqrt(Abs(s)) ; B2*i*r,i*sqrt(Abs(s)) + 0.101850081441278*i + 1.83876474901716 ; 0.058910395147765*i*r
5272,0.0,B0*i + i*sqrt(Abs(s)) - s ; B1*i*r,i*sqrt(Abs(s)) + 6.09583633598422*i - s ; 2.72154812135429*i*r
5273,0.0,i**2 - i*sqrt(Abs(B0 + i)) ; B1 - 2*i + 2*r,i**2 - i*sqrt(Abs(i - 15.1370725994227)) ; -2*i + 2*r + 3.48721352565945
5274,0.0,i*s - s**2 + s*sqrt(Abs(B0 + sqrt(Abs(s)))) ; B1 + r,i*s - s**2 + s*sqrt(sqrt(Abs(s)) + 13.8672510484711) ; r + 1.05082367501899
5275,0.0,i**2 ; -i + Abs(r - sqrt(Abs(r)))**(1/8),i**2 ; -i + Abs(r - sqrt(Abs(r)))**(1/8)
5276,0.0,i*s + Abs(s)**(3/2) ; B0 + sqrt(Abs(B1*i - i**2)),i*s + Abs(s)**(3/2) ; sqrt(Abs(i**2 - 10.392102471573*i)) + 6.87790492639142
5277,0.0,2*i**2 - i*s ; -i + sqrt(Abs(B0*r + i*r + i)),2*i**2 - i*s ; -i + sqrt(Abs(i*r + i + 0.269124415789823*r))
5278,0.0,i*s ; -r + sqrt(Abs(i)),i*s ; -r + sqrt(Abs(i))
5279,0.0,B0*i*s**2 + i**3*s**2 + i**2*s ; -i + Abs(i)**(3/4),i**3*s**2 + i**2*s + 0.729730539258811*i*s**2 ; -i + Abs(i)**(3/4)
5280,0.0,B0*i*s + B1*i*s**2 - s**2 ; B2 + i - r,-0.0871044990315525*i*s**2 + 1.32691291442176*i*s - s**2 ; i - r + 1.84464596818967
5281,0.0,B0*i*s - s**2 ; -i + sqrt(Abs(B1*r + r**2)),0.656141006229721*i*s - s**2 ; -i + sqrt(Abs(r**2 + 254.379468432907*r))
5282,0.0,-i*s + i*sqrt(Abs(i + Abs(i)**(3/2))) ; B0 + sqrt(Abs(r))*Abs(B1 + i + r)**(1/4),-i*s + i*sqrt(Abs(i + Abs(i)**(3/2))) ; sqrt(Abs(r))*Abs(i + r - 0.00381414710989366)**(1/4) - 1.31000678810115
5283,0.0,B0*i + i*sqrt(Abs(B1 + s)) ; B2 + sqrt(Abs(r**2 - Abs(r)**(3/2))),i*sqrt(Abs(s - 0.138579884963242)) - 0.506970510286532*i ; sqrt(Abs(r**2 - Abs(r)**(3/2))) + 0.176180001358418
5284,0.0,B0*s*sqrt(Abs(i)) - s**2 ; -i + sqrt(Abs(B1 + B2*r)),-s**2 + 1.12919169679581*s*sqrt(Abs(i)) ; -i + sqrt(Abs(0.607294763425961*r - 31.2395235725303))
5285,0.0,B0*i*sqrt(Abs(s)) - i**2 ; B1 + sqrt(Abs(B2*r + B3*i)),-i**2 - 0.149559489281741*i*sqrt(Abs(s)) ; sqrt(Abs(0.114537372571069*i + 0.107979170612138*r)) + 0.331152340652832
5286,0.0,B0*i - i**2 + i*s ; B1 + sqrt(Abs(B2*r + B3*i)),-i**2 + i*s - 0.455096584877883*i ; sqrt(Abs(1.47655625701424*i + 1.85539180761333*r)) + 2.13102011994797
5287,0.0,-s*sqrt(Abs(i)) + sqrt(Abs(i))*sqrt(Abs(s)) ; -r + sqrt(Abs(i)),-s*sqrt(Abs(i)) + sqrt(Abs(i))*sqrt(Abs(s)) ; -r + sqrt(Abs(i))
5288,0.0,B0*sqrt(Abs(i)) + B1*s + s**2 - s*sqrt(Abs(i)) ; B2*sqrt(Abs(i))*sqrt(Abs(r)) - i,s**2 - s*sqrt(Abs(i)) + 3.09985805868117*s + 5.02273710870969*sqrt(Abs(i)) ; -i + 4.34580813870318*sqrt(Abs(i))*sqrt(Abs(r))
5289,0.0,-s**3 + s**2*sqrt(Abs(i)) ; -r + sqrt(Abs(B0*r + B0*sqrt(Abs(r)))),-s**3 + s**2*sqrt(Abs(i)) ; -r + sqrt(Abs(0.00159033702198862*r + 0.00159033702198862*sqrt(Abs(r))))
5290,0.0,B0*s + i*s + s*sqrt(Abs(i)) ; B1 - i + sqrt(Abs(i))*sqrt(Abs(r)),i*s + s*sqrt(Abs(i)) + 2.38947092538483*s ; -i + sqrt(Abs(i))*sqrt(Abs(r)) + 14.7230502567587
5291,0.0,B0*i*sqrt(Abs(s)) + Abs(i)**(3/2) ; -r + sqrt(Abs(i*r + i*sqrt(Abs(i + r)))),0.0101508449563549*i*sqrt(Abs(s)) + Abs(i)**(3/2) ; -r + sqrt(Abs(i*r + i*sqrt(Abs(i + r))))
5292,0.0,B0*i + i**2 + Abs(i)**(3/2) ; -r + sqrt(Abs(B1*r - r**2)),i**2 + 10.3786645254327*i + Abs(i)**(3/2) ; -r + sqrt(Abs(r**2 - 10.9960450041609*r))
5293,0.0,-s**2 + s*sqrt(Abs(i)) ; -i + Abs(i)**(3/4)*sqrt(Abs(r)),-s**2 + s*sqrt(Abs(i)) ; -i + Abs(i)**(3/4)*sqrt(Abs(r))
5294,0.0,-i**2 + Abs(i)**(3/2) ; -i + Abs(r)**(5/8),-i**2 + Abs(i)**(3/2) ; -i + Abs(r)**(5/8)
5295,0.0,B0*s**2 + s*sqrt(Abs(i)) ; B1 + sqrt(Abs(B2*i + B3*r)),0.0113001063266912*s**2 + s*sqrt(Abs(i)) ; sqrt(Abs(0.0495758700497901*i - 3.85094677621323*r)) + 1.7897792930298
5296,0.0,-s**3 + s*sqrt(Abs(i)) ; B0 + sqrt(Abs(r))*Abs(B1 + r)**(1/4),-s**3 + s*sqrt(Abs(i)) ; sqrt(Abs(r))*Abs(r + 0.0816823574100494)**(1/4) - 0.161266196031684
5297,0.0,-i**2*s + i*s**2 + s*sqrt(Abs(i)) ; -i + sqrt(Abs(B0*i**2 + B1*i)),-i**2*s + i*s**2 + s*sqrt(Abs(i)) ; -i + sqrt(Abs(20.1598704414411*i**2 + 38.1796906757771*i))
5298,0.0,B0*s + s*sqrt(Abs(i)) ; B1 + sqrt(Abs(i**3 - i**2*r)),s*sqrt(Abs(i)) - 3.91150257328777*s ; sqrt(Abs(i**3 - i**2*r)) + 168.233948537614
5299,0.0,-i**2*s - i*s**2 + s*sqrt(Abs(i)) ; B0 + sqrt(Abs(r))*Abs(B1 - r)**(1/4),-i**2*s - i*s**2 + s*sqrt(Abs(i)) ; sqrt(Abs(r))*Abs(r - 0.0521610863678452)**(1/4) + 0.0709958773127196
5300,0.0,B0*i**2 - i**2*s + Abs(i)**(3/2) ; -r,-i**2*s + 5.96696816407392*i**2 + Abs(i)**(3/2) ; -r
5301,0.0,B0*s**2 - i*s**2 + s*sqrt(Abs(i)) ; B1*Abs(i - r)**(1/4) - i,-i*s**2 + 0.0282192912898991*s**2 + s*sqrt(Abs(i)) ; -i + 2.01770374861906*Abs(i - r)**(1/4)
5302,0.0,-2*i**2*s + Abs(i)**(3/2) ; -r + sqrt(Abs(B0*i - i*r)),-2*i**2*s + Abs(i)**(3/2) ; -r + sqrt(Abs(i*r - 27.0654794923913*i))
5303,0.0,B0*i*s + Abs(i)**(3/2) ; -i + sqrt(Abs(i))*sqrt(Abs(r)),0.109892325157999*i*s + Abs(i)**(3/2) ; -i + sqrt(Abs(i))*sqrt(Abs(r))
5304,0.0,-2*i**2*s + Abs(i)**(3/2) ; B0*sqrt(Abs(i)) - i,-2*i**2*s + Abs(i)**(3/2) ; -i + 4.1806394037634*sqrt(Abs(i))
5305,0.0,B0*i**2 + Abs(i)**(3/2) ; -r,-0.000809992930489319*i**2 + Abs(i)**(3/2) ; -r
5306,0.0,B0*i*s - i*s**2 + s*sqrt(Abs(i)) ; B1*sqrt(Abs(i)) - i,-i*s**2 + 4.81120929055552*i*s + s*sqrt(Abs(i)) ; -i + 0.00725663942809946*sqrt(Abs(i))
5307,0.0,-2*i**2*s + Abs(i)**(3/2) ; B0 + sqrt(Abs(i**2 + i*r)),-2*i**2*s + Abs(i)**(3/2) ; sqrt(Abs(i**2 + i*r)) + 0.45787365112138
5308,0.0,B0*i*s + s*sqrt(Abs(i)) ; B1 + sqrt(2)*sqrt(Abs(i))*sqrt(Abs(r)),0.0405101349949757*i*s + s*sqrt(Abs(i)) ; sqrt(2)*sqrt(Abs(i))*sqrt(Abs(r)) + 0.00279825813302496
5309,0.0,-i*s**2 - s**3 + s*sqrt(Abs(i)) ; i*(-1 + sqrt(3)),-i*s**2 - s**3 + s*sqrt(Abs(i)) ; i*(-1 + sqrt(3))
5310,0.0,-i**3 - i**2*s + Abs(i)**(3/2) ; B0 + sqrt(Abs(i**2 + i*sqrt(Abs(r)))),-i**3 - i**2*s + Abs(i)**(3/2) ; sqrt(Abs(i**2 + i*sqrt(Abs(r)))) + 0.00153973624357424
5311,0.0,B0*i**2 + Abs(i)**(3/2) ; -r + sqrt(2)*sqrt(Abs(i))*sqrt(Abs(r)),-0.000808934765481581*i**2 + Abs(i)**(3/2) ; -r + sqrt(2)*sqrt(Abs(i))*sqrt(Abs(r))
5312,0.0,B0*i**2 - i**2*s + Abs(i)**(3/2) ; -i + sqrt(Abs(i**2 + i*r)),-i**2*s + 13.5541432205973*i**2 + Abs(i)**(3/2) ; -i + sqrt(Abs(i**2 + i*r))
5313,0.0,B0*i + Abs(i)**(3/2) ; -i + sqrt(Abs(B1*i**2 + i*r)),-0.388547945092443*i + Abs(i)**(3/2) ; -i + sqrt(Abs(8.68544722914453*i**2 + i*r))
5314,0.0,B0*s + s*sqrt(Abs(i)) ; B1 + sqrt(Abs(B2*i**2 + i*r)),s*sqrt(Abs(i)) - 10.4856634224266*s ; sqrt(Abs(20.1937991497216*i**2 + i*r)) + 30.2727632897719
5315,0.0,B0*i*s - i*s**2 + s*sqrt(Abs(i)) ; B1 + sqrt(Abs(B2*i + i*r)),-i*s**2 + 2.13214793627256*i*s + s*sqrt(Abs(i)) ; sqrt(Abs(i*r + 1.30037482642113*i)) + 11.7191794020299
5316,0.0,B0*i + B1*i*s + Abs(i)**(3/2) ; -r + sqrt(Abs(B2*i + i*r**2)),0.105558106656552*i*s - 0.0360793456662865*i + Abs(i)**(3/2) ; -r + sqrt(Abs(i*r**2 + 0.000922656564460771*i))
5317,0.0,B0*s**2 - s**3 + s*sqrt(Abs(i)) ; -i + sqrt(Abs(B1*i**2 + B2*i)),-s**3 - 0.0377135839514928*s**2 + s*sqrt(Abs(i)) ; -i + sqrt(Abs(1.02553803182594*i**2 - 0.0324148485122565*i))
5318,0.0,B0*s**2 - s**3 + s*sqrt(Abs(i)) ; -i + sqrt(Abs(B1*i**2 + i*r)),-s**3 - 0.0292434057262936*s**2 + s*sqrt(Abs(i)) ; -i + sqrt(Abs(0.0377042299960026*i**2 - i*r))
5319,0.0,B0*s**2 - s**3 + s*sqrt(Abs(i)) ; -i + sqrt(Abs(B1*i + B2*i*r)),-s**3 + 0.415774996964154*s**2 + s*sqrt(Abs(i)) ; -i + sqrt(Abs(0.854897218897705*i*r + 3.36974085090947*i))
5320,0.0,B0*i*s - i*s**2 + Abs(i)**(3/2) ; -i + sqrt(Abs(B1*i + B2*i*r)),-i*s**2 + 1.93508144567281*i*s + Abs(i)**(3/2) ; -i + sqrt(Abs(1.4057660967466*i*r - 5.55421995779801*i))
5321,0.0,sqrt(Abs(s))*sqrt(Abs(B0 + i)) ; B1*r + B2*i*r + B2*r**2,sqrt(Abs(s))*sqrt(Abs(i - 22.6676843076638)) ; 0.0574437079743811*i*r + 0.0574437079743811*r**2 + 80.9193609740718*r
5322,0.0,B0*i + i*sqrt(Abs(B1 - s)) ; -i*r**2 + r**3 - r**2,i*sqrt(Abs(s - 5491.34343128061)) - 60.1919111578219*i ; -i*r**2 + r**3 - r**2
5323,0.0,B0*i*s - 2*s**2 ; B1 + B3*Abs(B2 + i + r)**(1/4),0.00014356541325676*i*s - 2*s**2 ; 0.282626972061057*Abs(i + r + 10.6162872426789)**(1/4) + 0.0265291773683759
5324,0.0,i**3 + i**2 ; i*r - sqrt(2)*r**2,i**3 + i**2 ; i*r - sqrt(2)*r**2
5325,0.0,B0*i + Abs(i)**(3/2)*sqrt(Abs(s)) ; B1*Abs(r)**(1/4) - i*Abs(r)**(1/4) + Abs(r)**(5/4),11.2718018148688*i + Abs(i)**(3/2)*sqrt(Abs(s)) ; -i*Abs(r)**(1/4) + Abs(r)**(5/4) + 74.0537554723135*Abs(r)**(1/4)
5326,0.0,B0*i + B1*s + 2*i**2 + i*s ; B2*r,2*i**2 + i*s + 2.39183931816434*i + 9.04440712874059*s ; 0.0564294856884997*r
5327,0.0,B0*i + i*sqrt(Abs(s)) ; B1*i + B3*sqrt(Abs(B2 + r)),i*sqrt(Abs(s)) + 40.5064181183306*i ; 46.7903417949475*i - 0.022361044422602*sqrt(Abs(r + 72.593975433126))
5328,0.0,B0*i + i**2 ; B1*r,i**2 - 0.0262418757209856*i ; 0.03412701554105*r
5329,0.0,-s**2 + s*sqrt(Abs(i)) ; B0 - i + r,-s**2 + s*sqrt(Abs(i)) ; -i + r + 6.13522881053289
5330,0.0,B0*i*s**2 - s**3 ; i*r + r**2 + Abs(r)**(5/4),0.393428132621617*i*s**2 - s**3 ; i*r + r**2 + Abs(r)**(5/4)
5331,0.0,3*i*s - s**2 ; r**2,3*i*s - s**2 ; r**2
5332,0.0,B0*s + 2*i*s - s**2 ; i*r,2*i*s - s**2 + 0.251632850412166*s ; i*r
5333,0.0,B0*s - i*s + Abs(s)**(3/2) ; -i + r,-i*s + 1.33947824679476*s + Abs(s)**(3/2) ; -i + r
5334,0.0,i**2 ; r**2,i**2 ; r**2
5335,0.0,-i**2*s - i*s**2 ; sqrt(Abs(i)),-i**2*s - i*s**2 ; sqrt(Abs(i))
5336,0.0,B0*s**2 + i*s**2 ; sqrt(Abs(i)),i*s**2 + 0.010083305754082*s**2 ; sqrt(Abs(i))
5337,0.0,i*sqrt(Abs(i + s)) ; B0 + B1*r,i*sqrt(Abs(i + s)) ; 0.205998475188953 - 0.179688540264941*r
5338,0.0,B0*i*s - i**2 ; Abs(i)**(1/8),-i**2 - 0.0763506372928339*i*s ; Abs(i)**(1/8)
5339,0.0,s*sqrt(Abs(i)) ; sqrt(Abs(i + sqrt(Abs(i)))),s*sqrt(Abs(i)) ; sqrt(Abs(i + sqrt(Abs(i))))
5340,0.0,B0*s - s**2 ; B1 + B2*i + r,-s**2 - 0.769294357131656*s ; 0.0407883710224745*i + r + 0.254784895568461
5341,0.0,-s**2 + s*sqrt(Abs(i)) ; i,-s**2 + s*sqrt(Abs(i)) ; i
5342,0.0,B0*i*s + i*s**2 - s**2 ; B1 + i**2,i*s**2 + 7.75651012250462*i*s - s**2 ; i**2 + 10.0508222941226
5343,0.0,B0*s + i*s - s**2 ; -i + Abs(r)**(1/4),i*s - s**2 - 0.0081498143766319*s ; -i + Abs(r)**(1/4)
5344,0.0,B0*s - i*s + s**2 ; Abs(i)**(3/4),-i*s + s**2 + 8.66717084674935*s ; Abs(i)**(3/4)
5345,0.0,2*s**2 ; sqrt(Abs(r)),2*s**2 ; sqrt(Abs(r))
5346,0.0,-i*s + s**4 + s**2 ; i,-i*s + s**4 + s**2 ; i
5347,0.0,B0*i*s**2 + i*s - s**2 ; i,0.0771951023457353*i*s**2 + i*s - s**2 ; i
5348,0.0,i**2*s**2 + i*s - s**2 ; i,i**2*s**2 + i*s - s**2 ; i
5349,0.0,i**3*s + i*s - s**2 ; i,i**3*s + i*s - s**2 ; i
5350,0.0,B0*i**2*s + i*s - s**2 ; i,-0.123978438896081*i**2*s + i*s - s**2 ; i
5351,0.0,2*i*s + Abs(s)**(3/2) ; sqrt(Abs(B0*i + i*r)),2*i*s + Abs(s)**(3/2) ; sqrt(Abs(i*r + 3.52972332606172*i))
5352,0.0,B0*s + B1*i*s ; -i + sqrt(Abs(i))*Abs(i + r)**(1/4),0.00132011366876826*i*s - 0.00486885052523794*s ; -i + sqrt(Abs(i))*Abs(i + r)**(1/4)
5353,0.0,i*s ; i + r + sqrt(Abs(r)),i*s ; i + r + sqrt(Abs(r))
5354,0.0,B0*i**2 + B1*i**2*s ; i + sqrt(2)*sqrt(Abs(i))*sqrt(Abs(r)),0.000331780830448783*i**2*s + 0.00292720299421601*i**2 ; i + sqrt(2)*sqrt(Abs(i))*sqrt(Abs(r))
5355,0.0,B0*i*Abs(s)**(3/2) ; 2*i**2 + i*r + r,0.000555532603896952*i*Abs(s)**(3/2) ; 2*i**2 + i*r + r
5356,0.0,B0*i**2 + B1*i**3 ; B2 + B3*i + B4*r,-5.01688993256708e-5*i**3 + 0.00119778117810104*i**2 ; 5.84791644518536*i + 1.07698094801827*r + 5.91080107042633
5357,0.0,B0*i**2 + B1*i**3 ; B2 + B3*i + 2*r,-0.00438044220742513*i**3 - 0.405314136952338*i**2 ; 0.155541730629825*i + 2*r + 0.763281862961499
5358,0.0,sqrt(2)*i*sqrt(Abs(s)) ; r,sqrt(2)*i*sqrt(Abs(s)) ; r
5359,0.0,i*sqrt(Abs(s)) - Abs(s)**(3/2) ; B0 + i + r,i*sqrt(Abs(s)) - Abs(s)**(3/2) ; i + r + 6.72182620460771
5360,0.0,B0*i + i**2 ; i + r + sqrt(Abs(i + r)),i**2 + 0.0466785532222523*i ; i + r + sqrt(Abs(i + r))
5361,0.0,B0*i + B1*sqrt(Abs(s)) + i*s - Abs(s)**(3/2) ; B2*sqrt(Abs(i)) + i + r,i*s - 0.543531360534634*i - Abs(s)**(3/2) - 0.335174493211465*sqrt(Abs(s)) ; i + r + 3.55780194199694*sqrt(Abs(i))
5362,0.0,B0*s - i*s + s**2 + s*sqrt(Abs(i + s)) ; B1 + r + sqrt(Abs(B2 + i*r)),-i*s + s**2 + s*sqrt(Abs(i + s)) + 0.283904916698523*s ; r + sqrt(Abs(i*r - 0.264465000571916)) - 0.0796232514130642
5363,0.0,B0*s + i*s - s**2 ; B1 + B2*i + i**2 + i*r,i*s - s**2 + 3.80731971530383*s ; i**2 + i*r + 3.37508571044297*i + 0.144786132152498
5364,0.0,B0*s - i*s + s**2 ; r + sqrt(Abs(B1 + r)),-i*s + s**2 + 1.41403118160836*s ; r + sqrt(Abs(r + 0.0208674378818003))
5365,0.0,B0*i + Abs(i)**(3/2) ; i + r,0.0210096223436942*i + Abs(i)**(3/2) ; i + r
5366,0.0,B0*s + i*s + 3*s**2 ; B1 - i + 3*r,i*s + 3*s**2 + 1.20107736109988*s ; -i + 3*r - 2.90707200502174
5367,0.0,B0*s + s**2 + Abs(s)**(3/2) ; -r*Abs(i)**(1/4) + 2*r,s**2 + 1.17693776489491*s + Abs(s)**(3/2) ; -r*Abs(i)**(1/4) + 2*r
5368,0.0,B0*s + i*s**3 - s**2 ; B1 + B2*r + i*r + i,i*s**3 - s**2 + 0.000105011895213539*s ; i*r + i + 7.71798286828557*r + 0.0050713643363473
5369,0.0,B0*i + 2*i*s ; B1 - i - r,2*i*s - 0.805000685075892*i ; -i - r + 3.63012615064865
5370,0.0,B0*s - i*s ; B1 + B2*i + r,-i*s - 1.88746661524951*s ; 1.48557866453224*i + r + 2.0058775389659
5371,0.0,B0*i + i**2 + i*sqrt(Abs(s)) ; B1 + r + sqrt(Abs(i))*sqrt(Abs(r)),i**2 + i*sqrt(Abs(s)) - 3.16427816516759*i ; r + sqrt(Abs(i))*sqrt(Abs(r)) - 6.1944715784655
5372,0.0,B0*i - 2*i**2 + i*s ; B1 + B2*r - i,-2*i**2 + i*s - 1.26632826632925*i ; -i + 11.504471285101*r - 1.43551890633282
5373,0.0,i**3 - i**2 - i*s ; -i + 2*r,i**3 - i**2 - i*s ; -i + 2*r
5374,0.0,B0*s - i*s + s**2 ; B1 - i,-i*s + s**2 + 0.994670210425945*s ; 3.19631982038451 - i
5375,0.0,B0*s - i*s + s**2 ; B1 + i**2 + i*r + r,-i*s + s**2 - 0.595070145499279*s ; i**2 + i*r + r + 0.13551952644284
5376,0.0,B0*i + i**2 + 2*i*s ; B1 + B2*sqrt(Abs(r)) + i,i**2 + 2*i*s - 0.238186563539341*i ; i + 0.365155742073928*sqrt(Abs(r)) - 0.00627215205635371
5377,0.0,B0*i + 2*i*s ; B1 - i,2*i*s - 1.8065085517062*i ; -i - 0.428442308650232
5378,0.0,-i**2*s + i*s ; i + r,-i**2*s + i*s ; i + r
5379,0.0,B0*s + B1*i*s + 2*s**2 ; B2*r + i - 2*r**2,0.486724087491659*i*s + 2*s**2 + 1.17465307788168*s ; i - 2*r**2 - 0.333288841309559*r
5380,0.0,B0*s + i*s + s**2 ; B1 + i + 2*r,i*s + s**2 - 2.97265278069632*s ; i + 2*r + 5.37279332898429
5381,0.0,B0*i + B1*Abs(i)**(3/2) - i*s ; B2 + i + r,-i*s + 11.4092833755914*i + 0.712390569544029*Abs(i)**(3/2) ; i + r + 1.50020042393312
5382,0.0,B0*s + i*s**2 - i*s + s**2 ; B1 + sqrt(Abs(r)),i*s**2 - i*s + s**2 - 0.0892863345411951*s ; sqrt(Abs(r)) + 18.4054052150748
5383,0.0,-i*s + 2*s**2 - s*sqrt(Abs(i)) ; B0 + 2*i,-i*s + 2*s**2 - s*sqrt(Abs(i)) ; 2*i - 21.745945236547
5384,0.0,-2*i*s + 2*s**2 ; B0 + 2*i,-2*i*s + 2*s**2 ; 2*i - 12.8923574886186
5385,0.0,-i**2 + i*s ; B0 + i + Abs(i)**(1/4),-i**2 + i*s ; i + Abs(i)**(1/4) + 2.05405916238051
5386,0.0,B0*i + i*s ; B1 + i + r,i*s + 0.0162168981202797*i ; i + r + 0.693946038624573
5387,0.0,B0*s - i*s + 2*s**2 ; B1 + i + 2*r,-i*s + 2*s**2 + 1.31895910418246*s ; i + 2*r + 5.28150959568368
5388,0.0,B0*s - i*s + s**2 ; B1 + i + sqrt(Abs(i))*sqrt(Abs(r)),-i*s + s**2 + 0.0698035815831446*s ; i + sqrt(Abs(i))*sqrt(Abs(r)) + 0.874190291524873
5389,0.0,-i**2 + i*s ; B0 + i*r + i + r**2,-i**2 + i*s ; i*r + i + r**2 + 2.7692277219553
5390,0.0,B0*i - i**2 + i*s ; B1 + B2*r**2 + i,-i**2 + i*s - 0.764027532497159*i ; i + 1.80678804158764*r**2 + 0.230030329437587
5391,0.0,B0*i - i**2 + 2*i*s ; B1 + B2*i,-i**2 + 2*i*s - 3.70311336304743*i ; 1.72178758875563*i + 5.7236501254336
5392,0.0,B0*i - i**2 + i*s ; B1 + B2*i*r + i,-i**2 + i*s - 2.5775454354846*i ; -1.49986084467102*i*r + i + 3.1950492522639
5393,0.0,-i**2 + i*s ; B0 + B1*r + i,-i**2 + i*s ; i + 0.213373325541853*r + 0.0263503779785408
5394,0.0,-2*i**2 + 2*i*s ; B0 + B1*r + i,-2*i**2 + 2*i*s ; i + 1.69468352585359*r + 0.0670348809863974
5395,0.0,-2*i*s + 2*s**2 ; B0 + B1*i,-2*i*s + 2*s**2 ; 3.83748023092139*i - 1.13484587978445
5396,0.0,B0*s + 2*s**2 ; B1 + B2*i**2*r,2*s**2 + 0.504790757311483*s ; 0.0652179488749981*i**2*r + 0.0814604657527191
5397,0.0,s*Abs(i)**(3/2) ; sqrt(Abs(i)),s*Abs(i)**(3/2) ; sqrt(Abs(i))
5398,0.0,B0*i*s + B1*i*s**2 ; sqrt(Abs(i)),-0.000636383940905942*i*s**2 + 0.0600292797232935*i*s ; sqrt(Abs(i))
5399,0.0,B0 + B1*i**2 ; B2 + r - sqrt(Abs(B3*i + i*r)),2.07198843419195e-6*i**2 + 3.19928645114169 ; r - sqrt(Abs(i*r + 0.131197600397366*i)) + 0.18093304678995
5400,0.0,B0*i + 2*i*s ; B1 - i + 2*r,2*i*s - 1.77545393089279*i ; -i + 2*r - 0.316153467978354
5401,0.0,sqrt(Abs(s))*sqrt(Abs(B0 - s)) ; r,sqrt(Abs(s))*sqrt(Abs(s - 0.0541821375781734)) ; r
