rank,reward,equations,equations_with_constants
1,0.9296838362334787,B0*i*s ; B1 - r,0.235513051527005*i*s ; -r - 0.0345809919937726
2,0.9296643125786818,B0*i*s ; B1 - 2*r,0.238109835436947*i*s ; -2*r - 0.0597065388103385
3,0.929639891242396,B0*i*s ; B1 + i - r,0.456203928338771*i*s ; i - r - 0.0210262885156117
4,0.929593690281834,B0*i*s ; B1 + B2*i,0.317413331722104*i*s ; 0.0675668691341102*i - 0.00321745280867541
5,0.9295463540930476,B0*i*s ; B1*i,0.375490757410038*i*s ; 0.0886877101956222*i
6,0.929455085839014,B0*i*s ; B1*Abs(i)**(3/2),0.328773794499289*i*s ; 0.114419148434719*Abs(i)**(3/2)
7,0.9294465829691767,B0*i*s ; B1 + B2*r,-0.00182162064739447*i*s ; 0.0664391869439343*r + 3.29188451820074
8,0.9294115035482082,B0*i*s ; B1 + sqrt(2)*i + r,-0.126821627796597*i*s ; sqrt(2)*i + r + 0.097011375946404
9,0.9293592502820792,B0*i*s ; B1*i**2,0.313617124597214*i*s ; 0.163771628504422*i**2
10,0.9291619211832572,B0*i*s ; sqrt(Abs(B1 + i)),-0.00170691471057967*i*s ; sqrt(Abs(i - 6.24459643612502))
11,0.9291539996920927,B0*i*s ; sqrt(Abs(B1 - r)),-0.00170478751621798*i*s ; sqrt(Abs(r + 6.20013666102507))
12,0.9291539704941381,B0*i*s ; sqrt(Abs(B1 + r)),-0.00170339407366078*i*s ; sqrt(Abs(r + 6.21910292577399))
13,0.9289542735982004,B0*i*s ; B1 - i - r,0.0152643671280158*i*s ; -i - r - 0.418733604042273
14,0.9285926600039296,B0*i*s ; B1 + sqrt(Abs(i)),-0.00159894099265535*i*s ; sqrt(Abs(i)) + 1.15548589757292
15,0.9285741435468344,B0*i*s ; B1 + sqrt(Abs(r)),-0.00159519866140627*i*s ; sqrt(Abs(r)) + 1.15919271526433
16,0.9285573246668747,B0*i*s ; B1 - sqrt(Abs(i)),0.00159204359662705*i*s ; -sqrt(Abs(i)) - 1.11554635806934
17,0.9285499839772045,B0*i*s ; B1 - sqrt(Abs(r)),0.0015905074440798*i*s ; -sqrt(Abs(r)) - 1.1352974198597
18,0.9285473723533889,B0*i*s ; Abs(i)**(1/4),-0.00627439311145401*i*s ; Abs(i)**(1/4)
19,0.9279273201994586,i*s**2 ; B0 + B1*i,i*s**2 ; 0.01881220349922 - 0.0232325976063657*i
20,0.9272170295399303,B0*i*s ; B1*r**2,0.298501549960613*i*s ; 0.000190837326014678*r**2
21,0.9272170294624827,B0*i*s ; B1*sqrt(Abs(r)),0.298493126627939*i*s ; 0.29194461357971*sqrt(Abs(r))
22,0.927217028998338,B0*i*s ; B1*i*r,0.298486166307409*i*s ; 62.824159131886*i*r
23,0.9272170286892838,B0*i*s ; B1*Abs(r)**(3/2),0.298513947783137*i*s ; 95.2467344185399*Abs(r)**(3/2)
24,0.9272170286037116,B0*i*s ; r**2,0.298482462256494*i*s ; r**2
25,0.9272170285739378,B0*i*s ; r,0.298482216801253*i*s ; r
26,0.9272170284495036,B0*i*s ; Abs(r)**(3/2),0.298515908873269*i*s ; Abs(r)**(3/2)
27,0.9272170284146155,B0*i*s ; i*Abs(r)**(3/2),0.29851617602087*i*s ; i*Abs(r)**(3/2)
28,0.9272170280387501,B0*i*s ; r*Abs(i)**(3/2),0.298518831980291*i*s ; r*Abs(i)**(3/2)
29,0.9272170276862617,B0*i*s ; 2*r,0.298521039308033*i*s ; 2*r
30,0.9272170275538459,B0*i*s ; -Abs(r)**(1/8),0.29852181441955*i*s ; -Abs(r)**(1/8)
31,0.9272170273992583,B0*i*s ; r*Abs(i)**(1/4),0.298522687825099*i*s ; r*Abs(i)**(1/4)
32,0.9272170270749592,B0*i*s ; i*r,0.298524424398409*i*s ; i*r
33,0.9272170269315919,B0*i*s ; i*sqrt(Abs(r)),0.298471982048382*i*s ; i*sqrt(Abs(r))
34,0.9272170159732661,B0*i*s ; B1*r,0.298558897543155*i*s ; 0.00240438917355704*r
35,0.9265059185257281,B0 + B1*i ; B2 + i*r,0.460399660524685*i + 0.00929217290530296 ; i*r + 0.0168336533749685
36,0.9253496082001978,B0*i*s ; B1 - sqrt(2)*sqrt(Abs(r)),0.00167918261972196*i*s ; -sqrt(2)*sqrt(Abs(r)) + 0.0268507390698745
37,0.9243218666043717,B0*i*s ; sqrt(Abs(i)),-0.00345635433093179*i*s ; sqrt(Abs(i))
38,0.9241780203268427,B0*i ; B1 - r,-0.0475375816420822*i ; 1.23641526482206 - r
39,0.9226225310390322,B0 + B1*i ; B2 + B3*r,-0.128547929507251*i - 0.015141605290523 ; 0.161290644381914 - 0.128528957157139*r
40,0.9219166935547551,B0*i**2 ; B1 + B2*r,0.162243819893075*i**2 ; 0.166058266969604 - 0.125674476819774*r
41,0.9218352755318694,B0*i ; B1 + B2*r,-0.124173982923251*i ; 0.140088312700872 - 0.119901211470715*r
42,0.9209822280414397,i*s**2 ; B0 - i*r,i*s**2 ; -i*r + 0.0188071935958428
43,0.9204155564599119,B0*i*s ; B1 + B2*sqrt(Abs(i)),0.355361305589135*i*s ; 0.0594253490374681*sqrt(Abs(i)) - 0.0101553321664532
44,0.9203228892928922,B0*i*sqrt(Abs(s)) ; B1 + B2*sqrt(Abs(i)),0.492271898518728*i*sqrt(Abs(s)) ; 0.180692217318029*sqrt(Abs(i)) - 0.0267857004362979
45,0.9201605197100348,B0*i*s ; B1 - r + sqrt(Abs(r)),0.198452428711126*i*s ; -r + sqrt(Abs(r)) - 0.344649748477742
46,0.9197581472731118,B0*s*sqrt(Abs(i)) ; B1 - i - r,0.0771096963259923*s*sqrt(Abs(i)) ; -i - r + 0.0348772051637885
47,0.919690248624829,B0*i*s ; B1 + sqrt(Abs(B2 + i)),-0.00147429370153533*i*s ; sqrt(Abs(i - 11.9829383504917)) - 0.113417012962961
48,0.9193339552314431,B0*i*s ; sqrt(Abs(B1 - 2*i)),-0.00129239755917118*i*s ; sqrt(Abs(2*i - 3.24838985320879))
49,0.9192412759660888,B0*s*sqrt(Abs(i)) ; sqrt(Abs(B1 + r)),0.0204504477499477*s*sqrt(Abs(i)) ; sqrt(Abs(r - 0.458353814480883))
50,0.9192141753383882,B0*Abs(s)**(3/4) ; B1 - i,0.0479940185038401*Abs(s)**(3/4) ; 0.00193901997862373 - i
51,0.9192141541821239,B0*Abs(s)**(3/4) ; sqrt(Abs(r)),0.0479687073375403*Abs(s)**(3/4) ; sqrt(Abs(r))
52,0.9192027823431749,B0*i*s ; B1 - r - sqrt(Abs(r)),0.125251762034206*i*s ; -r - sqrt(Abs(r)) + 0.177430456970316
53,0.9191018034211491,B0*s*sqrt(Abs(i)) ; sqrt(Abs(B1 + i)),0.0184722488083081*s*sqrt(Abs(i)) ; sqrt(Abs(i + 0.108952441558065))
54,0.9188825659158024,B0*i*s ; B1 - i,0.000916151810389125*i*s ; -i - 0.00373029334865158
55,0.9188629514117496,B0*i*s ; B1 - i**2,-2.24009501366455*i*s ; 0.0492635314378216 - i**2
56,0.9186959691229583,B0*Abs(s)**(9/16) ; B1 - i,0.0387498522643685*Abs(s)**(9/16) ; 0.0437792861816371 - i
57,0.9185221380753206,B0 + B1*i ; B2*r + i,0.865499876502876*i + 0.00950328449522968 ; i + 0.0103371985731111*r
58,0.918025500190048,B0*i*s ; B1*i + r,0.000907066306906204*i*s ; -0.232138360492896*i + r
59,0.917944859277246,B0*i*s ; B1*i*sqrt(Abs(r)),0.29849835279276*i*s ; 0.00109413586575429*i*sqrt(Abs(r))
60,0.9179448592537864,B0*i*s ; B1*r*sqrt(Abs(i)),0.298496041101773*i*s ; 0.729929006424859*r*sqrt(Abs(i))
61,0.9179448579416305,B0*i*s ; i**2*sqrt(Abs(r)),0.298517570331313*i*s ; i**2*sqrt(Abs(r))
62,0.9179448577562913,B0*i*s ; r*sqrt(Abs(B1 - r)),0.298518845790906*i*s ; r*sqrt(Abs(r - 91.2829326656502))
63,0.9179448567741878,B0*i*s ; B1*sqrt(Abs(r)) + r,0.29847255712245*i*s ; r + 0.0541319858007689*sqrt(Abs(r))
64,0.9176427736845126,s*sqrt(Abs(B0 + i)) ; B1*sqrt(Abs(i)),s*sqrt(Abs(i + 6.45802943853905)) ; 0.0394702399704381*sqrt(Abs(i))
65,0.9173564620255075,B0*s*sqrt(Abs(i)) ; B1 - r,0.180840964388161*s*sqrt(Abs(i)) ; 0.0707783243865213 - r
66,0.9172314373176165,B0*s*sqrt(Abs(i)) ; 2*i + r,0.161347578723215*s*sqrt(Abs(i)) ; 2*i + r
67,0.9171573858348526,B0 + B1*sqrt(Abs(i)) ; B2 + B3*r,0.10016847887712 - 0.127167528430055*sqrt(Abs(i)) ; 0.839889446171923 - 1.69941521916568*r
68,0.9167551690240247,B0 + i ; B1 + i,i + 0.0180118990391677 ; i + 0.0186340715151433
69,0.9167267757767986,B0*i ; B1*i,2.47999778866828*i ; 2.5205505656783*i
70,0.9166998529064244,B0*s*sqrt(Abs(i)) ; B1 - i - sqrt(Abs(i)),0.0141167729933582*s*sqrt(Abs(i)) ; -i - sqrt(Abs(i)) + 0.420966484964264
71,0.9163746217791067,B0*i*s ; B1 - r**2,0.000881246153451679*i*s ; -r**2 - 0.0447914464801792
72,0.9162348792498698,i*sqrt(Abs(s)) ; B0*i,i*sqrt(Abs(s)) ; 0.784036506506321*i
73,0.9154173221740838,B0 + B1*sqrt(Abs(i)) ; B2 - r,0.0961435575378591 - 0.122143246967577*sqrt(Abs(i)) ; 0.500145395231109 - r
74,0.9153665951116231,B0 + B1*i ; B2*i,0.0438941753413175 - 0.000417793973442399*i ; -0.250136492519045*i
75,0.9148776955384714,B0*s ; B1 + r,0.0474987018587704*s ; r + 0.130035319629662
76,0.914877695531526,B0*s ; B1 + i,2.71902940494862*s ; i + 64.8985531166913
77,0.9148776953426406,B0*s ; B1 - r,0.0475012942262259*s ; 0.229268605140568 - r
78,0.9148776949601812,B0*s ; B1 + Abs(r)**(3/4),0.0475035830150433*s ; Abs(r)**(3/4) + 1.11620487420994
79,0.9148776941379995,B0*s ; B1 - i,0.0475066548809975*s ; 0.0029763160551679 - i
80,0.9148776936357255,B0*s ; B1*i,0.0475080816973372*s ; 7.05353916727189*i
81,0.9148776933770825,B0*s ; B1*r,0.0475087428770621*s ; 0.176490103880631*r
82,0.9148775841840061,B0*s ; Abs(i)**(3/2),0.0474209606695008*s ; Abs(i)**(3/2)
83,0.914877581105591,B0*s ; r**2,0.0475761159116935*s ; r**2
84,0.9148775720532518,B0*s ; Abs(r)**(1/4),0.0475791482009131*s ; Abs(r)**(1/4)
85,0.9148775705004328,B0*s ; sqrt(Abs(i)),0.0475796570528809*s ; sqrt(Abs(i))
86,0.9148775697679776,B0*s ; sqrt(Abs(r)),0.0475798959791919*s ; sqrt(Abs(r))
87,0.914877568458291,B0*s ; Abs(i)**(1/4),0.0475803214714422*s ; Abs(i)**(1/4)
88,0.9148775640386897,B0*s ; i + r,2.71897466727929*s ; i + r
89,0.9148775591189151,B0*s ; i*r,0.0475832942162931*s ; i*r
90,0.9148775501517232,B0*s ; i + Abs(r)**(3/4),0.0475860542162942*s ; i + Abs(r)**(3/4)
91,0.9148775498715145,B0*s ; sqrt(2)*sqrt(Abs(i)),0.0475861390705218*s ; sqrt(2)*sqrt(Abs(i))
92,0.9148775491664519,B0*s ; r,0.0474096814728653*s ; r
93,0.9148775464425534,B0*s ; -i + r,0.0475871709150802*s ; -i + r
94,0.9148775311768705,B0*s ; 2*i,0.0475916269360432*s ; 2*i
95,0.9148775069053382,B0*s ; 2**(1/4)*Abs(i)**(1/4),0.0475983055011158*s ; 2**(1/4)*Abs(i)**(1/4)
96,0.9148775068875492,B0*s ; i,0.0475983102330713*s ; i
97,0.9148775060718078,B0*s ; 2*r,0.0475985269862626*s ; 2*r
98,0.9147210599099159,B0*i ; 2*i,1.96620958625822*i ; 2*i
99,0.9143157382505293,B0*i*s ; B1 + i - sqrt(Abs(i)),0.137656010336403*i*s ; i - sqrt(Abs(i)) + 0.146821040540624
100,0.9139103109528581,B0 + B1*i ; B2*r - i,0.0447149173676379 - 0.000425037835987725*i ; -i - 0.844774937559835*r
101,0.913852463520882,Abs(i)**(3/2) ; B0 + B1*r,Abs(i)**(3/2) ; 0.0712332228928328 - 0.0587422187411254*r
102,0.9133147467622357,B0*s*sqrt(Abs(i)) ; B1 + r,0.00960143822784394*s*sqrt(Abs(i)) ; r + 0.0181616867356491
103,0.913306878991635,i*s**2 ; B0*r + i,i*s**2 ; i - 0.283738773148412*r
104,0.9132637843176439,B0*sqrt(Abs(i))*Abs(s)**(3/4) ; B1 - i,0.00785758346241333*sqrt(Abs(i))*Abs(s)**(3/4) ; -i - 0.000880492055838925
105,0.9131286292066026,B0 + B1*i ; B2 + i + sqrt(Abs(r)),0.040534757504195*i + 0.0243902884474021 ; i + sqrt(Abs(r)) - 0.691116207882369
106,0.912567574893643,Abs(i)**(11/8) ; B0 + B1*r,Abs(i)**(11/8) ; 0.0680265804414664 - 0.0560038134485762*r
107,0.9113918591908662,B0*Abs(s)**(5/8) ; i*sqrt(Abs(r)),0.0430770190628896*Abs(s)**(5/8) ; i*sqrt(Abs(r))
108,0.9113761959737159,i*sqrt(Abs(s)) ; B0 + i,i*sqrt(Abs(s)) ; i - 0.00847359454803698
109,0.9113332189875408,B0 + B1*i*s ; B2*Abs(i)**(3/2),0.260033163026221*i*s + 0.00457425038901669 ; 0.0381981402360682*Abs(i)**(3/2)
110,0.911304357138082,B0 + B1*i*s ; B2*i,0.269696359221799*i*s + 0.00467494093928984 ; 0.0272111050343957*i
111,0.9112871877988457,B0*s*sqrt(Abs(i)) ; r,0.118805280170051*s*sqrt(Abs(i)) ; r
112,0.9112871848176302,B0*s*sqrt(Abs(i)) ; i*sqrt(Abs(r)),0.118697356431706*s*sqrt(Abs(i)) ; i*sqrt(Abs(r))
113,0.9112871814203504,B0*s*sqrt(Abs(i)) ; i*r + r,0.11881240095257*s*sqrt(Abs(i)) ; i*r + r
114,0.9112871796187255,B0*s*sqrt(Abs(i)) ; -sqrt(Abs(r)),0.118814262477628*s*sqrt(Abs(i)) ; -sqrt(Abs(r))
115,0.9112871744775738,B0*s*sqrt(Abs(i)) ; 2*r,0.118819287692745*s*sqrt(Abs(i)) ; 2*r
116,0.9111902071122993,B0*i*s ; B1 + B2*Abs(r)**(3/2),0.235094797675969*i*s ; 3.96190980105954*Abs(r)**(3/2) - 0.0263906073952808
117,0.9111840949769441,B0 + B1*i*s ; B2 - r,0.234571405983653*i*s + 0.000708976622369859 ; -r - 0.0313107647681856
118,0.9111831314850933,B0*i*s ; B1 + B2*i - r,0.234744587234068*i*s ; -0.00342227422837427*i - r - 0.0346794069848704
119,0.9111587415862963,B0*i*Abs(s)**(3/2) ; B1 + B2*r,-0.00571501795760061*i*Abs(s)**(3/2) ; 0.135725910749174*r + 0.870065884154787
120,0.9111452519566396,B0 + B1*i*s ; B2 - sqrt(Abs(r)),0.00165376071106261*i*s + 0.0106752827665823 ; -sqrt(Abs(r)) - 0.687575396179545
121,0.9111230713250175,B0*s*Abs(i)**(3/2) ; B1 + B2*r,0.216779976311647*s*Abs(i)**(3/2) ; -0.874426306386892*r - 0.170130760927318
122,0.9111116538791373,B0 + B1*i ; sqrt(Abs(B2 - r)),0.000469479634315899*i + 0.0498484552642224 ; sqrt(Abs(r - 11.018062079163))
123,0.9111033946107124,B0 + B1*i*s ; 2*r,0.229471747182913*i*s + 0.0068051005099089 ; 2*r
124,0.9111033946094478,B0 + B1*i*s ; i*r**2,0.229471486968116*i*s + 0.00680512411774338 ; i*r**2
125,0.9111033946047508,B0 + B1*i*s ; r,0.229470522164666*i*s + 0.00680522525077679 ; r
126,0.9111033945550694,B0 + B1*i*s ; B2*r,0.229489208798514*i*s + 0.00680326657720589 ; 0.00232724533975865*r
127,0.9110447548789932,B0*i*s**2 ; B1 + B2*r,-0.756986437561249*i*s**2 ; 0.149233062011387*r + 0.0215739919139279
128,0.9109732855026252,B0 + B1*i ; sqrt(Abs(B2 + r)),0.000470019948436643*i + 0.049937364997963 ; sqrt(Abs(r - 11.1708525406284))
129,0.9109613384020094,B0*i*s ; B1 + B2*r - i,0.00181717735693562*i*s ; -i - 0.941881226211159*r - 3.29654690371881
130,0.9109512344282011,B0*i**2*s ; B1 + B2*r,0.159382641222029*i**2*s ; -0.876347803384232*r - 0.334843153530312
131,0.9108732001794373,B0*i*s ; r + sqrt(Abs(i)),-0.000673457740655566*i*s ; r + sqrt(Abs(i))
132,0.9108535236733943,B0*s*sqrt(Abs(i)) ; sqrt(Abs(i + sqrt(Abs(B1 + i)))),0.0363904141065781*s*sqrt(Abs(i)) ; sqrt(Abs(i + sqrt(Abs(i + 0.129166860827122))))
133,0.9108298853202422,B0*i*s ; B1*r + i**2,0.333829878265149*i*s ; i**2 - 0.99010151264966*r
134,0.9107838489105808,B0*i*s ; B1*Abs(i)**(5/2),0.306727568842437*i*s ; 0.240845726195524*Abs(i)**(5/2)
135,0.9107363238793503,B0*i*Abs(s)**(3/2) ; B1*i,0.29374981814695*i*Abs(s)**(3/2) ; -0.0395343949980152*i
136,0.9107153483982858,B0*i*s ; B1*i**3,0.303016624056382*i*s ; 0.356358072933167*i**3
137,0.9106580940117178,B0*i*s**2 ; B1 + i + r,-0.104143372907295*i*s**2 ; i + r + 0.0385740992919331
138,0.910598147845516,B0*s + i*s ; B1*r + i,i*s - 0.00393457907184428*s ; i - 0.207509531967747*r
139,0.9105879978046075,B0*i ; B1 + B2*sqrt(Abs(r)),-0.110996182280325*i ; 0.245803611143867 - 0.225347959912985*sqrt(Abs(r))
140,0.9104808141820278,B0 + B1*i*s ; B2 + i*r,0.258469935717276*i*s + 0.00335371585095697 ; i*r + 3.77889864137651e-6
141,0.9104599359054015,B0*i*s ; sqrt(Abs(-B1 + r + sqrt(Abs(i)))),-0.00141764486450327*i*s ; sqrt(Abs(r + sqrt(Abs(i)) + 8.90700701528249))
142,0.910443114784075,B0*i**2*s ; B1 - i*r,0.252648226078193*i**2*s ; -i*r - 0.120736665741128
143,0.9103292266215179,B0*i*s**2 ; B1 - i - r,0.0773352906093688*i*s**2 ; -i - r - 0.0204231592199104
144,0.9103246434191898,B0*i*s**2 ; B1*i + B2*r,0.253884722120124*i*s**2 ; -0.10147684865304*i + 0.0600005998790957*r
145,0.9103218644178812,B0*i*s ; B1 - i + r,0.000678322505485514*i*s ; -i + r + 0.00540497517395865
146,0.9103216409643341,B0*i*s ; B1 - 2*i,0.000678487524545723*i*s ; 0.02542951273357 - 2*i
147,0.910107266482663,B0*i ; i*sqrt(Abs(B1 + r)),1.1466970320073*i ; i*sqrt(Abs(r + 0.941028124065817))
148,0.9101072623903719,B0*i ; i*sqrt(Abs(B1 - r)),1.14695331402535*i ; i*sqrt(Abs(r + 0.941588021896842))
149,0.9100507122380534,B0*i*Abs(s)**(3/2) ; B1 + i - r,0.644142263458076*i*Abs(s)**(3/2) ; i - r + 0.0116268831731967
150,0.9100313948330068,s*sqrt(Abs(B0 + sqrt(Abs(s)))) ; sqrt(Abs(B1*i + B2)),s*sqrt(sqrt(Abs(s)) + 6.2617633817647) ; sqrt(Abs(5.87359471391712*i + 0.00557420058555801))
151,0.9100260497024473,B0*s*Abs(i)**(3/4) ; B1 + Abs(r)**(5/2),0.190990012066544*s*Abs(i)**(3/4) ; Abs(r)**(5/2) + 0.00111938453188487
152,0.910023042374539,B0*i*s ; -sqrt(Abs(i*r + i)),0.000922492695282315*i*s ; -sqrt(Abs(i*r + i))
153,0.9097768792578449,B0*i**2*s ; B1 + sqrt(Abs(B2 + i)),2.89179067923754e-5*i**2*s ; sqrt(Abs(i - 0.0201848641066918)) - 10.9372300081802
154,0.9097670350112617,B0*i**2 ; B1 + B2*i + r,0.00232134319702429*i**2 ; 1.13124856306607*i + r - 1.02226872856983
155,0.9097475442678081,B0*i**2*s ; B1 + B2*sqrt(Abs(r)),3.21040009529944e-5*i**2*s ; 10.1732745218425 - 0.922181149551049*sqrt(Abs(r))
156,0.9097412883365152,B0*i**2*s ; B1 - sqrt(Abs(r)),2.79323568961499e-5*i**2*s ; 11.1631411044573 - sqrt(Abs(r))
157,0.9097252624111075,B0*i*s**2 ; B1 + B2*i*r,0.674715185139082*i*s**2 ; -0.230009586657368*i*r + 0.0120647238245888
158,0.9097213824201849,i*s**2 ; B0 - i**2*r,i*s**2 ; -i**2*r + 0.0183243276177644
159,0.9095422640401065,B0*i**2 ; B1 + B2*r - i,0.00193969086457775*i**2 ; -i - 1.10185351680275*r + 1.07725071289981
160,0.9095370000818007,B0*i*s**2 ; B1 - r**3,0.747768453651867*i*s**2 ; 0.0135064633859002 - r**3
161,0.909531003568309,B0*i**2 ; B1 + B2*i - r,0.00235671962373375*i**2 ; -0.899601189969569*i - r + 0.975407700385007
162,0.9094052568791214,B0 + B1*i*s ; i + Abs(r)**(3/4),-0.0724186653531819*i*s + 0.00149346933769186 ; i + Abs(r)**(3/4)
163,0.9093411138979578,B0*i*s ; B1 + i,-1.36083478314606*i*s ; i + 0.085259081676349
164,0.9090015416656718,i*sqrt(Abs(s)) ; B0*sqrt(Abs(r)) + i,i*sqrt(Abs(s)) ; i - 0.0225750751235408*sqrt(Abs(r))
165,0.9089073560492651,s*sqrt(Abs(B0 + sqrt(2)*sqrt(Abs(s)))) ; i*sqrt(Abs(r)),s*sqrt(sqrt(2)*sqrt(Abs(s)) + 5.79152767248007) ; i*sqrt(Abs(r))
166,0.90890153433807,B0 + B1*i ; B2 + B3*i*r,0.512581200595674*i + 0.0137108919703403 ; 0.880737711057898*i*r + 0.0226132993545713
167,0.9088989995904798,B0*i*s**2 ; sqrt(Abs(i)),-0.00463272130424087*i*s**2 ; sqrt(Abs(i))
168,0.9087654106844415,B0*i*s ; B1*r**3,0.298498803521838*i*s ; 63.9247839059233*r**3
169,0.9087654106232969,B0*i*s ; B1*r - i*r,0.298494475870184*i*s ; -i*r + 0.000455135658357765*r
170,0.90876541050996,B0*i*s ; B1*sqrt(Abs(i))*sqrt(Abs(r)),0.298491662450019*i*s ; 5.00948194150402*sqrt(Abs(i))*sqrt(Abs(r))
171,0.9087654103521992,B0*i*s ; B1*i*r**2,0.298489041381148*i*s ; 0.386776270378266*i*r**2
172,0.9087654093292258,B0*i*s ; B1*i**2*r,0.298517805877814*i*s ; 2.85059393622965*i**2*r
173,0.9087654083202378,B0*i*s ; B1*r + r**2,0.298473161312696*i*s ; r**2 + 13.1056416711712*r
174,0.9087654082917659,B0*i*s ; i**2*r + r,0.298524129147168*i*s ; i**2*r + r
175,0.9086997301677425,B0 + B1*i ; B2 - i,0.000244529475359351*i + 0.0320284976753937 ; 0.052033402068521 - i
176,0.9086315061587056,B0 + B1*i ; sqrt(Abs(B2 + i)),0.000469654328957386*i + 0.0515859139526113 ; sqrt(Abs(i + 0.346825795409571))
177,0.9085642193038304,B0*s*Abs(i)**(1/4) ; B1 + B2*sqrt(Abs(i)),0.0494454431041186*s*Abs(i)**(1/4) ; 0.177286372875272 - 1.12510834945784*sqrt(Abs(i))
178,0.9084702861432938,B0*i*sqrt(Abs(s)) ; B1 + B2*r,-0.107397805691658*i*sqrt(Abs(s)) ; 0.152126645296975 - 0.123683366966823*r
179,0.9083399029579106,i**2*s ; B0 + i,i**2*s ; i + 0.287286216942124
180,0.9080864849955338,B0*s*Abs(i)**(1/4) ; B1 + sqrt(Abs(B2 + i)),0.051458883942168*s*Abs(i)**(1/4) ; sqrt(Abs(i + 0.00443273106529013)) - 0.107502825645111
181,0.9079050936277993,B0*i*s ; B1 + r,0.00104293208760534*i*s ; r - 0.0018924902955865
182,0.9079044499849468,B0 + sqrt(Abs(i + sqrt(2)*sqrt(Abs(s)))) ; B1*i*r,sqrt(Abs(i + sqrt(2)*sqrt(Abs(s)))) - 1.17322662417012 ; 0.918423480052612*i*r
183,0.9078948075682557,B0 + B1*i ; B2*i + r,0.00381368957803887*i + 0.0445150980796427 ; 1.08555097046657*i + r
184,0.9077685200951815,B0*i*Abs(s)**(1/4) ; B1 + B2*sqrt(Abs(i)),1.10219764827092*i*Abs(s)**(1/4) ; 0.306531911221433*sqrt(Abs(i)) - 0.0237027158861034
185,0.9077454061262948,B0 - i ; B1 + B2*r,-i - 0.0263302972431004 ; 0.0617549140705984 - 0.0498067929590641*r
186,0.9077453611524133,B0 + B1*i ; B2 - r,-0.0497846787779106*i - 0.0453186406128566 ; 2.1240903366639 - r
187,0.9076970871249364,B0*s + i*s ; B1 + B2*sqrt(Abs(r)),i*s + 2.14903912041162*s ; 0.0405277693695211*sqrt(Abs(r)) + 0.0147860799422179
188,0.9075768588009914,B0 + B1*i ; Abs(i)**(1/4),0.000443200039270282*i + 0.0438089759282418 ; Abs(i)**(1/4)
189,0.9075724246220981,B0*sqrt(Abs(i)) ; B1*sqrt(Abs(i)),0.270556711639859*sqrt(Abs(i)) ; 0.275110733266787*sqrt(Abs(i))
190,0.9075099195311717,B0*i**2*s ; sqrt(Abs(B1 + i)),1.26034045226293e-5*i**2*s ; sqrt(Abs(i - 32.5659550508317))
191,0.9075052709065554,B0*i**2*s ; sqrt(Abs(B1 + r)),1.26042051605465e-5*i**2*s ; sqrt(Abs(r + 32.4969426813892))
192,0.9074272672245748,B0*s*sqrt(Abs(i)) ; B1 - i**2 + r,0.094856776406765*s*sqrt(Abs(i)) ; -i**2 + r + 0.00160830041886996
193,0.9074121789134261,B0*i + B1*s ; B2 + i*r,0.1169535382481*i + 0.0161065481263378*s ; i*r + 0.000565393165324042
194,0.9073754401130996,B0*i ; B1 - r + sqrt(Abs(r)),-0.0736983749816487*i ; -r + sqrt(Abs(r)) + 1.00867826358945e-10
195,0.9073023167645755,B0*s*sqrt(Abs(i)) ; B1 - 2*i,0.00807488415956885*s*sqrt(Abs(i)) ; 0.040839333811984 - 2*i
196,0.9071746377536275,B0*sqrt(Abs(i)) ; B1*i + i*r,0.089554166558201*sqrt(Abs(i)) ; i*r + 0.00520603174265258*i
197,0.907145532607908,i*sqrt(Abs(s)) ; B0 + B1*i,i*sqrt(Abs(s)) ; 0.776247934628417*i + 0.000300234170887794
198,0.9069805469253992,B0 + B1*i ; B2 + i + r,0.000470402945199975*i + 0.04739800183229 ; i + r + 1.77839464188312
199,0.9068949277809093,B0 + B1*i ; B2 - i - r,0.0474683082216824 - 0.000471063382934183*i ; -i - r - 1.71390478426188
200,0.9064740094618455,B0*i*s ; B1 - i - sqrt(Abs(i)),0.000795051383732678*i*s ; -i - sqrt(Abs(i)) + 0.161362019915293
201,0.9063875519972798,B0 + B1*i ; B2 - Abs(r)**(3/2),-0.0509999766321774*i - 0.0968830337441052 ; 5.44734249029558 - Abs(r)**(3/2)
202,0.9063337993753223,B0 + B1*i ; B2*i + i*r,0.244764114545571*i + 0.0028416343343675 ; i*r + 0.0462746784054606*i
203,0.9061888150020131,B0*sqrt(Abs(s)) ; r + sqrt(Abs(r)),0.0341022604762831*sqrt(Abs(s)) ; r + sqrt(Abs(r))
204,0.9061820746246099,B0*sqrt(Abs(s)) ; B1 + r,0.03351763677597*sqrt(Abs(s)) ; r + 0.00302667821836051
205,0.9061727487039924,B0*sqrt(Abs(s)) ; 2*i,0.0335176364898377*sqrt(Abs(s)) ; 2*i
206,0.9061676808931001,B0*sqrt(Abs(s)) ; i*sqrt(Abs(r)),0.0335176361801033*sqrt(Abs(s)) ; i*sqrt(Abs(r))
207,0.9061664819873068,B0*sqrt(Abs(s)) ; B1 - r,0.0341022593963345*sqrt(Abs(s)) ; 0.00110920680729127 - r
208,0.9061609582756824,B0*sqrt(Abs(s)) ; sqrt(Abs(B1 - r)),0.0341022586802295*sqrt(Abs(s)) ; sqrt(Abs(r - 0.539736813594454))
209,0.9061521392354837,B0*sqrt(Abs(s)) ; sqrt(Abs(B1 + i)),0.0335176335613636*sqrt(Abs(s)) ; sqrt(Abs(i + 0.020798836325271))
210,0.9061479259925039,B0*sqrt(Abs(s)) ; sqrt(Abs(i)),0.0341022552539856*sqrt(Abs(s)) ; sqrt(Abs(i))
211,0.9061468438336577,B0*sqrt(Abs(s)) ; i*r,0.033517631528223*sqrt(Abs(s)) ; i*r
212,0.9061359310347842,B0*i*s ; B1 - 3*r,-0.0094124077775183*i*s ; 3.11109280709684 - 3*r
213,0.9061358708749384,B0*sqrt(Abs(s)) ; 2*r,0.0339697205311364*sqrt(Abs(s)) ; 2*r
214,0.90613572384888,B0*sqrt(Abs(s)) ; B1*r,0.0339697202372858*sqrt(Abs(s)) ; 0.018727265561543*r
215,0.9061356899368118,B0*sqrt(Abs(s)) ; B1*sqrt(Abs(i)),0.033969720159779*sqrt(Abs(s)) ; 1.92822858532562*sqrt(Abs(i))
216,0.9061208582821835,B0*sqrt(Abs(s)) ; sqrt(2)*sqrt(Abs(i)),0.0339045964021104*sqrt(Abs(s)) ; sqrt(2)*sqrt(Abs(i))
217,0.9061208368818741,B0*sqrt(Abs(s)) ; B1*sqrt(Abs(r)),0.0339045967228184*sqrt(Abs(s)) ; 0.818792816561054*sqrt(Abs(r))
218,0.9061207922959942,B0*sqrt(Abs(s)) ; Abs(i)**(3/2),0.0339045962491566*sqrt(Abs(s)) ; Abs(i)**(3/2)
219,0.9061207355691493,B0*sqrt(Abs(s)) ; Abs(i)**(5/4),0.0339045970115838*sqrt(Abs(s)) ; Abs(i)**(5/4)
220,0.9061205225684125,B0*sqrt(Abs(s)) ; B1 - i,0.0339045950404488*sqrt(Abs(s)) ; 1.2829109221643 - i
221,0.9061203528463456,B0*sqrt(Abs(s)) ; Abs(r)**(1/4),0.0339045938013045*sqrt(Abs(s)) ; Abs(r)**(1/4)
222,0.9061202743799612,B0*sqrt(Abs(s)) ; r*sqrt(Abs(i)),0.0339045931039937*sqrt(Abs(s)) ; r*sqrt(Abs(i))
223,0.9061198323823264,B0*sqrt(Abs(s)) ; r,0.0339046056780156*sqrt(Abs(s)) ; r
224,0.9061168829803725,B0*sqrt(Abs(s)) ; sqrt(Abs(r)),0.0339630751352678*sqrt(Abs(s)) ; sqrt(Abs(r))
225,0.9061166776854411,B0*sqrt(Abs(s)) ; sqrt(Abs(B1 + r)),0.0339630705391188*sqrt(Abs(s)) ; sqrt(Abs(r + 0.000737251945068543))
226,0.9061160651976569,B0*sqrt(Abs(s)) ; i,0.0333895942093532*sqrt(Abs(s)) ; i
227,0.9061152111498676,B0*sqrt(Abs(s)) ; B1*i,0.0333895920532664*sqrt(Abs(s)) ; 0.677543908625173*i
228,0.9061148701304476,B0*sqrt(Abs(s)) ; B1 + i,0.0333895903457184*sqrt(Abs(s)) ; i + 0.000179053587207294
229,0.9061147180307763,B0*sqrt(Abs(s)) ; sqrt(Abs(i + r)),0.0333895894155118*sqrt(Abs(s)) ; sqrt(Abs(i + r))
230,0.9060234914112302,B0*i*s**2 ; r + sqrt(Abs(r)),0.350668683097456*i*s**2 ; r + sqrt(Abs(r))
231,0.9060234913843619,B0*i*s**2 ; -Abs(r)**(1/8),0.350813847497597*i*s**2 ; -Abs(r)**(1/8)
232,0.9060234906702062,B0*i*s**2 ; r,0.350817688141215*i*s**2 ; r
233,0.9060141874531935,B0*i ; B1 + B2*i + r,0.0131261199696571*i ; 1.17261855773874*i + r - 1.02346908593881
234,0.9057289185926414,B0*s ; B1*sqrt(Abs(r)),0.0474979777313912*s ; 0.811317895064069*sqrt(Abs(r))
235,0.9057289185872359,B0*s ; B1 + sqrt(Abs(i)),0.0474985240937605*s ; sqrt(Abs(i)) + 0.325354893397716
236,0.9057289185807968,B0*s ; sqrt(Abs(B1 + i)),0.0474971859216229*s ; sqrt(Abs(i + 4.16651214569152))
237,0.9057289184333388,B0*s ; sqrt(Abs(B1 - r)),0.0475009133665594*s ; sqrt(Abs(r - 0.000741565714108503))
238,0.9057289184167778,B0*s ; B1*sqrt(Abs(i)),0.0475010618419938*s ; 0.00824088301379544*sqrt(Abs(i))
239,0.905728918399017,B0*s ; sqrt(Abs(B1 + r)),0.0474947556978808*s ; sqrt(Abs(r + 0.136041958733962))
240,0.9057288023972137,B0*s ; i*sqrt(Abs(r)),0.0474189119539604*s ; i*sqrt(Abs(r))
241,0.9057287685662768,B0*s ; r + sqrt(Abs(i)),0.0475878968343062*s ; r + sqrt(Abs(i))
242,0.9057287618231962,B0*s ; i - sqrt(Abs(r)),0.0475898959840193*s ; i - sqrt(Abs(r))
243,0.9057287583236955,B0*s ; sqrt(Abs(i - r)),0.0475909165653928*s ; sqrt(Abs(i - r))
244,0.9057287487535876,B0*s ; Abs(i)**(3/4)*sqrt(Abs(r)),0.0475936520361591*s ; Abs(i)**(3/4)*sqrt(Abs(r))
245,0.9055771638262254,B0*i*s**2 ; i + r,-0.210688772421116*i*s**2 ; i + r
246,0.9055428672139221,B0 + B1*i ; B2 + B3*sqrt(Abs(i)),0.0558501605235373 - 0.664926088213488*i ; 0.0831934937653841 - 0.287467556929583*sqrt(Abs(i))
247,0.9052038169731238,B1*sqrt(Abs(B0 - i)) ; B2 + B3*r,0.114573945854858*sqrt(Abs(i - 0.00631095340659135)) ; 0.0649101536501063 - 0.0479585816250165*r
248,0.9051124334044037,B0 + B1*sqrt(Abs(i)) ; B2 + sqrt(Abs(B3 - r)),0.0451300427293377 - 0.00445959616196267*sqrt(Abs(i)) ; sqrt(Abs(r - 1.80131570915548)) - 0.127601911219253
249,0.9050780203078236,B0*s + 2*i ; B1 + B2*r + i,2*i + 3.27112350447999*s ; i - 3.09832388044935*r + 2.38558726192356
250,0.904939170730686,B0 + B1*i ; B2 + r,0.000211503807580211*i + 0.0284486849193597 ; r + 1.42988869804961e-8
251,0.9048976118437747,B0*s*sqrt(Abs(i)) ; i**3,0.118929563777785*s*sqrt(Abs(i)) ; i**3
252,0.9047238000158775,B0*s + i*s ; B1 + B2*r,i*s + 2.14964376743611*s ; 0.0226373331452965*r + 0.0266508748925139
253,0.9044684661138527,B0*i ; B1*i + i*r,0.309699105456984*i ; i*r + 0.0764622603781067*i
254,0.9042623167475667,B0*i + B1*s ; B2 + B3*r,-0.143927791627975*i - 0.0151511681278667*s ; 0.144010801553959 - 0.128281080318822*r
255,0.9041961634300519,B0 + i**2 ; B1 + B2*sqrt(Abs(r)),i**2 - 0.00394091665281347 ; 0.12411871688206 - 0.109930812847495*sqrt(Abs(r))
256,0.903642246292144,B0*i*s ; B1 - i - sqrt(Abs(r)),0.000697925425446464*i*s ; -i - sqrt(Abs(r)) + 0.0199999999398069
257,0.9036022233810922,i*s ; B0*i,i*s ; 0.704734487323734*i
258,0.9034274509448609,B0 + B1*i ; B2 + B3*sqrt(Abs(r)),0.000414513785441877*i + 0.0421569589398718 ; 0.740997278711376*sqrt(Abs(r)) - 0.10428240732487
259,0.9033967155611862,B0*i*s ; B1 + i - 2*r,0.0105984569942111*i*s ; i - 2*r - 1.33107784160523
260,0.9032960278241049,B0 + B1*i ; B2 + r**2,0.000318147847146647*i + 0.0333926802173038 ; r**2 + 0.0030275028485033
261,0.9032595534523076,B0 + B1*sqrt(Abs(i - s)) ; B2 + 2*i,0.108789002061356 - 0.136871140267529*sqrt(Abs(i - s)) ; 2*i - 1.05274383108688
262,0.9032495035225068,B0 - i**2 ; B1 - r**2,0.0553909372583046 - i**2 ; 0.157588634982916 - r**2
263,0.9031526387109785,B0*i ; B1 + i,1.01806005780331*i ; i + 0.000517601490612531
264,0.9030884272930586,B0*i*s ; B1 + i**2 - i,0.094806927372019*i*s ; i**2 - i + 0.0210172342141915
265,0.9030704617916134,i*sqrt(Abs(B0 - s)) ; i,i*sqrt(Abs(s + 0.426735961447987)) ; i
266,0.9030430083465836,B0 + B1*sqrt(Abs(i - s)) ; B2 - r + sqrt(Abs(i)),0.109377678881284 - 0.109430065348142*sqrt(Abs(i - s)) ; -r + sqrt(Abs(i)) - 0.763748290763107
267,0.9030391841877462,B0*sqrt(Abs(i)) ; i*sqrt(Abs(B1 + r)),0.109768259141471*sqrt(Abs(i)) ; i*sqrt(Abs(r - 0.145169422919495))
268,0.902916291412392,B0 + B1*sqrt(Abs(i - s)) ; B2 + B3*r,0.10979117672786 - 0.0985528390061872*sqrt(Abs(i - s)) ; -1.08974395431448*r - 0.0638340458599508
269,0.9028068029457353,B0 + B2*sqrt(Abs(B1 + i)) ; r**2*sqrt(Abs(i)),0.109261495454615 - 0.13797186034064*sqrt(Abs(i - 0.472549099067881)) ; r**2*sqrt(Abs(i))
270,0.9028068004943788,B0 + B2*sqrt(Abs(B1 - s)) ; i - r,0.10925826027508 - 0.137965128341604*sqrt(Abs(s - 0.527453566915794)) ; i - r
271,0.9028067994752592,B0 + B2*sqrt(Abs(B1 + i)) ; B3*i*r,0.109244812180602 - 0.137968647245139*sqrt(Abs(i - 0.472491119587885)) ; 0.0842575684358337*i*r
272,0.9028067950285471,B0 + B2*sqrt(Abs(B1 + s)) ; -r + sqrt(Abs(i)),0.109252225733446 - 0.137956824567584*sqrt(Abs(s - 0.527399037569385)) ; -r + sqrt(Abs(i))
273,0.902806790631414,B0 + B2*sqrt(Abs(B1 + s)) ; -i + 2*sqrt(Abs(i)),0.109255429355821 - 0.137963546343535*sqrt(Abs(s - 0.527396430603121)) ; -i + 2*sqrt(Abs(i))
274,0.9028067808867988,B0 + B2*sqrt(Abs(B1 + s)) ; r*Abs(i)**(5/4),0.109259423080227 - 0.137965725571931*sqrt(Abs(s - 0.52747696095225)) ; r*Abs(i)**(5/4)
275,0.9028067775383282,B0 + B2*sqrt(Abs(B1 + s)) ; r,0.109257050061551 - 0.137960829929557*sqrt(Abs(s - 0.527477731589077)) ; r
276,0.9027576046928958,B0*i ; B1 + i*r,0.284090672118295*i ; i*r + 0.00368601938969561
277,0.9026371404094754,B0*s*Abs(i)**(3/2) ; B1 + i*r - i,4.22353624257415*s*Abs(i)**(3/2) ; i*r - i + 0.0315084963930781
278,0.9025377762664418,B0*i ; B1 - 2*r,-0.0442740698254405*i ; 2.48572382735819 - 2*r
279,0.9025338037254824,B0 + B1*sqrt(Abs(i - s)) ; sqrt(Abs(r)),0.112675446364281 - 0.0971045326314695*sqrt(Abs(i - s)) ; sqrt(Abs(r))
280,0.9025332532185382,B0 - i*s ; B1*i + i*r,-i*s - 0.0114559334406738 ; i*r - 1.07297924075877*i
281,0.902514596525376,B0*i**2 ; B1 - r,0.0210475032596674*i**2 ; 1.72570774806495 - r
282,0.9024064416187318,B0*i ; B1 - r**2 + r,-0.0971830201451717*i ; -r**2 + r + 0.000951935381544321
283,0.9022733631019256,s*sqrt(Abs(B0 + B1*i)) ; B2 + B3*sqrt(Abs(i)) - i,s*sqrt(Abs(0.000206892976803034*i - 0.000301252465577844)) ; -i - 1.73054643713982*sqrt(Abs(i)) + 1.11286771868016
284,0.9022364790120223,B0*s*sqrt(Abs(i)) ; B1*i - i*r,0.11263598416097*s*sqrt(Abs(i)) ; -i*r - 0.0560985933293666*i
285,0.9022158832123829,B0*sqrt(Abs(i))*Abs(s)**(3/2) ; B1*r + i,0.0594596597633504*sqrt(Abs(i))*Abs(s)**(3/2) ; i + 1.27605614526306*r
286,0.9021846928410077,B0*i ; i*sqrt(Abs(B1 + sqrt(Abs(r)))),0.427475481963212*i ; i*sqrt(Abs(sqrt(Abs(r)) - 0.253516511823426))
287,0.9021719394509776,B0*Abs(i)**(3/8) ; B1 + B2*r,0.0811895541801234*Abs(i)**(3/8) ; 0.0462362997103218 - 0.0307055875693819*r
288,0.9020887684634913,-i*s**2 ; B0 + B1*i + B1*r,-i*s**2 ; 0.21006584716294*i + 0.21006584716294*r + 0.0187727253806302
289,0.9020838253983214,B0*i*s ; B1 + B2*sqrt(Abs(i)) - r,0.265755892752198*i*s ; -r + 0.12428686884834*sqrt(Abs(i)) - 0.0555767466742091
290,0.902063747426014,B0*i*s ; i*sqrt(Abs(B1*r + B2)),0.405686901520918*i*s ; i*sqrt(Abs(0.0228269231341232*r - 0.0151119220437474))
291,0.9020419571159415,B0 + B1*i ; B2*sqrt(Abs(i - r)),0.000432264128623935*i + 0.0442477155524645 ; 0.437313267552769*sqrt(Abs(i - r))
292,0.9019480301077502,B0*i + B1*s ; B2 + sqrt(Abs(B3 + i)),0.864590520010644*i + 0.00916662052842635*s ; sqrt(Abs(i + 0.237294948100659)) - 0.488101523670651
293,0.901935562215453,B0 + B2*sqrt(Abs(B1 + s)) ; -i + sqrt(Abs(i)),8.44798762302361*sqrt(Abs(s + 2.65609345107182)) - 13.7206956129324 ; -i + sqrt(Abs(i))
294,0.901935560979502,B0 + B2*sqrt(Abs(B1 + s)) ; B5*sqrt(Abs(B3*r + B4)),8.44879076706088*sqrt(Abs(s + 2.65662500279889)) - 13.7232249385091 ; 0.514518917285892*sqrt(Abs(0.260636264086637*r + 0.01196425773301))
295,0.9019355577412944,B0 + B2*sqrt(Abs(B1 + s)) ; B3*i + sqrt(Abs(i)),8.45092608761993*sqrt(Abs(s + 2.65806534229721)) - 13.729976747786 ; 34.5793708416184*i + sqrt(Abs(i))
296,0.901877448039161,B0*i*s ; B1 + B2*i + B2*r,0.232036290961306*i*s ; 0.0334633030238731*i + 0.0334633030238731*r - 0.00962520116516499
297,0.9018415338217257,B0*i*s ; B1 + B3*sqrt(Abs(B2 + r)),0.0638306464719879*i*s ; -0.159633309805655*sqrt(Abs(r + 0.451362745900198)) - 0.0358439457048194
298,0.9018196666808084,B0 + B1*i*s ; B2 + i + sqrt(Abs(B3 + r)),0.492787306861024*i*s + 0.00831782336004619 ; i + sqrt(Abs(r - 0.611345975158473)) - 0.77081942831702
299,0.9017876023665562,i*Abs(s)**(1/4) ; B0 + B1*i,i*Abs(s)**(1/4) ; 3.4290229928273*i - 0.0996232059461064
300,0.9017324982634284,i*sqrt(Abs(B0 + B1*i)) ; B2 + B3*i,i*sqrt(Abs(0.0081393935905491*i - 0.0117419846780584)) ; 0.0394170718956893*i - 0.0542358592255096
301,0.9017300438540125,B0 + B1*i*s ; sqrt(Abs(B2 + 2*i - r)),-0.00114390748837566*i*s + 0.012737703244297 ; sqrt(Abs(2*i - r + 0.927999921866521))
302,0.9016277219680223,B0*i*s ; B1 + 2*i,-0.431499518240264*i*s ; 2*i + 0.280216295383398
303,0.9016068439846255,B0 + B1*i ; B2 + B3*i,0.0618618817189822 - 0.749382060506435*i ; 0.059578399082992 - 0.72786168805092*i
304,0.9015677336662198,B0 + B1*i ; -r + sqrt(Abs(i)),0.0457573535381327 - 0.085694289091664*i ; -r + sqrt(Abs(i))
305,0.9014640020936372,B0*i*s ; B1 - i + sqrt(Abs(r)),0.000656525805739795*i*s ; -i + sqrt(Abs(r)) - 2.95723651794368
306,0.9014349945470752,B0 + B1*i*s ; B2 - i + r,0.000719601078936658*i*s + 0.0167810793965882 ; -i + r + 0.028061757002254
307,0.901380528615508,B0 + B1*sqrt(Abs(i - s)) ; B2 + sqrt(Abs(i)),0.109245724663118 - 0.131318140883517*sqrt(Abs(i - s)) ; sqrt(Abs(i)) - 0.710867394845028
308,0.9013545041812108,B0*i*s + B0*s ; B1 - sqrt(Abs(i - sqrt(Abs(r)))),0.00139139717647761*i*s + 0.00139139717647761*s ; -sqrt(Abs(i - sqrt(Abs(r)))) - 2.0713745649613
309,0.9013359167934396,B0*i*s ; B1 + sqrt(Abs(B2 + i + r)),-0.0219779829866562*i*s ; sqrt(Abs(i + r + 0.129595757554952)) - 0.0608979533336366
310,0.9011665110186773,B0 + i ; i,i - 0.000277135707478717 ; i
311,0.9011048739680186,B0*i + B1*s ; sqrt(Abs(B2*r + B3)),-0.0105553733251518*i + 2.72306741056717*s ; sqrt(Abs(2.36964763753424*r - 2.57371840338876))
312,0.9010842602233469,B0*i*s + B0*s ; B1 + sqrt(Abs(i)),-0.00135649423841101*i*s - 0.00135649423841101*s ; sqrt(Abs(i)) + 1.79136165699328
313,0.9009926083369955,B0*i + B1*s ; B2 + B3*i,0.556401421812546*i + 0.013549663071456*s ; 0.670888407090883*i - 0.00126687107970155
314,0.9009560993385933,B0*s*Abs(i)**(3/2) ; i + sqrt(Abs(B1 + i - r)),0.0644898389705416*s*Abs(i)**(3/2) ; i + sqrt(Abs(i - r + 0.720386310538455))
315,0.9009367780697962,B0 + B2*sqrt(Abs(B1 + s)) ; B3 - r + sqrt(Abs(i)),0.105626932718941 - 0.131998885363319*sqrt(Abs(s - 0.518537315610277)) ; -r + sqrt(Abs(i)) + 0.00208230456799667
316,0.9008745983636873,B0*Abs(i)**(5/4) ; B1*i + i*r,1.01110826599326*Abs(i)**(5/4) ; i*r + 0.260631208455915*i
317,0.9008275838694584,B0*s*Abs(i)**(3/2) ; B1 - i**2,3.35488449914584*s*Abs(i)**(3/2) ; 0.0551293095316735 - i**2
318,0.9008244007471092,B0*i*s**2 ; B1 - i - sqrt(Abs(i)),-0.242413972516774*i*s**2 ; -i - sqrt(Abs(i)) + 0.326947820740585
319,0.9007894045717241,B0*i + B1*s ; B2*i + B3*r,0.575795769570786*i + 0.0136154667407429*s ; 0.684050725262275*i - 0.000586142535044532*r
320,0.9007755071546388,s*sqrt(Abs(B0 + B1*i)) ; sqrt(Abs(B2 + r)),s*sqrt(Abs(0.000309586952115645*i + 0.000115430654703777)) ; sqrt(Abs(r - 0.000334139844621443))
321,0.9006150977676455,B1*s*sqrt(Abs(B0 + i)) ; B2 + r,0.0141747450027766*s*sqrt(Abs(i + 3.64801219641665)) ; r - 0.000905738828786636
322,0.9005971030197844,B0*i*s ; B1 - sqrt(Abs(i))*sqrt(Abs(r)),0.000916164294706601*i*s ; -sqrt(Abs(i))*sqrt(Abs(r)) - 0.0167596415642651
323,0.9005928983180591,B0*i*s ; B1 - 2*i - r,0.00091596220114722*i*s ; -2*i - r + 0.0164087905575278
324,0.9005607801299702,B0*i*s + B0*i ; B1 + B2*sqrt(Abs(i)),0.495396142394622*i*s + 0.495396142394622*i ; 0.267279924050713*sqrt(Abs(i)) - 0.021723725345473
325,0.9004426567467411,B0 + B1*s*sqrt(Abs(i)) ; sqrt(Abs(i)),0.0177157776878825*s*sqrt(Abs(i)) - 0.00269315238261229 ; sqrt(Abs(i))
326,0.9003905765495082,B0*i + B1*s ; B2 + i,0.880755027204975*i + 0.00903126977702409*s ; i - 0.000833321465427353
327,0.9002089161881555,B0*i + B1*s ; B2*r + i,0.886258584743081*i + 0.00935778310915925*s ; i - 0.000508171920735047*r
328,0.9001364205971304,B0*i + B1*s ; sqrt(Abs(i - r)),-0.0111177531127281*i + 2.72444714321889*s ; sqrt(Abs(i - r))
329,0.9000942276214031,B0*i + B1*s ; i,0.890636061265178*i + 0.00894597972723267*s ; i
330,0.90004203703606,B0*s*Abs(i)**(5/4) ; Abs(i + r)**(1/4),0.0117948220331412*s*Abs(i)**(5/4) ; Abs(i + r)**(1/4)
331,0.8999667705991206,B0*i*sqrt(Abs(s)) ; B1 + sqrt(Abs(B2 + i)),0.325006988192457*i*sqrt(Abs(s)) ; sqrt(Abs(i + 0.420127380062399)) - 0.711622318378912
332,0.8999442260405116,B0 + B1*i ; B2*i - i**2,0.0423782713568098 - 0.000401254862971238*i ; -i**2 + 0.339818339067457*i
333,0.8999304651424279,B0*s*sqrt(Abs(i)) ; -2*i + r,0.00615804376913742*s*sqrt(Abs(i)) ; -2*i + r
334,0.8998417060108421,B0*i*s + B0*s ; Abs(i)**(1/4),-0.00667222378505607*i*s - 0.00667222378505607*s ; Abs(i)**(1/4)
335,0.8998052334780571,Abs(i)**(3/2) ; B0 + B1*sqrt(Abs(r)),Abs(i)**(3/2) ; 0.100596544360554 - 0.0896751609660021*sqrt(Abs(r))
336,0.8997106810975826,B1*sqrt(Abs(B0 + i)) ; B2*i + i*sqrt(Abs(r)),0.0881580299222221*sqrt(Abs(i - 0.00487384698232774)) ; i*sqrt(Abs(r)) - 0.0529579849039735*i
337,0.8997076602851274,B0*s*sqrt(Abs(i + s)) ; i + r + sqrt(2)*sqrt(Abs(i)),0.0117614541632087*s*sqrt(Abs(i + s)) ; i + r + sqrt(2)*sqrt(Abs(i))
338,0.899701150927412,B0*i + i**2 ; B1 + B2*r,i**2 + 0.119705717111175*i ; 0.0926969171271233 - 0.0727389349185453*r
339,0.8996777558876003,B0*i*s ; B1*i**2*sqrt(Abs(r)),0.29848477199962*i*s ; 2.14592265162754*i**2*sqrt(Abs(r))
340,0.8996777500365201,B0*i*s ; r**3*sqrt(Abs(i)),0.298541043286058*i*s ; r**3*sqrt(Abs(i))
341,0.8995792531346167,B0*i ; B1 + B2*sqrt(Abs(r)) - r,-0.146894912493058*i ; -r + 1.30949443457268*sqrt(Abs(r)) - 0.304128594407566
342,0.8994792441352156,B1*sqrt(Abs(B0 + i)) ; B2 + i + r,0.00470714486753767*sqrt(Abs(i + 100.112607030787)) ; i + r + 2.79401567290147
343,0.8992085478166378,B0*sqrt(Abs(i)) + B1*i ; B2*r + i,0.109167450235323*i + 0.157258528653629*sqrt(Abs(i)) ; i + 0.675181218471965*r
344,0.899207584839948,B0*s*sqrt(Abs(i)) ; B1 + i,0.422129120559835*s*sqrt(Abs(i)) ; i + 0.0614402549113488
345,0.8991626872102679,i*s**2 ; B0 + B1*sqrt(Abs(i)) - r,i*s**2 ; -r + 0.775862276144611*sqrt(Abs(i)) - 0.0614046328252051
346,0.8991252251116029,s*sqrt(Abs(B0*s + B1)) ; r*sqrt(Abs(i)) - 2*r,s*sqrt(Abs(0.0230752322095599*s - 0.0223812179922463)) ; r*sqrt(Abs(i)) - 2*r
347,0.8991027787567508,B1*s*sqrt(Abs(B0 + i)) ; r,0.149290985610113*s*sqrt(Abs(i - 0.0297350048768177)) ; r
348,0.8991008000101343,B0*s*sqrt(Abs(i)) ; B1 + B2*sqrt(Abs(i)) - r,0.18200421397335*s*sqrt(Abs(i)) ; -r + 0.00307979396579603*sqrt(Abs(i)) + 0.0734431808075502
349,0.8991006933873605,sqrt(Abs(B0*i + B1)) ; B2 - i - r,sqrt(Abs(1.92362334612176e-5*i - 0.00192270866853214)) ; -i - r - 2.2391446476053
350,0.8990995284224802,s*sqrt(Abs(B0 + B1*s)) ; B2*i*r**2,s*sqrt(Abs(0.0222465314602502*s - 0.021585427660177)) ; 0.000116117158359548*i*r**2
351,0.8990950620485912,s*sqrt(Abs(B0 + B1*s)) ; B2 + i + sqrt(Abs(i + r)),s*sqrt(Abs(0.0221930230249343*s - 0.0215340228318299)) ; i + sqrt(Abs(i + r)) + 0.800123475144781
352,0.8990818129021944,B0*s*Abs(i)**(3/2) ; B1 + r,8.96781636806295e-5*s*Abs(i)**(3/2) ; r + 0.0272128721568419
353,0.8990628906351875,s*sqrt(Abs(B0 + B1*s)) ; sqrt(Abs(r)),s*sqrt(Abs(0.0234004919964262*s - 0.0226083838594762)) ; sqrt(Abs(r))
354,0.8990628814375876,B1*s*sqrt(Abs(B0 - i)) ; r,0.152863444101851*s*sqrt(Abs(i - 0.0338305565670655)) ; r
355,0.8990623957739822,s*sqrt(Abs(B0 + B1*i)) ; Abs(r)**(1/4),s*sqrt(Abs(0.023283195516354*i - 0.000786535373371389)) ; Abs(r)**(1/4)
356,0.8990435213020459,B0*i ; B1 + i*r - i,-0.0977755267200757*i ; i*r - i + 0.0197759544158774
357,0.8989623387701906,B0 + B2*sqrt(Abs(B1 - i)) ; B3*sqrt(Abs(i)),0.0820748710926048 - 0.00946606760577445*sqrt(Abs(i - 28.5274220820097)) ; -0.776110729569938*sqrt(Abs(i))
358,0.8987287134674568,B0*s + B0*sqrt(Abs(i)) ; B1 + i*r,0.0341788466143709*s + 0.0341788466143709*sqrt(Abs(i)) ; i*r + 1.37269108401228e-5
359,0.898484056765011,B0 + B1*s ; B2 + i,0.0406468598016831*s + 0.00982352751196748 ; i + 0.0456710366191791
360,0.8984840567162804,B0 + B1*s ; B2 + B3*i,0.0406466198228434*s + 0.00982472739644499 ; 0.651877370601032*i + 0.0235731814295864
361,0.8984840566200305,B0 + B1*s ; B2*sqrt(Abs(i)),0.0406450045039196*s + 0.00982227858603428 ; 18.7208236924719*sqrt(Abs(i))
362,0.8984840566181864,B0 + B1*s ; B2*i**2,0.0406452187044458*s + 0.0098220577815457 ; 0.0433412219358508*i**2
363,0.8984840565231741,B0 + B1*i ; B2*i*r,0.0504686056038807 - 0.0406485714797745*i ; 0.0665899894973189*i*r
364,0.8984840565159378,B0 + B1*s ; sqrt(Abs(B2 - i)),0.0406461468112713*s + 0.00982068176344552 ; sqrt(Abs(i - 0.0108688315533318))
365,0.898484056386582,B0 + B1*s ; B2 + sqrt(Abs(r)),0.0406487387812276*s + 0.00981922805631455 ; sqrt(Abs(r)) + 0.0010669452119976
366,0.8984840563585904,B0 + B1*s ; B2*Abs(r)**(3/2),0.0406460489429913*s + 0.00982737089126636 ; 0.00988982016586226*Abs(r)**(3/2)
367,0.8984840563507964,B0 + B1*s ; B2 - i,2.72355690665216*s + 0.658239663499023 ; 3.55180113090688 - i
368,0.8984840563359623,B0 + B1*s ; B2 + sqrt(Abs(i)),0.0406421655564436*s + 0.00982658124677368 ; sqrt(Abs(i)) + 0.390791447230666
369,0.8984840562797655,B0 + B1*s ; B2 + i - r,0.0406418352170751*s + 0.00982368108944641 ; i - r + 0.0342083206345727
370,0.8984840561829842,B0 + B1*s ; B2*sqrt(Abs(r)),0.0406413334131273*s + 0.00982375889170932 ; 0.00177612857950527*sqrt(Abs(r))
371,0.8984840561600952,B0 + B1*s ; B2*r + i,0.0406492033568165*s + 0.00981815447749506 ; i + 32.9306751718457*r
372,0.8984840561550187,B0 + B1*s ; B2 + i*r,0.0406470574497648*s + 0.00982790256314535 ; i*r + 0.00234063310688658
373,0.8984840561351561,B0 + B1*s ; sqrt(Abs(B2 + i)),0.0406516128406993*s + 0.00982466700772314 ; sqrt(Abs(i + 0.000221772940204317))
374,0.89848405605342,B0 + B1*s ; B2 - 2*i,0.0406402940824606*s + 0.00982577661035569 ; 0.00255155748383657 - 2*i
375,0.8984840560276981,B0 + B1*s ; sqrt(Abs(B2 + r)),0.0406443209718318*s + 0.00982899483311017 ; sqrt(Abs(r + 3.46500127651449))
376,0.8984840558967729,B0 + B1*s ; B2 + r,0.0406435013860759*s + 0.00982948897722754 ; r + 0.00717838452320359
377,0.8984840554125303,B0 + B1*s ; B2 - i + r,0.04065372692472*s + 0.00981613093453663 ; -i + r + 0.00122858931606649
378,0.8984840551219537,B0 + B1*s ; B2*r**2,0.0406566943453041*s + 0.00982151068455903 ; 13.9314909311651*r**2
379,0.8984840538117266,B0 + B1*s ; B2 + i + r,0.0406604315762546*s + 0.0098183625695813 ; i + r + 0.000472105504359689
380,0.8984840534440619,B0 + B1*s ; B2*r,2.72355003169206*s + 0.657490076988848 ; 0.495074165025019*r
381,0.8984840533236501,B0 + B1*s ; B2 - r,0.0406550671985754*s + 0.00982940395408626 ; 0.00118376981703501 - r
382,0.8984840531518969,B0 + B1*i ; B2*Abs(r)**(1/4),0.0504568921688952 - 0.0406334957407627*i ; 0.248530534470582*Abs(r)**(1/4)
383,0.8984840530074499,B0 + B1*i ; B2*r**2,0.050483909056434 - 0.040651058471429*i ; 0.37369300291574*r**2
384,0.898484052940415,B0 + B1*s ; B2 + Abs(r)**(3/4),0.0406574480498201*s + 0.00981088057070393 ; Abs(r)**(3/4) + 0.000246016834749219
385,0.8984840527354222,B0 + B1*s ; B2*Abs(i)**(3/2),0.0406626991512307*s + 0.00981762541790715 ; 0.173113875310134*Abs(i)**(3/2)
386,0.8984840524770051,B0 + B1*s ; B2*r*Abs(i)**(3/4),0.040655681535304*s + 0.00980964050151537 ; 0.00158675894907644*r*Abs(i)**(3/4)
387,0.8984840496269694,B0 + B1*s ; B2*i,0.0406631668204839*s + 0.00982728312544254 ; 0.798197522512403*i
388,0.898484049087918,B0 + B1*s ; B2 + B3*r,0.0406290527001368*s + 0.0098206027541151 ; 0.000585207558019651*r + 9.6987810907053
389,0.8984840476009432,B0 + B1*i ; B2*r,0.050461009076432 - 0.0406241013880428*i ; 0.381562336303644*r
390,0.8984840469640825,B0 + B1*i ; B2*Abs(r)**(3/2),0.0504463049320167 - 0.0406339291440324*i ; 0.230843719499137*Abs(r)**(3/2)
391,0.8984840282955219,B0 + B1*s ; B2 - sqrt(Abs(r)),0.0406888505052979*s + 0.00980832009444692 ; 0.52795833858725 - sqrt(Abs(r))
392,0.8984839430549946,B0 + B1*i ; r + Abs(r)**(7/4),0.0504179276393961 - 0.0405632046520564*i ; r + Abs(r)**(7/4)
393,0.8984839153902664,B0 + B1*s ; -i + r,0.0405535815538685*s + 0.00985834343807492 ; -i + r
394,0.8984839152360081,B0 + B1*s ; Abs(i)**(3/2),0.0405535306810018*s + 0.00985836248923265 ; Abs(i)**(3/2)
395,0.8984839104822229,B0 + B1*s ; 2*r,0.0405519763266652*s + 0.00985894659023396 ; 2*r
396,0.8984839101812957,B0 + B1*s ; 2*i + r,2.72362217068881*s + 0.662104961602538 ; 2*i + r
397,0.898483909816561,B0 + B1*s ; sqrt(2)*sqrt(Abs(i)),0.0405517607050242*s + 0.00985902766073921 ; sqrt(2)*sqrt(Abs(i))
398,0.8984839093210463,B0 + B1*s ; -r + sqrt(2)*Abs(r)**(3/2),0.0405516005148894*s + 0.00985908786105225 ; -r + sqrt(2)*Abs(r)**(3/2)
399,0.8984839075222737,B0 + B1*s ; i*Abs(r)**(1/4),0.0407429823283958*s + 0.00978733110969144 ; i*Abs(r)**(1/4)
400,0.8984839070197811,B0 + B1*s ; i + Abs(r)**(3/4),0.040743144024856*s + 0.00978727060393022 ; i + Abs(r)**(3/4)
401,0.8984839054571998,B0 + B1*s ; i,0.0405503605450189*s + 0.00985955381111911 ; i
402,0.8984839046368545,B0 + B1*i ; -r**2 + r,0.0504097513499498 - 0.0405500993315739*i ; -r**2 + r
403,0.8984839044830674,B0 + B1*s ; -Abs(r)**(1/8),2.72349516476805*s + 0.654137550916591 ; -Abs(r)**(1/8)
404,0.8984839001328678,B0 + B1*s ; i*r,0.0405486775787772*s + 0.00986018630308261 ; i*r
405,0.8984838993031945,B0 + B1*s ; i*(1 + sqrt(2)),2.72349408178248*s + 0.654069398794355 ; i*(1 + sqrt(2))
406,0.8984838982600649,B0 + B1*i ; i*Abs(r)**(1/4),0.05040849874963 - 0.0405480924343198*i ; i*Abs(r)**(1/4)
407,0.8984838978210403,B0 + B1*i ; r,0.0505322383997575 - 0.0407460575862632*i ; r
408,0.8984838976410104,B0 + B1*s ; sqrt(Abs(r)),0.0405478997770982*s + 0.00986047871517736 ; sqrt(Abs(r))
409,0.8984838964485513,B0 + B1*s ; r*(1 + sqrt(2)),0.0405475297241644*s + 0.009860617706862 ; r*(1 + sqrt(2))
410,0.8984838948538132,B0 + B1*i ; -i*r,0.050532815376918 - 0.04074697935678*i ; -i*r
411,0.8984838926108347,B0 + B1*s ; Abs(r)**(1/4),0.0405463480394805*s + 0.00986106182550553 ; Abs(r)**(1/4)
412,0.8984838891832664,B0 + B1*s ; -i*r + i,0.0407487177545465*s + 0.00978518598207797 ; -i*r + i
413,0.898483884483474,B0 + B1*s ; i + r,0.0405438903553171*s + 0.00986198557984526 ; i + r
414,0.8984838842826607,B0 + B1*s ; Abs(i)**(1/4),0.0405438303734869*s + 0.00986200807271129 ; Abs(i)**(1/4)
415,0.8984838827198937,B0 + B1*s ; r,0.0407506637730444*s + 0.0097844581450637 ; r
416,0.8984838820637063,B0 + B1*s ; -i,0.0405431699001151*s + 0.00986225636665541 ; -i
417,0.8984838810227338,B0 + B1*i ; r - sqrt(Abs(r)),0.0504052338451943 - 0.0405428615021292*i ; r - sqrt(Abs(r))
418,0.8984838687584781,B0 + B1*i ; Abs(r)**(3/2),0.0505376786845467 - 0.0407547478187133*i ; Abs(r)**(3/2)
419,0.8984838662262695,B0 + B1*s ; sqrt(Abs(i)),0.0407554721304177*s + 0.00978266009109626 ; sqrt(Abs(i))
420,0.8984838654876515,B0 + B1*s ; sqrt(Abs(i)) - sqrt(Abs(r)),0.0405383633905029*s + 0.00986406306769321 ; sqrt(Abs(i)) - sqrt(Abs(r))
421,0.8984838623396659,B0 + B1*s ; i - r,0.0405374744865*s + 0.00986439722271025 ; i - r
422,0.8984838621621433,B0 + B1*s ; r + sqrt(Abs(r)),0.0405374245745257*s + 0.00986441599485963 ; r + sqrt(Abs(r))
423,0.8984838517168963,B0 + B1*i ; sqrt(Abs(r)),0.050400032226297 - 0.0405345269209422*i ; sqrt(Abs(r))
424,0.8984838509233297,B0 + B1*i ; 2*r,0.0503998968349339 - 0.0405343098306603*i ; 2*r
425,0.898483848872541,B0 + B1*i ; i*r,0.0503995479394434 - 0.0405337507443164*i ; i*r
426,0.8984838407508909,B0 + B1*s ; i*r + i,0.0407625074794799*s + 0.00978002954947748 ; i*r + i
427,0.8984838258527609,B0 + B1*i ; Abs(r)**(1/4),0.050544993409842 - 0.0407664305206837*i ; Abs(r)**(1/4)
428,0.898483811118908,B0 + B1*i ; i*sqrt(Abs(r)),0.05054734623858 - 0.0407701879085833*i ; i*sqrt(Abs(r))
429,0.8984838050281425,B0 + B1*s ; r + Abs(r)**(3/4),2.72347681807551*s + 0.652952858762164 ; r + Abs(r)**(3/4)
430,0.8984652820152752,B0 + B1*i ; i - r,0.0515303004479136 - 0.0831012049332389*i ; i - r
431,0.8981537156983025,Abs(i)**(3/2) ; B0*i + B1*sqrt(Abs(r)),Abs(i)**(3/2) ; 2.78374804539856*i - 0.070702827107682*sqrt(Abs(r))
432,0.8980463473976301,B0*i - Abs(i)**(3/2) ; B1*r + 2*i,-0.763056183673248*i - Abs(i)**(3/2) ; 2*i + 0.916413497934061*r
433,0.8978804319249564,B0*i*Abs(s)**(3/2) ; B1 - i,0.00100501330378762*i*Abs(s)**(3/2) ; -i - 0.000617531175253548
434,0.8978480025457534,B0*i*Abs(s)**(3/2) ; -i,0.00100856529366804*i*Abs(s)**(3/2) ; -i
435,0.8976249743581304,B1*s*sqrt(Abs(B0 + s)) ; B2*sqrt(Abs(i)),0.162500931418711*s*sqrt(Abs(s - 0.934926404362507)) ; 10.3818931128894*sqrt(Abs(i))
436,0.8975517419792925,B0*sqrt(Abs(i))*Abs(s)**(3/2) ; sqrt(Abs(B1 + i)),0.0230363079036701*sqrt(Abs(i))*Abs(s)**(3/2) ; sqrt(Abs(i + 0.583771233902999))
437,0.8975184385368062,B0 + B1*i + B1*s ; B2 + B3*i - r,-0.0178912455302863*i - 0.0178912455302863*s + 0.00606538503283674 ; -0.825265579420869*i - r + 0.947860842262866
438,0.8975116054185687,B0*i ; B1 + B2*i*r,0.289642325078358*i ; 1.36411347318189*i*r + 0.00292168086206303
439,0.8974729254386633,B0*i + B1*s ; sqrt(Abs(i)),-0.0104683990430065*i + 2.71743269679468*s ; sqrt(Abs(i))
440,0.8972674502094271,B0*i*sqrt(Abs(s)) ; B1 + i,0.438032380110871*i*sqrt(Abs(s)) ; i - 0.0624375260959821
441,0.8972552416152728,B0*i ; i,0.981253434226239*i ; i
442,0.8972410528832073,B0*i ; B1 + B2*i + B2*r,-0.165209555200112*i ; -0.0827123832718496*i - 0.0827123832718496*r + 0.0844352870687832
443,0.8971264564661533,B0*sqrt(Abs(s)) ; sqrt(Abs(i + sqrt(Abs(r)))),0.0341022608170456*sqrt(Abs(s)) ; sqrt(Abs(i + sqrt(Abs(r))))
444,0.8971045051384221,s*sqrt(Abs(B0*i + B1)) ; B2 - i,s*sqrt(Abs(9.77883712894393e-5*i + 0.000299888337673313)) ; 0.0209011013639511 - i
445,0.8971002493734006,B0*sqrt(Abs(s)) ; B1 + Abs(i)**(1/4),0.0335176355857199*sqrt(Abs(s)) ; Abs(i)**(1/4) + 0.273096856160435
446,0.8970938430143423,B0*sqrt(Abs(s)) ; B1 + i**2,0.034102257591984*sqrt(Abs(s)) ; i**2 + 0.00452197706928307
447,0.8970852684660459,B0*sqrt(Abs(s)) ; B1 + B2*r,0.0335176314769867*sqrt(Abs(s)) ; 0.0792775633454883*r + 0.0492193293297426
448,0.8970850299799293,B0*sqrt(Abs(s)) ; Abs(B1 + i)**(1/4),0.0335176313611061*sqrt(Abs(s)) ; Abs(i + 0.086339904809975)**(1/4)
449,0.8970748812298097,B0*sqrt(Abs(s)) ; 3*r,0.0339697209728496*sqrt(Abs(s)) ; 3*r
450,0.8970741827935634,B0*sqrt(Abs(s)) ; sqrt(Abs(i + sqrt(2)*sqrt(Abs(r)))),0.0339697197679006*sqrt(Abs(s)) ; sqrt(Abs(i + sqrt(2)*sqrt(Abs(r))))
451,0.897070394551295,B0*sqrt(Abs(s)) ; B1*Abs(r)**(1/4),0.0339696831104482*sqrt(Abs(s)) ; 32.3251822815914*Abs(r)**(1/4)
452,0.8970558419644606,B0*sqrt(Abs(s)) ; B1 - i**2,0.0339630737162995*sqrt(Abs(s)) ; 0.000195276280426699 - i**2
453,0.8970551989297486,B0*sqrt(Abs(s)) ; B1 + i*r,0.0339630836152451*sqrt(Abs(s)) ; i*r + 0.0216993455327797
454,0.897053364425101,B0*sqrt(Abs(s)) ; B1*i*r,0.0333895879680751*sqrt(Abs(s)) ; 0.481619630844349*i*r
455,0.89703741049234,B0*sqrt(Abs(s)) ; B1 + B2*i,0.0333831692139303*sqrt(Abs(s)) ; 0.0646676432006098*i + 0.781006422421394
456,0.8969999929384119,B0*i ; i**2 + i*r,0.325218525125313*i ; i**2 + i*r
457,0.8968754123720908,B0 + B1*sqrt(Abs(i - s)) ; B2 + i + sqrt(Abs(i)),0.220856564568655*sqrt(Abs(i - s)) - 0.192862714654545 ; i + sqrt(Abs(i)) - 0.067721300241792
458,0.8968671614805745,B0 + B1*sqrt(Abs(i)) ; B2 - i - r,0.0384340183034649 - 0.00706279511476652*sqrt(Abs(i)) ; -i - r + 0.2561986519733
459,0.8968286796740895,B0 + B1*sqrt(Abs(i)) ; B2 + i + r,0.0399132630955952 - 0.00697352637889898*sqrt(Abs(i)) ; i + r - 0.189520936806981
460,0.8966716294066046,B0*s ; B1*r**2,0.0474980623423911*s ; 0.000191699109174352*r**2
461,0.8966716294062145,B0*s ; B1 + 2*i,0.0474978194321197*s ; 2*i + 0.00316733776639736
462,0.8966716294059319,B0*s ; B1 + i + r,0.0474981910380349*s ; i + r + 20.2834666897754
463,0.8966716294058396,B0*s ; B1*i**2,0.0474977662522757*s ; 69.6274161569269*i**2
464,0.8966716294051107,B0*s ; B1*Abs(i)**(3/2),0.0474982800186683*s ; 0.000560870788644247*Abs(i)**(3/2)
465,0.8966716294044903,B0*s ; B1*Abs(r)**(3/2),2.71903025671586*s ; 0.00479585282014284*Abs(r)**(3/2)
466,0.8966716294041194,B0*s ; B1 - r**2,0.047498360341428*s ; 0.0271877764195155 - r**2
467,0.8966716293956254,B0*s ; B1*r + i,2.71903054005303*s ; i + 2.57892827772927*r
468,0.8966716293914385,B0*s ; B1 - Abs(r)**(3/2),0.0474988961028945*s ; 1.97513937541151 - Abs(r)**(3/2)
469,0.8966716293610266,B0*s ; B1*i*r,0.0474964081807857*s ; 0.376659897513745*i*r
470,0.8966716293269725,B0*s ; B1*Abs(r)**(1/4),0.0474959019863987*s ; 0.0101284427327924*Abs(r)**(1/4)
471,0.8966716292807997,B0*s ; B1 + 2*r,0.047500601540109*s ; 2*r + 0.0483117806487638
472,0.8966716292191831,B0*s ; B1 + r**2,0.0474947908940211*s ; r**2 + 34.1651253865126
473,0.8966716290525807,B0*s ; B1 - i + r,0.0475023733809778*s ; -i + r + 0.000150579962793013
474,0.8966716288865255,B0*s ; B1 + Abs(r)**(1/4),0.0475033037587164*s ; Abs(r)**(1/4) + 0.000128109102710677
475,0.8966716288043852,B0*s ; B1 + i*r,0.0474922610348076*s ; i*r + 1.01951084883315
476,0.8966716274722271,B0*s ; B1 + B2*r,0.0474877275468292*s ; 2.83543838165318*r + 0.00868722525065713
477,0.8966716271382132,B0*s ; B1 + B2*i,0.0474868773261986*s ; 0.00600015693799278*i + 0.21022272315278
478,0.8966715200619336,B0*s ; sqrt(Abs(i + sqrt(Abs(i)))),0.0474208912799033*s ; sqrt(Abs(i + sqrt(Abs(i))))
479,0.8966715178937473,B0*s ; sqrt(Abs(i - sqrt(Abs(r)))),0.0474201309395377*s ; sqrt(Abs(i - sqrt(Abs(r))))
480,0.8966715125534281,B0*s ; -Abs(r)**(1/8),0.0475777325576623*s ; -Abs(r)**(1/8)
481,0.8966715119779344,B0*s ; i*r - r,0.0475779287578939*s ; i*r - r
482,0.8966715101821312,B0*s ; r - Abs(r)**(3/2),0.047417484857109*s ; r - Abs(r)**(3/2)
483,0.8966715016876038,B0*s ; -i + 2*r,0.0475813591640258*s ; -i + 2*r
484,0.8966714932925162,B0*s ; sqrt(Abs(i - sqrt(Abs(i)))),0.0475840566612622*s ; sqrt(Abs(i - sqrt(Abs(i))))
485,0.8966714814153133,B0*s ; i*Abs(r)**(3/2),0.0474083009455833*s ; i*Abs(r)**(3/2)
486,0.8966714718325894,B0*s ; r*Abs(i)**(3/2),0.0474054439882808*s ; r*Abs(i)**(3/2)
487,0.8966713851434376,B0*i**2 ; B1 + i*r,1.42147841935325*i**2 ; i*r + 0.101235886148249
488,0.8966560433312388,B0 + B1*sqrt(Abs(i)) ; B2 + i*r + r,0.149527454488883*sqrt(Abs(i)) - 0.143574592756198 ; i*r + r + 1.30247868682728
489,0.8966258010586171,i*sqrt(Abs(i - s)) ; B0*i,i*sqrt(Abs(i - s)) ; 0.759636567989454*i
490,0.8965809291001194,B0 + B1*i + B1*s ; B2 + B3*sqrt(Abs(i)),0.0806901002212553*i + 0.0806901002212553*s - 0.0990236510508493 ; 0.374432319346602*sqrt(Abs(i)) - 0.416313516920989
491,0.8965012148509562,sqrt(Abs(B0 + B1*i)) ; B2*sqrt(Abs(i)),sqrt(Abs(0.00224942904083585*i - 0.00235419746126717)) ; 0.000344090329516998*sqrt(Abs(i))
492,0.8963185377812377,B0 + B1*sqrt(Abs(s)) ; B2*Abs(r)**(1/4),0.048372656487973*sqrt(Abs(s)) - 0.000375133644803765 ; 0.000138662665475833*Abs(r)**(1/4)
493,0.8963183892041814,B0 + B1*sqrt(Abs(s)) ; B2 + sqrt(Abs(i)),0.0484026848279236*sqrt(Abs(s)) - 0.000352475435456051 ; sqrt(Abs(i)) + 0.00121682917209796
494,0.8963172655173826,B0 + B1*sqrt(Abs(s)) ; 2*r,0.0475074044741021*sqrt(Abs(s)) - 0.000350792643727601 ; 2*r
495,0.8963138312833178,B0 + B1*sqrt(Abs(s)) ; B2 + i,0.0485419885578041*sqrt(Abs(s)) - 0.000360250265989587 ; i + 0.170572983384122
496,0.8963126626235015,B0 + B1*sqrt(Abs(s)) ; B2*i,0.0485725781904664*sqrt(Abs(s)) - 0.000362197266989663 ; 4.33305221645712*i
497,0.8963117721350208,B0 + B1*sqrt(Abs(s)) ; -r,0.0471744959835176*sqrt(Abs(s)) - 0.000353227235776571 ; -r
498,0.8963106677022191,B0 + B1*sqrt(Abs(s)) ; -r + sqrt(Abs(i)),0.0484262760652945*sqrt(Abs(s)) - 0.000393260876747194 ; -r + sqrt(Abs(i))
499,0.8963090245059049,B0 + B1*sqrt(Abs(s)) ; B3*sqrt(Abs(B2 + r)),0.0484887780305392*sqrt(Abs(s)) - 0.000408452569656146 ; 0.000356487441692037*sqrt(Abs(r + 0.0483403994836192))
500,0.8963088173357702,B0*sqrt(Abs(i))*sqrt(Abs(s)) ; B1*sqrt(Abs(i)),0.105909509027013*sqrt(Abs(i))*sqrt(Abs(s)) ; 0.0445272157563316*sqrt(Abs(i))
501,0.8963066843595477,B0 + B1*sqrt(Abs(s)) ; -i**2 + sqrt(Abs(i)),0.0486796377863566*sqrt(Abs(s)) - 0.000377281622081417 ; -i**2 + sqrt(Abs(i))
502,0.8963051632312555,B0 + B1*sqrt(Abs(s)) ; B2 - sqrt(Abs(i)),0.0473087173185985*sqrt(Abs(s)) - 0.000394618211251754 ; 0.223024171611203 - sqrt(Abs(i))
503,0.8962996408562928,B0 + B1*sqrt(Abs(s)) ; B2*r,0.0488593569918789*sqrt(Abs(s)) - 0.000380913813829107 ; 1.60596757033888*r
504,0.8962990103850927,B0 + B1*sqrt(Abs(s)) ; sqrt(Abs(i)),0.0486799178555691*sqrt(Abs(s)) - 0.000419775159261245 ; sqrt(Abs(i))
505,0.8962987438786388,B0 + B1*sqrt(Abs(s)) ; B2*Abs(i)**(1/4),0.0488857187516332*sqrt(Abs(s)) - 0.00038038676775103 ; 24.1710531474617*Abs(i)**(1/4)
506,0.8962975987352945,B0 + B1*sqrt(Abs(s)) ; sqrt(Abs(B2 - r)),0.0489581253011876*sqrt(Abs(s)) - 0.000361345856261548 ; sqrt(Abs(r - 0.00151742371546283))
507,0.8962959535633862,B0 + B1*sqrt(Abs(s)) ; r,0.0489783972466955*sqrt(Abs(s)) - 0.000359399767018266 ; r
508,0.8962944396450918,B0 + B1*sqrt(Abs(s)) ; B2*sqrt(Abs(r)),0.0490027234345856*sqrt(Abs(s)) - 0.000365716685439929 ; 0.00112155521653786*sqrt(Abs(r))
509,0.896291842184636,B0 + B1*sqrt(Abs(s)) ; i,0.0490357737488833*sqrt(Abs(s)) - 0.000372372470522806 ; i
510,0.8962912355934105,B0 + B1*sqrt(Abs(s)) ; B2*r**2,0.0490386171239393*sqrt(Abs(s)) - 0.000388567606124072 ; 0.000976993621584165*r**2
511,0.8962889660362058,B0 + B1*sqrt(Abs(s)) ; B2*sqrt(Abs(i)),0.0490481243310472*sqrt(Abs(s)) - 0.000397355454305538 ; 0.0067361786183328*sqrt(Abs(i))
512,0.8962878990568925,B0 + B1*sqrt(Abs(s)) ; B2 + B3*sqrt(Abs(i)),0.0490948071179768*sqrt(Abs(s)) - 0.000369582058611073 ; 0.687840902319801*sqrt(Abs(i)) + 0.0157750043232248
513,0.8962876747220249,B0 + B1*sqrt(Abs(s)) ; i*r,0.0490871921107564*sqrt(Abs(s)) - 0.000385585760671356 ; i*r
514,0.8962836625601143,B0 + B1*sqrt(Abs(s)) ; sqrt(Abs(B2 - 2*r)),0.0491424541352939*sqrt(Abs(s)) - 0.000405002768401935 ; sqrt(Abs(2*r - 0.000881538763343912))
515,0.8962812734932979,B0 + B1*sqrt(Abs(s)) ; B2 + B3*r,0.0491723021175188*sqrt(Abs(s)) - 0.000391698964865893 ; 4.22086376492431*r + 0.0493483930700506
516,0.8962796305622175,B0 + B1*sqrt(Abs(s)) ; sqrt(Abs(i - sqrt(2)*sqrt(Abs(r)))),0.0492255544148655*sqrt(Abs(s)) - 0.000383968399543104 ; sqrt(Abs(i - sqrt(2)*sqrt(Abs(r))))
517,0.8962789901648843,B1*sqrt(Abs(B0 - i)) ; B2*sqrt(Abs(i)),0.0479993421314262*sqrt(Abs(i - 0.981683585166742)) ; 0.000356930949928439*sqrt(Abs(i))
518,0.8962786995427929,B0 + B1*sqrt(Abs(s)) ; B3*sqrt(Abs(B2 + i)),0.0492094037451215*sqrt(Abs(s)) - 0.00038614113568066 ; 0.000273041339389732*sqrt(Abs(i + 0.000563357495173964))
519,0.8962772585575381,B0 + B1*sqrt(Abs(s)) ; B2 + sqrt(Abs(r)),0.0492624998786421*sqrt(Abs(s)) - 0.000382818398372735 ; sqrt(Abs(r)) + 0.801595398672996
520,0.8962376398670006,B0 + B2*sqrt(Abs(B1 - i)) ; B3 + B4*r + sqrt(Abs(i)),0.070995719956822 - 0.00803024511808069*sqrt(Abs(i - 25.5489210026541)) ; 0.22901931343753*r + sqrt(Abs(i)) - 2.33567389952708
521,0.8961630351705093,B0*s + i*s ; B1*i,i*s + 2.14685319635627*s ; 0.0525823127636877*i
522,0.8961505977593497,B0*i ; B1 + B2*sqrt(Abs(r)) - i,-1.13808056036655*i ; -i - 0.0170005868033433*sqrt(Abs(r)) + 0.0170223973929899
523,0.8961303868709588,B0*i ; i*sqrt(Abs(B1 + i + r)),0.46614584954012*i ; i*sqrt(Abs(i + r - 0.175322944910326))
524,0.8961255961538218,-i*s ; B0 + B1*i + B1*r,-i*s ; 0.0293525500179986*i + 0.0293525500179986*r + 0.0430187001168796
525,0.8960251457453112,B0*s*Abs(i)**(3/2) ; B1 - i - sqrt(Abs(r)),7.97952305241682e-5*s*Abs(i)**(3/2) ; -i - sqrt(Abs(r)) + 0.16883299691874
526,0.8959010937037551,B0 + B1*i ; sqrt(Abs(i)),0.000432813406874941*i + 0.0490904327679257 ; sqrt(Abs(i))
527,0.8955635493216807,B0*i ; B1 + sqrt(Abs(B2*r + i)),0.0298070573963081*i ; sqrt(Abs(i + 0.684255087254097*r)) - 0.839610917035503
528,0.8955328927160656,i**2*s ; B0 - r + sqrt(Abs(r)),i**2*s ; -r + sqrt(Abs(r)) - 0.177782150237839
529,0.8954329182425643,B0 + B1*i ; B2 - sqrt(Abs(r + sqrt(Abs(r)))),0.0434525410003491 - 0.000421518781116454*i ; 0.0634794431131757 - sqrt(Abs(r + sqrt(Abs(r))))
530,0.8954126239543522,-i**3 ; B0 + B1*i + B1*r,-i**3 ; -0.0796063679547944*i - 0.0796063679547944*r + 0.0793856143827874
531,0.8953651289491035,B0*s*sqrt(Abs(i + s)) ; B1 - 2*i,0.00946762150072334*s*sqrt(Abs(i + s)) ; 0.0491996155908513 - 2*i
532,0.8953607853087759,B0 + B1*i ; sqrt(Abs(B2*sqrt(Abs(i)) - i)),0.000428167963512762*i + 0.044148696958032 ; sqrt(Abs(i + 1.25443989474553*sqrt(Abs(i))))
533,0.8952149370507199,i**2 ; B0 + sqrt(Abs(B1*r + B2)),i**2 ; sqrt(Abs(0.00523782349004863*r - 0.00567249474368174)) - 0.000835950749191957
534,0.8950733331627578,i*sqrt(Abs(s)) ; B0*sqrt(Abs(i)) + i,i*sqrt(Abs(s)) ; i - 0.0416337984026525*sqrt(Abs(i))
535,0.8950285200110258,B0*i + B1*s ; B2 - sqrt(Abs(B3 + i)),-0.0774943573334873*i + 2.64373320709128*s ; 0.711177428408221 - sqrt(Abs(i - 3.17598871261345))
536,0.8950079575071404,B0*i + B1*s ; B2 + sqrt(Abs(B3*r + i)),-0.0105691739757316*i + 2.71994398502174*s ; sqrt(Abs(i - 1.18699135272493*r)) - 0.622900269737849
537,0.8949449553543336,i*sqrt(Abs(i - s)) ; B0*i**2,i*sqrt(Abs(i - s)) ; 15.9425416136601*i**2
538,0.8947325580830101,B0 + B1*i ; sqrt(Abs(B2*sqrt(Abs(i)) - r)),0.000430088660925074*i + 0.0444852784499621 ; sqrt(Abs(r - 2.15260583710488*sqrt(Abs(i))))
539,0.8947249453981002,B0*i*s**2 ; B1 - i,0.00108988233087176*i*s**2 ; -i - 8.14393225409298e-5
540,0.8947211446794866,i*s*sqrt(Abs(B0 + s)) ; B1 + i - r,i*s*sqrt(Abs(s - 0.183896921810114)) ; i - r + 0.0282350797790403
541,0.8946355578152247,B0 + B1*s*Abs(i)**(1/4) ; B2*i + B3*i**2,0.0476172747555276*s*Abs(i)**(1/4) + 0.000414604518236516 ; -0.279072649582888*i**2 - 0.167251790074896*i
542,0.8945705135158253,B0 + B1*i*s ; r - sqrt(Abs(i)),0.000587544576497636*i*s + 0.0115706735821515 ; r - sqrt(Abs(i))
543,0.8945148046565621,B0*i ; i*sqrt(Abs(B1 - i + r)),0.394420729322809*i ; i*sqrt(Abs(-i + r + 0.0595781743166014))
544,0.8944326155705821,B0*i*s ; B1 + B2*sqrt(Abs(r)) + r,0.000958065020813655*i*s ; r + 2.42348155517558*sqrt(Abs(r)) - 2.61201335720441
545,0.8943145532102901,B0 + B1*i ; sqrt(Abs(r - sqrt(Abs(B2 + r)))),0.000438062817946524*i + 0.0462250592356814 ; sqrt(Abs(r - sqrt(Abs(r - 0.164161737554604))))
546,0.8942676161506512,2**(1/4)*Abs(i)**(5/4) ; sqrt(Abs(B0 + B1*r)),2**(1/4)*Abs(i)**(5/4) ; sqrt(Abs(0.00138643112007674*r - 0.00168966929941999))
547,0.8942025687544591,B0*Abs(i)**(5/4) ; sqrt(Abs(B1*r + B2)),1.2917070918699*Abs(i)**(5/4) ; sqrt(Abs(0.00141935473252969*r - 0.0017119778125543))
548,0.8941719708782995,B1*sqrt(Abs(B0 + i)) ; Abs(i)**(1/4),0.00361855163043549*sqrt(Abs(i + 99.993100179489)) ; Abs(i)**(1/4)
549,0.8941213139420328,B0*Abs(i)**(3/2)*sqrt(Abs(s)) ; 2*i**2,1.35952219634447*Abs(i)**(3/2)*sqrt(Abs(s)) ; 2*i**2
550,0.8941038899481263,B0*i*s**2 ; sqrt(Abs(B1 + i)),-0.00122166837655597*i*s**2 ; sqrt(Abs(i + 102.481267897775))
551,0.8939289760110628,B0*i*s ; B1 + B2*Abs(r)**(1/4) + r,-0.00144829192990902*i*s ; r - 31.5528359716364*Abs(r)**(1/4) + 48.684803809865
552,0.8939136996858066,B0 + B1*i + B2*s ; B3 + B4*i + B5*r,-0.00126036207730997*i + 0.131904197413008*s - 0.117759298119476 ; 0.751422586442086*i + 0.875634077312398*r + 3.4441939944413
553,0.8938516063470217,B0 + B1*i ; i + r,0.000667342730055077*i + 0.0295774806156006 ; i + r
554,0.8937787253701671,B0 + B2*sqrt(Abs(B1 + s)) ; -i + sqrt(Abs(B3 + r - sqrt(Abs(i)))),0.109258354696498 - 0.137965363889291*sqrt(Abs(s - 0.527466888220477)) ; -i + sqrt(Abs(r - sqrt(Abs(i)) + 0.00194617288225417))
555,0.8936844764016214,B0*s - s*sqrt(Abs(i)) ; B1*sqrt(Abs(r)) + i,-s*sqrt(Abs(i)) + 0.252602742897154*s ; i + 0.0546093632781492*sqrt(Abs(r))
556,0.8935895734591075,B0 + B1*i + B2*s ; B3 - sqrt(Abs(i)),0.00124912925243822*i + 0.127952655552119*s - 0.116007878985762 ; -sqrt(Abs(i)) - 2.223309961684
557,0.893583313899903,B0 + B1*i + B2*s ; B3 + sqrt(Abs(r)),-0.0012493607493279*i + 0.127948888240593*s - 0.116025911843785 ; sqrt(Abs(r)) + 2.28067726693474
558,0.8935820830064719,B0 + B1*i + B2*s ; B3 + sqrt(Abs(i)),-0.00124994482492316*i + 0.127945827238583*s - 0.116082565020194 ; sqrt(Abs(i)) + 2.28634751362565
559,0.893577381001699,B0 + B1*i + B2*s ; sqrt(Abs(B3*sqrt(Abs(i)) - r)),-0.00122726068105215*i + 0.127826517188209*s - 0.113872779207984 ; sqrt(Abs(r + 6.36319349431884*sqrt(Abs(i))))
560,0.8935764461153142,B0 + B1*i + B2*s ; sqrt(Abs(B3*sqrt(Abs(i)) - i)),-0.00122723499441493*i + 0.127823479809434*s - 0.113869482417359 ; sqrt(Abs(i - 6.39132426517873*sqrt(Abs(i))))
561,0.8935136485752802,B0 + B1*i + B2*s ; sqrt(Abs(B3 + r + Abs(r)**(1/4))),-0.00129069786405243*i + 0.128115023889038*s - 0.120035836621383 ; sqrt(Abs(r + Abs(r)**(1/4) + 21.4499207394288))
562,0.893507813314849,B0 + B1*i + B2*s ; sqrt(Abs(B3 + sqrt(Abs(i))*sqrt(Abs(r)))),-0.00129295253832653*i + 0.12809436730459*s - 0.120252846634283 ; sqrt(sqrt(Abs(i))*sqrt(Abs(r)) + 23.5407403964655)
563,0.8935065387846477,B0 + B1*i + B2*s ; sqrt(Abs(B3 + i)),-0.00129305882840027*i + 0.128089297208181*s - 0.120262876619797 ; sqrt(Abs(i - 23.5948883374162))
564,0.8934517003326166,B0*i**2*sqrt(Abs(s)) ; B1 + B2*r,0.129027103398484*i**2*sqrt(Abs(s)) ; 0.17564716852394 - 0.122539884797004*r
565,0.8933931740315636,B0 + B1*i**2 ; B2 + i + r,0.043890530037118 - 4.28679507111711e-6*i**2 ; i + r + 2.46199213703387
566,0.8933100201008867,B0*s + B1*i*s ; B2 + sqrt(Abs(B3 + i)),-0.00190727543832982*i*s - 7.18847364064314e-5*s ; sqrt(Abs(i + 16.4788707785694)) + 1.58915449486261
567,0.8933052044776786,B0 + B1*i + B2*s ; sqrt(Abs(B3 + i - 2*r)),-0.00113749531792023*i + 0.127242313107018*s - 0.105338905327879 ; sqrt(Abs(i - 2*r + 0.879994539995871))
568,0.8932998848120823,B0*sqrt(Abs(i - s)) ; B1*i**2,0.0451954637004546*sqrt(Abs(i - s)) ; 1.80737756898104*i**2
569,0.8932816460362936,B0 - sqrt(Abs(B1 + i)) ; B2*i + i*r,0.989212247861154 - sqrt(Abs(i + 0.998818536205788)) ; i*r - 0.803311809687881*i
570,0.8932413819544064,B0*i ; i*sqrt(Abs(r + sqrt(2)*sqrt(Abs(i)))),0.787966359656283*i ; i*sqrt(Abs(r + sqrt(2)*sqrt(Abs(i))))
571,0.8931984689176804,B0*s + B1*i*s ; B3*sqrt(Abs(B2 + sqrt(Abs(i)))),0.362492606373865*i*s + 0.00359892635532406*s ; 0.0333466622828288*sqrt(Abs(sqrt(Abs(i)) - 0.178644315157177))
572,0.8931636951419539,B0*i**2 ; B1*i**2,120.469458969218*i**2 ; 121.808554161028*i**2
573,0.8931188952462422,B0*i**2*s ; i,52.1347709308755*i**2*s ; i
574,0.8930600765258266,B0*i*s ; B1*i + B2*i*r,0.438343073198539*i*s ; -0.224065984325399*i*r + 0.163404888748711*i
575,0.8930588933658272,B0*i + B1*s ; B2*i + B3*i**2,-2.32150771992727*i + 0.340417272288431*s ; 0.708745637992268*i**2 - 0.0331606285686039*i
576,0.8930569894236298,B0*i + B1*i*s ; B2 + B3*r - r**2,0.226976361553155*i*s - 0.237407055552843*i ; -r**2 + 0.448406297886506*r + 0.564182902335596
577,0.893053227671384,B0*i*s ; B1 + B2*r - i*r,0.240569127673613*i*s ; -i*r - 0.899867860689801*r - 0.0321394670215726
578,0.8930506923818045,B0*i*s ; B1 + i*r**2 - r,0.235774493810204*i*s ; i*r**2 - r - 0.0345359569483946
579,0.8930419649123048,B0*i*sqrt(Abs(s)) ; B1*i + B2*Abs(i)**(3/2),0.466352727178555*i*sqrt(Abs(s)) ; 0.160889786653391*i + 0.272030142789803*Abs(i)**(3/2)
580,0.8930395698214072,B0*i + B1*i*s ; B2 + i - r,0.492382769463046*i*s - 0.507108828998767*i ; i - r + 1.01565597115937
581,0.8930327490900543,B0*s*Abs(i)**(1/4) ; B1 + B2*i + B3*r,0.0444896938912652*s*Abs(i)**(1/4) ; -0.0721891804191215*i + 0.537755042034422*r + 0.0202681706954837
582,0.8930286550986718,B0*s + B1*i*s ; B3*sqrt(Abs(B2 + i + sqrt(Abs(i)))),0.259630236446239*i*s + 0.00807119659402935*s ; 0.00539668543768891*sqrt(Abs(i + sqrt(Abs(i)) - 0.91978605705259))
583,0.893026636684557,B0*s + B1*i*s ; B2 + B3*i + B4*r,-0.151268900387152*i*s - 0.00963703083948883*s ; 4.69520170820693*i + 2.93733212394011*r + 0.270317274799974
584,0.8930234903863398,B0*i*s ; B1 + B2*i + B3*r,-0.0747720185567913*i*s ; 7.15652321406403*i + 5.52847312066193*r + 0.251225282762916
585,0.8930216058496125,B0*s + B1*i*s ; sqrt(Abs(B2 + r)),-0.00178488374364717*i*s + 0.00753309820935188*s ; sqrt(Abs(r + 3.4394221571147))
586,0.893021599785096,B0*s + B1*i*s ; sqrt(Abs(B2 - r)),-0.00178462328109172*i*s + 0.00752916574713963*s ; sqrt(Abs(r + 3.44244245735426))
587,0.8930004967337704,B0*sqrt(Abs(i)) + B1*i ; sqrt(Abs(i)),0.00229036242131644*i + 0.0233471638733917*sqrt(Abs(i)) ; sqrt(Abs(i))
588,0.8929941082684184,B0*s + B1*i*s ; -Abs(r)**(1/8),0.241049417502438*i*s + 0.00607482418232115*s ; -Abs(r)**(1/8)
589,0.8929941082682569,B0*s + B1*s**2 ; i,-0.241049354906456*s**2 + 0.247124184522506*s ; i
590,0.8929941082679854,B0*s + B1*s**2 ; r,-0.241049245826888*s**2 + 0.24712408868637*s ; r
591,0.8929941082679028,B0*s + B1*s**2 ; sqrt(Abs(i - sqrt(Abs(r)))),-0.241049219811353*s**2 + 0.247124063050181*s ; sqrt(Abs(i - sqrt(Abs(r))))
592,0.8929941082666393,B0*s + B1*i*s ; 2*r,0.241048799685617*i*s + 0.00607488296416035*s ; 2*r
593,0.8929941082665962,B0*s + B1*i*s ; r,0.241048787031397*i*s + 0.0060748839807469*s ; r
594,0.8929941082657538,B0*s + B1*s**2 ; i*r + r*sqrt(Abs(i)),-0.241048537362038*s**2 + 0.247123446943824*s ; i*r + r*sqrt(Abs(i))
595,0.8929941082656769,B0*s + B1*s**2 ; 2*r,-0.241048501524645*s**2 + 0.247123421764331*s ; 2*r
596,0.8929941082651017,B0*s + B1*s**2 ; sqrt(Abs(B2*r - r**2)),-0.241048387487967*s**2 + 0.247123363411252*s ; sqrt(Abs(r**2 - 0.162083000764441*r))
597,0.8929941082632592,B0*s + B1*i*s ; r**2,0.241047897617317*i*s + 0.00607497618795836*s ; r**2
598,0.8929941082614995,B0*s + B1*s**2 ; -Abs(r)**(1/8),-0.241047496599706*s**2 + 0.247122521842727*s ; -Abs(r)**(1/8)
599,0.8929941082590256,B0*s + B1*s**2 ; B2 - i,-0.241047005401995*s**2 + 0.247122084104227*s ; 0.455540300870754 - i
600,0.8929941082574365,B0*s + B1*i*s ; sqrt(Abs(r)),0.241046738507642*i*s + 0.00607509303064987*s ; sqrt(Abs(r))
601,0.8929941082492197,B0*s + B1*i*s ; r + Abs(i)**(1/4)*sqrt(Abs(r)),0.24104551609425*i*s + 0.00607519923369496*s ; r + Abs(i)**(1/4)*sqrt(Abs(r))
602,0.8929941082442592,B0*s + B1*s**2 ; B2*r,-0.241044793094041*s**2 + 0.247120119738566*s ; 0.000229277629152933*r
603,0.8929941082439861,B0*s + B1*s**2 ; Abs(i)**(1/4),-0.241044838899214*s**2 + 0.247120104659076*s ; Abs(i)**(1/4)
604,0.892994108220518,B0*s + B1*s**2 ; i*r,-0.24104234008128*s**2 + 0.247117880576587*s ; i*r
605,0.8929941082044721,B0*s + B1*s**2 ; B2 + i,-0.241040973290832*s**2 + 0.247116664520258*s ; i + 0.0261636512574012
606,0.8929941080881576,B0*s + B1*s**2 ; sqrt(Abs(B2*r + B3*i)),-0.241034072615029*s**2 + 0.247110579406582*s ; sqrt(Abs(9.45668250644941*i + 0.292246679892292*r))
607,0.8929941080509421,B0*s + B1*s**2 ; B2 - i - 2*r,-0.241032510321415*s**2 + 0.247109005631191*s ; -i - 2*r + 0.0256762638512632
608,0.892994107806175,B0*s + B1*s**2 ; B2 + B3*r,-0.241023714656873*s**2 + 0.247101294009967*s ; 3.92561781294321*r + 88.3414259285586
609,0.8929941076541906,B0*s + B1*s**2 ; i + sqrt(Abs(r))*sqrt(Abs(B2 + i)),-0.241019603438891*s**2 + 0.247097450532683*s ; i + sqrt(Abs(r))*sqrt(Abs(i + 0.144191689187488))
610,0.8929941073715167,B0*s + B1*s**2 ; sqrt(Abs(B2*r + B3)),-0.241089809490055*s**2 + 0.247160581367837*s ; sqrt(Abs(0.461612417322437*r + 19.8287762072259))
611,0.89299410682179,B0*s + B1*s**2 ; B2 - r,-0.241002613581471*s**2 + 0.247082201612359*s ; 0.234791934769449 - r
612,0.8929941061795523,B0*s + B1*s**2 ; B2*sqrt(Abs(r)),-0.241110181840869*s**2 + 0.24717873895373*s ; 0.0168902332159964*sqrt(Abs(r))
613,0.8929941055982816,B0*s + B1*s**2 ; sqrt(Abs(B2 + r)),-0.240984952729906*s**2 + 0.247066588241754*s ; sqrt(Abs(r + 0.000176467630761886))
614,0.8929941053121849,B0*s + B1*s**2 ; sqrt(Abs(B2*i + B3)),-0.241121377025807*s**2 + 0.247188634730426*s ; sqrt(Abs(0.00320053964309589*i + 3.50953164094238))
615,0.8929941040082654,B0*s + B1*s**2 ; sqrt(Abs(B2*r - i**2)),-0.24096752022072*s**2 + 0.2470508613206*s ; sqrt(Abs(i**2 - 0.00250568052451894*r))
616,0.8929941025587219,B0*s + B1*s**2 ; B2 + r,-0.240954298011167*s**2 + 0.247039008840862*s ; r + 0.0104208590024722
617,0.8929636243425477,B0*i*s ; B1*i + B2*i**2,0.436622127215333*i*s ; -0.223570958013024*i**2 + 0.173110158046204*i
618,0.8929616781644496,i*s ; B0 + 2*i,i*s ; 2*i - 0.058113364581443
619,0.8929501025207803,i*sqrt(Abs(B0 + i)) ; B1 + B2*i,i*sqrt(Abs(i + 5.40954471230603)) ; 2.35025979984469*i + 0.000160322270704108
620,0.8929265985700178,B0*s + i*s ; B1 + B2*r + 2*i,i*s - 0.0166985474601252*s ; 2*i - 0.516374711484773*r - 0.0488017520666481
621,0.892920031828038,B0*i ; i*sqrt(Abs(i + r)),0.535845190259392*i ; i*sqrt(Abs(i + r))
622,0.8928673532869627,B0 + B1*i ; B2 + i*r + r,-0.0886683124058314*i - 0.0987953049910043 ; i*r + r + 1.28681422810505
623,0.8928517255784982,B0*i**2 ; B1 + B2*i + B3*r,1.37479574121658*i**2 ; 0.521007903764619*i + 0.0414680424133401*r - 0.060229436094534
624,0.8928374351220874,B0 + i**2 ; B1 + B2*i + B3*r,i**2 + 0.0004880561239074 ; 0.466562071889637*i + 0.04869184611179*r - 0.0651834075811858
625,0.8928232322377433,B0*i + B1*i*s ; B2 + sqrt(Abs(B3 + i)),-0.00174843577812077*i*s - 3.28188887109616e-5*i ; sqrt(Abs(i - 30.5403159661655)) - 2.30387000505533
626,0.8928209554149099,i**2*Abs(s)**(5/2) ; B0 + B1*i + B2*r,i**2*Abs(s)**(5/2) ; 1.00135562908276*i + 0.608986985261203*r + 0.0734195166408369
627,0.8928118354528652,B0*i + B1*Abs(i)**(3/2) ; -Abs(r)**(1/8),0.419654307138664*i - 0.415833556654693*Abs(i)**(3/2) ; -Abs(r)**(1/8)
628,0.8927834074972761,B0*i + B1*i*s ; B2 + B3*r,0.00127995286361349*i*s + 6.31056667067165e-5*i ; 0.108769457461404*r - 3.5531388309515
629,0.8927739872699898,B0 + B1*i + B2*s ; B3 + i + r,-0.00133730124777895*i + 0.124340248046306*s - 0.123943116071677 ; i + r + 7.45136696882615
630,0.8927692029784374,B0 + B1*i*s ; B2*r**2 + i + r,-0.101591128306051*i*s + 0.014086340301718 ; i - 0.134661573384647*r**2 + r
631,0.8927235315528959,B0*i ; B1*i*r + i**2,0.327662930317032*i ; i**2 + 0.530053248445958*i*r
632,0.8926637934858515,B0*i + B1*i**2 ; B2 + sqrt(Abs(B3 + i)),-2.31651343915485e-5*i**2 - 0.002339211270773*i ; sqrt(Abs(i - 630.820640121)) - 21.6737816323354
633,0.8926572705379235,B0*s + B1*i*s ; sqrt(Abs(i - r)),-0.00142019216900281*i*s + 0.0139510045038952*s ; sqrt(Abs(i - r))
634,0.8926528095604198,B0*i*s + B0*s ; B1 + r - sqrt(Abs(B2 + r)),0.000924185745813757*i*s + 0.000924185745813757*s ; r - sqrt(Abs(r + 29.2788365512945)) + 5.36656993413221
635,0.8926455449476085,B0 + B1*i + B2*s ; 3*i + sqrt(Abs(i)),0.00229050257145521*i + 2.6663166104308*s - 2.14386900515402 ; 3*i + sqrt(Abs(i))
636,0.8926096439358757,B0*i + i**2 ; B1*i,i**2 - 2.81957193824502*i ; 0.041042274497722*i
637,0.8925951472446447,B0*s + B1*Abs(s)**(3/2) ; r,0.405989075325864*s - 0.395898594153165*Abs(s)**(3/2) ; r
638,0.8925951472058535,B0*s + B1*Abs(s)**(3/2) ; sqrt(Abs(i)),0.405985353914808*s - 0.395894760516085*Abs(s)**(3/2) ; sqrt(Abs(i))
639,0.8925951471514681,B0*s + B1*Abs(s)**(3/2) ; 2*r,0.405981107140333*s - 0.395890342946595*Abs(s)**(3/2) ; 2*r
640,0.8925951471091865,B0*s + B1*Abs(s)**(3/2) ; r + Abs(i)**(1/4)*sqrt(Abs(r)),0.405978381935241*s - 0.395887507164604*Abs(s)**(3/2) ; r + Abs(i)**(1/4)*sqrt(Abs(r))
641,0.8925951345827896,B0*s + B1*Abs(s)**(3/2) ; B2 + B3*r,0.406219938536408*s - 0.396144591309358*Abs(s)**(3/2) ; 0.000199948086776264*r + 8.89604188901345
642,0.8925505240061805,B0*s + B1*i*s ; sqrt(Abs(i + r)),-0.0248058059680322*i*s + 0.0101786621904968*s ; sqrt(Abs(i + r))
643,0.8925455506240686,B0*s + B1*i*s ; B2*r + i + sqrt(Abs(i)),-0.00408168742462372*i*s + 0.0123174759952346*s ; i + 0.924735695608379*r + sqrt(Abs(i))
644,0.892537568704241,B0*s + B1*i*s ; -sqrt(Abs(i)),0.00259063447615749*i*s + 0.016085798829241*s ; -sqrt(Abs(i))
645,0.8925366217782061,B0*i + B1*i*s ; sqrt(Abs(B2 + B3*i - r)),-0.00127363642251153*i*s - 7.15196024601875e-5*i ; sqrt(Abs(-0.180168218744958*i + r + 12.5548176695673))
646,0.8925012163709439,s*sqrt(Abs(B0 + B1*sqrt(Abs(s)))) ; r,s*sqrt(1.15117776364606*sqrt(Abs(s)) + 6.09060148139346) ; r
647,0.8924882307918752,B0*i*s**2 ; B1 + B2*r - i*r,0.715480441033445*i*s**2 ; -i*r + 0.153306793038414*r + 0.0103107713961421
648,0.8924543169822197,B0*i + B1*s ; B2 - i + r,0.000239205057720369*i + 0.0484318415775535*s ; -i + r + 0.0431598792777808
649,0.8924443477657692,B0*s + B1*i*s ; B2*r + Abs(i)**(1/4),-0.00417682121049205*i*s + 0.0100715174019386*s ; 0.054771584778442*r + Abs(i)**(1/4)
650,0.8924235095939842,B0*i + B1*i*s ; sqrt(Abs(B2*r + B3)),-0.001041515164061*i*s - 0.000135691526857644*i ; sqrt(Abs(6.05008118743529*r - 204.332954855629))
651,0.8924234858483886,B0 + B1*i + B2*s ; sqrt(Abs(B3 + B4*sqrt(Abs(i)))),-0.00173014478852668*i + 0.171707591446606*s - 0.166909300071321 ; sqrt(2.50232148612926*sqrt(Abs(i)) + 26.4495898404194)
652,0.8924182898103417,B0*i**2*s ; B1*i + B2*r,3.42905889562136*i**2*s ; 2.5100291615708*i - 0.359027936035914*r
653,0.8924181272920293,Abs(i)**(11/8) ; B0 + B1*i + B2*r,Abs(i)**(11/8) ; 0.620438372124742*i + 0.0265920829717401*r - 0.0300129915365558
654,0.8924127275683997,s*sqrt(Abs(B0 + i + sqrt(Abs(s)))) ; B1*sqrt(Abs(i)),s*sqrt(Abs(i + sqrt(Abs(s)) + 5.3128301030166)) ; 0.014644873950333*sqrt(Abs(i))
655,0.8923650540745145,B0*i*s**2 ; B1 + B2*i - 2*r,0.0291350924874442*i*s**2 ; -2.06076028884171*i - 2*r - 0.0893073011277019
656,0.8923547012897981,B0 + B1*i + B2*s ; B3 + B4*i + B4*r,-0.00163697649157285*i + 0.159194950236943*s - 0.156449771880387 ; 1.32716851890711*i + 1.32716851890711*r + 6.33329204107609
657,0.8923434931346618,B0 + B1*i + B2*s ; B3*sqrt(Abs(r)) + i,0.788864124842879*i + 0.236879596975929*s - 0.242202906475416 ; i - 0.370599600934186*sqrt(Abs(r))
658,0.8923180066804417,B0*Abs(i)**(5/4) ; B1 + B2*i + B3*r,1.0461316870953*Abs(i)**(5/4) ; 0.664680912965239*i + 0.0235354364120754*r - 0.0177889235068935
659,0.8923022852615834,B0*s*sqrt(Abs(i)) ; B1 + 2*i,0.230239170398889*s*sqrt(Abs(i)) ; 2*i + 0.142991079724294
660,0.8922814520211259,B1*s*sqrt(Abs(B0 + i)) ; sqrt(Abs(B2 + B3*r + sqrt(Abs(r)))),0.016883768511022*s*sqrt(Abs(i - 0.160339400250586)) ; sqrt(Abs(-1.78376617212108*r + sqrt(Abs(r)) + 1.27148939010627e-5))
661,0.8922779649840679,B0*i**2*s ; B1 + i,9.21817332413753*i**2*s ; i + 0.124191254182995
662,0.8922505161868173,B0*i + B1*s ; B2 + r,-0.000251561900888626*i + 0.0503552677513046*s ; r + 0.0208423771942941
663,0.8922461550750064,B0*Abs(i)**(3/2) ; i,7.07106296475604*Abs(i)**(3/2) ; i
664,0.8922299696059005,B0*i + B1*s ; B2 - i,0.000251981725532136*i + 0.0504852440989817*s ; 0.0463913915936235 - i
665,0.8922284292395093,B0*i*s ; B1 + sqrt(Abs(r - sqrt(Abs(B2 + i)))),-0.00173129705050934*i*s ; sqrt(Abs(r - sqrt(Abs(i + 1.16646549189298)))) + 1.29952335113375
666,0.8922020517839301,B0*i + B1*s ; B2 + r - Abs(r)**(1/4),0.000238177052331638*i + 0.0486172219488649*s ; r - Abs(r)**(1/4) + 0.402378731333371
667,0.8921551703139365,B0*s + B1*i*s ; Abs(i)**(1/4),-0.00594951583290199*i*s + 0.00433278150066487*s ; Abs(i)**(1/4)
668,0.8921192214466015,B0*i*sqrt(Abs(s)) ; B1 + i + r,-0.000357742987982218*i*sqrt(Abs(s)) ; i + r + 18.3719505751813
669,0.8920562955514149,i*s*sqrt(Abs(B0 + s)) ; B1*i + B2*i**2,i*s*sqrt(Abs(s - 1.09608246174404)) ; 1.78993872233388*i**2 + 0.0880815725023002*i
670,0.8919994067094505,B0*i + B1*i*s ; sqrt(Abs(B2 + sqrt(Abs(r)))),-0.00573969140078259*i*s + 4.36761093399623e-5*i ; sqrt(sqrt(Abs(r)) + 0.231966906507021)
671,0.8919951729231073,s*sqrt(Abs(B0 + B1*i)) ; B2 - i + 2*r,s*sqrt(Abs(7.79366523857892e-5*i - 0.000430908101536526)) ; -i + 2*r + 0.0267180656701007
672,0.8919827538261785,B0*i + B1*i*s ; Abs(i)**(1/4),-0.00632378866695057*i*s + 0.000100502154963449*i ; Abs(i)**(1/4)
673,0.8918838435438895,B0 + B1*sqrt(Abs(i)) ; B2 + r + sqrt(Abs(i)),0.035514090201033 - 0.00307742816337185*sqrt(Abs(i)) ; r + sqrt(Abs(i)) - 0.403472725556866
674,0.891815377479698,B0*s*Abs(i)**(3/2) ; B1 - i + r,6.75615175278372e-5*s*Abs(i)**(3/2) ; -i + r + 0.0370568117935294
675,0.8917982699677968,i*sqrt(Abs(B0 + i*s)) ; B1*i + B2*Abs(i)**(3/2),i*sqrt(Abs(i*s + 0.00252807072786829)) ; -0.398727223241966*i + 1.60035811854803*Abs(i)**(3/2)
676,0.8917162363359901,B0*i ; i*sqrt(Abs(r + sqrt(Abs(i)))),0.71910700701933*i ; i*sqrt(Abs(r + sqrt(Abs(i))))
677,0.8917085728940513,B0 + B1*i + B2*s ; B3 + i - sqrt(Abs(B4 + sqrt(Abs(i)))),-1.32467544120215*i + 0.351561215850629*s - 10.1212229472066 ; i - sqrt(Abs(sqrt(Abs(i)) - 0.235622618167925)) + 9.24578734066335
678,0.8916951834060916,B0*i**3 ; B1 + B2*i + B3*r,0.803636178454165*i**3 ; 0.441272384179879*i + 0.0709421489147671*r - 0.127384025520175
679,0.8916888476170697,B0*s*Abs(i)**(3/2) ; B1 + i,4.35389415725815*s*Abs(i)**(3/2) ; i + 0.0997656565770499
680,0.8916707237760498,B0*i*sqrt(Abs(s)) ; B1*sqrt(Abs(i)),0.000374747051524874*i*sqrt(Abs(s)) ; -5.70738744504946*sqrt(Abs(i))
681,0.8916247174738957,B0 + B1*sqrt(Abs(i))*sqrt(Abs(s)) ; B2 + B3*sqrt(Abs(i)),0.0239045091180847*sqrt(Abs(i))*sqrt(Abs(s)) - 0.00983192754828033 ; 0.456046930349108*sqrt(Abs(i)) + 0.335324616953651
682,0.8915895975821236,B0*i + B1*i**2 ; i*sqrt(Abs(r)),-0.324019093805739*i**2 + 0.297362898918937*i ; i*sqrt(Abs(r))
683,0.891589597574683,B0*i + B1*i**2 ; r,-0.324018493418571*i**2 + 0.297362525016967*i ; r
684,0.8915895975458469,B0*i + B1*i*s ; B2*i*Abs(r)**(3/2),0.324030527458366*i*s - 0.0266651308505249*i ; 10.13078549855*i*Abs(r)**(3/2)
685,0.8915895975350591,B0*i + B1*i*s ; sqrt(Abs(B2*r - sqrt(Abs(r)))),0.324028870990817*i*s - 0.026658913302066*i ; sqrt(Abs(1.73324237264955*r - sqrt(Abs(r))))
686,0.8915895975196348,B0*i + B1*i*s ; i*r,0.324030610683245*i*s - 0.0266603751096727*i ; i*r
687,0.8915895975161618,B0*i + B1*i*s ; sqrt(Abs(i))*sqrt(Abs(r)),0.324015251046983*i*s - 0.0266547604628399*i ; sqrt(Abs(i))*sqrt(Abs(r))
688,0.8915895974976951,B0*i + B1*i**2 ; i*r + r,-0.324014539972048*i**2 + 0.297359988774392*i ; i*r + r
689,0.8915895974859148,B0*i + B1*i**2 ; -Abs(r)**(1/8),-0.324032021653886*i**2 + 0.297371098732913*i ; -Abs(r)**(1/8)
690,0.8915895974780516,B0*i + B1*i*s ; 2*r,0.324013824344133*i*s - 0.0266543172483266*i ; 2*r
691,0.891589597476605,B0*i + B1*i*s ; -Abs(r)**(1/8),0.324013771687226*i*s - 0.0266542979428059*i ; -Abs(r)**(1/8)
692,0.8915895974753837,B0*i + B1*i**2 ; 2*r,-0.324032520841011*i**2 + 0.297371316024659*i ; 2*r
693,0.8915895974295234,B0*i + B1*i*s ; r,0.324012193426052*i*s - 0.0266537172565093*i ; r
694,0.8915895974284476,B0*i + B1*i*s ; sqrt(Abs(r)),0.324012162228461*i*s - 0.0266537077612597*i ; sqrt(Abs(r))
695,0.8915895974257066,B0*i + B1*i**2 ; sqrt(Abs(i))*sqrt(Abs(r)),-0.324034019120247*i**2 + 0.297372400120416*i ; sqrt(Abs(i))*sqrt(Abs(r))
696,0.8915895973810173,B0*i + B1*i*s ; r*Abs(i)**(1/4) + r,0.324012784228493*i*s - 0.0266555762394198*i ; r*Abs(i)**(1/4) + r
697,0.8915895973315149,B0*i + B1*i**2 ; B2*sqrt(Abs(r)),-0.324013744424413*i**2 + 0.297369995136292*i ; 0.000658476424360243*sqrt(Abs(r))
698,0.8915895971511363,B0*i + B1*i*s ; B2*r**2,0.324004434930329*i*s - 0.0266498128697526*i ; 4.39293745927707*r**2
699,0.8915895970296982,B0*i + B1*i**2 ; i*r*sqrt(Abs(B2 + r)),-0.324026546752604*i**2 + 0.297354634459013*i ; i*r*sqrt(Abs(r + 10.0559756294849))
700,0.8915895963172195,B0*i + B1*i*s ; sqrt(Abs(B2*r - i*r)),0.324050961557296*i*s - 0.0266664708781672*i ; sqrt(Abs(i*r - 0.0941699471356323*r))
701,0.8915895921143745,B0*i + B1*i*s ; B2*sqrt(Abs(r)),0.323944168583322*i*s - 0.0265897400319937*i ; 0.221230347122076*sqrt(Abs(r))
702,0.8915699108278068,B0 + B1*sqrt(Abs(i - s)) ; B2 - i + sqrt(Abs(i)),0.0462305208569911 - 0.00440629406906028*sqrt(Abs(i - s)) ; -i + sqrt(Abs(i)) - 0.232423619999486
703,0.8915259987507268,B0*i + B1*i**2 ; B2 + B3*r,-0.245357476160684*i**2 - 0.247815829208287*i ; 1.59830381432473 - 1.5869282963859*r
704,0.8915072558300854,B0 + B1*i ; B2*i - i*r,0.0519304653132431 - 0.118319401405812*i ; -i*r + 0.697360107919785*i
705,0.8913862463149381,B0*i + B1*i*s ; B2*sqrt(Abs(r)) + i,0.438218946603002*i*s + 0.0290297702536682*i ; i - 0.361629253978763*sqrt(Abs(r))
706,0.8913714128659972,B0*i + B1*i**2 ; B2 + B3*i - r,-0.595526376729033*i**2 - 0.386225479910311*i ; 0.550345914638847*i - r + 1.01566210950282
707,0.8913513342168281,B1*sqrt(Abs(B0 + i*s)) ; B2 + B3*r**2,0.101440394607144*sqrt(Abs(i*s - 0.0154379949189264)) ; 0.0871675709257978 - 0.0558610162891725*r**2
708,0.8912550101897392,B0*i**3*s ; B1 + B2*i,0.112404013643879*i**3*s ; 0.21582009889161*i - 0.18340343027045
709,0.8912369887008812,B0*i - sqrt(3)*i*sqrt(Abs(s)) ; B1 + B2*i + B3*r,-sqrt(3)*i*sqrt(Abs(s)) + 0.505348011074417*i ; 1.23773612577039*i + 0.220292644893507*r + 0.0381508718374867
710,0.8912267476977518,s*Abs(i)**(3/2) ; B0 + i - Abs(B1 + r)**(1/4),s*Abs(i)**(3/2) ; i - Abs(r - 0.00651056877315337)**(1/4) + 0.473541684245146
711,0.8912214008405885,B0*i*sqrt(Abs(s)) ; B1 + sqrt(Abs(r)),-0.000379954669822239*i*sqrt(Abs(s)) ; sqrt(Abs(r)) + 17.9952545404332
712,0.8911386871052032,B0*i**2 + B1*s ; B2 + B3*i,6.68536918802318*i**2 + 0.0158162570778996*s ; 0.86312407194894*i - 0.0192186659066411
713,0.8910918457298139,B0*i*s ; B1 - 2*i + r,0.000607413542595996*i*s ; -2*i + r - 0.13762968886275
714,0.8910298561697169,B0 + B1*i ; B2 + r*sqrt(Abs(B3 + r)),0.000400512449889083*i + 0.0422971896710808 ; r*sqrt(Abs(r - 0.532318233623034)) + 3.56524940330538e-6
715,0.8909847161651838,B0*s*Abs(i)**(1/4) ; i**2*sqrt(Abs(r)),0.0761233914649569*s*Abs(i)**(1/4) ; i**2*sqrt(Abs(r))
716,0.8909847092508715,B0*s*Abs(i)**(1/4) ; sqrt(3)*i*sqrt(Abs(r)),0.0761201550262277*s*Abs(i)**(1/4) ; sqrt(3)*i*sqrt(Abs(r))
717,0.8909847064578548,B0*s*Abs(i)**(1/4) ; r,0.0761188789205563*s*Abs(i)**(1/4) ; r
718,0.8909847056249036,B0*s*Abs(i)**(1/4) ; i*r,0.0761185016558508*s*Abs(i)**(1/4) ; i*r
719,0.890984674411953,B0*s*Abs(i)**(1/4) ; i*r**2,0.0761053050764232*s*Abs(i)**(1/4) ; i*r**2
720,0.8909418853350437,B0 + B1*i ; B2 + 2*r - sqrt(Abs(r)),0.000401096978004956*i + 0.0423474693336655 ; 2*r - sqrt(Abs(r)) + 0.126971824630768
721,0.8909118712568471,B0*Abs(i)**(3/2) ; B1 + B2*i + B3*r,0.000141665630935044*Abs(i)**(3/2) ; -11.5420402505784*i - 11.6696901604263*r + 11.7713919286033
722,0.8908974028841197,B0 + B1*i ; B2*r + Abs(i)**(1/4),0.000453227616622846*i + 0.046747321814475 ; 0.0182963363858013*r + Abs(i)**(1/4)
723,0.8908801914494577,B0*i + B0*s ; B1 + i - sqrt(Abs(r)),0.0166115147026147*i + 0.0166115147026147*s ; i - sqrt(Abs(r)) - 0.475407994013563
724,0.8908496192469889,B2*sqrt(Abs(B0 + B1*i)) ; B3*i + r,0.42795668312639*sqrt(Abs(9.8950273636618e-5*i + 0.00986738894697841)) ; 3.92848415337245e-7*i + r
725,0.890773389063421,B0*i + B1*s ; B2 + 2*r,-0.000228810756957084*i + 0.0482186737731003*s ; 2*r + 0.000245776584713772
726,0.8907721130326884,B0*i ; B1 - i - r - sqrt(Abs(r)),-0.0128932177797919*i ; -i - r - sqrt(Abs(r)) + 2.46397007254616
727,0.8907571654066536,B2*sqrt(Abs(B0 + B1*i)) ; B3 + B4*sqrt(Abs(r)) - i,0.106447438945144*sqrt(Abs(0.00160544387127891*i + 0.160990685990231)) ; -i - 0.632889593577047*sqrt(Abs(r)) + 0.265408708311494
728,0.8907498397825181,B0*i*s ; B1 + i**2*r - r,0.297417793091055*i*s ; i**2*r - r - 0.000360378776418826
729,0.8907382018671038,B0 + B1*sqrt(Abs(i)) ; -r + Abs(B2 + i)**(1/4),0.0881045956547316*sqrt(Abs(i)) - 0.0453600891750673 ; -r + Abs(i + 4.60846339607109)**(1/4)
730,0.8907199458957361,B0*i**3*s ; B1 + B2*i + r,1.7111546712981e-7*i**3*s ; 1.13960791316979*i + r - 14.9597720190327
731,0.8906891472953762,B0*s + B1*i*s ; B2*i - i**2,0.0011061004352199*i*s + 0.0330163254070178*s ; -i**2 + 0.0941499802504032*i
732,0.8906809789744717,B0*i*s ; B1*i**3*r,0.298501802621893*i*s ; 2.89278229720193*i**3*r
733,0.8906809788037383,B0*i*s ; B1*r + B2*i*r,0.298506185673765*i*s ; 0.115607865188831*i*r + 0.000315942100776604*r
734,0.8906809782734249,B0*i*s ; B1*r*Abs(i)**(5/2),0.298512912662452*i*s ; 0.000430075893907834*r*Abs(i)**(5/2)
735,0.8906809759908875,B0*i*s ; B1*r**4,0.298527579484307*i*s ; 12.6925262000579*r**4
736,0.8906526717980184,B0 + B1*i + B2*s ; B3*r + sqrt(Abs(i + r)),-0.000990260655168199*i + 0.126819532153683*s - 0.0913361741785111 ; 0.440256342618466*r + sqrt(Abs(i + r))
737,0.8906460455412447,B0*Abs(i)**(1/4)*Abs(s)**(3/2) ; B1 + r,0.0529737534299353*Abs(i)**(1/4)*Abs(s)**(3/2) ; r + 0.000531674120757383
738,0.8906161814068123,B0 - i*s + i ; B1 + i,-i*s + i + 0.0412502211293683 ; i + 0.0476891116062241
739,0.8906139058436263,B0*i*sqrt(Abs(s)) ; B1 - sqrt(Abs(i)),-0.0105285225664153*i*sqrt(Abs(s)) ; 1.88548981175762 - sqrt(Abs(i))
740,0.8905834655518701,B0*sqrt(Abs(i))*Abs(s)**(7/4) ; r,0.127356324312723*sqrt(Abs(i))*Abs(s)**(7/4) ; r
741,0.8905451473506858,B0 + B2*sqrt(Abs(B1 + sqrt(Abs(i)))) ; B3 + i - r,0.570306731444663 - 0.437055834532663*sqrt(sqrt(Abs(i)) + 1.14190164719771) ; i - r + 0.500465422567962
742,0.8905346459042268,B0 + B1*Abs(s)**(1/4) ; B2 + B3*sqrt(Abs(i)),0.0541673125653599*Abs(s)**(1/4) - 0.00861451941190426 ; 0.000479392750251945*sqrt(Abs(i)) + 0.00047344254959719
743,0.8905305884745486,B0*i + B1*s ; B2 - i + 2*r,-0.00020639561527497*i + 0.044137516237232*s ; -i + 2*r + 0.0342099048590644
744,0.890501578540694,B0*i + B1*s ; B2 + B3*r + i*r,0.122484138438614*i + 0.016786647919932*s ; i*r - 0.0366160222188993*r + 0.000986708478032662
745,0.890483597598205,B0 + B1*Abs(s)**(1/4) ; sqrt(Abs(i)),0.0545671806001448*Abs(s)**(1/4) - 0.0090631641003705 ; sqrt(Abs(i))
746,0.8904719443484364,B0 + B1*Abs(s)**(1/4) ; -i + sqrt(Abs(i)),0.0551833295359528*Abs(s)**(1/4) - 0.00903577640226202 ; -i + sqrt(Abs(i))
747,0.8904619448184611,B0 + B1*Abs(s)**(1/4) ; i*r,0.0554851060756069*Abs(s)**(1/4) - 0.00969145667472894 ; i*r
748,0.8904554327570929,B0 + B1*sqrt(Abs(i - s)) ; B2 + r - sqrt(Abs(i - r)),0.0480542817292507 - 0.00458485709672503*sqrt(Abs(i - s)) ; r - sqrt(Abs(i - r)) + 0.357379528234871
749,0.890451863194255,B0 + B1*Abs(s)**(1/4) ; B2 + i,0.0547213778289803*Abs(s)**(1/4) - 0.00942639608273726 ; i + 12.1502145148708
750,0.8904475965058081,B0 + B1*Abs(s)**(1/4) ; r,0.0556068945264314*Abs(s)**(1/4) - 0.00971107495313766 ; r
751,0.8904378450905107,B0 + B1*Abs(s)**(1/4) ; -i*r - i,0.055502699493982*Abs(s)**(1/4) - 0.00976554229806462 ; -i*r - i
752,0.89043638470197,B0*i**2*s**2 ; B1 - Abs(r)**(1/4),0.000150265434042992*i**2*s**2 ; -Abs(r)**(1/4) - 1.01724736703758
753,0.8904001462865461,B0 + B1*i ; B2 - Abs(B3 + i)**(1/4),0.0467327241691709 - 0.000462865042428169*i ; -Abs(i - 10.0665549949414)**(1/4) - 0.365475311779007
754,0.8903942306926382,Abs(i)**(3/2) ; B0 + B1*i + B2*r,Abs(i)**(3/2) ; 2.67566976028088*i - 0.0942903952550139*r + 0.0505248386681464
755,0.8903604534080655,B0 + B1*s ; B2 + i - sqrt(Abs(i)),2.75137153697862*s - 63.8322121588859 ; i - sqrt(Abs(i)) + 0.000120280219128372
756,0.8903429574309324,B0 + B2*sqrt(Abs(B1 + s)) ; B3*sqrt(Abs(i))*sqrt(Abs(r)),0.085646651527261 - 0.0992926708041215*sqrt(Abs(s - 0.600989190073509)) ; 0.0489840460912914*sqrt(Abs(i))*sqrt(Abs(r))
757,0.8903320292317277,B0 + B1*i + B1*s ; B2 + B3*r - i,0.000407402706008163*i + 0.000407402706008163*s + 0.0430443161441172 ; -i - 0.381620497593982*r + 0.0902375304601148
758,0.8903308784702819,B1*sqrt(Abs(B0 + i)) ; -sqrt(Abs(i)),0.00481602368390691*sqrt(Abs(i - 99.4780911948546)) ; -sqrt(Abs(i))
759,0.8903137453371132,B0*i + B1*s ; sqrt(Abs(B2 + B3*r)),-0.00023360805564353*i + 0.0480447766946365*s ; sqrt(Abs(5.06582074115581*r - 3.3971311885159))
760,0.890286277103455,B0 + B1*s ; B2 + B3*i + B3*r,2.75171778953784*s - 63.9994908467288 ; 0.0500496612126584*i + 0.0500496612126584*r + 0.00398260516025817
761,0.890282502074045,B0 + B1*i ; B2 + B3*r + i*r,0.558202783733575*i + 0.011803738503879 ; i*r - 0.00264175171445472*r + 0.0218496872949588
762,0.8901697647008825,B0 + B1*s*sqrt(Abs(i)) ; sqrt(Abs(B2 + i + r - sqrt(Abs(i)))),0.0374663138832932*s*sqrt(Abs(i)) - 0.00881494470375976 ; sqrt(Abs(i + r - sqrt(Abs(i)) + 0.679157904016968))
763,0.8901626235903252,B0 + B1*i ; sqrt(Abs(B2 + B3*sqrt(Abs(i)))),0.000444034915643782*i + 0.0441342280861567 ; sqrt(Abs(1.18271169018451*sqrt(Abs(i)) - 0.152241595387913))
764,0.890146187901338,s*sqrt(Abs(B0 + B1*s)) ; B2 + 3*i - r,s*sqrt(Abs(0.0232451944478061*s - 0.0225443582579811)) ; 3*i - r + 0.000643663376562621
765,0.8901185154831119,B0*i + B1*i*s ; sqrt(Abs(B2 - 2*r)),-0.00169357460728864*i*s + 9.45413638853636e-5*i ; sqrt(Abs(2*r - 0.088854868529441))
766,0.8900298775287286,B0*sqrt(Abs(i)) + B1*i ; B2*i,-0.145920782127384*i + 0.166792381683602*sqrt(Abs(i)) ; -0.00288426788531239*i
767,0.890025624315895,B0 + B1*i + B2*s ; sqrt(Abs(i - r)),-0.00145087799965507*i + 0.171359730297895*s - 0.143373049682844 ; sqrt(Abs(i - r))
768,0.8900092170143806,B0 + B1*s + Abs(s)**(1/4) ; sqrt(Abs(B2 + 2*i)),-0.42216385545063*s + Abs(s)**(1/4) - 0.569626443451181 ; sqrt(Abs(2*i + 43.4521653867796))
769,0.8900022743892417,B0*Abs(s)**(3/2) ; B1*Abs(r)**(3/2),0.046200280759912*Abs(s)**(3/2) ; 0.000597093070598353*Abs(r)**(3/2)
770,0.890002273865701,B0*Abs(s)**(3/2) ; B1 + i,0.0461931321246315*Abs(s)**(3/2) ; i + 0.245036495651464
771,0.8900022736975289,B0*Abs(s)**(3/2) ; B1*i**2,0.0462063646933731*Abs(s)**(3/2) ; 0.0406471781868343*i**2
772,0.8900022732810329,B0*Abs(s)**(3/2) ; sqrt(Abs(B1 + i)),0.0462082101130565*Abs(s)**(3/2) ; sqrt(Abs(i + 0.00915654482343806))
773,0.8900022727926724,B0*Abs(s)**(3/2) ; B1 - i + r,0.0461886227675208*Abs(s)**(3/2) ; -i + r + 0.02699437935415
774,0.8900022720423287,B0*Abs(s)**(3/2) ; B1 + r,0.0462122258118573*Abs(s)**(3/2) ; r + 0.0109694185428102
775,0.8900022711372092,B0*Abs(s)**(3/2) ; B1 - r,0.0461840954442349*Abs(s)**(3/2) ; 0.110899618462794 - r
776,0.8900022586805862,B0*Abs(s)**(3/2) ; i + r,0.046232664998275*Abs(s)**(3/2) ; i + r
777,0.890002258338852,B0*Abs(s)**(3/2) ; r,0.0461655832394554*Abs(s)**(3/2) ; r
778,0.890002257423956,B0*Abs(s)**(3/2) ; i,0.0462339730551216*Abs(s)**(3/2) ; i
779,0.890002256242084,B0*Abs(s)**(3/2) ; 2*r,0.0462351598056587*Abs(s)**(3/2) ; 2*r
780,0.8899696086654578,B0*i**2*s ; 2*r + sqrt(Abs(i)),6.06922772850724e-6*i**2*s ; 2*r + sqrt(Abs(i))
781,0.889968339316435,B0*i ; i*sqrt(Abs(B1 + i)),2.45090495140858*i ; i*sqrt(Abs(i - 6.21607047702277))
782,0.8899667424081991,B0*Abs(i)**(3/4)*sqrt(Abs(s)) ; i,0.515459046110338*Abs(i)**(3/4)*sqrt(Abs(s)) ; i
783,0.8899534312521619,B0*i**2*s ; -i + 2*r,6.19150815128904e-6*i**2*s ; -i + 2*r
784,0.8898222509433902,B0*i + B1*s ; B2*sqrt(Abs(i)),0.0609157389496412*i + 0.0386629695759918*s ; 0.0622592512578672*sqrt(Abs(i))
785,0.8898085565693361,B0 + B1*sqrt(Abs(i)) ; B2 + r,0.0287253745384977 - 0.00188070479279227*sqrt(Abs(i)) ; r + 8.94287108586576e-9
786,0.8897759912909556,s*sqrt(Abs(B0 + sqrt(Abs(B1 + s)))) ; i*sqrt(Abs(r)),s*sqrt(sqrt(Abs(s + 0.328529033398736)) + 6.26247574480191) ; i*sqrt(Abs(r))
787,0.8897365516528422,B0*i*s**2 ; B1*i + i**2 + r,-0.82562841334663*i*s**2 ; i**2 + 2.93406553628231*i + r
788,0.8897079459893693,B0*i + B1*s ; B2 + sqrt(Abs(r)),-0.000234741609336542*i + 0.0484240553436905*s ; sqrt(Abs(r)) + 2.73856228694069
789,0.8897076195806946,B1*sqrt(Abs(B0 - sqrt(Abs(i)))) ; Abs(B2 + B3*i)**(1/4),0.0161992433854833*sqrt(Abs(sqrt(Abs(i)) - 9.99593920481502)) ; Abs(4.79649644531482*i + 52.7093705188377)**(1/4)
790,0.8897064350177929,B0*i + B1*i*s ; sqrt(Abs(B2*r - i)),-0.00413527389821034*i*s + 0.000502797124828495*i ; sqrt(Abs(i + 0.0965115096716249*r))
791,0.8897022425959219,B0*i + B1*s ; B2 + sqrt(Abs(i)),-0.000234623595753938*i + 0.0484177573209987*s ; sqrt(Abs(i)) + 2.75327379048058
792,0.8896970524312828,B0*i + B1*s ; B2 + sqrt(Abs(r - sqrt(Abs(i)))),-0.000234636031527582*i + 0.048410310881544*s ; sqrt(Abs(r - sqrt(Abs(i)))) + 3.248857525488
793,0.8896812080056613,B0*i + B1*s ; B2 - r,-0.0950884679732097*i - 0.0453124797210209*s ; 1.11197338208053 - r
794,0.8896806822788184,B0*s + B1*i*s ; B2 + i + 2*sqrt(Abs(i)),-0.0300205569521531*i*s + 0.013535675685784*s ; i + 2*sqrt(Abs(i)) - 0.324386386255738
795,0.8896641598122598,B0*s + B1*i*s ; i**2,0.492872573469432*i*s - 0.00749870428344103*s ; i**2
796,0.8896583031977648,B0*i ; B1 + B2*i,40.1528329895682*i ; 42.9197091052735*i - 0.00238980711716173
797,0.8896435480395896,B0*i + B1*s ; B2 + B3*Abs(r)**(1/4),-0.00023302971465303*i + 0.0481202252534508*s ; 3.46103509952036*Abs(r)**(1/4) + 0.487646594872117
798,0.889639829011049,B0 + B1*i + B2*s ; B3 + B4*sqrt(Abs(i))*sqrt(Abs(r)),0.00153157335833647*i - 0.137801914119104*s + 0.159068732953781 ; 0.118357048919559*sqrt(Abs(i))*sqrt(Abs(r)) + 0.878470519888471
799,0.8895767636845207,B0 + B1*i + B2*s ; B3 + i - sqrt(Abs(i - r)),0.0370745511652675*i + 0.0201732853159884*s - 0.0102988424223251 ; i - sqrt(Abs(i - r)) + 0.161650196286308
800,0.8895682841642636,B0*sqrt(Abs(i)) ; B1 + B2*i + B2*r,0.102982121908892*sqrt(Abs(i)) ; -0.0471759230543412*i - 0.0471759230543412*r + 0.0560473938746453
801,0.8895236445329688,B1*sqrt(Abs(B0 - i)) ; Abs(r)**(3/2),0.0358778856029914*sqrt(Abs(i - 1.18170862924034)) ; Abs(r)**(3/2)
802,0.8895130493641008,B1*sqrt(Abs(B0 + s)) ; i + r,0.0348727185408861*sqrt(Abs(s + 0.192766140829359)) ; i + r
803,0.8895120915011712,B1*sqrt(Abs(B0 - s)) ; -Abs(i)**(3/2),0.0351983042599067*sqrt(Abs(s + 0.184713179853362)) ; -Abs(i)**(3/2)
804,0.8895063641466325,B1*sqrt(Abs(B0 + s)) ; 2*i,0.0353223170792423*sqrt(Abs(s + 0.19293528360651)) ; 2*i
805,0.8895031263758132,B1*sqrt(Abs(B0 + s)) ; 2*r,0.0353816979565025*sqrt(Abs(s + 0.196881860768289)) ; 2*r
806,0.8895015275652672,B1*sqrt(Abs(B0 + s)) ; sqrt(Abs(B2 + i)),0.0349963996997111*sqrt(Abs(s + 0.162899767628092)) ; sqrt(Abs(i + 4.20217358889207))
807,0.8894992161502498,B0 + B1*s ; sqrt(Abs(B2*r + B3)),0.0406463399500898*s + 0.00982228886988007 ; sqrt(Abs(0.0497790877748979*r + 31.2942927378016))
808,0.8894992160725195,B0 + B1*s ; B2 - i + sqrt(Abs(r)),2.72356019129512*s + 0.658142344997434 ; -i + sqrt(Abs(r)) + 0.152240357126863
809,0.889499215708163,B0 + B1*s ; B2 + B3*sqrt(Abs(r)),0.040641922930785*s + 0.00982696065995496 ; 0.00202128976657151*sqrt(Abs(r)) + 0.0115781741746836
810,0.8894992155949528,B0 + B1*s ; sqrt(Abs(B2 + B3*i)),2.72355886038017*s + 0.657875384370347 ; sqrt(Abs(0.0528198662239295*i + 0.458240041594642))
811,0.8894992155216943,B0 + B1*i ; B2*i*sqrt(Abs(r)),0.0504639043257065 - 0.0406434424946647*i ; 0.0580483086114684*i*sqrt(Abs(r))
812,0.8894992150891073,B0 + B1*s ; sqrt(Abs(B2 + 2*i)),0.0406470980821988*s + 0.00982953292851162 ; sqrt(Abs(2*i + 0.00158321037660035))
813,0.8894992150535973,B0 + B1*s ; B2*sqrt(Abs(r)) + i,0.0406474589853935*s + 0.00981672361912105 ; i + 0.00151115755979629*sqrt(Abs(r))
814,0.8894992147420653,B0 + B1*s ; B2*sqrt(Abs(r)) + r,0.0406563206434251*s + 0.00982099653461482 ; r + 1.66839844004766*sqrt(Abs(r))
815,0.8894992140963398,B0 + B1*s ; sqrt(Abs(B2 + B3*r)),0.040641166656295*s + 0.00983295079725116 ; sqrt(Abs(0.105879581475701*r + 0.0134019123762001))
816,0.8894992138546324,B0 + B1*s ; B2 + r - sqrt(Abs(i)),2.72356473870074*s + 0.658102279435212 ; r - sqrt(Abs(i)) + 0.00116723246382085
817,0.8894992133160462,B0 + B1*s ; B2*r*sqrt(Abs(i)),0.0406507061999446*s + 0.0098121530384155 ; 0.108770047521937*r*sqrt(Abs(i))
818,0.8894992122974329,B0 + B1*s ; B2 - sqrt(Abs(i + r)),0.0406315025989939*s + 0.00982734870698351 ; 0.0848324186905794 - sqrt(Abs(i + r))
819,0.8894992103516818,B0 + B1*s ; B2*i + sqrt(Abs(i)),0.0406659651250348*s + 0.00981728556309565 ; 0.62463695970306*i + sqrt(Abs(i))
820,0.8894992082206816,B0 + B1*s ; B2*sqrt(Abs(i)) + i,0.0406266286574525*s + 0.00983789790165347 ; i + 48.187181377556*sqrt(Abs(i))
821,0.8894992047795687,B0 + B1*s ; B2*Abs(r)**(5/4),0.0406204311591998*s + 0.0098308822210408 ; 0.0423403255205351*Abs(r)**(5/4)
822,0.889499118898676,B0 + B1*s ; i - r - sqrt(2)*sqrt(Abs(r)),0.0405690876230958*s + 0.00985250558371451 ; i - r - sqrt(2)*sqrt(Abs(r))
823,0.8894990963880878,B0 + B1*i ; Abs(i)**(3/4)*Abs(r)**(5/4),0.0505243228316227 - 0.040733417621282*i ; Abs(i)**(3/4)*Abs(r)**(5/4)
824,0.8894990543352522,B0 + B1*s ; 2*i - sqrt(Abs(r)),0.0407474685544284*s + 0.0097856531849327 ; 2*i - sqrt(Abs(r))
825,0.8894990518779599,B0 + B1*s ; i - r - sqrt(Abs(r)),0.0407482294831434*s + 0.0097853685625664 ; i - r - sqrt(Abs(r))
826,0.8894953744490572,B1*sqrt(Abs(B0 + s)) ; sqrt(Abs(r)),0.0351619587236604*sqrt(Abs(s + 0.182741402514408)) ; sqrt(Abs(r))
827,0.8894939924481307,B1*sqrt(Abs(B0 - s)) ; i,0.0351048136062813*sqrt(Abs(s + 0.182767975178571)) ; i
828,0.8894918619756953,B1*sqrt(Abs(B0 - s)) ; r,0.0353020369229727*sqrt(Abs(s + 0.192024448889597)) ; r
829,0.8894912862268833,sqrt(Abs(B0 + B1*s)) ; r,sqrt(Abs(0.00124556015301835*s + 0.000238392862210096)) ; r
830,0.889488317214514,B1*sqrt(Abs(B0 + s)) ; 2*i - r,0.0353545992288576*sqrt(Abs(s + 0.195517146607542)) ; 2*i - r
831,0.889487673766628,B0*i*s + B0*s ; B1 + B2*r - i*r,0.133201526696754*i*s + 0.133201526696754*s ; -i*r - 3.44590324030904*r + 2.23958640341145
832,0.8894876165087175,B1*sqrt(Abs(B0 + s)) ; -i**2 + r,0.0349926848885364*sqrt(Abs(s + 0.171573803572857)) ; -i**2 + r
833,0.8894875012021927,B1*sqrt(Abs(B0 + s)) ; r,0.0355732722448878*sqrt(Abs(s + 0.1706937234903)) ; r
834,0.8894844554250603,B1*sqrt(Abs(B0 + s)) ; Abs(i)**(1/4),0.03545795260769*sqrt(Abs(s + 0.163245341758605)) ; Abs(i)**(1/4)
835,0.8894786972490103,B1*sqrt(Abs(B0 - i)) ; B2*Abs(r)**(1/4),0.0353954132734553*sqrt(Abs(i - 1.20209768362147)) ; 28.6433006690576*Abs(r)**(1/4)
836,0.8894758790202673,B1*sqrt(Abs(B0 - s)) ; B2*sqrt(Abs(i)),0.0349077151284154*sqrt(Abs(s + 0.165907196063314)) ; 0.531880418297213*sqrt(Abs(i))
837,0.8894755003135715,B1*sqrt(Abs(B0 + s)) ; i*r,0.0354542996960236*sqrt(Abs(s + 0.167257306121075)) ; i*r
838,0.8894739297236294,B1*sqrt(Abs(B0 + s)) ; B2 + 2*i,0.0348821995433694*sqrt(Abs(s + 0.164222182882343)) ; 2*i + 3.36682656068614
839,0.8894688394018844,B1*sqrt(Abs(B0 - s)) ; -r*sqrt(Abs(i)),0.0355646797991965*sqrt(Abs(s + 0.170573371318673)) ; -r*sqrt(Abs(i))
840,0.8894681843162605,B1*sqrt(Abs(B0 + s)) ; i,0.0354805047489801*sqrt(Abs(s + 0.207789320107117)) ; i
841,0.8894605480095952,B1*sqrt(Abs(B0 + s)) ; B2 - Abs(i)**(3/2),0.0347050964320242*sqrt(Abs(s + 0.152301205201416)) ; 5.13862446751052 - Abs(i)**(3/2)
842,0.889458461498057,B1*sqrt(Abs(B0 - s)) ; B2*r,0.0354769866151165*sqrt(Abs(s + 0.204961622110375)) ; 3.29288527085679*r
843,0.8894539054147896,B1*sqrt(Abs(B0 - s)) ; B2*i,0.0346481329890636*sqrt(Abs(s + 0.186169773739489)) ; 0.0894918756504721*i
844,0.8894422880285443,sqrt(Abs(B0 + B1*i)) ; r,sqrt(Abs(0.00121733374035693*i - 0.00146440534070553)) ; r
845,0.8894417068781564,B1*sqrt(Abs(B0 - s)) ; -i,0.0348065727781112*sqrt(Abs(s + 0.197211565837804)) ; -i
846,0.8894244263640205,B0 + B2*sqrt(Abs(B1 + i)) ; B3 - r + sqrt(Abs(i)),0.0777269990329954*sqrt(Abs(i + 1.63883008873927)) - 0.0454734215790636 ; -r + sqrt(Abs(i)) + 1.69043539760651
847,0.8894185763374045,B1*sqrt(Abs(B0 + s)) ; B2 + B3*i,0.0360256721595842*sqrt(Abs(s + 0.200586178467325)) ; 1.28207756522528*i + 38.1524813609492
848,0.8894013999724276,B1*sqrt(Abs(B0 + i)) ; r*sqrt(Abs(B2 + i)),0.0361012885278531*sqrt(Abs(i - 1.20951100849924)) ; r*sqrt(Abs(i + 0.0112651954622589))
849,0.889388122192303,B0*i + B0*s ; B1*i + B2*r,0.0449009878662832*i + 0.0449009878662832*s ; 0.0785692894267959*i + 0.000499899502631648*r
850,0.8893857982445207,B1*sqrt(Abs(B0 - s)) ; B2*sqrt(Abs(r)),0.0346467660644685*sqrt(Abs(s + 0.215675046620308)) ; 0.00135021695096469*sqrt(Abs(r))
851,0.8893506381984593,B0 + B1*i*s**2 ; r,0.441318908132286*i*s**2 - 0.00564553321006181 ; r
852,0.8893477811619841,B0 + B1*i ; B2 - sqrt(Abs(B3 - i + r)),-0.2044590869077*i - 0.0205101925358167 ; 4.9644816095292 - sqrt(Abs(-i + r + 23.212180098204))
853,0.8893392973082413,B0*i + B1*i*s ; i,0.283135695982522*i*s + 0.873089712809344*i ; i
854,0.8893040796235137,B0*i + B1*s ; sqrt(Abs(B2 + i)),-0.000228958162004288*i + 0.0476983385575756*s ; sqrt(Abs(i - 32.8967911664622))
855,0.8892981022176828,B0 + B1*i*sqrt(Abs(s)) ; B2 + r,-0.000622967002852891*i*sqrt(Abs(s)) - 0.000626328759083518 ; r + 1.29755836381928
856,0.8892918043424431,B1*sqrt(Abs(B0 + s)) ; B2*r,0.0346460415954424*sqrt(Abs(s + 0.103305156768393)) ; 0.00159552055195907*r
857,0.8892272549800644,B1*sqrt(Abs(B0 + i)) ; B2*sqrt(Abs(r)),0.0357492633548403*sqrt(Abs(i - 1.2619275502919)) ; 64.638432049665*sqrt(Abs(r))
858,0.8891338645608726,B0*i*sqrt(Abs(s)) ; B1 + r,0.000364691535554387*i*sqrt(Abs(s)) ; r - 0.22940404338515
859,0.8890822008024412,B0 + B1*i**2 ; 2*r,0.0451283605065981 - 0.0332793398480089*i**2 ; 2*r
860,0.8890596603241409,B0 + B1*sqrt(Abs(i)) ; B2 + B3*i,0.0525454840279916 - 0.0073898794332556*sqrt(Abs(i)) ; -0.00298675941679841*i - 0.719472607814043
861,0.889058483108495,B0*sqrt(Abs(i)) + B1*i ; B2*r*sqrt(Abs(i)),-0.155258705926389*i + 0.172325870483174*sqrt(Abs(i)) ; 6.44355979460091*r*sqrt(Abs(i))
862,0.8890584698173861,B0*sqrt(Abs(i)) + B1*i ; Abs(r)**(5/4),-0.155211934541031*i + 0.172294257192725*sqrt(Abs(i)) ; Abs(r)**(5/4)
863,0.8890584692115671,B0*sqrt(Abs(i)) + B1*i ; r,-0.155210573399553*i + 0.17229311376518*sqrt(Abs(i)) ; r
864,0.8890584691501301,B0*sqrt(Abs(i)) + B1*i ; sqrt(Abs(r)),-0.155357166240368*i + 0.172416204452463*sqrt(Abs(i)) ; sqrt(Abs(r))
865,0.8890584681949777,B0*sqrt(Abs(i)) + B1*i ; 2*r,-0.15520834455458*i + 0.17229124161089*sqrt(Abs(i)) ; 2*r
866,0.8890475833279303,B0*i**2*s ; B1 + i - sqrt(Abs(r)),1.98821687582625*i**2*s ; i - sqrt(Abs(r)) + 0.181607121801424
867,0.889038257104516,B0*i*s + B0*sqrt(Abs(i)) ; B1 + B2*sqrt(Abs(i)) + r,0.000916946582252356*i*s + 0.000916946582252356*sqrt(Abs(i)) ; r + 7.29917140943726*sqrt(Abs(i)) - 17.6840527378958
868,0.8889183582019057,s*sqrt(Abs(B0 + sqrt(Abs(i - s)))) ; i*sqrt(Abs(r)),s*sqrt(sqrt(Abs(i - s)) + 5.91086805600001) ; i*sqrt(Abs(r))
869,0.8889006127296948,B0*i + B1*i**2 ; B2*sqrt(Abs(r)) + i,-1.267658310002*i**2 - 0.520479588224634*i ; i + 0.344601296899994*sqrt(Abs(r))
870,0.8888601138542639,B0 + B1*i + B2*s ; B3 + r - sqrt(Abs(i)),-0.00074931287486821*i + 0.0908084444311284*s - 0.0641971827275943 ; r - sqrt(Abs(i)) + 0.600084050516946
871,0.8888384878769456,B0 + B1*i + B2*s ; B3 + r - sqrt(Abs(B4 - i)),-0.000746116974249235*i + 0.0907117248308726*s - 0.0638488535344258 ; r - sqrt(Abs(i - 0.777812476114254)) + 1.04521436171061
872,0.8888374260457218,B0 + B1*sqrt(Abs(i)) ; B2*i - i*r,0.0728146873756862 - 0.119248618049025*sqrt(Abs(i)) ; -i*r + 0.785144940454804*i
873,0.8887837740935289,B0*sqrt(Abs(i - s)) ; B1 - sqrt(Abs(i)),0.0339264812245684*sqrt(Abs(i - s)) ; 0.217144105879324 - sqrt(Abs(i))
874,0.8887742338061244,B1*sqrt(Abs(B0 + i)) ; B2*r,0.0372069788082013*sqrt(Abs(i - 1.15518645247291)) ; 0.0231997898743104*r
875,0.8887616377663156,B0*i + B1*s ; B2 + Abs(r)**(1/8),-0.000220547267511491*i + 0.0465712674834355*s ; Abs(r)**(1/8) + 7.06841080903411
876,0.8887504532361976,i*s ; B0 + B1*r,i*s ; 0.0014344132293744*r + 0.0191450260106231
877,0.8887256401995023,i*sqrt(Abs(B0*i + B1)) ; 2*i,i*sqrt(Abs(104.830270602812*i + 1.90338252270313)) ; 2*i
878,0.8887139403958494,B0 + B1*i + B2*s ; B3 + sqrt(Abs(i*r - i)),-0.00073486161275462*i + 0.0906094704394734*s - 0.0627416194339749 ; sqrt(Abs(i*r - i)) + 0.0239327526919437
879,0.8886749773487875,B0 + B1*i + B2*s ; B3 + r,0.000720182863762389*i + 0.0887963088874743*s - 0.0606361338737095 ; r - 0.0207098298937708
880,0.8886670302349732,B0*i + B1*s ; sqrt(Abs(-B2 + i + r)),-0.000219213325470792*i + 0.0464145067931851*s ; sqrt(Abs(i + r - 74.8008129662039))
881,0.8886657042747403,B0 + B1*s - i ; B2*i + B3*Abs(i)**(3/2),-i - 0.0210804885746924*s - 0.00127093839007381 ; -0.322012143981231*i + 1.75185176834991*Abs(i)**(3/2)
882,0.888664650529729,B0 + B1*i + B2*s ; B3 - i,0.000717277230798013*i + 0.088762745409293*s - 0.0601731256066686 ; 0.0239910633225095 - i
883,0.8886396667247766,B0*i ; i*sqrt(Abs(B1 + i + sqrt(Abs(r)))),0.513340962627474*i ; i*sqrt(Abs(i + sqrt(Abs(r)) - 0.358862873209982))
884,0.8886354727048118,B0*s + B1*i*s ; B2 + r + sqrt(Abs(r)),0.000838310639170542*i*s + 0.0180770297717727*s ; r + sqrt(Abs(r)) - 0.604129773777053
885,0.8885664955593932,B0 + B1*sqrt(Abs(i)) ; B2*i,0.0545284507304183 - 0.0343292922533438*sqrt(Abs(i)) ; -0.0173405312820215*i
886,0.8885557890937482,B0*s + B1*i*s ; B2 + r,-0.000822889074581547*i*s + 0.0197565852914986*s ; r + 0.0183463554718261
887,0.8885502701107948,-i**2 + i*s ; B0 + B1*i + B1*r,-i**2 + i*s ; -0.0111548550183991*i - 0.0111548550183991*r + 0.0192274017251141
888,0.8885433486383323,B0*i ; B1 + B2*i + B3*r,-0.587078429552993*i ; -0.437848460354723*i - 0.02510776931101*r + 0.0253176519588741
889,0.8885433153533543,B0 + B1*i ; B2 + B3*i + B4*r,0.132069276045672*i - 0.0144288154484508 ; 0.418333577859762*i + 0.111702502101187*r - 0.146149750786951
890,0.8885433018173376,B0 + B1*i + B1*s ; B2 + B3*i + B4*r,0.165651570664785*i + 0.165651570664785*s - 0.177327442985263 ; 0.0888602817733222*i - 0.085142112703304*r - 0.101839814829715
891,0.8885431880117012,B0 + B1*i + B2*s ; B3 + 2*i,1.83362272705179*i + 0.00735303941539392*s - 0.0555020239089658 ; 2*i - 0.0606008456951319
892,0.8885323905727353,B0*s + B1*i*s ; B2 + r - Abs(r)**(1/8),0.000819723537402638*i*s + 0.0199633244999451*s ; r - Abs(r)**(1/8) + 0.543053242885812
893,0.8884563081674217,B0 - i + sqrt(Abs(i)) ; B1*sqrt(Abs(i)),-i + sqrt(Abs(i)) - 0.13706907735969 ; 0.00641416629257731*sqrt(Abs(i))
894,0.8884104295546472,B2*sqrt(Abs(B0 + B1*i)) ; B3*r - i,0.0352617827702869*sqrt(Abs(0.0161617784796652*i - 1.62035319480855)) ; -i - 0.809014358975174*r
895,0.888391460236524,B0*i*s + B0*s ; B1 + i**2,-0.000877674795038635*i*s - 0.000877674795038635*s ; i**2 + 0.0494261995033119
896,0.8883539107029769,B0*sqrt(Abs(i - s)) ; B1*sqrt(Abs(i)),0.0432251070853212*sqrt(Abs(i - s)) ; 0.0500415990153802*sqrt(Abs(i))
897,0.888285616354118,B0*i ; i*sqrt(Abs(B1*i + B2)),2.10626564579595*i ; i*sqrt(Abs(74.9519055970151*i - 5.9358476898078))
898,0.8881734456387697,B0*i*s ; B1 + i - r - Abs(r)**(1/4),0.385230710076089*i*s ; i - r - Abs(r)**(1/4) + 0.521310567028064
899,0.8881529587933911,B0*sqrt(Abs(s)) ; B1*i + sqrt(2)*sqrt(Abs(r)),0.0335176370353332*sqrt(Abs(s)) ; 0.00363949784774707*i + sqrt(2)*sqrt(Abs(r))
900,0.888152318748007,B0*sqrt(Abs(s)) ; B1*sqrt(Abs(i)) + i,0.0335176370433245*sqrt(Abs(s)) ; i + 0.017077010468696*sqrt(Abs(i))
901,0.8881458252383921,B0*sqrt(Abs(s)) ; B1*sqrt(Abs(r)) + i,0.0341022602159066*sqrt(Abs(s)) ; i + 0.425271002878136*sqrt(Abs(r))
902,0.8881402031400005,B0*sqrt(Abs(s)) ; i + sqrt(Abs(B1 + i)),0.0341022613504567*sqrt(Abs(s)) ; i + sqrt(Abs(i + 1.17002664704408))
903,0.8881340171298429,B0*sqrt(Abs(s)) ; B2*sqrt(Abs(B1 + i)),0.0335176361038181*sqrt(Abs(s)) ; 0.000295029278515943*sqrt(Abs(i + 0.144861206732151))
904,0.8881268876516278,B0*sqrt(Abs(s)) ; sqrt(Abs(B1 + B2*r)),0.033517635231644*sqrt(Abs(s)) ; sqrt(Abs(0.00212266646558383*r + 0.226988069433681))
905,0.8881237166204504,B0*sqrt(Abs(s)) ; B1 + r - sqrt(Abs(i)),0.0341022577832478*sqrt(Abs(s)) ; r - sqrt(Abs(i)) + 0.00189810271710698
906,0.8881220927502399,B0*sqrt(Abs(s)) ; sqrt(Abs(B1 + r**2)),0.0335176342346979*sqrt(Abs(s)) ; sqrt(Abs(r**2 + 0.000983537397202497))
907,0.888116316027301,B0*sqrt(Abs(s)) ; B1 - i + sqrt(Abs(i)),0.0341022555465907*sqrt(Abs(s)) ; -i + sqrt(Abs(i)) + 0.688209551633716
908,0.8881139307643127,B0*sqrt(Abs(s)) ; B1 + B2*sqrt(Abs(i)),0.0335176312364973*sqrt(Abs(s)) ; 0.00194741713230788*sqrt(Abs(i)) + 6.5743500032833
909,0.888105400696238,B0*sqrt(Abs(s)) ; sqrt(Abs(B1*i + r)),0.033517648527445*sqrt(Abs(s)) ; sqrt(Abs(5.66843541956225*i + r))
910,0.8881036541263889,B0*sqrt(Abs(s)) ; sqrt(Abs(B1 + B2*i)),0.0339697203066757*sqrt(Abs(s)) ; sqrt(Abs(11.4995370251164*i + 1.90961576000947))
911,0.8881011642931314,B0*sqrt(Abs(s)) ; B1*sqrt(Abs(r)) + r,0.0339697362296467*sqrt(Abs(s)) ; r + 14.3018455703959*sqrt(Abs(r))
912,0.8880980507137881,B0*sqrt(Abs(s)) ; sqrt(Abs(B1*i + B2)),0.0339696485351891*sqrt(Abs(s)) ; sqrt(Abs(0.00296758750456882*i + 60.7484434497624))
913,0.8880946680266317,B0*sqrt(Abs(s)) ; sqrt(Abs(B1 + i + r)),0.0335176088350985*sqrt(Abs(s)) ; sqrt(Abs(i + r + 15.4555873283375))
914,0.8880885561028463,B0*sqrt(Abs(s)) ; sqrt(Abs(B1 - 2*i)),0.0339045937865519*sqrt(Abs(s)) ; sqrt(Abs(2*i - 0.000210006152893808))
915,0.8880885552764568,B0*sqrt(Abs(s)) ; sqrt(Abs(B1 - i + r)),0.0339045993550658*sqrt(Abs(s)) ; sqrt(Abs(-i + r + 0.0036508872793385))
916,0.8880838846053525,B0*sqrt(Abs(s)) ; B1*sqrt(Abs(i)) + r,0.0333895949672514*sqrt(Abs(s)) ; r + 0.00027544875855142*sqrt(Abs(i))
917,0.8880284518930583,B0 + B1*i + B2*s ; B3 + B4*Abs(i)**(3/2),0.0319850034483393*i + 2.69778835560924*s + 3.351177189051 ; 21.9513236620708 - 0.0165934064702279*Abs(i)**(3/2)
918,0.8879936303539135,B0*i*s**2 ; B1*r + B2*i*r,0.350739568152675*i*s**2 ; 0.0110742013525201*i*r + 35.1191358919435*r
919,0.887954430053697,B0*sqrt(Abs(i + s)) ; 2*i,0.0330431990869424*sqrt(Abs(i + s)) ; 2*i
920,0.8879464885570847,i ; i,i ; i
921,0.8879452119505119,B0*i + B0*s ; i,0.0457755861359199*i + 0.0457755861359199*s ; i
922,0.8878167199542107,B0*i + B1*s ; i - r + Abs(r)**(1/4),-0.231376329786079*i - 0.0338074632604109*s ; i - r + Abs(r)**(1/4)
923,0.8878109281264335,B0 + B1*sqrt(Abs(i + s)) ; -r + sqrt(Abs(B2 + i)),0.0804895762643645 - 0.147955782284276*sqrt(Abs(i + s)) ; -r + sqrt(Abs(i + 1.70704886318083))
924,0.8877083165684487,B1*sqrt(Abs(B0 - i + s)) ; B2 + B3*sqrt(Abs(r)),0.0613034616815675*sqrt(Abs(i - s + 0.822389221553201)) ; 0.23670587360064 - 0.156390136189956*sqrt(Abs(r))
925,0.8877049131125739,B0*s ; sqrt(Abs(-B1 + i + r)),0.0474979204586734*s ; sqrt(Abs(i + r - 4.49520568389146))
926,0.8877049131125411,B0*s ; B1 - sqrt(Abs(B2 + r)),0.0474980614378676*s ; 4.66618630213624 - sqrt(Abs(r + 2.87272750523458))
927,0.8877049131124821,B0*s ; sqrt(Abs(B1*i + r)),0.0474978888847601*s ; sqrt(Abs(0.00227726849625597*i + r))
928,0.8877049131121376,B0*s ; B1*sqrt(Abs(r)) + i,0.0474981521137354*s ; i + 18.2048784759755*sqrt(Abs(r))
929,0.8877049131115886,B0*s ; sqrt(Abs(B1*r + B2)),0.0474977432181629*s ; sqrt(Abs(1.40088844457985*r + 13.1760745859054))
930,0.8877049131104817,B0*s ; r + sqrt(Abs(B1 - i)),0.0474976395164739*s ; r + sqrt(Abs(i - 0.00225777958593034))
931,0.887704913106806,B0*s ; B1 + sqrt(Abs(B2 - i)),0.0474974179955942*s ; sqrt(Abs(i - 0.244263491331411)) + 5.11711858748461
932,0.8877049131007178,B0*s ; B1 + B2*sqrt(Abs(r)),0.0474971749471444*s ; 0.0104187629747787*sqrt(Abs(r)) + 0.0625842457357193
933,0.8877049130974332,B0*s ; B1*i*sqrt(Abs(r)),2.71902942234945*s ; 2.68211071133875*i*sqrt(Abs(r))
934,0.887704913095254,B0*s ; B1 + i + sqrt(Abs(i)),0.0474970069902427*s ; i + sqrt(Abs(i)) + 0.00918150396509586
935,0.8877049130924081,B0*s ; B1*sqrt(Abs(r)) - r,0.0474990390674379*s ; -r + 6.50472781705107*sqrt(Abs(r))
936,0.8877049130726842,B0*s ; B1 - sqrt(Abs(B2 + i)),0.0474965028102522*s ; 0.00691167711681973 - sqrt(Abs(i + 0.000393889952422483))
937,0.8877049130675922,B0*s ; B1 + r - sqrt(Abs(r)),0.0474964112439683*s ; r - sqrt(Abs(r)) + 31.5052419944187
938,0.8877049130639272,B0*s ; sqrt(Abs(B1 + i + r)),0.0474963485083114*s ; sqrt(Abs(i + r + 0.00329874751213461))
939,0.8877049130280283,B0*s ; sqrt(Abs(B1 - i + r)),0.0475001407077381*s ; sqrt(Abs(-i + r + 0.00627993404710541))
940,0.8877049129861275,B0*s ; B1*r*sqrt(Abs(i)),0.0474953481296335*s ; 41.0473519189672*r*sqrt(Abs(i))
941,0.8877049129382231,B0*s ; B1*sqrt(Abs(i)) + r,0.0474948890036669*s ; r + 0.00383261612620656*sqrt(Abs(i))
942,0.8877049129231841,B0*s ; B1 + i - sqrt(Abs(i)),0.0475012108801545*s ; i - sqrt(Abs(i)) + 34.802232068198
943,0.887704912902383,B0*s ; B1 + r + sqrt(Abs(r)),0.0475013833790344*s ; r + sqrt(Abs(r)) + 0.541073940317907
944,0.8877049127310804,B0*s ; B1 + B2*sqrt(Abs(i)),0.0475025631548509*s ; 0.00043751184165434*sqrt(Abs(i)) + 66.604315763845
945,0.8877049124438966,B0*s ; sqrt(Abs(B1*r + i)),0.0474919233335619*s ; sqrt(Abs(i + 1.42628407093155*r))
946,0.8877049121195214,B0*s ; B1*r + sqrt(Abs(r)),0.0474905982433623*s ; 0.247240509261453*r + sqrt(Abs(r))
947,0.8877049116324024,B0*s ; B1 + r - sqrt(Abs(i)),0.0474889669911556*s ; r - sqrt(Abs(i)) + 6.15905070962957
948,0.8877049071818637,B0*s ; B1 + sqrt(Abs(B2 + i)),2.71904195653221*s ; sqrt(Abs(i + 0.000314636354549384)) + 0.0150249953283927
949,0.8877048961825468,B0*s ; sqrt(Abs(B1 + B2*r)),0.0474674906242586*s ; sqrt(Abs(0.000441503511914003*r + 0.0514345284374133))
950,0.8877047886559878,B0*s ; i**2*sqrt(Abs(r)),0.0475807018185998*s ; i**2*sqrt(Abs(r))
951,0.8877047822439993,B0*s ; Abs(r)**(9/4),0.0475828065884497*s ; Abs(r)**(9/4)
952,0.8877047731937675,B0*s ; r**2*sqrt(Abs(i)),0.0474103411852748*s ; r**2*sqrt(Abs(i))
953,0.8877047620829805,B0*s ; sqrt(Abs(i))*Abs(r)**(3/2),0.0475891086715799*s ; sqrt(Abs(i))*Abs(r)**(3/2)
954,0.8876976111050672,B0*i + i**2 ; B1 + B2*r - i,i**2 - 2.95096084974419*i ; -i - 0.0305568085313483*r + 0.0375855095821821
955,0.8875735368064953,B0*i*Abs(s)**(3/2) ; B1 + r - sqrt(Abs(i))*sqrt(Abs(r)),-0.00198464890376814*i*Abs(s)**(3/2) ; r - sqrt(Abs(i))*sqrt(Abs(r)) + 4.67686398247227
956,0.887554011620798,B0*i + B0*sqrt(Abs(s)) ; B1*r + i,0.0453798164699592*i + 0.0453798164699592*sqrt(Abs(s)) ; i + 0.00655579121811345*r
957,0.8874200623541348,B0 + B1*i + B2*s ; B3 + r - sqrt(Abs(r)),0.000623167174687858*i + 0.0746761400777624*s - 0.0496768517178875 ; r - sqrt(Abs(r)) + 0.148915547309342
958,0.887400219979517,B2*sqrt(Abs(B0 + B1*i)) ; B3*r - 2*i,0.115650099525129*sqrt(Abs(0.00150788512424707*i - 0.151179473057091)) ; -2*i - 1.86410310874499*r
959,0.8873843199006811,B0 + B1*i ; sqrt(Abs(B2 + B3*r**2)),0.000442163808877439*i + 0.0466840353968475 ; sqrt(Abs(0.042125137728066*r**2 - 1.71897439070027))
960,0.8873596909197401,B0 + B1*sqrt(Abs(s)) ; B2*i + B3*r,0.0479559495603516*sqrt(Abs(s)) - 0.000345827026517619 ; 1.74229713137442*i + 8.85926092523336*r
961,0.8873471155499958,B0 + B1*sqrt(Abs(s)) ; B2*r - r**2,0.0471212301560771*sqrt(Abs(s)) - 0.000330769314290671 ; -r**2 + 4.62409845783913*r
962,0.8873316669197974,B0 + B1*sqrt(Abs(s)) ; B2 + B3*i + r,0.0486919043606506*sqrt(Abs(s)) - 0.000447977816395393 ; 4.39451353535333*i + r + 0.0687155586323894
963,0.8873314733101154,B0 + B1*sqrt(Abs(s)) ; -r + sqrt(Abs(r + sqrt(Abs(r)))),0.0489966323705414*sqrt(Abs(s)) - 0.000383035201690342 ; -r + sqrt(Abs(r + sqrt(Abs(r))))
964,0.887330351699976,B0 + B1*sqrt(Abs(s)) ; B2*Abs(i - r)**(1/4),0.049011120202645*sqrt(Abs(s)) - 0.000372885639317902 ; 0.154729536516172*Abs(i - r)**(1/4)
965,0.8873281482121231,B0 + B1*sqrt(Abs(s)) ; B2*Abs(i)**(3/2) - i,0.0488760517152797*sqrt(Abs(s)) - 0.000429986325950348 ; -i + 1.8125578165669*Abs(i)**(3/2)
966,0.8872800905197264,B0 + B1*i ; B2 + sqrt(Abs(i - r)),0.000303923708706122*i + 0.0383673713485219 ; sqrt(Abs(i - r)) - 0.121112533894031
967,0.8872488298810894,B0*Abs(i)**(3/2)*sqrt(Abs(s)) ; i,7.30884645969757*Abs(i)**(3/2)*sqrt(Abs(s)) ; i
968,0.88714925618147,B0*i**2 ; i,49.9999999184906*i**2 ; i
969,0.8870968510001916,i ; B0*r + i,i ; i + 0.000618990428722248*r
970,0.8870050836353541,B0*i + B1*s ; B2 + 2*i,-0.00176661133284045*i + 2.70569166492235*s ; 2*i - 89.4753837091617
971,0.8869267305149214,B0 + B1*i ; B2 + i - sqrt(Abs(r)),0.0462771273610872 - 0.0746970619161115*i ; i - sqrt(Abs(r)) + 0.129339438079105
972,0.8869104300271754,B0 + B1*i + B2*s ; i*sqrt(Abs(B3 + B4*i)),0.75773332902566*i + 0.0121226473060807*s + 0.00120257690407836 ; i*sqrt(Abs(9.44844924278734*i - 1.28441420046936))
973,0.8868464908462373,Abs(i)**(11/8) ; B0*i + B1*r,Abs(i)**(11/8) ; 2.80061301637388*i - 0.0741368950093422*r
974,0.8868426734195115,B0*Abs(s)**(1/4) + B1*s ; B2 + B3*sqrt(Abs(r)),2.76467344464578*s - 0.356355354665748*Abs(s)**(1/4) ; 0.0109532839834045*sqrt(Abs(r)) + 0.0106774643977828
975,0.8868347558478319,B0*sqrt(Abs(s)) + B1*s ; B2 - sqrt(Abs(r)),2.772096420577*s + 0.748148146487177*sqrt(Abs(s)) ; 11.697853402125 - sqrt(Abs(r))
976,0.8867990473950682,i*s**2 ; B0 + i**2 - r,i*s**2 ; i**2 - r + 0.0388169475191656
977,0.8867982849976684,B0*i*Abs(s)**(3/2) ; r + sqrt(Abs(i)),-0.000688666599192528*i*Abs(s)**(3/2) ; r + sqrt(Abs(i))
978,0.8867920206300974,B0*sqrt(Abs(i))*sqrt(Abs(s)) ; i**3,0.0790825195874198*sqrt(Abs(i))*sqrt(Abs(s)) ; i**3
979,0.886477804839221,B0*i + B1*i**2 ; B2*r + i - r**2,-1.1901333173827*i**2 + 0.536808849860205*i ; i - r**2 - 1.11295471492034*r
980,0.8864695300607315,B1*i*Abs(B0 + i)**(1/4) ; B2*i + i*r,0.0233596873558837*i*Abs(i + 30895.7979564228)**(1/4) ; i*r + 0.076463445471073*i
981,0.8864520212297607,B0 + B2*sqrt(Abs(B1 - i)) ; B3 + sqrt(Abs(i)),0.0422434835385879 - 0.00422027303915949*sqrt(Abs(i + 0.708310935032589)) ; sqrt(Abs(i)) - 0.108752700941475
982,0.886349516003212,B0*s*Abs(i + s)**(1/4) ; B1*sqrt(Abs(i)) - 2*i,0.0292840198711923*s*Abs(i + s)**(1/4) ; -2*i + 0.453686078572654*sqrt(Abs(i))
983,0.8863239190034892,B0 + B1*sqrt(Abs(i - s)) ; i - r + sqrt(Abs(i)) - sqrt(Abs(r)),0.185001102156344 - 0.17904848188001*sqrt(Abs(i - s)) ; i - r + sqrt(Abs(i)) - sqrt(Abs(r))
984,0.886257910618945,B0 + B1*i + B2*s ; B3 + i,-1.45666280131865*i + 0.32928549489619*s - 40.0685878685471 ; i + 27.5381548826058
985,0.8862532978990981,B0*i*Abs(s)**(3/2) ; -i + r,0.00068320216921345*i*Abs(s)**(3/2) ; -i + r
986,0.8862460795112073,B0 + B1*i + B2*s ; B3 + B4*i,-1.54569289638636*i + 0.861160397214456*s - 27.1843441666278 ; 0.375183211749884*i + 6.62744209091289
987,0.8862421600027628,B0*i**2 + B1*s ; B2*i + i*sqrt(Abs(r)),-0.10826085193852*i**2 + 2.40080496225359*s ; i*sqrt(Abs(r)) + 0.645505255029998*i
988,0.8862246894443961,B0*sqrt(Abs(i))*sqrt(Abs(s)) ; B1 + i,0.192665361336153*sqrt(Abs(i))*sqrt(Abs(s)) ; i - 0.0147947771567624
989,0.8860983758878643,i**2*sqrt(Abs(s)) ; B0 + i,i**2*sqrt(Abs(s)) ; i + 0.201871579219071
990,0.8860079179055852,B0 + B1*sqrt(Abs(i)) ; B2 + B3*r + 2*i,0.0362854480210897*sqrt(Abs(i)) - 0.0454558043686246 ; 2*i + 1.77778677122741*r - 2.12609082562041
991,0.8860035685284413,B0*Abs(i)**(3/8) ; B1*i + B2*i*r,0.0706715970131051*Abs(i)**(3/8) ; 2.59210365787533*i*r + 2.68467509981393e-7*i
992,0.8859357873405803,s*sqrt(Abs(B0*i + B1)) ; i,s*sqrt(Abs(0.240461803215069*i + 7.20717966123511)) ; i
993,0.885902579635042,B0*i + B1*s ; -i + 2*r,0.000170106086026504*i + 0.0420593812478078*s ; -i + 2*r
994,0.885876141225598,B0 + B1*sqrt(Abs(i)) ; i - r + sqrt(Abs(i)),0.0667601810434759 - 0.0948381842832328*sqrt(Abs(i)) ; i - r + sqrt(Abs(i))
995,0.8857447856016308,B0*i + B1*s ; 2*r + sqrt(Abs(i)),-0.000169108417719552*i + 0.0417721346932943*s ; 2*r + sqrt(Abs(i))
996,0.8856670070969692,B0*i*Abs(s)**(1/4) ; B1 + sqrt(Abs(r - sqrt(Abs(r)))),-0.0698138083159857*i*Abs(s)**(1/4) ; sqrt(Abs(r - sqrt(Abs(r)))) - 0.233827704008597
997,0.8856662044110812,s*sqrt(Abs(B0 + B1*sqrt(Abs(i)))) ; B2*sqrt(Abs(r)),s*sqrt(Abs(0.015211627807446*sqrt(Abs(i)) - 0.00320350160195882)) ; 0.624023000658443*sqrt(Abs(r))
998,0.8856167178650199,i**2 - i*s ; B0 + sqrt(Abs(B1*r + B2)),i**2 - i*s ; sqrt(Abs(0.00278120716238746*r - 0.00340685847072288)) - 0.000414521608231508
999,0.885348282141738,B0*s*sqrt(Abs(i)) ; B1 + i*r + i + r,0.140675707204865*s*sqrt(Abs(i)) ; i*r + i + r - 0.0129656789896083
1000,0.8853212895685465,B0 + i + s ; B1*i + B1*r,i + s - 0.969955645242167 ; 0.000661769907760968*i + 0.000661769907760968*r
1001,0.8852821330161339,B0*sqrt(Abs(i))*Abs(s)**(3/2) ; i*sqrt(Abs(r)),0.124963398749982*sqrt(Abs(i))*Abs(s)**(3/2) ; i*sqrt(Abs(r))
1002,0.8852821326489061,B0*sqrt(Abs(i))*Abs(s)**(3/2) ; i**2*r - r,0.124964284086884*sqrt(Abs(i))*Abs(s)**(3/2) ; i**2*r - r
1003,0.8852821298446036,B0*sqrt(Abs(i))*Abs(s)**(3/2) ; r,0.124970533962399*sqrt(Abs(i))*Abs(s)**(3/2) ; r
1004,0.8851743226436276,B0 + B1*i + B1*s ; B2 - i,0.000276497369287628*i + 0.000276497369287628*s + 0.0335352220039557 ; 0.0538023903585188 - i
1005,0.8851397696729553,B0 + B1*i ; sqrt(Abs(B2*Abs(i)**(1/4) - r)),0.000448761874572183*i + 0.0473848668666685 ; sqrt(Abs(r - 3.65387571048241*Abs(i)**(1/4)))
1006,0.885130500172474,B0 + B1*s + Abs(s)**(3/2) ; B2 - i + sqrt(Abs(i)),1.27216756104426*s + Abs(s)**(3/2) - 2.43483761011069 ; -i + sqrt(Abs(i)) + 0.00408527729866024
1007,0.8850976499005407,B0*i + B1*s ; B2 - Abs(i - sqrt(Abs(r)))**(1/4),0.0139566384179845*i + 2.74831640309597*s ; -Abs(i - sqrt(Abs(r)))**(1/4) - 1.6851216251739
1008,0.8850725585279586,B0 + B1*sqrt(Abs(i - s)) ; B2 + B3*i - r + sqrt(Abs(i)),0.109392907604025 - 0.109598846796404*sqrt(Abs(i - s)) ; 0.0128128699655973*i - r + sqrt(Abs(i)) - 0.770616564051159
1009,0.8850590974592536,B0*i**2*s ; B1 + r,8.85858142818079e-6*i**2*s ; r + 0.0056588433735518
1010,0.8850069404912756,B0 + B1*sqrt(Abs(i - s)) ; B2*sqrt(Abs(r)) + sqrt(Abs(i)),0.0497042024989196 - 0.00494083729180738*sqrt(Abs(i - s)) ; sqrt(Abs(i)) - 0.31756296630692*sqrt(Abs(r))
1011,0.8849728016785217,B0*i + B1*Abs(i)**(3/2) ; sqrt(Abs(B2 + i)),-0.00445576520729872*i - 0.000442574774075424*Abs(i)**(3/2) ; sqrt(Abs(i + 0.397851627142006))
1012,0.8849586528570219,B0 + B1*i + B2*s ; B3 + B4*sqrt(Abs(r)),-0.122400542502326*i - 0.00543065384734883*s - 0.0170993120020235 ; 0.298856351654067 - 0.264004950955526*sqrt(Abs(r))
1013,0.8849453876598631,B0 + B1*i ; i - r + sqrt(Abs(i)),0.0276673321268037 - 0.105510751955347*i ; i - r + sqrt(Abs(i))
1014,0.8848721311945088,B0 + B3*sqrt(Abs(B1 + B2*s)) ; B4 + i,0.109352729750168 - 0.246233766002559*sqrt(Abs(0.318932326570607*s - 0.16852274839204)) ; i + 0.000643491783532909
1015,0.884848909945706,B0*s + B1*i*s ; sqrt(Abs(B2*i + B3*r + B4)),0.000934537301563266*i*s + 2.75087253718881*s ; sqrt(Abs(0.190821639835789*i - 4.76939559828951*r + 117.218097550689))
1016,0.8848421740364892,B0 + B1*i + B1*s ; sqrt(Abs(B2 + i)),0.000469260426748823*i + 0.000469260426748823*s + 0.0492930141494157 ; sqrt(Abs(i + 13.6152512256672))
1017,0.8848348430710442,B0*s**2 ; B1 + 2*r,0.0453550853980045*s**2 ; 2*r + 0.0524094335487772
1018,0.8848348430709359,B0*s**2 ; B1 + sqrt(Abs(i)),0.0453551043106611*s**2 ; sqrt(Abs(i)) + 59.3377601192949
1019,0.8848348430706993,B0*s**2 ; B1 + Abs(r)**(1/4),0.0453551413405916*s**2 ; Abs(r)**(1/4) + 3.48471513593807
1020,0.8848348430630179,B0*s**2 ; B1*r**2,0.0453557114091904*s**2 ; 0.000161153565407871*r**2
1021,0.8848348430597603,B0*s**2 ; B1 + B2*r,0.0453558603643376*s**2 ; 0.000342997497069674*r + 0.00113249043891249
1022,0.8848348430530134,B0*s**2 ; B1 + i - r,0.0453535844225869*s**2 ; i - r + 18.1187327716516
1023,0.8848348430525679,B0*s**2 ; B1*r,0.0453561292648276*s**2 ; 0.00300222244901439*r
1024,0.884834843050974,B0*s**2 ; B1 - r,0.0453535171711241*s**2 ; 0.338937322923035 - r
1025,0.8848348430404722,B0*s**2 ; B1 + 2*i,0.045356484640262*s**2 ; 2*i + 0.0027998329357912
1026,0.8848348430403954,B0*s**2 ; B1*Abs(i)**(1/4),0.0453564866492003*s**2 ; 0.0151656361106333*Abs(i)**(1/4)
1027,0.8848348430400182,B0*s**2 ; B1*i + r,0.0453532022241217*s**2 ; 2.42779301586391*i + r
1028,0.8848348429744524,B0*s**2 ; B1*i**2,0.0453577353257638*s**2 ; 0.170913760305731*i**2
1029,0.8848348429611852,B0*s**2 ; sqrt(Abs(B1 - r)),0.0453517728817421*s**2 ; sqrt(Abs(r - 0.00815850686719537))
1030,0.8848348428719186,B0*s**2 ; B1*i,0.0453589859193375*s**2 ; 0.00848670678409882*i
1031,0.8848348428392979,B0*s**2 ; B1 + B2*i,0.0453503880322636*s**2 ; 0.756488073154936*i + 0.0752856242604809
1032,0.8848348427525772,B0*s**2 ; B1 - 2*i,0.0453496215246295*s**2 ; 0.00710301018846727 - 2*i
1033,0.8848348417773235,B0*s**2 ; B1 - i + r,0.0453653790448902*s**2 ; -i + r + 0.00133469435492885
1034,0.8848348414340931,B0*s**2 ; B1 + i,0.0453666932326513*s**2 ; i + 1.54342106339192
1035,0.8848348412463746,B0*s**2 ; B1 + sqrt(Abs(r)),0.0453673537041211*s**2 ; sqrt(Abs(r)) + 0.000236183531884739
1036,0.8848348403724925,B0*s**2 ; B1 + i + r,0.0453700554130614*s**2 ; i + r + 12.3409047827701
1037,0.8848348397673387,B0*s**2 ; B1 + i*r,0.0453380281393858*s**2 ; i*r + 0.00110004899706915
1038,0.8848348394400929,B0*s**2 ; sqrt(Abs(B1 + i)),0.0453724875701763*s**2 ; sqrt(Abs(i + 5.25270243132957))
1039,0.8848348391335376,B0*s**2 ; B1 - i,0.0453364858190849*s**2 ; 0.061844954384485 - i
1040,0.8848348377423864,B0*s**2 ; B1 + r,0.0453334875916567*s**2 ; r + 0.00593142180195139
1041,0.8848348290863187,B0*s**2 ; B1 - 2*r,0.0453894662699154*s**2 ; 7.62168648833671 - 2*r
1042,0.8848348119252626,B0*s**2 ; 2*r,0.0454065149275289*s**2 ; 2*r
1043,0.8848348093073188,B0*s**2 ; i,0.0453010912639446*s**2 ; i
1044,0.8848348077220384,B0*s**2 ; Abs(i)**(1/4),0.0454098919319614*s**2 ; Abs(i)**(1/4)
1045,0.884834804809421,B0*s**2 ; -i + 2*r,0.045412115443006*s**2 ; -i + 2*r
1046,0.8848348029210501,B0*s**2 ; i + r,0.0452962291046069*s**2 ; i + r
1047,0.8848348017000249,B0*s**2 ; r,0.0452953447527888*s**2 ; r
1048,0.8848348005915453,B0*s**2 ; -Abs(r)**(1/8),0.0452945531579839*s**2 ; -Abs(r)**(1/8)
1049,0.8848347966832638,B0*s**2 ; i**3,0.0452918415343381*s**2 ; i**3
1050,0.8848347938811437,B0*s**2 ; r**2,0.0454197835641688*s**2 ; r**2
1051,0.8848347931598451,B0*s**2 ; i - Abs(r)**(1/4),0.0452894934039348*s**2 ; i - Abs(r)**(1/4)
1052,0.8848347900130232,B0*s**2 ; i*Abs(r)**(3/2),0.0452874654705073*s**2 ; i*Abs(r)**(3/2)
1053,0.8848347897828716,B0*s**2 ; 2*i,0.0452873195445794*s**2 ; 2*i
1054,0.8848347759620419,B0*s**2 ; sqrt(Abs(r)),0.0452790705423357*s**2 ; sqrt(Abs(r))
1055,0.8848019195199449,B0*i*sqrt(Abs(s)) ; i,1.18997757608537*i*sqrt(Abs(s)) ; i
1056,0.8847379384439683,B0 + B1*i + B2*s ; sqrt(Abs(B3 + r + sqrt(Abs(i))*sqrt(Abs(r)))),-0.00121794272871409*i + 0.128427716395305*s - 0.113149598083687 ; sqrt(Abs(r + sqrt(Abs(i))*sqrt(Abs(r)) + 4.84026208052809))
1057,0.8847305613533987,B0 + B1*i ; B2 + i - r - sqrt(Abs(i)),-0.135090580360197*i - 0.40069859705403 ; i - r - sqrt(Abs(i)) + 8.83256673843734
1058,0.8847132184721274,B0*s*Abs(i)**(1/4) ; B1 + B2*i + B3*sqrt(Abs(r)),0.0447583075441214*s*Abs(i)**(1/4) ; -1.02860865109764*i - 0.249555963693364*sqrt(Abs(r)) + 0.0808532344071705
1059,0.8846927725932604,B0 + B1*Abs(i)**(1/4) ; B2 + sqrt(Abs(i)),0.0543750597280319 - 0.0159817192262135*Abs(i)**(1/4) ; sqrt(Abs(i)) - 0.0888796607429984
1060,0.8846660162692869,B0*i ; i*sqrt(Abs(B1 + 2*r)),0.437162726560748*i ; i*sqrt(Abs(2*r - 0.169327824559304))
1061,0.8844553293244775,B0*sqrt(Abs(i))*sqrt(Abs(s)) ; i,0.23291082459159*sqrt(Abs(i))*sqrt(Abs(s)) ; i
1062,0.8842034968310413,B0*i ; B1*i + B2*r,2.29803902949004*i ; 2.32430195282437*i + 0.000159482069692616*r
1063,0.8841580403936797,B0*Abs(s)**(5/4) ; B1 + B2*sqrt(Abs(i)),0.0467926643140091*Abs(s)**(5/4) ; 0.0349371846269569*sqrt(Abs(i)) + 0.633547773344786
1064,0.8841580403876194,B0*Abs(s)**(5/4) ; sqrt(Abs(B1 + i)),0.0467935545664696*Abs(s)**(5/4) ; sqrt(Abs(i + 10.7609723421619))
1065,0.8841580402536086,B0*Abs(s)**(5/4) ; B1 + i - r,0.0467898984031141*Abs(s)**(5/4) ; i - r + 0.0133097170946358
1066,0.8841577463359275,B0*Abs(s)**(5/4) ; Abs(i)**(1/4),0.0466561813122544*Abs(s)**(5/4) ; Abs(i)**(1/4)
1067,0.8841577366754928,B0*Abs(s)**(5/4) ; i*r**2,0.0466539553262624*Abs(s)**(5/4) ; i*r**2
1068,0.884157707493932,B0*Abs(s)**(5/4) ; 2*r,0.0466474383565322*Abs(s)**(5/4) ; 2*r
1069,0.8841396520523594,B0*s + B1*s*sqrt(Abs(i)) ; B2 + B3*r - i*r,0.240353279624723*s*sqrt(Abs(i)) - 0.021346008856015*s ; -i*r + 0.151795924460238*r + 0.00978866154152267
1070,0.8841230938027584,B0 + B1*i*s + B1*s ; B2 + sqrt(Abs(B3 + i)),-0.00169851813788208*i*s - 0.00169851813788208*s + 0.00878874597894444 ; sqrt(Abs(i - 6.43029903076819)) - 0.286320243046567
1071,0.8840926967867081,B0 + B1*i + B1*s**2 ; B2 + B3*r,-0.22654740384087*i - 0.22654740384087*s**2 + 0.23335012814206 ; 0.00681510505572203*r + 0.000446210553450767
1072,0.8840641671855987,B0*s + B1*i*s ; -r**2 + Abs(r)**(9/8),0.241049365797845*i*s + 0.0060748280131605*s ; -r**2 + Abs(r)**(9/8)
1073,0.8840641671843661,B0*s + B1*i*s ; r*sqrt(Abs(i**2 + 2*r)),0.241048924262841*i*s + 0.00607487110237113*s ; r*sqrt(Abs(i**2 + 2*r))
1074,0.8840641671838686,B0*s + B1*s**2 ; i + sqrt(Abs(B2 + i + 2*r)),-0.24104898102316*s**2 + 0.247123922298243*s ; i + sqrt(Abs(i + 2*r + 0.000149821994692008))
1075,0.8840641671750274,B0*s + B1*i*s ; r**2 + r*sqrt(Abs(B2 - i)),0.241046749281398*i*s + 0.00607510376596435*s ; r**2 + r*sqrt(Abs(i - 0.0706581523523848))
1076,0.8840427126819652,B0 + B1*i**2 + B1*s ; r*sqrt(Abs(i + r**2 - r)),-0.22947068566339*i**2 - 0.22947068566339*s + 0.236275882254822 ; r*sqrt(Abs(i + r**2 - r))
1077,0.8840427117870773,B0 + B1*i**2 + B1*s ; B2*r,-0.229430993289494*i**2 - 0.229430993289494*s + 0.236240979601998 ; 20.2115469771958*r
1078,0.8839736446540779,B0*i**2*s ; B1 + B2*sqrt(Abs(r)) + B3*r,0.118239201659869*i**2*s ; 0.901164686013055*r + 1.54418873639372*sqrt(Abs(r)) - 0.650808409905756
1079,0.8839550305006398,B0 + B1*s + B1*sqrt(Abs(i)) ; B2*sqrt(Abs(i))*Abs(r)**(3/2),0.440326384339477*s + 0.440326384339477*sqrt(Abs(i)) - 0.493743257428924 ; 0.0755406633868807*sqrt(Abs(i))*Abs(r)**(3/2)
1080,0.883949099605264,B0*i*s ; i*sqrt(Abs(B1*i + B2*r)),0.333338781910705*i*s ; i*sqrt(Abs(0.0174448746586562*i - 0.010566473424734*r))
1081,0.8839394452843699,B0 + B1*i ; B2 + B3*i*r**2,-2.57289779771789*i - 0.936468050978412 ; 0.0960914343318098*i*r**2 + 0.0758236865132585
1082,0.8839058250267309,B0*sqrt(Abs(i))*sqrt(Abs(s)) ; B1 + r*sqrt(Abs(i)),0.00351708768167032*sqrt(Abs(i))*sqrt(Abs(s)) ; r*sqrt(Abs(i)) + 1.17301129059917
1083,0.8838855241066266,B0*s + B1*i*s ; B2 - sqrt(Abs(B3*i + i*r)),0.149599466318847*i*s + 2.57771201791776*s ; 0.615041439657624 - sqrt(Abs(i*r + 0.175941491533182*i))
1084,0.8838645005105327,B1*i*s*sqrt(Abs(B0 + i)) ; B2 - i*r,0.0912658509013634*i*s*sqrt(Abs(i + 6.19516037485644)) ; -i*r - 0.0118159949374521
1085,0.8838486024835572,B0 + B1*s + B1*Abs(i)**(3/2) ; -Abs(r)**(1/8),-0.421187093114588*s - 0.421187093114588*Abs(i)**(3/2) + 0.421101534886935 ; -Abs(r)**(1/8)
1086,0.8838169927219837,B0 + Abs(B1 + i)**(1/4) ; B2*i,Abs(i - 17.2941859168487)**(1/4) - 1.99149303880007 ; -0.00744790644664537*i
1087,0.8837764594795445,B0 + B1*sqrt(Abs(i)) + B2*s ; B3 + B4*i + B4*r,0.499896917246995*s + 0.632028320776985*sqrt(Abs(i)) - 0.560710427075805 ; -0.0141231860469636*i - 0.0141231860469636*r + 0.0145596978577675
1088,0.8837523102769392,B0*i*sqrt(Abs(i*s + s)) ; B1*i,0.565882850434273*i*sqrt(Abs(i*s + s)) ; 0.367901654435481*i
1089,0.8837340626246724,B0 + B1*i + B2*s ; B3 + 2*r,-0.000613038992629624*i + 0.0755998679219042*s - 0.0500171394812352 ; 2*r + 0.00034197603566475
1090,0.8837017117736797,B0 + B1*i + B2*s ; B3 + i - sqrt(Abs(i + 2*r)),0.462047590626178*i + 0.432082474414084*s - 0.433058156099787 ; i - sqrt(Abs(i + 2*r)) + 0.0421102873441413
1091,0.8837015122601102,B0*i + B1*s ; B2 + 2*r + sqrt(Abs(i)),-0.000250328793015976*i + 0.0499381224762552*s ; 2*r + sqrt(Abs(i)) - 0.275294366846231
1092,0.8836919866595526,B0 + B1*i + B2*s ; B3*i + i**2 + r,-0.000602718202178168*i + 0.0755189567401201*s - 0.0490360337121091 ; i**2 + 0.0817350288192775*i + r
1093,0.8836751089452801,B0 + B1*sqrt(Abs(i)) + B2*s ; B3 + B4*i,0.458083081575828*s + 0.580325746380637*sqrt(Abs(i)) - 0.514435089156712 ; 0.0129190636265019 - 0.015081139618407*i
1094,0.8836533193643442,B0 + B1*i ; B2*sqrt(Abs(i + 2*r)),0.000433874986162784*i + 0.0443068336240351 ; 0.569848231603793*sqrt(Abs(i + 2*r))
1095,0.8836440670255156,B0*s - s*sqrt(Abs(i - s)) ; B1 + B2*r + 2*i,-s*sqrt(Abs(i - s)) + 0.993858423371211*s ; 2*i + 0.825871285216305*r - 0.00777340514099792
1096,0.8835942062562804,B0*i*s ; B1*sqrt(Abs(i**2 + i*r)),0.340704906706744*i*s ; 0.0467136391560935*sqrt(Abs(i**2 + i*r))
1097,0.883553786962545,B0*i + B1*i**2 ; i*sqrt(Abs(B2 + 2*i + r)),-1.62457384089498*i**2 + 0.68230523247253*i ; i*sqrt(Abs(2*i + r - 0.32504782641162))
1098,0.8835412020818605,B0*s + B1*s*sqrt(Abs(i)) ; B2 + 2*i + r,0.220795398212898*s*sqrt(Abs(i)) - 0.0138632397511357*s ; 2*i + r - 0.00166100737603079
1099,0.8834443066540584,B0 + B1*i ; B2*i + i**2,0.452485997817482 - 2.53549915964146*i ; i**2 - 0.194180636482657*i
1100,0.8834250329722656,B0*Abs(i)**(5/4) ; i,2.65895569401544*Abs(i)**(5/4) ; i
1101,0.88337525140994,i*sqrt(Abs(B0 + i)) ; B1*i - i**2,i*sqrt(Abs(i + 5.65410477620578)) ; -i**2 + 2.43099221159107*i
1102,0.8833447877884383,B0*i + B1*s ; B2 + r - sqrt(Abs(B3 + r)),0.00024473024360139*i + 0.0487177179738659*s ; r - sqrt(Abs(r + 0.0867252650370338)) + 0.193081090297736
1103,0.8833045081827552,B0 + B1*i + B2*s ; sqrt(Abs(i)),-0.0138270946463059*i + 2.70870185317351*s - 1.05165058802272 ; sqrt(Abs(i))
1104,0.8832983544258648,B0*sqrt(Abs(i))*sqrt(Abs(s)) ; B1 - i,0.00356870696117295*sqrt(Abs(i))*sqrt(Abs(s)) ; 4.25229113457595 - i
1105,0.8832751299270545,B0 + B1*i ; B2 + B3*r - i*r,0.039812556042963 - 0.0388797898761581*i ; -i*r - 0.135095877692416*r + 0.0713509354369625
1106,0.8832684653693532,-i + s - sqrt(Abs(i))*sqrt(Abs(s)) ; B0 + B1*i + B2*r,-i + s - sqrt(Abs(i))*sqrt(Abs(s)) ; 0.69255392282449*i + 0.241150061734958*r - 0.142083015582459
1107,0.8832553930852081,B0*s + B1*sqrt(Abs(i - s)) ; i*r,2.77125010032339*s + 0.121645514288501*sqrt(Abs(i - s)) ; i*r
1108,0.8832532740494171,B0 + B1*sqrt(Abs(s**2 - s)) ; B2 + 2*r,0.154158095955135*sqrt(Abs(s**2 - s)) - 0.0152540027193525 ; 2*r + 0.000278428849781235
1109,0.8832471163857224,B0*i + B1*i*sqrt(Abs(s)) ; B2 + B3*i + r,-0.717433511512183*i*sqrt(Abs(s)) + 0.752146025301771*i ; 3.22654874909565*i + r - 0.962286355524899
1110,0.8832466982614307,B0*sqrt(Abs(i))*sqrt(Abs(s)) ; B1 + r,0.00355845650576157*sqrt(Abs(i))*sqrt(Abs(s)) ; r + 4.93675783413681
1111,0.8832464361026194,i*sqrt(Abs(s)) ; B0*i + B1*i*sqrt(Abs(r)),i*sqrt(Abs(s)) ; -0.537911101172201*i*sqrt(Abs(r)) + 0.968447336007255*i
1112,0.8832228016773832,B0*s + B1*Abs(s)**(5/4) ; B2 + B3*r,0.71770114959551*s - 0.705180790431527*Abs(s)**(5/4) ; 0.0205628548666552*r + 2.15117320971896
1113,0.8832087155503723,B0*s*sqrt(Abs(i - s)) ; B1*i + Abs(i)**(3/2),0.0335028501858363*s*sqrt(Abs(i - s)) ; -2.09067298783789*i + Abs(i)**(3/2)
1114,0.8832081584478508,i*Abs(s)**(3/2) - i*sqrt(Abs(s)) ; B0 + B2*sqrt(Abs(B1*i - r)),i*Abs(s)**(3/2) - i*sqrt(Abs(s)) ; 1.73342962369786 - 1.70123401924667*sqrt(Abs(1.86664022593946*i - r))
1115,0.8831784642875632,B0*i*s ; B1 + sqrt(Abs(B2*i + B3*r)),-0.00496210790915513*i*s ; sqrt(Abs(0.0298171259163261*i - 0.109282088398781*r)) + 0.860230040702696
1116,0.8831590301968358,B0*i*s + B0*s**2 ; B1 + sqrt(Abs(i)),-0.00134847009917113*i*s - 0.00134847009917113*s**2 ; sqrt(Abs(i)) + 1.79664785321018
1117,0.8831508815542608,B0*i*s ; i*sqrt(Abs(B1 - i + Abs(r)**(1/4))),0.781208390454503*i*s ; i*sqrt(Abs(i - Abs(r)**(1/4) + 0.721777623754157))
1118,0.8831501892261758,B0*i*s**2 ; i + sqrt(Abs(i)),-0.0825142806660431*i*s**2 ; i + sqrt(Abs(i))
1119,0.8831354530386405,B0*i + B1*i**2 ; i + sqrt(Abs(B2*r + r**2)),-2.39214728062679e-5*i**2 - 0.00241493180852936*i ; i + sqrt(Abs(r**2 + 8.94668618170692*r))
1120,0.8831320371947095,Abs(i)**(3/2) ; B1*i*sqrt(Abs(B0 + r)) - i,Abs(i)**(3/2) ; 1.40358934125756*i*sqrt(Abs(r - 7.71073714991782)) - i
1121,0.8831044150026494,B1*sqrt(Abs(B0 + i)) ; sqrt(Abs(i - sqrt(Abs(i)))),0.00477563035505309*sqrt(Abs(i + 101.244520741477)) ; sqrt(Abs(i - sqrt(Abs(i))))
1122,0.8831043908563595,B0*s + B1*i*s ; B2 + 2*r,-0.000672347603495555*i*s + 0.0184945591495286*s ; 2*r + 0.000289443429069909
1123,0.8830970285921611,B0*i + B1*i**2 ; sqrt(Abs(i)),-2.66998260105276e-5*i**2 - 0.00270367119034816*i ; sqrt(Abs(i))
1124,0.8830634103866485,B0*s + B0*sqrt(Abs(i)) ; B1 + B2*Abs(r)**(1/4),0.0456303238095524*s + 0.0456303238095524*sqrt(Abs(i)) ; 0.0726854975549622 - 0.0547554574296363*Abs(r)**(1/4)
1125,0.8830449388956443,B0*i*sqrt(Abs(s)) ; B1 + sqrt(Abs(r - sqrt(Abs(i)))),-0.000362572082465699*i*sqrt(Abs(s)) ; sqrt(Abs(r - sqrt(Abs(i)))) + 9.10631396143273
1126,0.8830373081728653,B0*s + B1*i*s ; B2 + i,-1.18182062876297*i*s - 0.577410669950875*s ; i + 0.603104456616083
1127,0.8830297966478855,B0*sqrt(Abs(i)) + B1*s ; B2 + B3*i,0.0263684586340285*s + 0.0742500618652214*sqrt(Abs(i)) ; 0.236687788667837*i + 0.00572706098438078
1128,0.8829918900310405,B0*s + B1*s*sqrt(Abs(i)) ; B2 + sqrt(Abs(i)),0.0207993655354014*s*sqrt(Abs(i)) + 0.00213745583574596*s ; sqrt(Abs(i)) - 0.105541926852818
1129,0.8829885181354505,B0*i*s ; i - sqrt(Abs(B1*i*r + i)),0.0170561686897856*i*s ; i - sqrt(Abs(1.13817790303113*i*r - i))
1130,0.8829800119624427,B0*s + B0*sqrt(Abs(s)) ; B1 + r,0.0232964409726966*s + 0.0232964409726966*sqrt(Abs(s)) ; r + 0.363410907666638
1131,0.8829796243311597,B0*s + B0*sqrt(Abs(s)) ; r,0.0236096930548537*s + 0.0236096930548537*sqrt(Abs(s)) ; r
1132,0.8829506788409212,B1*sqrt(Abs(B0 + i)) ; B2 + B3*r + i,0.0679458176519142*sqrt(Abs(i + 0.0509676746914968)) ; i - 0.39964138955758*r + 0.569946752535216
1133,0.8829080639564921,B0*i ; B1*i - i**2,2.41169706875768*i ; -i**2 + 2.46272715405822*i
1134,0.8828795536375575,B0*sqrt(Abs(i))*sqrt(Abs(s)) ; B1 + B2*r - i,0.0034715466692412*sqrt(Abs(i))*sqrt(Abs(s)) ; -i - 0.538482666209459*r - 3.27976449577685
1135,0.88286602295452,B0 + B1*i + s ; r,-1.75140331352151*i + s - 62.1364731567646 ; r
1136,0.8828637834401901,B0 + B1*i + B2*s ; B3*i + B4*r,0.560160909951513*i + 0.000293922685440345*s + 0.0133271694367199 ; 0.697458739020036*i + 0.0156375064641899*r
1137,0.8828199291223484,B0 + B1*i ; B2 + r - sqrt(Abs(i)),0.000285802274298762*i + 0.0353629966365412 ; r - sqrt(Abs(i)) + 0.16868965124624
1138,0.8827953301416529,B0*i**2*s ; B1*i + r,5.15078374019696e-6*i**2*s ; 22.0448401498044*i + r
1139,0.8827933981179873,B0*i + B1*s ; sqrt(Abs(B2*i**2 + i)),-0.000246407706193274*i + 0.0494619055774213*s ; sqrt(Abs(0.386589283181797*i**2 - i))
1140,0.8827882918226856,B0*i + B1*i*s ; sqrt(Abs(B2*r + B3*i)),-0.0362736799154615*i*s + 0.00697151579569147*i ; sqrt(Abs(0.649650753442662*i + 0.513479814896596*r))
1141,0.8827425643963783,B0*sqrt(Abs(i)) + B1*s ; B2 + B3*r,0.049167370731053*s + 0.00244540622551264*sqrt(Abs(i)) ; 1.42781675171094*r + 0.000896693344017689
1142,0.8826970234177887,B0*s + B1*s*sqrt(Abs(i)) ; 2*r,0.200537679849762*s*sqrt(Abs(i)) - 0.0259647596389599*s ; 2*r
1143,0.8826941413241239,B0*i - i*sqrt(Abs(B1 + s)) ; B2 + B3*sqrt(Abs(i)) + i,-i*sqrt(Abs(s + 0.00666697487035869)) + 0.251274611138337*i ; i + 0.746483569019702*sqrt(Abs(i)) - 0.0688551159590284
1144,0.8826833944126342,B0*i ; i*sqrt(Abs(B1*i + B2 + r)),0.925474522886554*i ; i*sqrt(Abs(-6.26439444541531*i + r + 0.777511943107883))
1145,0.8826736997004793,B0*i + B1*i*s ; sqrt(Abs(r))*Abs(B2 + 2*i)**(1/4),0.323975390950237*i*s - 0.0266182828720745*i ; sqrt(Abs(r))*Abs(2*i + 0.194569079774419)**(1/4)
1146,0.8826736965520245,B0*i + B1*i**2 ; r*sqrt(Abs(B2*i*r + r)),-0.324100790207221*i**2 + 0.297389062407105*i ; r*sqrt(Abs(10.7762824353111*i*r + r))
1147,0.8826736622629937,B0*i + B1*i**2 ; sqrt(Abs(r))*Abs(B2*r + i)**(1/4),-0.323820337267405*i**2 + 0.297351836357762*i ; sqrt(Abs(r))*Abs(i + 0.00014360061805678*r)**(1/4)
1148,0.882670616449267,B0 + B1*sqrt(Abs(i)) ; B2*r,0.0643276821591321 - 0.0557932541541545*sqrt(Abs(i)) ; 0.0720462759165956*r
1149,0.8826704961742311,B0 + B1*sqrt(Abs(i)) ; i*r,0.0642233420715407 - 0.0556601775177985*sqrt(Abs(i)) ; i*r
1150,0.8826704798258432,B0 + B1*sqrt(Abs(i)) ; sqrt(Abs(r)),0.0642171148384648 - 0.0556519997343834*sqrt(Abs(i)) ; sqrt(Abs(r))
1151,0.882670479244351,B0 + B1*sqrt(Abs(i)) ; r,0.064420466099634 - 0.0559188658920448*sqrt(Abs(i)) ; r
1152,0.8826533563755316,B0*i + B1*i*sqrt(Abs(s)) ; Abs(i)**(1/4),-0.0073904079010686*i*sqrt(Abs(s)) + 0.00225264296515766*i ; Abs(i)**(1/4)
1153,0.8826237303982504,B0 + B1*i + i**2 ; B2 + B3*r,i**2 + 0.267267203264046*i + 0.0185391966178437 ; 0.105077313085086 - 0.0798571010832028*r
1154,0.8826088503970039,B0*s + B1*i*s ; B2 + sqrt(Abs(i*r + Abs(r)**(3/2))),-0.00116195994709698*i*s + 0.0293209989955825*s ; sqrt(Abs(i*r + Abs(r)**(3/2))) + 0.0137547940220427
1155,0.8825935243060049,B2*sqrt(Abs(B0 + B1*i)) ; Abs(B3*r + i)**(1/4),0.0108919989668675*sqrt(Abs(0.191308157227915*i + 19.0951928258047)) ; Abs(i - 5.32026490769709*r)**(1/4)
1156,0.8825934477759655,B0*i*s ; B1 - i*r - i + r,0.042433911734094*i*s ; -i*r - i + r + 0.0204213510816192
1157,0.8825873969770369,B2*sqrt(Abs(B0 + B1*i)) ; Abs(B3*r - i)**(1/4),0.0107806779556381*sqrt(Abs(0.195301097923749*i + 19.4934243919198)) ; Abs(i + 7.27880497094728*r)**(1/4)
1158,0.8825126831603208,B0*s*Abs(i)**(3/2) ; B1 - 2*i,5.1293545085585e-5*s*Abs(i)**(3/2) ; 57.1328121251718 - 2*i
1159,0.8824495563890526,B0*i + B1*i*sqrt(Abs(s)) ; i,0.36756786212169*i*sqrt(Abs(s)) + 0.768741798442514*i ; i
1160,0.8824072657563223,B0 + B1*sqrt(Abs(s)) + B2*s ; i,-0.41486307460423*s + 0.551882073498407*sqrt(Abs(s)) - 0.123608065503427 ; i
1161,0.8824072650231737,B0 + B1*sqrt(Abs(s)) + B2*s ; sqrt(Abs(r)),-0.414813392492506*s + 0.551806504302074*sqrt(Abs(s)) - 0.123580594657049 ; sqrt(Abs(r))
1162,0.8824072642807879,B0 + B1*sqrt(Abs(s)) + B2*s ; r,-0.415170491632406*s + 0.552370673955488*sqrt(Abs(s)) - 0.123799859411075 ; r
1163,0.8824072632991912,B0 + B1*sqrt(Abs(s)) + B2*s ; Abs(i)**(5/2),-0.415005362221566*s + 0.552114316094364*sqrt(Abs(s)) - 0.123704078205169 ; Abs(i)**(5/2)
1164,0.8824072622209421,B0 + B1*sqrt(Abs(s)) + B2*s ; B3 + B4*i,-0.41479136766327*s + 0.551746063021408*sqrt(Abs(s)) - 0.123537564493814 ; 0.00395511764547579*i + 0.000183238141938993
1165,0.8823633790783474,B0*i*s + B0*s ; B1 + r,0.00106618068937073*i*s + 0.00106618068937073*s ; r - 0.00182928308810242
1166,0.8823302728399066,B0*s + B1*s*sqrt(Abs(i)) ; i + r**2 + r*sqrt(Abs(i)),0.0113647575682884*s*sqrt(Abs(i)) + 0.0291055662127468*s ; i + r**2 + r*sqrt(Abs(i))
1167,0.8822963629449371,B0 + B1*i + B2*s ; i,0.884841066581158*i + 0.00893254153322588*s + 0.000461720216670036 ; i
1168,0.8822250496955967,B0*i**2*s ; B1 + B2*i*r + i,1.26447867340028*i**2*s ; -0.397469810542271*i*r + i + 0.235513131806633
1169,0.8821957297207532,s*sqrt(Abs(B0 + sqrt(Abs(i))*sqrt(Abs(s)))) ; B1*Abs(r)**(1/4),s*sqrt(sqrt(Abs(i))*sqrt(Abs(s)) + 6.2513520203164) ; 0.000234654347553603*Abs(r)**(1/4)
1170,0.882153223057531,B0*s + B1*i*s ; sqrt(Abs(B2 + B3*i - i*r)),-0.00107718044747259*i*s + 0.0296750378998631*s ; sqrt(Abs(i*r + 0.0618540666971942*i + 0.00274687158767547))
1171,0.8821485311598908,B0*i*s + B0*s**2 ; B1 + i - sqrt(Abs(i))*sqrt(Abs(r)),0.00139255335052693*i*s + 0.00139255335052693*s**2 ; i - sqrt(Abs(i))*sqrt(Abs(r)) - 5.91962414643244
1172,0.8821379874109074,Abs(i)**(3/2) ; B0 + B1*sqrt(Abs(i + r)) - r,Abs(i)**(3/2) ; -r + 1.14120456782565*sqrt(Abs(i + r)) - 0.101008246816597
1173,0.882137121334545,s*sqrt(Abs(B0*s + B1*i)) ; B2 + r,s*sqrt(Abs(0.000194858251262665*i - 0.000814444263849323*s)) ; r + 0.000989899697894733
1174,0.8821242316521314,B1*sqrt(Abs(B0 + i - s)) ; B2 + B3*r,0.0541422031334784*sqrt(Abs(i - s + 0.374965804322755)) ; 0.0996606264694686 - 0.0578755729633945*r
1175,0.882093088840167,B0 + B1*i + B1*sqrt(Abs(s)) ; B2 - i*sqrt(Abs(B3 + i)),-0.000406602279493292*i - 0.000406602279493292*sqrt(Abs(s)) + 0.0430349807133984 ; -i*sqrt(Abs(i + 0.095656622396605)) + 0.0493871352223502
1176,0.8820780696330812,B0 + B1*i + B1*sqrt(Abs(s)) ; B2*i + B3*i**2,-0.000405520996142123*i - 0.000405520996142123*sqrt(Abs(s)) + 0.0429078097658909 ; -0.701132603021959*i**2 + 0.264108125160955*i
1177,0.8820562562300925,B0*Abs(i)**(5/4) ; i + sqrt(Abs(-B1 + i + r)),0.0470840815402837*Abs(i)**(5/4) ; i + sqrt(Abs(i + r - 1.17166453137025))
1178,0.882028345924945,B0 + B1*i + B1*sqrt(Abs(s)) ; B2*sqrt(Abs(i)) + r*sqrt(Abs(i)),0.000393558824492079*i + 0.000393558824492079*sqrt(Abs(s)) + 0.0417876398224201 ; r*sqrt(Abs(i)) + 0.000291223674150379*sqrt(Abs(i))
1179,0.8820224519316525,B0 + B1*Abs(i)**(1/4) ; B2*sqrt(Abs(i)),0.0631462172690025 - 0.0199576572409414*Abs(i)**(1/4) ; -0.358871036939671*sqrt(Abs(i))
1180,0.8820065843855917,sqrt(Abs(B0 + B1*sqrt(Abs(i)))) ; sqrt(Abs(B2*r + B3*i)),sqrt(Abs(0.000210210975548434*sqrt(Abs(i)) - 0.00210092983467411)) ; sqrt(Abs(0.49363444660952*i - 0.0210623370817951*r))
1181,0.8819481052647561,B0*i*s + B0*s**2 ; Abs(i)**(1/4),-0.00652205717464945*i*s - 0.00652205717464945*s**2 ; Abs(i)**(1/4)
1182,0.8818774892373754,B1*sqrt(Abs(B0 + i)) ; B2*i + i**2,0.00306006361160639*sqrt(Abs(i + 113.295481441942)) ; i**2 + 4.16448758107978*i
1183,0.8818756452658224,B0*i*s ; B1*sqrt(Abs(-i*r + i + r)),0.386797547638059*i*s ; 0.0225632937513994*sqrt(Abs(-i*r + i + r))
1184,0.8818720208864427,B0*s*Abs(i)**(3/4) ; i,0.520216143656111*s*Abs(i)**(3/4) ; i
1185,0.8818510651440699,B0 + B1*i + B1*sqrt(Abs(i)) ; B2 + B3*i*r + r,0.00110210273554982*i + 0.00110210273554982*sqrt(Abs(i)) + 0.0418710751223233 ; 0.0233983340971413*i*r + r + 1.50428201928675e-8
1186,0.8818381945070662,B0 + B1*sqrt(Abs(i - s)) ; B2*r - i + sqrt(Abs(i)),0.0506125366660533 - 0.0045148219295816*sqrt(Abs(i - s)) ; -i - 1.01617676779662*r + sqrt(Abs(i))
1187,0.8818264521293285,B0 + B2*sqrt(Abs(B1 + i)) ; B3 + sqrt(Abs(i)),0.0495227649382959 - 0.00463285225136018*sqrt(Abs(i + 1.78110921315772)) ; sqrt(Abs(i)) - 0.0374278954578438
1188,0.8818120229795525,B0 + B1*sqrt(Abs(i - s)) ; r + sqrt(Abs(i)) - sqrt(Abs(B2 - i)),0.0455904030714161 - 0.00433357127834407*sqrt(Abs(i - s)) ; r + sqrt(Abs(i)) - sqrt(Abs(i - 0.617515462620709))
1189,0.8817741692209891,B0*i*s ; r*sqrt(Abs(B1 + B2*i**2)),0.298498062413411*i*s ; r*sqrt(Abs(0.000620688785248505*i**2 + 53.4301922154527))
1190,0.8817741692181066,B0*i*s ; B1*r*sqrt(Abs(i*r + i)),0.298499601504718*i*s ; 0.00603781022309536*r*sqrt(Abs(i*r + i))
1191,0.8817741692116078,B0*i*s ; r*sqrt(Abs(B1*i + B2*r)),0.298496866749796*i*s ; r*sqrt(Abs(7.24882490233296*i + 0.0254812508587583*r))
1192,0.8817491299851418,B0 + B2*sqrt(Abs(B1 + i)) ; B3 + B4*i + B5*sqrt(Abs(r)),0.101185369647759 - 0.19152433323224*sqrt(Abs(i + 0.295893622181119)) ; 1.82046721079289*i + 0.867167369293012*sqrt(Abs(r)) - 0.098088094363997
1193,0.8816326096633882,B0*s + s*sqrt(Abs(B1 + i)) ; B2*i,s*sqrt(Abs(i + 12.8029723438327)) - 0.996315191680288*s ; 0.0567950881739814*i
1194,0.8815800255338567,B0*i + B1*i*s ; sqrt(Abs(B2*i**3 - i)),-0.00382115788043436*i*s + 0.000277892141093447*i ; sqrt(Abs(0.000315868124829283*i**3 - i))
1195,0.8815721423862796,B0 + B1*Abs(s)**(1/4) ; -r + sqrt(Abs(B2 + B3*r)),0.0550507875626862*Abs(s)**(1/4) - 0.00929849373162815 ; -r + sqrt(Abs(0.000709809312825625*r + 0.000338905676596025))
1196,0.8815157011570566,B0*i + B2*sqrt(Abs(B1 + i)) ; sqrt(Abs(B3 + i)),0.00233843120906022*i + 0.0237312988468393*sqrt(Abs(i + 0.155030481863849)) ; sqrt(Abs(i + 0.619070074971246))
1197,0.8815108434639045,B0*s + B1*s*sqrt(Abs(i)) ; Abs(i)**(1/4),-0.0207477615174431*s*sqrt(Abs(i)) + 2.76689822049378*s ; Abs(i)**(1/4)
1198,0.8814602404814085,B0*i*s**2 ; B1 + i*Abs(r)**(1/4),-1.99445775074137*i*s**2 ; i*Abs(r)**(1/4) + 0.0583140669224125
1199,0.8812543234999669,s*Abs(B0 + s)**(1/4) ; B1 - r,s*Abs(s - 54.1780890013602)**(1/4) ; 39.9522423713626 - r
1200,0.881246360669547,B0*s - i ; B1*i + i*r,-i + 0.0993378839141457*s ; i*r + 0.734330889517778*i
1201,0.8812323341101459,B0 + B1*s - i ; B2 + i - sqrt(Abs(i)),-i + 0.0526766230250759*s - 0.0494253491577187 ; i - sqrt(Abs(i)) + 0.453729018204074
1202,0.8812164935289191,s*sqrt(Abs(B0 + B1*s)) ; sqrt(Abs(r - sqrt(Abs(B2 - i + sqrt(Abs(i)))))),s*sqrt(Abs(0.0223761472194387*s - 0.0217099381498134)) ; sqrt(Abs(r - sqrt(Abs(-i + sqrt(Abs(i)) + 0.0019690531105376))))
1203,0.881187133458755,B1*sqrt(Abs(B0 + i)) ; B3*sqrt(Abs(B2 + i + r)),0.00459837740618623*sqrt(Abs(i + 99.9477131245344)) ; 0.429209862367441*sqrt(Abs(i + r + 51.9024164214197))
1204,0.8811494959122015,B0*i**2*sqrt(Abs(s)) ; B1 + i,1.15644888126805*i**2*sqrt(Abs(s)) ; i - 0.158430747927583
1205,0.881102251656765,B0*Abs(s)**(3/2) ; B1*sqrt(Abs(i)) + r,0.046198912524531*Abs(s)**(3/2) ; r + 11.0304450599399*sqrt(Abs(i))
1206,0.8811022516461336,B0*Abs(s)**(3/2) ; sqrt(Abs(B1 + B2*i)),0.0462002517915583*Abs(s)**(3/2) ; sqrt(Abs(0.00165244642040302*i + 14.4325155399139))
1207,0.8811022516157487,B0*Abs(s)**(3/2) ; B1 + B2*sqrt(Abs(i)),0.046201053823014*Abs(s)**(3/2) ; 6.49825861640615*sqrt(Abs(i)) + 0.00891133934190636
1208,0.881102251382895,B0*Abs(s)**(3/2) ; B1 + i - sqrt(Abs(r)),0.0462037404330697*Abs(s)**(3/2) ; i - sqrt(Abs(r)) + 5.06776691595759
1209,0.8811022501010445,B0*Abs(s)**(3/2) ; B1 + B2*sqrt(Abs(r)),0.0462098529075198*Abs(s)**(3/2) ; 26.4495236496949*sqrt(Abs(r)) + 41.8617484268249
1210,0.8811007869299056,B0 - i ; B1 + B2*i + B2*r,-i - 0.0252077853289034 ; -0.0480837049928785*i - 0.0480837049928785*r + 0.0580556246941368
1211,0.881100770004643,B0 + B1*i + B1*s ; B2 + i,0.0480933114767617*i + 0.0480933114767617*s - 0.0933073623347783 ; i - 2.14738150088146
1212,0.8810417392461223,B0*i*s + B0*s**2 ; sqrt(Abs(i - Abs(i)**(1/4))),-0.00244741958094686*i*s - 0.00244741958094686*s**2 ; sqrt(Abs(i - Abs(i)**(1/4)))
1213,0.8810402915847774,B0 + B1*s + i + sqrt(Abs(s)) ; sqrt(Abs(r)),i + 0.304054542467718*s + sqrt(Abs(s)) - 1.29799495467144 ; sqrt(Abs(r))
1214,0.8810226100200307,B0 + B1*i + B1*s ; B2 + i - sqrt(Abs(B3 - r)),0.0485240730213586*i + 0.0485240730213586*s - 0.0940159690367944 ; i - sqrt(Abs(r + 1777.81423356001)) + 40.0073158257305
1215,0.8809806837759508,B0 + B1*sqrt(Abs(i)) ; B2 + B3*r + sqrt(Abs(r)),0.0500911095315839 - 0.00493443731401941*sqrt(Abs(i)) ; -0.0824850605618727*r + sqrt(Abs(r)) - 0.191536202135477
1216,0.8809293590624706,B0*i*sqrt(Abs(s)) ; B1 + B2*sqrt(Abs(i)) - r,-0.0233827335429908*i*sqrt(Abs(s)) ; -r + 1.48093903999133*sqrt(Abs(i)) + 0.132807807752973
1217,0.8809256031137833,B0 - sqrt(2)*sqrt(Abs(i)) ; B1 + i,-sqrt(2)*sqrt(Abs(i)) + 0.579290741434611 ; i - 0.151296439459915
1218,0.8808972133873927,B0 + B1*sqrt(Abs(i)) + B2*s ; B3 - r,0.298416313755625*s + 0.34877736525025*sqrt(Abs(i)) - 0.340257661953066 ; 0.000818231625660154 - r
1219,0.8808969183008526,B0 + B1*sqrt(Abs(i)) + B2*s ; -Abs(r)**(1/8),0.299123113047172*s + 0.349928828614863*sqrt(Abs(i)) - 0.341625805197911 ; -Abs(r)**(1/8)
1220,0.8808969178706502,B0 + B1*sqrt(Abs(i)) + B2*s ; B3*r + B4*r**2,0.299167515160882*s + 0.349971518535914*sqrt(Abs(i)) - 0.34167551572933 ; 0.00137088427707424*r**2 + 0.00019340142075872*r
1221,0.8808968780566522,B0 + B1*sqrt(Abs(i)) + B2*s ; B3*i*r,0.298758614934339*s + 0.349567716028053*sqrt(Abs(i)) - 0.34120475378575 ; 1.95077121753206*i*r
1222,0.8808730267810266,B0*i*s ; B1 + i - sqrt(2)*sqrt(Abs(r)),0.0406303800087526*i*s ; i - sqrt(2)*sqrt(Abs(r)) + 0.263525959840231
1223,0.8808469147092736,B0*i**2 ; B1 + B2*i*r,0.541309747803225*i**2 ; 0.52825758704288*i*r + 0.107784283166671
1224,0.8808099587953384,B0 + B1*i ; B2 + B3*r**2,0.0503008327184305 - 0.0393167344506809*i ; 0.446812910555791*r**2 - 0.00107401981488484
1225,0.8807520846629704,B0*i + B1*s ; sqrt(Abs(B2 + i + r)),-0.0204706017481457*i + 2.7024263811221*s ; sqrt(Abs(i + r - 1.24637149217324))
1226,0.8807180436822266,B0*sqrt(Abs(i))*sqrt(Abs(s)) ; B1 + 2*i,0.00890764053878208*sqrt(Abs(i))*sqrt(Abs(s)) ; 2*i + 28.5761418383301
1227,0.8806892683579249,B0 + B1*s + B1*Abs(i)**(3/2) ; B2 + B3*i,0.0731697651682489*s + 0.0731697651682489*Abs(i)**(3/2) - 0.0750599103951387 ; 0.233526112515243*i - 0.239080557054117
1228,0.880688689887411,B0 + B1*i + B1*s ; sqrt(Abs(B2 + sqrt(Abs(r)))),0.000448625266825507*i + 0.000448625266825507*s + 0.0449855806066742 ; sqrt(sqrt(Abs(r)) + 0.359211112523818)
1229,0.8806711049469192,B0*s - i*s ; B1*i**2,-i*s + 0.0956849203831124*s ; 15.1837509795009*i**2
1230,0.8806535967336088,B0*i**3 ; B1 + i*r,-49.3317354395834*i**3 ; i*r + 0.0691130142422807
1231,0.8806503861295857,B0*i*s ; 2*i + sqrt(Abs(B1*r + B2)),-0.633633398189025*i*s ; 2*i + sqrt(Abs(0.226590093448623*r - 0.00937748809131333))
1232,0.880639108077216,B0*i - i*sqrt(Abs(i - s)) ; B1 + B2*i + B3*r,-i*sqrt(Abs(i - s)) + 0.58777025349973*i ; 2.35163742436081*i + 0.640689374543391*r + 0.127151942813347
1233,0.8806198270240092,B0*i*s ; B1 + i*sqrt(Abs(r)) + i,0.114189992333691*i*s ; i*sqrt(Abs(r)) + i - 0.578196702017875
1234,0.8806106020248017,B1*sqrt(Abs(B0 - s)) ; B2 + B3*i - r,0.0350371505900299*sqrt(Abs(s + 0.174072915971932)) ; 0.000228171672048192*i - r + 4.64512722540238
1235,0.8806042240277654,B0 + B1*s ; B2*r - Abs(r)**(3/2),0.0406466115087476*s + 0.00982291301573111 ; 2.93245361137484*r - Abs(r)**(3/2)
1236,0.880604223997467,B0 + B1*s ; B2 - 3*i,0.0406465174996259*s + 0.00982231182185421 ; 0.563222296945583 - 3*i
1237,0.8806042239761755,B0 + B1*s ; B2 + sqrt(Abs(i)) - sqrt(Abs(r)),0.0406461433989731*s + 0.0098249494740789 ; sqrt(Abs(i)) - sqrt(Abs(r)) + 0.00163333610888201
1238,0.8806042238539359,B0 + B1*s ; B2 + B3*i**2,0.0406485893730409*s + 0.00982491787565856 ; 0.118479098675131*i**2 + 53.9239922696303
1239,0.8806042238484817,B0 + B1*s ; B2*i + B3*r,0.0406440398007103*s + 0.00982580452261605 ; 0.00594710428503494*i + 0.0223044052021481*r
1240,0.8806042238410458,B0 + B1*s ; sqrt(Abs(B2 + B3*sqrt(Abs(r)))),0.0406443451964273*s + 0.0098260708084703 ; sqrt(0.0163256017163255*sqrt(Abs(r)) + 0.000393328740317897)
1241,0.8806042238040008,B0 + B1*s ; B2 + B3*i + r,0.0406454808478648*s + 0.00982116519691586 ; 4.59673058771691*i + r + 32.6965907398492
1242,0.8806042237906597,B0 + B1*s ; B2*sqrt(Abs(i))*Abs(r)**(3/8),0.0406429916689561*s + 0.00982476791397916 ; 0.0816090861878028*sqrt(Abs(i))*Abs(r)**(3/8)
1243,0.880604223713635,B0 + B1*i + s ; B2*r + i*r,0.959352984199555*i + s - 0.949526301044231 ; i*r + 11.3219035617799*r
1244,0.8806042236449589,B0 + B1*s ; sqrt(Abs(B2*sqrt(Abs(i)) - r)),0.0406518565535999*s + 0.0098219101525952 ; sqrt(Abs(r - 0.00975716086387299*sqrt(Abs(i))))
1245,0.8806042234987518,B0 + B1*s ; B2*sqrt(Abs(i))*sqrt(Abs(r)),0.0406527433228295*s + 0.0098209717566704 ; 0.804842818815623*sqrt(Abs(i))*sqrt(Abs(r))
1246,0.8806042234873347,B0 + B1*s ; B2*i + i**2,0.0406510831261038*s + 0.00982489498012675 ; i**2 + 1.36041526966689*i
1247,0.880604223401043,B0 + B1*i ; B2*r - i*r,0.0504683280099803 - 0.0406410492786623*i ; -i*r + 90.4606796458689*r
1248,0.8806042232865748,B0 + B1*i ; B2*r - r**2,0.0504668812256706 - 0.0406493527257439*i ; -r**2 + 1.63337482015071*r
1249,0.8806042227728889,B0 + B1*s ; sqrt(Abs(B2 - r + sqrt(Abs(i)))),0.0406383667549897*s + 0.00982461387650918 ; sqrt(Abs(-r + sqrt(Abs(i)) + 0.0524235789868131))
1250,0.8806042227438742,B0*i + B1*s ; B2*sqrt(Abs(r)) + r,0.00981600564562459*i + 0.0504690955612887*s ; r + 0.00229884362062784*sqrt(Abs(r))
1251,0.8806042227432271,B0 + B1*i ; B2*r + r**2,0.0504790749192688 - 0.0406522619615683*i ; r**2 + 0.020488213545448*r
1252,0.8806042222430467,B0*i + B1*s ; B2*sqrt(Abs(r)),0.009827549396605*i + 0.0504638547527538*s ; 0.000172198262975956*sqrt(Abs(r))
1253,0.8806042221671344,B0 + B1*s ; B2*i + i*r,0.0406373653969313*s + 0.00982300803127271 ; i*r + 0.00534839840191249*i
1254,0.8806042214905033,B0 + B1*s ; B2*r*Abs(i)**(3/2),0.0406574774179273*s + 0.00981404672451756 ; 4.4060222752169*r*Abs(i)**(3/2)
1255,0.8806042213196533,B0 + B1*s ; B2 + B3*r + i,0.0406364165248003*s + 0.00982135265952436 ; i + 0.0627589801842914*r + 0.134905371000209
1256,0.8806042210012434,B0*i + B1*s ; B2*r,0.00981667372080731*i + 0.0504772857440759*s ; 0.0323313605067583*r
1257,0.8806042198967108,B0 + B1*i ; B2*r + Abs(r)**(3/2),0.0504860766148393 - 0.0406574841873973*i ; 0.0181319599319012*r + Abs(r)**(3/2)
1258,0.880604219029173,B0 + B1*s + i ; B2*r + r**2,i + 1.04063821118475*s - 0.990161720653092 ; r**2 + 18.8155964014186*r
1259,0.8806042188321441,B0 + B1*s ; B2 + B3*i - r,0.0406377822632661*s + 0.00983855553839951 ; 0.0233031483149039*i - r + 0.00710281049914488
1260,0.880604218511585,B0 + B1*i ; B2*r + i*r,0.0504877228120382 - 0.0406540236125866*i ; i*r + 0.000308303396707487*r
1261,0.8806042174661792,B0 + B1*i ; B2*i*r + r,0.0504752183319213 - 0.0406653532945747*i ; 0.146529953485955*i*r + r
1262,0.8806042172311342,B0 + B1*s ; B2 + i*r + r,0.0406634926864728*s + 0.00982649111957437 ; i*r + r + 8.36312650420087
1263,0.8806041617628564,B0 + B1*s ; -i**2*r + r,0.040584333041185*s + 0.00984678422547219 ; -i**2*r + r
1264,0.8806040730055896,B0 + B1*s ; r - sqrt(Abs(i))*sqrt(Abs(r)),0.0407445329791295*s + 0.00978675108712201 ; r - sqrt(Abs(i))*sqrt(Abs(r))
1265,0.880604069288915,B0 + B1*s ; -2*r + Abs(i)**(3/2),0.0407457276203535*s + 0.00978630426680231 ; -2*r + Abs(i)**(3/2)
1266,0.8806040656701865,B0*i + B1*s ; r,0.0098607612931599*i + 0.0504079001971763*s ; r
1267,0.8806040648167031,B0*i + B1*s ; i**2*r,0.00986086211666811*i + 0.0504077327084613*s ; i**2*r
1268,0.8806040547220374,B0*i + B1*s ; r**2,0.00986203494810277*i + 0.0504057850954635*s ; r**2
1269,0.8806040541529352,B0 + B1*s ; i**3 + r,0.040750450782041*s + 0.00978453784378816 ; i**3 + r
1270,0.8806040519017863,B0*i + B1*s ; Abs(r)**(3/4),0.00978427865852236*i + 0.0505354136757959*s ; Abs(r)**(3/4)
1271,0.8806040507726081,B0 + B1*s ; 2*i**2,0.0405425547649054*s + 0.00986248757328609 ; 2*i**2
1272,0.8806040405553357,B0*i + B1*s ; r*Abs(i)**(5/2),0.00978301368258847*i + 0.0505375313526533*s ; r*Abs(i)**(5/2)
1273,0.8806040332890286,B0*i + B1*s ; Abs(r)**(1/4),0.00986441445039876*i + 0.0504018344025109*s ; Abs(r)**(1/4)
1274,0.8805952085626965,B1*sqrt(Abs(B0 - s)) ; B2 + 2*i + r,0.0350889326685799*sqrt(Abs(s + 0.177837850413495)) ; 2*i + r + 64.6634913596756
1275,0.8805888505519006,sqrt(Abs(B0*i + B1)) ; B2*i**2*r,sqrt(Abs(0.00123907552273847*i - 0.00145750108053443)) ; 0.0694016703632294*i**2*r
1276,0.8805874296332825,sqrt(Abs(B0 + B1*i)) ; B2*Abs(r)**(3/2) + r,sqrt(Abs(0.00126947170497421*i - 0.00147980944918349)) ; r + 0.23737148979825*Abs(r)**(3/2)
1277,0.8805723926448674,B1*sqrt(Abs(B0 + s)) ; B2 - 2*i - r,0.0354605215453462*sqrt(Abs(s + 0.163843596143018)) ; -2*i - r + 0.00077558977365362
1278,0.8805469825144008,B1*i*s*sqrt(Abs(B0 + s)) ; B2 + B3*i - i*r,-0.00157757398253062*i*s*sqrt(Abs(s - 0.950812861174904)) ; -i*r - 1.80220930683102*i + 318.71912313657
1279,0.8805368428462831,B1*sqrt(Abs(B0 - s)) ; i + r + Abs(r)**(1/4),0.0345492143101941*sqrt(Abs(s + 0.179946396764201)) ; i + r + Abs(r)**(1/4)
1280,0.8805244190215332,B0 + B1*i + B2*s ; i + sqrt(Abs(B3 + i)),-0.0982715157577072*i + 0.0764309232924709*s - 0.079900801700692 ; i + sqrt(Abs(i + 0.042565905800185))
1281,0.8804984615127914,B0*Abs(i)**(1/4)*sqrt(Abs(s)) ; B1 + i - r + sqrt(Abs(r)),0.0727819411280063*Abs(i)**(1/4)*sqrt(Abs(s)) ; i - r + sqrt(Abs(r)) - 0.0138541989698021
1282,0.8804806626507296,-i ; B0 + B1*i + B1*r,-i ; -0.0467550580700496*i - 0.0467550580700496*r + 0.0571480082588951
1283,0.8804673317703806,B0 + B1*sqrt(Abs(i)) ; -i + sqrt(Abs(i)) - sqrt(Abs(B2 + r)),0.0461388785527536 - 0.00428870616610135*sqrt(Abs(i)) ; -i + sqrt(Abs(i)) - sqrt(Abs(r + 0.154311678998159))
1284,0.8804302556006722,B0*i + B0*Abs(s)**(1/4) ; B1 + i,0.0502064824655466*i + 0.0502064824655466*Abs(s)**(1/4) ; i + 0.157276514340158
1285,0.8804210107333562,B0*i + B1*i*s ; B2 - i*r + i + r,-0.000930967602724813*i*s + 5.33560139139483e-5*i ; -i*r + i + r + 0.027185509005598
1286,0.8804119051702807,B0*i**2*s ; sqrt(Abs(B1 + i - sqrt(2)*sqrt(Abs(r)))),3.07759687568569e-5*i**2*s ; sqrt(Abs(i - sqrt(2)*sqrt(Abs(r)) + 0.0704049730100953))
1287,0.8803762886161179,B0 + B1*i + B1*s ; B2 + r - Abs(r)**(1/8),-0.000350903745770538*i - 0.000350903745770538*s + 0.0375178908274149 ; r - Abs(r)**(1/8) + 0.577094508478557
1288,0.88028189095268,B0*Abs(i)**(5/4)*sqrt(Abs(s)) ; B1 + B2*sqrt(Abs(i)) - r,0.0115549307049818*Abs(i)**(5/4)*sqrt(Abs(s)) ; -r + 2.17079407555962*sqrt(Abs(i)) - 0.272063166573404
1289,0.8802664788624676,B0*i*s ; sqrt(Abs(B1 + B2*i + i*r)),-0.00102383814692631*i*s ; sqrt(Abs(-i*r + 40.7348931803183*i + 400.976694518434))
1290,0.8802475740498702,B1*sqrt(Abs(B0 - sqrt(Abs(i)))) ; r,0.047476541039457*sqrt(Abs(sqrt(Abs(i)) - 1.07690428522529)) ; r
1291,0.8802079797700777,B0*i*s ; i**2 + i*sqrt(Abs(B1 - i)),0.592798226888726*i*s ; i**2 + i*sqrt(Abs(i - 0.141186926159597))
1292,0.8801699224325709,B0 + B1*i + B2*s ; B3 + r - Abs(i)**(1/4)*sqrt(Abs(r)),-0.000782930243885611*i + 0.0913640823845641*s - 0.0674652775391865 ; r - Abs(i)**(1/4)*sqrt(Abs(r)) + 0.986315145738269
1293,0.8801370774404716,B1*sqrt(Abs(B0 + sqrt(Abs(i)))) ; B2*r*sqrt(Abs(i)),0.0462980161152246*sqrt(Abs(sqrt(Abs(i)) - 1.08166034363738)) ; 0.00328061908928287*r*sqrt(Abs(i))
1294,0.8801207726122683,i*sqrt(Abs(B0 + B1*s - i)) ; i,i*sqrt(Abs(-i + 0.567354354429254*s + 0.796116262466131)) ; i
1295,0.8800885248464717,s*sqrt(Abs(B0*s + B1*i)) ; B2 + B3*sqrt(Abs(i)),s*sqrt(Abs(0.000139407759593086*i + 0.000599538382641395*s)) ; 0.670301282144565*sqrt(Abs(i)) + 1.92107879806108
1296,0.8800071861817406,B0 - i + s ; B1 + B2*i + B2*r,-i + s - 1.0901662218381 ; -0.0951946264062471*i - 0.0951946264062471*r + 0.115853341158982
1297,0.879988060717596,B0 + B1*i + B1*s ; B2 + i + r,0.000465824946456893*i + 0.000465824946456893*s + 0.046978343339677 ; i + r + 1.77181258204475
1298,0.8799687077779907,s*sqrt(Abs(B0 + i)) ; B1*i*r,s*sqrt(Abs(i + 6.23737014130418)) ; 24.3798287067726*i*r
1299,0.8799687075229915,s*sqrt(Abs(B0 + s)) ; B1*i*r,s*sqrt(Abs(s - 7.23736374902207)) ; 7.4303793236982*i*r
1300,0.8799687073748054,s*sqrt(Abs(B0 - s)) ; B1 + i,s*sqrt(Abs(s - 7.23736101670943)) ; i + 6.34799991244174
1301,0.8799687008237504,s*sqrt(Abs(B0 + s)) ; B1 + B2*sqrt(Abs(r)),s*sqrt(Abs(s - 7.23744681655466)) ; 22.4415410941418*sqrt(Abs(r)) + 0.021252451723561
1302,0.8799686963713266,s*sqrt(Abs(B0 + s)) ; B1 + r,s*sqrt(Abs(s - 7.23746533915484)) ; r + 5.94946132575249
1303,0.8799686721337141,s*sqrt(Abs(B0 - s)) ; -r*sqrt(Abs(i)),s*sqrt(Abs(s - 7.23753049746519)) ; -r*sqrt(Abs(i))
1304,0.8799686703115851,s*sqrt(Abs(B0 - s)) ; B1*sqrt(Abs(i)),s*sqrt(Abs(s - 7.23722494334586)) ; 27.4668376784186*sqrt(Abs(i))
1305,0.8799686548872704,s*sqrt(Abs(B0 + i)) ; 2*r,s*sqrt(Abs(i + 6.23719593657509)) ; 2*r
1306,0.8799686499772384,s*sqrt(Abs(B0 + i)) ; -r**2,s*sqrt(Abs(i + 6.23718761979517)) ; -r**2
1307,0.879968635620745,s*sqrt(Abs(B0 - s)) ; -i + r,s*sqrt(Abs(s - 7.23716514359618)) ; -i + r
1308,0.8799686207443296,s*sqrt(Abs(B0 + i)) ; -i*r,s*sqrt(Abs(i + 6.23761508402819)) ; -i*r
1309,0.8799685818513212,s*sqrt(Abs(B0 + i)) ; -sqrt(Abs(i))*sqrt(Abs(r)),s*sqrt(Abs(i + 6.23709638639232)) ; -sqrt(Abs(i))*sqrt(Abs(r))
1310,0.8799685481625856,s*sqrt(Abs(B0 + i)) ; r,s*sqrt(Abs(i + 6.23706077086696)) ; r
1311,0.8799615447805474,B0*i*s ; B1 + r - Abs(r)**(1/8),0.000800344869595569*i*s ; r - Abs(r)**(1/8) + 0.536280361684012
1312,0.8799572549368638,B0*i - i*sqrt(Abs(B1 - s)) ; B2*i,-i*sqrt(Abs(s - 0.689457918390343)) + 1.69721191594538*i ; 1.24458147935757*i
1313,0.8799394200411659,B0*i + B1*i*s ; B2 + r - Abs(r)**(1/8),0.000786603063664914*i*s + 3.20686530047468e-5*i ; r - Abs(r)**(1/8) + 0.539010590073462
1314,0.8799337112541221,B0*i + B1*i*sqrt(Abs(s)) ; r*Abs(B2 + i + r)**(1/4),0.47825837850368*i*sqrt(Abs(s)) - 0.204588954097829*i ; r*Abs(i + r + 0.0014495879223323)**(1/4)
1315,0.879897420631916,B0*sqrt(Abs(i - s)) ; B1*i - i**2,0.0344408577411812*sqrt(Abs(i - s)) ; -i**2 + 0.812601547752636*i
1316,0.8798677111694024,B0*s**2*sqrt(Abs(i)) ; B1 + 3*r,0.00890770835486874*s**2*sqrt(Abs(i)) ; 3*r - 1.30649738500355e-6
1317,0.8798031881415558,B0*i + B1*s ; B2 + sqrt(Abs(B3 + i + r)),-0.000219648908076788*i + 0.0464809021654025*s ; sqrt(Abs(i + r + 1.47616985381561)) + 7.30949105932853
1318,0.8797873520688225,B0 + B1*i + B2*s ; B3 + r - sqrt(Abs(B4 + i + r)),-0.000728651661284767*i + 0.0907335571687925*s - 0.061911379761451 ; r - sqrt(Abs(i + r + 0.167723097099839)) + 0.481180774706392
1319,0.8797395613330115,B0*i + B1*s**2 ; i,0.918960885779286*i + 0.00881653550340322*s**2 ; i
1320,0.879663103623222,B0*Abs(i)**(3/4) ; i,0.335289841569726*Abs(i)**(3/4) ; i
1321,0.879661690430293,B0*i ; B1*i + B2*Abs(i)**(3/2),2.10375823659277*i ; 2.89743961265659*i - 5.61185734120184*Abs(i)**(3/2)
1322,0.8796588786829463,B0*sqrt(Abs(s)) + B1*s ; B2*r,2.73337666884292*s + 0.445618064853134*sqrt(Abs(s)) ; 17.5413863419225*r
1323,0.879599074983253,i*s ; B0 + B1*sqrt(Abs(i)),i*s ; 0.00106724831077846*sqrt(Abs(i)) + 0.0190222997214086
1324,0.8795372498301463,B0 + B2*sqrt(Abs(B1 + i)) ; B3 - i - r + sqrt(Abs(i)),0.0574594071925675 - 0.0051688654301791*sqrt(Abs(i + 0.901616296795858)) ; -i - r + sqrt(Abs(i)) + 0.0140436894890309
1325,0.8795287057677401,B0 + B1*i*s + B1*s ; B2 + r,-0.000855576969030214*i*s - 0.000855576969030214*s + 0.019055442806853 ; r + 0.020783123273172
1326,0.8795057345495301,B0*i ; B1*i + B2*i**2,2.12884498085818*i ; -18.0603127058924*i**2 + 2.4901484748898*i
1327,0.8794947387355196,B0*i*s**2 ; B1 - r**2,0.000628124774633753*i*s**2 ; -r**2 - 0.542533604608606
1328,0.8794667238498942,B1*s*Abs(B0 + i)**(1/4) ; 2*r,0.0901216852671318*s*Abs(i - 0.0653423903378749)**(1/4) ; 2*r
1329,0.8793971740241796,B0 - sqrt(Abs(i)) ; B1 + i,0.285573328324027 - sqrt(Abs(i)) ; i - 0.0666177859532844
1330,0.8793139556280917,B0*i - i*sqrt(Abs(B1 + i)) ; B2 + i + sqrt(Abs(i + r)),-i*sqrt(Abs(i + 1.04673643549689)) + 1.34562383989812*i ; i + sqrt(Abs(i + r)) - 0.996678083332409
1331,0.879309579012414,B0*Abs(i)**(1/4) ; B1 - r**2,0.0226883681994183*Abs(i)**(1/4) ; 1.12464462074643 - r**2
1332,0.8792650065720854,B0*sqrt(Abs(s)) ; sqrt(Abs(B1 - r + sqrt(Abs(i)))),0.0341022602407341*sqrt(Abs(s)) ; sqrt(Abs(-r + sqrt(Abs(i)) + 0.000127592920744788))
1333,0.8792530357477556,B0*sqrt(Abs(s)) ; sqrt(Abs(B1 + sqrt(Abs(i - r)))),0.0335176361344548*sqrt(Abs(s)) ; sqrt(sqrt(Abs(i - r)) + 0.0968672131986214)
1334,0.8792525019787809,B0*sqrt(Abs(s)) ; B1*i + B2*r,0.0341022594039077*sqrt(Abs(s)) ; 0.175240161462286*i + 0.390227163572858*r
1335,0.87924596596209,B0*sqrt(Abs(s)) ; i**3*r,0.0335176352891946*sqrt(Abs(s)) ; i**3*r
1336,0.8792389298682367,B0*sqrt(Abs(s)) ; sqrt(Abs(B1*sqrt(Abs(r)) + B2)),0.0335176336901869*sqrt(Abs(s)) ; sqrt(0.0462902244082661*sqrt(Abs(r)) + 0.00221683918875187)
1337,0.8792380185182763,B0*sqrt(Abs(s)) ; B1*i + 2*r,0.0341022565643302*sqrt(Abs(s)) ; 0.000323703943844952*i + 2*r
1338,0.879235468841355,B0*sqrt(Abs(s)) ; B1*Abs(r)**(3/2) + i,0.0335176324632373*sqrt(Abs(s)) ; i + 0.00419891940964378*Abs(r)**(3/2)
1339,0.8792312169675923,B0*sqrt(Abs(s)) ; r + sqrt(Abs(i))*sqrt(Abs(r)),0.0335176303781412*sqrt(Abs(s)) ; r + sqrt(Abs(i))*sqrt(Abs(r))
1340,0.8792228381060914,B0*sqrt(Abs(s)) ; B1 - 2*i + r,0.0339697213523132*sqrt(Abs(s)) ; -2*i + r + 0.0143721692398967
1341,0.8792218442541117,B0*sqrt(Abs(s)) ; B1 + B2*r - i,0.03396971758217*sqrt(Abs(s)) ; -i + 0.010100832608994*r + 0.0070442217161993
1342,0.8792043524115744,B0*sqrt(Abs(s)) ; r**2 + Abs(r)**(3/2),0.0339630732708372*sqrt(Abs(s)) ; r**2 + Abs(r)**(3/2)
1343,0.8792032214890729,B0*sqrt(Abs(s)) ; B1*i + i*r,0.0333895945733364*sqrt(Abs(s)) ; i*r + 0.000622179362287049*i
1344,0.8791828238610845,B0*sqrt(Abs(s)) ; B1*r - i*r,0.0333842736887539*sqrt(Abs(s)) ; -i*r + 0.000353281058844592*r
1345,0.8791365799067936,B0*sqrt(Abs(s)) ; sqrt(Abs(i + sqrt(Abs(B1 + r)))),0.034570363421836*sqrt(Abs(s)) ; sqrt(Abs(i + sqrt(Abs(r + 0.138695932794588))))
1346,0.8791044461970762,B0*s*sqrt(Abs(i)) ; sqrt(Abs(B1 + i*r + 2*r)),0.00997156513074916*s*sqrt(Abs(i)) ; sqrt(Abs(i*r + 2*r + 0.0012460892183033))
1347,0.8790894304956238,B0 + B1*i + B1*s ; B2 + r,-0.000222571082170284*i - 0.000222571082170284*s + 0.0295744138294656 ; r - 1.31803037277818e-8
1348,0.8790639697833365,B0*i*s + B0*s ; B1 - r,0.050043099726168*i*s + 0.050043099726168*s ; 0.222299575152937 - r
1349,0.8790582972924063,Abs(i)**(3/2) ; B0*r + B1*sqrt(Abs(B2 + r)),Abs(i)**(3/2) ; -0.273784778125653*r + 0.285799131661064*sqrt(Abs(r - 0.0289324189716128))
1350,0.8790003824694155,B0*i*s + B0*s ; Abs(r)**(3/4),0.0420361443203032*i*s + 0.0420361443203032*s ; Abs(r)**(3/4)
1351,0.8789179841506215,B0*i*s**2 ; -i + 2*r,0.000632938581180512*i*s**2 ; -i + 2*r
1352,0.8789066061844508,B1*sqrt(Abs(B0 + i)) ; B2 + r,0.00245713676072249*sqrt(Abs(i + 123.151224451918)) ; r + 3.48934856842276e-6
1353,0.8788870278464858,B0*i ; B1 + r,-0.000132938939961246*i ; r + 15.4018003757606
1354,0.8788870181729851,B0*i ; B1 - i,-0.000132938498837501*i ; 15.4122337969908 - i
1355,0.8788868411065508,B0*Abs(s)**(1/4) ; B1*i,0.0215943238900515*Abs(s)**(1/4) ; 0.000107204376201889*i
1356,0.8788822952173966,B0*Abs(i)**(3/4) ; B1 - i,0.000420050050228246*Abs(i)**(3/4) ; 15.4144015293653 - i
1357,0.8788816333748819,B0 + i**2 ; B1 + B2*i + i*r,i**2 + 0.00389701043322602 ; i*r - 0.697375844677802*i + 0.0189917959447886
1358,0.8788765482750808,B0*Abs(s)**(1/4) ; i + r,0.0214338543165465*Abs(s)**(1/4) ; i + r
1359,0.8788703806794981,B0*Abs(s)**(1/4) ; B1 - i,0.0214375033846559*Abs(s)**(1/4) ; 0.0047468347694809 - i
1360,0.8788592823748355,B0*Abs(s)**(1/4) ; Abs(i)**(1/4),0.0217940526426937*Abs(s)**(1/4) ; Abs(i)**(1/4)
1361,0.8788582979540968,B0*s*sqrt(Abs(i - s**2)) ; B1 + r,0.0139047600284678*s*sqrt(Abs(i - s**2)) ; r + 0.00108928411876627
1362,0.8788563933705185,B0*Abs(s)**(1/4) ; B1*r,0.0217940509958832*Abs(s)**(1/4) ; 0.117367209665813*r
1363,0.8788406842626907,B0*i + B1*s ; Abs(i)**(1/4),-1.0177253965466e-5*i + 0.0478171302348733*s ; Abs(i)**(1/4)
1364,0.8788393485434399,B0*Abs(s)**(1/4) ; i,0.0215943214194401*Abs(s)**(1/4) ; i
1365,0.878827863981054,B0*s ; B1 + sqrt(Abs(i - sqrt(Abs(i)))),0.047498145736249*s ; sqrt(Abs(i - sqrt(Abs(i)))) + 0.0335482172095457
1366,0.8788278639807747,B0*s ; sqrt(Abs(B1 + r + sqrt(Abs(r)))),0.0474981882064798*s ; sqrt(Abs(r + sqrt(Abs(r)) + 0.226244455839996))
1367,0.8788278639800525,B0*s ; B1 + i**2 + r,0.0474982701381981*s ; i**2 + r + 97.4306364535868
1368,0.8788278639660247,B0*s ; B1 + 2*i - r,0.0474970571951209*s ; 2*i - r + 0.0254802305803262
1369,0.8788278639557701,B0*s ; B1 + B2*Abs(i)**(1/4),0.047496789123242*s ; 0.138302377820481*Abs(i)**(1/4) + 2.69926332744971
1370,0.8788278639107157,B0*s ; B1 - Abs(r)**(1/8),0.0474960023259543*s ; 17.6007958616486 - Abs(r)**(1/8)
1371,0.8788278638676154,B0*s ; B1*i + B2*r,0.0474954704058873*s ; 12.5245928467276*i + 0.29948310660872*r
1372,0.8788278638447025,B0*s ; B1 + B2*i + r,0.0474952291194567*s ; 16.3192966158876*i + r + 0.000303404261464391
1373,0.8788278637229626,B0*s ; B1*i + Abs(i)**(3/2),0.047494196691352*s ; 0.000208495303451177*i + Abs(i)**(3/2)
1374,0.878827863675722,B0*s ; B1 + i + Abs(r)**(1/4),0.0474938651705353*s ; i + Abs(r)**(1/4) + 0.0410936185512805
1375,0.8788278635388325,B0*s ; B1*i + i*r,0.0475029411036101*s ; i*r + 0.00451207942595165*i
1376,0.8788278634252963,B0*s ; B1 + i*r + r,0.0474924288845274*s ; i*r + r + 0.0217723806814976
1377,0.8788278634169795,B0*s ; sqrt(Abs(B1 - r + sqrt(Abs(r)))),0.0475035818633714*s ; sqrt(Abs(-r + sqrt(Abs(r)) + 11.2781375691078))
1378,0.8788278633359738,B0*s ; B1 - r**2 + r,0.0475039699925202*s ; -r**2 + r + 0.000201626756963485
1379,0.8788278633302598,B0*s ; B1 - i**2 + r,0.0475039964248818*s ; -i**2 + r + 14.8769632303608
1380,0.8788278631636732,B0*s ; B1 + r - Abs(i)**(1/4),0.047504721600082*s ; r - Abs(i)**(1/4) + 0.012276755386796
1381,0.8788278630044466,B0*s ; B1 - 2*i + r,0.0475053482890314*s ; -2*i + r + 0.356979143128942
1382,0.8788278627267564,B0*s ; B1 + i*r + i,0.0474896403074337*s ; i*r + i + 0.0491599239577853
1383,0.8788278626910163,B0*s ; B1 + i + 2*r,0.0474895223092826*s ; i + 2*r + 0.00010642809164992
1384,0.8788278624471343,B0*s ; B1 + B2*r + i,0.0474887573144593*s ; i + 0.227442054888508*r + 0.036243720865465
1385,0.8788278624271681,B0*s ; B1 + sqrt(Abs(B2 + sqrt(Abs(r)))),0.0475072723462286*s ; sqrt(sqrt(Abs(r)) + 0.285551088464938) + 14.0196186035804
1386,0.8788278617905884,B0*s ; sqrt(Abs(i - sqrt(Abs(B1 - r)))),0.0475090115007864*s ; sqrt(Abs(i - sqrt(Abs(r - 5.7098286368452))))
1387,0.8788278613366076,B0*s ; B1 + r + Abs(i)**(1/4),2.71902201874645*s ; r + Abs(i)**(1/4) + 0.00671006721617561
1388,0.8788278603251769,B0*s ; B1*sqrt(Abs(i))*sqrt(Abs(r)),0.0474837409855457*s ; 0.000153048321188042*sqrt(Abs(i))*sqrt(Abs(r))
1389,0.8788277586365791,B0*s ; -i**2 + i*r,0.047421549901825*s ; -i**2 + i*r
1390,0.878827753910232,B0*s ; 2*i + 2*r,0.0474198546251537*s ; 2*i + 2*r
1391,0.8788277534349256,B0*s ; Abs(i)**(1/4)*Abs(r)**(1/4),0.0475763337116532*s ; Abs(i)**(1/4)*Abs(r)**(1/4)
1392,0.8788277088367783,B0*s ; r + sqrt(Abs(i))*sqrt(Abs(r)),0.047405232688078*s ; r + sqrt(Abs(i))*sqrt(Abs(r))
1393,0.8788276802987286,B0*s ; -r**2 + Abs(r)**(3/2),0.0475989880948522*s ; -r**2 + Abs(r)**(3/2)
1394,0.8788276342283263,B0*i + B1*s ; Abs(i + r)**(1/8),-5.32519597636818e-8*i + 0.0476114267630291*s ; Abs(i + r)**(1/8)
1395,0.8788026231878361,B1*sqrt(Abs(B0 + sqrt(Abs(i)))) ; sqrt(Abs(i)),0.0170570470645551*sqrt(Abs(sqrt(Abs(i)) - 9.97350867547553)) ; sqrt(Abs(i))
1396,0.8787858049802766,B0*Abs(s)**(1/4) ; i**2,0.0213774551081342*Abs(s)**(1/4) ; i**2
1397,0.8787336385207477,B0*i + B1*sqrt(Abs(s)) ; B2*sqrt(Abs(i)),8.35508729034564e-5*i + 0.0466129534281493*sqrt(Abs(s)) ; 0.498630676605775*sqrt(Abs(i))
1398,0.878704176530374,Abs(i)**(3/2) ; B0 + i,Abs(i)**(3/2) ; i + 0.0693073392568912
1399,0.8786949771089995,B0 + B1*i ; B2*i + B3*i**2,0.0435923261312458 - 0.000428714331702813*i ; 0.00274413437375936*i**2 - 0.274093849168945*i
1400,0.8786896420558808,B0*i + B1*sqrt(Abs(s)) ; B2 + B3*Abs(i)**(1/4),0.000315606211353982*i + 0.0478124863833281*sqrt(Abs(s)) ; 0.328649228759906*Abs(i)**(1/4) - 0.0568935578078963
1401,0.8786694732396199,B0 + B2*sqrt(Abs(B1 + s)) ; B3 - sqrt(Abs(r)),0.0475846092502006*sqrt(Abs(s + 0.0661610785932605)) - 0.000346743409000016 ; 0.184480165489608 - sqrt(Abs(r))
1402,0.8786595040701098,B0 + B2*sqrt(Abs(B1 + s)) ; B3*Abs(i)**(3/2)*sqrt(Abs(r)),0.048204924322562*sqrt(Abs(s + 0.055734874765418)) - 0.000377664783899888 ; 0.000420233091196703*Abs(i)**(3/2)*sqrt(Abs(r))
1403,0.8786579383038109,B2*sqrt(Abs(B0 + B1*i)) ; B3*i,1.29505525825477*sqrt(Abs(0.00135289143046573*i - 0.00141920800223492)) ; 0.000344089194230128*i
1404,0.8786550688852262,B0*i**2*s**2 ; B1 + i*r + r,0.140797051948201*i**2*s**2 ; i*r + r + 0.000644434160401798
1405,0.8786431766804835,B0*Abs(s)**(1/4) ; 2*r,0.0225520349329187*Abs(s)**(1/4) ; 2*r
1406,0.8786296142346426,B0 + B2*sqrt(Abs(B1 + s)) ; B3 - i - r + sqrt(Abs(i)),0.0487239206156682*sqrt(Abs(s + 0.0492008661100522)) - 0.000445399683366771 ; -i - r + sqrt(Abs(i)) + 0.000276497735810604
1407,0.8786295889630299,B0 + B2*sqrt(Abs(B1 + s)) ; B3 - i + r + sqrt(Abs(i)),0.0482625156519726*sqrt(Abs(s + 0.0841452808585572)) - 0.000359188834541509 ; -i + r + sqrt(Abs(i)) + 0.00527874724659818
1408,0.8786286587078811,B0 + B2*sqrt(Abs(B1 + s)) ; sqrt(Abs(i)),0.0487444519289257*sqrt(Abs(s + 0.0510700282825185)) - 0.000441239117942922 ; sqrt(Abs(i))
1409,0.87862056672551,B0 + B2*sqrt(Abs(B1 + s)) ; B3*r + sqrt(Abs(i)),0.0485596295099506*sqrt(Abs(s + 0.0368253402667541)) - 0.000352645110015519 ; 14.1104602802722*r + sqrt(Abs(i))
1410,0.8786195184123038,B0*i - i*sqrt(Abs(i - s)) ; B1 + B2*r + i,-i*sqrt(Abs(i - s)) + 0.544595288162631*i ; i + 0.237487683923612*r + 0.0914980912292706
1411,0.8786126062859304,B0 + B2*sqrt(Abs(B1 + s)) ; B3 + B4*r,0.0479052895653359*sqrt(Abs(s + 0.0926659198842762)) - 0.000389214712147936 ; 0.326899411762436*r + 3.75035473196363
1412,0.8786117646972709,B0 + B2*sqrt(Abs(B1 + s)) ; Abs(i)**(5/4),0.0486364515863287*sqrt(Abs(s + 0.0367032751785035)) - 0.000447149033360367 ; Abs(i)**(5/4)
1413,0.8785801674095035,B0*sqrt(Abs(i)) + B1*s ; B2 + i,0.0186777161717589*s + 0.154217904944382*sqrt(Abs(i)) ; i + 0.00482354699808558
1414,0.8785773048292835,B0 + B2*sqrt(Abs(B1 + s)) ; B3 + 2*r,0.0488727199367061*sqrt(Abs(s + 0.0250829765743167)) - 0.000356289887072159 ; 2*r + 0.000720716127429108
1415,0.8785759452765348,B0 + B1*i + B1*s ; B2 + r - Abs(i)**(5/4),0.00909866083230221*i + 0.00909866083230221*s + 0.0337141263923342 ; r - Abs(i)**(5/4) + 0.0225303306375449
1416,0.8785697470166475,B0*i + B1*s ; r + sqrt(Abs(B2 + B3*i)),-0.000189375795207409*i + 0.0442560883210285*s ; r + sqrt(Abs(1.18562421664392*i + 0.204086734435596))
1417,0.8785403393443766,B0 + B2*sqrt(Abs(B1 + s)) ; B3 + sqrt(Abs(i)),0.0489982263520147*sqrt(Abs(s + 0.0170113956642673)) - 0.000372129436577543 ; sqrt(Abs(i)) + 0.00106872402399322
1418,0.8785253821834083,B1*sqrt(Abs(B0*i + s)) ; i + r,0.0482283136561381*sqrt(Abs(0.00039107437469062*i - s)) ; i + r
1419,0.8785189608476356,B0 + B2*sqrt(Abs(B1 + s)) ; B3 - i**2 + i,0.048009669788017*sqrt(Abs(s + 0.114080413606689)) - 0.000366160819511232 ; -i**2 + i + 0.286682569718651
1420,0.8785113805829625,B0 + B2*sqrt(Abs(B1 + s)) ; B3 - 2*i + sqrt(Abs(i)),0.0489119076501793*sqrt(Abs(s + 0.00958918305694908)) - 0.000378746116165308 ; -2*i + sqrt(Abs(i)) + 0.000271157224540868
1421,0.8785037167503683,B0*i + B1*sqrt(Abs(s)) ; Abs(i)**(1/4),3.45530603219709e-6*i + 0.0469853415552079*sqrt(Abs(s)) ; Abs(i)**(1/4)
1422,0.8784858322611927,B0 + B1*i*s**2 ; B2 + r - sqrt(Abs(i + r)),-0.00109836899082444*i*s**2 + 0.00409261756183181 ; r - sqrt(Abs(i + r)) + 0.174508991926688
1423,0.8784844223767995,B0 + B1*sqrt(Abs(s)) ; B2 - 2*i + sqrt(Abs(r)),0.0482079572258067*sqrt(Abs(s)) - 0.000352579551638295 ; -2*i + sqrt(Abs(r)) + 2.84674658380954
1424,0.8784808472782546,B0 + B1*sqrt(Abs(s)) ; B2 + i + sqrt(Abs(B3 - r)),0.0476283544697671*sqrt(Abs(s)) - 0.000359485576961884 ; i + sqrt(Abs(r - 2.09098757240444)) + 0.327011132661849
1425,0.8784802771722536,B0*i + B2*sqrt(Abs(B1 + i)) ; r,-0.212443999652418*i + 0.227345553474698*sqrt(Abs(i - 0.0221729664434453)) ; r
1426,0.8784750128434763,B0 + B1*sqrt(Abs(s)) ; sqrt(Abs(B2 + sqrt(Abs(i))*sqrt(Abs(r)))),0.048596041704847*sqrt(Abs(s)) - 0.00036431217477797 ; sqrt(sqrt(Abs(i))*sqrt(Abs(r)) + 0.000454638911349852)
1427,0.8784699863578784,B0 + B1*sqrt(Abs(s)) ; B2*sqrt(Abs(i))*Abs(r)**(3/2),0.0487905774577895*sqrt(Abs(s)) - 0.000358929698471419 ; 0.000629008092153375*sqrt(Abs(i))*Abs(r)**(3/2)
1428,0.8784553450225953,B0 + B1*i ; B2 + 2*i + sqrt(Abs(B3 + r)),0.149124925744876*i + 0.0637903284052847 ; 2*i + sqrt(Abs(r - 0.613968595290922)) - 0.0649456950068936
1429,0.8784466051242033,B0 + B1*sqrt(Abs(s)) ; B2*Abs(r + sqrt(Abs(i)))**(1/4),0.0491502306686385*sqrt(Abs(s)) - 0.000398241989740309 ; 0.000112565839468282*Abs(r + sqrt(Abs(i)))**(1/4)
1430,0.8784459856151272,B0 + B1*sqrt(Abs(s)) ; B3*i*sqrt(Abs(B2 + i)),0.0491597877747371*sqrt(Abs(s)) - 0.000408055610220163 ; 0.000150529887605986*i*sqrt(Abs(i + 0.000574819773365642))
1431,0.8784321976567331,B0*i + B1*sqrt(Abs(s)) ; i*r + r**2,-0.000346511591911868*i + 0.0476637760898616*sqrt(Abs(s)) ; i*r + r**2
1432,0.8784285832913697,B0*i + B1*sqrt(Abs(s)) ; B2*r*sqrt(Abs(i)),-0.000341226055736881*i + 0.0470896450651097*sqrt(Abs(s)) ; 41.1944022361594*r*sqrt(Abs(i))
1433,0.8784235515256068,B0*i + B1*sqrt(Abs(s)) ; r**2 + Abs(r)**(5/4),-0.000370676626411149*i + 0.0478167548959098*sqrt(Abs(s)) ; r**2 + Abs(r)**(5/4)
1434,0.8784099356563138,B0*i + B1*sqrt(Abs(s)) ; B2*sqrt(Abs(r)),-0.000353407975614763*i + 0.0466678594616544*sqrt(Abs(s)) ; 0.133012907920423*sqrt(Abs(r))
1435,0.8783975262175011,B0 + B2*sqrt(Abs(B1 + s)) ; B3 + i,0.0473382026628831*sqrt(Abs(s + 0.133270343316559)) - 0.000420029255375324 ; i + 0.000226515447552998
1436,0.878395800851872,B0*i + B1*sqrt(Abs(s)) ; r,-0.000343479724314047*i + 0.0463691158014447*sqrt(Abs(s)) ; r
1437,0.8783883190481875,B0 + B2*sqrt(Abs(B1 + s)) ; B3 - 2*r + sqrt(Abs(i)),0.0494491849892706*sqrt(Abs(s - 0.00574457972206182)) - 0.000378335600215338 ; -2*r + sqrt(Abs(i)) + 0.00181533122241319
1438,0.8783695651319318,B0*s**2*sqrt(Abs(i)) ; r,0.129515195002743*s**2*sqrt(Abs(i)) ; r
1439,0.8783319417522165,B0*i - i**2 ; B1*i,-i**2 + 2.58537669303626*i ; 2.61766142850021*i
1440,0.8783110459124159,B0*s + B1*i*s ; i + sqrt(Abs(i)),-0.0990934630681351*i*s - 0.019021565853723*s ; i + sqrt(Abs(i))
1441,0.8782859383576075,B0*Abs(i)**(3/2) ; B1 + B2*r*sqrt(Abs(i)),0.248777923905482*Abs(i)**(3/2) ; -0.240814798543324*r*sqrt(Abs(i)) + 0.116065350563328
1442,0.8782852746254112,B0*i ; B1*i + i**2,2.56655752963706*i ; i**2 + 2.59863113194912*i
1443,0.878257356805388,B0 + B2*sqrt(Abs(B1 + s)) ; B3 + r + sqrt(Abs(i)),0.0471265962448372*sqrt(Abs(s + 0.15033706411301)) - 0.000487725709908421 ; r + sqrt(Abs(i)) + 0.0222745398467552
1444,0.878256328742005,B0*s + B0*Abs(i)**(3/4) ; B1 + i - sqrt(Abs(r - sqrt(Abs(r)))),0.0217212531898132*s + 0.0217212531898132*Abs(i)**(3/4) ; i - sqrt(Abs(r - sqrt(Abs(r)))) - 0.0200000314819091
1445,0.8782453824828783,B0*sqrt(Abs(i)) + Abs(i)**(3/2) ; B1*r + i,Abs(i)**(3/2) + 0.170043664326109*sqrt(Abs(i)) ; i + 0.0106113033419192*r
1446,0.8782310532318642,B0*sqrt(Abs(i))*sqrt(Abs(s)) ; i + 2*r,0.00382796516065289*sqrt(Abs(i))*sqrt(Abs(s)) ; i + 2*r
1447,0.8782285686817015,B0*i + i*sqrt(Abs(s)) ; B1*i*r,i*sqrt(Abs(s)) - 0.688796300043913*i ; 0.267287412104463*i*r
1448,0.878228108356437,B0 + B2*sqrt(Abs(B1 - s)) ; B3 + B4*i,0.0468589354219986*sqrt(Abs(s + 0.154922301569664)) - 0.000337080382331548 ; 0.000158452884090077*i + 0.000168540964451028
1449,0.8782132230917941,B0 + B2*sqrt(Abs(B1 + s)) ; B3 - r + Abs(i)**(1/4),0.0474881382547903*sqrt(Abs(s + 0.156451160765407)) - 0.000430070702408955 ; -r + Abs(i)**(1/4) + 0.000736305850107697
1450,0.8781921727682173,sqrt(Abs(B0*s + B1*i)) ; B2 + B3*i,sqrt(Abs(0.000390061904921782*i - 0.0022933574360086*s)) ; 0.0795885957196688*i + 0.0574075899882716
1451,0.8781836938459112,B0 + B2*sqrt(Abs(B1 + s)) ; B3 - i,0.0473363400595203*sqrt(Abs(s + 0.15985279264398)) - 0.000385173597300651 ; 0.000158954294556855 - i
1452,0.8781500124176833,B0 + B2*sqrt(Abs(B1 + s)) ; B3 - i + sqrt(Abs(i)),0.0472149086034942*sqrt(Abs(s + 0.163553963126721)) - 0.000366780434449499 ; -i + sqrt(Abs(i)) + 0.00236824024824174
1453,0.878093923406831,B0 + B2*sqrt(Abs(B1 + s)) ; B3 + B4*r + sqrt(Abs(i)),0.047230616771469*sqrt(Abs(s + 0.169227916568493)) - 0.000355133091710881 ; 0.214223624585076*r + sqrt(Abs(i)) + 0.452717821614045
1454,0.878045133909614,B0 + B1*s - i ; i,-i + 0.0767742033785757*s + 0.0179989675869335 ; i
1455,0.8780325043957441,B0 + B1*sqrt(Abs(i - s)) ; i,0.0495282390640864*sqrt(Abs(i - s)) - 0.00108609437691772 ; i
1456,0.8779622054127907,B0 + B1*Abs(i)**(1/4) ; B2*i,0.0668856373404071 - 0.0441457093420511*Abs(i)**(1/4) ; -0.032399809741752*i
1457,0.8779467662571322,B0 + B2*i*sqrt(Abs(B1 + s)) ; B3 + 2*i,-0.138586497326934*i*sqrt(Abs(s + 12.1186973235543)) - 2.58250834162955 ; 2*i + 10.7769354677697
1458,0.8779229440834042,B0 + B1*i ; B2 + i - Abs(i - r)**(1/4),-1.13725174847299*i - 0.959342120350103 ; i - Abs(i - r)**(1/4) + 2.14913110084054
1459,0.8778079781812396,B1*sqrt(Abs(B0 + sqrt(Abs(s)))) ; sqrt(Abs(i)),0.0379914472616412*sqrt(Abs(sqrt(Abs(s)) - 0.292159839581713)) ; sqrt(Abs(i))
1460,0.877796595533185,-i**2 - i*s ; B0 + B1*i + B1*r,-i**2 - i*s ; -0.0569501473766367*i - 0.0569501473766367*r + 0.0540970550623394
1461,0.8777206300915148,s*sqrt(Abs(B0*s + B1*i)) ; B2 - i + 2*r,s*sqrt(Abs(0.000214731994730068*i + 0.0229994982370152*s)) ; -i + 2*r + 208.209123390697
1462,0.8776981708753665,sqrt(Abs(B0 + B1*sqrt(Abs(s)))) ; B2*r,sqrt(Abs(0.00143122646858035*sqrt(Abs(s)) - 0.000408232993372087)) ; 0.000667637870737495*r
1463,0.8776891631527923,sqrt(Abs(B0 + B1*sqrt(Abs(s)))) ; r,sqrt(Abs(0.00136703477781078*sqrt(Abs(s)) - 0.000384934479188669)) ; r
1464,0.8776884033455727,B1*sqrt(Abs(B0 + sqrt(Abs(s)))) ; B2 + r,0.0382796378235101*sqrt(Abs(sqrt(Abs(s)) - 0.296194300367678)) ; r + 28.4603646331409
1465,0.8776688675905531,B1*sqrt(Abs(B0 + sqrt(Abs(s)))) ; B2 - i,0.0390854266856786*sqrt(Abs(sqrt(Abs(s)) - 0.307629146653453)) ; 0.00414748519771381 - i
1466,0.8776389124288129,B1*sqrt(Abs(B0 + sqrt(Abs(s)))) ; r,0.0358969207916813*sqrt(Abs(sqrt(Abs(s)) - 0.272186730789552)) ; r
1467,0.8776275683605627,B0 + B1*i ; B2 + 2*r,9.78761603621691e-5*i + 0.0215753792846408 ; 2*r + 1.11590485750944e-11
1468,0.8776219534485197,B1*sqrt(Abs(B0 + sqrt(Abs(s)))) ; B2*sqrt(Abs(i)),0.0373283683996612*sqrt(Abs(sqrt(Abs(s)) - 0.288431867450303)) ; 0.74156103878763*sqrt(Abs(i))
1469,0.8775673040494859,B0*i + B1*Abs(i)**(5/4) ; sqrt(Abs(i)),-0.00790816908822405*i - 0.00248922899413543*Abs(i)**(5/4) ; sqrt(Abs(i))
1470,0.8775565664252232,sqrt(Abs(B0 + B1*sqrt(Abs(s)))) ; sqrt(Abs(B2 + B3*r)),sqrt(Abs(0.00156067706827416*sqrt(Abs(s)) - 0.000489826290327248)) ; sqrt(Abs(0.0781963144251043*r + 0.000876911903092772))
1471,0.8775551451608183,B1*sqrt(Abs(B0 - sqrt(Abs(s)))) ; -4*i,0.0375315915231723*sqrt(Abs(sqrt(Abs(s)) - 0.291455333979752)) ; -4*i
1472,0.8775543910274504,B1*sqrt(Abs(B0 - sqrt(Abs(s)))) ; r,0.0373574289480302*sqrt(Abs(sqrt(Abs(s)) - 0.282452469919902)) ; r
1473,0.8775243663855615,sqrt(Abs(B0 + B1*sqrt(Abs(s)))) ; B2 + 2*i + r,sqrt(Abs(0.00133066347478916*sqrt(Abs(s)) - 0.000369179681210754)) ; 2*i + r + 0.00172062570424819
1474,0.877495463666812,sqrt(Abs(B0 + B1*sqrt(Abs(s)))) ; sqrt(Abs(B2 - r)),sqrt(Abs(0.00150185262873232*sqrt(Abs(s)) - 0.00044954324074618)) ; sqrt(Abs(r - 26.174954021894))
1475,0.8774545562143565,sqrt(Abs(B0 + B1*sqrt(Abs(s)))) ; B2*Abs(r)**(1/4),sqrt(Abs(0.00124801863505881*sqrt(Abs(s)) - 0.000334097272945902)) ; 4.67947018005354*Abs(r)**(1/4)
1476,0.8774172132800598,B0 + sqrt(Abs(B1 + B2*i*s)) ; sqrt(Abs(B3 + i)),sqrt(Abs(0.00180567030171497*i*s - 0.435094833771298)) - 0.660249011644781 ; sqrt(Abs(i + 76.5232670309545))
1477,0.8773941392867712,s*sqrt(Abs(B0*i + B1*s)) ; B2 - i + 2*r,s*sqrt(Abs(0.000191255102747887*i + 0.0204812305822534*s)) ; -i + 2*r + 245.974621872967
1478,0.8773693587809325,B1*sqrt(Abs(B0 - sqrt(Abs(s)))) ; i,0.0347233306651213*sqrt(Abs(sqrt(Abs(s)) - 0.251721515562649)) ; i
1479,0.8773310767967353,B0*i ; i*sqrt(Abs(2*i + r)),0.609956012364708*i ; i*sqrt(Abs(2*i + r))
1480,0.8773123864844113,B0*Abs(i)**(1/4)*sqrt(Abs(s)) ; i,0.102626180405322*Abs(i)**(1/4)*sqrt(Abs(s)) ; i
1481,0.8772621145594081,B0*sqrt(Abs(i)) + B1*Abs(i)**(3/2) ; r,-0.104594501645894*Abs(i)**(3/2) + 0.122976491812923*sqrt(Abs(i)) ; r
1482,0.8772585951333691,B1*sqrt(Abs(B0 + i - s)) ; sqrt(Abs(i)),0.00495330710075196*sqrt(Abs(i - s + 99.7405318964635)) ; sqrt(Abs(i))
1483,0.8772412734549256,B0 + B1*i ; sqrt(Abs(B2*sqrt(Abs(i)) + B3 - r)),0.000420158841828633*i + 0.043494944585773 ; sqrt(Abs(r - 1.71405809666436*sqrt(Abs(i)) + 0.557379244710583))
1484,0.8772344441335413,B0 + B2*sqrt(Abs(B1*s - i)) ; 3*i,0.085717877453722 - 0.0133973314477834*sqrt(Abs(i + 13.6100943171453*s)) ; 3*i
1485,0.8771952914691513,B0 + B1*i + B1*sqrt(Abs(s)) ; B2*i,0.0546239349445029*i + 0.0546239349445029*sqrt(Abs(s)) - 0.0155888310549881 ; 0.0737994667122372*i
1486,0.8771853109548726,sqrt(Abs(B0 + B1*sqrt(Abs(s)))) ; sqrt(Abs(B2*i + B2*r)),sqrt(Abs(0.00124551894754876*sqrt(Abs(s)) - 0.000305806501321587)) ; sqrt(Abs(0.981331636149877*i + 0.981331636149877*r))
1487,0.8771614956503246,B0*Abs(i)**(1/4)*Abs(s)**(5/4) ; B1 - i + r,0.034709594782384*Abs(i)**(1/4)*Abs(s)**(5/4) ; -i + r + 0.0265292809821157
1488,0.877154034749014,B0 + B1*i ; sqrt(Abs(B2*sqrt(Abs(i)) + B3 - i)),0.000432001339277118*i + 0.0445734395566423 ; sqrt(Abs(i + 1.67465027059876*sqrt(Abs(i)) + 1.19242491324311))
1489,0.8771355347137667,B0*i*s**3 ; 2*r,0.390231132655757*i*s**3 ; 2*r
1490,0.8771355282822598,B0*i*s**3 ; Abs(i)**(5/2)*Abs(r)**(3/2),0.391371089867483*i*s**3 ; Abs(i)**(5/2)*Abs(r)**(3/2)
1491,0.8771214948972739,sqrt(Abs(B0 + B1*sqrt(Abs(s)))) ; B2*Abs(i)**(1/4),sqrt(Abs(0.00169792180659178*sqrt(Abs(s)) - 0.000539140836948198)) ; 0.00317306031491756*Abs(i)**(1/4)
1492,0.8771164203467516,B0 + B1*i + B2*s ; i + Abs(r)**(3/2),-0.000630353617092168*i + 0.107630755655751*s - 0.0382258283761509 ; i + Abs(r)**(3/2)
1493,0.8771075364867634,B0*sqrt(Abs(i - sqrt(Abs(i)))) ; r,0.0528341578206646*sqrt(Abs(i - sqrt(Abs(i)))) ; r
1494,0.8770282146571672,B0 + B1*sqrt(Abs(i)) ; B2 + i*Abs(r)**(1/8),0.348916989198536*sqrt(Abs(i)) - 0.110639931747781 ; i*Abs(r)**(1/8) - 0.102073289007758
1495,0.8770133790477208,B0*sqrt(Abs(i - sqrt(Abs(i)))) ; -i*Abs(r)**(1/4) + r,0.0526288321338546*sqrt(Abs(i - sqrt(Abs(i)))) ; -i*Abs(r)**(1/4) + r
1496,0.8769543964941922,B0 + B1*i ; sqrt(Abs(B2*sqrt(Abs(r)) + B3 - r)),0.000435482576231361*i + 0.0450259320503774 ; sqrt(Abs(-r + 2.03490092434934*sqrt(Abs(r)) + 0.821216595071373))
1497,0.8766602027731704,B0 + B1*sqrt(Abs(i)) ; sqrt(Abs(i)),0.0524513783074117 - 0.00451009691292683*sqrt(Abs(i)) ; sqrt(Abs(i))
1498,0.8766443407348066,B0*i + B1*s ; 2*r - sqrt(Abs(i - r)),0.000166611539251245*i + 0.0413845261884319*s ; 2*r - sqrt(Abs(i - r))
1499,0.8765381405881362,B0*sqrt(Abs(s - sqrt(Abs(i)))) ; i,0.0332193992686077*sqrt(Abs(s - sqrt(Abs(i)))) ; i
1500,0.876468718143643,B0 + B1*i + B2*s ; i - r,3.77795969284641*i + 1.89255403546997*s - 1.88862768261231 ; i - r
1501,0.8764556193111434,B0 + B1*i + B2*s ; -i + r,0.000531329770163206*i + 0.0592488967525977*s - 0.0423516215565544 ; -i + r
1502,0.8764410188730998,B0*i*s ; B1 - r + sqrt(Abs(B2 + i)),-0.000546522194239675*i*s ; -r + sqrt(Abs(i + 212.708461979305)) + 89.4711459054168
1503,0.8763579185003761,i*s**2 ; B0 + i,i*s**2 ; i - 0.0186591772528168
1504,0.8763520974624975,sqrt(Abs(B0 + B1*sqrt(Abs(s)))) ; B2*sqrt(Abs(i)),sqrt(Abs(0.00181772212663182*sqrt(Abs(s)) - 0.000629996569680987)) ; 64.083990156264*sqrt(Abs(i))
1505,0.8761999834704443,Abs(i)**(3/2)*Abs(s)**(3/2) ; r,Abs(i)**(3/2)*Abs(s)**(3/2) ; r
1506,0.876188834496993,B0*Abs(i)**(5/4)*sqrt(Abs(s)) ; B1 + i*sqrt(Abs(r - sqrt(Abs(i)))),0.204220480706756*Abs(i)**(5/4)*sqrt(Abs(s)) ; i*sqrt(Abs(r - sqrt(Abs(i)))) + 0.139500814222852
1507,0.8761481821418253,B0 + B1*i + B2*s ; sqrt(Abs(B3 + B4*sqrt(Abs(i)) - i + r)),-0.00138487641526465*i + 0.133642475865563*s - 0.130630361428507 ; sqrt(Abs(i - r + 72.623159565026*sqrt(Abs(i)) - 315.870432353927))
1508,0.876138315005072,sqrt(Abs(B0 + B1*sqrt(Abs(s)))) ; sqrt(Abs(B2 + B3*i)),sqrt(Abs(0.00173957313907717*sqrt(Abs(s)) - 0.000545353770957966)) ; sqrt(Abs(0.0117470511129698*i + 0.699393246967928))
1509,0.8761253677903145,B1*sqrt(Abs(B0*i - i**2)) ; B2 - r + Abs(i)**(3/2),0.0320175112440088*sqrt(Abs(i**2 - 0.286067652970812*i)) ; -r + Abs(i)**(3/2) + 0.336037910034213
1510,0.8761046696793858,B1*sqrt(Abs(B0 + i*s)) ; B2 + sqrt(Abs(i)),0.00378394826417842*sqrt(Abs(i*s - 17.2531681269295)) ; sqrt(Abs(i)) + 5.34643666489172
1511,0.8760294292322204,Abs(i)**(3/2) ; B0 + B1*r + B1*sqrt(Abs(r)),Abs(i)**(3/2) ; -0.035488055649972*r - 0.035488055649972*sqrt(Abs(r)) + 0.0830946985459505
1512,0.8760124158819699,B0*i + B1*s ; -i**2*r + sqrt(Abs(i)),-0.0217580725290752*i + 0.0364626728935622*s ; -i**2*r + sqrt(Abs(i))
1513,0.8759864946368823,B0*s**2 ; B1 + sqrt(Abs(B2 + i)),0.045354254076921*s**2 ; sqrt(Abs(i + 2.6799541920249)) + 0.00629993361789768
1514,0.8759864946163325,B0*s**2 ; B1 + i - sqrt(Abs(i)),0.0453563095421013*s**2 ; i - sqrt(Abs(i)) + 0.000623138265978471
1515,0.875986494500089,B0*s**2 ; B2*sqrt(Abs(B1 + i)),0.0453583406501814*s**2 ; 0.10617804301279*sqrt(Abs(i + 0.000306036247815313))
1516,0.8759864928758764,B0*s**2 ; B1 + sqrt(Abs(i + r)),0.0453424929148623*s**2 ; sqrt(Abs(i + r)) + 0.0337587542557553
1517,0.8759864928028335,B0*s**2 ; B1 + r + sqrt(Abs(r)),0.045367460777312*s**2 ; r + sqrt(Abs(r)) + 46.2942371547771
1518,0.8759864482996014,B0*s**2 ; i**2*sqrt(Abs(r)),0.0452915563496171*s**2 ; i**2*sqrt(Abs(r))
1519,0.8759399715984362,B0 + B1*i + B2*s ; sqrt(Abs(B3 + B4*sqrt(Abs(r)) + i - r)),-0.00125884209769353*i + 0.128255632966103*s - 0.117058624347572 ; sqrt(Abs(i - r + 4.60217938587883*sqrt(Abs(r)) - 20.6888780394914))
1520,0.8759399715725886,B0 + B1*i + B2*s ; sqrt(Abs(B3 + B4*sqrt(Abs(r)) - i + r)),-0.00125886355114887*i + 0.128254039480747*s - 0.117060242549802 ; sqrt(Abs(i - r + 4.60626223975275*sqrt(Abs(r)) - 20.7049773921092))
1521,0.8758775503110594,sqrt(Abs(B0 + B1*sqrt(Abs(s)))) ; B2*sqrt(Abs(r)),sqrt(Abs(0.00181495926664048*sqrt(Abs(s)) - 0.000587766309579372)) ; 0.375881498926441*sqrt(Abs(r))
1522,0.8758546841028689,B0 + B1*i + B2*s ; Abs(i - r)**(1/4),0.000860389154371205*i - 0.0467360125907376*s + 0.0822943909000348 ; Abs(i - r)**(1/4)
1523,0.8758414737347591,B1*i*sqrt(Abs(B0 + s)) ; B2 - sqrt(Abs(i)),0.000385504358804905*i*sqrt(Abs(s + 0.173875323465805)) ; -sqrt(Abs(i)) - 8.62718149954954
1524,0.8757051365447212,B0*sqrt(Abs(i*s**2 - s)) ; Abs(B1 + i + 2*r)**(1/4),0.017970482675305*sqrt(Abs(i*s**2 - s)) ; Abs(i + 2*r - 0.00509673417295188)**(1/4)
1525,0.875672596297496,B0*i**2 ; B1 - r**3 + r,0.109089575534131*i**2 ; -r**3 + r + 0.000405210252316475
1526,0.8756658958219942,B0 + s + sqrt(Abs(i)) ; sqrt(Abs(B1*r + r**2)),s + sqrt(Abs(i)) - 1.15465755499947 ; sqrt(Abs(r**2 + 1.78718717537256*r))
1527,0.8755072641710162,B0*Abs(i)**(5/4)*sqrt(Abs(s)) ; i,2.86849495974933*Abs(i)**(5/4)*sqrt(Abs(s)) ; i
1528,0.8755002196239073,B0 + B1*i + B2*s ; B3*i - 2*i*r,-0.479771037708303*i - 0.315277923570093*s + 0.328112366262531 ; -2*i*r + 0.658933626163856*i
1529,0.8754958972598192,B0*s*sqrt(Abs(i)) ; B1 + B2*i + B3*i*r,0.100822935953317*s*sqrt(Abs(i)) ; 0.0922377153761646*i*r - 0.449508673340857*i + 0.0300294538587672
1530,0.8754948204287774,B0*i**2 + B1*i*s ; B2 + sqrt(Abs(B3 + i)),1.05275486009009e-6*i**2 - 0.00125279828147072*i*s ; sqrt(Abs(i + 21.4136905130934)) + 3.08885308441737
1531,0.8754767240031637,B0*i**3*s ; B1 + i,-28.1302156954966*i**3*s ; i + 0.174074810674614
1532,0.8754692955092588,B0*sqrt(Abs(i))*Abs(s)**(3/2) ; B1*i + B2*i**3,0.0668909650812713*sqrt(Abs(i))*Abs(s)**(3/2) ; -7.46163504172859e-6*i**3 - 0.337302654209698*i
1533,0.8754624814741163,B0*i ; -i + r,0.000127828943741377*i ; -i + r
1534,0.8754561649248475,B0*i*Abs(s)**(3/2) ; B1 + B2*r - i**2*r,0.698538629892355*i*Abs(s)**(3/2) ; -i**2*r + 0.102450496310248*r + 0.0106629881412395
1535,0.8754460724270989,B0*i**2 + B1*i*s ; B2 + B3*i,1.03908599140494*i**2 + 0.301349614832657*i*s ; 0.394872604147141*i - 0.0169967504651225
1536,0.8754219222017031,B0*i + B1*i*s**2 ; B2 + B3*sqrt(Abs(r)),0.143813944542799*i*s**2 - 0.151084865589844*i ; 5.30646704142598 - 5.22129330430565*sqrt(Abs(r))
1537,0.8754218886530376,B0 + B1*Abs(i - s)**(1/4) ; B2*i,0.0514775298617057 - 0.0167743717210827*Abs(i - s)**(1/4) ; -0.134015701483781*i
1538,0.8754178364327548,B0*i + B1*i*s ; B2 + r,-0.000567802990552816*i*s - 9.92222812290176e-5*i ; r + 1.94483853838361
1539,0.8754107817158446,s*Abs(B0 + s)**(1/4) ; B1 + i + r,s*Abs(s + 55.2437687003352)**(1/4) ; i + r + 0.584684531259871
1540,0.8754106335328586,s*Abs(B0 - i)**(1/4) ; i*r**2,s*Abs(i - 56.2393686922937)**(1/4) ; i*r**2
1541,0.8753979915975478,B0 + B1*i + B2*i*s ; B3*i,0.370520163200212*i*s + 0.0333376167168378*i + 0.000584696792500004 ; 0.131492219064643*i
1542,0.8753794604461541,B1*sqrt(Abs(B0 + i*s**2)) ; B2*Abs(r)**(1/8),0.118777866014849*sqrt(Abs(i*s**2 - 2.62833247540974e-6)) ; 0.00101575651662521*Abs(r)**(1/8)
1543,0.875378067218513,B1*Abs(B0*i + i**2)**(1/4) ; B2*i + i**2 + i*r,0.0511582205060843*Abs(i**2 - 0.00294747637554433*i)**(1/4) ; i**2 + i*r - 0.428175057649092*i
1544,0.8753599193427606,B0*s**2 + B1*i*s ; B2*sqrt(Abs(i)),0.360595972266508*i*s + 0.00475288571001104*s**2 ; 0.0351146572113628*sqrt(Abs(i))
1545,0.8753389094540764,B0 + B1*s + B2*i*s ; B3 + i + r,-0.0440655760784037*i*s + 0.0467345858697106*s - 0.0401186039315691 ; i + r + 0.118797895485657
1546,0.8753043806940694,B0 + B1*s + B2*i*s ; B3 + B4*sqrt(Abs(i)),-0.00170658936815175*i*s + 0.00433148793095843*s + 0.00597986870644445 ; 0.959514307479605*sqrt(Abs(i)) + 0.797570776988657
1547,0.8752880583951516,B0 + B1*s + B2*i*s ; B3 - r,0.229960367778501*i*s - 0.00375048370175233*s + 0.00231660507624925 ; -r - 0.0452410559478131
1548,0.8752806950755477,B0 + B1*i + B2*s ; B3 + B4*r + B5*i*r,-0.180344885563837*i + 1.10438364843949*s - 1.07658723196424 ; 0.0386539759355278*i*r + 0.220008889719603*r + 0.0932012590010891
1549,0.8752734860071829,B0*sqrt(Abs(i)) + B1*Abs(i)**(3/2) ; i - r,-0.278129587075597*Abs(i)**(3/2) + 0.166305697675234*sqrt(Abs(i)) ; i - r
1550,0.8752639401655132,s*sqrt(Abs(B0 + sqrt(Abs(B1 + i*s)))) ; B2*Abs(i)**(1/4)*Abs(r)**(1/4),s*sqrt(sqrt(Abs(i*s - 3.01372781885072)) + 5.11113389288973) ; 34.7311759868051*Abs(i)**(1/4)*Abs(r)**(1/4)
1551,0.8752588351081928,B0*s + B1*i*s ; -i + r,0.000559170972626215*i*s + 0.011634063860561*s ; -i + r
1552,0.8752569623900577,B0*s**2 + B1*i*s ; B2 + B3*r,0.27870871268937*i*s + 0.00686453389351986*s**2 ; 0.0405726949699202*r + 0.00341502105300462
1553,0.8752502988875178,i*sqrt(Abs(B0*s + B1)) ; B2 + B3*sqrt(Abs(i)) - r,i*sqrt(Abs(3.86116310389032e-7*s + 7.69444257583465e-8)) ; -r - 3.8321006014918*sqrt(Abs(i)) - 28.3244614258518
1554,0.8752486386802601,B0*s**2 + B1*i*s ; sqrt(Abs(B2 + i)),-0.0018371502446953*i*s + 0.0074329097372802*s**2 ; sqrt(Abs(i - 3.56302841915617))
1555,0.8752392532472598,B0*sqrt(Abs(i))*sqrt(Abs(s)) ; -i**2 + r,0.00384110031024013*sqrt(Abs(i))*sqrt(Abs(s)) ; -i**2 + r
1556,0.8752297136515598,B0 + B1*s + B2*s**2 ; Abs(i)**(1/4),-0.236666009595018*s**2 + 0.240745551173586*s + 0.00229849629285375 ; Abs(i)**(1/4)
1557,0.8752297136446174,B0 + B1*s + B2*s**2 ; B3*i**2 + B4*i*r,-0.236672374037008*s**2 + 0.240749996831242*s + 0.00229977439902196 ; 0.0135223586741568*i**2 + 0.247588519317959*i*r
1558,0.8752297136327444,B0 + B1*i + B2*s**2 ; r,-0.240741420422077*i - 0.236662454657481*s**2 + 0.243040792485705 ; r
1559,0.8752297136315208,B0 + B1*i + B2*i**2 ; r + Abs(r)**(3/4),-0.236662257516851*i**2 + 0.232583290559393*i + 0.00637836556937186 ; r + Abs(r)**(3/4)
1560,0.875229713631301,B0 + B1*s + B2*s**2 ; i,-0.23666221896664*s**2 + 0.240741148684777*s + 0.00229942955455919 ; i
1561,0.8752297135608191,B0 + B1*s + B2*i*s ; r,0.236653770433399*i*s + 0.00407762567503779*s + 0.00230147448294399 ; r
1562,0.8752297133326244,B0 + B1*i + B2*i*s ; B3*Abs(r)**(3/2),0.236647770293736*i*s - 0.00408096118072772*i + 0.00637965544492659 ; 0.231574681248174*Abs(r)**(3/2)
1563,0.8752297133235961,B0 + B1*i + B2*i*s ; B3*r*sqrt(Abs(i)),0.236713853904559*i*s - 0.00409356670856831*i + 0.00637415805962452 ; 0.00034872131551703*r*sqrt(Abs(i))
1564,0.8752297133183284,B0 + B1*i + B2*i*s ; B3*i*r,0.236642386027443*i*s - 0.00406631406908044*i + 0.00637963575377307 ; 18.8258901723889*i*r
1565,0.8752297130315358,B0 + B1*s + B2*s**2 ; B3 - i,-0.236727611775076*s**2 + 0.240825830775134*s + 0.00227490376657704 ; 68.7204127448521 - i
1566,0.8752297129749045,B0 + B1*s + B2*s**2 ; B3 + 2*i + 2*r,-0.236730035520105*s**2 + 0.24082108861503*s + 0.00228118766888213 ; 2*i + 2*r + 0.0634826735838764
1567,0.8752297029777104,B0 + B1*s + B2*s**2 ; B3 + r - sqrt(Abs(r)),-0.236452925453708*s**2 + 0.240471931694348*s + 0.00237624959703034 ; r - sqrt(Abs(r)) + 0.433951231784294
1568,0.875226945655297,B0*Abs(s)**(3/2) + B1*i*s ; r,0.24460860559838*i*s + 0.00602920962206611*Abs(s)**(3/2) ; r
1569,0.8752248733733552,B0*s + B1*i*s**2 ; sqrt(Abs(B2 + i)),-0.0101908199841068*i*s**2 - 0.00539030900024272*s ; sqrt(Abs(i + 3.1710790024586))
1570,0.8752235255161488,B0*s**2 + B1*i*s ; B2*r + i*r,0.247126522484481*i*s + 0.00607456748883502*s**2 ; i*r + 0.418113886396072*r
1571,0.8752235255132926,B0*s**2 + B1*i*s ; -Abs(r)**(1/8),0.24712403364569*i*s + 0.00607485040431648*s**2 ; -Abs(r)**(1/8)
1572,0.8752235255123171,B0*s**2 + B1*i*s ; i*r,0.247123728919494*i*s + 0.00607488718858621*s**2 ; i*r
1573,0.8752235255110636,B0*s + B1*s**2 ; -i**2 - i*r + 2*r,-0.241048471844457*s**2 + 0.247123391625482*s ; -i**2 - i*r + 2*r
1574,0.8752235255091846,B0*s**2 + B1*i*s ; r - sqrt(Abs(r)),0.247122948485164*i*s + 0.00607497431729589*s**2 ; r - sqrt(Abs(r))
1575,0.8752235255090645,B0*s + B1*s**2 ; Abs(B2 + r**2 - r)**(1/8),-0.241047934789571*s**2 + 0.247122923647223*s ; Abs(r**2 - r + 0.00845452231243927)**(1/8)
1576,0.8752235255052399,B0*s**2 + B1*i*s ; r,0.247122188008879*i*s + 0.00607505170599307*s**2 ; r
1577,0.8752235254814612,B0*s**2 + B1*i*s ; sqrt(Abs(r)),0.247119184502857*i*s + 0.00607541061860223*s**2 ; sqrt(Abs(r))
1578,0.8752235252524134,B0*s + B1*s**2 ; B2 + B3*r + 3*i,-0.241030366687195*s**2 + 0.247107149323044*s ; 3*i + 0.278024669409469*r + 0.0478772228168788
1579,0.8752235233944625,B0*s**2 + B1*i*s ; B2*i*r,0.247179664071088*i*s + 0.00606850435734098*s**2 ; 0.000147757501798525*i*r
1580,0.8752195887132979,B0 + B1*i + B2*s ; -i + (1 + sqrt(2))*sqrt(Abs(r)),-0.000553992706327218*i + 0.0553754467474295*s - 0.044482929152996 ; -i + (1 + sqrt(2))*sqrt(Abs(r))
1581,0.8751994147872099,B1*s*sqrt(Abs(B0 - i)) ; i,0.315745292740803*s*sqrt(Abs(i - 0.0624698794259595)) ; i
1582,0.8751838537566675,B0*sqrt(Abs(s + sqrt(Abs(i)))) ; 2*i,0.0269668640238962*sqrt(Abs(s + sqrt(Abs(i)))) ; 2*i
1583,0.875183624143909,B0*i ; B2*i*sqrt(Abs(r + sqrt(Abs(B1 + r)))),0.505211049001297*i ; 0.505808782310468*i*sqrt(Abs(r + sqrt(Abs(r + 0.0632057639000876))))
1584,0.8751828705162523,i**2 ; B0 + sqrt(Abs(B1*r + i)),i**2 ; sqrt(Abs(i + 0.0883164910989326*r)) - 0.419811463718937
1585,0.8751805547296546,B0*s + B1*Abs(s)**(5/2) ; i*r,0.192295181443297*s - 0.189417093999463*Abs(s)**(5/2) ; i*r
1586,0.8751351036450601,B0*i + B1*i*sqrt(Abs(s)) ; B2 + B3*i*sqrt(Abs(r)),-1.08478074372024*i*sqrt(Abs(s)) + 0.388512325018401*i ; 0.00161760527482612*i*sqrt(Abs(r)) + 0.0492917363397022
1587,0.8751341700313094,B0*i**2*s ; i**4 + i,52.1352199663042*i**2*s ; i**4 + i
1588,0.8751336406692313,B0*s**2 + B1*i*s ; B2 + B3*r*sqrt(Abs(i + r)),-0.00187934257686874*i*s + 0.003392663594617*s**2 ; 0.112632009591026*r*sqrt(Abs(i + r)) + 3.39700583827366
1589,0.8751187403341534,B0*i**2 + B1*s ; i,-18.8742538389982*i**2 + 0.12389038743008*s ; i
1590,0.8751178147105223,B0*i + B1*s ; i + Abs(i)**(1/4)*sqrt(Abs(r)),-0.00789606485403971*i + 0.0512152040812881*s ; i + Abs(i)**(1/4)*sqrt(Abs(r))
1591,0.8751109140548894,B0*Abs(s)**(3/2) + B1*s**2 ; -2**(1/4)*Abs(r)**(1/4),-0.593414027870253*s**2 + 0.594965513485191*Abs(s)**(3/2) ; -2**(1/4)*Abs(r)**(1/4)
1592,0.8751109140488273,B0*Abs(s)**(3/2) + B1*s**2 ; i,-0.593418372248722*s**2 + 0.594969493720776*Abs(s)**(3/2) ; i
1593,0.8751066368923439,i**2*s ; B0*Abs(i)**(1/4),i**2*s ; 0.0495116528245878*Abs(i)**(1/4)
1594,0.875101817468476,B0 + B1*i ; B2*i**2 + B3*i*r,0.315435384317468*i + 0.000557883043518756 ; 0.916539129140781*i**2 + 0.540802371925851*i*r
1595,0.8750648888361053,B0*s + B1*s**3 ; sqrt(Abs(B2 - i)),0.0286655605095896*s**3 + 2.63765956030973*s ; sqrt(Abs(i - 0.00307493457916898))
1596,0.875064888021099,B0*s + B1*s**3 ; B2*sqrt(Abs(i))*sqrt(Abs(r)),0.0286707567981331*s**3 + 2.63764527636822*s ; 0.0330581292237461*sqrt(Abs(i))*sqrt(Abs(r))
1597,0.8750536381955318,B0 + B1*i + B2*s**2 ; B3 + sqrt(Abs(r)),0.00106482708349801*i - 0.100970550053776*s**2 + 0.110999057144061 ; sqrt(Abs(r)) - 0.18593087864381
1598,0.8750498399397197,B0 + B1*i + B2*Abs(i)**(3/2) ; Abs(r)**(1/4),0.413554273699737*i - 0.409128962632907*Abs(i)**(3/2) + 0.000424904810892731 ; Abs(r)**(1/4)
1599,0.8750197064162293,B0*i**2 + B1*s ; B2 - 2*i,2.52270362564617e-6*i**2 + 0.0502302318081967*s ; 0.0880483637616256 - 2*i
1600,0.8749931080512091,B0*i*sqrt(Abs(s)) ; B1*i**2 + B2*i*r,0.323637949495127*i*sqrt(Abs(s)) ; 0.611209073974877*i**2 + 0.1356389414412*i*r
1601,0.8749898307715988,B0*sqrt(Abs(i)) + B1*s ; sqrt(Abs(i)),0.0496310739173406*s + 0.00174328812559486*sqrt(Abs(i)) ; sqrt(Abs(i))
1602,0.8749741391921901,B0*s**2 - i*s**2 ; B1*r + i,-i*s**2 + 0.0156589401985411*s**2 ; i + 0.470001798576672*r
1603,0.8749503312175355,B0 - s + sqrt(Abs(B1 + sqrt(Abs(i)))) ; r**2,-s + sqrt(Abs(sqrt(Abs(i)) - 0.842549431132828)) + 0.195703561566738 ; r**2
1604,0.8748884213146634,B0*s + B1*s**3 ; sqrt(Abs(B2*sqrt(Abs(r)) - r)),-0.163677445813137*s**3 + 0.163927877786471*s ; sqrt(Abs(r - 0.263186573546339*sqrt(Abs(r))))
1605,0.8748884184248771,B0*s + B1*s**3 ; sqrt(Abs(B2*r - i)),-0.163588668725803*s**3 + 0.163853641206276*s ; sqrt(Abs(i - 0.221629653098263*r))
1606,0.874874593975202,B0*sqrt(Abs(i**2 + i*s)) ; B1*i,0.138947577383241*sqrt(Abs(i**2 + i*s)) ; 0.282731571927885*i
1607,0.8748109556845659,B0*sqrt(Abs(i - sqrt(Abs(i)))) ; B1 - sqrt(Abs(r)),0.0229541812881848*sqrt(Abs(i - sqrt(Abs(i)))) ; 1.07100051520778 - sqrt(Abs(r))
1608,0.8748012084994509,B0*i + B1*i**2*s ; B2 + B3*i + B4*r,20.4702451187238*i**2*s + 0.0719434011442136*i ; 1.5552216415601*i + 0.180195249836953*r + 0.0597548155112554
1609,0.8747887720996946,B0 + B1*i + B2*s ; B3 + r - sqrt(Abs(i - r)),0.000590731583500837*i + 0.0538407773880642*s - 0.0482698773733979 ; r - sqrt(Abs(i - r)) - 1.25119948989294
1610,0.8747798029245414,B0*i**2 + B1*i*s ; B2 - i - r,1.16214976195171e-5*i**2 + 0.014705728183809*i*s ; -i - r - 0.448536013460888
1611,0.8747639690963763,B0*s**2 + B1*i*s ; B2 - i - r,0.0213744770729054*i*s + 0.0067254742602449*s**2 ; -i - r - 0.216844963772817
1612,0.8747454565836823,B0*Abs(i)**(3/2)*sqrt(Abs(s)) ; B1 + sqrt(Abs(B2 + B3*i)),3.51161891635939e-5*Abs(i)**(3/2)*sqrt(Abs(s)) ; sqrt(Abs(215.399615570756*i - 201.898293635516)) - 15.8888926106854
1613,0.8747295413711902,B0 + B1*i + B2*s ; B3 + i*Abs(r)**(3/2),-1.56353826448142*i + 0.0974743478894317*s - 0.0455683106775412 ; i*Abs(r)**(3/2) + 0.0469071653533263
1614,0.8747245233522137,B0 + B1*i ; sqrt(Abs(B2 + i**2)),0.000196393394490675*i + 0.0297821490188891 ; sqrt(Abs(i**2 - 0.0234562215507457))
1615,0.8747141102179696,B0 + B1*i + B2*i*s ; B3 + r,-0.00137343421206533*i*s + 0.000211650870656904*i + 0.0285096671524899 ; r + 0.00101058784686399
1616,0.8747112200678187,B0 + B1*i + B2*i*s ; B3 - sqrt(Abs(B4 + i + r)),0.0277218102750964*i*s - 0.000816660611623437*i + 0.00284119823518195 ; 0.409328504836399 - sqrt(Abs(i + r + 0.345619423234639))
1617,0.8746964638586351,B0 + B1*i + B1*sqrt(Abs(s)) ; B2*sqrt(Abs(i)),-0.000437233486997434*i - 0.000437233486997434*sqrt(Abs(s)) + 0.0447593092555372 ; -0.563196359409861*sqrt(Abs(i))
1618,0.8746882213572215,B0 + B1*i + B2*i*s ; B3 + i - sqrt(Abs(B4 - r)),0.350564816654914*i*s + 0.0473801641617571*i - 0.0211277084139817 ; i - sqrt(Abs(r + 0.082396984154201)) + 0.103947148361099
1619,0.8746839393885696,B0*i*s ; sqrt(Abs(B1 + B2*i + B2*r**2)),-0.00355552311006938*i*s ; sqrt(Abs(0.0134098394635251*i + 0.0134098394635251*r**2 + 4.2320629000524))
1620,0.8746784363078663,B0*i*sqrt(Abs(s)) ; B1 + r - sqrt(Abs(B2 + r)),0.000345928340267285*i*sqrt(Abs(s)) ; r - sqrt(Abs(r + 3.44422488208952)) - 4.15337547597428
1621,0.8746780072075929,B0 + B1*i ; B2*i + B2*r**2,0.000308946146082499*i + 0.0320062454174565 ; 0.166584640056763*i + 0.166584640056763*r**2
1622,0.8746713804957231,B0 + B2*sqrt(Abs(B1 + i)) ; B3*i - i*r + r,0.070317096236597 - 0.00715933050312471*sqrt(Abs(i + 14.1151332404318)) ; -i*r + 9.53571015306981e-5*i + r
1623,0.8746706179489734,B0*i*s ; B1 + B2*r + B3*i*r,-0.0142497663161372*i*s ; 0.00934329022199449*i*r + 0.148169912487939*r + 0.344712501264257
1624,0.8746661377634414,B0*sqrt(Abs(i))*Abs(s)**(3/2) ; B1 + i,0.379750484748538*sqrt(Abs(i))*Abs(s)**(3/2) ; i + 0.0604363855807406
1625,0.8746629894606754,i**2*s ; B0 + B1*r**2 + i - r,i**2*s ; i + 1.30767565119485*r**2 - r - 0.230765691765446
1626,0.8746619934262597,B0*s - i*s**3 ; B1 + B2*i,-i*s**3 + 0.0131333360394651*s ; 0.0268974188942304 - 0.520792795900026*i
1627,0.8746530690569239,B0*i + i*s ; B1*i,i*s - 0.37658917848898*i ; 0.294164254073887*i
1628,0.8746191971005555,B0 + B1*i ; B2*sqrt(Abs(-i + r + sqrt(Abs(r)))),0.000436226693568219*i + 0.0445375353830258 ; 0.38422914885964*sqrt(Abs(-i + r + sqrt(Abs(r))))
1629,0.8745886753126784,B0 + B1*i + B2*s ; i**2,0.120746669682636*i + 0.0296798413118099*s - 0.000969831194879031 ; i**2
1630,0.8745233331135737,B1*sqrt(Abs(B0 + i + s)) ; B2 + i,0.0352642075004739*sqrt(Abs(i + s - 2.17678321589628)) ; i - 2.34764541607393
1631,0.8745229430641337,s*sqrt(Abs(B0 + B1*Abs(i)**(1/4))) ; B2*Abs(r)**(1/8),s*sqrt(Abs(0.0183034953627203*Abs(i)**(1/4) - 0.00869129789673007)) ; 0.000429333724681287*Abs(r)**(1/8)
1632,0.8745120553073825,B0 + B1*i*s + B1*i ; B2 + i - r,0.154745099776471*i*s + 0.154745099776471*i - 0.14044662921838 ; i - r - 1.1491317293362
1633,0.8744893100972135,B0*Abs(i)**(1/4)*sqrt(Abs(s)) ; B1 + B2*r,0.0114927196524064*Abs(i)**(1/4)*sqrt(Abs(s)) ; 0.809178444702719*r + 0.496998139606669
1634,0.8744743359091913,B1*s*Abs(B0 + i*s)**(1/4) ; B2 + B3*sqrt(Abs(i)) - i,0.0477638698798456*s*Abs(i*s + 0.0893344090976213)**(1/4) ; -i - 0.586959606454221*sqrt(Abs(i)) + 0.167516397859834
1635,0.8744376199622291,B0 + B1*i**2 ; B2 + B3*i + B3*sqrt(Abs(i)),0.0435711450086611 - 0.0364360246283713*i**2 ; 0.471243850221768*i + 0.471243850221768*sqrt(Abs(i)) + 0.00668336512355566
1636,0.8744341110602695,B0*sqrt(Abs(i))*sqrt(Abs(s)) ; B1 + r - sqrt(Abs(B2 + i)),0.00359873227957028*sqrt(Abs(i))*sqrt(Abs(s)) ; r - sqrt(Abs(i + 0.499906061390064)) - 0.618653702619494
1637,0.8744207314033628,B0 + B1*sqrt(Abs(i))*sqrt(Abs(s)) ; B2*r - i*r + r**2,0.153970943558892*sqrt(Abs(i))*sqrt(Abs(s)) - 0.015197433150022 ; -i*r + r**2 + 56.2130882186668*r
1638,0.8744192033881623,B0*i + B1*i*s ; -i + r - Abs(r)**(1/8),0.000535613320035021*i*s + 0.000100842767745647*i ; -i + r - Abs(r)**(1/8)
1639,0.8743954272688904,B0*i*s ; B1*i - i**2 + i*r,0.440128590832766*i*s ; -i**2 + i*r + 0.196766520307382*i
1640,0.8743732222259988,B0*Abs(i)**(1/4)*sqrt(Abs(s)) ; B1 - i,0.0113024122076359*Abs(i)**(1/4)*sqrt(Abs(s)) ; -i - 0.260226789739481
1641,0.8743670693088237,B0*Abs(i)**(1/4)*sqrt(Abs(s)) ; B1*sqrt(Abs(i)) + r,0.0113785928742679*Abs(i)**(1/4)*sqrt(Abs(s)) ; r + 1.01554468179608*sqrt(Abs(i))
1642,0.874356035344492,s*sqrt(Abs(B0 + 3*i)) ; B1*sqrt(Abs(i)),s*sqrt(Abs(3*i + 5.48964292121347)) ; 0.0432632016353257*sqrt(Abs(i))
1643,0.8743538711773379,B0*Abs(i)**(1/4)*sqrt(Abs(s)) ; B1 + r,0.0113618448068144*Abs(i)**(1/4)*sqrt(Abs(s)) ; r + 0.174285306358091
1644,0.8743221221680954,B0*i + B1*i*s ; B2 + i,-1.17350315333911*i*s - 0.155110307196445*i ; i + 0.0912517597275536
1645,0.8743163672553811,B0*sqrt(Abs(s)) + B1*s ; B2*i,0.0196356479314106*s + 0.0258890825512647*sqrt(Abs(s)) ; 0.0641150757800031*i
1646,0.874315864885077,B0*sqrt(Abs(s)) + B1*s ; B2*sqrt(Abs(i)),0.0192326986668917*s + 0.0260520911373586*sqrt(Abs(s)) ; 5.15405426503462*sqrt(Abs(i))
1647,0.87430999666287,B1*sqrt(Abs(B0*s + i*s)) ; B2*r + i,0.2982898915197*sqrt(Abs(i*s - 0.0154645879062418*s)) ; i - 0.0186703284732276*r
1648,0.874306619122392,B0*sqrt(Abs(s)) + B1*s ; B2*Abs(r)**(3/2),0.0188626083891797*s + 0.0262024490542273*sqrt(Abs(s)) ; 6.15998803093877*Abs(r)**(3/2)
1649,0.8743057606220667,B0*sqrt(Abs(s)) + B1*s ; B2 + r,0.0201909072543007*s + 0.0256656762550148*sqrt(Abs(s)) ; r + 3.77027340907018
1650,0.8743050020239478,B0*sqrt(Abs(s)) + B1*s ; B2*Abs(i)**(3/2),0.0188567910370829*s + 0.026204810079535*sqrt(Abs(s)) ; 2.41953824960995*Abs(i)**(3/2)
1651,0.8743031037249909,B0*sqrt(Abs(s)) + B1*s ; r,0.0206004578279949*s + 0.0255017895628003*sqrt(Abs(s)) ; r
1652,0.874302658270365,B0*sqrt(Abs(s)) + B1*s ; B2 + Abs(r)**(3/4),0.0196145411137727*s + 0.0257627108415073*sqrt(Abs(s)) ; Abs(r)**(3/4) + 0.000159336095286925
1653,0.8743014090020481,B0*sqrt(Abs(s)) + B1*s ; B2*r*sqrt(Abs(i)),0.0191027773271628*s + 0.0265768178003569*sqrt(Abs(s)) ; 0.134282974702352*r*sqrt(Abs(i))
1654,0.8742985257927604,B0*sqrt(Abs(s)) + B1*s ; B2*i*sqrt(Abs(r)),0.018528088007989*s + 0.026811713238941*sqrt(Abs(s)) ; 0.000328443410266391*i*sqrt(Abs(r))
1655,0.874298123701442,B0*sqrt(Abs(s)) + B1*s ; B2*sqrt(Abs(r)),0.0192877029765952*s + 0.02588865854877*sqrt(Abs(s)) ; 0.152271923035145*sqrt(Abs(r))
1656,0.8742980987536737,B0*sqrt(Abs(s)) + B1*s ; i,0.018949147473343*s + 0.0260227690162436*sqrt(Abs(s)) ; i
1657,0.8742976526081149,B0*sqrt(Abs(s)) + B1*s ; B2*Abs(r)**(7/4),0.0198041222982809*s + 0.0262316465678184*sqrt(Abs(s)) ; 60.7408480267348*Abs(r)**(7/4)
1658,0.8742863579216987,B0 + B1*i ; sqrt(Abs(i - r)),0.000303284480961422*i + 0.039867921905133 ; sqrt(Abs(i - r))
1659,0.874283215194382,B0*sqrt(Abs(s)) + B1*s ; B2*i**2,0.0181894547333857*s + 0.0262827680778531*sqrt(Abs(s)) ; 4.22104706034323*i**2
1660,0.8742822062800684,B0*sqrt(Abs(s)) + B1*s ; B2 + B3*sqrt(Abs(i)),0.020902368909847*s + 0.0252463446884777*sqrt(Abs(s)) ; 0.0367955627621267*sqrt(Abs(i)) + 66.0046084691717
1661,0.874215681057449,B1*sqrt(Abs(B0 - i)) ; sqrt(Abs(i + r)),0.00345580120731271*sqrt(Abs(i + 48.6246101514596)) ; sqrt(Abs(i + r))
1662,0.8741925410062258,s*sqrt(Abs(B0*s + B1 + i)) ; B2*sqrt(Abs(i)),s*sqrt(Abs(i + 0.793255978404476*s - 0.804604607879452)) ; 0.0214477044664864*sqrt(Abs(i))
1663,0.8741635351302212,B0*Abs(s)**(3/4) ; B1 + sqrt(Abs(B2 + B3*i)),0.0479990126533102*Abs(s)**(3/4) ; sqrt(Abs(0.000110882248599306*i + 0.0230480262832979)) + 28.0284921810584
1664,0.8741078867356916,B0*s + B0*Abs(i)**(1/4) ; B1 + i**2,0.0321811633657914*s + 0.0321811633657914*Abs(i)**(1/4) ; i**2 + 0.00796840700591165
1665,0.874094175421937,B0*s + 2*i*s ; B1*i + B2*r,2*i*s - 0.00529808736823358*s ; 2.63757943654996*i - 0.260312626904569*r
1666,0.8740384001672391,B0*i**2 + B1*i*s ; B2 + i,7.70583990379182*i**2 + 0.33030536841912*i*s ; i - 0.0207569767356259
1667,0.8740327478459148,B0*s*Abs(i)**(3/2) ; B1*r + B2*i*r - i,0.159948921787381*s*Abs(i)**(3/2) ; -2.71951415378897*i*r - i - 0.150216117520478*r
1668,0.8740293277442762,B0*i + B1*i*sqrt(Abs(s)) ; sqrt(Abs(B2 + i + sqrt(Abs(r)))),-0.0142993700052366*i*sqrt(Abs(s)) + 0.00732917874191196*i ; sqrt(Abs(i + sqrt(Abs(r)) + 0.0680351964196364))
1669,0.8740011407128861,B0*i + B0*sqrt(Abs(s)) ; B1*i + i*Abs(r)**(3/2),0.0300588943180744*i + 0.0300588943180744*sqrt(Abs(s)) ; i*Abs(r)**(3/2) + 0.0168403302920041*i
1670,0.8739927616135815,B0*Abs(i)**(3/2) + B1*i*s ; 3*r**2,0.30459170670117*i*s - 0.0263365445969487*Abs(i)**(3/2) ; 3*r**2
1671,0.8739576385492883,B0*i*s ; sqrt(Abs(B1 - i - r + sqrt(Abs(B2 + i)))),-0.0018425794655147*i*s ; sqrt(Abs(i + r - sqrt(Abs(i + 9.11952036515583)) - 18.201436243762))
1672,0.8739007197761873,B0*i**2 + B1*i*s ; B2 + B3*r,1.18940824416109e-5*i**2 - 0.0411916665026169*i*s ; 0.037228430874849*r + 0.205666415824074
1673,0.8738907791217287,B0 + B1*s + B2*i*s ; B3 + r,0.00113090221049245*i*s + 0.0228041489291505*s + 0.00815689765442787 ; r - 0.00100222521301967
1674,0.8738842252996603,B0*sqrt(Abs(i)) + B1*s ; i,0.0289167964002333*s + 0.0730836001302225*sqrt(Abs(i)) ; i
1675,0.8738788969994457,B0*i + i**2 - i*s ; i + sqrt(Abs(B3 + sqrt(Abs(B1 + B2*r)))),i**2 - i*s + 0.252157252064339*i ; i + sqrt(Abs(sqrt(Abs(0.091324480264813*r + 0.316142444401879)) - 0.564887392114797))
1676,0.8738469646080463,B0*i**2 + B1*i*s ; Abs(r)**(1/4),-0.0266569433210416*i**2 + 0.297364259057733*i*s ; Abs(r)**(1/4)
1677,0.873846964602042,B0*i**2 + B1*i*s ; -Abs(r)**(1/8),-0.0266566555064296*i**2 + 0.2973636695805*i*s ; -Abs(r)**(1/8)
1678,0.8738469645934188,B0*i**2 + B1*i*s ; B2*sqrt(Abs(r)),-0.0266534578748968*i**2 + 0.297365436989436*i*s ; 0.000291112250474432*sqrt(Abs(r))
1679,0.8738469644674719,B0*i**2 + B1*i*s ; i**3*r,-0.0266540380621651*i**2 + 0.297359037440608*i*s ; i**3*r
1680,0.8738469644595758,B0*i**2 + B1*i*s ; 2*r,-0.0266539407136871*i**2 + 0.297358867022726*i*s ; 2*r
1681,0.8738469643838146,B0*i**2 + B1*i*s ; r,-0.0266530982492796*i**2 + 0.297357417453754*i*s ; r
1682,0.87383165743067,B1*i*sqrt(Abs(B0 + s)) ; -2*i + r,0.000357480526363797*i*sqrt(Abs(s + 0.0285700967291794)) ; -2*i + r
1683,0.8738186717294483,B0 + B2*sqrt(Abs(B1 + i + s)) ; B3*i + r,0.0529293943654266 - 0.00531316898337183*sqrt(Abs(i + s + 4.4739660481463)) ; 0.864343871060299*i + r
1684,0.8738185431922515,B0*i**2 + B1*i*s ; sqrt(Abs(B2 + i)),-7.96887538068186e-7*i**2 - 0.00630129456927*i*s ; sqrt(Abs(i + 6.3321483440009))
1685,0.8737979290184025,Abs(i)**(11/8) ; B0*i + B1*i*r,Abs(i)**(11/8) ; 1.41663578070178*i*r + 0.122898488428453*i
1686,0.8737446602411634,Abs(i)**(9/8)*Abs(s)**(5/8) ; B0 + i,Abs(i)**(9/8)*Abs(s)**(5/8) ; i + 0.080606932590778
1687,0.8737444432453884,B0 + B1*i*s + i ; B2 + i,0.204625977937545*i*s + i + 0.0211705590479385 ; i + 0.0236874357047758
1688,0.8737293760621971,B0 + B2*sqrt(Abs(B1 + i)) ; -2*i - r + sqrt(Abs(i)),0.0780496387427948 - 0.00571007372344661*sqrt(Abs(i + 48.7444513914704)) ; -2*i - r + sqrt(Abs(i))
1689,0.873727870394941,B0*i**2 + B1*i*s ; B2 + B3*i*r,4.64225634290674e-6*i**2 - 0.00599425013909073*i*s ; -0.000412647109058557*i*r + 1.48603076701781
1690,0.8737166430799137,B2*sqrt(Abs(B0 + B1*i)) ; B3 - i,0.122529500660074*sqrt(Abs(0.000416535495199951*i + 0.0461393382215033)) ; 0.0463218122188076 - i
1691,0.8736918257485955,B0*sqrt(Abs(s + sqrt(Abs(s)))) ; i,0.023872513462589*sqrt(Abs(s + sqrt(Abs(s)))) ; i
1692,0.8736387064621823,B0 + B1*i + B2*s ; B3 + 3*i,-0.0177102336699869*i + 0.0434189960957062*s - 0.000505628985032471 ; 3*i + 0.119792701843129
1693,0.8736109040886084,B0*i*s + i**2*s ; B1*i,i**2*s + 0.426838009697024*i*s ; 0.240826521342862*i
1694,0.8736070334730519,B0*s + B1*s*sqrt(Abs(i)) ; i,-1.16471560971724*s*sqrt(Abs(i)) + 0.359927056373703*s ; i
1695,0.8735754793341203,i**2 - i*s + Abs(i)**(3/2) ; B0*r + B1*Abs(r)**(3/2) + i,i**2 - i*s + Abs(i)**(3/2) ; i + 0.864883667517801*r - 0.829098972699969*Abs(r)**(3/2)
1696,0.873558760766953,B0*i + B0*s ; B1 + B2*i + B2*r,0.0463219240563511*i + 0.0463219240563511*s ; -0.0200720855282689*i - 0.0200720855282689*r + 0.0321672980534016
1697,0.8735407729056167,B0 + B2*sqrt(Abs(B1 + sqrt(Abs(i)))) ; B3 - r,0.0797438648794644 - 0.118666450343513*sqrt(Abs(sqrt(Abs(i)) - 0.357760170834098)) ; 0.50735698622152 - r
1698,0.8735208400439141,s*sqrt(Abs(B0*s + B1*i)) ; B2 + Abs(i)**(3/2),s*sqrt(Abs(0.0465142612924217*i - 0.000929886762502865*s)) ; Abs(i)**(3/2) + 0.00301286781622513
1699,0.8735193540967798,B0 + B1*i ; B2 + B3*i + B3*r,0.000787737312150753*i + 0.0463187686653123 ; -1.22745335485703*i - 1.22745335485703*r + 1.94631803824925
1700,0.8735132108786478,B0 + B1*i + B1*sqrt(Abs(s)) ; i**2,0.0455793460492257*i + 0.0455793460492257*sqrt(Abs(s)) - 0.00395018453269334 ; i**2
1701,0.8735077665866167,B1*sqrt(Abs(B0*i - s)) ; B2 + i + sqrt(Abs(i)),0.037641545332726*sqrt(Abs(0.310000917165619*i - s)) ; i + sqrt(Abs(i)) - 0.0682256413131697
1702,0.8735005031156865,B0 + B1*Abs(s)**(3/2) ; sqrt(Abs(B2 + sqrt(Abs(i)))),0.041929969345044*Abs(s)**(3/2) + 0.00435016288386211 ; sqrt(sqrt(Abs(i)) + 18.2888912126754)
1703,0.8734534459010627,B0 + B1*sqrt(Abs(i)) + B2*s ; -r + sqrt(Abs(B3 + 2*i - r)),0.00823059183316832*s + 0.0618910561443023*sqrt(Abs(i)) - 0.0500700311344878 ; -r + sqrt(Abs(2*i - r + 0.247125918727106))
1704,0.873443780261586,B0*Abs(s)**(3/2) + B1*i*s ; B2 + i,-1.41636645663418*i*s - 0.345940677538999*Abs(s)**(3/2) ; i + 0.312807937229227
1705,0.8734251056129343,B0*i**2*s ; B1 + i*r - r**2,6.05481333697251e-6*i**2*s ; i*r - r**2 + 3.67795841096032
1706,0.8734222351845928,B0*s - i*s + s**2 ; B1*i + r,-i*s + s**2 - 0.928764964805978*s ; 1.65883015482212*i + r
1707,0.8734143815747375,B0*i + B1*i**2 ; B2 + sqrt(Abs(i - r)),-2.91809514767619e-5*i**2 - 0.00296709431097468*i ; sqrt(Abs(i - r)) - 0.1415095815055
1708,0.8733632471648892,B0*i + B1*i**2*s ; sqrt(Abs(B2 + B3*i)),0.000707011300722146*i**2*s + 4.46408576546555e-5*i ; sqrt(Abs(0.0943826710366126*i + 1.91499679451332))
1709,0.873267074558442,B0 + B1*s + B1*sqrt(Abs(i + s)) ; B2 + i - sqrt(Abs(B3*i + B3*r)),0.241270618212401*s + 0.241270618212401*sqrt(Abs(i + s)) - 0.439350071751873 ; i - sqrt(Abs(20.333688068419*i + 20.333688068419*r)) + 1.08472338945253
1710,0.8732542134183964,B0*s*Abs(i)**(1/4) ; B1*i*r + r**2,0.0762163822063991*s*Abs(i)**(1/4) ; 0.00619975222833905*i*r + r**2
1711,0.8732186304139767,B0*i + B1*i*s**2 ; sqrt(Abs(B2*sqrt(Abs(i)) - i)),-0.0051889685230252*i*s**2 - 6.2036092322028e-6*i ; sqrt(Abs(i + 0.1437230589065*sqrt(Abs(i))))
1712,0.8732167241464981,B0 + B1*i ; sqrt(Abs(B2 - 2*i)),0.000315406437900125*i + 0.0406182780242228 ; sqrt(Abs(2*i - 0.0380466170329179))
1713,0.8731999490062549,B1*sqrt(Abs(B0*i - s)) ; B2 - i,0.036641903814561*sqrt(Abs(0.00247974099169582*i + s)) ; 0.0208985911332068 - i
1714,0.873194330554023,B0 + B1*i ; B2 + B3*i**2 + B3*i,0.000402691075621819*i + 0.0425229621643309 ; 1.35983623916164*i**2 + 1.35983623916164*i + 0.39626372414522
1715,0.8731848114773865,B0*i + B1*s ; sqrt(Abs(B2 + i*sqrt(Abs(B3 + i)))),-0.000253609502073142*i + 0.0521248772496514*s ; sqrt(Abs(i*sqrt(Abs(i + 1.12083623921107)) - 0.11025058794259))
1716,0.8731814715628629,B0 + B1*i + B1*sqrt(Abs(s)) ; B2 + B3*i - Abs(i)**(5/4),-0.000406108816720914*i - 0.000406108816720914*sqrt(Abs(s)) + 0.042972161961032 ; 0.379873834452891*i - Abs(i)**(5/4) + 0.0402311464373706
1717,0.8731004767495345,B0*sqrt(Abs(i))*Abs(s)**(3/2) ; i**2,0.134545256066069*sqrt(Abs(i))*Abs(s)**(3/2) ; i**2
1718,0.8730889423355496,B0*sqrt(Abs(i)) + B1*s ; r + Abs(i)**(1/4)*sqrt(Abs(r)),0.0474916619552129*s + 0.012902041397856*sqrt(Abs(i)) ; r + Abs(i)**(1/4)*sqrt(Abs(r))
1719,0.8730889320891989,B0*sqrt(Abs(i)) + B1*s ; r,0.04749496527068*s + 0.0129005477138412*sqrt(Abs(i)) ; r
1720,0.8729564275260988,B0*i*s ; B1*r + 2*i*r,0.298497559532021*i*s ; 2*i*r + 0.0517034415528523*r
1721,0.8729564275083516,B0*i*s ; B1*r**2 - r**3,0.298501030621107*i*s ; -r**3 + 9.17126472081012*r**2
1722,0.8729564274917633,B0*i*s ; r*sqrt(Abs(B1*i + B1*r + B2)),0.29849528563304*i*s ; r*sqrt(Abs(81.5222752358955*i + 81.5222752358955*r + 29.7838918111604))
1723,0.8729564274277802,B0*i*s ; B1*r + i*r + r**2,0.298493186777915*i*s ; i*r + r**2 + 0.00266932046123428*r
1724,0.8729564272245475,B0*i*s ; B1*i*r + B1*r*sqrt(Abs(i)),0.298507881275229*i*s ; 2.01625541119108*i*r + 2.01625541119108*r*sqrt(Abs(i))
1725,0.8729564268687986,B0*i*s ; B1*i**2*r**3,0.298512274114878*i*s ; 1.20810357318157*i**2*r**3
1726,0.8729564260090623,B0*i*s ; 2*i*r**2,0.298519358261657*i*s ; 2*i*r**2
1727,0.8728900542844086,B0*i ; sqrt(2)*Abs(i)**(3/2),0.285380319542048*i ; sqrt(2)*Abs(i)**(3/2)
1728,0.8728883705982209,B1*sqrt(Abs(B0 - i*s)) ; -i + r,0.00371364653380345*sqrt(Abs(i*s + 0.0266812267420389)) ; -i + r
1729,0.8728753178431278,B0 + B1*sqrt(Abs(i - s)) ; -r + sqrt(Abs(i)),0.0407674131646922*sqrt(Abs(i - s)) - 0.000670310846789692 ; -r + sqrt(Abs(i))
1730,0.8728558104329098,B0*i - i*sqrt(Abs(s)) ; B1 + i + sqrt(Abs(r)),-i*sqrt(Abs(s)) + 0.740224205340038*i ; i + sqrt(Abs(r)) - 0.196146567295409
1731,0.8728503796398348,sqrt(Abs(B0*s + B1*i)) ; B2 - i + sqrt(Abs(i)),sqrt(Abs(3.43920004473236e-6*i - 0.00127506190297233*s)) ; -i + sqrt(Abs(i)) + 0.00943845092660989
1732,0.8728478502162541,B0 + B1*i + i*s ; B2*i*r,i*s - 0.429281489206435*i - 0.0106306021265849 ; 0.00224809695528355*i*r
1733,0.8728291442371607,B1*sqrt(Abs(B0*i - s)) ; -2*i + r + sqrt(Abs(i)),0.0358024209189107*sqrt(Abs(0.00245703348178906*i - s)) ; -2*i + r + sqrt(Abs(i))
1734,0.8728214936851109,B0*s**2 + B1*i*s ; B2 + r,-0.00215154314928325*i*s - 0.197148661729246*s**2 ; r + 278.946695038387
1735,0.872815384041225,B0 + B1*i + B1*sqrt(Abs(s)) ; B2 + i - sqrt(Abs(B3 + i)),0.0487675382440856*i + 0.0487675382440856*sqrt(Abs(s)) - 0.0202564354588806 ; i - sqrt(Abs(i - 134.659355827523)) + 11.1788127575402
1736,0.8727988984459214,B1*sqrt(Abs(B0*i - s)) ; -i + 2*r,0.036086379832849*sqrt(Abs(0.0023612234575526*i + s)) ; -i + 2*r
1737,0.8727981766223425,B0*i + i**2 - i*s ; B1*sqrt(Abs(r)) + i,i**2 - i*s + 0.202378813915608*i ; i + 0.247880827793079*sqrt(Abs(r))
1738,0.8727350756315526,B0*s + B0*sqrt(Abs(B1 + i)) ; B2*i + B3*i**2,0.0398734907851378*s + 0.0398734907851378*sqrt(Abs(i - 0.0838968500248927)) ; 0.328295942659543*i**2 + 0.00240682262851628*i
1739,0.8727251085544913,B0*i ; i*sqrt(Abs(B1 + 2*i)),2.42128835911632*i ; i*sqrt(Abs(2*i - 6.07846933683601))
1740,0.872694275669076,B0 + B1*i + B1*sqrt(Abs(s)) ; B3*Abs(B2 - r)**(1/4),0.00044941849309424*i + 0.00044941849309424*sqrt(Abs(s)) + 0.0453936672594407 ; 1.138672638764*Abs(r - 0.886417038398102)**(1/4)
1741,0.8726806977418489,B1*sqrt(Abs(B0*i + s)) ; B2 - i + r,0.0356396510200055*sqrt(Abs(0.00211249739122109*i + s)) ; -i + r - 1.7450288892353
1742,0.8726232687622103,B0 + B3*sqrt(Abs(B1 + B2*s)) ; B4*r,0.0852565674149544 - 0.159536958088673*sqrt(Abs(0.376156932401029*s - 0.225222371032366)) ; 6.88914683725183*r
1743,0.8726049520876005,B1*sqrt(Abs(B0 - i + s)) ; B2 + i,0.0408289962896949*sqrt(Abs(i - s + 1.50697700257318)) ; i + 1.64888388376142
1744,0.8726012827472405,B0*Abs(i)**(3/2)*sqrt(Abs(s)) ; B1 - i + r,3.47268188338307e-5*Abs(i)**(3/2)*sqrt(Abs(s)) ; -i + r + 0.191692512173462
1745,0.8724917560598442,B0*sqrt(Abs(s**2 + s)) ; 2*i,0.0294814007978301*sqrt(Abs(s**2 + s)) ; 2*i
1746,0.8724099624063237,B0*sqrt(Abs(s + sqrt(Abs(i)))) ; B1 + i - r**2 + r,0.0373235347180217*sqrt(Abs(s + sqrt(Abs(i)))) ; i - r**2 + r + 0.148985992856376
1747,0.8724033071232996,B0*sqrt(Abs(2*i - s)) ; B1*r + i,0.0413113115242216*sqrt(Abs(2*i - s)) ; i + 0.0852359864466438*r
1748,0.8723793196960188,B0*i + B1*s ; B2*i + i*r + Abs(i)**(3/2),0.0558585101118135*i + 0.0165243447738558*s ; i*r - 0.533480732118457*i + Abs(i)**(3/2)
1749,0.8723787025008846,B0 + B1*i + B1*sqrt(Abs(s)) ; B2*Abs(i)**(1/4),0.000452855096414756*i + 0.000452855096414756*sqrt(Abs(s)) + 0.0458796626223185 ; 1.12474097413899*Abs(i)**(1/4)
1750,0.8723514036009665,B0*i*s + B0*s**2 ; B1 + i,-0.089076314673554*i*s - 0.089076314673554*s**2 ; i + 1.50976108741232
1751,0.8723092444753796,B0*s + B1*i**2*s ; i*sqrt(Abs(B2*r - i*r)),0.360523149035568*i**2*s + 0.0298190323980734*s ; i*sqrt(Abs(i*r - 0.00021920682465075*r))
1752,0.8722912290652367,B0*Abs(s)**(3/2) ; B1*r**2 - r,0.0462016569528493*Abs(s)**(3/2) ; 6.25335166088025*r**2 - r
1753,0.872291227987365,B0*Abs(s)**(3/2) ; B1*i + B2*r,0.046208431780457*Abs(s)**(3/2) ; 0.0224935474062962*i + 0.00144397981934566*r
1754,0.8722903567597428,B0*Abs(i)**(1/4) + B1*i ; r,-0.0762117602036353*i + 0.0899683936303556*Abs(i)**(1/4) ; r
1755,0.8722210437495124,B1*sqrt(Abs(B0*i - s)) ; B2*sqrt(Abs(r)) - i + r,0.0347169033531812*sqrt(Abs(0.00224394752238583*i + s)) ; -i + r - 13.3069623755605*sqrt(Abs(r))
1756,0.8721350533926645,B0 + B1*i ; i - 2*r,0.0194141640870348 - 0.0153472069810171*i ; i - 2*r
1757,0.8721235319657767,B0 + B1*Abs(i)**(1/4) ; B2 - i,0.0264799001233607 - 0.00465837170862732*Abs(i)**(1/4) ; 0.0447280753754978 - i
1758,0.8720899144091865,B0 + B1*sqrt(Abs(i - s)) ; B2 + i - 2*r + sqrt(Abs(i)),0.0511407658121924 - 0.00782973310873503*sqrt(Abs(i - s)) ; i - 2*r + sqrt(Abs(i)) + 0.357862207155931
1759,0.8720703239224632,B0*sqrt(Abs(i + 2*s)) ; B1 + B2*r,0.030369186260712*sqrt(Abs(i + 2*s)) ; 0.0709133755522271 - 0.083894725952011*r
1760,0.8720613910107073,B0*i*s**2 ; B1*i + B1*sqrt(Abs(B2 + r)) + r,-0.00286480841792654*i*s**2 ; 0.991761599773449*i + r + 0.991761599773449*sqrt(Abs(r + 1.31600061472814))
1761,0.8720468228405117,B0 + B2*sqrt(Abs(B1 + i*s)) ; B3 - i + r,0.00641541066865564*sqrt(Abs(i*s + 0.0159374353685729)) - 0.000751563928545762 ; -i + r + 0.0389645661473536
1762,0.8720177915611433,B0 + B1*i + B1*s ; i,0.0393067099012452*i + 0.0393067099012452*s + 0.00947336064312206 ; i
1763,0.8719766584283487,B0 + B1*i + B2*s ; B3 - r,-0.0707162068925755*i - 0.0208741163734614*s - 0.0244848314044441 ; 1.4963212069953 - r
1764,0.8718721666952919,i*sqrt(Abs(B0 + i)) ; i,i*sqrt(Abs(i + 0.948676449829127)) ; i
1765,0.8718631643972184,B0*s*sqrt(Abs(i)) ; B1 - i**2 - r + Abs(i)**(3/2),0.193018876569155*s*sqrt(Abs(i)) ; -i**2 - r + Abs(i)**(3/2) + 0.0845821655329287
1766,0.8718560702569887,B0 + B1*i + s ; B2 + i - r - sqrt(Abs(i)),0.847534416022284*i + s - 0.950518872631821 ; i - r - sqrt(Abs(i)) + 0.180961751103665
1767,0.8718545756075258,B1*sqrt(Abs(B0 + s)) ; B2 + i - r - sqrt(Abs(i)),0.0351226107184928*sqrt(Abs(s + 0.171157067560753)) ; i - r - sqrt(Abs(i)) + 0.00295765043104158
1768,0.871852622647449,B2*sqrt(Abs(B0 + B1*s)) ; 2*r,0.146728829087121*sqrt(Abs(0.0567809835476568*s + 0.00912819153536673)) ; 2*r
1769,0.8718390290639914,B1*sqrt(Abs(B0 - s)) ; B2 + B3*i*sqrt(Abs(r)),0.0356924689446581*sqrt(Abs(s + 0.16973226443981)) ; 0.209231707552732*i*sqrt(Abs(r)) + 0.000692814525182453
1770,0.8718385351881844,B1*sqrt(Abs(-B0 + i + s)) ; B2 + B3*r + i,0.0338413240848513*sqrt(Abs(i + s - 0.196459594590626)) ; i + 0.132168929786567*r - 0.469662846313522
1771,0.8718366663838996,B0*i ; i*sqrt(Abs(B1 + i*r)),2.46973212143187*i ; i*sqrt(Abs(i*r + 6.29550137547859))
1772,0.8718323865607308,B1*sqrt(Abs(B0*i - s)) ; Abs(r)**(1/4),0.0383651396122818*sqrt(Abs(0.153987005494219*i + s)) ; Abs(r)**(1/4)
1773,0.8718269722210457,B1*sqrt(Abs(B0 - i + s)) ; B2*i*r,0.0249842492914683*sqrt(Abs(-i + s + 1.36998845289861)) ; 0.226325513121077*i*r
1774,0.8718094123870765,sqrt(Abs(B0 + B1*s)) ; sqrt(Abs(i))*Abs(B2 - r)**(1/4),sqrt(Abs(0.00123448538968816*s + 0.000222878663526872)) ; sqrt(Abs(i))*Abs(r - 0.487738106982356)**(1/4)
1775,0.8718086123807919,B1*sqrt(Abs(B0 - i + s)) ; r,0.0248623656509016*sqrt(Abs(-i + s + 1.36445267176326)) ; r
1776,0.8718079208641848,B0*i ; i*sqrt(Abs(B1 + i**2)),2.4813508814643*i ; i*sqrt(Abs(i**2 - 6.36042319180574))
1777,0.8718059832303902,B1*sqrt(Abs(B0 + 2*s)) ; r**2,0.0247787131083148*sqrt(Abs(2*s + 0.348835628782346)) ; r**2
1778,0.8718027993143606,B1*sqrt(Abs(B0 + 2*s)) ; 2*i,0.0247563336965882*sqrt(Abs(2*s + 0.344667649844678)) ; 2*i
1779,0.871799438506381,B2*sqrt(Abs(B0 + B1*s)) ; B3 - i + 2*r,0.00939681674975759*sqrt(Abs(14.1707215339455*s + 2.78210224168547)) ; -i + 2*r + 0.0591522583518918
1780,0.8717981817223105,B0 + B1*i ; B2*r - r*sqrt(Abs(i)),3.38172841964792 - 2.72355799036141*i ; -r*sqrt(Abs(i)) + 57.7258326844288*r
1781,0.8717981815034429,B0 + B1*s ; B2 + i - r + sqrt(Abs(i)),0.0406427830065251*s + 0.00982576963950617 ; i - r + sqrt(Abs(i)) + 30.9146903040365
1782,0.871798181147058,B0 + B1*s ; sqrt(Abs(B2*i + B3*r)),0.0406533530276797*s + 0.00982087122880814 ; sqrt(Abs(0.00325427798005674*i + 0.000223242763082437*r))
1783,0.8717981811319296,B0 + B1*s ; B2 + Abs(i)**(1/4)*sqrt(Abs(r)),0.0406518415063355*s + 0.00981824137850805 ; Abs(i)**(1/4)*sqrt(Abs(r)) + 27.5933128198944
1784,0.8717981810376221,B0 + B1*s ; B2 + i - r - sqrt(Abs(i)),0.0406493654184374*s + 0.00981746747540189 ; i - r - sqrt(Abs(i)) + 32.5283524391605
1785,0.8717981806355877,B0 + B1*i ; B2*i*r + B2*r,3.38224044183919 - 2.72356478635533*i ; 16.0888054557635*i*r + 16.0888054557635*r
1786,0.8717981805018628,B0 + B1*s ; sqrt(Abs(B2*r + B3*i)),0.0406395264395667*s + 0.00982210563942409 ; sqrt(Abs(0.0163071576231095*i + 1.00934300407788*r))
1787,0.8717981795819473,B0 + B1*i ; sqrt(Abs(B2*r + sqrt(2)*Abs(r)**(3/2))),0.0504737814666044 - 0.040640515740845*i ; sqrt(Abs(0.364372710494458*r + sqrt(2)*Abs(r)**(3/2)))
1788,0.8717981790976334,B0 + B1*i ; B3*r*sqrt(Abs(B2 + r)),0.0504739761788471 - 0.0406396935006499*i ; 29.9901818525095*r*sqrt(Abs(r + 0.00519860444199444))
1789,0.8717981789950481,B0 + B1*s ; B2*sqrt(Abs(i)) + B3*i,0.0406535608945681*s + 0.00981204953027705 ; 7.47610247785648*i + 2.86967650341041*sqrt(Abs(i))
1790,0.8717981789171135,B0 + B1*s ; B3*i*sqrt(Abs(B2 + r)),2.7235673379077*s + 0.658411080541606 ; 34.9161109053049*i*sqrt(Abs(r + 0.171999507892308))
1791,0.8717981785962978,B0 + B1*s ; B2 - sqrt(Abs(B3*i - r)),0.0406357650628495*s + 0.009820764843578 ; 0.0145678914129803 - sqrt(Abs(23.6115280920386*i - r))
1792,0.8717981784161415,B0 + B1*s ; sqrt(Abs(B2 + sqrt(Abs(i))*sqrt(Abs(r)))),0.0406600175299754*s + 0.00982339743320929 ; sqrt(sqrt(Abs(i))*sqrt(Abs(r)) + 0.0131379869504906)
1793,0.8717981778288352,B0 + B1*s ; B3*r*sqrt(Abs(B2 + r)),2.72356980884839*s + 0.65882451210297 ; 0.000171011502855075*r*sqrt(Abs(r + 0.010748027096222))
1794,0.8717981772899605,B0 + B1*s ; B2 - i + r + sqrt(Abs(i)),2.7235529769353*s + 0.658522691765624 ; -i + r + sqrt(Abs(i)) + 0.101769249999485
1795,0.8717981769516571,B0 + B1*s ; B2*i + B2*r**2,0.0406642362702698*s + 0.00981903784843746 ; 82.6533992786078*i + 82.6533992786078*r**2
1796,0.8717981766386941,B0 + B1*s ; B2 + B3*sqrt(Abs(i)) + r,2.72356775117863*s + 0.658089518837061 ; r + 0.139914531746502*sqrt(Abs(i)) + 53.0224275255087
1797,0.8717981754111928,B0 + B1*s ; B2 - sqrt(Abs(2*i - r)),0.0406495517301303*s + 0.00980719770134188 ; 0.0105337675053958 - sqrt(Abs(2*i - r))
1798,0.871798171586828,B0 + B1*s ; sqrt(Abs(B2*r - i**2)),0.0406723712883379*s + 0.00981491032022672 ; sqrt(Abs(i**2 - 0.0894429356611177*r))
1799,0.8717981643779149,B0 + B1*s ; B2 + i - sqrt(Abs(i - r)),0.0406221651739689*s + 0.00984940998804409 ; i - sqrt(Abs(i - r)) + 0.000299424872613132
1800,0.8717981615697572,B0*i + s ; B1 + B2*i + B2*r,-1.76411536158824*i + s ; -0.0627047813757792*i - 0.0627047813757792*r + 0.0778697933115804
1801,0.8717980409147671,B0 + B1*s ; i*sqrt(Abs(r)) + 2*i,0.0405523305147711*s + 0.00985881351427805 ; i*sqrt(Abs(r)) + 2*i
1802,0.8717980296652859,B0 + B1*s ; sqrt(Abs(r - sqrt(Abs(i))*sqrt(Abs(r)))),0.04074538194971*s + 0.00978643359620197 ; sqrt(Abs(r - sqrt(Abs(i))*sqrt(Abs(r))))
1803,0.8717980274388166,B0*i + B1*s ; r + Abs(i)**(1/4)*sqrt(Abs(r)),0.00978616150671276*i + 0.0505322618834133*s ; r + Abs(i)**(1/4)*sqrt(Abs(r))
1804,0.8717980204659591,B0 + B1*s ; -i*sqrt(Abs(i - r)) + i,0.0407483174626102*s + 0.00978533563956569 ; -i*sqrt(Abs(i - r)) + i
1805,0.8717980016097997,B0 + B1*s ; r + Abs(i)**(1/4)*sqrt(Abs(r)),0.0407540840205286*s + 0.00978317913986833 ; r + Abs(i)**(1/4)*sqrt(Abs(r))
1806,0.8717979948741784,B0 + B1*s ; i*r + r*sqrt(Abs(i)),0.0407560702514447*s + 0.00978243642682358 ; i*r + r*sqrt(Abs(i))
1807,0.8717956930496293,B1*sqrt(Abs(B0*i - s)) ; -r - sqrt(Abs(r)),0.0388269779527488*sqrt(Abs(0.167027680270499*i + s)) ; -r - sqrt(Abs(r))
1808,0.8717941202358802,B1*sqrt(Abs(B0 - 2*s)) ; r,0.0248900151253789*sqrt(Abs(2*s + 0.370491593450752)) ; r
1809,0.8717928671714659,B1*sqrt(Abs(B0 + s)) ; -i + Abs(r - sqrt(Abs(i)))**(1/4),0.0350947533123091*sqrt(Abs(s + 0.1821021167589)) ; -i + Abs(r - sqrt(Abs(i)))**(1/4)
1810,0.8717922665231934,B2*sqrt(Abs(B0 + B1*i)) ; Abs(r)**(1/4),0.0928610703430905*sqrt(Abs(0.14380521600337*i - 0.170570667653993)) ; Abs(r)**(1/4)
1811,0.871790474988349,B1*sqrt(Abs(B0*i + s)) ; r,0.0379603216462583*sqrt(Abs(0.130759274728362*i + s)) ; r
1812,0.8717892726431388,B2*sqrt(Abs(B0 + B1*s)) ; sqrt(Abs(B3 - i)),0.0166497993342352*sqrt(Abs(4.45755229485148*s + 0.813002432625562)) ; sqrt(Abs(i - 18.8957452291945))
1813,0.8717881641742323,B1*sqrt(Abs(B0*i - s)) ; 2*r,0.0386259579502179*sqrt(Abs(0.162883845732168*i + s)) ; 2*r
1814,0.8717866865177045,B2*sqrt(Abs(B0 + B1*i)) ; r,0.0916508956862641*sqrt(Abs(0.146474066288465*i - 0.17244894252968)) ; r
1815,0.8717863243572931,B1*sqrt(Abs(B0*s + i)) ; r,0.0145737841979199*sqrt(Abs(i + 6.75692101391431*s)) ; r
1816,0.871785781650619,B1*sqrt(Abs(B0 + 2*s)) ; B2*sqrt(Abs(r)) + 2*r,0.0246483834786926*sqrt(Abs(2*s + 0.383562072055842)) ; 2*r + 4.12040201531996*sqrt(Abs(r))
1817,0.8717852536072901,B1*sqrt(Abs(B0 + 2*s)) ; B2*r,0.0247584987280907*sqrt(Abs(2*s + 0.328063744508865)) ; 20.6532780199165*r
1818,0.871782618587621,B1*sqrt(Abs(B0 + i - s)) ; B2*r,0.02492425322804*sqrt(Abs(-i + s + 1.38445219934577)) ; 88.6499489023498*r
1819,0.8717818102695581,B1*sqrt(Abs(B0 + s)) ; B2 + Abs(r - sqrt(Abs(r)))**(1/4),0.0349047276429627*sqrt(Abs(s + 0.169551210569938)) ; Abs(r - sqrt(Abs(r)))**(1/4) + 0.0640366241209467
1820,0.8717743682281964,B2*sqrt(Abs(B0 + B1*i)) ; sqrt(Abs(i))*Abs(r)**(5/2),0.0194525078607999*sqrt(Abs(3.22289082316064*i - 3.85483931305809)) ; sqrt(Abs(i))*Abs(r)**(5/2)
1821,0.8717731393877992,B2*sqrt(Abs(B0*s + B1)) ; B3 + i,0.0197984351760625*sqrt(Abs(3.08171248769654*s + 0.569855072721071)) ; i + 0.000128560079631081
1822,0.8717730124833243,B2*sqrt(Abs(B0*s + B1)) ; B3*r,0.312034609931425*sqrt(Abs(0.012877541169308*s + 0.00211651032048869)) ; 0.00139765749839149*r
1823,0.8717698207103407,B2*sqrt(Abs(B0 + B1*s)) ; Abs(r)**(1/4),0.0189792931106652*sqrt(Abs(3.44512191838051*s + 0.746740959318573)) ; Abs(r)**(1/4)
1824,0.8717598634206989,B0*i - i*sqrt(Abs(i - s)) ; B1 + B2*i,-i*sqrt(Abs(i - s)) + 0.423923399449953*i ; 0.199718029433977*i + 0.0724458065142267
1825,0.8717550974143095,B2*sqrt(Abs(B0 + B1*i)) ; 3*r,0.0833737765103195*sqrt(Abs(0.181734373114385*i - 0.21271445671156)) ; 3*r
1826,0.8717546350796217,B1*sqrt(Abs(B0 - i + s)) ; B2*r - r**2,0.0246685039524124*sqrt(Abs(-i + s + 1.40455001278511)) ; -r**2 + 5.22764532677071*r
1827,0.8717535717827481,B2*sqrt(Abs(B0 + B1*s)) ; -i + 2*r,0.00436987404145155*sqrt(Abs(63.5448695158052*s + 12.6289054772517)) ; -i + 2*r
1828,0.871743784028883,B0*i*s + B0*i ; B1 + sqrt(Abs(B2 + i)),-0.00121482569164272*i*s - 0.00121482569164272*i ; sqrt(Abs(i + 31.8578116789973)) - 0.18520168053464
1829,0.8717420934586335,B1*sqrt(Abs(B0 - 2*s)) ; B2*i*r,0.0243501179214237*sqrt(Abs(2*s + 0.327189662826666)) ; 0.0141216237914014*i*r
1830,0.871741985267707,B0 + B2*sqrt(Abs(B1 + i)) ; sqrt(Abs(r)),4.16452492396738 - 0.580049889703412*sqrt(Abs(i + 50.3050252761439)) ; sqrt(Abs(r))
1831,0.8717419072031083,B2*sqrt(Abs(B0 + B1*s)) ; r,0.0240983836356902*sqrt(Abs(2.07077741559111*s + 0.390571877655064)) ; r
1832,0.8717381602172284,B1*sqrt(Abs(B0 - i + s)) ; B2*r,0.0255583309916156*sqrt(Abs(-i + s + 1.3981349198273)) ; 0.000106459659123944*r
1833,0.8717195977946409,B0*s + i*s ; B2*sqrt(Abs(B1 + sqrt(Abs(i)))),i*s + 0.00080399685396499*s ; 0.00859449230378037*sqrt(sqrt(Abs(i)) + 5.23053618778395)
1834,0.8716808949729519,B0*i*s ; -2*i + Abs(i)**(5/2),0.0388579500868052*i*s ; -2*i + Abs(i)**(5/2)
1835,0.871675840977053,B2*sqrt(Abs(B0 + B1*s)) ; sqrt(Abs(i)),0.00501803260817336*sqrt(Abs(51.1602246536356*s + 11.8480304808353)) ; sqrt(Abs(i))
1836,0.8716519641051688,B2*sqrt(Abs(B0*s + B1)) ; Abs(B3 + B4*i)**(1/4),0.154711041738204*sqrt(Abs(0.0540582307244687*s + 0.0128041048391396)) ; Abs(91.4223346913048*i + 0.0198363129289116)**(1/4)
1837,0.8716194509537583,B1*sqrt(Abs(B0 + i + s)) ; 2*i,0.0347436647788003*sqrt(Abs(i + s + 0.178547513461377)) ; 2*i
1838,0.8715379849807323,B0*i + B1*Abs(s)**(1/4) ; B2*i*r,-0.00689783603881113*i + 0.0462020242161289*Abs(s)**(1/4) ; 24.6272419249439*i*r
1839,0.8715012043722782,B0*i + B1*Abs(i)**(5/2) ; B2*Abs(i)**(1/4),0.272898916216741*i - 0.375428551343663*Abs(i)**(5/2) ; 0.00188485638396186*Abs(i)**(1/4)
1840,0.871480443528351,B0 + B1*i + B2*s ; B3 - 2*r,-0.363477995491951*i - 0.314147047848056*s + 0.171898069061092 ; 1.11157658292588 - 2*r
1841,0.8714752028809112,B0 + B1*i + B2*i*s ; B3 + r - sqrt(Abs(B4 + i - r)),0.000839621276514005*i*s - 9.18036535599204e-5*i + 0.0216480187299188 ; r - sqrt(Abs(i - r + 0.381044684930377)) + 0.639888228004149
1842,0.8714491768206741,B0*i*s + B0*i ; sqrt(Abs(B1 + i)),-0.000394536247775794*i*s - 0.000394536247775794*i ; sqrt(Abs(i - 90.5244827671869))
1843,0.8713954032585154,B1*sqrt(Abs(B0 + i + s)) ; i,0.0346399510009504*sqrt(Abs(i + s + 0.170918234530425)) ; i
1844,0.8713916065484559,B1*sqrt(Abs(-B0 + i + s)) ; i,0.0342491367017293*sqrt(Abs(i + s + 0.182804630936243)) ; i
1845,0.871333569820659,B0*s**2*sqrt(Abs(i)) ; B1 + i*r,0.323904488546852*s**2*sqrt(Abs(i)) ; i*r + 0.047582980903291
1846,0.871307422376251,B0*i + B0*s**2 ; B1 + r*(1 - sqrt(2)),-0.0569094073515238*i - 0.0569094073515238*s**2 ; r*(1 - sqrt(2)) + 0.796387502956806
1847,0.8712788599369171,B1*sqrt(Abs(B0*s + i)) ; B2 + B3*r,0.0031491495158719*sqrt(Abs(i - 115.681650695325*s)) ; 2.08912624985752 - 0.260606289407207*r
1848,0.8712607512727512,B0*s + B1*i*s ; i,-2.19347337585128*i*s + 0.129852250956828*s ; i
1849,0.871243256556139,B0 + B1*sqrt(Abs(i - s)) ; B2 + 2*i - r + sqrt(Abs(i)),0.0493554152924129 - 0.00752676900092226*sqrt(Abs(i - s)) ; 2*i - r + sqrt(Abs(i)) - 0.147859930279368
1850,0.8711508887504169,B1*sqrt(Abs(B0 + 2*s)) ; B2 + B3*r,0.0264585542059996*sqrt(Abs(2*s + 0.505293315363578)) ; 0.489830473449086*r + 0.000127739529867849
1851,0.8711407799645438,B0*i + B1*sqrt(Abs(s)) ; B2*i,-0.00395317572771889*i + 0.0432668675611727*sqrt(Abs(s)) ; 0.0889146965257643*i
1852,0.8711343784471184,B0*i + B1*i*sqrt(Abs(s)) ; B2*r**2 + r**3,0.478126041479857*i*sqrt(Abs(s)) - 0.204477499445678*i ; r**3 + 0.110447341779068*r**2
1853,0.8711236459851265,B0*i*s**3 ; B1 - i,0.00129212589067307*i*s**3 ; 0.00244130404337205 - i
1854,0.8711180322819783,B0*i + B1*Abs(i)**(5/2) ; -Abs(i)**(1/4)*Abs(r)**(1/4),0.260285590964421*i - 0.337152202060109*Abs(i)**(5/2) ; -Abs(i)**(1/4)*Abs(r)**(1/4)
1855,0.8710820910432382,B0 + B1*i ; B2 + i - sqrt(Abs(i)),0.0226277287005486 - 0.0159686938398781*i ; i - sqrt(Abs(i)) + 0.148191926818096
1856,0.8709791467251045,B0 + B1*i*s + B1*i ; B2 - sqrt(Abs(i)),-0.012967754981275*i*s - 0.012967754981275*i - 0.0497939725542653 ; 2.36257629137141 - sqrt(Abs(i))
1857,0.8708762205118805,B0*sqrt(Abs(i - s)) ; B1 - r + sqrt(Abs(i - r)),0.0208732357440928*sqrt(Abs(i - s)) ; -r + sqrt(Abs(i - r)) + 0.236226598358255
1858,0.8708739374311691,B0*i*s ; -i + r*Abs(i)**(3/2) + r,0.000593699974864187*i*s ; -i + r*Abs(i)**(3/2) + r
1859,0.8708365312067622,B0*i ; B1 - r*Abs(i)**(1/4),-0.159775954851681*i ; -r*Abs(i)**(1/4) + 0.312689737321285
1860,0.8708197036966576,B1*sqrt(Abs(B0*i + s)) ; i,0.0352288677471887*sqrt(Abs(1.91283911951788*i - s)) ; i
1861,0.8707701207429647,B0*s + B1*i*s ; B2 + r + Abs(i + r**2)**(1/4),-0.00081993360158342*i*s + 0.0182009885722119*s ; r + Abs(i + r**2)**(1/4) - 0.363381015450169
1862,0.8707662847138186,B0*i - i**2 + sqrt(2)*Abs(i)**(3/2) ; sqrt(Abs(B1*i + B1*sqrt(Abs(r)))),-i**2 - 2.95920718565851*i + sqrt(2)*Abs(i)**(3/2) ; sqrt(Abs(1.6159915927384e-5*i + 1.6159915927384e-5*sqrt(Abs(r))))
1863,0.8707650230015547,B0 + B1*i + B2*Abs(s)**(1/4) ; B3*i*r - i,0.00047168210577582*i + 0.0883608238568236*Abs(s)**(1/4) - 0.065298635839125 ; 0.0220162505727066*i*r - i
1864,0.8707641931072282,s*sqrt(Abs(B0*i + B0*s)) ; B1*sqrt(Abs(i)) - 2*r,s*sqrt(Abs(7.4353707437682*i + 7.4353707437682*s)) ; -2*r + 0.070493590250807*sqrt(Abs(i))
1865,0.8707096120785152,i*Abs(s)**(5/4) ; B0*i,i*Abs(s)**(5/4) ; 0.668609357434264*i
1866,0.8706631935960788,i*s ; B0 + B1*Abs(i)**(1/4),i*s ; 0.000716117277669397*Abs(i)**(1/4) + 0.0189041917771914
1867,0.870661110416057,B0*i + i*s ; B1*Abs(i)**(5/4),i*s - 0.393945899727848*i ; 0.547767264997921*Abs(i)**(5/4)
1868,0.8706478243526169,B0*i**2*s**2 ; i**2 + r,1.00002527605632e-5*i**2*s**2 ; i**2 + r
1869,0.870636925069949,B0*i + i*s ; B1 + i,i*s - 0.0809970513287006*i ; i - 0.0168057013122827
1870,0.8705912670859209,B1*sqrt(Abs(B0*i + s)) ; 2*i,0.0342420423673008*sqrt(Abs(0.128869922925689*i - s)) ; 2*i
1871,0.8705874515686537,B0 + B1*i ; B2*i - i**2 + i*r,0.348152256580991*i + 0.00258515147260824 ; -i**2 + i*r + 0.226712286285097*i
1872,0.8705307102612588,B0*sqrt(Abs(i))*Abs(s)**(3/2) ; Abs(i)**(7/4),0.143119361993745*sqrt(Abs(i))*Abs(s)**(3/2) ; Abs(i)**(7/4)
1873,0.8705129657044969,B0*sqrt(Abs(i*s + s)) ; 2*i,0.0338250468755252*sqrt(Abs(i*s + s)) ; 2*i
1874,0.8705115483055554,B0 + B1*i ; B3*i*sqrt(Abs(B2 + i - r)),0.043730964327426 - 0.000416231347361379*i ; -0.0106437824688244*i*sqrt(Abs(i - r + 524.573601126791))
1875,0.8704895771231742,B0*sqrt(Abs(s)) ; i + sqrt(Abs(B1 + B2*i)),0.0341022607137857*sqrt(Abs(s)) ; i + sqrt(Abs(0.00141831212449435*i + 0.000168397126363131))
1876,0.8704748524378807,B0*sqrt(Abs(s)) ; r + sqrt(Abs(B1*i - r)),0.03410226032614*sqrt(Abs(s)) ; r + sqrt(Abs(0.0460434694555281*i - r))
1877,0.8704743782157892,B0*sqrt(Abs(s)) ; sqrt(Abs(i**2 + i*r)),0.0335176367660756*sqrt(Abs(s)) ; sqrt(Abs(i**2 + i*r))
1878,0.8704654453476973,B0*sqrt(Abs(s)) ; i*sqrt(Abs(B1 + 2*r)),0.0341022598802904*sqrt(Abs(s)) ; i*sqrt(Abs(2*r + 0.207928315257278))
1879,0.8704642775436846,B0*sqrt(Abs(s)) ; sqrt(Abs(B1*i + B2*r)),0.0335176374666573*sqrt(Abs(s)) ; sqrt(Abs(0.000170640844171256*i + 0.436305498168217*r))
1880,0.8704635318560225,B0*sqrt(Abs(s)) ; sqrt(Abs(B1*r + r**2)),0.0335176375114392*sqrt(Abs(s)) ; sqrt(Abs(r**2 + 0.183137466463167*r))
1881,0.8704502067014624,B0*sqrt(Abs(s)) ; i + sqrt(Abs(r - Abs(i)**(3/2))),0.034102257818507*sqrt(Abs(s)) ; i + sqrt(Abs(r - Abs(i)**(3/2)))
1882,0.8704495351063687,B0*sqrt(Abs(s)) ; sqrt(Abs(B1*r + B2*i)),0.0335176345004996*sqrt(Abs(s)) ; sqrt(Abs(0.00665932065479282*i + 14.1845938933991*r))
1883,0.8704409524286861,B0*sqrt(Abs(s)) ; B1 + sqrt(Abs(i*r - i)),0.0335176423007884*sqrt(Abs(s)) ; sqrt(Abs(i*r - i)) + 7.34774866608281
1884,0.8704401159906946,B0*sqrt(Abs(s)) ; B1 + sqrt(Abs(B2*i - r)),0.0335176310545651*sqrt(Abs(s)) ; sqrt(Abs(0.0232414477355567*i - r)) + 0.00056929268181443
1885,0.8704304180364165,B0*sqrt(Abs(s)) ; B1 + B2*sqrt(Abs(i)) - r,0.0339697203645145*sqrt(Abs(s)) ; -r + 0.000319640704897331*sqrt(Abs(i)) + 0.436115427885512
1886,0.8704302631515427,B0*sqrt(Abs(s)) ; i + sqrt(Abs(B1 + i*r)),0.0339697199938446*sqrt(Abs(s)) ; i + sqrt(Abs(i*r + 0.000501205216153424))
1887,0.8704296226465903,B0*sqrt(Abs(s)) ; sqrt(Abs(B1 + B2*i + r)),0.033969717566566*sqrt(Abs(s)) ; sqrt(Abs(0.21480815775898*i + r + 0.000361706367946194))
1888,0.8704260258458517,B0*sqrt(Abs(s)) ; B1 + sqrt(Abs(B2 + i + r)),0.0339697601609124*sqrt(Abs(s)) ; sqrt(Abs(i + r + 14.7914994638106)) + 9.28466248694486
1889,0.870416582107032,B0*i*s ; B1*sqrt(Abs(i)),0.622823672135381*i*s ; 0.0486015439522736*sqrt(Abs(i))
1890,0.8704161797303036,B0*sqrt(Abs(s)) ; sqrt(Abs(3*i - r)),0.0339045965281431*sqrt(Abs(s)) ; sqrt(Abs(3*i - r))
1891,0.8704158451572473,B0*sqrt(Abs(s)) ; r*sqrt(Abs(i**2 + r)),0.0339045955485401*sqrt(Abs(s)) ; r*sqrt(Abs(i**2 + r))
1892,0.8704154184334608,B0*sqrt(Abs(s)) ; B1 + sqrt(Abs(B2*i + r)),0.0339045920386293*sqrt(Abs(s)) ; sqrt(Abs(0.000118349473785585*i + r)) + 0.00387823735185575
1893,0.8704153953696933,B0*sqrt(Abs(s)) ; B1 + B2*r*sqrt(Abs(i)),0.0339046014261651*sqrt(Abs(s)) ; 0.000676522017961545*r*sqrt(Abs(i)) + 0.077506789998688
1894,0.8704139492083967,B0*sqrt(Abs(s)) ; B1 + sqrt(Abs(B2 + Abs(i)**(3/2))),0.0339046347471166*sqrt(Abs(s)) ; sqrt(Abs(i)**(3/2) + 21.5309042096743) + 0.00604955091275933
1895,0.8704120711620562,B0*sqrt(Abs(s)) ; i + sqrt(Abs(B1*i - r)),0.0339630706311759*sqrt(Abs(s)) ; i + sqrt(Abs(0.14521131076653*i - r))
1896,0.8704113508941639,B0*i + B1*s ; sqrt(Abs(B3 + i + sqrt(Abs(B2 + i)))),-0.000210245399543447*i + 0.0453303776047339*s ; sqrt(Abs(i + sqrt(Abs(i - 2.8640577236304)) + 124.686224390278))
1897,0.8704110967310474,B0*sqrt(Abs(s)) ; sqrt(Abs(B1 + 3*i)),0.0333895935452396*sqrt(Abs(s)) ; sqrt(Abs(3*i + 4.17236121017437))
1898,0.870410936853884,B0*sqrt(Abs(s)) ; B1 + sqrt(Abs(B2 + B3*i)),0.0339630270624218*sqrt(Abs(s)) ; sqrt(Abs(42.9141416520492*i + 0.00218115317826938)) + 0.536015773466937
1899,0.8704107731553347,B0*sqrt(Abs(s)) ; sqrt(Abs(i**2*r + i)),0.0333895925374066*sqrt(Abs(s)) ; sqrt(Abs(i**2*r + i))
1900,0.8704098647237332,B0*sqrt(Abs(s)) ; sqrt(Abs(i - r + Abs(i)**(1/4))),0.0339644983865684*sqrt(Abs(s)) ; sqrt(Abs(i - r + Abs(i)**(1/4)))
1901,0.8704038304908802,B0 + B1*Abs(i)**(1/4) + B2*s ; Abs(i)**(5/4)*Abs(r)**(3/4),0.184522187487056*s + 0.302372389389413*Abs(i)**(1/4) - 0.294229053711428 ; Abs(i)**(5/4)*Abs(r)**(3/4)
1902,0.8703863842746324,B0*i + B1*i*s**2 ; B2*r + B3*r**2,0.350387712573209*i*s**2 + 0.00122322155413833*i ; 0.0512211471301683*r**2 + 0.00257848944612329*r
1903,0.8703863755750937,B0*i + B1*i*s**2 ; sqrt(Abs(B2*r - sqrt(Abs(r)))),0.350264176603295*i*s**2 + 0.00126269088529876*i ; sqrt(Abs(0.0237597746874076*r - sqrt(Abs(r))))
1904,0.870338169703415,B0*sqrt(Abs(i + 2*s)) ; 2*i,0.0238664725336198*sqrt(Abs(i + 2*s)) ; 2*i
1905,0.8703362355328472,B0 + i*sqrt(Abs(i - s)) ; i,i*sqrt(Abs(i - s)) + 0.00546254321780125 ; i
1906,0.8703297098218274,B0*sqrt(Abs(i*s - s)) ; 2*i,0.0340507497646621*sqrt(Abs(i*s - s)) ; 2*i
1907,0.8703225507018777,B0*i*s**2 ; 2*i*sqrt(Abs(r)) + r,0.35066802970963*i*s**2 ; 2*i*sqrt(Abs(r)) + r
1908,0.8702924567617145,B2*sqrt(Abs(B0 + B1*i)) ; B3 + B4*sqrt(Abs(i)) - i,0.0538683323249531*sqrt(Abs(0.00182317741265197*i - 0.207721182676197)) ; -i + 0.0138554703972951*sqrt(Abs(i)) + 0.0425896205660611
1909,0.8702568389202661,B0*i + B1*Abs(i)**(3/2) ; B2 + B3*i*sqrt(Abs(r)),3.51997167336302*i + 8.13942260007656*Abs(i)**(3/2) ; 0.526487291196425*i*sqrt(Abs(r)) + 0.118904317195223
1910,0.8702261689952189,B0*s + B1*sqrt(Abs(i))*sqrt(Abs(s)) ; -r + sqrt(Abs(B2 + i + r)),-0.0432394596112053*s + 0.264239015053994*sqrt(Abs(i))*sqrt(Abs(s)) ; -r + sqrt(Abs(i + r - 0.033818699751692))
1911,0.87022414959207,B1*sqrt(Abs(B0 + s**2)) ; B2 - i,0.0471759931539935*sqrt(Abs(s**2 - 0.00546339395602244)) ; 0.000425051048314727 - i
1912,0.8702238088489589,B1*sqrt(Abs(B0 + s**2)) ; r,0.0472485970527381*sqrt(Abs(s**2 - 0.0054021534216846)) ; r
1913,0.8702110125774708,B0*sqrt(Abs(2*i - s)) ; 2*i,0.032947092744529*sqrt(Abs(2*i - s)) ; 2*i
1914,0.8702072748825533,B0*sqrt(Abs(i*s - s)) ; i,0.0336750028578283*sqrt(Abs(i*s - s)) ; i
1915,0.8701707842284676,B1*sqrt(Abs(B0 + i)) ; sqrt(Abs(i - r)),0.00423074523400376*sqrt(Abs(i + 103.431643208973)) ; sqrt(Abs(i - r))
1916,0.8701629724911008,B1*sqrt(Abs(B0 + i - 2*s)) ; B2 + B3*r,0.0623648892695884*sqrt(Abs(i - 2*s + 2.0915756484182)) ; 0.204220934002478 - 0.0498194994388618*r
1917,0.8701427465579958,B0*sqrt(Abs(2*i + s)) ; i,0.032874382064196*sqrt(Abs(2*i + s)) ; i
1918,0.8701340025047727,sqrt(Abs(B0*Abs(i)**(1/4) + B1)) ; r,sqrt(Abs(0.00415830626169171*Abs(i)**(1/4) - 0.00428143251669704)) ; r
1919,0.87011659722004,B0*Abs(i)**(7/4) ; B1 - i,4.20970216845545e-6*Abs(i)**(7/4) ; -i - 15.3947473958944
1920,0.8701153859298614,i*sqrt(Abs(s)) ; i,i*sqrt(Abs(s)) ; i
1921,0.8701132915593218,B0*sqrt(Abs(i)) ; B1 + i,0.134017276184259*sqrt(Abs(i)) ; i + 0.0227862325703946
1922,0.8700940118812446,B0 + B1*i*s ; i,0.925774320093108*i*s + 0.00996099226208368 ; i
1923,0.8700929513999899,B0*sqrt(Abs(i)) ; B1 - i,0.00132843491616689*sqrt(Abs(i)) ; -i - 11.4778904544572
1924,0.8700928380564176,B0*sqrt(Abs(i)) ; B1 + r,0.00132842847429491*sqrt(Abs(i)) ; r + 11.5269855460008
1925,0.8700824192614384,B0*Abs(s)**(1/4) ; B1 + sqrt(Abs(B2 + i)),0.0214338527486446*Abs(s)**(1/4) ; sqrt(Abs(i + 0.808047135323012)) + 0.000131453461346637
1926,0.870081810154183,B0*Abs(s)**(1/4) ; i + sqrt(Abs(B1 + i)),0.0214338523674559*Abs(s)**(1/4) ; i + sqrt(Abs(i + 2.8218250580068))
1927,0.8700811653873577,B0*i ; B1*sqrt(Abs(i)),-0.000132932903023809*i ; 10.8875252638842*sqrt(Abs(i))
1928,0.8700784580344806,B0*Abs(s)**(1/4) ; B1 + B2*sqrt(Abs(i)),0.0214338490236613*Abs(s)**(1/4) ; 4.62396471080264*sqrt(Abs(i)) + 3.74351108747899
1929,0.8700778535402096,B0*sqrt(Abs(i)) ; B1 + sqrt(Abs(r)),0.00132593542567553*sqrt(Abs(i)) ; sqrt(Abs(r)) + 33.3267942140419
1930,0.870077033906258,B0*sqrt(Abs(i)) ; sqrt(Abs(B1 + r)),0.00132565767568158*sqrt(Abs(i)) ; sqrt(Abs(r + 1514.56615459548))
1931,0.8700770280306517,B0*sqrt(Abs(i)) ; sqrt(Abs(B1 - i)),0.00132565685683842*sqrt(Abs(i)) ; sqrt(Abs(i - 1514.87799425954))
1932,0.8700769447061243,B0*sqrt(Abs(i)) ; sqrt(Abs(B1 + i)),0.00132564271337601*sqrt(Abs(i)) ; sqrt(Abs(i - 1518.97115024291))
1933,0.8700728559398287,B0*i ; sqrt(Abs(B1 + r)),-0.000132849199665099*i ; sqrt(Abs(r + 1654.50293782221))
1934,0.8700728559398071,B0*i ; sqrt(Abs(B1 - r)),-0.000132849204764491*i ; sqrt(Abs(r + 1654.46578802386))
1935,0.8700723902845618,B0*i ; B1 - sqrt(Abs(i)),0.000132844891678849*i ; -sqrt(Abs(i)) - 36.0063386019218
1936,0.8700723080281356,B0*i ; B1 + sqrt(Abs(i)),-0.000132844670763754*i ; sqrt(Abs(i)) + 36.0461708354919
1937,0.8700722594394119,B0*i ; B1 + sqrt(Abs(r)),-0.000132844527912419*i ; sqrt(Abs(r)) + 36.0642982362902
1938,0.8700655996918037,B0 + B2*sqrt(Abs(B1 + i)) ; -i - r + sqrt(Abs(i))*Abs(r)**(3/4),4.42829609453435 - 0.462181543596572*sqrt(Abs(i + 89.7096220049991)) ; -i - r + sqrt(Abs(i))*Abs(r)**(3/4)
1939,0.8700619417307428,B0*sqrt(Abs(i)) ; B1*i,0.106261133824991*sqrt(Abs(i)) ; 0.86749750490746*i
1940,0.8700448513677482,B0*sqrt(Abs(i)) ; i,0.114135135352796*sqrt(Abs(i)) ; i
1941,0.8700395853417028,B0*s ; r + sqrt(Abs(-B1 + i + r)),0.0474979694216279*s ; r + sqrt(Abs(i + r - 0.000262186345343798))
1942,0.8700395853415277,B0*s ; B1 - r + sqrt(Abs(B2 + i)),2.71902996018701*s ; -r + sqrt(Abs(i + 0.0624708024347653)) + 0.000947596808109022
1943,0.870039585340402,B0*s ; B1 + 2*i - sqrt(Abs(i)),0.0474977141071838*s ; 2*i - sqrt(Abs(i)) + 0.260928503305196
1944,0.8700395853351093,B0*s ; B1 + Abs(B2 + sqrt(Abs(r)))**(1/4),0.047497376420284*s ; (sqrt(Abs(r)) + 0.00176573477948673)**(1/4) + 9.66797734037412
1945,0.8700395853343881,B0*s ; B1 + sqrt(Abs(B2 + B3*i)),0.0474973440490888*s ; sqrt(Abs(0.000924603999659106*i + 17.815451302849)) + 0.527635596151973
1946,0.870039585329196,B0*s ; B1 + B2*i + B2*r,0.0474988219870795*s ; 19.7895089149598*i + 19.7895089149598*r + 20.7917573110324
1947,0.8700395853256299,B0*s ; B1 + B2*sqrt(Abs(i)) - r,0.0474970352522051*s ; -r + 0.0465394945770438*sqrt(Abs(i)) + 0.000811675874494648
1948,0.8700395853090603,B0*s ; B1 - i + sqrt(Abs(B2 + i)),0.0474966317970264*s ; -i + sqrt(Abs(i + 0.177883495343618)) + 0.00180025957635181
1949,0.8700395852731049,B0*s ; B1 + Abs(i)**(1/4)*sqrt(Abs(r)),0.0474960235958361*s ; Abs(i)**(1/4)*sqrt(Abs(r)) + 0.0919638353535207
1950,0.8700395852708294,B0*s ; r + sqrt(Abs(B1 + B2*i)),0.0474999778009719*s ; r + sqrt(Abs(0.00127010924046656*i + 17.8741673582234))
1951,0.870039585249664,B0*s ; i + sqrt(Abs(B1 + B2*i)),0.0474957131496448*s ; i + sqrt(Abs(0.000481854052887226*i + 11.7033387697887))
1952,0.8700395851555353,B0*s ; B1 + i*sqrt(Abs(r)) + r,0.0474947541699146*s ; i*sqrt(Abs(r)) + r + 0.611921495706323
1953,0.8700395850875028,B0*s ; B1 + sqrt(Abs(B2 + 2*r)),0.0475017594184772*s ; sqrt(Abs(2*r + 0.000652769480374432)) + 0.0343324089879121
1954,0.8700395850663449,B0*s ; sqrt(Abs(B1*r + B2*i)),0.0474940558609994*s ; sqrt(Abs(3.23536526365957*i + 0.00348533375896654*r))
1955,0.8700395847978443,B0*s ; sqrt(Abs(B1 + i**2 + i)),0.0475035060628932*s ; sqrt(Abs(i**2 + i + 0.00154237204498613))
1956,0.8700395847458958,B0*s ; B1 - r + sqrt(Abs(B2 + r)),0.0474922056280185*s ; -r + sqrt(Abs(r + 0.000173733674779655)) + 0.00166089954554424
1957,0.8700395846139878,B0*s ; sqrt(Abs(B1 + sqrt(Abs(i))*sqrt(Abs(r)))),0.047504371549915*s ; sqrt(sqrt(Abs(i))*sqrt(Abs(r)) + 0.000186792282756966)
1958,0.8700395840230717,B0*s ; sqrt(Abs(B1 - i + 2*r)),2.71903570896997*s ; sqrt(Abs(-i + 2*r + 5.39610868907551))
1959,0.8700395837960356,B0*s ; B1 + i*sqrt(Abs(r)) + i,0.0474886767965741*s ; i*sqrt(Abs(r)) + i + 11.4086574047245
1960,0.8700395829937699,B0*s ; B1*Abs(i)**(3/2)*sqrt(Abs(r)),0.0474865129057175*s ; 0.589103582593096*Abs(i)**(3/2)*sqrt(Abs(r))
1961,0.8700395827560211,B0*s ; B1*r + B1*Abs(i)**(1/4),0.0475100241733632*s ; 2.79825474668047*r + 2.79825474668047*Abs(i)**(1/4)
1962,0.8700395824910714,B0*s ; B1 + B2*sqrt(Abs(i)) + r,0.0474853444297061*s ; r + 0.0100674742394161*sqrt(Abs(i)) + 0.0172410889358786
1963,0.8700395820143217,B0*s ; B1 + i + r + sqrt(Abs(r)),0.0475116423091599*s ; i + r + sqrt(Abs(r)) + 0.0975989422169061
1964,0.8700395818967037,B0*s ; r*sqrt(Abs(B1 + B2*i)),0.0474840890897383*s ; r*sqrt(Abs(8.07685875394338*i + 0.0394448654510237))
1965,0.8700395815514878,B0*s ; r + sqrt(Abs(B1 + 2*i)),0.0474834095332816*s ; r + sqrt(Abs(2*i + 0.129659866331106))
1966,0.8700395803734842,B0*s ; B1 + r + sqrt(Abs(B2 + i)),0.0474812977273817*s ; r + sqrt(Abs(i + 0.344834571029083)) + 0.06038840151372
1967,0.8700394772787026,B0*s ; Abs(i + sqrt(Abs(r)))**(1/8),0.0475758386874455*s ; Abs(i + sqrt(Abs(r)))**(1/8)
1968,0.8700394769890553,s*sqrt(Abs(-B0 + i + s)) ; r,s*sqrt(Abs(i + s - 0.997751336355244)) ; r
1969,0.8700394730293347,B0*s ; sqrt(Abs(i + sqrt(Abs(i + sqrt(Abs(i)))))),2.71897756636222*s ; sqrt(Abs(i + sqrt(Abs(i + sqrt(Abs(i))))))
1970,0.8700394625320408,B0*s ; i + 2*r - sqrt(Abs(r)),0.0475809827546842*s ; i + 2*r - sqrt(Abs(r))
1971,0.8700394591990276,B0*s ; i - r + sqrt(Abs(i - r)),0.0474139257563501*s ; i - r + sqrt(Abs(i - r))
1972,0.8700394525809221,B0*s*sqrt(Abs(i + s)) ; i*sqrt(Abs(r)),0.0474117496384251*s*sqrt(Abs(i + s)) ; i*sqrt(Abs(r))
1973,0.8700394344270994,B0*s*sqrt(Abs(i + s)) ; r,0.0475899943861422*s*sqrt(Abs(i + s)) ; r
1974,0.8700394276245395,B0*s ; sqrt(Abs(i*r**2 + i)),0.0474039962556549*s ; sqrt(Abs(i*r**2 + i))
1975,0.8700394232792033,B0*s ; sqrt(Abs(i*r**2 - r)),0.0475933334946822*s ; sqrt(Abs(i*r**2 - r))
1976,0.8700304609425599,B1*s*sqrt(Abs(B0 + s)) ; B2*i,0.00194645645576787*s*sqrt(Abs(s + 594.265093356864)) ; 0.055601137511329*i
1977,0.8700296521226731,B1*s*sqrt(Abs(B0 + s)) ; r,0.00203091938524294*s*sqrt(Abs(s + 545.795689397132)) ; r
1978,0.8700214662315928,B0 + B1*i + B1*s ; B2 + Abs(r)**(3/4),0.000263007338718933*i + 0.000263007338718933*s + 0.0344785919982659 ; Abs(r)**(3/4) - 0.0147683520111973
1979,0.8699978104562847,i**2 ; B0 + sqrt(Abs(i)),i**2 ; sqrt(Abs(i)) - 0.325691938771162
1980,0.8699632361063622,Abs(i)**(3/2) ; B0 + sqrt(Abs(i)),Abs(i)**(3/2) ; sqrt(Abs(i)) - 0.222895685298874
1981,0.8699059963053298,B0 + B2*sqrt(Abs(B1 + i)) ; -r + sqrt(Abs(i)),0.0593289957791648 - 0.0785452005560036*sqrt(Abs(i + 0.100506100709469)) ; -r + sqrt(Abs(i))
1982,0.8699038815621579,B0*s**2 + B1*i*s ; B2 + r - sqrt(Abs(B3 + i)),0.000886805863978327*i*s + 0.0195863614289554*s**2 ; r - sqrt(Abs(i + 3.3613227418183)) + 1.83901448831924
1983,0.8699027055870113,B1*sqrt(Abs(B0 + s + sqrt(Abs(s)))) ; B2*r - i,0.0348018582243192*sqrt(Abs(s + sqrt(Abs(s)) - 0.222782185946679)) ; -i + 0.0215209123362244*r
1984,0.8698931867247037,B1*sqrt(Abs(B0 + s + sqrt(Abs(s)))) ; B2*sqrt(Abs(i)),0.0336415755225427*sqrt(Abs(s + sqrt(Abs(s)) - 0.216836761874082)) ; 0.000916916622253394*sqrt(Abs(i))
1985,0.8698928750670487,B0*i + B1*i*Abs(s)**(1/4) ; sqrt(Abs(i - r)),-0.00348265115735933*i*Abs(s)**(1/4) + 0.00222872178955268*i ; sqrt(Abs(i - r))
1986,0.8698917187490376,B1*sqrt(Abs(B0 + s + sqrt(Abs(s)))) ; r + sqrt(Abs(-B2 + r + sqrt(Abs(r)))),0.0334822467576844*sqrt(Abs(s + sqrt(Abs(s)) - 0.213686045736093)) ; r + sqrt(Abs(r + sqrt(Abs(r)) - 0.00255135611184758))
1987,0.869889331844387,B0*i - i**3 ; i*r,-i**3 + 0.242486033917737*i ; i*r
1988,0.8698431259293006,B0 + B1*Abs(i)**(1/4) ; Abs(i)**(7/4)*Abs(r)**(1/4),0.0946943650327497 - 0.0866188573864814*Abs(i)**(1/4) ; Abs(i)**(7/4)*Abs(r)**(1/4)
1989,0.8698246476063602,B0 + B1*sqrt(Abs(i)) + s ; r,s + 0.910305829718718*sqrt(Abs(i)) - 1.12627511578094 ; r
1990,0.8698137619737204,B0*i**2*sqrt(Abs(s)) ; B1 + B2*sqrt(Abs(i)),0.17153131095019*i**2*sqrt(Abs(s)) ; 0.505536483763073 - 0.724256250899055*sqrt(Abs(i))
1991,0.8698115738923374,B0 + B2*sqrt(Abs(B1 - s)) ; B3*i*Abs(i + r)**(1/4),0.0485810400147939*sqrt(Abs(s + 0.027458222670971)) - 0.000352665042906877 ; 0.00171499080493165*i*Abs(i + r)**(1/4)
1992,0.8698025610655363,B0*sqrt(Abs(i)) ; 2*i,0.161303451995033*sqrt(Abs(i)) ; 2*i
1993,0.869777590735785,B0 - 2*i ; B1 + B2*r + B2*sqrt(Abs(r)),-2*i - 0.123140327132211 ; -0.0304094893470694*r - 0.0304094893470694*sqrt(Abs(r)) + 0.0738025540788962
1994,0.8697725332538628,B0*sqrt(Abs(i + sqrt(Abs(s)))) ; B1*Abs(i)**(1/4),0.0245212676766849*sqrt(Abs(i + sqrt(Abs(s)))) ; 0.0466144877221575*Abs(i)**(1/4)
1995,0.869734671592988,B0 + B1*i + B1*sqrt(Abs(i)) ; B2 + B3*sqrt(Abs(r)),0.254253160238078*i + 0.254253160238078*sqrt(Abs(i)) - 0.0209127877785567 ; 0.154407045597734 - 0.105574802417908*sqrt(Abs(r))
1996,0.8697288714951883,B1*sqrt(Abs(B0*sqrt(Abs(s)) - s)) ; B2*sqrt(Abs(i)),0.0393789129034634*sqrt(Abs(s + 0.385344415544379*sqrt(Abs(s)))) ; 0.000561830118116385*sqrt(Abs(i))
1997,0.8697249746403934,B0*i*s + B0*s ; i,0.045432770388144*i*s + 0.045432770388144*s ; i
1998,0.8697050219942667,B1*sqrt(Abs(B0*sqrt(Abs(s)) + s)) ; 2*i,0.039734225440898*sqrt(Abs(s + 0.378944254517214*sqrt(Abs(s)))) ; 2*i
1999,0.86970252394352,B0 + B1*sqrt(Abs(s)) ; B2*Abs(i*r - r)**(1/4),0.0482144748967942*sqrt(Abs(s)) - 0.000335037473693474 ; 0.000177327557770397*Abs(i*r - r)**(1/4)
2000,0.8696798380823622,B0 + B1*sqrt(Abs(s)) ; B2*Abs(r**2 - r)**(1/4),0.0487222084756093*sqrt(Abs(s)) - 0.00041975481878996 ; 19.5462028523761*Abs(r**2 - r)**(1/4)
2001,0.8696743349624257,B0 + B1*sqrt(Abs(s)) ; sqrt(Abs(B2*sqrt(Abs(i)) + B3 - r)),0.0489869911018471*sqrt(Abs(s)) - 0.000381146956793803 ; sqrt(Abs(-r + 0.00186025887384907*sqrt(Abs(i)) + 0.015002097556907))
2002,0.8696663106275874,B0 + B1*sqrt(Abs(s)) ; B3*sqrt(Abs(B2*sqrt(Abs(r)) + r)),0.0491051471188532*sqrt(Abs(s)) - 0.000373905406057462 ; 0.000149877461438649*sqrt(Abs(r + 2.48732105338365*sqrt(Abs(r))))
2003,0.8696367995257024,B1*sqrt(Abs(B0 - i)) ; B2*r,0.0314841770015266*sqrt(Abs(i - 0.547403946929844)) ; 51.6874200984769*r
2004,0.8696334983102283,B0*sqrt(Abs(i)) + B1*sqrt(Abs(s)) ; r + sqrt(Abs(r)),-0.000344995182937559*sqrt(Abs(i)) + 0.0480116817387513*sqrt(Abs(s)) ; r + sqrt(Abs(r))
2005,0.8696147591317852,B1*Abs(B0 + i)**(1/8) ; sqrt(Abs(B2 + i)),0.0187542580290914*Abs(i + 99.9999998612069)**(1/8) ; sqrt(Abs(i + 34.0257248462079))
2006,0.8695777356451707,B0*i + B0*sqrt(Abs(i - s)) ; B1 + i,0.0472252707257608*i + 0.0472252707257608*sqrt(Abs(i - s)) ; i + 0.0171718309208765
2007,0.8695633886403186,B0*i + B0*sqrt(Abs(i - s)) ; B1 + sqrt(Abs(B2 + i)),0.04755306354016*i + 0.04755306354016*sqrt(Abs(i - s)) ; sqrt(Abs(i + 0.0769859364319662)) - 0.234707145379188
2008,0.8695053609831114,B0*i*s ; i,1.23846974391077*i*s ; i
2009,0.8694820359024361,sqrt(Abs(B0*sqrt(Abs(i)) + B1*i)) ; B2*i*r + B2*Abs(i)**(3/2),sqrt(Abs(0.00768694438548443*i - 0.00792001879670651*sqrt(Abs(i)))) ; 0.000516155131757534*i*r + 0.000516155131757534*Abs(i)**(3/2)
2010,0.8694637568680331,B0*Abs(i)**(3/8) ; B1*i + B2*r,0.102969401875627*Abs(i)**(3/8) ; 0.923497894327877*i + 0.0123893303608492*r
2011,0.8694316575933816,B0*sqrt(Abs(i))*sqrt(Abs(s)) ; B1 + B3*sqrt(Abs(B2 + 2*r)),0.0936293619574194*sqrt(Abs(i))*sqrt(Abs(s)) ; 2.93533405160419 - 0.555192345712714*sqrt(Abs(2*r + 25.8083366956147))
2012,0.8694267330355026,i*Abs(s)**(3/2) ; B0*sqrt(Abs(i)) + i,i*Abs(s)**(3/2) ; i - 0.0752205699276602*sqrt(Abs(i))
2013,0.8694142682243291,B1*s**2*sqrt(Abs(B0 + s)) ; r,0.155446754971447*s**2*sqrt(Abs(s - 0.969947121005615)) ; r
2014,0.8694140298866172,B0*sqrt(Abs(-i + s + sqrt(Abs(s)))) ; B1 + i + Abs(i)**(3/2),0.0340024351737797*sqrt(Abs(-i + s + sqrt(Abs(s)))) ; i + Abs(i)**(3/2) - 0.311429711175099
2015,0.8693785480817643,B0*i + B1*sqrt(Abs(s)) ; B2 - i*r - Abs(r)**(3/2),4.45003650725536e-6*i + 0.0515055548333929*sqrt(Abs(s)) ; -i*r - Abs(r)**(3/2) + 251.333003878243
2016,0.8693236208768514,B0*sqrt(Abs(i)) ; i - sqrt(Abs(i)),0.0130443597444944*sqrt(Abs(i)) ; i - sqrt(Abs(i))
2017,0.8692897103271461,B0 + B1*i + B1*s ; sqrt(Abs(i)),0.000428519769658801*i + 0.000428519769658801*s + 0.0486876213472996 ; sqrt(Abs(i))
2018,0.8692656974548356,B0*i*s ; B1 + 2*i - r,0.0087359231887782*i*s ; 2*i - r + 3.16838166287751
2019,0.8692486994619393,B0*s + B0*Abs(s)**(1/4) ; r,0.0207547217289559*s + 0.0207547217289559*Abs(s)**(1/4) ; r
2020,0.86924184286859,i*s**2 ; B0*i,i*s**2 ; 0.557880646683942*i
2021,0.8692327486065776,B0*sqrt(Abs(i)) ; i + sqrt(Abs(i)),0.013390398183743*sqrt(Abs(i)) ; i + sqrt(Abs(i))
2022,0.8692194108554556,B0*i ; Abs(i)**(3/2),0.220540781330246*i ; Abs(i)**(3/2)
2023,0.8692102875344299,B1*sqrt(Abs(B0*sqrt(Abs(s)) - s)) ; Abs(r)**(1/4),0.0387506816235798*sqrt(Abs(s + 0.278642420525598*sqrt(Abs(s)))) ; Abs(r)**(1/4)
2024,0.869133683528779,B0 + B1*s**2 ; B2 + i + r,0.039857831027478*s**2 + 0.00532772235993962 ; i + r + 0.0186447030997891
2025,0.8691336769261594,B0 + B1*s**2 ; B2 - r + sqrt(Abs(r)),0.0398800239663365*s**2 + 0.00531976954598443 ; -r + sqrt(Abs(r)) + 0.262768148094021
2026,0.8691336759607526,B0 + B1*s**2 ; B2 + B3*sqrt(Abs(r)),0.0398293341651611*s**2 + 0.00532575444721315 ; 1.14907762852813*sqrt(Abs(r)) + 0.286435882581898
2027,0.8691336741699063,B0 + B1*s**2 ; B2*r,0.0398328999117841*s**2 + 0.00532212263433054 ; 0.000158885622836542*r
2028,0.8691336652968288,B0 + B1*s**2 ; i + r*sqrt(Abs(i)),0.0398978826619201*s**2 + 0.00531857570569995 ; i + r*sqrt(Abs(i))
2029,0.8691336471228995,B0 + B1*s**2 ; r,0.0397958309190249*s**2 + 0.00533598727757418 ; r
2030,0.8691090179246851,B0 + B1*i + B1*sqrt(Abs(s)) ; B2 + B3*r,0.0261287873515328*i + 0.0261287873515328*sqrt(Abs(s)) + 0.0226938820505109 ; 0.0737420842518058 - 0.0259715964781994*r
2031,0.8690739823623899,B0*s**2*Abs(i)**(5/4) ; i + r,0.266635516243725*s**2*Abs(i)**(5/4) ; i + r
2032,0.8690110689032938,B2*Abs(B0*i + B1)**(1/4) ; B3*i + B4*i*r,0.0194182241777954*Abs(45.9577455422983*i - 0.213380047956975)**(1/4) ; 1.12164895845443*i*r + 0.00177621813164431*i
2033,0.8688867713919383,B0*i - i*sqrt(Abs(B1 + sqrt(Abs(i)))) ; B2 + sqrt(Abs(B3 - r)),-i*sqrt(sqrt(Abs(i)) + 3.95163624720912) + 2.10946092538045*i ; sqrt(Abs(r - 14.3644781699503)) - 3.59877205907771
2034,0.8688774485362942,B0*s*Abs(i)**(5/4) ; -r*Abs(i)**(1/4) + 2*r,0.499852808197165*s*Abs(i)**(5/4) ; -r*Abs(i)**(1/4) + 2*r
2035,0.8688771224540494,s*sqrt(Abs(B0 + B1*i + B2*s)) ; B3 + i + Abs(r)**(3/2),s*sqrt(Abs(0.000177625698185452*i + 0.0116503695006876*s - 0.0115565250627766)) ; i + Abs(r)**(3/2) + 0.121552344323831
2036,0.8688514055055686,B0 + B1*i ; B2 - sqrt(Abs(B3 + i - r)),0.0368606830446795 - 0.000302549017548996*i ; 0.232402601861948 - sqrt(Abs(-i + r + 0.0666159800725332))
2037,0.8688473588792616,B0 + B1*i + B1*sqrt(Abs(s)) ; B2*r + B3*i*r,-0.0690910094596055*i - 0.0690910094596055*sqrt(Abs(s)) + 0.129686848269365 ; 0.00264095891499093*i*r + 0.0367053431223202*r
2038,0.8688471421538383,B0 + B1*i + B1*sqrt(Abs(s)) ; B2*Abs(r)**(1/4),-0.0690769297065564*i - 0.0690769297065564*sqrt(Abs(s)) + 0.129670204454295 ; 4.82954335417575*Abs(r)**(1/4)
2039,0.8688450380142652,B0 + B1*i + B1*sqrt(Abs(s)) ; B2*r*sqrt(Abs(i)),-0.0671497524810753*i - 0.0671497524810753*sqrt(Abs(s)) + 0.127390264493677 ; 0.00137597408648484*r*sqrt(Abs(i))
2040,0.8688297586020639,sqrt(Abs(B0 + B1*sqrt(Abs(s)))) ; B2*sqrt(Abs(i))*Abs(r)**(1/4),sqrt(Abs(0.00131090740531786*sqrt(Abs(s)) - 0.000370877152543005)) ; 0.0433247133741756*sqrt(Abs(i))*Abs(r)**(1/4)
2041,0.8688289275392391,B0 + B1*i + B1*sqrt(Abs(s)) ; B2*sqrt(Abs(r)),-0.0709306709383672*i - 0.0709306709383672*sqrt(Abs(s)) + 0.131863764146702 ; 0.000656501658309945*sqrt(Abs(r))
2042,0.8687591763541089,sqrt(Abs(B0 + B1*sqrt(Abs(s)))) ; sqrt(Abs(B2*r + B3*i)),sqrt(Abs(0.00149540229649806*sqrt(Abs(s)) - 0.000430511404793927)) ; sqrt(Abs(0.168182466026697*i + 24.5617807748977*r))
2043,0.8687522203692534,B1*Abs(B0 + i)**(1/4) ; B2 + B3*r,0.0403467378818018*Abs(i - 0.128062500716118)**(1/4) ; 0.0314251581806712 - 0.0268691590056048*r
2044,0.8686754738137208,B0*i*s ; B1 - i*r**2 + i,0.408812182698255*i*s ; -i*r**2 + i - 0.0956946947110926
2045,0.8686678598066931,B0 + B1*sqrt(Abs(i)) ; sqrt(Abs(B2 + sqrt(Abs(i))*sqrt(Abs(r)))),0.0530585586413348 - 0.00463471469945659*sqrt(Abs(i)) ; sqrt(Abs(sqrt(Abs(i))*sqrt(Abs(r)) - 0.398666807831219))
2046,0.8686288846156917,B2*sqrt(Abs(B0 + B1*i)) ; -i + r**2,0.0135127091987393*sqrt(Abs(4.33272853172385*i - 12.4615835059008)) ; -i + r**2
2047,0.8685677124769743,B0*Abs(i)**(1/4) ; B1 + i,0.0633957842177731*Abs(i)**(1/4) ; i + 0.0122371264260114
2048,0.8685647188313388,B0*sqrt(Abs(i - s)) ; -i*r,0.0196130052366111*sqrt(Abs(i - s)) ; -i*r
2049,0.8685613680639162,B0*i + s ; r,-1.70083196891105*i + s ; r
2050,0.8685482031091355,B0 + B1*i ; sqrt(Abs(B2*r + B3*i + B4)),0.000431941022281233*i + 0.0445268956018926 ; sqrt(Abs(1.60369922621166*i + 0.799052744361747*r + 3.53813489681472))
2051,0.8685396014172967,B0*sqrt(Abs(i - s)) ; -i*sqrt(Abs(r)),0.019138275377473*sqrt(Abs(i - s)) ; -i*sqrt(Abs(r))
2052,0.8685388966762375,B0*sqrt(Abs(i - s)) ; -r*sqrt(Abs(i)),0.0191382737799045*sqrt(Abs(i - s)) ; -r*sqrt(Abs(i))
2053,0.8685380723940421,B0*sqrt(Abs(i - s)) ; r,0.0191382690014866*sqrt(Abs(i - s)) ; r
2054,0.8685086643137551,B0*sqrt(Abs(i - s)) ; r**2,0.018848839864611*sqrt(Abs(i - s)) ; r**2
2055,0.8684954421317302,B0*s*sqrt(Abs(i)) + B0*Abs(s)**(3/2) ; i + 2*r,0.0084030846908743*s*sqrt(Abs(i)) + 0.0084030846908743*Abs(s)**(3/2) ; i + 2*r
2056,0.868489494248152,B0*sqrt(Abs(i)) + B1*s*sqrt(Abs(i)) ; B2*r - 2*r**2,0.10454749656829*s*sqrt(Abs(i)) + 0.0184032707397878*sqrt(Abs(i)) ; -2*r**2 + 59.8237297776078*r
2057,0.868489493593034,B0*sqrt(Abs(i)) + B1*s*sqrt(Abs(i)) ; r,0.104546429618003*s*sqrt(Abs(i)) + 0.0183958503975591*sqrt(Abs(i)) ; r
2058,0.8684824116632155,sqrt(Abs(B0*s + B1*sqrt(Abs(s)))) ; B2 - sqrt(Abs(r)),sqrt(Abs(0.00184111603846628*s + 0.000854743500326623*sqrt(Abs(s)))) ; 0.00287385722781463 - sqrt(Abs(r))
2059,0.8684602657228792,B0 + B1*i + B2*s ; B3 + B4*i + i**2,-0.00733789871889306*i + 2.71133013453527*s - 0.245775806538463 ; i**2 + 1.64914174972515*i - 1.44223285780447
2060,0.8684423300544245,B0 + B1*sqrt(Abs(i)) + B2*s ; r + sqrt(Abs(i)),0.0590368796125363*s + 0.00628903333082915*sqrt(Abs(i)) - 0.0516777566544436 ; r + sqrt(Abs(i))
2061,0.8683346375582165,B0*Abs(i)**(5/4)*Abs(s)**(1/4) ; B1*i**2,1.27908018861357*Abs(i)**(5/4)*Abs(s)**(1/4) ; 8.95466353300288*i**2
2062,0.8683195791062077,B1*sqrt(Abs(s + sqrt(Abs(B0 + s)))) ; i,0.0348922395336171*sqrt(Abs(s + sqrt(Abs(s + 0.211147458581658)))) ; i
2063,0.8683176962930937,B0*i + B1*i**2*s ; B2 + i - r,-0.390859122549175*i**2*s - 0.24516736011661*i ; i - r + 1.08231566804592
2064,0.8683149627991948,B1*sqrt(Abs(s + sqrt(Abs(B0 + s)))) ; i*sqrt(Abs(r)),0.03246113549138*sqrt(Abs(s + sqrt(Abs(s + 0.20478333182877)))) ; i*sqrt(Abs(r))
2065,0.8683141989173115,B0*Abs(i)**(1/4) + B1*i ; B2 + B3*r + r*sqrt(Abs(i)),0.00187240044849402*i + 0.0604436796099467*Abs(i)**(1/4) ; r*sqrt(Abs(i)) + 0.0990994042310568*r + 5.56301113418225e-5
2066,0.8682717384978831,B0*s**2 - i*s**2 ; B1 + i + sqrt(Abs(i)),-i*s**2 + 0.0107321287345771*s**2 ; i + sqrt(Abs(i)) - 0.104852324126291
2067,0.8682279896020644,B0*i + B1*s ; B2*i + 2*i*r,0.0904882237783902*i + 0.0209837035329115*s ; 2*i*r + 1.30100737006848e-5*i
2068,0.8681986656531437,B0*s*sqrt(Abs(i)) + B0*s ; B1 + i - r*sqrt(Abs(i)),0.00496263111452864*s*sqrt(Abs(i)) + 0.00496263111452864*s ; i - r*sqrt(Abs(i)) + 58.6267585411718
2069,0.8681975766533584,B0 - i*s + 2*i ; B1 + i - sqrt(Abs(i)),-i*s + 2*i + 0.0775726339170908 ; i - sqrt(Abs(i)) + 0.232814865747263
2070,0.8681704731542086,B0*i*s + B0*i ; B1 - i + r,0.00028933630960742*i*s + 0.00028933630960742*i ; -i + r - 1.46231827410171
2071,0.8681483477732728,B0 + B1*i + B1*sqrt(Abs(i)) ; B2 + B3*i*r + i,-0.0661416826726896*i - 0.0661416826726896*sqrt(Abs(i)) - 0.337606297847545 ; 0.0928989311451574*i*r + i + 24.5610432859169
2072,0.8681318621038425,B0*i*s + B0*i ; B1*sqrt(Abs(r)) - i + r,0.000288461404770296*i*s + 0.000288461404770296*i ; -i + r - 2.96425140709692*sqrt(Abs(r))
2073,0.8681268576609401,B0 + B1*i*s + B1*i ; B2 - r,0.0405805193142546*i*s + 0.0405805193142546*i - 0.0813884220046283 ; -r - 1.64067754169063
2074,0.8680934545517887,B0 + B1*i + B1*sqrt(Abs(i - s)) ; B2 - r,-0.0738777185615103*i - 0.0738777185615103*sqrt(Abs(i - s)) + 0.0980399328579879 ; 0.456540027949108 - r
2075,0.8680731504049775,B0*i + B1*i**3 ; B2*sqrt(Abs(r)),-0.39386412847884*i**3 + 0.242803866232902*i ; 0.963031527085147*sqrt(Abs(r))
2076,0.8680731363921029,B0*i + B1*i**3 ; r,-0.39408551306294*i**3 + 0.242881929659014*i ; r
2077,0.8680731313194108,B0*i + B1*i**3 ; sqrt(Abs(r)),-0.393747835672899*i**3 + 0.24276546629917*i ; sqrt(Abs(r))
2078,0.8680731196353094,B0*i + B1*i**3 ; sqrt(Abs(B2*sqrt(Abs(r)) - r + Abs(r)**(3/2))),-0.393494063098999*i**3 + 0.242808042701738*i ; sqrt(Abs(-r + Abs(r)**(3/2) + 57.3878347385652*sqrt(Abs(r))))
2079,0.8680660534047858,B0*i**2 + B1*i*s ; i,12.3084852112608*i**2 + 0.844315881421135*i*s ; i
2080,0.868044824102533,i*s ; B0 + i - sqrt(Abs(r)),i*s ; i - sqrt(Abs(r)) + 0.242531157445431
2081,0.8680213340536636,B0*i**2*s - i*s ; B1*i + i*sqrt(Abs(B2 + r)),31.0157891165124*i**2*s - i*s ; i*sqrt(Abs(r + 8.776587757044)) - 0.380698568201994*i
2082,0.8680182607840853,B0 + B1*sqrt(Abs(i))*sqrt(Abs(s)) ; B2 - r*sqrt(Abs(i + r)),0.0215392116603294*sqrt(Abs(i))*sqrt(Abs(s)) - 0.000160136835400653 ; -r*sqrt(Abs(i + r)) + 2.83756277115575
2083,0.8679896829520316,B1*sqrt(Abs(B0 - i + s)) ; i + sqrt(Abs(B2 - i + r)),0.0436877570406005*sqrt(Abs(i - s + 4.58938802814749)) ; i + sqrt(Abs(-i + r + 12.1046510689885))
2084,0.8679073945151965,i*s ; i,i*s ; i
2085,0.8678768565381527,B0*i ; i - r + sqrt(Abs(B1 + i)),-0.142582464780965*i ; i - r + sqrt(Abs(i + 0.881926256470042))
2086,0.8678063986690127,B2*Abs(B0*sqrt(Abs(i)) + B1)**(1/4) ; i + sqrt(Abs(B3*i*r - i)),0.0516485560767581*Abs(0.0544066049769308*sqrt(Abs(i)) - 0.544068510263196)**(1/4) ; i + sqrt(Abs(1.29263592395908*i*r + i))
2087,0.8677780759828124,B0 + s*sqrt(Abs(B1 + i + s)) ; i,s*sqrt(Abs(i + s - 1.11371664457517)) - 0.34803339121513 ; i
2088,0.8677770951088969,B1*s*Abs(B0 + i)**(1/4) ; B2 - i + 2*Abs(i)**(3/2),0.0269658908583903*s*Abs(i - 2.19952281424832)**(1/4) ; -i + 2*Abs(i)**(3/2) + 0.0457832401688061
2089,0.8677748742320222,B2*sqrt(Abs(B0*i + B1)) ; B3 + r,0.0581870725529903*sqrt(Abs(0.00136714341625937*i + 0.159317552647509)) ; r + 1.44339257404111e-8
2090,0.8677465233715382,sqrt(Abs(B0 + B1*sqrt(Abs(s)))) ; Abs(i)**(1/4)*sqrt(Abs(r)),sqrt(Abs(0.00264590649701329*sqrt(Abs(s)) - 0.00110021675564627)) ; Abs(i)**(1/4)*sqrt(Abs(r))
2091,0.8676934370484884,s*sqrt(Abs(B0*i + Abs(i)**(3/2))) ; B1 + B2*i**2 + i,s*sqrt(Abs(0.237566924130411*i + Abs(i)**(3/2))) ; 2.09197568587379*i**2 + i + 0.108334965090453
2092,0.8675145154079061,B0*i + i*s ; B1 + i*r,i*s - 0.531087645103297*i ; i*r + 0.00528138670489664
2093,0.8674913094334753,B0*i + B1*s ; i + Abs(B2 + B3*r)**(1/4),-0.00963524573887685*i + 0.0467004043926078*s ; i + Abs(5.2036269011643*r - 3.93521979937197)**(1/4)
2094,0.867483517651631,B0*s + B1*i**2*s ; sqrt(Abs(B2 + i)),8.89273963599246e-5*i**2*s + 0.00646381662605252*s ; sqrt(Abs(i + 31.7551983413256))
2095,0.8674420844228721,B0*sqrt(Abs(i)) ; -i + r,0.0012927243933808*sqrt(Abs(i)) ; -i + r
2096,0.867345594231642,B0 + B1*i + B1*s ; B2 + i + 2*r,0.000141308388609113*i + 0.000141308388609113*s + 0.0235592900460402 ; i + 2*r - 0.0437039338604904
2097,0.8673039253101961,B0*i - i*sqrt(Abs(B1 - i)) ; B2 - r**2 + 2*r,-i*sqrt(Abs(i - 117.876949387346)) + 10.9000500911602*i ; -r**2 + 2*r + 2.93959690476696e-6
2098,0.8672266296943325,B0*s**2 ; B1 - i + r**2,0.0453549928380496*s**2 ; -i + r**2 + 0.000134000935050268
2099,0.8672266296934358,B0*s**2 ; B1 - i**2 - i,0.0453545347755153*s**2 ; -i**2 - i + 1.37871046258636
2100,0.8672266296859763,B0*s**2 ; B1*i + Abs(i)**(3/2),0.0453557158394182*s**2 ; 0.715331235460536*i + Abs(i)**(3/2)
2101,0.8672266296636049,B0*s**2 ; B1 + sqrt(Abs(i))*sqrt(Abs(r)),0.0453532044218191*s**2 ; sqrt(Abs(i))*sqrt(Abs(r)) + 3.29495693967743
2102,0.8672266296415592,B0*s**2 ; B1 + B2*i**2,0.0453526970901562*s**2 ; 0.240536011713282*i**2 + 0.00483227158522573
2103,0.8672266296042063,B0*s**2 ; sqrt(Abs(B1 + B2*sqrt(Abs(r)))),0.0453576594493114*s**2 ; sqrt(0.000338912570769379*sqrt(Abs(r)) + 3.7755623363801)
2104,0.8672266293522831,B0*s**2 ; B1 + 3*r,0.0453493804029505*s**2 ; 3*r + 11.1901255936082
2105,0.8672266290703704,B0*s**2 ; B1 + B2*r + i,0.0453622352521778*s**2 ; i + 2.3994348470684*r + 0.00016737266909262
2106,0.8672266289911402,B0*s**2 ; r*Abs(B1 - i)**(1/4),0.0453626900269208*s**2 ; r*Abs(i - 3.13090904208798)**(1/4)
2107,0.8672266223128727,B0*s**2 ; r + sqrt(Abs(i))*sqrt(Abs(r)),0.0453294552065937*s**2 ; r + sqrt(Abs(i))*sqrt(Abs(r))
2108,0.8672265946549927,B0*s**2 ; 2*i*r,0.0452995328785419*s**2 ; 2*i*r
2109,0.8672265868353385,B0*s**2 ; i*sqrt(Abs(i + sqrt(Abs(i)))),0.0452936732919009*s**2 ; i*sqrt(Abs(i + sqrt(Abs(i))))
2110,0.8672265788149659,B0*s**2 ; 2*r**2,0.0452881968491748*s**2 ; 2*r**2
2111,0.8671777848905964,B0 + i + s ; B1*i**3,i + s - 0.976330184782695 ; 0.000775886855649418*i**3
2112,0.8671682058056447,B0*i*s ; B4*sqrt(Abs(B1 + B2*i + B3*r)),-0.00139533907453145*i*s ; 1.83024736608804*sqrt(Abs(24.9549772693546*i + 23.3649587949298*r + 32.4031627260448))
2113,0.8671660483423728,B0*Abs(i)**(3/2) + B1*i*s ; 2*i + r,-0.563028580417875*i*s - 0.146591857016568*Abs(i)**(3/2) ; 2*i + r
2114,0.8671328810487849,B0*i*sqrt(Abs(s)) + B0*s ; r,0.0345869138500786*i*sqrt(Abs(s)) + 0.0345869138500786*s ; r
2115,0.8671052621632517,B0 + B1*sqrt(Abs(i - s)) ; B2 - i + sqrt(Abs(r)),0.0317391758102822 - 0.00259237815474*sqrt(Abs(i - s)) ; -i + sqrt(Abs(r)) - 0.10694611930666
2116,0.8670676666237715,B0 + B1*i + B2*s ; Abs(i)**(1/8),0.000293595869457986*i + 0.0186582139916048*s + 0.0273361420350373 ; Abs(i)**(1/8)
2117,0.8670546207763216,B0 + B1*i**2 + B1*s ; -r + sqrt(Abs(i - r)),0.015405964501899*i**2 + 0.015405964501899*s + 0.00180860240687162 ; -r + sqrt(Abs(i - r))
2118,0.8670508203222442,B0*s**3 + i*s ; B1 + i,i*s - 0.0394762729938012*s**3 ; i - 0.0465790238111255
2119,0.8670255960260626,Abs(i)**(3/2) ; B0 + B1*r + B1*Abs(r)**(1/4),Abs(i)**(3/2) ; -0.0422598969736377*r - 0.0422598969736377*Abs(r)**(1/4) + 0.0968768182417658
2120,0.8670116065717488,B0*i**2 + B0*i*s ; B1 + B2*r,0.494821944556674*i**2 + 0.494821944556674*i*s ; 1.70543772198647 - 1.52826883560514*r
2121,0.8669599365418591,B0 + B1*i + B2*s ; B3*i,-0.00342064620863661*i + 2.72095801287917*s + 0.961124109023556 ; -27.380985402682*i
2122,0.8669315526832098,i**2 + i*s ; B0*i,i**2 + i*s ; 0.752982806384984*i
2123,0.866821724313694,Abs(i)**(3/2) ; B0 + sqrt(Abs(B3 + sqrt(Abs(B1 + B2*r)))),Abs(i)**(3/2) ; sqrt(sqrt(Abs(0.000289255870055719*r - 0.000301906212354546)) + 0.010675495133661) - 0.104318532371163
2124,0.8667963686486428,Abs(i)**(5/4)*Abs(s)**(1/4) ; B0 + B1*Abs(i)**(3/2) + B2*r,Abs(i)**(5/4)*Abs(s)**(1/4) ; -0.0366728146227423*r + 0.952520703349077*Abs(i)**(3/2) + 0.0349104569578773
2125,0.8667788063064125,B0*s + B0*Abs(s)**(3/2) ; i,0.02369946080868*s + 0.02369946080868*Abs(s)**(3/2) ; i
2126,0.8667722379500448,B0 + B1*i + B2*s ; sqrt(Abs(B3 + i + r)),0.000441375140960297*i + 0.0253564476218489*s + 0.0212336185465236 ; sqrt(Abs(i + r - 0.257080494492189))
2127,0.8667491529564602,B0*sqrt(Abs(i)) ; i*sqrt(Abs(B1 + i)),0.203679034668893*sqrt(Abs(i)) ; i*sqrt(Abs(i + 11.7952820177712))
2128,0.8666408317811728,B0*i + B1*i*s - s ; r,0.0455979278642865*i*s - 3.90241370384906*i - s ; r
2129,0.8666126497077661,i*sqrt(Abs(B0*i + i*s)) ; B1 + i,i*sqrt(Abs(i*s + 0.227094869902335*i)) ; i - 0.0877123062570792
2130,0.8666121465807768,B0*i + B0*s + B1*i*s ; B2*i,0.289604751900244*i*s + 0.00376896767011641*i + 0.00376896767011641*s ; 0.0414124755386482*i
2131,0.8666048977131381,B0*s + B1*i*s ; B2 + B3*i**2 + B3*i*r,0.289064090877354*i*s + 0.00575017390235021*s ; 0.0449605559941611*i**2 + 0.0449605559941611*i*r + 0.00414530125805973
2132,0.8665632949934178,B0*Abs(s)**(5/4) ; B1*sqrt(Abs(r)) + 2*r,0.0467878141280041*Abs(s)**(5/4) ; 2*r + 1.43408130503363*sqrt(Abs(r))
2133,0.8665632949828265,B0*Abs(s)**(5/4) ; r + sqrt(Abs(B1 + Abs(i)**(3/2))),0.0467877468692163*Abs(s)**(5/4) ; r + sqrt(Abs(i)**(3/2) + 0.00018170911066508)
2134,0.8665632949704226,B0*Abs(s)**(5/4) ; B1 + B2*sqrt(Abs(i)) - r,0.0467981166899273*Abs(s)**(5/4) ; -r + 0.278636172219007*sqrt(Abs(i)) + 0.0850537120111073
2135,0.8665632924605182,B0*Abs(s)**(5/4) ; B1 + sqrt(Abs(r - Abs(i)**(3/2))),0.0468066875213801*Abs(s)**(5/4) ; sqrt(Abs(r - Abs(i)**(3/2))) + 0.0132228929481061
2136,0.8665629743134914,B0*Abs(s)**(5/4) ; i + sqrt(Abs(i*r - i)),0.0469373861954487*Abs(s)**(5/4) ; i + sqrt(Abs(i*r - i))
2137,0.866553606732446,B0 + B1*s + B2*i*s ; B3 + i,-1.20180333266831*i*s - 0.549787358085204*s + 0.0158136023245173 ; i + 0.560840273859939
2138,0.8665271064763209,B0*i + B0*s + B1*i*s ; B2 + B3*r,0.234496933208574*i*s + 0.000730081556841327*i + 0.000730081556841327*s ; -0.998505172997688*r - 0.0311005874793924
2139,0.8665249769530567,B0 + B1*i*s + B1*s**2 ; sqrt(Abs(B2 - r)),-0.00165911596259411*i*s - 0.00165911596259411*s**2 + 0.00933343598199943 ; sqrt(Abs(r + 4.31211987170137))
2140,0.8664892003243723,B0*i ; sqrt(Abs(B1 + i)),-8.71398453947766e-5*i ; sqrt(Abs(i + 44100.3136155876))
2141,0.8664827096337764,B0*s + s*sqrt(Abs(B1 + B2*i)) ; B3 + sqrt(Abs(B4*r + i)),s*sqrt(Abs(0.00404336183963092*i + 3.36144628827372)) + 0.908894148372569*s ; sqrt(Abs(i + 1.9664770960014*r)) + 0.572324769687266
2142,0.8664744320081371,B0*s + B2*s*sqrt(Abs(B1 - s)) ; B5*sqrt(Abs(B3*sqrt(Abs(i)) + B4*r)),1.20019045077761*s*sqrt(Abs(s - 6.91901752534299)) - 2.91427777748081*s ; 0.00176582404537828*sqrt(Abs(0.00824690767407775*r + 5.70922631568254*sqrt(Abs(i))))
2143,0.8664740657078238,B0*s + B2*s*sqrt(Abs(B1 - s)) ; B3*sqrt(Abs(i))*sqrt(Abs(r)),0.922255109555495*s*sqrt(Abs(s - 4.38399883393232)) - 1.69115690499727*s ; 1.28505969649331*sqrt(Abs(i))*sqrt(Abs(r))
2144,0.86647174495456,B0*s + B2*s*sqrt(Abs(B1 + i)) ; B3*i*r,0.79473304483156*s*sqrt(Abs(i + 2.44432391134533)) - 1.2373164916651*s ; 0.751331563217618*i*r
2145,0.8664716730096196,B0*s + B2*s*sqrt(Abs(B1 + i)) ; sqrt(Abs(i))*Abs(r)**(3/2),3.62827834999366*s*sqrt(Abs(i + 56.4568564590541)) - 27.2560521438294*s ; sqrt(Abs(i))*Abs(r)**(3/2)
2146,0.8664712902042246,B0*s + B1*i*s ; i*sqrt(Abs(r)) + 2*Abs(r)**(3/2),0.241041600222945*i*s + 0.00607562983871619*s ; i*sqrt(Abs(r)) + 2*Abs(r)**(3/2)
2147,0.8664712898903302,B0*s + B1*s**2 ; i*r + r*sqrt(Abs(B2 + B3*r)),-0.241076554309743*s**2 + 0.24714857177608*s ; i*r + r*sqrt(Abs(0.000729617669748784*r + 0.00769857036568312))
2148,0.8664712893534295,B0*s + B1*s**2 ; -i + r + sqrt(Abs(B2*i*r - r)),-0.24101210476011*s**2 + 0.247090848293988*s ; -i + r + sqrt(Abs(0.00288386340253907*i*r - r))
2149,0.8664703104774512,B0*s + B2*s*sqrt(Abs(B1 + s)) ; B3 + i - r,-4.94842720432118*s*sqrt(Abs(s + 105.302216269915)) + 51.0259700968218*s ; i - r + 0.000339375297800436
2150,0.8664685051242198,s*Abs(B0*sqrt(Abs(i)) + B1)**(1/4) ; r*Abs(i)**(1/4),s*Abs(7.49834068600927e-5*sqrt(Abs(i)) - 2.10250296797207e-5)**(1/4) ; r*Abs(i)**(1/4)
2151,0.866466063903208,B0*s + B2*s*sqrt(Abs(B1 - i)) ; B3*sqrt(Abs(i))*Abs(r)**(3/2),-1.40585854628266*s*sqrt(Abs(i - 8.79010348932316)) + 4.17447789672101*s ; 26.842057052089*sqrt(Abs(i))*Abs(r)**(3/2)
2152,0.8664588134696125,B0*s + B2*s*sqrt(Abs(B1 + s)) ; B3*r + i*r,-1.01859308217645*s*sqrt(Abs(s + 3.75333491355202)) + 2.22736574952039*s ; i*r + 0.000146292598555525*r
2153,0.8664521881007606,B0*i + B0*s + B1*i*s ; B2 + r**2,0.217853955873709*i*s + 0.00575861957023077*i + 0.00575861957023077*s ; r**2 - 0.00287688955506952
2154,0.8664440646920408,B0 + B1*sqrt(Abs(i)) ; B2 + 2*r,0.021318516545499 - 0.000916536548745945*sqrt(Abs(i)) ; 2*r - 1.78994575930996e-11
2155,0.8664430249288574,B0*s*sqrt(Abs(i)) + B1*i*s ; r,0.204721045804814*i*s + 0.0334392428269289*s*sqrt(Abs(i)) ; r
2156,0.8664229392704105,B0*i*s ; B1*i + i*sqrt(Abs(B2 + i - r)),0.369637573654974*i*s ; i*sqrt(Abs(i - r + 28.5981472748645)) - 5.27386807330645*i
2157,0.8664149049257321,B0*i**2 ; B1 + B2*i + B4*sqrt(Abs(B3 + r)),0.00173259455055634*i**2 ; -1.07284338911057*i - 4.7346224388635*sqrt(Abs(r - 0.0140989907244719)) + 5.71402639451681
2158,0.866384118391372,B0 + B1*i*s + B1*s**2 ; sqrt(Abs(B2*i - sqrt(Abs(r)))),-0.00123917804353737*i*s - 0.00123917804353737*s**2 + 0.0122352253249884 ; sqrt(Abs(2.0288909195029*i - sqrt(Abs(r))))
2159,0.8663632186408469,B0*Abs(i)**(3/8) ; B1 + B2*i + B3*r,0.079055754380153*Abs(i)**(3/8) ; 0.00321607023195873*i - 0.0314031060521968*r + 0.0472008252052312
2160,0.866344307607007,B0*i + i**2 + Abs(i)**(3/2) ; B1 + sqrt(Abs(B4 + sqrt(Abs(B2 + B3*r)))),i**2 + 0.379504695335455*i + Abs(i)**(3/2) ; sqrt(sqrt(Abs(2.37174709672288*r - 2.63205559167427)) + 131.730158760892) - 11.4780975439656
2161,0.8663176597871635,B0 + B1*i ; B3*Abs(B2 - i + r)**(1/4),0.0467936790304135 - 0.0244577132976018*i ; -0.0125074197221773*Abs(-i + r + 0.0762595674060098)**(1/4)
2162,0.8662614964075191,B0*i**2*s + B0*i ; B1 + Abs(i - r)**(1/8),0.000295053262391006*i**2*s + 0.000295053262391006*i ; Abs(i - r)**(1/8) + 0.0356377444730502
2163,0.8662551228875993,i*sqrt(Abs(B0*s**2 + B1*s)) ; B2*i**2,i*sqrt(Abs(0.0963832405288662*s**2 + 0.00313676375902916*s)) ; 0.186195002086714*i**2
2164,0.8662438074525179,B0*i**2*sqrt(Abs(s)) ; i,51.0460600838517*i**2*sqrt(Abs(s)) ; i
2165,0.866222783595916,i*s*sqrt(Abs(B0 - s)) - i*s ; B1 + B2*i + i*r,i*s*sqrt(Abs(s - 0.0312886757532753)) - i*s ; i*r + 1.2775897694184*i + 0.920027116337064
2166,0.8661574904684556,B0*i*sqrt(Abs(s)) ; i + sqrt(Abs(B1 + B2*r - i)),-0.0625883430252977*i*sqrt(Abs(s)) ; i + sqrt(Abs(i + 0.203171106030572*r - 0.0164788198022293))
2167,0.8661203709025828,sqrt(Abs(B0 + B1*sqrt(Abs(s)))) ; sqrt(sqrt(Abs(r)) + sqrt(Abs(B2 - i))),sqrt(Abs(0.002006660575635*sqrt(Abs(s)) - 0.000749514329889032)) ; sqrt(sqrt(Abs(r)) + sqrt(Abs(i - 0.000564341488874846)))
2168,0.8660990196562541,Abs(i)**(5/4)*Abs(s)**(1/8) ; B0 + B1*r,Abs(i)**(5/4)*Abs(s)**(1/8) ; 0.0661057268924752 - 0.0537298979058686*r
2169,0.866089412375602,s*sqrt(Abs(B0 + B1*i - i*s)) ; r,s*sqrt(Abs(-i*s + 1.35974324289263*i + 5.3117885486662)) ; r
2170,0.8660865242963524,B0*i**2*Abs(s)**(3/2) ; i + sqrt(Abs(B1 + B2*r + r**2)),0.00876359466401165*i**2*Abs(s)**(3/2) ; i + sqrt(Abs(r**2 - 0.345787433100815*r + 1.58519405600121))
2171,0.8660841786127195,B0*s + B1*Abs(s)**(3/2) ; sqrt(Abs(B2*r + i*r - r**2)),0.406017003546788*s - 0.395929180694575*Abs(s)**(3/2) ; sqrt(Abs(i*r - r**2 + 0.000263833257268734*r))
2172,0.8660664682436096,B1*sqrt(Abs(B0 + i)) ; B2 + B3*i*r - r,0.0500545948537712*sqrt(Abs(i - 0.0175627361804411)) ; 0.932091115248527*i*r - r + 1.15676856408408
2173,0.8658979570436062,B0*sqrt(Abs(i - sqrt(Abs(s)))) ; r - sqrt(Abs(r)),0.022033834404374*sqrt(Abs(i - sqrt(Abs(s)))) ; r - sqrt(Abs(r))
2174,0.8658516722571807,i*sqrt(Abs(B0 + i + sqrt(Abs(i)))) ; B1*i,i*sqrt(Abs(i + sqrt(Abs(i)) + 5.268266783664)) ; 2.35914921071231*i
2175,0.8658323812796302,s*sqrt(Abs(i))*Abs(B0 + s)**(1/4) ; B1*i + i*r,s*sqrt(Abs(i))*Abs(s - 0.914874366141705)**(1/4) ; i*r + 4.25545709354458*i
2176,0.865830083745281,B0 + B1*sqrt(Abs(i + s)) ; B2 + B3*i*sqrt(Abs(i + r)),0.0489328800691342*sqrt(Abs(i + s)) - 0.00609925656424915 ; 0.180821540447286*i*sqrt(Abs(i + r)) - 0.0269791850760779
2177,0.8658109430955935,B1*sqrt(Abs(-B0 + i + s)) ; B2*Abs(i)**(1/4),0.0290616147181566*sqrt(Abs(i + s + 0.0756382634622627)) ; 0.034012330057894*Abs(i)**(1/4)
2178,0.8657959378674057,B0*s + B0*sqrt(Abs(B1 - s)) ; r,0.024346577300684*s + 0.024346577300684*sqrt(Abs(s + 0.0207562994058432)) ; r
2179,0.8657959281168878,B0*s + B0*sqrt(Abs(B1 + s)) ; sqrt(Abs(i)),0.0243214407488125*s + 0.0243214407488125*sqrt(Abs(s + 0.01959994960129)) ; sqrt(Abs(i))
2180,0.8657959003041813,B0*s + B0*sqrt(Abs(B1 + i)) ; r,0.0243146659049626*s + 0.0243146659049626*sqrt(Abs(i - 1.01925856482528)) ; r
2181,0.8657900162518843,B1*sqrt(Abs(B0 - i)) ; B2 + B3*i + B4*r,0.00949320411879767*sqrt(Abs(i - 27.1928540386258)) ; 0.478394551642381*i + 0.430919345754938*r - 1.79184615509839
2182,0.8657616484652585,B0 + B1*s + B1*sqrt(Abs(s)) ; B2*i,0.0243793467792672*s + 0.0243793467792672*sqrt(Abs(s)) - 8.82366182790154e-5 ; 16.1972786951061*i
2183,0.8657613623168471,B0 + B1*s + B1*sqrt(Abs(s)) ; B2*sqrt(Abs(i))*Abs(r)**(5/4),0.0243953181558494*s + 0.0243953181558494*sqrt(Abs(s)) - 8.86727464933372e-5 ; 0.122142131865533*sqrt(Abs(i))*Abs(r)**(5/4)
2184,0.865757996999977,B0 + B1*s + B1*sqrt(Abs(s)) ; B2*i*Abs(r)**(1/4),0.0241279103571679*s + 0.0241279103571679*sqrt(Abs(s)) - 8.62466544530407e-5 ; 0.000221865900548173*i*Abs(r)**(1/4)
2185,0.8657566335105481,B0 + B1*s + B1*sqrt(Abs(s)) ; B2*Abs(i)**(5/4),0.0245713730571514*s + 0.0245713730571514*sqrt(Abs(s)) - 9.12732336471492e-5 ; 0.00413544517357664*Abs(i)**(5/4)
2186,0.8657529896296495,B0 + B1*s + B1*sqrt(Abs(s)) ; B2*sqrt(Abs(r)),0.0241878916241675*s + 0.0241878916241675*sqrt(Abs(s)) - 0.000108186602476137 ; 0.00658469589979699*sqrt(Abs(r))
2187,0.8657525960819186,B0 + B1*s + B1*sqrt(Abs(s)) ; B2*r,0.0246623038608983*s + 0.0246623038608983*sqrt(Abs(s)) - 9.07811831966516e-5 ; 0.00217707664892176*r
2188,0.8657517412185066,B0 + B1*s + B1*sqrt(Abs(s)) ; -Abs(r)**(1/8),0.024177284516917*s + 0.024177284516917*sqrt(Abs(s)) - 0.000111035116188091 ; -Abs(r)**(1/8)
2189,0.8657499316831484,B0 + B1*s + B1*sqrt(Abs(s)) ; B2*Abs(i)**(3/2),0.0247077369065768*s + 0.0247077369065768*sqrt(Abs(s)) - 9.09300242502856e-5 ; 0.0011085418253554*Abs(i)**(3/2)
2190,0.865740472521035,B0 + B1*s + B1*sqrt(Abs(s)) ; B2*i*Abs(r)**(1/8),0.0248307554579456*s + 0.0248307554579456*sqrt(Abs(s)) - 9.31073566274562e-5 ; 0.00237785149527548*i*Abs(r)**(1/8)
2191,0.8657398759935457,B0 + B1*s + B1*sqrt(Abs(s)) ; Abs(r)**(5/4),0.0248351083345548*s + 0.0248351083345548*sqrt(Abs(s)) - 9.399924165967e-5 ; Abs(r)**(5/4)
2192,0.865737331188699,B0 + B1*s + B1*sqrt(Abs(s)) ; B2*sqrt(Abs(i))*sqrt(Abs(r)),0.0248670406185124*s + 0.0248670406185124*sqrt(Abs(s)) - 9.32259115928265e-5 ; 0.0482713635013026*sqrt(Abs(i))*sqrt(Abs(r))
2193,0.8657314738122072,B0 + B1*s + B1*sqrt(Abs(s)) ; i,0.0248985060585694*s + 0.0248985060585694*sqrt(Abs(s)) - 0.000104738397261736 ; i
2194,0.8656681492064345,B0*i + B1*s ; B2 + sqrt(Abs(B3 + i*r - i)),-0.000251118059075033*i + 0.0503112676435014*s ; sqrt(Abs(i*r - i + 0.21553500321741)) - 0.0317807676171004
2195,0.8656665781725086,B0*Abs(i)**(5/4) ; B1*i - i**2 + i*r,1.4035869880641*Abs(i)**(5/4) ; -i**2 + i*r + 0.457450385747754*i
2196,0.8656210108687211,B0*s + B2*s*sqrt(Abs(B1 + i)) ; B3 + B4*i,0.46486238982646*s*sqrt(Abs(i + 3.6395797737915)) + 1.72665152757786*s ; 0.0791223110695901 - 0.0422946158649233*i
2197,0.8656117310298957,B0*s**2 + B1*s*sqrt(Abs(i)) ; B2 - i,0.0234882906303724*s**2 + 0.0130081408671101*s*sqrt(Abs(i)) ; 0.0425872111534841 - i
2198,0.8656116130745056,B0*Abs(i)**(3/2) ; B1 + B2*i*r + B2*r**2,0.0312920068624544*Abs(i)**(3/2) ; -0.186410648438362*i*r - 0.186410648438362*r**2 + 0.217653847691968
2199,0.8655703181960768,B0*Abs(i)**(1/4)*Abs(s)**(3/2) ; r,0.0772665872964547*Abs(i)**(1/4)*Abs(s)**(3/2) ; r
2200,0.8655542733247222,B0*sqrt(Abs(s)) + B1*s ; sqrt(Abs(B2 - i - r + sqrt(2)*sqrt(Abs(r)))),0.0186021248170368*s + 0.0267811541445702*sqrt(Abs(s)) ; sqrt(Abs(i + r - sqrt(2)*sqrt(Abs(r)) - 62.3651577334541))
2201,0.8655540749778191,B0*i*sqrt(Abs(s)) ; B1 + B2*Abs(r)**(1/8),0.000348625352115154*i*sqrt(Abs(s)) ; -14.5775359231983*Abs(r)**(1/8) - 0.452584701016629
2202,0.8655383352985389,B0*i + B1*i*sqrt(Abs(i - s)) ; i + r - sqrt(Abs(B2 + B3*r)),0.0631921974132297*i*sqrt(Abs(i - s)) - 0.0144101228363779*i ; i + r - sqrt(Abs(0.453258098374575*r + 0.563309232968629))
2203,0.8654954723006869,B1*sqrt(Abs(B0 - i + s)) ; sqrt(Abs(i - sqrt(Abs(r)))),0.00475730239951692*sqrt(Abs(i - s + 101.397628577851)) ; sqrt(Abs(i - sqrt(Abs(r))))
2204,0.8654826673426012,B1*sqrt(Abs(B0 + i - s)) ; sqrt(Abs(r + sqrt(Abs(B2 + i)))),0.00453461470066379*sqrt(Abs(i - s + 102.514102176303)) ; sqrt(Abs(r + sqrt(Abs(i - 0.0200038442364676))))
2205,0.8654757286389876,B0 + B1*i**2 + B1*i ; B2 + i + r,-4.33445943078978e-6*i**2 - 4.33445943078978e-6*i + 0.0447211734893837 ; i + r - 3.48298072132818
2206,0.8654530092796454,B1*sqrt(Abs(B0 + i)) ; B2 + B3*i + B4*r,0.0537784613157091*sqrt(Abs(i - 0.348434982891944)) ; 0.934382150829028*i + 0.2620874171035*r - 0.53595986369442
2207,0.865437027255132,Abs(i)**(3/2) ; B0*i + B0*sqrt(Abs(r)) + B1*r,Abs(i)**(3/2) ; 0.370201312113586*i - 0.327674674536666*r + 0.370201312113586*sqrt(Abs(r))
2208,0.8653876785886667,B0*s**2 + B1*s*sqrt(Abs(i)) ; 2*r,-0.0234932108372645*s**2 + 0.182762965438813*s*sqrt(Abs(i)) ; 2*r
2209,0.8653786645762412,B0*i + B1*s ; sqrt(Abs(B2*i**2 + B3*i)),-0.000250400822544495*i + 0.0504210664149004*s ; sqrt(Abs(0.496272827929444*i**2 - 0.785801008127099*i))
2210,0.865362603314218,B0 + B1*i + B2*i*sqrt(Abs(s)) ; i*sqrt(Abs(B3*r + i)),0.20870779641505*i*sqrt(Abs(s)) + 0.287666388055703*i - 0.000294080182354372 ; i*sqrt(Abs(i + 0.148190648328912*r))
2211,0.8653367464653521,B0*i*s + B0*i ; B1*r,-1.4221983558437*i*s - 1.4221983558437*i ; 34.1533472224284*r
2212,0.865270903865498,B0*i*s ; B1 + i**2 + i + sqrt(Abs(i)),-0.000675689933440129*i*s ; i**2 + i + sqrt(Abs(i)) - 0.0402937080649603
2213,0.8651979722945479,B0 + B1*i + B1*s**2 ; B2 - i,0.000252154642104871*i + 0.000252154642104871*s**2 + 0.0317646005747236 ; 0.0519965391888274 - i
2214,0.8651772676966102,B0 + B1*sqrt(Abs(i)) ; B2*r + sqrt(Abs(i - r)),0.0571210666215686 - 0.00529809045352107*sqrt(Abs(i)) ; -0.137724734069847*r + sqrt(Abs(i - r))
2215,0.8651740506324299,B0*Abs(i)**(1/4) + B1*s ; sqrt(2)*Abs(i)**(3/2),0.0361229099145774*s + 0.0290916514389401*Abs(i)**(1/4) ; sqrt(2)*Abs(i)**(3/2)
2216,0.8651289579122227,s*sqrt(Abs(i + sqrt(Abs(B0 + i)))) ; B1 + 2*i + r,s*sqrt(Abs(i + sqrt(Abs(i + 33.9063206884215)))) ; 2*i + r - 2.08988736947647
2217,0.8651084945423563,B0*i + B1*i*s ; sqrt(Abs(B2*r - 2*i*r)),0.324007068504108*i*s - 0.0266383287622672*i ; sqrt(Abs(2*i*r - 0.0541392925773077*r))
2218,0.8651084932122556,B0*i + B1*i*s ; sqrt(Abs(B2*r**2 + i*r**2)),0.323979093616547*i*s - 0.0266177018174523*i ; sqrt(Abs(i*r**2 + 0.0917538520105134*r**2))
2219,0.8650941124992854,B1*sqrt(Abs(B0 + i*s)) ; Abs(B2 + r)**(1/4),0.00385633988561505*sqrt(Abs(i*s - 5.18904865859768)) ; Abs(r + 481.74205694798)**(1/4)
2220,0.8650854651188262,sqrt(Abs(B0 + B1*Abs(s)**(1/4))) ; Abs(i)**(5/8)*Abs(r)**(1/4),sqrt(Abs(0.00182799464332295*Abs(s)**(1/4) - 0.00100419372618181)) ; Abs(i)**(5/8)*Abs(r)**(1/4)
2221,0.8650696300205422,B0 + B1*s + B1*sqrt(Abs(B2 + i)) ; B3 + i*r,-0.0050529109342465*s - 0.0050529109342465*sqrt(Abs(i + 1.76458446705721)) + 0.0529565121585517 ; i*r - 6.23140010105072e-6
2222,0.8650462423043158,B0*i**2 + B1*i*s ; -i,-3.78190881619349e-7*i**2 + 0.000959005294998566*i*s ; -i
2223,0.8650113071995551,B0*s + i*s ; i,i*s + 0.009575543994103*s ; i
2224,0.8649636659421054,i*sqrt(Abs(B0 + s)) ; B1*i + B2*i**2,i*sqrt(Abs(s + 0.0859790730060223)) ; 74.1539248572685*i**2 - 2.18070965387421*i
2225,0.864948663012429,B1*sqrt(Abs(B0 + i)) ; Abs(B2 + B3*sqrt(Abs(r)))**(1/4),0.00716647992063494*sqrt(Abs(i + 19.5301291068087)) ; Abs(0.0139044092438691*sqrt(Abs(r)) - 0.0634916175191592)**(1/4)
2226,0.8649467993291077,s*sqrt(Abs(B0 + sqrt(Abs(B1 - s)))) ; i*sqrt(Abs(r)),s*sqrt(sqrt(Abs(s - 10.1391947333956)) + 4.1473255413812) ; i*sqrt(Abs(r))
2227,0.8646756055356672,B0*i + B1*i**2 ; B2*r + i,12.6158545504058*i**2 + 0.792088424841782*i ; i + 0.0136163406393652*r
2228,0.8646474468990728,B0*Abs(i)**(1/4)*sqrt(Abs(s)) ; sqrt(Abs(i)),0.0121087016530608*Abs(i)**(1/4)*sqrt(Abs(s)) ; sqrt(Abs(i))
2229,0.8645941542645107,B0*sqrt(Abs(s + sqrt(Abs(i)))) ; sqrt(Abs(B1 + B2*i)),0.0271992479107654*sqrt(Abs(s + sqrt(Abs(i)))) ; sqrt(Abs(0.081823518748512*i + 0.0435409524810857))
2230,0.8645736687430636,B0 + B1*i + B1*sqrt(Abs(i)) ; B2*Abs(i)**(3/4),-0.015115052438612*i - 0.015115052438612*sqrt(Abs(i)) + 0.050533930027287 ; -0.0125574089990174*Abs(i)**(3/4)
2231,0.864509611753206,B0*i**2 ; B1 + B2*r*Abs(i)**(1/8),0.195447002071294*i**2 ; -0.13677568976875*r*Abs(i)**(1/8) + 0.153412821023809
2232,0.864411837602344,B0*i + B1*i*s ; B2 + sqrt(Abs(B3 + i - r)),-0.00041808635631352*i*s - 0.000101731377255411*i ; sqrt(Abs(-i + r + 87.8251176073081)) + 207.286901952247
2233,0.8643977344692642,B0 + B1*sqrt(Abs(i - s)) ; B2*i*r + r + sqrt(Abs(i)),0.110291849187844*sqrt(Abs(i - s)) - 0.12327838704014 ; 0.98308372348089*i*r + r + sqrt(Abs(i))
2234,0.8643522548138306,B1*sqrt(Abs(B0 + i - s)) ; B2 + B3*i + r,0.00393100102369846*sqrt(Abs(i - s + 107.034335244967)) ; 1.0717117371454*i + r + 7.18508774774272
2235,0.864348387710366,B0*Abs(i)**(9/8) ; i,1.62880716368528*Abs(i)**(9/8) ; i
2236,0.8643450766413138,B0 + B1*s + B1*sqrt(Abs(s)) ; B2*sqrt(Abs(r - sqrt(Abs(i))*sqrt(Abs(r)))),3.0659673865134*s + 3.0659673865134*sqrt(Abs(s)) - 1.90990718655567 ; 0.000131827705057991*sqrt(Abs(r - sqrt(Abs(i))*sqrt(Abs(r))))
2237,0.864341793159958,B0*i + i**2 ; i,i**2 + 0.966998010224892*i ; i
2238,0.8643372113293828,B0 + B1*i + B1*sqrt(Abs(i)) ; B2*i,-0.0164815224591171*i - 0.0164815224591171*sqrt(Abs(i)) + 0.0515168921498187 ; -0.0101634670856742*i
2239,0.8643212192811439,B0*s**2 + B0*s ; B1*r + i + sqrt(Abs(r)),0.0238704497628509*s**2 + 0.0238704497628509*s ; i + 19.4391029166727*r + sqrt(Abs(r))
2240,0.8643212192414715,B0*s**2 + B0*s ; B1 + i,0.023872165322818*s**2 + 0.023872165322818*s ; i + 0.0133166678051992
2241,0.8643212190034609,B0*s**2 + B0*s ; B1 + sqrt(Abs(r)),0.0238734826753437*s**2 + 0.0238734826753437*s ; sqrt(Abs(r)) + 0.687536211796118
2242,0.864321210817039,B0*s**2 + B0*s ; i,0.0238838668013337*s**2 + 0.0238838668013337*s ; i
2243,0.8643040428234153,B0 + B1*i**2*s ; B2 + 2*i,0.291745636021775*i**2*s + 0.00855530128510076 ; 2*i - 0.730561245327032
2244,0.8643026250017787,B0*Abs(i)**(1/4) + B1*s ; r,0.0440097009861671*s + 0.0126473564326483*Abs(i)**(1/4) ; r
2245,0.8642936065771775,B0*i + B1*s ; 2*i - r + sqrt(Abs(i)),0.168694508222824*i + 0.0236620418221685*s ; 2*i - r + sqrt(Abs(i))
2246,0.864197765518501,B0*s + B0*sqrt(Abs(i)) + B1*i ; i,0.856885341480472*i + 0.00874381587709724*s + 0.00874381587709724*sqrt(Abs(i)) ; i
2247,0.8641535419394042,B0*i - i*sqrt(Abs(i - s)) ; B1 + i*r,-i*sqrt(Abs(i - s)) + 0.0198111343374346*i ; i*r + 0.0618134769024092
2248,0.8641503440751883,Abs(i)**(3/2) ; B0 + B1*i + B1*sqrt(Abs(B2 + r)),Abs(i)**(3/2) ; -0.141189408150092*i - 0.141189408150092*sqrt(Abs(r + 2.2019273080782)) + 0.25830174426576
2249,0.864148438097139,B0*s*sqrt(Abs(i)) ; B1*i*sqrt(Abs(r)) - i - Abs(r)**(3/2),0.0154555631053538*s*sqrt(Abs(i)) ; 1.11094034884991*i*sqrt(Abs(r)) - i - Abs(r)**(3/2)
2250,0.8641461630717774,B0*s + i ; B1 + i - sqrt(Abs(i)),i + 0.0698896997965797*s ; i - sqrt(Abs(i)) + 0.226615806571276
2251,0.864142910005523,s*sqrt(Abs(B0 + B1*i + B2*s)) ; B3 + B4*i + r,s*sqrt(Abs(4.38893907244584e-5*i - 0.0400654742101887*s + 0.0399155526874111)) ; 0.0479971878831859*i + r + 20.0734938333823
2252,0.864125823349031,B2*sqrt(Abs(B0 + B1*i)) ; B3 + B4*i + r,0.00805725476470991*sqrt(Abs(0.0777182969188808*i + 9.95270700459768)) ; 0.00879304518790277*i + r - 0.000401323816178587
2253,0.8641243706783416,B0*i + B0*s + B1*i*s ; sqrt(Abs(B2 + i + sqrt(Abs(r)))),-0.010201622861321*i*s + 0.00110347867011574*i + 0.00110347867011574*s ; sqrt(Abs(i + sqrt(Abs(r)) + 1.32545112781048))
2254,0.8640964654160835,B0*Abs(s)**(1/4) + B1*s ; B2 + i,0.0341625282384515*s + 0.0133572963247651*Abs(s)**(1/4) ; i + 0.0643061525519329
2255,0.8640921945204835,B0*i + B1*i*sqrt(Abs(s)) ; B2 + r + sqrt(Abs(B3 + r)),-0.000521702836887134*i*sqrt(Abs(s)) + 4.44806832716653e-6*i ; r + sqrt(Abs(r + 55.9571520116135)) + 61.2287024755688
2256,0.864024886612672,B0*sqrt(Abs(i)) ; i*Abs(r - sqrt(Abs(i)))**(1/4),0.112044644014048*sqrt(Abs(i)) ; i*Abs(r - sqrt(Abs(i)))**(1/4)
2257,0.8639909344391415,B0 + B1*Abs(s)**(1/4) ; -i + sqrt(Abs(B2 + i + 2*r)),0.0555095511598298*Abs(s)**(1/4) - 0.00976734294643083 ; -i + sqrt(Abs(i + 2*r + 8.03592146768241))
2258,0.8639651265142552,B0*i*s + B0*i ; B1 + r,0.000324874258037512*i*s + 0.000324874258037512*i ; r - 0.304407442811712
2259,0.8639642817184369,sqrt(Abs(B0*sqrt(Abs(s)) + B1*i)) ; r,sqrt(Abs(0.000522841963080513*i - 0.00164049587497366*sqrt(Abs(s)))) ; r
2260,0.8639212109115508,B0 + B1*i ; B2*r + B3*r**2,-2.75136266570054*i - 61.7188428641437 ; 0.00503582184316527*r**2 + 0.227679295285988*r
2261,0.863709170668071,B1*sqrt(Abs(B0*i - s)) ; i**2 - 2*i + r,0.0353835169292048*sqrt(Abs(0.0806544988702445*i + s)) ; i**2 - 2*i + r
2262,0.8636720474572167,s*sqrt(Abs(B0*i + B1*s + B2)) ; B3 - r,s*sqrt(Abs(0.0631634921459883*i + 0.101867948197918*s - 0.102910636689727)) ; -r - 0.0736626501558544
2263,0.8635683167880471,B0*Abs(s)**(3/2) ; i + sqrt(Abs(B1 + i*r)),0.0462014386334566*Abs(s)**(3/2) ; i + sqrt(Abs(i*r + 19.6447849407405))
2264,0.8635683167514808,B0*Abs(s)**(3/2) ; B1*sqrt(Abs(i)) + i**2,0.0461966061239135*Abs(s)**(3/2) ; i**2 + 15.3349579410777*sqrt(Abs(i))
2265,0.8635683157258605,B0*Abs(s)**(3/2) ; B2*i*sqrt(Abs(B1 - r)),0.0462083581107566*Abs(s)**(3/2) ; 0.00510062199130767*i*sqrt(Abs(r - 0.0186171604021574))
2266,0.8634924040675127,B1*i*s*sqrt(Abs(B0 + i - s)) ; B2 - r + Abs(i)**(1/4)*Abs(r)**(1/4),0.178722520058401*i*s*sqrt(Abs(i - s + 1.33642102072821)) ; -r + Abs(i)**(1/4)*Abs(r)**(1/4) - 0.447813366834976
2267,0.8634587336113069,B1*sqrt(Abs(B0 - i + sqrt(Abs(s)))) ; B2 + i - Abs(r)**(1/4),0.0367530080152473*sqrt(Abs(i - sqrt(Abs(s)) + 0.905650847429916)) ; i - Abs(r)**(1/4) + 1.76103815998394
2268,0.8633670338356774,B0*sqrt(Abs(i)) + B1*i + B2*s ; B3*r + B3*sqrt(Abs(r)),-0.341167896976994*i - 0.0424435316691991*s + 0.349534428033876*sqrt(Abs(i)) ; 0.0022501208631318*r + 0.0022501208631318*sqrt(Abs(r))
2269,0.8633167257087588,B1*sqrt(Abs(B0 + i + s)) ; B2 + r,0.00296126471640371*sqrt(Abs(i + s + 83.6369941977269)) ; r + 6.55323727047464e-7
2270,0.863264406393656,B0 + B1*i + B1*sqrt(Abs(s)) ; r,-0.0569842579529493*i - 0.0569842579529493*sqrt(Abs(s)) + 0.107851372264134 ; r
2271,0.863262903410352,B0 + B1*sqrt(Abs(i)) ; i,0.197817275058683*sqrt(Abs(i)) - 0.00996606846282405 ; i
2272,0.8632616832077178,B0*i ; B1*i - i*sqrt(Abs(B2 + i)),2.5947140801755*i ; -i*sqrt(Abs(i - 0.00620314697626047)) + 2.72399396060655*i
2273,0.863217297497276,B1*sqrt(Abs(B0*sqrt(Abs(s)) - i)) ; Abs(i - r)**(1/4),0.00214031296389855*sqrt(Abs(i + 278.428322782841*sqrt(Abs(s)))) ; Abs(i - r)**(1/4)
2274,0.8631843519705322,B0 + B1*i + B1*sqrt(Abs(s)) ; B2*r,-0.0651400685374269*i - 0.0651400685374269*sqrt(Abs(s)) + 0.117465123074502 ; 14.5730385048915*r
2275,0.8631603781888199,B1*sqrt(Abs(s + sqrt(Abs(B0 + i)))) ; 2*i,0.0363814153145772*sqrt(Abs(s + sqrt(Abs(i - 0.0615430794597126)))) ; 2*i
2276,0.8631404925896046,B0 + B2*sqrt(Abs(B1 + i)) ; Abs(B3 + sqrt(Abs(i**2 - r)))**(1/4),0.155535692928209 - 0.0109336594065381*sqrt(Abs(i - 104.816431447634)) ; Abs(sqrt(Abs(i**2 - r)) - 1.48015819532982)**(1/4)
2277,0.8631275814565986,B0*s**2 - i*s ; 2*i,-i*s + 0.02033378037846*s**2 ; 2*i
2278,0.8630897341001208,B0*Abs(s)**(5/2) ; B1 - r,0.0447940865861245*Abs(s)**(5/2) ; 0.0749162178780016 - r
2279,0.8630897340689796,B0*Abs(s)**(5/2) ; B1 - i,0.0447980755186222*Abs(s)**(5/2) ; 75.5119455200713 - i
2280,0.8630897336065053,B0*Abs(s)**(5/2) ; B1 + B2*i,0.0448029714992534*Abs(s)**(5/2) ; 0.00186444271417618*i + 0.000573753914772811
2281,0.8630897258861625,B0*Abs(s)**(5/2) ; r,0.0447666234125379*Abs(s)**(5/2) ; r
2282,0.8630896729468708,B0*Abs(s)**(5/2) ; sqrt(Abs(i)),0.0447165258638218*Abs(s)**(5/2) ; sqrt(Abs(i))
2283,0.8630896538349967,B0*Abs(s)**(5/2) ; 2*r,0.0447050079707146*Abs(s)**(5/2) ; 2*r
2284,0.8630861923373601,B1*sqrt(Abs(B0 + s)) ; Abs(i*r - 2*i)**(1/4),0.03489021515512*sqrt(Abs(s + 0.193943378704627)) ; Abs(i*r - 2*i)**(1/4)
2285,0.8630801999267246,B0 + B1*s ; B2 + i*r + r**2,0.0406461895582336*s + 0.00982232241763983 ; i*r + r**2 + 0.453467487835467
2286,0.8630801998976128,B0 + B1*s ; B2*Abs(i + 2*r)**(1/4),0.0406492009421899*s + 0.00982251737762709 ; 0.00310563269834759*Abs(i + 2*r)**(1/4)
2287,0.8630801998461223,B0 + B1*s ; B2 + i - sqrt(Abs(r - sqrt(Abs(r)))),0.04064430593837*s + 0.0098233240572218 ; i - sqrt(Abs(r - sqrt(Abs(r)))) + 9.03562965848268
2288,0.8630801996761669,B0 + B1*s ; B2*i - i*r + r,0.0406511686826777*s + 0.00982081320478809 ; -i*r + 7.22706508523443*i + r
2289,0.8630801996651962,B0 + B1*s ; sqrt(Abs(B2 - i - r + sqrt(Abs(i)))),0.0406482756184177*s + 0.00981956178479504 ; sqrt(Abs(i + r - sqrt(Abs(i)) - 0.0495349931944457))
2290,0.8630801996443863,B0 + B1*s ; B2 + B3*r + i*r,0.0406475846883*s + 0.00981958828411571 ; i*r + 26.4161448993124*r + 0.0105434901053355
2291,0.8630801995457976,B0 + B1*s ; -i + sqrt(Abs(B2 + i*sqrt(Abs(r)))),0.0406457482941694*s + 0.00982763445302953 ; -i + sqrt(Abs(i*sqrt(Abs(r)) + 0.0883417225979296))
2292,0.8630801995177811,B0 + B1*s ; Abs(r)**(3/2)*Abs(B2 + i)**(1/4),0.0406415197438321*s + 0.00982488447089365 ; Abs(r)**(3/2)*Abs(i + 8.31566109707143)**(1/4)
2293,0.8630801992479705,B0 + B1*i ; B2*r + B3*i*r,0.0504689773857264 - 0.0406513025212909*i ; 0.00537489931687422*i*r + 0.219616807178951*r
2294,0.8630801988002187,B0 + B1*s ; B2*r + i*r + i,0.0406554973349515*s + 0.00982122569552735 ; i*r + i + 48.198221917631*r
2295,0.8630801986870248,B0 + B1*s ; B2 + B3*i + B4*r,0.0406506726887143*s + 0.00981561615459908 ; 0.0756049089820715*i + 1.32884192039125*r + 0.0884530063218726
2296,0.8630801985755606,B0 + B1*s ; B2 - r**2 - sqrt(2)*Abs(r)**(3/2),0.0406564172630937*s + 0.00981995312922989 ; -r**2 - sqrt(2)*Abs(r)**(3/2) + 0.00651846457773452
2297,0.8630801981097007,B0 + B1*i ; B2*r - r**3,0.0504695624441582 - 0.0406549259748674*i ; -r**3 + 0.00250907974576955*r
2298,0.863080196434833,B0 + B1*s ; B2*r + B3*i*r,0.0406620168726504*s + 0.00981750362417255 ; 82.1110302774087*i*r + 0.00584070644310384*r
2299,0.8630801964009983,B0 + B1*i ; B3*r*sqrt(Abs(B2 + sqrt(Abs(r)))),0.0504783696329828 - 0.0406424213816039*i ; 0.0353423089175636*r*sqrt(sqrt(Abs(r)) + 0.00164254025319728)
2300,0.8630801963306876,B0 + B1*s ; B2 + B3*i + i**2,0.0406619517670797*s + 0.00981989961812979 ; i**2 + 0.623351702455981*i + 0.00722735912071252
2301,0.8630801948786954,B0 + B1*i + B2*s ; r + Abs(r)**(3/4),-25.0921205337672*i - 22.368570800096*s + 25.7502820390461 ; r + Abs(r)**(3/4)
2302,0.863080194397879,B0 + B1*s ; B2 - i*r + Abs(i)**(3/2),0.0406280078033406*s + 0.00982983481796772 ; -i*r + Abs(i)**(3/2) + 1.27844934303752
2303,0.8630801940076289,B0 + B1*i + B2*s ; Abs(r)**(3/2),55.1029389097819*i + 57.8264964087271*s - 54.4458231671279 ; Abs(r)**(3/2)
2304,0.8630801932606591,B0 + B1*i + B2*s ; B3*i*r,91.2467935794544*i + 91.2874197336491*s - 91.2369625835269 ; 54.2047115837815*i*r
2305,0.8630801890714214,B0 + B1*s ; B2 + B3*Abs(r)**(1/8),0.0406698089910613*s + 0.00980463630751414 ; 0.437203192961068*Abs(r)**(1/8) + 0.000514851661339862
2306,0.8630801860352024,B0 + B1*s ; sqrt(Abs(B2 - i + sqrt(Abs(i - r)))),0.0406682062109619*s + 0.00979938408335138 ; sqrt(Abs(-i + sqrt(Abs(i - r)) + 0.000805176319709216))
2307,0.8630801596717043,B0 + B1*i + B2*s ; B3*i*r + r**2,-147.791291357436*i - 145.067740773272*s + 148.451448439744 ; 84.1713288446951*i*r + r**2
2308,0.8630801500287795,B0 + B1*i + B2*s ; B3*Abs(r)**(5/4),-27.5475317600846*i - 24.8240095997851*s + 28.2037886499769 ; 44.1122812264516*Abs(r)**(5/4)
2309,0.86308014018595,B0 + B1*i + B2*s ; B4*r*sqrt(Abs(B3 + r)),7.76329848102557*i + 10.4868987185316*s - 7.10267712592017 ; 1.52516893843666*r*sqrt(Abs(r + 0.00363141125932521))
2310,0.8630801352367959,B0 + B1*i + B2*s ; sqrt(Abs(i))*sqrt(Abs(r)),6.97453446469111*i + 9.69813637329767*s - 6.31379490193671 ; sqrt(Abs(i))*sqrt(Abs(r))
2311,0.8630801251798392,B0 + B1*i + B2*s ; 2*r,1.16902539134058*i + 3.89263052397484*s - 0.508004492664179 ; 2*r
2312,0.8630801108246722,B0 + B1*i + B2*s ; B3*Abs(r)**(1/4) + r,-0.108695097178174*i - 0.0681238129196148*s + 0.118546810424655 ; r + 0.0539391787385372*Abs(r)**(1/4)
2313,0.8630800578662109,B0 + B1*i + B2*s ; B3*Abs(i)**(3/2)*sqrt(Abs(r)),0.984656276873395*i + 3.70827872938386*s - 0.322574294602606 ; 0.0022206240481517*Abs(i)**(3/2)*sqrt(Abs(r))
2314,0.8630800538511508,B0 + B1*i + B2*s ; r**2,-0.0300268075527933*i + 0.0107170970318527*s + 0.0398137924813849 ; r**2
2315,0.8630800535875935,B0 + B1*i + B2*s ; Abs(r)**(1/4),-0.0513328941609344*i - 0.0105889020822234*s + 0.0611198424058147 ; Abs(r)**(1/4)
2316,0.8630800516427799,B0 + B1*i + B2*s ; -Abs(r)**(1/8),-0.025406930993825*i + 0.015142442598823*s + 0.0352668582358506 ; -Abs(r)**(1/8)
2317,0.8630800433088884,B0 + B1*i + B2*s ; r + Abs(i)**(1/4)*sqrt(Abs(r)),0.0405302901721473*i + 0.0812776348496456*s - 0.0307445888948429 ; r + Abs(i)**(1/4)*sqrt(Abs(r))
2318,0.8630800353882702,B0 + B1*i + B2*s ; r,-0.908241434883464*i + 1.81524983287129*s + 1.56211595457646 ; r
2319,0.8630799988053088,B0 + B1*s + 2*i ; r - sqrt(Abs(r)),2*i + 2.04076072910701*s - 1.99021930545462 ; r - sqrt(Abs(r))
2320,0.8630772556134952,B0*Abs(i)**(1/4)*sqrt(Abs(s)) ; r**2 + Abs(r)**(3/2),0.039360989383946*Abs(i)**(1/4)*sqrt(Abs(s)) ; r**2 + Abs(r)**(3/2)
2321,0.8630056885457511,B1*sqrt(Abs(B0 - i + s)) ; 2**(1/16)*Abs(r)**(1/16),0.0248280173290074*sqrt(Abs(-i + s + 1.2652940809156)) ; 2**(1/16)*Abs(r)**(1/16)
2322,0.8629807877032355,B0*Abs(i)**(1/4)*sqrt(Abs(s)) ; sqrt(Abs(r)),0.0392106532227092*Abs(i)**(1/4)*sqrt(Abs(s)) ; sqrt(Abs(r))
2323,0.8629418217838896,B0*s + B1*s*sqrt(Abs(i - s)) ; B2*Abs(i)**(3/2)*sqrt(Abs(r)),-0.184554347291237*s*sqrt(Abs(i - s)) + 0.192425172128756*s ; 0.00230350690242644*Abs(i)**(3/2)*sqrt(Abs(r))
2324,0.8628864106940408,B0*i ; B1*i - i**2*r,2.52551043629273*i ; -i**2*r + 2.57187518394505*i
2325,0.8627879893379554,i**2*s + i*s**2 ; B0*r + i,i**2*s + i*s**2 ; i - 0.250458501556778*r
2326,0.8627860660737335,B0 + B1*sqrt(Abs(i)) ; B2 + B3*i + i**3,0.0513144425366549 - 0.0577782692247603*sqrt(Abs(i)) ; i**3 - 0.60055170037192*i + 0.0551359867792114
2327,0.8627775301374317,B0*s + B1*sqrt(Abs(i - s)) ; B2*sqrt(Abs(r)),0.155535085314325*s - 0.128218956619296*sqrt(Abs(i - s)) ; 0.041594917349759*sqrt(Abs(r))
2328,0.8627775274560512,B0*s + B1*sqrt(Abs(i - s)) ; r,0.155531334739014*s - 0.12821653904691*sqrt(Abs(i - s)) ; r
2329,0.8627684264831386,B0*i + B0*s + B0*sqrt(Abs(s)) ; B1*i + B2*r,0.0228561009604876*i + 0.0228561009604876*s + 0.0228561009604876*sqrt(Abs(s)) ; 0.0635900514989566*i + 0.0161543480397765*r
2330,0.8627520769939946,s*sqrt(Abs(B0*i*s + B1*s)) ; sqrt(Abs(B2 + r)),s*sqrt(Abs(0.000547302415304931*i*s + 0.00029815687432375*s)) ; sqrt(Abs(r - 0.705897352108149))
2331,0.8627319816421654,B0*Abs(i)**(1/4)*Abs(s)**(1/4) ; B1 + B2*i + B3*r,0.0732377031428556*Abs(i)**(1/4)*Abs(s)**(1/4) ; 0.329095564548521*i - 0.0429993321565613*r + 0.0458659140366225
2332,0.8627243679090758,B0*Abs(i)**(3/2) + Abs(i)**(5/2) ; -r + sqrt(Abs(B1 + r)),Abs(i)**(5/2) + 0.108271000729651*Abs(i)**(3/2) ; -r + sqrt(Abs(r - 0.174162804585294))
2333,0.86267565607732,B0 + B1*i*s + B1*s ; B2*sqrt(Abs(r))*Abs(i + r)**(1/4),0.0333424353059583*i*s + 0.0333424353059583*s + 0.0118265840389195 ; 0.00826062684653306*sqrt(Abs(r))*Abs(i + r)**(1/4)
2334,0.8626535689486083,B0*s + B1*sqrt(Abs(i))*sqrt(Abs(s)) ; B2 + 2*r,0.0316458875819152*s + 0.00309192393882743*sqrt(Abs(i))*sqrt(Abs(s)) ; 2*r + 1.43913443696277e-5
2335,0.8625001870364583,s*sqrt(Abs(B0 + B1*i + B2*s)) ; sqrt(Abs(B3 + sqrt(2)*sqrt(Abs(r)))),s*sqrt(Abs(0.000231493538500785*i + 0.00910837276852782*s - 0.00845163238094279)) ; sqrt(Abs(sqrt(2)*sqrt(Abs(r)) - 0.0087850713016405))
2336,0.8624858587529507,B0*i + B1*i*Abs(s)**(3/2) ; B2 + r,-0.00100080823824102*i*Abs(s)**(3/2) - 4.05620734178747e-6*i ; r + 0.0208441802929453
2337,0.8624740406336983,B0 + B3*sqrt(Abs(B1 + B2*i)) ; B4 + r,2.11364031775145*sqrt(Abs(0.00011719686852608*i - 0.286302191153139)) - 1.10055335254374 ; r - 3.17639191818418e-8
2338,0.8624607644497189,B0*i*Abs(s)**(1/4) ; B1 + r,0.00021647162200823*i*Abs(s)**(1/4) ; r - 10.3322260422827
2339,0.862435726330667,B0 + B1*i ; i**2,0.022081405377738 - 0.0837386466414983*i ; i**2
2340,0.8624230338195643,B0*i + B1*i*sqrt(Abs(s)) ; sqrt(Abs(i*r - 2*r**2)),0.478060175726228*i*sqrt(Abs(s)) - 0.204427797928628*i ; sqrt(Abs(i*r - 2*r**2))
2341,0.862421766444883,B1*sqrt(Abs(B0 - i)) ; B2*r + i*r**2,0.0372424558122735*sqrt(Abs(i - 1.28169114625046)) ; i*r**2 + 0.000363170038502915*r
2342,0.8623558530488221,B0*s**2 + B1*s*sqrt(Abs(i)) ; B2 + i,-0.0666175069815004*s**2 + 0.556682167325903*s*sqrt(Abs(i)) ; i - 0.006147395413751
2343,0.8622961392770594,B0*i + i*s ; B1*r**3,i*s - 0.631865773670255*i ; 0.00109610175221972*r**3
2344,0.862296139121345,B0*i + i*s ; B1*sqrt(Abs(r)),i*s - 0.63184208720829*i ; 0.63007218611704*sqrt(Abs(r))
2345,0.8622961359274314,B0*i + i*s ; B1*r*sqrt(Abs(i)),i*s - 0.631927189915393*i ; 0.0376651293692075*r*sqrt(Abs(i))
2346,0.8622959532288239,B0*i + i*s ; Abs(i)**(1/4)*sqrt(Abs(r)),i*s - 0.632367545588999*i ; Abs(i)**(1/4)*sqrt(Abs(r))
2347,0.8622959430313799,B0*i + i*s ; sqrt(Abs(i))*sqrt(Abs(r)),i*s - 0.631335682892902*i ; sqrt(Abs(i))*sqrt(Abs(r))
2348,0.862295866944851,B0*i + i*s ; 2*r,i*s - 0.631242628035234*i ; 2*r
2349,0.8622958632284167,B0*i + i*s ; r,i*s - 0.631238440370331*i ; r
2350,0.8622945502936193,B0*s + i ; B1*i + i*r + Abs(i)**(3/2),i - 0.01247445184986*s ; i*r + 0.227702007478692*i + Abs(i)**(3/2)
2351,0.8622683523236673,s*Abs(B0 + i)**(1/8) ; -r + Abs(B1 + B2*r)**(1/4),s*Abs(i + 3002.73390514476)**(1/8) ; -r + Abs(7503.63195870028*r - 2.43897122514286e-6)**(1/4)
2352,0.8622615186571876,B0*sqrt(Abs(i))*Abs(s)**(3/2) ; B1*i + B1*r**2 + B2*r,0.120954404195618*sqrt(Abs(i))*Abs(s)**(3/2) ; -0.0131222030787052*i - 0.0131222030787052*r**2 + 0.449717913800683*r
2353,0.8621842193737375,B0*i + B1*i*sqrt(Abs(s)) ; B2 - i*r + i + r,-0.000503578082235086*i*sqrt(Abs(s)) + 4.38284035397459e-6*i ; -i*r + i + r + 306.78834689069
2354,0.8621780004748579,i ; B0*r*sqrt(Abs(i)) + i,i ; i + 0.00794541490800988*r*sqrt(Abs(i))
2355,0.8621514667620176,Abs(i)**(3/2) ; B0 - r,Abs(i)**(3/2) ; 0.205160870202823 - r
2356,0.8620854070397935,B0*Abs(i)**(3/2) ; B1*i - i**2 + i*r,5.427732817507*Abs(i)**(3/2) ; -i**2 + i*r + 0.747628652476522*i
2357,0.8620736204253746,B0 + B1*sqrt(Abs(i)) + s ; B2 + r,s + 0.0404414557866655*sqrt(Abs(i)) - 0.966420907109807 ; r - 0.000514042636587839
2358,0.8620516685410669,B1*sqrt(Abs(B0 + 3*i)) ; B2 + B3*i*r,0.0547922007834075*sqrt(Abs(3*i + 0.644119532132697)) ; 0.596145521932355*i*r + 0.196773994476281
2359,0.8620445758796299,B0 + s**3 ; B1 - r,s**3 - 0.953418257486884 ; 21.6624208224061 - r
2360,0.8620014170004499,B0 + i**2 ; B1 - i**2,i**2 + 0.0130922879128409 ; 0.0139147564663797 - i**2
2361,0.8619650604402562,i*sqrt(Abs(B0*i - i*s)) ; B1 + B2*i + r,i*sqrt(Abs(i*s - 0.912625910047694*i)) ; 3.39004036076093*i + r - 0.74619710980794
2362,0.8619179874887937,B0*sqrt(Abs(s)) + i*sqrt(Abs(s)) ; i,i*sqrt(Abs(s)) + 0.00692702788347878*sqrt(Abs(s)) ; i
2363,0.8618980740946242,B0*sqrt(Abs(i))*sqrt(Abs(s)) ; i + r + sqrt(Abs(i)),0.0039051059474274*sqrt(Abs(i))*sqrt(Abs(s)) ; i + r + sqrt(Abs(i))
2364,0.861879066771973,B0 + B1*i ; -i + sqrt(Abs(r)),8.77401573486881e-5*i + 0.0214228347544402 ; -i + sqrt(Abs(r))
2365,0.8618630656775268,B0 + i**2 ; B1 + B2*i,i**2 + 0.0120502848457585 ; 0.00213144252374154*i + 0.0125116542893108
2366,0.8618445455359656,B1*sqrt(Abs(B0 - i)) ; B2 - sqrt(Abs(r + sqrt(Abs(i)))),0.0478259203107921*sqrt(Abs(i + 0.0153981752184581)) ; 0.872219437512244 - sqrt(Abs(r + sqrt(Abs(i))))
2367,0.8618285226891802,B0*Abs(i)**(3/2) + B1*i**2 ; 2*r,-1.58748800314201*i**2 + 1.30064041140707*Abs(i)**(3/2) ; 2*r
2368,0.8618285196814819,B0*Abs(i)**(3/2) + B1*i**2 ; r,-1.58896942748434*i**2 + 1.30171976528574*Abs(i)**(3/2) ; r
2369,0.8618285158629678,B0*Abs(i)**(3/2) + B1*i**2 ; i*r + r*Abs(i)**(1/4),-1.58899958611716*i**2 + 1.30174171085723*Abs(i)**(3/2) ; i*r + r*Abs(i)**(1/4)
2370,0.8618277231031227,B1*sqrt(Abs(B0 - i + sqrt(Abs(i)))) ; i*r - r**2,0.0522587681123729*sqrt(Abs(-i + sqrt(Abs(i)) + 0.12842146040013)) ; i*r - r**2
2371,0.8618245970492797,B0*Abs(i - s)**(1/4) ; B1 + 2*i,0.0226314936941774*Abs(i - s)**(1/4) ; 2*i + 0.252225600488609
2372,0.8617849884767034,B0*sqrt(Abs(s)) + i*sqrt(Abs(s)) ; i**2 + i,i*sqrt(Abs(s)) + 0.00819607973414975*sqrt(Abs(s)) ; i**2 + i
2373,0.861779207385369,B0*i**2 + B1*s ; sqrt(Abs(B2 + i)),-4.56527332987131e-7*i**2 + 0.0460724991363147*s ; sqrt(Abs(i + 2.48843095446115))
2374,0.8617697471840816,B1*sqrt(Abs(B0 - i + sqrt(Abs(i)))) ; 2*r,0.0518921580953989*sqrt(Abs(-i + sqrt(Abs(i)) + 0.118289466905551)) ; 2*r
2375,0.8617656072060647,B0 + sqrt(Abs(B1 + s + Abs(i)**(1/4))) ; sqrt(Abs(B2*r + i*Abs(r)**(3/2))),sqrt(Abs(s + Abs(i)**(1/4) + 43.1668702494662)) - 6.63832776019878 ; sqrt(Abs(i*Abs(r)**(3/2) + 1.64070479241658*r))
2376,0.861763347265664,B0*sqrt(Abs(s)) ; B1*r**2 + i*r,0.0335176372863288*sqrt(Abs(s)) ; i*r + 0.382284855495575*r**2
2377,0.8617529663349476,B0*sqrt(Abs(s)) ; B1*i + sqrt(Abs(i))*sqrt(Abs(r)),0.0341022591137376*sqrt(Abs(s)) ; 0.000377169289684089*i + sqrt(Abs(i))*sqrt(Abs(r))
2378,0.8617367350559464,B0*sqrt(Abs(s)) ; B1 + i*r - i + r,0.0335176315790703*sqrt(Abs(s)) ; i*r - i + r + 2.14242060768859
2379,0.8617366234545154,B0*sqrt(Abs(s)) ; B2*Abs(B1 + r)**(1/4) - r,0.0341022547997563*sqrt(Abs(s)) ; -r + 0.0550360721676268*Abs(r + 0.00294127416956046)**(1/4)
2380,0.8617310385178759,B0*i*s**2 ; -i + r - Abs(r)**(1/8),0.000629960265422623*i*s**2 ; -i + r - Abs(r)**(1/8)
2381,0.861726721585588,B0*sqrt(Abs(s)) ; B1 + 2*i + r**2,0.0339697210327813*sqrt(Abs(s)) ; 2*i + r**2 + 0.000138192832821029
2382,0.8617221551238877,B0*sqrt(Abs(s)) ; B1 - i + sqrt(Abs(i))*sqrt(Abs(r)),0.0339696815475472*sqrt(Abs(s)) ; -i + sqrt(Abs(i))*sqrt(Abs(r)) + 27.3510668040007
2383,0.8617129577158044,B0*sqrt(Abs(s)) ; B1 + sqrt(Abs(B2 + i*sqrt(Abs(r)))),0.0339692529433098*sqrt(Abs(s)) ; sqrt(Abs(i*sqrt(Abs(r)) + 2.21068668831444)) + 66.5945623596814
2384,0.8617117615718584,B0*sqrt(Abs(s)) ; sqrt(Abs(B1 + sqrt(Abs(B2 + i + r)))),0.0339045959068105*sqrt(Abs(s)) ; sqrt(sqrt(Abs(i + r + 0.00619166520594401)) + 0.000947194165162048)
2385,0.8617110999594217,B0*sqrt(Abs(s)) ; B1 - i*r - r**2,0.0339045899947225*sqrt(Abs(s)) ; -i*r - r**2 + 0.000105069172829309
2386,0.8617093124765847,B0*sqrt(Abs(s)) ; B1 + B2*i - i**2,0.0339046541727967*sqrt(Abs(s)) ; -i**2 + 56.4250198634788*i + 1.62894003633935
2387,0.8617068750172967,B0*sqrt(Abs(s)) ; r + sqrt(Abs(B1 + i*sqrt(Abs(r)))),0.0333895932518785*sqrt(Abs(s)) ; r + sqrt(Abs(i*sqrt(Abs(r)) + 0.000740325679440402))
2388,0.8617004250810332,B0 + B1*i ; -i + r,0.0199851197215839 - 7.23548564000613e-5*i ; -i + r
2389,0.8616763818669831,B1*Abs(B0 + s)**(1/4) ; B2 - i + Abs(i)**(3/2),0.0222860262443641*Abs(s + 0.0978001709423334)**(1/4) ; -i + Abs(i)**(3/2) + 0.000527034826444954
2390,0.8616617426738084,B1*Abs(B0 + s)**(1/4) ; sqrt(Abs(B2 + i)),0.0221655976157058*Abs(s + 0.113168034322611)**(1/4) ; sqrt(Abs(i + 0.00610773106883232))
2391,0.8616502555162092,B0*i + B1*s ; B2 + B3*r - i - Abs(r)**(3/2),1.7340512062814*i + 2.00169368801031*s ; -i - 1.57682405724307*r - Abs(r)**(3/2) + 3.31559536280199
2392,0.8616466477559989,B0 + B2*s*Abs(B1 + s)**(1/4) ; r*sqrt(Abs(B3 - sqrt(Abs(B4 + r)))),0.0852823637215674*s*Abs(s - 0.929807291625186)**(1/4) + 0.00417472519368066 ; r*sqrt(Abs(sqrt(Abs(r + 0.000240148745883376)) - 45.733853929862))
2393,0.8616427867958464,B1*Abs(B0 + s)**(1/4) ; i,0.0222313591383804*Abs(s + 0.107146415540171)**(1/4) ; i
2394,0.8616057483015289,B0 + B1*i + B2*sqrt(Abs(s)) ; sqrt(Abs(B3 + sqrt(Abs(i + r)))),0.000343067668672292*i + 0.0181236357089512*sqrt(Abs(s)) + 0.0297400972003468 ; sqrt(sqrt(Abs(i + r)) + 3.28136170436574)
2395,0.8616008107198767,B0*sqrt(Abs(i)) ; B1 + B2*r,0.00139418119695261*sqrt(Abs(i)) ; 49.4262813843007 - 6.24821305969341*r
2396,0.8615041021536662,B1*Abs(B0 + i)**(1/4) ; B2*i*r,0.0225923496815616*Abs(i - 1.06085033344788)**(1/4) ; 2.43087106443315*i*r
2397,0.8614998937030706,B0*i + B1*i**2*s ; i,17.8975677725742*i**2*s + 0.67421425916297*i ; i
2398,0.8614874251069329,B0*i**2 + B1*s ; r,0.00299761850667358*i**2 + 0.0487749281412689*s ; r
2399,0.8614780618308482,B0*s*Abs(i)**(1/4) ; i + sqrt(Abs(B1 + 2*i + r)),0.0813632594380886*s*Abs(i)**(1/4) ; i + sqrt(Abs(2*i + r + 0.0570747853826606))
2400,0.8614661262864655,B0*i ; B1 + i**2,-0.000133373954157624*i ; i**2 + 0.888545782007937
2401,0.8614649299454873,B0*i ; B1*Abs(i)**(3/2),-0.000133375181898498*i ; 26.5204920235269*Abs(i)**(3/2)
2402,0.8614572022942799,B0*s + B0*sqrt(Abs(i))*sqrt(Abs(s)) ; r,0.0315530246255022*s + 0.0315530246255022*sqrt(Abs(i))*sqrt(Abs(s)) ; r
2403,0.8614459343783835,B1*sqrt(Abs(B0 - Abs(i)**(1/4))) ; B2*r + B3*i*r,0.0638892862100242*sqrt(Abs(Abs(i)**(1/4) - 1.03003601660454)) ; 0.000302104088178243*i*r + 49.3196286603236*r
2404,0.8614250993484458,B2*sqrt(Abs(B0 + sqrt(Abs(B1 + s)))) ; i*sqrt(Abs(r)),0.0518455671904616*sqrt(Abs(sqrt(Abs(s + 1.08025066182213)) - 0.966545583831582)) ; i*sqrt(Abs(r))
2405,0.8614211146490774,B0*i**2 ; B1 - i,1.33160449422249e-6*i**2 ; -i - 15.3599476078884
2406,0.8614210546426753,B0*i**2 ; B1 + r,1.33158548403123e-6*i**2 ; r - 15.4283822604138
2407,0.8614205936679374,B0*i ; B1 - 2*i,0.000133130408063581*i ; -2*i - 3.93423944088691
2408,0.8614204895114185,B0*i ; B1 - i + r,0.000133129539724155*i ; -i + r - 3.96016372877525
2409,0.8614203038403055,B0*i ; B1 + 2*r,-0.000133129068238741*i ; 2*r + 3.98558477908659
2410,0.8614093688139163,B0*Abs(i)**(3/2) ; B1 + r,1.33076375382698e-5*Abs(i)**(3/2) ; r + 15.397503755091
2411,0.8614079874969305,B0*sqrt(Abs(i)) ; B1 - i + r,0.00132903700891655*sqrt(Abs(i)) ; -i + r - 3.95252102398253
2412,0.861407568740285,B0*sqrt(Abs(i)) ; B1 + 2*r,0.00132905965318988*sqrt(Abs(i)) ; 2*r + 3.9474706756056
2413,0.8614069306357877,B0 + B1*i ; sqrt(Abs(B2 + i + sqrt(Abs(i))*sqrt(Abs(r)))),0.000476950089703939*i + 0.0479222916330024 ; sqrt(Abs(i + sqrt(Abs(i))*sqrt(Abs(r)) + 5.21867440663477))
2414,0.8613922831317314,B0*Abs(i)**(1/4) ; B1 + r,0.00419217141999027*Abs(i)**(1/4) ; r + 9.68703764982001
2415,0.8613887448857349,B0*Abs(i)**(3/8) ; B1 + B2*i,0.0667680859587048*Abs(i)**(3/8) ; 0.742265068836728*i + 0.0234915579552659
2416,0.8613876520353614,B0*Abs(s)**(1/4) ; B1 + Abs(r)**(1/8),0.0214338545775986*Abs(s)**(1/4) ; Abs(r)**(1/8) + 0.668609632697697
2417,0.861380185199956,B0*Abs(i)**(3/2) ; B1 + Abs(r)**(3/4),1.32873496018023e-5*Abs(i)**(3/2) ; Abs(r)**(3/4) + 32.9712516563673
2418,0.8613783792510402,B0*Abs(i)**(1/4) ; B1 + B2*i,0.00418692365146624*Abs(i)**(1/4) ; 18.3792300162949 - 0.599364162850006*i
2419,0.8613720131654161,B0*i ; B1 + i + r,-0.000132849574102475*i ; i + r + 41.0306990151426
2420,0.8613720097347961,B0*i ; Abs(B1 + r)**(1/4),-0.000132849567134194*i ; Abs(r + 2839018.0942827)**(1/4)
2421,0.8613692653301314,B0*Abs(i)**(3/2) ; B1 + i + r,1.32818654693571e-5*Abs(i)**(3/2) ; i + r + 48.0470183147267
2422,0.8613649039875781,s*Abs(B0 + i)**(1/8) ; i*sqrt(Abs(r)),s*Abs(i + 2985.37107108195)**(1/8) ; i*sqrt(Abs(r))
2423,0.861358020072947,B0*Abs(i)**(1/4) ; sqrt(Abs(B1 - r)),0.00418048011774678*Abs(i)**(1/4) ; sqrt(Abs(r + 1510.64127331519))
2424,0.8613574950239261,B0*Abs(i)**(1/4) ; B1 + i + r,0.00418028842015379*Abs(i)**(1/4) ; i + r + 39.5414960914126
2425,0.8613391894882892,B0*s ; B1*Abs(i)**(1/4) - 2*r,0.0474979904378013*s ; -2*r + 25.4621975440969*Abs(i)**(1/4)
2426,0.8613391894879693,B0*s ; sqrt(Abs(i - sqrt(Abs(B1 + i - r)))),0.047497849840814*s ; sqrt(Abs(i - sqrt(Abs(i - r + 0.0148604819508754))))
2427,0.8613391894872282,B0*s ; B1*Abs(i)**(1/8) + i,0.0474982297243937*s ; i + 0.0203631974622529*Abs(i)**(1/8)
2428,0.8613391894871512,B0*s ; B1 + B2*i - i**2,0.0474977306456283*s ; -i**2 + 0.00119998282164732*i + 0.808636261444345
2429,0.8613391894866543,B0*s ; B1*r**2 + i*r,0.0474982888681715*s ; i*r + 0.0337634656927222*r**2
2430,0.8613391894861921,B0*s ; B1 + B2*i + B3*r,2.71902979882327*s ; 0.0455590902321107*i + 0.0781794987993198*r + 4.00286294418572
2431,0.8613391894828689,B0*s ; B1 - 2*i + 2*r,0.0474985385745287*s ; -2*i + 2*r + 29.6306791301442
2432,0.8613391894768314,B0*s ; B1 - i*r + Abs(r)**(3/2),0.0474971790882262*s ; -i*r + Abs(r)**(3/2) + 0.0146421584951765
2433,0.8613391894757578,B0*s ; B1 + B2*r + 2*i,0.047498826915261*s ; 2*i + 0.0622814078544835*r + 0.000111757153357119
2434,0.8613391894754435,B0*s ; -i + sqrt(Abs(B1 - sqrt(Abs(i - r)))),0.0474988374109551*s ; -i + sqrt(Abs(sqrt(Abs(i - r)) - 0.763026577324902))
2435,0.8613391894659269,B0*s ; B2*Abs(B1 - i)**(1/8),0.0474968593076681*s ; 3.45632353482015*Abs(i - 0.00415980791892798)**(1/8)
2436,0.8613391894476374,B0*s ; B1*r + i + r**2,0.0474995017148206*s ; i + r**2 + 12.6186250043697*r
2437,0.8613391894473793,B0*s ; B1*r + B2*i*r,0.0474995065239758*s ; 0.000602107509647357*i*r + 3.89494646549516*r
2438,0.8613391894467219,B0*s ; B1*i + i**2 + r,0.0474964504243226*s ; i**2 + 0.0126661060275547*i + r
2439,0.8613391894428346,B0*s ; r + sqrt(Abs(r))*sqrt(Abs(B1 + r)),0.047496380294665*s ; r + sqrt(Abs(r))*sqrt(Abs(r + 0.0397579016518338))
2440,0.8613391894089046,B0*s ; B1 + B2*r - r**2,0.0475001046682992*s ; -r**2 + 90.2790284517136*r + 0.162191078873348
2441,0.8613391893771241,B0*s ; B1 + sqrt(Abs(r))*sqrt(Abs(B2 + r)),0.0474954757505386*s ; sqrt(Abs(r))*sqrt(Abs(r + 0.00158198740604345)) + 0.0185585214756574
2442,0.861339189370993,B0*s ; sqrt(Abs(B2 + r + sqrt(Abs(B1 - i)))),0.0475005616677684*s ; sqrt(Abs(r + sqrt(Abs(i - 0.24146665619777)) + 0.00148275964053929))
2443,0.8613391893089651,B0*s ; B1*i + B2*i*r,0.0474947981562094*s ; 0.185663410843066*i*r + 0.00209322247909111*i
2444,0.8613391892928077,B0*s ; B1 + B2*i**2*r,0.0474946577047789*s ; 0.281596880240472*i**2*r + 2.60990094425271
2445,0.8613391892908975,B0*s ; B1 + B2*i**2 - r,0.0475013277115137*s ; 0.239948874129295*i**2 - r + 0.000982175865735661
2446,0.8613391892402976,B0*s ; B1 + i - r**2 - r,0.0474942374313041*s ; i - r**2 - r + 0.0308545471966459
2447,0.8613391891528946,B0*s ; sqrt(Abs(B1 + B2*i + B2*r)),0.0474936268651789*s ; sqrt(Abs(0.773465047267904*i + 0.773465047267904*r + 1.16237379560778))
2448,0.8613391890288463,B0*s*sqrt(Abs(i + s)) ; B1*r + B2*i*r,0.0475030850321041*s*sqrt(Abs(i + s)) ; 0.313853552910852*i*r + 0.00439272793501566*r
2449,0.8613391889583157,B0*s ; sqrt(Abs(B1*sqrt(Abs(i)) + B2 - i)),2.71902640595943*s ; sqrt(Abs(-i + 24.6440224867784*sqrt(Abs(i)) + 0.00682652656073193))
2450,0.8613391887393943,B0*s ; B1 + i*r - i + r,0.0474914730021388*s ; i*r - i + r + 0.192693165241183
2451,0.8613391887091506,B0*s ; B1 + r + Abs(B2 + i)**(1/4),0.0475046266496875*s ; r + Abs(i + 5.9738403858639)**(1/4) + 0.00014953962929413
2452,0.8613391886141234,B0*s ; B1*i**3 + i,0.0475050200607261*s ; 0.000321374195094568*i**3 + i
2453,0.8613391872946077,B0*s ; B1*sqrt(Abs(r)) - i*sqrt(Abs(r)),0.0474868402632893*s ; -i*sqrt(Abs(r)) + 0.000569209352340186*sqrt(Abs(r))
2454,0.861339183477795,B0*s ; sqrt(Abs(B1*i + B2*sqrt(Abs(r)))),0.0475164335998569*s ; sqrt(Abs(0.0431689348816557*i + 0.207972415061826*sqrt(Abs(r))))
2455,0.8613391831310911,B0*s ; i - sqrt(Abs(r - sqrt(Abs(B1 - r)))),0.0475169582801485*s ; i - sqrt(Abs(r - sqrt(Abs(r - 0.0391528347666868))))
2456,0.8613391707128447,B0*s ; B1*i + B2*i**2,0.0475305936953022*s ; 10.1508932355605*i**2 + 0.839355353328504*i
2457,0.8613390566427067,B0*s ; -i*r + i + 2*r,0.0474112876938274*s ; -i*r + i + 2*r
2458,0.8613390556364074,s*sqrt(Abs(B0*i + B0*s)) ; r,s*sqrt(Abs(0.00226433905513423*i + 0.00226433905513423*s)) ; r
2459,0.8613131460397376,s*Abs(B0 + s)**(1/8) ; B1*sqrt(Abs(i)),s*Abs(s + 2987.95513210279)**(1/8) ; 3.2312697438797*sqrt(Abs(i))
2460,0.8613111972613903,B0 + B1*i + B2*s**2 ; B3 + r - sqrt(Abs(B4 + r)),0.000782993194948114*i + 0.101056339025693*s**2 - 0.0753413439277183 ; r - sqrt(Abs(r - 0.0324206060207702)) + 0.180056427778723
2461,0.8613081304651881,B0 + i ; B1 + B2*i,i - 0.016016085992015 ; 2.58565792606729*i - 0.062314588876943
2462,0.8613076453740891,B0*i**2 ; B1 + B2*i,0.54186886917761*i**2 ; 1.83168346289897*i - 0.272694022730539
2463,0.8613061660867934,B0 + i**2 ; B1 - sqrt(Abs(i)),i**2 - 0.00930788085937272 ; 0.400734075930517 - sqrt(Abs(i))
2464,0.8613056064544028,B0 + B1*i + B1*s ; sqrt(Abs(B2 + B3*sqrt(Abs(r)) - i + r)),0.000422924648398725*i + 0.000422924648398725*s + 0.0441826233693613 ; sqrt(Abs(i - r + 4.78122964352803*sqrt(Abs(r)) - 3.0535511933451))
2465,0.8613054038383527,B0*sqrt(Abs(i)) ; B1 + B2*i,0.0324535150543947*sqrt(Abs(i)) ; 1.50520332818501*i - 0.235179414854925
2466,0.8613050217956743,B0*i ; B1 + 2*i,0.241620795116484*i ; 2*i - 0.0959724864431825
2467,0.8612967959475488,B0 + B1*i ; i,0.0231593078661916 - 0.760632914385062*i ; i
2468,0.8612947557514374,Abs(i)**(3/2) ; B0 + B1*i,Abs(i)**(3/2) ; 1.46329737014758*i + 0.0950763613417317
2469,0.8612939499432066,B0 + B1*i ; B2 + i,0.00953508971435354 - 0.101831925025808*i ; i + 0.0486038692161085
2470,0.8612848757081225,B0*Abs(s)**(1/4) ; B1*r - i*r,0.0217357435821909*Abs(s)**(1/4) ; -i*r + 0.0243107670040209*r
2471,0.8612829831380513,B0*i ; B1*Abs(i)**(1/4),0.000133213548728765*i ; -657.976000201998*Abs(i)**(1/4)
2472,0.8612747545188201,i**2*s - i ; B0 + i*r,i**2*s - i ; i*r + 0.0311807108714441
2473,0.8612704782352971,B0*sqrt(Abs(i)) ; B1*i**2,0.087384878169991*sqrt(Abs(i)) ; 25.6799810581287*i**2
2474,0.8612680373971807,B0*i ; B1*i**2,0.67902591985631*i ; 35.1658471482238*i**2
2475,0.861266599980349,B0 - i - s ; Abs(r)**(1/4),-i - s + 1.01312500014114 ; Abs(r)**(1/4)
2476,0.8612641541859274,B0*Abs(i)**(1/4) ; i,0.038721984493994*Abs(i)**(1/4) ; i
2477,0.8612577974305011,B0 + Abs(i)**(3/2) ; i,Abs(i)**(3/2) + 0.0116096529095624 ; i
2478,0.861249659360882,B0*i + i*s ; i,i*s + 0.252125981325185*i ; i
2479,0.8611890049587264,i ; B0*i**2,i ; 76.4370203328336*i**2
2480,0.861181442429177,s*sqrt(Abs(B0*i*s - i)) ; -i**2 + i,s*sqrt(Abs(1.16627812196423*i*s - i)) ; -i**2 + i
2481,0.8611475387288743,B0 + B1*i ; B2*i - i**2 + r,0.100822384252445*i + 0.0473978209083319 ; -i**2 + 3.17305643504988*i + r
2482,0.8611413294627935,B0 + B2*sqrt(Abs(B1 + s)) ; B3 + B4*r + i + sqrt(Abs(i)),0.0488736122011546*sqrt(Abs(s + 0.0581589466691983)) - 0.00040612568619101 ; i + 4.42397991515072*r + sqrt(Abs(i)) + 0.037626598078057
2483,0.8610702631419589,Abs(i)**(9/8) ; sqrt(Abs(B0 + B1*i + B2*r)),Abs(i)**(9/8) ; sqrt(Abs(0.00441490399852546*i - 0.0016275616520873*r + 0.00208599862044139))
2484,0.8610688220237126,B1*sqrt(Abs(B0*i - s)) ; B2*i*r - i + r,0.0380892195279482*sqrt(Abs(0.000721989834766784*i + s)) ; -0.000451851120886661*i*r - i + r
2485,0.8610224568121105,B0 + B1*i + B1*sqrt(Abs(s)) ; i*r,-0.0614926699485467*i - 0.0614926699485467*sqrt(Abs(s)) + 0.107267964512473 ; i*r
2486,0.8610138828269346,B0 + B2*sqrt(Abs(B1 + s)) ; B3 + i - 2*r + sqrt(Abs(i)),0.0458316666670759*sqrt(Abs(s + 0.102562372670055)) - 0.000313454176441165 ; i - 2*r + sqrt(Abs(i)) + 0.0548533437717622
2487,0.860994101561203,Abs(i)**(3/4)*Abs(s)**(3/2) ; B0 + B1*sqrt(Abs(i)) - r,Abs(i)**(3/4)*Abs(s)**(3/2) ; -r + 1.11233193393682*sqrt(Abs(i)) - 0.0200413715460183
2488,0.8609334477212734,B0*i + B1*sqrt(Abs(s)) ; i*sqrt(Abs(B2*r + i*r)),-0.000362906731734419*i + 0.0484185248914564*sqrt(Abs(s)) ; i*sqrt(Abs(i*r + 0.00779674205276457*r))
2489,0.8609322855942313,B0*i ; i + Abs(i)**(1/4),-0.0134888851139324*i ; i + Abs(i)**(1/4)
2490,0.8609239588073568,B0*Abs(s)**(7/4) ; B1 + B2*sqrt(Abs(i)) - i,0.0457331752268327*Abs(s)**(7/4) ; -i + 2.98255457902407*sqrt(Abs(i)) + 0.000153451252217469
2491,0.8609177025475919,sqrt(Abs(B0*sqrt(Abs(i)) + B1*i)) ; r,sqrt(Abs(0.00310506309824826*i - 0.0033790758676883*sqrt(Abs(i)))) ; r
2492,0.8609168435637677,B0*i + B0*s ; B1 + i + r,0.00659914407936692*i + 0.00659914407936692*s ; i + r - 0.258870703806508
2493,0.8608974790360215,B0*i**2 ; B1 - i + r,1.46446787779342e-6*i**2 ; -i + r + 227.237940996854
2494,0.8608882427128893,B0*i*s + B0*i*sqrt(Abs(s)) ; B1 + r,0.000339490037887885*i*s + 0.000339490037887885*i*sqrt(Abs(s)) ; r - 0.127690406118491
2495,0.8608818345177607,B0 + B1*i + B2*sqrt(Abs(s)) ; B3*Abs(i)**(1/4),0.000956185363988173*i + 0.0396847683536094*sqrt(Abs(s)) + 0.00232884905298482 ; 0.146425409710881*Abs(i)**(1/4)
2496,0.8608379909226395,B0*i ; B1 + B2*i**2*r + i,1.15386704897996*i ; 9.62566303151301*i**2*r + i + 0.00070628660980219
2497,0.8608081952408027,sqrt(Abs(B0*sqrt(Abs(s)) + B1*s)) ; B2*r + B3*r*sqrt(Abs(i)),sqrt(Abs(0.00169434566097391*s + 0.000650200544097766*sqrt(Abs(s)))) ; 0.0561627533462572*r*sqrt(Abs(i)) + 0.00253578944763767*r
2498,0.860699907686307,B0 + B2*sqrt(Abs(B1 + s)) ; B3 - 2*i + r + sqrt(Abs(i)),0.0471049613568304*sqrt(Abs(s + 0.160907050664037)) - 0.000360346226702683 ; -2*i + r + sqrt(Abs(i)) + 20.8951934827982
2499,0.8606901422086422,i*sqrt(Abs(i - sqrt(Abs(i - 2*s)))) ; B0 + B1*i,i*sqrt(Abs(i - sqrt(Abs(i - 2*s)))) ; 1.00763340783977*i - 4.53419929434345e-5
2500,0.8606710499752964,B0*sqrt(Abs(i))*sqrt(Abs(s)) ; sqrt(Abs(i)),0.00387501738346615*sqrt(Abs(i))*sqrt(Abs(s)) ; sqrt(Abs(i))
2501,0.8606571815950415,B0 + B1*i + B1*sqrt(Abs(s)) ; sqrt(Abs(i)),0.000429844054791575*i + 0.000429844054791575*sqrt(Abs(s)) + 0.0486521238059688 ; sqrt(Abs(i))
2502,0.8606174103101991,B0*s + B2*sqrt(Abs(B1 + s)) ; B3*i*r,0.00336504933901724*s + 0.0429830610418857*sqrt(Abs(s + 0.080016663483439)) ; 23.5909298631513*i*r
2503,0.8605925896033586,B0 + B1*i*s + s ; r,1.75845391811704*i*s + s - 1.01440972133248 ; r
2504,0.8605735865898597,B0*s + B1*i*sqrt(Abs(s)) ; r,0.0295822905229023*i*sqrt(Abs(s)) + 0.0419566150908456*s ; r
2505,0.8605533642362948,B0*i + i**2 ; i + sqrt(Abs(B3 + sqrt(Abs(B1 + B2*r)))),i**2 + 0.330171620609245*i ; i + sqrt(sqrt(Abs(0.0251059869890583*r - 0.0355923647537618)) + 0.0990501035808665)
2506,0.8605480413323232,B1*sqrt(Abs(B0 - i + s)) ; sqrt(Abs(r)),0.0211423894156365*sqrt(Abs(-i + s + 0.343796005821878)) ; sqrt(Abs(r))
2507,0.8605359217118601,B2*sqrt(Abs(B0*i + B0*s + B1)) ; B3 + sqrt(Abs(i)),0.141788496409271*sqrt(Abs(0.00102734272689343*i + 0.00102734272689343*s + 0.103116462728124)) ; sqrt(Abs(i)) - 0.0361772349591736
2508,0.8605266113409317,B0*s*sqrt(Abs(i)) ; sqrt(Abs(B1 - 3*i + 2*r)),0.00961139944377909*s*sqrt(Abs(i)) ; sqrt(Abs(3*i - 2*r + 17.591185658553))
2509,0.8604899611904738,B0*Abs(i)**(1/4)*Abs(s)**(5/4) ; B1*r**2,0.076923358237278*Abs(i)**(1/4)*Abs(s)**(5/4) ; 3.63088840568769*r**2
2510,0.8604899347765967,B0*Abs(i)**(1/4)*Abs(s)**(5/4) ; Abs(r + sqrt(Abs(r)))**(1/4),0.0769881396445399*Abs(i)**(1/4)*Abs(s)**(5/4) ; Abs(r + sqrt(Abs(r)))**(1/4)
2511,0.8604832924804299,s - sqrt(Abs(B0*i + B1*s)) ; B2 + B3*r**2 + r,s - sqrt(Abs(0.0851233366500692*i + 0.926241437747911*s)) ; -0.323840380948319*r**2 + r + 0.000149931799698615
2512,0.8604422929357909,B0 + B1*s**2 ; sqrt(Abs(B2*i + B3 - r)),0.039813314901336*s**2 + 0.00531303439835075 ; sqrt(Abs(20.3816815382405*i - r + 0.00270501350319318))
2513,0.8604045769076867,B0*i ; i*sqrt(Abs(i - 2*r)),0.231842206475367*i ; i*sqrt(Abs(i - 2*r))
2514,0.8603934539662961,B0 + B1*i + B1*sqrt(Abs(i)) ; -Abs(r)**(1/8),-0.0237210519870145*i - 0.0237210519870145*sqrt(Abs(i)) + 0.056906034283126 ; -Abs(r)**(1/8)
2515,0.8603739275449774,Abs(i)**(3/2) ; B0 + B1*r + B1*sqrt(Abs(B2 + r)),Abs(i)**(3/2) ; -0.059341806778912*r - 0.059341806778912*sqrt(Abs(r - 3462.60969199698)) + 3.56322635388846
2516,0.8602856867598527,B0*sqrt(Abs(i - 2*s)) ; r**2,0.0171214754765741*sqrt(Abs(i - 2*s)) ; r**2
2517,0.860284768455012,B0*sqrt(Abs(i - 2*s)) ; sqrt(Abs(r)),0.0171214723616984*sqrt(Abs(i - 2*s)) ; sqrt(Abs(r))
2518,0.860279882412723,B0*sqrt(Abs(i)) + B1*s*sqrt(Abs(i)) ; B2*r**2 - 2*i,0.00617449368611833*s*sqrt(Abs(i)) + 0.000999339609974938*sqrt(Abs(i)) ; -2*i + 0.02028662301349*r**2
2519,0.8602547602052218,B0 + B1*sqrt(Abs(i - s)) ; sqrt(Abs(i)),0.0550147687494717 - 0.00478349099348535*sqrt(Abs(i - s)) ; sqrt(Abs(i))
2520,0.860183989345711,B0 + B1*i*s + B1*s ; B2 + i - Abs(i)**(1/8),0.000477029318660094*i*s + 0.000477029318660094*s + 0.00846607397104812 ; i - Abs(i)**(1/8) - 98.1537288216289
2521,0.8600901456440566,B0*s*Abs(i)**(1/8) ; i,0.0705127277524767*s*Abs(i)**(1/8) ; i
2522,0.860076154838184,B0*i + B1*i*s ; 2*i*r + i + r,-0.28829274253383*i*s - 0.0766430534068139*i ; 2*i*r + i + r
2523,0.8600679908380344,B0*s + B1*i*s**2 ; i,-2.4606798097476*i*s**2 + 0.12047990196093*s ; i
2524,0.8600656178447401,B0*sqrt(Abs(i)) ; -i + 2*r,0.00131246931643975*sqrt(Abs(i)) ; -i + 2*r
2525,0.8599468637592499,B0*s + B1*i**2*s ; i,-25.4487373390662*i**2*s + 0.106656231421348*s ; i
2526,0.8599216926563414,B0*i ; i*sqrt(Abs(B1*i*r + B2*i)),0.273055557295143*i ; i*sqrt(Abs(3.1230595966511*i*r - 0.0631125702583733*i))
2527,0.8598679182184497,B0 + B1*i + B2*s*sqrt(Abs(i)) ; i,0.889606033413847*i + 0.0496395480901203*s*sqrt(Abs(i)) + 7.67569185043353e-6 ; i
2528,0.859832518205586,B0*i + B1*i*s**2 ; sqrt(Abs(i*r - i)),-0.00109393869662918*i*s**2 - 1.53873711775102e-5*i ; sqrt(Abs(i*r - i))
2529,0.8597068894530041,B0*i ; i*sqrt(Abs(i - 3*r)),0.312964964668982*i ; i*sqrt(Abs(i - 3*r))
2530,0.8596784774257997,B0*i*s**2 + i*s ; B1*Abs(i)**(1/4) + i - r,-0.651431441938626*i*s**2 + i*s ; i - r - 0.0453060672416255*Abs(i)**(1/4)
2531,0.8596431262972006,i*Abs(s)**(3/2) ; B0 - r,i*Abs(s)**(3/2) ; 0.0392080494949926 - r
2532,0.8596242012722478,B0*s**3 ; B1 + sqrt(Abs(r)),0.0443989229411218*s**3 ; sqrt(Abs(r)) + 2.5841374768124
2533,0.8596242010978118,B0*s**3 ; B1 - Abs(i)**(1/4),0.044394482137943*s**3 ; 0.00380748410927177 - Abs(i)**(1/4)
2534,0.8596242010732802,B0*s**3 ; sqrt(Abs(B1 + i)),0.0443941737782931*s**3 ; sqrt(Abs(i + 0.00221672775063756))
2535,0.8596242009643309,B0*s**3 ; B1 - i,0.0444050457851946*s**3 ; 8.20178574674743 - i
2536,0.8596242008457938,B0*s**3 ; B1 + i + r,0.0444061114576601*s**3 ; i + r + 0.10457196405492
2537,0.8596242005316447,B0*s**3 ; B1 + B2*i,0.0444083654965809*s**3 ; 0.0575678499295993*i + 0.000254709186031366
2538,0.8596241995212465,B0*s**3 ; B1 - i*r,0.0444133906739411*s**3 ; -i*r + 1.08192843657655
2539,0.8596241154262477,B0*s**3 ; r,0.0442984710966298*s**3 ; r
2540,0.8595967846252087,B0*sqrt(Abs(i)) ; -i + Abs(i)**(1/4),0.00130758990159512*sqrt(Abs(i)) ; -i + Abs(i)**(1/4)
2541,0.8595770103986601,B0*i**2*s**2 ; i,54.4653629572958*i**2*s**2 ; i
2542,0.8595474421065378,B0 + B1*i*s ; sqrt(Abs(B2 + r + sqrt(Abs(i)))),0.00104109245119898*i*s + 0.0467423671114864 ; sqrt(Abs(r + sqrt(Abs(i)) - 0.131005276801791))
2543,0.8594777918074319,B0*i ; i**2,0.0961422147440193*i ; i**2
2544,0.8593148302384412,B0*i + B1*s + B1*sqrt(Abs(s)) ; i,0.840077502960603*i + 0.00499771532857357*s + 0.00499771532857357*sqrt(Abs(s)) ; i
2545,0.8593033480620282,B1*sqrt(Abs(B0*i + i*s)) ; B2 - i + 2*r,0.00367599925835827*sqrt(Abs(i*s + 0.204364319677888*i)) ; -i + 2*r + 0.274585943239252
2546,0.8592973616093894,B0*s + s*Abs(i)**(3/2) ; i,s*Abs(i)**(3/2) + 0.0393465609196519*s ; i
2547,0.8592899325051264,B0 + B1*i + B2*sqrt(Abs(s)) ; i*r,-0.0107931878559403*i + 0.036552141146779*sqrt(Abs(s)) + 0.0105763794658418 ; i*r
2548,0.8592511223830666,B0*i + B0*s + B0*sqrt(Abs(s)) ; B1*i,0.0215525720532768*i + 0.0215525720532768*s + 0.0215525720532768*sqrt(Abs(s)) ; 0.122322301454536*i
2549,0.859242194098382,B0*i + i*s - i*sqrt(Abs(s)) ; B1 + B3*sqrt(Abs(B2 + i)),i*s - i*sqrt(Abs(s)) + 0.250034154159399*i ; 0.0199273032281163 - 0.0906830973688923*sqrt(Abs(i + 0.0214693017213316))
2550,0.8592363857463579,B2*sqrt(Abs(B0 + B1*i + s)) ; B3 - i,0.0370118681605857*sqrt(Abs(0.0143221666402872*i - s + 1.22633745980503)) ; 6.31409407323522 - i
2551,0.8592282370582173,B0*i - Abs(i)**(3/2) ; r + Abs(r)**(3/2),0.661963890791393*i - Abs(i)**(3/2) ; r + Abs(r)**(3/2)
2552,0.8592282277683648,B0*i - Abs(i)**(3/2) ; i*r,0.661747754288088*i - Abs(i)**(3/2) ; i*r
2553,0.8592232315247043,B0 + B1*sqrt(Abs(i)) ; B2*i*sqrt(Abs(i - sqrt(Abs(i)))),0.0591918865702446 - 0.044200169235127*sqrt(Abs(i)) ; -0.0235422149609671*i*sqrt(Abs(i - sqrt(Abs(i))))
2554,0.8591957317909126,B0*i + B1*i*s ; i + r,-0.110578587601382*i*s + 0.039821231078185*i ; i + r
2555,0.8591053655603759,B0*Abs(i)**(5/2) + B0*Abs(i)**(3/2) ; B1 + B2*r,0.0890603713642211*Abs(i)**(5/2) + 0.0890603713642211*Abs(i)**(3/2) ; 0.157977038565837 - 0.122878256066519*r
2556,0.8589126623389536,B0 + B1*i ; sqrt(Abs(B2 + B3*sqrt(Abs(i)) - 2*i)),0.00046387957465063*i + 0.049363146427398 ; sqrt(Abs(2*i + 6.58182170174325*sqrt(Abs(i)) - 0.193626017175411))
2557,0.8588477491989832,B0*s + B0*sqrt(Abs(B1 + i*s)) ; B2 + B3*i - i*r,0.038600881543642*s + 0.038600881543642*sqrt(Abs(i*s + 0.00766850781675782)) ; -i*r - 0.166566337746869*i + 0.0414988440152995
2558,0.8588184853612499,sqrt(Abs(B0 + B1*Abs(s)**(1/4))) ; B2*sqrt(Abs(r)),sqrt(Abs(0.00339605761724861*Abs(s)**(1/4) - 0.00224129183830442)) ; 0.0232718019259419*sqrt(Abs(r))
2559,0.8587863342699638,B0 + B1*sqrt(Abs(i**2 - s)) ; i + r - sqrt(Abs(r)),0.0518452188007138 - 0.000474147711001733*sqrt(Abs(i**2 - s)) ; i + r - sqrt(Abs(r))
2560,0.8587152084266509,B1*sqrt(Abs(B0 - s + sqrt(Abs(s)))) ; B2*i**2 + i + r,0.0818570997514636*sqrt(Abs(s - sqrt(Abs(s)) + 0.249976644026057)) ; 0.000276703335490196*i**2 + i + r
2561,0.8587149648948679,B1*sqrt(Abs(-B0 + i + sqrt(Abs(s)))) ; r,0.0819813006399617*sqrt(Abs(i + sqrt(Abs(s)) - 1.24997154731128)) ; r
2562,0.8587084812135193,B2*sqrt(Abs(B0 + B1*s + i)) ; B3 - i + r,0.00482311988933052*sqrt(Abs(i + 60.8958259975595*s - 83.8441972622996)) ; -i + r - 2.85218599507598
2563,0.8585922437009774,B2*sqrt(Abs(B0*i + B1*i*s)) ; i*sqrt(Abs(B3 + i)),0.168853409931592*sqrt(Abs(0.665802785927859*i*s + 0.110923539920816*i)) ; i*sqrt(Abs(i - 0.17881817272284))
2564,0.858565081146814,B0*Abs(i)**(1/4) ; i + sqrt(Abs(r)),0.0115669146323781*Abs(i)**(1/4) ; i + sqrt(Abs(r))
2565,0.8585578082986811,B0*i*Abs(s)**(3/2) + B0*s ; i*r,0.0410619214928541*i*Abs(s)**(3/2) + 0.0410619214928541*s ; i*r
2566,0.8585543633921955,B0*s**2 ; B1 + sqrt(Abs(B2 + i + r)),0.0453555414692313*s**2 ; sqrt(Abs(i + r + 50.2560347916258)) + 4.18180252605851
2567,0.8585543633756144,B0*s**2 ; B1 + B2*i + B2*r,0.0453562431402975*s**2 ; 1.31945266462974*i + 1.31945266462974*r + 2.81097960667868
2568,0.8585543630203043,B0*s**2 ; B1*sqrt(Abs(r)) - 2*i,0.0453490784271859*s**2 ; -2*i + 4.48935375818365*sqrt(Abs(r))
2569,0.8585543621402889,B0*s**2 ; B1 + B2*sqrt(Abs(i)) - r,0.0453653849392341*s**2 ; -r + 0.00185750016600479*sqrt(Abs(i)) + 0.464917354927664
2570,0.8585118520987911,B0*i + B0*sqrt(Abs(i + 2*s)) ; B1*i + i*Abs(r)**(1/4),0.0203977250074264*i + 0.0203977250074264*sqrt(Abs(i + 2*s)) ; i*Abs(r)**(1/4) - 0.284173846591034*i
2571,0.8585057716402219,B0 + s*sqrt(Abs(B1 + i)) ; i,s*sqrt(Abs(i + 7.78272680434234)) - 1.37894292994528 ; i
2572,0.8585034846403105,Abs(i)**(3/2) ; B0 + B1*r + B1*sqrt(Abs(i + r)),Abs(i)**(3/2) ; -0.0328880918588836*r - 0.0328880918588836*sqrt(Abs(i + r)) + 0.0765673956990585
2573,0.8584804302324714,s*sqrt(Abs(i*s - i*sqrt(Abs(B0 + i)))) ; B1 + B2*r + B3*i*r,s*sqrt(Abs(i*s - i*sqrt(Abs(i + 0.827469886340908)))) ; 0.235320487850365*i*r + 0.22076697779585*r + 0.0322273179117213
2574,0.8584569329775041,Abs(i)**(3/2) ; B0 + B1*i + B1*sqrt(Abs(i + r)),Abs(i)**(3/2) ; -0.0689472054133148*i - 0.0689472054133148*sqrt(Abs(i + r)) + 0.0733370189680677
2575,0.8584306968103896,B0*sqrt(Abs(s)) - i*Abs(s)**(3/2) ; i*sqrt(Abs(B1 + r)),-i*Abs(s)**(3/2) + 0.0330508756441383*sqrt(Abs(s)) ; i*sqrt(Abs(r + 4.50477053903295))
2576,0.858387769386605,B0*s + 2*i*s ; B1*Abs(r)**(1/4) + i,2*i*s - 0.0231139336567743*s ; i - 0.0122858323387906*Abs(r)**(1/4)
2577,0.8583613761091388,i**2 - i*s + Abs(i)**(3/2) ; B0 + sqrt(Abs(B3 + sqrt(Abs(B1 + B2*r)))),i**2 - i*s + Abs(i)**(3/2) ; sqrt(sqrt(Abs(1.04000654374104*r - 1.04536103331397)) + 81.6381823482227) - 9.03588438638248
2578,0.8583379194868139,B2*sqrt(Abs(B0 + B1*i)) ; B3 + i*r - i + r,0.0208687071399108*sqrt(Abs(7.2122487530708*i + 12.9039128296278)) ; i*r - i + r + 0.566692465407371
2579,0.8583270360820318,s*sqrt(Abs(B0*i*s + B1*s)) ; r,s*sqrt(Abs(0.026603557122708*i*s - 0.000949218520348777*s)) ; r
2580,0.8583239546874742,s*sqrt(Abs(B0*s + B1*i*s)) ; i**2*r,s*sqrt(Abs(0.027077680284066*i*s - 0.000963615684420737*s)) ; i**2*r
2581,0.8583133660989761,s*sqrt(Abs(B0*s + B1*i*s)) ; B2*r + Abs(r)**(5/4),s*sqrt(Abs(0.0275201354775456*i*s - 0.000996655120992116*s)) ; 1.26836327389518*r + Abs(r)**(5/4)
2582,0.8581858159282549,B0*i**2 + B1*i**2*s ; B2 + B3*i**2,7.20621783786797*i**2*s + 27.615104890154*i**2 ; 31.0552089602324*i**2 + 8.53182109278432e-5
2583,0.8581637725459695,B0*i - i**2*s ; 2*i,-i**2*s + 1.97133832379543*i ; 2*i
2584,0.8581623705921056,B0*i*s + B1*i*s**2 ; B2 - i + 3*r,0.0022173917871656*i*s**2 - 0.00235540591732188*i*s ; -i + 3*r + 0.33716024859614
2585,0.8581583112684025,B0*i*s + B1*i*s**2 ; sqrt(Abs(B2 + i)),-0.00816493093535225*i*s**2 - 0.00151607672658078*i*s ; sqrt(Abs(i + 3.02792118911425))
2586,0.858155325001983,Abs(i)**(3/2) ; B0*sqrt(Abs(i)) + B1*i + B2*r,Abs(i)**(3/2) ; 0.25764618098549*i - 0.0442037146367918*r + 0.287248300291933*sqrt(Abs(i))
2587,0.8581171474258372,B0*i*s + i**2*s ; B1 + i,i**2*s + 0.363692425478582*i*s ; i + 0.536437284669686
2588,0.8581097213947442,B0*i*s + B1*i*s**2 ; -i + r - sqrt(Abs(B2 - 2*r)),-0.00224053031659842*i*s**2 + 0.00236880463386769*i*s ; -i + r - sqrt(Abs(2*r - 8.71310728812895))
2589,0.8580970552705713,B0*i*s + B1*i*s**2 ; sqrt(Abs(B2 + B3*r)),-0.0462121690886991*i*s**2 - 0.00792406319186353*i*s ; sqrt(Abs(0.190515932884662*r - 0.12508702909043))
2590,0.8580483608731204,B0*i + B1*s + B2*s**2 ; B3*r + i,-0.000872350486490228*i - 0.239491302532045*s**2 + 0.246029607914537*s ; i + 0.966242971232351*r
2591,0.8580473807507004,B0 + B1*i*s + B1*s**2 ; B2 + B3*i + B4*i**3,0.00632499632584732*i*s + 0.00632499632584732*s**2 + 0.00656478091708033 ; 0.000343103482251742*i**3 - 0.219550345718884*i - 0.324834496452253
2592,0.858041975100027,B1*sqrt(Abs(B0 + i*s + s)) ; B2 - i + r,0.00369700681025199*sqrt(Abs(i*s + s + 17.8423046149772)) ; -i + r + 0.00667117560521119
2593,0.8580299519173253,B0 + B1*sqrt(Abs(i)) + B2*s ; i,0.0312466471257866*s + 0.087704676521407*sqrt(Abs(i)) + 0.00100755375188964 ; i
2594,0.8580291029079612,B0*i + B1*s + B2*s**2 ; B3 + B4*sqrt(Abs(r)),-0.0187518985652274*i - 0.23446308043435*s**2 + 0.23849748786853*s ; 0.0798709927077489 - 0.0489043126206821*sqrt(Abs(r))
2595,0.8580250763782213,B0*i*s ; B1*i + i*Abs(B2 + 2*i)**(1/4),0.579360888171866*i*s ; i*Abs(2*i - 0.413813029496658)**(1/4) - 0.423991036077032*i
2596,0.8580209407935204,B2*sqrt(Abs(B0 + B1*i)) ; B3 + i*r + r,0.103150280854927*sqrt(Abs(0.511821036606117*i + 0.686461769486911)) ; i*r + r + 0.80846665366744
2597,0.858003357761437,B0*i + B1*s + B2*s**2 ; B3 + r - sqrt(Abs(B4 - r)),8.12085553068029e-5*i - 0.216759778589081*s**2 + 0.21929931192341*s ; r - sqrt(Abs(r - 3.53489700340675)) - 5.91766753011029
2598,0.8579726001502033,B2*sqrt(Abs(B0 + B1*i + s)) ; -i + r,0.037183451001164*sqrt(Abs(0.00927404938068517*i + s - 0.737585391568525)) ; -i + r
2599,0.8579715749332939,B2*sqrt(Abs(B0 + B1*i)) ; i + Abs(r - sqrt(Abs(r)))**(1/4),0.0745993662673422*sqrt(Abs(0.2617090364405*i + 0.215713730803386)) ; i + Abs(r - sqrt(Abs(r)))**(1/4)
2600,0.8579458646901165,B0*i + B1*s + B2*s**2 ; i**2,-0.0812030875429029*i - 0.31791809211246*s**2 + 0.32343302058587*s ; i**2
2601,0.8579286634640042,B2*sqrt(Abs(B0 + B1*i + s)) ; -i + 2*r,0.0391590392042619*sqrt(Abs(0.0110489612493595*i + s - 0.887189595372699)) ; -i + 2*r
2602,0.8579195213746493,B0*Abs(i)**(5/4) ; B1*i + B2*i*r + i**2,0.912607966118518*Abs(i)**(5/4) ; i**2 - 0.236796991672641*i*r + 2.94522451688171*i
2603,0.8579164993960876,B0 + B1*sqrt(Abs(i)) ; sqrt(Abs(B2 - i + sqrt(Abs(i - r)))),0.0582019937405794 - 0.00516392886600938*sqrt(Abs(i)) ; sqrt(Abs(i - sqrt(Abs(i - r)) + 7.08907325273493))
2604,0.8579128571998987,B0*Abs(i)**(1/4) ; B1 + B2*sqrt(Abs(i)),0.0392688762702132*Abs(i)**(1/4) ; 0.0871263545097945*sqrt(Abs(i)) + 0.00450919281805002
2605,0.8578829064813068,i**2*s ; B0 - Abs(r)**(3/2),i**2*s ; 0.18857293155518 - Abs(r)**(3/2)
2606,0.8578686478752114,B0 + B1*i**2 + B2*i*s ; B3 + B4*r + i,0.0432447774274359*i**2 + 0.434573906225155*i*s - 0.0112600604717454 ; i - 1.13413484719988*r - 0.0904926769219346
2607,0.8578646862698696,i*sqrt(Abs(B0*i*s + B0*s**2)) ; B1 + B2*i,i*sqrt(Abs(0.105959426741335*i*s + 0.105959426741335*s**2)) ; 0.155151489026278*i - 0.00663034642790977
2608,0.8578628614714148,B0*i*s + B1*i*s**2 ; B2 + B3*r,-0.0128043475629617*i*s**2 + 0.240008025767276*i*s ; -0.982215907413217*r - 0.0384763876544051
2609,0.8578482835179356,B0*s**2*sqrt(Abs(i)) ; B1*i + B2*r + B2*sqrt(Abs(B3 + i)),0.138154918895538*s**2*sqrt(Abs(i)) ; -0.410754930882933*i + 0.0544259562534729*r + 0.0544259562534729*sqrt(Abs(i - 0.225981157319445))
2610,0.8578204634930345,B0*i + B1*s + B2*i*s ; B3*r + i,0.360810167649381*i*s + 0.00415761768237114*i + 0.00553832707485728*s ; i - 1.79180399108215*r
2611,0.8578126423564554,B0 + B1*s**2 + B2*i*s ; r - sqrt(Abs(r)),0.240747534839615*i*s + 0.00407981605971883*s**2 + 0.00229806894225187 ; r - sqrt(Abs(r))
2612,0.8578126423212793,B0*i + B1*s + B2*i*s ; r,0.236660872516315*i*s + 0.00229974020721403*i + 0.00637848210704507*s ; r
2613,0.8578126419525222,B0 + B1*i**2 + B2*i*s ; r,-0.00407429385497784*i**2 + 0.232559264037545*i*s + 0.00638077270396713 ; r
2614,0.8578109797730309,B0 + B1*i + B2*s + i*s ; B3 + B4*r,i*s - 1.04815948499309*i + 2.58847275590087*s - 2.54536135615616 ; 0.487610600418067 - 0.139862806677807*r
2615,0.8578065773392751,B0*s + B1*s**2 - i*s ; i*r,-i*s - 1.24104569261378*s**2 + 1.2471208970887*s ; i*r
2616,0.8578065772902593,B0*s + B1*i*s + s**2 ; i*r,1.2410406267558*i*s + s**2 - 0.993924282666407*s ; i*r
2617,0.8578065761436979,B0*s + B1*s**2 ; B2 + B3*i + B3*sqrt(Abs(B4 - i + r)),-0.241005717663678*s**2 + 0.24708510346512*s ; 0.0190783943900868*i + 0.0190783943900868*sqrt(Abs(-i + r + 0.000311442098315394)) + 0.0147421590876772
2618,0.8578065709736188,B0*s + B1*s**2 - i*s ; B2*i*sqrt(Abs(r)),-i*s - 1.24115620638655*s**2 + 1.24721996424402*s ; 19.3772136384889*i*sqrt(Abs(r))
2619,0.8577762732952028,B0*Abs(i)**(3/2) ; -i + r,1.27313457109738e-5*Abs(i)**(3/2) ; -i + r
2620,0.857774180466213,B0*i + B1*s + B2*s**2 ; B3 - i + r,4.3309919560109e-5*i - 0.219293137834443*s**2 + 0.226477417869529*s ; -i + r + 0.0255616099443713
2621,0.8577601643849844,B0*i ; sqrt(Abs(i)),-8.23976424300475e-5*i ; sqrt(Abs(i))
2622,0.8577467668259087,B0*s + B1*sqrt(Abs(i))*sqrt(Abs(s)) ; sqrt(Abs(B2 + i)),0.027502333136974*s + 0.00314493653586128*sqrt(Abs(i))*sqrt(Abs(s)) ; sqrt(Abs(i - 20.7297240245002))
2623,0.8576991097682306,B1*sqrt(Abs(B0 + i*s)) ; Abs(r)**(1/4),0.0341259331778279*sqrt(Abs(i*s + 0.483745496013456)) ; Abs(r)**(1/4)
2624,0.857685796938777,B2*sqrt(Abs(B0 + B1*i + s)) ; B3 - i + r,0.0373005523968493*sqrt(Abs(0.0073580298954762*i + s - 0.566336536801885)) ; -i + r + 0.0142308677568588
2625,0.8576493191848917,B0*i*s ; B1 + B2*sqrt(Abs(i))*sqrt(Abs(r)) + 2*r,-0.00181827976185857*i*s ; 2*r - 1.94056872436154*sqrt(Abs(i))*sqrt(Abs(r)) + 3.32000350174405
2626,0.8576469764352983,B0*s**2 + B1*i**2*s ; B2 - r,0.15465446602347*i**2*s - 0.00239177430805518*s**2 ; -r - 0.400370952058806
2627,0.8576459505244296,B1*sqrt(Abs(B0 + i - s)) ; sqrt(Abs(r)),0.0205263725722395*sqrt(Abs(-i + s + 0.223272180952067)) ; sqrt(Abs(r))
2628,0.8576416853180129,B0*i*s ; B1*i**2 + B2*i**3,0.327197334971995*i*s ; -0.470856143075104*i**3 + 0.36393853698138*i**2
2629,0.8576278822860058,B0*Abs(i)**(3/2) - 2*i*s ; B1 + B2*r + B3*i*r,-2*i*s - 0.00027649852735274*Abs(i)**(3/2) ; 1.62746814367562*i*r + 0.198137924402157*r + 0.0155829550085345
2630,0.8576192567481348,B0*i*s + B1*i**2*s ; B2 - i*r,-0.0155468726009049*i**2*s + 0.248719627064021*i*s ; -i*r - 0.00855749528965845
2631,0.8576125658358459,s*sqrt(Abs(B0 + sqrt(Abs(B1*s + i*s)))) ; B2*sqrt(Abs(i)),s*sqrt(sqrt(Abs(i*s + 0.448741857561452*s)) + 6.14361574627428) ; 0.0349452270280551*sqrt(Abs(i))
2632,0.8576120261020942,B0 + i*sqrt(Abs(B1 - i)) ; i,i*sqrt(Abs(i - 1.0561904129464)) - 0.000535167850638295 ; i
2633,0.8576007038052766,B0*i + B0*sqrt(Abs(i + 2*s)) ; B1 + B2*i*r,0.0308485550146581*i + 0.0308485550146581*sqrt(Abs(i + 2*s)) ; 0.306428672194124*i*r + 0.0214435258793022
2634,0.8575827592628398,i*sqrt(Abs(B0*i*s + B0*s**2)) ; B1*i**2 + B2*i**2*r,i*sqrt(Abs(0.0993053344998209*i*s + 0.0993053344998209*s**2)) ; -0.0554453918981695*i**2*r + 0.475216609917768*i**2
2635,0.8575772573600803,B0*i*s ; B1*i**2 + B2*i**2*r,0.316704152346258*i*s ; -0.157050751231389*i**2*r + 0.18547786848396*i**2
2636,0.8575754487496171,B0*i*Abs(s)**(1/4) + B1*i*s ; B2 + B3*i,-0.0112018048205447*i*s - 0.00146113890348075*i*Abs(s)**(1/4) ; 0.616657681291938 - 0.0308500056104948*i
2637,0.8575466092244991,B0*sqrt(Abs(i*s - s**2)) ; B1 - i + 2*r,0.00355551448583306*sqrt(Abs(i*s - s**2)) ; -i + 2*r + 0.34359650932836
2638,0.8575290613740106,B0*i*s + B1*i**2*s ; B2*r + i**2,-0.0394675320688057*i**2*s + 0.334390076452825*i*s ; i**2 - 1.32994509735032*r
2639,0.8575276770674862,B0*i*s + B1*i**2*s ; B2 - r**2,-0.13251593316608*i**2*s + 0.320494600106765*i*s ; -r**2 - 0.000387958000110955
2640,0.8575242003159117,B0*i*s + B1*i*s**2 ; B2*sqrt(Abs(r)),0.142455167047131*i*s**2 + 0.183871417682555*i*s ; 0.000713684301825776*sqrt(Abs(r))
2641,0.8575242000873133,B0*i*s + B1*i*s**2 ; i*r,0.142503462841247*i*s**2 + 0.183830849649495*i*s ; i*r
2642,0.8575242000044235,B0*i*s + B1*i**2*s ; 2*r,-0.14251155159328*i**2*s + 0.32633563198505*i*s ; 2*r
2643,0.8575241996092285,B0*i*s + B1*i*s**2 ; -Abs(r)**(1/8),0.142539856255377*i*s**2 + 0.183800144512132*i*s ; -Abs(r)**(1/8)
2644,0.8575241996021977,B0*i*s + B1*i*s**2 ; Abs(r)**(1/4),0.142540345799486*i*s**2 + 0.183799797920095*i*s ; Abs(r)**(1/4)
2645,0.8575195918742131,B1*sqrt(Abs(B0*s - i*s)) ; B2 - i + 2*r,0.00350887357293387*sqrt(Abs(i*s + 0.125088696693464*s)) ; -i + 2*r - 0.203574041675397
2646,0.8574964988274775,B0 + B1*i ; sqrt(Abs(B2 + B3*sqrt(Abs(i)) - i - r)),0.000439796146567138*i + 0.044679496162708 ; sqrt(Abs(i + r + 2.47539768908848*sqrt(Abs(i)) - 4.21431044003743))
2647,0.8574540774642078,B0*i + B1*i**2 ; i,15.5464115895545*i**2 + 0.689047951567344*i ; i
2648,0.8574502150003744,B0*i*s + B1*i**2*s ; B2 - i**2 + i*r - r,-0.896649545187746*i**2*s - 1.12157134430432*i*s ; -i**2 + i*r - r + 1.10728028345855
2649,0.8574283418288371,B0*i**2 + B1*i*s ; B2 + B3*i*r + r,1.04694829907347e-6*i**2 - 0.000528738748470334*i*s ; -0.104166105019889*i*r + r + 1.25967476965296
2650,0.8574035424544971,B0*i*s + s*Abs(i)**(3/2) ; B1 + i,0.621036979420084*i*s + s*Abs(i)**(3/2) ; i + 0.585453416703527
2651,0.8573990103622366,B0*i**2 + B1*i*s ; B2*sqrt(Abs(i)),1.06128581612848e-6*i**2 - 0.000537888185132425*i*s ; 5.96950202351163*sqrt(Abs(i))
2652,0.8573919064749133,B0*i**2 + B1*i*s ; -i + r - sqrt(Abs(i - 2*r)),1.05914342210169e-6*i**2 + 0.000526899080809987*i*s ; -i + r - sqrt(Abs(i - 2*r))
2653,0.8573893208148662,B0*i + B1*sqrt(Abs(s)) + B2*s ; i,0.884996749669712*i + 0.00691296461162286*s + 0.0027611864385504*sqrt(Abs(s)) ; i
2654,0.8573869988497927,sqrt(Abs(B0*i + B1 + B2*s)) ; B3 + sqrt(Abs(i**2 - r)),sqrt(Abs(1.93883307807429e-5*i - 0.00141506014732852*s + 0.0016893703105921)) ; sqrt(Abs(i**2 - r)) + 0.56884169810622
2655,0.8573755029157989,i*s**2 ; B0 + B1*r**2 + B2*i*r,i*s**2 ; -0.711453272140418*i*r + 0.507991765452894*r**2 + 0.0181770709148791
2656,0.8573477628042464,B0*i*sqrt(Abs(s)) + B0*Abs(s)**(3/2) ; B1 + B2*sqrt(Abs(i)) + i,0.02687569883951*i*sqrt(Abs(s)) + 0.02687569883951*Abs(s)**(3/2) ; i - 1.29292236586267*sqrt(Abs(i)) + 0.246699851907543
2657,0.8573300294484907,B0 + B1*i + B1*sqrt(Abs(i)) ; i + r,0.000744297269992066*i + 0.000744297269992066*sqrt(Abs(i)) + 0.0281267185510649 ; i + r
2658,0.8573115605190199,B0*i + B1*s + B2*i*s ; B3 + sqrt(Abs(B4 + i)),-0.00149602943583402*i*s - 8.46739647420756e-5*i - 0.000981423319814773*s ; sqrt(Abs(i - 342.051214529047)) - 13.6702207826034
2659,0.8573095831586531,B0*i + B1*Abs(i)**(3/2) ; i,0.430229421850642*i + 4.02863792091873*Abs(i)**(3/2) ; i
2660,0.8572994101458782,B0*s + B1*i*s ; Abs(B2 + B3*r**2 + B4*r)**(1/4),-0.00502045017089736*i*s + 0.0108269495785736*s ; Abs(0.159210013758304*r**2 + 0.576571339832826*r - 0.17720943471884)**(1/4)
2661,0.8572969048478398,B0*i + B1*sqrt(Abs(i - s)) ; i**2,0.00414673692530132*i + 0.0451298313664484*sqrt(Abs(i - s)) ; i**2
2662,0.857285814049457,B0*s + B1*s**2*sqrt(Abs(i)) ; i**2*r - i*r**2,0.339518447666788*s**2*sqrt(Abs(i)) - 0.0470180083692864*s ; i**2*r - i*r**2
2663,0.8572468955557139,B0*i - i**2 - i*s ; B1 + i,-i**2 - i*s - 0.251419366715064*i ; i + 0.0970966369753521
2664,0.8571864344227978,B0*i**2 + B1*i**2*s ; B2 - i*r,0.266621260292134*i**2*s - 0.00467737393693724*i**2 ; -i*r - 0.114371636405326
2665,0.8571758506045374,B1*sqrt(Abs(B0*s - i*s)) ; B2 - i + r,0.00344058627093682*sqrt(Abs(i*s - 0.283763254573255*s)) ; -i + r + 0.794506075789755
2666,0.8571199251527407,B0*i + B0*s + B0*sqrt(Abs(s)) ; B1 + i - r,0.0312419498419603*i + 0.0312419498419603*s + 0.0312419498419603*sqrt(Abs(s)) ; i - r + 1.00919622569741
2667,0.8571125123119999,B0*i*sqrt(Abs(2*i - s)) ; B1 + i + Abs(i)**(3/2),0.556556014357726*i*sqrt(Abs(2*i - s)) ; i + Abs(i)**(3/2) - 0.0604345166250549
2668,0.8570942293929259,B0*Abs(i)**(3/2) + i**2 ; i,i**2 + 6.92964240060378*Abs(i)**(3/2) ; i
2669,0.8570889884918024,B0*i*s + B1*i*s**2 ; B2 + sqrt(Abs(B3 + i*sqrt(Abs(r)))),-0.224383013292094*i*s**2 + 0.325474735657341*i*s ; sqrt(Abs(i*sqrt(Abs(r)) + 0.202048791381877)) - 0.58001765025361
2670,0.8570881556431065,Abs(i)**(3/2)*Abs(B0 + i)**(1/4) ; i,Abs(i)**(3/2)*Abs(i + 2499.97322995935)**(1/4) ; i
2671,0.8570699104679622,B0*i**2 ; B1 - i - r,1.8057039115087e-6*i**2 ; -i - r + 227.864462585332
2672,0.8570495955581272,B0*s + B1*i*s + Abs(s)**(3/2) ; B2*Abs(r)**(3/2),0.832930574886873*i*s - 1.00110937749365*s + Abs(s)**(3/2) ; 0.00148659418016753*Abs(r)**(3/2)
2673,0.85704879023325,B0*i*s + B1*i**2*s ; sqrt(Abs(r + sqrt(Abs(i - sqrt(Abs(r)))))),-8.47399733934709e-6*i**2*s - 0.00251052123894024*i*s ; sqrt(Abs(r + sqrt(Abs(i - sqrt(Abs(r))))))
2674,0.8570335963749109,B0*i*sqrt(Abs(s)) ; sqrt(Abs(B1 + Abs(i)**(1/4)*Abs(r)**(1/4))),-0.000360616978834844*i*sqrt(Abs(s)) ; sqrt(Abs(Abs(i)**(1/4)*Abs(r)**(1/4) - 225.114375084307))
2675,0.8570320515487004,s**2*sqrt(Abs(i)) ; B0 + B1*r,s**2*sqrt(Abs(i)) ; 0.151960368568377 - 0.300122772890768*r
2676,0.8570164430299122,B0*s*sqrt(Abs(2*i + s)) ; 2*r,0.0450321234706425*s*sqrt(Abs(2*i + s)) ; 2*r
2677,0.8570164390996797,B0*sqrt(Abs(i**2*s - s)) ; Abs(r)**(1/4),0.0450332966894583*sqrt(Abs(i**2*s - s)) ; Abs(r)**(1/4)
2678,0.8569808386717732,B0 + B1*sqrt(Abs(s)) + B2*s ; B3 - i + r,0.0246575425372219*s + 0.0234559153368705*sqrt(Abs(s)) - 0.000106275950873789 ; -i + r + 0.602703202424661
2679,0.8569774285889877,s*sqrt(Abs(i + sqrt(Abs(B0 - i)))) ; i*sqrt(Abs(r)),s*sqrt(Abs(i + sqrt(Abs(i - 39.8469864971661)))) ; i*sqrt(Abs(r))
2680,0.8569774105265547,s*sqrt(Abs(i + sqrt(Abs(B0 + s)))) ; i*sqrt(Abs(r)),s*sqrt(Abs(i + sqrt(Abs(s + 38.8411485619867)))) ; i*sqrt(Abs(r))
2681,0.856958538435438,B0*s + B1*sqrt(Abs(i))*sqrt(Abs(s)) ; B2 + i + r,0.0265389939564713*s + 0.00303779310659677*sqrt(Abs(i))*sqrt(Abs(s)) ; i + r + 8.18773433328769
2682,0.856895505911706,B0*i ; sqrt(Abs(i - r)),-0.000107083502156979*i ; sqrt(Abs(i - r))
2683,0.8568826334145418,B0*i*sqrt(Abs(s)) ; B1 + sqrt(Abs(B2 - sqrt(Abs(i))*sqrt(Abs(r)))),-0.000362052735568664*i*sqrt(Abs(s)) ; sqrt(sqrt(Abs(i))*sqrt(Abs(r)) + 1.98279484521685) + 9.59951429386983
2684,0.8568620960772075,B0*i + B0*s + B0*sqrt(Abs(s)) ; i,0.0230100867835223*i + 0.0230100867835223*s + 0.0230100867835223*sqrt(Abs(s)) ; i
2685,0.8568492132946635,i*sqrt(Abs(B0*s - s*sqrt(Abs(i)))) ; B1 + i,i*sqrt(Abs(s*sqrt(Abs(i)) - 0.189424481476312*s)) ; i - 0.0809511389727698
2686,0.8568426929715995,Abs(i)**(7/4) ; i,Abs(i)**(7/4) ; i
2687,0.8568268112737927,B0 + B1*sqrt(Abs(s - sqrt(Abs(s)))) ; B2 + r,0.0623050682924079 - 0.0643641671015164*sqrt(Abs(s - sqrt(Abs(s)))) ; r + 0.0022523817302862
2688,0.8568219671025411,B1*sqrt(Abs(s))*Abs(B0 - s)**(1/4) ; B2*sqrt(Abs(i)) - i - r,0.0474283091591246*sqrt(Abs(s))*Abs(s + 0.0285560102052408)**(1/4) ; -i - r + 0.00261628233610935*sqrt(Abs(i))
2689,0.8568068370274489,B0 + B1*sqrt(Abs(i - s)) ; B2 + r + sqrt(Abs(i)),0.023434691825859 - 0.0016926387818326*sqrt(Abs(i - s)) ; r + sqrt(Abs(i)) - 0.301345360989546
2690,0.8567882493480916,B0*i*sqrt(Abs(s)) ; sqrt(Abs(B1 + i*r + i - r)),-0.000372037406787023*i*sqrt(Abs(s)) ; sqrt(Abs(i*r + i - r - 77.7170035016087))
2691,0.8567651136632862,B1*sqrt(Abs(B0*s + i*s)) ; B2 - i*r + r,0.00376492596646672*sqrt(Abs(i*s - 0.51113347833061*s)) ; -i*r + r + 0.340921417051259
2692,0.8567504767356282,B0 + B1*i ; B2 + r - sqrt(Abs(r)),0.0220598859956872 - 0.000100315675013428*i ; r - sqrt(Abs(r)) + 0.148915830779867
2693,0.8566929145399609,i*sqrt(Abs(B0*i*s + B0*s**2)) ; i**3,i*sqrt(Abs(0.0817751892289955*i*s + 0.0817751892289955*s**2)) ; i**3
2694,0.8566800304499208,B0*sqrt(Abs(-i + s + sqrt(Abs(s)))) ; B1 + 2*i + r,0.0351738288287279*sqrt(Abs(-i + s + sqrt(Abs(s)))) ; 2*i + r - 1.25079394072938
2695,0.8566281147728443,B0*i + B1*i**2 + B1*s ; B2*i,0.0136296878681659*i**2 + 0.555911127362918*i + 0.0136296878681659*s ; 0.661459785028901*i
2696,0.8566231745706113,B0*s - s*sqrt(Abs(B1 + i)) ; 2*i - r**2,-s*sqrt(Abs(i - 10.0908831528793)) + 9.53374706729608*s ; 2*i - r**2
2697,0.8566110626764867,B1*sqrt(Abs(B0 + i*s)) ; Abs(r - sqrt(Abs(i)))**(1/4),0.0031810762087339*sqrt(Abs(i*s + 38.0302129508995)) ; Abs(r - sqrt(Abs(i)))**(1/4)
2698,0.8566019481591576,B0*i**2 + i**2*s ; B1 + i,i**2*s + 0.179227861684492*i**2 ; i + 0.277591416180363
2699,0.8565845521946452,B0*sqrt(Abs(-i + s + sqrt(Abs(s)))) ; i,0.023420616721978*sqrt(Abs(-i + s + sqrt(Abs(s)))) ; i
2700,0.8565798018517199,Abs(i)**(5/4)*Abs(s)**(1/8) ; B0*i + i**2 + i*r,Abs(i)**(5/4)*Abs(s)**(1/8) ; i**2 + i*r + 0.191505814267355*i
2701,0.856557438106418,B0*s + B1*s**4 ; B2 + sqrt(Abs(r)),-0.138092914588763*s**4 + 0.134242459625451*s ; sqrt(Abs(r)) + 23.8229794292383
2702,0.8565573998353874,B0*i*s + B1*i*s**2 ; sqrt(Abs(B2*r - i)),-0.00371943519117345*i*s**2 - 0.00110477617732134*i*s ; sqrt(Abs(i + 0.0576986162751381*r))
2703,0.856551744886226,B0*sqrt(Abs(i*s - s**2)) ; B1 + i,0.0318448906379428*sqrt(Abs(i*s - s**2)) ; i + 0.924940157789697
2704,0.8564574098116066,B0*i + B1*i*s + i**2 ; 2*r,i**2 + 1.32401106646944*i*s - 1.02665330515784*i ; 2*r
2705,0.8564574095495466,B0*i + B1*i*s + i**2 ; B2*sqrt(Abs(r)),i**2 + 1.32404611370754*i*s - 1.02667185146925*i ; 0.00132252006331393*sqrt(Abs(r))
2706,0.8564574072841069,B0*i + B1*i**2 + i*s ; B2*sqrt(Abs(r)),0.676034972992222*i**2 + i*s - 0.702651361080845*i ; 6.83950779069686*sqrt(Abs(r))
2707,0.8564543870103887,B0 + B1*sqrt(Abs(i)) ; B2*Abs(i)**(1/4)*Abs(r)**(3/2),0.064253391134891 - 0.05572422912771*sqrt(Abs(i)) ; 23.3631350319082*Abs(i)**(1/4)*Abs(r)**(3/2)
2708,0.8564320312613122,B0*s + i*s**2 + s**2 ; B1 + B2*i,i*s**2 + s**2 - 0.979460887734761*s ; 0.00827139527247648 - 0.190857652404803*i
2709,0.8564292083009758,B0*i**2 + B1*i**2*s ; B2 - Abs(r)**(5/4),-0.257455206561356*i**2*s + 0.258490725300325*i**2 ; 1.23942159021416 - Abs(r)**(5/4)
2710,0.8564157027011748,B0*sqrt(Abs(i + s + sqrt(Abs(s)))) ; B1*sqrt(Abs(i)),0.0232473006392589*sqrt(Abs(i + s + sqrt(Abs(s)))) ; 0.11010117359472*sqrt(Abs(i))
2711,0.8564108897517557,B0*Abs(s)**(9/4) ; B1 + B2*r,0.045050769008599*Abs(s)**(9/4) ; 0.114496058048475*r + 0.576376649546117
2712,0.8564108877934831,B0*Abs(s)**(9/4) ; sqrt(Abs(B1 + sqrt(Abs(i)))),0.0450356281170244*Abs(s)**(9/4) ; sqrt(sqrt(Abs(i)) + 0.00719577915216119)
2713,0.8563978037479352,B0*s + s*sqrt(Abs(i)) + Abs(s)**(3/2) ; B1*sqrt(Abs(i)),s*sqrt(Abs(i)) - 1.24155101909472*s + Abs(s)**(3/2) ; 0.162927692469906*sqrt(Abs(i))
2714,0.8563942739506858,B1*sqrt(Abs(B0 + i*s + s)) ; B2 + i,0.0200901620687228*sqrt(Abs(i*s + s - 0.809523503967582)) ; i + 4.20189689405302
2715,0.8563728449181401,B0*i*s - i**2*s ; B1 + i,-i**2*s - 1.50090454870239*i*s ; i + 0.0826540698122789
2716,0.8563432715556437,B0*i - i*sqrt(Abs(B1 + B2*s)) ; i + 2*r,-i*sqrt(Abs(9.16593370572402e-5*s + 0.00228361131262445)) + 0.047817211917203*i ; i + 2*r
2717,0.8563267156815212,B0*i**2 + B1*i**2*s ; sqrt(Abs(B2*r + B3)),0.00495493180316629*i**2*s - 6.74092656066296e-5*i**2 ; sqrt(Abs(0.0409098065360986*r - 0.305101086346536))
2718,0.856311745828144,B0*i ; B1*r + i*r + i,1.18562088459499*i ; i*r + i - 0.0060941695477209*r
2719,0.8562703356178859,B2*sqrt(Abs(B0 + B1*i + s)) ; B3 - 2*i + r,0.0362379532384112*sqrt(Abs(0.0181063764806973*i - s + 1.61442944320394)) ; -2*i + r + 10.4072679652918
2720,0.8562695418932972,B0*s*Abs(i - s)**(1/8) ; B1 + sqrt(Abs(B2 + B3*i)),0.0428185309888159*s*Abs(i - s)**(1/8) ; sqrt(Abs(1.84618073785818*i - 0.495804766942292)) - 0.632350951248207
2721,0.8562681140166496,B0*sqrt(Abs(-i + s**2 + s)) ; B1 + 2*i*r,0.0316557334451215*sqrt(Abs(-i + s**2 + s)) ; 2*i*r + 0.302733821561744
2722,0.8562600473083547,B0 - i - s ; B1*i + B2*i*r**2,-i - s + 1.04488406357832 ; 0.99919239554099*i*r**2 - 0.00213895148167535*i
2723,0.8562500428785195,B0*i + i**2 - i*s ; B1 + B2*r,i**2 - i*s + 0.21048481951396*i ; 0.0603438120220826 - 0.035385610501988*r
2724,0.8562341051275357,B0*i + i**2 - i*s ; B1 + i,i**2 - i*s - 0.0652233648312217*i ; i + 0.100159761714029
2725,0.85619888696403,B0 + B1*i + B1*sqrt(Abs(s)) + B2*s ; B3*Abs(r)**(3/2),0.552405025825419*i + 0.137205424352099*s + 0.552405025825419*sqrt(Abs(s)) - 0.676211436207781 ; 0.565731505138466*Abs(r)**(3/2)
2726,0.8561988729799531,B0 + B1*i + B2*s + B2*sqrt(Abs(s)) ; B3*r - i*r,0.965378348088636*i + 0.551044677172113*s + 0.551044677172113*sqrt(Abs(s)) - 1.08865577500745 ; -i*r + 0.0367848395486127*r
2727,0.8561851611888035,B0*s**2 + B1*i**2*s ; B2*i,1.16134229536543*i**2*s + 0.0243917927110401*s**2 ; 0.0999272397553124*i
2728,0.8561810744727437,B1*sqrt(Abs(B0 + s**2 + s)) ; r*sqrt(Abs(i))*Abs(B2 + r)**(1/4),0.0330922528731823*sqrt(Abs(s**2 + s + 0.12247112452072)) ; r*sqrt(Abs(i))*Abs(r + 2.56939643872394)**(1/4)
2729,0.8561757714394085,B0*i + B1*i*s + B1*s ; i,0.00865513442524136*i*s + 0.89037361756594*i + 0.00865513442524136*s ; i
2730,0.8561544582159294,B0*i**2 + B1*i*s ; B2*i + Abs(i)**(1/4),9.2096709712638e-7*i**2 + 0.00315600421659984*i*s ; 10.9033456533771*i + Abs(i)**(1/4)
2731,0.8561472286770787,B0*s**2 + B1*s*Abs(i)**(1/4) ; 2*r,-0.0652781302983821*s**2 + 0.174253550289907*s*Abs(i)**(1/4) ; 2*r
2732,0.8561096007730734,B0*i**2 + B1*i**2*s ; B2 + B3*r,-0.29556530786965*i**2*s + 0.325142643013569*i**2 ; 0.261106194468694 - 0.227900692243018*r
2733,0.8560952936113702,B0 + B1*i ; B2*i - i**2 - i*r,0.0543572158738444 - 0.225045268832173*i ; -i**2 - i*r + 1.01684959285189*i
2734,0.856065129995067,B0 + B1*s + B3*sqrt(Abs(B2 + i)) ; i,0.00892461142600796*s + 7.35511333828982*sqrt(Abs(i + 17.2497323599344)) - 30.5473821792525 ; i
2735,0.8560226511423146,B0*s + B0*Abs(i)**(1/4) ; r,0.027793060993089*s + 0.027793060993089*Abs(i)**(1/4) ; r
2736,0.8559685078661375,B0 + B1*i ; B2 - r**2 + r - Abs(r)**(3/2),0.040036071739026 - 0.000334180819694478*i ; -r**2 + r - Abs(r)**(3/2) - 3.83341287012622e-9
2737,0.8558967387000668,B0 + B1*i + B1*s**2 + B1*s ; B2 + B3*i - sqrt(Abs(i)),0.089636395108679*i + 0.089636395108679*s**2 + 0.089636395108679*s - 0.147541239588998 ; 0.661491206630937*i - sqrt(Abs(i)) + 0.1852205749474
2738,0.8558661705097653,B1*sqrt(Abs(B0 + i)) ; i,0.141804482720106*sqrt(Abs(i - 0.00533901449255859)) ; i
2739,0.8558556880172978,B0*i*s + B0*i ; i**2 - i + 2*r,0.00510799678945881*i*s + 0.00510799678945881*i ; i**2 - i + 2*r
2740,0.8558451909875875,B0*i*s + B1*i*s**2 ; sqrt(Abs(r - sqrt(Abs(B2 + r)))),-0.0188640273011843*i*s**2 + 0.000511901982653581*i*s ; sqrt(Abs(r - sqrt(Abs(r - 0.173860106803063))))
2741,0.855824299148665,B0*sqrt(Abs(i**2 + i*s - i)) ; B1 + B2*i + B2*r + B2*sqrt(Abs(r)),0.0141295253523098*sqrt(Abs(i**2 + i*s - i)) ; -0.708743756441919*i - 0.708743756441919*r - 0.708743756441919*sqrt(Abs(r)) + 1.5948735001793
2742,0.8558222786527329,B0*i ; i*sqrt(Abs(B1 + 3*i)),2.3930544621856*i ; i*sqrt(Abs(3*i - 5.94999059985723))
2743,0.8557627347572369,B0*s**2 + B1*i*s**2 ; B2 + i - 2*r,0.475856983608434*i*s**2 + 0.0171353287771111*s**2 ; i - 2*r + 0.102858405168491
2744,0.8557526861472485,B0*i - i*sqrt(Abs(i - s)) ; B1 + i - r + sqrt(Abs(r)),-i*sqrt(Abs(i - s)) + 0.447107096408984*i ; i - r + sqrt(Abs(r)) - 0.1156276402836
2745,0.855727274421465,B0*i + B1*s**2 ; B2 + r,-7.31312382533612e-5*i + 0.0424918466857306*s**2 ; r + 0.0214730695281614
2746,0.855674041244517,B0 + B1*s + B2*sqrt(Abs(i))*sqrt(Abs(s)) ; B3*i + Abs(i)**(3/2),-0.0382818476437306*s + 0.314221115790129*sqrt(Abs(i))*sqrt(Abs(s)) - 0.000524722401870402 ; 0.128013493409645*i + Abs(i)**(3/2)
2747,0.8556737392250154,B0*i + B1*Abs(i)**(3/2)*sqrt(Abs(s)) ; B2 - i + sqrt(Abs(i + r)),8.18621744537136e-5*i + 7.9075280824787e-5*Abs(i)**(3/2)*sqrt(Abs(s)) ; -i + sqrt(Abs(i + r)) + 0.0638076997426164
2748,0.8556597667802001,B0*sqrt(Abs(i)) ; B1*i + i**2 + i*sqrt(Abs(r)),0.0733184714358279*sqrt(Abs(i)) ; i**2 + i*sqrt(Abs(r)) - 0.538011821141827*i
2749,0.8556283364506581,s*Abs(B0 - i)**(1/8) ; sqrt(Abs(i)),s*Abs(i - 2964.02486399118)**(1/8) ; sqrt(Abs(i))
2750,0.85561008942096,B2*sqrt(Abs(B0*s + B1*i)) ; B3 + B4*i,0.106730534521852*sqrt(Abs(0.00026742158642211*i - 0.115190195918661*s)) ; 4.65139485131318 - 0.230641786068043*i
2751,0.8555969877653984,B0*i + B0*s**2 ; B1 + i - sqrt(Abs(r)),0.053337333476596*i + 0.053337333476596*s**2 ; i - sqrt(Abs(r)) + 0.784725733942641
2752,0.8555845909015322,B0*i*s ; 2*i*r + r**2 + r,0.298465722933899*i*s ; 2*i*r + r**2 + r
2753,0.8555351146887775,B0*i ; B1*i + r,7.42769259757624e-5*i ; -11870.6894111631*i + r
2754,0.855530687244752,B0*i ; sqrt(Abs(B1 + B2*r + B3*i)),-0.0514123831219423*i ; sqrt(Abs(0.00694407666921902*i - 0.0116378834194266*r + 0.017992734112033))
2755,0.8554189782934496,B0 + i**2 ; B1 - r,i**2 + 0.000989192088662385 ; 0.309060267337161 - r
2756,0.8553578397039787,B0*i*s + B0*i*Abs(s)**(3/2) ; B1 + r,0.000483771305637729*i*s + 0.000483771305637729*i*Abs(s)**(3/2) ; r - 0.0219861132318592
2757,0.8553162428634314,B0*i + B2*sqrt(Abs(B1 + sqrt(Abs(s)))) ; B3 - r*sqrt(Abs(i)),-0.00143442828510816*i + 0.047724019865219*sqrt(Abs(sqrt(Abs(s)) - 0.171430662085009)) ; -r*sqrt(Abs(i)) + 0.13429798433036
2758,0.8553065986361789,sqrt(Abs(B0*i*s + B1*s)) ; B2 - r,sqrt(Abs(0.00152591727719035*i*s - 0.002114055985131*s)) ; 0.0886649962885458 - r
2759,0.8552701435608492,B2*sqrt(Abs(B0*s + B1*i)) ; B3 - i + 2*r,0.0449431723133029*sqrt(Abs(0.00136789598868374*i - 0.64961847699575*s)) ; -i + 2*r + 0.738307719622736
2760,0.8552693731851286,B0*i*s + i**2*s ; B1 + i**2*r + i - 2*r,i**2*s - 0.164469631257416*i*s ; i**2*r + i - 2*r - 0.193106361824152
2761,0.855268212877686,B0*i*s ; i + sqrt(Abs(-i**2 + i*r + i)),-0.00137562997656802*i*s ; i + sqrt(Abs(-i**2 + i*r + i))
2762,0.8552662404052147,B1*sqrt(Abs(B0*s - s**2)) ; B2 - sqrt(Abs(i)),0.0337054035938298*sqrt(Abs(s**2 + 0.686630774660637*s)) ; 0.157998519046441 - sqrt(Abs(i))
2763,0.8552634653024412,B1*sqrt(Abs(B0*s + s**2)) ; B2 + i,0.0347259479008889*sqrt(Abs(s**2 + 0.634269835042544*s)) ; i + 0.0906972056227656
2764,0.8552604235007888,B2*sqrt(Abs(B0*s + B1*i)) ; B3 + i,0.0676752348578095*sqrt(Abs(0.117734013017101*i - 0.291626649261419*s)) ; i + 0.404715335926485
2765,0.8552559162866458,B1*sqrt(Abs(B0*s + s**2)) ; r + sqrt(Abs(i - r + sqrt(Abs(r)))),0.0339214688512981*sqrt(Abs(s**2 + 0.668420482773401*s)) ; r + sqrt(Abs(i - r + sqrt(Abs(r))))
2766,0.8552472145946193,sqrt(Abs(B0*s + B1*i*s)) ; r,sqrt(Abs(0.00122624069471582*i*s - 0.00197533363988762*s)) ; r
2767,0.8552464745341771,sqrt(Abs(B0*s + B1*s**2)) ; B2 + sqrt(Abs(r)),sqrt(Abs(0.00123117239958917*s**2 + 0.000751386277281171*s)) ; sqrt(Abs(r)) + 0.0259210150771326
2768,0.8552460948652029,B1*sqrt(Abs(B0*s + s**2)) ; B2 - i + 2*r,0.0343727442627757*sqrt(Abs(s**2 + 0.623324783799685*s)) ; -i + 2*r + 11.035801630988
2769,0.855239067783735,sqrt(Abs(B0*s**2 + B1*s)) ; r,sqrt(Abs(0.00104895762717026*s**2 + 0.000835413072862868*s)) ; r
2770,0.8552217959311131,B0*Abs(i)**(1/4) + B1*i ; B2*i - i**2,1.16517085099374*i - 0.00182311424494029*Abs(i)**(1/4) ; -i**2 + 1.15743099627431*i
2771,0.8552146232672517,B0*s + i*s**2 ; sqrt(Abs(r)),i*s**2 - 0.0195893023889902*s ; sqrt(Abs(r))
2772,0.8552030980435752,B0*i + B2*sqrt(Abs(B1 + s)) ; i,0.448292364315855*i + 0.0193364530482169*sqrt(Abs(s + 0.207372168435599)) ; i
2773,0.8551940271199775,B0*sqrt(Abs(i - 3*s)) ; B1 + i,0.0210035957323899*sqrt(Abs(i - 3*s)) ; i + 0.720512884223913
2774,0.8551846907573052,i*Abs(B0*s + s**2)**(1/4) ; B1*i,i*Abs(s**2 + 0.337035103122357*s)**(1/4) ; 0.870183332031517*i
2775,0.855160756372218,B2*sqrt(Abs(B0 + B1*i + s)) ; B3 - i*r + 2*r,0.0393690472981831*sqrt(Abs(0.00483734937295453*i - s + 0.221795275917087)) ; -i*r + 2*r + 0.0300941589328508
2776,0.855107101937326,B0*sqrt(Abs(i)) ; sqrt(Abs(i)),0.00102842601205355*sqrt(Abs(i)) ; sqrt(Abs(i))
2777,0.8550763905932728,Abs(i)**(3/2) ; i + sqrt(Abs(B2 + sqrt(Abs(B0 + B1*r)))),Abs(i)**(3/2) ; i + sqrt(Abs(sqrt(Abs(0.0296602657490116*r + 0.13356768348428)) - 0.41013969963632))
2778,0.8550353208910172,B0 + B1*i + B2*i*s ; B3 + i - sqrt(Abs(i - r)),0.0749445692750655*i*s - 0.0209638923040657*i + 0.012382764454748 ; i - sqrt(Abs(i - r)) + 0.185347030247454
2779,0.8549987033279872,B0*s**2 + i*s - i ; B1 - r,i*s - i - 0.00705162812860016*s**2 ; 0.545394162532825 - r
2780,0.8549957647957662,sqrt(Abs(B0*i + B1*i*s)) ; B2 - i,sqrt(Abs(1.30161550067785e-5*i*s + 2.66707491422734e-6*i)) ; 331.04662104961 - i
2781,0.8549814113914939,B0*s**2 + B1*s**3 ; B2 + sqrt(Abs(r)),-0.439202995819371*s**3 + 0.43322571227769*s**2 ; sqrt(Abs(r)) + 11.2782716537415
2782,0.8549814113506551,B0*s**2 + B1*s**3 ; sqrt(Abs(B2 - i + 2*r**2)),-0.439213557497788*s**3 + 0.433235673964454*s**2 ; sqrt(Abs(-i + 2*r**2 + 3.37390944575176))
2783,0.8549814108600303,B0*s**2 + B1*s**3 ; B2 + B3*r**2,-0.439135387705081*s**3 + 0.43316065628366*s**2 ; 13.4852952912032*r**2 + 0.352763889353969
2784,0.8549814104373177,B0*s**2 + B1*s**3 ; -Abs(r)**(1/8),-0.439243436929544*s**3 + 0.433264867381211*s**2 ; -Abs(r)**(1/8)
2785,0.8549814103775198,B0*s**2 + B1*i*s**2 ; -Abs(r)**(1/8),0.439178721606046*i*s**2 - 0.00597536296994287*s**2 ; -Abs(r)**(1/8)
2786,0.8549814103333875,B0*s**2 + B1*s**3 ; sqrt(Abs(B2*r - i*r)),-0.439114645000429*s**3 + 0.433141234577683*s**2 ; sqrt(Abs(i*r - 0.000287093880559648*r))
2787,0.8549814101196139,B0*s**2 + B1*i*s**2 ; B2*r + i*r,0.439217518331262*i*s**2 - 0.0059792631477146*s**2 ; i*r + 0.00889327026381766*r
2788,0.8549814099049332,B0*s**2 + B1*s**3 ; sqrt(Abs(B2 + B3*r - i)),-0.439273069959828*s**3 + 0.433292043334488*s**2 ; sqrt(Abs(-i + 0.00615501980180033*r + 0.000233437096112721))
2789,0.8549814096468457,B0*s**2 + B1*s**3 ; r,-0.439231904197383*s**3 + 0.43325188744819*s**2 ; r
2790,0.8549814093514777,B0*s**2 + B1*s**3 ; sqrt(Abs(B2*r + B3)),-0.43929213914826*s**3 + 0.433310495766602*s**2 ; sqrt(Abs(0.271351377912617*r + 0.00202317638543848))
2791,0.8549814090352751,B0*s**2 + B1*i*s**2 ; i*r + r,0.439114550506196*i*s**2 - 0.00597481005106674*s**2 ; i*r + r
2792,0.8549814082318343,B0*s**2 + B1*s**3 ; sqrt(Abs(B2 + B3*r + i)),-0.439281956706519*s**3 + 0.433302286063831*s**2 ; sqrt(Abs(i + 0.000974603507160385*r + 0.482828354168431))
2793,0.8549813981646289,B0*s**2 + B1*s**3 ; B2 + B3*sqrt(Abs(i)) + i,-0.439432633691648*s**3 + 0.433443714203302*s**2 ; i + 0.00180553308907301*sqrt(Abs(i)) + 7.86936020255162
2794,0.8549326336821734,B0*Abs(s)**(3/2) ; B1 - i*r + Abs(i)**(3/2),0.046199191773279*Abs(s)**(3/2) ; -i*r + Abs(i)**(3/2) + 0.0215552834863325
2795,0.8549037762133488,B2*sqrt(Abs(B0*i + B1*s)) ; B3 + B4*sqrt(Abs(i)),0.168497652395954*sqrt(Abs(0.000109383218546008*i - 0.0419969640378725*s)) ; 5.66195566412692*sqrt(Abs(i)) - 0.0605269955726746
2796,0.854891949823857,B0*i**2 ; B1 + i + r,7.11487790675363e-7*i**2 ; i + r + 224.128822130854
2797,0.8548711737385509,B0*s*Abs(i)**(7/2) ; -i + 2*r,5.87459547608769e-9*s*Abs(i)**(7/2) ; -i + 2*r
2798,0.8547976033031764,B0*sqrt(Abs(s*sqrt(Abs(i)) - s)) ; Abs(i + r**2 + r)**(1/4),0.0127397633284173*sqrt(Abs(s*sqrt(Abs(i)) - s)) ; Abs(i + r**2 + r)**(1/4)
2799,0.8547918854412899,i**2*s ; B0 - r,i**2*s ; 0.327719403287755 - r
2800,0.8547705785328994,s*sqrt(Abs(B0*i + B0*s)) ; B1*sqrt(Abs(i)) + r*sqrt(Abs(i)) - 2*r,s*sqrt(Abs(0.00023848201365329*i + 0.00023848201365329*s)) ; r*sqrt(Abs(i)) - 2*r - 1.11513069772181*sqrt(Abs(i))
2801,0.8547454178367768,B0*i + i**2 + Abs(i)**(3/2) ; i + sqrt(Abs(B3 + sqrt(Abs(B1 + B2*r)))),i**2 + 0.717990044785093*i + Abs(i)**(3/2) ; i + sqrt(Abs(sqrt(Abs(0.656835807235544*r + 15.675604463516)) - 4.13233756735525))
2802,0.8547442150136543,B1*sqrt(Abs(B0 - i + 2*s)) ; B2 + B3*i - i**2,0.0253477697340942*sqrt(Abs(-i + 2*s + 0.0504680663600149)) ; -i**2 + 0.192097565365643*i + 0.0158180594057542
2803,0.8547248880454638,sqrt(Abs(B0*Abs(i)**(3/2) + B1*s)) ; r,sqrt(Abs(0.00159610964322719*s + 0.000249776578187598*Abs(i)**(3/2))) ; r
2804,0.8546632384491233,B0*sqrt(Abs(s)) + B1*Abs(s)**(3/2) ; -i + r - Abs(i)**(1/8),0.0126972839544881*Abs(s)**(3/2) + 0.0290710004419478*sqrt(Abs(s)) ; -i + r - Abs(i)**(1/8)
2805,0.8546572678932217,B0*s - i*s ; i**2,-i*s + 0.196721829114402*s ; i**2
2806,0.8546498213262385,B0*sqrt(Abs(s)) + B1*Abs(s)**(3/2) ; B2 + r - Abs(r)**(1/8),0.0139604608073576*Abs(s)**(3/2) + 0.0288585539363054*sqrt(Abs(s)) ; r - Abs(r)**(1/8) + 7.06416295069021
2807,0.8546459442741896,B0*sqrt(Abs(s)) + B1*Abs(s)**(3/2) ; B2 + B3*sqrt(Abs(i - r)),0.0143198354145398*Abs(s)**(3/2) + 0.0286423955454935*sqrt(Abs(s)) ; 2.64044606436683*sqrt(Abs(i - r)) + 0.000224596498478287
2808,0.8546400416356537,B0*sqrt(Abs(s)) + B1*Abs(s)**(3/2) ; sqrt(Abs(r)),0.0143235453019612*Abs(s)**(3/2) + 0.0285815391084656*sqrt(Abs(s)) ; sqrt(Abs(r))
2809,0.8546397546742805,B0*sqrt(Abs(s)) + B1*Abs(s)**(3/2) ; B2 + B3*i + B4*r,0.0133947077155571*Abs(s)**(3/2) + 0.0283499620717841*sqrt(Abs(s)) ; 0.726483217965256*i + 0.000600899457406487*r + 18.2444420466505
2810,0.8545766675595953,B0*sqrt(Abs(s)) + B1*Abs(s)**(3/2) ; i,0.0101494779515958*Abs(s)**(3/2) + 0.0297058676618107*sqrt(Abs(s)) ; i
2811,0.8545169514140778,B1*sqrt(Abs(B0 + i)) ; B2 + i,0.152793004859189*sqrt(Abs(i + 0.00375415270037127)) ; i + 0.0102348413116813
2812,0.854501887248857,sqrt(Abs(B0*s + B1*i*s)) ; B2 - i,sqrt(Abs(2.14461072857565e-5*i*s - 0.00080269146454867*s)) ; -i - 0.0458482769497283
2813,0.8544618828953319,sqrt(Abs(B0*s + B1 + B2*i)) ; r,sqrt(Abs(9.21357879556771e-6*i + 0.00124590406126156*s + 0.00021662666171416)) ; r
2814,0.8544609797279467,B2*sqrt(Abs(B0 + B1*s)) ; 3*r - sqrt(Abs(B3 + i)),0.290765966991121*sqrt(Abs(0.0146055715274275*s + 0.00264161769077664)) ; 3*r - sqrt(Abs(i + 8.65472097602451))
2815,0.8544607407499935,B1*sqrt(Abs(B0 + s)) ; 3*i + r + sqrt(Abs(i)),0.0351107073025203*sqrt(Abs(s + 0.17892322690327)) ; 3*i + r + sqrt(Abs(i))
2816,0.8544588367459156,B0*Abs(s)**(5/2) ; B1*sqrt(Abs(r)) + i**2,0.0447976579887534*Abs(s)**(5/2) ; i**2 + 1.19559374763067*sqrt(Abs(r))
2817,0.8544493979741222,B0 + B1*s ; B3*r**2*sqrt(Abs(B2 + i)),0.0406467599568681*s + 0.0098237470076203 ; 0.00125286729732374*r**2*sqrt(Abs(i + 0.00855682134000039))
2818,0.8544493979422665,B0 + B1*s ; B3*i*sqrt(Abs(B2 + i + r)),0.0406460640989954*s + 0.00982458620562027 ; 0.10131529605676*i*sqrt(Abs(i + r + 0.0142200699072001))
2819,0.8544493978598132,B0 + B1*s ; B2 + B3*sqrt(Abs(i + r)) + r,0.0406446376537593*s + 0.0098229759376943 ; r + 14.5701830550654*sqrt(Abs(i + r)) + 0.00179694442994418
2820,0.854449397784035,B0 + B1*s ; B2*sqrt(Abs(i)) + B3*Abs(i)**(3/2),0.0406475555558322*s + 0.00982042296649546 ; 12.7260789248355*Abs(i)**(3/2) + 19.2452374228191*sqrt(Abs(i))
2821,0.8544493977321217,B0 + B1*s ; i - r + sqrt(Abs(B2 + 2*r)),0.0406506429805883*s + 0.00982079414345721 ; i - r + sqrt(Abs(2*r + 9.15006614159914))
2822,0.8544493977128306,B0 + B1*s ; i + sqrt(Abs(B2*Abs(r)**(3/2) - i)),0.0406510722445345*s + 0.00982157196368412 ; i + sqrt(Abs(i - 0.0653960194767027*Abs(r)**(3/2)))
2823,0.8544493966229839,B0 + B1*s ; B2 + 2*r + sqrt(Abs(i - r)),0.0406505815929279*s + 0.00981539644998334 ; 2*r + sqrt(Abs(i - r)) + 0.0115673972827808
2824,0.8544493964380766,B0 + B1*s ; B2 + sqrt(Abs(B3 + 2*i + r)),0.0406420595451959*s + 0.0098185197212679 ; sqrt(Abs(2*i + r + 0.149497195859374)) + 1.33786882929802
2825,0.8544493964342267,B0 + B1*s ; B2*sqrt(Abs(i)) + 2*i - r,0.0406532002339112*s + 0.00982685690934415 ; 2*i - r + 12.0840645042345*sqrt(Abs(i))
2826,0.8544493957120944,B0 + B1*s ; B2*i + B2*sqrt(Abs(i))*sqrt(Abs(r)),0.0406383930228621*s + 0.00983302461414997 ; 0.005790092451205*i + 0.005790092451205*sqrt(Abs(i))*sqrt(Abs(r))
2827,0.8544493952650252,B0 + B1*s ; sqrt(Abs(i + Abs(B2 + i**2)**(1/4))),0.0406585934717667*s + 0.00982371763183325 ; sqrt(Abs(i + Abs(i**2 + 0.683870663923262)**(1/4)))
2828,0.8544492097188647,B0 + B1*s ; i*r + i*sqrt(Abs(i + r)),0.0407575678010504*s + 0.00978187646764913 ; i*r + i*sqrt(Abs(i + r))
2829,0.8544492067544657,B0 + B1*i + B2*s ; r*sqrt(Abs(B3*i + i*r)),-0.0817996446945605*i - 0.0410412084166218*s + 0.091581197610674 ; r*sqrt(Abs(i*r + 0.00382263200521542*i))
2830,0.8544492060827158,B0 + B1*s ; i*sqrt(Abs(r)) + i + Abs(r)**(3/2),0.0407586321479242*s + 0.00978147848180392 ; i*sqrt(Abs(r)) + i + Abs(r)**(3/2)
2831,0.8544492017505323,B0 + B1*s ; -i*r - i*sqrt(Abs(r)) + i,0.0407598871769907*s + 0.00978100922912245 ; -i*r - i*sqrt(Abs(r)) + i
2832,0.8544438025017888,B1*sqrt(Abs(B0 + i + 2*s)) ; B2*r,0.0358157049063111*sqrt(Abs(i + 2*s - 0.822314440748305)) ; 0.0235643052472818*r
2833,0.8544431702926487,B2*sqrt(Abs(B0 + B1*i - s)) ; sqrt(Abs(B3*r + r*Abs(i)**(3/2))),0.025077771692007*sqrt(Abs(2.96318740532014*i + s - 3.31857408207245)) ; sqrt(Abs(r*Abs(i)**(3/2) + 0.357548530917356*r))
2834,0.854442773436453,B1*sqrt(Abs(B0 + i + 2*s)) ; B2*r + i*r,0.0352400089429963*sqrt(Abs(i + 2*s - 0.808258497763847)) ; i*r + 0.0106991881452083*r
2835,0.8544162335803259,B1*sqrt(Abs(B0 + 3*s)) ; B2*r,0.0204597012161339*sqrt(Abs(3*s + 0.487018855848323)) ; 54.5655104322252*r
2836,0.8544136977448654,i*sqrt(Abs(B0*i*s + B1*i)) ; i,i*sqrt(Abs(62.0177932050974*i*s - 7.97939692282119*i)) ; i
2837,0.8544055923240602,B1*sqrt(Abs(B0 - 2*i + s)) ; B2*sqrt(Abs(r)),0.0205328207020132*sqrt(Abs(-2*i + s + 2.64013647495934)) ; 0.0047929449059793*sqrt(Abs(r))
2838,0.8543957921952546,B0 + B2*sqrt(Abs(B1 + i)) ; B3*r*sqrt(Abs(i)) + 2*r,4.27831149015168 - 0.58797349366429*sqrt(Abs(i + 51.7039880977023)) ; 0.0501351385727888*r*sqrt(Abs(i)) + 2*r
2839,0.8543811423607567,B0*i ; B1 + i - sqrt(2)*sqrt(Abs(i)),-0.0779097926929937*i ; i - sqrt(2)*sqrt(Abs(i)) + 0.745063555719503
2840,0.8543804394497823,B2*sqrt(Abs(B0*i + B1 + s)) ; 2*i,0.0351068246545297*sqrt(Abs(0.0201706526303173*i + s + 0.142485346912052)) ; 2*i
2841,0.8543670049222809,B0*i + B1*sqrt(Abs(s)) + 2*s ; B2 + B3*i + B4*r,0.00493788823732639*i + 2*s - 1.98633720152963*sqrt(Abs(s)) ; 22.6633414810043*i + 22.8118175371936*r - 3.97512148483786
2842,0.8543576904718075,B1*sqrt(Abs(B0 + s)) ; B2 + B3*sqrt(Abs(i)) + B4*r,0.0360920491978847*sqrt(Abs(s + 0.20485237404923)) ; 0.00176041518511738*r + 0.0245637114718611*sqrt(Abs(i)) + 0.113745994230261
2843,0.8543523152195411,B0*s**2 + B1*i*s**2 ; i - r,0.80837786893121*i*s**2 - 0.00766643769208851*s**2 ; i - r
2844,0.8543281613083565,B0*sqrt(Abs(-i + s + sqrt(Abs(s)))) ; r*sqrt(Abs(i)),0.0183854803752224*sqrt(Abs(-i + s + sqrt(Abs(s)))) ; r*sqrt(Abs(i))
2845,0.8543229531435534,B0*i*s + i*s**2 ; B1 + i + r - sqrt(Abs(r)),i*s**2 - 0.00826565619437973*i*s ; i + r - sqrt(Abs(r)) + 0.185713027673698
2846,0.8543124445694923,B0*s + B1*s*sqrt(Abs(i - s)) ; B2*r**2 + B3*i*Abs(r)**(3/2),-0.184556128773123*s*sqrt(Abs(i - s)) + 0.192434517749124*s ; 0.0225862130672012*i*Abs(r)**(3/2) + 13.6454392430347*r**2
2847,0.8543076596443995,B2*sqrt(Abs(B0 + B1*i)) ; i + r,0.00737698508284574*sqrt(Abs(0.22166907351164*i + 8.9919271944868)) ; i + r
2848,0.8543022502652792,sqrt(Abs(B0*Abs(i)**(1/4) + B1*i)) ; r,sqrt(Abs(0.00184951571632246*i - 0.00214048259935392*Abs(i)**(1/4))) ; r
2849,0.8542999902958797,B0*i ; B1*r + B2*r**3 + i,-0.305222950252005*i ; i - 1.04598577235437*r**3 + 0.87038907078173*r
2850,0.8542851724879733,B1*sqrt(Abs(B0 + i - 2*s)) ; B2*r,0.0207791131978335*sqrt(Abs(-i + 2*s + 1.72653967858667)) ; 0.000348573279529312*r
2851,0.8542610275165571,B0*sqrt(Abs(-i + s + sqrt(Abs(s)))) ; r*sqrt(Abs(B1 + r)),0.0179776428169146*sqrt(Abs(-i + s + sqrt(Abs(s)))) ; r*sqrt(Abs(r + 8.87957121076095))
2852,0.8542189203206522,B0*i + B1*sqrt(Abs(i**2 - i)) ; B2 + B3*r - i,0.0935901699519217*i - 0.0940386199504467*sqrt(Abs(i**2 - i)) ; -i - 0.882322451224515*r - 0.284586992274203
2853,0.8542031639666575,B0*i + B1*s + B2*i*s ; B3 + r,-0.000693713383531019*i*s - 0.000108036577337357*i + 0.0226810188543883*s ; r + 0.0193494527251855
2854,0.8541978035060379,B0*i + i**2 + i*s ; B1*i,i**2 + i*s - 0.682578734305756*i ; 0.0874708732683728*i
2855,0.8541812502429982,B1*sqrt(Abs(B0 + i + 2*s)) ; i,0.0244544652956947*sqrt(Abs(i + 2*s + 0.361982608816766)) ; i
2856,0.8541497961188268,B0*Abs(i)**(3/2) + B1*s*sqrt(Abs(i)) ; B2 + 2*r,0.00766139934262549*s*sqrt(Abs(i)) + 4.25791186968873e-6*Abs(i)**(3/2) ; 2*r + 0.000343332868259021
2857,0.8540291441028527,B0*sqrt(Abs(i + s)) ; B1 + i + r,0.00577985393023666*sqrt(Abs(i + s)) ; i + r - 0.42173682507092
2858,0.8540191271735438,-s**3 + Abs(s)**(5/2) ; B0 + i + r + Abs(i)**(1/4),-s**3 + Abs(s)**(5/2) ; i + r + Abs(i)**(1/4) + 0.421265062454548
2859,0.8539883892620868,B0*sqrt(Abs(i)) + B1*i + B1*s ; B2 + 2*i + r,0.0395440913699005*i + 0.0395440913699005*s + 0.0560396673570551*sqrt(Abs(i)) ; 2*i + r - 0.0106337237671698
2860,0.8539813651174323,B0*i + B1*s ; B2 + B3*i - i**2 + r,-0.0135063078095494*i + 0.0545738283172762*s ; -i**2 - 0.0641656924070201*i + r + 0.00906623785282802
2861,0.8539001351334438,B0*i*Abs(s)**(1/4) ; B1 + B2*sqrt(Abs(i)) - i,0.000224334609728979*i*Abs(s)**(1/4) ; -i - 2.96111897051826*sqrt(Abs(i)) - 2.80821714118284
2862,0.8538910707811954,B1*sqrt(Abs(B0 + i*s - i)) ; B2*i + r,0.00351821599693496*sqrt(Abs(i*s - i + 125.679934572135)) ; -1.65661593758115*i + r
2863,0.8538758823789567,B0*s + B1*i*s**2 ; B2*sqrt(Abs(i)) + r*sqrt(Abs(i)) - Abs(i)**(3/2),0.00244559840515788*i*s**2 + 0.241198170384863*s ; r*sqrt(Abs(i)) - Abs(i)**(3/2) + 1428.05202173914*sqrt(Abs(i))
2864,0.8538657872333374,B0 + i*s**2 ; sqrt(Abs(B1*i + i**2)),i*s**2 + 0.00504460189771159 ; sqrt(Abs(i**2 - 0.0231806463393967*i))
2865,0.8538619206133928,B1*sqrt(Abs(B0 + s)) ; sqrt(Abs(B2*i + B3*i*r)),0.0356760294021623*sqrt(Abs(s + 0.30140882577643)) ; sqrt(Abs(34.4055602162725*i*r + 0.000123707019794689*i))
2866,0.8538556489474988,B0*i**2*s ; B1*i + 2*i*r + r,1.03106996136275*i**2*s ; 2*i*r + 0.49441611340275*i + r
2867,0.8538327379863488,s*sqrt(Abs(B0 - s)) ; B1*i**3*r,s*sqrt(Abs(s - 7.23749222611033)) ; 7.5869986445388*i**3*r
2868,0.8538135551805217,B0 + B1*i + B2*s ; B3 + B4*i - i**2 + i*r,-0.108455013713521*i + 0.0579074717449483*s - 0.028259728228168 ; -i**2 + i*r - 1.54852125175794*i + 0.056362521823882
2869,0.8537686954172662,B0 + B1*i + B1*sqrt(Abs(B2 + i*s)) ; Abs(i)**(3/2),0.245451456875462*i + 0.245451456875462*sqrt(Abs(i*s + 0.138758984949855)) - 0.093136203862834 ; Abs(i)**(3/2)
2870,0.8537201011309781,B0 + B1*i + B1*s**2 ; B2*i,0.0525808964169023*i + 0.0525808964169023*s**2 - 0.00311750445405526 ; 0.0711464993793738*i
2871,0.8536626897172153,B0*i + B1*sqrt(Abs(i))*sqrt(Abs(s)) ; B2 + i*sqrt(Abs(B3*i + i*r)),0.155689626874742*i + 0.296276300354147*sqrt(Abs(i))*sqrt(Abs(s)) ; i*sqrt(Abs(i*r + 0.287568839776182*i)) + 0.0521896106037789
2872,0.8536383409180565,Abs(i)**(3/2) ; sqrt(Abs(B0 + B1*i)),Abs(i)**(3/2) ; sqrt(Abs(0.0743076265654546*i + 0.0043207560069733))
2873,0.8536170113108713,B1*sqrt(Abs(B0 + i*s)) ; Abs(i + r)**(1/4),0.0135160712646948*sqrt(Abs(i*s + 6.80825394844447)) ; Abs(i + r)**(1/4)
2874,0.8536091719209221,B0*i ; i + 2*r,-0.000119641042792767*i ; i + 2*r
2875,0.8535918690258523,B1*sqrt(Abs(B0 - s)) ; B2 + B3*i*r + B3*i,0.0376160897226698*sqrt(Abs(s + 0.18101365479173)) ; 88.5104101189445*i*r + 88.5104101189445*i + 0.000112462489197338
2876,0.853579265617542,B0 + B1*i*sqrt(Abs(s)) ; sqrt(Abs(r)),-0.0849899100252343*i*sqrt(Abs(s)) + 0.0374477404240368 ; sqrt(Abs(r))
2877,0.8535636341657062,B0*sqrt(Abs(i))*Abs(s)**(1/4) ; B1 - i,0.00226430086482909*sqrt(Abs(i))*Abs(s)**(1/4) ; 7.40466163793008 - i
2878,0.8535468546880663,B0*i + B1*sqrt(Abs(s)) + B2*s ; B3 + 2*r,-0.000405641915119467*i + 0.080094570710024*s - 0.0432258016629842*sqrt(Abs(s)) ; 2*r + 0.000393229327605881
2879,0.8534684436931066,B0*i**2 + B1*i**2*s ; B2 - i*r - i,0.0445617223447445*i**2*s + 0.00200138039847253*i**2 ; -i*r - i - 0.0188138515251594
2880,0.8534662815689925,B0*sqrt(Abs(i))*Abs(s)**(1/4) ; B1 + sqrt(Abs(B2 + r)),0.00216191154784089*sqrt(Abs(i))*Abs(s)**(1/4) ; sqrt(Abs(r + 13.0953096364717)) + 24.979282410851
2881,0.8534367186868353,B0*i**2 ; B1*i + i*r,15.96609851439*i**2 ; i*r + 0.299326816762726*i
2882,0.8534245694871201,s*sqrt(Abs(B0*s + B1*i*s)) ; i**3,s*sqrt(Abs(0.0259349477190076*i*s - 0.000914821786483084*s)) ; i**3
2883,0.8534207967912194,B0*i ; i*sqrt(Abs(B1 + i - r)),3.28960878910078*i ; i*sqrt(Abs(i - r + 11.733323854319))
2884,0.8534102355472399,s*sqrt(Abs(B0*i + B1*i*s)) ; -r + Abs(B2 + i)**(1/4),s*sqrt(Abs(0.0692358146368992*i*s - 0.0663263682501178*i)) ; -r + Abs(i + 0.346014420044183)**(1/4)
2885,0.8533220359787719,B0*i + B0*sqrt(Abs(s)) + B1*s ; B2 - r,-0.0414470552104826*i + 0.0254433464519194*s - 0.0414470552104826*sqrt(Abs(s)) ; 1.79333241496401 - r
2886,0.8532389661916814,B0*i**2 + B1*i*s ; B2 + r,1.15385653670137e-6*i**2 - 0.00047050118002307*i*s ; r + 20.9402684845557
2887,0.8532236677637042,B2*sqrt(Abs(B0*i + B1*s)) ; sqrt(Abs(i))*Abs(i + r)**(1/4),0.0138491754357663*sqrt(Abs(0.0033940171495245*i + 5.63415270906976*s)) ; sqrt(Abs(i))*Abs(i + r)**(1/4)
2888,0.853154734065094,B0*sqrt(Abs(s)) ; i*sqrt(Abs(i**2 - i*r)),0.0335176368151341*sqrt(Abs(s)) ; i*sqrt(Abs(i**2 - i*r))
2889,0.8531487732578348,B0*sqrt(Abs(s)) ; sqrt(Abs(B1*i + B2*r + B3)),0.0341022601921722*sqrt(Abs(s)) ; sqrt(Abs(0.000396424011641979*i + 0.00167568473680549*r + 0.0123279880580291))
2890,0.8531434730357866,i**2 - i*s + Abs(i)**(3/2) ; i + sqrt(Abs(B2 + sqrt(Abs(B0 + B1*r)))),i**2 - i*s + Abs(i)**(3/2) ; i + sqrt(sqrt(Abs(5.30206437215209e-5*r - 6.4610139295305e-5)) + 0.00104678506288496)
2891,0.8531243015581876,B0*sqrt(Abs(s)) ; sqrt(Abs(B1*i + B2*i*r)),0.033517633577641*sqrt(Abs(s)) ; sqrt(Abs(0.00126756407530275*i*r + 0.488056206775847*i))
2892,0.8531172479505207,B0*sqrt(Abs(s)) ; sqrt(Abs(B1 + B2*r + 2*i)),0.0341022538085821*sqrt(Abs(s)) ; sqrt(Abs(2*i + 0.000222225098662767*r + 0.020699963996957))
2893,0.8531143982573505,B0*sqrt(Abs(s)) ; sqrt(Abs(B1 + B2*r + B3*i)),0.0335176451928041*sqrt(Abs(s)) ; sqrt(Abs(1.83700942600372*i + 0.0371235599674762*r + 1.34587964711586))
2894,0.8531114464345005,B0*s*sqrt(Abs(i - s)) ; r,0.0304180978716429*s*sqrt(Abs(i - s)) ; r
2895,0.8531087003009062,B0*sqrt(Abs(s)) ; sqrt(Abs(i + Abs(B1 + 2*r)**(1/4))),0.0339697199921772*sqrt(Abs(s)) ; sqrt(Abs(i + Abs(2*r + 0.000746035940280699)**(1/4)))
2896,0.8531086759486711,B0*sqrt(Abs(s)) ; sqrt(Abs(B1 + 2*i + 2*r)),0.0339697199249361*sqrt(Abs(s)) ; sqrt(Abs(2*i + 2*r + 0.0103038862677988))
2897,0.8530944778082009,B0*sqrt(Abs(s)) ; B1*i*r + B1*Abs(i)**(3/2),0.0339045949928519*sqrt(Abs(s)) ; 0.0360564748143108*i*r + 0.0360564748143108*Abs(i)**(3/2)
2898,0.8530943946624799,B0*sqrt(Abs(s)) ; sqrt(Abs(B1 + B2*i + B3*r)),0.0339045943854708*sqrt(Abs(s)) ; sqrt(Abs(1.58670727614511*i + 0.00580058766265439*r + 0.555579699301075))
2899,0.8530928223434788,i*s ; B0*i - i**2 - i*r,i*s ; -i**2 - i*r + 0.927796915046013*i
2900,0.8530864668395104,B0 + B1*i ; sqrt(Abs(B2*sqrt(Abs(i)) - 2*i + r)),0.000493034295735456*i + 0.0533597756448398 ; sqrt(Abs(2*i - r + 15.9322328845814*sqrt(Abs(i))))
2901,0.8530675644802953,B0*sqrt(Abs(s)) ; sqrt(Abs(B1*i + B1*sqrt(Abs(r)) + B2)),0.0333266769911573*sqrt(Abs(s)) ; sqrt(Abs(0.302819850712065*i + 0.302819850712065*sqrt(Abs(r)) + 0.0126385556456938))
2902,0.8530507022989842,B1*sqrt(Abs(B0 + 2*i - s)) ; 2*i,0.0340736531020663*sqrt(Abs(-2*i + s + 0.000173816276836557)) ; 2*i
2903,0.8530409837544531,B1*sqrt(Abs(B0 - i)) ; B2 + 2*i - r,0.00245554855480906*sqrt(Abs(i - 50.9798843479807)) ; 2*i - r - 0.00574425851472993
2904,0.8530302160014883,B0*s - 2*i*s ; i,-2*i*s + 0.128019234512273*s ; i
2905,0.8530231690015585,B0*i**2 ; B1 + sqrt(Abs(B2 + i)),0.368579365644737*i**2 ; sqrt(Abs(i - 0.104000764488056)) - 0.293566089108263
2906,0.8530223152445578,B0*sqrt(Abs(s)) ; -2*i + r*sqrt(Abs(B1 + r)),0.0345703463285517*sqrt(Abs(s)) ; -2*i + r*sqrt(Abs(r + 3.28547801559624))
2907,0.8530083226369566,B0*sqrt(Abs(i))*Abs(s)**(1/4) ; B1 - i**2,0.00221849334302213*sqrt(Abs(i))*Abs(s)**(1/4) ; 14.1551927400589 - i**2
2908,0.8530052803656548,B0*sqrt(Abs(s)) ; B1*i**2 + B1*Abs(i)**(3/2),0.0345634809922588*sqrt(Abs(s)) ; 0.00449689904983629*i**2 + 0.00449689904983629*Abs(i)**(3/2)
2909,0.8530011066110714,B0*s + B1*sqrt(Abs(i))*sqrt(Abs(s)) ; sqrt(Abs(r)),0.0338930042122091*s + 0.0295479148844819*sqrt(Abs(i))*sqrt(Abs(s)) ; sqrt(Abs(r))
2910,0.8529948291004391,B0*i + B0*s ; B1 - i,0.000133262114357069*i + 0.000133262114357069*s ; -i - 15.2912100368052
2911,0.8529913754722218,B1*sqrt(Abs(B0 + i)) ; B2 - i + r,0.00162206096807424*sqrt(Abs(i + 32.6012703474967)) ; -i + r + 4.88872479992478
2912,0.8529852516067655,B0*sqrt(Abs(s)) - i*sqrt(Abs(s)) ; B1 + i,-i*sqrt(Abs(s)) - 0.0239950710762039*sqrt(Abs(s)) ; i + 0.0756960447189945
2913,0.8529748896101339,Abs(i)**(3/2) ; B0 + i + sqrt(Abs(i)),Abs(i)**(3/2) ; i + sqrt(Abs(i)) - 0.275503539250699
2914,0.8529311063749758,B0 + B1*sqrt(Abs(i)) ; -i + sqrt(Abs(i)),0.0199957952061327 - 0.000717393375815844*sqrt(Abs(i)) ; -i + sqrt(Abs(i))
2915,0.8529228614031661,B0 + B1*sqrt(Abs(i)) ; B3*sqrt(Abs(B2 + i*r + i)),0.0610774681647989 - 0.0418462224469871*sqrt(Abs(i)) ; -0.0235664293605518*sqrt(Abs(i*r + i - 0.105248337616821))
2916,0.8529092395190978,B0*sqrt(Abs(i - s)) ; B1 + 2*r,0.00133082336270915*sqrt(Abs(i - s)) ; 2*r + 3.87506742941437
2917,0.8529067178842942,B1*sqrt(Abs(B0 + s**2)) ; i + sqrt(Abs(B2*r - i*r)),0.047137210270695*sqrt(Abs(s**2 - 0.00545076488336126)) ; i + sqrt(Abs(i*r - 0.882394969900478*r))
2918,0.8528891923078795,B0*sqrt(Abs(i - s)) ; B1 - i + sqrt(Abs(i)),0.00133032855531575*sqrt(Abs(i - s)) ; -i + sqrt(Abs(i)) + 8.32782917344477
2919,0.852875972063189,B0*s + B0*sqrt(Abs(i)) ; r,0.0216897160333197*s + 0.0216897160333197*sqrt(Abs(i)) ; r
2920,0.8528698109075583,B0*sqrt(Abs(i - s)) ; sqrt(Abs(B1 + i)),0.00132711470572498*sqrt(Abs(i - s)) ; sqrt(Abs(i - 1515.44289740414))
2921,0.8528530559255946,B0 + B1*i*s + B1*i ; i + r,0.00100147138363062*i*s + 0.00100147138363062*i + 0.0379074479146681 ; i + r
2922,0.8528519085695243,B0 - i ; sqrt(Abs(B1 + B2*i)),0.0118503285188756 - i ; sqrt(Abs(0.0631206655455233*i + 3.74490912635322e-6))
2923,0.8528350410767517,B0*i*Abs(s)**(1/4) ; i + sqrt(Abs(B1 + B2*i)),-0.00462391735096018*i*Abs(s)**(1/4) ; i + sqrt(Abs(1.59348763005816*i - 12.9051809983932))
2924,0.8528231234517865,B0*i**2 ; B1*sqrt(Abs(i)) + r,1.33251963642068e-6*i**2 ; r + 6.62486871599991*sqrt(Abs(i))
2925,0.8527911109460333,B0*i ; B1*sqrt(Abs(i)) + r,-0.000133075105406721*i ; r + 6.61760597452112*sqrt(Abs(i))
2926,0.8527842015048895,B0*i ; B1 + r - sqrt(Abs(i)),0.000132959632182408*i ; r - sqrt(Abs(i)) - 11.8794072476733
2927,0.8527841196670444,B0*i ; B1 + r - sqrt(Abs(r)),0.000132958684671345*i ; r - sqrt(Abs(r)) - 11.9027897867637
2928,0.8527811758510078,B0*Abs(i)**(5/4) ; B1 + B2*sqrt(Abs(i)),4.20685089954171e-5*Abs(i)**(5/4) ; 11.3339203561283*sqrt(Abs(i)) - 0.545956594922883
2929,0.8527800610190518,B0*i*s + B0*s ; B1*i + i**2 - i*r,0.0277752223050664*i*s + 0.0277752223050664*s ; i**2 - i*r - 1.72817782826417*i
2930,0.8527783116556262,B0*sqrt(Abs(i)) ; r + sqrt(Abs(B1 - i)),0.00132845760989502*sqrt(Abs(i)) ; r + sqrt(Abs(i - 121.036948793314))
2931,0.8527747916223082,B0*Abs(s)**(1/4) ; B1 + B2*r*sqrt(Abs(i)),0.0214375051300664*Abs(s)**(1/4) ; 1.65595552906486*r*sqrt(Abs(i)) + 0.00299296721172722
2932,0.8527708592312698,B0*i ; sqrt(Abs(B1*r + i)),-0.000132984422482204*i ; sqrt(Abs(i + 152.626917740254*r))
2933,0.8527693329800998,B0*Abs(s)**(1/4) ; B1 + B2*sqrt(Abs(i)) - r,0.0214375043694089*Abs(s)**(1/4) ; -r + 0.00334918045404954*sqrt(Abs(i)) + 0.000331649177365877
2934,0.8527663659873012,B0*i ; sqrt(Abs(B1 + B2*r)),-0.000132901478042682*i ; sqrt(Abs(101.436930298561*r - 27.7451729382636))
2935,0.8527652689783607,B0*i ; sqrt(Abs(B1 + B2*i)),-0.000132891587721723*i ; sqrt(Abs(95.9402521965737*i - 30.2285838675353))
2936,0.8527652627239107,B0*i ; sqrt(Abs(B1*r + B2)),-0.000132875432898912*i ; sqrt(Abs(88.7857450680083*r + 55.9673426994565))
2937,0.8527640175891641,B0*sqrt(Abs(i)) ; sqrt(Abs(B1 + B2*i)),0.00132856784616375*sqrt(Abs(i)) ; sqrt(Abs(63.977850556955*i + 47.3245889993905))
2938,0.8527637966069549,B0*sqrt(Abs(i)) ; B1 + sqrt(Abs(B2 + i)),0.00132594150574964*sqrt(Abs(i)) ; sqrt(Abs(i - 3.31717127588402)) + 32.799400395775
2939,0.8527635815120669,B0*i + B0*Abs(s)**(1/4) ; i,0.0209761889240057*i + 0.0209761889240057*Abs(s)**(1/4) ; i
2940,0.8527635579244481,B0*sqrt(Abs(i)) ; sqrt(Abs(B1 + B2*r)),0.00132816671715281*sqrt(Abs(i)) ; sqrt(Abs(55.8538824886237*r + 59.4726316900919))
2941,0.8527628081184497,B0*i ; B1 + sqrt(Abs(B2 - i)),-0.00013284534330097*i ; sqrt(Abs(i + 42.8158033899443)) + 37.5736118531617
2942,0.8527621227013022,B0*sqrt(Abs(i)) ; sqrt(Abs(B1 + i + r)),0.00132560320272429*sqrt(Abs(i)) ; sqrt(Abs(i + r + 1561.76919843973))
2943,0.8527621148120827,B0*sqrt(Abs(i)) ; sqrt(Abs(B1 + Abs(r)**(1/4))),0.00132560307197384*sqrt(Abs(i)) ; sqrt(Abs(r)**(1/4) + 1559.78993870685)
2944,0.8527597641873621,B0*Abs(i)**(3/2) ; B1 + sqrt(Abs(B2 + i)),1.32818285644797e-5*Abs(i)**(3/2) ; sqrt(Abs(i + 24.4305865478823)) + 44.3620106717161
2945,0.8527586176475789,B0*i ; B1 + sqrt(Abs(B2 + i)),-0.000132847492822607*i ; sqrt(Abs(i - 37.8244471322838)) + 32.6079562796285
2946,0.8527582896464896,B0*i ; sqrt(Abs(-B1 + i + r)),-0.000132849574736179*i ; sqrt(Abs(i + r + 1685.27731576611))
2947,0.8527582896462298,B0*i ; sqrt(Abs(B1 + i + r)),-0.000132849578110063*i ; sqrt(Abs(i + r + 1685.15528506128))
2948,0.8527581220003896,B0*i ; B1 + B2*sqrt(Abs(i)),-0.000132853868671572*i ; 0.323866612636743*sqrt(Abs(i)) + 39.0125156754343
2949,0.8527546745390786,B0*i ; B1*sqrt(Abs(i + r)),-0.000132777665026669*i ; 316.662065727151*sqrt(Abs(i + r))
2950,0.8527541168187107,B0 + B1*sqrt(Abs(i)) ; B2 + i,0.105034353257686*sqrt(Abs(i)) + 0.0028837285144641 ; i + 0.0228483395095494
2951,0.8527531476052904,Abs(i)**(3/2) ; B0*i + B0*sqrt(Abs(B1 + r)) - r,Abs(i)**(3/2) ; 1.04713698841845*i - r + 1.04713698841845*sqrt(Abs(r - 0.0691721142413614))
2952,0.8527530220240278,B0*Abs(s)**(1/4) ; r*sqrt(Abs(B1 + Abs(i)**(1/4))),0.0217978260522978*Abs(s)**(1/4) ; r*sqrt(Abs(i)**(1/4) + 0.023452225333804)
2953,0.8527527352279781,B0*sqrt(Abs(i)) ; B1*i + B1*r,0.00132567414067218*sqrt(Abs(i)) ; 1857.84429301477*i + 1857.84429301477*r
2954,0.8527518594483162,B0*Abs(s)**(1/4) ; B1 + B2*sqrt(Abs(i)) - i,0.0215943242472671*Abs(s)**(1/4) ; -i + 0.0109007232739031*sqrt(Abs(i)) + 0.3028088750586
2955,0.8527473079682043,B0*sqrt(Abs(i)) ; sqrt(Abs(B1*i + r)),0.00132868867055992*sqrt(Abs(i)) ; sqrt(Abs(79.5256686274009*i + r))
2956,0.852740070555038,B0*i ; B1*sqrt(Abs(i)) - r,0.000132826316142686*i ; -r - 16.1154068457352*sqrt(Abs(i))
2957,0.8527345610449232,B0*sqrt(Abs(i)) ; sqrt(Abs(B1*r + i)),0.00132864696919487*sqrt(Abs(i)) ; sqrt(Abs(i + 104.531980079117*r))
2958,0.8527257975923869,B0*s ; B1 + B2*i + B2*r**2,0.0474982260910801*s ; 6.39843003371704*i + 6.39843003371704*r**2 + 0.038239076906952
2959,0.8527257975922082,B0*s ; B1 + B2*i*r + B2*r,0.0474982463925413*s ; 0.000856787368919271*i*r + 0.000856787368919271*r + 0.26371662887068
2960,0.852725797590679,B0*s ; sqrt(Abs(B1 + B2*i*r - i)),2.7190297655444*s ; sqrt(Abs(21.0237910656314*i*r - i + 17.1023890558603))
2961,0.8527257975484921,B0*s ; B1 + sqrt(Abs(i**2 - i*r)),0.0474963818259217*s ; sqrt(Abs(i**2 - i*r)) + 0.0290382900646411
2962,0.8527257975358945,s*Abs(B0*i + B0*s)**(1/4) ; B1*sqrt(Abs(r)),s*Abs(5.09057755316253e-6*i + 5.09057755316253e-6*s)**(1/4) ; 0.000102542200287376*sqrt(Abs(r))
2963,0.8527257975176867,B0*s ; i + sqrt(Abs(B1 + 2*i - r)),0.0475000655812418*s ; i + sqrt(Abs(2*i - r + 0.152345559152034))
2964,0.852725797514582,B0*s ; B1 + r + sqrt(Abs(B2 + i - r)),0.0474958613293318*s ; r + sqrt(Abs(i - r + 0.0453050402678252)) + 3.39855077576867
2965,0.8527257974817877,B0*s ; B1 + i + r - sqrt(Abs(B2 + r)),0.0474954579746944*s ; i + r - sqrt(Abs(r + 85.7154709307103)) + 4.25738495822051
2966,0.8527257974443294,B0*s ; i*sqrt(Abs(B1*r + B2*i)),0.0475009045305173*s ; i*sqrt(Abs(28.3725150807017*i + 26.8358152402839*r))
2967,0.85272579726652,B0*s ; sqrt(Abs(B1 - i + sqrt(Abs(i))*sqrt(Abs(r)))),0.0475023084444423*s ; sqrt(Abs(-i + sqrt(Abs(i))*sqrt(Abs(r)) + 61.3421401738447))
2968,0.8527257972310605,B0*s ; B1 + r**2 + r*sqrt(Abs(i)),0.0475025369317842*s ; r**2 + r*sqrt(Abs(i)) + 0.000164762791487419
2969,0.8527257971890946,B0*s ; sqrt(Abs(B1*i + B2 + B3*r)),0.0475027933369492*s ; sqrt(Abs(2.06000737870457*i + 0.0287885285016707*r + 31.0848987168768))
2970,0.8527257954813551,B0*s ; sqrt(Abs(B1*i*r - i + r)),0.0474869944816139*s ; sqrt(Abs(0.023098814193285*i*r - i + r))
2971,0.8527257934079254,B0*s ; B1 + sqrt(Abs(B2*r + r**2)),0.04748251374837*s ; sqrt(Abs(r**2 + 0.107875327288294*r)) + 0.000918148596911946
2972,0.8527257899324525,B0*s ; B3*sqrt(Abs(B1*i + B2*r)),0.0474770544278508*s ; 10.2648400196336*sqrt(Abs(0.0358515841897556*i + 0.0399513047489789*r))
2973,0.8527256835489454,B0*s ; i*r - Abs(r)**(9/8),0.0474172498928224*s ; i*r - Abs(r)**(9/8)
2974,0.8527256704844659,B0*s ; -r + sqrt(Abs(3*i + r)),0.0475832767665914*s ; -r + sqrt(Abs(3*i + r))
2975,0.8527256615171315,B0*s ; r*sqrt(Abs(i)) - sqrt(Abs(i))*sqrt(Abs(r)),0.0474097983309675*s ; r*sqrt(Abs(i)) - sqrt(Abs(i))*sqrt(Abs(r))
2976,0.8527256284436855,B0*i*s + B0*s**2 ; i*r,0.0475963812525965*i*s + 0.0475963812525965*s**2 ; i*r
2977,0.8527093367667892,B0*s + s**2*Abs(i)**(1/4) ; sqrt(Abs(B1 + sqrt(Abs(i)))),s**2*Abs(i)**(1/4) - 0.959789912520009*s ; sqrt(Abs(sqrt(Abs(i)) - 1.1338346912395))
2978,0.8526975682699698,B0*Abs(i)**(3/2) ; B1 + B2*sqrt(Abs(i)),0.350627642167809*Abs(i)**(3/2) ; 0.331169495007646 - 0.949721919717624*sqrt(Abs(i))
2979,0.8526934246552791,B0*i**2 ; sqrt(Abs(B1*i + B2)),2.99816740553875*i**2 ; sqrt(Abs(0.0777279583040748*i + 0.00558414647458043))
2980,0.8526915001699956,B0 + i**2 ; B1 + sqrt(Abs(B2 + i)),i**2 - 0.00133491786417914 ; sqrt(Abs(i - 0.0255413016143239)) - 0.294992807678144
2981,0.8526866127338886,Abs(i)**(9/8) ; sqrt(Abs(B0 + B1*i)),Abs(i)**(9/8) ; sqrt(Abs(0.0280026828865358*i + 0.000774721887429839))
2982,0.8526790907409443,B0*s**2 + i*s**3 ; B1 + B2*sqrt(Abs(i + r)),i*s**3 + 0.00548208579389643*s**2 ; 0.0383913040261156 - 0.0777990859937387*sqrt(Abs(i + r))
2983,0.8526776153326919,B0*Abs(i)**(3/2) ; B1 + r - sqrt(Abs(r)),1.31666666666578e-5*Abs(i)**(3/2) ; r - sqrt(Abs(r)) + 163.152478299436
2984,0.8526759930717723,B0*sqrt(Abs(i + s)) ; B1 + r,0.00132677350222938*sqrt(Abs(i + s)) ; r + 12.0069010127749
2985,0.8526714217840751,B0*i + B0*s ; B1 + Abs(r)**(3/4),0.0102416041877872*i + 0.0102416041877872*s ; Abs(r)**(3/4) - 0.389808990834739
2986,0.8526638815840196,B1*sqrt(Abs(B0 - i)) ; sqrt(Abs(i)),4.12014966449497e-5*sqrt(Abs(i + 101430.742637733)) ; sqrt(Abs(i))
2987,0.8526624431020597,B0*sqrt(Abs(i + s)) ; sqrt(Abs(B1 + 2*i)),0.00132425395508344*sqrt(Abs(i + s)) ; sqrt(Abs(2*i - 1467.33186818711))
2988,0.8526615905422398,B1*sqrt(Abs(B0 + i)) ; 2*i,0.0715946717953065*sqrt(Abs(i - 0.0401918550670605)) ; 2*i
2989,0.8526566880418013,B0*Abs(i)**(3/8) ; B1*i + B2*i*r + i**2,0.0494416210666115*Abs(i)**(3/8) ; i**2 + 1.14921051519422*i*r - 0.355250629640989*i
2990,0.8526539339805456,B0*i + B0*s ; r,0.0131250000225424*i + 0.0131250000225424*s ; r
2991,0.8526539339805456,B0*i + B0*s ; sqrt(Abs(r)),0.0131250000172503*i + 0.0131250000172503*s ; sqrt(Abs(r))
2992,0.8526539339805456,B0*i + B0*s ; i*r,0.013124999973356*i + 0.013124999973356*s ; i*r
2993,0.8526539339805456,B0*i + B0*s ; 2*r,0.0131249999936073*i + 0.0131249999936073*s ; 2*r
2994,0.8526539339805455,B0*sqrt(Abs(i + s)) ; r,0.0131249999752128*sqrt(Abs(i + s)) ; r
2995,0.8526539330622007,B0*i + B0*s ; B1*i*Abs(r)**(3/4),0.0131227084011942*i + 0.0131227084011942*s ; 0.0256289257326729*i*Abs(r)**(3/4)
2996,0.8526539324967229,B1*sqrt(Abs(B0 + i)) ; r**2 - r,4.28460602324479e-6*sqrt(Abs(i + 9381545.76819582)) ; r**2 - r
2997,0.8526539232787566,B1*sqrt(Abs(B0 + i)) ; -r*sqrt(Abs(i)),1.2481728492999e-5*sqrt(Abs(i + 1105210.12484906)) ; -r*sqrt(Abs(i))
2998,0.852653915377081,B1*sqrt(Abs(B0 + i)) ; -i*sqrt(Abs(r)),1.70644260189335e-5*sqrt(Abs(i + 591300.118030534)) ; -i*sqrt(Abs(r))
2999,0.852653892510728,B1*sqrt(Abs(B0 + i)) ; -r,2.65395156744911e-5*sqrt(Abs(i + 244505.491791)) ; -r
3000,0.8526537559052042,B1*sqrt(Abs(B0 + i)) ; Abs(r)**(1/8),5.51231834759921e-5*sqrt(Abs(i + 56664.9652684384)) ; Abs(r)**(1/8)
3001,0.8526536282068845,B1*sqrt(Abs(B0 + i)) ; i*r,7.24766355404774e-5*sqrt(Abs(i + 32782.0737230347)) ; i*r
3002,0.8526533336148486,B1*sqrt(Abs(B0 - i)) ; r*Abs(i)**(1/4),0.000101552098738536*sqrt(Abs(i + 16694.8058801614)) ; r*Abs(i)**(1/4)
3003,0.8526531640951243,B1*sqrt(Abs(B0 - i)) ; r,8.65775771449407e-6*sqrt(Abs(i + 2275086.98693225)) ; r
3004,0.8526531434428979,B1*sqrt(Abs(B0 + i)) ; r + sqrt(Abs(r)),2.03968854870003e-5*sqrt(Abs(i + 409900.261058584)) ; r + sqrt(Abs(r))
3005,0.852653140822676,B1*sqrt(Abs(B0 + i)) ; r,2.14562451157563e-5*sqrt(Abs(i + 370423.275608662)) ; r
3006,0.8526522500916749,B1*sqrt(Abs(B0 + i)) ; -i + r,4.33401892918416e-5*sqrt(Abs(i + 90658.0506823555)) ; -i + r
3007,0.8526456586330776,B1*sqrt(Abs(B0 - i)) ; -2*i + r,0.000314910963304464*sqrt(Abs(i + 1638.26861584172)) ; -2*i + r
3008,0.8526422889290808,B1*sqrt(Abs(B0 + i)) ; sqrt(Abs(i - Abs(i)**(3/2))),8.82268402090604e-5*sqrt(Abs(i - 22009.3157347865)) ; sqrt(Abs(i - Abs(i)**(3/2)))
3009,0.8526232651773539,B0*i - Abs(i)**(3/2) ; i,1.09407935667302*i - Abs(i)**(3/2) ; i
3010,0.8526140559993369,B0*sqrt(Abs(-i*s + i + s)) ; i,0.0334311950850524*sqrt(Abs(-i*s + i + s)) ; i
3011,0.8525985983741112,B1*sqrt(Abs(B0 + s + sqrt(Abs(s)))) ; B2*i + B2*sqrt(Abs(r)) + B3*r,0.0346453727061391*sqrt(Abs(s + sqrt(Abs(s)) - 0.218661638172267)) ; 0.755362093549252*i + 0.0242824517127229*r + 0.755362093549252*sqrt(Abs(r))
3012,0.8525930283848778,B0*i + B0*s ; B1 + 2*r,-0.000132816743719085*i - 0.000132816743719085*s ; 2*r + 3.979074939179
3013,0.8525887308611673,B0 + i**2 ; B1 + B2*sqrt(Abs(i)),i**2 + 0.0121941880437628 ; 0.0477235357497154 - 0.197043997921506*sqrt(Abs(i))
3014,0.8525867774547282,B0*i ; i + sqrt(Abs(B1 - r)),-0.000352471638077803*i ; i + sqrt(Abs(r + 1369.72088041911))
3015,0.8525719009439866,B0*i + B0*s ; B1 + r,-0.000132632277467493*i - 0.000132632277467493*s ; r + 15.4043924350178
3016,0.8525716222103714,B0*s + B0*sqrt(Abs(i + s)) ; r,2.73507347088886*s + 2.73507347088886*sqrt(Abs(i + s)) ; r
3017,0.8525548244650016,B0*i + B0*s ; sqrt(Abs(B1*i + r)),-0.000132624216208944*i - 0.000132624216208944*s ; sqrt(Abs(117.742175458297*i - r))
3018,0.8525506898565935,i*Abs(B0*i + i**2)**(1/4) ; B1*i + 2*i*r,i*Abs(i**2 - 0.236848195581828*i)**(1/4) ; 2*i*r + 0.0211326369894099*i
3019,0.8525476948233813,B0*i + B0*s ; B1 + sqrt(Abs(i)),-0.00013251780658401*i - 0.00013251780658401*s ; sqrt(Abs(i)) + 36.9742121858785
3020,0.8525357662552664,B0*sqrt(Abs(i*s + i)) ; i*Abs(r)**(1/8) + i,0.205009959788373*sqrt(Abs(i*s + i)) ; i*Abs(r)**(1/8) + i
3021,0.8525255284000078,B0*i + B0*s ; B1 + i + sqrt(Abs(r)),-0.00013210529969879*i - 0.00013210529969879*s ; i + sqrt(Abs(r)) + 100.946513656124
3022,0.8524825117833156,B0*i*sqrt(Abs(s)) ; B1 + i*sqrt(Abs(r**2 - r)) - r,0.00490263671973229*i*sqrt(Abs(s)) ; i*sqrt(Abs(r**2 - r)) - r + 3.7509777427572
3023,0.8524608779754123,B0*i ; B1*i + B3*i*sqrt(Abs(B2 + i)),1.93273607988665*i ; 2.52760273206041*i*sqrt(Abs(i - 0.0241043923346329)) + 1.77086581718248*i
3024,0.852423958926295,B0*i**2 ; sqrt(Abs(B1 + B2*i)),18.0463508185942*i**2 ; sqrt(Abs(0.0502001339612898*i + 0.00142913473367413))
3025,0.8524107904325308,sqrt(Abs(B0*sqrt(Abs(s)) + B1*s)) ; B2*r**2 + B2*r*sqrt(Abs(i)),sqrt(Abs(0.00157420434095979*s + 0.000563002118519158*sqrt(Abs(s)))) ; 0.000962862404313096*r**2 + 0.000962862404313096*r*sqrt(Abs(i))
3026,0.8524091937095268,sqrt(Abs(B0*sqrt(Abs(s)) + B1*s)) ; B2*i*r + B2*r*sqrt(Abs(i)),sqrt(Abs(0.00158332267095858*s + 0.000601889598792183*sqrt(Abs(s)))) ; 0.00438609993464885*i*r + 0.00438609993464885*r*sqrt(Abs(i))
3027,0.8523877296997572,B0*i*Abs(s)**(1/4) ; B1*sqrt(Abs(i)) - 2*r,-0.000230115574864093*i*Abs(s)**(1/4) ; -2*r + 2449.9268363917*sqrt(Abs(i))
3028,0.8523825000948305,B0 + B1*sqrt(Abs(s)) ; B2*Abs(i)**(1/16),0.0486852734993196*sqrt(Abs(s)) - 0.000355113876953101 ; 0.0110476557145422*Abs(i)**(1/16)
3029,0.852365518536156,B0 + B1*sqrt(Abs(s)) ; B2 + 2*r*sqrt(Abs(i)),0.0490212922876188*sqrt(Abs(s)) - 0.000371393500202728 ; 2*r*sqrt(Abs(i)) + 0.100890373519427
3030,0.8523654891129261,B0 + B1*sqrt(Abs(s)) ; B2*Abs(i)**(3/2) - Abs(i)**(5/2),0.0490704764598422*sqrt(Abs(s)) - 0.000373599420462829 ; -Abs(i)**(5/2) + 1.88956709949215*Abs(i)**(3/2)
3031,0.8523579962087521,B0*i + B1*s ; B2 + B3*i + B4*i*r,0.0090865997184859*i + 0.0504456049977085*s ; -0.019496222139835*i*r + 41.6982725004298*i + 2.73146227674591
3032,0.8523200611562384,B0*Abs(s)**(1/8) ; B1 + B2*i,0.0171717525371723*Abs(s)**(1/8) ; 0.010340274739717*i + 0.00681702110986123
3033,0.8523176999105453,B0 + sqrt(Abs(B1*i*s + B2*i)) ; B3 + 2*i,sqrt(Abs(0.0856710384738605*i*s + 0.373938272056113*i)) - 0.598578593992288 ; 2*i + 2.00086867420521
3034,0.8523012656028146,B0*i*s + B1*i**2*s ; sqrt(Abs(r - sqrt(Abs(i)))),-8.22080927905154e-5*i**2*s - 0.00873225895182875*i*s ; sqrt(Abs(r - sqrt(Abs(i))))
3035,0.8522964826972618,B0*s**2 + B1*i*s**2 ; B2 + B3*i + B4*i*sqrt(Abs(r)),-1.56727800985598*i*s**2 - 0.297474226717096*s**2 ; -0.481442714443318*i*sqrt(Abs(r)) + 0.732163588565219*i + 0.156163454380412
3036,0.852279073181966,B0 + B2*sqrt(Abs(B1 + i)) ; B3 - i + sqrt(Abs(i)),0.0234691415618846 - 0.00116686461037528*sqrt(Abs(i + 0.00420695320478643)) ; -i + sqrt(Abs(i)) - 0.0790922298694933
3037,0.8522112650085121,B0*i*s + B1*i*s**2 ; i,-2.29519374374013*i*s**2 + 3.23680885102348*i*s ; i
3038,0.8521675442812573,B0*i + B1*sqrt(Abs(s)) ; B2*i + 2*i**2,3.50746120830546e-6*i + 0.0467249313552605*sqrt(Abs(s)) ; 2*i**2 + 4.90296124222017*i
3039,0.8520630746053731,B0*Abs(i)**(3/8) ; B1*r,0.0128976659084171*Abs(i)**(3/8) ; 2.24108414842179*r
3040,0.8519318885055517,B1*Abs(B0 + sqrt(Abs(s)))**(1/4) ; B2 + B3*sqrt(Abs(i)),0.0233200007524498*Abs(sqrt(Abs(s)) - 0.344573069642438)**(1/4) ; 0.0149834960416072*sqrt(Abs(i)) + 0.00412750325397404
3041,0.8518853144016678,i*s**2 ; B0*i + i**2,i*s**2 ; i**2 + 0.514597948299532*i
3042,0.8518518393533691,B0 + B1*i*sqrt(Abs(s)) ; i + Abs(r)**(7/8),0.0123533436153124*i*sqrt(Abs(s)) + 0.0469623529053321 ; i + Abs(r)**(7/8)
3043,0.8518379221594303,B0 + B1*s**2 ; B2*i + B3*i*r,0.0398678601015799*s**2 + 0.00532525927228044 ; 11.6890448017676*i*r + 44.077308370956*i
3044,0.8517639412562403,B0*i - i*sqrt(Abs(i - 2*s)) ; B1 + i,-i*sqrt(Abs(i - 2*s)) + 0.131759339143546*i ; i + 0.0887163999580893
3045,0.8517577738401152,B0 + B1*i + B2*i*s ; B3 + sqrt(Abs(r**3 + r**2)),-0.000624904216336183*i*s + 8.13029714757244e-5*i + 0.019356977593743 ; sqrt(Abs(r**3 + r**2)) + 0.0307556993003471
3046,0.8517489752179952,B0*s + B1*sqrt(Abs(i - s)) ; i*sqrt(Abs(B2 + B3*r + B4*i)),-0.156907796456683*s + 0.19176648417166*sqrt(Abs(i - s)) ; i*sqrt(Abs(0.0160605835602505*i - 0.0763309593505589*r + 0.0651561584764192))
3047,0.8516499441736565,B0*sqrt(Abs(i)) ; -i + r + sqrt(Abs(r)),0.00131581682325959*sqrt(Abs(i)) ; -i + r + sqrt(Abs(r))
3048,0.8516197207665944,B0 + B1*i ; sqrt(Abs(B2 + 2*i - r)),0.000330724586933646*i + 0.0420481238656583 ; sqrt(Abs(2*i - r + 30.0224645576154))
3049,0.8515888991422785,B0*s + B0*sqrt(Abs(i)) + B0*sqrt(Abs(s)) ; B1*sqrt(Abs(i)),0.0199604002621561*s + 0.0199604002621561*sqrt(Abs(i)) + 0.0199604002621561*sqrt(Abs(s)) ; 0.0785821571590625*sqrt(Abs(i))
3050,0.8515882507081228,B0*i ; Abs(i)**(1/4),-5.57481434202025e-5*i ; Abs(i)**(1/4)
3051,0.851575371519264,B0*s + s*sqrt(Abs(i)) ; B1*sqrt(Abs(i)),s*sqrt(Abs(i)) - 0.119557448400433*s ; 0.150351959767565*sqrt(Abs(i))
3052,0.8515520614479293,sqrt(Abs(B0*sqrt(Abs(s)) + B1)) ; B2*i*r + B2*Abs(i)**(3/2),sqrt(Abs(0.00145087155579052*sqrt(Abs(s)) - 0.000420629195021433)) ; 0.655345387001015*i*r + 0.655345387001015*Abs(i)**(3/2)
3053,0.8515017850790119,B0*i**2*s + B0*i*s ; B1*r - i*r + r*sqrt(Abs(i)),0.248560463549563*i**2*s + 0.248560463549563*i*s ; -i*r + r*sqrt(Abs(i)) + 0.171503120138652*r
3054,0.8515017016999858,B0*i**2*s + B0*i*s ; r,0.248674448159828*i**2*s + 0.248674448159828*i*s ; r
3055,0.8514703290589589,B0*i - i**2 ; B1*i + i**2 + sqrt(Abs(i)),-i**2 - 0.420687842133322*i ; i**2 + 1.95854779932696*i + sqrt(Abs(i))
3056,0.8514309878106129,B1*sqrt(Abs(B0 - sqrt(Abs(s)))) ; Abs(B2 + B3*sqrt(Abs(i)) + i)**(1/4),0.0357796924142355*sqrt(Abs(sqrt(Abs(s)) - 0.263391406254391)) ; Abs(i + 93.4322307134932*sqrt(Abs(i)) + 0.00196101476514629)**(1/4)
3057,0.851422294508634,B0*i**2 + B1*i**3 ; B2 + B3*i + i**2 - i*r,-4.02717425495313*i**3 + 1.80680600874393*i**2 ; i**2 - i*r + 1.49254849455925*i - 0.546147181552894
3058,0.851380269841534,B0*i + B1*s**2 ; sqrt(Abs(i)),-4.50731641090446e-5*i + 0.0451657316376846*s**2 ; sqrt(Abs(i))
3059,0.8513585946513639,B0*sqrt(sqrt(Abs(i)) + sqrt(Abs(s))) ; B1*sqrt(Abs(i)),0.0197100022757894*sqrt(sqrt(Abs(i)) + sqrt(Abs(s))) ; 0.229660226418449*sqrt(Abs(i))
3060,0.8513231575139042,B0*sqrt(Abs(i)) + B1*i*s ; i,0.676883097197465*i*s + 0.100150217195149*sqrt(Abs(i)) ; i
3061,0.8513024047552488,B0*i - i*sqrt(Abs(i - s)) ; B1 + i*r + r,-i*sqrt(Abs(i - s)) + 1.17446814807182*i ; i*r + r + 0.000259581349233563
3062,0.8512821968694309,B0*i + B1*i**2*s ; sqrt(Abs(i - r)),1.59305327125508e-5*i**2*s + 2.21130288293873e-5*i ; sqrt(Abs(i - r))
3063,0.8512172193622544,B1*sqrt(Abs(B0 - i + sqrt(Abs(s)))) ; B2*i + r,0.0429396830266673*sqrt(Abs(i - sqrt(Abs(s)) + 0.645413801743418)) ; 3.57755721698775*i + r
3064,0.8511856761328611,B0 + B1*sqrt(Abs(i - s)) ; B2 + i - r + sqrt(Abs(i)),0.0259398403580204*sqrt(Abs(i - s)) + 0.00290876290231313 ; i - r + sqrt(Abs(i)) + 1.15145217411818
3065,0.8511844625660612,B0*i ; B1*r,0.0280491491224629*i ; 0.0292499679903446*r
3066,0.8511842817024909,B0*i ; r + Abs(r)**(3/4),0.0281499511152621*i ; r + Abs(r)**(3/4)
3067,0.8511842531005331,B0*i ; -r,0.027934790327265*i ; -r
3068,0.8511842029865323,B0*i ; 2*r,0.0281702900166633*i ; 2*r
3069,0.8511842027263641,B0*i ; Abs(r)**(1/4),0.0279220039032373*i ; Abs(r)**(1/4)
3070,0.8511841923205826,B0*i ; r,0.0281727907850032*i ; r
3071,0.8511841892502827,B0*i ; sqrt(Abs(r)),0.0281735013906396*i ; sqrt(Abs(r))
3072,0.8511841636817444,B0*i ; i*r,0.0279129210556544*i ; i*r
3073,0.8511391834114326,B0*i + B1*s + B2*i*s ; B3 + r - sqrt(Abs(i))*Abs(r)**(1/4),0.000550610564624073*i*s + 0.000115134497153983*i + 0.0223758521563715*s ; r - sqrt(Abs(i))*Abs(r)**(1/4) + 0.0362717595317037
3074,0.8510278975139298,B0*s**3 ; r + Abs(i)**(1/4)*sqrt(Abs(r)),0.04431330644751*s**3 ; r + Abs(i)**(1/4)*sqrt(Abs(r))
3075,0.8510277153598478,B2*sqrt(Abs(B1 - i + sqrt(Abs(B0 + i)))) ; Abs(i)**(1/4),0.00388750154269449*sqrt(Abs(i - sqrt(Abs(i + 99.9999896423707)) + 99.9971140239921)) ; Abs(i)**(1/4)
3076,0.8510084836968442,B0 + B1*i + B2*s + B2*sqrt(Abs(s)) ; B3*i,0.529950621861795*i + 0.00837789888279611*s + 0.00837789888279611*sqrt(Abs(s)) - 0.00227476813729968 ; 0.616531980311238*i
3077,0.8510017057794317,sqrt(Abs(B0*sqrt(Abs(s)) + B1*i**2)) ; r,sqrt(Abs(0.000574894659117559*i**2 - 0.00191125210966856*sqrt(Abs(s)))) ; r
3078,0.8509957695538837,B0*sqrt(Abs(i)) ; -Abs(i)**(1/4) + sqrt(Abs(i)),0.0127203756416832*sqrt(Abs(i)) ; -Abs(i)**(1/4) + sqrt(Abs(i))
3079,0.8509522526189539,B0*Abs(s)**(9/8) ; 2*r + sqrt(Abs(B1 + B2*r)),0.04713703858445*Abs(s)**(9/8) ; 2*r + sqrt(Abs(0.00814413309461075*r + 0.0782312630553333))
3080,0.8508362789305327,B0 + B1*Abs(i)**(1/4)*sqrt(Abs(s)) ; B2 + i**2*r - i**2 + r,0.0225547088657293*Abs(i)**(1/4)*sqrt(Abs(s)) - 0.000976203240209326 ; i**2*r - i**2 + r + 0.0115072365614201
3081,0.8508316880334595,i*s**3 ; B0 + i*sqrt(Abs(i - r)),i*s**3 ; i*sqrt(Abs(i - r)) + 0.0109849410770178
3082,0.8508295791555913,B0*sqrt(Abs(i)) ; B1 + i**2 + 2*i*r,0.0585959843253936*sqrt(Abs(i)) ; i**2 + 2*i*r - 0.0272798406696847
3083,0.8508283695575155,B0*i + B1*s**2 ; sqrt(Abs(r)),0.00433122488185481*i + 0.045649330581228*s**2 ; sqrt(Abs(r))
3084,0.8507261139439689,B0 + B1*i**2*s ; B2 + r**2 + sqrt(Abs(i)),0.000271139679522944*i**2*s - 0.0095227147908685 ; r**2 + sqrt(Abs(i)) + 0.0291996581511046
3085,0.8505895755017174,B0 + B1*sqrt(Abs(i - s)) ; i + sqrt(Abs(i)) - sqrt(Abs(r)),0.139385492981558 - 0.103645768336979*sqrt(Abs(i - s)) ; i + sqrt(Abs(i)) - sqrt(Abs(r))
3086,0.850560550080307,B0 + B1*s + B1*Abs(s)**(3/2) ; B2*i,0.0215727413536434*s + 0.0215727413536434*Abs(s)**(3/2) + 0.0048943468169779 ; 0.0155791379458733*i
3087,0.8505314766893152,B0 + B1*i + B1*sqrt(Abs(s)) ; B2*r - r**2,-0.0897695857679851*i - 0.0897695857679851*sqrt(Abs(s)) + 0.127762931357141 ; -r**2 + 4.44582392433376*r
3088,0.850481042065564,B1*sqrt(Abs(B0*sqrt(Abs(s)) - i)) ; i,0.17223972368273*sqrt(Abs(i - 0.0450136642393024*sqrt(Abs(s)))) ; i
3089,0.8504167763699833,B0*Abs(i)**(1/4)*Abs(s)**(1/4) ; i,0.0618613369469898*Abs(i)**(1/4)*Abs(s)**(1/4) ; i
3090,0.8501972947035584,i**2 ; B0*i,i**2 ; 0.0167317873766464*i
3091,0.8501853934577185,B0 + B1*sqrt(Abs(i)) ; B2 + r - Abs(i)**(1/4)*Abs(r)**(1/4),0.0368664974665755 - 0.00320528220351749*sqrt(Abs(i)) ; r - Abs(i)**(1/4)*Abs(r)**(1/4) + 0.148338030635755
3092,0.8501531576045254,B0*i**2 + B1*i**2*s ; i + sqrt(Abs(i - r)),0.0178135805514291*i**2*s + 0.00240508161398022*i**2 ; i + sqrt(Abs(i - r))
3093,0.8501156276313884,B0 + B1*i + i**2*s - s ; i**2*r,i**2*s - 1.19156436638067*i - s + 1.03524574056578 ; i**2*r
3094,0.8500662262263657,s*sqrt(Abs(i + sqrt(Abs(B0 + i)))) ; i*sqrt(Abs(r)),s*sqrt(Abs(i + sqrt(Abs(i + 38.004533802796)))) ; i*sqrt(Abs(r))
3095,0.8500566723772507,B0*i + B2*sqrt(Abs(B1 + s)) ; i*Abs(B3 + i**2 - i)**(1/4),0.310405902381442*i + 0.0159786937097578*sqrt(Abs(s + 0.167112439957214)) ; i*Abs(i**2 - i + 0.134121476369092)**(1/4)
3096,0.8500494952222631,i**2 ; i**2,i**2 ; i**2
3097,0.8500030836174465,B0*sqrt(Abs(i - s)) ; B1 + i + r - sqrt(Abs(r)),0.023781525360853*sqrt(Abs(i - s)) ; i + r - sqrt(Abs(r)) + 0.146410184077128
3098,0.849994796162867,B0*i**3 ; B1 + B2*r - i,-786.314812700521*i**3 ; -i - 0.016117911371427*r + 0.014589279681404
3099,0.8499688197634413,B0*s**2 ; B1 + sqrt(Abs(2*r - sqrt(Abs(i)))),0.0453549844930032*s**2 ; sqrt(Abs(2*r - sqrt(Abs(i)))) + 1.15863050867741
3100,0.8499688197225834,B0*s**2 ; B1*i + B2*i**2,0.0453529359320995*s**2 ; 0.000961831299371059*i**2 + 0.0383145583289944*i
3101,0.84996881961867,B0*s**2 ; B1*r + B2*r**2,0.0453584447295297*s**2 ; 0.00456304382960791*r**2 + 15.6420868515953*r
3102,0.8499687834958972,B0*s**2 ; -i + r - Abs(i)**(1/8),0.0452980038552722*s**2 ; -i + r - Abs(i)**(1/8)
3103,0.8499228566959582,B0 + B1*sqrt(Abs(i - s)) ; B4*sqrt(Abs(B2*i**2 + B3*i*r)),0.109216880666644 - 0.0931732806742998*sqrt(Abs(i - s)) ; -0.00201430065509002*sqrt(Abs(1.99256397157302*i**2 + 6.75035901993484*i*r))
3104,0.849915141579595,B1*sqrt(Abs(B0 + i*s - i)) ; B2*sqrt(Abs(r)),0.0253449016466591*sqrt(Abs(i*s - i + 1.53756069889917)) ; 0.00542633576335834*sqrt(Abs(r))
3105,0.8498730967843007,i ; B0*Abs(r)**(1/8) + i,i ; i + 0.000328921510160216*Abs(r)**(1/8)
3106,0.8497483382888638,B0*i*s + B0*i + B1*s ; i,-1.08552638472632*i*s - 1.08552638472632*i + 0.0916482773512812*s ; i
3107,0.8497360263802937,B0*i*s + i*s**2 ; B2*sqrt(Abs(B1*i + r)) + i,i*s**2 - 0.189834825646755*i*s ; i - 0.193304746927482*sqrt(Abs(0.27649007294021*i - r))
3108,0.8496986362904151,B0 + B1*i + B1*sqrt(Abs(i + s)) ; sqrt(Abs(r)) - sqrt(Abs(B2 - i)),-0.000472701924742619*i - 0.000472701924742619*sqrt(Abs(i + s)) + 0.052046799402441 ; sqrt(Abs(r)) - sqrt(Abs(i + 30.6223111100186))
3109,0.8496849257798467,sqrt(Abs(B0*sqrt(Abs(s)) + B1)) ; B2*r + B3*r*sqrt(Abs(i)),sqrt(Abs(0.00191180999482323*sqrt(Abs(s)) - 0.000673596539480434)) ; 0.206152528864171*r*sqrt(Abs(i)) + 0.00432296120819416*r
3110,0.8495355013769724,s*sqrt(Abs(B0 + i)) ; sqrt(Abs(B1 + B2*i)),s*sqrt(Abs(i - 0.0131894675262855)) ; sqrt(Abs(0.0192951922774685*i + 0.00631798208022154))
3111,0.8495265881862203,B0*i**2 + B2*i*sqrt(Abs(B1 + s)) ; i*sqrt(Abs(B3*i**2 + B4*i*r)),19.4024191455749*i**2 + 0.0193524588493838*i*sqrt(Abs(s + 42.3900153354571)) ; i*sqrt(Abs(379.615197955532*i**2 + 11.8351456793937*i*r))
3112,0.8495256765136888,B0*i + B1*i**2*s ; sqrt(Abs(B2 + B3*i*r)),0.0438888926989031*i**2*s - 0.0280253575572925*i ; sqrt(Abs(0.0206700622435261*i*r + 0.0207182170575314))
3113,0.849496776156776,B0*i + B0*s ; B1 + r - sqrt(Abs(i - r)),0.0161529612276935*i + 0.0161529612276935*s ; r - sqrt(Abs(i - r)) + 0.189490506102556
3114,0.8494559692078658,B0*s*Abs(i)**(1/4) ; B1*i + B2*r + B4*sqrt(Abs(B3 + r)),0.04312731164393*s*Abs(i)**(1/4) ; -0.0128046394616365*i + 0.912379313944822*r - 0.00334815807077807*sqrt(Abs(r + 0.0482241706121652))
3115,0.849446293607409,B0*i + B1*i**2 + B1*i*s ; B2 + B3*i,0.382133259062869*i**2 + 0.382133259062869*i*s + 0.0765729668953587*i ; 0.303078448493156*i - 0.00385760215788385
3116,0.8494208963892955,B0*sqrt(Abs(i)) ; Abs(i)**(1/4),0.000893140042327539*sqrt(Abs(i)) ; Abs(i)**(1/4)
3117,0.8493887076710315,B0*sqrt(Abs(s**2 + s*sqrt(Abs(i)))) ; B1 + B3*i*sqrt(Abs(B2 + i)),0.0162158423682511*sqrt(Abs(s**2 + s*sqrt(Abs(i)))) ; 0.589817099830763*i*sqrt(Abs(i + 45.1986525341686)) - 0.198380718235381
3118,0.8493661459393835,B1*sqrt(Abs(B0 - i**2*s)) ; r,0.0866637876856535*sqrt(Abs(i**2*s - 0.148146816553456)) ; r
3119,0.8493519226664162,B0*i*s + B2*s*sqrt(Abs(B1 + i)) ; r*sqrt(Abs(B3*i*r + i**2*r)),0.223957464112251*i*s + 0.028799992821195*s*sqrt(Abs(i - 0.139512234603187)) ; r*sqrt(Abs(i**2*r + 2.29801521631004*i*r))
3120,0.8493272782021525,B0 + B1*i + B1*sqrt(Abs(i - s)) ; B2 + B3*r,0.00313452015649791*i + 0.00313452015649791*sqrt(Abs(i - s)) + 0.0431833606306279 ; 0.624479571403461 - 0.0256551247546407*r
3121,0.8493271566034176,B0*i*s + B2*s*sqrt(Abs(B1 + s)) ; B3*i,0.29740870908188*i*s + 0.00227211135062315*s*sqrt(Abs(s + 1.17320306944848)) ; 0.0405776503963832*i
3122,0.849326280593446,B0*i*s + B0*i + B1*s**2 ; B2*r + B2*sqrt(Abs(i)) + B3*i,0.556928370818738*i*s + 0.556928370818738*i - 0.00552619869862001*s**2 ; 0.781329804509923*i - 0.000578561481247107*r - 0.000578561481247107*sqrt(Abs(i))
3123,0.8493217013337104,B0*s + B0*sqrt(Abs(B1 + 2*s)) ; i,0.020136339768123*s + 0.020136339768123*sqrt(Abs(2*s + 0.0709538451779227)) ; i
3124,0.8493186857809405,B0*Abs(s)**(5/4) ; B1 + sqrt(Abs(B2 + i**2*r)),0.0467914496719531*Abs(s)**(5/4) ; sqrt(Abs(i**2*r + 0.000771383350076599)) + 0.0217931154839782
3125,0.849294622759801,B0*sqrt(Abs(i))*Abs(s)**(3/2) + B1*i*s ; B2 - r,0.241387960216031*i*s - 0.0194889439865183*sqrt(Abs(i))*Abs(s)**(3/2) ; -r - 0.0650770502227795
3126,0.8492908119974558,B0 + B1*i*s + B1*i + B2*s ; B3 - r,0.229935417619775*i*s + 0.229935417619775*i + 0.231454524331705*s - 0.232747245859774 ; -r - 0.022325525246108
3127,0.8492773928667599,B0*s + B1*i*s + B1*s**2 ; B2 + B3*i + B4*r,-0.330865579593032*i*s - 0.330865579593032*s**2 + 0.321552930985405*s ; 1.37354187870663*i - 0.478464667479034*r + 0.1159662730272
3128,0.8492637251745131,B0*s**2 + B2*s*sqrt(Abs(B1 + i)) ; B3*Abs(i)**(5/2),-0.170825874793379*s**2 + 0.17439219014251*s*sqrt(Abs(i + 1.01329857239972)) ; 0.106411653605501*Abs(i)**(5/2)
3129,0.849259594861157,B0*i*s + B2*s*sqrt(Abs(B1 + s)) ; B3*sqrt(Abs(i))*Abs(r)**(3/2),0.247739851982231*i*s + 0.00760849742209656*s*sqrt(Abs(s - 0.372280793536304)) ; 1.495235666453*sqrt(Abs(i))*Abs(r)**(3/2)
3130,0.84925036278952,B0*s**2 + B2*s*sqrt(Abs(B1 + s)) ; B3*sqrt(Abs(i**2*r - i*r**2)),-0.436048941112683*s**2 + 0.388259094701003*s*sqrt(Abs(s + 0.285514206317694)) ; 28.3034189185803*sqrt(Abs(i**2*r - i*r**2))
3131,0.8492451816634309,B0*s + B1*i*s + B1*Abs(s)**(3/2) ; B2 - sqrt(Abs(i)),0.00179447618174344*i*s + 0.00881599796250037*s + 0.00179447618174344*Abs(s)**(3/2) ; -sqrt(Abs(i)) - 0.545813058823507
3132,0.8492437185214159,B0*s + B1*i*s + B1*s**2 ; B2 + sqrt(Abs(i)),-0.00177511677524157*i*s - 0.00177511677524157*s**2 + 0.0121991766964978*s ; sqrt(Abs(i)) + 0.609951656464335
3133,0.8492434903395075,B0*s + B1*i*s + B1*s**2 ; B2 - Abs(i)**(1/4)*Abs(r)**(1/4),0.00179724473708878*i*s + 0.00179724473708878*s**2 + 0.00890028914475002*s ; -Abs(i)**(1/4)*Abs(r)**(1/4) - 0.564976045011949
3134,0.849229597372858,B0*i*s + B2*i*sqrt(Abs(B1 + s)) ; B3*Abs(i)**(3/2),0.226601333726501*i*s + 0.123361359989405*i*sqrt(Abs(s + 0.0670928994121996)) ; 0.246022313610964*Abs(i)**(3/2)
3135,0.8492285908943428,B0*i*s + B1*s*sqrt(Abs(i + s)) ; B2 + B3*i*r,0.239667680127514*i*s + 0.00595871446192292*s*sqrt(Abs(i + s)) ; -0.0756692479133299*i*r - 0.0002884109993898
3136,0.8492121270404016,B0*i*s + B1*i*sqrt(Abs(i - s)) ; B2*i,-1.04373195398887*i*s + 1.62485621825956*i*sqrt(Abs(i - s)) ; 0.387110357297986*i
3137,0.8492093186578327,B0*i*s + B0*s + B1*s**2 ; i,0.222121230922509*i*s - 0.219235136860739*s**2 + 0.222121230922509*s ; i
3138,0.8491800421101758,B0*s + B1*i*s + B1*s**2 ; i,-0.265281250697425*i*s - 0.265281250697425*s**2 + 0.275455586955735*s ; i
3139,0.8491611755846766,B0*sqrt(Abs(i*s**2 + s**3)) ; B1 + B2*r,0.017989808775728*sqrt(Abs(i*s**2 + s**3)) ; 0.232726237014434*r + 0.560915256484242
3140,0.8491504828740025,B0*i ; i + r,-0.00102961692305396*i ; i + r
3141,0.8491493261104563,B0*s - s*sqrt(Abs(i - s)) ; B1 + i,-s*sqrt(Abs(i - s)) + 1.11655423017147*s ; i + 0.432351603734855
3142,0.8491289416308164,B1*sqrt(Abs(B0*s + Abs(s)**(3/2))) ; -i + r*sqrt(Abs(i - sqrt(Abs(i)))) - r,0.0405672685565693*sqrt(Abs(0.344298664798287*s + Abs(s)**(3/2))) ; -i + r*sqrt(Abs(i - sqrt(Abs(i)))) - r
3143,0.8491232417770481,B0*s + B1*i*s + B1*Abs(s)**(3/2) ; B2*r**2 + r**3,0.590697856751106*i*s - 0.589097256098196*s + 0.590697856751106*Abs(s)**(3/2) ; r**3 + 0.143970988279922*r**2
3144,0.849122525546133,B0*s + B1*s**2 + B1*Abs(s)**(3/2) ; sqrt(Abs(B2 + r)),-0.150282734939327*s**2 + 0.308046421476005*s - 0.150282734939327*Abs(s)**(3/2) ; sqrt(Abs(r + 0.105735891588005))
3145,0.8491108236940398,sqrt(Abs(B0 + B1*sqrt(Abs(s)))) ; B3*Abs(i - sqrt(Abs(B2 + i)))**(1/4),sqrt(Abs(0.00117445678353458*sqrt(Abs(s)) - 0.000240182753850733)) ; 1.15822249585442*Abs(i - sqrt(Abs(i + 1.54234852856364)))**(1/4)
3146,0.8490494362721558,B0*s + B1*i*s + B1*s**2 ; sqrt(Abs(B2*r - i)),-0.00127643076388731*i*s - 0.00127643076388731*s**2 + 0.0135569778024484*s ; sqrt(Abs(i - 1.32233120040056*r))
3147,0.8490319439821924,B0*Abs(i)**(3/8) ; B1*i + B2*i*r - i**2,0.0814688058778337*Abs(i)**(3/8) ; -i**2 + 2.47789756326701*i*r + 0.131670796647151*i
3148,0.849019813368053,B0*s + B1*i*s + B1*s**2 ; B2 + B3*r,-0.00290665670942567*i*s - 0.00290665670942567*s**2 + 0.00873691710808609*s ; 0.0848641417066597*r + 1.77697228015064
3149,0.8490113975416196,B0 + B1*sqrt(Abs(i))*sqrt(Abs(s)) ; -sqrt(Abs(i)) + sqrt(Abs(r)),-0.0320168512633962*sqrt(Abs(i))*sqrt(Abs(s)) + 0.0527390583071444 ; -sqrt(Abs(i)) + sqrt(Abs(r))
3150,0.8489966050470565,B1*sqrt(Abs(B0 + 2*i - s)) ; B2 + r,0.00253895402335187*sqrt(Abs(2*i - s + 183.389477173839)) ; r + 9.77910819794152e-6
3151,0.8489708407787551,B0 + B1*i + B1*s**2 + B2*s ; B3 + r - sqrt(Abs(i))*sqrt(Abs(r)),-0.00132747745581488*i - 0.00132747745581488*s**2 + 0.124424190883175*s - 0.122953487574752 ; r - sqrt(Abs(i))*sqrt(Abs(r)) + 7.53991994329952
3152,0.8489091807746708,B0*sqrt(Abs(s)) + B1*i*sqrt(Abs(s)) ; i,0.443181685539475*i*sqrt(Abs(s)) + 0.0254821960088778*sqrt(Abs(s)) ; i
3153,0.848844202233802,B0 + s ; r,s - 0.955424680302987 ; r
3154,0.848844202233802,B0 - i ; r,0.0445753195968088 - i ; r
3155,0.848844202233802,B0 + s ; i,s - 0.955424681956942 ; i
3156,0.8488442022118851,B0 + s ; B1 + r,s - 0.955419967102327 ; r + 0.0115665184502496
3157,0.8488442021247187,B0 + s ; B1*r,s - 0.955414164579184 ; 0.0856450272845678*r
3158,0.8488442020907758,B0 - i ; B1*r,0.0445873609417291 - i ; 0.14375323313248*r
3159,0.8488442020283536,B0 + s ; B1 - i,s - 0.955439113377243 ; 0.000732626902533318 - i
3160,0.8488207734034674,B0*i*s + B1*Abs(i)**(3/2)*sqrt(Abs(s)) ; B2*r + B3*r**2,0.325241184735191*i*s - 0.0662928590793277*Abs(i)**(3/2)*sqrt(Abs(s)) ; 0.00872111624990261*r**2 + 0.792013543605914*r
3161,0.8488203524802015,B0*i*s + B0*i + B1*i**2 ; B2 + B3*i + B4*r,-0.383785631107485*i**2 + 0.226892548564735*i*s + 0.226892548564735*i ; 3.61604418133999*i + 1.94565596227859*r - 1.90431722270947
3162,0.848785055069991,i*s ; 2*i,i*s ; 2*i
3163,0.8487764877349676,B0 + B1*i ; B2 + B3*r + B4*r*sqrt(Abs(i)),0.000397326787402815*i + 0.0436946525846888 ; 0.982029995042593*r*sqrt(Abs(i)) - 1.02611076775348*r + 0.334723852628987
3164,0.8487396650314589,B0*i*s + B1*i*sqrt(Abs(i - s)) ; i*sqrt(Abs(B2 - i)),-0.763103184005556*i*s + 1.4626017114773*i*sqrt(Abs(i - s)) ; i*sqrt(Abs(i - 0.30699906070279))
3165,0.8487364906165936,B0*s + B1*i*s + B1*Abs(s)**(3/2) ; B2 + i,-0.42547310414264*i*s + 0.423449931372928*s - 0.42547310414264*Abs(s)**(3/2) ; i + 0.061399288192801
3166,0.8487088104838537,B0*i**2 + B1*i*s + i ; i,-2.22233897772502*i**2 + 0.248890699880392*i*s + i ; i
3167,0.8486947840887832,i*Abs(s)**(5/2) ; B0*i,i*Abs(s)**(5/2) ; 0.478881560195315*i
3168,0.8486833857015679,B0*sqrt(Abs(i))*sqrt(Abs(s)) ; r,0.0444034021558509*sqrt(Abs(i))*sqrt(Abs(s)) ; r
3169,0.8486827291881875,B0 + B1*i + B2*s**2 + B2*s ; B3*Abs(r)**(3/2) + 2*i,0.531841134279899*i - 0.0561531107034597*s**2 - 0.0561531107034597*s + 0.118124149167045 ; 2*i + 0.330451702385819*Abs(r)**(3/2)
3170,0.8485757943894949,B0*i + i**3 - i*s ; B1 + B2*i + r,i**3 - i*s + 0.162198424740239*i ; 2.87036192203669*i + r + 0.00494772262248426
3171,0.8485658885446907,B0 + B1*sqrt(Abs(s)) + B2*s - Abs(s)**(3/2) ; B3 + 2*r,1.48024750988165*s - Abs(s)**(3/2) - 0.537310336499283*sqrt(Abs(s)) + 0.0579694351269276 ; 2*r + 37.1973970061822
3172,0.8485564609665448,B0*Abs(i)**(1/4) ; i*r,0.0128092304066485*Abs(i)**(1/4) ; i*r
3173,0.8485564609651709,B0*Abs(i)**(1/4) ; sqrt(Abs(r)),0.0128092893171769*Abs(i)**(1/4) ; sqrt(Abs(r))
3174,0.8485564609599324,B0*Abs(i)**(1/4) ; r,0.0128093936605386*Abs(i)**(1/4) ; r
3175,0.8485564517640961,B0*Abs(i)**(1/4) ; B1*r**2,0.0128166641252304*Abs(i)**(1/4) ; 1.68132791892783*r**2
3176,0.8485458411097995,B1*sqrt(Abs(B0*s**2 + i*s**2)) ; B2*i,0.0850116267105537*sqrt(Abs(i*s**2 - 0.014831348701917*s**2)) ; -0.228135044613064*i
3177,0.8485373019525244,B0*i*s + B0*i*Abs(s)**(5/2) ; -Abs(r)**(1/8),0.17310420537895*i*s + 0.17310420537895*i*Abs(s)**(5/2) ; -Abs(r)**(1/8)
3178,0.8484541278039358,B0*i + B1*s ; B2 + r - sqrt(Abs(B3*i + B4*r)),0.000243576634488581*i + 0.0481450708718057*s ; r - sqrt(Abs(0.145318474842519*i - 0.0513136943598325*r)) + 0.0741022042926954
3179,0.8484515117026954,B0*s + B1*sqrt(Abs(i - s)) ; r*sqrt(Abs(B2*r**2 - i*r**2)),2.7713423052799*s + 0.121880003123367*sqrt(Abs(i - s)) ; r*sqrt(Abs(i*r**2 - 0.00185068293030017*r**2))
3180,0.8484318687786699,B0*sqrt(Abs(i)) ; i*r,0.0135393290038676*sqrt(Abs(i)) ; i*r
3181,0.8484318687744224,B0*sqrt(Abs(i)) ; i*sqrt(Abs(r)),0.0135393389834849*sqrt(Abs(i)) ; i*sqrt(Abs(r))
3182,0.8484318686983445,B0*sqrt(Abs(i)) ; sqrt(Abs(r)),0.0135353543144195*sqrt(Abs(i)) ; sqrt(Abs(r))
3183,0.8484318686899313,B0*sqrt(Abs(i)) ; r,0.0135353362927135*sqrt(Abs(i)) ; r
3184,0.8484318686458404,B0*sqrt(Abs(i)) ; r**2,0.0135352442728201*sqrt(Abs(i)) ; r**2
3185,0.8484318686351899,B0*sqrt(Abs(i)) ; Abs(r)**(1/4),0.0135352226194257*sqrt(Abs(i)) ; Abs(r)**(1/4)
3186,0.8484318685861134,B0*sqrt(Abs(i)) ; 2*r,0.0135351254662452*sqrt(Abs(i)) ; 2*r
3187,0.8484318676316562,B0*sqrt(Abs(i)) ; B1*sqrt(Abs(r)),0.013533709981596*sqrt(Abs(i)) ; 1.87585167992565*sqrt(Abs(r))
3188,0.8484318623549992,B0*sqrt(Abs(i)) ; B1*r,0.0135452417818062*sqrt(Abs(i)) ; 0.766371657279678*r
3189,0.8484209111456461,B0 + B1*s**2 + B1*s ; B2 + r**2 - sqrt(Abs(r)),0.0215341475538026*s**2 + 0.0215341475538026*s + 0.00597899608894742 ; r**2 - sqrt(Abs(r)) + 0.02301404278206
3190,0.8484209110431908,B0 + B1*s**2 + B1*s ; B2 + r,0.021533604577365*s**2 + 0.021533604577365*s + 0.00597804617199579 ; r + 0.570107854181001
3191,0.8483873890374241,sqrt(Abs(B0*i*s + B0*s**2)) ; B1 - sqrt(Abs(B2 + i)),sqrt(Abs(1.29527293762739e-5*i*s + 1.29527293762739e-5*s**2)) ; -sqrt(Abs(i - 7.53112330773278)) - 5.69608937457434
3192,0.8483324038978017,Abs(i)**(3/2) ; i,Abs(i)**(3/2) ; i
3193,0.8483309772129934,B0*i*s**2 + B0*i*s ; B1 - i + r,0.000426640847474038*i*s**2 + 0.000426640847474038*i*s ; -i + r + 0.0198208611529244
3194,0.8482743960387116,B0*Abs(i)**(3/2) + i*s ; B1*i + i*r,i*s - 1.50449085081252*Abs(i)**(3/2) ; i*r + 0.0668124500901723*i
3195,0.8482735320591016,B0*sqrt(Abs(i*s - i + s)) ; B1 + B2*r + i*r - i,0.0348497900732951*sqrt(Abs(i*s - i + s)) ; i*r - i - 0.0257009799681915*r + 0.0804977166557861
3196,0.8482609658397309,i**2 ; 2*i,i**2 ; 2*i
3197,0.8482571210912404,i**2 ; i,i**2 ; i
3198,0.8482496352167179,B0*s + B1*i*s + B1*s**2 ; sqrt(Abs(r - Abs(B2 + i*r)**(1/4))),-0.00473090498753153*i*s - 0.00473090498753153*s**2 + 0.0171303889451242*s ; sqrt(Abs(r - Abs(i*r + 346.347307208393)**(1/4)))
3199,0.8482487268449969,B0*i ; -i**2,1.2113492619522e-7*i ; -i**2
3200,0.8481919972799035,B0*s + B0*sqrt(Abs(s)) ; B1*i - 2*i**2,0.0237027303065946*s + 0.0237027303065946*sqrt(Abs(s)) ; -2*i**2 + 0.0333424881236594*i
3201,0.8481536787675482,B0 + B1*i + B2*i*s + B2*s ; B3 + i - sqrt(Abs(i - r)),1.29383875612949*i*s - 1.26950958530078*i + 1.29383875612949*s - 1.2562894727058 ; i - sqrt(Abs(i - r)) + 2.74450729514731
3202,0.8481168928897824,B0*i**2 + B2*i*sqrt(Abs(B1 - s)) ; B3*i + B3*r,-0.164319211442784*i**2 + 0.296473619734694*i*sqrt(Abs(s + 0.0687127489818698)) ; 0.0170809855242709*i + 0.0170809855242709*r
3203,0.8480812497984771,B0*Abs(i)**(1/4) ; Abs(i)**(1/8),0.00370693860633879*Abs(i)**(1/4) ; Abs(i)**(1/8)
3204,0.8480785613915535,B0*i*s + B2*i*sqrt(Abs(B1 + s)) ; B4*sqrt(Abs(B3*r + r**2)),0.302889611595279*i*s - 0.0269243326743471*i*sqrt(Abs(s - 0.958612632313375)) ; 19.0359725716813*sqrt(Abs(r**2 + 40.4351628131547*r))
3205,0.8480784842466667,B0*i*s + B2*i*sqrt(Abs(B1 + i)) ; B3*i**2*sqrt(Abs(r)),0.302804737618413*i*s - 0.0267920365042355*i*sqrt(Abs(i - 0.0421413251461648)) ; 0.0807423195127853*i**2*sqrt(Abs(r))
3206,0.8480594322079914,s*Abs(B0 + i)**(1/4) ; Abs(i)**(1/4),s*Abs(i + 56.9653172768927)**(1/4) ; Abs(i)**(1/4)
3207,0.8480593231932053,B0*i*sqrt(Abs(i - s)) + B0*s ; B1 + B2*sqrt(Abs(i))*sqrt(Abs(r)),0.0398753106352042*i*sqrt(Abs(i - s)) + 0.0398753106352042*s ; -0.00729600429003018*sqrt(Abs(i))*sqrt(Abs(r)) + 0.0178975961339538
3208,0.8480239787852716,B0*i*s ; B1 + 2*i - r**2 - r,0.000515566745313353*i*s ; 2*i - r**2 - r + 10.1697451110472
3209,0.8479904808832602,B0*sqrt(Abs(i))*Abs(s)**(3/2) ; B1*i + 2*i**2,0.0944257527442898*sqrt(Abs(i))*Abs(s)**(3/2) ; 2*i**2 - 0.693914277899323*i
3210,0.8479761636291738,B1*sqrt(Abs(s))*Abs(B0 + sqrt(Abs(i)))**(1/4) ; B2 - i + sqrt(Abs(B3*r - i)),0.019654744480915*sqrt(Abs(s))*Abs(sqrt(Abs(i)) - 0.0123045841912742)**(1/4) ; -i + sqrt(Abs(i - 0.00241596426282084*r)) - 0.00950309148607602
3211,0.8479739929018559,B1*sqrt(Abs(B0 - i + 2*s)) ; B2 + i + r,0.0234298250286537*sqrt(Abs(i - 2*s + 99.6199981522552)) ; i + r + 255.626344789399
3212,0.8479189374864516,B0*i**2*s + B0*i*s**2 ; B1 - sqrt(Abs(r)),2.83702566212578e-5*i**2*s + 2.83702566212578e-5*i*s**2 ; 11.1511524855904 - sqrt(Abs(r))
3213,0.8478928357799852,B0*i + B1*i*s ; sqrt(Abs(i**3*r + i*r**2)),0.324013229252269*i*s - 0.026654098691935*i ; sqrt(Abs(i**3*r + i*r**2))
3214,0.8478928239607945,B0*i**2 + B2*i*sqrt(Abs(B1 + s)) ; r*Abs(i*r**2 - r**2)**(1/4),-0.323251624883061*i**2 + 0.0212264722918596*i*sqrt(Abs(s + 195.238749805079)) ; r*Abs(i*r**2 - r**2)**(1/4)
3215,0.8478925891796724,B0*i**2 + B2*i*sqrt(Abs(B1 + i)) ; r*sqrt(Abs(B3 + B4*i)),-0.327500538339635*i**2 + 0.045816285669719*i*sqrt(Abs(i + 42.1124941901274)) ; r*sqrt(Abs(0.000178455532973914*i + 0.0291433751221097))
3216,0.8478910180908839,B0*i**2 + B2*i*sqrt(Abs(B1 + i)) ; sqrt(Abs(r))*sqrt(Abs(i - r**2)),-0.33368323700338*i**2 + 0.0764603069268339*i*sqrt(Abs(i + 15.1193011825871)) ; sqrt(Abs(r))*sqrt(Abs(i - r**2))
3217,0.8478897484135567,B0 + B1*sqrt(Abs(i)) ; i*sqrt(Abs(r)) - sqrt(Abs(i))*sqrt(Abs(r)),0.0642199793627113 - 0.0556557616211359*sqrt(Abs(i)) ; i*sqrt(Abs(r)) - sqrt(Abs(i))*sqrt(Abs(r))
3218,0.8478204055126308,B0 + B1*i ; B2 + B3*i*r + B3*r**3,-0.109622964399949*i - 0.000947230041482211 ; -0.0804714238733893*i*r - 0.0804714238733893*r**3 + 0.0888648849277065
3219,0.8478059317746364,B0 + i ; B1 + i - sqrt(Abs(i)),i + 0.0456348557811432 ; i - sqrt(Abs(i)) + 0.228135635527479
3220,0.847671449556859,B0*sqrt(Abs(i*s - s**2 + s)) ; sqrt(Abs(B1 + B2*i)),0.0588050193008898*sqrt(Abs(i*s - s**2 + s)) ; sqrt(Abs(0.0207852344972504*i + 0.0209169904544875))
3221,0.8475907648497023,B1*sqrt(Abs(B0*i*s + i**2*s)) ; i**2,0.36155576446288*sqrt(Abs(i**2*s - 0.00670184922922759*i*s)) ; i**2
3222,0.8474825741648814,B0*s*Abs(i)**(3/2) ; B1*i + B1*r**2 + B2*r,6.06615911548936e-5*s*Abs(i)**(3/2) ; -2.58404642019816*i - 2.58404642019816*r**2 - 0.777740114064988*r
3223,0.8474117899990525,B0 + B1*s + B1*sqrt(Abs(B2 + i)) ; i,0.0366710285949559*s + 0.0366710285949559*sqrt(Abs(i - 0.0034158306578729)) + 0.00669207954533681 ; i
3224,0.8473548323734186,B1*sqrt(Abs(B0*s**2 + i*s**2)) ; B2*i**2,0.0141933258222686*sqrt(Abs(i*s**2 + 5.22632388705844*s**2)) ; -0.650192587616436*i**2
3225,0.847235074227812,B0 + B1*i + B2*i*s + B2*s ; B3 + i + r,0.00287622259410277*i*s + 0.000237810453990022*i + 0.00287622259410277*s - 0.00818879397153311 ; i + r - 3.16002726104843
3226,0.8471910223473397,B0*sqrt(Abs(i - s)) ; B1 + B2*sqrt(Abs(r)) + i*sqrt(Abs(r)),0.0298540084672284*sqrt(Abs(i - s)) ; i*sqrt(Abs(r)) - 1.70725018248891*sqrt(Abs(r)) + 2.29735151578838
3227,0.8471392561777232,B0*i ; i*sqrt(Abs(B1 - i + 2*r)),0.216205753182507*i ; i*sqrt(Abs(-i + 2*r + 0.0132258444128368))
3228,0.8471212270379684,B0*s**2 + B0*s ; B1 + r - sqrt(Abs(i*r - r)),0.0238710632042527*s**2 + 0.0238710632042527*s ; r - sqrt(Abs(i*r - r)) + 2.83230540851681
3229,0.847062127478791,B0*i*s + B1*i*sqrt(Abs(i - s)) ; B2*r,0.301720372397011*i*s - 0.00486895816818179*i*sqrt(Abs(i - s)) ; 0.000905147001879656*r
3230,0.8470621250329643,B0*i*s + B1*i*sqrt(Abs(i - s)) ; r*sqrt(Abs(B2*i**2 + B3*i*r)),0.301668226347289*i*s - 0.0048707392091365*i*sqrt(Abs(i - s)) ; r*sqrt(Abs(1.74540817435451*i**2 + 11.3387992181233*i*r))
3231,0.847028748675602,B0*i*s ; B2*sqrt(Abs(B1*i*r + i**2*r)),0.298498643533496*i*s ; 8.96630012608599*sqrt(Abs(i**2*r + 0.00481446759327923*i*r))
3232,0.8470287484119792,B0*i*s ; B1*sqrt(Abs(i**2*r - i*r**2)),0.298507356477597*i*s ; 6.20241154370172*sqrt(Abs(i**2*r - i*r**2))
3233,0.8470287478436324,B0*i**2*s + B0*i*s**2 ; r,0.298514179955826*i**2*s + 0.298514179955826*i*s**2 ; r
3234,0.8470287473867858,B0*i*s ; B1*r + B2*i*r + B2*r**2,0.298479138477695*i*s ; 61.82867090796*i*r + 61.82867090796*r**2 + 0.23841394273964*r
3235,0.8470287470833101,B0*i**2*s + B0*i*s**2 ; 2*r,0.298520165871546*i**2*s + 0.298520165871546*i*s**2 ; 2*r
3236,0.8470201198521858,B0*i*s + B0*s**2 ; i - r,0.0470051398992054*i*s + 0.0470051398992054*s**2 ; i - r
3237,0.8470063538961377,B0*sqrt(Abs(i)) ; sqrt(Abs(2*i - r)),0.00124404948158133*sqrt(Abs(i)) ; sqrt(Abs(2*i - r))
3238,0.8469556116952497,B0*Abs(i)**(5/8) ; B1 - r + Abs(i)**(3/2),0.0124046265771976*Abs(i)**(5/8) ; -r + Abs(i)**(3/2) - 2.65052514310545
3239,0.8469237114427881,i*sqrt(Abs(B0*s + B1*i*s)) ; Abs(i)**(5/2),i*sqrt(Abs(0.16001704784678*i*s - 0.0818566944455772*s)) ; Abs(i)**(5/2)
3240,0.8468270482874859,B0*i**2 ; sqrt(Abs(B1*r + B2 + B3*i*r)),0.0747595537860196*i**2 ; sqrt(Abs(0.0105422238021844*i*r - 0.00922118227397613*r + 0.021020685887679))
3241,0.8467897160576999,B1*sqrt(Abs(B0*i - s)) ; 2*i*r - i + r,0.0355284380094874*sqrt(Abs(0.00274444177638159*i + s)) ; 2*i*r - i + r
3242,0.8466752574114907,B0*sqrt(Abs(s)) + Abs(i)**(3/2)*sqrt(Abs(s)) ; i,Abs(i)**(3/2)*sqrt(Abs(s)) + 0.0313956515080198*sqrt(Abs(s)) ; i
3243,0.8466710904312744,B0*i ; B1 + B2*i**2*sqrt(Abs(r)) + B2*i,1.63950235341327*i ; 4.32039724770309*i**2*sqrt(Abs(r)) + 4.32039724770309*i - 0.0717458068996816
3244,0.8466580401351079,B2*sqrt(Abs(B0 + B1*s - i)) ; B3 + B4*r + i + r**2,0.003126626742992*sqrt(Abs(i - 130.541841471353*s + 72.2802075142342)) ; i + r**2 + 52.3592662263396*r + 13.6573360128797
3245,0.846625339569042,B0*i**2*s ; Abs(B1 + i - r)**(1/16),0.000477858095681088*i**2*s ; Abs(i - r + 0.0311619927164297)**(1/16)
3246,0.8466064560047922,B0*i + 2*i*s ; B1*Abs(r)**(3/2) + i,2*i*s - 0.889935560554964*i ; i - 0.314965278232845*Abs(r)**(3/2)
3247,0.8465878964860918,B0*i*sqrt(Abs(s)) + i*Abs(s)**(3/2) ; B1*i*r + i**2 + i,i*Abs(s)**(3/2) + 0.272470016292657*i*sqrt(Abs(s)) ; i**2 - 1.1649411425009*i*r + i
3248,0.8465321429441567,B0*i*s**2 ; B1 + B2*r - i - r**2,0.000695423873289904*i*s**2 ; -i - r**2 - 0.0514108575459245*r + 0.00201594714497965
3249,0.8465190963054717,B0*sqrt(Abs(i*sqrt(Abs(s)) + s)) ; r,0.0228297618263247*sqrt(Abs(i*sqrt(Abs(s)) + s)) ; r
3250,0.8464819039276817,B0*i + B0*sqrt(Abs(i)) + B1*s ; r,0.00567371906674854*i + 0.0491480935570567*s + 0.00567371906674854*sqrt(Abs(i)) ; r
3251,0.8464498704990543,B1*sqrt(Abs(B0*s**2 + i*s**2)) ; B2*i*r + i**3*r,0.152936701843906*sqrt(Abs(i*s**2 - 0.0338437293548664*s**2)) ; i**3*r + 2.542804035812*i*r
3252,0.846449678073704,B1*sqrt(Abs(B0*s**2 + s**3)) ; i**2*r,0.15269597164749*sqrt(Abs(s**3 - 0.966199362878863*s**2)) ; i**2*r
3253,0.8464495668871814,B1*sqrt(Abs(B0*s**2 + s**3)) ; 2*i**2*r,0.152663044667423*sqrt(Abs(s**3 - 0.966205018754455*s**2)) ; 2*i**2*r
3254,0.8464479482778765,B2*sqrt(Abs(B0 + B1*i)) ; B3 - i + r,0.084009942169042*sqrt(Abs(0.00040906816384507*i - 0.0607986334238297)) ; -i + r + 0.0303564457066968
3255,0.8463945749198696,B0*i*s + B2*s*sqrt(Abs(B1 + s)) ; i**2,0.481643679120897*i*s - 0.00913245884920481*s*sqrt(Abs(s - 0.368387495924155)) ; i**2
3256,0.8463860438222592,B0*Abs(i)**(1/8)*Abs(s)**(1/4) - i ; B1 + B2*r + i*r - r**2,-i + 0.118062779087338*Abs(i)**(1/8)*Abs(s)**(1/4) ; i*r - r**2 + 0.566020463062868*r + 0.000310889640527137
3257,0.8463833072702452,B0*Abs(s)**(3/2) ; B1 + i - r + sqrt(Abs(i + r)),0.0461969315540099*Abs(s)**(3/2) ; i - r + sqrt(Abs(i + r)) + 41.9346529794284
3258,0.8463317127600329,B0 + s*sqrt(Abs(B1 - i)) ; i,s*sqrt(Abs(i - 0.0852576494525769)) - 0.18911678462468 ; i
3259,0.8462978433669256,sqrt(Abs(i))*sqrt(Abs(B0 + i)) ; B1 + B2*i,sqrt(Abs(i))*sqrt(Abs(i - 0.0502340882304976)) ; 1.9536217942776*i + 0.00617936607083305
3260,0.8462464571750827,B0*sqrt(Abs(i)) + B1*s*sqrt(Abs(i)) ; i,0.135916729235657*s*sqrt(Abs(i)) + 0.105463337402463*sqrt(Abs(i)) ; i
3261,0.8462259189909732,B0*Abs(s)**(3/2) + B1*i*s ; i,-2.16935083698797*i*s + 0.126426379697876*Abs(s)**(3/2) ; i
3262,0.8462080598550109,B0*sqrt(Abs(s)) + B1*i*sqrt(Abs(s)) ; r,-0.0115503663703491*i*sqrt(Abs(s)) + 0.0409309031032206*sqrt(Abs(s)) ; r
3263,0.8462045562059807,B0*Abs(i)**(1/4)*Abs(s)**(1/4) ; i**2,0.037458151938399*Abs(i)**(1/4)*Abs(s)**(1/4) ; i**2
3264,0.8461582711190793,B0*sqrt(Abs(s)) + B1*i*sqrt(Abs(s)) ; r + sqrt(Abs(i))*sqrt(Abs(r)),-0.0146584124023154*i*sqrt(Abs(s)) + 0.0442735077446693*sqrt(Abs(s)) ; r + sqrt(Abs(i))*sqrt(Abs(r))
3265,0.8461254569510922,B1*sqrt(Abs(B0*s**2 + i*s**2)) ; B2 + B3*sqrt(Abs(i)) + B4*i + Abs(i)**(3/2),0.0102811684676069*sqrt(Abs(i*s**2 - 1.20758323037094*s**2)) ; 3.39613222382668*i + Abs(i)**(3/2) + 2.46499635645804*sqrt(Abs(i)) + 1.43685842611842
3266,0.8461135235507781,B0*i + B0*sqrt(Abs(s)) + B1*s ; i*r,0.00599577962570809*i + 0.0430343980771701*s + 0.00599577962570809*sqrt(Abs(s)) ; i*r
3267,0.8460300815699945,B1*sqrt(Abs(B0 + Abs(i)**(1/4)*sqrt(Abs(s)))) ; sqrt(Abs(B2 + B3*r + i)),0.0226270525027011*sqrt(Abs(Abs(i)**(1/4)*sqrt(Abs(s)) - 0.988982011236644)) ; sqrt(Abs(i - 11.8874707006164*r + 32.8902473409724))
3268,0.8459684805495498,B0 + B1*i + B2*i**2 ; B3 - i,-3.15736568959264e-5*i**2 + 0.0029259708100826*i + 0.0306867392613065 ; 0.0505834934908459 - i
3269,0.8459636327364065,B0 + B1*i ; B2 + i**2 + 2*i*r,0.0733305390349293*i + 0.0050788092627016 ; i**2 + 2*i*r - 0.0201019075061858
3270,0.8459049036836893,B0 + B1*i ; B2*r - i*r - Abs(r)**(3/2),0.050474461800798 - 0.0406485617115169*i ; -i*r + 0.000133238622083366*r - Abs(r)**(3/2)
3271,0.8459049033571782,B0 + B1*s ; sqrt(Abs(B2*sqrt(Abs(r)) - 2*i + r)),2.72356068266062*s + 0.658610601722924 ; sqrt(Abs(-2*i + r + 0.00116048400894283*sqrt(Abs(r))))
3272,0.8459049032612408,B0 + B1*s ; sqrt(Abs(B2 + B3*sqrt(Abs(i)) - i + r)),0.0406400836864585*s + 0.0098268011794938 ; sqrt(Abs(-i + r + 0.0524947410321494*sqrt(Abs(i)) + 0.267039131172143))
3273,0.8459049031938108,B0 + B1*i ; B2*r - 2*i*r,0.0504728154757389 - 0.0406433838368158*i ; -2*i*r + 5.08357285546422*r
3274,0.8459049029828433,B0 + B1*s ; sqrt(Abs(i))*sqrt(Abs(r))*Abs(B2 - i)**(1/4),0.0406391857044604*s + 0.00982425234969487 ; sqrt(Abs(i))*sqrt(Abs(r))*Abs(i - 0.531082457996538)**(1/4)
3275,0.8459049028545979,B0 + B1*i ; B2*r - i*r + r**2,0.0504649882707966 - 0.040638269499416*i ; -i*r + r**2 + 12.6400075688793*r
3276,0.845904902555822,B0 + B1*i ; B2*r - i*r - r**2,0.0504775202262763 - 0.0406564990468451*i ; -i*r - r**2 + 0.000324052200139488*r
3277,0.8459049024258769,B0*i + B1*s ; B2*r + i*r + r**2,0.00982696081885726*i + 0.0504637356791743*s ; i*r + r**2 + 0.00921634181458467*r
3278,0.8459049014573629,B0 + B1*s ; B2 + B3*r + i*Abs(r)**(3/2),0.0406449516706898*s + 0.00981439197272074 ; i*Abs(r)**(3/2) + 0.932569890869548*r + 0.17196962967693
3279,0.8459049014094265,B0 + B1*s ; sqrt(Abs(B2*sqrt(Abs(i)) - 2*i + r)),0.0406496108194223*s + 0.0098126492031928 ; sqrt(Abs(-2*i + r + 4.85724327931949*sqrt(Abs(i))))
3280,0.8459049009070064,B0 + B1*s ; sqrt(Abs(B2 + B3*sqrt(Abs(i)) - i - r)),0.0406328949119663*s + 0.00982674778905006 ; sqrt(Abs(i + r - 0.00674940852261992*sqrt(Abs(i)) - 0.000417835372983848))
3281,0.8459049007023661,B0 + B1*s ; sqrt(Abs(B2 + B3*sqrt(Abs(i)) - 2*i)),0.0406464279832766*s + 0.00981237286216783 ; sqrt(Abs(-2*i + 26.6263580912324*sqrt(Abs(i)) + 0.0244485694367056))
3282,0.8459048990494454,B0*i + B1*s ; B2*Abs(i)**(1/8)*Abs(r)**(1/4),0.00983553268620535*i + 0.0504856350603634*s ; 51.9934022700875*Abs(i)**(1/8)*Abs(r)**(1/4)
3283,0.8459048986986445,B0 + B1*i ; i*r + r*sqrt(Abs(B2 - sqrt(Abs(r)))),3.38111564760208 - 2.72354709707663*i ; i*r + r*sqrt(Abs(sqrt(Abs(r)) - 84.0072131352038))
3284,0.8459048982245171,B0 + B1*i ; B2*r + i*r + Abs(r)**(3/2),3.38059806283308 - 2.7235557672715*i ; i*r + 0.000476230733554421*r + Abs(r)**(3/2)
3285,0.845904896699501,B0 + B1*s ; B2*r - i*r + r**2,0.0406288893926535*s + 0.00982070252027757 ; -i*r + r**2 + 0.444837394826593*r
3286,0.8459048946836728,B0 + B1*s ; B2*r + i - r*Abs(i)**(1/4),0.0406480728163698*s + 0.00980419285404396 ; i - r*Abs(i)**(1/4) + 2.04204513277293*r
3287,0.8459048922596804,B0 + B1*s ; 2*r + Abs(i)**(1/4)*Abs(r)**(1/4),0.040674675399551*s + 0.00981290200365753 ; 2*r + Abs(i)**(1/4)*Abs(r)**(1/4)
3288,0.8459048874166115,B0 + B1*s ; B2*i + i**2 + i*r,0.0406797200909347*s + 0.00981365787874539 ; i**2 + i*r + 1.22684580633219*i
3289,0.8459048744088129,B0 + B1*i + B2*s ; B3*r + i*r + r**2,34.3727529342345*i + 37.0963397556747*s - 33.7135482985711 ; i*r + r**2 + 71.506918871713*r
3290,0.8459047587448516,B0 + B1*i ; -i**2*r + i*Abs(r)**(3/2),0.0504093255575339 - 0.0405494170977541*i ; -i**2*r + i*Abs(r)**(3/2)
3291,0.8459047117466214,B0 + B1*s ; -3*r + Abs(r)**(1/8),0.0405347592040427*s + 0.00986541799499455 ; -3*r + Abs(r)**(1/8)
3292,0.8459046923506547,B0 + B1*s ; -2*i**2 + i*r,2.72348135985278*s + 0.653248497212013 ; -2*i**2 + i*r
3293,0.8459046807536446,B0 + B1*i ; 2*i*r**2,0.0503947513781934 - 0.0405260642118472*i ; 2*i*r**2
3294,0.8459022340619105,B0*sqrt(Abs(i))*sqrt(Abs(s)) ; Abs(B1 + 2*i*r)**(1/4),0.00377507722037512*sqrt(Abs(i))*sqrt(Abs(s)) ; Abs(2*i*r - 855.530929093361)**(1/4)
3295,0.8459003480207337,B2*sqrt(Abs(B0*s + B1)) ; Abs(B3*r + B4*i)**(1/8),0.279785077327058*sqrt(Abs(0.0157705984883915*s + 0.00291465034610885)) ; Abs(0.000803838521493615*i + 0.88249200231958*r)**(1/8)
3296,0.845893027528899,B2*sqrt(Abs(B0 + B1*s)) ; Abs(i - r)**(1/16),0.150583711730439*sqrt(Abs(0.0559141597131523*s + 0.0096673044023955)) ; Abs(i - r)**(1/16)
3297,0.8458843433800115,B0*s*sqrt(Abs(i)) ; sqrt(Abs(i**3 - i**2)),0.229178920502861*s*sqrt(Abs(i)) ; sqrt(Abs(i**3 - i**2))
3298,0.8458649878173113,B0 + B1*i**2*s ; sqrt(Abs(B2*r + r**5)),0.262717072405291*i**2*s + 0.0291155242313949 ; sqrt(Abs(r**5 + 0.0695616622378187*r))
3299,0.8458469288095727,B0*Abs(s)**(3/2) + i*sqrt(Abs(s)) ; i,i*sqrt(Abs(s)) + 0.00624614152446893*Abs(s)**(3/2) ; i
3300,0.8457958784377341,B0*i ; B1 + i*r - 2*r,-0.113356414536823*i ; i*r - 2*r + 1.09964614974157
3301,0.8457940054630585,B0*i + B1*i**2 ; B2*i**2 + i**3,-0.285579879189528*i**2 + 0.227615208178764*i ; i**3 - 0.752421441355004*i**2
3302,0.8457899187132528,B0*i*Abs(s)**(5/4) ; B1 + B2*i*r - i*Abs(r)**(3/2),-0.000939097460325086*i*Abs(s)**(5/4) ; 1.82109200428538*i*r - i*Abs(r)**(3/2) + 1.79478169590714
3303,0.8457691524486243,B0*s + B1*s*sqrt(Abs(i - s)) ; i*sqrt(Abs(B2*r**2 + r**3)),-0.185101715316785*s*sqrt(Abs(i - s)) + 0.192922421520108*s ; i*sqrt(Abs(r**3 + 0.189976405514109*r**2))
3304,0.8457592815166926,i**2*s + i**2*sqrt(Abs(s)) ; B0 + i,i**2*s + i**2*sqrt(Abs(s)) ; i + 0.196971722917752
3305,0.845583591960148,B0 + B1*i*s ; i*sqrt(Abs(i - r)) + r*sqrt(Abs(i - r)),-0.00694766304102072*i*s + 0.0435119342104543 ; i*sqrt(Abs(i - r)) + r*sqrt(Abs(i - r))
3306,0.8455555235036712,B0 + B1*i ; B2 - i**2 + i,-0.166443554160747*i - 0.104879656966499 ; -i**2 + i + 2.38675729442498
3307,0.8455343119983506,B0*sqrt(Abs(i))*sqrt(Abs(s)) ; B1 + B2*i + i**2 + r,0.0652593626129219*sqrt(Abs(i))*sqrt(Abs(s)) ; i**2 + 4.62156580884783*i + r + 0.12285054084704
3308,0.8455124156423218,B0*s + i ; B1*r + i*r + r**2,i + 3.72567282144331*s ; i*r + r**2 + 94.3933685284701*r
3309,0.8454784739737188,B0*Abs(i)**(3/2) ; B1 + B2*i + r,2.1197418080212e-5*Abs(i)**(3/2) ; 3.73719316001214*i + r + 197.540641115091
3310,0.845465684799288,i*Abs(s)**(3/2) ; i,i*Abs(s)**(3/2) ; i
3311,0.845459539899653,i*sqrt(Abs(B0*s + B1*sqrt(Abs(i))*sqrt(Abs(s)))) ; i,i*sqrt(Abs(0.288321372797857*s + 5.93218496036468*sqrt(Abs(i))*sqrt(Abs(s)))) ; i
3312,0.8453859986044935,B1*s*Abs(B0 - i)**(1/4) ; B2 + sqrt(Abs(i*r**2 - r**3)),0.0306182522002578*s*Abs(i - 0.138715996298659)**(1/4) ; sqrt(Abs(i*r**2 - r**3)) + 0.0176370184277124
3313,0.8453807738517602,B0*i + i**2 ; B1 + B2*i - r,i**2 - 0.00426266225511859*i ; 0.68789316960372*i - r + 0.447454081744567
3314,0.84523385920333,B1*i*s**2*sqrt(Abs(B0 + i)) ; B2 + r,-0.00013021068211303*i*s**2*sqrt(Abs(i + 0.216891134874875)) ; r + 0.00139137513936438
3315,0.8452244554766627,B0*Abs(i)**(1/4)*Abs(s)**(1/4) ; sqrt(Abs(B1*i*r + i)),0.00703399186295161*Abs(i)**(1/4)*Abs(s)**(1/4) ; sqrt(Abs(31.1523663226825*i*r + i))
3316,0.8451635507314536,B1*sqrt(Abs(B0*sqrt(Abs(i)) - i)) ; Abs(i)**(1/8),0.00458480096847478*sqrt(Abs(i + 9.70759020108952*sqrt(Abs(i)))) ; Abs(i)**(1/8)
3317,0.8451364460859043,B0*i + i*s ; B1*r + B2*i*r,i*s - 0.631849532237426*i ; 0.107362471471812*i*r + 0.000109825407547506*r
3318,0.844989802666301,B2*sqrt(Abs(B0 + B1*i)) ; B3 + B4*r - i,0.00324559413485307*sqrt(Abs(0.443307703423148*i - 34.6151413640257)) ; -i - 0.00969954629291356*r + 0.0391499818474826
3319,0.8449712074612458,B0*i ; i + sqrt(Abs(B1*sqrt(Abs(i))*sqrt(Abs(r)) - i)),-0.084344945336059*i ; i + sqrt(Abs(i + 0.350205328172563*sqrt(Abs(i))*sqrt(Abs(r))))
3320,0.8449199269513102,B0 + i**2 ; B1 + B2*i*r,i**2 + 0.0124079720045428 ; 0.0361327284324737*i*r + 0.0127689785463138
3321,0.8449168278442422,B0 + B1*i ; B2 + i**2*r,0.014848200784867 - 0.0294462623637965*i ; i**2*r + 0.00935331113192294
3322,0.8448851113856527,B0*i*s**2 ; B1 - 2*i**2 + i,-1.44089774396567*i*s**2 ; -2*i**2 + i + 0.0791295554151562
3323,0.844869992283134,B0*i**2 ; B1*i + r,9.59733488199441e-7*i**2 ; 0.0975054863377797*i + r
3324,0.8448516230689651,Abs(i)**(11/8) ; B0 + B1*i*r + B1*i + B1*r,Abs(i)**(11/8) ; -0.0543172533394662*i*r - 0.0543172533394662*i - 0.0543172533394662*r + 0.0615951394954663
3325,0.8448211125190852,B0*i + B0*s ; i + 2*r,-0.000119209102451497*i - 0.000119209102451497*s ; i + 2*r
3326,0.8447995425012192,B0*Abs(i)**(5/2) ; B1*i + i**2,0.000681085189919491*Abs(i)**(5/2) ; i**2 - 3.40213161078968*i
3327,0.8447648660494309,B0*Abs(i)**(1/4)*Abs(s)**(1/4) ; B1 + sqrt(Abs(B2 + r)),0.00709093339635645*Abs(i)**(1/4)*Abs(s)**(1/4) ; sqrt(Abs(r + 4.67430192847008)) + 25.8489377767843
3328,0.8447071219987636,B0*i + i**2 - i*sqrt(Abs(B1 + i)) ; B2 + B3*r,i**2 - i*sqrt(Abs(i + 0.858995876679355)) + 1.02718066143022*i ; 0.225719908185929 - 0.168680973446919*r
3329,0.844705239398291,B1*sqrt(Abs(B0 + 2*i)) ; i,0.100694379812888*sqrt(Abs(2*i - 0.0103108577928764)) ; i
3330,0.8446955226652298,B0 + B1*i*s + B1*i + B1*s ; B2 - sqrt(Abs(B3 - i + r)),0.000666118049208776*i*s + 0.000666118049208776*i + 0.000666118049208776*s - 0.0373289407150486 ; -sqrt(Abs(-i + r + 150.156679867668)) - 2.3654965850365
3331,0.8446787563126056,sqrt(2)*i*sqrt(Abs(s)) ; B0 + i,sqrt(2)*i*sqrt(Abs(s)) ; i + 0.00125135399052473
3332,0.844620547982258,B0*sqrt(Abs(s)) ; B1*r + i*r - r**2,0.0335176367687295*sqrt(Abs(s)) ; i*r - r**2 + 0.000159194527086791*r
3333,0.8445927817209026,B0*i ; B1 + B2*sqrt(Abs(i)) + B3*i,-0.00319951572395046*i ; 5.35559341195114*i + 4.81466172531871*sqrt(Abs(i)) + 13.581613236989
3334,0.8445917080555835,B0*sqrt(Abs(s)) ; B1 + i**2 - i*r - i,0.0341022562810826*sqrt(Abs(s)) ; i**2 - i*r - i + 0.0179622665896768
3335,0.8445760880045111,B0*sqrt(Abs(s)) ; B1*r + i*r + r**2,0.0339697113500853*sqrt(Abs(s)) ; i*r + r**2 + 2.89603057062878*r
3336,0.8445729781210899,B0*sqrt(Abs(s)) ; B1*i**2 - i**3,0.0339697687708798*sqrt(Abs(s)) ; -i**3 + 34.4766057590243*i**2
3337,0.8445648927256365,B1*Abs(B0*s + s**2)**(1/4) ; 2*i*r + i,0.0332583652573091*Abs(s**2 - 0.000139821564626393*s)**(1/4) ; 2*i*r + i
3338,0.8445431258519172,B0*sqrt(Abs(s)) ; B1*i**2 + B1*i*sqrt(Abs(r)),0.0333831727332191*sqrt(Abs(s)) ; 0.381214606530653*i**2 + 0.381214606530653*i*sqrt(Abs(r))
3339,0.8445054473766277,B0 + B1*i ; 2*i**2,0.0198916175456283 - 0.087351873401665*i ; 2*i**2
3340,0.8444939318813061,B2*Abs(B0 + B1*s)**(1/4) ; B3 - i,0.00917585951868719*Abs(35.9666056247197*s + 3.12158465374081)**(1/4) ; 0.000116974332282898 - i
3341,0.8444667947214196,B0*i ; B4*sqrt(Abs(B1 + B2*i + B3*r)),-0.127214544816273*i ; 0.0252635069903866*sqrt(Abs(5.14700667861535*i - 5.2941425233141*r + 6.10159413058016))
3342,0.844466016370336,B0*i ; B1 + B2*Abs(i)**(1/4),0.00216504837420466*i ; 33.182586014863*Abs(i)**(1/4) - 52.2605097125834
3343,0.8444647013711725,B1*sqrt(Abs(B0 + i)) ; B2*Abs(r)**(1/4) - i,0.00167117521268433*sqrt(Abs(i + 36.5569540662823)) ; -i + 13.3830112596939*Abs(r)**(1/4)
3344,0.8443849839649455,Abs(i)**(5/4) ; B0 + B1*i - i*r,Abs(i)**(5/4) ; -i*r + 2.8605204987776*i + 0.0414850916249751
3345,0.8443766863255132,Abs(i)**(3/2) ; sqrt(Abs(B0 + B1*sqrt(Abs(i)))),Abs(i)**(3/2) ; sqrt(Abs(0.0358376659956295*sqrt(Abs(i)) - 0.00850662128973954))
3346,0.8443762219561396,B1*sqrt(Abs(B0 + s**2)) ; B2 + r - Abs(i)**(1/4)*Abs(r)**(1/4),0.0472688565251133*sqrt(Abs(s**2 - 0.00502088197274854)) ; r - Abs(i)**(1/4)*Abs(r)**(1/4) + 0.187498710190436
3347,0.8443442694881061,B0*sqrt(Abs(i)) ; B1 + r**2 - r,0.00133373554362625*sqrt(Abs(i)) ; r**2 - r + 1.58470646673566
3348,0.8443382885767349,B0*sqrt(Abs(i + sqrt(Abs(i)))) ; B1 + i,0.0437688896257351*sqrt(Abs(i + sqrt(Abs(i)))) ; i + 0.0233409394308804
3349,0.8443373378525904,B0 + i**2 ; B1 + B2*i**2,i**2 + 0.0130141532411241 ; 5.97248739229741*i**2 + 0.0130374710090339
3350,0.844321896766992,B0*i ; B1*Abs(i)**(3/2) + r,-0.000133376682051792*i ; r + 21.0258291121588*Abs(i)**(3/2)
3351,0.8443081715229185,B0*i**2 ; B1 - 2*i + r,1.33312682432872e-6*i**2 ; -2*i + r + 1.13445004909246
3352,0.8443043153506259,B0*Abs(i)**(3/2) ; B1 - i + 2*r,1.33293445676189e-5*Abs(i)**(3/2) ; -i + 2*r + 1.08348401028897
3353,0.8443024196166797,B0*sqrt(Abs(i)) ; B1 + B2*r - i,0.00133269044264361*sqrt(Abs(i)) ; -i + 6.82795564142156*r + 0.0296378783931565
3354,0.844301135367214,B0 + B1*Abs(i)**(1/4) ; -i + sqrt(Abs(r)),0.0197305241350749 - 0.00216346577228674*Abs(i)**(1/4) ; -i + sqrt(Abs(r))
3355,0.8442994453090178,B0*sqrt(Abs(i)) ; B1 + B2*i + r,0.00133234136272147*sqrt(Abs(i)) ; -5.15444302091285*i + r + 0.0662615184933832
3356,0.8442994019959116,B0*sqrt(Abs(i)) ; B1*r - 2*i,0.00133234687280739*sqrt(Abs(i)) ; -2*i + 4.05064686975506*r
3357,0.8442935870082087,B0*i ; B1 + 3*r,-0.000133231414035512*i ; 3*r + 1.05887537466426
3358,0.8442779019472278,B0*sqrt(Abs(i)) ; B1 + 3*r,0.00133048935645613*sqrt(Abs(i)) ; 3*r + 1.05659291870968
3359,0.8442749270001573,B0*Abs(i)**(1/4) ; B1 - i + 2*r,0.00420080981131147*Abs(i)**(1/4) ; -i + 2*r - 0.831316706499338
3360,0.844267245705831,B0*Abs(i)**(3/2) ; B1 + r - Abs(r)**(1/4),1.33077617988539e-5*Abs(i)**(3/2) ; r - Abs(r)**(1/4) - 13.7930997580706
3361,0.8442632808293693,B0 + B1*sqrt(Abs(i)) ; B2 + i - Abs(i)**(1/4),0.0175461207247447 - 0.0174158006685651*sqrt(Abs(i)) ; i - Abs(i)**(1/4) + 0.491324646217056
3362,0.844256430650115,B0*i + B0*sqrt(Abs(i)) ; i,0.102345196607621*i + 0.102345196607621*sqrt(Abs(i)) ; i
3363,0.8442553135044245,B0*i ; B1 + sqrt(Abs(i))*sqrt(Abs(r)),-0.000132936940605302*i ; sqrt(Abs(i))*sqrt(Abs(r)) + 15.4181358971178
3364,0.8442507882876541,B0*s + B1*i*s ; i**2 + i*r + Abs(i)**(1/4),0.00135631495205848*i*s + 2.72109471765944*s ; i**2 + i*r + Abs(i)**(1/4)
3365,0.8442505875941666,B0*Abs(i)**(1/4) ; B1 + i + 2*r,0.00419214510107019*Abs(i)**(1/4) ; i + 2*r - 9.70878960089282
3366,0.8442501516392412,B0*sqrt(Abs(i)) ; r + sqrt(Abs(B1 + sqrt(Abs(i)))),0.00132842105704488*sqrt(Abs(i)) ; r + sqrt(sqrt(Abs(i)) + 129.906715803595)
3367,0.8442482265312226,sqrt(Abs(B0*i + B1)) ; B2 + 3*i,sqrt(Abs(5.49141264653791e-6*i - 9.92111445601323e-5)) ; 3*i + 24.0324706611129
3368,0.8442463199798429,B1*sqrt(Abs(B0 + sqrt(Abs(i)))) ; B2*sqrt(Abs(i)),0.00387439761870611*sqrt(sqrt(Abs(i)) + 1.68752378824788) ; 8.64498753585814*sqrt(Abs(i))
3369,0.8442456788838983,B0*Abs(s)**(1/4) ; B1 + B2*i + B2*sqrt(Abs(i)),0.0214375050194949*Abs(s)**(1/4) ; 0.0700948519474161*i + 0.0700948519474161*sqrt(Abs(i)) + 0.185875051910781
3370,0.8442448022900558,B0*Abs(s)**(1/4) ; B1*i + i**2*r,0.0214375049540612*Abs(s)**(1/4) ; i**2*r + 0.000521776296238211*i
3371,0.844243017637126,B0*Abs(s)**(1/4) ; B2*r*Abs(B1 + r)**(1/4),0.0214375047085843*Abs(s)**(1/4) ; 0.000150875613647543*r*Abs(r + 0.375089438675971)**(1/4)
3372,0.8442425793448243,s*Abs(B0 + i + s)**(1/8) ; i - r,s*Abs(i + s + 2985.62680785901)**(1/8) ; i - r
3373,0.844237925909307,B0*i ; B1 + B2*Abs(r)**(1/4),-0.000132619235196978*i ; 128.798714977115 - 33.7924305965739*Abs(r)**(1/4)
3374,0.8442327272997681,B0*i + B0*sqrt(Abs(i)) ; B1 - sqrt(Abs(i)),0.000120773440748079*i + 0.000120773440748079*sqrt(Abs(i)) ; -sqrt(Abs(i)) - 34.9972647850235
3375,0.8442308159354893,B0*i ; sqrt(Abs(B1 - i + sqrt(Abs(i)))),-0.000132849124052612*i ; sqrt(Abs(-i + sqrt(Abs(i)) + 1648.82839973101))
3376,0.8442308154149222,B0*i ; sqrt(Abs(B1 + r + sqrt(Abs(r)))),-0.000132849119778246*i ; sqrt(Abs(r + sqrt(Abs(r)) + 1649.4967851726))
3377,0.844230815374186,B0*i ; sqrt(Abs(B1 - i + sqrt(Abs(r)))),-0.000132849120900124*i ; sqrt(Abs(-i + sqrt(Abs(r)) + 1649.5600425185))
3378,0.8442307493121898,B0*i ; sqrt(Abs(B2 + sqrt(Abs(B1 + i)))),-0.000132850351865469*i ; sqrt(sqrt(Abs(i + 44.3516755828907)) + 1678.27359709236)
3379,0.8442307247646179,B0*i ; sqrt(Abs(B2 + sqrt(Abs(B1 + r)))),-0.000132849562709507*i ; sqrt(sqrt(Abs(r - 54.8748712749247)) + 1672.42595003283)
3380,0.8442307067086813,B0*i ; Abs(B1 + i + r)**(1/4),-0.000132849567002089*i ; Abs(i + r + 2840173.56523422)**(1/4)
3381,0.8442305424976275,B0*i ; B1 + sqrt(Abs(r - sqrt(Abs(i)))),-0.000132845434730397*i ; sqrt(Abs(r - sqrt(Abs(i)))) + 36.4629294007479
3382,0.8442284687587143,B0*Abs(i)**(3/2) ; B1 - Abs(B2 + r)**(1/4),1.32817925513845e-5*Abs(i)**(3/2) ; -Abs(r + 7.97849329180533)**(1/4) - 45.5867792804691
3383,0.8442280464372042,B0*Abs(i)**(1/8) ; B1 - i + sqrt(Abs(i)),0.00743368110767601*Abs(i)**(1/8) ; -i + sqrt(Abs(i)) + 6.73800604607374
3384,0.8442190459759092,B0*Abs(i)**(1/8) ; sqrt(Abs(B1*i + B2)),0.00743228576927711*Abs(i)**(1/8) ; sqrt(Abs(66.7670976774294*i + 11.9170512973534))
3385,0.8442088152316417,B0*sqrt(Abs(i)) ; B1*i + i**2,0.106114934161691*sqrt(Abs(i)) ; i**2 + 0.849619192973714*i
3386,0.8442042730730369,B0*i + B0*sqrt(Abs(i)) ; B1 + i,0.000120313491803854*i + 0.000120313491803854*sqrt(Abs(i)) ; i - 110.060243298435
3387,0.8442017135609258,B0 + B1*Abs(i)**(1/4) ; r - sqrt(Abs(i)),0.0181077063616462 - 0.00162140335391227*Abs(i)**(1/4) ; r - sqrt(Abs(i))
3388,0.8441985396174322,B0*s ; B1 + B2*i + B3*i*r,0.0474979360977337*s ; 0.149648718284173*i*r + 0.000187686611729016*i + 0.00152981778432922
3389,0.8441985396144761,B0*s ; B1 + 2*i - sqrt(Abs(i))*sqrt(Abs(r)),0.0474984006402915*s ; 2*i - sqrt(Abs(i))*sqrt(Abs(r)) + 0.00578795374604321
3390,0.8441985395692239,B0*s ; Abs(B1*r**2 - i + r)**(1/4),0.0474996540964098*s ; Abs(-i + 0.00307306320587267*r**2 + r)**(1/4)
3391,0.8441985395125284,B0*s ; B1 + B2*i + i**2 + r,0.0474955223402072*s ; i**2 + 51.5117632840138*i + r + 0.217545432554569
3392,0.8441985394380952,B0*s ; r*sqrt(Abs(B1 + i + r + sqrt(Abs(i)))),0.0474947654955347*s ; r*sqrt(Abs(i + r + sqrt(Abs(i)) + 3.33239981589185))
3393,0.8441985393689112,B0*s ; B1 + i*r - r**2 + r,0.0475017739878417*s ; i*r - r**2 + r + 29.4805482398405
3394,0.8441985391609403,B0*s ; i + r - sqrt(Abs(B1*i + B1*r)),0.0474928491216045*s ; i + r - sqrt(Abs(10.3670006097498*i + 10.3670006097498*r))
3395,0.8441985382215487,B0*s ; B1*r + B2*i*r**2,0.0474890047842862*s ; 0.000158957481036448*i*r**2 + 0.00351565544565115*r
3396,0.8441985378848658,B0*s ; B1*i + i**2 - i*r,0.0474879803512435*s ; i**2 - i*r + 30.0351220302318*i
3397,0.8441985376753763,B0*s ; B1*r + i*r + 2*i,0.047487392826788*s ; i*r + 2*i + 0.000301892009619809*r
3398,0.8441984329953697,B0*s ; r + Abs(i)**(1/16),0.0474195273104773*s ; r + Abs(i)**(1/16)
3399,0.8441935135419796,B0*Abs(i)**(1/8) ; B1 + sqrt(Abs(B2 - i)),0.00741656045411545*Abs(i)**(1/8) ; sqrt(Abs(i + 3.96953802518332)) + 33.3214313582751
3400,0.844185946075521,Abs(i)**(3/2) ; B0 + B1*i**2,Abs(i)**(3/2) ; 0.0919346321096334 - 21.933755085591*i**2
3401,0.8441778164504748,B0*sqrt(Abs(i + sqrt(Abs(i + s)))) ; B1*sqrt(Abs(i)),0.0216039934665948*sqrt(Abs(i + sqrt(Abs(i + s)))) ; 0.140108488939589*sqrt(Abs(i))
3402,0.844164990339087,i**2 ; B0 + B1*Abs(i)**(1/4),i**2 ; 0.504762891321005 - 0.844257585934153*Abs(i)**(1/4)
3403,0.8441600852544834,B0 + B1*i**2 ; i,0.018276103339662 - 29.5254276513857*i**2 ; i
3404,0.8441588403462157,sqrt(Abs(B0 + B1*sqrt(Abs(i)))) ; i,sqrt(Abs(0.00512045725192142*sqrt(Abs(i)) - 0.000760513414085769)) ; i
3405,0.844157597884772,B0*i + i**2 ; B1 + sqrt(Abs(i)),i**2 - 0.00445990333580734*i ; sqrt(Abs(i)) - 0.328854099094182
3406,0.8441565519652873,B0*Abs(s)**(1/4) ; B1 + B2*i*r + r,0.0208983604352451*Abs(s)**(1/4) ; 0.00016615258487425*i*r + r + 0.0208018158666499
3407,0.8441508205905421,B0*Abs(i)**(1/4) ; B1*i + i**2,0.00416366558265887*Abs(i)**(1/4) ; i**2 + 1986.59053222528*i
3408,0.8441507739394796,B0 + B1*i ; B2 + B3*i + r,0.000195913706019411*i + 0.0131471475684842 ; 209.079536723244*i + r + 215.605204631916
3409,0.8441489489583545,B0*s*sqrt(Abs(i*s + s**2 - s)) ; B1 + i,0.190903273638354*s*sqrt(Abs(i*s + s**2 - s)) ; i - 0.0199999988627916
3410,0.8441480415110588,B0*i ; B1 + i**2 - i,-0.000131877760891839*i ; i**2 - i + 210.491329294679
3411,0.8441470926367682,sqrt(Abs(B1*Abs(B0 + s)**(1/4) + B2*s)) ; r,sqrt(Abs(0.00164324228322209*s + 0.000315102068690211*Abs(s + 0.0522440376465627)**(1/4))) ; r
3412,0.8441465009741405,B0*i ; B1 + i**3,0.0163854860097461*i ; i**3 - 0.514316538815601
3413,0.8441284389332699,B0 + i**3 ; B1 + i,i**3 + 0.0129783793142423 ; i - 0.0406608134117002
3414,0.84412739464074,B0*i + B0*s ; r**3 - r,0.0131250000147716*i + 0.0131250000147716*s ; r**3 - r
3415,0.844127394453019,B0 + sqrt(Abs(i + s)) ; B1*r + r**2,sqrt(Abs(i + s)) - 0.986873958705359 ; r**2 + 0.0756073614139533*r
3416,0.8441273912071255,B1*Abs(B0 + i)**(1/4) ; 2*i*r,0.000259293204782472*Abs(i + 6557101.14818365)**(1/4) ; 2*i*r
3417,0.8441270889963555,B0 + i**2 ; B1 + B2*Abs(i)**(3/2),i**2 + 0.0131168439600126 ; 5.35885633620838*Abs(i)**(3/2) + 0.0127787120983147
3418,0.8441264110466415,B1*Abs(B0 + i)**(1/4) ; r,0.00155142641905828*Abs(i + 5106.70156517282)**(1/4) ; r
3419,0.8441180068133223,B0 + i**2 ; B1 - 2*r,i**2 + 0.000902077845810822 ; 0.297577217679049 - 2*r
3420,0.8441173589043137,B0*i*s + B0*i + B0*s ; i,0.0437999602805908*i*s + 0.0437999602805908*i + 0.0437999602805908*s ; i
3421,0.8441151842720254,B1*sqrt(Abs(B0 + i)) ; -i**2 - i*r,3.54761715539483e-5*sqrt(Abs(i + 136312.223588977)) ; -i**2 - i*r
3422,0.8440845471823991,B0*Abs(i)**(5/2) ; B1 + sqrt(Abs(B2 + i)),1.6081274260771*Abs(i)**(5/2) ; sqrt(Abs(i + 0.239411602496755)) - 0.291335775067358
3423,0.8440791698117822,B0*i + B0*s**2 + B1*s ; B2 + B3*r + 2*r**2,0.0745139476041147*i + 0.0745139476041147*s**2 + 2.28111840287478*s ; 2*r**2 + 101.580196707148*r - 12.0080891302026
3424,0.84407126571604,B0*i + i**2 ; B1 + i,i**2 - 0.231457307778394*i ; i + 0.0607802727132832
3425,0.8440320312878417,B0*Abs(i)**(1/4)*Abs(s)**(1/4) ; r + sqrt(Abs(i**2 - r)),0.00694403800761193*Abs(i)**(1/4)*Abs(s)**(1/4) ; r + sqrt(Abs(i**2 - r))
3426,0.8440051299286696,B0 + B1*i ; B2*r + i*r + i - r**2,0.0116201640762758 - 0.286061310104873*i ; i*r + i - r**2 + 0.96999907861988*r
3427,0.8439913458875966,B0*Abs(i - sqrt(Abs(i - s)))**(1/4) ; B1 - r,0.0344532830149231*Abs(i - sqrt(Abs(i - s)))**(1/4) ; 0.00433655642488442 - r
3428,0.8439874059468717,B0*i + B0*Abs(i)**(3/2)*sqrt(Abs(s)) ; i,0.895136793731768*i + 0.895136793731768*Abs(i)**(3/2)*sqrt(Abs(s)) ; i
3429,0.8439542423196777,B0*s**2 + B0*Abs(s)**(3/2) ; B2*sqrt(Abs(B1 - i + r)),0.0230127700942915*s**2 + 0.0230127700942915*Abs(s)**(3/2) ; 0.0647113743582879*sqrt(Abs(-i + r + 99.7812574171319))
3430,0.8439189534641902,B1*Abs(B0*s - s**2)**(1/4) ; r + sqrt(Abs(i*sqrt(Abs(r)) - r)),0.0349640672079872*Abs(s**2 + 0.00292034725095738*s)**(1/4) ; r + sqrt(Abs(i*sqrt(Abs(r)) - r))
3431,0.8439180651509818,B0*s + i*s**2 + s**2 ; B3*sqrt(Abs(B1 + B2*i)),i*s**2 + s**2 - 1.01821356432849*s ; -0.0943564616309802*sqrt(Abs(0.769828655190035*i - 0.0141189693593796))
3432,0.843914371342854,B1*Abs(B0 + i - s)**(1/4) ; B2 - i,0.0221020551528419*Abs(-i + s + 100.094193788215)**(1/4) ; -i - 266.912923721594
3433,0.8438703637180142,B1*sqrt(Abs(B0*i*s + i*s**2)) ; B2*i,0.108975261987686*sqrt(Abs(i*s**2 + 3.49468712365894e-7*i*s)) ; -0.0640553888823808*i
3434,0.8438700369632093,B0 + B1*sqrt(Abs(s)) ; sqrt(Abs(B2*i + i**2 - i*r)),0.0481288499277295*sqrt(Abs(s)) - 0.000348120694491817 ; sqrt(Abs(i**2 - i*r + 0.00214931852653291*i))
3435,0.84386571352331,B0 + B1*sqrt(Abs(s)) ; B2*i*r + B2*r*Abs(i)**(1/4),0.0479785647828772*sqrt(Abs(s)) - 0.000370343603924839 ; 0.0419079198082846*i*r + 0.0419079198082846*r*Abs(i)**(1/4)
3436,0.8438251566330417,B0*Abs(s)**(1/8) ; sqrt(Abs(B1*r + B2*i)),0.0174695701209631*Abs(s)**(1/8) ; sqrt(Abs(0.000211836360365411*i + 13.092432244946*r))
3437,0.8438249199920721,B0*Abs(s)**(1/8) ; sqrt(Abs(B1*r**2 + i)),0.0177491164332625*Abs(s)**(1/8) ; sqrt(Abs(i + 6.43325478626654*r**2))
3438,0.8438097137207581,B0*Abs(s)**(1/8) ; sqrt(Abs(B1*i + B2*r)),0.0177491201123834*Abs(s)**(1/8) ; sqrt(Abs(0.000298554679381554*i + 0.888716455193457*r))
3439,0.8437988040224635,B0*i*Abs(s)**(1/4) + i ; i,-0.0215559128542048*i*Abs(s)**(1/4) + i ; i
3440,0.8437952424711466,B0*i*sqrt(Abs(s)) + B0*Abs(s)**(3/2) ; i*r,0.0322820967052586*i*sqrt(Abs(s)) + 0.0322820967052586*Abs(s)**(3/2) ; i*r
3441,0.8437721711536232,B2*Abs(B0*s**2 + B1)**(1/4) ; i,0.0243232520065378*Abs(3.02507888697851*s**2 - 4.703955169218e-5)**(1/4) ; i
3442,0.8437717155677111,B0*Abs(i)**(1/4)*Abs(s)**(1/4) ; r + sqrt(Abs(r - Abs(i)**(3/2))),0.00721483450601449*Abs(i)**(1/4)*Abs(s)**(1/4) ; r + sqrt(Abs(r - Abs(i)**(3/2)))
3443,0.8437685867536309,B0*i**2*s ; i**2 + 2*i*r + r,0.181259780545253*i**2*s ; i**2 + 2*i*r + r
3444,0.8437326808629958,B2*sqrt(Abs(B0*i + B1*sqrt(Abs(i)))) ; B3*r,0.0762635232757198*sqrt(Abs(0.531684560669141*i - 0.580603808645409*sqrt(Abs(i)))) ; 79.7225711347724*r
3445,0.8437031934315257,B0*sqrt(Abs(i**2*s + i*s**2)) ; B1*i + B2*i**2,0.118355409825506*sqrt(Abs(i**2*s + i*s**2)) ; 0.027745847860294*i**2 + 0.044095622061729*i
3446,0.8435424430442959,B0*Abs(i)**(3/8) ; B1*r**2,0.0128987306446455*Abs(i)**(3/8) ; 0.126367078614875*r**2
3447,0.8435424364597067,B0*Abs(i)**(3/8) ; B1*i*r,0.012887966354886*Abs(i)**(3/8) ; 1.73676128531138*i*r
3448,0.8435274135820993,B1*sqrt(Abs(B0*sqrt(Abs(i)) + s*sqrt(Abs(i)))) ; i,0.101064947482122*sqrt(Abs(s*sqrt(Abs(i)) + 0.135863597722582*sqrt(Abs(i)))) ; i
3449,0.843522970177817,B0*i + i**4*s ; B1 - sqrt(Abs(i)),i**4*s - 0.020360461252014*i ; 0.749394379577362 - sqrt(Abs(i))
3450,0.8434755053097351,B0 + B1*i + B2*s**2 + B2*s ; B3 + r - sqrt(Abs(i - sqrt(Abs(r)))),0.000608416598742592*i - 0.0182129820720712*s**2 - 0.0182129820720712*s + 0.06247519308679 ; r - sqrt(Abs(i - sqrt(Abs(r)))) + 0.480346344668976
3451,0.8434444934445648,B0 + sqrt(Abs(B1*s**2 + B2)) ; B3*sqrt(Abs(r)) - i,sqrt(Abs(0.112272378395301*s**2 + 1.91989657133579)) - 1.38030236655156 ; -i + 11.4084190174352*sqrt(Abs(r))
3452,0.8434394859010712,B0*sqrt(Abs(i)) ; i + r,0.00235419456110578*sqrt(Abs(i)) ; i + r
3453,0.8433814397087868,B0*i**2*s ; B1*i + 2*i**2 + r,7.78262046267936e-6*i**2*s ; 2*i**2 + 5.22772283946696*i + r
3454,0.8433493589902795,B0*i*s + B0*i + B1*s ; sqrt(Abs(i)),-0.000312391880191622*i*s - 0.000312391880191622*i + 0.0498168245691855*s ; sqrt(Abs(i))
3455,0.8433419003488833,B0*sqrt(Abs(i**2 - i*s)) ; B1 + i + Abs(r)**(1/4),0.0483833574798973*sqrt(Abs(i**2 - i*s)) ; i + Abs(r)**(1/4) - 0.875746645717526
3456,0.8433195419130038,B0 + B1*s**2 ; B3*r*sqrt(Abs(B2 - i + r)),0.0398647223392966*s**2 + 0.00532872875334366 ; 0.00334117454508404*r*sqrt(Abs(-i + r + 0.00549512980637693))
3457,0.8432201538517136,B0*Abs(s)**(3/2) - i*Abs(s)**(3/2) ; i,-i*Abs(s)**(3/2) + 0.0838539186676726*Abs(s)**(3/2) ; i
3458,0.8432180217158712,B0*i**2 + i**2*s ; B1 - r**2 + r,i**2*s - 0.430341413951927*i**2 ; -r**2 + r + 1.73994518121722e-5
3459,0.8432091576989408,B0 + B2*sqrt(Abs(B1*s + s**2)) ; B3 + sqrt(Abs(B4 + r)),0.00942556185407701*sqrt(Abs(s**2 + 24.5656398622314*s)) - 0.000313902306734518 ; sqrt(Abs(r + 0.050696401791246)) + 0.645817954154395
3460,0.8432043819698539,B0*i**2 + B1*i*s + s ; B2 + B3*r,-2.17680006037333*i**2 - 0.567268089598799*i*s + s ; 0.0188412363351903 - 0.00879589221576971*r
3461,0.8430938027118648,B1*sqrt(Abs(B0*i + i**2 - i*s)) ; B2 + B3*i + B4*r,0.0146320665338483*sqrt(Abs(i**2 - i*s + 0.0163062771731188*i)) ; -0.611190715470299*i - 0.770625631725934*r + 0.862930179346539
3462,0.8430717917081578,B0*i + B1*sqrt(Abs(i - s)) ; B2*r,-0.000608040298260464*i + 0.0318494945009143*sqrt(Abs(i - s)) ; 0.00246816541338257*r
3463,0.8430570785347512,B0*i + B1*sqrt(Abs(i - s)) ; B2*sqrt(Abs(i))*sqrt(Abs(r)),-0.000643931751415927*i + 0.0319167301167266*sqrt(Abs(i - s)) ; 0.00372147652636624*sqrt(Abs(i))*sqrt(Abs(r))
3464,0.8430083422404715,B0 + B1*s + B1*Abs(i)**(1/4)*Abs(s)**(1/4) ; B2*Abs(i)**(1/4),0.0394925832780316*s + 0.0394925832780316*Abs(i)**(1/4)*Abs(s)**(1/4) - 0.0731274631003921 ; -2.51100719699047*Abs(i)**(1/4)
3465,0.8429776600850815,i*s ; B0*i + i*r,i*s ; i*r + 0.679881089535851*i
3466,0.8429638436969167,B0 + B1*Abs(i)**(1/4) ; i + Abs(i)**(1/4)*sqrt(Abs(r)),0.0513637162730929 - 0.033227311635631*Abs(i)**(1/4) ; i + Abs(i)**(1/4)*sqrt(Abs(r))
3467,0.8429563921590217,B0 + B1*Abs(i)**(3/2) + s ; B2 + r,s + 0.000281956751406604*Abs(i)**(3/2) - 0.955546099669444 ; r + 0.000724728150460338
3468,0.8429293409812852,B0*i*s + B1*i**2*s ; -i**2 + i + sqrt(Abs(i)),1.25446462048607*i**2*s + 0.375338986674508*i*s ; -i**2 + i + sqrt(Abs(i))
3469,0.8429152572769214,B0*s + B1*sqrt(Abs(i + sqrt(Abs(i)))) ; i + sqrt(Abs(r - sqrt(Abs(r)))),0.050876449937147*s - 0.00680333011114883*sqrt(Abs(i + sqrt(Abs(i)))) ; i + sqrt(Abs(r - sqrt(Abs(r))))
3470,0.8429086278988955,B0*sqrt(Abs(s)) + B1*s ; sqrt(Abs(B2 - i - r + sqrt(Abs(i))*sqrt(Abs(r)))),2.74186011613444*s - 0.196257310640171*sqrt(Abs(s)) ; sqrt(Abs(i + r - sqrt(Abs(i))*sqrt(Abs(r)) - 5.14205127001447))
3471,0.8428757241567796,s*Abs(B0*s + B1 + B2*i)**(1/4) ; B3*r,s*Abs(0.0266236492028394*i + 0.0265540960905801*s - 0.0265605201061645)**(1/4) ; 0.0146506602692754*r
3472,0.8428629404185404,B0 + i ; B1 + B2*i + r,i + 0.0130671918039209 ; 7.92034590917984*i + r + 98.7308433065076
3473,0.8427961723707711,B0*i + B1*i*s**3 ; 2*r,0.390693196118869*i*s**3 + 0.00235737153970158*i ; 2*r
3474,0.8427796415943828,B2*sqrt(Abs(B0*sqrt(Abs(s)) + B1*i)) ; B3 + 2*i,0.00767936167344456*sqrt(Abs(0.39981020209261*i + 23.2419335000931*sqrt(Abs(s)))) ; 2*i + 33.0094612944244
3475,0.8426845230802128,i**2 ; B1*Abs(B0 + i)**(1/4),i**2 ; 0.068184239587969*Abs(i + 0.115287741483093)**(1/4)
3476,0.8426726103234216,B0*i ; B1*sqrt(Abs(r)),0.0280252116338854*i ; 0.00144340247310832*sqrt(Abs(r))
3477,0.8426726094715111,B0*i ; r + sqrt(Abs(r)),0.0280693650545383*i ; r + sqrt(Abs(r))
3478,0.8426724101404052,B0*i ; i*sqrt(Abs(r)),0.0279346741597126*i ; i*sqrt(Abs(r))
3479,0.8426723873281315,B0*i ; sqrt(2)*i*sqrt(Abs(r)),0.0279286611588563*i ; sqrt(2)*i*sqrt(Abs(r))
3480,0.8426723504922538,B0*i ; r*sqrt(Abs(i)),0.0279195433606451*i ; r*sqrt(Abs(i))
3481,0.8425970395419982,B1*sqrt(Abs(B0*s**2 + i*s**2)) ; i**3,0.153999021876853*sqrt(Abs(i*s**2 - 0.0342960738476082*s**2)) ; i**3
3482,0.8425176794535156,B0*s**3 ; B1*i + B2*i*r,0.044393950380755*s**3 ; 0.016609329761392*i*r + 4.02161004296126*i
3483,0.8425176139975128,B0*s**3 ; -i + r - Abs(r)**(1/8),0.0443101816262018*s**3 ; -i + r - Abs(r)**(1/8)
3484,0.8424744389398476,B0 + B1*s + i ; B2 + i - sqrt(Abs(i)),i + 2.75134511156374*s + 72.4911059430259 ; i - sqrt(Abs(i)) + 136.633242834266
3485,0.8424401264948993,B0*i + i**2 + i*sqrt(Abs(s)) ; i + sqrt(Abs(B3 + sqrt(Abs(B1 + B2*r)))),i**2 + i*sqrt(Abs(s)) - 0.862798899849353*i ; i + sqrt(Abs(sqrt(Abs(0.490643193921786*r + 12.0360404098117)) - 3.58209450983263))
3486,0.8423266623198487,i*sqrt(Abs(B0*i*s + i**2*s)) ; B1*i*sqrt(Abs(r)) + i**2,i*sqrt(Abs(i**2*s - 1.71567605469182*i*s)) ; i**2 + 0.388014014802166*i*sqrt(Abs(r))
3487,0.8423260024053815,B0*i*s**2 ; i**2 + 2*i*r + r,-0.16679464524813*i*s**2 ; i**2 + 2*i*r + r
3488,0.8423003592190383,B3*sqrt(Abs(B0*s + B1 + B2*i)) ; B4 - i + 2*r,0.13031201510779*sqrt(Abs(0.000996267889087098*i - 0.0815832611596412*s + 0.082371222599285)) ; -i + 2*r + 0.489604968315091
3489,0.8422007410191389,B1*sqrt(Abs(B0 + sqrt(Abs(i - s)))) ; B2*sqrt(Abs(i))*sqrt(Abs(r)),0.0222087314244381*sqrt(Abs(sqrt(Abs(i - s)) - 0.314921403690058)) ; 0.00103907691551288*sqrt(Abs(i))*sqrt(Abs(r))
3490,0.8421390681500931,i*sqrt(Abs(B0 + B1*s)) ; B2*sqrt(Abs(i)) - 2*i + Abs(i)**(3/2),i*sqrt(Abs(5.09884153780683e-5*s + 1.04642204627808e-5)) ; -2*i + Abs(i)**(3/2) - 0.659764175883094*sqrt(Abs(i))
3491,0.8421249682474897,B0*Abs(i)**(17/16) ; B1 + sqrt(Abs(B2 + i*r**2)),0.231054983087154*Abs(i)**(17/16) ; sqrt(Abs(i*r**2 + 0.530779562524411)) - 0.660095655594864
3492,0.8421035903020374,i*Abs(s)**(3/2) ; B0 - r**2 - r,i*Abs(s)**(3/2) ; -r**2 - r + 0.0397674677687394
3493,0.8420996798901087,B0*s - i + sqrt(Abs(i)) ; sqrt(Abs(i)),-i + 0.00100061522198471*s + sqrt(Abs(i)) ; sqrt(Abs(i))
3494,0.8420689394253182,B0*s + B1*Abs(s)**(3/2) + s**2 ; i*sqrt(Abs(r))*Abs(B2*i + i**2)**(1/4),s**2 + 1.02040670443984*s - 1.98619372583661*Abs(s)**(3/2) ; i*sqrt(Abs(r))*Abs(i**2 + 0.000681923451507989*i)**(1/4)
3495,0.8420395303538516,B0 + sqrt(Abs(s)) ; sqrt(Abs(B1 - r)),sqrt(Abs(s)) - 0.957616960891763 ; sqrt(Abs(r - 51.0258821787829))
3496,0.8420395282882391,B0 + sqrt(Abs(s)) ; sqrt(Abs(B1 - i)),sqrt(Abs(s)) - 0.957652140713274 ; sqrt(Abs(i - 29.4054716598356))
3497,0.8420395212880114,B0 + sqrt(Abs(s)) ; sqrt(Abs(B1 + r)),sqrt(Abs(s)) - 0.957685923164943 ; sqrt(Abs(r + 0.000155739720174517))
3498,0.8420395101546121,B0 + sqrt(Abs(s)) ; sqrt(Abs(B1 + i)),sqrt(Abs(s)) - 0.95771785013388 ; sqrt(Abs(i + 0.035082894063627))
3499,0.841912334272312,B0*i*Abs(s)**(3/2) - i*s ; B1*i + i**2*r,-i*s + 1.37186100256588*i*Abs(s)**(3/2) ; i**2*r + 9.21095397313016e-6*i
3500,0.8418033573908115,B0 + B1*i ; B2 + B3*sqrt(Abs(i)) + B4*i,0.0552510000558971*i + 0.0260150385857487 ; 0.695188636622693*i + 0.35224813114264*sqrt(Abs(i)) + 0.00341862644716274
3501,0.8417883892504235,B0*s**2 + i*s**3 ; -Abs(r)**(1/8),i*s**3 - 0.0195834816469523*s**2 ; -Abs(r)**(1/8)
3502,0.8417820715279429,B0*s + B1*s**2 + B2*i*s ; B3 + r,0.000492186086604132*i*s - 0.159650956268996*s**2 + 0.172140958120157*s ; r - 0.00100236498057727
3503,0.8417676482914893,B2*sqrt(Abs(B0*i + B1*i*s)) ; B3 - i + sqrt(Abs(r)),0.00307546266056426*sqrt(Abs(1.47162814508438*i*s + 0.259177846872828*i)) ; -i + sqrt(Abs(r)) + 2.65488958187018
3504,0.8417378542693706,B1*Abs(B0*s + Abs(s)**(3/2))**(1/4) ; r + sqrt(Abs(B2*i**2 - i)),0.029617138848539*Abs(0.483648270564629*s + Abs(s)**(3/2))**(1/4) ; r + sqrt(Abs(8.3052616906209*i**2 - i))
3505,0.8417244588784074,B0*s + B1*s**2 + B2*i*s ; B3 + r - sqrt(Abs(i)),-0.00040927361355187*i*s - 0.176378477365015*s**2 + 0.187483460692003*s ; r - sqrt(Abs(i)) + 0.358425799239686
3506,0.841719358987896,B0*i**2 ; B1 + 2*i - sqrt(Abs(i + r)),0.0892794683974277*i**2 ; 2*i - sqrt(Abs(i + r)) + 1.66792619533135
3507,0.8417189901666607,B0 + B1*i**2 ; B2*Abs(i)**(3/2) + B3*r*sqrt(Abs(i)),0.912365870448058*i**2 + 0.0136637249445852 ; 0.211399851813806*r*sqrt(Abs(i)) + 0.245740358922564*Abs(i)**(3/2)
3508,0.8415974937807731,B0*s + s**2 + s*Abs(i)**(1/4) ; B1*r + B3*sqrt(Abs(B2*i - i*r)),s**2 + s*Abs(i)**(1/4) - 1.35453104335009*s ; 0.307336484620091*r + 0.00801022340454027*sqrt(Abs(i*r + 30.8110723496877*i))
3509,0.8415902214701555,B1*sqrt(Abs(B0 + i - 2*s)) ; B2*sqrt(Abs(r)),0.0164052511772989*sqrt(Abs(i - 2*s + 0.0917787887391839)) ; 0.00274775210252444*sqrt(Abs(r))
3510,0.8415676631984537,B0*sqrt(Abs(s + Abs(i)**(1/4))) ; i*sqrt(Abs(r)),0.0164762116431838*sqrt(Abs(s + Abs(i)**(1/4))) ; i*sqrt(Abs(r))
3511,0.8415461322471799,B1*sqrt(Abs(B0*i + 2*i*s)) ; B2 + B3*r + i*r - i,0.058368734700496*sqrt(Abs(2*i*s + 0.144938248001544*i)) ; i*r - i - 0.033156185720923*r + 0.0334059457814673
3512,0.841481143108441,B1*sqrt(Abs(B0*i + i**2)) ; B2 + B3*sqrt(Abs(i)),0.287278999624543*sqrt(Abs(i**2 + 0.189820667570927*i)) ; 0.133381063627662*sqrt(Abs(i)) - 1.09824497045952e-5
3513,0.8414691314635302,B0*s**2 ; sqrt(Abs(B1*i + B2*r + B3)),0.0453518113828471*s**2 ; sqrt(Abs(0.528586392437112*i + 0.0606404562787073*r + 0.290235692865777))
3514,0.8414691282724948,B0*s**2 ; B3*sqrt(Abs(B1*r + B2 + i)),0.0453376284999128*s**2 ; 96.8746006623561*sqrt(Abs(i + 1.74961740133769*r + 0.000193154349960578))
3515,0.8414690842266366,B0*s**2 ; i**2*r + i + sqrt(Abs(i)),0.0452895803780523*s**2 ; i**2*r + i + sqrt(Abs(i))
3516,0.841466055356078,B0*i + i**2 + i*sqrt(Abs(s)) ; B1 + i,i**2 + i*sqrt(Abs(s)) + 0.10964814965265*i ; i - 0.00165774775068176
3517,0.8412965117586745,B0*i + B1*i**2 + B2*i*s ; B3 + B5*sqrt(Abs(B4 + i + r)),-0.382768821263606*i**2 + 0.333258726273662*i*s - 0.526877566352986*i ; 2.25036852654538 - 0.543083163901847*sqrt(Abs(i + r + 16.0947615691263))
3518,0.8412823838021584,B2*sqrt(Abs(B0*i + B1)) ; i,0.0939107383771795*sqrt(Abs(2.27047126709551*i - 0.0119272745910398)) ; i
3519,0.8412614190257924,B0*i*Abs(s)**(1/4) ; r + sqrt(Abs(i*sqrt(Abs(r)) - i)),-0.000226315203140897*i*Abs(s)**(1/4) ; r + sqrt(Abs(i*sqrt(Abs(r)) - i))
3520,0.8412197162985056,B0 + B1*sqrt(Abs(i))*sqrt(Abs(s)) ; B2 + sqrt(Abs(i)) - sqrt(Abs(r)),-0.00860556321489622*sqrt(Abs(i))*sqrt(Abs(s)) + 0.0635170964421247 ; sqrt(Abs(i)) - sqrt(Abs(r)) + 1.95421895584228
3521,0.8412196439835578,B0*i ; B1*i - i*r,0.00420485826157986*i ; -i*r - 2.60432459776578*i
3522,0.8412075740130669,B0*s + 2*i*s ; B1*Abs(i)**(5/4),2*i*s + 0.0199486303753009*s ; 10.7654672110415*Abs(i)**(5/4)
3523,0.8411775835947538,B0 + B1*i + B2*s + B3*i*s ; B4 - sqrt(Abs(i)),-0.00378667293058734*i*s + 0.00854939779604954*i + 2.74821085985772*s - 0.972300920046433 ; 0.386310416410488 - sqrt(Abs(i))
3524,0.84117042867404,s*sqrt(Abs(B0*i*s + i*s**2)) ; B1 + i,s*sqrt(Abs(i*s**2 - 0.974336444056613*i*s)) ; i + 0.0014265557306803
3525,0.8411308963884483,B0*i + B1*sqrt(Abs(B2 + i)) ; i,1.0153294058733*i - 0.00113975416084475*sqrt(Abs(i - 0.187128980015164)) ; i
3526,0.8410953036848087,B1*sqrt(Abs(B0*i*s + i*s**2)) ; B2*r + sqrt(2)*r*sqrt(Abs(i)),0.116586627020716*sqrt(Abs(i*s**2 + 0.0378294889707533*i*s)) ; sqrt(2)*r*sqrt(Abs(i)) + 31.8779075839356*r
3527,0.8410602231113073,B0*i + B1*i**2 + B1*i*s ; B2 + sqrt(Abs(r)),-2.67093607166758e-5*i**2 - 2.67093607166758e-5*i*s - 0.00271091982892216*i ; sqrt(Abs(r)) + 0.132482711090261
3528,0.8410329168052757,B0*i*sqrt(Abs(s)) ; B1 + r**2*sqrt(Abs(i)) - r,0.0256433678322456*i*sqrt(Abs(s)) ; r**2*sqrt(Abs(i)) - r - 1.27080902255143
3529,0.8410287443196345,B0*s**2 - 2*i*s ; B1*i,-2*i*s + 0.0772266656192576*s**2 ; 1.80014766645909*i
3530,0.841027980649191,B1*i*Abs(B0 - i)**(1/4) ; B2 + B3*sqrt(Abs(i)),0.0105674286131365*i*Abs(i - 4.67706342902603)**(1/4) ; 1.50232298810259*sqrt(Abs(i)) - 3.24008656074513
3531,0.8410201601120351,B1*sqrt(Abs(B0 + i*s + s**2)) ; B2 + r,0.00358887537184195*sqrt(Abs(i*s + s**2 - 20.468297037229)) ; r + 1.83438759441322
3532,0.8409676879389613,B0*s + B1*s**2 + B1*s*sqrt(Abs(i)) ; sqrt(Abs(B2*i + B3 + r)),0.0303025647740343*s**2 + 0.0303025647740343*s*sqrt(Abs(i)) - 0.0565683982724567*s ; sqrt(Abs(2.36435004773711*i + r + 4.87157652821232))
3533,0.840935220124422,B0*Abs(i**2 - i*s)**(1/4) ; B1 + B2*i + B2*r,0.0460453167641606*Abs(i**2 - i*s)**(1/4) ; -0.0314492219535333*i - 0.0314492219535333*r + 0.0309458252670081
3534,0.8409151731996479,B2*sqrt(Abs(B0 + B1*i)) ; B3 - i + r + sqrt(Abs(r)),0.0915869291215051*sqrt(Abs(0.000486361099000376*i - 0.0627978059546935)) ; -i + r + sqrt(Abs(r)) - 0.0730153165306978
3535,0.8409113770769374,B0*i + B1*i**2 + B2*i*s ; B3*i + B4*i*r,0.0433910865168873*i**2 + 0.438504155580532*i*s + 0.0312879880225775*i ; -0.106927882945729*i*r + 0.201356865524373*i
3536,0.8409096212026979,B0*i*s + B1*i*s**3 ; B2 + B3*r,-0.118070434831813*i*s**3 + 0.136386932855744*i*s ; -1.10578663470991*r - 0.760953627645733
3537,0.8409023764345886,B0*s + 2*i*s ; B1 + B2*i,2*i*s - 0.101940082021906*s ; 3.24797114904211*i - 0.202878284131565
3538,0.8408922822486226,B3*sqrt(Abs(B0*s + B1 + B2*i)) ; -i + r,0.0679825984050031*sqrt(Abs(0.00307735091467056*i + 0.312764451403638*s - 0.234150360345164)) ; -i + r
3539,0.8408770065623753,B0*i*s + B1*i**3*s ; B2 + B3*Abs(i)**(1/4),0.208834330507469*i**3*s + 0.318669016767459*i*s ; 0.0851623792893206*Abs(i)**(1/4) - 0.0406289670913196
3540,0.8408677802090372,Abs(i)**(5/4) ; B0 + Abs(i)**(5/2),Abs(i)**(5/4) ; Abs(i)**(5/2) + 0.0138011198417374
3541,0.8408207665791259,B0*s + B0*sqrt(Abs(i - s)) ; B1*Abs(r)**(5/2),0.0107755850982724*s + 0.0107755850982724*sqrt(Abs(i - s)) ; 0.00101024603703512*Abs(r)**(5/2)
3542,0.8408199988254671,B0*s + B1*s**2 + B2*i*s ; B3 + sqrt(Abs(r)),0.172701507117736*i*s - 0.059926259941041*s**2 + 0.0493525712347467*s ; sqrt(Abs(r)) - 0.339262475047135
3543,0.8408005498729464,B0*s + B1*s**2 + B2*i*s ; B3*Abs(i)**(1/4),0.0033847649793792*i*s - 0.3193086921029*s**2 + 0.325658897900474*s ; 0.682212190340285*Abs(i)**(1/4)
3544,0.8408001831636709,B0*s + B1*s**2 + B2*i*s ; -Abs(i)**(1/4),-0.00205611958760817*i*s - 0.327544129621682*s**2 + 0.333934871498927*s ; -Abs(i)**(1/4)
3545,0.8407924568666332,B0*i*s**2 + B1*i**2*s ; B2 + B3*r,0.231064179372391*i**2*s + 0.217079224353535*i*s**2 ; -1.01311355594591*r - 0.0404018940562768
3546,0.8407897378697542,B0*i*s ; B1 + B2*r**2 - i*r**2 - r,0.235398575474315*i*s ; -i*r**2 + 0.745434208103302*r**2 - r - 0.0351908025146003
3547,0.8407574358502943,B0*s**2 + B2*s*sqrt(Abs(B1 - s)) ; B3*r + B4*r**2 + B5*i*r,-0.463295672073554*s**2 + 0.424965642224103*s*sqrt(Abs(s + 0.207666917705049)) ; 0.00347023111903637*i*r + 2.71586367920363*r**2 + 0.000260848602016156*r
3548,0.8407556660830945,B0*i*s**2 + B1*i**2*s ; B2 - i - 2*r,0.0597121219359424*i**2*s + 0.127822028403979*i*s**2 ; -i - 2*r - 0.0722795178874881
3549,0.8407469597974953,B0 + B1*i*s + B2*i*s**2 ; r,0.0371363198924777*i*s**2 + 0.215678141038264*i*s + 0.00513777678153965 ; r
3550,0.8407375477227278,B0*s + B1*s**2 + B2*i*s ; i,0.0484915232551223*i*s - 0.236390427004516*s**2 + 0.241751495806443*s ; i
3551,0.8407362264691025,B0*s + B1*s**2 + B2*i*s ; -Abs(r)**(1/8),0.642597163872769*i*s + 0.401545724428791*s**2 - 0.395471101223315*s ; -Abs(r)**(1/8)
3552,0.8407362264691025,B0*s + B1*s**2 + B2*i*s ; 2*r,0.498453863552766*i*s + 0.257402422962701*s**2 - 0.251327799876414*s ; 2*r
3553,0.8407362264691025,B0*s + B1*s**2 + B2*i*s ; r**2 + r*sqrt(Abs(i)),1.11915423121317*i*s + 0.878102786902528*s**2 - 0.872028164244712*s ; r**2 + r*sqrt(Abs(i))
3554,0.8407362264691024,B0*s + B1*s**2 + B2*i*s ; r,-0.259929356543534*i*s - 0.500980770427843*s**2 + 0.507055396253084*s ; r
3555,0.8407362264691024,B0*s + B1*s**2 + B2*i*s ; -i*r,0.152051425686892*i*s - 0.0889999880723157*s**2 + 0.095074613880425*s ; -i*r
3556,0.8407362264690516,B0*s + B1*s**2 + B2*i*s ; B3*r,28.5719846737249*i*s + 28.3309329875249*s**2 - 28.3248583985637*s ; 62.7137223648199*r
3557,0.8407315966660699,B0*s**4 + B1*i*s ; r,0.251988290220631*i*s + 0.00669754868498752*s**4 ; r
3558,0.840727370961863,B0*i + 3*i**2 ; B1 + B2*i + B3*r,3*i**2 + 0.202869779923132*i ; 0.712345911827599*i + 0.0245778482941551*r - 0.0299512927489125
3559,0.840709257851683,B0*s**2 + B1*i*s ; i,-2.15116638482185*i*s + 0.120387155092985*s**2 ; i
3560,0.8406948890112347,B1*sqrt(Abs(B0 + s**2 - s)) ; 2*r - sqrt(Abs(i)),0.0334189018115847*sqrt(Abs(-s**2 + s + 0.535124827883001)) ; 2*r - sqrt(Abs(i))
3561,0.8406930096662564,B0*i + B1*i**2 + B2*i*s ; B3 + i - 2*r,1.944506312255*i**2 + 1.58641950826205*i*s - 1.32769906783628*i ; i - 2*r - 0.0492028941676594
3562,0.840676487816844,B0*i*s**2 + B1*i**2*s ; B2 + B3*i,9.58300409802007*i**2*s + 1.56773010938957*i*s**2 ; 2.24565676821911*i + 0.241930437347399
3563,0.8406513998887293,B0*s + B1*i*s**2 - i*s ; B2 + 2*i,0.970521228431674*i*s**2 - i*s - 0.000596675805678013*s ; 2*i + 0.550178632089621
3564,0.840644771633328,B1*sqrt(Abs(B0 + s**2 - s)) ; B2*i + r,0.0336850318718627*sqrt(Abs(-s**2 + s + 0.47786102211245)) ; 0.00185554150388986*i + r
3565,0.8406040432983034,B1*sqrt(Abs(B0 + i**2 - i)) ; B2*r,0.0344072318832776*sqrt(Abs(-i**2 + i + 0.453206271981385)) ; 14.6390985068538*r
3566,0.8405828123170995,B0*i**3 + B1*i**2*s ; B2 + B3*r,-0.0012148729232846*i**3 + 0.16378128609762*i**2*s ; -0.865033808286324*r - 0.324204201017349
3567,0.8405240124718842,B0*s + B1*s**2 + i*s**2 ; B2 + B3*r + i*r + i,i*s**2 - 0.305993358128604*s**2 + 0.293585929707379*s ; i*r + i + 0.231474845420733*r - 0.00547515198664062
3568,0.8404915692246387,B0*i + i**2 ; B1*i**2 + B2*r + B3*i*r,i**2 + 0.299819942319771*i ; 2.17574088178348*i**2 + 0.447962624789549*i*r - 0.000295016446749848*r
3569,0.8404776680076694,B0*i + i*s ; B1*i + B2*i**2 + B3*i*r,i*s + 0.00905919124539732*i ; 10.6751616109045*i**2 - 4.72281304695715*i*r + 0.798205498367299*i
3570,0.8404706963215307,B2*sqrt(Abs(B0 + B1*i)) ; B3 + 2*r,0.0259330027980608*sqrt(Abs(0.0017866093511198*i - 0.402916102908017)) ; 2*r - 5.51988639152821e-9
3571,0.8404627767562484,B1*sqrt(Abs(B0 + i**2 + s)) ; B2*r,0.0325122070068243*sqrt(Abs(i**2 + s - 1.60095002121755)) ; 0.255226394346557*r
3572,0.8404594662862552,B0*i*s**2 + B1*i**2*s ; B2*r,0.184004662017232*i**2*s + 0.326299875783478*i*s**2 ; 0.00118851836886568*r
3573,0.8404590672649992,B0*i**2 + B1*s + B2*i*s ; i,-5.71880854147298*i**2 - 1.36909352331473*i*s + 0.225017402133387*s ; i
3574,0.8403850054652019,B0 + B1*i + B2*s + B3*i*s ; i,0.650550186512409*i*s + 0.787143138150742*i - 0.00775232723401862*s - 0.000121264547769856 ; i
3575,0.8403557602114639,B0 - i ; r*sqrt(Abs(i)),0.0445753182900343 - i ; r*sqrt(Abs(i))
3576,0.8403557596930756,B0 + s ; sqrt(Abs(B1 + i)),s - 0.95544772177105 ; sqrt(Abs(i + 0.0165064672697373))
3577,0.8403434921927997,B0 + B1*i ; B2 + r - sqrt(Abs(B3 + i)),0.0213045601073775 - 9.20323017507325e-5*i ; r - sqrt(Abs(i - 0.0639183893152193)) + 0.154074072960071
3578,0.8403277273422508,B0*i + B1*s + B2*i*s ; B3 - i + r,-0.000504169235588701*i*s - 0.000107699039257818*i + 0.00255945641246158*s ; -i + r + 0.950978041447798
3579,0.8403152918967451,i*sqrt(Abs(s)) ; 2*i,i*sqrt(Abs(s)) ; 2*i
3580,0.8403034892309903,B0 + B1*i + B2*i*s - s ; sqrt(Abs(B3*r + B4*i)),-0.0105834042449233*i*s + 0.00968741926106313*i - s + 0.976899083271891 ; sqrt(Abs(22.9357100908672*i + 9.73624046510959*r))
3581,0.8402235626362966,B0*i + B0*sqrt(Abs(s)) ; r,0.0108563637877744*i + 0.0108563637877744*sqrt(Abs(s)) ; r
3582,0.840223213604172,B0*i**2 + B0*i*s ; B1 - 2*i**2 + i*r,-2.68930344831003*i**2 - 2.68930344831003*i*s ; -2*i**2 + i*r + 0.0507361865509187
3583,0.8401618862443334,B0*s*Abs(i)**(1/4) ; B1*i - i**2 + 2*i*r,0.0507926438653297*s*Abs(i)**(1/4) ; -i**2 + 2*i*r + 0.106526113430947*i
3584,0.8401606241595271,B0*i*s**2 + i**2*s**2 ; B1 + B2*r,i**2*s**2 - 0.479237779310235*i*s**2 ; 0.109467369352047*r + 0.0299298861578813
3585,0.8401183297346684,B3*sqrt(Abs(B0*i + B1*s + B2)) ; B4 - r,0.105966170148584*sqrt(Abs(0.00764554640377902*i - 0.108010834445161*s + 0.148941761908734)) ; 23.654291525425 - r
3586,0.8399559212711911,B0*i*Abs(s)**(1/4) ; sqrt(Abs(B1 + B2*i**2*r)),-0.247777965916405*i*Abs(s)**(1/4) ; sqrt(Abs(0.435829108888597*i**2*r - 0.0011740026886171))
3587,0.8399475499577498,B0*sqrt(Abs(i)) ; -r**2 + r,0.0135352409069413*sqrt(Abs(i)) ; -r**2 + r
3588,0.8399475499014478,B0*sqrt(Abs(i)) ; sqrt(Abs(i))*sqrt(Abs(r)),0.0135351278076047*sqrt(Abs(i)) ; sqrt(Abs(i))*sqrt(Abs(r))
3589,0.8399475491376563,B0*sqrt(Abs(i)) ; B1*i*r,0.0135409253512527*sqrt(Abs(i)) ; 17.8726097614412*i*r
3590,0.8399460733859725,B1*sqrt(Abs(B0 + 2*i)) + i ; i,i - 1.93162688855736e-6*sqrt(Abs(2*i + 20572.4820639288)) ; i
3591,0.8399403252084533,B0*i*s ; B1*i + B1*r + r*sqrt(Abs(i)) + Abs(i)**(3/2),0.116354957200428*i*s ; -1.08167741462616*i + r*sqrt(Abs(i)) - 1.08167741462616*r + Abs(i)**(3/2)
3592,0.8398528865302719,B0*Abs(i)**(1/4)*sqrt(Abs(s)) ; r + sqrt(Abs(2*i**2 - r)),0.0113955961786117*Abs(i)**(1/4)*sqrt(Abs(s)) ; r + sqrt(Abs(2*i**2 - r))
3593,0.839852623456922,sqrt(Abs(B0 - sqrt(Abs(B1*i + B1*s)))) ; B2*sqrt(Abs(i)),sqrt(Abs(sqrt(Abs(0.000419931989337122*i + 0.000419931989337122*s)) - 0.0199056398714732)) ; 0.00116509260243824*sqrt(Abs(i))
3594,0.8397728393849834,B0*i + i**2*s - i*s ; B1 + i,i**2*s - i*s - 0.153569660478674*i ; i + 0.0961940567204788
3595,0.8397665742410062,Abs(i)**(11/4) ; i,Abs(i)**(11/4) ; i
3596,0.8397394437709997,B0*s + B1*i**2*sqrt(Abs(s)) ; r,0.0271573808757997*i**2*sqrt(Abs(s)) + 0.0486368036508543*s ; r
3597,0.8397348294333988,B0*i*s + B1*i*s**2 ; B2 + r,0.00156843700420868*i*s**2 - 0.000123654766761213*i*s ; r - 0.00119195296921495
3598,0.8397250003257679,B0*i*s**2 + B1*i**2*s ; B2 + B3*sqrt(Abs(r)),0.000103280552895927*i**2*s - 0.00171116359501047*i*s**2 ; 2.6960553038485 - 0.0622355901722366*sqrt(Abs(r))
3599,0.8397041606996912,B0*i*s**2 + B1*i**2*s ; B2*i + i*r + r,0.831550380940976*i**2*s - 0.922894827726276*i*s**2 ; i*r + 2.27463597739054*i + r
3600,0.8396852794612742,B0*i + B1*i**2 - i**2*s ; B2 + B3*i + i*r + r,-i**2*s - 2.65745152473259*i**2 - 0.9294079214633*i ; i*r + 2.59498180828489*i + r + 0.0233649672566888
3601,0.8396807991891566,B0 - i ; B1 + sqrt(Abs(r)),0.0969639929734259 - i ; sqrt(Abs(r)) - 0.253079904024193
3602,0.8396547063956199,B0*i*s + B1*i**2*s ; B2*i*r**2 + i**2 + i*r,0.163697284432532*i**2*s + 0.387802263111314*i*s ; i**2 - 7.78359218886993*i*r**2 + i*r
3603,0.8396338120508267,B0 + B1*s + B2*Abs(i)**(1/4)*Abs(s)**(1/4) ; r*sqrt(Abs(B3 + r)),0.00338212677909069*s + 0.172650184722012*Abs(i)**(1/4)*Abs(s)**(1/4) - 0.0640218802527357 ; r*sqrt(Abs(r + 0.000399382920276326))
3604,0.8395747539381112,B0*sqrt(Abs(-i*s + s**2 + s)) ; B1 + i + r,0.00360289477483645*sqrt(Abs(-i*s + s**2 + s)) ; i + r + 19.3479333704152
3605,0.8395644234156618,s*Abs(B0 + 2*s)**(1/4) ; B1 + sqrt(Abs(B2 + i**2 + Abs(i)**(3/2))),s*Abs(2*s - 53.7887470437894)**(1/4) ; sqrt(Abs(i**2 + Abs(i)**(3/2) + 0.00040624929972326)) + 20.2579204632454
3606,0.8395195095888845,B0*sqrt(Abs(i + Abs(i)**(1/4))) + i ; i,i - 0.000473974870935419*sqrt(Abs(i + Abs(i)**(1/4))) ; i
3607,0.8394645878121316,B0*i + B0*s**2 + B1*s ; B2 + i - sqrt(Abs(i)),0.0141660378299076*i + 0.0141660378299076*s**2 + 2.74870138020838*s ; i - sqrt(Abs(i)) + 4.62480035573238
3608,0.8394327450154093,B0 + B1*i + B2*s ; B3*i + 2*i**2 + i*r,1.63084112929326*i - 0.0137194789266703*s + 0.000995589862454938 ; 2*i**2 + i*r + 0.951720847352567*i
3609,0.8394139075576971,B0*i + B1*i**2 + B2*i*s ; B3*i**2*r,87.9508593131007*i**2 + 88.2748824486402*i*s - 87.9775170780952*i ; 8.62477559466458*i**2*r
3610,0.839413907557697,B0*i + B1*i**2 + B2*i*s ; B3*i*sqrt(Abs(r)),3.72143426891727*i**2 + 4.04545738629969*i*s - 3.74809200539428*i ; 0.000639055972934855*i*sqrt(Abs(r))
3611,0.8394139075576968,B0*i + B1*i**2 + B2*i*s ; sqrt(Abs(i))*Abs(r)**(5/4),1.31975713649789*i**2 + 1.64378024867257*i*s - 1.3464148695105*i ; sqrt(Abs(i))*Abs(r)**(5/4)
3612,0.8394139075576968,B0*i + B1*i**2 + B2*i*s ; 2*r,6.56721502049905*i**2 + 6.89123815305795*i*s - 6.59387276668496*i ; 2*r
3613,0.8394139075576967,B0*i + B1*i**2 + B2*i*s ; -Abs(r)**(1/8),5.28978755752609*i**2 + 5.6138106846687*i*s - 5.3164453003478*i ; -Abs(r)**(1/8)
3614,0.8394139073906882,B0*i**2 + B1*i*s ; B2*r + i*r + 2*r**2,-0.0266572391325481*i**2 + 0.297358007056527*i*s ; i*r + 2*r**2 + 0.00741182000168098*r
3615,0.8394121650444949,B0*i**2 + B2*i*sqrt(Abs(B1 + i)) ; B5*sqrt(Abs(B3*i*sqrt(Abs(r)) + B4*i*r)),-0.332836824338887*i**2 + 0.0731224091496908*i*sqrt(Abs(i + 16.5069120440855)) ; 0.0241979043799715*sqrt(Abs(0.208580543164719*i*r + 5.7617714253074*i*sqrt(Abs(r))))
3616,0.8393670921961705,B0*sqrt(Abs(i*s - i + s)) ; B1*i*r + 2*r,0.020382268295125*sqrt(Abs(i*s - i + s)) ; 0.000211526478205415*i*r + 2*r
3617,0.8393090197010287,B0*i + B1*i*s - i*s**2 ; i,-i*s**2 + 1.4321984660345*i*s + 0.597298813223878*i ; i
3618,0.8392521734387137,B0 + B1*i + B2*s + B3*i*s ; Abs(i)**(17/8),0.329767596006459*i*s + 0.083437886467545*i - 0.00092084942530037*s - 0.00303901784356575 ; Abs(i)**(17/8)
3619,0.8391987406375069,B1*sqrt(Abs(B0 + 2*i - s)) ; sqrt(Abs(B2 + 2*i)),0.00320559955497649*sqrt(Abs(2*i - s + 196.702395210108)) ; sqrt(Abs(2*i + 1.70123194408046))
3620,0.8391942308909283,B0*i ; B1 - r*sqrt(Abs(i)) + r,-0.00723117180175259*i ; -r*sqrt(Abs(i)) + r + 1.13265301907731
3621,0.8391905898816933,sqrt(Abs(B0*Abs(i)**(1/4) + B1*s)) ; B2*i*r + B2*Abs(i)**(3/2),sqrt(Abs(0.00182044824517029*s + 1.86597960598799e-5*Abs(i)**(1/4))) ; 27.4122897976401*i*r + 27.4122897976401*Abs(i)**(3/2)
3622,0.8391900121962781,i*Abs(B0*i + i*s)**(1/4) ; B1*i + i*r + i*sqrt(Abs(r)),i*Abs(i*s - 0.891021345150075*i)**(1/4) ; i*r + i*sqrt(Abs(r)) - 0.00709670142657227*i
3623,0.8391795329658146,B0 + B1*sqrt(Abs(i - s)) ; -i + sqrt(Abs(B2 + r)),0.0189950394090676 - 0.000626217612146338*sqrt(Abs(i - s)) ; -i + sqrt(Abs(r - 0.000364066909450725))
3624,0.8391792203729183,B2*sqrt(Abs(B0 + B1*s + s**2)) ; Abs(i)**(1/4),0.0300608259751401*sqrt(Abs(s**2 + 1.2747930385855*s + 0.172348760646023)) ; Abs(i)**(1/4)
3625,0.8391298223986707,B0*i + B0*s**2 ; B1 + i - sqrt(Abs(i**2 - r)),0.0558864977101033*i + 0.0558864977101033*s**2 ; i - sqrt(Abs(i**2 - r)) + 0.785753630962131
3626,0.8391226254059465,B2*sqrt(Abs(B0*s + B1*i*s)) ; B3 - i,0.0393238528410062*sqrt(Abs(0.00842200121475269*i*s - 0.0931156576419924*s)) ; 0.259972156293586 - i
3627,0.8390946737977785,B0 + B1*i ; B2 + B3*r - i*r + r**2,0.046770695174192 - 0.0389903802004661*i ; -i*r + r**2 + 0.0178961718012448*r + 0.0214403250161092
3628,0.8390195521048981,B0*i + B0*s**2 ; B1 - sqrt(Abs(r)),0.0399703153185324*i + 0.0399703153185324*s**2 ; 0.753980148764429 - sqrt(Abs(r))
3629,0.8390189693303146,B2*sqrt(Abs(B0 + B1*i + i**2)) ; r,0.0269929468180879*sqrt(Abs(i**2 - 3.73912712819402*i + 3.05597619326883)) ; r
3630,0.8389764362278314,i*sqrt(Abs(B0*s + B1*i*s)) ; i**3,i*sqrt(Abs(0.19872060271483*i*s - 0.074131088329539*s)) ; i**3
3631,0.8388354148630429,B0*sqrt(Abs(i)) + s ; r,s - 1.66078950673509*sqrt(Abs(i)) ; r
3632,0.8386813203915692,B0*Abs(i)**(3/2) + s*Abs(i)**(3/2) ; B1 + B2*sqrt(Abs(i*r - r**2)) - r,s*Abs(i)**(3/2) - 0.358568047968976*Abs(i)**(3/2) ; -r + 1.67422146945668*sqrt(Abs(i*r - r**2)) - 0.119753959746172
3633,0.8385829251288583,B0*i*s + s*Abs(i)**(3/2) ; B1 + r - sqrt(Abs(r)),9.99953438978987*i*s + s*Abs(i)**(3/2) ; r - sqrt(Abs(r)) + 215.717458461264
3634,0.8385584608824919,B0*i*s ; B1*r - i*r - 2*r**2,0.298489047414647*i*s ; -i*r - 2*r**2 + 0.00168847696953293*r
3635,0.8385584606109054,B0*i*s ; B1*r + 2*i*r - r**2,0.298485491496524*i*s ; 2*i*r - r**2 + 42.2678044627379*r
3636,0.8385584604401298,B0*i*s ; B1*i*r**2 - i*r**3,0.298513452884869*i*s ; -i*r**3 + 0.0388478304337152*i*r**2
3637,0.838536256762981,-i + sqrt(Abs(B0*i**2 + B1*i)) ; B2 + B3*r,-i + sqrt(Abs(3.60166737679723*i**2 + 0.0207754004722342*i)) ; 0.0457905404032283 - 0.0323630603523483*r
3638,0.8385266579866908,B0 + B1*i**2 + B2*i**2*s ; r,0.344302097561343*i**2*s - 0.0353211306809419*i**2 + 0.0259873081472871 ; r
3639,0.8385220774088595,B0*i + B1*i**2*s ; sqrt(Abs(r)),-1.39008438501539*i**2*s + 0.350787498814118*i ; sqrt(Abs(r))
3640,0.8385217636975244,B0*i + B1*i**2*s ; B2*sqrt(Abs(r)),-1.39496384522271*i**2*s + 0.351997731564925*i ; 0.000710356940937042*sqrt(Abs(r))
3641,0.838521756991924,B0*i + B1*i**2*s ; r,-1.39497684351251*i**2*s + 0.35200794486648*i ; r
3642,0.8384847333550679,B0*i - i*sqrt(Abs(i - s)) ; B1 + i - r,-i*sqrt(Abs(i - s)) - 0.366931065441838*i ; i - r - 0.00706106413425872
3643,0.838482350573463,B0 + B1*i ; sqrt(Abs(B2 - i + sqrt(Abs(i))*sqrt(Abs(r)))),0.000314207375614475*i + 0.0404577940822498 ; sqrt(Abs(-i + sqrt(Abs(i))*sqrt(Abs(r)) + 0.0201362885367702))
3644,0.8384777962726829,B0*i*s**2 + B1*i**2*s ; sqrt(2)*i + r,-0.00367824917346479*i**2*s - 0.412775662753812*i*s**2 ; sqrt(2)*i + r
3645,0.8384695579221763,B0 + i ; B1*i + i**2 + i*r,i + 0.00249089892453794 ; i**2 + i*r + 0.815920318065426*i
3646,0.8384177878608244,-i ; B0 + sqrt(Abs(r)),-i ; sqrt(Abs(r))
3647,0.8384091675640623,B0*sqrt(Abs(i)) ; B1*sqrt(Abs(i + r)) + i - r,0.0918077069805968*sqrt(Abs(i)) ; i - r + 1.01519623868949*sqrt(Abs(i + r))
3648,0.8383169207073943,B0 + B1*i*s + B1*i + B1*s ; B2 - sqrt(Abs(i - r)),0.107722356983391*i*s + 0.107722356983391*i + 0.107722356983391*s - 0.00189182479306919 ; 0.828310582537119 - sqrt(Abs(i - r))
3649,0.8382352829037302,B2*sqrt(Abs(B0*s**2 + B1*s)) ; i,0.00647030402405826*sqrt(Abs(28.0873562784464*s**2 + 18.2406707663288*s)) ; i
3650,0.8382347232883236,B2*sqrt(Abs(B0*i*s + B1*s)) ; r,0.0112721381235959*sqrt(Abs(9.03160730161314*i*s - 15.0901814887353*s)) ; r
3651,0.8382315736175096,B2*sqrt(Abs(B0*s**2 + B1*s)) ; i*Abs(r)**(1/4),0.0366478404264007*sqrt(Abs(0.885453237414047*s**2 + 0.566150987931039*s)) ; i*Abs(r)**(1/4)
3652,0.8382286892448936,B2*sqrt(Abs(B0*s**2 + B1*s)) ; B3*i**2,0.0225942461323038*sqrt(Abs(2.17085301350881*s**2 + 1.5249184720947*s)) ; 52.8886801164598*i**2
3653,0.8382268348795019,B2*sqrt(Abs(B0*s + B1*i*s)) ; r,0.0200905215640375*sqrt(Abs(3.06233749844536*i*s - 4.9130792697089*s)) ; r
3654,0.8382187940523257,B2*sqrt(Abs(B0*s**2 + B1*s)) ; B3*r - 2*i,0.123118515268463*sqrt(Abs(0.0838470681494793*s**2 + 0.0489998064348122*s)) ; -2*i + 6.4536762039786*r
3655,0.8382129935296065,s*sqrt(Abs(B0*i*s - i*s**2)) ; i,s*sqrt(Abs(i*s**2 - 0.952036509253775*i*s)) ; i
3656,0.8382115695287811,B0 + B1*i + B1*s ; -i*r + i + r,0.000123022760369691*i + 0.000123022760369691*s + 0.0242203541038718 ; -i*r + i + r
3657,0.8380868370290965,B0 + B1*i ; sqrt(Abs(B2 - i + r + sqrt(Abs(r)))),0.000269796964781002*i + 0.0370935805292232 ; sqrt(Abs(-i + r + sqrt(Abs(r)) + 0.0199995790483249))
3658,0.8379907536864458,B3*sqrt(Abs(B0 + B1*i + B2*s)) ; i,0.115152673175476*sqrt(Abs(-0.0807089662924747*i + 0.0966695810082838*s + 0.0204152739330757)) ; i
3659,0.83796728059765,B0*s**3 + B1*i*s**2 ; r,0.433272232443519*i*s**2 - 0.00597983343636287*s**3 ; r
3660,0.8379255647020246,i**2*s**2 ; B0 - r,i**2*s**2 ; 0.34388302476731 - r
3661,0.8379194742582969,B0*Abs(s)**(3/2) ; B1*i + B2*i*r - r,0.0462003152146414*Abs(s)**(3/2) ; 0.000123723886605302*i*r + 7.7013146829431*i - r
3662,0.83782605733705,B0*i + B1*i**2 ; sqrt(Abs(i)) + sqrt(Abs(r)),-1.81671485420123e-5*i**2 - 0.00192354554247057*i ; sqrt(Abs(i)) + sqrt(Abs(r))
3663,0.8377641284713986,B0*sqrt(Abs(i + s)) ; sqrt(Abs(i)),0.00101979218777365*sqrt(Abs(i + s)) ; sqrt(Abs(i))
3664,0.8377270236414479,B0*Abs(i)**(1/8) ; sqrt(Abs(r)),0.0129791057620043*Abs(i)**(1/8) ; sqrt(Abs(r))
3665,0.8377270213977862,B0*Abs(i)**(1/8) ; B1*i*r,0.0129827158123094*Abs(i)**(1/8) ; 0.00134865978448974*i*r
3666,0.8376731644889616,B1*i*sqrt(Abs(B0 + i)) ; sqrt(Abs(B2 + i)),-8.48184801625633e-5*i*sqrt(Abs(i + 97.8299097635925)) ; sqrt(Abs(i + 375.656795510589))
3667,0.8376190919861338,B0*s**2 + B0*s*sqrt(Abs(B1 + sqrt(Abs(i)))) ; B2 + i*r + r,0.0215133336801739*s**2 + 0.0215133336801739*s*sqrt(Abs(sqrt(Abs(i)) - 0.243198259984979)) ; i*r + r - 0.00088672978069327
3668,0.8375542307620963,B0*i*s**2 + B1*i**2*s ; B2 + B3*i*r + r,6.80647869653968e-5*i**2*s + 0.00317143835031253*i*s**2 ; 0.0284434946330562*i*r + r + 29.3028181762409
3669,0.8374458549255153,B0 + B1*s ; B2*i + r - Abs(i)**(3/2)*sqrt(Abs(r)),0.040647971563667*s + 0.0098237077166207 ; 32.1143137226718*i + r - Abs(i)**(3/2)*sqrt(Abs(r))
3670,0.837445854821673,B0 + B1*s ; sqrt(Abs(B2 - 2*r + sqrt(Abs(i))*sqrt(Abs(r)))),0.040649371376784*s + 0.00982105618433908 ; sqrt(Abs(-2*r + sqrt(Abs(i))*sqrt(Abs(r)) + 0.0101501669478642))
3671,0.8374458542975437,B0 + B1*i*s + B1*s**2 ; B2*r,0.0406459653314665*i*s + 0.0406459653314665*s**2 + 0.00982861918161533 ; 0.439645421359958*r
3672,0.8374458514169403,B0 + B1*s ; B2 - r + sqrt(Abs(B3*i + B3*sqrt(Abs(r)))),0.0406316980819995*s + 0.00983022843853692 ; -r + sqrt(Abs(0.00135663875350003*i + 0.00135663875350003*sqrt(Abs(r)))) + 64.0479106193169
3673,0.8374457554190148,B0 + B1*i**2 + B1*i*s ; sqrt(Abs(r)),-0.0407281715946729*i**2 - 0.0407281715946729*i*s + 0.0505211142401799 ; sqrt(Abs(r))
3674,0.8374397457566962,B1*sqrt(Abs(B0 - s)) ; B2*sqrt(Abs(i)) + B3*i + B4*r,0.0350749473316315*sqrt(Abs(s + 0.176993367280673)) ; 7.31343841162307*i + 1.91632894987913*r + 0.156343283823527*sqrt(Abs(i))
3675,0.8374376814890825,B0 + B2*s*sqrt(Abs(B1 + s)) ; Abs(i + sqrt(Abs(r)))**(1/16),0.0015410159760784*s*sqrt(Abs(s + 691.134685591185)) + 0.00981743702250827 ; Abs(i + sqrt(Abs(r)))**(1/16)
3676,0.8374284759955808,B0*i**2 + B0*i ; B1 - sqrt(Abs(i)),-0.152951599583484*i**2 - 0.152951599583484*i ; 0.968410664305657 - sqrt(Abs(i))
3677,0.8374236230240149,B0*Abs(i)**(3/2) ; B1 + B2*sqrt(Abs(i)) - i,0.00136915112961528*Abs(i)**(3/2) ; -i - 11.6935510658047*sqrt(Abs(i)) + 19.9527612878921
3678,0.8374093524910594,B0*i - i*s ; B1*i,-i*s + 2.64737086464066*i ; 1.92650124075789*i
3679,0.8374065946567263,B0*sqrt(Abs(i))*sqrt(Abs(s)) ; B1*i**2*r + B1*Abs(i)**(5/2),0.101978736418951*sqrt(Abs(i))*sqrt(Abs(s)) ; 0.831371463862893*i**2*r + 0.831371463862893*Abs(i)**(5/2)
3680,0.8373415619625594,sqrt(Abs(B0 - sqrt(Abs(B1*i + B2)))) ; sqrt(Abs(B3*Abs(r)**(3/2) + Abs(r)**(5/2))),sqrt(Abs(sqrt(Abs(0.00270415972627123*i - 1.22435668676445)) - 1.10512124242232)) ; sqrt(Abs(r)**(5/2) + 0.0141108865778869*Abs(r)**(3/2))
3681,0.8373167928909191,B0 + B1*Abs(i)**(1/4) ; B2 + B3*i + B3*r + B4*r**2,0.0776579876774043 - 0.0237972815921269*Abs(i)**(1/4) ; 21.2374715696525*i + 0.143587698034779*r**2 + 21.2374715696525*r - 15.2173633899162
3682,0.8372319998595212,B0 + B2*sqrt(Abs(B1 + i)) ; -i + sqrt(Abs(i)),0.0653563659402261 - 0.00728044749585057*sqrt(Abs(i + 47.2710824082511)) ; -i + sqrt(Abs(i))
3683,0.8372069861933382,B0*i + B0*s**2 ; r,0.0135530318557247*i + 0.0135530318557247*s**2 ; r
3684,0.8372069167808827,B0*i**2 + B0*s ; r,0.0135270220254188*i**2 + 0.0135270220254188*s ; r
3685,0.8371818234723784,B0 + B1*i + B2*s ; B4*sqrt(Abs(B3*i + i*r + i*sqrt(Abs(r)))),-0.000791472750663286*i + 0.0917238190010949*s - 0.0683619783047144 ; 0.715934017207854*sqrt(Abs(i*r + i*sqrt(Abs(r)) - 10.4509216533497*i))
3686,0.8371591251853063,B1*sqrt(Abs(B0 + 2*i - 2*s)) ; B2*r + B3*Abs(r)**(3/2),0.0183648079109887*sqrt(Abs(-2*i + 2*s + 2.83114686695245)) ; 0.00456611752034634*r + 0.0039287305470373*Abs(r)**(3/2)
3687,0.8371486901550467,sqrt(Abs(B0 + B1*sqrt(Abs(i)))) ; sqrt(Abs(r))*Abs(i**2 + Abs(i)**(3/2))**(1/4),sqrt(Abs(0.0022470571942333*sqrt(Abs(i)) - 0.00241132281120565)) ; sqrt(Abs(r))*Abs(i**2 + Abs(i)**(3/2))**(1/4)
3688,0.837130852900387,B0*i*s**2 + B1*i**2*s ; B2 - sqrt(Abs(i))*sqrt(Abs(r)),2.94505157004562e-5*i**2*s + 0.00193370454394028*i*s**2 ; -sqrt(Abs(i))*sqrt(Abs(r)) + 79.8119892282578
3689,0.8371082036067236,B0*s + B0*sqrt(Abs(B1 + i)) ; sqrt(2)*sqrt(Abs(r)),0.0144721944601799*s + 0.0144721944601799*sqrt(Abs(i + 0.508466331192166)) ; sqrt(2)*sqrt(Abs(r))
3690,0.8370951851750827,B0 - i*s + i ; B1 + i - r,-i*s + i + 0.0524434091403711 ; i - r + 0.638910173916664
3691,0.8370799181540012,B1*sqrt(Abs(B0*i*s + i*s**2)) ; i**3,0.0984681374678278*sqrt(Abs(i*s**2 + 0.350907803574525*i*s)) ; i**3
3692,0.8370085922116797,B0*sqrt(Abs(i))*Abs(s)**(1/4) ; r + sqrt(Abs(B1 + i**2*r)),0.00224112674577092*sqrt(Abs(i))*Abs(s)**(1/4) ; r + sqrt(Abs(i**2*r + 0.91181947383589))
3693,0.8369805225339726,B0*i + B1*i**2 + B2*s ; B3 + r,1.17025075341911e-5*i**2 + 0.000987480892810643*i + 0.048006985782165*s ; r + 0.758353525264684
3694,0.8369601965399626,B0*i*Abs(s)**(1/4) ; r + sqrt(Abs(B1*r**2 - i)),-0.000222485919381004*i*Abs(s)**(1/4) ; r + sqrt(Abs(i - 15.8777713354445*r**2))
3695,0.8369395913397266,B0*sqrt(Abs(i - s)) ; i + r**2,0.00375055582845427*sqrt(Abs(i - s)) ; i + r**2
3696,0.8368944703313277,B1*sqrt(Abs(i))*Abs(B0 + s)**(1/4) ; B2 - i,0.00227332246586736*sqrt(Abs(i))*Abs(s + 0.116078515086996)**(1/4) ; 14.0980963134665 - i
3697,0.836823749479479,B0*i**2 + B1*s + B2*i*s ; B3*i,-1.06845035810079*i**2 - 2.19343124281653*i*s + 0.229987081934866*s ; 1.45865636875177*i
3698,0.8367280113009966,B0*i**2 + B1*i**2*s ; B2 - i,4.79926878802467e-6*i**2*s + 1.07651860592731e-6*i**2 ; 22.8292113995574 - i
3699,0.8367264462265215,B2*sqrt(Abs(B0*i + B1)) ; B3 - i + sqrt(Abs(i*r - r**2)),0.0163012764811448*sqrt(Abs(1.69014634817004*i - 5.21570666553137)) ; -i + sqrt(Abs(i*r - r**2)) + 0.00382917377217337
3700,0.836698502015635,B3*sqrt(Abs(B0*sqrt(Abs(s)) + B1 + B2*s)) ; B4 + i - r,0.0137924182448033*sqrt(Abs(7.71538010052952*s + 3.89695087017385*sqrt(Abs(s)) - 0.481017230318177)) ; i - r + 0.00505790481501196
3701,0.8366850396997684,B0*i + i*s ; sqrt(Abs(B1*r + r**3)),i*s - 0.632103963970006*i ; sqrt(Abs(r**3 + 0.000111083820058937*r))
3702,0.8366162836063117,Abs(B0 + B1*i*s)**(1/4) ; B2*Abs(r)**(1/8),Abs(1.53906994889606e-7*i*s - 3.85101912100951e-8)**(1/4) ; 0.91827885042518*Abs(r)**(1/8)
3703,0.836573908907082,Abs(i)**(3/2)*Abs(B0 + s)**(1/4) ; B1 + B2*sqrt(Abs(i)) - r,Abs(i)**(3/2)*Abs(s - 0.930876388982069)**(1/4) ; -r - 0.368001503836117*sqrt(Abs(i)) + 0.498074945811941
3704,0.8365231436846633,B1*sqrt(Abs(B0*s - i + s**2)) ; Abs(r)**(1/4),0.0136865738900957*sqrt(Abs(i - s**2 + 7.55150783789731*s)) ; Abs(r)**(1/4)
3705,0.8365013931781298,B0*s - s*sqrt(Abs(i - sqrt(Abs(s)))) ; B1 + i**2 + i*r - i,-s*sqrt(Abs(i - sqrt(Abs(s)))) + 12.7753037399097*s ; i**2 + i*r - i - 1.86586201505954
3706,0.8364773526962228,B1*sqrt(Abs(B0*i**2 + i*s)) ; B2 - r + Abs(i)**(3/2),0.032203580458567*sqrt(Abs(0.0601593866706622*i**2 + i*s)) ; -r + Abs(i)**(3/2) - 1.86158260749274
3707,0.8364577132084154,B0*sqrt(Abs(i*s + i - s)) ; B1 + r**3,0.00383668399115323*sqrt(Abs(i*s + i - s)) ; r**3 + 0.741077746602397
3708,0.8363341778069688,i**2*Abs(s)**(3/2) ; i*r + sqrt(Abs(B0 - r)),i**2*Abs(s)**(3/2) ; i*r + sqrt(Abs(r - 0.611347306980735))
3709,0.836293258087338,B0*sqrt(Abs(s)) + B1*Abs(s)**(5/2) ; i,0.00568661497484823*Abs(s)**(5/2) + 0.0319210767457404*sqrt(Abs(s)) ; i
3710,0.8362550182395836,B2*sqrt(Abs(B0 + B1*i)) ; B3 - i + 2*r,0.0122731911666863*sqrt(Abs(0.0344125094901292*i + 2.43172381780235)) ; -i + 2*r + 0.026613047049258
3711,0.8362275976250731,B0*Abs(i)**(1/8) ; sqrt(Abs(i + sqrt(Abs(i)))),0.00671138826299349*Abs(i)**(1/8) ; sqrt(Abs(i + sqrt(Abs(i))))
3712,0.8361856376330687,B0 + B1*sqrt(Abs(i - s)) ; B2 - i + r + sqrt(Abs(i)),0.0103833094368004*sqrt(Abs(i - s)) - 0.0905725719548777 ; -i + r + sqrt(Abs(i)) + 272.400417970434
3713,0.8361856132268429,B0 + B1*sqrt(Abs(i - s)) ; B2 - 2*i + sqrt(Abs(i)),0.0103460412401523*sqrt(Abs(i - s)) - 0.0901928748235344 ; -2*i + sqrt(Abs(i)) + 313.756787882687
3714,0.8361620348372165,B0 + B2*sqrt(Abs(B1 - i)) ; -i + sqrt(Abs(i)),0.0745366298140421 - 0.00307986166072028*sqrt(Abs(i - 303.235550615833)) ; -i + sqrt(Abs(i))
3715,0.8361309597338507,B0*sqrt(Abs(s)) ; B1 + B3*sqrt(Abs(B2*i + i*r)),0.0339697160794403*sqrt(Abs(s)) ; 0.000164789804021304*sqrt(Abs(i*r + 0.000481668129863891*i)) + 0.545440685071797
3716,0.83612908062717,B2*sqrt(Abs(B0 + B1*i)) ; -i + r,0.00831021913708838*sqrt(Abs(0.0358644682604259*i - 5.93170351624244)) ; -i + r
3717,0.8361180324205768,B0*sqrt(Abs(s)) ; B2*sqrt(Abs(B1 + 3*i)) + i,0.0339045973107859*sqrt(Abs(s)) ; i + 0.000199802305494202*sqrt(Abs(3*i + 0.000215814844915469))
3718,0.8361165221954269,B0*sqrt(Abs(s)) ; B1*i + i*sqrt(Abs(B2 + i)) + r,0.0339045715122551*sqrt(Abs(s)) ; i*sqrt(Abs(i + 8.43821198782663)) + 0.000132511618390908*i + r
3719,0.8360521478479949,B0 - sqrt(Abs(i)) ; i - r,0.318388905772919 - sqrt(Abs(i)) ; i - r
3720,0.836045929006903,B0*i + B0*s ; B1 + 2*r - sqrt(Abs(r)),0.000133470798200239*i + 0.000133470798200239*s ; 2*r - sqrt(Abs(r)) - 2.54463965830184
3721,0.8359979626546383,B2*sqrt(Abs(B0 + B1*i)) ; B3 - 2*i + r,0.00662881455838727*sqrt(Abs(0.0596452921586978*i - 1.93679165906995)) ; -2*i + r - 2.29915064835711
3722,0.8359813261989392,B2*sqrt(Abs(B0 + B1*i)) ; i**2 - i,0.0141754560430978*sqrt(Abs(1.23709140490066*i - 2.0620560417507)) ; i**2 - i
3723,0.8359809859317644,B2*sqrt(Abs(B0*i + B1)) ; B3 - i + 2*r,0.0248561833879122*sqrt(Abs(0.00457378197295027*i + 0.17475653398129)) ; -i + 2*r + 2.78914205166447
3724,0.8359739001803552,B1*sqrt(Abs(B0 + 2*i)) ; B2*i,0.000947196133305573*sqrt(Abs(2*i - 36.6605261454604)) ; 7.42113728038409*i
3725,0.8359618203173478,B0 + B1*sqrt(Abs(i - s)) ; B2 - 2*i + r,0.0011625083560921*sqrt(Abs(i - s)) + 0.0016909336242597 ; -2*i + r + 1.09818149581467
3726,0.8359361709345239,B0 + B1*sqrt(Abs(i - s)) ; -i + sqrt(Abs(i)),0.0200885531116157 - 0.000725315702319492*sqrt(Abs(i - s)) ; -i + sqrt(Abs(i))
3727,0.835930457402816,B0*sqrt(Abs(i)) + Abs(i)**(3/2) ; i,Abs(i)**(3/2) + 0.100849245749758*sqrt(Abs(i)) ; i
3728,0.8359279428807269,sqrt(Abs(B0*Abs(i)**(1/4) + B1)) ; B2 + B3*sqrt(Abs(i)),sqrt(Abs(0.000166053453928051*Abs(i)**(1/4) - 0.000348908002678582)) ; 8.57243715205776*sqrt(Abs(i)) + 1.71098186262128
3729,0.8359118315484185,B1*sqrt(Abs(B0 - i + s)) ; sqrt(Abs(B2 + i + Abs(i)**(1/4))),0.00143586230462882*sqrt(Abs(i - s + 14.4532880868744)) ; sqrt(Abs(i + Abs(i)**(1/4) + 1728.6174068434))
3730,0.8359067011714294,B0*sqrt(Abs(i + 2*s)) ; B1 + B2*r - i,0.00131946048651582*sqrt(Abs(i + 2*s)) ; -i + 18.3743425542591*r - 95.7611389654674
3731,0.8358787205493315,B0*i ; B1 + B2*r*sqrt(Abs(i)),0.000133375807995911*i ; 32.6014537916775*r*sqrt(Abs(i)) - 0.0014487213287149
3732,0.8358748890862167,B0*i ; B1*i - i*sqrt(Abs(r)),0.000133356703500011*i ; -i*sqrt(Abs(r)) - 3.7283878450243*i
3733,0.8358748578967552,B0*sqrt(Abs(i)) ; B1 + r*sqrt(Abs(i)) + r,0.00133265119791498*sqrt(Abs(i)) ; r*sqrt(Abs(i)) + r + 0.744583684338756
3734,0.8358705150615501,B0 + B2*sqrt(Abs(B1 + i)) ; B3 - i + r - sqrt(Abs(r)),0.00145831648552223*sqrt(Abs(i - 27.3951102367794)) - 0.00317475440113045 ; -i + r - sqrt(Abs(r)) + 5.72994005143542
3735,0.8358634785421464,B0*sqrt(Abs(2*i - s)) ; B1 - i,0.000940042295254692*sqrt(Abs(2*i - s)) ; 11.1277209517644 - i
3736,0.8358424090497377,B0*i ; r + sqrt(Abs(B1 + i*r)),-0.000133133084199644*i ; r + sqrt(Abs(i*r + 96.6954464395404))
3737,0.8358333753833205,B0*i + B1*i**2*s + B1*s ; B2 + sqrt(Abs(i*r - i)),7.48709762615849e-6*i**2*s - 4.41556751285102e-5*i + 7.48709762615849e-6*s ; sqrt(Abs(i*r - i)) + 0.306985176626007
3738,0.83582827291704,B0*Abs(i)**(5/4) ; r + sqrt(Abs(B1 + B2*i)),4.20938891155838e-5*Abs(i)**(5/4) ; r + sqrt(Abs(26.9099658423165*i - 14.2521739092654))
3739,0.8358262074021022,B0*Abs(i)**(5/4) ; B1 + B2*sqrt(Abs(i)) - i,4.20893306461532e-5*Abs(i)**(5/4) ; -i - 4.2324153846359*sqrt(Abs(i)) - 3.24606198863674
3740,0.835822569233711,B0*sqrt(Abs(s + Abs(i)**(3/2))) ; sqrt(Abs(B1 + i*r)),0.000420080567588424*sqrt(Abs(s + Abs(i)**(3/2))) ; sqrt(Abs(i*r - 650.444236480893))
3741,0.8358171409542051,B0*i ; B1 + B2*sqrt(Abs(i)) - i,-0.000133029920463157*i ; -i + 4.43198438852976*sqrt(Abs(i)) + 2.9175339185313
3742,0.8358169017709872,B0*i ; B1 + B2*sqrt(Abs(i)) + r,-0.000133025909976071*i ; r + 4.2428325286643*sqrt(Abs(i)) + 3.26011284898787
3743,0.8358164457996904,B0*i ; B1 + B2*sqrt(Abs(r)) + r,-0.000133026585910838*i ; r + 4.39144005866336*sqrt(Abs(r)) + 3.23151557461193
3744,0.8358154022802944,i*sqrt(Abs(B0 + B1*i)) ; B2 + 2*i,i*sqrt(Abs(0.176870918302675*i - 0.0341635343452328)) ; 2*i - 0.288170935973672
3745,0.8358149661097064,B0*i + B0*Abs(i)**(1/4) ; B1 - i,0.000128857647271122*i + 0.000128857647271122*Abs(i)**(1/4) ; -i - 15.3678304865772
3746,0.8358144368199153,B0*i ; B1 + r - sqrt(Abs(B2 + r)),0.000132960292532961*i ; r - sqrt(Abs(r + 2.10833886296597)) - 11.8011045658088
3747,0.8358140119166213,B0*i ; B1 - i + sqrt(Abs(B2 + i)),-0.00013295825058674*i ; -i + sqrt(Abs(i - 5.25293733635996)) + 10.8952697959759
3748,0.8358131843719177,B0*i ; sqrt(Abs(B1 - i*r + i)),-0.000132891607747627*i ; sqrt(Abs(-i*r + i + 745.65626008229))
3749,0.8358120118835632,B0*i ; r + sqrt(Abs(B1 - Abs(r)**(1/4))),-0.000132941629274041*i ; r + sqrt(Abs(Abs(r)**(1/4) - 234.295350625976))
3750,0.8358092808112654,B0*sqrt(Abs(i)) ; B1 + B2*sqrt(Abs(i)) - i,0.00132875094198548*sqrt(Abs(i)) ; -i - 1.46990384905477*sqrt(Abs(i)) + 14.9777186000572
3751,0.8358091289893107,B0*Abs(i)**(1/4) ; B1 + B2*sqrt(Abs(i)) - i,0.00419570527019427*Abs(i)**(1/4) ; -i - 2.77413219506179*sqrt(Abs(i)) - 2.58522166529698
3752,0.8358036821691818,B0*Abs(i)**(1/4) ; r + sqrt(Abs(B1 + 2*i)),0.00419059226481115*Abs(i)**(1/4) ; r + sqrt(Abs(2*i + 134.186222708113))
3753,0.8357994581527195,B0*sqrt(Abs(s - Abs(i)**(3/2))) ; B1 + r,0.000420005224327952*sqrt(Abs(s - Abs(i)**(3/2))) ; r + 15.4156764972336
3754,0.8357985067022382,B0*sqrt(Abs(i)) + B1*i ; B3*sqrt(Abs(B2 + i)) + i,0.0426338758231337*i + 0.11193340163457*sqrt(Abs(i)) ; i + 4.01756800193792*sqrt(Abs(i + 8.70680488405766))
3755,0.8357965879078157,B0*Abs(s)**(1/4) ; i + sqrt(Abs(B1*i + i**2)),0.0214375031357162*Abs(s)**(1/4) ; i + sqrt(Abs(i**2 + 0.414692062263547*i))
3756,0.8357964912512477,B0*Abs(s)**(1/4) ; B1 + sqrt(Abs(B2 + i**2*r)),0.0214338518945281*Abs(s)**(1/4) ; sqrt(Abs(i**2*r + 1.36877878787607)) + 0.00953777122203743
3757,0.8357963066889073,B0*i ; sqrt(Abs(B1*r + B2 + i)),-0.00013290257105989*i ; sqrt(Abs(i - 100.867576018734*r + 25.8575416359344))
3758,0.8357952390111716,B0*i + B0*Abs(i)**(3/2) ; B1 + Abs(r)**(3/4),1.47666878457493e-5*i + 1.47666878457493e-5*Abs(i)**(3/2) ; Abs(r)**(3/4) + 32.5771470672485
3759,0.8357939949732107,B0*i ; B1 + B2*sqrt(Abs(i - r)),-0.000132901471049783*i ; 6.97900127158883*sqrt(Abs(i - r)) + 1.92344285536211
3760,0.8357932529443889,sqrt(Abs(B0 + B1*Abs(i)**(3/2))) ; r**2 + Abs(r)**(17/8),sqrt(Abs(0.000844106569583485*Abs(i)**(3/2) - 0.00108796674921506)) ; r**2 + Abs(r)**(17/8)
3761,0.8357886848916726,B0*i ; B1 - Abs(r - sqrt(Abs(i)))**(1/4),-0.000132850866946168*i ; 43.1322933214534 - Abs(r - sqrt(Abs(i)))**(1/4)
3762,0.8357882844940421,B0*i ; sqrt(Abs(B1 + 2*i + r)),-0.000132849946426023*i ; sqrt(Abs(2*i + r + 1716.33997361121))
3763,0.8357867095389285,B0*i**2 + B0*i ; B1 + i,-0.0669763341836749*i**2 - 0.0669763341836749*i ; i + 0.746572437583696
3764,0.8357858310347434,B0*sqrt(Abs(i)) ; sqrt(Abs(B1*i + r**2)),0.001328457002981*sqrt(Abs(i)) ; sqrt(Abs(70.7582163787516*i - r**2))
3765,0.835778702686147,B0*sqrt(Abs(i)) ; sqrt(Abs(B1*i + B2*r)),0.00132884470590282*sqrt(Abs(i)) ; sqrt(Abs(114.565054507192*i + 41.5913926774667*r))
3766,0.8357723350193076,B0 + B1*i*sqrt(Abs(s)) + B1*i ; 2*i,0.975583380779223*i*sqrt(Abs(s)) + 0.975583380779223*i + 0.00286919988926693 ; 2*i
3767,0.8357719931890717,B0*i ; B1 + B2*sqrt(Abs(i)) - r,-0.000132852522792023*i ; -r + 12.9955066858849*sqrt(Abs(i)) + 7.77856735118653
3768,0.8357665538688518,B0*i*Abs(s)**(1/8) ; B1 - i,0.000173341675502143*i*Abs(s)**(1/8) ; -i - 11.9863825300252
3769,0.8357652527608675,B0*sqrt(Abs(i)) + B0*sqrt(Abs(s)) ; r,0.0102997729274569*sqrt(Abs(i)) + 0.0102997729274569*sqrt(Abs(s)) ; r
3770,0.8357565542211262,B0*s ; i + sqrt(Abs(B1 + B2*r + r**2)),0.0474978843665734*s ; i + sqrt(Abs(r**2 + 0.702138564244594*r + 0.000936227770311378))
3771,0.8357565542157893,B0*s ; r*sqrt(Abs(B1*i + B2*i*r)),0.0474985515322152*s ; r*sqrt(Abs(0.00165022349342779*i*r + 0.0314020024446941*i))
3772,0.8357565541910601,B0*s ; B1 + B2*r + B3*r*sqrt(Abs(i)),0.0474966562197779*s ; 0.0408707224618888*r*sqrt(Abs(i)) + 0.16461867655531*r + 0.000487931294983234
3773,0.8357565541763075,B0*s ; B1 + 2*i + sqrt(Abs(i + 2*r)),0.0474963642696326*s ; 2*i + sqrt(Abs(i + 2*r)) + 0.0553817952086219
3774,0.8357565541526062,B0*s ; sqrt(Abs(B1*i + 2*i**2)),0.0474999866725404*s ; sqrt(Abs(2*i**2 + 0.0022132645837136*i))
3775,0.8357563945628269,B0*s ; -2*r + Abs(i)**(1/4)*Abs(r)**(5/4),0.0475945456915512*s ; -2*r + Abs(i)**(1/4)*Abs(r)**(5/4)
3776,0.8357563889536213,B0*s ; i*sqrt(Abs(i*r**2 + r**2)),0.0475962279518979*s ; i*sqrt(Abs(i*r**2 + r**2))
3777,0.8357501904716597,B0*Abs(i)**(1/8) ; sqrt(Abs(B1 - i + 2*r)),0.00741587668338243*Abs(i)**(1/8) ; sqrt(Abs(-i + 2*r + 1417.46390902497))
3778,0.8357481436232969,B2*sqrt(Abs(B0 + B1*i)) ; -i + 2*r,0.0180632542517819*sqrt(Abs(0.0029755526143153*i - 0.815255701325131)) ; -i + 2*r
3779,0.8357290622537652,B0 + i**2 ; B1 + B3*sqrt(Abs(B2 + i)),i**2 + 0.00130193718719655 ; 0.526238792022397 - 1.15823036481751*sqrt(Abs(i - 0.0870092011354086))
3780,0.8357244686757982,B0*i**2 + B2*i*sqrt(Abs(B1 + i)) ; B3*i,3.58154967471462*i**2 + 6.75830335554481*i*sqrt(Abs(i + 0.0662020615256566)) ; 2.05609942537201*i
3781,0.8357159773676972,B0*i ; B1 + 2*i + sqrt(Abs(i)),-0.00126605829769452*i ; 2*i + sqrt(Abs(i)) + 17.6505876424851
3782,0.8357131580663278,B1*sqrt(Abs(B0 + Abs(i)**(1/4))) ; B2 + i,0.0208929911537219*sqrt(Abs(Abs(i)**(1/4) - 0.220221082530524)) ; i + 0.157498478419349
3783,0.8357124037151626,B0 + B2*sqrt(Abs(B1 + i)) ; B3 + i,0.115931314721476*sqrt(Abs(i - 0.394883830225452)) - 0.0635001416619036 ; i + 0.0557770427733033
3784,0.8357066266039097,B0*i ; B1*Abs(r - sqrt(Abs(i)))**(1/4),-0.000131288394451401*i ; 483.768635533498*Abs(r - sqrt(Abs(i)))**(1/4)
3785,0.8356989338340604,B2*sqrt(Abs(B0 + B1*i)) ; -i + r + sqrt(Abs(i)),0.0141140186234829*sqrt(Abs(0.00241101534065568*i + 1.09807686575862)) ; -i + r + sqrt(Abs(i))
3786,0.8356969042558275,B2*sqrt(Abs(B0 + B1*i)) ; -i + r + Abs(r)**(1/4),0.00283068016849865*sqrt(Abs(0.0543091434599398*i + 26.7530863454824)) ; -i + r + Abs(r)**(1/4)
3787,0.8356939799338319,B0 + B2*sqrt(Abs(B1 + i)) ; i,0.180477928689752 - 0.207894495248782*sqrt(Abs(i + 0.634717790688221)) ; i
3788,0.8356937194292208,B0*sqrt(Abs(i + s)) ; sqrt(Abs(B1 + Abs(i + r)**(1/4))),0.00132413534413837*sqrt(Abs(i + s)) ; sqrt(Abs(i + r)**(1/4) + 1561.85782979853)
3789,0.8356892467557258,B2*sqrt(Abs(B0 + B1*i)) ; -2*i + r + sqrt(Abs(r)),0.0684517646015316*sqrt(Abs(5.31205880470742e-5*i + 0.0419118393108743)) ; -2*i + r + sqrt(Abs(r))
3790,0.8356861206949793,B1*sqrt(Abs(-B0 + i + s)) ; r,8.40781229133898*sqrt(Abs(i + s - 0.999997563149095)) ; r
3791,0.8356861206943498,B0 + B1*i + B1*s ; B2*Abs(r)**(5/4),17.6611950582638*i + 17.6611950582638*s - 17.648070058126 ; 25.0554058606378*Abs(r)**(5/4)
3792,0.835686120694343,sqrt(Abs(B0 - Abs(i + s)**(1/4))) ; r,sqrt(Abs(Abs(i + s)**(1/4) - 1.00017226560957)) ; r
3793,0.8356861206943335,B0 + B1*sqrt(Abs(i + s)) ; r,1.20556153067207 - 1.19243653065025*sqrt(Abs(i + s)) ; r
3794,0.8356861206943333,B0 + B1*i + B1*s ; B2*r*sqrt(Abs(i)),-0.495393060176526*i - 0.495393060176526*s + 0.50851806018358 ; 0.000641568906877556*r*sqrt(Abs(i))
3795,0.8356861206943333,B0 + B1*i + B1*s ; B2*r,0.623992143289614*i + 0.623992143289614*s - 0.610867143274939 ; 0.00188976092857975*r
3796,0.8356861206943329,B0 + B1*i + B1*s ; r,-2.90421805339156*i - 2.90421805339156*s + 2.91734305340048 ; r
3797,0.8356861206943327,B0 + B1*sqrt(Abs(i + s)) ; B2*r + i*r,0.0623165538665674 - 0.0491915538538564*sqrt(Abs(i + s)) ; i*r + 0.0171622935340338*r
3798,0.8356861205319804,B1*sqrt(Abs(B0 + i + s)) ; -r,0.0132039620566195*sqrt(Abs(i + s - 1.98792887195444)) ; -r
3799,0.8356861201251581,B1*sqrt(Abs(B0 + i + s)) ; B2*r,0.00109169325890903*sqrt(Abs(i + s + 143.502965932898)) ; 0.00205538376242137*r
3800,0.8356860946399413,B1*sqrt(Abs(B0 + 2*i)) ; r*sqrt(Abs(i)),1.48766812933705e-5*sqrt(Abs(2*i + 778100.235746306)) ; r*sqrt(Abs(i))
3801,0.8356860905872422,B1*sqrt(Abs(B0 + 2*i)) ; r,1.61104319338087e-5*sqrt(Abs(2*i + 663530.390502838)) ; r
3802,0.8356853447971377,B1*sqrt(Abs(B0 + 2*i)) ; B2*r,1.47506417833867e-5*sqrt(Abs(2*i + 783761.707133242)) ; 0.000104755545683454*r
3803,0.8356853184614969,B1*sqrt(Abs(B0 + 2*i)) ; -r**3,2.1150334293982e-5*sqrt(Abs(2*i + 381215.160151698)) ; -r**3
3804,0.8356840216711396,B1*sqrt(Abs(B0 + i + s)) ; -2*i + r,0.000297368405906412*sqrt(Abs(i + s + 1849.82456729577)) ; -2*i + r
3805,0.8356748956927482,B1*sqrt(Abs(B0 + i**2)) ; Abs(r)**(1/4),0.000444681481912727*sqrt(Abs(i**2 + 868.613587622018)) ; Abs(r)**(1/4)
3806,0.8356655501884189,B0*i + s ; B1 + i - sqrt(Abs(i)),-1.66941802245792*i + s ; i - sqrt(Abs(i)) + 0.219232652400144
3807,0.8355980506569929,B0*i + B0*s**2 ; B1 + r,-0.000132807785527842*i - 0.000132807785527842*s**2 ; r + 15.385126256009
3808,0.8355825473663895,B0*i + B0*s ; sqrt(Abs(B1 - i + Abs(i)**(1/4))),-0.000132522366367619*i - 0.000132522366367619*s ; sqrt(Abs(-i + Abs(i)**(1/4) + 1733.8997439272))
3809,0.8355750826758014,B0*i + B0*s**2 ; B1 + sqrt(Abs(i)),-0.000132683480150758*i - 0.000132683480150758*s**2 ; sqrt(Abs(i)) + 37.4853413345994
3810,0.8355267126596682,B0 + B2*sqrt(Abs(B1 + s)) ; B3 + B4*i + B5*r + B5*sqrt(Abs(r)),0.0486666929507873*sqrt(Abs(s + 0.0248409895295227)) - 0.000353018910988054 ; 0.000176037461057991*i + 0.00043090967681447*r + 0.00043090967681447*sqrt(Abs(r)) + 0.0258620815334006
3811,0.8355023409747588,B0*sqrt(Abs(s + sqrt(Abs(i - s)))) ; i*sqrt(Abs(r)),0.0123793890860629*sqrt(Abs(s + sqrt(Abs(i - s)))) ; i*sqrt(Abs(r))
3812,0.8354177258105526,B0 + B1*i + B1*Abs(s)**(1/4) ; i - r*sqrt(Abs(i)),-0.0750575558264956*i - 0.0750575558264956*Abs(s)**(1/4) + 0.101125011582365 ; i - r*sqrt(Abs(i))
3813,0.8353826343026267,B1*Abs(B0 + s)**(1/8) ; sqrt(Abs(B2 + B3*r)),0.0171134823107525*Abs(s + 0.0117543480236395)**(1/8) ; sqrt(Abs(0.00754790689149594*r + 0.000296347520385809))
3814,0.8353452259836639,B0*i*s + i**2 ; i,i**2 + 1.20862812822435*i*s ; i
3815,0.8353267698417067,B1*Abs(B0 - s)**(1/8) ; sqrt(Abs(i + Abs(i)**(3/2))),0.0170768570044634*Abs(s + 0.0013489315547741)**(1/8) ; sqrt(Abs(i + Abs(i)**(3/2)))
3816,0.8353235945293614,Abs(i)**(3/2) ; B0 + B1*i - r,Abs(i)**(3/2) ; 0.771500771514022*i - r + 0.298481586260288
3817,0.8353192897960099,B0*i*s + B1*s*sqrt(Abs(i - s)) ; i*sqrt(Abs(B2 + B3*i)),-2.12792515122105*i*s + 0.0787037577958878*s*sqrt(Abs(i - s)) ; i*sqrt(Abs(0.674324469724584*i - 2.99225426732194))
3818,0.8352984530742608,B0 + B1*i + B2*s ; r + sqrt(Abs(B3*i + i**2 - i*r)),-0.000528587083870414*i + 0.0635444130032986*s - 0.0418609018829725 ; r + sqrt(Abs(-i**2 + i*r + 0.0135373430964712*i))
3819,0.8352907901062089,B1*Abs(B0 + i)**(1/8) ; B2*i*sqrt(Abs(r)),0.0171339817812965*Abs(i - 0.971260502440419)**(1/8) ; 2.62580420993027*i*sqrt(Abs(r))
3820,0.8352857433560344,B0*i ; sqrt(Abs(i + sqrt(Abs(r)))),-5.57208094933954e-5*i ; sqrt(Abs(i + sqrt(Abs(r))))
3821,0.835278043005486,B1*Abs(B0 + s)**(1/8) ; r,0.0171253341315046*Abs(s + 0.0490179840319444)**(1/8) ; r
3822,0.8352677519162949,B0*Abs(i + s)**(1/8) ; i,0.0167471440978759*Abs(i + s)**(1/8) ; i
3823,0.8352461121422715,B1*Abs(B0 + s)**(1/8) ; i,0.0174781765945365*Abs(s - 0.0420675781047769)**(1/8) ; i
3824,0.8351951971364365,B0*i*s**2 ; i,1.30807745882865*i*s**2 ; i
3825,0.8351736376504115,B0*s**2 - s**3 ; B1*r + r**2,-s**3 + 0.980008759959069*s**2 ; r**2 + 0.0983591152372945*r
3826,0.8351279505701411,B0*i ; B1 + B2*i + B3*sqrt(Abs(i - r)),0.0190079503599393*i ; 1.06695215644498*i - 1.01408721592747*sqrt(Abs(i - r)) + 0.0666062153715169
3827,0.8351003308213251,B0*sqrt(Abs(i**2*s + i*s**2)) ; B1 + i + r + sqrt(Abs(i)),0.00595515927690796*sqrt(Abs(i**2*s + i*s**2)) ; i + r + sqrt(Abs(i)) - 3.21398610224966
3828,0.8350898701785004,B0*i*s + B0*i + B1*s**2 ; i**3 + i,-1.01961658745605*i*s - 1.01961658745605*i + 0.0839756740316347*s**2 ; i**3 + i
3829,0.8350858893783399,s*Abs(i)**(9/4) ; B0 + i*r - r,s*Abs(i)**(9/4) ; i*r - r + 0.469776780662465
3830,0.8350681055977829,i**2 + i*s ; i,i**2 + i*s ; i
3831,0.8349450282765114,B0 + B1*Abs(i**2 + i*s)**(1/4) ; i,0.119823217134146*Abs(i**2 + i*s)**(1/4) - 0.0151703788841887 ; i
3832,0.8349145049499862,B1*sqrt(Abs(B0 - i + sqrt(Abs(i)))) ; B2 - i,0.00269581417601202*sqrt(Abs(-i + sqrt(Abs(i)) + 75.5141294822048)) ; 0.0424397134807398 - i
3833,0.8349029664622813,B2*sqrt(Abs(B0*i + B0*s + B1)) ; B3 - i + r,0.0413281175807506*sqrt(Abs(0.569014463447806*i + 0.569014463447806*s + 56.9616162362086)) ; -i + r + 240.472848789127
3834,0.83488576622498,B0*i**2 + B1*i*s + B1*s ; i,-17.7800474896941*i**2 + 0.272286495930977*i*s + 0.272286495930977*s ; i
3835,0.8348851320806664,B0*s**2 + i*s**2 ; B1 + i,i*s**2 - 0.051694670847088*s**2 ; i - 0.0665510528662283
3836,0.8348686803497595,B0*Abs(s)**(17/16) ; sqrt(Abs(B1 + i*r**2)),0.0473183266417106*Abs(s)**(17/16) ; sqrt(Abs(i*r**2 + 25.9682855876096))
3837,0.8347055230225974,B0*i ; B1*i - i**2 + i*r + Abs(i)**(3/2),0.248821991879754*i ; -i**2 + i*r - 0.182955947031609*i + Abs(i)**(3/2)
3838,0.8345850345694176,B0 + B1*i + s ; sqrt(Abs(i - r**2 + r)),-0.00237718457031756*i + s - 0.965521518356031 ; sqrt(Abs(i - r**2 + r))
3839,0.83455645069195,B0*Abs(s)**(1/4) + B1*i*Abs(s)**(1/4) ; B2 + B3*sqrt(Abs(i)),0.0275735058082555*i*Abs(s)**(1/4) + 0.0429169844493132*Abs(s)**(1/4) ; 0.0533486353347313 - 0.0166407020219798*sqrt(Abs(i))
3840,0.8344869192308445,B0*Abs(i)**(3/2) + B1*i**2 - i*s ; B2*i + B3*i*r - i**2,-4.5669312319357*i**2 - i*s + 3.21418889629164*Abs(i)**(3/2) ; -i**2 + 0.588753967435038*i*r + 2.20693775306059*i
3841,0.8344356458399884,B0*i ; B1 + i*r + 2*r,-0.00845367345209855*i ; i*r + 2*r + 0.639148611845438
3842,0.834400715139809,B0 + s + sqrt(Abs(i)) ; B1 + i,s + sqrt(Abs(i)) - 1.79397529413752 ; i + 0.913752906688581
3843,0.8343688869011513,B0*i**2 ; sqrt(Abs(B1*i + i**2)),13.7849252494487*i**2 ; sqrt(Abs(i**2 + 0.0365446733166312*i))
3844,0.8343249603258246,Abs(i)**(3/2) ; B0 + B1*i - i**2,Abs(i)**(3/2) ; -i**2 + 2.2764296416614*i + 0.130134206736149
3845,0.8342458917304522,B0*i ; B1*Abs(r)**(1/4),0.028049504632822*i ; 0.00092980509842885*Abs(r)**(1/4)
3846,0.8342458906288924,B0*i ; B1*Abs(r)**(3/2),0.0280553494273225*i ; 0.00386710751576752*Abs(r)**(3/2)
3847,0.8342458845949345,B0*i ; B1*r**2,0.0280257465216431*i ; 0.00423925338178603*r**2
3848,0.8342458752759064,B0*i ; B1*i*r,0.0280783707305052*i ; 0.00118912807650156*i*r
3849,0.8342457986638939,B0*i ; sqrt(Abs(i))*sqrt(Abs(r)),0.0281216278129472*i ; sqrt(Abs(i))*sqrt(Abs(r))
3850,0.8342457415053108,B0*i ; sqrt(Abs(i))*Abs(r)**(13/8),0.0281417949424087*i ; sqrt(Abs(i))*Abs(r)**(13/8)
3851,0.834245719382915,B0*i ; -Abs(r)**(1/8),0.0281485244741221*i ; -Abs(r)**(1/8)
3852,0.8342456593784408,B0*i ; i*Abs(r)**(3/2),0.0279276077605547*i ; i*Abs(r)**(3/2)
3853,0.8342456222985212,B0*i ; sqrt(Abs(r - sqrt(Abs(r)))),0.0281738742207592*i ; sqrt(Abs(r - sqrt(Abs(r))))
3854,0.8342350725205563,B0 + B1*sqrt(Abs(i))*sqrt(Abs(s)) + i ; i,i + 0.00519906187721005*sqrt(Abs(i))*sqrt(Abs(s)) - 0.000716849918345487 ; i
3855,0.8342255001064722,s*sqrt(Abs(B0 + i*s - i)) ; B1 + sqrt(Abs(B2 + r)),s*sqrt(Abs(-i*s + i + 0.00473451670384989)) ; sqrt(Abs(r - 3.31737768587547)) - 1.69195712602054
3856,0.8341154027006362,B0*i*s + i**2*s**2 ; B1 + B2*i*r + r,i**2*s**2 + 0.016875800412577*i*s ; 3.10366339952378*i*r + r + 0.0116419689267363
3857,0.8340679183394364,B0*i*s**2 + i**2*s**2 ; B1*r,i**2*s**2 + 0.219130354009762*i*s**2 ; 49.2399187326503*r
3858,0.8340181252052107,B0*Abs(s)**(9/8) ; -2*i + r*sqrt(Abs(i)) - Abs(i)**(3/2),0.0472440545680169*Abs(s)**(9/8) ; -2*i + r*sqrt(Abs(i)) - Abs(i)**(3/2)
3859,0.8339666637233119,s*Abs(i)**(3/2) ; i*r,s*Abs(i)**(3/2) ; i*r
3860,0.8339345999985089,B0*i ; i**2 + 2*i*r,0.309627297852756*i ; i**2 + 2*i*r
3861,0.8338682169705038,B0 + B1*Abs(i)**(1/4)*Abs(s)**(1/4) ; 2*i + 2*r,-0.0270504516461698*Abs(i)**(1/4)*Abs(s)**(1/4) + 0.0555969410075063 ; 2*i + 2*r
3862,0.8336469435582186,sqrt(Abs(B0*i + B0*sqrt(Abs(i)))) ; -i + sqrt(Abs(i)),sqrt(Abs(1.87849343891418e-6*i + 1.87849343891418e-6*sqrt(Abs(i)))) ; -i + sqrt(Abs(i))
3863,0.8336390849292795,B0 + i**2 ; i - r,i**2 + 0.000420385881643373 ; i - r
3864,0.8336191350677793,B0 + sqrt(Abs(s)) ; sqrt(Abs(B1 + sqrt(Abs(r)))),sqrt(Abs(s)) - 0.957623647399346 ; sqrt(sqrt(Abs(r)) + 0.00600941126973191)
3865,0.8336191349206639,B0 + sqrt(Abs(s)) ; sqrt(Abs(B1 + sqrt(Abs(i)))),sqrt(Abs(s)) - 0.957612172214149 ; sqrt(sqrt(Abs(i)) + 0.0421555384642275)
3866,0.8335947614034499,B0*sqrt(Abs(s + sqrt(Abs(i)))) ; Abs(i)**(1/4),0.00366606062913762*sqrt(Abs(s + sqrt(Abs(i)))) ; Abs(i)**(1/4)
3867,0.8335812050505291,B0*i + B2*sqrt(Abs(B1*s - i)) ; i,-0.296324092075125*i + 0.178631665972505*sqrt(Abs(i + 0.031466564613042*s)) ; i
3868,0.8334862874293318,B0*sqrt(Abs(i)) ; B1 + i**2 - i + r,0.0117932822905598*sqrt(Abs(i)) ; i**2 - i + r - 0.0558760805779888
3869,0.8334500047183222,B0*Abs(i)**(3/2) ; B1*i + 2*i**2,5.86690969211763*Abs(i)**(3/2) ; 2*i**2 + 0.789707795489952*i
3870,0.833440393346257,B0*i - i*sqrt(Abs(i - s)) ; B1 + i*r - 3*r,-i*sqrt(Abs(i - s)) - 0.220346559528881*i ; i*r - 3*r + 0.00469445389302474
3871,0.8333057676232841,B0 + B1*i ; B2 + r + Abs(i)**(1/8),0.000100568289165218*i + 0.021121356052906 ; r + Abs(i)**(1/8) - 0.596041991948646
3872,0.833293226849941,B0*i + B0*s + B0*sqrt(Abs(s)) ; i - r - sqrt(Abs(r)),0.0129410702969742*i + 0.0129410702969742*s + 0.0129410702969742*sqrt(Abs(s)) ; i - r - sqrt(Abs(r))
3873,0.8332420817120153,B0*sqrt(Abs(i)) ; i*sqrt(Abs(r**2 + r)) + i,0.184873259803178*sqrt(Abs(i)) ; i*sqrt(Abs(r**2 + r)) + i
3874,0.8331743503012172,i*sqrt(Abs(B0 - i*s + s**2)) ; B1 + 3*i,i*sqrt(Abs(-i*s + s**2 + 0.00620973175800779)) ; 3*i - 0.10508993635527
3875,0.8331311584254922,B0*s + i*s*sqrt(Abs(B1 + i)) ; i*r + r + Abs(i)**(3/2)*sqrt(Abs(r)),i*s*sqrt(Abs(i - 0.442301218152547)) - 0.00654390112297362*s ; i*r + r + Abs(i)**(3/2)*sqrt(Abs(r))
3876,0.8331155506588229,i*Abs(B0 + i)**(1/16) ; B1*i + i*r,i*Abs(i - 0.0622689709257505)**(1/16) ; i*r + 0.499642664597895*i
3877,0.8330544396496332,B0*s**2 ; i*sqrt(Abs(B1*i + B1*r + B2)),0.0453622421146008*s**2 ; i*sqrt(Abs(0.248221541012544*i + 0.248221541012544*r + 5.69563778013702))
3878,0.832992713743384,i*sqrt(Abs(B0*s**2 + s**3)) ; i**3 + i**2*r,i*sqrt(Abs(s**3 - 0.694799311459251*s**2)) ; i**3 + i**2*r
3879,0.8329448762285436,B0*i ; sqrt(Abs(i*Abs(r)**(3/2) + i)),-0.000128425087370009*i ; sqrt(Abs(i*Abs(r)**(3/2) + i))
3880,0.8329349236636647,B0*i*s + i*s**2 ; -Abs(r)**(1/8),i*s**2 - 0.558838064425046*i*s ; -Abs(r)**(1/8)
3881,0.8329349236123693,B0*i*s + i*s**2 ; B1*i*Abs(r)**(1/4),i*s**2 - 0.558833229994509*i*s ; 0.0161164556789621*i*Abs(r)**(1/4)
3882,0.8329267520812211,B0*Abs(i)**(5/2) + B1*i*s ; i,4.22514138048138*i*s - 286.679722297575*Abs(i)**(5/2) ; i
3883,0.8328869008423085,B0*Abs(i)**(3/2) ; i*sqrt(Abs(r)),0.101473506192869*Abs(i)**(3/2) ; i*sqrt(Abs(r))
3884,0.8328868976852034,B0*Abs(i)**(3/2) ; sqrt(Abs(r)),0.101503638945246*Abs(i)**(3/2) ; sqrt(Abs(r))
3885,0.8328868130974089,B0*Abs(i)**(3/2) ; r,0.101730131519083*Abs(i)**(3/2) ; r
3886,0.8328868125781896,B0*Abs(i)**(3/2) ; 2*r,0.101730977552298*Abs(i)**(3/2) ; 2*r
3887,0.8328868104574476,B0*Abs(i)**(3/2) ; -r*Abs(i)**(1/4),0.10173440769405*Abs(i)**(3/2) ; -r*Abs(i)**(1/4)
3888,0.8328140628697204,B0*sqrt(Abs(i)) ; sqrt(Abs(i - r + sqrt(Abs(i)))),0.0011114118566793*sqrt(Abs(i)) ; sqrt(Abs(i - r + sqrt(Abs(i))))
3889,0.8327758570486714,s*sqrt(Abs(B0 - sqrt(Abs(s)))) ; r,s*sqrt(Abs(sqrt(Abs(s)) - 8.65492874069601)) ; r
3890,0.8327758547744124,s*sqrt(Abs(B0 - sqrt(Abs(s)))) ; r - sqrt(Abs(i)),s*sqrt(Abs(sqrt(Abs(s)) - 8.65503170753549)) ; r - sqrt(Abs(i))
3891,0.8327616564053287,B0 + B1*i ; B2 + r - sqrt(Abs(i + sqrt(Abs(i)))),0.000167667635778738*i + 0.0278695578946733 ; r - sqrt(Abs(i + sqrt(Abs(i)))) + 0.425818535819265
3892,0.8327490313187011,B0*i - i**2 + i*s ; Abs(i)**(7/4),-i**2 + i*s - 0.344232906646679*i ; Abs(i)**(7/4)
3893,0.8327042359478645,B0*Abs(i)**(3/2) ; Abs(i)**(1/4),3.67966077781975e-6*Abs(i)**(3/2) ; Abs(i)**(1/4)
3894,0.8326371874265278,B1*Abs(B0 + i)**(1/8) ; i + r,0.0101472815300214*Abs(i + 32.8952463309924)**(1/8) ; i + r
3895,0.8326051794759037,B0 + B1*i + B1*s ; sqrt(Abs(B2 + i - r + sqrt(Abs(i + r)))),0.00034405692425399*i + 0.00034405692425399*s + 0.0424588495124802 ; sqrt(Abs(i - r + sqrt(Abs(i + r)) + 5.85385160398083))
3896,0.8325763259993311,B0*i**2 ; B1*i + i**2 + r,0.00600739561063567*i**2 ; i**2 - 0.445773891839899*i + r
3897,0.8325450899635465,B0*i ; sqrt(Abs(B1 - 2*i + r)),-0.000174623554079475*i ; sqrt(Abs(2*i - r + 56139.3361561074))
3898,0.8324519405578034,B0*i ; 2*i**2,0.151422956914227*i ; 2*i**2
3899,0.8324424241072484,Abs(i)**(3/2) ; B0*i + B1*r,Abs(i)**(3/2) ; 0.109910358249537*i + 0.024898528386152*r
3900,0.8324172436864822,B0*Abs(s)**(5/4) ; B1 + sqrt(Abs(B2 + i**2 + i*r)),0.0467885561049832*Abs(s)**(5/4) ; sqrt(Abs(i**2 + i*r + 0.000444537505544704)) + 0.465670607525625
3901,0.8324169145758533,B0*Abs(s)**(5/4) ; r + sqrt(Abs(i*r + r**2 - r)),0.0466437813782188*Abs(s)**(5/4) ; r + sqrt(Abs(i*r + r**2 - r))
3902,0.832373503080759,B0*s + 2*i*s ; B1*i,2*i*s + 0.0205002108710004*s ; 3.29036891338776*i
3903,0.8323698268490168,B0*i**2 ; B1*r,0.467484587050197*i**2 ; 0.00105393535164364*r
3904,0.8323698264136428,B0*i**2 ; 2*r,0.467574853394514*i**2 ; 2*r
3905,0.8323698110575178,B0*i**2 ; B1*sqrt(Abs(r)),0.466870794927314*i**2 ; 0.345104794221143*sqrt(Abs(r))
3906,0.8323697751336788,B0*i**2 ; sqrt(Abs(r)),0.466378980257866*i**2 ; sqrt(Abs(r))
3907,0.8323697734481528,B0*i**2 ; Abs(r)**(3/4),0.466361157526071*i**2 ; Abs(r)**(3/4)
3908,0.8323697726379085,B0*i**2 ; r + sqrt(Abs(r)),0.466352688868585*i**2 ; r + sqrt(Abs(r))
3909,0.8323697717229944,B0*i**2 ; -Abs(r)**(1/8),0.466343200947052*i**2 ; -Abs(r)**(1/8)
3910,0.8323697693473079,B0*i**2 ; r,0.466318921083713*i**2 ; r
3911,0.832369768007982,B0*i**2 ; i*Abs(r)**(3/2),0.468627946209703*i**2 ; i*Abs(r)**(3/2)
3912,0.8323697105731019,B0*i**2 ; sqrt(3)*r**2,0.465826618924993*i**2 ; sqrt(3)*r**2
3913,0.8323607225157325,B0 + B1*i + B1*s**2 + B2*i*s ; B3 + i,0.27213928367893*i*s - 0.261297918402159*i - 0.261297918402159*s**2 + 0.255858259167719 ; i - 0.954247719411301
3914,0.8323576307221503,B0 + B1*i + B2*s ; sqrt(Abs(B3*i**3 + B4*i*r)),-0.000475851982166449*i + 0.0565872699005927*s - 0.0361533157320552 ; sqrt(Abs(194.778041534974*i**3 + 10.3210169907676*i*r))
3915,0.8323344175775451,B0*sqrt(Abs(i)) ; i + Abs(B1 - r**2)**(1/4),0.0151604122777439*sqrt(Abs(i)) ; i + Abs(r**2 - 3.68302505807818)**(1/4)
3916,0.8323261925255926,B0*i*s ; i + r,-0.00116208512376041*i*s ; i + r
3917,0.8323075622843191,B0*i*s - i**2 ; B1*r,-i**2 + 0.355451122377869*i*s ; 51.3716192248619*r
3918,0.8322993371249823,B0*i ; i + r + sqrt(Abs(r)),-8.25447507129069e-5*i ; i + r + sqrt(Abs(r))
3919,0.8322334233305253,B1*sqrt(Abs(B0 + s + sqrt(Abs(i - s)))) ; i*sqrt(Abs(r)),0.0265243061969786*sqrt(Abs(s + sqrt(Abs(i - s)) - 0.845839164478219)) ; i*sqrt(Abs(r))
3920,0.832176369110238,B0*sqrt(Abs(i**3 - s)) ; Abs(B1*i*r - r)**(1/8),0.0204646009124498*sqrt(Abs(i**3 - s)) ; Abs(0.00215878866686454*i*r - r)**(1/8)
3921,0.8321652611362635,B0*i + B1*i*sqrt(Abs(s)) + B2*i*s ; r,0.448389839827724*i*s - 0.160685343730713*i*sqrt(Abs(s)) + 0.0243804423595018*i ; r
3922,0.8321052004746168,B0*s + B1*s**3 + s**2 ; B2*sqrt(Abs(r)) + i,-0.8021772894456*s**3 + s**2 - 0.209031368841173*s ; i + 0.0169102603911201*sqrt(Abs(r))
3923,0.8320956565891671,i**2 - i*s + i*sqrt(Abs(s)) ; i + sqrt(Abs(B0 + B1*sqrt(Abs(r)))),i**2 - i*s + i*sqrt(Abs(s)) ; i + sqrt(0.0835836173758705*sqrt(Abs(r)) + 0.032727061864099)
3924,0.8320729695553464,B0*i + B0*s ; sqrt(Abs(i)),-8.18941235446757e-5*i - 8.18941235446757e-5*s ; sqrt(Abs(i))
3925,0.8320246874355736,B0*i ; B1 + i*r - i + r,-0.00827506997398669*i ; i*r - i + r + 0.210032433222885
3926,0.8319522026093492,B0 + s ; 2*i + r,s - 0.955424682603065 ; 2*i + r
3927,0.8319522025925513,B0 + s ; B1 + i**2,s - 0.955420512478187 ; i**2 + 0.502783868336992
3928,0.8319522025732613,B0 + s ; B1 + 2*r,s - 0.955430790856465 ; 2*r + 5.90191526689916
3929,0.8319521979369657,B0 + s ; B1 + B2*r,s - 0.955494202877153 ; 1.59594416414753*r + 0.599803530776539
3930,0.8319166044945538,B0 + B1*i*s + B1*i + B2*s ; B3 + r - Abs(i)**(1/4),0.000303403817139493*i*s + 0.000303403817139493*i + 0.0233771527483774*s - 0.0194802662238914 ; r - Abs(i)**(1/4) - 2.4192168656829
3931,0.8319164844824415,B0*s + B0*sqrt(Abs(i)) ; sqrt(Abs(i)),0.00106807441973547*s + 0.00106807441973547*sqrt(Abs(i)) ; sqrt(Abs(i))
3932,0.8319003834284847,B0 - i + s + sqrt(Abs(B1 + s**2)) ; B3*i*sqrt(Abs(B2 + r)) + i**2,-i + s + sqrt(Abs(s**2 - 0.932964707486969)) - 1.21700685359854 ; i**2 + 0.366395440615676*i*sqrt(Abs(r + 3.96314094377733))
3933,0.8318745897257531,B0 - i + s ; r,-i + s - 0.915714608093737 ; r
3934,0.831874589725753,B0 + 2*s ; sqrt(Abs(r)),2*s - 1.91571461618951 ; sqrt(Abs(r))
3935,0.8318745896889463,B0 - i + s ; B1*i*r,-i + s - 0.915702668829127 ; 0.00327260316099804*i*r
3936,0.8318745870229417,B0 + 2*s ; B1*Abs(i)**(3/2),2*s - 1.9156122772583 ; 1.04325087462737*Abs(i)**(3/2)
3937,0.8318745795417806,B0 + 2*s ; B1*sqrt(Abs(i)),2*s - 1.91591325150753 ; 44.7465349235131*sqrt(Abs(i))
3938,0.8318467485627539,i*sqrt(Abs(B0 + i)) ; B1*i - i*r,i*sqrt(Abs(i + 0.629761676684101)) ; -i*r + 0.980968088937449*i
3939,0.8318218626398168,B0*i**2 + B0*Abs(i)**(3/2) ; B1 + 2*i*r - r,0.0848387071102187*i**2 + 0.0848387071102187*Abs(i)**(3/2) ; 2*i*r - r + 0.884493939990263
3940,0.8318167751039425,B0 + s**2 ; sqrt(Abs(i)),s**2 - 0.922114283134075 ; sqrt(Abs(i))
3941,0.8318097345364598,B0*i*s**2 + B0*s**3 ; B1 + r*sqrt(Abs(i*r + r)),-0.000985951572970902*i*s**2 - 0.000985951572970902*s**3 ; r*sqrt(Abs(i*r + r)) + 0.0431750792845049
3942,0.8317801440256044,B0 + B1*i**2 + B2*i*s + B2*s ; sqrt(Abs(B3 + i**2 + i*r)),1.09238878241582e-6*i**2 - 0.00126892624873615*i*s - 0.00126892624873615*s + 0.000140180858559558 ; sqrt(Abs(i**2 + i*r - 37.7634919330692))
3943,0.8317788884078541,B1*Abs(B0*i + B0*s)**(1/4) ; B2 + B3*i,0.0162207243245209*Abs(3.61965011310252*i + 3.61965011310252*s)**(1/4) ; 0.570846631232145*i + 0.122517492743657
3944,0.8317469053366716,B1*Abs(B0*i + i*s)**(1/4) ; B2*i + i**2 - i*r,0.0206185424033263*Abs(i*s + 5.50453174591624*i)**(1/4) ; i**2 - i*r + 3.69073201605277*i
3945,0.8316701845008267,B0*Abs(i)**(1/4) ; B1*r*Abs(i)**(3/2),0.0128049551780544*Abs(i)**(1/4) ; 0.000915327754681346*r*Abs(i)**(3/2)
3946,0.8316504721948178,Abs(i)**(5/2) ; 2*r,Abs(i)**(5/2) ; 2*r
3947,0.8316487419285193,B0*i + B0*s + B1*sqrt(Abs(i + s)) ; i,0.0192732992987194*i + 0.0192732992987194*s + 0.0250275853201144*sqrt(Abs(i + s)) ; i
3948,0.8316476464940502,B0 + B1*s + B1*sqrt(Abs(s)) ; B2*r*sqrt(Abs(i)) - r**2*sqrt(Abs(i)),0.0242765920706417*s + 0.0242765920706417*sqrt(Abs(s)) - 8.5357273653645e-5 ; -r**2*sqrt(Abs(i)) + 0.000570348043914933*r*sqrt(Abs(i))
3949,0.8315910409059593,B0 + B1*i ; sqrt(Abs(B2 + r*sqrt(Abs(i)) + r)),0.000168987646662292*i + 0.0284211409956098 ; sqrt(Abs(r*sqrt(Abs(i)) + r - 1.02910575260158e-10))
3950,0.8315674173738025,B0*s + B1*sqrt(Abs(i - s)) ; B2*r - 2*r**2 + r*sqrt(Abs(i)),2.77121332406263*s + 0.12155997290586*sqrt(Abs(i - s)) ; -2*r**2 + r*sqrt(Abs(i)) + 13.9835654363523*r
3951,0.8315480731876438,B0*sqrt(Abs(i)) ; r*sqrt(Abs(B1 + i)),0.013541479851626*sqrt(Abs(i)) ; r*sqrt(Abs(i + 0.0199549508682519))
3952,0.8315430232445816,B0*sqrt(Abs(-i + s**2 + s)) ; B1*i*r - i*r**2,0.0166045940233225*sqrt(Abs(-i + s**2 + s)) ; -i*r**2 + 0.211632820627284*i*r
3953,0.8314873437827629,B0*i**2 ; i + r,0.000387954364748475*i**2 ; i + r
3954,0.8314720127731731,B0 + i + s ; B1 + i + r,i + s - 1.00124633411511 ; i + r - 0.0207865714890592
3955,0.8313933508435386,Abs(i)**(7/4)*sqrt(Abs(s)) ; i,Abs(i)**(7/4)*sqrt(Abs(s)) ; i
3956,0.8313706908735276,i**3 ; Abs(i)**(3/2),i**3 ; Abs(i)**(3/2)
3957,0.8313304944748385,sqrt(Abs(B1*s*sqrt(Abs(B0 + s)) + B2*s)) ; B3 - 2*i - r,sqrt(Abs(0.00190661559441735*s*sqrt(Abs(s + 0.078242714938556)) + 0.000187136811889533*s)) ; -2*i - r + 0.0011926431620393
3958,0.8310647061063404,sqrt(Abs(B0*i**3 + B1*i)) ; B2*i**3 + Abs(i)**(7/2),sqrt(Abs(0.00563605090772881*i**3 - 0.00619743855297033*i)) ; -1.0194468270235*i**3 + Abs(i)**(7/2)
3959,0.8309856840652512,B0*i + B1*s ; B2*i + 2*i**2 + i*r,0.10585096993454*i - 0.00708822946403696*s ; 2*i**2 + i*r - 0.732155616302196*i
3960,0.8308407178556579,B0*i*s**2 + B1*i**2*s ; B2 - i + r,1.78772531520606e-5*i**2*s - 0.00140821460668716*i*s**2 ; -i + r - 0.056291910414787
3961,0.8306990365190848,B1*sqrt(Abs(B0 - i + s)) ; i*r + r + sqrt(Abs(i))*Abs(r)**(3/2),0.0218807242499916*sqrt(Abs(-i + s + 0.555937767391643)) ; i*r + r + sqrt(Abs(i))*Abs(r)**(3/2)
3962,0.8306871584202482,i*sqrt(Abs(B0 + B1*i + B1*s)) ; B2 + B3*sqrt(Abs(i)) + r,i*sqrt(Abs(6.85438957982533e-8*i + 6.85438957982533e-8*s - 6.86422169871711e-6)) ; r - 0.454214052055578*sqrt(Abs(i)) - 0.184729116896491
3963,0.8305979864867175,B0*s + B0*Abs(i)**(1/4) ; B1*r + i*r - r**2,0.0278356362670325*s + 0.0278356362670325*Abs(i)**(1/4) ; i*r - r**2 + 0.289235498719051*r
3964,0.8305808001821431,B0 + B1*i ; B2*i + B3*i**2 - i*r + r,0.000399291181751235*i + 0.0421630014600813 ; 0.226132315747234*i**2 - i*r - 0.0485749413674897*i + r
3965,0.8305600976415614,B0*i*s**2 + B0*s**2 ; r,0.0421733940677634*i*s**2 + 0.0421733940677634*s**2 ; r
3966,0.8305339560184989,B0*i + i*s + i*Abs(s)**(1/4) ; B1*i + B2*i*sqrt(Abs(r)) + B3*i*r,i*s + i*Abs(s)**(1/4) - 0.508944321097761*i ; -0.0851268654317669*i*r - 1.53285348290816*i*sqrt(Abs(r)) + 1.7366415673321*i
3967,0.8304794110015388,i*sqrt(Abs(B0*i*s + i**2*s)) ; B1*i + B2*i*r + B2*i*sqrt(Abs(r)),i*sqrt(Abs(i**2*s + 47.1264171308595*i*s)) ; 0.113506501449883*i*r + 0.113506501449883*i*sqrt(Abs(r)) + 0.912928199731999*i
3968,0.8304450133044528,B0*i**2*s + B0*s**2 ; r,0.0563651271403927*i**2*s + 0.0563651271403927*s**2 ; r
3969,0.8304431866508686,B0*i**3 + B0*i**2*s ; B1 + i,14.1175625780287*i**3 + 14.1175625780287*i**2*s ; i + 0.105367820422692
3970,0.8302969433377096,2*i*s**3 ; B0 + B1*sqrt(Abs(r)),2*i*s**3 ; 0.0400171718365203 - 0.0396525791020766*sqrt(Abs(r))
3971,0.8301728765769703,B0*i*s ; B1*r**2*sqrt(Abs(i)) + B2*i*r**2,0.29849861086531*i*s ; 0.963346286012146*i*r**2 + 0.00965429301782903*r**2*sqrt(Abs(i))
3972,0.8301379343211094,B2*sqrt(Abs(B0 + B1*i)) ; B3 + i**2 - i + r,0.0110034936948256*sqrt(Abs(0.0353376606729915*i + 5.77385399909836)) ; i**2 - i + r - 5.27714925980291
3973,0.830131565343353,B0*Abs(i - s)**(1/8) ; B1*Abs(r)**(1/4),0.0128203815943878*Abs(i - s)**(1/8) ; 0.000254189421619903*Abs(r)**(1/4)
3974,0.8300340705624708,i**2 - i ; B0 + r,i**2 - i ; r
3975,0.8299122548303456,B0*i ; sqrt(Abs(-i*r + i + r)),-0.000123090198971089*i ; sqrt(Abs(-i*r + i + r))
3976,0.8298742362330387,B0*sqrt(Abs(i)) ; sqrt(Abs(B1*i + B2*i*sqrt(Abs(i + r)))),0.354347124391557*sqrt(Abs(i)) ; sqrt(Abs(0.00756603809895642*i*sqrt(Abs(i + r)) - 0.135508780515496*i))
3977,0.8298528611701134,B0 + B1*i ; sqrt(Abs(i))*Abs(i - 2*r)**(1/8),0.000433534390517763*i + 0.049923869644187 ; sqrt(Abs(i))*Abs(i - 2*r)**(1/8)
3978,0.8298526463025137,B0*i + B0*sqrt(Abs(i))*sqrt(Abs(s)) ; B1 + sqrt(Abs(B2 - i**2 + i)),0.00898772153478709*i + 0.00898772153478709*sqrt(Abs(i))*sqrt(Abs(s)) ; sqrt(Abs(i**2 - i + 0.228446713040665)) - 0.553936334769489
3979,0.8297620346051571,B0*Abs(i**2*s + i*s)**(1/4) ; i + sqrt(Abs(B1 - sqrt(Abs(r)))),0.0493086059460023*Abs(i**2*s + i*s)**(1/4) ; i + sqrt(Abs(sqrt(Abs(r)) - 0.412201682073633))
3980,0.8297571611701257,B0*i ; i*r - i - r,0.000101459581262325*i ; i*r - i - r
3981,0.8296471872169745,s*Abs(B0*s + B1*i*s)**(1/4) ; i + sqrt(Abs(B2 + B3*r + B4*i)),s*Abs(9.49174721278905e-5*i*s + 1.32763466735693e-5*s)**(1/4) ; i + sqrt(Abs(0.00325815443467829*i + 0.0239176099027493*r + 0.0622661715008186))
3982,0.8296198698388879,B0*i + B0*s + B0*sqrt(Abs(s)) ; B1*r,0.00954023772827125*i + 0.00954023772827125*s + 0.00954023772827125*sqrt(Abs(s)) ; 0.000353317484296922*r
3983,0.8296192678164906,B0*i + B0*s + B0*sqrt(Abs(s)) ; B1*i*r,0.00953969937293695*i + 0.00953969937293695*s + 0.00953969937293695*sqrt(Abs(s)) ; 0.00705403053601812*i*r
3984,0.829619164779247,B0*i + B0*s + B0*sqrt(Abs(s)) ; -i*r + r**2,0.00953664229735882*i + 0.00953664229735882*s + 0.00953664229735882*sqrt(Abs(s)) ; -i*r + r**2
3985,0.8296096463808277,B1*sqrt(Abs(B0*sqrt(Abs(i)) + s*sqrt(Abs(i)))) ; sqrt(Abs(i))*sqrt(Abs(r)),0.0396158075353076*sqrt(Abs(s*sqrt(Abs(i)) + 0.112726326701562*sqrt(Abs(i)))) ; sqrt(Abs(i))*sqrt(Abs(r))
3986,0.8295899484404262,B0*i**2 + B0*i*s + B0*i + B0*s ; B1 + B2*i - sqrt(Abs(r)),0.0346488687022431*i**2 + 0.0346488687022431*i*s + 0.0346488687022431*i + 0.0346488687022431*s ; -0.180485861501991*i - sqrt(Abs(r)) + 1.23899198415041
3987,0.8295496093772262,B0*s + B0*sqrt(Abs(i)) ; B1 + r - sqrt(Abs(i))*sqrt(Abs(r)),0.00136967413922194*s + 0.00136967413922194*sqrt(Abs(i)) ; r - sqrt(Abs(i))*sqrt(Abs(r)) - 3.02457741865266
3988,0.8294373327883806,sqrt(Abs(B0*s**2 + B0*Abs(s)**(3/2))) ; B1*i*r + B2*r*Abs(i)**(3/2),sqrt(Abs(0.00115960456018091*s**2 + 0.00115960456018091*Abs(s)**(3/2))) ; 0.321686238970271*i*r + 0.0138512932346441*r*Abs(i)**(3/2)
3989,0.829416525296267,-i**2 - i ; i - r,-i**2 - i ; i - r
3990,0.8293503182874886,B0*i + 2*i**2 - i*s ; B1 + B2*i*r,2*i**2 - i*s + 1.14605856531498*i ; 0.0718655150023856*i*r + 0.081466142188121
3991,0.8293145484877735,B1*sqrt(Abs(B0 - i + s**2)) ; B2 - i*r - r**2 + r,0.032217155041968*sqrt(Abs(i - s**2 + 100.019772377917)) ; -i*r - r**2 + r + 214.323681519093
3992,0.8292491277713563,B0*s**2 + i*s**2 ; B1*i + Abs(i)**(5/4),i*s**2 + 0.0326746481941797*s**2 ; 3.09778282920788*i + Abs(i)**(5/4)
3993,0.8291455317916813,B0*Abs(i)**(1/4)*Abs(s)**(1/4) ; 2*r,0.024476126681986*Abs(i)**(1/4)*Abs(s)**(1/4) ; 2*r
3994,0.8291264061726679,B0*Abs(i)**(1/4)*Abs(s)**(1/4) ; r**2,0.0246414696574695*Abs(i)**(1/4)*Abs(s)**(1/4) ; r**2
3995,0.8290926199599831,B0*sqrt(Abs(i)) ; i*sqrt(Abs(B1 + r)) + r,0.00932813020459465*sqrt(Abs(i)) ; i*sqrt(Abs(r - 0.400954784071283)) + r
3996,0.8290805548721273,B0*Abs(s)**(5/2) ; B1 + B2*r + B2*sqrt(Abs(r)) + i,0.0447958354057731*Abs(s)**(5/2) ; i + 18.9383855090532*r + 18.9383855090532*sqrt(Abs(r)) + 59.3083169115131
3997,0.829071395922289,B0 + B1*s ; B2*i**2 - i**3 + i,0.0406526264062557*s + 0.00982095342354933 ; -i**3 + 0.000117086675197584*i**2 + i
3998,0.8290713951928919,B0 + B1*s ; B2*r + B3*r**3 + i,0.0406397567409416*s + 0.00982185183734396 ; i + 0.159372017599896*r**3 + 0.000477717845898687*r
3999,0.8290713947085716,B0 + B1*i ; B2*i*r + B3*i**2*r,0.0504787116422913 - 0.0406572509705275*i ; 0.0129666208784658*i**2*r + 0.000305890997815253*i*r
4000,0.8290712586533822,B0 + B1*s ; i - 2*r**3,0.0405510067665876*s + 0.00985931097787144 ; i - 2*r**3
4001,0.8290652726233333,sqrt(Abs(B0*s + B1)) ; -r + sqrt(Abs(B2 + sqrt(Abs(i*r + r**2)))),sqrt(Abs(0.00123246109343415*s + 0.00022538922017452)) ; -r + sqrt(sqrt(Abs(i*r + r**2)) + 0.00652208109631855)
4002,0.8290600339215783,B1*sqrt(Abs(B0 + s)) ; Abs(B2*i - i**2 + i*r)**(1/4),0.0353447636318035*sqrt(Abs(s + 0.194769692687707)) ; Abs(-i**2 + i*r + 0.00129162708187789*i)**(1/4)
4003,0.8290599047618883,B0*i + B1*i**2 ; B2 + sqrt(Abs(2*i**2 + i*r)),0.0441345652952774*i**2 - 0.0779016276470853*i ; sqrt(Abs(2*i**2 + i*r)) - 2.30734984930632
4004,0.8290560692274399,B1*sqrt(Abs(B0*i - s)) ; Abs(i**2*r + i*r**2)**(1/4),0.037883776103903*sqrt(Abs(0.14671796672725*i + s)) ; Abs(i**2*r + i*r**2)**(1/4)
4005,0.8289929480324033,i*sqrt(Abs(B0*s**2 + s**3)) ; B1*i**2,i*sqrt(Abs(s**3 - 0.638889563378163*s**2)) ; 0.217443881570808*i**2
4006,0.8289437374030141,B0*Abs(i)**(1/4)*sqrt(Abs(s)) ; B1*r**2*sqrt(Abs(i)) - r**2,0.0391366653457296*Abs(i)**(1/4)*sqrt(Abs(s)) ; 52.1418357024434*r**2*sqrt(Abs(i)) - r**2
4007,0.8288120833552167,B0*i + B1*i**2 ; -i + r - Abs(r)**(1/8),-1.84746320459812e-5*i**2 + 0.00197748477863366*i ; -i + r - Abs(r)**(1/8)
4008,0.8287802184239363,s**2*sqrt(Abs(i)) ; B0 + sqrt(Abs(i)),s**2*sqrt(Abs(i)) ; sqrt(Abs(i)) - 0.0108780330904915
4009,0.828752607963492,sqrt(Abs(B0 + B1*sqrt(Abs(i)))) ; sqrt(Abs(i*sqrt(Abs(r)) + 2*Abs(r)**(3/2))),sqrt(Abs(0.00225801553759196*sqrt(Abs(i)) - 0.00242697882558149)) ; sqrt(Abs(i*sqrt(Abs(r)) + 2*Abs(r)**(3/2)))
4010,0.8287062913283031,B0*i + B1*i**3 + B1*i**2 ; B2*i*r**2 + sqrt(Abs(r)),-0.17342150438686*i**3 - 0.17342150438686*i**2 + 0.26946804290435*i ; 0.010621178525604*i*r**2 + sqrt(Abs(r))
4011,0.8286956766514203,B0*i ; i*sqrt(Abs(B1 + 3*r)),1.48506270372596*i ; i*sqrt(Abs(3*r + 1.6606507445738))
4012,0.8286435373460437,s*sqrt(Abs(B0*i - i*s)) ; B1 - r,s*sqrt(Abs(i*s - 0.629956322205193*i)) ; 0.224528756908696 - r
4013,0.8286197360255657,B0*i + B1*i**2 ; sqrt(Abs(B2 - i**2 + r)),-2.00880159987479e-5*i**2 - 0.00212736447196866*i ; sqrt(Abs(-i**2 + r + 0.450855096959199))
4014,0.8285262137791218,B1*sqrt(Abs(s))*Abs(B0*i + i*s)**(1/4) ; i,0.112088233575538*sqrt(Abs(s))*Abs(i*s - 1.22776658086286*i)**(1/4) ; i
4015,0.8285092091787147,B1*sqrt(Abs(B0 + i - s)) ; i*r + Abs(i)**(3/2)*Abs(B2 + i)**(1/4),0.0347616739717494*sqrt(Abs(-i + s + 0.0629554854056983)) ; i*r + Abs(i)**(3/2)*Abs(i + 6.01871329616347)**(1/4)
4016,0.8283734503416116,B0*Abs(s + sqrt(Abs(i)))**(1/4) ; i + r,0.008224335215233*Abs(s + sqrt(Abs(i)))**(1/4) ; i + r
4017,0.8283182307968876,B0*i + i*s ; B1*r - i*r + r**2,i*s - 0.631848617277599*i ; -i*r + r**2 + 0.022857571479112*r
4018,0.8282813248206664,B0*s + B1*s**2 - s**3 ; B2 + i,-s**3 + 1.30642010798234*s**2 - 0.31967603104554*s ; i + 0.000462277494101938
4019,0.8282503124719699,B0*sqrt(Abs(i**2 - i)) ; i + sqrt(Abs(r)),0.00625524953281082*sqrt(Abs(i**2 - i)) ; i + sqrt(Abs(r))
4020,0.8282435839107628,B0*i ; 2*i*r + Abs(i)**(5/2),0.256975126834721*i ; 2*i*r + Abs(i)**(5/2)
4021,0.8282335776591601,B0*i - i**2 + i*s ; i,-i**2 + i*s + 0.289462317536376*i ; i
4022,0.8281849334805567,B0*Abs(i)**(1/4)*Abs(s)**(1/4) ; i + sqrt(Abs(i**2 - i)),0.0104461125164587*Abs(i)**(1/4)*Abs(s)**(1/4) ; i + sqrt(Abs(i**2 - i))
4023,0.8281643877834335,B0*Abs(i)**(1/4) + B1*i ; -i + r - sqrt(Abs(r)),-0.000399904329567091*i + 0.0167565673467209*Abs(i)**(1/4) ; -i + r - sqrt(Abs(r))
4024,0.8281310563078585,B0*s**2 + B1*s*sqrt(Abs(i - s)) ; i*sqrt(Abs(B2*sqrt(Abs(r)) + i*sqrt(Abs(r)))),0.379042243978319*s**2 - 0.353173587483728*s*sqrt(Abs(i - s)) ; i*sqrt(Abs(i*sqrt(Abs(r)) + 2.04202863253165*sqrt(Abs(r))))
4025,0.8280748061716255,B1*Abs(B0*s - i*s)**(1/4) ; r + sqrt(Abs(B2*i - r)),0.00776312412336732*Abs(i*s + 28.9037243904227*s)**(1/4) ; r + sqrt(Abs(38.5729033898794*i - r))
4026,0.828054106611194,i*Abs(i**2 - i*s)**(1/4) ; B0*i + 2*i*r,i*Abs(i**2 - i*s)**(1/4) ; 2*i*r + 0.184873465493267*i
4027,0.828044787094415,B1*Abs(B0*s + i*s)**(1/4) ; B2 + sqrt(Abs(B3*i - r)),0.00700326644605194*Abs(i*s + 0.912946408417876*s)**(1/4) ; sqrt(Abs(35.8228548620989*i - r)) - 2.20193709715301
4028,0.8280358397028331,B0*Abs(i)**(1/4) ; sqrt(Abs(B1*sqrt(Abs(i - r)) + B2)),0.0115182409383047*Abs(i)**(1/4) ; sqrt(Abs(0.0828755349520753*sqrt(Abs(i - r)) - 0.160236353525793))
4029,0.8279956890437246,B0*i + 2*i**2 ; B1*i + B2*i**2 + i**3,2*i**2 + 2.08880726183073*i ; i**3 - 15.8115275000148*i**2 + 2.44474357186914*i
4030,0.8279718539389302,B0*Abs(i)**(1/8)*Abs(s)**(1/4) ; r + sqrt(Abs(B1 - i + sqrt(Abs(r)))),0.0123675997745806*Abs(i)**(1/8)*Abs(s)**(1/4) ; r + sqrt(Abs(-i + sqrt(Abs(r)) + 0.294895004464288))
4031,0.8278673237956583,i*sqrt(Abs(B0*sqrt(Abs(i)) + B1)) ; Abs(i)**(3/2),i*sqrt(Abs(2.47724306445034*sqrt(Abs(i)) - 0.640614707527471)) ; Abs(i)**(3/2)
4032,0.8278235724786381,B0*s + B1*s**2 + B1*s*Abs(i)**(3/2) ; -Abs(r)**(1/8),-0.729883312194516*s**2 - 0.729883312194516*s*Abs(i)**(3/2) + 0.718550095665943*s ; -Abs(r)**(1/8)
4033,0.827779195720239,B0*sqrt(Abs(s)) ; B1*i*r + B1*r*sqrt(Abs(B2 + r)),0.0341022540147593*sqrt(Abs(s)) ; 0.0294001010754222*i*r + 0.0294001010754222*r*sqrt(Abs(r + 0.00407654718753703))
4034,0.8277732927825971,B0*sqrt(Abs(-i**2 + i*s + i)) ; 2*i,0.222902907801047*sqrt(Abs(-i**2 + i*s + i)) ; 2*i
4035,0.8277710713491281,B1*sqrt(Abs(B0*i*s + B0*s**2)) ; r*sqrt(Abs(i - r)),0.123549693938022*sqrt(Abs(0.0755963124104423*i*s + 0.0755963124104423*s**2)) ; r*sqrt(Abs(i - r))
4036,0.8277534737417479,B0*sqrt(Abs(s)) ; B1*i + i*r - r + Abs(i)**(3/2),0.0339630745827951*sqrt(Abs(s)) ; i*r + 0.651782816688109*i - r + Abs(i)**(3/2)
4037,0.8277527317653997,B0*sqrt(Abs(s)) ; Abs(B1*i + i**2 - i*r)**(1/4),0.0339044494800221*sqrt(Abs(s)) ; Abs(i**2 - i*r + 66.4048672354249*i)**(1/4)
4038,0.8277502930276307,B0*s + 2*i*s ; B1 + i,2*i*s - 0.0371318584517103*s ; i - 0.0172013554553727
4039,0.8277309809163182,B0*sqrt(Abs(s)) ; B1*i**2 + B2*Abs(i)**(5/2),0.0333266723872964*sqrt(Abs(s)) ; 0.322773066136228*i**2 + 0.00329451847517462*Abs(i)**(5/2)
4040,0.8276838904772811,-s**2 + s*sqrt(Abs(B0 - sqrt(Abs(i)))) ; i**2,-s**2 + s*sqrt(Abs(sqrt(Abs(i)) - 1.13878214334471)) ; i**2
4041,0.8276228414344143,B0*s**2 + B1*s*sqrt(Abs(i - s)) ; r*sqrt(Abs(B2*Abs(r)**(3/2) + B3*r)),0.354640282858383*s**2 - 0.328911232375601*s*sqrt(Abs(i - s)) ; r*sqrt(Abs(0.169746604627158*r + 0.0738833756924767*Abs(r)**(3/2)))
4042,0.8276227226572056,B0*s**2 + B1*s*sqrt(Abs(i - s)) ; -i*r + r**2,0.355297143633681*s**2 - 0.329605179575152*s*sqrt(Abs(i - s)) ; -i*r + r**2
4043,0.8276096847627022,B1*Abs(B0 - i + s)**(1/4) ; B2 - i,0.00443541277305645*Abs(i - s + 18.5407361257905)**(1/4) ; 10.1229151307969 - i
4044,0.8276096386529226,B0*i + B1*i**2 ; B2 + i,106.583677251595*i**2 - 0.454381642338322*i ; i + 0.0185443732054588
4045,0.8275666403256547,B0 + B2*sqrt(Abs(B1 + i)) ; B3 - 2*i + 2*r,0.00167088711205285*sqrt(Abs(i + 49.7257676460571)) - 0.0071321903527157 ; -2*i + 2*r - 0.275992581768003
4046,0.8275592060806197,B2*sqrt(Abs(B0 + B1*i)) ; B3 - 2*i + 2*r,1.88338690430827*sqrt(Abs(4.23300985815326e-7*i + 7.57556021207838e-6)) ; -2*i + 2*r - 0.270930132896086
4047,0.8275392586108375,B0*Abs(i)**(3/8) ; B1*i + B2*i**2,0.00237155132722389*Abs(i)**(3/8) ; -5.20935504591768*i**2 + 6.16955982911442*i
4048,0.8275204916518933,B0*i ; B1 - 2*i**2,0.000133374456058334*i ; -2*i**2 - 0.452246694498558
4049,0.8275193612298566,B1*sqrt(Abs(B0 - i + sqrt(Abs(s)))) ; B2 + sqrt(Abs(r)),0.00130035799264208*sqrt(Abs(-i + sqrt(Abs(s)) + 3.91044170387453)) ; sqrt(Abs(r)) + 33.2886884501998
4050,0.8275146294048854,B0*sqrt(Abs(i)) ; B1 + B2*Abs(i)**(3/2) - i,0.00133250923822864*sqrt(Abs(i)) ; -i + 0.904382987710798*Abs(i)**(3/2) + 0.890169248780209
4051,0.8275084499679143,B2*sqrt(Abs(B0 + B1*i)) ; i*r - 2*i + r,0.0022839502309946*sqrt(Abs(0.255343909754445*i + 8.38566437892157)) ; i*r - 2*i + r
4052,0.8274884115305092,B0*i ; B1 + B2*sqrt(Abs(i))*sqrt(Abs(r)),-0.000133207852575058*i ; 2.69812460444352*sqrt(Abs(i))*sqrt(Abs(r)) + 1.57662021894367
4053,0.8274700881979344,B1*Abs(B0 + i)**(1/8) ; B2 + sqrt(Abs(B3*r - i)),0.00740931904729491*Abs(i - 3.07656405033589)**(1/8) ; sqrt(Abs(i + 178.385062800594*r)) - 0.141914031894978
4054,0.8274621900683277,B0*sqrt(Abs(i - sqrt(Abs(i - s)))) ; B1 + r,0.00126692747752282*sqrt(Abs(i - sqrt(Abs(i - s)))) ; r + 10.4867894995869
4055,0.8274567384405002,B0*i ; B1 + sqrt(Abs(r))*sqrt(Abs(B2 - r)),-0.000132941821001092*i ; sqrt(Abs(r))*sqrt(Abs(r - 7.7857632776161)) + 19.1610592135934
4056,0.8274456411085112,B0*Abs(s)**(1/4) ; i + sqrt(Abs(B1 + r + sqrt(Abs(i + r)))),0.0214338543849238*Abs(s)**(1/4) ; i + sqrt(Abs(r + sqrt(Abs(i + r)) + 0.00878100660847936))
4057,0.8274456025055328,B1*sqrt(Abs(B0 - 2*i)) ; sqrt(Abs(B2 + B3*i + B3*r)),0.00087790478035855*sqrt(Abs(2*i - 27.5639474151826)) ; sqrt(Abs(66.6568550585525*i + 66.6568550585525*r + 1560.28875408455))
4058,0.8274429789885944,B0 + B1*sqrt(Abs(i - s)) ; 3*i - r,0.00289495372373351*sqrt(Abs(i - s)) + 0.00134317767587732 ; 3*i - r
4059,0.8274428009991794,B0*Abs(i*s + s**2)**(1/4) ; r + sqrt(Abs(i*r**2 - r)),0.0215943239124468*Abs(i*s + s**2)**(1/4) ; r + sqrt(Abs(i*r**2 - r))
4060,0.827438156131876,B0*i + B0*sqrt(Abs(i + s)) ; sqrt(Abs(B1 + sqrt(Abs(B2 + i + r)))),-0.000147620645608857*i - 0.000147620645608857*sqrt(Abs(i + s)) ; sqrt(sqrt(Abs(i + r - 597.347782325283)) + 1753.49564422063)
4061,0.8274345598077628,B0*sqrt(Abs(i)) ; sqrt(Abs(B1 - i + sqrt(Abs(i - r)))),0.00132563514255953*sqrt(Abs(i)) ; sqrt(Abs(-i + sqrt(Abs(i - r)) + 1509.04501937757))
4062,0.8274342088187215,B0*sqrt(Abs(i)) ; B1 + Abs(B2 + i + r)**(1/4),0.00132559436167385*sqrt(Abs(i)) ; Abs(i + r - 16.0110539343033)**(1/4) + 37.5369808317234
4063,0.8274319370273207,B0*sqrt(Abs(i)) ; -i + sqrt(Abs(B1*r + sqrt(Abs(i)))),0.00132831569191595*sqrt(Abs(i)) ; -i + sqrt(Abs(52.2625876472475*r + sqrt(Abs(i))))
4064,0.8274305141607888,B0*i ; B1 + r - sqrt(Abs(i))*sqrt(Abs(r)),-0.000132849565265893*i ; r - sqrt(Abs(i))*sqrt(Abs(r)) + 41.0429249813493
4065,0.8274299420476451,B0*i + B0*sqrt(Abs(i - s)) ; sqrt(Abs(B1*r + 2*i)),-0.000147751758083069*i - 0.000147751758083069*sqrt(Abs(i - s)) ; sqrt(Abs(2*i - 145.123594675366*r))
4066,0.8274232958078602,B0*i ; B1*Abs(2*i + r)**(1/4),-0.000132829012351913*i ; 20.6248911872378*Abs(2*i + r)**(1/4)
4067,0.8273989886788847,B0*s ; B1 + B2*i*r - i*r**2,0.0474978758871553*s ; -i*r**2 + 0.00288423385349385*i*r + 0.0155134864999965
4068,0.8273989886359256,B0*s ; B1*i + B2*i**2 + i*r,0.0474963895928395*s ; 0.000149267200826083*i**2 + i*r + 36.2846099543749*i
4069,0.8273989881934322,B0*s ; B1 + B2*i + B3*r + i*r,0.0474926343713936*s ; i*r + 0.000104109995671745*i + 0.00123480807976355*r + 0.000243910548333178
4070,0.8273989881411214,B0*s ; B1*r + B2*i*r - r**2,0.0474923536051798*s ; 0.000138327627596926*i*r - r**2 + 0.00013252920990755*r
4071,0.8273989877953113,B0*s ; B1*i*r + i**2*r + r,0.0474907672861808*s ; i**2*r + 68.9282066780627*i*r + r
4072,0.827398987291627,B0*s ; B1*r + i*r + i + r**2,2.71903600366539*s ; i*r + i + r**2 + 0.211179035347738*r
4073,0.8273988482883707,B0*s ; i*r**2 - i*r - r**2,0.0475889859368351*s ; i*r**2 - i*r - r**2
4074,0.8273959695826043,i**2 + Abs(i)**(3/2) ; B0*i + B1*i**2,i**2 + Abs(i)**(3/2) ; 60.4392258494863*i**2 - 2.77769990592086*i
4075,0.8273944875796935,B0*Abs(i**2 - s)**(1/4) ; i + sqrt(Abs(B1 + r)),0.00132080830628199*Abs(i**2 - s)**(1/4) ; i + sqrt(Abs(r + 12001.136297079))
4076,0.827391496702129,B0*Abs(i)**(5/4) ; B1*i + 2*i**2 + Abs(i)**(3/2),5.18928514950455*Abs(i)**(5/4) ; 2*i**2 + 1.77010385205423*i + Abs(i)**(3/2)
4077,0.8273717246273653,B0 + B1*i + i**2 ; B2 + sqrt(Abs(B3 + i)),i**2 + 0.273685526759193*i - 0.00826236456744361 ; sqrt(Abs(i + 0.00339121728306029)) - 0.245872665731467
4078,0.8273696418348204,B0*i + B1*i**2 ; B2 + B3*i,1.34103804573386*i**2 + 0.177105554755504*i ; 1.88939251155081*i - 0.0871725798983213
4079,0.8273596549267975,B0*i*Abs(s)**(1/8) ; sqrt(Abs(B1 + B2*r + B3*i)),-0.000179432793865431*i*Abs(s)**(1/8) ; sqrt(Abs(169.256770922576*i + 49.382571376777*r + 1886.50184865597))
4080,0.8273568711513024,B0*i ; -2*i + 3*r,0.000133174371492359*i ; -2*i + 3*r
4081,0.8273565283413399,B0*i ; i + Abs(B1 + B2*i)**(1/4),-0.00148678588157015*i ; i + Abs(1965.78475079882*i + 23761.5564626388)**(1/4)
4082,0.827355736629313,B0*Abs(i + 2*s)**(1/4) ; r + sqrt(Abs(B1 + r)),0.00418845201813528*Abs(i + 2*s)**(1/4) ; r + sqrt(Abs(r + 80.1933927256502))
4083,0.827352708718964,B0*i + B0*sqrt(Abs(i)) ; B1*i - i**2*r,0.0013165459530548*i + 0.0013165459530548*sqrt(Abs(i)) ; -i**2*r + 4901.48711159282*i
4084,0.8273522374919554,B0*i + B1*i**2 ; sqrt(Abs(B2 - r)),-0.00329117129892713*i**2 - 0.329248796611518*i ; sqrt(Abs(r + 61723.9236594029))
4085,0.8273522369720981,B0*i ; B1 + sqrt(Abs(B2*sqrt(Abs(r)) - r)),-0.000131666666669384*i ; sqrt(Abs(r - 227.701991569818*sqrt(Abs(r)))) + 150.651061380216
4086,0.827352233598441,B0*i + B1*i**2 ; B2 + r,-0.0034179691761949*i**2 - 0.341928588815446*i ; r + 233.090801388764
4087,0.8273522186849999,B0*i ; B1 + B2*r + r**2,-0.000131657411420339*i ; r**2 + 11.5998600128953*r + 152.410519032795
4088,0.8273521163868841,B0 + B1*i ; B2 + B3*sqrt(Abs(i))*sqrt(Abs(r)),-0.000183127825554734*i - 0.00514864148174086 ; 96.2326696214168*sqrt(Abs(i))*sqrt(Abs(r)) + 304.398948567094
4089,0.8273506155715292,B1*sqrt(Abs(B0*i + B0*s)) ; B2 + r,0.0037732435454319*sqrt(Abs(0.123573086293042*i + 0.123573086293042*s)) ; r + 12.3853239187386
4090,0.8273379423583622,B0*Abs(i)**(1/4) ; B1*r + i + r**2,0.00416830467049935*Abs(i)**(1/4) ; i + r**2 + 21305.016823934*r
4091,0.8273347365442804,B0*i*Abs(s)**(1/8) ; r + sqrt(Abs(B1*i - i*r)),-0.000171431254965259*i*Abs(s)**(1/8) ; r + sqrt(Abs(i*r + 17.0048852994747*i))
4092,0.8273316135508454,B1*sqrt(Abs(B0 + sqrt(Abs(i)))) ; B2 + 3*i + r,0.00163173386643092*sqrt(sqrt(Abs(i)) + 54.6642787788477) ; 3*i + r + 578.464536464337
4093,0.8273292594873893,B0*i + B0*s ; r*sqrt(Abs(2*i + sqrt(Abs(i)))),0.0131250000176666*i + 0.0131250000176666*s ; r*sqrt(Abs(2*i + sqrt(Abs(i))))
4094,0.827329250363928,B1*sqrt(Abs(B0 - s + sqrt(Abs(s)))) ; B2 + B3*sqrt(Abs(i))*sqrt(Abs(r)),1.32417634525497e-5*sqrt(Abs(-s + sqrt(Abs(s)) + 981488.587770394)) ; 0.064182888621641*sqrt(Abs(i))*sqrt(Abs(r)) + 0.000220485152082238
4095,0.8273292501471827,B1*Abs(B0 + 2*i)**(1/4) ; 2*r,0.000378232547192361*Abs(2*i + 1448232.85591154)**(1/4) ; 2*r
4096,0.8273292447905208,B1*sqrt(Abs(B0 + i + sqrt(Abs(s)))) ; B2*r,3.09247930166642e-5*sqrt(Abs(i + sqrt(Abs(s)) + 180023.341037307)) ; 0.000148022546749617*r
4097,0.827329235207274,sqrt(Abs(B0 + B1*i + B1*s)) ; r,sqrt(Abs(0.110370302545391*i + 0.110370302545391*s - 0.110542254307733)) ; r
4098,0.8273292306691402,B1*sqrt(Abs(B0 + i + sqrt(Abs(s)))) ; B2*r*sqrt(Abs(i)),4.5406701487824e-5*sqrt(Abs(i + sqrt(Abs(s)) + 83502.3797260527)) ; 0.560915634106147*r*sqrt(Abs(i))
4099,0.8273292302513082,B1*sqrt(Abs(B0 + 2*i)) ; B2*r + B3*r**2,1.44611009822193e-5*sqrt(Abs(2*i + 823023.053633959)) ; 0.000419857266565231*r**2 + 0.211286774420341*r
4100,0.8273291376951776,B1*sqrt(Abs(B0 - s + sqrt(Abs(s)))) ; B2 + r,9.75936723352539e-5*sqrt(Abs(-s + sqrt(Abs(s)) + 18083.4328204724)) ; r + 0.00605366245322239
4101,0.8273291036687902,B1*sqrt(Abs(i + sqrt(Abs(B0 + i)))) ; i*sqrt(Abs(r)),5.21458573041895e-5*sqrt(Abs(i + sqrt(Abs(i + 4008470426.925)))) ; i*sqrt(Abs(r))
4102,0.8273288577271689,B1*sqrt(Abs(-B0 + i + sqrt(Abs(i)))) ; r,6.34408580777555e-5*sqrt(Abs(i + sqrt(Abs(i)) + 42784.5537700277)) ; r
4103,0.8273282981874464,B1*sqrt(Abs(B0 - i + sqrt(Abs(i)))) ; i,0.0124621722058301*sqrt(Abs(-i + sqrt(Abs(i)) + 1.00623716412792)) ; i
4104,0.827326838436426,B1*sqrt(Abs(i + sqrt(Abs(B0 - i)))) ; i*sqrt(Abs(r)),0.000207214687481076*sqrt(Abs(i + sqrt(Abs(i - 16067427.7014822)))) ; i*sqrt(Abs(r))
4105,0.8273267472016025,B1*Abs(B0*s + i*s)**(1/4) ; i*r,0.0027124498738355*Abs(i*s + 3856.44311899767*s)**(1/4) ; i*r
4106,0.8273133647106884,sqrt(Abs(B0 - sqrt(Abs(B1 + i - s)))) ; B3*Abs(B2 - r)**(1/4),sqrt(Abs(sqrt(Abs(-i + s + 168.65238525573)) - 13.0235435774841)) ; 0.00755330929361717*Abs(r + 140.603619415476)**(1/4)
4107,0.8273065643589491,B0*i + B0*s ; B1*sqrt(Abs(i)) + sqrt(2)*r*sqrt(Abs(i)),-0.000133033245360672*i - 0.000133033245360672*s ; sqrt(2)*r*sqrt(Abs(i)) + 1.88806822937845*sqrt(Abs(i))
4108,0.8272208086271667,B0*Abs(s)**(1/4) + B1*i*Abs(s)**(1/4) ; B2*r,-0.033521593325146*i*Abs(s)**(1/4) + 0.0464013094991509*Abs(s)**(1/4) ; 0.000535489423633687*r
4109,0.8270931703933019,sqrt(Abs(B0*sqrt(Abs(s)) + B1*s)) ; B2*i*r**2 + B2*r*Abs(i)**(3/2),sqrt(Abs(0.00156919246038482*s + 0.000611458961644963*sqrt(Abs(s)))) ; 0.943474902521374*i*r**2 + 0.943474902521374*r*Abs(i)**(3/2)
4110,0.8270917826010552,sqrt(Abs(B0*sqrt(Abs(s)) + B1*s)) ; B2*i**2*r + B2*Abs(i)**(5/2),sqrt(Abs(0.00155916947110028*s + 0.000598650008813835*sqrt(Abs(s)))) ; 10.5456261510059*i**2*r + 10.5456261510059*Abs(i)**(5/2)
4111,0.827065357145978,B0*Abs(s)**(1/8) ; sqrt(Abs(B2 + sqrt(Abs(B1*sqrt(Abs(r)) - i)))),0.0174694731179126*Abs(s)**(1/8) ; sqrt(sqrt(Abs(i - 0.00417819735815925*sqrt(Abs(r)))) + 0.0107575257012082)
4112,0.8270594156028691,B0 + B1*sqrt(Abs(s)) ; B2*sqrt(Abs(i**2 - 2*i*r)),0.0469798425000105*sqrt(Abs(s)) - 0.000334062803864787 ; 60.0474282757874*sqrt(Abs(i**2 - 2*i*r))
4113,0.8270535695321756,B0*Abs(s)**(1/8) ; sqrt(Abs(B1 + B2*r + B3*i)),0.0171986273273085*Abs(s)**(1/8) ; sqrt(Abs(0.466744257470774*i + 0.455342091428548*r + 0.00802678947320476))
4114,0.8270488532950887,B0*Abs(i)**(1/8) ; i + sqrt(Abs(-i + r + sqrt(2)*sqrt(Abs(i)))),0.0114238907493587*Abs(i)**(1/8) ; i + sqrt(Abs(-i + r + sqrt(2)*sqrt(Abs(i))))
4115,0.8270485128411769,B0*Abs(i)**(1/8) ; sqrt(Abs(B1 + B2*i + B3*r)),0.0203140536848642*Abs(i)**(1/8) ; sqrt(Abs(0.0250212964849071*i - 0.01257561432555*r + 0.0123220079405365))
4116,0.8270421603407522,B0 + B1*sqrt(Abs(s)) ; B2*r + i*r - r**2*sqrt(Abs(i)),0.0491532930635248*sqrt(Abs(s)) - 0.000364466451738713 ; i*r - r**2*sqrt(Abs(i)) + 22.2185545632612*r
4117,0.827040121731648,B0*i*sqrt(Abs(s)) ; Abs(i)**(1/4),-8.20040530057411e-5*i*sqrt(Abs(s)) ; Abs(i)**(1/4)
4118,0.8270394219222339,B0*i**2 + B0*i*s ; i,1.20286720554658*i**2 + 1.20286720554658*i*s ; i
4119,0.8270173518676667,B0*Abs(s)**(1/8) ; i*r - i*sqrt(Abs(r)) + r,0.0174418722334209*Abs(s)**(1/8) ; i*r - i*sqrt(Abs(r)) + r
4120,0.8269872218758791,B1*Abs(B0 + s)**(1/8) ; B2*r + B3*r*sqrt(Abs(i)),0.0175743250925421*Abs(s - 0.00924111426632156)**(1/8) ; 0.000364881752759077*r*sqrt(Abs(i)) + 0.104641488740005*r
4121,0.826951994528152,B0*sqrt(Abs(s + Abs(i)**(1/8))) ; B1*Abs(r)**(5/4) - 2*i,0.0165764588015841*sqrt(Abs(s + Abs(i)**(1/8))) ; -2*i + 4.35552142000414*Abs(r)**(5/4)
4122,0.8267846015809819,B1*Abs(B0*i - i*s)**(1/4) ; B2*sqrt(Abs(i)) + r,0.00746135215441945*Abs(i*s - 0.0207135702187712*i)**(1/4) ; r + 0.939260258709434*sqrt(Abs(i))
4123,0.8267177915034396,B0*sqrt(Abs(i))*Abs(s)**(1/8) ; B1 + B2*sqrt(Abs(i))*sqrt(Abs(r)) + i,0.113163486083806*sqrt(Abs(i))*Abs(s)**(1/8) ; i - 0.443875294243023*sqrt(Abs(i))*sqrt(Abs(r)) + 0.0920924010123431
4124,0.826683760420238,B0*s**2 + B0*s + B1*s*sqrt(Abs(i)) ; -r + sqrt(Abs(B2 + r)),-0.0659152579850531*s**2 + 0.0176214781400864*s*sqrt(Abs(i)) - 0.0659152579850531*s ; -r + sqrt(Abs(r + 9918.83896408004))
4125,0.8266488622262044,B0*i + i**2 + i*s ; i,i**2 + i*s + 0.218143969901443*i ; i
4126,0.8265683993028563,B1*Abs(B0 + sqrt(Abs(s)))**(1/4) ; B2 + B3*i + B3*sqrt(Abs(i + r)),0.0234100903633804*Abs(sqrt(Abs(s)) - 0.327543374020135)**(1/4) ; 35.4622766213984*i + 35.4622766213984*sqrt(Abs(i + r)) + 0.00734392905802241
4127,0.8265487340134455,B1*sqrt(Abs(B0 + 2*i - s)) + i ; i,i - 0.000521026181033869*sqrt(Abs(2*i - s + 0.851574269120175)) ; i
4128,0.8264946287682914,B1*Abs(B0 + sqrt(Abs(s)))**(1/4) ; B2 + B3*r - i + Abs(r)**(3/2),0.0230369576222782*Abs(sqrt(Abs(s)) - 0.306263772402274)**(1/4) ; -i + 40.6170083980796*r + Abs(r)**(3/2) + 0.00817105679852972
4129,0.8264832587680517,B0 + B1*i*s + B1*s**2 ; i,0.0382586557574528*i*s + 0.0382586557574528*s**2 + 0.00540553265063623 ; i
4130,0.826426158045684,i**2*s**2 - i*s**3 ; B0 + B1*sqrt(Abs(r)) - r,i**2*s**2 - i*s**3 ; -r + 1.18897534932928*sqrt(Abs(r)) - 0.251558223360375
4131,0.8264260337384111,B0*i**2 ; B1 + sqrt(Abs(B2 + r)),0.0848088852262245*i**2 ; sqrt(Abs(r + 0.0321141360512885)) - 0.195106193348539
4132,0.8264137902780099,Abs(i)**(3/2) ; B0 + B1*sqrt(Abs(i)) - r,Abs(i)**(3/2) ; -r - 0.257306085327735*sqrt(Abs(i)) + 0.292503847935255
4133,0.8263831536680892,B0*Abs(i)**(1/4)*Abs(s)**(1/4) ; i + sqrt(Abs(B1 + B2*i + i*r)),0.0219092772846041*Abs(i)**(1/4)*Abs(s)**(1/4) ; i + sqrt(Abs(-i*r + 4.49141620178559*i + 1.68683942030165))
4134,0.8263492164514872,B1*sqrt(Abs(B0*i*s + i**2*s)) ; i**3,0.0583204362390096*sqrt(Abs(i**2*s + 1.53341836257308*i*s)) ; i**3
4135,0.8262665287909486,B0 + B1*i + B1*sqrt(Abs(s)) ; B2*r - i*r + r*sqrt(Abs(i + r)),-0.0682657644501705*i - 0.0682657644501705*sqrt(Abs(s)) + 0.128710433779595 ; -i*r + r*sqrt(Abs(i + r)) + 1.66130695599046*r
4136,0.8261756239941189,B0*i + B1*i**2 + i*s ; B2 + B3*i,1.86658437978315*i**2 + i*s + 0.196560398607784*i ; 3.12830961358458*i - 0.0800383208510286
4137,0.8261695642917717,B0 + i*s - i ; B1*i*r,i*s - i + 0.0196998978627221 ; 0.000322691610713016*i*r
4138,0.8261695162556997,B0 + i*s + s ; 2*r,i*s + s - 0.980239105903525 ; 2*r
4139,0.8260867155949745,B0*i*sqrt(Abs(s)) ; B1*r*sqrt(Abs(i)),0.0303131753567923*i*sqrt(Abs(s)) ; 0.253857573346541*r*sqrt(Abs(i))
4140,0.8260866734793785,B0*i*sqrt(Abs(s)) ; r,0.0303863489106351*i*sqrt(Abs(s)) ; r
4141,0.8260866661002431,B0*i*sqrt(Abs(s)) ; sqrt(Abs(i))*sqrt(Abs(r)),0.0303909387722586*i*sqrt(Abs(s)) ; sqrt(Abs(i))*sqrt(Abs(r))
4142,0.8260517967309025,B0*i + s ; B1 + 2*r,-0.00990467210756124*i + s ; 2*r - 240.349256980776
4143,0.8260479442538309,B0*i + s ; B1 + r,0.00990669599216996*i + s ; r + 239.984185116604
4144,0.8260479317845041,B0*i + s ; B1 + sqrt(Abs(r)),0.0099041568371642*i + s ; sqrt(Abs(r)) + 206.770966067882
4145,0.8259296135262321,B0*s*Abs(i)**(3/2) ; -2*r,0.853971866027923*s*Abs(i)**(3/2) ; -2*r
4146,0.8259294622291901,B0*s*Abs(i)**(3/2) ; r,0.850682827354887*s*Abs(i)**(3/2) ; r
4147,0.8259034328087853,B0*i ; B1*i*sqrt(Abs(r)),0.0280495522272114*i ; 20.4660994376375*i*sqrt(Abs(r))
4148,0.8259034327218133,B0*i ; B1*r*sqrt(Abs(i)),0.0280503736439376*i ; 0.271251947212691*r*sqrt(Abs(i))
4149,0.8259032251355979,B0*i ; i*r + sqrt(Abs(r)),0.0281589857708247*i ; i*r + sqrt(Abs(r))
4150,0.8259032089495792,B0*i ; r**2*sqrt(Abs(i)),0.0281632579362497*i ; r**2*sqrt(Abs(i))
4151,0.8258548140726821,Abs(i)**(3/2)*sqrt(Abs(s)) ; B0 + i + r - sqrt(Abs(r)),Abs(i)**(3/2)*sqrt(Abs(s)) ; i + r - sqrt(Abs(r)) + 0.27593137293307
4152,0.8257834501562643,B0*s + s**2 + sqrt(2)*s*sqrt(Abs(i)) ; r*sqrt(Abs(i)),s**2 + sqrt(2)*s*sqrt(Abs(i)) - 1.32277002697502*s ; r*sqrt(Abs(i))
4153,0.8257515778067679,B0*s**3 ; B1*i + B2*Abs(i)**(5/2),0.044396949752843*s**3 ; 0.0412187279921346*i + 0.0262216896163598*Abs(i)**(5/2)
4154,0.8256113413636509,B0*sqrt(Abs(i)) ; -i + sqrt(Abs(i + r + sqrt(Abs(r)))),0.0013058566174517*sqrt(Abs(i)) ; -i + sqrt(Abs(i + r + sqrt(Abs(r))))
4155,0.8255578807297577,B0*i + B1*i**2 + B1*s ; B2*Abs(i)**(1/4)*sqrt(Abs(r)),0.0456729205728138*i**2 - 0.0413266267717349*i + 0.0456729205728138*s ; 0.00464071907866959*Abs(i)**(1/4)*sqrt(Abs(r))
4156,0.8255480611013956,B0*sqrt(Abs(i)) ; i + Abs(i)**(1/4)*sqrt(Abs(r)),0.00845702680340288*sqrt(Abs(i)) ; i + Abs(i)**(1/4)*sqrt(Abs(r))
4157,0.8254202787578786,sqrt(Abs(B0*sqrt(Abs(i + s)) + B1)) ; B2*i**2 + B3*Abs(i)**(5/2),sqrt(Abs(0.00145382338809796*sqrt(Abs(i + s)) - 0.000447757354012527)) ; 82.8191334092953*i**2 + 12.8942740760883*Abs(i)**(5/2)
4158,0.8254029442712281,B0*sqrt(Abs(s)) + s ; i + sqrt(Abs(i)),s - 0.955894510168598*sqrt(Abs(s)) ; i + sqrt(Abs(i))
4159,0.8254029442700583,B0*sqrt(Abs(s)) + s ; sqrt(Abs(i + r)),s - 0.955894899387523*sqrt(Abs(s)) ; sqrt(Abs(i + r))
4160,0.8253451151065077,Abs(i)**(3/4) ; B0 + B1*i*r + B1*r,Abs(i)**(3/4) ; -0.0200932856073407*i*r - 0.0200932856073407*r + 0.0553747456802314
4161,0.8253220356956757,B0*i**2*Abs(s)**(1/4) ; B1 + B2*r + r**2,0.00149920940211934*i**2*Abs(s)**(1/4) ; r**2 + 2.84941434181925*r - 1.77005954724916
4162,0.825297741213646,s*sqrt(Abs(i)) ; B0*i + i**2,s*sqrt(Abs(i)) ; i**2 + 6.52216785919239*i
4163,0.8252829436903478,B0 + sqrt(Abs(s)) ; sqrt(Abs(-B1 + i + r)),sqrt(Abs(s)) - 0.957616429847149 ; sqrt(Abs(i + r - 0.0561899090854186))
4164,0.8252829435673451,B0 + sqrt(Abs(s)) ; sqrt(Abs(B1 + i - r)),sqrt(Abs(s)) - 0.957612061499473 ; sqrt(Abs(i - r + 0.0082005891250849))
4165,0.8252829424729577,B0 + sqrt(Abs(s)) ; sqrt(Abs(B1*i + r)),sqrt(Abs(s)) - 0.957596483526019 ; sqrt(Abs(0.0114649893670084*i + r))
4166,0.8252829347180545,B0 + sqrt(Abs(s)) ; sqrt(Abs(B1 - 2*r)),sqrt(Abs(s)) - 0.957686273274991 ; sqrt(Abs(2*r - 0.0018236511165812))
4167,0.825171747597839,Abs(i)**(5/4)*Abs(s)**(1/8) ; B0 + B1*i**2 + B1*i,Abs(i)**(5/4)*Abs(s)**(1/8) ; 1.76080100360578*i**2 + 1.76080100360578*i + 0.0809599379634284
4168,0.8250445546370563,B0*Abs(i)**(5/4) ; r,0.0508527858757233*Abs(i)**(5/4) ; r
4169,0.8250445517751424,B0*Abs(i)**(5/4) ; 2*r,0.0508512511326233*Abs(i)**(5/4) ; 2*r
4170,0.8248919628230329,B0 + B2*sqrt(Abs(B1 + 2*i)) ; B3 + i*r + 2*r,0.0227717634569354 - 0.00166800446011638*sqrt(Abs(2*i + 8.29720974402751)) ; i*r + 2*r + 1.54991727758836
4171,0.8248744346384115,B0*i ; r + sqrt(Abs(i + r - sqrt(Abs(i)))),-0.000129118805454193*i ; r + sqrt(Abs(i + r - sqrt(Abs(i))))
4172,0.824800018039946,B0*i**4 - i*s ; B1*i + B2*i**2,-0.0368636587395946*i**4 - i*s ; -0.142805269965228*i**2 + 1.91585010544221*i
4173,0.8247238958185037,B0*s**2 ; r*sqrt(Abs(B1*i**2*r + r)),0.045356491393798*s**2 ; r*sqrt(Abs(15.0031133016894*i**2*r + r))
4174,0.8247238956672464,B0*s**2 ; -i*r + i*sqrt(Abs(B1 + i - r)),0.0453589231879426*s**2 ; -i*r + i*sqrt(Abs(i - r + 14.7152026993417))
4175,0.8247238609452779,B0*s**2 ; r*sqrt(Abs(i))*Abs(i + r)**(1/8),0.0454115014522546*s**2 ; r*sqrt(Abs(i))*Abs(i + r)**(1/8)
4176,0.8247177382432598,B0 + sqrt(Abs(B1*s**2 + i)) ; i,sqrt(Abs(i - 0.0208381677041098*s**2)) - 0.21159260550445 ; i
4177,0.8247095574468782,i**2 - i*s + i*sqrt(Abs(s)) ; i + sqrt(Abs(r - sqrt(Abs(B0*r + r**2)))),i**2 - i*s + i*sqrt(Abs(s)) ; i + sqrt(Abs(r - sqrt(Abs(r**2 + 0.149091587256333*r))))
4178,0.8246771746856579,B0*s + B1*i*s + B2*i*s**2 ; sqrt(Abs(B3 + B4*r + i)),-0.00686998898585872*i*s**2 - 0.00115947144166789*i*s - 0.00188245806256829*s ; sqrt(Abs(i - 0.210681068054263*r + 4.66068799643428))
4179,0.824652945785954,B0*i*sqrt(Abs(s)) - i**2*sqrt(Abs(s)) ; i,-i**2*sqrt(Abs(s)) + 1.22177661269872*i*sqrt(Abs(s)) ; i
4180,0.8244810038818904,B0*i*s + B0*s**2 + B1*s*sqrt(Abs(i)) ; B2*i + B3*r,-0.00518605665454615*i*s - 0.00518605665454615*s**2 + 0.0607104156067849*s*sqrt(Abs(i)) ; -0.83058734313583*i - 0.592560609997076*r
4181,0.8244737151396763,sqrt(Abs(B0*i + B1*i**2)) ; B2*r + B3*r*sqrt(Abs(i)),sqrt(Abs(0.00204767742028749*i**2 - 0.00160477556356929*i)) ; 0.00281912865852075*r*sqrt(Abs(i)) + 0.010026001140537*r
4182,0.8243907085104399,B1*sqrt(Abs(B0 + 2*i - s)) ; -r**2,0.0138994263008224*sqrt(Abs(-2*i + s + 0.0681080734898369)) ; -r**2
4183,0.8243895271270795,-i*s + s*Abs(i)**(3/2) ; B0*Abs(i)**(3/2),-i*s + s*Abs(i)**(3/2) ; 11.1454928909559*Abs(i)**(3/2)
4184,0.8243702579125178,B0*i**2*s + B1*i**2*s**2 ; B2 + B3*r,0.354047165058328*i**2*s**2 + 0.109856264585718*i**2*s ; -1.33705902605299*r - 0.226243970284638
4185,0.8242217996494657,B0*s + B1*s**2 + B2*i*s**2 ; sqrt(Abs(B3 + B4*i)),-0.0573744237431123*i*s**2 - 0.155115806047553*s**2 + 0.163608784501184*s ; sqrt(Abs(0.142862960382699*i + 0.0102066942033167))
4186,0.8241958613496138,B1*sqrt(Abs(-B0*s + i*s + s**2)) ; B2 + i - r,0.0495801066838015*sqrt(Abs(i*s + s**2 - 1.00170562740178*s)) ; i - r - 1.67825146857282
4187,0.8240937808885711,B0*s**2 + B1*i*s ; B2*i + i**3*r + i**2*r,0.240430808483804*i*s + 0.00588126554320777*s**2 ; i**3*r + i**2*r + 1.25129679556958e-5*i
4188,0.8240815464692918,B0*sqrt(Abs(i**2 + 2*i)) ; B1 + i,0.114491710803934*sqrt(Abs(i**2 + 2*i)) ; i + 0.0071618128011862
4189,0.82404612751368,B0*i**2 ; B1*r*sqrt(Abs(i)),0.467316919654527*i**2 ; 0.00048123881130442*r*sqrt(Abs(i))
4190,0.824046123027886,B0*i**2 ; i**2*sqrt(Abs(r)),0.4678324171306*i**2 ; i**2*sqrt(Abs(r))
4191,0.8240100051016856,B0*s + B1*s**2 + B2*s**3 ; sqrt(Abs(B3*r + B4)),-0.0168470974678739*s**3 - 0.216817084778734*s**2 + 0.239042700358515*s ; sqrt(Abs(3.74154520148933*r + 0.000503624060514026))
4192,0.8240100046536043,B0*s + B1*s**2 + B2*s**3 ; sqrt(Abs(B3 + B4*r)),-0.0167293607629696*s**3 - 0.216963591479806*s**2 + 0.239077251884017*s ; sqrt(Abs(0.00858053435043915*r + 0.120033684191559))
4193,0.8240100039453468,B0*s + B1*s**2 + B2*s**3 ; sqrt(Abs(i*r**2 - i)),-0.0170372419420976*s**3 - 0.216524097403411*s**2 + 0.238933281968639*s ; sqrt(Abs(i*r**2 - i))
4194,0.8240099966026297,B0*s + B1*s**2 + B2*s**3 ; sqrt(Abs(B3*r**2 + B4*r)),-0.0175010741948311*s**3 - 0.215849171424364*s**2 + 0.238703636311193*s ; sqrt(Abs(14.7941816645567*r**2 + 0.088546143773732*r))
4195,0.8238518229961949,B0*sqrt(Abs(s - sqrt(Abs(s)))) ; Abs(i)**(1/4),0.0211421088441419*sqrt(Abs(s - sqrt(Abs(s)))) ; Abs(i)**(1/4)
4196,0.8238352470867712,B1*sqrt(Abs(B0 + sqrt(Abs(i))*sqrt(Abs(s)))) ; 2*r,0.0309059158186404*sqrt(Abs(sqrt(Abs(i))*sqrt(Abs(s)) - 0.101584373219452)) ; 2*r
4197,0.8238066915135523,B0*i + B1*i*s + B2*s*Abs(i)**(3/2) ; r,0.36547768679426*i*s + 0.00211783892199667*i - 0.163207424780504*s*Abs(i)**(3/2) ; r
4198,0.8237750840421096,B0*i*s**2 + B1*i*s**3 ; B2 - r,-0.655035259950291*i*s**3 + 0.73419497037901*i*s**2 ; -r - 0.122258776284408
4199,0.8237612249026195,B1*sqrt(Abs(B0*s + 2*i*s)) ; B2 - i + r,0.00259451934921594*sqrt(Abs(2*i*s + 16.5475212983222*s)) ; -i + r + 1.21973357194513
4200,0.8237525529088084,B1*sqrt(Abs(B0*i*s - i)) ; Abs(i)**(1/4),0.000495034373389254*sqrt(Abs(75.500735366394*i*s + i)) ; Abs(i)**(1/4)
4201,0.8237461994654179,B0*i + B1*i**2 + B2*i**3 ; sqrt(Abs(B3*r - r**2)),0.150065406927927*i**3 - 0.475775853036191*i**2 + 0.328523026282875*i ; sqrt(Abs(r**2 - 1.74837024227317*r))
4202,0.8237461967333469,B0*i + B1*i*s + B2*i**2*s ; B3*r + B4*r**2 + i*r,-0.149911022947101*i**2*s + 0.325704036711997*i*s + 0.0027869550856649*i ; i*r + 0.000264641829381507*r**2 + 0.000207393201844483*r
4203,0.8237140822260364,B1*sqrt(Abs(B0*s + i*s - s**2)) ; B2 - i + r + sqrt(Abs(r)),0.00353964548270308*sqrt(Abs(i*s - s**2 + 1.40042519754683*s)) ; -i + r + sqrt(Abs(r)) + 0.461018256794021
4204,0.8236312448777204,B0*i + B1*i**2*s - i**2 ; i*r,1.47761205510954*i**2*s - i**2 + 0.19404610344091*i ; i*r
4205,0.8235707877288497,B0*i + B1*i*s + B2*i*s**2 ; i + sqrt(Abs(i*r + Abs(r)**(3/2))),0.189308865406539*i*s**2 - 0.312446720911163*i*s + 0.00557454221605713*i ; i + sqrt(Abs(i*r + Abs(r)**(3/2)))
4206,0.8234255111114327,B1*sqrt(Abs(B0*i*s + i**2*s)) ; B2 + sqrt(Abs(B3 + r + sqrt(Abs(r)))),0.000425134082033289*sqrt(Abs(i**2*s + 28.8173051307783*i*s)) ; sqrt(Abs(r + sqrt(Abs(r)) + 5.49505686012485)) + 19.8995429209477
4207,0.8234005804324488,s*Abs(i)**(5/4) ; i,s*Abs(i)**(5/4) ; i
4208,0.8233890851144982,B0*s + B1*i*s + i**2*s ; r,i**2*s - 0.398101158029806*i*s + 0.0773825868028093*s ; r
4209,0.8233890211562148,B0*s + B1*s**2 - i*s**2 ; B2*sqrt(Abs(r)),-i*s**2 - 0.601517581362305*s**2 + 0.679003239997355*s ; 0.109538404463609*sqrt(Abs(r))
4210,0.8233534855191571,B0*Abs(i)**(1/4) ; r*sqrt(Abs(i*r + r)),0.0128092446325337*Abs(i)**(1/4) ; r*sqrt(Abs(i*r + r))
4211,0.823353485342193,B0*Abs(i)**(1/4) ; sqrt(Abs(B1*r + i*r)),0.0128081351595235*Abs(i)**(1/4) ; sqrt(Abs(i*r + 0.000197699288165757*r))
4212,0.8233491359494363,i**2*s + i*s**2 ; B0 + i,i**2*s + i*s**2 ; i - 0.0152508291581058
4213,0.8233129981022496,B0*s + B1*i*s + B2*i*s**2 ; sqrt(Abs(B3*i**2 - r)),0.00949792884370049*i*s**2 - 0.0110776650706618*i*s + 0.0186277867346562*s ; sqrt(Abs(0.0526795232875165*i**2 - r))
4214,0.8232857307930783,i*s ; B0*i + B1*i**2 + i*r,i*s ; 61.983836403752*i**2 + i*r - 2.44280014202863*i
4215,0.8232596013662673,B2*sqrt(Abs(B0*i + B0*s + B1)) ; B3 + r,0.00140120403880722*sqrt(Abs(1.03954292623797*i + 1.03954292623797*s - 192.923008941462)) ; r - 8.46410968824964e-7
4216,0.8232325936743442,B0*sqrt(Abs(i)) ; 2*r**2,0.0135351598901464*sqrt(Abs(i)) ; 2*r**2
4217,0.8232037053636891,B0*i*s**2 + B1*i**2*s**2 ; B2 + B3*r - r*sqrt(Abs(i)),13.8045414747836*i**2*s**2 - 2.22942811345636*i*s**2 ; -r*sqrt(Abs(i)) + 0.381981718199019*r + 0.00743473190321515
4218,0.8232003119360769,i**2*s + i**2 + i*s ; B0 + 2*i,i**2*s + i**2 + i*s ; 2*i - 0.0491581023878593
4219,0.8231540718660383,B0 + B1*i + B2*s + i*s + s**2 ; i,i*s - 1.4934599640762*i + s**2 + 0.0093275178809169*s + 0.00260405896752492 ; i
4220,0.8231201128179231,B0*i*s + B0*i + B1*Abs(s)**(3/2) ; sqrt(Abs(B2 + i + r)),-0.000432028865397249*i*s - 0.000432028865397249*i - 0.0165135474503552*Abs(s)**(3/2) ; sqrt(Abs(i + r + 251.003758970504))
4221,0.8230923425091567,B0*i*s**2 + B1*i*s**3 ; r,-0.429376597430877*i*s**3 + 0.714684502556848*i*s**2 ; r
4222,0.823057654636392,Abs(i)**(9/4) ; i,Abs(i)**(9/4) ; i
4223,0.8230416199141316,B0*s + B0*sqrt(Abs(i - s)) ; sqrt(Abs(-i + r + sqrt(Abs(r)))),0.00126300081114087*s + 0.00126300081114087*sqrt(Abs(i - s)) ; sqrt(Abs(-i + r + sqrt(Abs(r))))
4224,0.8229604894721569,B0*i + B1*i*s + s ; r,0.310667909667326*i*s - 1.74018186318924*i + s ; r
4225,0.8229075079728844,i*sqrt(Abs(B0*s**2 + s**3)) ; B2*sqrt(Abs(B1*r + i)),i*sqrt(Abs(s**3 - 0.591558587145716*s**2)) ; 0.0127084163203219*sqrt(Abs(i + 5.57684330237379*r))
4226,0.8227415359049095,B0 + B1*i + B2*i**2 + B3*i*s ; i,3.55726333884798*i**2 + 0.378266680978009*i*s + 0.643535950265495*i + 0.000560840759177945 ; i
4227,0.8227121646279671,B1*sqrt(Abs(B0 + 2*i - s)) ; B2*r**2,0.0137314087192321*sqrt(Abs(-2*i + s + 0.00362564241086035)) ; 93.1848192775984*r**2
4228,0.822604918304743,sqrt(Abs(B0*i**2*s + B0*s + B1*i*s)) ; B2*i**3 + B3*i**2*r,sqrt(Abs(0.000636151573581699*i**2*s - 0.0187688199187312*i*s + 0.000636151573581699*s)) ; 0.384670591265269*i**3 + 1.17142531250341*i**2*r
4229,0.8226017111747764,B0*sqrt(Abs(i)) ; sqrt(Abs(-2*i + r + sqrt(Abs(i)))),0.00125885087929918*sqrt(Abs(i)) ; sqrt(Abs(-2*i + r + sqrt(Abs(i))))
4230,0.8225919865113693,B0*i - s ; B1*i + i*r,-3.76616253711644*i - s ; i*r - 0.297961245580869*i
4231,0.8225886709508217,B0*i*s**2 + B1*i*s**3 ; -sqrt(Abs(i)),-0.00294827298252352*i*s**3 + 0.00644771623259755*i*s**2 ; -sqrt(Abs(i))
4232,0.8222244801781915,B0*s + B0*sqrt(Abs(i + s)) ; i**2 + r,0.00124425457634894*s + 0.00124425457634894*sqrt(Abs(i + s)) ; i**2 + r
4233,0.8222080591471717,B0 + B1*sqrt(Abs(i)) + B2*i ; i**2,-1.63552831584773*i + 0.839632903100251*sqrt(Abs(i)) - 0.0844918530393212 ; i**2
4234,0.8221730961474899,B0*i**2 + B1*i**2*s ; i,8.18937546222378*i**2*s + 42.1392976166327*i**2 ; i
4235,0.8220658483077284,B0*i + B1*i**2 + B1*i*s ; B2 + r,-0.000417553717907387*i**2 - 0.000417553717907387*i*s - 0.0418573140858187*i ; r + 285.465956534154
4236,0.8219218400193512,B0*Abs(i)**(3/8) ; B1*i + B2*i*r + 2*i**2,0.0181009932649607*Abs(i)**(3/8) ; 2*i**2 + 1.99882496803422*i*r - 0.86910452186614*i
4237,0.8218711478098103,B0*i*s ; B1*r**3 + B2*i*r**3,0.298497919213749*i*s ; 0.000525188172153532*i*r**3 + 0.000108455651933261*r**3
4238,0.8218711477633842,B0*i*s ; B1*i*r**2 + B2*i*r**3,0.298494768833566*i*s ; 0.00103743774690962*i*r**3 + 16.891630868456*i*r**2
4239,0.8217806106387493,B0*sqrt(Abs(i*s - i)) ; B1 + B2*r + B3*i*r,0.182656010555595*sqrt(Abs(i*s - i)) ; 4.3000955747186*i*r - 0.0963696753214506*r + 0.060969570505812
4240,0.8217337298568461,s**2 - s ; i*sqrt(Abs(r)) + r,s**2 - s ; i*sqrt(Abs(r)) + r
4241,0.8215292389670219,B0 + B1*sqrt(Abs(i)) ; -r*sqrt(Abs(i)) + r - Abs(i)**(3/2),0.0241949682829972 - 0.00123458579812607*sqrt(Abs(i)) ; -r*sqrt(Abs(i)) + r - Abs(i)**(3/2)
4242,0.8215233901507787,-i + s - sqrt(Abs(B0 + i)) ; r,-i + s - sqrt(Abs(i + 0.336701635537325)) ; r
4243,0.8215062615488732,B1*sqrt(Abs(B0*s + 2*s**2)) ; B2 + r,0.0262443810295558*sqrt(Abs(2*s**2 + 1.04742945229652*s)) ; r + 0.000181679469631075
4244,0.8214976847785035,sqrt(Abs(B0*sqrt(Abs(s)) + B1*i)) ; B2*i*r**2 + B2*r*Abs(i)**(3/2),sqrt(Abs(0.000396330547906676*i - 0.00136222128498749*sqrt(Abs(s)))) ; 0.000897103217674414*i*r**2 + 0.000897103217674414*r*Abs(i)**(3/2)
4245,0.8214710548550956,B0 + B1*i + s ; -i + r,0.00101985594630477*i + s - 0.970604907809468 ; -i + r
4246,0.8213841368253758,B0*i ; sqrt(Abs(B1*i - i*r)),-0.000101283740314992*i ; sqrt(Abs(i*r + 0.0036792060733776*i))
4247,0.8213724090685998,B0 + s*sqrt(Abs(B1 + 2*i)) ; i,s*sqrt(Abs(2*i + 9.11666967071681)) - 2.19659407126866 ; i
4248,0.8211377356055523,B0*s**2 + B1*i*s ; B2 + B3*i*r + i**2*r**2 + r,0.0761671807792352*i*s + 0.0142090551511566*s**2 ; i**2*r**2 + 0.39424183370773*i*r + r - 0.000146567544685596
4249,0.8210319441321293,B0*i*s + 2*i**2*s ; B1*i,2*i**2*s + 0.453967683662128*i*s ; 0.324935725453364*i
4250,0.8208038328355044,B0*i ; B1 + 3*i - sqrt(Abs(i)),-0.00618039457803335*i ; 3*i - sqrt(Abs(i)) + 11.9401398849967
4251,0.8207806815980596,B0 + B1*s ; B2*i + B3*i*sqrt(Abs(r)) - i**2,0.0406404462309862*s + 0.00982868666679688 ; -i**2 + 1.15575320980343*i*sqrt(Abs(r)) + 0.177740234674555*i
4252,0.8207743132938348,sqrt(Abs(B0 + B1*s)) ; B2*i**2*r + B2*r*Abs(i)**(3/2),sqrt(Abs(0.00123839509567131*s + 0.000228564303939302)) ; 0.0306658712476705*i**2*r + 0.0306658712476705*r*Abs(i)**(3/2)
4253,0.8207483365515322,sqrt(Abs(B0*s + B1*i)) ; B2*r**2 + B3*r**2*sqrt(Abs(i)),sqrt(Abs(0.000261228488411572*i + 0.0015234328037388*s)) ; 0.266247497785648*r**2*sqrt(Abs(i)) + 16.2081730021307*r**2
4254,0.8207370040881822,sqrt(Abs(B0 + B1*i)) ; B2*r**2 + B3*r**2*sqrt(Abs(i)),sqrt(Abs(0.00128737035927309*i - 0.00153280676345197)) ; 0.0137122918158297*r**2*sqrt(Abs(i)) + 8.52310315789613*r**2
4255,0.8206945759791151,i*s**2 ; B0 + B1*i + B2*r - i**2 + i*r,i*s**2 ; -i**2 + i*r + 1.74124844642187*i - 1.3188843738911*r + 0.0323996886093152
4256,0.8206840465694546,B0*i ; i**2 - Abs(i)**(3/2),0.00695382139058247*i ; i**2 - Abs(i)**(3/2)
4257,0.8206687997590548,sqrt(Abs(B0*sqrt(Abs(i)) + B1*s)) ; B2*r**2 + B3*r**2*sqrt(Abs(i)),sqrt(Abs(0.00143512973847212*s + 0.000294515642486034*sqrt(Abs(i)))) ; 0.0532000568001501*r**2*sqrt(Abs(i)) + 5.28622455689303*r**2
4258,0.8206659646498496,B0*i + B0*sqrt(Abs(i))*sqrt(Abs(s)) ; B1 - sqrt(Abs(i)),0.000130719857081026*i + 0.000130719857081026*sqrt(Abs(i))*sqrt(Abs(s)) ; -sqrt(Abs(i)) - 35.0363191403723
4259,0.8206235144433894,sqrt(Abs(B0*s + B1*sqrt(Abs(i)))) ; B2*i**2*r + B2*r*Abs(i)**(3/2),sqrt(Abs(0.00140398360160621*s + 0.000207880192302649*sqrt(Abs(i)))) ; 0.000135071965213978*i**2*r + 0.000135071965213978*r*Abs(i)**(3/2)
4260,0.8205295782476969,B0*i ; B1*i**4 + B1*i**2*r,0.250279038122026*i ; 6.33404184341104*i**4 + 6.33404184341104*i**2*r
4261,0.8202999294920214,B0*s + s*sqrt(Abs(i)) + Abs(s)**(3/2) ; B1*Abs(r)**(3/2),s*sqrt(Abs(i)) - 1.1694077612794*s + Abs(s)**(3/2) ; 0.000111909475093616*Abs(r)**(3/2)
4262,0.820256847829478,B0*Abs(i)**(1/4) ; B1*i + B3*sqrt(Abs(B2 + 2*r)),0.0572570557035994*Abs(i)**(1/4) ; 0.807400164426833*i + 0.0104225072045797*sqrt(Abs(2*r - 0.320581814292719))
4263,0.8202450454767893,i*s ; Abs(i)**(3/2),i*s ; Abs(i)**(3/2)
4264,0.8201883398904284,s*sqrt(Abs(B0 + s)) ; B1 + B2*r - i*r + r**2,s*sqrt(Abs(s - 7.23738127627638)) ; -i*r + r**2 + 0.436626422958243*r + 8.22828650011645
4265,0.8200841646088045,B0*s + B1*s**2*sqrt(Abs(i)) + B1*s**2 ; -Abs(r)**(1/8),-0.264259472473593*s**2*sqrt(Abs(i)) - 0.264259472473593*s**2 + 0.346421179770359*s ; -Abs(r)**(1/8)
4266,0.8200475852519737,i ; i*sqrt(Abs(B0 + r)) + i,i ; i*sqrt(Abs(r - 0.0837956644390229)) + i
4267,0.820005880046152,B0 + B1*sqrt(Abs(i - sqrt(Abs(s)))) ; B2 - 2*i + r + sqrt(Abs(r)),0.0219457332893123 - 0.000949380097427417*sqrt(Abs(i - sqrt(Abs(s)))) ; -2*i + r + sqrt(Abs(r)) - 0.0125406017655156
4268,0.8199683988100233,B0*sqrt(Abs(i)) ; B1*i - i**2 + i*r + Abs(i)**(5/2),0.0957604574009543*sqrt(Abs(i)) ; -i**2 + i*r + 0.110479871683449*i + Abs(i)**(5/2)
4269,0.8199420016814937,B0*sqrt(Abs(i**2 - i*s)) ; B1*r - r**2,0.0338160055134575*sqrt(Abs(i**2 - i*s)) ; -r**2 + 45.3595428169914*r
4270,0.8198149161830861,B1*sqrt(Abs(B0 + i - s)) ; i*r + 2*i - r**2,0.0139165109131234*sqrt(Abs(-i + s + 0.201201422760789)) ; i*r + 2*i - r**2
4271,0.8197846675679376,B0*Abs(i)**(1/4)*Abs(s)**(1/4) ; B1 + sqrt(Abs(B2*r - i + r**2)),0.007112398858797*Abs(i)**(1/4)*Abs(s)**(1/4) ; sqrt(Abs(i - r**2 + 132.843701343327*r)) - 15.5343690622454
4272,0.8197706660853827,i*sqrt(Abs(B0*s**2 + i*s**2)) ; i**3,i*sqrt(Abs(i*s**2 + 0.00651343933292112*s**2)) ; i**3
4273,0.8197598444970178,B0*i ; i + Abs(i)**(1/4)*sqrt(Abs(r)),-0.00581937788218575*i ; i + Abs(i)**(1/4)*sqrt(Abs(r))
4274,0.8196676118541119,B0*i - i*sqrt(Abs(i - s)) ; B1 + i**2,-i*sqrt(Abs(i - s)) - 0.0965592677272618*i ; i**2 + 0.0142187879698473
4275,0.8196528407199449,B0 + B1*i + B1*s ; B2*sqrt(Abs(i)) + B3*Abs(i)**(3/2),0.000960501606026164*i + 0.000960501606026164*s + 0.108862665031851 ; 83.1889769236367*Abs(i)**(3/2) + 2517.51380977188*sqrt(Abs(i))
4276,0.8196295164068357,B0*s + B1*i*s + B1*s**2 ; B2 + Abs(r)**(3/2),0.00045484840954055*i*s + 0.00045484840954055*s**2 + 0.0453189552723547*s ; Abs(r)**(3/2) + 0.000129041956842069
4277,0.8195925802414177,B0 + B2*sqrt(Abs(B1 + 2*i)) ; i,0.023973519182183*sqrt(Abs(2*i - 0.0248304991797948)) + 0.0120799227238914 ; i
4278,0.8195827689507071,B0*s**4 + B1*i*s**2 ; B2 + i,-1.74196596207177*i*s**2 - 0.319888367425112*s**4 ; i + 0.216602025488822
4279,0.8195713822428023,B0*i - i*sqrt(Abs(B1 - i)) ; B2 + B3*i + 2*r,-i*sqrt(Abs(i - 0.00283589746880154)) + 14.8828611826766*i ; 21.7625319129985*i + 2*r + 3.16448251936857
4280,0.819545546696459,B0 + B1*sqrt(Abs(i - s)) ; B2 - i + 2*r + sqrt(Abs(r)),0.0104749210370617*sqrt(Abs(i - s)) - 0.0914879989263563 ; -i + 2*r + sqrt(Abs(r)) + 223.070431739256
4281,0.8195347851207175,B1*sqrt(Abs(B0*i*s + B0*s**2)) ; -i**2*r + i*r*sqrt(Abs(B2 + i)),0.11535094027413*sqrt(Abs(0.0874025397749828*i*s + 0.0874025397749828*s**2)) ; -i**2*r + i*r*sqrt(Abs(i + 1.09065040203206))
4282,0.8194930393379487,B0*sqrt(Abs(s)) ; B1*r + B2*i*r + B2*r**2,0.0339697205315195*sqrt(Abs(s)) ; 0.259116573665807*i*r + 0.259116573665807*r**2 + 0.0429962644102486*r
4283,0.81949160764693,B0*sqrt(Abs(s)) ; B1 + B2*i + B3*sqrt(Abs(2*i - r)),0.0339697278865616*sqrt(Abs(s)) ; 0.793757584531208*i + 0.637061671939138*sqrt(Abs(2*i - r)) + 0.0230525749496172
4284,0.8193201714080929,B0 + B1*sqrt(Abs(i - s)) ; -3*i + r + sqrt(Abs(i)),0.0010007874677092*sqrt(Abs(i - s)) + 0.00331941933398958 ; -3*i + r + sqrt(Abs(i))
4285,0.8193189026623509,B0*sqrt(Abs(i**2 - i*s)) ; B1 - i + 2*r,0.000133389538707339*sqrt(Abs(i**2 - i*s)) ; -i + 2*r + 1.0883814650833
4286,0.8192841638901298,B0 + B2*sqrt(Abs(B1 - i)) ; B3 - 2*i + r + sqrt(Abs(i)),0.00107193161061048*sqrt(Abs(i + 4.58928774519455)) + 0.00283996460245328 ; -2*i + r + sqrt(Abs(i)) + 0.468332232700978
4287,0.8192625158025671,B0*sqrt(Abs(i*s**2 + s**3)) ; B1*i**2,0.0486844356587114*sqrt(Abs(i*s**2 + s**3)) ; -0.0201054351394376*i**2
4288,0.8192615039055744,B1*sqrt(Abs(B0 + i**2 - i)) ; B2 + r*sqrt(Abs(B3 + r)) + r,0.000134233939029648*sqrt(Abs(-i**2 + i + 25.7579351508717)) ; r*sqrt(Abs(r + 50.3879097784448)) + r - 0.011257055401617
4289,0.8192503028566146,B0*sqrt(Abs(i)) ; B1*i*sqrt(Abs(r)) - i**2,0.00133381490102364*sqrt(Abs(i)) ; -i**2 - 19.0278037639058*i*sqrt(Abs(r))
4290,0.8192451280410855,B0*i ; -i**3 - i + sqrt(Abs(i)),-0.000133376657218317*i ; -i**3 - i + sqrt(Abs(i))
4291,0.8192218966635336,B0*i ; sqrt(Abs(B1*i**2 + B2*i)),-0.000133260672425857*i ; sqrt(Abs(12.1518043754722*i**2 - 8.11601607052757*i))
4292,0.8192174477435905,B0*sqrt(Abs(i**2 + i - s)) ; B1 - 2*i + r,0.000133904560308361*sqrt(Abs(i**2 + i - s)) ; -2*i + r + 1.09934783985879
4293,0.8192132716653966,B0 + B1*i + s ; B2*i + 2*i*r,-1.39530814234027*i + s - 0.60236303205527 ; 2*i*r + 0.0142890229738268*i
4294,0.8192096469323839,B2*sqrt(Abs(B0 + B1*i + s)) ; B3 - i + 2*r,0.000177163478100959*sqrt(Abs(57.4027018061305*i + s + 96.6102358951622)) ; -i + 2*r + 1.04031334678965
4295,0.8191927368133183,B0 + B1*sqrt(Abs(i)) ; -i + Abs(i - sqrt(Abs(i)))**(1/8),0.018575501712794 - 0.000565549343575851*sqrt(Abs(i)) ; -i + Abs(i - sqrt(Abs(i)))**(1/8)
4296,0.8191924303276439,B0*sqrt(Abs(i + s**2 - s)) ; B1 - i + r,0.00132809945756425*sqrt(Abs(i + s**2 - s)) ; -i + r - 3.93870829810255
4297,0.819187344324773,B0*Abs(i)**(5/4) ; B1 + B3*Abs(B2 + sqrt(Abs(i)))**(1/4),4.2076500266503e-5*Abs(i)**(5/4) ; 51.8686151466679*Abs(sqrt(Abs(i)) - 4.72003085989574)**(1/4) - 10.9646396053008
4298,0.8191815755515982,B0*sqrt(Abs(-i + s + sqrt(Abs(i)))) ; B1*r*sqrt(Abs(i)) - i + r,0.00140492807110655*sqrt(Abs(-i + s + sqrt(Abs(i)))) ; -i + 6.41536547018731*r*sqrt(Abs(i)) + r
4299,0.8191808644450798,B1*sqrt(Abs(i))*Abs(B0 + i)**(1/4) ; B2 - i,0.000390879673563627*sqrt(Abs(i))*Abs(i - 32.8057996154111)**(1/4) ; 14.7678348159081 - i
4300,0.8191780745657198,B0*i ; sqrt(Abs(B1 + B2*r + r**2)),-0.000132985767739458*i ; sqrt(Abs(r**2 + 71.4556027251321*r - 23.0533857499153))
4301,0.8191647645646306,B0*i ; sqrt(Abs(B1 + B2*i + B3*r)),-0.000132893463030497*i ; sqrt(Abs(167.024533957419*i + 70.3364050858702*r + 56.8967005764052))
4302,0.8191645582172554,B0*sqrt(Abs(i)) ; sqrt(Abs(B1 + B2*r + B3*i)),0.00132779847464408*sqrt(Abs(i)) ; sqrt(Abs(49.767233834563*i + 1.90221850944208*r - 146.616114879636))
4303,0.8191645300104152,B1*sqrt(Abs(B0*i + i**2)) ; B2 + sqrt(Abs(r + sqrt(Abs(i)))),0.000118389005898945*sqrt(Abs(i**2 - 25.8915041517646*i)) ; sqrt(Abs(r + sqrt(Abs(i)))) + 34.0459155657388
4304,0.8191599132234878,B0*sqrt(Abs(i)) ; sqrt(Abs(B1 + sqrt(Abs(r + sqrt(Abs(i - r)))))),0.00132560423261513*sqrt(Abs(i)) ; sqrt(sqrt(Abs(r + sqrt(Abs(i - r)))) + 1554.54853337629)
4305,0.819157244284069,i**2 - i ; B0*i + B1*r,i**2 - i ; 1.77142102617958*i + 0.0568960912533983*r
4306,0.8191568102042442,B0*Abs(s)**(1/4) ; B1 + 2*i + sqrt(Abs(i*r + r)),0.0217940542154995*Abs(s)**(1/4) ; 2*i + sqrt(Abs(i*r + r)) + 0.430477381935853
4307,0.8191341158955439,B1*sqrt(Abs(B0 + i**2 + i)) ; B2 + i + sqrt(Abs(B3 + r)),0.000132819065667894*sqrt(Abs(i**2 + i + 34.932760626061)) ; i + sqrt(Abs(r + 50.5946847602707)) + 98.4483713444486
4308,0.8191249987803748,B0*s ; sqrt(Abs(B1 + B2*i + B3*r - i*r)),0.0474971421423133*s ; sqrt(Abs(-i*r + 0.00118886064464771*i + 0.000969082375487894*r + 0.571269482409245))
4309,0.819124998758119,B0*s ; B1*i**2*r**2 + B1*i*r,0.0474994110031336*s ; 0.218291929243149*i**2*r**2 + 0.218291929243149*i*r
4310,0.8191249986979567,B0*s ; r*sqrt(Abs(B1*i*r + i**2*r)),0.0474956146234773*s ; r*sqrt(Abs(i**2*r + 0.794381938507484*i*r))
4311,0.8191249969198293,B0*s ; r*sqrt(Abs(B1*r**2 + i*r**2)),0.0474874264608915*s ; r*sqrt(Abs(i*r**2 + 0.000142936457707233*r**2))
4312,0.8191249960671056,B0*s ; B1 + r + sqrt(Abs(i**3 + i**2)),0.0475107230697393*s ; r + sqrt(Abs(i**3 + i**2)) + 66.768261621538
4313,0.8191248958155075,B0*s ; i - r + sqrt(Abs(2*i*r - r)),0.0475763109401938*s ; i - r + sqrt(Abs(2*i*r - r))
4314,0.8191248925060252,B0*s + B1*i*s + B1*s**2 ; 2*r,0.0702435220710184*i*s + 0.0702435220710184*s**2 - 0.0228250606161658*s ; 2*r
4315,0.8191248545120589,B0*s + B1*i*s + B1*s**2 ; -Abs(r)**(1/8),0.0382725387475384*i*s + 0.0382725387475384*s**2 + 0.00931816458691068*s ; -Abs(r)**(1/8)
4316,0.819117796043378,Abs(i)**(3/2) ; B0 + B1*sqrt(Abs(i)) + B2*i,Abs(i)**(3/2) ; 2.3234153885071*i + 0.511532593141256*sqrt(Abs(i)) + 0.0222268995910238
4317,0.8190787080007756,B0 + B1*sqrt(Abs(i)) + B2*i ; B3 - i + r,1.97797769295346*i - 27.6002363425442*sqrt(Abs(i)) + 78.2177607889629 ; -i + r - 23.956657807258
4318,0.8190559668894082,B0*i + B0*s ; r*sqrt(Abs(B1 - i + r)) - r,0.0131248639962159*i + 0.0131248639962159*s ; r*sqrt(Abs(-i + r + 0.000485888269793437)) - r
4319,0.8190559668852622,B1*Abs(B0*i + B0*s)**(1/4) ; B2*i*r,0.12181552335039*Abs(0.000134759441886466*i + 0.000134759441886466*s)**(1/4) ; 81.5907734560124*i*r
4320,0.8190559667363975,sqrt(Abs(B0 - sqrt(Abs(B1*i + B1*s)))) ; B2*Abs(r)**(3/4),sqrt(Abs(sqrt(Abs(0.0692986566392417*i + 0.0692986566392417*s)) - 0.263418671038379)) ; 39.4862529842249*Abs(r)**(3/4)
4321,0.8190037425322445,B0*i + B0*s ; sqrt(Abs(B1 + B2*i + B3*r)),-0.000132708432740696*i - 0.000132708432740696*s ; sqrt(Abs(326.151492119831*i + 184.470510745295*r + 2200.03691624433))
4322,0.8189995028512396,i*sqrt(Abs(i*s - i + s)) ; i,i*sqrt(Abs(i*s - i + s)) ; i
4323,0.8189605395504338,B0*i + B0*s ; sqrt(Abs(B1*i + B2*r + B3)),-0.000132589431195489*i - 0.000132589431195489*s ; sqrt(Abs(14.8221637107223*i + 115.890884086987*r - 31.3894007467195))
4324,0.8189346534499157,B0*Abs(i)**(1/4)*Abs(s)**(1/8) ; B1 + sqrt(Abs(i - r + sqrt(Abs(i)))),0.00561145934771138*Abs(i)**(1/4)*Abs(s)**(1/8) ; sqrt(Abs(i - r + sqrt(Abs(i)))) + 34.7980514496586
4325,0.8189059113882209,B0*i**2 + B1*i**3 ; B2*r,-11.8289292624858*i**3 + 4.45884863565766*i**2 ; 16.3161733201207*r
4326,0.8189057964381422,B0*i**2 + B1*i**2*s ; B2*sqrt(Abs(r)),11.8342480431201*i**2*s - 7.37612430281275*i**2 ; 0.921072142791355*sqrt(Abs(r))
4327,0.8188756578818358,B0*sqrt(Abs(i))*sqrt(Abs(s)) ; i + r,0.00289482564086805*sqrt(Abs(i))*sqrt(Abs(s)) ; i + r
4328,0.8188561244844021,sqrt(Abs(B0*sqrt(Abs(s)) + B1*s)) ; i**3*r + Abs(i)**(7/2),sqrt(Abs(0.00154904705444604*s + 0.000588554371457763*sqrt(Abs(s)))) ; i**3*r + Abs(i)**(7/2)
4329,0.8188486725645694,i*sqrt(Abs(B0 - i)) ; B1 + B2*i + r,i*sqrt(Abs(i - 14.2049799550732)) ; 8.85449723401673*i + r - 0.0395639232581042
4330,0.8188409485490104,sqrt(Abs(B0*sqrt(Abs(s)) + B1*s)) ; i*r**3 + r**2*Abs(i)**(3/2),sqrt(Abs(0.00155838592652116*s + 0.000568831308924161*sqrt(Abs(s)))) ; i*r**3 + r**2*Abs(i)**(3/2)
4331,0.8188373343765212,B1*Abs(B0*i - s)**(1/8) ; sqrt(Abs(B2 + B3*r + B4*i)),0.0177586919089625*Abs(0.00395508796470024*i - s)**(1/8) ; sqrt(Abs(1.12194290054696*i + 0.85080507200574*r + 0.361127119209173))
4332,0.8188315837372325,s*Abs(i)**(9/16) ; B0 + B1*sqrt(Abs(i)),s*Abs(i)**(9/16) ; 0.143082504350615 - 0.259894554726243*sqrt(Abs(i))
4333,0.8188226455401297,sqrt(Abs(B0*sqrt(Abs(s)) + B1*s)) ; i**2*r**2 + r*Abs(i)**(5/2),sqrt(Abs(0.0015837554157163*s + 0.000599259851538605*sqrt(Abs(s)))) ; i**2*r**2 + r*Abs(i)**(5/2)
4334,0.8188080400778508,sqrt(Abs(B0*sqrt(Abs(s)) + B1*s)) ; B2*r**3 + B2*r**2*sqrt(Abs(i)),sqrt(Abs(0.001589106285151*s + 0.000606365843471495*sqrt(Abs(s)))) ; 60.2808775169276*r**3 + 60.2808775169276*r**2*sqrt(Abs(i))
4335,0.8187994667636431,B0*i + B0*s + B0*sqrt(Abs(s)) ; B1 + sqrt(Abs(B2 + r)),-0.000132582448678972*i - 0.000132582448678972*s - 0.000132582448678972*sqrt(Abs(s)) ; sqrt(Abs(r + 37.4417543875033)) + 34.3333257602104
4336,0.8187931633208291,B0 + B1*sqrt(Abs(s)) ; B2 + sqrt(Abs(i**3 - i**2*sqrt(Abs(r)))),0.0484862095427433*sqrt(Abs(s)) - 0.000411980708734871 ; sqrt(Abs(i**3 - i**2*sqrt(Abs(r)))) + 0.00715643256041793
4337,0.8187920961328666,B0 + B1*sqrt(Abs(s)) ; B2*i - 3*i**2,0.0486916176632137*sqrt(Abs(s)) - 0.00037288545257938 ; -3*i**2 + 0.00241826051593537*i
4338,0.8187707759040813,i*sqrt(Abs(B0*i + Abs(i)**(3/2))) ; B1 + i,i*sqrt(Abs(0.221334664080176*i + Abs(i)**(3/2))) ; i - 0.0577159756085549
4339,0.8186979396809236,B0*i + i**2 ; i + sqrt(Abs(r - sqrt(Abs(B1 + i)))),i**2 + 0.683238057116819*i ; i + sqrt(Abs(r - sqrt(Abs(i - 1.47022158582041))))
4340,0.8184059208292073,sqrt(Abs(B0*i**2 + B0*s + B1*i)) ; B2*i*r**2 + B2*r*Abs(i)**(3/2),sqrt(Abs(0.00298736263920682*i**2 - 0.00299545161670058*i + 0.00298736263920682*s)) ; 2.58564291208042*i*r**2 + 2.58564291208042*r*Abs(i)**(3/2)
4341,0.8183403634707669,-i**2*sqrt(Abs(s)) + i*Abs(s)**(3/2) ; B0*i,-i**2*sqrt(Abs(s)) + i*Abs(s)**(3/2) ; 0.550860913924811*i
4342,0.8182428835802241,B0*Abs(s - sqrt(Abs(i))*sqrt(Abs(s)))**(1/4) ; B1 + sqrt(Abs(B2 + 2*i - r)),0.00965606322868412*Abs(s - sqrt(Abs(i))*sqrt(Abs(s)))**(1/4) ; sqrt(Abs(-2*i + r + 7.8056492742937)) + 25.4519591822333
4343,0.8181556643097436,B0*s + s*sqrt(Abs(i)) ; B1*i,s*sqrt(Abs(i)) - 0.122414027215802*s ; 0.92473868376408*i
4344,0.818060772703393,B0 - s + Abs(s)**(3/2) ; B1 - 2*r,-s + Abs(s)**(3/2) + 0.0541464560117051 ; 0.011343204872008 - 2*r
4345,0.8180194544531513,B0*i ; i + r + Abs(r)**(1/4),-5.55581523849001e-5*i ; i + r + Abs(r)**(1/4)
4346,0.8179670646123015,B0*sqrt(Abs(i**2 + i + s)) ; -i*r + sqrt(Abs(i)),0.0001318689946888*sqrt(Abs(i**2 + i + s)) ; -i*r + sqrt(Abs(i))
4347,0.8179454576281434,sqrt(Abs(B0*sqrt(Abs(s)) + B1)) ; B2*i**2*r + B2*r*Abs(i)**(3/2),sqrt(Abs(0.00141150869097689*sqrt(Abs(s)) - 0.000402027873504103)) ; 8.6263270169859*i**2*r + 8.6263270169859*r*Abs(i)**(3/2)
4348,0.8179411658249102,sqrt(Abs(B0*sqrt(Abs(s)) + B1)) ; B2*i*r**2 + B2*r*Abs(i)**(3/2),sqrt(Abs(0.00141205060877353*sqrt(Abs(s)) - 0.00042170381330686)) ; 0.00164269745591374*i*r**2 + 0.00164269745591374*r*Abs(i)**(3/2)
4349,0.8179279214843936,B0*sqrt(Abs(i)) + B0*sqrt(Abs(s)) ; Abs(i)**(1/4),0.000916891258569702*sqrt(Abs(i)) + 0.000916891258569702*sqrt(Abs(s)) ; Abs(i)**(1/4)
4350,0.8177463234685599,i**2*s**3 - i*s ; B0*i,i**2*s**3 - i*s ; 1.86957657588661*i
4351,0.8177354425610684,B0*i**2 + B0*i*s ; B1 + r,1.05154422043865e-6*i**2 + 1.05154422043865e-6*i*s ; r + 208.48970525625
4352,0.8177300350693877,B0*i*Abs(s)**(1/4) ; 2*sqrt(2)*Abs(r)**(3/2),0.0290225139462507*i*Abs(s)**(1/4) ; 2*sqrt(2)*Abs(r)**(3/2)
4353,0.8177300349737945,B0*i*Abs(s)**(1/4) ; i*r,0.0290224797000425*i*Abs(s)**(1/4) ; i*r
4354,0.8177300337672181,B0*i*Abs(s)**(1/4) ; i**2*r,0.0290220484793627*i*Abs(s)**(1/4) ; i**2*r
4355,0.8176972368208493,i*Abs(B0*i + i**2)**(1/4) ; B1*i,i*Abs(i**2 + 3.59686539715969*i)**(1/4) ; 0.518962327521601*i
4356,0.8176901240669748,B0*i**2 ; B1*i + i*r + r,0.0125621642795075*i**2 ; i*r + 0.0705865931677174*i + r
4357,0.8176443985742834,B0*i ; B1*r + Abs(r)**(1/4),0.0280452442972865*i ; 0.000359935480427541*r + Abs(r)**(1/4)
4358,0.8176443985275605,B0*i ; B1*sqrt(Abs(i))*sqrt(Abs(r)),0.0280489826806538*i ; 0.0018865006008776*sqrt(Abs(i))*sqrt(Abs(r))
4359,0.8176443982945043,B0*i ; B1*i*r**2,0.0280423138507948*i ; 14.0981665574488*i*r**2
4360,0.8176443917255074,B0*i ; i**3*r,0.0280260945297751*i ; i**3*r
4361,0.8176443460085591,B0*i ; sqrt(Abs(i*sqrt(Abs(r)) - r)),0.0279896197733205*i ; sqrt(Abs(i*sqrt(Abs(r)) - r))
4362,0.8176442093172627,B0*i ; 2*r**2,0.0281544265361256*i ; 2*r**2
4363,0.8176442054730756,B0*i ; i**2*r + r,0.0281555104065754*i ; i**2*r + r
4364,0.8176442019726614,B0*i ; 2*i*r,0.0281564879328197*i ; 2*i*r
4365,0.8176441986002628,B0*i ; -i*r + r**2,0.0281574214498171*i ; -i*r + r**2
4366,0.817644192913297,B0*i ; Abs(i)**(1/4)*Abs(r)**(1/4),0.027933571489492*i ; Abs(i)**(1/4)*Abs(r)**(1/4)
4367,0.8176441433138496,B0*i ; i*r + r**2,0.0281717241084855*i ; i*r + r**2
4368,0.8175125890927687,B0 + B1*s + i ; B2 - i**2 - i,i + 3.3055765554956*s - 1.61954665199591 ; -i**2 - i + 0.807505824694433
4369,0.8174664354161074,i**2 ; B0*i + i*r,i**2 ; i*r + 2.69278729682875*i
4370,0.8174211645136269,B0*Abs(s)**(9/8) ; r*sqrt(Abs(2*i*r - r**2)),0.0472440545680169*Abs(s)**(9/8) ; r*sqrt(Abs(2*i*r - r**2))
4371,0.8173615729502476,-i**2*s + i*s**2 ; B0*i**2 + 2*i,-i**2*s + i*s**2 ; -54.5743730283912*i**2 + 2*i
4372,0.8173311655935234,i*s**2 ; B0 + i*sqrt(Abs(i*r - i)),i*s**2 ; i*sqrt(Abs(i*r - i)) + 0.00143576546561564
4373,0.8172815543728513,B0 + i**2 ; B1 + B2*i*r + B2*r,i**2 + 0.00964004645190053 ; 0.00672272098612578*i*r + 0.00672272098612578*r + 0.00899190954926466
4374,0.8172807269078505,B0*s + Abs(s)**(3/2) ; B1*i,-0.953944905020428*s + Abs(s)**(3/2) ; 0.000572577171009185*i
4375,0.817133500074095,i**3 + i*s ; i,i**3 + i*s ; i
4376,0.8170524245364764,B0*Abs(s)**(3/2) - s ; B1 + 2*i,-s + 1.04420815245671*Abs(s)**(3/2) ; 2*i + 0.0843377173274844
4377,0.8170301142911234,B0 + sqrt(Abs(s)) ; sqrt(Abs(B1 + r + sqrt(2)*sqrt(Abs(i)))),sqrt(Abs(s)) - 0.957619468097774 ; sqrt(Abs(r + sqrt(2)*sqrt(Abs(i)) + 0.00539954129339932))
4378,0.8170301142695292,B0 + sqrt(Abs(s)) ; sqrt(Abs(B1 - r + sqrt(Abs(i)))),sqrt(Abs(s)) - 0.957624443058501 ; sqrt(Abs(-r + sqrt(Abs(i)) + 7.22372171499382))
4379,0.817030110125483,B0 + sqrt(Abs(s)) ; sqrt(Abs(B1 - i*sqrt(Abs(r)))),sqrt(Abs(s)) - 0.957665591788009 ; sqrt(Abs(i*sqrt(Abs(r)) - 0.000308573943194032))
4380,0.8170217934228163,B0*i + i**2 + i*Abs(i + s)**(1/4) ; B2*sqrt(Abs(-B1 + i**2 + r)),i**2 + i*Abs(i + s)**(1/4) - 0.847586801269812*i ; 0.0507678164960987*sqrt(Abs(i**2 + r - 1.74375292772884))
4381,0.8169507237370468,B0*i**3 ; B1*i + B2*r,-0.0412302623606267*i**3 ; 16.5409841496756*i + 13.8415523041577*r
4382,0.8169476218437922,B0 + B1*i*s - 2*s ; r,-5.33644052149424*i*s - 2*s + 2.0643515020727 ; r
4383,0.8168647011686464,sqrt(Abs(i))*Abs(s)**(3/2) ; B0 + B1*i*r,sqrt(Abs(i))*Abs(s)**(3/2) ; 4.10209270663586*i*r + 0.127189469059801
4384,0.8168281419388854,B0*sqrt(Abs(i))*Abs(s)**(1/4) ; B1*r,0.0280052835231801*sqrt(Abs(i))*Abs(s)**(1/4) ; 0.00559828413088568*r
4385,0.8167629139171025,B0 - i*s ; B1*i - i**2 + 2*i*r,-i*s + 0.0324240611260099 ; -i**2 + 2*i*r + 1.65020902312515*i
4386,0.8166530574481915,B1*sqrt(Abs(B0*i*s + i*s**2)) ; B2*i**2 + 2*i**3,0.0781523023640308*sqrt(Abs(i*s**2 + 0.0778770959893321*i*s)) ; 2*i**3 - 1.83636831741254*i**2
4387,0.8166508063936017,B0*i**2 + B1*i*s + i ; sqrt(Abs(B2*i + i**2)),0.0370370139120343*i**2 + 0.00927753590033925*i*s + i ; sqrt(Abs(i**2 + 0.00066886335583865*i))
4388,0.8165903964486783,i**2 ; B0*i - i**2,i**2 ; -i**2 + 0.039224761158362*i
4389,0.8165805667985218,B0*i ; B1*i + i**2 + Abs(i)**(5/4),2.69470158778132*i ; i**2 + 2.44937691330269*i + Abs(i)**(5/4)
4390,0.8165769315014851,B0*i + i*s + Abs(i)**(3/2) ; B1*i + i**2*r + i*r**2,i*s - 0.875688215753513*i + Abs(i)**(3/2) ; i**2*r + i*r**2 + 0.0945942141117108*i
4391,0.8165284306533257,B1*sqrt(Abs(B0 + sqrt(Abs(s)))) + s ; B2 + 2*r,s - 1.60360542263418*sqrt(Abs(sqrt(Abs(s)) - 0.647857227905295)) ; 2*r + 10.5347164272224
4392,0.8164766568353646,B0*s**2 ; B1 + i**3 - i**2 + r,0.0453570882285676*s**2 ; i**3 - i**2 + r + 95.6627674846874
4393,0.816476655476425,B0*s**2 ; B1*r + i*r + i + r**2,0.0453663021149677*s**2 ; i*r + i + r**2 + 0.0171699043065211*r
4394,0.8164766029261372,B0*s**2 ; i**3*r - i*r**2,0.0452841074052975*s**2 ; i**3*r - i*r**2
4395,0.8164491566186409,B0*i + i**2 ; i**2 - i*r,i**2 - 0.000354960898468285*i ; i**2 - i*r
4396,0.8164369038303009,B0*i**2 - i ; B1 - sqrt(Abs(r)),-1.41639706727482*i**2 - i ; 0.30712795383974 - sqrt(Abs(r))
4397,0.8164259769478477,B0*sqrt(Abs(i)) - Abs(i)**(3/2) ; i*sqrt(Abs(r)),-Abs(i)**(3/2) + 0.162062702404234*sqrt(Abs(i)) ; i*sqrt(Abs(r))
4398,0.8163881409907311,B0*s*Abs(i)**(3/2) ; B1*r,0.10896094558636*s*Abs(i)**(3/2) ; 19.9270250316519*r
4399,0.8163404534067732,B0*i**3 ; B1*i + r,-2.50424671642934*i**3 ; 3.73621073080168*i + r
4400,0.8163124469582583,B0*Abs(i)**(3/2) ; B1*r + i*r,0.101361912945607*Abs(i)**(3/2) ; i*r + 3.38104886332476*r
4401,0.8163105387813312,B0*i - i*sqrt(Abs(i - s)) ; B1 + B2*i - r,-i*sqrt(Abs(i - s)) + 0.793271578090451*i ; 0.821885171842878*i - r + 0.383113228172572
4402,0.8162902460222391,B0*i**3 ; B1*i + i*r + r,-0.0125119999541908*i**3 ; i*r + 0.0587364622664794*i + r
4403,0.8162668968516683,B0*i*s - i**2*s + i*s**2 ; B1*r**3 + i,-i**2*s + i*s**2 + 0.31318538511252*i*s ; i - 2.1940920867074*r**3
4404,0.8162533009615218,i*s**2*sqrt(Abs(B0 + s)) ; B1*i**2*r + B2*i**3*r,i*s**2*sqrt(Abs(s - 1.01832283095202)) ; 0.0206895865239596*i**3*r + 0.0771722484465697*i**2*r
4405,0.816245444662849,B0*sqrt(Abs(i*s - sqrt(Abs(i)))) ; r,0.0145899128782177*sqrt(Abs(i*s - sqrt(Abs(i)))) ; r
4406,0.8162260798577504,B0*i + s - Abs(i)**(3/2) ; r,-0.718001971229904*i + s - Abs(i)**(3/2) ; r
4407,0.8162217071845614,B0*s + B1*i*s**2 + B1*s**3 ; sqrt(Abs(B2*i + B3)),-0.0711735069647741*i*s**2 - 0.0711735069647741*s**3 + 0.0598428277300489*s ; sqrt(Abs(0.177064644937855*i + 0.0841890040656357))
4408,0.8161457717914214,B0*i - i*Abs(s)**(3/2) ; B1*i + i**2,-i*Abs(s)**(3/2) + 2.29370769228562*i ; i**2 + 1.59565042119587*i
4409,0.8160076159641841,B0 + i - s**2 + s ; B1 - i**2 + i - r,i - s**2 + s + 0.512970456558671 ; -i**2 + i - r + 2.58466797305556
4410,0.8158890738431854,sqrt(Abs(B0*i**2 + B1*i + B1*s)) ; B2*i*r**2 + B2*r*Abs(i)**(3/2),sqrt(Abs(-0.000710650463539403*i**2 + 0.000981064912478471*i + 0.000981064912478471*s)) ; 4.05840017809311*i*r**2 + 4.05840017809311*r*Abs(i)**(3/2)
4411,0.8158749858127875,s - sqrt(Abs(B0 + sqrt(Abs(s)))) ; B1 + i + r,s - sqrt(Abs(sqrt(Abs(s)) - 0.0843926278286835)) ; i + r + 0.0102387831343923
4412,0.8158521403215578,B0*Abs(s)**(5/4) ; i*r + r*sqrt(Abs(B1 + 3*r)),0.0467870899148819*Abs(s)**(5/4) ; i*r + r*sqrt(Abs(3*r + 30.2549688172737))
4413,0.8158326043585549,B0*i**2*s ; B1*i*r + r,0.490264580762991*i**2*s ; 6.49367625297425*i*r + r
4414,0.8158325464358931,B0*i**2*s ; r,0.488873434401062*i**2*s ; r
4415,0.8158325232407349,B0*i**2*s ; 2*r,0.488645758196166*i**2*s ; 2*r
4416,0.8158264955767902,B0*i + B1*i**2 + B2*i*s + B2*s ; B3 + B4*r,-0.232919019479826*i**2 - 0.00246382653822355*i*s + 0.246376393798657*i - 0.00246382653822355*s ; -1.12384763710247*r - 0.0543915334535666
4417,0.8158059386029263,B0*i*Abs(s)**(3/2) ; i + r,-0.00125871687728947*i*Abs(s)**(3/2) ; i + r
4418,0.8158056672083782,B0*i**2 ; B1*r - i*r,0.467520555273379*i**2 ; -i*r + 0.000205223325209823*r
4419,0.815805667100321,B0*i**2 ; B1*Abs(r)**(5/2),0.467542661394842*i**2 ; 0.0119227660706916*Abs(r)**(5/2)
4420,0.8158056670097386,B0*i**2 ; B1*sqrt(Abs(i))*sqrt(Abs(r)),0.467392242341133*i**2 ; 0.000833381844976276*sqrt(Abs(i))*sqrt(Abs(r))
4421,0.8158056664270982,B0*i**2 ; B1*i*r + r,0.467331627869652*i**2 ; 0.00462844835553214*i*r + r
4422,0.8158056632559808,B0*i**2 ; r*Abs(B1 + i)**(1/4),0.467781426037815*i**2 ; r*Abs(i + 18.595630427498)**(1/4)
4423,0.8158056619817773,B0*i**2 ; B1*r + r**2,0.467826387964203*i**2 ; r**2 + 26.0579011124304*r
4424,0.8157655198003515,B0*s + B1*i**2*s + B1*i*s**2 ; sqrt(Abs(r)),0.241048041299088*i**2*s + 0.241048041299088*i*s**2 + 0.00607496677262126*s ; sqrt(Abs(r))
4425,0.8157655197921471,B0*s + B1*i**2*s + B1*i*s**2 ; -Abs(r)**(1/8),0.241046303574017*i**2*s + 0.241046303574017*i*s**2 + 0.00607514607318561*s ; -Abs(r)**(1/8)
4426,0.8156570600376907,B0 - i**2 + s ; -r,-i**2 + s + 1.37521470198235 ; -r
4427,0.8156347500633571,B0*s**3 + B1*i*s**3 ; B2 + r,-0.00367896140891379*i*s**3 + 0.0274944500412032*s**3 ; r + 0.000703160915965186
4428,0.8155443819345268,B0*i + B1*i*s + i*s**2 ; B2*sqrt(Abs(r)),i*s**2 - 0.714897250853125*i*s + 0.13027921002179*i ; 4.26309862387277*sqrt(Abs(r))
4429,0.8154793617436068,i*s + 2*i*sqrt(Abs(s)) ; B0*Abs(i)**(3/2),i*s + 2*i*sqrt(Abs(s)) ; 24.222613361862*Abs(i)**(3/2)
4430,0.8154501151705795,B0*sqrt(Abs(i)) ; Abs(i*r + 2*i)**(1/4),0.00109255576372472*sqrt(Abs(i)) ; Abs(i*r + 2*i)**(1/4)
4431,0.8154400897351417,B1*sqrt(Abs(B0*s - i*s + s*sqrt(Abs(i)))) ; B2 + B3*r - i,0.00399391336815944*sqrt(Abs(-i*s + s*sqrt(Abs(i)) + 11.0728218410605*s)) ; -i + 0.500255559833495*r - 3.02574207410031
4432,0.8154318484173585,B0*s - i*s ; r,-i*s + 0.0459783064372372*s ; r
4433,0.8154318484173512,B0*s + s**2 ; -i + 2*r,s**2 - 0.954021688174934*s ; -i + 2*r
4434,0.8154318484173382,B0*s + s**2 ; r*sqrt(Abs(r - sqrt(Abs(r)))),s**2 - 0.954021678798672*s ; r*sqrt(Abs(r - sqrt(Abs(r))))
4435,0.8154318484173139,B0*s + s**2 ; i**2 + i*r,s**2 - 0.9540216616288*s ; i**2 + i*r
4436,0.815431848417296,B0*s + s**2 ; i,s**2 - 0.954021649120885*s ; i
4437,0.8154318484170215,B0*s + s**2 ; sqrt(Abs(i)),s**2 - 0.954023443741576*s ; sqrt(Abs(i))
4438,0.8154318484098194,B0*s - i*s ; i*r,-i*s + 0.0459745324995152*s ; i*r
4439,0.8154318484098183,B0*s + s**2 ; B1 - i + r,s**2 - 0.954019453798146*s ; -i + r + 4.9242021969341
4440,0.8154318484060568,B0*s + s**2 ; B1 + i*r,s**2 - 0.954026102009828*s ; i*r + 0.00687478937208503
4441,0.8154318482500423,B0*s + s**2 ; B1*i,s**2 - 0.954036177982922*s ; 0.000882573328836882*i
4442,0.8154318480260571,B0*s + s**2 ; B1*Abs(i)**(3/4)*Abs(r)**(1/4),s**2 - 0.954043419412437*s ; 0.00014800172183752*Abs(i)**(3/4)*Abs(r)**(1/4)
4443,0.8154318476221952,B0*s + s**2 ; B1 + i,s**2 - 0.954052327464659*s ; i + 0.273744407315876
4444,0.815397785902165,B0*i**3 ; B1*i*r + r,13.5270908173567*i**3 ; 25.092108635282*i*r + r
4445,0.8153963537774231,B0 + s ; i + sqrt(Abs(i))*sqrt(Abs(r)),s - 0.955424681345752 ; i + sqrt(Abs(i))*sqrt(Abs(r))
4446,0.8153963537758427,B0 + s ; B1*i + B2*r,s - 0.955423389462716 ; 40.6608081501803*i + 1.42568503652446*r
4447,0.8153755685618911,B0*i ; B1 + B2*sqrt(Abs(i)) - r*sqrt(Abs(i)) - r,-0.116577382529296*i ; -r*sqrt(Abs(i)) - r + 0.202086512393261*sqrt(Abs(i)) + 0.679560657023803
4448,0.8153598950976682,B0 + sqrt(Abs(i - s)) ; B1*Abs(r)**(1/4) - r,sqrt(Abs(i - s)) - 0.95600897675247 ; -r + 13.5977329091724*Abs(r)**(1/4)
4449,0.8152636210171954,B0 - i*s + s ; -r,-i*s + s - 0.92213357098199 ; -r
4450,0.815261017436449,B0*s + i*s ; i*r,i*s + 2.14905516070334*s ; i*r
4451,0.8152610172725774,B0*s + i*s ; r,i*s + 2.1490585822903*s ; r
4452,0.8152610165331053,B0*s + i*s ; Abs(i)**(7/4)*Abs(r)**(1/4),i*s + 2.14906412141735*s ; Abs(i)**(7/4)*Abs(r)**(1/4)
4453,0.8152610002058902,B0*s + i*s ; B1*r + Abs(r)**(1/4),i*s + 2.14901188426935*s ; 0.000928396707940738*r + Abs(r)**(1/4)
4454,0.8151887232677706,B0*sqrt(Abs(i - sqrt(Abs(s)))) ; Abs(i + sqrt(Abs(i)))**(1/8),0.000957185568836235*sqrt(Abs(i - sqrt(Abs(s)))) ; Abs(i + sqrt(Abs(i)))**(1/8)
4455,0.8151747898544915,B0*s - Abs(s)**(3/2) ; i + 2*r,3.14736635635231*s - Abs(s)**(3/2) ; i + 2*r
4456,0.815174672538273,B0*s - Abs(s)**(3/2) ; sqrt(Abs(B1 + r)),3.1472479896721*s - Abs(s)**(3/2) ; sqrt(Abs(r + 2.88483941299567))
4457,0.8151331191696739,B0*Abs(i)**(1/4) ; B1*i - i**2 + 2*i*r,0.0492173936663044*Abs(i)**(1/4) ; -i**2 + 2*i*r + 0.129289959188491*i
4458,0.8151302966524142,B0*s - sqrt(2)*Abs(s)**(3/2) ; B1 + 2*i + Abs(r)**(3/4),3.46282443317269*s - sqrt(2)*Abs(s)**(3/2) ; 2*i + Abs(r)**(3/4) + 3.09226127749434
4459,0.8151170116520599,B1*i*sqrt(Abs(B0 - i)) ; i*r + sqrt(2)*Abs(r)**(3/2),0.116824782666763*i*sqrt(Abs(i - 0.268924989465932)) ; i*r + sqrt(2)*Abs(r)**(3/2)
4460,0.815114875912485,B0*Abs(i)**(3/2) + s ; r,s - 2.11775784567856*Abs(i)**(3/2) ; r
4461,0.8151097307091898,B0*Abs(i*s - 2*s)**(1/4) ; B1*r + B2*r**4,0.0213346612605947*Abs(i*s - 2*s)**(1/4) ; 0.00654085206862994*r**4 + 1.22639448854884*r
4462,0.8151094000429336,B1*sqrt(Abs(B0*sqrt(Abs(i)) + i)) ; B2*sqrt(Abs(r)),0.000581565819198792*sqrt(Abs(i + 483.534043815244*sqrt(Abs(i)))) ; 0.000227629203751503*sqrt(Abs(r))
4463,0.8151026616792513,B0*sqrt(Abs(i*s - 2*i)) ; B1 + B2*sqrt(Abs(i)),0.0893298427400766*sqrt(Abs(i*s - 2*i)) ; 0.0139856959409836 - 6.99301617411856e-5*sqrt(Abs(i))
4464,0.8150936353375252,B0*i + B1*i**2*s ; B2 + B3*sqrt(Abs(i))*sqrt(Abs(r)),-0.0231155130958223*i**2*s + 0.0313966957974161*i ; -0.00117580993463442*sqrt(Abs(i))*sqrt(Abs(r)) - 0.0389387539069306
4465,0.8150677936466616,i**2 ; B0 + r**2 - 2*r,i**2 ; r**2 - 2*r + 0.457785734225484
4466,0.8150660252567778,B0*s + i*s + s*sqrt(Abs(B1 + sqrt(Abs(s)))) ; B2*Abs(r)**(7/4),i*s + s*sqrt(Abs(sqrt(Abs(s)) - 0.560847193868871)) - 0.674509085660307*s ; 0.00184677111036616*Abs(r)**(7/4)
4467,0.8150413528468888,B0 + i + 2*s ; B1 + i,i + 2*s - 1.99029842459506 ; i - 0.0591522251121295
4468,0.8150002682488299,B0*sqrt(Abs(i)) ; -sqrt(Abs(B1*r + r**2)),0.01353806859235*sqrt(Abs(i)) ; -sqrt(Abs(r**2 + 0.00770045710257749*r))
4469,0.8150002681918277,B0*sqrt(Abs(i)) ; B1*Abs(i)**(1/4)*sqrt(Abs(r)),0.0135364648123955*sqrt(Abs(i)) ; 12.6374642111151*Abs(i)**(1/4)*sqrt(Abs(r))
4470,0.8149928630633293,B0*i**2 + B0*i*s**2 ; B1 - r,-0.19925584459096*i**2 - 0.19925584459096*i*s**2 ; 0.544037950049799 - r
4471,0.8149439772697702,B0*i**2*s ; i + r,0.000410027154958312*i**2*s ; i + r
4472,0.8149042710189147,Abs(i)**(3/2)*Abs(s)**(1/4) ; i,Abs(i)**(3/2)*Abs(s)**(1/4) ; i
4473,0.8149008216839005,B0*i ; -i**2 + i*r,9.0569686579495e-6*i ; -i**2 + i*r
4474,0.8148829656980261,i*sqrt(Abs(B0 + B1*i)) ; r,i*sqrt(Abs(0.0154356257378751*i - 0.00382234497254061)) ; r
4475,0.8148593186159434,i**3*s ; r,i**3*s ; r
4476,0.8148466305033597,B0*i**3 ; i + r,-0.00016485622395818*i**3 ; i + r
4477,0.8148324792296886,B1*i*sqrt(Abs(B0 + i)) ; r,0.128806202761496*i*sqrt(Abs(i - 0.212187907275351)) ; r
4478,0.8148323651164591,i**2*Abs(s)**(1/4) ; i,i**2*Abs(s)**(1/4) ; i
4479,0.8148279698079873,B0 - i*s + i ; B1 - r,-i*s + i + 0.0561779592013276 ; 2.7240589320001 - r
4480,0.814803979676354,s**2*Abs(i)**(5/4) ; B0*i*r - i*r**2,s**2*Abs(i)**(5/4) ; -i*r**2 + 69.4301333743232*i*r
4481,0.8147088943470411,B0*i + B1*s + B2*i*s ; B3 + i - sqrt(Abs(B4 - r)),0.0158247717201425*i*s + 0.00257531369816972*i - 0.00506292472332112*s ; i - sqrt(Abs(r - 0.137043296133394)) - 0.173052376161154
4482,0.8146879034259638,B0*sqrt(Abs(i)) ; sqrt(Abs(i - r*sqrt(Abs(i + r)))),0.00107919185691201*sqrt(Abs(i)) ; sqrt(Abs(i - r*sqrt(Abs(i + r))))
4483,0.8146400658036822,B0*s - s*sqrt(Abs(i)) ; B1*i - 3*i*r,-s*sqrt(Abs(i)) + 12.716374439189*s ; -3*i*r + 3.72748565296261*i
4484,0.814620010758997,B0*Abs(s)**(1/16) ; sqrt(Abs(i*Abs(r)**(3/2) + i)),0.0148779255599149*Abs(s)**(1/16) ; sqrt(Abs(i*Abs(r)**(3/2) + i))
4485,0.8145907883792304,B0*sqrt(Abs(-i + s + sqrt(Abs(i)))) ; B1*i + B2*i**2 + B3*i*r,0.0332417879117537*sqrt(Abs(-i + s + sqrt(Abs(i)))) ; 16.0696655047311*i**2 + 6.65721116757233*i*r - 4.63885954105591*i
4486,0.8145414141966385,B0*i - i*sqrt(Abs(i - s)) ; B1 - 2*i,-i*sqrt(Abs(i - s)) - 3.37650356071962*i ; 0.00601067778304342 - 2*i
4487,0.814482471883727,B0*i + B1*i**2 + i*s ; r*sqrt(Abs(B2*r + i*r + 2*r**2)),0.676039929132684*i**2 + i*s - 0.702643226214359*i ; r*sqrt(Abs(i*r + 2*r**2 + 0.462607784652761*r))
4488,0.8143947072429988,B0*i - i**2 + s ; r,-i**2 - 0.790354157774702*i + s ; r
4489,0.8140150421791046,B0*s + B1*i*s**2 + s**2 ; B2*r,1.91226811675214*i*s**2 + s**2 - 1.01746257316703*s ; 0.496641372354698*r
4490,0.8139696193833353,Abs(i)**(3/2) ; B0 + i - sqrt(Abs(r)),Abs(i)**(3/2) ; i - sqrt(Abs(r)) + 0.518492444376378
4491,0.8139655897960131,s*sqrt(Abs(-B0 + s + sqrt(Abs(s)))) ; r,s*sqrt(Abs(s + sqrt(Abs(s)) - 8.34219207938674)) ; r
4492,0.8139655892479055,s*sqrt(Abs(B0 + s + sqrt(Abs(s)))) ; B1*sqrt(Abs(i)),s*sqrt(Abs(s + sqrt(Abs(s)) - 8.34220340104025)) ; 21.7119955328375*sqrt(Abs(i))
4493,0.8139655874899825,s*sqrt(Abs(B0 + i - sqrt(Abs(s)))) ; r - sqrt(Abs(r)),s*sqrt(Abs(i - sqrt(Abs(s)) + 7.34223192032508)) ; r - sqrt(Abs(r))
4494,0.8139063853450847,i*sqrt(Abs(B0 + B1*i)) ; -r*Abs(i)**(3/2) + r,i*sqrt(Abs(0.0121957145496983*i - 0.00432609391615745)) ; -r*Abs(i)**(3/2) + r
4495,0.8137218920829843,-i - s**2 + s ; B0*r,-i - s**2 + s ; 2.47316771513317*r
4496,0.8136524345095691,B0*i*s ; B4*sqrt(Abs(B1*r**2 + B2*r + B3*i*r)),0.298522150095197*i*s ; 0.0449592602308432*sqrt(Abs(2.87540343220194*i*r + 1.12377642358393*r**2 + 0.188133105219087*r))
4497,0.8135542863906091,B0*i - i*s ; i**2,-i*s - 0.939130285201284*i ; i**2
4498,0.8135305037412484,B0*i - i*s ; i*r,-i*s - 0.232374908806058*i ; i*r
4499,0.8135195940244885,B0 - i**2 + s ; -i - r,-i**2 + s - 0.999911363725251 ; -i - r
4500,0.8135167774404924,i**2 - i*s ; B0 + r,i**2 - i*s ; r
4501,0.8134561159078493,B0 + B1*i + B2*s - 2*i*s ; B3*i + i**2*r - i**2*sqrt(Abs(r)),-2*i*s + 0.191552979071888*i + 0.0677971736440728*s + 0.0122643871638079 ; i**2*r - i**2*sqrt(Abs(r)) + 2.1814760645995*i
4502,0.8134514137412097,i**2 - Abs(i)**(3/2)*Abs(s)**(1/4) ; B0 + B1*r,i**2 - Abs(i)**(3/2)*Abs(s)**(1/4) ; 1.88659674183238 - 1.40697540776777*r
4503,0.8134387954881024,sqrt(Abs(B0*sqrt(Abs(s)) + B1*i)) ; i**2*r**2 + r*Abs(i)**(5/2),sqrt(Abs(0.000483679527933761*i - 0.00154428866160369*sqrt(Abs(s)))) ; i**2*r**2 + r*Abs(i)**(5/2)
4504,0.8133646881035019,sqrt(Abs(B0*sqrt(Abs(s)) + B1*i)) ; i*r**3 + r**2*Abs(i)**(3/2),sqrt(Abs(0.000438309624936649*i - 0.00145860626009477*sqrt(Abs(s)))) ; i*r**3 + r**2*Abs(i)**(3/2)
4505,0.8133471923934374,B0*Abs(i**2 + i)**(1/4) ; r,0.010964855113825*Abs(i**2 + i)**(1/4) ; r
4506,0.8133367171671546,B0*i + B0*s**2 + B1*Abs(s)**(3/2) ; Abs(i)**(3/4)*Abs(r)**(1/16),0.00289283814206345*i + 0.00289283814206345*s**2 + 0.0439630797141844*Abs(s)**(3/2) ; Abs(i)**(3/4)*Abs(r)**(1/16)
4507,0.8132587600992128,sqrt(Abs(B0*sqrt(Abs(s)) + B1*i)) ; i**2*r**2 + r**2*Abs(i)**(3/2),sqrt(Abs(0.000554044079074006*i - 0.00169445461582568*sqrt(Abs(s)))) ; i**2*r**2 + r**2*Abs(i)**(3/2)
4508,0.8132309308887136,s*sqrt(Abs(B0*s + i**3*s)) ; B1 + 2*i,s*sqrt(Abs(i**3*s - 0.00170749655570153*s)) ; 2*i + 0.186733259073123
4509,0.8131889483525526,B0*s + B0*sqrt(Abs(i - 2*s)) ; B1 + sqrt(Abs(i)),0.00136870228420186*s + 0.00136870228420186*sqrt(Abs(i - 2*s)) ; sqrt(Abs(i)) + 33.1705306174287
4510,0.8130937435309918,B0*sqrt(Abs(2*i - s)) ; i + r,0.00174204296269829*sqrt(Abs(2*i - s)) ; i + r
4511,0.8130661763295625,B0 + B1*Abs(i)**(1/8) ; B2 + sqrt(Abs(B3*i**2 + i*r - i)),0.101393651641449 - 0.0534700320407357*Abs(i)**(1/8) ; sqrt(Abs(0.950765523089993*i**2 + i*r - i)) + 0.0345685466246444
4512,0.8130404817278026,B0 - i*s + i ; B1 + i + r,-i*s + i - 0.00830779500042232 ; i + r + 0.0500355112140637
4513,0.8130187418450412,B0*i + B0*sqrt(Abs(B1 - i*s)) ; B2 + r,-0.000150441618716669*i - 0.000150441618716669*sqrt(Abs(i*s + 87.6316023390501)) ; r + 13.5671504291677
4514,0.8130052092281035,B0*i ; i + sqrt(Abs(B3 + sqrt(Abs(B1 + B2*r)))),-0.0141526939725336*i ; i + sqrt(sqrt(Abs(0.306921419790011*r - 0.465989731727494)) + 0.643542908609601)
4515,0.8126226646194286,B0*Abs(i)**(1/4)*Abs(s)**(1/4) ; B1*r + 2*i*r,0.0246414697268275*Abs(i)**(1/4)*Abs(s)**(1/4) ; 2*i*r + 0.000337935722565937*r
4516,0.8126163644041301,sqrt(Abs(B0*Abs(i)**(1/4) + B1*s)) ; i**2*r**2 + r**2*Abs(i)**(3/2),sqrt(Abs(0.00129921036184402*s + 0.000220017177218383*Abs(i)**(1/4))) ; i**2*r**2 + r**2*Abs(i)**(3/2)
4517,0.8125796265335505,sqrt(Abs(B0*s + B1)) ; i**3*r + r*Abs(i)**(5/2),sqrt(Abs(0.0012350283229015*s + 0.000223612628001939)) ; i**3*r + r*Abs(i)**(5/2)
4518,0.8125775171076051,sqrt(Abs(B0 + B1*s)) ; B2*r**3 + B2*r**2*sqrt(Abs(i)),sqrt(Abs(0.00123996851305947*s + 0.000219604694323212)) ; 0.00885766476113607*r**3 + 0.00885766476113607*r**2*sqrt(Abs(i))
4519,0.8125742151083397,sqrt(Abs(B0*s + B1*i)) ; B2*r**3 + B2*r**2*sqrt(Abs(i)),sqrt(Abs(0.000248948191960025*i + 0.00150261497728008*s)) ; 0.000122078583281622*r**3 + 0.000122078583281622*r**2*sqrt(Abs(i))
4520,0.8125728744667492,B0 + B1*s ; B2*i*r - i*r**2 - r**2,0.0406441959829883*s + 0.00981793881193874 ; -i*r**2 + 0.000332756160596607*i*r - r**2
4521,0.8125728730925548,B0 + B1*i - s ; B2*r + 2*i*r - r**2,-1.04065712294236*i - s + 1.0504703349274 ; 2*i*r - r**2 + 0.000770625401096586*r
4522,0.8125728537290748,B0 + B1*i ; B2*r + 2*i*r - r**2,0.0504335363619208 - 0.040615560684935*i ; 2*i*r - r**2 + 0.175311351991967*r
4523,0.8125727566007914,B0 + B1*i + B2*s ; -2*r**2 + r*Abs(i)**(5/2),69.2679317864104*i + 71.9915486803444*s - 68.6072758531816 ; -2*r**2 + r*Abs(i)**(5/2)
4524,0.8125691438174936,sqrt(Abs(B0*i + B1)) ; B2*i**2*r + B2*i*Abs(r)**(5/4),sqrt(Abs(0.0012407272358598*i - 0.00147255160488823)) ; 0.0942820520209705*i**2*r + 0.0942820520209705*i*Abs(r)**(5/4)
4525,0.8125458797333371,sqrt(Abs(B0*i + B1*s)) ; B2*i**2*r + r*Abs(i)**(5/2),sqrt(Abs(0.000226768708977557*i + 0.00149624925783916*s)) ; 0.000439364069431794*i**2*r + r*Abs(i)**(5/2)
4526,0.812544524990947,sqrt(Abs(B0 + B1*s)) ; B2*i**3 + Abs(i)**(7/2),sqrt(Abs(0.00121393114992782*s + 0.000196243631978882)) ; 24.3556951634608*i**3 + Abs(i)**(7/2)
4527,0.8125350437732962,sqrt(Abs(B0 + B1*s)) ; B2*i + B3*i*r + i*Abs(r)**(3/2),sqrt(Abs(0.00129962561893136*s + 0.000302516859264822)) ; 0.000294729159735217*i*r + i*Abs(r)**(3/2) + 0.0536126006399286*i
4528,0.8125305331493282,sqrt(Abs(B0*s + B1*i)) ; B2*i**2*r + r*Abs(i)**(5/2),sqrt(Abs(0.000239236292410468*i + 0.00152165585832146*s)) ; 0.00717160040986764*i**2*r + r*Abs(i)**(5/2)
4529,0.8125305288578365,i*sqrt(Abs(s))*Abs(i - s)**(1/4) ; i,i*sqrt(Abs(s))*Abs(i - s)**(1/4) ; i
4530,0.8124867932903714,-Abs(i)**(3/2) ; B0*r - i*r,-Abs(i)**(3/2) ; -i*r + 0.367456311979262*r
4531,0.8124335483363406,B0*i ; B1*i - i**3 - i**2*r,2.52361528461132*i ; -i**3 - i**2*r + 2.57009444080463*i
4532,0.8123879183895759,B0*sqrt(Abs(i + s)) + s ; i,s - 0.929919126082129*sqrt(Abs(i + s)) ; i
4533,0.8123432211995992,B0*i + B0*s**2 + B1*s + B2*i*s ; B3 + r,-0.000692867395721796*i*s - 0.000108431926553263*i - 0.000108431926553263*s**2 + 0.0227918961663632*s ; r + 0.0193560218975043
4534,0.8121278551370171,B0*s + B1*i*s + s**2 ; B2*i + i**2 + i*sqrt(Abs(r)),-3.27799100879114*i*s + s**2 - 0.737371116584183*s ; i**2 + i*sqrt(Abs(r)) - 0.570973376664497*i
4535,0.8120447108303461,B0*sqrt(Abs(i)) + s*sqrt(Abs(i)) ; B1 + B2*i + i**2 + i*r,s*sqrt(Abs(i)) - 0.436288348970671*sqrt(Abs(i)) ; i**2 + i*r + 2.26367342057954*i + 0.0329198075063082
4536,0.8118524470148197,B0*i ; B1*i**2 + i**2*r,0.413256523060016*i ; i**2*r + 11.7390601784315*i**2
4537,0.8118107923684146,B0*i**2 + i**2*s ; Abs(i)**(3/2)*Abs(B1 + i + r)**(1/4),i**2*s + 19.1548913374818*i**2 ; Abs(i)**(3/2)*Abs(i + r + 65.1758498125039)**(1/4)
4538,0.8117424764220813,B0*i*Abs(i*s + s**2)**(1/4) ; B1 - i + r*sqrt(Abs(B2 + i)),7.51478434992471e-5*i*Abs(i*s + s**2)**(1/4) ; -i + r*sqrt(Abs(i + 0.102902209408364)) - 0.590840810217527
4539,0.811718108069094,B0*i**2*s + B1*i**2*s**2 ; -sqrt(Abs(i + r)),0.014949127987333*i**2*s**2 - 0.00115040469426186*i**2*s ; -sqrt(Abs(i + r))
4540,0.8117018582160322,B0*i**2 + B0*s ; sqrt(Abs(i)),6.23747949711513e-7*i**2 + 6.23747949711513e-7*s ; sqrt(Abs(i))
4541,0.8115043321143623,Abs(i)**(3/2)*Abs(B0 + i)**(1/8) ; B1 + B2*sqrt(Abs(i)) - r,Abs(i)**(3/2)*Abs(i + 0.166766793012898)**(1/8) ; -r - 0.381871679658592*sqrt(Abs(i)) + 0.422766731897312
4542,0.8113439979646557,B0*sqrt(Abs(s)) ; B1*r + B2*r**2 + B3*i*r,0.0335176370234927*sqrt(Abs(s)) ; 0.0144903211125521*i*r + 0.0279771471036169*r**2 + 0.0701712023455483*r
4543,0.8113261031065322,sqrt(Abs(B0*s + B1*i*s + s**2)) ; B2*i*r**2 + B2*r**2*sqrt(Abs(i)),sqrt(Abs(0.997726485881882*i*s + s**2 - 0.996946186774095*s)) ; 1.57376772461186*i*r**2 + 1.57376772461186*r**2*sqrt(Abs(i))
4544,0.8113119407725531,B0*sqrt(Abs(s)) ; B1*i*r + B2*i**2*r + r,0.0335176333015496*sqrt(Abs(s)) ; 0.284553666885311*i**2*r + 0.00434602240518204*i*r + r
4545,0.8113065661901506,B0*sqrt(Abs(s)) ; B1*r**3 + B1*r**2*sqrt(Abs(i)),0.0341022541096621*sqrt(Abs(s)) ; 3.20379211445529*r**3 + 3.20379211445529*r**2*sqrt(Abs(i))
4546,0.8112958710692901,B0*sqrt(Abs(s)) ; B1*r**2 + i*r**3 + r,0.0339697056898512*sqrt(Abs(s)) ; i*r**3 + 27.9229649545447*r**2 + r
4547,0.8112838463507889,B0*sqrt(Abs(s)) ; B1*r**2 + B2*r**2*Abs(i)**(1/4),0.0339045892717164*sqrt(Abs(s)) ; 0.0128263115097014*r**2*Abs(i)**(1/4) + 0.574383839134532*r**2
4548,0.8112034462288844,B0*i - i*sqrt(Abs(s - sqrt(Abs(s)))) ; B1*r + 2*i,-i*sqrt(Abs(s - sqrt(Abs(s)))) + 0.525864241966283*i ; 2*i - 0.886494748972408*r
4549,0.8111502872183697,s*sqrt(Abs(B0*i - i*s)) ; B1 + B2*i*r**2 + i*r**3,s*sqrt(Abs(i*s - 0.751637984863348*i)) ; i*r**3 + 1.33825338820721*i*r**2 + 0.0628460914482852
4550,0.8110831528015033,B0*i + B0*s*sqrt(Abs(i - s)) + B0*s ; i*sqrt(Abs(r)),0.0348789842430484*i + 0.0348789842430484*s*sqrt(Abs(i - s)) + 0.0348789842430484*s ; i*sqrt(Abs(r))
4551,0.8110751263129244,B0 + B1*sqrt(Abs(i - s)) ; B2 + i*r - i + 2*r,0.000818051927084112*sqrt(Abs(i - s)) + 0.00512924119924157 ; i*r - i + 2*r - 0.055587788282113
4552,0.811069100210086,B0*sqrt(Abs(i - s**2)) ; Abs(B1*i + i**2*r)**(1/4),0.00132779066299015*sqrt(Abs(i - s**2)) ; Abs(i**2*r - 93000.2439488937*i)**(1/4)
4553,0.81106850733701,B1*Abs(B0 + i)**(1/8) ; sqrt(Abs(B4*sqrt(Abs(B2 + B3*i)) + r)),0.00803089932904953*Abs(i + 42.4520723108803)**(1/8) ; sqrt(Abs(r + 25.8829363908369*sqrt(Abs(63.547530217679*i - 64.9909746741106))))
4554,0.8110539292848828,B0*i ; B1 + B2*r + i**2*r,-0.000133379661564384*i ; i**2*r - 0.125025304743102*r + 0.696599096859232
4555,0.8110518813195138,B0*i ; B1*i + B1*r + B1*Abs(i)**(3/2),-0.000133372630036144*i ; 5.99198298012505*i + 5.99198298012505*r + 5.99198298012505*Abs(i)**(3/2)
4556,0.8110517193804336,B0*i ; B1*i + i**2 - i*r,-0.000133369976450206*i ; i**2 - i*r + 6.54559827695016*i
4557,0.8110396254595987,B0*Abs(i)**(3/2) ; B1*i**2 + i**3,5.98847137958978*Abs(i)**(3/2) ; i**3 + 46.3486362313494*i**2
4558,0.8110318528452117,B0*i ; sqrt(Abs(B1 + i + r**2*sqrt(Abs(i)))),-0.000133227017205426*i ; sqrt(Abs(i + r**2*sqrt(Abs(i)) + 52.737581600318))
4559,0.8110271677287119,B0*i ; B1*Abs(i)**(1/4) + r*Abs(i)**(1/4),-0.000133230770157477*i ; r*Abs(i)**(1/4) + 4.01779416351692*Abs(i)**(1/4)
4560,0.8110130742600798,B0*i ; sqrt(Abs(B1 + B2*sqrt(Abs(i)) - 2*r)),-0.000132895401094986*i ; sqrt(Abs(2*r + 1255.32127268923*sqrt(Abs(i)) - 5681.17799577666))
4561,0.8109991268402431,B0*i - i*sqrt(Abs(i - s)) ; B1 - r,-i*sqrt(Abs(i - s)) + 0.856966249099214*i ; 0.295734340806049 - r
4562,0.8109980976125285,B0*i ; sqrt(Abs(B1 + B2*sqrt(Abs(i)) - i - r)),-0.000133013090175136*i ; sqrt(Abs(i + r - 964.140860526159*sqrt(Abs(i)) + 3960.74175913481))
4563,0.8109880225228356,B0*i ; r + sqrt(Abs(r - sqrt(Abs(B1 + B2*r)))),-0.000132977457544503*i ; r + sqrt(Abs(r - sqrt(Abs(7558.47655414186*r - 3121.83422828929))))
4564,0.8109731445531891,B0 + B1*i + i**2 ; i*r + i - 2*r**2,i**2 - 0.435064861284317*i + 0.0501096015566476 ; i*r + i - 2*r**2
4565,0.810965124776405,B0*i ; B1 + sqrt(Abs(B4 + sqrt(Abs(B2 + B3*r)))),0.000132855407966624*i ; sqrt(Abs(sqrt(Abs(14.7437258569191*r + 24.3747590341342)) - 2.98366635666575)) - 44.6171448331792
4566,0.8109649708270333,B0*i ; sqrt(Abs(B1 - i + 2*r + sqrt(Abs(r)))),-0.000132848359712798*i ; sqrt(Abs(-i + 2*r + sqrt(Abs(r)) + 1586.81770513605))
4567,0.8109644732858763,B0*i ; sqrt(Abs(B1 + sqrt(Abs(B2*r + i*r)))),-0.000132847688483495*i ; sqrt(sqrt(Abs(i*r + 233.157006590052*r)) + 1616.53664389619)
4568,0.810960111359094,B0*Abs(i)**(1/16) ; B1*sqrt(Abs(i)) - 2*i,0.00990671801943269*Abs(i)**(1/16) ; -2*i + 2.49611107534476*sqrt(Abs(i))
4569,0.8109424214751881,B0*i ; i + sqrt(Abs(r - sqrt(Abs(B1 + B2*r)))),-0.000132632765586566*i ; i + sqrt(Abs(r - sqrt(Abs(2082468.47239234*r - 907707.634414699))))
4570,0.8109339826278847,B0*Abs(i)**(1/16) ; sqrt(Abs(B1*r + i)),0.00989567107602451*Abs(i)**(1/16) ; sqrt(Abs(i + 90.8358306268833*r))
4571,0.8109337488043254,B0*s ; B1*r**2 + B2*i*r**2 - i,0.0474980371261773*s ; 11.5909253720901*i*r**2 - i + 0.015044654726512*r**2
4572,0.8109337488041439,B0*s ; B1*i*r + i**2*r - i + r,0.0474981014978535*s ; i**2*r + 6.65623419519939*i*r - i + r
4573,0.8109337488029023,B0*s ; B1*i + 2*i**2 + i*r,0.0474982817871677*s ; 2*i**2 + i*r + 58.9453173966647*i
4574,0.8109337487999771,B0*s ; B1*i*r + B2*i**2*r + i,0.0474974704887645*s ; 0.256453415850992*i**2*r + 45.2426181027769*i*r + i
4575,0.8109337487882101,B0*s ; B1*r - i*r - 2*r**2,0.0474989704241469*s ; -i*r - 2*r**2 + 16.173261532315*r
4576,0.8109337487664732,B0*s ; r*Abs(B1*i**2 + i**3)**(1/4),0.0474964748683213*s ; r*Abs(i**3 + 7.39148385849513*i**2)**(1/4)
4577,0.8109337482360505,B0*s ; B1*r**2 + B2*i*r - i - r,0.0474921384529244*s ; 0.000670569092791706*i*r - i + 8.22011806738814*r**2 - r
4578,0.8109337479760877,B0*s ; B1 + 2*i*r**2 + r,0.0475050425642147*s ; 2*i*r**2 + r + 0.0760883024361697
4579,0.8109076003990187,B0*Abs(i)**(3/2) + B1*i**2 ; B2 + B3*sqrt(Abs(i)),0.0987105211235672*i**2 + 0.260500574428932*Abs(i)**(3/2) ; 0.357511636031761 - 0.972606479586779*sqrt(Abs(i))
4580,0.8109040633030897,i*Abs(B0*i - i**2)**(1/4) ; B1 + B2*i,i*Abs(i**2 + 0.182918539913439*i)**(1/4) ; 1.86239283349373*i - 0.0654800073713548
4581,0.8108859685205484,B1*Abs(B0*i + i**2)**(1/4) ; B2 + i*r + i,0.00126711317390457*Abs(i**2 + 15.183324480165*i)**(1/4) ; i*r + i + 231.608456331931
4582,0.8108654070370844,B0*sqrt(Abs(i + s)) ; B1*i*r**2 + r**2,0.0131260589951052*sqrt(Abs(i + s)) ; 7.87874188913708*i*r**2 + r**2
4583,0.8108646719877788,B1*sqrt(Abs(B0 + 2*i)) ; B2*r + i*r + r**2,7.7558779838455e-6*sqrt(Abs(2*i + 2834948.08471771)) ; i*r + r**2 + 0.549902031292658*r
4584,0.8108629107715067,B0*Abs(i)**(1/16) ; i,0.0172021183381747*Abs(i)**(1/16) ; i
4585,0.8108597377214235,B1*Abs(B0 - i + 2*s)**(1/4) ; sqrt(Abs(i)),0.000770974211070384*Abs(-i + 2*s + 83502.4217289839)**(1/4) ; sqrt(Abs(i))
4586,0.8108566880706496,B0*i + B0*s + B0*sqrt(Abs(i)) ; B1*sqrt(Abs(i))*Abs(r)**(3/2),0.00642351212031982*i + 0.00642351212031982*s + 0.00642351212031982*sqrt(Abs(i)) ; 0.00305663668791772*sqrt(Abs(i))*Abs(r)**(3/2)
4587,0.8108513180722274,B1*sqrt(Abs(B0*i + B0*Abs(s)**(3/2))) ; B2*sqrt(Abs(i)) - i - r,0.0130429839559659*sqrt(Abs(0.0103615638428966*i + 0.0103615638428966*Abs(s)**(3/2))) ; -i - r + 8.84749873798202*sqrt(Abs(i))
4588,0.8108420920908938,B0*i + B0*sqrt(Abs(B1 + i + s)) ; r,1.60830307832471e-5*i + 1.60830307832471e-5*sqrt(Abs(i + s + 663341.992242522)) ; r
4589,0.810809768591364,B0*i**2 - i**3 ; B1 + i,-i**3 + 9.9207837360999*i**2 ; i + 0.0495911167348032
4590,0.8107935303896721,B0*Abs(i**2*s - i*s)**(1/4) ; i + sqrt(Abs(B1 + i**2)),0.0380453462356759*Abs(i**2*s - i*s)**(1/4) ; i + sqrt(Abs(i**2 - 0.0187136078890664))
4591,0.8107891243237391,B0*i ; i + sqrt(Abs(i - sqrt(Abs(B1 + i - r)))),-0.00147734356128748*i ; i + sqrt(Abs(i - sqrt(Abs(-i + r + 5087.9136800415))))
4592,0.8107165038178816,s*sqrt(Abs(i)) ; B0*i + B1*Abs(i)**(3/2),s*sqrt(Abs(i)) ; 5.89856916157588*i + 5.07933324880115*Abs(i)**(3/2)
4593,0.8106567008788909,B0*i ; B1*i**2 - i**2*r,1.22190238042393*i ; -i**2*r + 114.464836671642*i**2
4594,0.8106346863528816,-i*s + Abs(i)**(9/8) ; B0 + B1*i + B2*r - i**2 + i*r,-i*s + Abs(i)**(9/8) ; -i**2 + i*r - 1.4114970973058*i - 0.020941541072235*r + 0.0213191261234533
4595,0.8106324954980031,sqrt(Abs(B0*s + B1*sqrt(Abs(s)))) ; r**4 + r**3*sqrt(Abs(i)),sqrt(Abs(0.00156525197173227*s + 0.000609119199507467*sqrt(Abs(s)))) ; r**4 + r**3*sqrt(Abs(i))
4596,0.8105962123002958,B0*s*sqrt(Abs(i)) - i - s ; B1*i,-i + 1.77053568515151*s*sqrt(Abs(i)) - s ; -0.0845223982526569*i
4597,0.8104903811059986,sqrt(Abs(B0*sqrt(Abs(i)) + B1*i)) ; i**2*r**2 + r**2*Abs(i)**(3/2),sqrt(Abs(0.00300756988908847*i - 0.00322283194124734*sqrt(Abs(i)))) ; i**2*r**2 + r**2*Abs(i)**(3/2)
4598,0.8104689197060695,B0*i + i**2 - i*s ; B1 + i**2,i**2 - i*s - 1.09852609138595*i ; i**2 + 0.0133933439394111
4599,0.8103990612866113,i*s ; i*sqrt(Abs(B0 + 3*r)),i*s ; i*sqrt(Abs(3*r + 0.447753511874448))
4600,0.8103912121277845,s*sqrt(Abs(B0 + 2*i)) ; i**2*Abs(r)**(1/4),s*sqrt(Abs(2*i + 5.726753623861)) ; i**2*Abs(r)**(1/4)
4601,0.810391189675425,s*sqrt(Abs(B0 - 2*s)) ; i + sqrt(2)*Abs(r)**(5/2),s*sqrt(Abs(2*s - 7.72689561409724)) ; i + sqrt(2)*Abs(r)**(5/2)
4602,0.8103645240250336,i**2 ; B0*i + i*sqrt(Abs(r)),i**2 ; i*sqrt(Abs(r)) - 0.00505057398965718*i
4603,0.8103035064023321,B0*Abs(i)**(3/8) ; B1*r + B2*r**2,0.0128947739162979*Abs(i)**(3/8) ; 0.0446678297347394*r**2 + 50.9395553383348*r
4604,0.8103035062622339,B0*Abs(i)**(3/8) ; B1*r**2 + i*r,0.0128942546292946*Abs(i)**(3/8) ; i*r + 0.000120130006111201*r**2
4605,0.8102971993957022,B0*sqrt(Abs(i)) ; B1 + B2*i + B3*i*r + B3*r,0.0832646892939411*sqrt(Abs(i)) ; -0.107141215821561*i*r + 0.28772158439585*i - 0.107141215821561*r + 0.0928496266440493
4606,0.8102191652408526,B0*i**3 ; i**2 + 2*i*r + r,-0.055222299436049*i**3 ; i**2 + 2*i*r + r
4607,0.810034811284504,B0*i ; -i + r + sqrt(Abs(r - sqrt(Abs(i + r)))),-0.000131726268779771*i ; -i + r + sqrt(Abs(r - sqrt(Abs(i + r))))
4608,0.8098733436345575,sqrt(Abs(B0*sqrt(Abs(s)) + B1*i)) ; i**3*r + Abs(i)**(7/2),sqrt(Abs(0.00210619473854622*i - 0.00173674378969088*sqrt(Abs(s)))) ; i**3*r + Abs(i)**(7/2)
4609,0.8098662855086846,sqrt(Abs(B0*sqrt(Abs(s)) + B1)) ; i**2*r**2 + r*Abs(i)**(5/2),sqrt(Abs(0.00142619458161617*sqrt(Abs(s)) - 0.000405023603354385)) ; i**2*r**2 + r*Abs(i)**(5/2)
4610,0.8097513686195498,sqrt(Abs(B0*sqrt(Abs(s)) + B1)) ; i**3*r + Abs(i)**(7/2),sqrt(Abs(0.00130660294204175*sqrt(Abs(s)) - 0.000353344216027716)) ; i**3*r + Abs(i)**(7/2)
4611,0.80972872115598,B0 + i*s - i ; i*Abs(r)**(5/2) + r,i*s - i + 0.0196150404548937 ; i*Abs(r)**(5/2) + r
4612,0.8096542821163679,B0 - sqrt(Abs(i)) ; B1 + B2*i + B2*r,1.16203799701956 - sqrt(Abs(i)) ; 12.7245118693983*i + 12.7245118693983*r - 0.533584708535427
4613,0.8096381929122183,B0*i*s + B0*i ; i*sqrt(Abs(r)),0.0150989170552461*i*s + 0.0150989170552461*i ; i*sqrt(Abs(r))
4614,0.8096381325787815,B0*i*s + B0*i ; sqrt(Abs(r)),0.0151357706817857*i*s + 0.0151357706817857*i ; sqrt(Abs(r))
4615,0.8096077487147373,B0*i**2 + s ; B1 + 2*r,-9.92637392218344e-5*i**2 + s ; 2*r + 208.778769340184
4616,0.8095559541162338,B0*i - i*sqrt(Abs(i + s)) + s ; r,-i*sqrt(Abs(i + s)) - 0.700835006356618*i + s ; r
4617,0.8095441120313461,-2*i + sqrt(Abs(i))*sqrt(Abs(s)) ; B0 + B1*r,-2*i + sqrt(Abs(i))*sqrt(Abs(s)) ; 0.0177210755290995 - 0.00973657365121735*r
4618,0.8094679546222001,B0*i ; B1*sqrt(Abs(r)) + B2*r,0.0280470455465811*i ; 0.000919397889134461*r + 13.2419318126644*sqrt(Abs(r))
4619,0.8094679523468384,B0*i ; B1*Abs(i)**(3/2)*sqrt(Abs(r)),0.0280348054322374*i ; 0.0170993719791999*Abs(i)**(3/2)*sqrt(Abs(r))
4620,0.8094677676415994,B0*sqrt(Abs(i*s - i)) ; Abs(r)**(1/4),0.0281543069576488*sqrt(Abs(i*s - i)) ; Abs(r)**(1/4)
4621,0.8094677582468008,i*sqrt(Abs(-B0 + i + s)) ; r,i*sqrt(Abs(i + s - 1.00079281473316)) ; r
4622,0.8094676735529193,B0*i ; Abs(i)**(5/4)*Abs(r)**(1/4),0.0281785110007013*i ; Abs(i)**(5/4)*Abs(r)**(1/4)
4623,0.8094676718321594,B0*i ; -i*r + i*sqrt(Abs(r)),0.0279132852558295*i ; -i*r + i*sqrt(Abs(r))
4624,0.8094559956309852,B1*i*sqrt(Abs(B0 + i)) ; 2*r,0.00796973671892436*i*sqrt(Abs(i + 12.3277289160039)) ; 2*r
4625,0.8093185020401494,B0*i**2 + B0*i ; i + r,-0.00806740915830983*i**2 - 0.00806740915830983*i ; i + r
4626,0.8092286299267243,B0*i**2 + B0*i ; r,0.0249582026308771*i**2 + 0.0249582026308771*i ; r
4627,0.8092282410072614,B0*s + sqrt(2)*s*sqrt(Abs(i)) ; B1*i,sqrt(2)*s*sqrt(Abs(i)) - 0.154580911249918*s ; 2.58698940588107*i
4628,0.8092141712081401,sqrt(Abs(B0*s**2 + B1*s + B2*i*s)) ; B3 + sqrt(Abs(i*r + i)),sqrt(Abs(8.57591256993902e-5*i*s + 0.00309228833899801*s**2 - 0.00725088439398565*s)) ; sqrt(Abs(i*r + i)) - 90.6374212579203
4629,0.8092078606342956,i**2*s - i**2*sqrt(Abs(s)) ; B0 + B1*r,i**2*s - i**2*sqrt(Abs(s)) ; 2.6638000172313 - 1.08753494677804*r
4630,0.8091547621260727,B0*i + B1*i*s + B1*Abs(i)**(3/2) ; r,1.32535926886082*i*s - 1.35247019787941*i + 1.32535926886082*Abs(i)**(3/2) ; r
4631,0.809132477095368,sqrt(Abs(B0*sqrt(Abs(s)) + B1)) ; i*r**3 + r**2*Abs(i)**(3/2),sqrt(Abs(0.00123956350669049*sqrt(Abs(s)) - 0.000295074664231568)) ; i*r**3 + r**2*Abs(i)**(3/2)
4632,0.808875761010253,s*sqrt(Abs(B0 - i + sqrt(Abs(i)))) ; i*sqrt(Abs(r)),s*sqrt(Abs(i - sqrt(Abs(i)) + 0.249038290365607)) ; i*sqrt(Abs(r))
4633,0.8088598118066925,B0 + sqrt(Abs(s)) ; sqrt(Abs(B1 - i**2 + i)),sqrt(Abs(s)) - 0.957595408459106 ; sqrt(Abs(-i**2 + i + 0.0185601894768984))
4634,0.8088597072605326,B0 + sqrt(Abs(s)) ; sqrt(Abs(B1 + i*r - r)),sqrt(Abs(s)) - 0.957847170057698 ; sqrt(Abs(i*r - r + 0.000591143522833129))
4635,0.8087395824136274,B0*Abs(i**2 - i*s)**(1/4) ; B1*r,0.0169663920038883*Abs(i**2 - i*s)**(1/4) ; 0.916403436705995*r
4636,0.8086485972674466,B0*i - i*sqrt(Abs(i - s)) ; B1 + i**2 - r,-i*sqrt(Abs(i - s)) + 0.863644560472197*i ; i**2 - r + 0.251739582763164
4637,0.8085485079162507,B0*i**2*sqrt(Abs(s)) ; B1*r + i,36.2435182141477*i**2*sqrt(Abs(s)) ; i + 0.103589337128014*r
4638,0.8085176648178469,B0 + i + s - sqrt(Abs(s)) ; B1 + 2*i,i + s - sqrt(Abs(s)) - 0.0428419720329748 ; 2*i - 0.15358168335055
4639,0.8084567119578928,B0*sqrt(Abs(i)) ; i**2 + i*r - i + r,0.00129173238711495*sqrt(Abs(i)) ; i**2 + i*r - i + r
4640,0.8083118898371153,B0*i*s**2 + B0*s**3 ; B1*r + r**2,0.0453615814753349*i*s**2 + 0.0453615814753349*s**3 ; r**2 + 0.000349557519927474*r
4641,0.8083118885054845,B0*s**2 ; B1*sqrt(Abs(i*r**2 - Abs(r)**(5/2))),0.0453678951848919*s**2 ; 2.02585524685847*sqrt(Abs(i*r**2 - Abs(r)**(5/2)))
4642,0.8082125599109393,B0*i*s + 2*i**2*s ; B1 + i,2*i**2*s + 0.507842761569963*i*s ; i + 0.389919970570098
4643,0.8081852027076817,B0*Abs(i)**(3/2)*sqrt(Abs(s)) ; r,0.105342573763034*Abs(i)**(3/2)*sqrt(Abs(s)) ; r
4644,0.8081799534100492,B2*sqrt(Abs(B0*i + B1*i**2)) ; r,0.157223867370635*sqrt(Abs(0.0836082647924924*i**2 - 0.0713569900479904*i)) ; r
4645,0.8081287589570355,B0*sqrt(Abs(2*i*s - s)) ; Abs(i)**(1/4),0.00308399264254667*sqrt(Abs(2*i*s - s)) ; Abs(i)**(1/4)
4646,0.8081112574989326,i*sqrt(Abs(s))*Abs(i + sqrt(Abs(s)))**(1/4) ; i,i*sqrt(Abs(s))*Abs(i + sqrt(Abs(s)))**(1/4) ; i
4647,0.8079162583496067,B0*i + B1*i**2*s + i**3*s ; i*sqrt(Abs(B2 + B3*i + B4*r)),i**3*s + 5.21311234970784*i**2*s + 0.589373774013522*i ; i*sqrt(Abs(3.21635240441825*i + 0.212746754455161*r + 0.260556704313559))
4648,0.8078318546285042,s*sqrt(Abs(B0*sqrt(Abs(s)) + i*sqrt(Abs(s)))) ; B1 + B2*sqrt(Abs(i)) - r,s*sqrt(Abs(i*sqrt(Abs(s)) + 6.15178367739665*sqrt(Abs(s)))) ; -r - 2.29296322997592*sqrt(Abs(i)) + 1.75560888626699
4649,0.8077283103591636,B0*i + i**2 + i*sqrt(Abs(s)) ; i + sqrt(Abs(B1*i + i**2)),i**2 + i*sqrt(Abs(s)) - 1.68984351993976*i ; i + sqrt(Abs(i**2 - 0.0463422309548027*i))
4650,0.8077276183813771,B0 + sqrt(2)*sqrt(Abs(s)) ; sqrt(Abs(B1 + i - Abs(r)**(1/4))),sqrt(2)*sqrt(Abs(s)) - 1.37280657673235 ; sqrt(Abs(i - Abs(r)**(1/4) + 8.6878929137268))
4651,0.8077106013794557,B0*s + B1*i*s**2 + i*s**3 ; B2 + 3*i + r,i*s**3 - 1.58769381515587*i*s**2 + 0.103500767454836*s ; 3*i + r - 0.35711918248046
4652,0.8076859344813374,B1*sqrt(Abs(B0 + i)) + s ; B2 + 2*r,s - 0.0835794741321303*sqrt(Abs(i + 226.646982891662)) ; 2*r + 193.373198547618
4653,0.807660612810511,B0*i**2*sqrt(Abs(s)) ; 2*r,0.477321667979334*i**2*sqrt(Abs(s)) ; 2*r
4654,0.8076605610447009,B0*i**2*sqrt(Abs(s)) ; r,0.47687245877757*i**2*sqrt(Abs(s)) ; r
4655,0.807656665180138,B0*i*s + i*s**2 ; -i**2 + i*sqrt(Abs(B1*r + r**2)),i*s**2 - 0.565631709409177*i*s ; -i**2 + i*sqrt(Abs(r**2 + 5.99978823248421*r))
4656,0.8076476106225277,B0*i**2 ; B1*Abs(i)**(3/2)*sqrt(Abs(r)),0.467465388879643*i**2 ; 0.160500951762619*Abs(i)**(3/2)*sqrt(Abs(r))
4657,0.8076408921618118,B0*s + B1*s**2 + i*s ; B2*i + i**3*r + i**2 - i*r,i*s + 0.0267196545638296*s**2 - 0.0330984279207317*s ; i**3*r + i**2 - i*r + 0.529321339253992*i
4658,0.8076370227080347,i*s**2 ; B0 + i*r,i*s**2 ; i*r + 0.0111458078560739
4659,0.8076121961762683,B0*s + B1*i*s**2 + B2*i**2*s ; r,0.233322279003148*i**2*s + 0.250839769514998*i*s**2 + 0.0053540836712325*s ; r
4660,0.8075750234152825,B1*sqrt(Abs(B0*s - i*s + s**3)) ; B2 + i**2*r - r,0.00355875136678731*sqrt(Abs(-i*s + s**3 + 0.00710469442524817*s)) ; i**2*r - r + 1.24672657630019
4661,0.8073420118188072,B0*i*s + B1*i**2*s + i*s**2 ; -Abs(r)**(1/8),0.857478353495228*i**2*s + i*s**2 - 0.673662875197697*i*s ; -Abs(r)**(1/8)
4662,0.8072775298936562,B0*s + s**2 ; B1*Abs(i)**(1/4)*sqrt(Abs(r)),s**2 - 0.954029195067697*s ; 0.939775757825867*Abs(i)**(1/4)*sqrt(Abs(r))
4663,0.8072594151420376,B0*sqrt(Abs(s)) + Abs(s)**(3/2) ; i + r,Abs(s)**(3/2) - 0.95474763481675*sqrt(Abs(s)) ; i + r
4664,0.807259415142,B0*sqrt(Abs(s)) + Abs(s)**(3/2) ; i,Abs(s)**(3/2) - 0.954747041279199*sqrt(Abs(s)) ; i
4665,0.8072594149928636,B0*sqrt(Abs(s)) + Abs(s)**(3/2) ; B1*sqrt(Abs(i)) + i*r,Abs(s)**(3/2) - 0.95476017274314*sqrt(Abs(s)) ; i*r + 0.000298316683542124*sqrt(Abs(i))
4666,0.8072594149920177,B0*sqrt(Abs(s)) + Abs(s)**(3/2) ; B1*sqrt(Abs(i)) + sqrt(Abs(r)),Abs(s)**(3/2) - 0.954734536997443*sqrt(Abs(s)) ; 0.000731689689471682*sqrt(Abs(i)) + sqrt(Abs(r))
4667,0.8072594104008517,B0*sqrt(Abs(s)) + Abs(s)**(3/2) ; B1*sqrt(Abs(r)) - 2*r,Abs(s)**(3/2) - 0.954819518277337*sqrt(Abs(s)) ; -2*r + 0.00611462312435976*sqrt(Abs(r))
4668,0.8072594096092094,B0*sqrt(Abs(s)) + Abs(s)**(3/2) ; B1*i + B1*r,Abs(s)**(3/2) - 0.954669436020882*sqrt(Abs(s)) ; 7.99444845713505*i + 7.99444845713505*r
4669,0.8072594002257285,B0*sqrt(Abs(s)) + Abs(s)**(3/2) ; B1*sqrt(Abs(i)) + i,Abs(s)**(3/2) - 0.954619405086153*sqrt(Abs(s)) ; i + 30.614726577269*sqrt(Abs(i))
4670,0.8072592370175076,B0*sqrt(Abs(s)) + Abs(s)**(3/2) ; B1 + B2*r,Abs(s)**(3/2) - 0.954305147402161*sqrt(Abs(s)) ; 0.0081559412048673*r + 18.3594842579911
4671,0.8072423902012213,B0 + s ; B1 + i - r - sqrt(Abs(i)),s - 0.95543108157961 ; i - r - sqrt(Abs(i)) + 0.00272716628053627
4672,0.8070498553401928,B0*sqrt(Abs(s)) + sqrt(2)*Abs(s)**(3/2) ; i,sqrt(2)*Abs(s)**(3/2) - 1.36033526161441*sqrt(Abs(s)) ; i
4673,0.8070366151493803,B0 + 2*s - sqrt(Abs(s)) ; B1 - i + 2*r,2*s - sqrt(Abs(s)) - 0.943747512089445 ; -i + 2*r + 0.296748386485639
4674,0.8069464843373637,B0*i ; r*sqrt(Abs(i)) + Abs(i)**(3/2),-1.60969140964546e-5*i ; r*sqrt(Abs(i)) + Abs(i)**(3/2)
4675,0.8068707778093475,B0*i + 2*i*sqrt(Abs(s)) ; B1*Abs(r)**(3/2),2*i*sqrt(Abs(s)) - 1.64965192946913*i ; 1.74338952509491*Abs(r)**(3/2)
4676,0.8068659143303757,B0*Abs(i)**(1/16) ; sqrt(Abs(i + sqrt(Abs(i - sqrt(Abs(r)))))),0.00946067768490816*Abs(i)**(1/16) ; sqrt(Abs(i + sqrt(Abs(i - sqrt(Abs(r))))))
4677,0.8068502655603627,B0*sqrt(Abs(i)) ; B1*r + B2*i*r,0.0135381113020982*sqrt(Abs(i)) ; 16.675024713955*i*r + 0.000133060638184879*r
4678,0.8068244212724703,B0*i**2 + i**3 + i*s ; Abs(i)**(3/2)*Abs(B1 + r)**(1/4),i**3 - 3.73703844807803*i**2 + i*s ; Abs(i)**(3/2)*Abs(r + 7.85489505226531)**(1/4)
4679,0.8068179510051899,B0 + B1*i + B2*s ; r*sqrt(Abs(i)) + r - Abs(i)**(3/2),0.0062442478833051*i + 2.71927635135418*s - 2.64948072393559 ; r*sqrt(Abs(i)) + r - Abs(i)**(3/2)
4680,0.806806428737042,B0*i - i**3 + i**2*sqrt(Abs(s)) ; B1*i + i**3*r**2,-i**3 + i**2*sqrt(Abs(s)) + 2.36076225362693*i ; i**3*r**2 + 2.40708124648239*i
4681,0.8066940292669222,B0*i**2 + B1*i**2*s ; B3*Abs(B2*i + i*r)**(1/4),-235.571365969418*i**2*s + 230.873509111087*i**2 ; 0.0098071457558221*Abs(i*r + 377.076999831169*i)**(1/4)
4682,0.8066817423079767,B0*i*s ; B1*i - i**2 - 3*i*r,0.133396488989288*i*s ; -i**2 - 3*i*r - 0.42902909828002*i
4683,0.8066685728047823,B0*Abs(i)**(9/8)*Abs(s)**(1/8) ; sqrt(Abs(B1 + B2*r + B3*i)),0.0286409398748139*Abs(i)**(9/8)*Abs(s)**(1/8) ; sqrt(Abs(0.0158770423409416*i - 0.0137111656732313*r + 0.026354472885547))
4684,0.8065821453893991,B0*Abs(2*i + s)**(1/4) ; i + r,0.00395940594484241*Abs(2*i + s)**(1/4) ; i + r
4685,0.8065776230840601,B0*i + i*s + i*sqrt(Abs(i + s)) ; B1*i,i*s + i*sqrt(Abs(i + s)) - 1.63108972074379*i ; -0.0110696869831162*i
4686,0.806424485914589,B0*sqrt(Abs(i + s - sqrt(Abs(s)))) ; B1*Abs(r)**(1/4) + r,0.0178863106589046*sqrt(Abs(i + s - sqrt(Abs(s)))) ; r + 18.5352285965845*Abs(r)**(1/4)
4687,0.8063346814628263,B0 + B1*sqrt(Abs(i)) ; i*r**2 + i*r + r**2 + r,0.0644302035012226 - 0.0559316347666306*sqrt(Abs(i)) ; i*r**2 + i*r + r**2 + r
4688,0.8062420108854398,s*sqrt(Abs(i)) ; B0 + i,s*sqrt(Abs(i)) ; i + 0.138789596754921
4689,0.806128211597423,3*i**2*s ; B0 + i,3*i**2*s ; i + 0.185302672245902
4690,0.8057020952096146,B0*i**2 ; i*sqrt(Abs(B1*i**3 + B2*i)),37.9029601144321*i**2 ; i*sqrt(Abs(33.1260894959968*i**3 - 28.746005113472*i))
4691,0.8056882949188126,B0*i*s + B0*Abs(i)**(3/2) + B1*i**2 ; B2 + B3*sqrt(Abs(r)) + r,4.28124676202587e-5*i**2 - 0.00041794771690447*i*s - 0.00041794771690447*Abs(i)**(3/2) ; r + 53.5197913101623*sqrt(Abs(r)) + 301.040473987613
4692,0.80559512899868,-i**2*s ; r*sqrt(Abs(i + 2*r)),-i**2*s ; r*sqrt(Abs(i + 2*r))
4693,0.8055658470059373,sqrt(Abs(B0 + B1*i*s + B1*s**2 + B1*s)) ; B2*sqrt(Abs(i)) + B3*i + B4*r,sqrt(Abs(1.30012080823729e-5*i*s + 1.30012080823729e-5*s**2 + 1.30012080823729e-5*s + 0.000258872785746553)) ; -41.9955089068467*i + 26.344333150658*r - 13.677955448531*sqrt(Abs(i))
4694,0.8055385879819078,B2*sqrt(Abs(B0*i**2 + B1*i)) ; B3 - i,0.0205223464853983*sqrt(Abs(0.0023569019966124*i**2 + 0.239023600142455*i)) ; 0.0918649686227593 - i
4695,0.80551591195648,B0*i*s ; B1*i*r**3 + B2*i**2*r**2,0.298496545680772*i*s ; 0.00179824694621241*i**2*r**2 + 0.336007908867504*i*r**3
4696,0.8054861400332601,B0*i + B1*i**2*s + B1*i**2 ; i,10.5683383760353*i**2*s + 10.5683383760353*i**2 + 0.592273265760766*i ; i
4697,0.8053946049917897,B0*i - i*sqrt(Abs(s)) ; r + sqrt(Abs(i*r - r)),-i*sqrt(Abs(s)) - 0.23724346366652*i ; r + sqrt(Abs(i*r - r))
4698,0.8053814300802297,i**2 - i*sqrt(Abs(s)) ; r + sqrt(Abs(i))*sqrt(Abs(r)),i**2 - i*sqrt(Abs(s)) ; r + sqrt(Abs(i))*sqrt(Abs(r))
4699,0.8053055470337658,s**2 - Abs(s)**(5/4) ; i + sqrt(Abs(B0 - i)),s**2 - Abs(s)**(5/4) ; i + sqrt(Abs(i - 5.47557172063029))
4700,0.8052472172374328,B0*i - i*sqrt(Abs(i - s)) ; B1 + B2*i - 2*r,-i*sqrt(Abs(i - s)) + 0.882634933236416*i ; -0.144487264266648*i - 2*r + 0.44850124302574
4701,0.805225364520637,B0*Abs(s)**(3/2) - i*Abs(s)**(3/2) + i*sqrt(Abs(s)) ; i,-i*Abs(s)**(3/2) + i*sqrt(Abs(s)) + 0.0415749377318396*Abs(s)**(3/2) ; i
4702,0.8050998040461884,B0*i*s + i*s**2 ; i,i*s**2 + 0.320372459205806*i*s ; i
4703,0.8050799366510186,i**2 + s - sqrt(Abs(s)) ; B0*r + sqrt(Abs(r)),i**2 + s - sqrt(Abs(s)) ; 0.00412382402550699*r + sqrt(Abs(r))
4704,0.8050672078321184,-2*i*s ; i,-2*i*s ; i
4705,0.8048909234962999,B0*i*s**4 + B0*i*s**2 ; r,0.202493427754138*i*s**4 + 0.202493427754138*i*s**2 ; r
4706,0.8048080731607224,B1*sqrt(Abs(B0 + i + s)) ; i*r - r**2 - r*sqrt(Abs(i)) + Abs(i)**(3/2),0.0488229285606471*sqrt(Abs(i + s - 0.418676279616701)) ; i*r - r**2 - r*sqrt(Abs(i)) + Abs(i)**(3/2)
4707,0.8047799349820005,-i*s + i*sqrt(Abs(s)) ; -r + sqrt(Abs(i)) + sqrt(Abs(r)),-i*s + i*sqrt(Abs(s)) ; -r + sqrt(Abs(i)) + sqrt(Abs(r))
4708,0.8046833192245327,B0*Abs(i*s - i)**(1/8) ; sqrt(Abs(B1*r + B2)),0.00729923110108993*Abs(i*s - i)**(1/8) ; sqrt(Abs(2693.09537954169*r + 40504.1881471087))
4709,0.8046213683681248,B0*i - i**2 + i*s ; B1*r + B2*i*r,-i**2 + i*s - 0.569746533301546*i ; 0.00592744018893523*i*r + 0.0839878867880427*r
4710,0.8046213683672366,B0*i + 2*i*s ; B1*sqrt(Abs(i))*sqrt(Abs(r)),2*i*s - 1.56974318054991*i ; 0.214303024944985*sqrt(Abs(i))*sqrt(Abs(r))
4711,0.8044471468316443,B0 + B1*i + B2*i*s + B2*s**2 ; B3*r - i*r + r**2,41.1574209118734*i*s + 41.1167724856614*i + 41.1574209118734*s**2 - 41.1069497917602 ; -i*r + r**2 + 42.747640408205*r
4712,0.8044437330763998,sqrt(Abs(B0 + B1*s)) ; i*r**3 + r**3*sqrt(Abs(i)),sqrt(Abs(0.00123824019065162*s + 0.000228463639341394)) ; i*r**3 + r**3*sqrt(Abs(i))
4713,0.8044312907571212,sqrt(Abs(B0 + B1*i)) ; r**4 + r**3*sqrt(Abs(i)),sqrt(Abs(0.00125052090340806*i - 0.00149600996376033)) ; r**4 + r**3*sqrt(Abs(i))
4714,0.8042503695740056,B0*s + s*sqrt(Abs(i)) ; r*sqrt(Abs(B1 + B2*r)),s*sqrt(Abs(i)) - 0.178307512316912*s ; r*sqrt(Abs(0.000710542917508122*r + 0.732130417450466))
4715,0.804080678032408,s*sqrt(Abs(B0*s**2 + i*s**2)) ; B1*i + Abs(i)**(3/2)*sqrt(Abs(r)),s*sqrt(Abs(i*s**2 - 0.0225370286933288*s**2)) ; 2.63545026580569*i + Abs(i)**(3/2)*sqrt(Abs(r))
4716,0.8039358289585402,s*sqrt(Abs(B0*i - i**2 + 2*i*s)) ; B1 + i,s*sqrt(Abs(i**2 - 2*i*s + 1.8425568932033*i)) ; i + 0.0420041789648829
4717,0.8039328175136984,B0*sqrt(Abs(i**2 - Abs(i)**(3/2))) ; B1*r + B2*i*r,0.069293521807198*sqrt(Abs(i**2 - Abs(i)**(3/2))) ; 10.9427985475233*i*r + 48.2017240426985*r
4718,0.8039315892434626,B0*i ; -i - r + Abs(r)**(5/2),0.00742669283812347*i ; -i - r + Abs(r)**(5/2)
4719,0.8039200832898529,-i**2 - i + s ; -2*r,-i**2 - i + s ; -2*r
4720,0.80388897243849,B0*i + s*Abs(i)**(3/2) ; B1*sqrt(Abs(r)),-0.0278748557683543*i + s*Abs(i)**(3/2) ; 0.0162388559240797*sqrt(Abs(r))
4721,0.8038879471728329,B0*sqrt(Abs(i*s + i + s**2)) + i ; i,i - 0.000445691378630754*sqrt(Abs(i*s + i + s**2)) ; i
4722,0.803749229332317,B0*s + s*sqrt(Abs(i)) ; B1*r,s*sqrt(Abs(i)) - 0.164387400772381*s ; 0.176953456969938*r
4723,0.8037444603623105,B0*Abs(i)**(1/4)*Abs(s)**(1/8) ; B1*Abs(r)**(3/2) + r**2,0.0190633443436378*Abs(i)**(1/4)*Abs(s)**(1/8) ; r**2 + 2.24531511125089*Abs(r)**(3/2)
4724,0.8036194759483156,B0*i + i*s + i*sqrt(Abs(s)) ; B1*Abs(r)**(5/4),i*s + i*sqrt(Abs(s)) - 1.60704782356318*i ; 0.361903242389629*Abs(r)**(5/4)
4725,0.8036194759413267,B0*i + i*s + i*sqrt(Abs(s)) ; B1*Abs(r)**(1/4),i*s + i*sqrt(Abs(s)) - 1.60704839231697*i ; 8.28143956646729*Abs(r)**(1/4)
4726,0.8036194757699268,B0*i + i*s + i*sqrt(Abs(s)) ; B1*r + B2*r**2,i*s + i*sqrt(Abs(s)) - 1.60699570513968*i ; 0.0795569907974757*r**2 + 7.90468337502078*r
4727,0.8036194740567403,B0*i + i*s + i*sqrt(Abs(s)) ; B1*Abs(r)**(3/2),i*s + i*sqrt(Abs(s)) - 1.60694530458399*i ; 33.4966146269298*Abs(r)**(3/2)
4728,0.8035599485600915,B0*Abs(i)**(1/8)*Abs(s)**(1/8) ; i,0.0288474645741819*Abs(i)**(1/8)*Abs(s)**(1/8) ; i
4729,0.8035215715867957,B0*i ; sqrt(Abs(B1*i + B1*r + B2)),-0.00224362043278631*i ; sqrt(Abs(0.0327865465933899*i + 0.0327865465933899*r - 0.00636345485195483))
4730,0.803433458836702,B0*i + B1*i**2*s**2 ; 2*r,-2.44438465811002*i**2*s**2 + 0.366281817405741*i ; 2*r
4731,0.8033362025558246,B0*i - i*sqrt(Abs(i - s)) ; B1 + i - 2*r + sqrt(Abs(B2 + r)),-i*sqrt(Abs(i - s)) + 0.804301443578197*i ; i - 2*r + sqrt(Abs(r - 0.0254998863115345)) + 0.2054113477336
4732,0.8032592518545322,B0*i - i*s ; i + sqrt(Abs(B1 - i + sqrt(Abs(r)))),-i*s + 0.885460762272025*i ; i + sqrt(Abs(i - sqrt(Abs(r)) + 0.566567043682098))
4733,0.8032238408614429,B0*sqrt(Abs(s)) ; B1*i**3 + B1*Abs(i)**(7/2),0.0341022602445295*sqrt(Abs(s)) ; 0.0134752353953778*i**3 + 0.0134752353953778*Abs(i)**(7/2)
4734,0.8030266664169848,B1*i*Abs(B0 + s)**(1/4) ; 2*r,0.06035169307182*i*Abs(s - 0.802367632505487)**(1/4) ; 2*r
4735,0.8030234469646742,Abs(B0 + B1*s)**(1/4) ; B2*i*r**2 + B2*r*Abs(i)**(3/2),Abs(2.57574751662795e-7*s + 2.90527822471159e-8)**(1/4) ; 0.108904447178509*i*r**2 + 0.108904447178509*r*Abs(i)**(3/2)
4736,0.8029662271697817,B0*s + B0*sqrt(Abs(i)) ; B1*r + B2*i*r**3,0.0218212326485941*s + 0.0218212326485941*sqrt(Abs(i)) ; 0.0022003210695*i*r**3 + 99.651105535893*r
4737,0.8029440954651366,B0*sqrt(Abs(i)) ; sqrt(Abs(B1*i*r**2 + i + r)),0.0013336092759793*sqrt(Abs(i)) ; sqrt(Abs(94.3587674150555*i*r**2 + i + r))
4738,0.8028904858192841,B0*Abs(i)**(1/4) ; B1 - i + sqrt(Abs(B2*r + r**2)),0.00419967538027851*Abs(i)**(1/4) ; -i + sqrt(Abs(r**2 - 8.04757389740047*r)) + 2.34949890647259
4739,0.802888065904452,sqrt(Abs(B0*i + B0*sqrt(Abs(B1 + 2*i)))) ; B2 - i + sqrt(Abs(r)),sqrt(Abs(2.04724639805446e-6*i + 2.04724639805446e-6*sqrt(Abs(2*i + 9.91740432450477)))) ; -i + sqrt(Abs(r)) + 9.83620640117934
4740,0.8028653223488449,B0*sqrt(Abs(s)) + B1*Abs(s)**(3/2) + i*Abs(s)**(3/2) ; i,i*Abs(s)**(3/2) - 0.029095880420229*Abs(s)**(3/2) + 0.0350126600684375*sqrt(Abs(s)) ; i
4741,0.802859244917242,B0*sqrt(Abs(i)) ; Abs(B1 + B2*r**2 + B2*r)**(1/4),0.00132822825400043*sqrt(Abs(i)) ; Abs(3497.37668928637*r**2 + 3497.37668928637*r + 2404.42538163489)**(1/4)
4742,0.8028244109808181,B0*s ; sqrt(Abs(B1 + B2*r + i*r**2 - i*r)),0.0474934700847433*s ; sqrt(Abs(i*r**2 - i*r + 0.0327912864341467*r + 0.414295013663726))
4743,0.8027765608557922,B0*i ; B4*sqrt(Abs(B1 + B2*r + B3*i)),-0.000131592483913464*i ; 58.4471915649527*sqrt(Abs(-39.7345272492564*i + 7.4819384657315*r + 28.4422000909445))
4744,0.8027567531513544,B0 + B1*i + B1*s ; -i + sqrt(Abs(i**2 + i*r - r)),0.00023437812807869*i + 0.00023437812807869*s + 0.0128906218914747 ; -i + sqrt(Abs(i**2 + i*r - r))
4745,0.8027567374999521,B1*sqrt(Abs(B0 + i)) ; -r**2 + r*sqrt(Abs(i**2 - r)),1.60340241454253e-5*sqrt(Abs(i + 669740.166986939)) ; -r**2 + r*sqrt(Abs(i**2 - r))
4746,0.8027567307547334,B1*sqrt(Abs(B0 + 2*i + s)) ; r**2 + r*sqrt(Abs(B2 + r**2)),1.75798877368083e-5*sqrt(Abs(2*i + s + 556906.286566024)) ; r**2 + r*sqrt(Abs(r**2 + 0.000101240295524003))
4747,0.8027460998437587,B1*sqrt(Abs(B0 + 2*i**2)) ; 2*r,0.000309067212907324*sqrt(Abs(2*i**2 + 1790.95773320874)) ; 2*r
4748,0.8027028162813686,B0*i + B2*i*sqrt(Abs(B1 + i)) ; B5*sqrt(Abs(B3 + B4*i)),-0.295415413344582*i*sqrt(Abs(i + 0.236063475318734)) - 1.36561732083036*i ; 0.356377811503539*sqrt(Abs(0.289311241840705*i + 0.00376585636242148))
4749,0.8026095398555234,B0*i**3 + B1*i**2*s ; r,-7.36897848642052*i**3 + 4.45742042159043*i**2*s ; r
4750,0.8023274549151425,B1*Abs(B0*s + i*s)**(1/8) ; r,0.0117913378084745*Abs(i*s + 19.9441849838942*s)**(1/8) ; r
4751,0.8023018731664361,B0 - i ; B1*i + 2*i*r,0.014248754497699 - i ; 2*i*r + 0.871519487925964*i
4752,0.8022836538803275,-i*s + s*Abs(i)**(5/2) ; B0*i + i*r - i*sqrt(Abs(r)),-i*s + s*Abs(i)**(5/2) ; i*r - i*sqrt(Abs(r)) + 2.15912875610342*i
4753,0.8022767775894971,Abs(i)**(3/4)*Abs(s)**(3/2) ; i,Abs(i)**(3/4)*Abs(s)**(3/2) ; i
4754,0.8022232690908049,B0*i**2 + i*s ; r,-5.22232030967701*i**2 + i*s ; r
4755,0.8022027612396103,B0*i*s + B0*i + B0*s ; i + sqrt(Abs(i + r + sqrt(Abs(i)))),-0.00821872140821036*i*s - 0.00821872140821036*i - 0.00821872140821036*s ; i + sqrt(Abs(i + r + sqrt(Abs(i))))
4756,0.8021587014409874,B0 + B1*i + B2*s ; B3 + 2*i - sqrt(Abs(r)),1.02861880442507*i + 4.07755837658817*s + 86.4566517100431 ; 2*i - sqrt(Abs(r)) - 25.8417818300199
4757,0.8018893098932941,i*sqrt(Abs(B0*i + i**2 - 2*i*s)) ; B1 + B2*r + i,i*sqrt(Abs(-i**2 + 2*i*s + 0.586161607161292*i)) ; i - 0.00939732622166651*r - 0.059847240804005
4758,0.801758233482027,B0*sqrt(Abs(i)) ; B1 + 2*i**2*r,0.0608327180871344*sqrt(Abs(i)) ; 2*i**2*r + 0.000815362863780427
4759,0.8016843737454544,B0*i*sqrt(Abs(i - sqrt(Abs(s)))) ; B1*r,0.032102574961797*i*sqrt(Abs(i - sqrt(Abs(s)))) ; 0.00361381887024284*r
4760,0.8015900609327137,B0*s + Abs(i)**(1/8)*Abs(s)**(3/2) ; B1 + i,-0.651375277194581*s + Abs(i)**(1/8)*Abs(s)**(3/2) ; i + 0.0972665476372588
4761,0.8015511164006283,B0*i*sqrt(Abs(s)) ; i*r*sqrt(Abs(B1 + sqrt(Abs(i)))),0.030321913399377*i*sqrt(Abs(s)) ; i*r*sqrt(sqrt(Abs(i)) + 5.35856477561905)
4762,0.8015321059370997,B0*s + s*Abs(i)**(1/4) ; B1*Abs(r)**(7/4),s*Abs(i)**(1/4) - 0.434682827695385*s ; 0.000526220288799137*Abs(r)**(7/4)
4763,0.8015214981256876,B0*Abs(i)**(3/2) + i**2 ; i**2,i**2 + 0.0706140898923041*Abs(i)**(3/2) ; i**2
4764,0.8015017048661398,B0*i*sqrt(Abs(s + sqrt(Abs(s)))) ; sqrt(Abs(r)),0.0209370734099114*i*sqrt(Abs(s + sqrt(Abs(s)))) ; sqrt(Abs(r))
4765,0.8014292896476559,2*i**2*s + 2*i**2 ; B0*i + B1*r,2*i**2*s + 2*i**2 ; 2.72375224959732*i - 0.135788803298255*r
4766,0.8014142198367772,B0*i*Abs(s)**(1/8) ; r*Abs(B1 + i - r)**(1/4),0.0285674412657744*i*Abs(s)**(1/8) ; r*Abs(i - r + 0.0217748432392397)**(1/4)
4767,0.8014043620245136,B0*s - Abs(s)**(5/4) ; B1 + i - r + Abs(r)**(1/4),3.13753683823685*s - Abs(s)**(5/4) ; i - r + Abs(r)**(1/4) + 0.000100910560097546
4768,0.8013971346570423,B0*i + B1*i**2 ; i + r,-0.00061437369103247*i**2 - 0.00309613086961314*i ; i + r
4769,0.8013915870821475,B0*s**2 - i*s**2 ; B1 + B2*i**2 + B2*i*r + r,-i*s**2 + 0.18208347695335*s**2 ; 2.67080808940704*i**2 + 2.67080808940704*i*r + r - 0.0310846865603641
4770,0.8013868308636695,-i**2 + i*sqrt(Abs(s - sqrt(Abs(s)))) ; B0 - i*r + i - r,-i**2 + i*sqrt(Abs(s - sqrt(Abs(s)))) ; -i*r + i - r - 0.106334974814068
4771,0.8013732750749838,B0*i ; B1*r + r**3,0.0280463232337412*i ; r**3 + 0.00160514574541429*r
4772,0.8013732750597649,B0*i ; B1*r + B2*i*r,0.0280477871804961*i ; 0.00482646180745303*i*r + 0.000144812191117119*r
4773,0.8013732750013659,B0*i ; B1*r*Abs(i + r)**(1/4),0.02804453629745*i ; 0.0481374233939074*r*Abs(i + r)**(1/4)
4774,0.801373274920901,B0*i ; B1*r + B2*r**2,0.0280498692581147*i ; 12.2751270718517*r**2 + 1.30403140561711*r
4775,0.8013732717471485,B0*i ; B1*Abs(r)**(1/4) + 2*r,0.0280322349065212*i ; 2*r + 0.454298486818779*Abs(r)**(1/4)
4776,0.8013730544448753,B0*i ; 2*r - sqrt(Abs(i))*sqrt(Abs(r)),0.0279283293680062*i ; 2*r - sqrt(Abs(i))*sqrt(Abs(r))
4777,0.8013730364249874,B0*i ; 2*i*r + r,0.027923568377582*i ; 2*i*r + r
4778,0.8012008795027445,s*Abs(B0*i + i**2)**(1/4) ; B1 + B2*i,s*Abs(i**2 - 0.0181398306238373*i)**(1/4) ; 0.126910973003568*i + 0.0844897733282163
4779,0.8011692594141226,B0*s + s**3 + s**2 ; sqrt(Abs(B1 + r)),s**3 + s**2 - 1.94848073714421*s ; sqrt(Abs(r + 0.00300788650149707))
4780,0.8011614074906036,B0*Abs(s)**(3/2) + s**2 ; i**2,s**2 - 0.951700209563484*Abs(s)**(3/2) ; i**2
4781,0.8009936204834326,B0*i*s**2 + B0*s**3 ; i,0.0427127193416687*i*s**2 + 0.0427127193416687*s**3 ; i
4782,0.8007712150156832,B0 + sqrt(Abs(s)) ; sqrt(Abs(B1 + B2*sqrt(Abs(i)) - r)),sqrt(Abs(s)) - 0.957619301274922 ; sqrt(Abs(-r + 0.206060396230199*sqrt(Abs(i)) + 0.0124700570494942))
4783,0.8007711934039209,B0 + sqrt(Abs(s)) ; sqrt(Abs(B1 + r - sqrt(Abs(B2 + i)))),sqrt(Abs(s)) - 0.957723660222489 ; sqrt(Abs(r - sqrt(Abs(i + 0.000291277960364494)) + 0.448976786207726))
4784,0.8007437999508132,B0*Abs(s)**(3/2) - Abs(s)**(5/2) ; i,-Abs(s)**(5/2) + 0.980007434355967*Abs(s)**(3/2) ; i
4785,0.8006909514192907,B0*i*s + B0*s**2 + B1*s**3 ; -2*i + r - sqrt(Abs(i)),0.000750017381184437*i*s - 0.0285691561245664*s**3 + 0.000750017381184437*s**2 ; -2*i + r - sqrt(Abs(i))
4786,0.8006908390298589,B0*i + i**2 - i*s ; i,i**2 - i*s + 1.79158966328894*i ; i
4787,0.800679240843327,B0*i + i*s - Abs(i)**(3/2) ; r + sqrt(Abs(r)),i*s - 0.311493302244753*i - Abs(i)**(3/2) ; r + sqrt(Abs(r))
4788,0.8006765108439281,B0*Abs(i**2 - i*s)**(1/4) ; B1*r + i*r + r*sqrt(Abs(i)),0.0172802271555681*Abs(i**2 - i*s)**(1/4) ; i*r + r*sqrt(Abs(i)) + 0.224499947397505*r
4789,0.8005401009540736,B0*Abs(i)**(5/4) ; B1*r + B2*i*r,0.0510518757251027*Abs(i)**(5/4) ; 0.000134121331284841*i*r + 1.8431501993622*r
4790,0.8002784639516417,sqrt(Abs(i)) - sqrt(Abs(B0 + i + s)) ; Abs(i)**(1/4),sqrt(Abs(i)) - sqrt(Abs(i + s - 0.932347883679812)) ; Abs(i)**(1/4)
4791,0.8002287713684263,B0*s**2 ; B1*r + i*r + 2*r**2,0.0453526986455085*s**2 ; i*r + 2*r**2 + 0.122879484631658*r
4792,0.8001906752786088,B0*i + i**2 - s ; i*r,i**2 - 2.99504680450138*i - s ; i*r
4793,0.8000176194635097,s*sqrt(Abs(s + sqrt(Abs(B0 + i)))) ; i*sqrt(Abs(r)),s*sqrt(Abs(s + sqrt(Abs(i + 112.940434930884)))) ; i*sqrt(Abs(r))
4794,0.7999821283905078,B0*i**2 + B0*i*s ; -i + r + sqrt(Abs(r - sqrt(Abs(i))*sqrt(Abs(r)))),1.28166320507883e-6*i**2 + 1.28166320507883e-6*i*s ; -i + r + sqrt(Abs(r - sqrt(Abs(i))*sqrt(Abs(r))))
4795,0.7998906482076539,B0*i + B1*i**3 + B1*i**2*s ; -i - r + sqrt(Abs(B2 + B3*sqrt(Abs(i)))),-0.391066672989747*i**3 - 0.391066672989747*i**2*s - 0.0474551202440807*i ; -i - r + sqrt(Abs(1.12708316845065*sqrt(Abs(i)) - 1.09053789796253))
4796,0.7998587901910144,B0*i + B0*s + B0*sqrt(Abs(B1 + 2*i)) ; B2*sqrt(Abs(r))*Abs(i**2 - i*r)**(1/4),0.00892299868928164*i + 0.00892299868928164*s + 0.00892299868928164*sqrt(Abs(2*i - 2.33139265771064)) ; 0.00703652821651915*sqrt(Abs(r))*Abs(i**2 - i*r)**(1/4)
4797,0.799853637752334,B0*s + i + s**2 ; B1 + i,i + s**2 - 1.02643245432792*s ; i - 0.0715959959844143
4798,0.7997358889815616,B0*i ; sqrt(Abs(i*r - i + r**2)),-8.36176020820512e-5*i ; sqrt(Abs(i*r - i + r**2))
4799,0.7997242578407345,B0*i**2 ; B2*Abs(B1 + i*r + r)**(1/4),33.0656162576091*i**2 ; 0.0154511199263955*Abs(i*r + r + 0.540849438253895)**(1/4)
4800,0.7997174741953397,B0 + i - Abs(i)**(3/2) ; i - r,i - Abs(i)**(3/2) - 0.00711977721065768 ; i - r
4801,0.7997037606744843,B0 + B1*i + B1*s**2 + B1*s ; B2 - i + r,0.00321421735390059*i + 0.00321421735390059*s**2 + 0.00321421735390059*s - 0.30892463756115 ; -i + r - 234.209863027624
4802,0.7996921268138124,2*i**2 + 2*i*s ; B0 + sqrt(Abs(B1 + i)),2*i**2 + 2*i*s ; sqrt(Abs(i + 0.00956903199480808)) - 0.136655518862934
4803,0.7996262402953617,B0*i**2*s**2 ; r,0.51391015762068*i**2*s**2 ; r
4804,0.7996261872950426,B0*i**2*s**2 ; i*Abs(r)**(3/2) + r,0.51321620740886*i**2*s**2 ; i*Abs(r)**(3/2) + r
4805,0.7995938571609629,B0*i*s + B1*s*sqrt(Abs(i - s)) ; B2*sqrt(Abs(2*i**3 - i**2*r)),0.282220215193466*i*s + 0.00333395843822632*s*sqrt(Abs(i - s)) ; 0.0374437118060387*sqrt(Abs(2*i**3 - i**2*r))
4806,0.7995711336104169,B0*i**2 ; B1*Abs(i)**(5/4)*sqrt(Abs(r)),0.467621683307333*i**2 ; 0.000111152452497669*Abs(i)**(5/4)*sqrt(Abs(r))
4807,0.7995711329582292,B0*i**2 ; B1*r + B2*i*r,0.467281306252329*i**2 ; 23.1844849191983*i*r + 0.0341680549552714*r
4808,0.79955440327612,B0*i**2 + B1*i**2*s ; B2*r + i,51.4854275689559*i**2*s + 2.96425818450177*i**2 ; i + 0.0508095593085539*r
4809,0.7994177692979282,i*sqrt(Abs(B0*s + 2*s**2)) ; B1 + i,i*sqrt(Abs(2*s**2 - 0.842041229570178*s)) ; i - 0.00925968566670294
4810,0.7994047273153164,-2*i + sqrt(Abs(B0 + sqrt(Abs(s)))) ; B1 - i - r,-2*i + sqrt(Abs(sqrt(Abs(s)) - 0.990421761133445)) ; -i - r + 0.00759489577641344
4811,0.7993851089614611,B0*i ; sqrt(Abs(B1*i**2 + B1*i*r)),0.132650165002282*i ; sqrt(Abs(0.00463304509526439*i**2 + 0.00463304509526439*i*r))
4812,0.7993719711601117,B0*i + B1*i**2 + B2*i*s + B2*s ; -i + r,-9.54306786331015e-7*i**2 + 0.000606349368575884*i*s + 0.000170948625679989*i + 0.000606349368575884*s ; -i + r
4813,0.7993331400061439,B0*s*Abs(i)**(5/2) ; Abs(i)**(3/2)*sqrt(Abs(r)),2.52075704976355*s*Abs(i)**(5/2) ; Abs(i)**(3/2)*sqrt(Abs(r))
4814,0.7993001740250822,i*sqrt(Abs(B0*i + B1 + B2*s)) ; B3 + i**2*r,i*sqrt(Abs(0.0662873608137667*i - 0.0208540276584148*s + 0.0041407323074178)) ; i**2*r + 0.000239285562654734
4815,0.7992971243753769,B0*i*s + B1*i**2*s + B1*i*s**2 ; B2*sqrt(Abs(i)),0.478351852242442*i**2*s + 0.478351852242442*i*s**2 - 0.0342687738880775*i*s ; 0.033990558610492*sqrt(Abs(i))
4816,0.7992774645061027,sqrt(Abs(B0*i + B0*s + B1*i*s)) ; i*r**3 + r**2*Abs(i)**(3/2),sqrt(Abs(0.00111293062314122*i*s + 0.000502259473592837*i + 0.000502259473592837*s)) ; i*r**3 + r**2*Abs(i)**(3/2)
4817,0.7992047544460392,B0*s + s**2 ; B1 + B2*i + B3*r,s**2 - 0.954037137836719*s ; 1.0154561079032*i + 0.000741865301414933*r + 0.0117752642493945
4818,0.7992047540807158,B0*s + s**2 ; B1 + B2*i + i*r,s**2 - 0.954047625899763*s ; i*r + 0.196474490800783*i + 0.127352399075203
4819,0.7991787380195988,B0*i**3*s ; B1*r + r**2,13.9726419677842*i**3*s ; r**2 + 0.00227240297960076*r
4820,0.7991699663372525,B0 + s ; sqrt(Abs(i + sqrt(Abs(i**2 - i)))),s - 0.955424682332369 ; sqrt(Abs(i + sqrt(Abs(i**2 - i))))
4821,0.7991699663299526,B0 + s ; -i + sqrt(Abs(B1 + sqrt(Abs(B2 - i)))),s - 0.955427484682258 ; -i + sqrt(sqrt(Abs(i - 8.96211087238202)) + 0.129173588534422)
4822,0.7991285032160943,B0*i**3 ; B1*i + i**2 + r,-4.06745441883035*i**3 ; i**2 + 1.68280094611715*i + r
4823,0.7990954116326273,B0 - i + s ; B1*r + B2*r**2,-i + s - 0.915732384107424 ; 0.030049999896102*r**2 + 2.3245462603509*r
4824,0.7990954110611636,B0 + 2*s ; Abs(B1 + 2*i - r)**(1/4),2*s - 1.91576580521 ; Abs(2*i - r + 3.35542577542049)**(1/4)
4825,0.7990373215944717,B0*s - s**2 ; sqrt(Abs(B1*sqrt(Abs(r)) + Abs(r)**(3/2))),-s**2 + 3.14906744065709*s ; sqrt(Abs(r)**(3/2) + 0.405719587429425*sqrt(Abs(r)))
4826,0.7990062369400325,B0*s + s**3 ; B1*Abs(i)**(1/4),s**3 - 0.924755751261642*s ; 0.390003248966676*Abs(i)**(1/4)
4827,0.7989994448482504,B0*s**2 + B1*i*s**2 + B1*s**3 ; B2 + B3*sqrt(Abs(i)),-0.00750343390711036*i*s**2 - 0.00750343390711036*s**3 + 0.027261291024023*s**2 ; 1.21881466023199*sqrt(Abs(i)) - 0.152978604013709
4828,0.7989642592570007,B0*Abs(s)**(5/2) - s ; B1 - 2*r + sqrt(Abs(i)),-s + 1.05893299462059*Abs(s)**(5/2) ; -2*r + sqrt(Abs(i)) + 0.679178782593026
4829,0.798899062706155,B0*Abs(i)**(1/4) ; B1*r - i*r + r**2,0.0128067265069728*Abs(i)**(1/4) ; -i*r + r**2 + 0.000896665565474259*r
4830,0.7988990513994313,B1*Abs(B0*i + i**2)**(1/4) ; r**2,0.000104310845876304*Abs(i**2 + 226758359.596365*i)**(1/4) ; r**2
4831,0.7988005521088509,B0*i*s**2 + B1*i*s*sqrt(Abs(i + s)) ; B2 + r,0.00172748030022219*i*s**2 - 2.46026876855921e-5*i*s*sqrt(Abs(i + s)) ; r - 0.00111990245823613
4832,0.7987817607285579,B0*sqrt(Abs(i)) ; sqrt(Abs(B1*sqrt(Abs(i))*sqrt(Abs(r)) + r)),0.0135420274424094*sqrt(Abs(i)) ; sqrt(Abs(r + 55.3394826576442*sqrt(Abs(i))*sqrt(Abs(r))))
4833,0.7987535438586579,i*sqrt(Abs(i - s + sqrt(Abs(s)))) ; i,i*sqrt(Abs(i - s + sqrt(Abs(s)))) ; i
4834,0.7986878968254219,Abs(i)**(3/2)*Abs(s)**(1/8) ; i,Abs(i)**(3/2)*Abs(s)**(1/8) ; i
4835,0.7986093292395312,-i*s - s**2 + s ; r,-i*s - s**2 + s ; r
4836,0.7986093292395312,-i*s - s**2 + s ; B0 + 2*r,-i*s - s**2 + s ; 2*r
4837,0.7986016017913372,i**3 - i**2 ; B0 + i,i**3 - i**2 ; i + 0.000112462045207957
4838,0.7985875249228319,B0*i**2*s ; B1 + B2*r + r**2,-2.8819985475269*i**2*s ; r**2 - 1.64137502637325*r + 0.0317010957559535
4839,0.798583921830811,B0*i*Abs(s)**(1/16) ; sqrt(Abs(B1*r + i)),-0.000154649048663499*i*Abs(s)**(1/16) ; sqrt(Abs(i - 119.551475188233*r))
4840,0.7985777151249591,s*sqrt(Abs(B0*s + i*s)) ; i,s*sqrt(Abs(i*s - 0.0669850694387517*s)) ; i
4841,0.7981489393776192,-i*sqrt(Abs(s)) ; B0*i**2*r + i,-i*sqrt(Abs(s)) ; 1641.86236199895*i**2*r + i
4842,0.7979530571086121,i**2*s + i*Abs(s)**(3/2) ; B0 + sqrt(Abs(i)) - sqrt(Abs(r)),i**2*s + i*Abs(s)**(3/2) ; sqrt(Abs(i)) - sqrt(Abs(r)) + 0.0068243585725385
4843,0.7979269789544576,B0*sqrt(Abs(s)) + B1*Abs(s)**(3/2) + B2*i*sqrt(Abs(s)) ; i,0.257431856104971*i*sqrt(Abs(s)) + 0.00559784113185307*Abs(s)**(3/2) + 0.0269444525919948*sqrt(Abs(s)) ; i
4844,0.7978733700837326,B1*Abs(B0*i + i**2*s)**(1/4) ; sqrt(Abs(i**2 - i*r)),0.00207681426014423*Abs(i**2*s + 28.837554893875*i)**(1/4) ; sqrt(Abs(i**2 - i*r))
4845,0.7978397596515509,B0*i*s + i**3*s ; sqrt(Abs(r)),i**3*s + 0.239423237351449*i*s ; sqrt(Abs(r))
4846,0.7976497785125491,Abs(i)**(3/2) ; B0*i + B1*sqrt(Abs(i - r)),Abs(i)**(3/2) ; 2.86701633871558*i + 0.184748803347488*sqrt(Abs(i - r))
4847,0.7975959903491263,B0 - i + sqrt(Abs(B1 - i + 2*s)) ; 2**(1/16)*Abs(r)**(1/16),-i + sqrt(Abs(i - 2*s + 0.668116155540529)) - 0.807018719897417 ; 2**(1/16)*Abs(r)**(1/16)
4848,0.7975391777086932,i**3 - i**2 ; sqrt(Abs(B0*r - r*sqrt(Abs(i)))),i**3 - i**2 ; sqrt(Abs(r*sqrt(Abs(i)) - 0.918830337551633*r))
4849,0.7974607528500657,B0*i*s + B1*i**2*s + B1*i*s**2 ; r,4264.54928361274*i**2*s + 4264.54928361274*i*s**2 - 4264.25078501302*i*s ; r
4850,0.7974607528278949,B0*i*s ; B1*i*r + B2*i**2*r + B2*i*r**2,0.298495942027614*i*s ; 0.00279057546970259*i**2*r + 0.00279057546970259*i*r**2 + 2.00441686626831*i*r
4851,0.7974607520850265,i*sqrt(Abs(B0*s**2 + i*s**2 + s**3)) ; r,i*sqrt(Abs(i*s**2 + s**3 - 0.910889393654749*s**2)) ; r
4852,0.7973427204077316,B0*i*s + i**2 ; B1*sqrt(Abs(r)),i**2 - 1.23475106509129*i*s ; 0.349141218105112*sqrt(Abs(r))
4853,0.7972730355903977,B1*Abs(B0 + i)**(1/16) ; sqrt(Abs(B2*sqrt(Abs(i)) + B3*r)),0.0106862513901779*Abs(i + 134.095298869779)**(1/16) ; sqrt(Abs(0.435501803874235*r - 0.140428806176633*sqrt(Abs(i))))
4854,0.7970928688600979,i*sqrt(Abs(s**3 - s)) ; B0*i,i*sqrt(Abs(s**3 - s)) ; 0.376194325878647*i
4855,0.7970328476967379,-s**2 + Abs(s)**(5/2) ; B0 + i,-s**2 + Abs(s)**(5/2) ; i + 0.0260094982905058
4856,0.796402666396235,B0*i + B1*s ; B2*i*r - i**2*r + i*r**2,0.00981028979247665*i + 0.0504463817889144*s ; -i**2*r + i*r**2 + 0.0232104722327589*i*r
4857,0.7964025489005394,B0 + B1*i + B2*s + i*s + s**2 ; r,i*s + 0.0529370154773787*i + s**2 - 0.906509841703958*s - 0.0430785055672781 ; r
4858,0.7963192686693511,B1*sqrt(Abs(B0 + 2*i)) + s ; i,s - 0.961245518613555*sqrt(Abs(2*i + 0.7908095161088)) ; i
4859,0.7962688761165451,sqrt(2)*s*Abs(i)**(3/2) ; i**3,sqrt(2)*s*Abs(i)**(3/2) ; i**3
4860,0.7960380861513053,B0 + i*s*sqrt(Abs(i + s)) + i*s ; B1 + 2*i,i*s*sqrt(Abs(i + s)) + i*s + 0.00663582291994044 ; 2*i - 0.00212153303530765
4861,0.7956791873884003,B0*i + i**2 + 2*i*s ; B1*i*Abs(r)**(1/4),i**2 + 2*i*s - 1.63187544841565*i ; 0.000202622220340231*i*Abs(r)**(1/4)
4862,0.7954941787703544,B0*i ; B1*i + B2*i**2 - i*r,0.771925151774791*i ; -52.2373429579002*i**2 - i*r + 1.83173848757786*i
4863,0.7951569327185942,B0*i + i**2 ; i + sqrt(Abs(B2 + sqrt(Abs(B1*i + i**2)))),i**2 - 0.130768535412136*i ; i + sqrt(Abs(sqrt(Abs(i**2 + 0.135275601509246*i)) - 0.0743137678923287))
4864,0.7950286146429889,B0*i + B0*s + B0*sqrt(Abs(i))*sqrt(Abs(s)) ; B1*r - i*r,0.0101639718290984*i + 0.0101639718290984*s + 0.0101639718290984*sqrt(Abs(i))*sqrt(Abs(s)) ; -i*r + 0.00048809837030988*r
4865,0.7950112265164082,B0*i + B1*i**3 + B1*i**2*s ; sqrt(Abs(B2 + B3*i + B4*r)),-0.205637347442008*i**3 - 0.205637347442008*i**2*s - 0.275074078172902*i ; sqrt(Abs(0.014434313174682*i - 0.00356790411198108*r + 0.00515351156903331))
4866,0.7949986937614252,B0*sqrt(Abs(i)) ; B1 - i*r**2 + i*r + i,0.130594283713674*sqrt(Abs(i)) ; -i*r**2 + i*r + i + 0.0227149764541425
4867,0.7949907178749945,B0*i*s - 2*i*s**2 ; B1 - i,-2*i*s**2 + 0.00124641452283602*i*s ; 0.0148708264176798 - i
4868,0.7948949121416795,B0*i**2 + B1*i**3 ; B2 + r,-3.52108369209036e-8*i**3 - 2.18788183805178e-6*i**2 ; r + 15.8980560427697
4869,0.7948459273310848,B0*s - s*sqrt(Abs(i - s)) ; B1 - r,-s*sqrt(Abs(i - s)) + 1.24847418361062*s ; 1.06146760256867 - r
4870,0.7948335662606868,B0*i ; B1*i + i**2*r - i*r,-0.000133279119986911*i ; i**2*r - i*r + 5.63577084111106*i
4871,0.7948101763464862,B0 + i**2 ; B1 + B2*i + 2*i**2,i**2 + 0.0130540293409212 ; 2*i**2 + 0.157954185221996*i + 0.0117589071409469
4872,0.7947961671890317,B0*s ; B3*sqrt(Abs(B1*i*r + B1*r**2 + B2*r)),2.71902941115222*s ; 68.5978070108898*sqrt(Abs(0.000155119269132693*i*r + 0.000155119269132693*r**2 + 0.000180207431543355*r))
4873,0.7947912297874237,B0*i ; i*sqrt(Abs(3*i - r)),0.104690182380124*i ; i*sqrt(Abs(3*i - r))
4874,0.794787929809425,B0*i + B2*sqrt(Abs(B1 + s)) ; r*sqrt(Abs(B3*i**2 - i**3 + i**2*r)),-0.220509749951623*i + 0.236978791021337*sqrt(Abs(s - 0.967484324098807)) ; r*sqrt(Abs(-i**3 + i**2*r + 0.0547401989500843*i**2))
4875,0.7945880381100437,B0 + B2*sqrt(Abs(B1 + s)) ; sqrt(Abs(B3*i*r + 2*i**2*r)),0.048358650308315*sqrt(Abs(s + 0.0935357744017531)) - 0.000355398617914012 ; sqrt(Abs(2*i**2*r + 0.00424054477213692*i*r))
4876,0.7943698822059243,B0*sqrt(Abs(i)) + s*sqrt(Abs(i)) ; i**2 - i*sqrt(Abs(r)) - i,s*sqrt(Abs(i)) - 0.898194591828037*sqrt(Abs(i)) ; i**2 - i*sqrt(Abs(r)) - i
4877,0.7943376320018616,B0 - i ; i - sqrt(Abs(B1 + i + 2*r)),0.214149715550608 - i ; i - sqrt(Abs(i + 2*r + 0.139548592657273))
4878,0.794264441699388,s*sqrt(Abs(B0 + 2*s)) ; sqrt(Abs(B1*i + B2 + B3*r)),s*sqrt(Abs(2*s - 7.72653340105492)) ; sqrt(Abs(0.00401783097961819*i + 7.82168508578962*r + 0.000112057389116278))
4879,0.7941996385027079,i*s**2 ; B0 - i - r,i*s**2 ; -i - r + 0.0511254142614851
4880,0.7940624195695621,sqrt(2)*i ; B0*i**2 + B1*i**3,sqrt(2)*i ; -445.570435597212*i**3 + 138.246138782609*i**2
4881,0.7937353986794865,B0*i + 2*i**2 + i*s ; i,2*i**2 + i*s + 0.186526433682939*i ; i
4882,0.7937349431670978,-i**2 + 2*i*s ; B0 + B1*i - r,-i**2 + 2*i*s ; 1.51088000030772*i - r + 0.0427019979906775
4883,0.7935473995360606,i**2*s + i*s**2 ; i,i**2*s + i*s**2 ; i
4884,0.7934300350381046,Abs(i)**(3/2) ; B0*i + 2*i**2,Abs(i)**(3/2) ; 2*i**2 + 0.101652470580529*i
4885,0.7933595422097485,B0*i ; r*sqrt(Abs(i))*Abs(B1 + r)**(1/4),0.0280494568436186*i ; r*sqrt(Abs(i))*Abs(r + 11.3076951384775)**(1/4)
4886,0.7933595420990082,B0*sqrt(Abs(i + s**2 - s)) ; B1*r,0.0280505346997764*sqrt(Abs(i + s**2 - s)) ; 0.00332175523510334*r
4887,0.7933595408393638,B0*i ; i*sqrt(Abs(B1*r - i*r)),0.0280564536763645*i ; i*sqrt(Abs(i*r - 0.000825175990533001*r))
4888,0.7933595379105737,B0*i**2 + B0*i*s ; B1*sqrt(Abs(i))*sqrt(Abs(r)),0.0280299533517298*i**2 + 0.0280299533517298*i*s ; 24.5609632215134*sqrt(Abs(i))*sqrt(Abs(r))
4889,0.7930947689178478,B0*i - i*sqrt(Abs(i - s)) ; B1 + B2*i**2 - r,-i*sqrt(Abs(i - s)) + 0.623522137903265*i ; 26.2064485377252*i**2 - r + 0.0514124964596092
4890,0.7930533466410549,i*sqrt(Abs(B0*i - i**2)) ; B1 - r,i*sqrt(Abs(i**2 - 0.0552455665315868*i)) ; 0.0039469191889028 - r
4891,0.7927649321219984,-i**2*s + i*s**2 ; i,-i**2*s + i*s**2 ; i
4892,0.7927635028496266,B0 + sqrt(Abs(s)) ; sqrt(Abs(B1 - i + sqrt(Abs(i))*sqrt(Abs(r)))),sqrt(Abs(s)) - 0.95762414993301 ; sqrt(Abs(-i + sqrt(Abs(i))*sqrt(Abs(r)) + 0.0062781378329977))
4893,0.7927635028419913,B0 + sqrt(Abs(s)) ; sqrt(Abs(B1 - i*r + i + r)),sqrt(Abs(s)) - 0.957617145979766 ; sqrt(Abs(-i*r + i + r + 6.09140195094194))
4894,0.7927634939708992,B0 + sqrt(Abs(s)) ; sqrt(Abs(B1 + i*r + Abs(i)**(3/2))),sqrt(Abs(s)) - 0.957687174071407 ; sqrt(Abs(i*r + Abs(i)**(3/2) + 3.97843212185218))
4895,0.7925347004698987,B0*Abs(i)**(5/4) ; sqrt(Abs(r))*Abs(B1 + B2*i)**(1/4),0.0510813588584176*Abs(i)**(5/4) ; sqrt(Abs(r))*Abs(0.050199438135058*i + 96.1448940729267)**(1/4)
4896,0.7925313825042567,B0*s - s*sqrt(Abs(B1 + i)) ; B2 - i + sqrt(Abs(r)),-s*sqrt(Abs(i + 3.40537726715037)) + 1.88147316907809*s ; -i + sqrt(Abs(r)) - 0.119149708863987
4897,0.7925042233175209,B0*i + B1*i**2 + B1*i*s ; B2 - 2*i + 3*r,8.72133775498357e-5*i**2 + 8.72133775498357e-5*i*s - 0.00858758464779713*i ; -2*i + 3*r + 0.00909323801405412
4898,0.7923889231177348,B0*i**3 + B0*i**2*s ; B1*i**3 + B1*i**2 + B1*i*r,6.3648488076466*i**3 + 6.3648488076466*i**2*s ; 1.97592082733914*i**3 + 1.97592082733914*i**2 + 1.97592082733914*i*r
4899,0.7923214396110987,B0*i - i*sqrt(Abs(i - s)) ; B1 - i - r,-i*sqrt(Abs(i - s)) + 0.501396768381589*i ; -i - r + 0.0552364160437498
4900,0.792253327849157,B0 - Abs(s)**(1/4) + sqrt(Abs(s)) ; B1*r + r**2 - Abs(r)**(3/2),-Abs(s)**(1/4) + sqrt(Abs(s)) + 0.052621942795765 ; r**2 + 0.00542657301356564*r - Abs(r)**(3/2)
4901,0.7922492776908928,B0*s - s*sqrt(Abs(B1 - i)) ; B2 + 2*i,-s*sqrt(Abs(i - 7.48756485898891)) + 6.1630934975359*s ; 2*i - 11.7638284030132
4902,0.7922075755371857,B0*s - s*sqrt(Abs(B1 - s)) ; B2 + 2*i + sqrt(Abs(i)),-s*sqrt(Abs(s - 5.2483530009468)) + 5.66026527967199*s ; 2*i + sqrt(Abs(i)) + 2.43478067486659
4903,0.792067156633511,B0*Abs(i)**(3/2) ; r*sqrt(Abs(B1*Abs(i)**(1/4) + r)),0.101436960760254*Abs(i)**(3/2) ; r*sqrt(Abs(r + 0.0374861282106355*Abs(i)**(1/4)))
4904,0.7920374084357569,B0*i*sqrt(Abs(i**2 + i)) ; r,0.0980796491803854*i*sqrt(Abs(i**2 + i)) ; r
4905,0.7919792459510742,B0 - 2*i + s ; B1*i*r + B1*r**2,-2*i + s - 66.8104568534694 ; 57.6152903377791*i*r + 57.6152903377791*r**2
4906,0.7918057791554297,B0 + B1*s - s*Abs(i)**(1/4) ; r,-s*Abs(i)**(1/4) + 2.29541386075877*s - 1.53867490096612 ; r
4907,0.7915881690644933,B0*i**2*sqrt(Abs(s)) ; -r**2 + r*sqrt(Abs(i)) + r,0.479778114747443*i**2*sqrt(Abs(s)) ; -r**2 + r*sqrt(Abs(i)) + r
4908,0.7915754225616405,B0*i**2 ; r*sqrt(Abs(B1*i + B2*r)),0.467595968823245*i**2 ; r*sqrt(Abs(0.00218428351837521*i + 4.07829871606296*r))
4909,0.7915660895262069,B0*sqrt(Abs(s)) + B1*i*sqrt(Abs(s)) - i**2*sqrt(Abs(s)) ; i,-i**2*sqrt(Abs(s)) + 0.665038199574988*i*sqrt(Abs(s)) + 0.0215215291719131*sqrt(Abs(s)) ; i
4910,0.7914551209354327,B0*i*s + B1*i*s**2 + B2*i**2*s ; B3*r - i*r**2 + i*r + i,-2.50937854291534*i**2*s - 1.89164959561042*i*s**2 + 2.84009491559328*i*s ; -i*r**2 + i*r + i - 0.0803699533425645*r
4911,0.7912239409250384,B0*i**2 + B0*i*s ; Abs(i)**(1/4),2.60424238137798e-7*i**2 + 2.60424238137798e-7*i*s ; Abs(i)**(1/4)
4912,0.7912127022734359,B0*s + s**2 ; sqrt(Abs(B1*i + B2*r**2)),s**2 - 0.953947875799377*s ; sqrt(Abs(0.000132895994608908*i + 4.40248278074823*r**2))
4913,0.7911914790408953,B0 - i + sqrt(Abs(B1 + B2*i + s)) ; B3 - i - r,-i + sqrt(Abs(3.79991814193671*i + s + 4.69582894460234)) - 2.4007268359837 ; -i - r + 0.166002885882479
4914,0.7911864707037539,B0*Abs(s)**(1/4) + Abs(s)**(5/4) ; B1 + sqrt(Abs(i - r + sqrt(Abs(r)))),Abs(s)**(5/4) - 0.955200308633119*Abs(s)**(1/4) ; sqrt(Abs(i - r + sqrt(Abs(r)))) + 0.000427532330201527
4915,0.7911447533852743,B0 - i + sqrt(Abs(i*s + s)) ; B1*r,-i + sqrt(Abs(i*s + s)) - 0.955904948564734 ; 5.57063666231427*r
4916,0.7911208578186913,B0*s**2 + i*s**2 - s**3 ; B1 + i,i*s**2 - s**3 + 1.10544996436988*s**2 ; i + 0.32302546626988
4917,0.7910948118442671,B0*sqrt(Abs(i**2*s + i*s**2)) ; B1*r,0.0451132407515648*sqrt(Abs(i**2*s + i*s**2)) ; 0.446874071325122*r
4918,0.7910670918521296,B0*s + B1*i*s**2 + B2*i**2*s**2 ; i + sqrt(Abs(B3*r - i)),1.44351956346733*i**2*s**2 + 0.179628252707144*i*s**2 + 0.0172301541309016*s ; i + sqrt(Abs(i + 0.800735550386589*r))
4919,0.7910245106113374,B0*s**2 + B1*s**3 + s**4 ; B2*sqrt(Abs(r)),s**4 - 2.005610791872*s**3 + 1.02317075594309*s**2 ; 0.485757918974008*sqrt(Abs(r))
4920,0.7910245105361738,B0*s**2 + B1*s**3 + s**4 ; sqrt(Abs(B2 - r)),s**4 - 2.00561973304683*s**3 + 1.02317953799078*s**2 ; sqrt(Abs(r - 0.000144143833000603))
4921,0.7910151397231547,B0*s**3 - i - s ; B1*i*sqrt(Abs(r)),-i + 0.832670528456158*s**3 - s ; 0.32412282634168*i*sqrt(Abs(r))
4922,0.7909691037697544,B0 + s*sqrt(Abs(i**2 + s)) ; i,s*sqrt(Abs(i**2 + s)) - 0.944710831424671 ; i
4923,0.7909100730032227,B0*Abs(i)**(1/4) ; -2*i*r + i*sqrt(Abs(r)),0.0128089825202566*Abs(i)**(1/4) ; -2*i*r + i*sqrt(Abs(r))
4924,0.7908824264675887,B0*Abs(i)**(1/4) + s*Abs(i)**(1/4) ; B1*sqrt(Abs(i)),s*Abs(i)**(1/4) - 0.852580941902992*Abs(i)**(1/4) ; 0.339078096972578*sqrt(Abs(i))
4925,0.7907939448901564,B0*sqrt(Abs(i)) ; i*r**2 + i*Abs(r)**(3/2),0.0135353926514988*sqrt(Abs(i)) ; i*r**2 + i*Abs(r)**(3/2)
4926,0.7907939438724105,B0*sqrt(Abs(i)) ; B1*r**2 + B1*r*sqrt(Abs(i)),0.0135411625388008*sqrt(Abs(i)) ; 0.00684610345325363*r**2 + 0.00684610345325363*r*sqrt(Abs(i))
4927,0.790793936389808,B0*sqrt(Abs(i)) ; B1*i*r + B1*r*sqrt(Abs(i)),0.0135281735687447*sqrt(Abs(i)) ; 0.00301801402559435*i*r + 0.00301801402559435*r*sqrt(Abs(i))
4928,0.7906998759491409,i*sqrt(Abs(i**2 - i*s)) ; i,i*sqrt(Abs(i**2 - i*s)) ; i
4929,0.7906809986719732,B0*i**3 ; i*sqrt(Abs(B1 - i + 2*r)),11.3899056233207*i**3 ; i*sqrt(Abs(-i + 2*r + 0.0148303961262829))
4930,0.7905565043093786,i ; 2*i + r,i ; 2*i + r
4931,0.7905181461579838,B0*i*Abs(s)**(3/2) - i*sqrt(Abs(s)) ; i,2.32694429669947*i*Abs(s)**(3/2) - i*sqrt(Abs(s)) ; i
4932,0.7904991086804798,B1*sqrt(Abs(B0*s + i*s - 2*s**2)) ; B2 + r,0.00371286898171252*sqrt(Abs(-i*s + 2*s**2 + 0.783011673409121*s)) ; r + 1.73334066816835
4933,0.790428366085105,B0*i - i*sqrt(Abs(i - s)) ; B1 + r**2,-i*sqrt(Abs(i - s)) + 0.000184490306796031*i ; r**2 + 0.000269627574855842
4934,0.7903414398758667,B0*s + i*s + s**2 ; B2*sqrt(Abs(B1 - r)) + i*sqrt(Abs(B1 - r)),i*s + s**2 - 1.01665885024155*s ; i*sqrt(Abs(r + 0.0185405689558542)) - 0.0871422572003192*sqrt(Abs(r + 0.0185405689558542))
4935,0.7900580184879011,2*i**2*s + s*Abs(i)**(5/2) ; B0 + i,2*i**2*s + s*Abs(i)**(5/2) ; i + 0.20215938810988
4936,0.790033018161192,B0*i + i**2 + i*sqrt(Abs(s)) ; B1*i - r + sqrt(Abs(i)),i**2 + i*sqrt(Abs(s)) - 0.824542966632316*i ; 0.856538869384049*i - r + sqrt(Abs(i))
4937,0.7899429896499056,i*s**2 ; i*r,i*s**2 ; i*r
4938,0.7899429896499056,i*s**2 ; B0*r,i*s**2 ; 0.00040357866497354*r
4939,0.7898716526748003,B0*i + i*s + i*Abs(s)**(1/8) ; B1*r*Abs(i)**(1/8),i*s + i*Abs(s)**(1/8) - 1.62859015086424*i ; 0.0737634165380081*r*Abs(i)**(1/8)
4940,0.78986151007315,B0*i - i*sqrt(Abs(i - s)) ; B1*i - r,-i*sqrt(Abs(i - s)) - 0.255185053856431*i ; -1.4927684083741*i - r
4941,0.7896403591172708,B0*i**2 + B1*i**3 ; B2*i + B3*r,4.69093436746344*i**3 + 10.4505334375267*i**2 ; 0.191217623905767*i + 0.0232288550534766*r
4942,0.7893678262660367,B0*i - i*sqrt(Abs(i - s)) ; 2*r,-i*sqrt(Abs(i - s)) - 0.223997402436722*i ; 2*r
4943,0.7893678170525358,B0*i + i**2 ; r*sqrt(Abs(B1 + B2*r + i)),i**2 - 1.2465768350179*i ; r*sqrt(Abs(i + 0.124067227773594*r + 0.0376499355386752))
4944,0.7889379173226445,s*sqrt(Abs(i)) ; B0 + B1*i + B1*r + B1*Abs(r)**(1/4),s*sqrt(Abs(i)) ; -0.0820594752095033*i - 0.0820594752095033*r - 0.0820594752095033*Abs(r)**(1/4) + 0.159094425474397
4945,0.7888873473860861,B0 - i + sqrt(Abs(i)) ; i,-i + sqrt(Abs(i)) - 0.163689994303329 ; i
4946,0.788446624378371,s*sqrt(Abs(B0*i + i**2 - i*s)) ; B1 + B2*sqrt(Abs(i)) - r,s*sqrt(Abs(i**2 - i*s + 0.606657534117329*i)) ; -r + 1.20261432965982*sqrt(Abs(i)) - 0.0800735979557375
4947,0.7881595414308874,B0*i*s + i**2*s**2 + i*s**2 ; -Abs(r)**(1/8),i**2*s**2 + i*s**2 - 0.709221872919597*i*s ; -Abs(r)**(1/8)
4948,0.787770585829606,-i*s**2 + i*s*sqrt(Abs(i + s)) + i*s ; B0 + B1*sqrt(Abs(i)) + B2*i,-i*s**2 + i*s*sqrt(Abs(i + s)) + i*s ; 1.04455736832641*i + 0.764050947638195*sqrt(Abs(i)) - 0.163961680075117
4949,0.7876645146630704,B0*i + i**2*s + i**2 ; B3*sqrt(Abs(B1*r + B2*i)),i**2*s + i**2 - 0.34507005451354*i ; 0.167453741202933*sqrt(Abs(0.156582416511944*i + 0.00560030030653604*r))
4950,0.787514388626019,B0*sqrt(Abs(2*i*s**2 + s**2)) ; -i**2*sqrt(Abs(r)) + Abs(i)**(3/2),0.0434925387322483*sqrt(Abs(2*i*s**2 + s**2)) ; -i**2*sqrt(Abs(r)) + Abs(i)**(3/2)
4951,0.7872165957712061,i**2 + 2*i*s + i*sqrt(Abs(s)) ; B0*Abs(i)**(3/2),i**2 + 2*i*s + i*sqrt(Abs(s)) ; 25.0747505322036*Abs(i)**(3/2)
4952,0.7869739456170025,B1*sqrt(Abs(B0*i + 2*i**2)) ; sqrt(Abs(B2 + i**2*r - i**2)),5.77827146319159e-5*sqrt(Abs(2*i**2 - 332.231474225744*i)) ; sqrt(Abs(i**2*r - i**2 + 10.1216150968725))
4953,0.7868790312505265,B0*i ; sqrt(Abs(B1 + i**3 + i**2*r)),-0.000132847193483854*i ; sqrt(Abs(i**3 + i**2*r + 1663.90666754107))
4954,0.786793762157159,B0*sqrt(Abs(i)) ; B1*i**3 + B1*Abs(i)**(5/2),0.0809260722421412*sqrt(Abs(i)) ; 99.6167501891372*i**3 + 99.6167501891372*Abs(i)**(5/2)
4955,0.7867818736233387,sqrt(Abs(B0 + B1*i + B1*s)) ; B2*i*r**2 + B2*r*Abs(i)**(3/2),sqrt(Abs(0.138916805912406*i + 0.138916805912406*s - 0.139088778399226)) ; 0.0402076582831995*i*r**2 + 0.0402076582831995*r*Abs(i)**(3/2)
4956,0.7867804322572278,B0*Abs(i)**(1/4) + s*Abs(i)**(1/4) ; i,s*Abs(i)**(1/4) - 0.893747018869699*Abs(i)**(1/4) ; i
4957,0.786634840623664,B0*s + i*Abs(s)**(3/2) + s**2 ; r**2*Abs(i)**(1/4),i*Abs(s)**(3/2) + s**2 - 0.972759715990964*s ; r**2*Abs(i)**(1/4)
4958,0.7865016745187723,B0*i**2 + B0*i*sqrt(Abs(s)) + i*s ; B1*sqrt(Abs(i))*sqrt(Abs(r)),-0.592216297413154*i**2 + i*s - 0.592216297413154*i*sqrt(Abs(s)) ; 0.208550307628277*sqrt(Abs(i))*sqrt(Abs(r))
4959,0.7863217966727395,s*sqrt(Abs(B0 + i - s)) ; B1*Abs(i*r - r**2)**(1/4),s*sqrt(Abs(i - s + 6.72644955347888)) ; 47.7679576335442*Abs(i*r - r**2)**(1/4)
4960,0.7863214003029791,B0*i + B1*i**2 + B1*i*s ; -i + r - sqrt(Abs(r)),-1.19800088844994e-5*i**2 - 1.19800088844994e-5*i*s + 0.00132942873972695*i ; -i + r - sqrt(Abs(r))
4961,0.7862724580034259,B0*i**3 + B0*i**2*s ; -i + 2*r - sqrt(Abs(r)),1.32521677089388e-8*i**3 + 1.32521677089388e-8*i**2*s ; -i + 2*r - sqrt(Abs(r))
4962,0.7862390107293866,B0*i*s + s*Abs(i)**(3/2) ; -Abs(r)**(1/8),0.0105093572142057*i*s + s*Abs(i)**(3/2) ; -Abs(r)**(1/8)
4963,0.7861175399613017,B0*i + i**2 - 2*i*s ; B1*i,i**2 - 2*i*s + 2.67568580393902*i ; 4.00948871348529*i
4964,0.7860120541736529,B0*i*s - i*s**2 ; sqrt(Abs(i))*sqrt(Abs(r)),-i*s**2 + 1.19302832100317*i*s ; sqrt(Abs(i))*sqrt(Abs(r))
4965,0.7859969795096452,2*i**2*s ; B0*i,2*i**2*s ; 0.0377997181458556*i
4966,0.7859204723502369,B0 - 2*i + s - sqrt(Abs(s)) ; -i**2*r + r*Abs(i)**(3/2),-2*i + s - sqrt(Abs(s)) + 0.244082276686565 ; -i**2*r + r*Abs(i)**(3/2)
4967,0.7856001717336374,B0*i*sqrt(Abs(s)) ; 2*i*r + Abs(r)**(3/2),0.030249085385087*i*sqrt(Abs(s)) ; 2*i*r + Abs(r)**(3/2)
4968,0.7855630454632504,B0*s + s**2 - Abs(s)**(3/2) ; B1 + Abs(i)**(1/4),s**2 + 0.0519433082910121*s - Abs(s)**(3/2) ; Abs(i)**(1/4) + 47.8364915484112
4969,0.7855630439391647,B0*s + s**2 - Abs(s)**(3/2) ; sqrt(Abs(B1*i*r + B2)),s**2 + 0.0519518644943857*s - Abs(s)**(3/2) ; sqrt(Abs(3.94300676105264*i*r + 8.65069755664051))
4970,0.7854423123115611,B0*s*sqrt(Abs(i)) - s*Abs(i)**(3/2) ; i*r,-s*Abs(i)**(3/2) + 0.182732637755088*s*sqrt(Abs(i)) ; i*r
4971,0.785425946832684,B0*i ; B1*r**2 + B2*i*r,0.0280445934520984*i ; 0.548122032150145*i*r + 0.388398894025426*r**2
4972,0.7854259467642095,B0*i ; B1*r + 2*i*r,0.0280497201327567*i ; 2*i*r + 0.00276998924650343*r
4973,0.7854259465865564,B0*i ; B1*r + 2*Abs(r)**(3/2),0.0280422130428221*i ; 0.170539269373276*r + 2*Abs(r)**(3/2)
4974,0.7854259464477041,B0*sqrt(Abs(i + s**2 - s)) ; B1*r**2 + B1*r*sqrt(Abs(i)),0.0280413136026781*sqrt(Abs(i + s**2 - s)) ; 0.0167556713544146*r**2 + 0.0167556713544146*r*sqrt(Abs(i))
4975,0.7854259464372652,B0*i ; B1*r + i*r + r**2,0.0280412519474525*i ; i*r + r**2 + 3.60265720781805*r
4976,0.785425945956294,B0*i**2 + B0*i*s ; B1*r + 2*i*r,0.0280389223520462*i**2 + 0.0280389223520462*i*s ; 2*i*r + 0.000339639219602485*r
4977,0.785425743622999,B0*i ; 2*Abs(r)**(5/2),0.027931947380476*i ; 2*Abs(r)**(5/2)
4978,0.7854256090666202,B0*i ; 2*r**3,0.0281933240065066*i ; 2*r**3
4979,0.7852017439508944,B0*i**2 - i**2*s ; i**2,-i**2*s + 2.30990302855682*i**2 ; i**2
4980,0.7851038634503724,B0 - i + s + sqrt(Abs(s)) ; B1*i + B2*i**2 + i*sqrt(Abs(r)),-i + s + sqrt(Abs(s)) - 1.29494308969914 ; 0.39522647418147*i**2 + i*sqrt(Abs(r)) - 0.0668957439712534*i
4981,0.7848816089689792,i**2 - 2*i*s ; i,i**2 - 2*i*s ; i
4982,0.784835825344404,B0 + sqrt(Abs(s)) ; sqrt(Abs(B1 + B2*r + B3*sqrt(Abs(i)))),sqrt(Abs(s)) - 0.957766429012644 ; sqrt(Abs(0.339139699005161*r + 23.025613410959*sqrt(Abs(i)) + 15.2513442695226))
4983,0.7848358214841614,B0 + sqrt(Abs(s)) ; sqrt(Abs(r*sqrt(Abs(B1 + i*r)) + r)),sqrt(Abs(s)) - 0.957772893952166 ; sqrt(Abs(r*sqrt(Abs(i*r + 3.14378882220852)) + r))
4984,0.784770587739296,B0*sqrt(Abs(s)) - i**2*sqrt(Abs(s)) + i*Abs(s)**(3/2) ; i,-i**2*sqrt(Abs(s)) + i*Abs(s)**(3/2) + 0.0172484708676766*sqrt(Abs(s)) ; i
4985,0.7846093541218241,B0*Abs(i)**(5/4) ; B1*r**2 - i*r**2,0.0510700187977913*Abs(i)**(5/4) ; -i*r**2 + 5.9012358873348*r**2
4986,0.7843042179139834,B0*s**2 ; B1*i*Abs(r)**(3/2) + B2*i**2*r + r,0.0453452584458102*s**2 ; 0.0136533657988636*i**2*r + 0.01197522901809*i*Abs(r)**(3/2) + r
4987,0.7843041779398034,B0*s**2 + i*s**2 + s**3 ; -Abs(r)**(1/8),i*s**2 + s**3 - 0.954708011442209*s**2 ; -Abs(r)**(1/8)
4988,0.7842376196386757,s*sqrt(Abs(i + sqrt(Abs(B0 + B1*s)))) ; B2*sqrt(Abs(r)),s*sqrt(Abs(i + sqrt(Abs(14.198019340979*s + 56.7643269885812)))) ; 0.713385630804666*sqrt(Abs(r))
4989,0.7840794721922405,i*s + s*sqrt(Abs(B0 + s)) ; B1 + B2*r - i + r**2,i*s + s*sqrt(Abs(s + 4.62126504060725)) ; -i + r**2 - 2.30462495203054*r + 0.556823566084756
4990,0.7837146010000834,B0*i**2 + i**2*s ; -Abs(r)**(1/8),i**2*s - 0.486543576086462*i**2 ; -Abs(r)**(1/8)
4991,0.7836508099935546,B0*i*s**2 + B0*s**2 + B1*i*s ; i,0.119569957010252*i*s**2 - 2.25948261991373*i*s + 0.119569957010252*s**2 ; i
4992,0.7836118110859477,B0*i**2 + i**3 ; -Abs(r)**(1/8),i**3 + 0.423950766735404*i**2 ; -Abs(r)**(1/8)
4993,0.7835241825261767,-i**2 + i*s ; Abs(i)**(1/4)*sqrt(Abs(r)),-i**2 + i*s ; Abs(i)**(1/4)*sqrt(Abs(r))
4994,0.7834245336236951,s*sqrt(Abs(B0*sqrt(Abs(i)) + B1 + B2*i)) ; B3 + B4*sqrt(Abs(i)) - i + r*sqrt(Abs(i)),s*sqrt(Abs(0.0447429886269108*i - 0.0940502029246826*sqrt(Abs(i)) + 0.0168970458380674)) ; -i + r*sqrt(Abs(i)) + 2.3941103965261*sqrt(Abs(i)) - 0.578378046823611
4995,0.7833912746839368,s*sqrt(Abs(B0 + sqrt(Abs(i*s - s)))) ; B1*r*sqrt(Abs(i)),s*sqrt(Abs(sqrt(Abs(i*s - s)) - 9.80624824902806)) ; 0.346553121715097*r*sqrt(Abs(i))
4996,0.7833392753879412,B0*s**2 + s**3 ; -Abs(r)**(1/8),s**3 - 0.952405405436007*s**2 ; -Abs(r)**(1/8)
4997,0.7833392753828206,B0*s**2 + s**3 ; i**2 + i*r + i,s**3 - 0.952416210357132*s**2 ; i**2 + i*r + i
4998,0.7833392753646367,B0*s**2 + s**3 ; B1 + r,s**3 - 0.952417940327529*s**2 ; r + 7.81948682967714
4999,0.7833005800162318,B0*s + s**2 ; B1 + B2*sqrt(Abs(r + sqrt(Abs(r)))) - r,s**2 - 0.954023492394194*s ; -r + 0.000750832150011991*sqrt(Abs(r + sqrt(Abs(r)))) + 3.63289258049075
5000,0.7832721537427332,B0*Abs(s)**(5/2) - Abs(s)**(3/2) ; r,1.04670996591483*Abs(s)**(5/2) - Abs(s)**(3/2) ; r
5001,0.7832678579816288,B0*i**3 ; B1*r + 2*i*r,13.5332426730297*i**3 ; 2*i*r + 0.0028984016869061*r
5002,0.7832664839902556,B0 + s ; B1*r + i*r + r**2,s - 0.955420373674237 ; i*r + r**2 + 6.205835465131*r
5003,0.7832546729347417,B0*sqrt(Abs(i))*sqrt(Abs(s)) ; B1*i*r**2 + r**2*Abs(i)**(3/2),0.0452750449535266*sqrt(Abs(i))*sqrt(Abs(s)) ; 0.000286592038534973*i*r**2 + r**2*Abs(i)**(3/2)
5004,0.7832149369017559,B0*i*s + i**2*s**2 ; B1 + i + r,i**2*s**2 + 0.0600372659672471*i*s ; i + r + 0.00972331064302104
5005,0.7831934130170936,B0 - i + s ; B1*r + 2*r**2,-i + s - 0.915716429726798 ; 2*r**2 + 0.106328105583961*r
5006,0.7831382108520722,B0*s + 2*s**2 ; B1 + B2*i,2*s**2 - 1.92147122408025*s ; 0.00364329287170109*i + 0.519194729037692
5007,0.7830694552158596,B0*s - i*s + Abs(s)**(3/2) ; r,-i*s - 0.943266694555327*s + Abs(s)**(3/2) ; r
5008,0.7830417148218194,B0*s + s**2 + sqrt(2)*s*sqrt(Abs(i)) ; r**2,s**2 + sqrt(2)*s*sqrt(Abs(i)) - 1.22920945754414*s ; r**2
5009,0.7829904531569832,B0*i + B0*s + B1*i**2 ; i + r,0.00134953933187045*i**2 + 0.00677671492968806*i + 0.00677671492968806*s ; i + r
5010,0.7828888317406828,B2*i*sqrt(Abs(B0*i + B1*s)) ; r,0.181284220013165*i*sqrt(Abs(0.301761800616771*i - 0.116521265176726*s)) ; r
5011,0.7828424404027695,B0*i - 2*i*s ; r,-2*i*s + 1.96090809862509*i ; r
5012,0.7827876198768364,s**4*Abs(i)**(3/2) ; i,s**4*Abs(i)**(3/2) ; i
5013,0.782716944198506,i**2*Abs(s)**(1/4) - i**2 ; B0 + 2*i,i**2*Abs(s)**(1/4) - i**2 ; 2*i - 6.69977924382405e-5
5014,0.7824867007764976,-s**2 + s*sqrt(Abs(B0*s + B1)) ; i + sqrt(Abs(r))*sqrt(Abs(B2 + r)),-s**2 + s*sqrt(Abs(7.06401226969519*s - 5.74448284695861)) ; i + sqrt(Abs(r))*sqrt(Abs(r + 8.43846746141155))
5015,0.7822659191608479,i**2 - i*s + Abs(i)**(3/2) ; i,i**2 - i*s + Abs(i)**(3/2) ; i
5016,0.782127632439194,i**2 - i*s - Abs(i)**(3/2) ; i,i**2 - i*s - Abs(i)**(3/2) ; i
5017,0.782111118636774,B0*i + i**2 ; B2*sqrt(Abs(i))*Abs(B1*i + i*r)**(1/4),i**2 + 0.303314886220783*i ; 0.0510594138649741*sqrt(Abs(i))*Abs(i*r + 32.2302784846058*i)**(1/4)
5018,0.7818126879755101,-i**2 + i*s ; B0*i - i**3 + r,-i**2 + i*s ; -i**3 + 5.06207531982573*i + r
5019,0.7814753241784845,B0*i - 2*i*s ; B1*r,-2*i*s + 0.766959151740332*i ; 0.62071010082086*r
5020,0.7814742851925527,i**2 - i*Abs(B0 + i)**(1/4) ; B1*r + B2*i*r,i**2 - i*Abs(i - 2.42168222752186)**(1/4) ; 0.171980994382537*i*r + 0.0380702017200514*r
5021,0.7814741572216414,B0*i - i*s ; B1*r - i*r + r**2,-i*s - 0.235069483145735*i ; -i*r + r**2 + 86.7448302454364*r
5022,0.7814708916767251,-i + s*sqrt(Abs(i + s)) - s ; B0*i + 2*i*r,-i + s*sqrt(Abs(i + s)) - s ; 2*i*r + 0.0269022743518079*i
5023,0.7814603938842272,-i*sqrt(Abs(s)) ; B0*r + r**2 + Abs(r)**(3/2),-i*sqrt(Abs(s)) ; r**2 + 0.00359802364778125*r + Abs(r)**(3/2)
5024,0.7814509403132228,-i*s**2 + s*Abs(i)**(3/2) ; B0*r**2 + B1*i*r,-i*s**2 + s*Abs(i)**(3/2) ; 0.0963640722522156*i*r + 0.0006794966779296*r**2
5025,0.781149546240455,B0*i + i**2 + i*sqrt(Abs(B1 + i)) ; B2*sqrt(Abs(i)),i**2 + i*sqrt(Abs(i + 0.0172667517473057)) - 0.639250160228878*i ; 0.0857696117972132*sqrt(Abs(i))
5026,0.7808845176596053,B0*i**2 - i*s ; 2*i + sqrt(Abs(r)),-2.40032075572434*i**2 - i*s ; 2*i + sqrt(Abs(r))
5027,0.780804272541138,B0*i**2*s + B0*i*s**2 + B0*s*Abs(i)**(3/2) ; r,0.213394317455583*i**2*s + 0.213394317455583*i*s**2 + 0.213394317455583*s*Abs(i)**(3/2) ; r
5028,0.7805649146077527,B0*i*sqrt(Abs(s)) + B0*sqrt(Abs(i))*sqrt(Abs(s)) ; 2*r,0.025355694297789*i*sqrt(Abs(s)) + 0.025355694297789*sqrt(Abs(i))*sqrt(Abs(s)) ; 2*r
5029,0.7804825667663798,s**2*sqrt(Abs(i)) - s*sqrt(Abs(i)) ; -i + r**2 - 2*r,s**2*sqrt(Abs(i)) - s*sqrt(Abs(i)) ; -i + r**2 - 2*r
5030,0.7798449284483515,B0*i - i**2 ; i**2*r + 2*i*r**2,-i**2 + 0.368753573186409*i ; i**2*r + 2*i*r**2
5031,0.7794041361413387,i**2 - i*s + i*sqrt(Abs(s)) ; i + sqrt(Abs(B0 + sqrt(2)*i)),i**2 - i*s + i*sqrt(Abs(s)) ; i + sqrt(Abs(sqrt(2)*i + 0.379951979436151))
5032,0.7792970789956791,B0*i + B1*i**2 + B2*i*s + i**2*s ; i*r**2,i**2*s + 20.8616161865465*i**2 + 21.5462327438888*i*s - 21.3385094933612*i ; i*r**2
5033,0.779244354030033,B1*Abs(B0 + s)**(1/4) ; B2*i*r + i**2*r - i*r**2,0.0227775091154103*Abs(s + 0.106241069361481)**(1/4) ; i**2*r - i*r**2 + 0.000290521326269869*i*r
5034,0.7790936201920051,B0*i ; B1 + i*r - i - r**2 + 2*r,0.000133374911386883*i ; i*r - i - r**2 + 2*r - 0.0260621698872226
5035,0.7790906788074854,i**2 - Abs(i)**(3/2) ; B0 + B1*i + B1*r,i**2 - Abs(i)**(3/2) ; -0.127067754557712*i - 0.127067754557712*r + 0.0902197222040301
5036,0.7789797234750898,B0*s ; B1*i + B2*r + B3*r**2 + B4*i*r,0.0474977705440784*s ; 0.000199952262265578*i*r + 1.50723869690224*i + 0.0577130648969587*r**2 + 9.0895514294724*r
5037,0.7789796244481876,B0*s + B1*i*s + B1*s**2 ; B2*r - 2*i**2*r**2,-0.0116462939636512*i*s - 0.0116462939636512*s**2 + 0.0590655655319399*s ; -2*i**2*r**2 + 0.000291802026826537*r
5038,0.778689929042162,B0*i ; i*sqrt(Abs(B1 + i)) + r*sqrt(Abs(B1 + i)),-0.0110399406558261*i ; i*sqrt(Abs(i + 0.213454526309506)) + r*sqrt(Abs(i + 0.213454526309506))
5039,0.7783743152052651,B0*Abs(i)**(3/8) ; B1*r + B2*r**2 + i*r,0.0128953392307963*Abs(i)**(3/8) ; i*r + 0.17031554513027*r**2 + 0.240073833162855*r
5040,0.7783743128241801,B0*Abs(i)**(3/8) ; B1*r + B2*r**2 - i*r,0.0128912368421661*Abs(i)**(3/8) ; -i*r + 0.571941905757885*r**2 + 0.122078961832507*r
5041,0.7783743112505592,B0*Abs(i)**(3/8) ; B1*r + B2*i*r - r**2,0.0129009990464031*Abs(i)**(3/8) ; 49.5192046844038*i*r - r**2 + 0.000163465767941275*r
5042,0.7783245325470317,B0*s**2 + Abs(s)**(9/4) ; B1 + B2*i + B3*r + i*r,-0.933227030096611*s**2 + Abs(s)**(9/4) ; i*r + 0.0637472276603795*i + 0.00161340740933865*r + 0.00641152198712997
5043,0.7782670491188385,i**2 - i*sqrt(Abs(B0 + 2*i)) ; B1*r + i,i**2 - i*sqrt(Abs(2*i + 0.0568104770433916)) ; i + 0.189315832506923*r
5044,0.7781968575530743,i*sqrt(Abs(B0*s**2 + i*s**3)) ; i,i*sqrt(Abs(i*s**3 + 1.50820524757606*s**2)) ; i
5045,0.7780267880408518,B1*Abs(B0*i + 2*i**2)**(1/4) ; r + sqrt(Abs(i*r - i)),0.000412474369244363*Abs(2*i**2 - 10182.9893494531*i)**(1/4) ; r + sqrt(Abs(i*r - i))
5046,0.7780188423153709,B0*i**2 + B1*i**3 ; B2 + sqrt(Abs(i*r - i)),1.54682871113752*i**3 + 0.326891559341974*i**2 ; sqrt(Abs(i*r - i)) - 0.295996853970629
5047,0.7776404766600471,Abs(B0 + B1*i)**(1/4) ; i**3*r + i**2*r**3,Abs(4.36573212491219e-7*i - 5.53739848576215e-7)**(1/4) ; i**3*r + i**2*r**3
5048,0.7775716874335138,B0*i ; sqrt(Abs(B1*r + 2*r**2)),0.0280464744659517*i ; sqrt(Abs(2*r**2 + 0.000487448092078366*r))
5049,0.7775716866987268,B0*i ; B1*i*r + i*sqrt(Abs(r)) + r,0.028039814132147*i ; 0.0934103623000093*i*r + i*sqrt(Abs(r)) + r
5050,0.7775716866884614,B0*i ; r*sqrt(Abs(B1*i + B2*i*r)),0.0280397660581999*i ; r*sqrt(Abs(0.0254903053244323*i*r + 1.1582751475757*i))
5051,0.7769380332460403,-i**2 + s ; B0 + B1*i + r,-i**2 + s ; 4.76128379819007*i + r + 0.753793936099743
5052,0.7764273361612815,B0*i*s**3 - i*s ; B1 - i,-2.30577424903515*i*s**3 - i*s ; 0.00243096320053734 - i
5053,0.7761332423458948,-i**2*s + i*s**2 ; sqrt(Abs(i))*sqrt(Abs(r)),-i**2*s + i*s**2 ; sqrt(Abs(i))*sqrt(Abs(r))
5054,0.7758353420815961,B0*i**2*s + B0*i**2 ; r,0.238909374489958*i**2*s + 0.238909374489958*i**2 ; r
5055,0.775467574215948,B0*s*sqrt(Abs(i + s)) - i*s ; i*r,-i*s + 0.0459764403537414*s*sqrt(Abs(i + s)) ; i*r
5056,0.7754675736635938,B0*s + s**2 ; i*sqrt(Abs(B1*r + i**2*r)),s**2 - 0.954048001841154*s ; i*sqrt(Abs(i**2*r + 0.0179406855619209*r))
5057,0.775435180224035,B0*i**3 ; B1*r + i*r + r*sqrt(Abs(i)),13.531479411512*i**3 ; i*r + r*sqrt(Abs(i)) + 0.000485688072879607*r
5058,0.7752263345072324,B0*i + i**2 - Abs(i)**(3/2) ; B1*i + i*sqrt(Abs(B2 + r)) + r,i**2 + 0.232517805634961*i - Abs(i)**(3/2) ; i*sqrt(Abs(r + 0.582787967861969)) + 0.504323030165327*i + r
5059,0.775107672564615,B0*i**3 + B0*i**2 ; Abs(i)**(1/4),-1.62355718827836e-9*i**3 - 1.62355718827836e-9*i**2 ; Abs(i)**(1/4)
5060,0.7750571454117808,B0*sqrt(Abs(i)) ; 2*r**3 - r,0.013535453390724*sqrt(Abs(i)) ; 2*r**3 - r
5061,0.7750571452030317,B0*sqrt(Abs(i)) ; B1*r**2 + B2*i*r - r,0.0135349911518781*sqrt(Abs(i)) ; 0.0810970692303436*i*r + 0.353358441845656*r**2 - r
5062,0.7749065811949742,-i**2*s + i**2*sqrt(Abs(s)) ; 2*r,-i**2*s + i**2*sqrt(Abs(s)) ; 2*r
5063,0.774889833551788,0 ; sqrt(Abs(B0*r*Abs(i)**(1/4) + r**2)),0 ; sqrt(Abs(r**2 + 0.00977083786857195*r*Abs(i)**(1/4)))
5064,0.774889833551788,B0*sqrt(Abs(i**2 + i*s - i)) ; Abs(r)**(1/4),0.00168619982363824*sqrt(Abs(i**2 + i*s - i)) ; Abs(r)**(1/4)
5065,0.7746331409357611,B0*s + s**2 - s*sqrt(Abs(B1 + i)) ; i,s**2 - s*sqrt(Abs(i + 0.0962311568952835)) - 0.596010202024965*s ; i
5066,0.7741833074486877,B0*i*s + B1*i*s**2 ; B2 + r + sqrt(Abs(B3 - i)),-0.0304615925378688*i*s**2 + 0.0263912388507699*i*s ; r + sqrt(Abs(i - 0.00330838475158062)) + 0.168281718638009
5067,0.7740153237316668,B0*i + i**2 - s*Abs(i)**(3/2) ; B1*r - i*r + r**2,i**2 + 0.199103672064866*i - s*Abs(i)**(3/2) ; -i*r + r**2 + 0.0224328572196392*r
5068,0.7738092411853108,B0*i*s + 2*i**2 ; B1 + sqrt(Abs(B2 + i)),2*i**2 + 0.169039911851253*i*s ; sqrt(Abs(i + 0.0212079074137154)) - 0.162955562896421
5069,0.773775370949395,B0*i*s ; B1*r**2 + i*r**2 - 2*r**3,0.298503641916117*i*s ; i*r**2 - 2*r**3 + 18.7334700540877*r**2
5070,0.7737753683952455,B0*i*s ; B1*i**2*r - i**3*r + i**2*r**2,0.298527633733958*i*s ; -i**3*r + i**2*r**2 + 0.00035703520683414*i**2*r
5071,0.7736471823188629,B0*i + i**2 - i*s + Abs(i)**(3/2) ; i,i**2 - i*s + 1.69679755465522*i + Abs(i)**(3/2) ; i
5072,0.7736455654625691,-i ; B0*r + r**2 + r*sqrt(Abs(i)),-i ; r**2 + r*sqrt(Abs(i)) + 0.598953511882839*r
5073,0.7734495006824808,s*sqrt(Abs(i**2*s + i*s**2)) ; B0*i,s*sqrt(Abs(i**2*s + i*s**2)) ; 6.68882099131584*i
5074,0.7729927729543397,i*s*sqrt(Abs(B0 + i)) ; B1*r + i - 2*r**2,i*s*sqrt(Abs(i - 0.051737999504557)) ; i - 2*r**2 - 0.148112610271131*r
5075,0.7729914257600966,i*sqrt(Abs(i - Abs(s)**(3/2))) ; B0 + B1*i*r + i**2,i*sqrt(Abs(i - Abs(s)**(3/2))) ; i**2 + 0.227052287811946*i*r + 0.00040665138839921
5076,0.771971038181404,B0 + sqrt(Abs(B1 - i)) ; -r + Abs(B2 + i*r)**(1/4),sqrt(Abs(i - 2.86797744847162)) - 1.83570014375189 ; -r + Abs(i*r + 0.202872487641412)**(1/4)
5077,0.7719409994050824,s*sqrt(Abs(i)) ; B0*sqrt(Abs(i)) + B1*i + B2*r,s*sqrt(Abs(i)) ; 0.176635729101729*i - 0.140068196727962*r + 0.982683040190327*sqrt(Abs(i))
5078,0.7716264448216945,B0*i ; B1 + i*r**2 - 2*r**3,-0.0788267067434011*i ; i*r**2 - 2*r**3 + 0.478219775132088
5079,0.7715489020199913,B0*i*s + i*s**2 + i*Abs(s)**(3/2) ; B1 + i,i*s**2 - 1.08816527746375*i*s + i*Abs(s)**(3/2) ; i - 0.0228988353002585
5080,0.7714040139274753,B0*Abs(i)**(3/4) ; B1*i*r + B2*i*r**2,0.0176363849963788*Abs(i)**(3/4) ; 0.000214889065981917*i*r**2 + 40.0389254818487*i*r
5081,0.7709255772709096,B0*i*s**2 + B0*s**3 - i*s ; i,0.0797915151329866*i*s**2 - i*s + 0.0797915151329866*s**3 ; i
5082,0.7703635327323716,B0*s + s**3 + s**2 ; i,s**3 + s**2 - 1.81655219176272*s ; i
5083,0.7701976614531022,B0*i + i**2 - s + sqrt(Abs(i)) ; i**2*r + r**2,i**2 - 2.26321291683333*i - s + sqrt(Abs(i)) ; i**2*r + r**2
5084,0.7700691757840727,B0*s**2 - 2*i*s**2 - s**3 ; i,-2*i*s**2 - s**3 + 0.99598571927172*s**2 ; i
5085,0.7699718881461575,B0*s + i*s + s*sqrt(Abs(i)) ; B2*Abs(B1*r + r**2)**(1/4),i*s + s*sqrt(Abs(i)) - 0.163380795119111*s ; 3.41871792280838*Abs(r**2 + 0.194044696670891*r)**(1/4)
5086,0.769871893902305,B0*s + i*s + s*sqrt(Abs(i)) ; B1*sqrt(Abs(i))*Abs(r)**(3/2),i*s + s*sqrt(Abs(i)) - 0.164301159927857*s ; 0.671763737224394*sqrt(Abs(i))*Abs(r)**(3/2)
5087,0.7697959678297712,B0*i ; B1*i*Abs(r)**(3/2) - i**2*r,0.0280333393786918*i ; -i**2*r + 0.368560250410983*i*Abs(r)**(3/2)
5088,0.7697959555399353,B0*i ; B1*i*r + i*r**2 - r,0.0280780794462121*i ; i*r**2 + 0.00461037716081504*i*r - r
5089,0.7697958912197523,B0*i ; 2*r*sqrt(Abs(i + r)),0.0279744049394029*i ; 2*r*sqrt(Abs(i + r))
5090,0.7697957551393888,B0*i ; 2*r**2*sqrt(Abs(i)),0.0279273566354706*i ; 2*r**2*sqrt(Abs(i))
5091,0.7697929218691044,B0*i*s**2 - i*s**3 + s**2*Abs(i)**(3/2) ; i**2,-i*s**3 + 1.0097140169695*i*s**2 + s**2*Abs(i)**(3/2) ; i**2
5092,0.7696018342518998,B0 - s**2 + s ; i**2,-s**2 + s - 0.0195922956585588 ; i**2
5093,0.7695212159093369,i*s**2 + i*s ; B0 + B1*sqrt(Abs(r)) + 2*i*sqrt(Abs(r)),i*s**2 + i*s ; 2*i*sqrt(Abs(r)) - 0.0635324570709518*sqrt(Abs(r)) + 0.0403528313783403
5094,0.7694734261829554,B0 + s*sqrt(Abs(i*s + i - s)) ; i,s*sqrt(Abs(i*s + i - s)) - 0.801087624628152 ; i
5095,0.7694039479433142,sqrt(Abs(B0*i - i**2 + i*s)) ; B1*i*r + sqrt(Abs(i)),sqrt(Abs(-i**2 + i*s + 0.00566999526341546*i)) ; 3.27398135424235*i*r + sqrt(Abs(i))
5096,0.7691978699232928,i*s + 2*i*sqrt(Abs(s)) ; B0*i,i*s + 2*i*sqrt(Abs(s)) ; 2.94838953318713*i
5097,0.7691933550542824,B0*sqrt(Abs(i))*sqrt(Abs(s)) - Abs(i)**(3/2)*sqrt(Abs(s)) ; r,-Abs(i)**(3/2)*sqrt(Abs(s)) + 0.171730446650533*sqrt(Abs(i))*sqrt(Abs(s)) ; r
5098,0.7690851537742036,B0*sqrt(Abs(i))*Abs(s)**(3/2) ; B1*i*r + B1*r**2 + i*r**2 + r**3,0.124915171334392*sqrt(Abs(i))*Abs(s)**(3/2) ; i*r**2 + 2.02810179638439*i*r + r**3 + 2.02810179638439*r**2
5099,0.7690711342354375,B0*i**2 + i**4 + i**3*s ; sqrt(Abs(B1 + B2*r)),i**4 + i**3*s + 7.01871369615264*i**2 ; sqrt(Abs(0.0013759538015133*r - 0.00172206885058399))
5100,0.7690297684868864,B0*i**2 + B1*i*s + i**2*s - i*s**2 ; i,i**2*s + 6.47524631088746*i**2 - i*s**2 + 1.88084354004735*i*s ; i
5101,0.7690096651424037,B0*i - i**2*s + i**2 ; B1*r,-i**2*s + i**2 + 0.0194308569223712*i ; 0.806694436806693*r
5102,0.7689072751339568,i*s**2 ; B0 - r*sqrt(Abs(i + r)) + r,i*s**2 ; -r*sqrt(Abs(i + r)) + r + 0.00194632899710109
5103,0.7688754864925397,B0*i*s**3 + i*s**4 ; B1*i + i**2 - i*r,i*s**4 - 0.291919104020925*i*s**3 ; i**2 - i*r + 0.100914863271667*i
5104,0.7687683261889829,-i**2 - 2*i*s + Abs(i)**(3/2) ; B0*i,-i**2 - 2*i*s + Abs(i)**(3/2) ; 0.921943043638574*i
5105,0.7687386714816117,B0*i - i**2*s + i*s**2 ; B1*sqrt(Abs(r)),-i**2*s + i*s**2 - 0.449295788695933*i ; 0.000205204990075315*sqrt(Abs(r))
5106,0.768654688129419,B0*i + B1*i**2 - i*s ; r,42.3899613542538*i**2 - i*s - 2.36046856009336*i ; r
5107,0.768456669030569,B0 - 2*i + s ; B1*r + B2*r**2 + i*r,-2*i + s + 65.3861735941713 ; i*r + 0.0177897703850974*r**2 + 27.2929576492386*r
5108,0.7680901444342327,B0*i**2*s ; 2*i*r + r**2 + r,0.488836819814256*i**2*s ; 2*i*r + r**2 + r
5109,0.7680649242845614,B0*i**2 + B1*i**3 ; B2*r + r*sqrt(Abs(i)),-0.0154925619396969*i**3 + 0.472208228789619*i**2 ; r*sqrt(Abs(i)) + 0.437996350522215*r
5110,0.7680647930097854,B0*i**2 ; 3*i*r + r,0.466369812233222*i**2 ; 3*i*r + r
5111,0.7680380376153132,B0*i**2*s + i**3 ; B1*r,i**3 + 0.444155849626579*i**2*s ; 5.03572115368502*r
5112,0.7678187017958641,B0 + i*s - i + s**2 - s ; i**2 - i*r,i*s - i + s**2 - s + 0.0486255258648507 ; i**2 - i*r
5113,0.7678164409393793,B0*s + s**3 - s**2 ; r,s**3 - s**2 + 0.0482897972743901*s ; r
5114,0.7678072109465631,Abs(i)**(3/2)*Abs(s)**(1/4) ; i**2 + i*sqrt(Abs(i - r + sqrt(Abs(r)))),Abs(i)**(3/2)*Abs(s)**(1/4) ; i**2 + i*sqrt(Abs(i - r + sqrt(Abs(r))))
5115,0.7677688778021718,B0 - i*s ; B1*r + B2*i*r + r**2,-i*s + 0.0462909276349812 ; 1.85659295653639*i*r + r**2 + 0.00152329675301354*r
5116,0.7677440781849022,B0*s - i**2*s + s**2 ; i,-i**2*s + s**2 - 0.952835692958094*s ; i
5117,0.7677135659540234,B0*sqrt(Abs(i - s)) + s*sqrt(Abs(i - s)) ; B1*i*r + i**2*r + r,s*sqrt(Abs(i - s)) - 0.954059907301638*sqrt(Abs(i - s)) ; i**2*r + 0.257816910130967*i*r + r
5118,0.7677128981668654,B0*s + s**2 ; B2*i*Abs(B1*i + i*r)**(1/4),s**2 - 0.954041609579646*s ; 0.458275478139348*i*Abs(i*r + 1.21034317113416*i)**(1/4)
5119,0.7677039261325195,B0*sqrt(Abs(i - s)) + s*sqrt(Abs(i - s)) ; i,s*sqrt(Abs(i - s)) - 0.954371858026804*sqrt(Abs(i - s)) ; i
5120,0.7676808212963274,B0*i**3 ; i*r + 2*r**2 + r,13.5406146954437*i**3 ; i*r + 2*r**2 + r
5121,0.7676808077808079,B0*i**3 ; 2*i*r + r**2 + r,13.5042841427617*i**3 ; 2*i*r + r**2 + r
5122,0.7676794809745444,B0 + s ; B1*i*r - i*r**3,s - 0.955425659708373 ; -i*r**3 + 0.049578674223622*i*r
5123,0.7675250618448289,B0*Abs(i)**(1/8)*Abs(s)**(1/16) ; B1*i + B2*i**3,0.0261553221733637*Abs(i)**(1/8)*Abs(s)**(1/16) ; 0.346068312642777*i**3 + 1.04328711205177*i
5124,0.7674365562045672,B0*i - i*sqrt(Abs(i - s)) ; B1 + i**2 + i - 3*r,-i*sqrt(Abs(i - s)) + 6.38870530570204*i ; i**2 + i - 3*r + 25.6978317887345
5125,0.7674102092219394,B0*i - i**2 + i*s + s ; r,-i**2 + i*s - 1.21393968829331*i + s ; r
5126,0.7673065738627515,B0*sqrt(Abs(i)) ; B1*i*r**2 + B1*r*Abs(i)**(3/2),0.0135352290288125*sqrt(Abs(i)) ; 0.0641980260678642*i*r**2 + 0.0641980260678642*r*Abs(i)**(3/2)
5127,0.767216619734301,Abs(i)**(3/2) ; i + sqrt(Abs(i - sqrt(Abs(B0*i + i**2)))),Abs(i)**(3/2) ; i + sqrt(Abs(i - sqrt(Abs(i**2))))
5128,0.7671419416689828,i**3 + Abs(i)**(5/2) ; 2*i*r**2 + i,i**3 + Abs(i)**(5/2) ; 2*i*r**2 + i
5129,0.7671042678795681,B0*Abs(i)**(1/8)*Abs(s)**(1/16) ; B1*i**3,0.0228658241960226*Abs(i)**(1/8)*Abs(s)**(1/16) ; 295.241760024275*i**3
5130,0.7670937975275447,B0*i**3 ; B1*i + i**2 + i*r + r,12.6703685784449*i**3 ; i**2 + i*r + 3.16676469493862*i + r
5131,0.766987111328936,s*sqrt(Abs(B0 - i)) ; r,s*sqrt(Abs(i - 11.4239129538263)) ; r
5132,0.76676156053927,B0*i + 3*i*s ; i**2,3*i*s - 2.43999327791763*i ; i**2
5133,0.7665689243865658,B0*i + B1*i**2 - i*s ; B2*sqrt(Abs(i)) + r*sqrt(Abs(i)),5.75144874514414*i**2 - i*s + 0.000348358143033147*i ; r*sqrt(Abs(i)) + 0.00891973107540583*sqrt(Abs(i))
5134,0.7663418566827374,-i**3 + i**2*s ; 2*r,-i**3 + i**2*s ; 2*r
5135,0.7659216858183248,B0*i + i**2 + i*s ; B1*r + B2*i*r + r**2,i**2 + i*s - 2.23409655339437*i ; 43.4001032185996*i*r + r**2 + 0.0313212652733972*r
5136,0.7659101415077315,i**2*s**2 - i*s**2 ; Abs(i)**(5/4)*sqrt(Abs(r)),i**2*s**2 - i*s**2 ; Abs(i)**(5/4)*sqrt(Abs(r))
5137,0.7659000720656415,i**2 - i*s + s*Abs(i)**(3/2) ; B0 + 2*r,i**2 - i*s + s*Abs(i)**(3/2) ; 2*r
5138,0.7658408486324737,B0*sqrt(Abs(i))*sqrt(Abs(s)) ; B1*r**2 + i*r**2 + i + r**4,0.00358187181054117*sqrt(Abs(i))*sqrt(Abs(s)) ; i*r**2 + i + r**4 + 46.7031961155763*r**2
5139,0.7658326916301255,B0*s + s*Abs(i)**(3/2) ; r*sqrt(Abs(i))*Abs(B1*i + i**2)**(1/4),s*Abs(i)**(3/2) + 0.000769610598741649*s ; r*sqrt(Abs(i))*Abs(i**2 + 0.00223355148998795*i)**(1/4)
5140,0.7651550129065608,B0*i - 3*i**2 ; B1*r**2,-3*i**2 + 0.495958336256369*i ; 0.44826677854008*r**2
5141,0.7651549541236624,B0*i - i**2 + 2*i*s ; r**2,-i**2 + 2*i*s - 1.50498830717788*i ; r**2
5142,0.76426406259418,B0*s**2 + s**2*sqrt(Abs(i + sqrt(Abs(i)))) ; B1*i**3 + i**4,s**2*sqrt(Abs(i + sqrt(Abs(i)))) - 0.39977000012645*s**2 ; i**4 + 239.973008287202*i**3
5143,0.7639486612610181,-i**2*s + i*Abs(s)**(3/2) ; B0 - sqrt(Abs(r)),-i**2*s + i*Abs(s)**(3/2) ; -sqrt(Abs(r))
5144,0.763921406083494,B0 + i**2 ; B1 + B2*i**2*r - i**3*r,i**2 + 0.0119703432991403 ; -i**3*r + 0.000308574486542522*i**2*r + 0.0124641317205008
5145,0.7637465744907661,B2*sqrt(Abs(B1 + sqrt(Abs(B0 + 2*i)))) ; sqrt(Abs(B3*i**3*r + B3*i**2*r)),0.00218173513801334*sqrt(Abs(sqrt(Abs(2*i - 0.269111468032031)) - 37.4984830073629)) ; sqrt(Abs(44.5209736413267*i**3*r + 44.5209736413267*i**2*r))
5146,0.7634348712948124,B0*Abs(i)**(1/4) ; B1*i + i**3 + 2*i**2,0.00416366558211565*Abs(i)**(1/4) ; i**3 + 2*i**2 + 1990.66605247708*i
5147,0.7633981965702538,B0 - i*s + Abs(i)**(3/2) ; B1*i + B2*i**2 - i*r - r,-i*s + Abs(i)**(3/2) + 0.0646506186980767 ; 1.88063328494341*i**2 - i*r + 0.00467355492760214*i - r
5148,0.7629991558002679,B0*i + B2*sqrt(Abs(B1 + s)) ; i*r**2 + r + sqrt(Abs(i)),0.0107613840896366*i + 0.00230232738082885*sqrt(Abs(s + 0.126104919977197)) ; i*r**2 + r + sqrt(Abs(i))
5149,0.762884665027056,B0*Abs(i)**(3/8) ; B1*r + i*r - 2*r**2,0.0128923103073283*Abs(i)**(3/8) ; i*r - 2*r**2 + 0.0227248444876755*r
5150,0.7624144966190135,B0*sqrt(Abs(s)) + B1*i*sqrt(Abs(s)) + Abs(s)**(3/2) ; i,-1.70346509146613*i*sqrt(Abs(s)) + Abs(s)**(3/2) - 0.81944471736136*sqrt(Abs(s)) ; i
5151,0.7623491563436015,s*sqrt(Abs(2*i**2 - i*s)) ; B0 + B1*i,s*sqrt(Abs(2*i**2 - i*s)) ; 2.68064583676999*i + 0.0868651295610003
5152,0.7623435806933264,B0 + i*s - i ; B1*r + i*r + 2*r**2,i*s - i + 0.0196817668089962 ; i*r + 2*r**2 + 0.268655891509749*r
5153,0.7620980108545339,B0*i + B1*i**2 + B1*i*s ; B2*r + i*r,6.62228410068652*i**2 + 6.62228410068652*i*s - 6.59423741041335*i ; i*r + 27.8949461268863*r
5154,0.7620980105581013,B0*i ; i*sqrt(Abs(B1*i*r + i**2*r)),0.0280422953647286*i ; i*sqrt(Abs(i**2*r + 2.70813563939391*i*r))
5155,0.7620980095075943,B0*i + B1*i**2 + B1*i*s ; -Abs(r)**(1/8),0.0245674646350264*i**2 + 0.0245674646350264*i*s + 0.0034698134902106*i ; -Abs(r)**(1/8)
5156,0.762097924956888,B0*i + B1*i**2 + B1*i*s ; i**2*r,-1.03116499811504*i**2 - 1.03116499811504*i*s + 1.05913608569625*i ; i**2*r
5157,0.7620976246156826,B0*i + B1*i**2 + B1*i*s ; r,0.0215930866383531*i**2 + 0.0215930866383531*i*s + 0.00661269741133078*i ; r
5158,0.7619057253537506,B0 + i*s ; -i*r + r*sqrt(Abs(i)),i*s - 0.0195922923185088 ; -i*r + r*sqrt(Abs(i))
5159,0.7618310451295133,i*s - i ; -r + sqrt(Abs(i)),i*s - i ; -r + sqrt(Abs(i))
5160,0.7610095942116365,B0*s**2 + B1*i*s**2 + B1*s**3 ; sqrt(Abs(B2*r - sqrt(Abs(r)))),-0.206853963376045*i*s**2 - 0.206853963376045*s**3 + 0.252186390660067*s**2 ; sqrt(Abs(0.492676206942335*r - sqrt(Abs(r))))
5161,0.7607333680167457,-sqrt(Abs(B0 + B1*i)) ; B2*r + i*r + r**2,-sqrt(Abs(0.000568089361110577*i + 1.41641471359081e-5)) ; i*r + r**2 + 0.158653558274812*r
5162,0.7606576551971951,B0*Abs(i)**(1/8) - Abs(i)**(9/8) ; B1*r - r*sqrt(Abs(i)),-Abs(i)**(9/8) + 0.0613834695580977*Abs(i)**(1/8) ; -r*sqrt(Abs(i)) + 0.00517910334020759*r
5163,0.7606576530819583,B0*Abs(i)**(1/8) - Abs(i)**(9/8) ; B1*sqrt(Abs(r)),-Abs(i)**(9/8) + 0.0614385768717117*Abs(i)**(1/8) ; 0.000363182309479854*sqrt(Abs(r))
5164,0.7603841931083271,B0*i**2 ; r*sqrt(Abs(B1*i**2 + B2*i*r)),0.467488017173812*i**2 ; r*sqrt(Abs(0.959242795314876*i**2 + 0.0185483636364658*i*r))
5165,0.7603841930209142,B0*i**2 ; -i*r + i*sqrt(Abs(B1*r + r**2)),0.46742578063781*i**2 ; -i*r + i*sqrt(Abs(r**2 + 0.000523946813720455*r))
5166,0.7603841376909184,B0*i**3 + B0*i**2*s ; r,0.466287324614535*i**3 + 0.466287324614535*i**2*s ; r
5167,0.7602780089261667,B0*i + i**2 + i*s**2 - i*s ; B2*sqrt(Abs(B1 + i)),i**2 + i*s**2 - i*s + 0.327222335358264*i ; 0.0184178275599178*sqrt(Abs(i + 0.0903742506259525))
5168,0.7600357694895423,B0*s - i*s ; i*sqrt(Abs(i**2*r + i*r**2)),-i*s + 0.045978324219645*s ; i*sqrt(Abs(i**2*r + i*r**2))
5169,0.7600357670401993,B0*s + s**2*sqrt(Abs(i + s)) ; r*sqrt(Abs(i))*Abs(B1*i + i**2)**(1/4),s**2*sqrt(Abs(i + s)) - 0.953968177000628*s ; r*sqrt(Abs(i))*Abs(i**2 + 0.77059179852699*i)**(1/4)
5170,0.7600066013175154,B0*Abs(s)**(1/8) + Abs(s)**(9/8) ; sqrt(Abs(B1 + i*r + r)),Abs(s)**(9/8) - 0.955247475108229*Abs(s)**(1/8) ; sqrt(Abs(i*r + r + 0.912154565799499))
5171,0.7597215402183881,i*sqrt(Abs(B0*s**2 + B0*s + B1*i)) ; r,i*sqrt(Abs(-0.0069211864069262*i + 0.00190311536129932*s**2 + 0.00190311536129932*s)) ; r
5172,0.7597172049844858,B0*i**2 - i**3 + i**2*s + i*s ; B1 + B2*i,-i**3 + i**2*s - 4.58536222915662*i**2 + i*s ; 0.375756773962585*i + 0.000154672905525232
5173,0.759691616995701,B1*sqrt(Abs(B0*i**2*s + B0*i*s**2)) ; sqrt(Abs(i)),0.000486962273695685*sqrt(Abs(0.637552326971032*i**2*s + 0.637552326971032*i*s**2)) ; sqrt(Abs(i))
5174,0.7596335081151916,B0*sqrt(Abs(i)) ; 2*r**2 + 2*Abs(r)**(3/2),0.0135352088786858*sqrt(Abs(i)) ; 2*r**2 + 2*Abs(r)**(3/2)
5175,0.7595458673449419,i**2*s + s*Abs(i)**(3/2) ; i - r + Abs(r)**(3/2),i**2*s + s*Abs(i)**(3/2) ; i - r + Abs(r)**(3/2)
5176,0.7592999795598223,sqrt(2)*s**2*sqrt(Abs(i)) ; B0*Abs(i)**(5/4) + i,sqrt(2)*s**2*sqrt(Abs(i)) ; i + 11.4030371850216*Abs(i)**(5/4)
5177,0.759273203955498,2*i*s**2 ; B0 + i,2*i*s**2 ; i - 0.000888347690882401
5178,0.7592681374873542,-3*i - s + sqrt(Abs(s)) ; B0*i + i*r + i*sqrt(Abs(B1 - i)),-3*i - s + sqrt(Abs(s)) ; i*r + i*sqrt(Abs(i + 0.0612717406282588)) - 0.116546095620481*i
5179,0.7585986372282177,B0*i**2 - i**3 - i**2*s ; B1 + i,-i**3 - i**2*s + 11.201994173766*i**2 ; i - 0.0208222127183345
5180,0.7584688643551721,B0*s**2 + s**2*sqrt(Abs(i - s)) ; B1 + B2*i + B3*sqrt(Abs(r)) + r,s**2*sqrt(Abs(i - s)) - 1.05391650978602*s**2 ; 1.95650170737569*i + r - 3.28237392243689*sqrt(Abs(r)) + 1.92528993753466
5181,0.7582508706214174,i**2*Abs(s)**(1/4) - i*Abs(s)**(5/4) ; B0*r*sqrt(Abs(i)),i**2*Abs(s)**(1/4) - i*Abs(s)**(5/4) ; 0.0129736232734094*r*sqrt(Abs(i))
5182,0.7582425925184207,B0*i**2*s + B0*i*s**2 ; i**2 + i*sqrt(Abs(B1 - r)) + r,3.19780386302234*i**2*s + 3.19780386302234*i*s**2 ; i**2 + i*sqrt(Abs(r - 45.4063415113496)) + r
5183,0.7578477766563168,B0*s + i*s ; B1*r,i*s - 0.0199935799669575*s ; 0.569241446330168*r
5184,0.7578467265549124,B0*s + i*s ; sqrt(Abs(r)),i*s - 0.0199935174678356*s ; sqrt(Abs(r))
5185,0.7578449237963135,B0*s - s**2 ; r,-s**2 + 0.980006521074011*s ; r
5186,0.7578444380182335,B0*s - s**2 ; i*r,-s**2 + 0.980006529119336*s ; i*r
5187,0.757034913573863,B0*i + B1*s - i*s + s**2 ; r,-i*s - 0.811073830428295*i + s**2 - 0.739210912497595*s ; r
5188,0.7570198363719466,s*sqrt(Abs(B0*s**2 + i*s**2)) ; B1*i**2,s*sqrt(Abs(i*s**2 - 0.0197760765916443*s**2)) ; 39.1147167606504*i**2
5189,0.7559760069402122,B1*sqrt(Abs(B0*i - 2*i**2 + i*s)) ; B2 - i + 2*r,9.38086256954963e-5*sqrt(Abs(-2*i**2 + i*s + 1.95037765826721*i)) ; -i + 2*r + 1.079081206026
5190,0.7558953898945636,B0*sqrt(Abs(i)) ; B1 + sqrt(Abs(B2*r + 2*i*r + r**2)),0.00132823135590567*sqrt(Abs(i)) ; sqrt(Abs(2*i*r + r**2 + 11.2595188475015*r)) + 17.1505510415945
5191,0.7544770307441467,B0*i ; B1*r + B2*r**2 - i*r**2,0.0280470808373841*i ; -i*r**2 + 0.000463491868476932*r**2 + 0.00999270912912699*r
5192,0.7544770306726547,B0*i ; B1*i*r + i*r**2 + r**2,0.0280445119985604*i ; i*r**2 + 1.84114550152786*i*r + r**2
5193,0.7544769488216824,B0*i ; -2*r**2 + 2*Abs(r)**(3/2),0.0281205751173644*i ; -2*r**2 + 2*Abs(r)**(3/2)
5194,0.7544768168839382,B0*i ; -i**2*r - i*r + r*Abs(i)**(3/2),0.0279265845808245*i ; -i**2*r - i*r + r*Abs(i)**(3/2)
5195,0.754476772548956,B0*i ; i*r**2 + r**3 + r**2,0.0279146614370592*i ; i*r**2 + r**3 + r**2
5196,0.754287252028393,B0 + i*s - i - s ; B1*Abs(r)**(1/4),i*s - i - s + 0.980407599431396 ; 0.00871983275175891*Abs(r)**(1/4)
5197,0.7541534230778427,B0*Abs(i)**(1/8) + s*Abs(i)**(1/8) ; B1*sqrt(Abs(i)),s*Abs(i)**(1/8) - 0.92831762848514*Abs(i)**(1/8) ; 0.418330711803741*sqrt(Abs(i))
5198,0.754141454083206,B0*s + i*s + s**2 + Abs(s)**(3/2) ; B1*Abs(r)**(3/4),i*s + s**2 - 1.95391997829942*s + Abs(s)**(3/2) ; 0.091133094363776*Abs(r)**(3/4)
5199,0.7536926148505075,B0*Abs(i)**(5/4) ; B1*r - i*r + r**2 + Abs(r)**(3/2),0.0510629504983368*Abs(i)**(5/4) ; -i*r + r**2 + 0.0313546572039993*r + Abs(r)**(3/2)
5200,0.7536926135641813,B0*Abs(i)**(5/4) ; B1*i*r**3 + r**3,0.051087575452343*Abs(i)**(5/4) ; 0.00317828480827338*i*r**3 + r**3
5201,0.7530510784878042,B0*Abs(i)**(1/8) + s*Abs(i)**(1/8) ; r**2,s*Abs(i)**(1/8) - 0.938631317287308*Abs(i)**(1/8) ; r**2
5202,0.7528382343752396,B0*Abs(i)**(1/8) + s*Abs(i)**(1/8) ; sqrt(Abs(B1 + B2*r + B3*i)),s*Abs(i)**(1/8) - 0.943332707616349*Abs(i)**(1/8) ; sqrt(Abs(0.748864099466117*i - 0.0481157851784296*r + 0.0463682863753865))
5203,0.7528318939271403,B0*i**2*s + i**2*Abs(s)**(3/2) ; r,-0.488721987755792*i**2*s + i**2*Abs(s)**(3/2) ; r
5204,0.7526549748536465,i**2*s**2 + i*s**3 + i*s**2 ; B0 + B1*sqrt(Abs(i)),i**2*s**2 + i*s**3 + i*s**2 ; 0.0419221520938842 - 0.0385914150048254*sqrt(Abs(i))
5205,0.7524861354774327,B0*i + B1*i**2 + B2*i*s ; B3 + r,2.55386012924024*i**2 - 0.0129254948379214*i*s + 255.398292321171*i ; r + 255.371837581907
5206,0.7524466465358165,i**2*s**2 ; sqrt(Abs(r)),i**2*s**2 ; sqrt(Abs(r))
5207,0.7524354117939437,B0*s + i*s + 2*s**2 ; sqrt(Abs(r)),i*s + 2*s**2 - 1.95402367338463*s ; sqrt(Abs(r))
5208,0.7524354117081632,B0*s + i*s + 2*s**2 ; B1*r,i*s + 2*s**2 - 1.95401218022264*s ; 0.00018987843848096*r
5209,0.752404453157568,B0*i**3 + i**3*s ; r,i**3*s + 12.5387924031139*i**3 ; r
5210,0.7524026592735923,B0 + s ; B1 + B2*sqrt(Abs(r)) - i*sqrt(Abs(r)) + Abs(r)**(3/2),s - 0.955418784570075 ; -i*sqrt(Abs(r)) + Abs(r)**(3/2) + 2.33666558988581*sqrt(Abs(r)) + 0.0586558583348013
5211,0.7522777784030824,B0*s + 2*i*s + s**2 ; i*r,2*i*s + s**2 + 1.14905570754642*s ; i*r
5212,0.7521455767681053,i*sqrt(Abs(B0*i + i**2 - 2*i*s)) ; B1 + B2*i,i*sqrt(Abs(i**2 - 2*i*s + 198.727014205587*i)) ; 5.41268532881719*i + 0.0120639783017647
5213,0.7520772629274082,B0*i**3 ; -i**2*r + i**2 + i*r + i,2041.14717656873*i**3 ; -i**2*r + i**2 + i*r + i
5214,0.752037173172135,B0*sqrt(Abs(i)) ; sqrt(Abs(B1*i**2*r + B2*i*r**2)),0.0135355479866374*sqrt(Abs(i)) ; sqrt(Abs(0.0196997895845944*i**2*r + 0.000318381835593667*i*r**2))
5215,0.7520371712583499,B0*sqrt(Abs(i)) ; r**4 + r**3*sqrt(Abs(i)),0.0135422114939511*sqrt(Abs(i)) ; r**4 + r**3*sqrt(Abs(i))
5216,0.7519405295779733,2*i**3*s ; r,2*i**3*s ; r
5217,0.7519351091406224,B0*i*s ; -2*i**2 - i*r + r**2,0.00048940834971774*i*s ; -2*i**2 - i*r + r**2
5218,0.7518819835737675,i**2*s**2 ; i**2*r**2 - i**2*r + i,i**2*s**2 ; i**2*r**2 - i**2*r + i
5219,0.7518605832675469,B0*i**2*s - i**2*s**2 ; B1 + B2*i,-i**2*s**2 + 0.355023271263649*i**2*s ; 0.384558991483202*i + 0.000214427346346437
5220,0.7516682968293968,B0*s + i*s + 2*s**2 ; i,i*s + 2*s**2 - 1.96541509199337*s ; i
5221,0.7515437178246092,B0*i + B1*i**2 + B2*i**2*s - i*s ; i,29.5310829154282*i**2*s + 1.61223686693044*i**2 - i*s + 1.35476014250932*i ; i
5222,0.7510897021622531,i*sqrt(Abs(i*s - s*sqrt(Abs(i)))) ; B0 - sqrt(Abs(r)),i*sqrt(Abs(i*s - s*sqrt(Abs(i)))) ; -sqrt(Abs(r))
5223,0.7509640334893788,s*sqrt(Abs(B0*i - i*s)) ; B1 + B3*sqrt(Abs(B2 + 2*r)) - i,s*sqrt(Abs(i*s - 0.651675040547078*i)) ; -i - 3.92483358921401*sqrt(Abs(2*r + 7.74659970139098)) + 11.3936027660896
5224,0.750730042411257,B0*i*s + B1*i**2*s**2 ; r**2 + Abs(i)**(3/2),39.3707958973069*i**2*s**2 - 0.66310861860658*i*s ; r**2 + Abs(i)**(3/2)
5225,0.7506675185227654,-i ; -i*r + r**2 + r*sqrt(Abs(r - sqrt(Abs(r)))),-i ; -i*r + r**2 + r*sqrt(Abs(r - sqrt(Abs(r))))
5226,0.7498144386064254,B0*Abs(i)**(1/32) ; sqrt(Abs(B1*i + B2*r)),0.0161481466246723*Abs(i)**(1/32) ; sqrt(Abs(0.0185584551510826*i + 0.000183639386651009*r))
5227,0.749555550489467,s*sqrt(Abs(B0 + s*sqrt(Abs(i)))) ; -4*r,s*sqrt(Abs(s*sqrt(Abs(i)) - 0.384944281770075)) ; -4*r
5228,0.7492458494664717,i*s ; i**2,i*s ; i**2
5229,0.7490289825030653,i**2*sqrt(Abs(B0 + i)) + i**2 + i*s ; B1 - r,i**2*sqrt(Abs(i - 12.5316881003891)) + i**2 + i*s ; 0.302024401800028 - r
5230,0.7483304800881176,B0*i + i**3*s + 2*i**2 ; B1*Abs(i)**(3/4)*Abs(r)**(5/4),i**3*s + 2*i**2 - 2.83734622011984*i ; 62.1941644863277*Abs(i)**(3/4)*Abs(r)**(5/4)
5231,0.7479287194821002,B0*s - i*s**2 ; sqrt(Abs(B1 + i)),-i*s**2 + 0.0837651391910823*s ; sqrt(Abs(i + 0.0180286460285176))
5232,0.7477784624292737,B0*s - s**3 + 2*s**2 ; B1 + B2*i*r + r**2,-s**3 + 2*s**2 - 0.977448970633526*s ; 0.309694051180719*i*r + r**2 + 0.00404788079629264
5233,0.747643644115598,B0*i - i**2*s + i*s ; B1 + B2*sqrt(Abs(r)),-i**2*s + i*s + 8.37355888411769e-5*i ; 0.017131290660213*sqrt(Abs(r)) + 0.00836203632094338
5234,0.7476346596874842,i*sqrt(Abs(B0*i**2*s + B1*i*s)) ; r,i*sqrt(Abs(0.346319630910855*i**2*s - 0.041598336851519*i*s)) ; r
5235,0.747454677968691,B0*s - i**2*s - i*s**2 ; 2*i - r - sqrt(Abs(i)),-i**2*s - i*s**2 + 0.175644074925802*s ; 2*i - r - sqrt(Abs(i))
5236,0.7471418344666785,B0*Abs(i)**(1/32) ; sqrt(Abs(i)),0.0112844228576252*Abs(i)**(1/32) ; sqrt(Abs(i))
5237,0.7469579126770415,B0*s*Abs(i)**(3/2) ; B1*r + B2*r*sqrt(Abs(i)) - r**2*sqrt(Abs(i)),0.851901047909443*s*Abs(i)**(3/2) ; -r**2*sqrt(Abs(i)) + 0.000754782091139596*r*sqrt(Abs(i)) + 1.0059820155717*r
5238,0.746932260437936,B0*i ; B1*r - i*r + r**2 - r*sqrt(Abs(i)),0.0280465241200395*i ; -i*r + r**2 - r*sqrt(Abs(i)) + 0.000506168655300988*r
5239,0.7467200449102617,i*sqrt(Abs(B0*i*s - 2*s**2)) ; B1 + B2*i + r,i*sqrt(Abs(6.36713094947686*i*s - 2*s**2)) ; 5.5166127131798*i + r - 0.0837577206909602
5240,0.7462879636592172,B0*Abs(i**2 - i*s)**(1/4) ; B1*r + 2*i**2*r + r**2,0.0172835550832449*Abs(i**2 - i*s)**(1/4) ; 2*i**2*r + r**2 + 0.198681404179022*r
5241,0.7460384041390955,s*sqrt(Abs(B0 + i - s)) ; B1 + 2*i + r,s*sqrt(Abs(i - s + 0.977078542919326)) ; 2*i + r + 0.228808748984649
5242,0.7450538341067577,s*sqrt(Abs(B0*i*s + i**2*s)) ; B1*r,s*sqrt(Abs(i**2*s - 0.255775285450043*i*s)) ; 0.0253764199143502*r
5243,0.7448972123093366,s*sqrt(Abs(B0*i*s + i**2*s)) ; B2*i*sqrt(Abs(B1*r + i*r)),s*sqrt(Abs(i**2*s - 0.255775283264351*i*s)) ; 0.0420416859824646*i*sqrt(Abs(i*r + 0.000118591469225871*r))
5244,0.744516801374426,B0*sqrt(Abs(i)) ; i**2*r**3 + i*r**3,0.0135353773120009*sqrt(Abs(i)) ; i**2*r**3 + i*r**3
5245,0.7438087473915853,sqrt(Abs(B0 - sqrt(Abs(B1 - i)))) ; B3*Abs(B2 - i + sqrt(Abs(i)))**(1/4),sqrt(Abs(sqrt(Abs(i - 1357.54416545979)) - 38.1779224892219)) ; 426.351126849864*Abs(i - sqrt(Abs(i)) + 100.70711468023)**(1/4)
5246,0.7436542622905203,-i + s*sqrt(Abs(B0 + s)) ; B1*r**2 + i*r**2 + i*r,-i + s*sqrt(Abs(s - 0.92833874240388)) ; i*r**2 + i*r + 0.105104798549675*r**2
5247,0.743162266553606,B0*i**2 - i ; B1*i*r**2 + r**2*Abs(i)**(5/4),5.89530094268669*i**2 - i ; 0.0042595504091195*i*r**2 + r**2*Abs(i)**(5/4)
5248,0.7426614335582165,B0*s**3 - i*s**2 - s**2 ; i**2 + i*r,-i*s**2 + 1.1757725442898*s**3 - s**2 ; i**2 + i*r
5249,0.7419450329081982,B0*Abs(i)**(3/2)*Abs(s)**(3/2) - i**2 ; i + sqrt(Abs(B1 + r)),-i**2 + 1.04270278011042*Abs(i)**(3/2)*Abs(s)**(3/2) ; i + sqrt(Abs(r - 2.20999209620353e-9))
5250,0.7415532944108029,sqrt(Abs(i))*Abs(s)**(5/2) ; sqrt(Abs(i)),sqrt(Abs(i))*Abs(s)**(5/2) ; sqrt(Abs(i))
5251,0.7413168142464208,B0*i + 2*i**2 + 2*i*s ; i,2*i**2 + 2*i*s - 0.755604683338069*i ; i
5252,0.7404828618145524,i**2*s + 2*i*s**2 ; B0*i + i**2*sqrt(Abs(r)) + i*r,i**2*s + 2*i*s**2 ; i**2*sqrt(Abs(r)) + i*r + 1.69528215207957*i
5253,0.7397967366393918,sqrt(Abs(i))*Abs(s)**(9/8) ; i + sqrt(Abs(B0*sqrt(Abs(r)) - i)),sqrt(Abs(i))*Abs(s)**(9/8) ; i + sqrt(Abs(i - 0.000114694662505896*sqrt(Abs(r))))
5254,0.7395748337936905,B0*i*s + 2*i**2*s**2 ; sqrt(Abs(B1 + B2*r - i)),2*i**2*s**2 + 0.0142162301378405*i*s ; sqrt(Abs(i + 0.392210237837017*r + 0.071130854087892))
5255,0.7394629377958811,B0*i ; B1*r**2 + 2*i*r**2,0.0280451109215903*i ; 2*i*r**2 + 18.1293828672775*r**2
5256,0.7394629374291886,B0*i ; B1*i*r - 2*i*r**2,0.0280519851587074*i ; -2*i*r**2 + 0.451134686298538*i*r
5257,0.7394629321793637,B0*i ; r*sqrt(Abs(B1*i**2 + B1*i*r + B2*i)),0.0280663632870239*i ; r*sqrt(Abs(24.9448490277648*i**2 + 24.9448490277648*i*r + 0.299825252776577*i))
5258,0.7390569046600733,s*sqrt(Abs(B0*s + i*s)) ; B1 - r + sqrt(Abs(B2 + i*r)),s*sqrt(Abs(i*s + 0.0868060870965363*s)) ; -r + sqrt(Abs(i*r + 0.324785323794547)) - 0.0601602737986706
5259,0.7379840730417152,B0*i - i*s + s ; B1 + B2*r,-i*s - 1.73261648452227*i + s ; 0.0787579041738438 - 0.0417471563899537*r
5260,0.7378243816713428,B0*i**2*s + i**3 - i**2 ; B1*r,i**3 + 1.49039651753192*i**2*s - i**2 ; 0.00964270241123919*r
5261,0.7377665919378246,i*s ; sqrt(Abs(B0*i**2 + B1*i)),i*s ; sqrt(Abs(0.0987663854279417*i**2 + 1.82174870145086e-6*i))
5262,0.737660956491881,B0*i*s + 2*i**2*s + i*s**2 ; B1*i + B1*r,2*i**2*s + i*s**2 - 0.788310644281144*i*s ; 0.0365783875028248*i + 0.0365783875028248*r
5263,0.7375404773479436,2*i*s ; i*r + i,2*i*s ; i*r + i
5264,0.7374057838966304,B0*Abs(i)**(1/4)*Abs(s)**(1/8) ; B1*i + i**2*r + i**2 - 2*i*r,0.0154499495039266*Abs(i)**(1/4)*Abs(s)**(1/8) ; i**2*r + i**2 - 2*i*r - 1.84110014774491*i
5265,0.7372499502801183,B0*s**2 + s**3 + Abs(s)**(5/2) ; -Abs(r)**(1/8),s**3 - 1.94282879414848*s**2 + Abs(s)**(5/2) ; -Abs(r)**(1/8)
5266,0.7370716337488199,B0*sqrt(Abs(i)) ; sqrt(Abs(B1*i*r - 2*i**2*r)),0.0135369545126607*sqrt(Abs(i)) ; sqrt(Abs(2*i**2*r - 90.6672963580035*i*r))
5267,0.7370704530710688,B0*i + B1*i*s + B2*i*s**2 ; sqrt(Abs(B3*r - sqrt(Abs(i)))),-0.0258103343845633*i*s**2 + 0.0506174348187755*i*s - 0.0248185711954728*i ; sqrt(Abs(0.0028664581181329*r + sqrt(Abs(i))))
5268,0.7365695367889113,-i*s + i*Abs(s)**(5/4) ; B0*r**2 + i*r**2 + r**3,-i*s + i*Abs(s)**(5/4) ; i*r**2 + r**3 + 0.00561327178338954*r**2
5269,0.7358006663028717,B0 - sqrt(Abs(i)) ; -i + sqrt(Abs(r)),0.586770326109434 - sqrt(Abs(i)) ; -i + sqrt(Abs(r))
5270,0.7357424058227631,B0*i - i*s ; -i**2*r - i*r**2 - i*r + r,-i*s - 0.237196221469564*i ; -i**2*r - i*r**2 - i*r + r
5271,0.7352955732655271,s**3*sqrt(Abs(B0 - s)) ; r,s**3*sqrt(Abs(s - 0.897488605810157)) ; r
5272,0.7349777455046168,sqrt(Abs(i))*Abs(s)**(7/4) ; sqrt(Abs(B0 - i)),sqrt(Abs(i))*Abs(s)**(7/4) ; sqrt(Abs(i - 0.00401530787064675))
5273,0.7342745458118074,s*sqrt(Abs(B0*s + i*s)) ; B1 - i - r,s*sqrt(Abs(i*s + 5.51182111339559*s)) ; -i - r + 0.155770259536979
5274,0.7337445310602728,B0*sqrt(Abs(s)) ; i**4*r - i**4 + i**3*r,0.0341022588220487*sqrt(Abs(s)) ; i**4*r - i**4 + i**3*r
5275,0.7325466389463271,B0*s + sqrt(2)*s*sqrt(Abs(i)) ; B1*i + B2*i*r - i**2*r + i**2,sqrt(2)*s*sqrt(Abs(i)) - 0.110910117565911*s ; -i**2*r + i**2 - 4.72404989522471*i*r + 4.5835232964883*i
5276,0.7320683071904771,B0*i ; B1*r + i*r - r**2 + sqrt(Abs(i))*Abs(r)**(3/2),0.0280560663291366*i ; i*r - r**2 + 0.000208465635498899*r + sqrt(Abs(i))*Abs(r)**(3/2)
5277,0.7313205347338544,B0*i - i**2*s + i**2*sqrt(Abs(i + s)) ; B1*r + B2*r**2 + B3*i*r,-i**2*s + i**2*sqrt(Abs(i + s)) + 0.0194249961658229*i ; 0.000620091616014447*i*r + 0.000238821029099647*r**2 + 0.624672902265555*r
5278,0.7307609467644324,s**3*sqrt(Abs(i)) ; i,s**3*sqrt(Abs(i)) ; i
5279,0.7305842305579392,B0*i + B1*s - i**2 - 2*i*s ; r,-i**2 - 2*i*s - 0.600225326156397*i + 0.390439188248236*s ; r
5280,0.7297009134113386,B0*sqrt(Abs(i)) ; B1*r - 2*r**3 - r**2,0.0135309656866223*sqrt(Abs(i)) ; -2*r**3 - r**2 + 0.000658294987144001*r
5281,0.7295760293547147,i**4 + i**3*sqrt(Abs(i + s)) ; r,i**4 + i**3*sqrt(Abs(i + s)) ; r
5282,0.7293104480227666,i*Abs(s)**(3/2) ; 2*r,i*Abs(s)**(3/2) ; 2*r
5283,0.7277681418145936,sqrt(Abs(B0 - sqrt(Abs(B1 - s)))) ; B2 + i + r**2 - r,sqrt(Abs(sqrt(Abs(s - 25788.83261594)) - 160.589136173447)) ; i + r**2 - r + 0.0010629313653228
5284,0.72521051370614,-i*s**2 + s**2*sqrt(Abs(i)) ; r,-i*s**2 + s**2*sqrt(Abs(i)) ; r
5285,0.7249082360959633,B0*i*sqrt(Abs(s)) + i**2*sqrt(Abs(s)) + i*Abs(s)**(3/2) ; B1*r + B2*i*r**2,i**2*sqrt(Abs(s)) + i*Abs(s)**(3/2) - 0.969812222107098*i*sqrt(Abs(s)) ; 0.00127134779152336*i*r**2 + 3.0946819221037*r
5286,0.7247476251308637,B0*i ; B1*r + i**2*r + i*r**2 + r**2,0.0280426348288426*i ; i**2*r + i*r**2 + r**2 + 0.0609310885841608*r
5287,0.724362960964598,s*sqrt(Abs(B0 + sqrt(Abs(i)))) ; B1*sqrt(Abs(i)),s*sqrt(Abs(sqrt(Abs(i)) - 0.28290269076213)) ; 0.417212501763165*sqrt(Abs(i))
5288,0.7234369788844667,B0*s + B1*s*sqrt(Abs(i)) - s**2 ; i,-s**2 - 1.38244788541166*s*sqrt(Abs(i)) + 1.23185618388103*s ; i
5289,0.7211042728107228,B0*i + 3*i**2 - i*s ; r,3*i**2 - i*s - 0.206954997353276*i ; r
5290,0.7199824629299033,i**2*Abs(s)**(3/2) ; r + sqrt(Abs(r)),i**2*Abs(s)**(3/2) ; r + sqrt(Abs(r))
5291,0.7192668730744328,B0*i*s + 2*i*s**3 ; B1*sqrt(Abs(r)),2*i*s**3 - 1.35591241622251*i*s ; 94.2017463611175*sqrt(Abs(r))
5292,0.7179473215780119,i ; B0 + B1*i + B2*r,i ; 230.140953593722*i - 222.249804948649*r - 4.59263074209494
5293,0.716266784923232,s - sqrt(Abs(i)) ; r,s - sqrt(Abs(i)) ; r
5294,0.716266784923232,s - sqrt(Abs(i)) ; i*r,s - sqrt(Abs(i)) ; i*r
5295,0.7135075444048852,B0*i + i**2 ; i + sqrt(Abs(i - sqrt(Abs(B1 + B2*i)))),i**2 + 1.05517264343655*i ; i + sqrt(Abs(i - sqrt(Abs(0.851688135800489*i + 0.916780091267342))))
5296,0.7127995007391497,-i**2 + 2*i*s ; i,-i**2 + 2*i*s ; i
5297,0.7118872556470941,B0 - i + sqrt(Abs(i)) ; B1*i*r + i**2*r**2 - 2*i*r**2,-i + sqrt(Abs(i)) - 0.122590027436136 ; i**2*r**2 - 2*i*r**2 + 0.0867086096887959*i*r
5298,0.7108569295284818,B0*i*s + i**3*s + i**2*s**2 ; sqrt(Abs(B1*r - i*r)),i**3*s + i**2*s**2 + 0.192578707553714*i*s ; sqrt(Abs(i*r - 0.0300671899875282*r))
5299,0.7108569295277993,B0*i*s + i**3*s + i**2*s**2 ; B1*sqrt(Abs(r)),i**3*s + i**2*s**2 + 0.192578876532228*i*s ; 1.35974081328557*sqrt(Abs(r))
5300,0.7107897507778593,2*i*s**2 ; B0 + i - sqrt(Abs(i)),2*i*s**2 ; i - sqrt(Abs(i)) + 0.159159579354178
5301,0.7103251474035991,B0*i ; B1*r + 2*i*r**2 + r**3,0.0280427479266862*i ; 2*i*r**2 + r**3 + 2.31461622064307*r
5302,0.7102928110859337,2*i**2*s + i*s**2 - i*s ; B0*i**2 + B1*i*r**3,2*i**2*s + i*s**2 - i*s ; 0.145594254220913*i**2 + 4765.57533036644*i*r**3
5303,0.7100390055742596,B0*s**2 - i*s**2 - i*s + s**3 ; i*r + i*Abs(r)**(1/4),-i*s**2 - i*s + s**3 - 0.804219930363346*s**2 ; i*r + i*Abs(r)**(1/4)
5304,0.710012021846628,s*Abs(i)**(5/4) ; r,s*Abs(i)**(5/4) ; r
5305,0.7097680821357031,s*Abs(i)**(3/8) ; B0 + B1*i + B2*r,s*Abs(i)**(3/8) ; 0.028351488398703*i - 0.260516197931352*r + 0.239730512809544
5306,0.709542459896236,B0 - i*s + 2*i - s ; B1 + i - sqrt(Abs(i)),-i*s + 2*i - s + 2.9603391500643 ; i - sqrt(Abs(i)) + 6.49990108385008
5307,0.708982688908738,B0*i**2 + 2*i**2*s**2 ; sqrt(Abs(B1*i*r - r)),2*i**2*s**2 - 1.32088528983949*i**2 ; sqrt(Abs(0.00791480106241067*i*r - r))
5308,0.7069584253103081,i*s ; Abs(i)**(9/4),i*s ; Abs(i)**(9/4)
5309,0.7069453119798913,2*i**3*s - i**2*s ; r,2*i**3*s - i**2*s ; r
5310,0.7052010588561354,B0*i + i**2 + i*sqrt(Abs(s)) ; i + sqrt(Abs(B1 + B2*i + r)),i**2 + i*sqrt(Abs(s)) + 0.567589622732662*i ; i + sqrt(Abs(0.997926413980973*i - r + 5.36037682604037))
5311,0.703709851097792,B0*i + s ; i,-1.10854120733049*i + s ; i
5312,0.7032218960923113,B0*i ; sqrt(Abs(B1*r**3 + B2*r**2 + r**4)),0.0280446904855227*i ; sqrt(Abs(r**4 + 0.02792006897827*r**3 + 0.140285982762521*r**2))
5313,0.702955341852491,s*Abs(i)**(3/8) ; B0 + B1*r + B1*sqrt(Abs(i)),s*Abs(i)**(3/8) ; -0.240486863373047*r - 0.240486863373047*sqrt(Abs(i)) + 0.261532928478978
5314,0.7023931724272797,i**3 - 2*i**2*s + i*s**2 ; i,i**3 - 2*i**2*s + i*s**2 ; i
5315,0.7004895316394626,s**2*Abs(i)**(1/4) ; B0 + B1*r,s**2*Abs(i)**(1/4) ; 0.375874231226083 - 0.591331535409738*r
5316,0.6992991235020626,B0*s + i*s ; i*r - 3*r**2,i*s - 0.0199935198826307*s ; i*r - 3*r**2
5317,0.6989635241097771,s*sqrt(Abs(B0*sqrt(Abs(s)) - Abs(s)**(3/2))) ; B1 + B2*sqrt(Abs(i)),s*sqrt(Abs(Abs(s)**(3/2) - 8.2887237168951*sqrt(Abs(s)))) ; 9.93960806048093*sqrt(Abs(i)) + 0.000347365488887324
5318,0.6976408501304784,B0*s + i*s + 2*s**2 ; i - sqrt(Abs(i)),i*s + 2*s**2 - 2.0891599291738*s ; i - sqrt(Abs(i))
5319,0.6975535115439955,B0*i*s + i**2*s**2 + i**2*s ; r,i**2*s**2 + i**2*s + 0.125867950665345*i*s ; r
5320,0.6974393209070097,B0*s**3 + 2*i*s**3 ; r,2*i*s**3 - 0.0399999260261129*s**3 ; r
5321,0.6960148796550768,B0 + i*s ; B1*r**2 + i*r**2 + r**3,i*s - 0.0195923585091931 ; i*r**2 + r**3 + 0.00195053238072608*r**2
5322,0.6951771729202565,s*sqrt(Abs(B0*i*s + i**2*s)) ; i*r,s*sqrt(Abs(i**2*s - 0.0200000000097389*i*s)) ; i*r
5323,0.6950342574178079,s*sqrt(Abs(B0*i*s + i**2*s)) ; i**2*r**2,s*sqrt(Abs(i**2*s - 0.0200000000162605*i*s)) ; i**2*r**2
5324,0.6949034562590498,s*sqrt(Abs(B0*s + i*s - s**2)) ; B1 + B2*i - r,s*sqrt(Abs(i*s - s**2 + 5.92379614891343*s)) ; -1.05814098848276*i - r - 0.105080442678898
5325,0.6945238360063289,s**3*sqrt(Abs(i)) ; r,s**3*sqrt(Abs(i)) ; r
5326,0.6942758742094827,B0*i**3 + i**4 - i**3*s ; r,i**4 - i**3*s + 14.4487183504249*i**3 ; r
5327,0.693960904778078,s*sqrt(Abs(B0*i*s + i**2*s)) ; r,s*sqrt(Abs(i**2*s - 0.0199999994780476*i*s)) ; r
5328,0.693580282441517,B0*i**2 + B1*i**3 + i**2*s - i*s ; i*r,15796.6298392106*i**3 + i**2*s - 268.623030585838*i**2 - i*s ; i*r
5329,0.6919772914257482,s*sqrt(Abs(-B0 + i + sqrt(Abs(s)))) ; r,s*sqrt(Abs(i + sqrt(Abs(s)) - 1.12686255073959)) ; r
5330,0.6906873722341402,s*sqrt(Abs(i))*Abs(i + 2*s)**(1/4) ; B0 + B1*sqrt(Abs(i)),s*sqrt(Abs(i))*Abs(i + 2*s)**(1/4) ; 0.165660308536436 - 0.0482197355032928*sqrt(Abs(i))
5331,0.6896319324460248,s*Abs(B0*i + i*s)**(1/4) ; B1 + i,s*Abs(i*s - 0.864377703482448*i)**(1/4) ; i + 0.135823908183603
5332,0.689067225913648,i*s + s**2 - s*sqrt(Abs(i)) - Abs(i)**(3/2) ; B0 + B1*i**2 + i*r,i*s + s**2 - s*sqrt(Abs(i)) - Abs(i)**(3/2) ; 0.0385894783399528*i**2 + i*r + 0.00107756403084538
5333,0.686891529829365,B0 - i + sqrt(Abs(i))*sqrt(Abs(s)) ; i,-i + sqrt(Abs(i))*sqrt(Abs(s)) - 8.88208335265182e-8 ; i
5334,0.686259767131331,-i*s - i + s ; B0 + i - sqrt(Abs(i)),-i*s - i + s ; i - sqrt(Abs(i)) + 0.287604008683924
5335,0.684193604704778,B0 + Abs(i)**(1/4) ; i,Abs(i)**(1/4) - 0.486683805880505 ; i
5336,0.6840625745391912,s**2*sqrt(Abs(B0 + i)) ; 2*r,s**2*sqrt(Abs(i - 0.115244632739936)) ; 2*r
5337,0.6840618985112007,s**2*sqrt(Abs(B0 + s)) ; B1 - r,s**2*sqrt(Abs(s - 0.88475536772635)) ; 0.0416563204627154 - r
5338,0.6840585015822459,s**2*sqrt(Abs(B0 - s)) ; B1 + sqrt(2)*sqrt(Abs(i)),s**2*sqrt(Abs(s - 0.884755361015954)) ; sqrt(2)*sqrt(Abs(i)) + 0.0130545282743465
5339,0.6829172834938927,s*sqrt(Abs(B0*s**2 + i*s**2)) ; i**3,s*sqrt(Abs(i*s**2 - 0.278144977340654*s**2)) ; i**3
5340,0.6813551301012876,s**2*sqrt(Abs(B0 - s)) ; r,s**2*sqrt(Abs(s - 0.703008868393788)) ; r
5341,0.6782589190439323,i*s**3 + s**2*Abs(i)**(3/2) ; r,i*s**3 + s**2*Abs(i)**(3/2) ; r
5342,0.677397535798267,i**2*s ; r,i**2*s ; r
5343,0.677397535798267,i**2*s ; B0 + r,i**2*s ; r
5344,0.676461221338406,i*Abs(s)**(9/8) ; B1*sqrt(Abs(B0*r**2 - i)),i*Abs(s)**(9/8) ; 0.0484564500814851*sqrt(Abs(i + 0.0191614433071297*r**2))
5345,0.6752877944246358,s*sqrt(Abs(i)) ; B0 - r,s*sqrt(Abs(i)) ; 0.45037367931237 - r
5346,0.6749461960884336,B0*i*s + 2*i**2*s**2 ; sqrt(Abs(B1*r - i)),2*i**2*s**2 + 0.0361653355925089*i*s ; sqrt(Abs(i + 0.570257440691277*r))
5347,0.6714295904965946,B0*sqrt(Abs(i)) - 2*s*sqrt(Abs(i)) + s ; i,-2*s*sqrt(Abs(i)) + s + 0.00434649230950566*sqrt(Abs(i)) ; i
5348,0.6695300949143537,s**2*Abs(i)**(1/4) ; B0 + B1*r + B2*r**2,s**2*Abs(i)**(1/4) ; 0.249931937861259*r**2 - 0.70378086725102*r + 0.370928754040783
5349,0.6661503363460182,sqrt(Abs(B0*sqrt(Abs(i)) + 2*i)) ; B1 + r**2*sqrt(Abs(B2 - i)),sqrt(Abs(2*i + 20.0000112078368*sqrt(Abs(i)))) ; r**2*sqrt(Abs(i - 0.202191067404935)) + 261.435187237206
5350,0.6641057117902451,B0*i**3 ; B1 + r,2.11112161124764e-8*i**3 ; r + 233.423123102503
5351,0.6634548194175565,-i*s - i + s ; B0 - sqrt(Abs(r)),-i*s - i + s ; 0.235732268076934 - sqrt(Abs(r))
5352,0.6634198324120854,sqrt(Abs(B0 - Abs(i)**(1/4))) ; B1*Abs(i - sqrt(Abs(i))*sqrt(Abs(r)))**(1/4),sqrt(Abs(Abs(i)**(1/4) - 3.16217305541315)) ; 707.504254060368*Abs(i - sqrt(Abs(i))*sqrt(Abs(r)))**(1/4)
5353,0.6621135015693347,sqrt(Abs(i))*Abs(s)**(3/2)*Abs(B0 + i)**(1/4) ; B1*r,sqrt(Abs(i))*Abs(s)**(3/2)*Abs(i - 0.221076930114808)**(1/4) ; 0.00219678157915066*r
5354,0.6618266022203938,B0*s + B1*s**2 + i*s - s**3 ; B2*r*sqrt(Abs(i)),i*s - s**3 + 0.907527201715711*s**2 + 2.74880167973896*s ; 0.065214688899216*r*sqrt(Abs(i))
5355,0.6607503213403987,B0*s + i*s**2 - s**2 ; B1 + i,i*s**2 - s**2 + 1.2106789841704*s ; i + 0.685585202671457
5356,0.6605740044264462,s*Abs(i)**(3/8) ; B0*i + B1*i*r,s*Abs(i)**(3/8) ; 0.951415076138998*i*r + 4.2543917986282*i
5357,0.6591167335845428,2*i*s**3 ; r,2*i*s**3 ; r
5358,0.6589052926913145,s*Abs(i)**(3/8) ; B0*i - i**2,s*Abs(i)**(3/8) ; -i**2 + 4.70567397997544*i
5359,0.6582248242972255,s*sqrt(Abs(i)) - Abs(i)**(3/2) ; i,s*sqrt(Abs(i)) - Abs(i)**(3/2) ; i
5360,0.6564356878258588,-i**2*sqrt(Abs(s)) + i*Abs(s)**(3/2) + i*sqrt(Abs(s)) ; i,-i**2*sqrt(Abs(s)) + i*Abs(s)**(3/2) + i*sqrt(Abs(s)) ; i
5361,0.6543360153370446,-i + s ; r,-i + s ; r
5362,0.6514962739137463,-2*i**2*s + i**2 + 2*i*s**2 ; i,-2*i**2*s + i**2 + 2*i*s**2 ; i
5363,0.6514298099365297,B0*i + i**2 - i*s ; i + sqrt(Abs(r)),i**2 - i*s + 1.90119708998843*i ; i + sqrt(Abs(r))
5364,0.6505855488265135,Abs(i)**(3/4)*Abs(s)**(3/2) ; sqrt(Abs(r)),Abs(i)**(3/4)*Abs(s)**(3/2) ; sqrt(Abs(r))
5365,0.6504711772726745,B0*s - i**2*s + i*s**2 + i*s ; B1*r + B2*i*r,-i**2*s + i*s**2 + i*s - 0.0391999001005795*s ; 0.0324115218249205*i*r + 0.321041340994806*r
5366,0.6497182168774704,s*sqrt(Abs(s + sqrt(Abs(B0 + s)))) ; i*sqrt(Abs(r)),s*sqrt(Abs(s + sqrt(Abs(s + 105.67708586736)))) ; i*sqrt(Abs(r))
5367,0.6494404561590019,s*sqrt(Abs(B1 - s + sqrt(Abs(B0 + i)))) ; B2 + i,s*sqrt(Abs(s - sqrt(Abs(i - 11.6302181711165)) + 2.30966609991315)) ; i - 3.34242613941459
5368,0.6484164902564387,B0*s + 2*i*s ; B1 + i*r**2,2*i*s - 0.0160771569885335*s ; i*r**2 + 0.0231431236076528
5369,0.6459054646647785,s*Abs(i)**(9/8) ; sqrt(Abs(i*r**2 + r)),s*Abs(i)**(9/8) ; sqrt(Abs(i*r**2 + r))
5370,0.6458399532909017,B0*s + B1*i*s + B2*i**2*s ; sqrt(Abs(B3 + r**2 + r)),8.08723828534876e-5*i**2*s + 0.00768536189974657*i*s + 2.63418343644795*s ; sqrt(Abs(r**2 + r - 0.661920584815114))
5371,0.6452753815528816,B0*s + i*s ; B1*i**2*r + 2*i**2*r**2,i*s - 0.0199935768584275*s ; 2*i**2*r**2 + 0.0111330999762032*i**2*r
5372,0.6443895385346703,s*sqrt(Abs(B0*s + i*s**2 + s**2)) ; B1 - Abs(r)**(1/4),s*sqrt(Abs(i*s**2 + s**2 - 1.04593689383284*s)) ; 0.433257726577001 - Abs(r)**(1/4)
5373,0.6438649007930213,s**2*sqrt(Abs(i)) ; B0 + r,s**2*sqrt(Abs(i)) ; r + 0.0358063527545697
5374,0.6437631214223742,i*s ; i*r,i*s ; i*r
5375,0.6437631214223742,i*s ; -i*r,i*s ; -i*r
5376,0.6437631214223742,i*s ; sqrt(Abs(r)),i*s ; sqrt(Abs(r))
5377,0.6437631214223742,i*s ; r,i*s ; r
5378,0.6437631214223742,i*s ; r**2,i*s ; r**2
5379,0.6437631214223742,i*s ; sqrt(2)*Abs(r)**(5/8),i*s ; sqrt(2)*Abs(r)**(5/8)
5380,0.6437631214223742,i*s ; Abs(r)**(3/2),i*s ; Abs(r)**(3/2)
5381,0.6437631214223742,i*s ; 2*r,i*s ; 2*r
5382,0.6400325899180297,-s**3 + s**2*sqrt(Abs(i)) ; B0 + B1*Abs(i)**(3/2),-s**3 + s**2*sqrt(Abs(i)) ; 4.028171536639 - 1.97631830208062*Abs(i)**(3/2)
5383,0.6375552993080391,s*sqrt(Abs(B0*s**2 + i*s**2)) ; B1*i*r**2 + i**2*r**2,s*sqrt(Abs(i*s**2 - 0.115244475596011*s**2)) ; i**2*r**2 + 57.4604460978376*i*r**2
5384,0.6373254902081504,i*s ; r*sqrt(Abs(i)),i*s ; r*sqrt(Abs(i))
5385,0.6373254902081504,i*s ; B0*sqrt(Abs(r)),i*s ; 50.1398955714038*sqrt(Abs(r))
5386,0.6373254902081504,i*s ; sqrt(Abs(i))*Abs(r)**(3/4),i*s ; sqrt(Abs(i))*Abs(r)**(3/4)
5387,0.6373254902081504,i*s ; i*sqrt(Abs(r)),i*s ; i*sqrt(Abs(r))
5388,0.6373254902081504,i*s ; Abs(r)**(5/4),i*s ; Abs(r)**(5/4)
5389,0.6349208959357677,s*sqrt(Abs(B0 + sqrt(Abs(s)))) ; B1*sqrt(Abs(r)),s*sqrt(Abs(sqrt(Abs(s)) - 0.840914654496674)) ; 0.00018346444102259*sqrt(Abs(r))
5390,0.6349196598098413,s*sqrt(Abs(B0 + sqrt(Abs(s)))) ; i*sqrt(Abs(r)),s*sqrt(Abs(sqrt(Abs(s)) - 0.840914656358942)) ; i*sqrt(Abs(r))
5391,0.6339240068004357,s**2*sqrt(Abs(i)) + s*sqrt(Abs(i)) - Abs(i)**(3/2) ; B0 + B1*r - i*r + r**2,s**2*sqrt(Abs(i)) + s*sqrt(Abs(i)) - Abs(i)**(3/2) ; -i*r + r**2 - 1.12899996742335*r + 0.334663957108928
5392,0.6337861291527493,s*sqrt(Abs(B0*s + i*s)) ; B1 + r,s*sqrt(Abs(i*s - 0.111376944451158*s)) ; r + 0.0175160280878109
5393,0.6331684107532991,B0*Abs(s)**(3/2) - i*Abs(s)**(3/2) ; B1 + sqrt(Abs(B2 + i*r)),-i*Abs(s)**(3/2) + 0.00539107171005519*Abs(s)**(3/2) ; sqrt(Abs(i*r + 0.00476192531831403)) + 0.0044177294823614
5394,0.6325217943537447,s*sqrt(Abs(B0*s + sqrt(Abs(s)))) ; B1 - r + sqrt(Abs(i))*Abs(r)**(5/4),s*sqrt(Abs(1.14677235242075*s - sqrt(Abs(s)))) ; -r + sqrt(Abs(i))*Abs(r)**(5/4) + 0.000169558742529479
5395,0.6309522353060689,i*s ; sqrt(Abs(i))*sqrt(Abs(r)),i*s ; sqrt(Abs(i))*sqrt(Abs(r))
5396,0.6309522353060688,-s**2 + s ; B0 + 2*r,-s**2 + s ; 2*r + 13.821869156365
5397,0.6304819716189468,B0*i*s + 2*i**2*s ; -Abs(r)**(1/8),2*i**2*s + 0.064216285765538*i*s ; -Abs(r)**(1/8)
5398,0.6297303943235142,Abs(s)**(3/2)*sqrt(Abs(B0 + i)) ; sqrt(Abs(B1 - r)),Abs(s)**(3/2)*sqrt(Abs(i + 0.133370545722689)) ; sqrt(Abs(r - 0.45835382864498))
5399,0.6293456085013203,s*Abs(i)**(3/8) ; B0*i + B1*i**2 - i*r,s*Abs(i)**(3/8) ; -5.95332146973034*i**2 - i*r + 5.51071197668813*i
5400,0.6287079142411268,i**2*s**2 - i ; i - sqrt(Abs(B0 + r)),i**2*s**2 - i ; i - sqrt(Abs(r + 0.00608141904040326))
5401,0.6284771451903564,B0 - i + sqrt(Abs(i))*sqrt(Abs(s)) ; B1*i + sqrt(Abs(r)),-i + sqrt(Abs(i))*sqrt(Abs(s)) + 0.085118439275925 ; -0.388650045241877*i + sqrt(Abs(r))
5402,0.6279484117164557,s*Abs(i)**(3/8) ; B0*i + i**3 + i**2,s*Abs(i)**(3/8) ; i**3 + i**2 + 4.42965441268674*i
5403,0.6277782880782844,s**2*sqrt(Abs(i)) ; r,s**2*sqrt(Abs(i)) ; r
5404,0.6263950408980578,B0*i*s + B0*i + s ; r,-1.00657199059569*i*s - 1.00657199059569*i + s ; r
5405,0.6246427129530082,i*s ; Abs(i)**(1/4)*sqrt(Abs(r)),i*s ; Abs(i)**(1/4)*sqrt(Abs(r))
5406,0.6240668246219362,B0 + i + sqrt(Abs(B1 + 2*s)) ; B2 - i**2 + i + r,i + sqrt(Abs(2*s - 1.48433740720261)) - 0.100381612506316 ; -i**2 + i + r + 0.245792436162198
5407,0.6238826794692423,B0*i*s**2 + 2*i**2*s ; -Abs(r)**(1/8),2*i**2*s + 0.0690687024796082*i*s**2 ; -Abs(r)**(1/8)
5408,0.6217111054651594,s*Abs(i)**(1/4) ; B0 + B1*sqrt(Abs(r)),s*Abs(i)**(1/4) ; 0.413504521699403 - 0.36201597470667*sqrt(Abs(r))
5409,0.6183962858234782,i*s ; B0*r + 2**(1/4)*r*Abs(i)**(3/4),i*s ; 2**(1/4)*r*Abs(i)**(3/4) + 44.1004538910583*r
5410,0.6177751778393296,s*sqrt(Abs(B0*s + s**2)) ; B1 + 2*r,s*sqrt(Abs(s**2 - 0.680004432937148*s)) ; 2*r + 0.000668363904543179
5411,0.6177032474295525,s*sqrt(Abs(B0*s + s**2)) ; B1 + r,s*sqrt(Abs(s**2 - 0.680004432069379*s)) ; r + 0.000975413120037187
5412,0.6176867545476025,s*sqrt(Abs(B0*s + s**2)) ; B1 + B2*sqrt(Abs(i)) - r,s*sqrt(Abs(s**2 - 0.680004431794432*s)) ; -r + 0.000107507299766928*sqrt(Abs(i)) + 0.130262289503059
5413,0.6167260838630994,sqrt(Abs(B0 - sqrt(Abs(B1 - i + s)))) ; B2*i + B3*r**2,sqrt(Abs(sqrt(Abs(i - s + 21160.0556367278)) - 145.811979291071)) ; -3498.4611087567*i - 2.2694090134921*r**2
5414,0.6161968991868157,i**2 + 2*i*s ; i,i**2 + 2*i*s ; i
5415,0.6146227989962831,s*sqrt(Abs(B0*s + i*s)) ; B1 + 2*r,s*sqrt(Abs(i*s - 0.316137748006354*s)) ; 2*r + 8.03785930070334e-10
5416,0.6122123229652434,i*s ; sqrt(Abs(B0*r - r**2)),i*s ; sqrt(Abs(r**2 - 0.368884443194877*r))
5417,0.6097945613552034,s*sqrt(Abs(B0*s - i*s)) ; B1 + 2*r,s*sqrt(Abs(i*s - 0.259865063438373*s)) ; 2*r + 1.96078498311516e-9
5418,0.6091710362615751,sqrt(Abs(i))*Abs(s)**(5/4) ; i,sqrt(Abs(i))*Abs(s)**(5/4) ; i
5419,0.6084052120352959,B0*s + i*s - s**2 ; B1 + i,i*s - s**2 + 3.09783680013946*s ; i + 0.0398150605532053
5420,0.606090199735591,i*s ; B0*r + B1*i*r,i*s ; 0.0971194068137472*i*r + 2.31499382085668*r
5421,0.606090199735591,i*s ; sqrt(Abs(r))*Abs(i - sqrt(Abs(r)))**(1/4),i*s ; sqrt(Abs(r))*Abs(i - sqrt(Abs(r)))**(1/4)
5422,0.6056633029274658,s*Abs(B0 + i - s)**(1/4) ; sqrt(Abs(B1*i + i*r + i*sqrt(Abs(r)))),s*Abs(i - s + 49.3115067544404)**(1/4) ; sqrt(Abs(i*r + i*sqrt(Abs(r)) - 6.00130496450064*i))
5423,0.6040326806739292,-i**2 + s**2 ; i,-i**2 + s**2 ; i
5424,0.6035032859616629,s*Abs(i)**(3/8) ; B0*i + i**3 + i**2 - i*r,s*Abs(i)**(3/8) ; i**3 + i**2 - i*r + 4.54139860898553*i
5425,0.6034370467023698,i**2*s**2 + i**2*s ; sqrt(Abs(i))*sqrt(Abs(r)),i**2*s**2 + i**2*s ; sqrt(Abs(i))*sqrt(Abs(r))
5426,0.6029339235068745,sqrt(Abs(i))*Abs(s)**(7/4) ; r,sqrt(Abs(i))*Abs(s)**(7/4) ; r
5427,0.6014682693177968,s*sqrt(Abs(B0 + i + s)) ; i,s*sqrt(Abs(i + s - 0.927222571375979)) ; i
5428,0.600029297738235,i*s ; B0*sqrt(Abs(i))*Abs(r)**(3/2) - r,i*s ; -r + 41.4494648608052*sqrt(Abs(i))*Abs(r)**(3/2)
5429,0.5981141476844153,sqrt(2)*s**2*sqrt(Abs(i)) ; i,sqrt(2)*s**2*sqrt(Abs(i)) ; i
5430,0.5977472356601103,-i + s ; sqrt(Abs(B0*r**2 + r**3)),-i + s ; sqrt(Abs(r**3 + 0.0102467455232672*r**2))
5431,0.5965666858600892,Abs(i)**(1/4)*Abs(s)**(9/8) ; B0 + B1*i + B1*r,Abs(i)**(1/4)*Abs(s)**(9/8) ; -0.470913831778796*i - 0.470913831778796*r + 0.393187335157682
5432,0.5950440193981288,B0*s - s**2*Abs(i)**(1/4) ; sqrt(Abs(i)),-s**2*Abs(i)**(1/4) + 0.606306132577155*s ; sqrt(Abs(i))
5433,0.594373701669633,s*sqrt(Abs(B0*s + i*s)) ; B1 + Abs(i*r - r)**(1/4),s*sqrt(Abs(i*s - 0.0774326661701798*s)) ; Abs(i*r - r)**(1/4) - 0.424571219285533
5434,0.5931180881218612,s*sqrt(Abs(i**2 - i*s)) ; B0 + 2*r,s*sqrt(Abs(i**2 - i*s)) ; 2*r
5435,0.5913132261726654,sqrt(2)*s**2*sqrt(Abs(i)) ; B0 + r,sqrt(2)*s**2*sqrt(Abs(i)) ; r + 0.113430925503405
5436,0.5898586189447772,B0*i**2*s ; B1 + 2*r,0.000267834747417951*i**2*s ; 2*r + 0.000194855013955175
5437,0.5872841101010973,i*s*sqrt(Abs(i + s)) ; B0 + 2*i**2*r,i*s*sqrt(Abs(i + s)) ; 2*i**2*r + 0.000951342737443733
5438,0.5871843044632005,s**2*sqrt(Abs(B0 + i)) ; -i*r + i + r**2,s**2*sqrt(Abs(i + 0.000128042296184608)) ; -i*r + i + r**2
5439,0.5858436222227635,B0*s - s*Abs(i + s)**(1/4) ; B1 - i + r,-s*Abs(i + s)**(1/4) + 3.18091643756995*s ; -i + r + 199.865486621271
5440,0.5834122705958745,2*i*s**2 ; r,2*i*s**2 ; r
5441,0.5828422043340914,s*sqrt(Abs(i)) ; i,s*sqrt(Abs(i)) ; i
5442,0.5826021912638398,sqrt(Abs(B0 + i)) ; B1*r + sqrt(Abs(i)),sqrt(Abs(i - 0.00021841264313086)) ; -0.000123046891131691*r + sqrt(Abs(i))
5443,0.577413453952428,B0*i*s + i**2*s ; B1 + i - 2*r,i**2*s - 0.307687038257668*i*s ; i - 2*r - 0.0174856288830141
5444,0.5714809712893162,i*s + Abs(i)**(9/8) ; i,i*s + Abs(i)**(9/8) ; i
5445,0.5710212759470469,-i - s + sqrt(Abs(B0*s + B1 + B2*i)) ; B3*i*r + i,-i - s + sqrt(Abs(4.78824854743138*i - 1.00383889621343*s + 1.89987021022384)) ; 4.11070029824171*i*r + i
5446,0.5688269405094086,i**2 + s - sqrt(Abs(i)) ; B0 + B1*i,i**2 + s - sqrt(Abs(i)) ; 1.50635052503927*i + 0.523263139003638
5447,0.5667208456719868,Abs(i)**(1/4)*Abs(s)**(9/8) ; B0 + B1*i,Abs(i)**(1/4)*Abs(s)**(9/8) ; 3.06142635240321*i + 0.213840257708557
5448,0.5629248578184852,s*sqrt(Abs(B0 + i)) ; B1*r,s*sqrt(Abs(i - 0.351817883167653)) ; 0.00146668968904016*r
5449,0.5627649937083337,s*sqrt(Abs(B0 + s)) ; B1 + i**2,s*sqrt(Abs(s - 0.648182117291399)) ; i**2 + 0.153854891675338
5450,0.5626176047262774,s*sqrt(Abs(B0 - s)) ; -Abs(i)**(3/2),s*sqrt(Abs(s - 0.648182119626931)) ; -Abs(i)**(3/2)
5451,0.5622868845104939,sqrt(Abs(i))*Abs(s)**(3/2) ; B0 + 2*r,sqrt(Abs(i))*Abs(s)**(3/2) ; 2*r + 4.12207655752255e-9
5452,0.5613962115309029,-i**3 + 2*i*s ; B0 + B1*i*r + r*Abs(i)**(3/2),-i**3 + 2*i*s ; -0.00921563877890137*i*r + r*Abs(i)**(3/2) + 0.000304274203854794
5453,0.5558077387004408,sqrt(2)*s**2*sqrt(Abs(i)) ; i**2,sqrt(2)*s**2*sqrt(Abs(i)) ; i**2
5454,0.5549964472716984,i**2*s + i*s*sqrt(Abs(i - sqrt(Abs(s)))) ; B0 + r - Abs(r)**(1/4),i**2*s + i*s*sqrt(Abs(i - sqrt(Abs(s)))) ; r - Abs(r)**(1/4)
5455,0.5532671459188093,s*sqrt(Abs(B0 + 2*i)) ; i - r,s*sqrt(Abs(2*i + 5.62473922355467)) ; i - r
5456,0.5519664754458733,i**2*s - i**2 + i*s**2 + i*s ; B0 + i*r**2,i**2*s - i**2 + i*s**2 + i*s ; i*r**2 + 0.00503740489866558
5457,0.5479762668584252,B0 + s - sqrt(Abs(i))*sqrt(Abs(s)) ; i,s - sqrt(Abs(i))*sqrt(Abs(s)) + 0.000292076611700934 ; i
5458,0.546922041395202,s*sqrt(Abs(B0 + 2*s)) + s ; i,s*sqrt(Abs(2*s + 0.991893025509671)) + s ; i
5459,0.544967652945646,B0*i*s + i*s**2 ; B1 - i,i*s**2 - 0.0346298834195715*i*s ; 0.0322508906790678 - i
5460,0.5441739014194283,-s*sqrt(Abs(i)) + Abs(s)**(5/4) ; r**2,-s*sqrt(Abs(i)) + Abs(s)**(5/4) ; r**2
5461,0.5422044447133482,B0*i + i**2 ; i + sqrt(Abs(r**2 + Abs(r)**(3/2))),i**2 + 0.599051018744284*i ; i + sqrt(Abs(r**2 + Abs(r)**(3/2)))
5462,0.5384232442824106,i*sqrt(Abs(s)) ; B0 + i*r,i*sqrt(Abs(s)) ; i*r + 0.0120092561878748
5463,0.5324630846645036,B0*i*s + 2*i**2*s**2 ; sqrt(Abs(B1 + i)),2*i**2*s**2 - 0.0368492122775017*i*s ; sqrt(Abs(i + 0.252178014346767))
5464,0.5323494311524549,Abs(s)**(3/2)*Abs(B0 + s)**(1/4) ; sqrt(Abs(B1 + i)),Abs(s)**(3/2)*Abs(s - 0.812443727117059)**(1/4) ; sqrt(Abs(i + 3.05962036879115))
5465,0.5302245659593465,B0 - i + Abs(s)**(1/8) ; sqrt(Abs(B1 + B2*i)),-i + Abs(s)**(1/8) - 0.548762739579048 ; sqrt(Abs(0.0264854964733898*i - 0.0140756596397034))
5466,0.5297244531336622,B0*sqrt(Abs(s)) + 2*i*sqrt(Abs(s)) ; i,2*i*sqrt(Abs(s)) - 0.006607139408431*sqrt(Abs(s)) ; i
5467,0.5212267118226033,sqrt(Abs(s**2 - Abs(s)**(5/2))) ; B0*i*r + B0*i + B0*r,sqrt(Abs(s**2 - Abs(s)**(5/2))) ; 0.00750145270927103*i*r + 0.00750145270927103*i + 0.00750145270927103*r
5468,0.5185393378331868,s*sqrt(Abs(i*s + s**2 - s*sqrt(Abs(i)))) ; B0 - r + sqrt(Abs(i)),s*sqrt(Abs(i*s + s**2 - s*sqrt(Abs(i)))) ; -r + sqrt(Abs(i)) + 0.431345590413376
5469,0.5175126462869097,sqrt(Abs(B0 - sqrt(Abs(B1 - i)))) ; B2 - i,sqrt(Abs(sqrt(Abs(i + 49.9906803904111)) - 7.07182307704489)) ; 155.213382540415 - i
5470,0.5170251678821344,s*Abs(B0 + i + s)**(1/4) ; r + sqrt(Abs(B1 + i)),s*Abs(i + s + 53.0012938171297)**(1/4) ; r + sqrt(Abs(i + 19.0099352397315))
5471,0.5168337135399929,s*Abs(B0*i + i**2)**(1/4) ; B1*r**3,s*Abs(i**2 - 0.321976339959205*i)**(1/4) ; 0.0109940055775854*r**3
5472,0.5168044136836953,i*sqrt(Abs(s)) - i ; i + Abs(i)**(3/4)*Abs(r)**(1/4),i*sqrt(Abs(s)) - i ; i + Abs(i)**(3/4)*Abs(r)**(1/4)
5473,0.5165505789964182,s*sqrt(Abs(i**2*s + i*s**2)) ; r*sqrt(Abs(B0 + r)),s*sqrt(Abs(i**2*s + i*s**2)) ; r*sqrt(Abs(r + 0.0018162236211085))
5474,0.5152298291043061,s**4 ; B0 + sqrt(Abs(i + r)),s**4 ; sqrt(Abs(i + r)) + 0.0004400567600684
5475,0.514869783545185,i*s + i*Abs(i + s)**(1/4) ; B0 + i,i*s + i*Abs(i + s)**(1/4) ; i + 0.00525163937450043
5476,0.5141683815497771,s*sqrt(Abs(i*s + s**2)) ; B0 + B1*sqrt(Abs(i)),s*sqrt(Abs(i*s + s**2)) ; 3.56450230049756*sqrt(Abs(i)) - 2.21487721589797
5477,0.5097949787418025,B0 + sqrt(Abs(i)) ; B1 + B2*i,sqrt(Abs(i)) - 0.203612932442577 ; 2.32712765022476*i + 0.0306834948499181
5478,0.5097190705503819,B0*i*s - i*s**2 + s ; B1 + i + r + sqrt(Abs(i)),-i*s**2 - 0.00245482197334583*i*s + s ; i + r + sqrt(Abs(i)) - 2.18737823658949
5479,0.5094911633437346,s*sqrt(Abs(s - sqrt(Abs(i + sqrt(Abs(i)))))) ; B0 + sqrt(Abs(B2 + Abs(B1 + i)**(1/4))),s*sqrt(Abs(s - sqrt(Abs(i + sqrt(Abs(i)))))) ; sqrt(Abs(i + 45.333327736231)**(1/4) + 1.44921913207395) - 1.42903852469787
5480,0.5094657535545235,i*s**2 + s**3 ; B0 + i,i*s**2 + s**3 ; i + 0.708241547869318
5481,0.5068665002165363,s*sqrt(Abs(i)) + Abs(i)**(3/2) ; B0 + 2**(1/4)*i*Abs(r)**(1/4) - r,s*sqrt(Abs(i)) + Abs(i)**(3/2) ; 2**(1/4)*i*Abs(r)**(1/4) - r + 0.584501460680401
5482,0.5068049977628134,B0*s - s*sqrt(Abs(i - s)) ; B1*r - i,-s*sqrt(Abs(i - s)) + 1.13804600936447*s ; -i - 1.77037440269181*r
5483,0.5062815431934214,Abs(s)**(7/2) ; r,Abs(s)**(7/2) ; r
5484,0.5057078967144947,i**2*s + i*s ; B0*sqrt(Abs(r)),i**2*s + i*s ; 0.0735434638316975*sqrt(Abs(r))
5485,0.5057078967144947,i**2*s + i*s ; sqrt(Abs(r))*Abs(B0 + r)**(1/4),i**2*s + i*s ; sqrt(Abs(r))*Abs(r + 0.825329891874603)**(1/4)
5486,0.5039838632060394,-i*sqrt(Abs(s)) + Abs(i)**(1/4)*sqrt(Abs(s)) ; sqrt(Abs(B0*r + B1*i)),-i*sqrt(Abs(s)) + Abs(i)**(1/4)*sqrt(Abs(s)) ; sqrt(Abs(0.000879899968112561*i - 0.00102127327252823*r))
5487,0.5038315067937359,s*sqrt(Abs(B0*i + s)) ; B1 - i + r,s*sqrt(Abs(0.00548784907699288*i + s)) ; -i + r + 176.942853130005
5488,0.5026636848745855,2*i**2*s + s*Abs(i)**(3/2) ; i*r,2*i**2*s + s*Abs(i)**(3/2) ; i*r
5489,0.5014582573744676,s**3 ; B0 + B1*i,s**3 ; 0.00116158578162447*i + 41.9943638237838
5490,0.5014582573744676,s**3 ; B0*i,s**3 ; 0.00640085320138346*i
5491,0.5014582573744676,s**3 ; B0 + B1*r,s**3 ; 1.53384599402168*r + 0.000435628033541224
5492,0.5014582573744676,s**3 ; B0 + i,s**3 ; i + 0.000127064885171134
5493,0.5012832056003101,sqrt(Abs(i))*Abs(s)**(3/2) ; -i - r + Abs(r)**(3/2),sqrt(Abs(i))*Abs(s)**(3/2) ; -i - r + Abs(r)**(3/2)
5494,0.5006627129845559,B0 - Abs(s)**(1/4) ; r,1.01567808015189 - Abs(s)**(1/4) ; r
5495,0.4987257794287086,s*sqrt(Abs(B0 - s**2)) ; r,s*sqrt(Abs(s**2 - 0.310524614666888)) ; r
5496,0.496443674800723,s**3 ; B0 + 3**(1/4)*Abs(r)**(5/4),s**3 ; 3**(1/4)*Abs(r)**(5/4) + 74.5407581341735
5497,0.496443674800723,s**3 ; B0 + sqrt(Abs(B1 + r)),s**3 ; sqrt(Abs(r + 0.00210934957577432)) + 0.00037078226120623
5498,0.4962943657310183,B0*Abs(i)**(5/2) ; B1 - 3*i + r,6.31698774332276e-7*Abs(i)**(5/2) ; -3*i + r - 202.163211794105
5499,0.49406017990267187,Abs(i)**(1/4)*Abs(s)**(9/8) ; B0*i + i*r,Abs(i)**(1/4)*Abs(s)**(9/8) ; i*r + 3.07868776345493*i
5500,0.4936322471254226,2**(1/4)*Abs(i)**(1/4)*Abs(s)**(5/4) ; B0 + sqrt(Abs(B1 + B2*sqrt(Abs(i)))),2**(1/4)*Abs(i)**(1/4)*Abs(s)**(5/4) ; sqrt(Abs(0.238451665286865*sqrt(Abs(i)) - 5.38823131779602)) - 1.93315578565098
5501,0.4915840888895389,Abs(i)**(1/4)*Abs(s)**(3/2) ; i,Abs(i)**(1/4)*Abs(s)**(3/2) ; i
5502,0.4914792380527157,s**3 ; B0 + sqrt(Abs(i))*sqrt(Abs(r)),s**3 ; sqrt(Abs(i))*sqrt(Abs(r)) + 0.227838477356052
5503,0.4914792380527157,s**3 ; B0 + i + 2*r,s**3 ; i + 2*r + 29.9776258076347
5504,0.4914792380527157,s**3 ; B0 + i + r**2,s**3 ; i + r**2 + 0.000721083840093748
5505,0.49116909213608856,s*Abs(B0*i - i*s)**(1/4) ; B1*r + i*r + Abs(i)**(1/4)*Abs(r)**(5/4),s*Abs(i*s - 0.678023662267098*i)**(1/4) ; i*r + 0.00233632428496439*r + Abs(i)**(1/4)*Abs(r)**(5/4)
5506,0.49100051757251856,Abs(i)**(1/4)*Abs(s)**(9/8) ; B0*i + i**2*r + 2*i**2,Abs(i)**(1/4)*Abs(s)**(9/8) ; i**2*r + 2*i**2 + 2.66428434373621*i
5507,0.490670570517592,-i*sqrt(Abs(s)) + s ; B0 + B1*Abs(i - r)**(1/4),-i*sqrt(Abs(s)) + s ; 0.101252707742486 - 0.0933941098563262*Abs(i - r)**(1/4)
5508,0.49039794606551573,sqrt(Abs(i))*Abs(s)**(5/4) ; r*sqrt(Abs(B0 + sqrt(Abs(i**2 + r)))),sqrt(Abs(i))*Abs(s)**(5/4) ; r*sqrt(sqrt(Abs(i**2 + r)) + 0.146526997276795)
5509,0.49024076084373114,s**3 - s**2*sqrt(Abs(i)) ; sqrt(Abs(B0 + sqrt(Abs(r)))),s**3 - s**2*sqrt(Abs(i)) ; Abs(r)**(1/4)
5510,0.4878111047302986,B0*s*sqrt(Abs(i)) + i*s - s**2 ; B1 + i + Abs(i + r)**(1/4),i*s - s**2 + 3.08387119024638*s*sqrt(Abs(i)) ; i + Abs(i + r)**(1/4) - 0.205705297720479
5511,0.48752686009088275,-i*s + i - s ; B0 + i,-i*s + i - s ; i + 3.23108572372381
5512,0.4861672367449629,s*sqrt(Abs(B0 - i + s)) ; B1 + B2*sqrt(Abs(i)),s*sqrt(Abs(i - s + 0.0842668328052486)) ; 0.0879159971626301 - 0.00376027220664922*sqrt(Abs(i))
5513,0.4848063651691197,s*Abs(i)**(1/4) + Abs(i)**(5/4) ; B0 + i,s*Abs(i)**(1/4) + Abs(i)**(5/4) ; i + 0.342275756369194
5514,0.48399822791406105,-i*s**2 + s**4 ; B0 - i + sqrt(Abs(B1 - 2*i)),-i*s**2 + s**4 ; -i + sqrt(Abs(2*i + 3.62921853009455)) - 1.70751591576546
5515,0.48368668429813816,i*s**2 + s**2*sqrt(Abs(i)) ; r,i*s**2 + s**2*sqrt(Abs(i)) ; r
5516,0.48360286011287884,B0 - Abs(s)**(1/4) ; B1*i*r**2 + B2*i**2*r + B2*r*Abs(i)**(3/2),1.00358934845873 - Abs(s)**(1/4) ; 5.75021212460019*i**2*r + 9.28866547749738*i*r**2 + 5.75021212460019*r*Abs(i)**(3/2)
5517,0.4827413823274292,s*sqrt(Abs(i - s)) ; B0*sqrt(Abs(i)),s*sqrt(Abs(i - s)) ; 0.092177009533993*sqrt(Abs(i))
5518,0.48271920996060275,s*sqrt(Abs(B0*i + i**2 + s)) ; B1*sqrt(Abs(2*i - r)) + i,s*sqrt(Abs(i**2 - 1.4327641158173*i + s)) ; i - 0.694091281406569*sqrt(Abs(2*i - r))
5519,0.48140607719386824,-i*s + Abs(s)**(3/2) ; B0*r,-i*s + Abs(s)**(3/2) ; 0.00286812293494784*r
5520,0.48056436621337406,Abs(i)**(1/4)*Abs(s)**(9/8) ; B0*i + 2*i*r,Abs(i)**(1/4)*Abs(s)**(9/8) ; 2*i*r + 2.89840668833046*i
5521,0.47909425723167764,Abs(i)**(1/4)*Abs(s)**(7/4) ; i*r + r + Abs(r)**(5/4),Abs(i)**(1/4)*Abs(s)**(7/4) ; i*r + r + Abs(r)**(5/4)
5522,0.47669877901198454,B0*i*s + Abs(s)**(3/2) ; B1*r - i*r,-1.18590582033565*i*s + Abs(s)**(3/2) ; -i*r + 0.256826924195084*r
5523,0.47659959790915185,-i*s + s**2 ; r,-i*s + s**2 ; r
5524,0.4765110580362919,Abs(s)**(5/2) ; B0 + i + r,Abs(s)**(5/2) ; i + r + 6.51748268876456
5525,0.4765110580362919,Abs(s)**(5/2) ; r + Abs(r)**(3/2),Abs(s)**(5/2) ; r + Abs(r)**(3/2)
5526,0.47638007322915327,s*Abs(B0*i + i**2)**(1/4) ; B1*r + B2*i*r**2 + B3*i**2*r,s*Abs(i**2 - 0.321976336747712*i)**(1/4) ; 0.148697277546661*i**2*r + 0.0143291691636785*i*r**2 + 0.000178331181004979*r
5527,0.4761924368462638,B0*i*s + s**2 ; i*r,-0.772524736336068*i*s + s**2 ; i*r
5528,0.4744478941925877,s*sqrt(Abs(i)) ; sqrt(Abs(r)),s*sqrt(Abs(i)) ; sqrt(Abs(r))
5529,0.4744478941925877,s*sqrt(Abs(i)) ; sqrt(Abs(B0 + r)),s*sqrt(Abs(i)) ; sqrt(Abs(r))
5530,0.47406140260913887,-i + s + sqrt(Abs(B0 + i)) ; B1*r**3 + B2*i*r**2,-i + s + sqrt(Abs(i - 1.00982168499017)) ; 0.0021341948488734*i*r**2 + 0.148107413558426*r**3
5531,0.47282187189094144,s**2*Abs(i)**(1/8) ; r,s**2*Abs(i)**(1/8) ; r
5532,0.4727974119214269,-i*sqrt(Abs(s)) + Abs(s)**(3/2) ; Abs(2*r - sqrt(Abs(r)))**(1/8),-i*sqrt(Abs(s)) + Abs(s)**(3/2) ; Abs(2*r - sqrt(Abs(r)))**(1/8)
5533,0.4727443021213501,i**2*s + i*s**3 + i*s**2 ; -Abs(r)**(1/8),i**2*s + i*s**3 + i*s**2 ; -Abs(r)**(1/8)
5534,0.47265812962246107,B0 + i*s**2 + i*s ; B1 + Abs(r)**(5/4),i*s**2 + i*s + 0.000604727000968381 ; Abs(r)**(5/4) - 4.17191720367588e-7
5535,0.4714285342124264,B0*i*s + i**2*s**2 ; sqrt(Abs(i)),i**2*s**2 + 0.0388683041634723*i*s ; sqrt(Abs(i))
5536,0.4708946032796575,-i*s**2 + s**4 + s**3 ; i,-i*s**2 + s**4 + s**3 ; i
5537,0.47085538636032087,B0*i**2*s ; r + sqrt(Abs(B1 + r + sqrt(Abs(r)))),0.000269445666816107*i**2*s ; r + sqrt(Abs(r + sqrt(Abs(r)) + 0.0278602834081188))
5538,0.47011738540328424,s*sqrt(Abs(2*i*s + s**3)) ; B0 + B1*sqrt(Abs(i)),s*sqrt(Abs(2*i*s + s**3)) ; 1.54422569183149 - 2.11108173390356*sqrt(Abs(i))
5539,0.46895628802731754,s*sqrt(Abs(i - s)) ; B0*i**2,s*sqrt(Abs(i - s)) ; 0.357386936788914*i**2
5540,0.46739186512056613,s**3 ; B1*r*sqrt(Abs(B0 + i - r)) + r,s**3 ; 3.99677187179224*r*sqrt(Abs(i - r + 0.00867499005521665)) + r
5541,0.46739186512056613,s**3 ; B0 + B1*i*r + B1*r**2,s**3 ; 6.23039185389366*i*r + 6.23039185389366*r**2 + 0.33025420062361
5542,0.46588324006974857,Abs(i)**(1/8)*Abs(s)**(5/4) ; B0 + sqrt(Abs(B1*i - r)),Abs(i)**(1/8)*Abs(s)**(5/4) ; sqrt(Abs(2.401941573057*i + r)) - 0.344798323455282
5543,0.46412160300031974,-i**2*s + 2*i*s ; 2*r,-i**2*s + 2*i*s ; 2*r
5544,0.46271794646936043,s**3 ; B0*i + B1*Abs(i)**(3/2) + i*r,s**3 ; i*r + 35.944704503886*i + 0.180043513255496*Abs(i)**(3/2)
5545,0.46213066776373535,Abs(i)**(1/4)*Abs(s)**(5/4) ; r + sqrt(Abs(B0 - i)),Abs(i)**(1/4)*Abs(s)**(5/4) ; r + sqrt(Abs(i - 0.0688917886989941))
5546,0.46035631728717363,s*sqrt(Abs(i)) ; B0*r + i*r,s*sqrt(Abs(i)) ; i*r + 3.23018837282903*r
5547,0.45963498404988556,i*s + i*sqrt(Abs(2*i + s)) ; i,i*s + i*sqrt(Abs(2*i + s)) ; i
5548,0.459353143224054,i*s ; B0 - i + r**2,i*s ; -i + r**2 + 0.027528026940085
5549,0.4579574997387017,-i*s - i + s ; B0 + i - r,-i*s - i + s ; i - r + 0.0612940278368902
5550,0.45764436407467624,s*Abs(i)**(1/4) ; B0*i + B0*r + B1*sqrt(Abs(r)),s*Abs(i)**(1/4) ; 4.99058594054676*i + 4.99058594054676*r - 2.12511476255153*sqrt(Abs(r))
5551,0.45760519837108143,s*sqrt(Abs(i*s - s**2)) ; B0 + r,s*sqrt(Abs(i*s - s**2)) ; r + 0.0016511174740287
5552,0.4570038111424953,i*s**2 + s**3 ; B0*r**3 + B0*r + i,i*s**2 + s**3 ; i - 0.0231121471168227*r**3 - 0.0231121471168227*r
5553,0.456225696972335,B0*i**2*s + s**2 ; r**2,-1.37624058944289*i**2*s + s**2 ; r**2
5554,0.45603404678029597,2*i*s**2 + i*Abs(s)**(5/2) ; -Abs(r)**(1/8),2*i*s**2 + i*Abs(s)**(5/2) ; -Abs(r)**(1/8)
5555,0.45409205192238256,Abs(s)**(9/4) ; B0 + i,Abs(s)**(9/4) ; i + 25.6130718386922
5556,0.453410377452928,s*Abs(B0 - s)**(1/4) ; B1*i,s*Abs(s - 0.778570698590837)**(1/4) ; 5.70646375487474*i
5557,0.45315727485983504,Abs(s)**(5/2) ; sqrt(Abs(B0 + r*Abs(i)**(1/4) - r)),Abs(s)**(5/2) ; sqrt(Abs(r*Abs(i)**(1/4) - r + 0.000265706806839777))
5558,0.45140576489888723,3*i*s ; i,3*i*s ; i
5559,0.4507428894648309,s*sqrt(Abs(i)) + Abs(i)**(3/2) ; B0 + i - r,s*sqrt(Abs(i)) + Abs(i)**(3/2) ; i - r + 0.545129527510129
5560,0.4506092191738101,s*sqrt(Abs(i - Abs(B0 + s)**(1/4))) ; B1 + B2*sqrt(Abs(i)),s*sqrt(Abs(i - Abs(s - 0.318819049775804)**(1/4))) ; 0.740158051203269*sqrt(Abs(i)) - 0.503055476948669
5561,0.44861102253894136,s*sqrt(Abs(2*i*s - s)) ; B0 + r,s*sqrt(Abs(2*i*s - s)) ; r + 0.000825765344853574
5562,0.4484614739344813,s*sqrt(Abs(B0 + i - s)) ; B1*r,s*sqrt(Abs(i - s + 0.57856222837292)) ; 0.000920752572563701*r
5563,0.44719621032614876,Abs(i)**(1/4)*Abs(s)**(3/2) ; B0*r**2*Abs(i)**(1/4),Abs(i)**(1/4)*Abs(s)**(3/2) ; 0.000294772401466039*r**2*Abs(i)**(1/4)
5564,0.44719621032614876,Abs(i)**(1/4)*Abs(s)**(3/2) ; B0*r - i*r**2,Abs(i)**(1/4)*Abs(s)**(3/2) ; -i*r**2 + 0.000140217524338495*r
5565,0.44719458298592873,Abs(i)**(1/4)*Abs(s)**(9/8) ; B0*i - i**2 + i*r,Abs(i)**(1/4)*Abs(s)**(9/8) ; -i**2 + i*r + 3.67829557356905*i
5566,0.44638771098820407,s*sqrt(Abs(s - sqrt(Abs(i))*Abs(s)**(1/4))) ; Abs(-B0 + r + sqrt(Abs(r)))**(1/4),s*sqrt(Abs(s - sqrt(Abs(i))*Abs(s)**(1/4))) ; Abs(r + sqrt(Abs(r)) - 0.00117459283248071)**(1/4)
5567,0.4450553866801522,s**2 ; i,s**2 ; i
5568,0.4450553866801522,s**2 ; r,s**2 ; r
5569,0.4450553866801522,s**2 ; Abs(r)**(1/4),s**2 ; Abs(r)**(1/4)
5570,0.4450553866801522,s**2 ; sqrt(Abs(r)),s**2 ; sqrt(Abs(r))
5571,0.4450553866801522,s**2 ; B0 + i,s**2 ; i + 0.000362212976182765
5572,0.4450553866801522,s**2 ; 2*i,s**2 ; 2*i
5573,0.4450553866801522,s**2 ; i + r,s**2 ; i + r
5574,0.4434081013698923,B0*i**3 - i**2*s + s ; i,-1.61789572421799*i**3 - i**2*s + s ; i
5575,0.44099370339860067,sqrt(Abs(B0*i*s + i*s**2)) ; i**4 + Abs(i)**(7/2),sqrt(Abs(i*s**2 - 7.93730745449692e-9*i*s)) ; i**4 + Abs(i)**(7/2)
5576,0.44060483281335067,s**2 ; i + sqrt(Abs(r)),s**2 ; i + sqrt(Abs(r))
5577,0.44060483281335067,s**2 ; sqrt(Abs(B0 + r)),s**2 ; sqrt(Abs(r + 0.0410891816120261))
5578,0.44060483281335067,s**2 ; B0 + sqrt(Abs(r)),s**2 ; sqrt(Abs(r)) + 6.23307481785707
5579,0.44060483281335067,s**2 ; r + sqrt(Abs(i)),s**2 ; r + sqrt(Abs(i))
5580,0.4404695948673049,-i*s + i - sqrt(Abs(i)) ; B0 + B1*i*r + r,-i*s + i - sqrt(Abs(i)) ; 0.529751549052907*i*r + r + 0.382093165552376
5581,0.43916439066599117,-i*s - i + s ; B0 + i,-i*s - i + s ; i - 0.0462958730463022
5582,0.4384975578453421,i*s**3 + Abs(s)**(7/2) ; sqrt(Abs(B0*r + r*sqrt(Abs(i + r)))),i*s**3 + Abs(s)**(7/2) ; sqrt(Abs(r*sqrt(Abs(i + r)) + 0.743201622009016*r))
5583,0.43782578301270036,s*sqrt(Abs(B0 + i - s)) ; B1 - 2*i*r + r,s*sqrt(Abs(i - s + 0.583358034600371)) ; -2*i*r + r + 0.00876219668911038
5584,0.43622818379452266,2*i*s**2 - i*s + s**2 ; B0 + i,2*i*s**2 - i*s + s**2 ; i + 2.79740580940511
5585,0.43619878448521715,s**2 ; B0*i**2,s**2 ; 0.0131681209940283*i**2
5586,0.43619878448521715,s**2 ; B0 + B1*i,s**2 ; 0.0546964778030752*i + 0.0412730954067093
5587,0.43619878448521715,s**2 ; Abs(i - r)**(1/4),s**2 ; Abs(i - r)**(1/4)
5588,0.43619878448521715,s**2 ; i*r + i,s**2 ; i*r + i
5589,0.43619878448521715,s**2 ; B0 + i + r,s**2 ; i + r + 0.000117493433610581
5590,0.43619878448521715,s**2 ; B0 + B1*r,s**2 ; 0.13721938151665*r + 14.1499087646434
5591,0.43619878448521704,-i*s + s ; r,-i*s + s ; r
5592,0.43619878448521704,-i*s + s ; B0 + 2*r,-i*s + s ; 2*r
5593,0.4360726329339697,-i*s**2 + 2*i*s + s**2 ; B0*i**2 + B1*i**2*r + B1*i*r**2,-i*s**2 + 2*i*s + s**2 ; 2.6075149341992*i**2*r + 5.21197397451068*i**2 + 2.6075149341992*i*r**2
5594,0.4355252477096661,B0*s + 2*i*s ; Abs(i)**(3/2)*sqrt(Abs(r))*Abs(B1 + r)**(1/4),2*i*s - 0.0388062067978233*s ; Abs(i)**(3/2)*sqrt(Abs(r))*Abs(r + 0.00117968014473789)**(1/4)
5595,0.4351530626123167,2**(1/4)*Abs(i)**(1/4)*Abs(s)**(3/2) ; i,2**(1/4)*Abs(i)**(1/4)*Abs(s)**(3/2) ; i
5596,0.431836796640365,s**2 ; B0*sqrt(Abs(i)) + r,s**2 ; r + 0.666466178911293*sqrt(Abs(i))
5597,0.431836796640365,s**2 ; i*sqrt(Abs(B0 + i)),s**2 ; i*sqrt(Abs(i + 3.59326871788776))
5598,0.431836796640365,s**2 ; sqrt(Abs(B0 + B1*i)),s**2 ; sqrt(Abs(0.0183329724131738*i + 0.120261689484221))
5599,0.431836796640365,s**2 ; B0 + sqrt(Abs(i - r)),s**2 ; sqrt(Abs(i - r)) + 0.00193418741888475
5600,0.431836796640365,s**2 ; B0 + B1*sqrt(Abs(i)),s**2 ; 0.000837301601254488*sqrt(Abs(i)) + 0.000293190987016274
5601,0.4305829676245032,i*s + s**2 ; B0 + i,i*s + s**2 ; i + 0.742597068411153
5602,0.42848477414955516,s*sqrt(Abs(i**2*s - s**2)) ; i**2*r,s*sqrt(Abs(i**2*s - s**2)) ; i**2*r
5603,0.4272813485666918,B0*sqrt(Abs(s)) - Abs(s)**(3/2) ; sqrt(Abs(B1*r + i)),-Abs(s)**(3/2) + 0.980141648092147*sqrt(Abs(s)) ; sqrt(Abs(i + 0.18080695762334*r))
5604,0.4261033461168065,s*sqrt(Abs(i - s)) ; B0 - r,s*sqrt(Abs(i - s)) ; 0.0243999581985929 - r
5605,0.42479134932311563,s*sqrt(Abs(i)) ; 2*i*r**2 + i*r,s*sqrt(Abs(i)) ; 2*i*r**2 + i*r
5606,0.4247913493231156,sqrt(Abs(s**3 - s**2)) ; B0*i**3 + B0*i**2*sqrt(Abs(r)),sqrt(Abs(s**3 - s**2)) ; 0.000478314652484677*i**3 + 0.000478314652484677*i**2*sqrt(Abs(r))
5607,0.42444867452796303,sqrt(Abs(B0 - sqrt(Abs(i)))) ; B1 - i,sqrt(Abs(sqrt(Abs(i)) - 10.0000579813281)) ; 216.585106025699 - i
5608,0.42398383843895804,-i**2 - i*s + i*sqrt(Abs(s)) + Abs(s)**(3/2) ; i,-i**2 - i*s + i*sqrt(Abs(s)) + Abs(s)**(3/2) ; i
5609,0.42354243371653105,Abs(i)**(1/16)*Abs(s)**(3/2) ; i*sqrt(Abs(B0 + r)),Abs(i)**(1/16)*Abs(s)**(3/2) ; i*sqrt(Abs(r + 1.43850821432196))
5610,0.4225897166581891,B0*s + 2*i*s ; sqrt(Abs(B1*r*sqrt(Abs(i)) - i*r + r**2)),2*i*s - 0.0388071331319271*s ; sqrt(Abs(-i*r + r**2 + 64.2427489577447*r*sqrt(Abs(i))))
5611,0.42099590766343653,s*sqrt(Abs(s*sqrt(Abs(i)) + Abs(i)**(3/2))) ; i,s*sqrt(Abs(s*sqrt(Abs(i)) + Abs(i)**(3/2))) ; i
5612,0.42053185974367524,B0*s - s**2 + s*Abs(i)**(3/4) ; r**2*Abs(i)**(3/2) - r,-s**2 + s*Abs(i)**(3/4) + 0.928264606259978*s ; r**2*Abs(i)**(3/2) - r
5613,0.4191602836898465,B0*i - i*s + s ; r,-i*s + 0.000878118080185829*i + s ; r
5614,0.4163380014715856,s*sqrt(Abs(i)) ; B0*i*r + B1*i**2*r - r**2,s*sqrt(Abs(i)) ; 0.107945080130436*i**2*r + 0.0064546836104538*i*r - r**2
5615,0.4163380014715856,s*sqrt(Abs(s - sqrt(Abs(i + s)))) ; B0*i*r**2 - i*r**3 + r,s*sqrt(Abs(s - sqrt(Abs(i + s)))) ; -i*r**3 + 0.0105102712793448*i*r**2 + r
5616,0.41600538353422933,sqrt(Abs(B0 - sqrt(Abs(i)))) ; B1*Abs(i - r)**(1/4),sqrt(Abs(sqrt(Abs(i)) - 9.99994121938616)) ; 549.400489397917*Abs(i - r)**(1/4)
5617,0.4156725526306191,s*Abs(i)**(3/8) ; B0*r - i*r,s*Abs(i)**(3/8) ; -i*r + 0.0127742967747759*r
5618,0.414820703823916,s**2 ; i*sqrt(Abs(B0 + r)) - 2*i,s**2 ; i*sqrt(Abs(r + 9.25856528148083)) - 2*i
5619,0.414820703823916,s**2 ; sqrt(Abs(B0 + B1*Abs(i)**(1/8))),s**2 ; sqrt(0.00441510273882652*Abs(i)**(1/8) + 0.470592477095531)
5620,0.4145389764220471,s*sqrt(Abs(2*i*s - s**2)) ; B0*sqrt(Abs(i)) - i - r,s*sqrt(Abs(2*i*s - s**2)) ; -i - r + 0.0453954444083737*sqrt(Abs(i))
5621,0.4139893268468415,B0*i*s + B1*i*s**2 + i**2*s**2 ; Abs(i)**(1/4),i**2*s**2 - 0.0142029265628212*i*s**2 + 0.0476520848463132*i*s ; Abs(i)**(1/4)
5622,0.4134577234851045,s*sqrt(Abs(i*s - s**2)) ; i,s*sqrt(Abs(i*s - s**2)) ; i
5623,0.4116666378804345,-2*s**2 + s*sqrt(Abs(B0 + i)) ; i,-2*s**2 + s*sqrt(Abs(i + 3.84568186064686)) ; i
5624,0.4114772419790895,s*Abs(B0 + i)**(1/8) ; sqrt(Abs(B1 + B2*i)),s*Abs(i - 0.0488489451249177)**(1/8) ; sqrt(Abs(0.1702867777563*i + 0.161030024912284))
5625,0.41067249678567685,s**2 ; B0*Abs(i)**(3/2) + B1*i*r,s**2 ; 21.7989231733405*i*r + 0.0616774737353375*Abs(i)**(3/2)
5626,0.41067249678567685,s**2 ; i + r**3 + r**2,s**2 ; i + r**3 + r**2
5627,0.41067249678567685,i*s**2 + s**3 ; B0*i*r + r*Abs(i)**(1/4),i*s**2 + s**3 ; 0.000486480811631254*i*r + r*Abs(i)**(1/4)
5628,0.4103878172188862,s*sqrt(Abs(B0*s - i*s + 2*s**2)) ; B1 - i + 2*r,s*sqrt(Abs(i*s - 2*s**2 + 1.27706476620618*s)) ; -i + 2*r + 0.202437656310711
5629,0.4094703882781625,Abs(i)**(1/4)*Abs(s)**(5/4) ; B0*sqrt(Abs(r)),Abs(i)**(1/4)*Abs(s)**(5/4) ; 0.0459116615149648*sqrt(Abs(r))
5630,0.40823303215656614,Abs(s)**(7/4) ; B0*i*r,Abs(s)**(7/4) ; 0.000188976926053161*i*r
5631,0.40790578209690315,i ; B0 + B1*sqrt(Abs(i)),i ; 0.310293958910656 - 1.64251960983445*sqrt(Abs(i))
5632,0.40740066883326975,s*Abs(i)**(3/8) ; B0*r + B1*r**2,s*Abs(i)**(3/8) ; 6.56482917482744*r**2 + 1.23505868916967*r
5633,0.40680099990744334,s**2*sqrt(Abs(i - s)) ; i**2*r - 2*i*r + i - r,s**2*sqrt(Abs(i - s)) ; i**2*r - 2*i*r + i - r
5634,0.4067942996085857,s*sqrt(Abs(i*s**2 + s**3)) ; i**3,s*sqrt(Abs(i*s**2 + s**3)) ; i**3
5635,0.40656577181782005,s**2 ; sqrt(Abs(B0*r**2 + B1*r + i)),s**2 ; sqrt(Abs(i + 13.441499459574*r**2 + 0.643576439871614*r))
5636,0.40596779585997805,B0*s + i*s + s*sqrt(Abs(i)) ; i*sqrt(Abs(r)) - Abs(r)**(3/2),i*s + s*sqrt(Abs(i)) - 0.161265297177838*s ; i*sqrt(Abs(r)) - Abs(r)**(3/2)
5637,0.4053625138846893,B0*i + i*s + i*sqrt(Abs(s)) ; B1 + B2*sqrt(Abs(r)) + B3*r,i*s + i*sqrt(Abs(s)) - 0.160162605153364*i ; 0.0263509197832657*r + 0.0199762658934182*sqrt(Abs(r)) - 0.00767224662435572
5638,0.40289660310417624,2**(1/4)*Abs(i)**(1/4)*Abs(s)**(5/4) ; r + sqrt(Abs(i**2 - i)),2**(1/4)*Abs(i)**(1/4)*Abs(s)**(5/4) ; r + sqrt(Abs(i**2 - i))
5639,0.40226891491580297,s*Abs(B0 + s)**(1/8) ; sqrt(Abs(B1*r + sqrt(Abs(i)))),s*Abs(s - 0.748128922761036)**(1/8) ; sqrt(Abs(0.0106441850223404*r + sqrt(Abs(i))))
5640,0.40123325942751653,B0 + s*Abs(i)**(1/4) ; i,s*Abs(i)**(1/4) + 0.00023787975989505 ; i
5641,0.40103592721349846,i*s - s**2 + s*Abs(B0 + i)**(1/4) ; r,i*s - s**2 + s*Abs(i + 0.843647020652027)**(1/4) ; r
5642,0.4000013867795169,s*Abs(i)**(1/8) ; B0 - i,s*Abs(i)**(1/8) ; 0.527615022739212 - i
5643,0.3998664500879566,s*Abs(B0 + i*s)**(1/8) ; sqrt(Abs(i - r)),s*Abs(i*s - 0.0377352772509575)**(1/8) ; sqrt(Abs(i - r))
5644,0.3992933955234877,s*Abs(i)**(3/8) ; B0*r + 2*i*r,s*Abs(i)**(3/8) ; 2*i*r + 0.000221690524041745*r
5645,0.39896980345360034,s*Abs(B0 + i)**(1/8) ; sqrt(3)*sqrt(Abs(i)),s*Abs(i + 0.00342810771914177)**(1/8) ; sqrt(3)*sqrt(Abs(i))
5646,0.39859371117511344,B0*s**2*Abs(i)**(1/4) + i*s**2 ; -2**(1/4)*Abs(i)**(1/4),i*s**2 - 0.0932950706822659*s**2*Abs(i)**(1/4) ; -2**(1/4)*Abs(i)**(1/4)
5647,0.3973087082759128,Abs(i)**(1/4)*Abs(s)**(5/4) ; B0*r**2 + B0*r*sqrt(Abs(i)),Abs(i)**(1/4)*Abs(s)**(5/4) ; 0.00279272667815689*r**2 + 0.00279272667815689*r*sqrt(Abs(i))
5648,0.39692088736777176,B0 + i*s + i ; i,i*s + i - 0.00205261091740548 ; i
5649,0.39412330467986106,Abs(i)**(1/8)*Abs(s)**(9/8) ; sqrt(Abs(B0*i + B1 + r)),Abs(i)**(1/8)*Abs(s)**(9/8) ; sqrt(Abs(2.10118855335303*i + r + 0.366242370596582))
5650,0.3921821024525904,s*sqrt(Abs(i*s + i)) ; B0*sqrt(Abs(r)),s*sqrt(Abs(i*s + i)) ; 0.057022486345052*sqrt(Abs(r))
5651,0.3913474569525703,s*Abs(i)**(3/8) ; B0*r + i*r**2 - i*r,s*Abs(i)**(3/8) ; i*r**2 - i*r + 4.57279890920864*r
5652,0.38927356752422776,B0*i + i*s + Abs(i)**(5/4)*sqrt(Abs(s)) ; r + sqrt(Abs(i))*sqrt(Abs(r)),i*s - 0.182938000006676*i + Abs(i)**(5/4)*sqrt(Abs(s)) ; r + sqrt(Abs(i))*sqrt(Abs(r))
5653,0.3891442984331972,-i*s**2 + s**4 ; i,-i*s**2 + s**4 ; i
5654,0.3871514818079251,s*sqrt(Abs(B0*i + i*s + s)) ; B1 + r,s*sqrt(Abs(i*s - 0.109961434566114*i + s)) ; r + 1.02876761879554
5655,0.38470501580339567,i**2*s + i*s**2 + i*s ; sqrt(Abs(i))*sqrt(Abs(r)),i**2*s + i*s**2 + i*s ; sqrt(Abs(i))*sqrt(Abs(r))
5656,0.38466784894554273,2*i*s + i*sqrt(Abs(s)) ; i,2*i*s + i*sqrt(Abs(s)) ; i
5657,0.3816918578603824,Abs(s)**(3/2) ; sqrt(Abs(r)),Abs(s)**(3/2) ; sqrt(Abs(r))
5658,0.3816918578603824,Abs(s)**(3/2) ; sqrt(Abs(i)),Abs(s)**(3/2) ; sqrt(Abs(i))
5659,0.3816918578603824,Abs(s)**(3/2) ; Abs(i)**(1/4),Abs(s)**(3/2) ; Abs(i)**(1/4)
5660,0.3816918578603824,Abs(s)**(3/2) ; i,Abs(s)**(3/2) ; i
5661,0.3816918578603824,Abs(s)**(3/2) ; B0*i,Abs(s)**(3/2) ; 0.0128645244391562*i
5662,0.3816918578603824,Abs(s)**(3/2) ; i + r,Abs(s)**(3/2) ; i + r
5663,0.3816918578603824,Abs(s)**(3/2) ; B0*r,Abs(s)**(3/2) ; 0.0124396975896311*r
5664,0.3816918578603824,Abs(s)**(3/2) ; B0 - i,Abs(s)**(3/2) ; 0.480620397500903 - i
5665,0.38115817087689097,Abs(i)**(1/8)*Abs(s)**(5/4) ; B0 + sqrt(Abs(i*sqrt(Abs(r)) - r)),Abs(i)**(1/8)*Abs(s)**(5/4) ; sqrt(Abs(i*sqrt(Abs(r)) - r)) + 0.0873447763240017
5666,0.38101122552429006,i*s*sqrt(Abs(B0 - i)) ; B1 + sqrt(Abs(B2*i + i*r)),i*s*sqrt(Abs(i - 62.4745516083084)) ; sqrt(Abs(i*r - 3.02993987689852*i)) - 0.321427106777377
5667,0.38002541446835053,i**2 - i*s ; i + sqrt(Abs(i + sqrt(Abs(B0 - r)))),i**2 - i*s ; i + sqrt(Abs(i + sqrt(Abs(r))))
5668,0.37996810237365847,s*Abs(i)**(1/4) ; sqrt(Abs(B0*i**2 + B1*Abs(i)**(3/2))),s*Abs(i)**(1/4) ; sqrt(Abs(0.802301485181164*i**2 + 0.0442926171466572*Abs(i)**(3/2)))
5669,0.3789265744911038,Abs(i)**(1/4)*Abs(s)**(9/8) ; r + sqrt(Abs(B0 + Abs(r)**(1/4))),Abs(i)**(1/4)*Abs(s)**(9/8) ; r + Abs(r)**(1/8)
5670,0.3785915821069417,s*sqrt(Abs(B0 + i)) ; -i + r**2 + r,s*sqrt(Abs(i - 0.0199734404966641)) ; -i + r**2 + r
5671,0.3778749392817785,Abs(s)**(3/2) ; i + sqrt(Abs(i)),Abs(s)**(3/2) ; i + sqrt(Abs(i))
5672,0.3778749392817785,Abs(s)**(3/2) ; i*sqrt(Abs(r)),Abs(s)**(3/2) ; i*sqrt(Abs(r))
5673,0.3778749392817785,Abs(s)**(3/2) ; B0*sqrt(Abs(i)),Abs(s)**(3/2) ; 0.000146577023313231*sqrt(Abs(i))
5674,0.3740961898889607,Abs(s)**(3/2) ; B0 + i - r,Abs(s)**(3/2) ; i - r + 0.63124033575255
5675,0.3740961898889607,Abs(s)**(3/2) ; B0 + i*r,Abs(s)**(3/2) ; i*r + 0.00726817955198098
5676,0.3740961898889607,Abs(s)**(3/2) ; B0 - i + r,Abs(s)**(3/2) ; -i + r + 1.99442695822867
5677,0.3740961898889607,Abs(s)**(3/2) ; B0 + B1*r,Abs(s)**(3/2) ; 0.128006056930334*r + 0.725511052957253
5678,0.37409568280329397,s*sqrt(Abs(B0 + 2*i - s)) ; -2*i**2*r + r,s*sqrt(Abs(2*i - s + 0.219904624927533)) ; -2*i**2*r + r
5679,0.3720937861308957,s*sqrt(Abs(i*s + sqrt(Abs(s)))) ; B0*sqrt(Abs(i)),s*sqrt(Abs(i*s + sqrt(Abs(s)))) ; 2.71401357802094*sqrt(Abs(i))
5680,0.37056281400969115,i*s**2 ; B0 + 2*i - 2*r,i*s**2 ; 2*i - 2*r - 0.0711235919333619
5681,0.37035522799007115,Abs(s)**(3/2) ; B0 + r*sqrt(Abs(i)),Abs(s)**(3/2) ; r*sqrt(Abs(i)) + 1.96149647379731
5682,0.37035522799007115,Abs(s)**(3/2) ; B0*i*sqrt(Abs(r)),Abs(s)**(3/2) ; 0.0234675901794035*i*sqrt(Abs(r))
5683,0.37035522799007115,Abs(s)**(3/2) ; sqrt(Abs(B0*i + B1)),Abs(s)**(3/2) ; sqrt(Abs(64.0507958060621*i + 29.4210350954609))
5684,0.37035522799007115,Abs(s)**(3/2) ; B0*sqrt(Abs(i)) + i,Abs(s)**(3/2) ; i + 35.3764503595522*sqrt(Abs(i))
5685,0.36815985210871444,B0*s - s*sqrt(Abs(B1 + i)) ; B2 + 2*i - r + sqrt(Abs(i)),-s*sqrt(Abs(i - 12.4360363024833)) + 6.61193326249053*s ; 2*i - r + sqrt(Abs(i)) - 14.3894134232933
5686,0.36665167571017043,Abs(s)**(3/2) ; B0*Abs(i)**(1/4) + i,Abs(s)**(3/2) ; i + 0.178567913551806*Abs(i)**(1/4)
5687,0.3646663817129927,sqrt(2)*s*sqrt(Abs(i)) ; sqrt(Abs(r**2 - r)),sqrt(2)*s*sqrt(Abs(i)) ; sqrt(Abs(r**2 - r))
5688,0.3646098224240499,2*i*s + s*Abs(B0 + i)**(1/4) ; B1*Abs(i)**(5/4)*sqrt(Abs(r)),2*i*s + s*Abs(i - 0.019999999808668)**(1/4) ; 0.0609752349072084*Abs(i)**(5/4)*sqrt(Abs(r))
5689,0.36342599030931994,Abs(i)**(9/8) ; sqrt(Abs(B0*Abs(i)**(3/2) + i)),Abs(i)**(9/8) ; sqrt(Abs(i + 2.90987946303353*Abs(i)**(3/2)))
5690,0.3629851589530687,Abs(s)**(3/2) ; i + sqrt(Abs(B0 - i**2)),Abs(s)**(3/2) ; i + sqrt(Abs(i**2 - 0.0110235181543026))
5691,0.3629851589530687,Abs(s)**(3/2) ; B0*sqrt(Abs(i)) + i*r,Abs(s)**(3/2) ; i*r + 0.00884605051882046*sqrt(Abs(i))
5692,0.3629851589530687,Abs(s)**(3/2) ; B0*sqrt(Abs(i)) + B1*r,Abs(s)**(3/2) ; 2.02645563729291*r + 14.8378631495456*sqrt(Abs(i))
5693,0.3619838047791663,B0*s - s*sqrt(Abs(i - s)) ; B1 + B2*i,-s*sqrt(Abs(i - s)) + 11.2211085177357*s ; 264.543251664377 - 144.220127435392*i
5694,0.3615507887359385,B0*s + 3*i*s ; B1*sqrt(Abs(r)),3*i*s - 0.0457311240462077*s ; 0.00123658903022299*sqrt(Abs(r))
5695,0.35935530736353805,Abs(s)**(3/2) ; B0*i + i**2 + r,Abs(s)**(3/2) ; i**2 + 0.00020557197245959*i + r
5696,0.35935530736353805,Abs(s)**(3/2) ; B0 + sqrt(Abs(i*sqrt(Abs(r)) - r)),Abs(s)**(3/2) ; sqrt(Abs(i*sqrt(Abs(r)) - r)) + 16.0198096565429
5697,0.35935530736353805,Abs(s)**(3/2) ; B0 - 2*i + 2*r,Abs(s)**(3/2) ; -2*i + 2*r + 0.000681904052243667
5698,0.35878128685564326,-i*s + s**2 + s*sqrt(Abs(i)) ; B0*i + B1*i*r,-i*s + s**2 + s*sqrt(Abs(i)) ; 0.00149287057230181*i*r + 0.550658087965708*i
5699,0.35641480717356744,2**(1/4)*Abs(i)**(1/4)*Abs(s)**(5/4) ; i*r + r*sqrt(Abs(i)),2**(1/4)*Abs(i)**(1/4)*Abs(s)**(5/4) ; i*r + r*sqrt(Abs(i))
5700,0.35576175428990264,Abs(s)**(3/2) ; B0 + i + 2*r + sqrt(Abs(i)),Abs(s)**(3/2) ; i + 2*r + sqrt(Abs(i)) + 0.00596688927715716
5701,0.35576175428990264,Abs(s)**(3/2) ; i*sqrt(Abs(B0 + B1*i)) + r,Abs(s)**(3/2) ; i*sqrt(Abs(0.599918285396992*i + 0.0339815022062023)) + r
5702,0.3531955110667601,s*sqrt(Abs(2*i - 2*s)) ; B0*i,s*sqrt(Abs(2*i - 2*s)) ; 2.6725917183549*i
5703,0.3531843294842546,Abs(i)**(1/4)*Abs(s)**(9/8) ; B0*r**2 + 2*r**3,Abs(i)**(1/4)*Abs(s)**(9/8) ; 2*r**3 + 0.00202575038579154*r**2
5704,0.3522041367470036,Abs(s)**(3/2) ; B0*r + i*r**2 + i,Abs(s)**(3/2) ; i*r**2 + i + 0.00159793353564857*r
5705,0.3522041367470036,Abs(s)**(3/2) ; B0*i*r + i*r**2,Abs(s)**(3/2) ; i*r**2 + 0.40106699301227*i*r
5706,0.3522041367470036,Abs(s)**(3/2) ; sqrt(Abs(B1*sqrt(Abs(B0 + r)) + B2*i)),Abs(s)**(3/2) ; sqrt(Abs(0.000106155286580773*i + 91.6250302956725*sqrt(Abs(r + 0.0373364443229804))))
5707,0.3522041367470036,Abs(s)**(3/2) ; B0 + B1*r + B2*r**2,Abs(s)**(3/2) ; 0.000653580141218941*r**2 + 52.9778677296423*r + 0.000338857037631498
5708,0.35213383891152095,s*Abs(i**2 + i*s)**(1/4) ; r**2,s*Abs(i**2 + i*s)**(1/4) ; r**2
5709,0.3486820953795336,Abs(s)**(3/2) ; B0 + r*sqrt(Abs(B1*r + i*r)),Abs(s)**(3/2) ; r*sqrt(Abs(i*r + 0.000819443072867467*r)) + 0.000453770248555361
5710,0.34819410471728096,s*Abs(B0 + 2*s)**(1/8) ; sqrt(Abs(i*r + i)),s*Abs(2*s - 0.968675206873738)**(1/8) ; sqrt(Abs(i*r + i))
5711,0.3470005301190023,s*Abs(B0 + i)**(1/16) ; sqrt(Abs(B1*r + B2 + B3*i)),s*Abs(i - 0.0259125582021495)**(1/16) ; sqrt(Abs(0.320425551974681*i + 0.0204943230582481*r + 0.23054907692408))
5712,0.34655894868197207,B0*s**2 + i*s**3 - s**4 ; i + r,i*s**3 - s**4 + 1.49795135830529*s**2 ; i + r
5713,0.34593122034184187,s*Abs(i*s - s**2)**(1/4) ; r + sqrt(Abs(B0*i + i**2 - r)),s*Abs(i*s - s**2)**(1/4) ; r + sqrt(Abs(i**2 + 0.0389097198570114*i - r))
5714,0.3451952744257382,Abs(s)**(3/2) ; B0*i**2 + B1*i*r + i,Abs(s)**(3/2) ; 8.66239848188161*i**2 + 17.4335447223286*i*r + i
5715,0.3451105039413146,B0*i*s + i**2*s**2 + i*s**3 ; sqrt(Abs(B1 + i - r)),i**2*s**2 + i*s**3 - 0.0373803563397983*i*s ; sqrt(Abs(i - r + 3.88628541634135))
5716,0.3432284746133616,s*sqrt(Abs(i*s - s)) ; i + Abs(i - sqrt(Abs(i)))**(1/4),s*sqrt(Abs(i*s - s)) ; i + Abs(i - sqrt(Abs(i)))**(1/4)
5717,0.34306227487785124,s*Abs(i*s + i)**(1/8) ; sqrt(Abs(B0*i + B0*sqrt(Abs(r)) + r)),s*Abs(i*s + i)**(1/8) ; sqrt(Abs(0.235574708738444*i + r + 0.235574708738444*sqrt(Abs(r))))
5718,0.3421363466647423,B0*i - i**2 - i*s + i*sqrt(Abs(s)) ; i + sqrt(Abs(r)),-i**2 - i*s + i*sqrt(Abs(s)) - 0.131145922162945*i ; i + sqrt(Abs(r))
5719,0.34173824521081775,sqrt(Abs(B0*i*s + B0*i + B1*s)) ; B2 - i**2 + r,sqrt(Abs(0.000230747552029834*i*s + 0.000230747552029834*i - 0.0168285410685985*s)) ; -i**2 + r + 10.3474219785997
5720,0.33998506100481357,s**2 + s*sqrt(Abs(B0*s + i*s**2)) ; r,s**2 + s*sqrt(Abs(i*s**2 - 0.104795192137643*s)) ; r
5721,0.3370146579662221,Abs(s)**(5/4) ; i,Abs(s)**(5/4) ; i
5722,0.3370146579662221,Abs(s)**(5/4) ; B0 - i,Abs(s)**(5/4) ; 0.00239010930139044 - i
5723,0.336525704800595,i*s**2 + 2*i*s ; B0*Abs(i - r)**(1/8),i*s**2 + 2*i*s ; 0.0257148455657009*Abs(i - r)**(1/8)
5724,0.33631828468682107,sqrt(Abs(i*s - s*Abs(i)**(1/4))) ; r,sqrt(Abs(i*s - s*Abs(i)**(1/4))) ; r
5725,0.3357415136211774,-i*s + s**2 ; B0*r + i,-i*s + s**2 ; i + 0.0462592757677949*r
5726,0.3356133595472351,B0*s + i**2*s + s**2 ; sqrt(Abs(B1*r + B2)),i**2*s + s**2 + 0.0198448684845268*s ; sqrt(Abs(0.00311338513097872*r - 0.00852317179618399))
5727,0.33549102725195973,-i*s + s**2 ; i,-i*s + s**2 ; i
5728,0.33532687016643264,s*Abs(i**2 - i*s)**(1/8) ; sqrt(Abs(i*r - r**2)),s*Abs(i**2 - i*s)**(1/8) ; sqrt(Abs(i*r - r**2))
5729,0.3351846502489549,i*s + s**2 ; i,i*s + s**2 ; i
5730,0.332618001780813,B0*i*s**2 + B1*i**2*s ; B2 + sqrt(Abs(i))*sqrt(Abs(r)),2.73644897220069*i**2*s + 4.65976907849717*i*s**2 ; sqrt(Abs(i))*sqrt(Abs(r)) - 0.194234758598364
5731,0.3316611989179886,s*sqrt(Abs(B0 - 2*i)) ; B1 + sqrt(Abs(B2 + B3*r)),s*sqrt(Abs(2*i - 0.0399999983896259)) ; sqrt(Abs(3.68422045519776*r + 3.96481727929776)) - 2.32997361293521
5732,0.3308339396128333,B0*i + B1*Abs(i)**(3/2) ; -sqrt(Abs(B2*i + i**2)),181.284814782771*i - 18.1284746317705*Abs(i)**(3/2) ; -sqrt(Abs(i**2 - 2764929.91789507*i))
5733,0.3268110447971624,Abs(i)**(1/8)*Abs(s)**(9/8) ; B0*sqrt(Abs(r)),Abs(i)**(1/8)*Abs(s)**(9/8) ; 0.755284986819377*sqrt(Abs(r))
5734,0.32665730268624577,sqrt(Abs(i + sqrt(Abs(i**2 - s)))) ; B0 + sqrt(Abs(r)),sqrt(Abs(i + sqrt(Abs(i**2 - s)))) ; sqrt(Abs(r)) + 246.618475308199
5735,0.32248763128125163,s*Abs(i)**(1/8) ; sqrt(Abs(-i**2 + 3*i*r + i)),s*Abs(i)**(1/8) ; sqrt(Abs(-i**2 + 3*i*r + i))
5736,0.32119314718001535,s*Abs(B0*i + s)**(1/4) ; Abs(i)**(1/4),s*Abs(0.00853267642901626*i + s)**(1/4) ; Abs(i)**(1/4)
5737,0.3208228593868589,s*Abs(i - 2*s)**(1/8) ; B1*Abs(B0 + r)**(1/4),s*Abs(i - 2*s)**(1/8) ; -1.33658266373179*Abs(r + 13.777189018091)**(1/4)
5738,0.3195973847236238,-i**3 + i*s + s ; r,-i**3 + i*s + s ; r
5739,0.3185271080179398,Abs(s)**(3/2) ; B0*r + B1*r**2 + i*r**2 + Abs(r)**(5/2),Abs(s)**(3/2) ; i*r**2 + 0.212646585209892*r**2 + 0.000488672480575314*r + Abs(r)**(5/2)
5740,0.3152047157097704,s*Abs(i - s)**(1/8) ; B0*r,s*Abs(i - s)**(1/8) ; 0.000869684807229276*r
5741,0.31373911529136717,2*s**3 + sqrt(Abs(i))*Abs(s)**(5/2) ; B0*Abs(r)**(1/4) - i + r,2*s**3 + sqrt(Abs(i))*Abs(s)**(5/2) ; -i + r + 3.81228303858995*Abs(r)**(1/4)
5742,0.3127074790703435,2*i*s**3 + s**2 ; B0*Abs(r)**(1/4),2*i*s**3 + s**2 ; 0.024092358792876*Abs(r)**(1/4)
5743,0.31214778394098075,2**(1/4)*Abs(s)**(3/2) ; B0 + sqrt(Abs(B1*i - r)),2**(1/4)*Abs(s)**(3/2) ; sqrt(Abs(0.284587693062357*i - r)) + 0.0037695457663082
5744,0.31214778394098075,2**(1/4)*Abs(s)**(3/2) ; r + sqrt(Abs(B0 + Abs(i)**(3/2))),2**(1/4)*Abs(s)**(3/2) ; r + sqrt(Abs(i)**(3/2) + 14.0417654941008)
5745,0.3111834876096554,B0 - sqrt(Abs(s)) ; B1 - r,0.994156459689156 - sqrt(Abs(s)) ; 1.25737539234328 - r
5746,0.3103869926638871,s*Abs(i)**(1/8) ; sqrt(Abs(B0*sqrt(Abs(i))*sqrt(Abs(r)) + r)),s*Abs(i)**(1/8) ; sqrt(Abs(r + 0.000139047439388872*sqrt(Abs(i))*sqrt(Abs(r))))
5747,0.3101494074715656,s*sqrt(Abs(i + sqrt(Abs(i)))) ; B0*sqrt(Abs(i)),s*sqrt(Abs(i + sqrt(Abs(i)))) ; 0.158712933516913*sqrt(Abs(i))
5748,0.30994156722164695,i*s + 2*s**2 - s*sqrt(Abs(i)) ; i,i*s + 2*s**2 - s*sqrt(Abs(i)) ; i
5749,0.3095348764551995,s**2 + s*sqrt(Abs(B0 - i + sqrt(Abs(i)))) ; B1 + sqrt(Abs(B2 + i)),s**2 + s*sqrt(Abs(i - sqrt(Abs(i)) + 0.328801958938569)) ; sqrt(Abs(i - 0.174267178930285)) - 0.375265523160048
5750,0.30919042064304925,sqrt(Abs(i))*Abs(s)**(3/2) - Abs(s)**(3/2) ; B0 - i,sqrt(Abs(i))*Abs(s)**(3/2) - Abs(s)**(3/2) ; 2.76857358861276 - i
5751,0.30822743153411336,Abs(s)**(9/8) ; B0*sqrt(Abs(r)) + r,Abs(s)**(9/8) ; r + 0.022654213336656*sqrt(Abs(r))
5752,0.30822743153411336,Abs(s)**(9/8) ; sqrt(Abs(i - r)),Abs(s)**(9/8) ; sqrt(Abs(i - r))
5753,0.307635255356445,B0*i + s ; sqrt(Abs(i)),-0.00644336237849273*i + s ; sqrt(Abs(i))
5754,0.3037813682708777,B0 - i + sqrt(Abs(i**2 + i)) ; B1 + B2*r**2 + B2*r,-i + sqrt(Abs(i**2 + i)) - 0.403889090802505 ; 0.399487739494124*r**2 + 0.399487739494124*r - 0.24804136149973
5755,0.30295994153445066,s*sqrt(Abs(i - 2*s)) ; B0*i*sqrt(Abs(r)),s*sqrt(Abs(i - 2*s)) ; 10.2947115201869*i*sqrt(Abs(r))
5756,0.3017421155230757,Abs(s)**(5/4) ; B0 - i*r + 2*r**2 + r,Abs(s)**(5/4) ; -i*r + 2*r**2 + r + 3.83179347458285
5757,0.30045197497878173,B0*s - s*sqrt(Abs(i*s - s)) ; B1 + i**2 - i*r + i,-s*sqrt(Abs(i*s - s)) + 3.16626173508006*s ; i**2 - i*r + i + 0.335765880569785
5758,0.299850341588042,s ; r,s ; r
5759,0.299850341588042,s ; i,s ; i
5760,0.299850341588042,s ; -r,s ; -r
5761,0.298735915978208,B0 + B1*i*s + i*s**2 ; B2 + i,i*s**2 + 4.24811380903199*i*s + 0.0424082924563398 ; i + 0.0301470191772899
5762,0.29864774165910957,B0*s + i*s + s**2 + s*sqrt(Abs(i)) ; Abs(i)**(3/2)*Abs(B1*i + i**2)**(1/4),i*s + s**2 + s*sqrt(Abs(i)) + 0.816042961916877*s ; Abs(i)**(3/2)*Abs(i**2 + 0.016356308798454*i)**(1/4)
5763,0.29773054969945983,B0 + sqrt(Abs(i)) ; sqrt(Abs(i)),sqrt(Abs(i)) - 0.000346486594692896 ; sqrt(Abs(i))
5764,0.2968518381721616,s ; sqrt(Abs(r)),s ; sqrt(Abs(r))
5765,0.2962693198158585,sqrt(Abs(i*s - s*Abs(i)**(1/8))) ; r,sqrt(Abs(i*s - s*Abs(i)**(1/8))) ; r
5766,0.29388331979044,s ; B0*i,s ; 0.0335433325284843*i
5767,0.29388331979044,s ; B0*r,s ; 7.19576970840467*r
5768,0.29388331979044,s ; i**2,s ; i**2
5769,0.29388331979044,s ; B0 - i,s ; 0.000257284994206891 - i
5770,0.29388331979044,s ; -i + r,s ; -i + r
5771,0.29388331979044,s ; B0 + r,s ; r + 0.000145004414538729
5772,0.29238252648665836,B0*i*s**2 + 2*s**2 ; 2*i + sqrt(Abs(i)),0.89142418772729*i*s**2 + 2*s**2 ; 2*i + sqrt(Abs(i))
5773,0.2920325101499938,s*sqrt(Abs(i + s)) ; B0*sqrt(Abs(i)),s*sqrt(Abs(i + s)) ; 0.14173827791753*sqrt(Abs(i))
5774,0.2909444865925356,s ; r - sqrt(Abs(i)),s ; r - sqrt(Abs(i))
5775,0.2909444865925356,s ; B0*sqrt(Abs(r)),s ; 0.0556924198015719*sqrt(Abs(r))
5776,0.2909444865925356,s ; -r + sqrt(Abs(r)),s ; -r + sqrt(Abs(r))
5777,0.2909444865925356,s ; sqrt(Abs(B0 + i)),s ; sqrt(Abs(i + 5.22322602984836))
5778,0.2902389472303636,i**2*sqrt(Abs(s)) + Abs(s)**(3/2) ; i,i**2*sqrt(Abs(s)) + Abs(s)**(3/2) ; i
5779,0.29004361475029367,B0 - sqrt(Abs(s)) ; B1*i - i**2 + i*r,0.994157380808952 - sqrt(Abs(s)) ; -i**2 + i*r + 0.00035450336505761*i
5780,0.288316442940594,i*Abs(s)**(1/8) + Abs(s)**(9/8) ; B0 - r,i*Abs(s)**(1/8) + Abs(s)**(9/8) ; 0.998442755092233 - r
5781,0.28816393083700803,sqrt(Abs(i))*Abs(s)**(3/2) + Abs(s)**(3/2) ; B0 + i + r,sqrt(Abs(i))*Abs(s)**(3/2) + Abs(s)**(3/2) ; i + r - 0.0592370199699428
5782,0.2880350417266102,s ; i*r + i,s ; i*r + i
5783,0.2880350417266102,s ; B0*Abs(i)**(3/2),s ; 0.399536186873488*Abs(i)**(3/2)
5784,0.2880350417266102,s ; B0 + Abs(r)**(3/2),s ; Abs(r)**(3/2) + 0.00010111098551189
5785,0.2880350417266102,s ; i + 2*r,s ; i + 2*r
5786,0.2880350417266102,s ; B0 + B1*i,s ; 0.307143745419943*i + 0.0132950827492984
5787,0.2880350417266102,s ; B0 + i + r,s ; i + r + 0.545011007698461
5788,0.2880350417266102,s ; B0 + 2*r,s ; 2*r + 0.000141427135392215
5789,0.28644337821620325,B0*i + sqrt(Abs(s)) ; B1*i + B2*i*r + i*sqrt(Abs(r)),-0.00737952619659326*i + sqrt(Abs(s)) ; 7.9613617772888*i*r + i*sqrt(Abs(r)) + 13.5337487403112*i
5790,0.2851546913093442,s ; i**2*sqrt(Abs(r)),s ; i**2*sqrt(Abs(r))
5791,0.2851546913093442,-i + sqrt(Abs(i + s)) ; r,-i + sqrt(Abs(i + s)) ; r
5792,0.2851546913093442,s ; sqrt(Abs(B0 + B1*i)),s ; sqrt(Abs(0.00193582320981281*i + 0.0397238677797533))
5793,0.2851546913093442,s ; B0 + sqrt(Abs(i - r)),s ; sqrt(Abs(i - r)) + 0.00541348294521859
5794,0.2851546913093442,s ; B0*sqrt(Abs(i)) + i,s ; i + 0.0487020224336011*sqrt(Abs(i))
5795,0.2851546913093442,s ; B0*sqrt(Abs(i)) + r,s ; r + 0.334579350094686*sqrt(Abs(i))
5796,0.2851546913093442,s ; B0 + i + sqrt(Abs(i)),s ; i + sqrt(Abs(i)) + 14.7920207532854
5797,0.2851546913093442,s ; B0 + B1*sqrt(Abs(r)),s ; 0.00152438728392374*sqrt(Abs(r)) + 0.00046022543358554
5798,0.28230314439625076,i*s + s**2 ; sqrt(Abs(r)),i*s + s**2 ; sqrt(Abs(r))
5799,0.2823031443962507,s ; i*r**3,s ; i*r**3
5800,0.2823031443962507,s ; B0*Abs(r)**(5/2),s ; 3.11594367563589*Abs(r)**(5/2)
5801,0.2823031443962507,s ; B0*i*r**2,s ; 0.00178962075665096*i*r**2
5802,0.2823031443962507,s ; B0*r*Abs(i)**(3/2),s ; 7.12032606141673*r*Abs(i)**(3/2)
5803,0.2823031443962507,s ; i*r + i + r,s ; i*r + i + r
5804,0.2823031443962507,s ; B0 + B1*i**2,s ; 0.0204719262041293*i**2 + 0.000116994203947977
5805,0.2823031443962507,s ; B0*r**2 + i,s ; i + 0.00164598192286177*r**2
5806,0.2823031443962507,s ; i + sqrt(Abs(i))*sqrt(Abs(r)),s ; i + sqrt(Abs(i))*sqrt(Abs(r))
5807,0.2823031443962507,s ; B0 + sqrt(Abs(i))*sqrt(Abs(r)),s ; sqrt(Abs(i))*sqrt(Abs(r)) + 0.0103257929439502
5808,0.28036664344025536,s*sqrt(Abs(i - sqrt(Abs(s + sqrt(Abs(i)))))) ; 2*i,s*sqrt(Abs(i - sqrt(Abs(s + sqrt(Abs(i)))))) ; 2*i
5809,0.27948011295228825,i*s + s**2 ; r*sqrt(Abs(B0 - i + r)),i*s + s**2 ; r*sqrt(Abs(-i + r + 14.1697292222356))
5810,0.2794801129522882,s ; B0 - i + r - sqrt(Abs(i)),s ; -i + r - sqrt(Abs(i)) + 0.0132051645312589
5811,0.2794801129522882,s ; sqrt(Abs(r - Abs(i)**(1/8))),s ; sqrt(Abs(r - Abs(i)**(1/8)))
5812,0.2794801129522882,s ; i*sqrt(Abs(r)) + 2*r,s ; i*sqrt(Abs(r)) + 2*r
5813,0.27894987826009887,sqrt(2)*Abs(s)**(5/2) ; i**2,sqrt(2)*Abs(s)**(5/2) ; i**2
5814,0.27815539899925407,2*s*sqrt(Abs(i)) ; r,2*s*sqrt(Abs(i)) ; r
5815,0.27668531182276535,i*s + s**2 ; B0*r + B1*r**2,i*s + s**2 ; 1.40899809838703*r**2 + 1.51881729172325*r
5816,0.2766853118227653,s ; B0*i + i**2*r,s ; i**2*r + 13.1839493520123*i
5817,0.2766853118227653,s ; B0 + r + sqrt(Abs(B1 + sqrt(Abs(i)))),s ; r + sqrt(sqrt(Abs(i)) + 0.0426156980721205) + 0.000977013873160767
5818,0.2766853118227653,s ; B0 + i - sqrt(Abs(i)) + sqrt(Abs(r)),s ; i - sqrt(Abs(i)) + sqrt(Abs(r)) + 1.23071631994968
5819,0.2766853118227653,s ; B0 - i + 3*r,s ; -i + 3*r + 0.0117031131981608
5820,0.2739184587045376,s ; B0*i**2 + B0*i + r,s ; 4.35687750567107*i**2 + 4.35687750567107*i + r
5821,0.27117927411749226,s ; B0 + i*r + i - r**2,s ; i*r + i - r**2 + 0.000146527806080645
5822,0.27117927411749226,i**2 + i*s - i + s ; sqrt(Abs(r)),i**2 + i*s - i + s ; sqrt(Abs(r))
5823,0.27117927411749226,s ; B0 + B1*sqrt(Abs(i)) - r*sqrt(Abs(i)),s ; -r*sqrt(Abs(i)) + 2.20782616873787*sqrt(Abs(i)) + 0.000201676194250773
5824,0.2684674813763174,s ; sqrt(Abs(B0 - i**2 + Abs(i)**(5/2))),s ; sqrt(Abs(-i**2 + Abs(i)**(5/2) + 0.199405096441996))
5825,0.2671753488203195,-i + sqrt(Abs(s)) ; -i*r + i*sqrt(Abs(i + Abs(r)**(1/4))),-i + sqrt(Abs(s)) ; -i*r + i*sqrt(Abs(i + Abs(r)**(1/4)))
5826,0.2664129979971069,2*s ; B0 + B1*r,2*s ; 0.000157790714630903*r + 0.000571289380156616
5827,0.26630745191615207,i + s ; B0 + i,i + s ; i + 1.02711419315753
5828,0.26578280656255415,s ; B0*i**2*r + i**3,s ; i**3 + 0.437143033865017*i**2*r
5829,0.26578280656255415,s ; -2*i**2 + i*r + r,s ; -2*i**2 + i*r + r
5830,0.2637488680171358,2*s ; B0*sqrt(Abs(r)) + r,2*s ; r + 0.0120972657564502*sqrt(Abs(r))
5831,0.2635025667654759,s + sqrt(Abs(B0*i*s + B0*i + B0*s)) ; sqrt(Abs(i + Abs(r)**(3/2))),s + sqrt(Abs(4.16132876909541e-5*i*s + 4.16132876909541e-5*i + 4.16132876909541e-5*s)) ; sqrt(Abs(i + Abs(r)**(3/2)))
5832,0.2599995153291116,sqrt(2)*Abs(s)**(5/2) ; B0 + B1*r*sqrt(Abs(i)) - r**2,sqrt(2)*Abs(s)**(5/2) ; -r**2 + 0.0211628735236021*r*sqrt(Abs(i)) + 1.78374693722399
5833,0.25526392987945934,i**2*s**2 ; B0 + sqrt(Abs(2*i - r)),i**2*s**2 ; sqrt(Abs(2*i - r)) + 0.00159390922166763
5834,0.2509894472168522,s*sqrt(Abs(2*i - 2*s)) ; -Abs(r)**(3/2),s*sqrt(Abs(2*i - 2*s)) ; -Abs(r)**(3/2)
5835,0.24809566627867463,2*i*s + s**2 + Abs(s)**(3/2) ; i*sqrt(Abs(B0*i - r)),2*i*s + s**2 + Abs(s)**(3/2) ; i*sqrt(Abs(0.650026798378065*i - r))
5836,0.24453379513510318,s*sqrt(Abs(s + sqrt(Abs(s - sqrt(Abs(i)))))) ; i*sqrt(Abs(r)),s*sqrt(Abs(s + sqrt(Abs(s - sqrt(Abs(i)))))) ; i*sqrt(Abs(r))
5837,0.24193052675235943,s*sqrt(Abs(s + sqrt(Abs(s)))) ; B0*sqrt(Abs(i)),s*sqrt(Abs(s + sqrt(Abs(s)))) ; 0.000370295006942571*sqrt(Abs(i))
5838,0.23829791986001922,s*sqrt(Abs(i)) + Abs(s)**(3/2) ; i,s*sqrt(Abs(i)) + Abs(s)**(3/2) ; i
5839,0.23787507690712492,s**2 + s*sqrt(Abs(s**3 - s)) ; B0*r,s**2 + s*sqrt(Abs(s**3 - s)) ; 0.000134783494027334*r
5840,0.23603705881079345,s*sqrt(Abs(2*i + s)) ; i*sqrt(Abs(r)),s*sqrt(Abs(2*i + s)) ; i*sqrt(Abs(r))
5841,0.2348644390449242,sqrt(Abs(i**2*s - s)) ; r*sqrt(Abs(i)) + r,sqrt(Abs(i**2*s - s)) ; r*sqrt(Abs(i)) + r
5842,0.23329307633180885,i**2*s + s**2 + s*Abs(i)**(3/2) ; B0*i*r + B1*i**2*r,i**2*s + s**2 + s*Abs(i)**(3/2) ; 29.763584228988*i**2*r + 1.16821318835623*i*r
5843,0.2328072473513262,i + s*sqrt(Abs(B0 + s)) ; i,i + s*sqrt(Abs(s - 0.766338082966884)) ; i
5844,0.23267906874830205,i**2*s + s**2 + Abs(s)**(3/2) ; B0*sqrt(Abs(i)),i**2*s + s**2 + Abs(s)**(3/2) ; -0.0121711771277328*sqrt(Abs(i))
5845,0.2267396026433222,i*s**2 + i*s + s**2 ; 2*r,i*s**2 + i*s + s**2 ; 2*r
5846,0.22512836035686334,i*sqrt(Abs(s)) + Abs(s)**(3/2) ; i,i*sqrt(Abs(s)) + Abs(s)**(3/2) ; i
5847,0.22219471383170394,s*sqrt(Abs(i + s + sqrt(Abs(i - s)))) ; B0*Abs(i)**(1/4),s*sqrt(Abs(i + s + sqrt(Abs(i - s)))) ; 0.192038259545028*Abs(i)**(1/4)
5848,0.21878986431459424,i*sqrt(Abs(B0 + sqrt(Abs(i)))) + s ; i,i*sqrt(Abs(sqrt(Abs(i)) - 0.716768531901068)) + s ; i
5849,0.21762145519654905,sqrt(2)*s ; B0 - r**2 + r,sqrt(2)*s ; -r**2 + r + 0.00788898806858884
5850,0.21721066508389494,i*s**2 + s**2*Abs(i)**(5/4) ; r + sqrt(Abs(sqrt(Abs(i)) - sqrt(Abs(r)))),i*s**2 + s**2*Abs(i)**(5/4) ; r + sqrt(Abs(sqrt(Abs(i)) - sqrt(Abs(r))))
5851,0.2167210008293637,2*i*s + i*sqrt(Abs(s)) ; B0*sqrt(Abs(i)),2*i*s + i*sqrt(Abs(s)) ; 0.0537487768780525*sqrt(Abs(i))
5852,0.21372338796460566,s*sqrt(Abs(B0*i + i*s)) ; B1 - i + 2*r,s*sqrt(Abs(i*s - 0.154686782491073*i)) ; -i + 2*r + 3.34274200984887
5853,0.21248262611096877,s*sqrt(Abs(2*s + sqrt(Abs(i)))) ; i*sqrt(Abs(r)),s*sqrt(Abs(2*s + sqrt(Abs(i)))) ; i*sqrt(Abs(r))
5854,0.21043952349551215,i*sqrt(Abs(B0 + i)) + s ; i,i*sqrt(Abs(i - 0.513187574830981)) + s ; i
5855,0.2049626002440377,i*s + s*sqrt(Abs(i + s**2)) ; 2*r,i*s + s*sqrt(Abs(i + s**2)) ; 2*r
5856,0.1980512546294549,i*s + i*sqrt(Abs(s)) ; B0*sqrt(Abs(i))*sqrt(Abs(r)),i*s + i*sqrt(Abs(s)) ; 0.0361111107185764*sqrt(Abs(i))*sqrt(Abs(r))
5857,0.19240823030836057,2*i*s + s**2 ; B0*Abs(r)**(1/4),2*i*s + s**2 ; 0.0916382857562988*Abs(r)**(1/4)
5858,0.19056497396787736,B0 + 2*i ; sqrt(Abs(i)),2*i + 0.078250938991298 ; sqrt(Abs(i))
5859,0.19015614612392953,i*sqrt(Abs(B0 + i + s)) + s ; i,i*sqrt(Abs(i + s - 0.98994910088454)) + s ; i
5860,0.18860495404439243,s*sqrt(Abs(i)) + s ; i,s*sqrt(Abs(i)) + s ; i
5861,0.1819468921666659,i*sqrt(Abs(B0 + 2*i)) + s ; i,i*sqrt(Abs(2*i - 1.03232721326378)) + s ; i
5862,0.17720056307749454,i*s + s**2 + s*sqrt(Abs(i)) ; B0*Abs(i)**(1/4),i*s + s**2 + s*sqrt(Abs(i)) ; 0.0561188721205536*Abs(i)**(1/4)
5863,0.1765136385812546,2*i*s + sqrt(2)*s*sqrt(Abs(i)) ; Abs(i)**(3/2)*Abs(r)**(3/8),2*i*s + sqrt(2)*s*sqrt(Abs(i)) ; Abs(i)**(3/2)*Abs(r)**(3/8)
5864,0.17543758320941816,s*sqrt(Abs(2*s + sqrt(Abs(s)))) ; B0*sqrt(Abs(i)),s*sqrt(Abs(2*s + sqrt(Abs(s)))) ; 0.772708035499684*sqrt(Abs(i))
5865,0.17436749289107445,i*sqrt(Abs(B0*s + B1)) ; B2 + r,i*sqrt(Abs(3.39190688210738e-8*s - 6.8079563487835e-7)) ; r + 302.203821671985
5866,0.17126715296740985,2*i*s + Abs(s)**(3/2) ; B0*r,2*i*s + Abs(s)**(3/2) ; 34.0496453522394*r
5867,0.1695886566857125,B0*Abs(s)**(1/8) - Abs(s)**(9/8) ; sqrt(Abs(B1 + B2*r + B3*i)),-Abs(s)**(9/8) + 0.993983259961418*Abs(s)**(1/8) ; sqrt(Abs(1.17624164526372*i + 5.97083585204378*r + 0.0056213523391872))
5868,0.157865564960669,B0*i - sqrt(Abs(s)) ; sqrt(Abs(B1 + i)),-0.0109276934786571*i - sqrt(Abs(s)) ; sqrt(Abs(i + 43850.1388544374))
5869,0.1568302245545377,sqrt(Abs(B0 - sqrt(Abs(B1 - s)))) ; i,sqrt(Abs(sqrt(Abs(s - 2986.9662838317)) - 54.6808175980664)) ; i
5870,0.15090306609964108,s*sqrt(Abs(B0*i*s**2 + i)) ; B1 - i + sqrt(Abs(B2 + B3*r)),s*sqrt(Abs(14.9364601058351*i*s**2 + i)) ; -i + sqrt(Abs(19.2781458687147*r + 0.0490569041078786)) - 2.34102799309436
5871,0.14941872545990592,B0 + sqrt(Abs(i)) ; sqrt(Abs(B1 + i)),sqrt(Abs(i)) + 0.000116968234192256 ; sqrt(Abs(i + 0.00485172274909498))
5872,0.143487631538527,i*s**2 ; B0 - 2*i + 2*r,i*s**2 ; -2*i + 2*r - 0.00355884781087372
5873,0.14310645256003496,s + Abs(i)**(3/2) ; i,s + Abs(i)**(3/2) ; i
5874,0.12826206485779512,B0*i + i**2 + i*s ; B1 + sqrt(Abs(B2*sqrt(Abs(i)) + r)),i**2 + i*s - 3.66871032020701*i ; sqrt(Abs(r + 5.37384211948528*sqrt(Abs(i)))) - 1.73972010862772
5875,0.1066628424481705,sqrt(Abs(i)) ; B0*i,sqrt(Abs(i)) ; 6.89450534570104*i
5876,0.10429231938583254,i*sqrt(Abs(s + sqrt(Abs(s)))) + s ; i,i*sqrt(Abs(s + sqrt(Abs(s)))) + s ; i
5877,0.10160898124893,B0*s - 2*i*s + 2*s**2 ; B1*i,-2*i*s + 2*s**2 + 0.597575412278759*s ; 0.0294313256102672*i
5878,0.09917558492840219,B0*i*s + i**2 ; r,i**2 + 2.67909180520899*i*s ; r
5879,0.09857937842380092,sqrt(Abs(i)) ; B0*i + B1*i**2,sqrt(Abs(i)) ; 0.196862398219544*i**2 + 6.85371398423086*i
5880,0.09818475814320783,B0*i*s + i**2 ; i*sqrt(Abs(r))*Abs(B1 + i)**(1/4),i**2 + 2.67804102869569*i*s ; i*sqrt(Abs(r))*Abs(i + 32.2153766930867)**(1/4)
5881,0.09479686446876714,-i*s + i - sqrt(Abs(s)) ; B0 + B1*i + B1*r,-i*s + i - sqrt(Abs(s)) ; -0.152907004734595*i - 0.152907004734595*r - 0.0492707559838777
5882,0.09381762378289504,i ; B0 + B1*i + r,i ; 110.933111737577*i + r - 0.241420261359729
5883,0.09243901632557011,B0*i*s + i**2 ; sqrt(Abs(B1*r + 2*i*r - r**2)),i**2 + 2.67796475674422*i*s ; sqrt(Abs(2*i*r - r**2 + 12.9973928206315*r))
5884,0.09165583212566096,sqrt(Abs(B0*i**2 + B1*i)) ; B2 - i,sqrt(Abs(11.2090350605419*i**2 - 0.0180509775314029*i)) ; 0.0842074523944301 - i
5885,0.0855864196781255,B0*i + B1*i*s + B2*i**2*s ; B3 + B4*r,6.27109658377934*i**2*s + 0.0547083612779167*i*s - 0.0231540359892593*i ; 0.000148519197537696 - 0.00707760544768169*r
5886,0.08429453226130391,i ; B0*i,i ; 104.475911717622*i
5887,0.07971264408497543,B0*sqrt(Abs(s)) + i*sqrt(Abs(s)) - Abs(s)**(3/2) ; B1*sqrt(Abs(i)) + i,i*sqrt(Abs(s)) - Abs(s)**(3/2) + 1.11493801301319*sqrt(Abs(s)) ; i + 0.626065352079835*sqrt(Abs(i))
5888,0.0764120797253275,i*s + s**2 + Abs(s)**(3/2) ; B0*Abs(i)**(3/4),i*s + s**2 + Abs(s)**(3/2) ; 0.0986920742448891*Abs(i)**(3/4)
5889,0.07556768811123278,sqrt(Abs(i)) ; B0*i + B1*sqrt(Abs(r)),sqrt(Abs(i)) ; 5.95011145664523*i + 0.0138204415687122*sqrt(Abs(r))
5890,0.07367490432772648,s + Abs(s)**(3/2) ; B0 + Abs(i)**(1/4),s + Abs(s)**(3/2) ; Abs(i)**(1/4) + 2.71139227077328
5891,0.07367490432772648,s + Abs(s)**(3/2) ; i,s + Abs(s)**(3/2) ; i
5892,0.07056031556959205,i*s + 2*Abs(s)**(3/2) ; B0*sqrt(Abs(i)),i*s + 2*Abs(s)**(3/2) ; 0.0494169362377716*sqrt(Abs(i))
5893,0.06627454667395952,s + sqrt(Abs(B0 + i - s)) ; B1 + B2*r**2 + r,s + sqrt(Abs(i - s + 0.318362531388164)) ; -0.412831990341426*r**2 + r + 0.67412084894189
5894,0.06247921942112085,B0 - sqrt(2)*sqrt(Abs(s)) ; -i + sqrt(Abs(i*r + i)),-sqrt(2)*sqrt(Abs(s)) + 1.55145363238967 ; -i + sqrt(Abs(i*r + i))
5895,0.05820287355594345,s + sqrt(Abs(B0 + s)) ; sqrt(Abs(B1 + r)),s + sqrt(Abs(s + 0.0986425554837806)) ; sqrt(Abs(r + 0.0757588502243382))
5896,0.05364913633817826,i**2 - sqrt(Abs(s)) ; i**2 + i*r,i**2 - sqrt(Abs(s)) ; i**2 + i*r
5897,0.0529111803700822,B0*i*s + i**2*s**2 + i*s**3 ; sqrt(Abs(B1*i - r)),i**2*s**2 + i*s**3 + 0.00126430051638185*i*s ; sqrt(Abs(0.00929983347982307*i - r))
5898,0.04984673337269582,s + sqrt(Abs(s)) ; r,s + sqrt(Abs(s)) ; r
5899,0.04885478337857918,s + sqrt(Abs(s)) ; sqrt(Abs(B0 + 2*r)),s + sqrt(Abs(s)) ; sqrt(Abs(2*r + 0.000250352166575959))
5900,0.04885478337857918,s + sqrt(Abs(s)) ; sqrt(Abs(B0 + i + r)),s + sqrt(Abs(s)) ; sqrt(Abs(i + r + 0.740657700100711))
5901,0.048366235544793384,s + sqrt(Abs(s)) ; sqrt(Abs(B0 + sqrt(Abs(B1 + r)))),s + sqrt(Abs(s)) ; sqrt(sqrt(Abs(r + 0.00192005001793003)) + 0.00111675160646559)
5902,0.047403747457451996,s + sqrt(Abs(s)) ; sqrt(Abs(B0*i + B0*r + B1)),s + sqrt(Abs(s)) ; sqrt(Abs(0.0317840108575092*i + 0.0317840108575092*r + 0.449969790652416))
5903,0.046929709982877474,s + sqrt(Abs(s)) ; sqrt(Abs(B0 + i*r + i + r)),s + sqrt(Abs(s)) ; sqrt(Abs(i*r + i + r + 0.000582119204403088))
5904,0.046929709982877474,s + sqrt(Abs(s)) ; sqrt(Abs(B0*r + B1*i + B2)),s + sqrt(Abs(s)) ; sqrt(Abs(0.194702464833386*i + 0.00137348524708967*r + 52.9872030693981))
5905,0.04685233506140479,B0 + B1*i + B2*sqrt(Abs(s)) ; sqrt(Abs(i)),0.918909241075032*i - 0.00470601747056665*sqrt(Abs(s)) + 0.124733475564225 ; sqrt(Abs(i))
5906,0.045382107934718155,B0 + i ; sqrt(Abs(i)),i + 0.114378315482143 ; sqrt(Abs(i))
5907,0.04518390086237503,2*s**2 + s*sqrt(Abs(B0 + s)) ; B1*i*Abs(r)**(3/4),2*s**2 + s*sqrt(Abs(s - 0.980257127789833)) ; 4.49599426462601*i*Abs(r)**(3/4)
5908,0.044477309903860326,s + sqrt(Abs(-B0 + i + sqrt(Abs(s)))) ; r,s + sqrt(Abs(i + sqrt(Abs(s)) - 1.27283446934985)) ; r
5909,0.04277996033509027,s + Abs(B0 + s)**(1/4) ; i,s + Abs(s + 0.0229022194910583)**(1/4) ; i
5910,0.03685526470362551,B0*sqrt(Abs(s)) + B1*Abs(s)**(3/2) - Abs(s)**(5/2) ; i,-Abs(s)**(5/2) - 0.913055150731562*Abs(s)**(3/2) + 2.18467218323767*sqrt(Abs(s)) ; i
5911,0.03608994485815432,B0*i**2 + B1*i**3 ; sqrt(Abs(B2 + i)),0.225261105452261*i**3 + 0.457821595103624*i**2 ; sqrt(Abs(i + 1.87724218172641))
5912,0.033264643308324085,-i - s + Abs(i + sqrt(Abs(i)))**(1/4) ; B0*i + i**2 + i*r,-i - s + Abs(i + sqrt(Abs(i)))**(1/4) ; i**2 + i*r + 0.781785587048279*i
5913,0.030921994473293662,sqrt(Abs(i)) ; B0*Abs(i)**(1/4),sqrt(Abs(i)) ; 0.376137037477836*Abs(i)**(1/4)
5914,0.030346921427181827,sqrt(Abs(i)) ; sqrt(Abs(i)),sqrt(Abs(i)) ; sqrt(Abs(i))
5915,0.02816094994153468,B0 + Abs(i)**(1/4) ; sqrt(Abs(i)),Abs(i)**(1/4) - 0.235138904656033 ; sqrt(Abs(i))
5916,0.027943310847215155,i*sqrt(Abs(B0 + B1*i)) ; B2 - i + 2*r,i*sqrt(Abs(7.57374168473474e-5*i - 0.0075729788551238)) ; -i + 2*r - 20.1350827559828
5917,0.026724096272313706,s + Abs(s + sqrt(Abs(s)))**(1/4) ; sqrt(Abs(i + 2*r**2)),s + Abs(s + sqrt(Abs(s)))**(1/4) ; sqrt(Abs(i + 2*r**2))
5918,0.024908198902168287,i*Abs(B0 + s)**(1/8) ; B1 + B2*sqrt(Abs(i))*sqrt(Abs(r)) + i,i*Abs(s - 0.641067853659857)**(1/8) ; i - 0.529776856715336*sqrt(Abs(i))*sqrt(Abs(r)) + 0.226697340605763
5919,0.02415206316497958,B0*i*s - i**2 - i*s**2 ; i + 2*sqrt(Abs(r)),-i**2 - i*s**2 + 1.26174435116797*i*s ; i + 2*sqrt(Abs(r))
5920,0.022001871580197053,B0 + i**2 + i - s ; r,i**2 + i - s + 0.947104570103099 ; r
5921,0.02191739170668144,-i*s + i - s ; B0 - i*r,-i*s + i - s ; -i*r
5922,0.02185599522301837,s + Abs(i - sqrt(Abs(i)))**(1/8) ; -i**2*r + i*r**2,s + Abs(i - sqrt(Abs(i)))**(1/8) ; -i**2*r + i*r**2
5923,0.016248968576332467,B0*i - i*sqrt(Abs(i - s)) ; B1 + i*r - i + r,-i*sqrt(Abs(i - s)) + 1.82997586333811*i ; i*r - i + r + 3.47009893786605
5924,0.01577550652332168,sqrt(Abs(B0 - sqrt(Abs(B1 + i)))) ; sqrt(Abs(i)),sqrt(Abs(sqrt(Abs(i + 557.908914077108)) - 23.6438395490965)) ; sqrt(Abs(i))
5925,0.014811705579774964,B0*s + 2*i ; B1 + i,2*i + 2.10554010370445*s ; i + 1.19228280034519
5926,0.01180850295990885,s + sqrt(Abs(B0 + 2*s)) ; B1*i + r,s + sqrt(Abs(2*s + 0.63263635646957)) ; 0.42095806616744*i + r
5927,0.011721392995504815,B0*i + B1*i**2 ; sqrt(Abs(B2 + i)),0.0282525865981253*i**2 + 0.0698392923846164*i ; sqrt(Abs(i + 3.95190232954387))
5928,0.011678634702608532,sqrt(Abs(B0 - i)) ; sqrt(Abs(B1 + B2*i)),sqrt(Abs(i - 0.0447763417045873)) ; sqrt(Abs(0.0172812500295376*i + 0.0243252366455954))
5929,0.009708776994812835,B0 + B1*i + B2*i**2 + B2*i*s ; sqrt(Abs(i)),0.0232694138936528*i**2 + 0.0232694138936528*i*s + 0.0378247576657658*i + 0.162676834745646 ; sqrt(Abs(i))
5930,0.008502462172999383,s + Abs(i)**(3/8) ; r,s + Abs(i)**(3/8) ; r
5931,0.00401836863516602,B0*i**3 ; sqrt(Abs(B1 + i)),-0.114685809290601*i**3 ; sqrt(Abs(i + 1.1704367555583))
5932,0.0019657696576698266,Abs(i)**(3/2)*Abs(s)**(1/8) ; B0*r + sqrt(Abs(B1 - r)),Abs(i)**(3/2)*Abs(s)**(1/8) ; -0.346794678697*r + sqrt(Abs(r - 0.404696829812596))
5933,0.0016559583828641062,Abs(i)**(3/2) ; sqrt(Abs(B0 + i)),Abs(i)**(3/2) ; sqrt(Abs(i + 0.336054758764499))
5934,0.0007097011400422457,s + sqrt(Abs(i)) ; sqrt(Abs(i + r)),s + sqrt(Abs(i)) ; sqrt(Abs(i + r))
5935,0.0006724824267425103,sqrt(Abs(B0 - i)) ; B1 + r,sqrt(Abs(i + 99.9999986443668)) ; r + 283.850946579953
5936,0.0006530074261685308,s + sqrt(Abs(2*i - s**2)) ; sqrt(Abs(B0*r + B1*i*r)),s + sqrt(Abs(2*i - s**2)) ; sqrt(Abs(0.036172758910319*i*r + 0.00220895261174736*r))
5937,0.0006263352938515994,sqrt(Abs(B0 + B1*sqrt(Abs(s)) + i)) ; B2 + B3*i,sqrt(Abs(i - 0.000189395566539119*sqrt(Abs(s)) + 100.000380683934)) ; 225.538520244809 - 73.0419685228985*i
5938,0.0003381961487105166,sqrt(Abs(B0 - i + sqrt(Abs(B1 - i + s)))) ; B2*sqrt(Abs(i)),sqrt(Abs(i - sqrt(Abs(-i + s + 33272.5582164823)) + 282.675536939209)) ; 3211.46778306653*sqrt(Abs(i))
5939,0.00029911568085718267,sqrt(Abs(i)) ; B0*i + B1*r - i**2,sqrt(Abs(i)) ; -i**2 + 3.50606642353697*i + 0.0123446549876221*r
5940,0.0002449055468180567,sqrt(Abs(B0 - i)) ; sqrt(Abs(B1*r + B2)),sqrt(Abs(i - 1.11051903712079)) ; sqrt(Abs(0.000805946343160485*r - 0.0393009613732865))
5941,0.00023008078839262052,B0*i + B1*i*s + i**2 ; sqrt(Abs(i)),i**2 + 0.263891967872157*i*s - 2.75130669548213*i ; sqrt(Abs(i))
5942,0.00020967667726225653,sqrt(Abs(B0 - sqrt(Abs(i)))) ; sqrt(Abs(i)),sqrt(Abs(sqrt(Abs(i)) - 0.167938746583964)) ; sqrt(Abs(i))
5943,0.00010875514197211356,B0*i - i*Abs(s)**(1/4) ; sqrt(Abs(i)),-i*Abs(s)**(1/4) - 2.91958333269131*i ; sqrt(Abs(i))
5944,9.306229455273921e-05,sqrt(Abs(B0*i**2 + i**3)) ; B1 - i - sqrt(Abs(i + r)),sqrt(Abs(i**3 - 8.60759932079979*i**2)) ; -i - sqrt(Abs(i + r)) + 1.96980849054233
5945,6.0119439626536955e-05,sqrt(Abs(B0 - Abs(i)**(1/8))) ; B1*sqrt(Abs(r)),sqrt(Abs(Abs(i)**(1/8) - 1.34562771309059)) ; 0.0129145608949327*sqrt(Abs(r))
5946,4.1291177425979285e-05,sqrt(Abs(B0 - sqrt(2)*i)) ; sqrt(Abs(B1 + i)),sqrt(Abs(sqrt(2)*i + 0.117897849226277)) ; sqrt(Abs(i + 0.130166408103767))
5947,2.5586941459182323e-05,s + sqrt(Abs(B0 - i)) ; sqrt(Abs(i)),s + sqrt(Abs(i - 0.133104369592466)) ; sqrt(Abs(i))
5948,2.227917233612594e-05,s + Abs(s)**(1/4) + sqrt(Abs(s)) ; sqrt(Abs(i + r)),s + Abs(s)**(1/4) + sqrt(Abs(s)) ; sqrt(Abs(i + r))
5949,1.4675424598060585e-05,sqrt(Abs(B0 - sqrt(Abs(i)))) ; sqrt(Abs(i**2 + Abs(i)**(3/2))),sqrt(Abs(sqrt(Abs(i)) - 0.350456515490912)) ; sqrt(Abs(i**2 + Abs(i)**(3/2)))
5950,1.3853489939075578e-05,sqrt(Abs(B0 - Abs(s)**(1/8))) ; sqrt(Abs(i))*Abs(r)**(1/4),sqrt(Abs(Abs(s)**(1/8) - 1.33917183020363)) ; sqrt(Abs(i))*Abs(r)**(1/4)
5951,8.255092652779061e-06,-i*s + i - s ; i - r,-i*s + i - s ; i - r
5952,2.49682495849634e-06,B0 - i*s + 2*i - s ; i - r,-i*s + 2*i - s + 0.143562902636352 ; i - r
5953,1.4569001094133227e-06,sqrt(Abs(B0 - i)) ; B1*i,sqrt(Abs(i - 0.19367821681566)) ; 1.5800752610499*i
5954,7.446716076829387e-07,sqrt(Abs(B0 + i)) ; B1*sqrt(Abs(r)) + i,sqrt(Abs(i - 0.505227921215623)) ; i - 0.0516843326836403*sqrt(Abs(r))
5955,6.70902923416011e-07,B0 + B1*s - 2*i ; sqrt(Abs(i)),-2*i - 0.0306235415489504*s + 0.121207486375792 ; sqrt(Abs(i))
5956,5.663060146371716e-07,B0 + B1*s - i ; sqrt(Abs(i)),-i - 0.0136242185910075*s + 0.203875599622728 ; sqrt(Abs(i))
5957,4.100823308271367e-07,i*sqrt(Abs(B0*s - s**2)) ; B1 + B2*i,i*sqrt(Abs(s**2 - 6.61917224562886e-5*s)) ; 3.91757248731827*i + 0.00410299741546328
5958,3.674683129174488e-07,i*s + 2*i*sqrt(Abs(s)) ; B0*sqrt(Abs(i)),i*s + 2*i*sqrt(Abs(s)) ; 0.105014122836584*sqrt(Abs(i))
5959,3.653784389419074e-07,sqrt(Abs(B0*i*s + B1*s**2 - i)) ; B2*i**3*r + B2*i**2*r**2,sqrt(Abs(1.18558907758614*i*s + i + 1.19419737635266*s**2)) ; 1.68379061986529*i**3*r + 1.68379061986529*i**2*r**2
5960,3.652559178874538e-07,sqrt(Abs(i**4 + i**3*s)) ; B0 - i,sqrt(Abs(i**4 + i**3*s)) ; 0.0303978076585921 - i
5961,3.056640324606191e-07,B0*i**2 ; sqrt(Abs(i)),24.8033446633843*i**2 ; sqrt(Abs(i))
5962,1.145498576405604e-07,i**2 + 2*i*s + Abs(i)**(3/2) ; r**2,i**2 + 2*i*s + Abs(i)**(3/2) ; r**2
5963,7.578917555227775e-08,B0*i**2 + i**4 + i**3*s ; sqrt(Abs(i**3 - i**2 + i)),i**4 + i**3*s + 26.9266887673373*i**2 ; sqrt(Abs(i**3 - i**2 + i))
5964,7.495675787624823e-08,i*s + 2*i*sqrt(Abs(s)) ; B0*r*sqrt(Abs(i)),i*s + 2*i*sqrt(Abs(s)) ; 0.000112174302872386*r*sqrt(Abs(i))
5965,7.495675787624823e-08,i*s + 2*i*sqrt(Abs(s)) ; B0*i*sqrt(Abs(r)),i*s + 2*i*sqrt(Abs(s)) ; 2.00404848677081*i*sqrt(Abs(r))
5966,2.4411818753087106e-08,B0 + B1*s - i ; B2 + B3*i + r,-i + 4.50759723910894*s - 2.74272922648153 ; -0.380895871510952*i + r + 10.3063168470613
5967,9.106800250150208e-09,sqrt(Abs(i)) ; B0*i**2,sqrt(Abs(i)) ; 18.1416039705104*i**2
5968,2.181214886050581e-09,Abs(i)**(9/8) ; sqrt(Abs(B0*Abs(r)**(1/4) + i)),Abs(i)**(9/8) ; sqrt(Abs(i + 0.264102729083517*Abs(r)**(1/4)))
5969,8.293205502343111e-10,B0*sqrt(Abs(i)) + 2*Abs(i)**(3/2) ; B1*Abs(i)**(1/4) - i,2*Abs(i)**(3/2) + 0.100600613351219*sqrt(Abs(i)) ; -i + 0.106057269857698*Abs(i)**(1/4)
5970,1.0235763151166409e-10,B0*i - i*sqrt(Abs(s)) ; B1 + sqrt(Abs(B2 - i)),-i*sqrt(Abs(s)) - 0.0118949888367996*i ; sqrt(Abs(i + 0.0118432100206236)) - 0.00984709792614226
5971,6.749779932287481e-15,sqrt(Abs(B0 - Abs(s)**(1/4))) ; i,sqrt(Abs(Abs(s)**(1/4) - 2.03984879895095)) ; i
5972,6.748341170052611e-15,sqrt(Abs(B0 - Abs(s)**(1/4))) ; sqrt(Abs(i)),sqrt(Abs(Abs(s)**(1/4) - 2.03984879374071)) ; sqrt(Abs(i))
5973,6.7478602269705145e-15,sqrt(Abs(B0 - Abs(s)**(1/4))) ; sqrt(Abs(r)),sqrt(Abs(Abs(s)**(1/4) - 2.03984879084946)) ; sqrt(Abs(r))
5974,6.518459300189609e-15,i*sqrt(Abs(B0*i + B1)) ; B2 + r,i*sqrt(Abs(9.81857913510747e-5*i + 0.00981853170012873)) ; r + 0.394401162137099
5975,3.5993686852539306e-15,B0*sqrt(Abs(i)) - Abs(i)**(3/2) ; Abs(i)**(1/4),-Abs(i)**(3/2) + 2.32406712589712*sqrt(Abs(i)) ; Abs(i)**(1/4)
5976,1.2150994427411292e-15,sqrt(Abs(B0 - sqrt(Abs(i)))) ; sqrt(Abs(i))*Abs(B1*r + i)**(1/4),sqrt(Abs(sqrt(Abs(i)) - 0.775782015904263)) ; sqrt(Abs(i))*Abs(i - 0.0378026163339794*r)**(1/4)
5977,4.250917776673484e-16,B0*i**2 ; sqrt(Abs(B1 + i)),4.28502697071089e-5*i**2 ; sqrt(Abs(i - 48841.2697143827))
5978,1.0752942578516592e-17,B0*i*s + i**2*s + i**2 ; r*sqrt(Abs(i)),i**2*s + i**2 + 0.878838083781874*i*s ; r*sqrt(Abs(i))
5979,1.3178267824469694e-18,sqrt(Abs(B0 - Abs(i)**(1/4)*Abs(s)**(1/4))) ; Abs(i)**(3/4),sqrt(Abs(Abs(i)**(1/4)*Abs(s)**(1/4) - 1.68219607729125)) ; Abs(i)**(3/4)
5980,5.058034760545936e-19,B0*s + 2*i*s - s**2 ; B1*r,2*i*s - s**2 + 1.72841675698105*s ; 35.6760322489452*r
5981,4.692751426102672e-19,B0 + i + s ; B1 + 2*r,i + s + 94.9857317439004 ; 2*r + 329.379680864744
5982,1.532733010676077e-19,s - sqrt(Abs(i)) ; B0 + r,s - sqrt(Abs(i)) ; r + 0.656418653349162
5983,8.641575089968753e-20,-i**3 + i - s ; B0 + B1*r,-i**3 + i - s ; 0.000170532357247734*r + 0.000631854213142554
5984,1.1565773265309758e-20,sqrt(Abs(B0 + B1*i + 2*s)) ; Abs(B2 + B3*i + B3*r)**(1/4),sqrt(Abs(3.27949590643365*i + 2*s - 3.07513368668374)) ; Abs(9.26463513184046e-5*i + 9.26463513184046e-5*r - 0.00344248406117849)**(1/4)
5985,1.0471194971629725e-20,B0 + sqrt(Abs(i)) ; sqrt(Abs(B1*r + i - r**2)),sqrt(Abs(i)) - 9.92998023959593 ; sqrt(Abs(i - r**2 + 901384.047115845*r))
5986,9.630314451583835e-21,B0 + sqrt(Abs(i)) ; B1*r + i - r**2,sqrt(Abs(i)) - 9.93535200426015 ; i - r**2 + 34617.8799865568*r
5987,3.3474656137354232e-22,sqrt(Abs(B0*s + i)) ; B1*r,sqrt(Abs(i + 1.03700382517085*s)) ; 0.000593318093380239*r
5988,3.241786164516538e-22,i**2*s ; B0 - i - r,i**2*s ; -i - r + 0.741074896731513
5989,6.158430407018911e-24,B0*s - i ; sqrt(Abs(i)),-i - 0.0197778448037783*s ; sqrt(Abs(i))
5990,4.985330484655875e-24,i ; B0*i - sqrt(Abs(i - r)),i ; 21.5514068628167*i - sqrt(Abs(i - r))
5991,1.3004690234722698e-24,B0 + B1*i - s ; B2 - sqrt(Abs(i)),-3.35542027539974*i - s - 9.79965318596829 ; 1.9955922410748 - sqrt(Abs(i))
5992,1.3191349449777128e-25,sqrt(Abs(B0 - i)) ; sqrt(Abs(B1*r + B2*i)),sqrt(Abs(i - 1.30647931287652)) ; sqrt(Abs(1.2850911790176*i - 0.0491255499818732*r))
5993,4.9775373163669235e-26,s - sqrt(Abs(i)) ; B0 + 2*r,s - sqrt(Abs(i)) ; 2*r + 0.654171371442543
5994,3.285421506470657e-26,B0*s + i*s - 2*s**2 ; B1*i + B1*sqrt(Abs(i)),i*s - 2*s**2 + 2.84725367349136*s ; 0.00068078624179092*i + 0.00068078624179092*sqrt(Abs(i))
5995,9.616548340837504e-27,B0*i + B1*i**2 ; Abs(i)**(1/4),6.11743588041615*i**2 - 1.77998215891285*i ; Abs(i)**(1/4)
5996,1.0333976877193505e-28,2*i**2*s + 2*i*s ; sqrt(Abs(i))*Abs(r)**(1/4),2*i**2*s + 2*i*s ; sqrt(Abs(i))*Abs(r)**(1/4)
5997,8.592289756182439e-29,Abs(i)**(3/2) ; B0 + B1*r - i,Abs(i)**(3/2) ; -i - 0.00531578248259039*r + 0.0228408876910112
5998,4.436821315594581e-30,B0 + sqrt(Abs(B1 + s)) ; Abs(r)**(1/16),sqrt(Abs(s + 11.4118626095606)) - 0.176747508984893 ; Abs(r)**(1/16)
5999,1.928332236912698e-32,-sqrt(Abs(i)) ; B0*Abs(r)**(3/2) + i,-sqrt(Abs(i)) ; i - 0.00296869725156657*Abs(r)**(3/2)
6000,2.516620255015085e-43,B0*i**2 ; Abs(i)**(1/4),6.55670856167289*i**2 ; Abs(i)**(1/4)
6001,4.304808731278222e-50,sqrt(Abs(B0 - sqrt(Abs(i - s)))) ; B1*sqrt(Abs(i)),sqrt(Abs(sqrt(Abs(i - s)) - 7.76783730053969)) ; 0.00744545186117606*sqrt(Abs(i))
6002,5.1293359708804545e-51,i**2*s + i**2 ; sqrt(Abs(B0*i*r**2 - i**2*r)),i**2*s + i**2 ; sqrt(Abs(i**2*r - 0.000383574033238161*i*r**2))
6003,4.032115681736683e-51,B0 - i + 2*s ; Abs(B1 + B2*i)**(1/4),-i + 2*s - 1.20715792339682 ; Abs(82.3073977865777*i - 0.684187198062074)**(1/4)
6004,2.974442982969551e-51,-i + Abs(i + s)**(1/8) ; Abs(i)**(3/4),-i + Abs(i + s)**(1/8) ; Abs(i)**(3/4)
6005,3.065706259687612e-53,sqrt(Abs(i - sqrt(Abs(B0 - i + s**2)))) ; -r + sqrt(Abs(r)),sqrt(Abs(i - sqrt(Abs(-i + s**2 + 82.7125616104139)))) ; -r + sqrt(Abs(r))
6006,1.9113678387966223e-53,B0 + B1*s + i ; Abs(B2 + r)**(1/4),i + 2.78818624830204*s - 2.58296885273043 ; Abs(r + 0.617843745417976)**(1/4)
6007,5.104693449194842e-61,B0 - i + 2*s ; B1*r + B2*i*r,-i + 2*s + 46.8270959846865 ; 17.1718584547078*i*r + 0.0214652800553227*r
6008,1.4301384127483902e-65,B0*i + B1*i*sqrt(Abs(s)) + B2*i*s ; B3 - i + r,0.0255471210781678*i*s + 0.129839917806091*i*sqrt(Abs(s)) - 0.465715309203054*i ; -i + r - 236.246209951789
6009,2.5949176378270553e-72,Abs(i)**(3/2) ; B0*sqrt(Abs(i)) + B1*r - i,Abs(i)**(3/2) ; -i - 0.00495687174162277*r + 0.189975481618274*sqrt(Abs(i))
6010,6.864138770707792e-73,B0 + i**2 ; B1 - i,i**2 + 0.0248168417462313 ; 0.0452168421938564 - i
6011,1.6884153381772546e-81,B0*i + B1*i*s**2 ; sqrt(Abs(B2*r + B3)),-0.000715074213648363*i*s**2 + 0.450114977400704*i ; sqrt(Abs(0.120641363916323*r - 0.107581565615082))
6012,1.3123416726567617e-82,Abs(i)**(3/2) ; B0 + B2*sqrt(Abs(B1 + r)) - i,Abs(i)**(3/2) ; -i + 0.00273378294877549*sqrt(Abs(r + 2.16622135906489)) + 0.0188026852671865
6013,1.5618533851923411e-83,sqrt(Abs(B0 + B1*s + i)) ; sqrt(Abs(i - r + sqrt(Abs(i)))),sqrt(Abs(i + 0.450969816324997*s - 1.56488757600641)) ; sqrt(Abs(i - r + sqrt(Abs(i))))
6014,1.5006395626313217e-84,sqrt(Abs(i)) ; i,sqrt(Abs(i)) ; i
6015,1.426754837939207e-84,i**2 ; sqrt(Abs(i)),i**2 ; sqrt(Abs(i))
6016,1.2144665407089097e-84,sqrt(Abs(B0 - sqrt(Abs(i)))) ; sqrt(Abs(i*r - r**2)),sqrt(Abs(sqrt(Abs(i)) - 6.49270652954047)) ; sqrt(Abs(i*r - r**2))
6017,7.935103215094255e-85,sqrt(Abs(B0 - sqrt(Abs(i)))) ; B1*r**2,sqrt(Abs(sqrt(Abs(i)) - 6.39297594250513)) ; 28.1018139532666*r**2
6018,7.421033415688152e-85,sqrt(Abs(B0 - sqrt(Abs(i)))) ; B1*sqrt(Abs(i))*sqrt(Abs(r)),sqrt(Abs(sqrt(Abs(i)) - 6.59611197470194)) ; 0.436648985187506*sqrt(Abs(i))*sqrt(Abs(r))
6019,6.885544930627484e-85,sqrt(Abs(i)) ; Abs(i)**(1/8),sqrt(Abs(i)) ; Abs(i)**(1/8)
6020,4.875236706241437e-85,Abs(i)**(17/16) ; Abs(i)**(1/4),Abs(i)**(17/16) ; Abs(i)**(1/4)
6021,4.81236522305203e-85,sqrt(Abs(B0 - sqrt(Abs(i)))) ; Abs(i)**(3/4)*sqrt(Abs(r)),sqrt(Abs(sqrt(Abs(i)) - 6.69101682304974)) ; Abs(i)**(3/4)*sqrt(Abs(r))
6022,4.8102074872423703e-85,sqrt(Abs(B0 - sqrt(Abs(i)))) ; B1*sqrt(Abs(r)),sqrt(Abs(sqrt(Abs(i)) - 6.69101681139723)) ; 0.2163309952261*sqrt(Abs(r))
6023,4.8075004793595383e-85,sqrt(Abs(B0 - sqrt(Abs(i)))) ; r,sqrt(Abs(sqrt(Abs(i)) - 6.69101678252714)) ; r
6024,4.7629697885215675e-85,sqrt(Abs(B0 - sqrt(Abs(i)))) ; sqrt(Abs(i))*Abs(r)**(1/4),sqrt(Abs(sqrt(Abs(i)) - 6.6910168332466)) ; sqrt(Abs(i))*Abs(r)**(1/4)
6025,4.4478933894763984e-85,Abs(i)**(3/2) ; B0 - i + sqrt(Abs(B2 + sqrt(Abs(B1 + r)))),Abs(i)**(3/2) ; -i + sqrt(sqrt(Abs(r + 4114.80958594816)) + 4081.8359069121) - 64.3664525572923
6026,4.43787790494069e-85,Abs(i)**(9/8) ; Abs(i)**(1/4),Abs(i)**(9/8) ; Abs(i)**(1/4)
6027,4.176723104587321e-85,sqrt(Abs(B0 - sqrt(Abs(i + sqrt(Abs(s)))))) ; Abs(r)**(3/4),sqrt(Abs(sqrt(Abs(i + sqrt(Abs(s)))) - 7.06048663637869)) ; Abs(r)**(3/4)
6028,3.6325337389484333e-85,Abs(i)**(5/4) ; Abs(i)**(1/4),Abs(i)**(5/4) ; Abs(i)**(1/4)
6029,1.9214428702879654e-85,i**2 ; Abs(i)**(1/4),i**2 ; Abs(i)**(1/4)
6030,1.0602821352821443e-85,Abs(i)**(3/2) ; B0 + sqrt(Abs(i - sqrt(Abs(B1*i + B1*r)))),Abs(i)**(3/2) ; sqrt(Abs(i - sqrt(Abs(7.86604965257483e-11*i + 7.86604965257483e-11*r)))) + 0.00557306911012604
6031,3.80078198940771e-86,sqrt(Abs(B0 - sqrt(Abs(i**2 + i*s)))) ; B1*sqrt(Abs(i))*sqrt(Abs(r)),sqrt(Abs(sqrt(Abs(i**2 + i*s)) - 6.19228928712132)) ; 0.000616289597900732*sqrt(Abs(i))*sqrt(Abs(r))
6032,1.8446608172772072e-86,sqrt(Abs(B0 - sqrt(Abs(s)))) ; Abs(B1 - r)**(1/4),sqrt(Abs(sqrt(Abs(s)) - 6.6285775779881)) ; Abs(r - 0.0161942737669295)**(1/4)
6033,1.5944734120676832e-86,sqrt(Abs(B0 - sqrt(Abs(s)))) ; B1*Abs(r)**(1/4),sqrt(Abs(sqrt(Abs(s)) - 6.32930192570756)) ; 0.0132424075219527*Abs(r)**(1/4)
6034,1.4469405139085532e-86,sqrt(Abs(B0 - sqrt(Abs(s)))) ; B1*sqrt(Abs(i)),sqrt(Abs(sqrt(Abs(s)) - 6.45222442252393)) ; 25.9519299238456*sqrt(Abs(i))
6035,1.3454271143567085e-86,sqrt(Abs(B0 - sqrt(Abs(s)))) ; sqrt(Abs(B1 + r)),sqrt(Abs(sqrt(Abs(s)) - 6.55180185385081)) ; sqrt(Abs(r + 4.58661750975099))
6036,1.268357989278712e-86,sqrt(Abs(B0 - sqrt(Abs(s)))) ; sqrt(Abs(B1 + B3*sqrt(Abs(B2 + sqrt(Abs(i)))))),sqrt(Abs(sqrt(Abs(s)) - 6.6285774246831)) ; sqrt(14.7463956946653*sqrt(sqrt(Abs(i)) + 22.2207959708554) + 0.0203066717883283)
6037,1.1564721165200753e-86,sqrt(Abs(B0 - sqrt(Abs(s)))) ; B1*sqrt(Abs(r)),sqrt(Abs(sqrt(Abs(s)) - 6.45335424692309)) ; 67.8763124152823*sqrt(Abs(r))
6038,9.945889866782853e-87,sqrt(Abs(B0 - sqrt(Abs(s)))) ; sqrt(Abs(B1 + B2*r + B3*i - i*r)),sqrt(Abs(sqrt(Abs(s)) - 6.55292337809993)) ; sqrt(Abs(-i*r + 0.000908300581172338*i + 8.28385242450482*r + 0.000124769083680413))
6039,9.452063578490999e-87,sqrt(Abs(B0 - sqrt(Abs(s)))) ; sqrt(Abs(i))*Abs(B1 - r)**(1/4),sqrt(Abs(sqrt(Abs(s)) - 6.45672187795774)) ; sqrt(Abs(i))*Abs(r - 32.2491193472957)**(1/4)
6040,8.718728508751779e-87,sqrt(Abs(B0 - sqrt(Abs(s)))) ; B1 + r,sqrt(Abs(sqrt(Abs(s)) - 6.35186463938316)) ; r + 46.0102817924656
6041,8.683643727641667e-87,sqrt(Abs(B0 - sqrt(Abs(s)))) ; sqrt(Abs(B1 + B2*i)),sqrt(Abs(sqrt(Abs(s)) - 6.35186442813251)) ; sqrt(Abs(5.70717754779465*i + 1.09474028488515))
6042,6.639203035964172e-87,sqrt(Abs(B0 - sqrt(Abs(s - sqrt(Abs(s)))))) ; sqrt(Abs(B1 + B2*i + i*r)),sqrt(Abs(sqrt(Abs(s - sqrt(Abs(s)))) - 7.02129442109182)) ; sqrt(Abs(i*r + 4.86425971936196*i + 31.1467519891019))
6043,2.908935728824992e-87,sqrt(Abs(B0 - sqrt(Abs(s)))) ; Abs(r)**(1/4),sqrt(Abs(sqrt(Abs(s)) - 6.25069683857325)) ; Abs(r)**(1/4)
6044,2.8778452588879456e-87,sqrt(Abs(B0 - sqrt(Abs(s)))) ; sqrt(Abs(i))*Abs(r)**(1/4),sqrt(Abs(sqrt(Abs(s)) - 6.25069685498094)) ; sqrt(Abs(i))*Abs(r)**(1/4)
6045,1.6231422475435763e-87,sqrt(Abs(B0 - sqrt(Abs(i)))) ; sqrt(Abs(i))*Abs(i - 2*r)**(1/4),sqrt(Abs(sqrt(Abs(i)) - 0.0204898986780943)) ; sqrt(Abs(i))*Abs(i - 2*r)**(1/4)
6046,1.2941039898348272e-93,B0*i**2 + B1*s + B2*i*s ; B3 + sqrt(Abs(i)),2.42117350324944*i**2 + 0.0566464696953491*i*s - 0.00536013818628821*s ; sqrt(Abs(i)) + 0.539560811182664
6047,4.171986113041106e-95,sqrt(Abs(B0 - sqrt(Abs(i + sqrt(Abs(s)))))) ; sqrt(Abs(r)),sqrt(Abs(sqrt(Abs(i + sqrt(Abs(s)))) - 6.17265799485936)) ; sqrt(Abs(r))
6048,2.5405332475322938e-95,sqrt(Abs(B0 + i)) ; B1*sqrt(Abs(i)) + B2*r,sqrt(Abs(i - 0.101010615926854)) ; -0.0292533865289753*r + 1.28814358707128*sqrt(Abs(i))
6049,1.6798628896038585e-102,B0*s + 2*i ; B1*sqrt(Abs(r)) + i,2*i + 1.28794932113023*s ; i + 3.54022506543768*sqrt(Abs(r))
6050,1.654262777165302e-104,B0 + B1*i*s**2 - i ; Abs(B2 - r)**(1/4),0.000247705018515151*i*s**2 - i - 3.15333423689927 ; Abs(r - 26.980790189518)**(1/4)
6051,2.5580405594415903e-109,B0*i + B1*i**2 + B2*s ; Abs(B3 + i - sqrt(Abs(r)))**(1/4),-0.0384567356456237*i**2 - 1.96468964729213*i - 0.256531102418625*s ; Abs(i - sqrt(Abs(r)) + 0.172946113057337)**(1/4)
6052,1.060579118579799e-110,Abs(B0 + i)**(1/4) ; i + r,Abs(i + 99.3374203428789)**(1/4) ; i + r
6053,5.399190062911571e-122,sqrt(Abs(B0 - sqrt(Abs(i))*sqrt(Abs(s)))) ; B1*Abs(i - r)**(1/4),sqrt(Abs(sqrt(Abs(i))*sqrt(Abs(s)) - 25.4826808750511)) ; 0.340895143707184*Abs(i - r)**(1/4)
6054,1.9647919860398763e-123,B0 + 3*s ; 2*i,3*s + 22.2158146332879 ; 2*i
6055,8.130049399587951e-128,B0 + B1*i - s ; B2 + i - r - sqrt(Abs(i)),-1.92811269978016*i - s - 18.2550817921797 ; i - r - sqrt(Abs(i)) + 30.231733903623
6056,4.792327749902583e-130,Abs(i)**(3/2) ; B0*r + B0*sqrt(Abs(B1 + r)) - i,Abs(i)**(3/2) ; -i + 4.33674690859856e-6*r + 4.33674690859856e-6*sqrt(Abs(r + 463965033.707225))
6057,4.755773129816899e-133,Abs(i)**(3/2) ; B0*r + B0*sqrt(Abs(B1 + i)) - i,Abs(i)**(3/2) ; -i + 0.000320972635284609*r + 0.000320972635284609*sqrt(Abs(i + 69031.9325407375))
6058,1.5981407114132892e-136,sqrt(Abs(B0 - sqrt(Abs(i - s)))) ; sqrt(Abs(i*r**2 + r**3 - r**2*sqrt(Abs(i)))),sqrt(Abs(sqrt(Abs(i - s)) - 10.1228667295344)) ; sqrt(Abs(i*r**2 + r**3 - r**2*sqrt(Abs(i))))
6059,3.50635032158448e-139,sqrt(Abs(B0 - 2**(1/4)*Abs(s)**(1/4))) ; sqrt(Abs(i)),sqrt(Abs(2**(1/4)*Abs(s)**(1/4) - 1.08864117335928)) ; sqrt(Abs(i))
6060,1.7455208938567318e-142,B0 + B1*s + i ; sqrt(Abs(i)),i + 2.7650521326582*s - 0.621725542901837 ; sqrt(Abs(i))
6061,1.6916294935756943e-143,B0*s + i ; sqrt(Abs(i)),i + 2.76738058182177*s ; sqrt(Abs(i))
6062,2.9462700087662526e-146,B0*i*s - i ; B1 + i + r,-0.0364069038882227*i*s - i ; i + r + 0.000554334213564337
6063,1.263980442429407e-146,B0 + i**2 ; B1 + B2*sqrt(Abs(i + sqrt(Abs(i)))),i**2 + 0.357896726429745 ; 1.36928377075351*sqrt(Abs(i + sqrt(Abs(i)))) + 1.12224632287237
6064,6.667219111777634e-150,sqrt(Abs(B0 - sqrt(Abs(B1 + i)))) ; B2*Abs(i - 2*r)**(1/4),sqrt(Abs(sqrt(Abs(i + 63.5527391596906)) - 4.22298092458805)) ; 7.28305737401269*Abs(i - 2*r)**(1/4)
6065,7.424412657323637e-152,B0 + B1*s**2 + i ; B2 + B3*i + B3*r,i - 0.0304875127549376*s**2 + 3.19377232688728 ; -0.101262856805156*i - 0.101262856805156*r + 2.78233455037409
6066,2.3539148403467635e-155,sqrt(Abs(B0 - sqrt(Abs(i - sqrt(Abs(i)))))) ; sqrt(Abs(i - r)),sqrt(Abs(sqrt(Abs(i - sqrt(Abs(i)))) - 6.1069922653214)) ; sqrt(Abs(i - r))
6067,3.050060407712116e-162,sqrt(Abs(B0 - i*sqrt(Abs(s)))) ; sqrt(Abs(B1 + B2*r)),sqrt(Abs(i*sqrt(Abs(s)) - 2.26037726727508)) ; sqrt(Abs(0.00155771714270752*r - 2.22835268757124))
6068,8.357172477239919e-163,B0*i**2*s + i**2 ; B1 + B2*r - i,-0.027550800699562*i**2*s + i**2 ; -i + 0.00432101876846993*r + 0.424622645895125
6069,1.0131887964255945e-165,sqrt(Abs(B0 - sqrt(Abs(i))*sqrt(Abs(s)))) ; B1*sqrt(Abs(i)),sqrt(Abs(sqrt(Abs(i))*sqrt(Abs(s)) - 35.4931575612084)) ; 0.0588322248105109*sqrt(Abs(i))
6070,2.3754765460597003e-166,B0 - i ; Abs(B1 + r)**(1/8),1.28788845622305 - i ; Abs(r - 13.9625947224507)**(1/8)
6071,3.656962652634603e-167,B0 + B1*i + B2*i**2 ; B3 + Abs(r)**(3/4),-1.55234251949923e-5*i**2 - 0.0014851185042358*i + 1.51487591584744 ; Abs(r)**(3/4) + 0.169240752103715
6072,1.9675469260462874e-167,sqrt(Abs(B0 - sqrt(Abs(i + s)))) ; sqrt(Abs(i - r)),sqrt(Abs(sqrt(Abs(i + s)) - 6.35585028311328)) ; sqrt(Abs(i - r))
6073,5.760656757376617e-170,B0*sqrt(Abs(i)) + B1*Abs(i)**(3/2) ; -i + 2*r,-0.00435808979067579*Abs(i)**(3/2) + 0.589083616930485*sqrt(Abs(i)) ; -i + 2*r
6074,3.299018812914404e-172,B0*s + 2*Abs(s)**(3/2) ; B1*sqrt(Abs(r)),-8.54851649691955*s + 2*Abs(s)**(3/2) ; 52.2149371030736*sqrt(Abs(r))
6075,4.584744602786017e-175,B0 + i**2 ; B1 + i**2,i**2 + 1.58363239149912 ; i**2 + 1.58415351423188
6076,1.894708786493407e-175,Abs(i)**(1/8) ; r,Abs(i)**(1/8) ; r
6077,1.7846025392451708e-180,Abs(i)**(3/2) ; B0 - i,Abs(i)**(3/2) ; 0.25672073654011 - i
6078,8.917910316652029e-181,B0 + B1*i**2 ; sqrt(Abs(B2 - i - r + sqrt(Abs(i)))),1.66513079860522 - 4.32611893012574e-6*i**2 ; sqrt(Abs(i + r - sqrt(Abs(i)) - 37.8172891333999))
6079,8.660390333250823e-181,B0 + B1*i**2 ; i + r + sqrt(Abs(B2 + r)),1.64528380500447 - 1.17328513396955e-6*i**2 ; i + r + sqrt(Abs(r - 17.9076550168737))
6080,4.269395927294552e-183,-2*i ; -sqrt(Abs(i)) + Abs(r)**(1/4),-2*i ; -sqrt(Abs(i)) + Abs(r)**(1/4)
6081,5.730925359280108e-185,B0 - sqrt(Abs(i)) + sqrt(Abs(s)) ; sqrt(Abs(i + r)),-sqrt(Abs(i)) + sqrt(Abs(s)) + 0.599447924162732 ; sqrt(Abs(i + r))
6082,2.01072065371692e-189,B0 + B1*sqrt(Abs(s)) + B2*s + Abs(s)**(3/2) ; i,2.05195527041853*s + Abs(s)**(3/2) + 1.75595172698256*sqrt(Abs(s)) - 4.3511018932003 ; i
6083,3.3016859482504525e-194,-i + Abs(B0*s - i)**(1/4) ; sqrt(Abs(i + sqrt(Abs(i))*sqrt(Abs(r)))),-i + Abs(i - 0.454087642689609*s)**(1/4) ; sqrt(Abs(i + sqrt(Abs(i))*sqrt(Abs(r))))
6084,7.304273913393794e-197,B0*i + B1*i**2 ; sqrt(Abs(B2 + r)),-0.000514223047402302*i**2 - 0.0692340747495063*i ; sqrt(Abs(r - 10865.7430899553))
6085,4.950565852127208e-202,-i - sqrt(Abs(s)) ; B0 + sqrt(Abs(B1*sqrt(Abs(r)) + i)),-i - sqrt(Abs(s)) ; sqrt(Abs(i + 1.17793702602931*sqrt(Abs(r)))) + 1.63061847376159
6086,7.527792075728933e-203,i**2 ; i + Abs(B0 - 2*r)**(1/4),i**2 ; i + Abs(2*r - 52.5415262683766)**(1/4)
6087,6.016103350157505e-208,B0 + B1*i**2 + B1*s ; sqrt(Abs(B2 + r)),-3.84999039289036e-6*i**2 - 3.84999039289036e-6*s + 1.90637204905505 ; sqrt(Abs(r + 0.0325921379191492))
6088,3.6777187782074366e-219,Abs(B0 + i + s)**(1/4) ; B1*sqrt(Abs(i)) + r,Abs(i + s + 0.214862434853513)**(1/4) ; r - 6.02213334832468e-11*sqrt(Abs(i))
6089,2.0015216954413333e-224,i**2 + i*s ; B0*i + B0*sqrt(Abs(r)),i**2 + i*s ; 0.0221379086863702*i + 0.0221379086863702*sqrt(Abs(r))
6090,5.58054422109254e-225,Abs(i)**(3/2) ; B0 + B1*Abs(i)**(1/4) - i,Abs(i)**(3/2) ; -i - 6.50665641569795*Abs(i)**(1/4) + 7.76299915883176
6091,1.8120831561654363e-231,Abs(i)**(1/4) ; B0 - r,Abs(i)**(1/4) ; 56.3632310576261 - r
6092,1.4944954904344698e-234,Abs(B0 - i)**(1/4) ; B1*r**3 + i*r**3,Abs(i - 56.8776415730783)**(1/4) ; i*r**3 + 70.8982150337117*r**3
6093,7.514269216976737e-238,B0*i*s + B1*i**2*s ; B2 - i*sqrt(Abs(B3 + sqrt(Abs(r)))),0.000735727420461713*i**2*s - 0.0739731221192735*i*s ; -i*sqrt(sqrt(Abs(r)) + 2.15034422477829) - 0.00203361289818474
6094,1.953754897125553e-246,B0*i**2 + B0*i + B1*i*s ; B2 + B3*r + sqrt(Abs(i)),0.924726170485459*i**2 - 0.0316901970326198*i*s + 0.924726170485459*i ; -0.0129927962016623*r + sqrt(Abs(i)) + 1.26406823273526
6095,2.044907249203022e-253,sqrt(Abs(B0 + sqrt(Abs(s)))) ; B1*sqrt(Abs(r)) + r,sqrt(Abs(sqrt(Abs(s)) - 1.0052670928554)) ; r + 8.7775246119234*sqrt(Abs(r))
6096,1.0312248627328048e-253,B0 + sqrt(Abs(i + s - sqrt(Abs(i)))) ; r,sqrt(Abs(i + s - sqrt(Abs(i)))) - 0.016788481239584 ; r
6097,1.243133929840883e-255,sqrt(Abs(i + s - sqrt(Abs(B0 + i)))) ; r,sqrt(Abs(i + s - sqrt(Abs(i - 0.0253688227693596)))) ; r
6098,3.4788303391710238e-258,sqrt(Abs(B0 - sqrt(Abs(i))*sqrt(Abs(s)))) ; sqrt(Abs(i))*Abs(B1 + i)**(1/4),sqrt(Abs(sqrt(Abs(i))*sqrt(Abs(s)) - 5.15306559347348)) ; sqrt(Abs(i))*Abs(i + 0.23108870049003)**(1/4)
6099,3.1816062233292877e-270,Abs(B0*s**2 + i)**(1/4) ; B1 + r*sqrt(Abs(i)) + Abs(i)**(3/2),Abs(i + 0.0123048656898279*s**2)**(1/4) ; r*sqrt(Abs(i)) + Abs(i)**(3/2) - 4.62908401512254
6100,1.4033858201401253e-276,sqrt(Abs(B0 + sqrt(Abs(s)))) ; -r + sqrt(Abs(i)),sqrt(sqrt(Abs(s)) + 0.0232587354651492) ; -r + sqrt(Abs(i))
6101,7.758428002037816e-277,Abs(s)**(1/4) ; i,Abs(s)**(1/4) ; i
6102,7.159048275981402e-277,Abs(s)**(1/4) ; i**2*r*Abs(B0 + i)**(1/4),Abs(s)**(1/4) ; i**2*r*Abs(i + 0.0445927696747321)**(1/4)
6103,3.861957669491188e-279,sqrt(Abs(B0 - Abs(i)**(3/4))) ; B1*Abs(r)**(1/8),sqrt(Abs(Abs(i)**(3/4) - 19.4984715507777)) ; 0.0145374364456379*Abs(r)**(1/8)
6104,3.0818637373320483e-281,-Abs(i)**(1/4) ; r,-Abs(i)**(1/4) ; r
6105,6.559304222636866e-283,Abs(i)**(3/2) ; Abs(i - r)**(1/4),Abs(i)**(3/2) ; Abs(i - r)**(1/4)
6106,3.078122880440371e-283,sqrt(Abs(B0 - Abs(i)**(1/4)*sqrt(Abs(s)))) ; sqrt(Abs(i))*sqrt(Abs(r)),sqrt(Abs(Abs(i)**(1/4)*sqrt(Abs(s)) - 21.6840941996801)) ; sqrt(Abs(i))*sqrt(Abs(r))
6107,7.930445391556605e-286,sqrt(Abs(B0 - Abs(i)**(3/4))) ; sqrt(Abs(B1*sqrt(Abs(i)) + r*sqrt(Abs(i)) - Abs(i)**(3/2))),sqrt(Abs(Abs(i)**(3/4) - 26.3776314627648)) ; sqrt(Abs(r*sqrt(Abs(i)) - Abs(i)**(3/2) + 86.0818806222079*sqrt(Abs(i))))
6108,7.05247653847833e-290,sqrt(Abs(B0 - sqrt(Abs(i))*Abs(s)**(1/4))) ; B1*Abs(r)**(1/4),sqrt(Abs(sqrt(Abs(i))*Abs(s)**(1/4) - 23.5520756124098)) ; 98.3501668913856*Abs(r)**(1/4)
6109,8.26365824372563e-296,B0*i + i**2 ; B1 + sqrt(Abs(B2 + sqrt(Abs(i))*sqrt(Abs(r)))),i**2 - 1.63627407239351*i ; sqrt(sqrt(Abs(i))*sqrt(Abs(r)) + 1.97116359061332) + 0.123395055135034
6110,3.45417798797838e-296,B0*i*s**2 + B0*s**3 + i + s ; B1 + sqrt(Abs(i)),-0.000700975201721494*i*s**2 + i - 0.000700975201721494*s**3 + s ; sqrt(Abs(i)) - 0.0183368557008764
6111,1.3261256156768533e-298,B0 + B1*i + B2*i**2 + B3*i*s ; B4 + r,0.00749002206303444*i**2 - 0.0289670285326657*i*s - 0.107511303651151*i + 0.0453081596883567 ; r + 0.0123962000390132
6112,1.389273687443397e-309,B0 + B1*s + i ; B2 + r,i + 2.90277964134758*s - 12.6592991128852 ; r + 0.0539496551517445
6113,8.9846002086503e-310,B0 + i ; B1 + B2*r,i + 0.223866773856738 ; 297.537378338592 - 154.882183307334*r
6114,2.86718725457944e-310,B0 + i ; B1 + B2*sqrt(Abs(i)),i + 99.8017879887823 ; 192.201085002598*sqrt(Abs(i)) + 311.236775402736
6115,2.80974187234213e-310,B0 + i ; B1 + B2*i + B2*r,i + 99.8029949952918 ; -190.06710106786*i - 190.06710106786*r + 367.461477877662
6116,2.726666797211e-310,B0 + i ; B1 + r*sqrt(Abs(r + sqrt(Abs(i + r)))),i + 99.8017886701061 ; r*sqrt(Abs(r + sqrt(Abs(i + r)))) + 380.123262214488
6117,5.26982e-316,sqrt(Abs(B0 - sqrt(Abs(B1*s + s**2)))) ; sqrt(Abs(B2 + B3*i)),sqrt(Abs(sqrt(Abs(s**2 + 74.7520561156153*s)) - 24.5366509716633)) ; sqrt(Abs(0.00108400604075929*i + 0.00023919267041121))
6118,2.3103e-320,B0*i**2 + B0*i*s ; sqrt(sqrt(Abs(r)) + sqrt(Abs(B1 + i))),0.0380131035197438*i**2 + 0.0380131035197438*i*s ; sqrt(sqrt(Abs(r)) + sqrt(Abs(i + 0.921787200745227)))
6119,0.0,i ; B0 + B1*r**2,i ; 0.0556148868757378 - 26.8581886693158*r**2
6120,0.0,B0 - i*s ; B1 + i + r,-i*s + 0.00487088005273925 ; i + r + 0.00310652478149686
6121,0.0,sqrt(Abs(s)) ; B0 - 2*r,sqrt(Abs(s)) ; 0.00341484836918779 - 2*r
6122,0.0,i ; Abs(B0 + r)**(1/4),i ; Abs(r)**(1/4)
6123,0.0,B0 - s ; B1*i,-s - 0.222378877197981 ; 0.0108200816883518*i
6124,0.0,i - s ; r,i - s ; r
6125,0.0,B0 - s ; B1*r + B1*sqrt(Abs(i - r)),0.543664591871466 - s ; 1.23515391246591*r + 1.23515391246591*sqrt(Abs(i - r))
6126,0.0,B0 + B1*i**2 + i**3 ; sqrt(Abs(i + r - Abs(r)**(1/8))),i**3 - 1.91964493661529*i**2 - 0.769220480563819 ; sqrt(Abs(i + r - Abs(r)**(1/8)))
6127,0.0,B0 - s ; r,0.543353171765182 - s ; r
6128,0.0,B0 - s ; i,0.543353171599187 - s ; i
6129,0.0,B0 - s ; i**2 - i,-s - 0.222477419278413 ; i**2 - i
6130,0.0,-i**2 + i*s - s ; B0 - r,-i**2 + i*s - s ; 0.642056522110127 - r
6131,0.0,B0*sqrt(Abs(i)) - s ; r,-s + 1.3370681359362*sqrt(Abs(i)) ; r
6132,0.0,B0*sqrt(Abs(s)) - s ; sqrt(Abs(B1 + sqrt(Abs(r)))),-s - 0.114209202850034*sqrt(Abs(s)) ; sqrt(sqrt(Abs(r)) + 6.73792824059429)
6133,0.0,i*sqrt(Abs(s)) - sqrt(Abs(s)) ; sqrt(Abs(i))*sqrt(Abs(r)),i*sqrt(Abs(s)) - sqrt(Abs(s)) ; sqrt(Abs(i))*sqrt(Abs(r))
6134,0.0,B0 + B1*i - s ; i,-2.57482018875649*i - s - 24.7781977048671 ; i
6135,0.0,B0*i**2 + B0*i*s**2 - s ; r,5.81875650236152e-5*i**2 + 5.81875650236152e-5*i*s**2 - s ; r
6136,0.0,B0*i - s ; r,0.0515716358044897*i - s ; r
6137,0.0,B0 + i*s + i*sqrt(Abs(B1 - s)) ; i + Abs(r)**(3/4),i*s + i*sqrt(Abs(s - 0.39505580441909)) - 0.0507217679896584 ; i + Abs(r)**(3/4)
6138,0.0,B0*i + i*s - s ; B1*i + B2*i*r,i*s + 1.8453211969467*i - s ; 0.534015859212508*i*r - 3.28520988016979*i
6139,0.0,i*s - sqrt(Abs(i)) ; i,i*s - sqrt(Abs(i)) ; i
6140,0.0,B0 - i**2 + 2*i*s ; sqrt(Abs(B1*r + B1*sqrt(Abs(r)) + B2*i)),-i**2 + 2*i*s - 0.0735548449068303 ; sqrt(Abs(0.0902271877301788*i + 0.0102777569485248*r + 0.0102777569485248*sqrt(Abs(r))))
6141,0.0,i**2 - 2*i ; B0 - i + r,i**2 - 2*i ; -i + r + 0.0221576204549311
6142,0.0,B0*i**2 - s ; B1 - i**2,-0.000364450079984387*i**2 - s ; -i**2 - 0.00097885966734901
6143,0.0,B0 + Abs(i)**(3/2) ; B1 + B2*i - i*r,Abs(i)**(3/2) + 3.70762866110624 ; -i*r + 9.56985492430633*i - 0.679485976199787
6144,0.0,i**2 + i*sqrt(Abs(s)) - i ; B0 + r - sqrt(Abs(B1 + i)),i**2 + i*sqrt(Abs(s)) - i ; r - sqrt(Abs(i - 3.633991483748)) + 1.32638475836512
6145,0.0,B0 + B1*i + i*s ; sqrt(Abs(i - r)),i*s + 1.43168144635079*i - 1.60405431686393 ; sqrt(Abs(i - r))
6146,0.0,B0 + i**2 ; -2*i + sqrt(2)*sqrt(Abs(i)),i**2 - 0.336111074814787 ; -2*i + sqrt(2)*sqrt(Abs(i))
6147,0.0,-i*s + Abs(i)**(3/2) ; B0 + sqrt(Abs(r)),-i*s + Abs(i)**(3/2) ; sqrt(Abs(r)) + 0.000384758901108476
6148,0.0,i**2 + i - s**2 ; r - sqrt(Abs(i + r)),i**2 + i - s**2 ; r - sqrt(Abs(i + r))
6149,0.0,i**2 - s ; B0*sqrt(Abs(i)) - i,i**2 - s ; -i + 7.81209782062291*sqrt(Abs(i))
6150,0.0,i**2 - i ; -i + r,i**2 - i ; -i + r
6151,0.0,B0 + i**2 - s ; B1 + r,i**2 - s + 0.979737608894002 ; r + 0.000137613011314939
6152,0.0,B0*sqrt(Abs(i)) + i**2 ; B1 - r - sqrt(Abs(r)),i**2 + 0.462249888313689*sqrt(Abs(i)) ; -r - sqrt(Abs(r)) + 0.104169489255539
6153,0.0,B0 + i**2 + i - s ; B1 + r,i**2 + i - s - 1.56726095496521 ; r + 0.462243423933468
6154,0.0,B0 + i**2 ; -i,i**2 + 0.336720775375145 ; -i
6155,0.0,i**2 - sqrt(Abs(B0 + s)) ; B1 - Abs(i)**(3/4),i**2 - sqrt(Abs(s + 0.0212441420677981)) ; 1.71760668695441 - Abs(i)**(3/4)
6156,0.0,B0 + i**2 ; i - sqrt(Abs(r)),i**2 + 0.0352646515966718 ; i - sqrt(Abs(r))
6157,0.0,B0 + i**2 ; B1*r + B2*r**2,i**2 + 0.00704045294143719 ; 0.0397618704770676*r**2 + 15.9701585814564*r
6158,0.0,B0 + i**2 ; B1 + r,i**2 + 5.82850045598587 ; r + 3.66460552232185
6159,0.0,B0 + i**2 ; B1 + B3*sqrt(Abs(B2 + sqrt(Abs(i)))) + r,i**2 + 4.72427167233605 ; r + 4.75042693855844*sqrt(sqrt(Abs(i)) + 0.449386054313908) + 5.9223173076237
6160,0.0,B0 + i**2 ; B1 - Abs(i)**(1/4),i**2 + 0.014585783854272 ; 5.2630434267771 - Abs(i)**(1/4)
6161,0.0,B0 + i**2 ; B1 - sqrt(Abs(r)),i**2 + 14.6316493858433 ; 18.5507335518794 - sqrt(Abs(r))
6162,0.0,B0 + i**2 ; B1 - sqrt(Abs(i**2 + i*r)),i**2 + 1.84231566215752 ; 6.91477251035513 - sqrt(Abs(i**2 + i*r))
6163,0.0,B0 + i**2 ; B1 - i*r - i*sqrt(Abs(i + r)),i**2 + 1.17314762296964 ; -i*r - i*sqrt(Abs(i + r)) + 1.19893269569671
6164,0.0,B0 + i**2 ; B1 - i*r,i**2 + 3.94998265877692 ; -i*r + 3.97991194188883
6165,0.0,B0 + i**2 ; B1 + B2*r,i**2 + 0.0882275165263921 ; 0.0718316533852634*r + 0.0602789193820588
6166,0.0,B0 + i**2 ; B1 + B2*r**2,i**2 + 0.094669083361429 ; 0.0849900401812946*r**2 + 1.9441979163256
6167,0.0,B0 + i**2 ; B1 + B2*r**2 + B3*i*r,i**2 + 2.3805325032866 ; 0.621023104644485*i*r + 0.438519827642456*r**2 + 0.739608174460635
6168,0.0,4*s**2 ; B0*i + B1*i*r + i**2,4*s**2 ; i**2 + 0.0632877552942796*i*r + 0.425597785856813*i
6169,0.0,-i**2*sqrt(Abs(s)) + i*Abs(s)**(3/2) ; B0 + Abs(i + r)**(1/4),-i**2*sqrt(Abs(s)) + i*Abs(s)**(3/2) ; Abs(i + r)**(1/4) + 1.16447722072859
6170,0.0,2*Abs(s)**(3/2) ; sqrt(Abs(i))*Abs(B0 - i)**(1/4),2*Abs(s)**(3/2) ; sqrt(Abs(i))*Abs(i - 37.2112490537727)**(1/4)
6171,0.0,B0*i*s - s**2 ; B1 + B2*i,0.26031478910131*i*s - s**2 ; 1.2268438075956*i + 9.84449730317715
6172,0.0,i**2 ; B0*r,i**2 ; 0.00221361650697676*r
6173,0.0,B0*i + 2*i**2 + i*s ; B1*i*r,2*i**2 + i*s + 0.062139118470547*i ; 0.0137314609430214*i*r
6174,0.0,i*sqrt(Abs(B0 + i*s)) ; B1*r**2,i*sqrt(Abs(i*s + 0.00602319935666944)) ; 0.000255854391249651*r**2
6175,0.0,i**3 + 2*i**2 ; B0*Abs(r)**(1/16),i**3 + 2*i**2 ; 2.64920351355537*Abs(r)**(1/16)
6176,0.0,i**3 + i**2*s + i*s ; B0*i*r,i**3 + i**2*s + i*s ; 0.000363033459591292*i*r
6177,0.0,i*sqrt(Abs(s)) ; i**2,i*sqrt(Abs(s)) ; i**2
6178,0.0,2*i*s ; -i**2,2*i*s ; -i**2
6179,0.0,2*i**2 ; i**2 - i*r,2*i**2 ; i**2 - i*r
6180,0.0,i*s ; -i**2 + r*Abs(i)**(3/2),i*s ; -i**2 + r*Abs(i)**(3/2)
6181,0.0,sqrt(Abs(s)) ; B0 + sqrt(Abs(i)),sqrt(Abs(s)) ; sqrt(Abs(i)) + 49.7784799512904
6182,0.0,i ; B0 - i,i ; 0.053327250086913 - i
6183,0.0,B0 - i ; B1 + r,41.2393827425197 - i ; r + 0.000450943846095939
6184,0.0,Abs(B0*Abs(s)**(3/2) + s**2)**(1/4) ; B1*r**2 + B2*Abs(r)**(5/2) + i,Abs(s**2 - 8.08048997060391*Abs(s)**(3/2))**(1/4) ; i + 1.23280963434226*r**2 + 9.93576609464981*Abs(r)**(5/2)
6185,0.0,B0 - i ; i + r,0.0149681422131591 - i ; i + r
6186,0.0,i ; r + Abs(i)**(1/4) + sqrt(Abs(r)),i ; r + Abs(i)**(1/4) + sqrt(Abs(r))
6187,0.0,B0*i + i**2*s + i*s ; i + r,i**2*s + i*s + 1.76165000281785*i ; i + r
6188,0.0,i*s - 4*s**2 ; B0 + sqrt(Abs(r + sqrt(Abs(B1 + i - r)))),i*s - 4*s**2 ; sqrt(Abs(r + sqrt(Abs(i - r + 0.0501038442107031)))) + 4.94328080324101
6189,0.0,B0*i*Abs(s)**(3/2) - i*s ; i + r,-i*s - 0.106953978569775*i*Abs(s)**(3/2) ; i + r
6190,0.0,B0*s - i*s ; B1 + r,-i*s - 0.734292177448661*s ; r + 3.2336551141336
6191,0.0,B0*sqrt(Abs(s)) - i*sqrt(Abs(s)) ; r + sqrt(Abs(i)),-i*sqrt(Abs(s)) + 3.67366398217732*sqrt(Abs(s)) ; r + sqrt(Abs(i))
6192,0.0,B0*i - i**2*s ; B1 + sqrt(2)*sqrt(Abs(i)),-i**2*s + 0.238567372678452*i ; sqrt(2)*sqrt(Abs(i)) + 1.34335355515806
6193,0.0,B0*i**2 - Abs(i)**(5/2) ; B1 + i + r,0.432932048798548*i**2 - Abs(i)**(5/2) ; i + r + 0.0750666228817266
6194,0.0,B0*i - i*sqrt(Abs(i - sqrt(Abs(i)))) ; B1 + 2*r,-i*sqrt(Abs(i - sqrt(Abs(i)))) + 10.3923043389057*i ; 2*r + 42.1563279853642
6195,0.0,B0 + B1*i + B2*sqrt(Abs(s)) + i*sqrt(Abs(s)) ; B3 + i + r,i*sqrt(Abs(s)) + 0.106824300209357*i - 0.0184946706448231*sqrt(Abs(s)) + 0.000592711775759428 ; i + r - 0.0143660705168895
6196,0.0,B0*s - sqrt(Abs(i))*Abs(s)**(3/2) ; B1 + 2*r,-0.250995719766956*s - sqrt(Abs(i))*Abs(s)**(3/2) ; 2*r + 7.20570913107338
6197,0.0,B0*i - i*sqrt(Abs(i - s**2)) ; B1 + i*sqrt(Abs(r)) + r,-i*sqrt(Abs(i - s**2)) + 1.26054390232903*i ; i*sqrt(Abs(r)) + r + 0.984872420635116
6198,0.0,B0*s - s*sqrt(Abs(B1 + i*s)) ; B2 - i*r + 2*i + r,-s*sqrt(Abs(i*s + 3.25011488272646)) + 0.994116980562225*s ; -i*r + 2*i + r - 0.83060650401713
6199,0.0,B0*i - i*sqrt(Abs(B1 + i + s)) ; B2 + i + 2*r,-i*sqrt(Abs(i + s + 1.57019396808992)) - 1.03658110831998*i ; i + 2*r + 0.666452173496251
6200,0.0,B0*s - s*sqrt(Abs(i*s - s)) ; B1 - i + r,-s*sqrt(Abs(i*s - s)) - 0.289911092968034*s ; -i + r + 2.34225409297622
6201,0.0,B0*i - i*sqrt(Abs(B1 + i)) ; B2 + r,-i*sqrt(Abs(i + 8.79602730800278)) + 0.0806956983693619*i ; r - 0.00248295002035492
6202,0.0,B0*i - i*sqrt(Abs(B1 + s)) ; B2 + sqrt(Abs(r)),-i*sqrt(Abs(s + 0.630782719862651)) - 0.577620809944748*i ; sqrt(Abs(r)) - 0.0453669871132365
6203,0.0,B0*i - i*sqrt(Abs(B1 + s)) ; B2 + r - sqrt(Abs(i)),-i*sqrt(Abs(s + 0.0304002206758116)) + 0.952121856013602*i ; r - sqrt(Abs(i)) + 0.395127845741698
6204,0.0,B0*s - s*sqrt(Abs(B1 - i)) ; B2 + r,-s*sqrt(Abs(i - 1.75974249063604)) + 8.55962412382323*s ; r + 0.173943529352556
6205,0.0,B0*s - s*sqrt(Abs(i - s)) ; i + r,-s*sqrt(Abs(i - s)) + 1.41920100861134*s ; i + r
6206,0.0,B0*s - s*sqrt(Abs(i - s)) ; 2*r - sqrt(Abs(i)),-s*sqrt(Abs(i - s)) + 12.9365893433213*s ; 2*r - sqrt(Abs(i))
6207,0.0,B0*s - s*sqrt(Abs(i - s)) ; B1 - i*r + r,-s*sqrt(Abs(i - s)) - 0.919150304080598*s ; -i*r + r + 4.44818474794815
6208,0.0,B0*i - i*sqrt(Abs(i - s)) ; B1 + 2*i + r,-i*sqrt(Abs(i - s)) - 0.0142520414526463*i ; 2*i + r + 0.279418247152874
6209,0.0,B0*i - i*sqrt(Abs(i - s)) ; B1 + r,-i*sqrt(Abs(i - s)) - 0.0107338186242845*i ; r + 3.76188872382597
6210,0.0,B0*i - i*sqrt(Abs(i - s)) ; B1 + 4*r,-i*sqrt(Abs(i - s)) + 5.22495750198947*i ; 4*r + 0.0730839339355171
6211,0.0,B0*i - i*sqrt(Abs(i - s)) ; B1 - i + r,-i*sqrt(Abs(i - s)) + 0.0168666053098716*i ; -i + r - 0.000242626971258117
6212,0.0,B0*i - i*sqrt(Abs(i - s)) ; B1 + i + r,-i*sqrt(Abs(i - s)) + 0.987238760642758*i ; i + r + 85.293453941635
6213,0.0,B0*i - i*sqrt(Abs(i - s)) ; B1 + 2*i - 2*r,-i*sqrt(Abs(i - s)) + 2.27952469767091*i ; 2*i - 2*r + 2.96952767236068
6214,0.0,B0*i - i*sqrt(Abs(i - s)) ; B1 + r**2 + r,-i*sqrt(Abs(i - s)) - 2.61126384373808*i ; r**2 + r + 0.0265118349315224
6215,0.0,B0*i - i*sqrt(Abs(i - s)) ; B1 + B2*i + r,-i*sqrt(Abs(i - s)) - 0.0560094984827893*i ; 9.77868196735962*i + r + 1.50268050960974
6216,0.0,Abs(i - s**2 + s)**(1/4) ; sqrt(Abs(r)),Abs(i - s**2 + s)**(1/4) ; sqrt(Abs(r))
6217,0.0,sqrt(Abs(B0*i + i*s)) ; sqrt(Abs(B1*i + i**2*r)),sqrt(Abs(i*s + 0.66013879919406*i)) ; sqrt(Abs(i**2*r + 0.139876072806106*i))
6218,0.0,sqrt(Abs(s)) ; r,sqrt(Abs(s)) ; r
6219,0.0,sqrt(Abs(i*sqrt(Abs(i - sqrt(Abs(s)))) + s)) ; sqrt(Abs(r)),sqrt(Abs(i*sqrt(Abs(i - sqrt(Abs(s)))) + s)) ; sqrt(Abs(r))
6220,0.0,sqrt(Abs(B0 + B1*s + s**3)) ; r,sqrt(Abs(s**3 - 7.65473810777265*s + 7.63882710168928)) ; r
6221,0.0,sqrt(Abs(B0 - s + sqrt(Abs(s)))) ; B1 + r,sqrt(Abs(s - sqrt(Abs(s)) + 43.744000788873)) ; r + 26.8893326280768
6222,0.0,sqrt(Abs(B0 - s)) ; sqrt(Abs(r)),sqrt(Abs(s + 0.362562423488926)) ; sqrt(Abs(r))
6223,0.0,sqrt(Abs(B0 + s)) ; B1 + r,sqrt(Abs(s + 44.1912790399064)) ; r + 0.000147456946948685
6224,0.0,sqrt(Abs(i + 2*s)) ; B0*r,sqrt(Abs(i + 2*s)) ; 0.0752537557119802*r
6225,0.0,sqrt(Abs(-i + s + Abs(s)**(1/4))) ; B0 + 2*i + 2*r,sqrt(Abs(-i + s + Abs(s)**(1/4))) ; 2*i + 2*r - 15.8488137768911
6226,0.0,sqrt(Abs(i)) ; B0 + i - r,sqrt(Abs(i)) ; i - r + 38.3002452406024
6227,0.0,sqrt(Abs(B0 - i*s)) ; B1 + 2*i + r,sqrt(Abs(i*s + 282.081048252707)) ; 2*i + r - 30.3666506222895
6228,0.0,sqrt(Abs(2*i**2 - s)) ; i,sqrt(Abs(2*i**2 - s)) ; i
6229,0.0,sqrt(Abs(i - s)) ; r,sqrt(Abs(i - s)) ; r
6230,0.0,sqrt(Abs(i*s - s)) ; B0 - i*r - i,sqrt(Abs(i*s - s)) ; -i*r - i - 0.00248164691192658
6231,0.0,sqrt(Abs(i*s - i + sqrt(Abs(i))*Abs(s)**(3/2))) ; sqrt(Abs(i)),sqrt(Abs(i*s - i + sqrt(Abs(i))*Abs(s)**(3/2))) ; sqrt(Abs(i))
6232,0.0,sqrt(Abs(B0 - i)) ; sqrt(Abs(r)),sqrt(Abs(i - 63.2376808605519)) ; sqrt(Abs(r))
6233,0.0,sqrt(Abs(B0 - s)) ; B1*r - i*r,sqrt(Abs(s + 55.2589571201218)) ; -i*r + 81.1550171286338*r
6234,0.0,sqrt(Abs(-B0 + i + s)) ; i,sqrt(Abs(i + s + 0.20973300761045)) ; i
6235,0.0,sqrt(Abs(B0 - Abs(i)**(3/2))) ; r,sqrt(Abs(Abs(i)**(3/2) - 104.522224040567)) ; r
6236,0.0,sqrt(Abs(B0 - s)) ; i,sqrt(Abs(s + 0.362566751642438)) ; i
6237,0.0,sqrt(Abs(B0 - i)) ; r,sqrt(Abs(i - 56.2698252728689)) ; r
6238,0.0,sqrt(Abs(B0 - s)) ; B1*sqrt(Abs(i))*Abs(r)**(1/8),sqrt(Abs(s + 18.2742939099316)) ; 4.05259797861597*sqrt(Abs(i))*Abs(r)**(1/8)
6239,0.0,sqrt(Abs(B0 + i)) ; sqrt(Abs(i*sqrt(Abs(B1 + r**2)) + r)),sqrt(Abs(i + 16.9567291972846)) ; sqrt(Abs(i*sqrt(Abs(r**2 - 0.016928380053096)) + r))
6240,0.0,sqrt(Abs(B0 - sqrt(Abs(B1*i + i**2)))) ; B2*Abs(r)**(1/4),sqrt(Abs(sqrt(Abs(i**2 - 65.1325218952019*i)) - 39.4274621822469)) ; 1.23668987708796*Abs(r)**(1/4)
6241,0.0,sqrt(Abs(B0 - sqrt(Abs(i))*sqrt(Abs(s)))) ; 2**(1/4)*Abs(i)**(1/4)*sqrt(Abs(r)),sqrt(Abs(sqrt(Abs(i))*sqrt(Abs(s)) - 52.7719505416973)) ; 2**(1/4)*Abs(i)**(1/4)*sqrt(Abs(r))
6242,0.0,sqrt(Abs(B0 - sqrt(Abs(B1*s + i*s)))) ; sqrt(Abs(r))*Abs(B2 + r)**(1/4),sqrt(Abs(sqrt(Abs(i*s - 63.426737131076*s)) - 33.6451334080154)) ; sqrt(Abs(r))*Abs(r + 2.96859918412202)**(1/4)
6243,0.0,sqrt(Abs(B0 - sqrt(Abs(i**2 - i*s)))) ; B2*Abs(B1 + i**2)**(1/4),sqrt(sqrt(Abs(i**2 - i*s)) + 13.5871701116675) ; 4.01023474569059*Abs(i**2 - 0.872989118653759)**(1/4)
6244,0.0,sqrt(Abs(B0 - sqrt(Abs(i))*sqrt(Abs(s)))) ; sqrt(Abs(i))*Abs(i + 2*r**2)**(1/4),sqrt(Abs(sqrt(Abs(i))*sqrt(Abs(s)) - 45.0670492534518)) ; sqrt(Abs(i))*Abs(i + 2*r**2)**(1/4)
6245,0.0,sqrt(Abs(B0 - sqrt(Abs(i*s - s**2)))) ; B1*sqrt(Abs(i)),sqrt(Abs(sqrt(Abs(i*s - s**2)) - 31.424297193678)) ; 29.3785027138823*sqrt(Abs(i))
6246,0.0,sqrt(Abs(B0 - s*sqrt(Abs(i)))) ; B1*sqrt(Abs(r)),sqrt(Abs(s*sqrt(Abs(i)) + 11.3353912396611)) ; 17.9809709859189*sqrt(Abs(r))
6247,0.0,sqrt(Abs(B0 - sqrt(Abs(i))*sqrt(Abs(s)))) ; B1*sqrt(Abs(r)),sqrt(Abs(sqrt(Abs(i))*sqrt(Abs(s)) - 49.2763288197116)) ; 0.192211480165214*sqrt(Abs(r))
6248,0.0,sqrt(Abs(B0 - s)) ; sqrt(Abs(B1 + B2*i)),sqrt(Abs(s + 45.3130913798168)) ; sqrt(Abs(0.00543890522426366*i + 56.2621405400475))
6249,0.0,sqrt(Abs(B0 - sqrt(Abs(i))*sqrt(Abs(s)))) ; B1*Abs(r)**(1/4),sqrt(Abs(sqrt(Abs(i))*sqrt(Abs(s)) - 49.2758794623896)) ; 2.67987912541786*Abs(r)**(1/4)
6250,0.0,sqrt(Abs(B0 - s)) ; B1*Abs(r)**(3/4),sqrt(Abs(s + 67.4001477406454)) ; 82.766911782764*Abs(r)**(3/4)
6251,0.0,sqrt(Abs(B0 - s)) ; B1*sqrt(Abs(i)),sqrt(Abs(s + 48.7737896781105)) ; 70.6225776876381*sqrt(Abs(i))
6252,0.0,sqrt(Abs(sqrt(2)*i - s)) ; i,sqrt(Abs(sqrt(2)*i - s)) ; i
6253,0.0,sqrt(Abs(i)) ; B0*i*r,sqrt(Abs(i)) ; 3.6045457131858*i*r
6254,0.0,i ; B0*r - i*r + r**2,i ; -i*r + r**2 + 66.9872895126762*r
6255,0.0,i ; B0*r + B1*i*r,i ; 0.00251849971563384*i*r + 0.0231568280160013*r
6256,0.0,i + Abs(s)**(3/2) ; i*sqrt(Abs(r)),i + Abs(s)**(3/2) ; i*sqrt(Abs(r))
6257,0.0,i ; B0*r + r**2,i ; r**2 + 0.000766484747807207*r
6258,0.0,-i + sqrt(Abs(B0 + s)) ; 2*i**2 + i*r,-i + sqrt(Abs(s + 2.08361826786448)) ; 2*i**2 + i*r
6259,0.0,i ; -i**2 + i*r,i ; -i**2 + i*r
6260,0.0,B0 + B1*sqrt(Abs(s)) + i*sqrt(Abs(s)) ; r*Abs(i)**(1/4) + Abs(i)**(5/4),i*sqrt(Abs(s)) + 5.68833288453797*sqrt(Abs(s)) - 7.02320176397656 ; r*Abs(i)**(1/4) + Abs(i)**(5/4)
6261,0.0,i + s + sqrt(Abs(s)) ; B0*i*r**2,i + s + sqrt(Abs(s)) ; 0.000496972044020237*i*r**2
6262,0.0,sqrt(Abs(s)) ; B0*r**2 + B1*i*r,sqrt(Abs(s)) ; 0.0238285422459639*i*r + 0.164161597538367*r**2
6263,0.0,i ; B0*i*r + i**2*r,i ; i**2*r + 20.1293714413545*i*r
6264,0.0,i ; B0 + B1*r,i ; 45.3038673213925 - 5.97680811223117*r
6265,0.0,i ; -i*r**3 + r**4,i ; -i*r**3 + r**4
6266,0.0,i*sqrt(Abs(s)) - i - s ; B0*i*r**2,i*sqrt(Abs(s)) - i - s ; 0.000665357605869228*i*r**2
6267,0.0,sqrt(Abs(s)) ; i**2*Abs(r)**(3/2),sqrt(Abs(s)) ; i**2*Abs(r)**(3/2)
6268,0.0,B0 - s ; B1*r**3,0.543256861226645 - s ; 0.000140464234867145*r**3
6269,0.0,sqrt(Abs(s)) ; B0*r**2 + B1*i*r**2,sqrt(Abs(s)) ; 0.00396202553229746*i*r**2 + 0.000541251914068167*r**2
6270,0.0,i ; B0*i**2*r**2,i ; 0.000774354385853743*i**2*r**2
6271,0.0,sqrt(Abs(B0 - i*s)) ; B1*i + B2*i**2,sqrt(Abs(i*s - 1.15692570925067)) ; 1.05083879690609*i**2 + 2.55349555243041*i
6272,0.0,sqrt(Abs(s)) ; B0*i**2,sqrt(Abs(s)) ; 0.0166638061070241*i**2
6273,0.0,sqrt(Abs(s + sqrt(Abs(B0 + i**2*s)))) ; B1*i*r**2,sqrt(Abs(s + sqrt(Abs(i**2*s + 7.22920732507719)))) ; 8.43603692129851*i*r**2
6274,0.0,sqrt(Abs(s)) ; B0*i**2*r,sqrt(Abs(s)) ; 0.000653532755868864*i**2*r
6275,0.0,sqrt(Abs(s)) ; B0*i**3 + B1*i*r,sqrt(Abs(s)) ; 1.26989756240735*i**3 + 0.0104112729286246*i*r
6276,0.0,Abs(i**2 - i*sqrt(Abs(s)) + s)**(1/4) ; B0*i*r,Abs(i**2 - i*sqrt(Abs(s)) + s)**(1/4) ; 0.000195971032913996*i*r
6277,0.0,sqrt(Abs(s)) ; B0*sqrt(Abs(2*i - r)),sqrt(Abs(s)) ; 0.0014166194646228*sqrt(Abs(2*i - r))
6278,0.0,sqrt(Abs(i - s*Abs(i)**(1/8))) ; B0*r**3 + r**4,sqrt(Abs(i - s*Abs(i)**(1/8))) ; r**4 + 6.23465622357806*r**3
6279,0.0,sqrt(Abs(s - sqrt(Abs(B0 + i)))) ; B1*r**2,sqrt(Abs(s - sqrt(Abs(i + 0.437337181247574)))) ; 0.166056335366278*r**2
6280,0.0,sqrt(Abs(i)) ; B0*r,sqrt(Abs(i)) ; 0.00144108178577406*r
6281,0.0,sqrt(2)*sqrt(Abs(i)) ; B0*i*r**2,sqrt(2)*sqrt(Abs(i)) ; 2.06842624551916*i*r**2
6282,0.0,sqrt(Abs(s)) ; B0*i*r**2 + i*Abs(r)**(5/2),sqrt(Abs(s)) ; 0.385441776611175*i*r**2 + i*Abs(r)**(5/2)
6283,0.0,Abs(B0*s + 2*i*s + i)**(1/4) ; B1*r**2 + B2*i*r**3,Abs(2*i*s + i - 37.9622122503359*s)**(1/4) ; 26.8594246938238*i*r**3 + 21.0306211176557*r**2
6284,0.0,sqrt(Abs(2*i + s)) ; B0*i**2 + B1*Abs(i)**(5/2),sqrt(Abs(2*i + s)) ; 0.0016384097531427*i**2 + 0.000357692900348699*Abs(i)**(5/2)
6285,0.0,sqrt(Abs(B0 + B1*s + i*s + 2*s**2)) ; 3*i*r**3,sqrt(Abs(i*s + 2*s**2 + 78.9106016561806*s + 1612.04219613053)) ; 3*i*r**3
6286,0.0,sqrt(Abs(i)) ; B0*i*r**3,sqrt(Abs(i)) ; 0.169070316790953*i*r**3
6287,0.0,sqrt(Abs(B0*i + i*s)) ; B1*i**2 + B1*i*r**3,sqrt(Abs(i*s + 3.50245899418561*i)) ; 0.00366008366657161*i**2 + 0.00366008366657161*i*r**3
6288,0.0,sqrt(Abs(s)) ; B0*i**2*r + i**2*Abs(r)**(5/4),sqrt(Abs(s)) ; 0.00373170997572063*i**2*r + i**2*Abs(r)**(5/4)
6289,0.0,sqrt(2)*i ; B0*i*r + B1*i**2*r + B1*i*r**2,sqrt(2)*i ; 20.6871365031381*i**2*r + 20.6871365031381*i*r**2 + 62.293992017482*i*r
6290,0.0,sqrt(Abs(i**2*s - i**2 + i*s)) ; B0*r**2 + B1*Abs(r)**(5/2),sqrt(Abs(i**2*s - i**2 + i*s)) ; 0.56429658733324*r**2 + 0.000490565631395691*Abs(r)**(5/2)
6291,0.0,i*sqrt(Abs(s)) ; B0*r**2 + B1*i*r**2,i*sqrt(Abs(s)) ; 8.89556814061959*i*r**2 + 4.11456511965627*r**2
6292,0.0,sqrt(Abs(i))*sqrt(Abs(s)) ; B0*r**2 + B1*i*r,sqrt(Abs(i))*sqrt(Abs(s)) ; 0.0129161643469902*i*r + 0.00673588376538914*r**2
6293,0.0,sqrt(Abs(B0*s - s**2)) ; B1*i*r**2,sqrt(Abs(s**2 - 0.126523087384016*s)) ; 8.06620904911682*i*r**2
6294,0.0,sqrt(Abs(i*s**2 - i*s)) ; B0*i**2 + B1*i**3,sqrt(Abs(i*s**2 - i*s)) ; -0.226837722354086*i**3 + 3.02149118674871*i**2
6295,0.0,sqrt(Abs(s))*Abs(B0*s - i*s)**(1/4) ; B1*i**2 + B2*i*r,sqrt(Abs(s))*Abs(i*s - 2.00240839682347*s)**(1/4) ; 0.404831849721028*i**2 + 0.106036914208672*i*r
6296,0.0,sqrt(Abs(i**2*s - Abs(i)**(9/4))) ; B0*r**2 + B2*r**2*sqrt(Abs(B1 + r)),sqrt(Abs(i**2*s - Abs(i)**(9/4))) ; 16.6916013346912*r**2*sqrt(Abs(r + 0.00131568459504)) + 40.7489426273219*r**2
6297,0.0,sqrt(Abs(i))*Abs(B0 + i)**(1/8) ; B1*i*r**2 + i*Abs(r)**(5/2),sqrt(Abs(i))*Abs(i - 89.3533868003348)**(1/8) ; 88.1139242786354*i*r**2 + i*Abs(r)**(5/2)
6298,0.0,sqrt(Abs(s**2 - s*sqrt(Abs(s - sqrt(Abs(s)))))) ; B0*i**2*r + B0*r*Abs(i)**(3/2),sqrt(Abs(s**2 - s*sqrt(Abs(s - sqrt(Abs(s)))))) ; 0.000997266755532004*i**2*r + 0.000997266755532004*r*Abs(i)**(3/2)
6299,0.0,sqrt(Abs(s))*Abs(B0 - s**2)**(1/4) ; B1*i*r + B2*i*r**2,sqrt(Abs(s))*Abs(s**2 - 63.0366120334089)**(1/4) ; 0.558342770844634*i*r**2 + 35.2295674804987*i*r
6300,0.0,sqrt(Abs(B0*sqrt(Abs(i)) + s*sqrt(Abs(i)))) ; i**2*r**2 + i*r**2*sqrt(Abs(i + r)),sqrt(Abs(s*sqrt(Abs(i)) + 52.8092608800204*sqrt(Abs(i)))) ; i**2*r**2 + i*r**2*sqrt(Abs(i + r))
6301,0.0,sqrt(Abs(i**2 - Abs(i)**(3/2))) ; r**4 + r**3*sqrt(Abs(B0 + r)),sqrt(Abs(i**2 - Abs(i)**(3/2))) ; r**4 + r**3*sqrt(Abs(r + 0.288139201631661))
6302,0.0,sqrt(Abs(i))*sqrt(Abs(s)) ; B0*i**2*r + r*Abs(i)**(9/4),sqrt(Abs(i))*sqrt(Abs(s)) ; 0.000231099722954887*i**2*r + r*Abs(i)**(9/4)
6303,0.0,sqrt(Abs(B0*i**2 + i**3)) ; B1*i**2*r + r*Abs(i)**(5/2),sqrt(Abs(i**3 + 0.00866316454358849*i**2)) ; 0.000192476036851044*i**2*r + r*Abs(i)**(5/2)
6304,0.0,sqrt(Abs(s))*Abs(B0 + s**2 - s)**(1/4) ; B1*i**2*r + B1*r*Abs(i)**(3/2),sqrt(Abs(s))*Abs(-s**2 + s + 65.1822352353995)**(1/4) ; 0.00162454179096057*i**2*r + 0.00162454179096057*r*Abs(i)**(3/2)
6305,0.0,B0*i + i**2 + i*s ; r,i**2 + i*s + 0.0553454858682371*i ; r
6306,0.0,i**2*s ; B0 + i + r,i**2*s ; i + r + 0.00772539798448958
6307,0.0,i*s ; B0 + B1*i + r,i*s ; 3.76358015620999*i + r + 2.04248189638266
6308,0.0,i*sqrt(Abs(B0 - s)) ; B1 - i,i*sqrt(Abs(s + 3.58222933310313)) ; 0.0567288766038126 - i
6309,0.0,B0*i**3 + B1*i*s ; B2 - i,0.00026759417958508*i**3 + 0.0382591835404856*i*s ; -i - 0.0491028403110397
6310,0.0,B0*i + 2*i**2 ; B1*i + i**2 - i*r - r,2*i**2 + 0.270217061780333*i ; i**2 - i*r + 1.90983092563088*i - r
6311,0.0,Abs(i)**(3/2) ; B0 - i**2 - i + r,Abs(i)**(3/2) ; -i**2 - i + r + 0.0818285615242956
6312,0.0,i*sqrt(Abs(B0 + 2*s + sqrt(Abs(s)))) ; B1*sqrt(Abs(i)) + r,i*sqrt(Abs(2*s + sqrt(Abs(s)) - 0.638282540388291)) ; r + 0.143486469507697*sqrt(Abs(i))
6313,0.0,i*s ; B0 - i + r,i*s ; -i + r + 4.10278373411989
6314,0.0,i*s ; B0 + r,i*s ; r + 0.0199694199987908
6315,0.0,B0*s - 2*i*s + 2*s**2 ; B1 + r,-2*i*s + 2*s**2 + 0.572256483345856*s ; r + 3.90914663991871
6316,0.0,sqrt(Abs(s))*Abs(B0 + s)**(1/4) ; B1 + B2*i,sqrt(Abs(s))*Abs(s + 59.5233504605452)**(1/4) ; 53.6719045684779*i + 0.0423580220421122
6317,0.0,B0*i - i**2 + i*sqrt(Abs(s)) ; B1 + sqrt(Abs(r)),-i**2 + i*sqrt(Abs(s)) - 0.230845970833366*i ; sqrt(Abs(r)) + 0.0950821116674198
6318,0.0,B0*s + B1*s**2 - i*s ; B2*r - i*r - i - r**2,-i*s + 0.311657450669334*s**2 - 0.541859524556572*s ; -i*r - i - r**2 + 2.93121006683619*r
6319,0.0,s**2*sqrt(Abs(i)) - s*Abs(i)**(3/2) ; B0 - i + r,s**2*sqrt(Abs(i)) - s*Abs(i)**(3/2) ; -i + r + 3.32296069254832
6320,0.0,B0*i - i**2 ; B1 - 2*i + r,-i**2 + 4.45409147663803*i ; -2*i + r + 0.0666866169617631
6321,0.0,B0*s - i*s + s**2 ; B1 - i*r**2 + r,-i*s + s**2 + 0.00361554826678804*s ; -i*r**2 + r - 0.000445091410708012
6322,0.0,i**2*sqrt(Abs(B0 + i)) ; B1 - i + r,i**2*sqrt(Abs(i - 0.856244263886954)) ; -i + r + 0.0243007002406384
6323,0.0,-i**2*s ; -i + r - sqrt(Abs(r)),-i**2*s ; -i + r - sqrt(Abs(r))
6324,0.0,B0*s**2 + i*s**2 ; B1 + B2*sqrt(Abs(r)) + r,i*s**2 - 0.140355379593157*s**2 ; r - 0.0305215962192203*sqrt(Abs(r)) + 0.000957141221362455
6325,0.0,i**3 ; -i + r,i**3 ; -i + r
6326,0.0,B0*i*s**2 + i**2*s ; -i + r - sqrt(Abs(B1 + i)),i**2*s - 0.0203438427502293*i*s**2 ; -i + r - sqrt(Abs(i - 0.00238744821817937))
6327,0.0,B0*s**2 + s**2*Abs(i)**(5/4) ; B1 + r - sqrt(Abs(B2 + i)),s**2*Abs(i)**(5/4) + 0.23285858445645*s**2 ; r - sqrt(Abs(i + 0.0653463473542507)) + 0.0691207843744919
6328,0.0,B0*i**2 + 2*i**2*s ; B1 + r - sqrt(Abs(B2 + 2*r)),2*i**2*s - 0.063253200299711*i**2 ; r - sqrt(Abs(2*r - 0.00411153887317967)) - 0.00375299704298911
6329,0.0,B0*i*s + i*s**2 ; B1 - 2*i + r,i*s**2 - 0.132927455273674*i*s ; -2*i + r + 0.090966480479959
6330,0.0,s**4 + 2*s**3 ; -sqrt(Abs(B0 - i)),s**4 + 2*s**3 ; -sqrt(Abs(i - 0.00159480611524019))
6331,0.0,2*i*s**2 - i*Abs(s)**(3/2) ; B0 - i + r - sqrt(Abs(r)),2*i*s**2 - i*Abs(s)**(3/2) ; -i + r - sqrt(Abs(r)) + 0.271785406066689
6332,0.0,i**3 + Abs(i)**(5/2) ; r - sqrt(Abs(i)) - sqrt(Abs(r)),i**3 + Abs(i)**(5/2) ; r - sqrt(Abs(i)) - sqrt(Abs(r))
6333,0.0,B0*i**2*s + i**2*s**2 ; B1 + r,i**2*s**2 + 0.416841328122534*i**2*s ; r + 0.216036294898892
6334,0.0,B0*i**2 + i**3 + i**2*s**2 ; -i + r - sqrt(Abs(i)),i**3 + i**2*s**2 + 15.8824745828157*i**2 ; -i + r - sqrt(Abs(i))
6335,0.0,B0*i**2*s + i*s**2 ; -i + r - sqrt(Abs(i - r)),0.0671641911714996*i**2*s + i*s**2 ; -i + r - sqrt(Abs(i - r))
6336,0.0,2*i*s**2 ; -i + r,2*i*s**2 ; -i + r
6337,0.0,s*Abs(i)**(3/2) + Abs(i)**(5/2) ; B0 + r - Abs(B1 - r)**(1/4),s*Abs(i)**(3/2) + Abs(i)**(5/2) ; r - Abs(r - 3.20832103430699)**(1/4) + 3.00343847019687
6338,0.0,i*s**2 + s**2*sqrt(Abs(i)) ; -i + r - Abs(i)**(1/8),i*s**2 + s**2*sqrt(Abs(i)) ; -i + r - Abs(i)**(1/8)
6339,0.0,B0*i**2 + i**2*s + Abs(i)**(5/2) ; -i + r - Abs(i)**(1/4),i**2*s + 6.59696841844388*i**2 + Abs(i)**(5/2) ; -i + r - Abs(i)**(1/4)
6340,0.0,i*s**2 + i*s*sqrt(Abs(B0 + i)) ; B1 + r - Abs(r)**(1/4),i*s**2 + i*s*sqrt(Abs(i + 6.40423430558261)) ; r - Abs(r)**(1/4) - 0.00272142061468646
6341,0.0,i*s**3 + i*s**2 ; B0 + r,i*s**3 + i*s**2 ; r + 0.683385734003275
6342,0.0,B0*s**2 + i**2*s**2 + s**3 ; -i + r - Abs(B1 + i)**(1/4),i**2*s**2 + s**3 - 0.0964591892672022*s**2 ; -i + r - Abs(i + 20.1296937326239)**(1/4)
6343,0.0,-i**2*s + s**3 ; B0 + r - Abs(i)**(1/8),-i**2*s + s**3 ; r - Abs(i)**(1/8) + 3.60026583856474
6344,0.0,B0*i*s + i*s**2 ; -i + r - Abs(r)**(1/8),i*s**2 + 0.404965363471269*i*s ; -i + r - Abs(r)**(1/8)
6345,0.0,B0*s**2 + i*s**2 ; -i + r - Abs(i)**(1/8),i*s**2 + 0.0131178849093229*s**2 ; -i + r - Abs(i)**(1/8)
6346,0.0,B0*i*s + 2*i*s**2 ; B1 + r,2*i*s**2 - 0.659127749068949*i*s ; r + 0.090419364176057
6347,0.0,B0*i*s + B1*i**2*s ; B2 - i + r,61.980206325263*i**2*s + 2.14757170372432*i*s ; -i + r + 0.0201048693510509
6348,0.0,B0*i*s + s*Abs(i)**(5/2) ; B1 + r - Abs(i)**(1/8),1.21887127561609e-5*i*s + s*Abs(i)**(5/2) ; r - Abs(i)**(1/8) + 0.249983576715651
6349,0.0,B0*i*s + i*s*sqrt(Abs(i - s)) ; -i + r - Abs(i)**(1/8),i*s*sqrt(Abs(i - s)) - 0.776997502772585*i*s ; -i + r - Abs(i)**(1/8)
6350,0.0,B0*i*s + 2*i**2*s ; B1 + r - Abs(i)**(1/8),2*i**2*s + 0.0954576098020602*i*s ; r - Abs(i)**(1/8) - 0.11965027237141
6351,0.0,B0*i + B1*i**2 + B2*i*s ; -i + r - Abs(r)**(1/8),0.0663132163049408*i**2 + 0.104854482352807*i*s + 1.46626148956343*i ; -i + r - Abs(r)**(1/8)
6352,0.0,i*s**3 + i*s**2 ; -i + r - Abs(r)**(1/8),i*s**3 + i*s**2 ; -i + r - Abs(r)**(1/8)
6353,0.0,B0*i*s + 2*i*s**2 ; -i + r - Abs(r)**(1/8),2*i*s**2 + 1.04185187008818*i*s ; -i + r - Abs(r)**(1/8)
6354,0.0,B0*i**2 + 2*i**3 ; B1 + r - Abs(r)**(1/8),2*i**3 - 2.78735991741337*i**2 ; r - Abs(r)**(1/8) + 0.664933131217419
6355,0.0,-i*s**2 + 2*s**3 ; -i + r - Abs(r)**(1/8),-i*s**2 + 2*s**3 ; -i + r - Abs(r)**(1/8)
6356,0.0,B0*s**2 + i*s**2 + 2*s**3 ; -i + r - Abs(r)**(1/8),i*s**2 + 2*s**3 + 0.738088163299934*s**2 ; -i + r - Abs(r)**(1/8)
6357,0.0,3*i*s**2 - s**3 ; -Abs(r)**(1/8),3*i*s**2 - s**3 ; -Abs(r)**(1/8)
6358,0.0,i*s ; -r + sqrt(Abs(i*r - i)),i*s ; -r + sqrt(Abs(i*r - i))
6359,0.0,B0*s + i*s - 2*s**2 ; i,i*s - 2*s**2 + 1.23224744772644*s ; i
6360,0.0,i*s + 2*s**2 ; sqrt(Abs(B0*i + i**2 + Abs(i)**(3/2))),i*s + 2*s**2 ; sqrt(Abs(i**2 + 22.3217366421753*i + Abs(i)**(3/2)))
6361,0.0,i*s ; Abs(i - r)**(1/8),i*s ; Abs(i - r)**(1/8)
6362,0.0,B0*s + i*s + s**2 ; Abs(i)**(1/4),i*s + s**2 + 0.149456597308316*s ; Abs(i)**(1/4)
6363,0.0,i*s ; sqrt(Abs(i)),i*s ; sqrt(Abs(i))
6364,0.0,s**2 + Abs(s)**(5/4) ; sqrt(Abs(r)),s**2 + Abs(s)**(5/4) ; sqrt(Abs(r))
6365,0.0,2*i - 2*s ; r,2*i - 2*s ; r
6366,0.0,B0 + i - s + sqrt(Abs(i)) ; r,i - s + sqrt(Abs(i)) - 0.0723169311599197 ; r
6367,0.0,B0*i + B0*sqrt(Abs(i))*sqrt(Abs(s)) - s ; r,3.66650737435233*i - s + 3.66650737435233*sqrt(Abs(i))*sqrt(Abs(s)) ; r
6368,0.0,B0 + sqrt(Abs(i)) ; r,sqrt(Abs(i)) + 0.00628272762962875 ; r
6369,0.0,B0*i + i**2 + s ; r,i**2 + 0.61418299191739*i + s ; r
6370,0.0,-2*s**2 + s ; r,-2*s**2 + s ; r
6371,0.0,-2*i**2 - 2*i*s + s ; r,-2*i**2 - 2*i*s + s ; r
6372,0.0,B0*i + i**2 - i*s + s ; r,i**2 - i*s + 0.549102495427157*i + s ; r
6373,0.0,i - sqrt(Abs(i)) ; i,i - sqrt(Abs(i)) ; i
6374,0.0,B0 - s ; B1*Abs(r)**(5/4),0.821054600219957 - s ; 0.000109611348145127*Abs(r)**(5/4)
6375,0.0,B0 + i**3 - i*s - i ; sqrt(Abs(i)),i**3 - i*s - i + 0.201255793731417 ; sqrt(Abs(i))
6376,0.0,s*sqrt(Abs(i)) - sqrt(Abs(s)) ; sqrt(Abs(B0 + i*r + i - r)),s*sqrt(Abs(i)) - sqrt(Abs(s)) ; sqrt(Abs(i*r + i - r + 35.1051161054419))
6377,0.0,sqrt(Abs(i))*sqrt(Abs(s)) - sqrt(Abs(s)) ; sqrt(Abs(i)),sqrt(Abs(i))*sqrt(Abs(s)) - sqrt(Abs(s)) ; sqrt(Abs(i))
6378,0.0,B0 - s + Abs(s)**(1/4) ; sqrt(Abs(i)),-s + Abs(s)**(1/4) + 0.00948141340554091 ; sqrt(Abs(i))
6379,0.0,-s**2 ; sqrt(Abs(r)),-s**2 ; sqrt(Abs(r))
6380,0.0,B0*sqrt(Abs(i)) - s ; sqrt(Abs(B1 - 2*i + r)),-s + 0.573532032039306*sqrt(Abs(i)) ; sqrt(Abs(-2*i + r + 0.0400002977999537))
6381,0.0,i ; sqrt(Abs(B0*i + B1)),i ; sqrt(Abs(0.0316071761988355*i - 0.0007666205776183))
6382,0.0,B0*i*s - s**2 ; sqrt(Abs(B1*r*sqrt(Abs(i)) + i)),0.998286302370428*i*s - s**2 ; sqrt(Abs(i + 0.517759630924534*r*sqrt(Abs(i))))
6383,0.0,B0 + 2*i - s ; sqrt(Abs(B1 + B2*r)),2*i - s + 10.0301119965421 ; sqrt(Abs(60.8996947657769*r + 29.7585209462514))
6384,0.0,-s ; sqrt(Abs(i)),-s ; sqrt(Abs(i))
6385,0.0,B0 + i + sqrt(Abs(s - sqrt(Abs(s)))) ; sqrt(Abs(i)),i + sqrt(Abs(s - sqrt(Abs(s)))) + 0.0256558393075921 ; sqrt(Abs(i))
6386,0.0,-i*s + i + s ; sqrt(Abs(i)),-i*s + i + s ; sqrt(Abs(i))
6387,0.0,B0 + 2*i - s ; sqrt(Abs(r)),2*i - s + 0.387158184193947 ; sqrt(Abs(r))
6388,0.0,B0 + 2*i + Abs(i)**(1/4)*Abs(s)**(1/4) ; sqrt(Abs(B1 + r)),2*i + Abs(i)**(1/4)*Abs(s)**(1/4) - 0.986580932427723 ; sqrt(Abs(r - 0.132375932940066))
6389,0.0,B0 - i ; sqrt(Abs(r - sqrt(Abs(i)))),8.9798658822434 - i ; sqrt(Abs(r - sqrt(Abs(i))))
6390,0.0,B0*s + i*s - s**2 ; sqrt(Abs(i)),i*s - s**2 + 0.00300043646397121*s ; sqrt(Abs(i))
6391,0.0,B0*i - s + sqrt(Abs(i)) ; sqrt(Abs(r)),0.0516807018785703*i - s + sqrt(Abs(i)) ; sqrt(Abs(r))
6392,0.0,i*sqrt(Abs(i - s)) ; Abs(i - r)**(1/4),i*sqrt(Abs(i - s)) ; Abs(i - r)**(1/4)
6393,0.0,B0 - s ; sqrt(Abs(i)),0.543353171560602 - s ; sqrt(Abs(i))
6394,0.0,B0*Abs(s)**(1/4) + i - s ; sqrt(Abs(i)),i - s - 0.594832825466013*Abs(s)**(1/4) ; sqrt(Abs(i))
6395,0.0,B0 + i**2*s + i**2 - i ; sqrt(Abs(i)),i**2*s + i**2 - i + 0.125047881717507 ; sqrt(Abs(i))
6396,0.0,B0 + i*s + s**2 ; sqrt(Abs(i)),i*s + s**2 + 0.162235245424689 ; sqrt(Abs(i))
6397,0.0,i*s + s**2 - s ; sqrt(Abs(i)),i*s + s**2 - s ; sqrt(Abs(i))
6398,0.0,i*s - s + sqrt(Abs(s)) ; sqrt(Abs(i)),i*s - s + sqrt(Abs(s)) ; sqrt(Abs(i))
6399,0.0,i*s + 2*s**2 ; sqrt(Abs(i)),i*s + 2*s**2 ; sqrt(Abs(i))
6400,0.0,-i*s + s**2 ; sqrt(Abs(i)),-i*s + s**2 ; sqrt(Abs(i))
6401,0.0,B0*s + i*s - i ; sqrt(Abs(i)),i*s - i + 5.13471571821447*s ; sqrt(Abs(i))
6402,0.0,B0*i + i**2 + i*s**2 + i*s ; r,i**2 + i*s**2 + i*s + 0.340843964755752*i ; r
6403,0.0,B0*s**2 - Abs(s)**(5/2) ; B1*i,-0.0154383088062589*s**2 - Abs(s)**(5/2) ; 26.8811892194287*i
6404,0.0,B0*i + B1*i**2 + B2*i*s ; B3*Abs(r)**(1/4) - i,-0.00395444258155859*i**2 - 1.951770577715e-5*i*s + 0.427568910624176*i ; -i - 27.3056287735948*Abs(r)**(1/4)
6405,0.0,B0*s + 2*i*s + s*sqrt(Abs(B1 + s)) ; sqrt(Abs(i)),2*i*s + s*sqrt(Abs(s + 9.17457109739686)) + 0.403407275281368*s ; sqrt(Abs(i))
6406,0.0,B0*i + i**2 + i*s ; B1 + 2*r,i**2 + i*s + 1.45384350393803*i ; 2*r + 0.00229039665910578
6407,0.0,2*i*s ; sqrt(Abs(B0 + i)),2*i*s ; sqrt(Abs(i + 6.21588986241224))
6408,0.0,4*s**2 ; r,4*s**2 ; r
6409,0.0,2*s**2 ; B0*i*sqrt(Abs(r)),2*s**2 ; 0.195933279611881*i*sqrt(Abs(r))
6410,0.0,B0*s + s**2 + s*sqrt(Abs(B1 - i)) ; sqrt(Abs(B2 + i**2 + r)),s**2 + s*sqrt(Abs(i - 0.27908731164245)) + 0.262346709721727*s ; sqrt(Abs(i**2 + r + 0.571734932907968))
6411,0.0,2*s**2 ; i,2*s**2 ; i
6412,0.0,B0*s - i*s + 2*s**2 ; i,-i*s + 2*s**2 + 4.88954064155175*s ; i
6413,0.0,i*Abs(s)**(1/4) ; r,i*Abs(s)**(1/4) ; r
6414,0.0,i**2 ; sqrt(Abs(i*r - i)),i**2 ; sqrt(Abs(i*r - i))
6415,0.0,i*sqrt(Abs(s)) ; sqrt(Abs(r)),i*sqrt(Abs(s)) ; sqrt(Abs(r))
6416,0.0,i**2 ; -i,i**2 ; -i
6417,0.0,B0*i + i**2 ; sqrt(Abs(r)),i**2 + 0.123847088333335*i ; sqrt(Abs(r))
6418,0.0,i**2 ; sqrt(Abs(B0 - r)),i**2 ; sqrt(Abs(r - 42.5995661448872))
6419,0.0,B0*i + 2*i**2 ; sqrt(Abs(r)),2*i**2 + 0.053559324228328*i ; sqrt(Abs(r))
6420,0.0,i**2 ; r*sqrt(Abs(i)),i**2 ; r*sqrt(Abs(i))
6421,0.0,2*i**2*s ; Abs(i)**(1/16),2*i**2*s ; Abs(i)**(1/16)
6422,0.0,i*sqrt(Abs(i - s)) ; sqrt(Abs(-i + r*sqrt(Abs(i)) + 2*r)),i*sqrt(Abs(i - s)) ; sqrt(Abs(-i + r*sqrt(Abs(i)) + 2*r))
6423,0.0,i**2 ; sqrt(Abs(r)),i**2 ; sqrt(Abs(r))
6424,0.0,i**2 ; sqrt(Abs(B0 + B1*i + i**2 + i*r)),i**2 ; sqrt(Abs(i**2 + i*r - 0.0116871061069654*i + 4.5652245228284))
6425,0.0,i**2 ; sqrt(Abs(i))*sqrt(Abs(r)),i**2 ; sqrt(Abs(i))*sqrt(Abs(r))
6426,0.0,i**2 ; sqrt(Abs(i))*Abs(r)**(1/4),i**2 ; sqrt(Abs(i))*Abs(r)**(1/4)
6427,0.0,i*Abs(s)**(3/4) ; B0*Abs(i)**(3/4),i*Abs(s)**(3/4) ; 0.357044913672422*Abs(i)**(3/4)
6428,0.0,i*sqrt(Abs(B0 - i + s)) ; B1*sqrt(Abs(i)),i*sqrt(Abs(-i + s + 4.28285774967753)) ; 0.254892027431524*sqrt(Abs(i))
6429,0.0,i*s ; sqrt(Abs(B0 + B1*sqrt(Abs(r)) + B2*i)),i*s ; sqrt(Abs(0.00357067559372543*i + 0.000590115809240746*sqrt(Abs(r)) + 0.00314180186298427))
6430,0.0,i**2 ; i*Abs(r)**(1/4),i**2 ; i*Abs(r)**(1/4)
6431,0.0,2*i**2 ; sqrt(Abs(i))*sqrt(Abs(r)),2*i**2 ; sqrt(Abs(i))*sqrt(Abs(r))
6432,0.0,i**2 ; r,i**2 ; r
6433,0.0,i*sqrt(Abs(B0 - i)) ; B1*sqrt(Abs(r)),i*sqrt(Abs(i - 10.5717461156999)) ; 10.9185318415686*sqrt(Abs(r))
6434,0.0,i**2 + i*s ; r,i**2 + i*s ; r
6435,0.0,B0*i + Abs(i)**(3/2) ; sqrt(Abs(r**2 + Abs(r)**(3/2))),0.0187664138806419*i + Abs(i)**(3/2) ; sqrt(Abs(r**2 + Abs(r)**(3/2)))
6436,0.0,i**2 + i*s ; sqrt(Abs(B0*r + B1*i*r)),i**2 + i*s ; sqrt(Abs(0.282527342921675*i*r + 0.0122952034742579*r))
6437,0.0,2*i**2 ; B0*sqrt(Abs(r)),2*i**2 ; 0.0835749505738297*sqrt(Abs(r))
6438,0.0,B0*i + Abs(i)**(5/4) ; Abs(i)**(1/4)*sqrt(Abs(r)),0.0100130622163815*i + Abs(i)**(5/4) ; Abs(i)**(1/4)*sqrt(Abs(r))
6439,0.0,i**2 + Abs(i)**(5/4)*Abs(s)**(1/4) ; B0*sqrt(Abs(r)),i**2 + Abs(i)**(5/4)*Abs(s)**(1/4) ; 7.21067124483287*sqrt(Abs(r))
6440,0.0,2*i**2 ; r,2*i**2 ; r
6441,0.0,i**2 + Abs(i)**(5/2)*sqrt(Abs(s)) ; sqrt(Abs(i*r + r**2)),i**2 + Abs(i)**(5/2)*sqrt(Abs(s)) ; sqrt(Abs(i*r + r**2))
6442,0.0,i**2 + Abs(i)**(9/8) ; sqrt(Abs(B0*r - r**2)),i**2 + Abs(i)**(9/8) ; sqrt(Abs(r**2 - 0.136264584628576*r))
6443,0.0,i*s + Abs(i)**(5/2) ; r,i*s + Abs(i)**(5/2) ; r
6444,0.0,B0*i**2 + i**3 + i*s ; sqrt(Abs(i))*sqrt(Abs(r)),i**3 + 0.228564997628893*i**2 + i*s ; sqrt(Abs(i))*sqrt(Abs(r))
6445,0.0,B0*i + i**2 ; sqrt(Abs(B1*r + i*r**2)),i**2 + 0.000529726303481544*i ; sqrt(Abs(i*r**2 + 0.000222980543848029*r))
6446,0.0,B0*i + i**2 ; r,i**2 + 0.0023038335512284*i ; r
6447,0.0,B0*i*sqrt(Abs(s)) + i**2 ; B1*sqrt(Abs(r)),i**2 + 0.0292174309953465*i*sqrt(Abs(s)) ; 0.773703861031728*sqrt(Abs(r))
6448,0.0,i*sqrt(Abs(B0 + sqrt(Abs(i)))) ; Abs(i)**(1/4),i*sqrt(sqrt(Abs(i)) + 0.127811517499441) ; Abs(i)**(1/4)
6449,0.0,s*Abs(i)**(3/2) + s*sqrt(Abs(i)) ; sqrt(Abs(i)),s*Abs(i)**(3/2) + s*sqrt(Abs(i)) ; sqrt(Abs(i))
6450,0.0,i*sqrt(Abs(B0*Abs(i)**(1/4) + i)) ; sqrt(Abs(i)),i*sqrt(Abs(i + 4.36989700628999*Abs(i)**(1/4))) ; sqrt(Abs(i))
6451,0.0,Abs(i)**(3/2) ; sqrt(Abs(r)),Abs(i)**(3/2) ; sqrt(Abs(r))
6452,0.0,i*sqrt(Abs(s)) ; Abs(i)**(1/4),i*sqrt(Abs(s)) ; Abs(i)**(1/4)
6453,0.0,s*sqrt(Abs(B0 - i)) ; Abs(i)**(1/4),s*sqrt(Abs(i - 0.0113603501258894)) ; Abs(i)**(1/4)
6454,0.0,i*sqrt(Abs(B0*s - i*s + s**2)) ; Abs(i)**(1/4),i*sqrt(Abs(-i*s + s**2 + 157.13231988292*s)) ; Abs(i)**(1/4)
6455,0.0,i*sqrt(Abs(s)) ; Abs(B0 + B1*r**2 + B2*r)**(1/4),i*sqrt(Abs(s)) ; Abs(0.0188458181698057*r**2 - 0.116667776452034*r + 0.0388962211896741)**(1/4)
6456,0.0,i*sqrt(Abs(s)) + Abs(s)**(3/4) ; Abs(B0 + i + r)**(1/4),i*sqrt(Abs(s)) + Abs(s)**(3/4) ; Abs(i + r + 0.69128205458826)**(1/4)
6457,0.0,s*Abs(i)**(3/2) ; Abs(i)**(1/4),s*Abs(i)**(3/2) ; Abs(i)**(1/4)
6458,0.0,i*sqrt(Abs(i*s + i)) ; Abs(i)**(1/4),i*sqrt(Abs(i*s + i)) ; Abs(i)**(1/4)
6459,0.0,s*Abs(i)**(1/4) + Abs(i)**(5/4) ; Abs(i)**(1/4),s*Abs(i)**(1/4) + Abs(i)**(5/4) ; Abs(i)**(1/4)
6460,0.0,i**2*s**2 + 2*i*s**3 ; sqrt(Abs(i)),i**2*s**2 + 2*i*s**3 ; sqrt(Abs(i))
6461,0.0,i**2 + Abs(i)**(3/2) ; B0 + sqrt(Abs(r)),i**2 + Abs(i)**(3/2) ; sqrt(Abs(r)) + 0.00289319721127089
6462,0.0,B0*i + B1*i**2 - i*s ; B2 + 2**(1/4)*Abs(i)**(1/4),0.711466990377014*i**2 - i*s - 0.724737286858166*i ; 2**(1/4)*Abs(i)**(1/4) + 0.438818179213029
6463,0.0,B0*i*s + 2*i**2*s ; B1*sqrt(Abs(i - r)) + sqrt(Abs(r)),2*i**2*s + 3.66984010383917e-6*i*s ; sqrt(Abs(r)) + 5.36890625844901*sqrt(Abs(i - r))
6464,0.0,i**2 ; i + sqrt(Abs(r)),i**2 ; i + sqrt(Abs(r))
6465,0.0,B0*i + i*s ; r + sqrt(Abs(B1 + B2*i*r + B2*r**2)),i*s + 0.0118083641697969*i ; r + sqrt(Abs(0.0197536235266284*i*r + 0.0197536235266284*r**2 + 0.00438751087676796))
6466,0.0,s*sqrt(Abs(i)) + Abs(i)**(3/2) ; r + sqrt(Abs(B0 - sqrt(Abs(i + r)))),s*sqrt(Abs(i)) + Abs(i)**(3/2) ; r + sqrt(sqrt(Abs(i + r)) + 0.050214193933391)
6467,0.0,s*sqrt(Abs(i)) ; B0 + sqrt(Abs(B1 + Abs(r)**(1/4))),s*sqrt(Abs(i)) ; sqrt(Abs(r)**(1/4) + 0.000809236231378334) + 4.20423199739963
6468,0.0,i*sqrt(Abs(B0 + i + s)) ; B1 + sqrt(Abs(i - r)),i*sqrt(Abs(i + s - 9.30295773794932)) ; sqrt(Abs(i - r)) - 8.87087414456186
6469,0.0,Abs(i)**(9/4) ; B0 + i + sqrt(Abs(i - r)),Abs(i)**(9/4) ; i + sqrt(Abs(i - r)) + 0.00618722908450889
6470,0.0,Abs(i)**(9/8) ; i + sqrt(Abs(B0*i*r - r)),Abs(i)**(9/8) ; i + sqrt(Abs(0.00301046757265782*i*r - r))
6471,0.0,B0*Abs(s)**(1/4) + i*Abs(s)**(1/4) + Abs(s)**(5/4) ; r + sqrt(Abs(i - sqrt(Abs(i)))),i*Abs(s)**(1/4) + Abs(s)**(5/4) - 0.080215069916791*Abs(s)**(1/4) ; r + sqrt(Abs(i - sqrt(Abs(i))))
6472,0.0,s*Abs(i)**(1/4) ; r + sqrt(Abs(r - sqrt(Abs(B0 + i)))),s*Abs(i)**(1/4) ; r + sqrt(Abs(r - sqrt(Abs(i + 0.0287866880215701))))
6473,0.0,B0*Abs(i)**(1/4) - Abs(i)**(5/4) ; r + sqrt(Abs(B1 - r)),-Abs(i)**(5/4) - 2.88903270442632*Abs(i)**(1/4) ; r + sqrt(Abs(r + 1.06617590670109e-8))
6474,0.0,B0*Abs(s)**(1/4) + 2*i*Abs(s)**(1/4) ; r + sqrt(Abs(B1 + r)),2*i*Abs(s)**(1/4) - 0.48871022554543*Abs(s)**(1/4) ; r + sqrt(Abs(r + 2.58019276861945e-9))
6475,0.0,i*Abs(B0 + i**2)**(1/4) ; r + sqrt(Abs(i - sqrt(Abs(i)))),i*Abs(i**2 + 0.0015391070767812)**(1/4) ; r + sqrt(Abs(i - sqrt(Abs(i))))
6476,0.0,Abs(i)**(3/2)*Abs(s)**(1/4) ; B0 + sqrt(Abs(r - Abs(i)**(1/4))),Abs(i)**(3/2)*Abs(s)**(1/4) ; sqrt(Abs(r - Abs(i)**(1/4))) - 0.00140118725169186
6477,0.0,Abs(i)**(5/4)*Abs(s)**(1/4) ; i + sqrt(Abs(B0*i - r)),Abs(i)**(5/4)*Abs(s)**(1/4) ; i + sqrt(Abs(0.012665964793092*i - r))
6478,0.0,i*Abs(B0*i + i**2)**(1/4) ; r + sqrt(Abs(B1*r - i)),i*Abs(i**2 - 7.58527276948194*i)**(1/4) ; r + sqrt(Abs(i - 1.06762170319914*r))
6479,0.0,i*Abs(i**2 - i*s)**(1/4) ; i + sqrt(Abs(B0*r - i)),i*Abs(i**2 - i*s)**(1/4) ; i + sqrt(Abs(i - 1.4738872126167*r))
6480,0.0,i*Abs(B0*s + i*s**2)**(1/4) ; i + sqrt(Abs(i*sqrt(Abs(B1 + r)) - r)),i*Abs(i*s**2 + 9.51939751344748*s)**(1/4) ; i + sqrt(Abs(i*sqrt(Abs(r + 0.152124858278864)) - r))
6481,0.0,i*Abs(B0 + B1*s)**(1/4) ; i + sqrt(Abs(-i*r + r**2 + r)),i*Abs(0.000206634019746312*s + 0.000166107907747185)**(1/4) ; i + sqrt(Abs(-i*r + r**2 + r))
6482,0.0,i*Abs(B0*i + B1*s)**(1/4) ; r + sqrt(Abs(2*i**2 - r)),i*Abs(0.00121528351964232*i + 0.0020653843500764*s)**(1/4) ; r + sqrt(Abs(2*i**2 - r))
6483,0.0,i*Abs(i*s + Abs(s)**(3/2))**(1/4) ; B0 + sqrt(Abs(i*r**2 + i - r**3)),i*Abs(i*s + Abs(s)**(3/2))**(1/4) ; sqrt(Abs(i*r**2 + i - r**3)) + 0.367486592259179
6484,0.0,i*Abs(i**2 - i*s)**(1/4) ; r + sqrt(Abs(B0 + Abs(i)**(3/2))),i*Abs(i**2 - i*s)**(1/4) ; r + sqrt(Abs(i)**(3/2) + 0.000536677273429988)
6485,0.0,i*sqrt(Abs(s)) ; r + sqrt(Abs(B0 + i*sqrt(Abs(r)))),i*sqrt(Abs(s)) ; r + sqrt(Abs(i*sqrt(Abs(r)) + 0.956420672645483))
6486,0.0,i*Abs(s)**(3/4) ; r + sqrt(Abs(i*r - i)),i*Abs(s)**(3/4) ; r + sqrt(Abs(i*r - i))
6487,0.0,Abs(i)**(5/4)*Abs(s)**(1/4) ; i + sqrt(Abs(r)),Abs(i)**(5/4)*Abs(s)**(1/4) ; i + sqrt(Abs(r))
6488,0.0,Abs(i)**(5/4)*Abs(s)**(1/4) ; r + sqrt(Abs(i*sqrt(Abs(r)) - i)),Abs(i)**(5/4)*Abs(s)**(1/4) ; r + sqrt(Abs(i*sqrt(Abs(r)) - i))
6489,0.0,Abs(i)**(5/4)*sqrt(Abs(s)) ; i + sqrt(Abs(B0*i - r)),Abs(i)**(5/4)*sqrt(Abs(s)) ; i + sqrt(Abs(45.7039873509373*i - r))
6490,0.0,i*sqrt(Abs(s)) ; i + sqrt(Abs(B0 + Abs(i)**(3/2))),i*sqrt(Abs(s)) ; i + sqrt(Abs(i)**(3/2) + 0.00079860570669494)
6491,0.0,i*sqrt(Abs(s)) ; B0 + sqrt(Abs(i*sqrt(Abs(r)) - i)),i*sqrt(Abs(s)) ; sqrt(Abs(i*sqrt(Abs(r)) - i)) + 0.0504726429708237
6492,0.0,i*sqrt(Abs(s)) ; B0 + sqrt(Abs(B1 + B2*i)),i*sqrt(Abs(s)) ; sqrt(Abs(0.0190494603587335*i + 0.0540507216413782)) + 0.121665874128234
6493,0.0,i*sqrt(Abs(s)) ; B0 + sqrt(Abs(i - Abs(i)**(3/2))),i*sqrt(Abs(s)) ; sqrt(Abs(i - Abs(i)**(3/2))) + 0.508088890559053
6494,0.0,i*sqrt(Abs(s)) ; r + sqrt(Abs(i*sqrt(Abs(r)) - i)),i*sqrt(Abs(s)) ; r + sqrt(Abs(i*sqrt(Abs(r)) - i))
6495,0.0,i*sqrt(Abs(s)) ; B0*sqrt(Abs(i)) + r,i*sqrt(Abs(s)) ; r + 0.0922272622610894*sqrt(Abs(i))
6496,0.0,B0*i**2 + i**2*s ; sqrt(Abs(i - r)),i**2*s + 165.134111624786*i**2 ; sqrt(Abs(i - r))
6497,0.0,sqrt(Abs(i))*sqrt(Abs(s)) ; Abs(2*i + r)**(1/4),sqrt(Abs(i))*sqrt(Abs(s)) ; Abs(2*i + r)**(1/4)
6498,0.0,i*sqrt(Abs(s)) ; B0 + B1*Abs(i)**(1/4),i*sqrt(Abs(s)) ; 2.3584072900598 - 3.29949525274227*Abs(i)**(1/4)
6499,0.0,sqrt(Abs(s))*sqrt(Abs(B0 + i - s)) ; i,sqrt(Abs(s))*sqrt(Abs(i - s + 0.0578247330465285)) ; i
6500,0.0,i*sqrt(Abs(s))*sqrt(Abs(i + s)) ; r,i*sqrt(Abs(s))*sqrt(Abs(i + s)) ; r
6501,0.0,B0*Abs(s)**(3/2) + i*sqrt(Abs(s)) ; B1 + i*sqrt(Abs(i - r)) - r,i*sqrt(Abs(s)) + 0.167465914622954*Abs(s)**(3/2) ; i*sqrt(Abs(i - r)) - r + 1.24566046986934
6502,0.0,Abs(i)**(1/4)*sqrt(Abs(s)) ; i,Abs(i)**(1/4)*sqrt(Abs(s)) ; i
6503,0.0,B0*sqrt(Abs(s)) + 2*Abs(s)**(3/2) ; i,2*Abs(s)**(3/2) + 0.521479238511036*sqrt(Abs(s)) ; i
6504,0.0,2*i*sqrt(Abs(s)) - Abs(s)**(3/2) ; i,2*i*sqrt(Abs(s)) - Abs(s)**(3/2) ; i
6505,0.0,i*sqrt(Abs(s)) + sqrt(Abs(i))*sqrt(Abs(s)) ; i,i*sqrt(Abs(s)) + sqrt(Abs(i))*sqrt(Abs(s)) ; i
6506,0.0,3*i**2 - i*s ; B0 + i + sqrt(Abs(B1 + i - r)),3*i**2 - i*s ; i + sqrt(Abs(i - r + 0.585332427737183)) + 0.0920477907635281
6507,0.0,i**2 ; B0 - i + r,i**2 ; -i + r + 0.189319956547275
6508,0.0,B0*i**3 + i**2 + i*s ; B1 + sqrt(Abs(B2 - i)),-0.00331902276541239*i**3 + i**2 + i*s ; sqrt(Abs(i - 1.48664744746512)) + 0.534967480863628
6509,0.0,i*s**4 ; i + sqrt(Abs(B0 - r + sqrt(Abs(i)))),i*s**4 ; i + sqrt(Abs(-r + sqrt(Abs(i)) + 2.17830179908832))
6510,0.0,i*sqrt(Abs(s)) ; -i + 2*r + sqrt(Abs(B0 + r)),i*sqrt(Abs(s)) ; -i + 2*r + sqrt(Abs(r + 0.00963273569135446))
6511,0.0,i*Abs(s)**(1/4) ; i + r,i*Abs(s)**(1/4) ; i + r
6512,0.0,i**2 ; B0 + 2*i + r,i**2 ; 2*i + r + 3.19271150903462
6513,0.0,i*s ; B0 + i + sqrt(Abs(r)),i*s ; i + sqrt(Abs(r)) + 0.0344220112805041
6514,0.0,B0*i + i*s ; i + sqrt(Abs(B1 - i)),i*s + 0.34963372856082*i ; i + sqrt(Abs(i + 1.0046545239303))
6515,0.0,B0*i + B1*i*s - i**2 ; i + r*sqrt(Abs(i)) + r,-i**2 - 0.302062044690546*i*s + 0.232001999225238*i ; i + r*sqrt(Abs(i)) + r
6516,0.0,i*sqrt(Abs(s)) ; sqrt(Abs(i)) + sqrt(Abs(r)),i*sqrt(Abs(s)) ; sqrt(Abs(i)) + sqrt(Abs(r))
6517,0.0,B0*i + 2*i*s ; B1*r + i + r**2,2*i*s - 1.22489374992895*i ; i + r**2 + 1.49655339837636*r
6518,0.0,B0*i + B1*i**2*s + i*s ; B2*r + sqrt(Abs(i)),0.0102643168046015*i**2*s + i*s + 1.55754139215807*i ; 0.955380496507211*r + sqrt(Abs(i))
6519,0.0,B0*i - i**2 + i*s ; B1 + r - sqrt(Abs(r)),-i**2 + i*s + 0.162805442203849*i ; r - sqrt(Abs(r)) + 0.402616408225081
6520,0.0,B0*i + 2*i*s ; B1 + Abs(r)**(1/4),2*i*s - 0.187796395105038*i ; Abs(r)**(1/4) + 2.21205550201258
6521,0.0,i**3*s ; B0*r + i + sqrt(Abs(r)),i**3*s ; i + 0.427087430099783*r + sqrt(Abs(r))
6522,0.0,i**2 ; r + sqrt(Abs(B0 + i)),i**2 ; r + sqrt(Abs(i + 0.156986087545784))
6523,0.0,B0*i + 2*i**2 - i*s ; r + Abs(i - Abs(i)**(1/4))**(1/4),2*i**2 - i*s + 11.5924426089226*i ; r + Abs(i - Abs(i)**(1/4))**(1/4)
6524,0.0,-i**2 + i*s ; B0*r + r*sqrt(Abs(i)) + sqrt(Abs(i)),-i**2 + i*s ; r*sqrt(Abs(i)) + 17.4335767499788*r + sqrt(Abs(i))
6525,0.0,-i**2 + i*s + Abs(i)**(5/4) ; i + Abs(B0 + sqrt(Abs(r)))**(1/4),-i**2 + i*s + Abs(i)**(5/4) ; i + (sqrt(Abs(r)) + 0.49908154967817)**(1/4)
6526,0.0,B0*i - i**2 ; r + sqrt(Abs(i)),-i**2 + 0.31888782557248*i ; r + sqrt(Abs(i))
6527,0.0,B0*i - i*s ; B1 + sqrt(Abs(B2 - i + sqrt(Abs(r)))),-i*s - 3.40218669109756*i ; sqrt(Abs(-i + sqrt(Abs(r)) + 0.0200069792821657)) + 1.5799760206052
6528,0.0,i*sqrt(Abs(s)) ; B0 + sqrt(Abs(B1*r + 2*r**2)),i*sqrt(Abs(s)) ; sqrt(Abs(2*r**2 - 0.0197068689123982*r)) + 0.0275986487713375
6529,0.0,i**2 - i*s + Abs(i)**(3/2) ; B0 + Abs(i)**(1/4),i**2 - i*s + Abs(i)**(3/2) ; Abs(i)**(1/4) + 0.0583530270172556
6530,0.0,2*i**2 - i*s ; B0 + i + r,2*i**2 - i*s ; i + r + 0.150264216480542
6531,0.0,B0*i + i**2 ; r + sqrt(Abs(i - r)),i**2 + 3.22003041741431*i ; r + sqrt(Abs(i - r))
6532,0.0,B0*i + i**2 + i*s ; B1 + sqrt(Abs(r)),i**2 + i*s + 8.02932664496439*i ; sqrt(Abs(r)) + 1.56116848949467
6533,0.0,i*s ; sqrt(Abs(i)) + sqrt(Abs(B0 + 2*i)),i*s ; sqrt(Abs(i)) + sqrt(Abs(2*i + 33.9673039528379))
6534,0.0,B0*i + i**2 - i*s ; i + r + sqrt(Abs(r)),i**2 - i*s - 0.316758057510213*i ; i + r + sqrt(Abs(r))
6535,0.0,i**2*s + i**2 - i*s ; B0 + sqrt(Abs(B1*i - 2*r)),i**2*s + i**2 - i*s ; sqrt(Abs(3.89069879364176*i - 2*r)) + 1.48211229042994
6536,0.0,B0*i + i**2 ; r + sqrt(Abs(B1*i**2 + B2*i)),i**2 - 3.59216541053032*i ; r + sqrt(Abs(8.26918119978495*i**2 - 0.428675837810449*i))
6537,0.0,B0*i + i**2 ; r + Abs(r)**(1/4),i**2 + 0.138944388440957*i ; r + Abs(r)**(1/4)
6538,0.0,i**2 - i*s + Abs(i)**(3/2) ; i + sqrt(Abs(B0 + i**2 + r)),i**2 - i*s + Abs(i)**(3/2) ; i + sqrt(Abs(i**2 + r + 0.247658654156909))
6539,0.0,B0*i + i**2 + i*sqrt(Abs(s)) ; B1 + sqrt(Abs(B2 + Abs(r)**(1/4))),i**2 + i*sqrt(Abs(s)) - 1.18652081195935*i ; sqrt(Abs(r)**(1/4) + 1.07346978129695) + 0.34475444114803
6540,0.0,Abs(i)**(3/2) ; r + sqrt(Abs(B0 - Abs(r)**(1/4))),Abs(i)**(3/2) ; r + sqrt(Abs(Abs(r)**(1/4) - 0.76339701873055))
6541,0.0,i**2 - i*s + i*sqrt(Abs(s)) ; r + sqrt(Abs(i)),i**2 - i*s + i*sqrt(Abs(s)) ; r + sqrt(Abs(i))
6542,0.0,B0*i + i**2 + i*sqrt(Abs(s)) ; B1 + r,i**2 + i*sqrt(Abs(s)) + 1.28629168736539*i ; r + 0.556315197078043
6543,0.0,B0*i + i**2 ; r + sqrt(Abs(B1 + r + sqrt(Abs(i)))),i**2 + 5.40545564595852*i ; r + sqrt(Abs(r + sqrt(Abs(i)) + 151.769538194418))
6544,0.0,i**2 - i*s + i*sqrt(Abs(s)) ; r + Abs(B0*i + i**2)**(1/4),i**2 - i*s + i*sqrt(Abs(s)) ; r + Abs(i**2 + 0.562320983347097*i)**(1/4)
6545,0.0,i**2 - i*s + Abs(i)**(3/2) ; i + sqrt(Abs(B0 - r)),i**2 - i*s + Abs(i)**(3/2) ; i + sqrt(Abs(r - 1.08547924648877))
6546,0.0,B0*i + i**2 ; B1 + sqrt(Abs(r - sqrt(Abs(r)))),i**2 + 0.000195255241434857*i ; sqrt(Abs(r - sqrt(Abs(r)))) + 0.000240868303007104
6547,0.0,i**2 - i*s + i*sqrt(Abs(s)) ; B0 + sqrt(Abs(B1 + B2*i*r)),i**2 - i*s + i*sqrt(Abs(s)) ; sqrt(Abs(0.109859665917748*i*r + 0.00302651251594892)) - 0.001109281703045
6548,0.0,B0*i + i**2 + Abs(i)**(3/2) ; r + sqrt(Abs(i*r - r)),i**2 + 0.0417857519918595*i + Abs(i)**(3/2) ; r + sqrt(Abs(i*r - r))
6549,0.0,Abs(i)**(3/2) ; B0 + r,Abs(i)**(3/2) ; r + 0.000381481157643356
6550,0.0,i**2 - i*s + i*sqrt(Abs(s)) ; i + sqrt(Abs(B0 - 3*i)),i**2 - i*s + i*sqrt(Abs(s)) ; i + sqrt(Abs(3*i - 16.8073400471002))
6551,0.0,Abs(i)**(3/2) ; i + sqrt(Abs(r)),Abs(i)**(3/2) ; i + sqrt(Abs(r))
6552,0.0,B0*i + i**2 ; B1 + r,i**2 - 1.4239008042298*i ; r + 0.0949477188717544
6553,0.0,i*sqrt(Abs(s)) ; B0 + sqrt(Abs(i**3*r - r)),i*sqrt(Abs(s)) ; sqrt(Abs(i**3*r - r)) + 0.00144283852902254
6554,0.0,i**2 - i*s + i*sqrt(Abs(s)) ; i + sqrt(Abs(B1 + sqrt(Abs(B0 + 2*r)))),i**2 - i*s + i*sqrt(Abs(s)) ; i + sqrt(sqrt(Abs(2*r - 0.104823665845129)) + 17.053548826461)
6555,0.0,i**2 - i*s + i*sqrt(Abs(s)) ; r + sqrt(Abs(i - sqrt(Abs(B0 + i)))),i**2 - i*s + i*sqrt(Abs(s)) ; r + sqrt(Abs(i - sqrt(Abs(i + 6.65906494266124))))
6556,0.0,B0*i + i**2 - i*s ; B1 + sqrt(Abs(i - Abs(r)**(1/4))),i**2 - i*s + 0.000424552966537653*i ; sqrt(Abs(i - Abs(r)**(1/4))) + 50.2628578390737
6557,0.0,B0*i + i**2 + Abs(i)**(3/2) ; B1 + sqrt(Abs(r - sqrt(Abs(r)))),i**2 + 0.33310415420489*i + Abs(i)**(3/2) ; sqrt(Abs(r - sqrt(Abs(r)))) + 0.00931506966159843
6558,0.0,i**2 - i*s + Abs(i)**(3/2) ; i + sqrt(Abs(r)),i**2 - i*s + Abs(i)**(3/2) ; i + sqrt(Abs(r))
6559,0.0,i*sqrt(Abs(s)) ; B0 + sqrt(Abs(B1 - r)),i*sqrt(Abs(s)) ; sqrt(Abs(r - 0.54159923229292)) - 0.209990950483943
6560,0.0,i*sqrt(Abs(s)) ; i + sqrt(Abs(r - sqrt(Abs(i*r + r**2)))),i*sqrt(Abs(s)) ; i + sqrt(Abs(r - sqrt(Abs(i*r + r**2))))
6561,0.0,B0*i + i**2 + Abs(i)**(3/2) ; r + sqrt(Abs(i - sqrt(Abs(i*r + r**2)))),i**2 - 0.0926441898209217*i + Abs(i)**(3/2) ; r + sqrt(Abs(i - sqrt(Abs(i*r + r**2))))
6562,0.0,B0*i + i**2 ; r + sqrt(Abs(B1 + sqrt(2)*sqrt(Abs(i))*sqrt(Abs(r)))),i**2 - 0.409524058906783*i ; r + sqrt(sqrt(2)*sqrt(Abs(i))*sqrt(Abs(r)) + 1.77810766909186)
6563,0.0,Abs(i)**(3/2) ; r + sqrt(Abs(i - r)),Abs(i)**(3/2) ; r + sqrt(Abs(i - r))
6564,0.0,B0*i + i**2 - i*s ; B1 + sqrt(Abs(B2*sqrt(Abs(i)) - r)),i**2 - i*s - 0.502823618240299*i ; sqrt(Abs(r - 1.66398787899223*sqrt(Abs(i)))) + 0.0896719605904343
6565,0.0,B0*i + i**2 ; r + sqrt(Abs(r - sqrt(Abs(B1*r + B2)))),i**2 - 4.23270971000733*i ; r + sqrt(Abs(r - sqrt(Abs(59.5253200622784*r + 0.00367741556172129))))
6566,0.0,B0*i + i**2 + Abs(i)**(3/2) ; r + sqrt(Abs(B1*i - r)),i**2 - 1.33728937140042*i + Abs(i)**(3/2) ; r + sqrt(Abs(13.7129840633912*i - r))
6567,0.0,i**2 - i*s + Abs(i)**(3/2) ; i + sqrt(Abs(r - sqrt(Abs(i))*Abs(r)**(1/4))),i**2 - i*s + Abs(i)**(3/2) ; i + sqrt(Abs(r - sqrt(Abs(i))*Abs(r)**(1/4)))
6568,0.0,B0*i + i**2 + i*sqrt(Abs(s)) ; B1 + sqrt(Abs(i - sqrt(Abs(B2*i + i*r)))),i**2 + i*sqrt(Abs(s)) - 0.0185901577782522*i ; sqrt(Abs(i - sqrt(Abs(i*r + 0.0525288479883894*i)))) + 0.159732670527472
6569,0.0,i*sqrt(Abs(s)) ; i + sqrt(Abs(r - sqrt(Abs(B0 + B1*r)))),i*sqrt(Abs(s)) ; i + sqrt(Abs(r - sqrt(Abs(0.0189979770516335*r - 0.079594804710013))))
6570,0.0,B0*i + i**2 - i*s ; B1 + sqrt(Abs(i - sqrt(Abs(B2*r + i*r)))),i**2 - i*s - 0.272719459333462*i ; sqrt(Abs(i - sqrt(Abs(i*r + 0.245248640639453*r)))) + 0.295466721958168
6571,0.0,B0*i + i**2 + i*sqrt(Abs(s)) ; B1 + sqrt(Abs(B2*sqrt(Abs(i)) - r)),i**2 + i*sqrt(Abs(s)) + 0.0666707880461439*i ; sqrt(Abs(r - 0.0107482053477034*sqrt(Abs(i)))) + 0.000488787104190657
6572,0.0,B0*i + i**2 + i*sqrt(Abs(s)) ; B1 + sqrt(Abs(i - sqrt(2)*sqrt(Abs(i))*sqrt(Abs(r)))),i**2 + i*sqrt(Abs(s)) + 0.0901081436916753*i ; sqrt(Abs(i - sqrt(2)*sqrt(Abs(i))*sqrt(Abs(r)))) + 0.0187978861821403
6573,0.0,B0*i + i**2 - i*s ; r + sqrt(Abs(i - sqrt(Abs(B1*r + r**2)))),i**2 - i*s + 23.2032381579206*i ; r + sqrt(Abs(i - sqrt(Abs(r**2 + 0.0361763307498457*r))))
6574,0.0,i*sqrt(Abs(s)) ; i + sqrt(Abs(r - sqrt(Abs(B0 + B1*i)))),i*sqrt(Abs(s)) ; i + sqrt(Abs(r - sqrt(Abs(0.0345009720379008*i - 7.66478424607757e-7))))
6575,0.0,i*sqrt(Abs(s)) ; B0 + sqrt(Abs(i - sqrt(Abs(B1*r + i*r)))),i*sqrt(Abs(s)) ; sqrt(Abs(i - sqrt(Abs(i*r + 2.72320452253027*r)))) + 0.466634390238459
6576,0.0,i**2 - i*s + i*sqrt(Abs(s)) ; r + sqrt(Abs(r - sqrt(Abs(B0*i + i**2)))),i**2 - i*s + i*sqrt(Abs(s)) ; r + sqrt(Abs(r - sqrt(Abs(i**2 + 0.0248007840681271*i))))
6577,0.0,B0*i + i**2 + i*sqrt(Abs(s)) ; r + sqrt(Abs(r - sqrt(Abs(B1*i + i*r)))),i**2 + i*sqrt(Abs(s)) - 3.60505408105002*i ; r + sqrt(Abs(r - sqrt(Abs(i*r + 92.0600756038096*i))))
6578,0.0,i*sqrt(Abs(s)) ; i + sqrt(Abs(r - sqrt(Abs(B0*i + i*r)))),i*sqrt(Abs(s)) ; i + sqrt(Abs(r - sqrt(Abs(i*r + 0.0159752477619063*i))))
6579,0.0,Abs(i)**(3/2) ; r + sqrt(Abs(i - sqrt(Abs(B0 + B1*r)))),Abs(i)**(3/2) ; r + sqrt(Abs(i - sqrt(Abs(0.0339128130115686*r - 0.234122801221693))))
6580,0.0,Abs(i)**(3/2) ; r + sqrt(Abs(i - sqrt(Abs(B0*i + i*r)))),Abs(i)**(3/2) ; r + sqrt(Abs(i - sqrt(Abs(i*r + 0.0814071223129714*i))))
6581,0.0,i*sqrt(Abs(s)) ; i + sqrt(Abs(i - sqrt(Abs(B0*r + r**2)))),i*sqrt(Abs(s)) ; i + sqrt(Abs(i - sqrt(Abs(r**2 + 0.74659823119462*r))))
6582,0.0,i**2 - i*s + Abs(i)**(3/2) ; r + sqrt(Abs(i - sqrt(Abs(B0 + B1*r)))),i**2 - i*s + Abs(i)**(3/2) ; r + sqrt(Abs(i - sqrt(Abs(2831.358960074*r + 0.000352504496319916))))
6583,0.0,i*sqrt(Abs(s)) ; r + sqrt(Abs(B2 + sqrt(Abs(B0 + B1*r)))),i*sqrt(Abs(s)) ; r + sqrt(sqrt(Abs(0.26998615728616*r - 0.438880814645475)) + 0.294013624656706)
6584,0.0,B0*i + i**2 - i*s ; r + sqrt(Abs(r - sqrt(Abs(B1 + B2*r)))),i**2 - i*s - 0.111410865604466*i ; r + sqrt(Abs(r - sqrt(Abs(0.470797617829148*r + 1.49835592798863))))
6585,0.0,B0*i + i**2 - i*s ; r + sqrt(Abs(B3 + sqrt(Abs(B1 + B2*r)))),i**2 - i*s - 0.0341484778887111*i ; r + sqrt(sqrt(Abs(0.0258391811889588*r - 0.105915265541031)) + 0.112342129268045)
6586,0.0,B0*i + i**2 + i*sqrt(Abs(s)) ; r + sqrt(Abs(B3 + sqrt(Abs(B1 + B2*r)))),i**2 + i*sqrt(Abs(s)) + 3.44696055444552*i ; r + sqrt(sqrt(Abs(1.24403908236079*r + 0.00355648715251597)) + 0.753096092636648)
6587,0.0,i*sqrt(Abs(s)) ; B0 + sqrt(Abs(B3 + sqrt(Abs(B1 + B2*r)))),i*sqrt(Abs(s)) ; sqrt(sqrt(Abs(0.00965324840482074*r - 0.00493328117996911)) + 0.0691682359230331) - 0.00924059832118373
6588,0.0,Abs(i)**(3/2) ; r + sqrt(Abs(B2 + sqrt(Abs(B0 + B1*r)))),Abs(i)**(3/2) ; r + sqrt(Abs(sqrt(Abs(0.0030094375158983*r - 0.0433476977339696)) - 0.175420234940796))
6589,0.0,B0*i**2*s + i**3*s + i**2*s**2 - i*s**2 ; B1 + Abs(r)**(1/4),i**3*s + i**2*s**2 + 29.0889669406301*i**2*s - i*s**2 ; Abs(r)**(1/4) - 0.458393245005508
6590,0.0,B0*i**2 - i**3 ; B1 - i + r,-i**3 + 1.02054123492145*i**2 ; -i + r + 0.0577079252429582
6591,0.0,i*s**2 + i*s*sqrt(Abs(B0 - s)) ; B1 + i + r + sqrt(Abs(r)),i*s**2 + i*s*sqrt(Abs(s - 1.20959833517609)) ; i + r + sqrt(Abs(r)) + 1.37069447977703
6592,0.0,B0*i*s + i**2*s**2 - i**2*s ; B1*i + r,i**2*s**2 - i**2*s + 0.168594879436503*i*s ; 0.18554161236007*i + r
6593,0.0,B0*i*s + B1*i**2*s + i**3*s ; B2*i + sqrt(Abs(i)),i**3*s + 4.7611212344128*i**2*s + 6.48637496987729*i*s ; 5.50673192450097*i + sqrt(Abs(i))
6594,0.0,B0*i*s + i*s**3 ; sqrt(Abs(B1*i + B2)),i*s**3 - 0.00986389399574627*i*s ; sqrt(Abs(0.104675213632142*i + 0.00310291545264527))
6595,0.0,B0*i**2 + B1*i**2*s ; sqrt(Abs(i**2 + i - r)),-0.163956083677836*i**2*s + 1.62238384709812*i**2 ; sqrt(Abs(i**2 + i - r))
6596,0.0,B0*i + B1*i*s + B2*i*s**2 ; Abs(B3 + sqrt(Abs(i)))**(1/4),-0.00143416865797078*i*s**2 + 0.136204294362315*i*s + 0.0264367592753178*i ; (sqrt(Abs(i)) + 0.0718422127297934)**(1/4)
6597,0.0,B0*i*s + B1*i*s**2 ; sqrt(Abs(i)),-0.000527954690675527*i*s**2 + 0.0364748621334608*i*s ; sqrt(Abs(i))
6598,0.0,B0*i*s + i**3*s ; sqrt(Abs(-B1 + i + r**3)),i**3*s + 0.481751674408762*i*s ; sqrt(Abs(i + r**3 + 0.0591164948058128))
6599,0.0,B0*i*s + B1*i**2*s ; sqrt(Abs(i)),0.749332526573816*i**2*s + 14.9782165032408*i*s ; sqrt(Abs(i))
6600,0.0,B0*i**2 + B1*i**3 + i**3*s ; sqrt(Abs(-i + r + sqrt(Abs(r)))),i**3*s + 21.4890162288628*i**3 - 5.29464075764801*i**2 ; sqrt(Abs(-i + r + sqrt(Abs(r))))
6601,0.0,B0*i + B1*i*s + B2*i**2*s ; sqrt(Abs(B3 + i)),0.015398552707516*i**2*s - 0.00189305014916149*i*s + 0.0213706353104203*i ; sqrt(Abs(i + 1.83406138421913))
6602,0.0,B0*s**2 + 2*i**2*s**2 ; sqrt(Abs(B1 - i + sqrt(Abs(i)))),2*i**2*s**2 - 0.141779835150019*s**2 ; sqrt(Abs(-i + sqrt(Abs(i)) + 3.96700220927908))
6603,0.0,B0*i*s + B1*i**2*s + i**2*s**2 ; sqrt(Abs(B2 + B3*r + r**3)),i**2*s**2 + 0.858630760747571*i**2*s + 0.0338723847052326*i*s ; sqrt(Abs(r**3 + 3.45582774385449*r + 1.62176258448325))
6604,0.0,B0*i*s + i**2*s**2 + i*s**3 ; sqrt(Abs(B1*i**2 + B2*i*r - i)),i**2*s**2 + i*s**3 - 10.8378020907634*i*s ; sqrt(Abs(19.0574359844402*i**2 + 63.1408734489636*i*r - i))
6605,0.0,B0*i*s + B1*i**2*s + i**2*s**2 ; sqrt(Abs(i**3 + i**2 - r)),i**2*s**2 - 0.500703233827954*i**2*s + 0.670118397725389*i*s ; sqrt(Abs(i**3 + i**2 - r))
6606,0.0,B0*i**2 + 2*i**4 ; sqrt(Abs(i + r**2 - r*sqrt(Abs(i)))),2*i**4 - 0.636004164135787*i**2 ; sqrt(Abs(i + r**2 - r*sqrt(Abs(i))))
6607,0.0,B0*i**2 + 2*i**2*s**2 ; sqrt(Abs(B1*r**2 + B2 + B3*r - i)),2*i**2*s**2 + 1.34942162591832*i**2 ; sqrt(Abs(-i + 1.74582907577799*r**2 + 0.313681080166484*r + 1.34069130864129))
6608,0.0,B0*i*s + i**3*s + i**2*s**2 ; sqrt(Abs(B1*sqrt(Abs(r)) + B2)),i**3*s + i**2*s**2 + 0.977504478243563*i*s ; sqrt(Abs(0.16478508341461*sqrt(Abs(r)) - 0.199631174223867))
6609,0.0,B0*s**2 + i*s**3 + s**4 ; sqrt(Abs(B1 + B2*i**2)),i*s**3 + s**4 - 0.000774120655357233*s**2 ; sqrt(Abs(0.00169700268471882*i**2 - 0.00735649171818371))
6610,0.0,B0*s**2 + i**2*s**2 + i*s**3 ; sqrt(Abs(-B1*i + 2*i**2 + r)),i**2*s**2 + i*s**3 + 0.0908600608478362*s**2 ; sqrt(Abs(2*i**2 - 0.0142730322062915*i + r))
6611,0.0,B0*i*s + i**2*s**2 + i*s**3 ; sqrt(Abs(B1 + B2*r + r*sqrt(Abs(i)))),i**2*s**2 + i*s**3 + 2.30972244434651*i*s ; sqrt(Abs(r*sqrt(Abs(i)) + 2.35499833112961*r - 1.2752875271004))
6612,0.0,B0*s + B1*i*s + B2*i*s**2 ; sqrt(Abs(B3*r - i)),-0.00335825884482983*i*s**2 + 0.330336040924726*i*s - 0.924965650625249*s ; sqrt(Abs(i - 0.399303246616965*r))
6613,0.0,B0*i*s + B1*i*s**2 + i*s**3 ; sqrt(Abs(i)),i*s**3 + 3.40582590305348*i*s**2 + 16.6035064061545*i*s ; sqrt(Abs(i))
6614,0.0,B0*i**2 + i**3*s + i**2*s**2 ; sqrt(Abs(B1 + B2*i - r)),i**3*s + i**2*s**2 - 1.37306519159337*i**2 ; sqrt(Abs(0.342052367301449*i + r + 0.345543221566969))
6615,0.0,B0*i**2 + 2*i**3*s ; sqrt(Abs(B1*r - i)),2*i**3*s - 6.02072100047601*i**2 ; sqrt(Abs(i - 10.2317235785005*r))
6616,0.0,B0*i**2 + 2*i**3*s ; sqrt(Abs(B1 + B2*r)),2*i**3*s + 0.000202443729981757*i**2 ; sqrt(Abs(0.0102101734106035*r + 0.000866299315736867))
6617,0.0,B0*i*s + B1*i*s**2 ; sqrt(Abs(B2*r + B3)),-0.00813294225342387*i*s**2 + 0.0388228508491231*i*s ; sqrt(Abs(2.82333788171481*r + 0.0122472732587666))
6618,0.0,i*sqrt(Abs(i + sqrt(Abs(B0 + sqrt(Abs(i)))))) ; i + sqrt(Abs(B1 - i)),i*sqrt(Abs(i + sqrt(Abs(sqrt(Abs(i)) - 840.440075537933)))) ; i + sqrt(Abs(i - 28.0595958654174))
6619,0.0,i*Abs(B0 + B1*i)**(1/4) ; sqrt(Abs(r))*sqrt(Abs(i - r)),i*Abs(4.9487022503496e-5*i - 0.00358981272823347)**(1/4) ; sqrt(Abs(r))*sqrt(Abs(i - r))
6620,0.0,i*s**2 - s**3 ; i*sqrt(Abs(B0 + i**2 + r)),i*s**2 - s**3 ; i*sqrt(Abs(i**2 + r + 1.79649612849887))
6621,0.0,i*sqrt(Abs(s))*sqrt(Abs(i - s)) ; B2*sqrt(Abs(B0 + B1*r - i)),i*sqrt(Abs(s))*sqrt(Abs(i - s)) ; 0.0100844330777444*sqrt(Abs(-i + 0.00187058833031575*r + 4.12829104994533))
6622,0.0,B0*s**2 + i*s - s**3 ; sqrt(Abs(r))*sqrt(Abs(B1 + r)),i*s - s**3 + 0.432323373007213*s**2 ; sqrt(Abs(r))*sqrt(Abs(r + 11.1655043597744))
6623,0.0,i**2 + i*s ; r**2*sqrt(Abs(i)),i**2 + i*s ; r**2*sqrt(Abs(i))
6624,0.0,B0*i + i**2 + i*s ; r*sqrt(Abs(B1 + i*r + i + r**2)),i**2 + i*s + 0.0069672156459493*i ; r*sqrt(Abs(i*r + i + r**2 + 0.164059286158567))
6625,0.0,-i*s + 3*s**2 ; r*sqrt(Abs(B0 + B1*r + B2*i)),-i*s + 3*s**2 ; r*sqrt(Abs(5.87940747245042*i + 0.00550162216026232*r + 0.000376019060307203))
6626,0.0,B0*s + 2*s**2 ; B1*r*sqrt(Abs(i)),2*s**2 + 0.50709595526738*s ; 0.00764269158419437*r*sqrt(Abs(i))
6627,0.0,B0*s - i*s + 2*s**2 ; B1*Abs(i)**(1/4),-i*s + 2*s**2 + 1.09294310201524*s ; 2.29627580606761*Abs(i)**(1/4)
6628,0.0,3*s**2 ; B0*Abs(i)**(5/8),3*s**2 ; 0.233054488590305*Abs(i)**(5/8)
6629,0.0,B0*s + i*s + 3*s**2 ; B2*sqrt(Abs(r))*Abs(B1 + i + r)**(1/4),i*s + 3*s**2 + 8.95793540689458*s ; 0.0254454131693385*sqrt(Abs(r))*Abs(i + r + 0.000111100698301015)**(1/4)
6630,0.0,B0*i + i**2 + i*s ; Abs(i)**(7/4)*sqrt(Abs(r)),i**2 + i*s + 0.00697560937799337*i ; Abs(i)**(7/4)*sqrt(Abs(r))
6631,0.0,B0*i + 2*i**2 + i*s ; B2*i*Abs(B1*r + i*r)**(1/4),2*i**2 + i*s + 0.0621718735674847*i ; 0.000135666079410605*i*Abs(i*r + 0.00188535596511008*r)**(1/4)
6632,0.0,B0*s + 4*s**2 ; B1*Abs(r)**(1/4),4*s**2 + 0.420522112762717*s ; 0.00164791931403158*Abs(r)**(1/4)
6633,0.0,i**2 + i*s + i*sqrt(Abs(i - sqrt(Abs(s)))) ; B0*Abs(i)**(3/4)*Abs(r)**(1/4),i**2 + i*s + i*sqrt(Abs(i - sqrt(Abs(s)))) ; 2.55821362542075*Abs(i)**(3/4)*Abs(r)**(1/4)
6634,0.0,B0*s - i*s + s**2 + Abs(s)**(3/2) ; i*sqrt(Abs(r))*Abs(B1*r + i*r)**(1/4),-i*s + s**2 + 0.961841347950092*s + Abs(s)**(3/2) ; i*sqrt(Abs(r))*Abs(i*r + 37.6617216347346*r)**(1/4)
6635,0.0,2*s**2 + s*sqrt(Abs(s + sqrt(Abs(s)))) ; B1*Abs(B0*i + i**2)**(1/4),2*s**2 + s*sqrt(Abs(s + sqrt(Abs(s)))) ; 0.29609320622979*Abs(i**2 + 0.0017055423573108*i)**(1/4)
6636,0.0,2*s**2 + s*sqrt(Abs(B0 + s)) ; B1*Abs(i)**(3/4)*Abs(r)**(1/4),2*s**2 + s*sqrt(Abs(s - 1.22150232237274)) ; 4.8644123713411*Abs(i)**(3/4)*Abs(r)**(1/4)
6637,0.0,2*s**2 + s*sqrt(Abs(i - 2*s)) ; B0*Abs(i)**(5/4)*sqrt(Abs(r)),2*s**2 + s*sqrt(Abs(i - 2*s)) ; 65.0393288079224*Abs(i)**(5/4)*sqrt(Abs(r))
6638,0.0,B0*i + i**2 + i*Abs(s)**(3/2) ; B1*i*Abs(r)**(3/4),i**2 + i*Abs(s)**(3/2) + 0.0277184064498979*i ; 0.43230263237768*i*Abs(r)**(3/4)
6639,0.0,2*s**2 + Abs(s)**(3/2) ; B0*Abs(i)**(1/4)*Abs(r)**(3/2),2*s**2 + Abs(s)**(3/2) ; 0.0215952774028806*Abs(i)**(1/4)*Abs(r)**(3/2)
6640,0.0,B0*i + i**2 + i*s + i*sqrt(Abs(s)) ; B1*Abs(r)**(5/4),i**2 + i*s + i*sqrt(Abs(s)) + 0.439422023761378*i ; 0.152296425260885*Abs(r)**(5/4)
6641,0.0,B0*i + i**2 + i*sqrt(Abs(s)) ; B1*r*Abs(i)**(3/4),i**2 + i*sqrt(Abs(s)) + 0.187540217069392*i ; 3.89945170993991*r*Abs(i)**(3/4)
6642,0.0,i*s + 2*s**2 + Abs(s)**(3/2) ; B0*sqrt(Abs(i))*Abs(r)**(1/4),i*s + 2*s**2 + Abs(s)**(3/2) ; 62.2841958343893*sqrt(Abs(i))*Abs(r)**(1/4)
6643,0.0,B0*i*s + s**2 + Abs(s)**(3/2) ; B1*Abs(i)**(3/4),0.036146263627674*i*s + s**2 + Abs(s)**(3/2) ; -2.52943287098437*Abs(i)**(3/4)
6644,0.0,B0*s + 2*Abs(s)**(3/2) ; B1*Abs(r)**(1/4),5.39785838929421*s + 2*Abs(s)**(3/2) ; 0.00261663541655037*Abs(r)**(1/4)
6645,0.0,B0*i + i*sqrt(Abs(s)) ; B1*i*sqrt(Abs(r)),i*sqrt(Abs(s)) - 0.002900354144202*i ; 0.00280520264594496*i*sqrt(Abs(r))
6646,0.0,B0*i + i*sqrt(Abs(s)) ; B1*sqrt(Abs(r)),i*sqrt(Abs(s)) + 0.000446593288312819*i ; 0.743662756419276*sqrt(Abs(r))
6647,0.0,i**2 + i*s + i*sqrt(Abs(s)) ; B0*r,i**2 + i*s + i*sqrt(Abs(s)) ; 0.168003256444765*r
6648,0.0,B0*s + 2*Abs(s)**(3/2) ; B1*r*sqrt(Abs(i)),2.73543874891245*s + 2*Abs(s)**(3/2) ; 0.0168825980470335*r*sqrt(Abs(i))
6649,0.0,s**2 + 2*Abs(s)**(3/2) ; B0*Abs(i)**(3/2),s**2 + 2*Abs(s)**(3/2) ; 0.000593093298110631*Abs(i)**(3/2)
6650,0.0,s**2 + 2*Abs(s)**(3/2) ; B0*i,s**2 + 2*Abs(s)**(3/2) ; 0.045585342329204*i
6651,0.0,-2*s ; r**2 + r*sqrt(Abs(i)),-2*s ; r**2 + r*sqrt(Abs(i))
6652,0.0,B0 + i ; B1*i*r - i**2*r,i - 0.0277014768426759 ; -i**2*r + 0.102946020213851*i*r
6653,0.0,B0 - s ; B1*r + r*Abs(i + r)**(1/8),-s - 0.222891934478555 ; r*Abs(i + r)**(1/8) + 0.000284185592792295*r
6654,0.0,i - sqrt(Abs(i)) ; B0*r,i - sqrt(Abs(i)) ; 1.21407776408529*r
6655,0.0,B0 + i ; B1*r + i*r - r**2,i + 0.00153272034418166 ; i*r - r**2 + 0.000337534438538221*r
6656,0.0,3*i ; r*Abs(i)**(5/4) - r*Abs(i)**(1/4),3*i ; r*Abs(i)**(5/4) - r*Abs(i)**(1/4)
6657,0.0,B0 - s ; r**2,-s - 0.222477421513986 ; r**2
6658,0.0,B0*i*s + i - s ; B1*i + B2*i**2,-0.0775349481128942*i*s + i - s ; 0.26641297963896*i**2 + 21.2191844835719*i
6659,0.0,i**2*s**2 - i - 2*s ; B0 + B1*r,i**2*s**2 - i - 2*s ; 0.144279685891522 - 0.0348098388456148*r
6660,0.0,B0 - s ; i*r,-s - 0.222477419278413 ; i*r
6661,0.0,B0 - 2*s + sqrt(Abs(i)) ; B1*r**2 + B2*i*r**2,-2*s + sqrt(Abs(i)) + 0.927747328256816 ; 0.0107752248256567*i*r**2 + 0.192951396132127*r**2
6662,0.0,B0 + i - 3*s ; B1 + B2*i + B3*sqrt(Abs(i + r)),i - 3*s + 0.36965367921547 ; -1.10218833143272*i + 16.3881704012795*sqrt(Abs(i + r)) + 1.93714956157144
6663,0.0,B0 - s + sqrt(Abs(i)) ; B1 + B2*i + B3*i**2,-s + sqrt(Abs(i)) + 0.200690940012232 ; 0.248852788924233*i**2 + 0.263403276759661*i - 0.785661972376783
6664,0.0,B0 + i*s - s ; 2*i**2,i*s - s - 0.574233521961916 ; 2*i**2
6665,0.0,B0 + i - s + sqrt(Abs(i)) ; B1 + B2*r,i - s + sqrt(Abs(i)) + 7.44963251637149 ; 1.50102692740536*r + 5.19821955458426
6666,0.0,B0 + i ; B1*Abs(r)**(3/2) + Abs(r)**(5/2),i - 0.0411354434269558 ; Abs(r)**(5/2) + 0.075526585875305*Abs(r)**(3/2)
6667,0.0,B0*i - 2*s ; B1 + B2*i,2.5157580179068*i - 2*s ; 18.7204128123159*i + 1.16684301732809
6668,0.0,i - s ; B0*i + i**2,i - s ; i**2 + 1.37241858573199*i
6669,0.0,B0 - s**2 - 3*s ; B1*r + i*r - r**2,-s**2 - 3*s + 16.2945152006995 ; i*r - r**2 + 0.00132179355779064*r
6670,0.0,i - s ; B0*r**2,i - s ; 0.0147500045621246*r**2
6671,0.0,B0 + i - sqrt(Abs(s)) ; B1*i**2 + B1*i*r,i - sqrt(Abs(s)) - 1.5348679169382 ; -0.0661239685613327*i**2 - 0.0661239685613327*i*r
6672,0.0,-2*s + Abs(i + sqrt(Abs(s)))**(1/4) ; B0*Abs(i)**(1/4) + B1*i + B2*r,-2*s + Abs(i + sqrt(Abs(s)))**(1/4) ; -0.133248282933544*i + 78.9733512753999*r + 22.5414125612995*Abs(i)**(1/4)
6673,0.0,B0 - 2*s ; B1*r + i*r,-2*s - 0.24667415710434 ; i*r + 6.37719461140694*r
6674,0.0,2*i*s - s ; B0*r + i*r,2*i*s - s ; i*r + 0.0141371753961471*r
6675,0.0,B0*i - 2*s ; Abs(r)**(3/2),0.0624466909326407*i - 2*s ; Abs(r)**(3/2)
6676,0.0,-sqrt(Abs(s)) ; B0*sqrt(Abs(i)),-sqrt(Abs(s)) ; 0.000170830109595853*sqrt(Abs(i))
6677,0.0,B0 - s ; B1*i + i*r,0.543202899233413 - s ; i*r + 1.27192212136388*i
6678,0.0,B0 + i**2 - s ; B1*i - i**2 + i*r,i**2 - s + 1.15761969699305 ; -i**2 + i*r + 7.98681736813014*i
6679,0.0,B0 + 3*i*s - i - s ; -i**2*r + i*r,3*i*s - i - s + 0.148366643802005 ; -i**2*r + i*r
6680,0.0,B0*i - s ; i*r + r**2 - r*sqrt(Abs(B1 + r)),0.0516391564535652*i - s ; i*r + r**2 - r*sqrt(Abs(r + 0.0188356811114941))
6681,0.0,B0 - s ; B1*i + B2*i**2 + i**2*r + i*r,-s - 0.222577540317073 ; i**2*r + 0.00319159855390126*i**2 + i*r + 0.0371227073584645*i
6682,0.0,B0 + i ; B1*r + r**2,i + 0.00153658456638644 ; r**2 + 0.281929630463734*r
6683,0.0,B0 - 2*s ; B1 + B2*r,-2*s - 0.24712493544794 ; 0.000650915806795603*r + 0.0489189712256123
6684,0.0,-2*s + Abs(i)**(1/4) ; B0 + B1*r,-2*s + Abs(i)**(1/4) ; 168.018129074157*r + 2.26523740463144
6685,0.0,B0 + i - s + sqrt(Abs(B1 + i)) ; B2*r + r**2,i - s + sqrt(Abs(i + 0.208597409625466)) + 0.0304053341427908 ; r**2 + 0.129486631379956*r
6686,0.0,B0 + 2*i ; B1*i + 3*i*r,2*i + 2.53220028220837 ; 3*i*r + 0.0409209773257596*i
6687,0.0,-sqrt(2)*sqrt(Abs(s)) ; B0 + B1*i + B1*r,-sqrt(2)*sqrt(Abs(s)) ; 0.00251435431559102*i + 0.00251435431559102*r + 28.8674233123644
6688,0.0,B0 + i - s ; B1*i + i**2 + i*r,i - s + 1.15214199314649 ; i**2 + i*r + 31.3754504116983*i
6689,0.0,B0 + i - s ; B1*i + B2*i*r,i - s - 1.62401371603704 ; -0.503358573886963*i*r + 1.08533223645434*i
6690,0.0,-sqrt(Abs(B0 + s)) ; B1*i + 2*i*r,-sqrt(Abs(s - 5.16241566609172)) ; 2*i*r + 3.36460571715445*i
6691,0.0,B0 - s ; B1*i + 2*i*r,-s - 0.2223996533306 ; 2*i*r + 6.03816440702944*i
6692,0.0,-sqrt(Abs(s)) ; B0*i + i*r,-sqrt(Abs(s)) ; i*r + 0.000162312333378525*i
6693,0.0,-2*s ; B0*r + r**3 + r**2,-2*s ; r**3 + r**2 + 0.016757938869375*r
6694,0.0,i - 2*s ; B0*i + i**2 + i*r,i - 2*s ; i**2 + i*r + 22.1836509556373*i
6695,0.0,-s - sqrt(Abs(i)) ; B0 + B1*i + B1*r,-s - sqrt(Abs(i)) ; 2.45280397351212*i + 2.45280397351212*r + 10.4600002100593
6696,0.0,i - s - sqrt(Abs(i)) ; B0*i + i**2 + i*r,i - s - sqrt(Abs(i)) ; i**2 + i*r + 18.6988055077981*i
6697,0.0,-s ; B0 + B1*i + B1*r,-s ; 0.0804609401381085*i + 0.0804609401381085*r + 0.0112216060869711
6698,0.0,B0 + i - sqrt(Abs(B1 + i)) ; B2*r + i*r + r**2,i - sqrt(Abs(i - 0.0200206025427262)) + 1.72110590983437 ; i*r + r**2 + 0.000187336586270052*r
6699,0.0,-s - sqrt(Abs(s)) ; B0 + B1*i + B1*r,-s - sqrt(Abs(s)) ; 0.000346554611022281*i + 0.000346554611022281*r + 21.1986794263859
6700,0.0,2*i - s - sqrt(Abs(i)) ; B0*r + i*r + r**2,2*i - s - sqrt(Abs(i)) ; i*r + r**2 + 0.0288330970116738*r
6701,0.0,i - 2*s ; B0 + B1*i + B1*r,i - 2*s ; 12.2647643250421*i + 12.2647643250421*r + 40.3047435679753
6702,0.0,-i - s**2 - s ; B0 + B1*i + B1*r,-i - s**2 - s ; 1.12068089267184*i + 1.12068089267184*r - 0.481068954979697
6703,0.0,-sqrt(Abs(B0 + i*s)) ; B1 + B2*i + B2*r,-sqrt(Abs(i*s + 195.735150192321)) ; 0.000107047552957834*i + 0.000107047552957834*r - 13.9639249284021
6704,0.0,B0 - s ; B1 + B2*i + B2*r,0.543654607951499 - s ; 0.00101221831584859*i + 0.00101221831584859*r + 0.0616484416948674
6705,0.0,-sqrt(Abs(i)) ; B0 + B1*i + B1*r,-sqrt(Abs(i)) ; 0.120524268465819*i + 0.120524268465819*r + 0.515733988820341
6706,0.0,-Abs(i)**(3/2) ; B0 + B1*i + B1*r,-Abs(i)**(3/2) ; 0.741787408731591*i + 0.741787408731591*r + 0.162956677780646
6707,0.0,-s**2 ; B0 + B1*i + B1*r,-s**2 ; 0.00724326888697885*i + 0.00724326888697885*r + 0.909765208760345
6708,0.0,-i**2*s ; B0 + B1*i + B1*r,-i**2*s ; 0.14828174176576*i + 0.14828174176576*r + 0.00139014523498792
6709,0.0,-s**3 ; B0 + B1*i + B1*r,-s**3 ; 0.78188041805311*i + 0.78188041805311*r + 0.000100247839991047
6710,0.0,B0*s - s**2 - Abs(s)**(3/2) ; r,-s**2 + 0.533173946038478*s - Abs(s)**(3/2) ; r
6711,0.0,B0*i + i*s ; r + sqrt(Abs(B1 + sqrt(Abs(i)))),i*s + 4.52351352272384*i ; r + sqrt(sqrt(Abs(i)) + 0.700957600777822)
6712,0.0,-i*s**2 + 2*s**3 ; i**2,-i*s**2 + 2*s**3 ; i**2
6713,0.0,sqrt(Abs(s))*sqrt(Abs(i - s)) ; B0*i*r,sqrt(Abs(s))*sqrt(Abs(i - s)) ; 0.00084847864278004*i*r
6714,0.0,sqrt(Abs(i))*sqrt(Abs(B0 - i)) ; i*sqrt(Abs(r)),sqrt(Abs(i))*sqrt(Abs(i - 57.4498404988745)) ; i*sqrt(Abs(r))
6715,0.0,B0*sqrt(Abs(s)) - Abs(s)**(3/2) ; i*sqrt(Abs(r)),-Abs(s)**(3/2) + 17.3036166759986*sqrt(Abs(s)) ; i*sqrt(Abs(r))
6716,0.0,i*sqrt(Abs(B0 + i - s)) ; i*sqrt(Abs(r)),i*sqrt(Abs(-i + s + 0.11140948588165)) ; i*sqrt(Abs(r))
6717,0.0,i*sqrt(Abs(i**2*s**2 + i*s)) ; i*sqrt(Abs(r)),i*sqrt(Abs(i**2*s**2 + i*s)) ; i*sqrt(Abs(r))
6718,0.0,i*sqrt(Abs(s + sqrt(Abs(B0 + s)))) ; i*sqrt(Abs(r)),i*sqrt(Abs(s + sqrt(Abs(s + 87.5824139116291)))) ; i*sqrt(Abs(r))
6719,0.0,sqrt(3)*Abs(s)**(3/2) ; i*sqrt(Abs(r)),sqrt(3)*Abs(s)**(3/2) ; i*sqrt(Abs(r))
6720,0.0,i*sqrt(Abs(s)) ; i*sqrt(Abs(r)),i*sqrt(Abs(s)) ; i*sqrt(Abs(r))
6721,0.0,i**2*sqrt(Abs(B0 + s)) ; i*sqrt(Abs(r)),i**2*sqrt(Abs(s + 1.4203555364342)) ; i*sqrt(Abs(r))
6722,0.0,i*sqrt(Abs(B0*sqrt(Abs(i))*sqrt(Abs(s)) + i)) ; i*sqrt(Abs(r)),i*sqrt(Abs(i + 0.0408006320384883*sqrt(Abs(i))*sqrt(Abs(s)))) ; i*sqrt(Abs(r))
6723,0.0,i*sqrt(Abs(B0 + s)) ; i*sqrt(Abs(r)),i*sqrt(Abs(s + 9.5717543780151)) ; i*sqrt(Abs(r))
6724,0.0,i*sqrt(Abs(B0 + sqrt(Abs(i - s)))) ; i*sqrt(Abs(r)),i*sqrt(Abs(sqrt(Abs(i - s)) - 0.0387103256290361)) ; i*sqrt(Abs(r))
6725,0.0,i*sqrt(Abs(i + sqrt(Abs(s)))) ; i*sqrt(Abs(r)),i*sqrt(Abs(i + sqrt(Abs(s)))) ; i*sqrt(Abs(r))
6726,0.0,i*sqrt(Abs(B0 + sqrt(Abs(i - 2*s)))) ; i*sqrt(Abs(r)),i*sqrt(Abs(sqrt(Abs(i - 2*s)) - 0.0227877445942278)) ; i*sqrt(Abs(r))
6727,0.0,i*sqrt(Abs(B0 + sqrt(Abs(i*s - s)))) ; i*sqrt(Abs(r)),i*sqrt(sqrt(Abs(i*s - s)) + 0.000360500424008285) ; i*sqrt(Abs(r))
6728,0.0,i*sqrt(Abs(B0 + sqrt(Abs(B1 + s)))) ; i*sqrt(Abs(r)),i*sqrt(Abs(sqrt(Abs(s + 55.205782936848)) - 0.855088897923169)) ; i*sqrt(Abs(r))
6729,0.0,B0*i - i**2 - Abs(i)**(3/2)*sqrt(Abs(s)) ; sqrt(Abs(B1 + B2*r)),-i**2 + 0.00157245805863521*i - Abs(i)**(3/2)*sqrt(Abs(s)) ; sqrt(Abs(0.026218488038742*r - 0.00367271157326712))
6730,0.0,-s**2 + s*sqrt(Abs(B0 + i)) ; i,-s**2 + s*sqrt(Abs(i + 29.2169618840002)) ; i
6731,0.0,i*s - s**2 ; i,i*s - s**2 ; i
6732,0.0,-i*s + 3*s**2 ; i,-i*s + 3*s**2 ; i
6733,0.0,B0*s + 2*s**2 ; i,2*s**2 + 0.507140944638721*s ; i
6734,0.0,B0*s - i*s + 3*s**2 ; i,-i*s + 3*s**2 + 0.0624049444840208*s ; i
6735,0.0,-i*s + 4*s**2 ; i,-i*s + 4*s**2 ; i
6736,0.0,3*s**2 ; i,3*s**2 ; i
6737,0.0,B0 + B1*s - s**2 ; B2*i + i**3 - i**2,-s**2 - 1.30439996072999*s + 0.750795918545324 ; i**3 - i**2 + 0.00181627180821078*i
6738,0.0,B0 - i - s ; B1*i + r,-i - s - 3.80474986411569 ; -9.3967498590257e-10*i + r
6739,0.0,-i**2 + 2*i - 2*s ; B0 - sqrt(Abs(r)),-i**2 + 2*i - 2*s ; 0.000332056127938949 - sqrt(Abs(r))
6740,0.0,B0 - s + sqrt(Abs(s)) ; i**2,-s + sqrt(Abs(s)) + 0.000678777649803062 ; i**2
6741,0.0,i**2 + i*s - 2*s ; i,i**2 + i*s - 2*s ; i
6742,0.0,i + s*(-sqrt(2) - 1) ; 2*i,i + s*(-sqrt(2) - 1) ; 2*i
6743,0.0,B0 + i - s ; B1*i + i**2*r,i - s + 9.39957479754442 ; i**2*r + 53.6452348466497*i
6744,0.0,-s + sqrt(Abs(s)) ; sqrt(Abs(r)),-s + sqrt(Abs(s)) ; sqrt(Abs(r))
6745,0.0,B0 + B1*i - s ; B2 + i**2 + i*r - i,-0.305350051090889*i - s - 4.57039133368401 ; i**2 + i*r - i - 7.02252476653425
6746,0.0,B0 - 2*s ; B1 - r,-2*s - 0.247364124769937 ; 0.222016716066901 - r
6747,0.0,B0*s + B1*i*s + i**2*s ; B2 + i - 3*r,i**2*s + 0.43155603788875*i*s - 0.430678907732709*s ; i - 3*r + 0.208406848972621
6748,0.0,B0 + B1*Abs(i)**(3/2) - s ; B2 - Abs(i)**(1/4),-s + 0.28031672180716*Abs(i)**(3/2) - 0.897098922625531 ; 0.161622610591384 - Abs(i)**(1/4)
6749,0.0,B0 - i + s**2 ; -i,-i + s**2 + 6.41113117320669 ; -i
6750,0.0,B0 - 2*s ; B1 + i + r - sqrt(Abs(i)),-2*s - 0.246792962531366 ; i + r - sqrt(Abs(i)) + 0.111786035346296
6751,0.0,B0 + i - s ; B1 - r,i - s - 39.9879985326501 ; -r - 122.408684783241
6752,0.0,-s ; B0 - r**2,-s ; 0.033383083644759 - r**2
6753,0.0,B0 + i - 2*s ; -i - r + sqrt(Abs(B1*r + r**2)),i - 2*s + 2.4418659983431 ; -i - r + sqrt(Abs(r**2 - 10.8806215118121*r))
6754,0.0,i - 2*s ; -i + r,i - 2*s ; -i + r
6755,0.0,i - s ; B0 - sqrt(Abs(2*i*r - i)),i - s ; -sqrt(Abs(2*i*r - i)) - 0.264099080266428
6756,0.0,B0 + i - 2*s ; -r + Abs(r)**(1/4),i - 2*s + 1.38715817765655 ; -r + Abs(r)**(1/4)
6757,0.0,-s - sqrt(Abs(s)) ; B0*r,-s - sqrt(Abs(s)) ; 0.598031693600315*r
6758,0.0,B0 + i - s ; B1 + B2*i + i**2,i - s + 60.9486698402376 ; i**2 + 5.12969378763196*i + 32.1564271334544
6759,0.0,B0 + i ; B1 - i*r - sqrt(Abs(r)),i - 8.2291408001773 ; -i*r - sqrt(Abs(r)) + 0.0501678941080014
6760,0.0,B0 + i - 3*s ; -i + r,i - 3*s - 2.43895005911896 ; -i + r
6761,0.0,-s - sqrt(Abs(i))*sqrt(Abs(s)) ; i*r**2 - i,-s - sqrt(Abs(i))*sqrt(Abs(s)) ; i*r**2 - i
6762,0.0,B0 + i - sqrt(Abs(i)) ; -i + r,i - sqrt(Abs(i)) + 5.57367291486761 ; -i + r
6763,0.0,B0 + B1*i - s ; B2 + B3*i + i*r,0.394203333373937*i - s - 0.790276047656127 ; i*r - 0.0144917330573217*i + 0.0937416775191096
6764,0.0,B0 - s ; -r + sqrt(Abs(i + r)),0.820952885763071 - s ; -r + sqrt(Abs(i + r))
6765,0.0,B0 + i - s ; B1 + i,i - s - 36.395079866685 ; i - 97.1528128265441
6766,0.0,B0 + i ; B1*r + i*r - i,i + 3.81111075913727 ; i*r - i - 9.45858359695726*r
6767,0.0,-s - sqrt(Abs(s)) ; r,-s - sqrt(Abs(s)) ; r
6768,0.0,B0 - s ; i**2 - i*sqrt(Abs(r)) + i,-s - 0.222477427451026 ; i**2 - i*sqrt(Abs(r)) + i
6769,0.0,B0 - s ; B1 + i,-s - 0.222096502960219 ; i + 5.49725523112291
6770,0.0,B0 - s ; i - r,-s - 0.222477422246969 ; i - r
6771,0.0,B0 - 3*s ; i - Abs(r)**(1/4),2.38715818350302 - 3*s ; i - Abs(r)**(1/4)
6772,0.0,B0 + i*s + i - s**2 - s ; B1 + i,i*s + i - s**2 - s + 1.63952472196725 ; i + 1.37569780821876
6773,0.0,B0 - s - sqrt(Abs(i)) ; i - r,-s - sqrt(Abs(i)) + 2.47614069362961 ; i - r
6774,0.0,B0 - 2*s ; B1 + i,-2*s - 0.246902772075609 ; i + 0.0114239820293685
6775,0.0,B0 + i ; B1 - i**2 + i - r,i + 1.92327491105459 ; -i**2 + i - r + 7.64911755753287
6776,0.0,B0 + i - s - sqrt(Abs(B1 - s)) ; B2 - r,i - s - sqrt(Abs(s + 5.19525532634947)) - 36.4822906965775 ; -r - 124.426299465909
6777,0.0,B0 + i - s ; B1*i*r**2 + i,i - s - 1.35812366828133 ; 5.41420347278395*i*r**2 + i
6778,0.0,B0 + i - s ; i - sqrt(Abs(r)),i - s + 0.708330721069011 ; i - sqrt(Abs(r))
6779,0.0,B0 - s ; B2*sqrt(Abs(B1 + r)) + i,-s - 0.222830380479057 ; i + 0.0102549203352598*sqrt(Abs(r + 3.02397963534207))
6780,0.0,B0 - s ; B1 + i + r,0.820811524266727 - s ; i + r + 0.0814985258481338
6781,0.0,B0 + 2*i ; i,2*i + 0.00955768453512811 ; i
6782,0.0,B0 + i - 2*s ; -r,i - 2*s + 2.50334016854232 ; -r
6783,0.0,i - s - sqrt(Abs(s)) ; B0 + i,i - s - sqrt(Abs(s)) ; i + 0.987885353507979
6784,0.0,i - 2*s ; B0 - i*r,i - 2*s ; -i*r + 11.0103470947318
6785,0.0,B0 + i - s ; -i*r + i,i - s + 0.0670671784861575 ; -i*r + i
6786,0.0,B0 + i - s ; i - Abs(B1 - r)**(1/4),i - s - 36.3950715096035 ; i - Abs(r - 89088350.7318458)**(1/4)
6787,0.0,-s**2 ; B0 + i,-s**2 ; i + 0.00200099690861914
6788,0.0,B0 + i - s ; i - sqrt(Abs(i))*Abs(r)**(1/4),i - s + 0.0505374712499332 ; i - sqrt(Abs(i))*Abs(r)**(1/4)
6789,0.0,B0 + B1*i - s ; B2 + i,-2.85112888213127*i - s + 12.5273045346167 ; i + 5.52640369552393
6790,0.0,-i**2 + i - s ; B0*i*r + 2*i,-i**2 + i - s ; 60.8280274470072*i*r + 2*i
6791,0.0,B0 - i*s + i - s ; B1 - i + r,-i*s + i - s - 4.48934358321389 ; -i + r + 4.81080569357074
6792,0.0,B0 - i*s - s ; -i,-i*s - s + 0.391134154313555 ; -i
6793,0.0,B0 + i - s ; i - r**2,i - s + 3.89767133540111 ; i - r**2
6794,0.0,B0 - s ; B1*r,0.543443679449501 - s ; 0.000224600717647908*r
6795,0.0,B0 - i*s + i ; B1 + 3*i,-i*s + i + 3.18747649059791 ; 3*i + 3.18826425558425
6796,0.0,B0 + i - s**2 - s ; i - r - sqrt(Abs(i)),i - s**2 - s + 0.617360322253386 ; i - r - sqrt(Abs(i))
6797,0.0,B0 + B1*i - s ; B2 - sqrt(Abs(r)),-0.999575734688671*i - s - 2.49929653517553 ; 0.389189336342719 - sqrt(Abs(r))
6798,0.0,-i**2 + i - s ; B0 + i - r,-i**2 + i - s ; i - r + 2.43824502406539
6799,0.0,B0 + B1*i - s ; 2*i - 3*r,-1.35281314353037*i - s - 3.48580222379876 ; 2*i - 3*r
6800,0.0,B0 - i*s + i ; -r - sqrt(Abs(r)),-i*s + i + 0.00704035456447616 ; -r - sqrt(Abs(r))
6801,0.0,-s**2 ; -i - 2*r,-s**2 ; -i - 2*r
6802,0.0,i - s**2 - s ; B0 - sqrt(Abs(r)),i - s**2 - s ; 0.00038178254924407 - sqrt(Abs(r))
6803,0.0,-i*s + i - s ; B0 - i,-i*s + i - s ; 0.046402281481095 - i
6804,0.0,B0 - s ; B1 + i - 2*r,0.82088012658244 - s ; i - 2*r + 1.54539896844539
6805,0.0,-i*s - i + s ; B0 + i - 2*r,-i*s - i + s ; i - 2*r + 0.463943488396402
6806,0.0,B0 - i*s + 2*i - s ; B1 + i - 2*r,-i*s + 2*i - s - 0.26605364461522 ; i - 2*r + 19.2389912375863
6807,0.0,B0 + 2*i ; B1 + i - r,2*i - 56.1735084818992 ; i - r - 95.7843970579329
6808,0.0,B0*s + 2*i ; B1 - sqrt(Abs(r)),2*i + 3.98888748773*s ; -sqrt(Abs(r)) - 3.57943652398251
6809,0.0,B0 - i*s + i - 2*s ; B1 + i - sqrt(Abs(i)),-i*s + i - 2*s + 3.4318889141824 ; i - sqrt(Abs(i)) - 2.76763124707148
6810,0.0,-i**2 - i + s ; B0 + i - sqrt(Abs(i)),-i**2 - i + s ; i - sqrt(Abs(i)) + 0.0563718019130548
6811,0.0,B0*i - s ; B1 + i - sqrt(Abs(i)),0.00267550235458458*i - s ; i - sqrt(Abs(i)) + 314.331234915717
6812,0.0,B0 + B1*i - s ; B2 + i - sqrt(Abs(i)),-2.67441004313*i - s - 12.2878717400512 ; i - sqrt(Abs(i)) - 5.84710392050388
6813,0.0,B0 + Abs(s)**(3/2) ; i,Abs(s)**(3/2) + 0.0316883233900325 ; i
6814,0.0,i + sqrt(Abs(i)) ; i,i + sqrt(Abs(i)) ; i
6815,0.0,B0 + 2*i + sqrt(Abs(s)) ; i,2*i + sqrt(Abs(s)) + 0.372279342275473 ; i
6816,0.0,B0 - s + sqrt(Abs(B1 + i)) ; i,-s + sqrt(Abs(i - 0.0200050416634454)) + 0.180216054428611 ; i
6817,0.0,B0*sqrt(Abs(s)) + i*sqrt(Abs(s)) + i ; i,i*sqrt(Abs(s)) + i + 0.0142402697682287*sqrt(Abs(s)) ; i
6818,0.0,i*sqrt(Abs(i*s + i)) + i ; i,i*sqrt(Abs(i*s + i)) + i ; i
6819,0.0,i*sqrt(Abs(B0 + i*s - i)) + i ; i,i*sqrt(Abs(i*s - i + 0.0667373464927559)) + i ; i
6820,0.0,i + Abs(i)**(3/2) ; i,i + Abs(i)**(3/2) ; i
6821,0.0,s*sqrt(Abs(2*i - s)) + s ; i,s*sqrt(Abs(2*i - s)) + s ; i
6822,0.0,i*sqrt(Abs(B0 + i + s)) + i ; i,i*sqrt(Abs(i + s + 1.72070426557375)) + i ; i
6823,0.0,i*sqrt(Abs(B0 + 2*i)) + i ; i,i*sqrt(Abs(2*i + 0.0265519448444142)) + i ; i
6824,0.0,i ; r,i ; r
6825,0.0,B0 + B1*sqrt(Abs(i)) + i ; r,i - 11.8009941331503*sqrt(Abs(i)) + 41.0055553542591 ; r
6826,0.0,B0 + sqrt(Abs(i*s**2 + s**2)) ; r,sqrt(Abs(i*s**2 + s**2)) + 0.00525874247758788 ; r
6827,0.0,sqrt(Abs(i)) ; r,sqrt(Abs(i)) ; r
6828,0.0,sqrt(Abs(B0 + s)) ; r,sqrt(Abs(s + 27.8310460989066)) ; r
6829,0.0,sqrt(Abs(B0 + i)) ; r,sqrt(Abs(i + 0.015371654168874)) ; r
6830,0.0,i*sqrt(Abs(s)) ; r,i*sqrt(Abs(s)) ; r
6831,0.0,sqrt(Abs(B0*s + s*sqrt(Abs(i)))) ; r,sqrt(Abs(s*sqrt(Abs(i)) - 0.0622299079238333*s)) ; r
6832,0.0,sqrt(Abs(B0*s + s**3)) ; r,sqrt(Abs(s**3 + 0.0241549064919391*s)) ; r
6833,0.0,sqrt(Abs(B0*i**3 - i**2*s)) ; r,sqrt(Abs(0.00370936775890668*i**3 - i**2*s)) ; r
6834,0.0,sqrt(Abs(i))*Abs(B0 + s)**(1/4) ; r,sqrt(Abs(i))*Abs(s + 42.3175315822656)**(1/4) ; r
6835,0.0,sqrt(Abs(B0*s - s**2)) ; r,sqrt(Abs(s**2 - 0.0131884516282089*s)) ; r
6836,0.0,sqrt(Abs(B0*i + i*s)) ; r,sqrt(Abs(i*s + 23.9669707112322*i)) ; r
6837,0.0,sqrt(Abs(i**2 - i*s**2)) ; r,sqrt(Abs(i**2 - i*s**2)) ; r
6838,0.0,sqrt(Abs(B0*sqrt(Abs(s)) - Abs(s)**(3/2))) ; r,sqrt(Abs(Abs(s)**(3/2) - 54.06574817328*sqrt(Abs(s)))) ; r
6839,0.0,Abs(i)**(1/8)*sqrt(Abs(s)) ; r,Abs(i)**(1/8)*sqrt(Abs(s)) ; r
6840,0.0,sqrt(Abs(B0*i + i**2*Abs(s)**(1/4))) ; r,sqrt(Abs(i**2*Abs(s)**(1/4) + 0.0313811858963189*i)) ; r
6841,0.0,sqrt(Abs(B0*i + Abs(i)**(5/4))) ; r,sqrt(Abs(0.0541128299945077*i - Abs(i)**(5/4))) ; r
6842,0.0,sqrt(Abs(B0*i - i**3*s)) ; r,sqrt(Abs(i**3*s - 7.93558649728369e-5*i)) ; r
6843,0.0,sqrt(Abs(i*s - i*sqrt(Abs(B0 + s)))) ; r,sqrt(Abs(i*s - i*sqrt(Abs(s + 38.1812602170055)))) ; r
6844,0.0,sqrt(Abs(s**2 - s*sqrt(Abs(i - s)))) ; r,sqrt(Abs(s**2 - s*sqrt(Abs(i - s)))) ; r
6845,0.0,sqrt(Abs(i**2 - i*sqrt(Abs(B0*i + B1)))) ; r,sqrt(Abs(i**2 - i*sqrt(Abs(61.9281651389741*i + 8.44521643806269)))) ; r
6846,0.0,sqrt(Abs(B0*s + Abs(s)**(9/8))) ; r,sqrt(Abs(1.08741334736285*s + Abs(s)**(9/8))) ; r
6847,0.0,sqrt(Abs(s**2 - Abs(s)**(5/4))) ; r,sqrt(Abs(s**2 - Abs(s)**(5/4))) ; r
6848,0.0,sqrt(Abs(B0*i - i**2*s)) ; r,sqrt(Abs(i**2*s - 0.000567150795497959*i)) ; r
6849,0.0,sqrt(Abs(i))*sqrt(Abs(s)) ; r,sqrt(Abs(i))*sqrt(Abs(s)) ; r
6850,0.0,sqrt(Abs(i*s - Abs(i)**(1/4)*Abs(s)**(5/4))) ; r,sqrt(Abs(i*s - Abs(i)**(1/4)*Abs(s)**(5/4))) ; r
6851,0.0,sqrt(Abs(i*s - Abs(i)**(5/4))) ; r,sqrt(Abs(i*s - Abs(i)**(5/4))) ; r
6852,0.0,sqrt(Abs(s**2 - s*Abs(i)**(1/4))) ; r,sqrt(Abs(s**2 - s*Abs(i)**(1/4))) ; r
6853,0.0,sqrt(Abs(i**2 - Abs(i)**(5/4))) ; r,sqrt(Abs(i**2 - Abs(i)**(5/4))) ; r
6854,0.0,Abs(i)**(3/2) ; B0 - i - r,Abs(i)**(3/2) ; -i - r + 2.11013286429376
6855,0.0,B0*i*s - s**2 ; i**2,1.08834467288086*i*s - s**2 ; i**2
6856,0.0,i**2*s**3 + i*s**2 - s**2 ; i*r,i**2*s**3 + i*s**2 - s**2 ; i*r
6857,0.0,B0*i*s + B1*i*s**2 + B2*i**2*s ; B3 + r,0.0378653981398647*i**2*s + 0.279739605859738*i*s**2 - 0.141356799619654*i*s ; r + 0.232776550961468
6858,0.0,B0*i**2 + B1*i**2*s ; B2 + r,0.000647139704999606*i**2*s + 0.000747620763784883*i**2 ; r + 0.00103106209162647
6859,0.0,B0*i**3 + B1*i**2*s ; B2 - i + r + sqrt(Abs(r)),2.46030125564776*i**3 + 87.3328136408249*i**2*s ; -i + r + sqrt(Abs(r)) - 0.0286130180341871
6860,0.0,B0*i**3 ; i**2 + r,15.1200452160866*i**3 ; i**2 + r
6861,0.0,B0*i**3 ; 2*i**2 + r + Abs(i)**(3/2),4.71416609921151*i**3 ; 2*i**2 + r + Abs(i)**(3/2)
6862,0.0,B0*i*s**2 + B1*i**2*s ; B2 + B3*i + B4*r,-3.64694193095317*i**2*s - 0.0361081694817348*i*s**2 ; -1.23415088216265*i + 3.35316169367549*r + 0.416727256803137
6863,0.0,B0*i**3 ; 3*i**2 + r,230.240150263786*i**3 ; 3*i**2 + r
6864,0.0,B0*i**3 ; 2*i**2 + i*r + r,2.03654813065689*i**3 ; 2*i**2 + i*r + r
6865,0.0,i**3 + i**2*s ; r,i**3 + i**2*s ; r
6866,0.0,i**2 ; i*r,i**2 ; i*r
6867,0.0,-s*sqrt(Abs(i)) + sqrt(Abs(i))*sqrt(Abs(B0 - s)) ; r**2,-s*sqrt(Abs(i)) + sqrt(Abs(i))*sqrt(Abs(s - 0.0326207360364301)) ; r**2
6868,0.0,B0*sqrt(Abs(i)) + i ; B1*r + 3*i*r,i + 0.00529464363741967*sqrt(Abs(i)) ; 3*i*r + 23.7249236733675*r
6869,0.0,B0*Abs(s)**(1/4) + i**2*Abs(s)**(1/4) ; B1*i*r - i*r**2 + i*Abs(r)**(3/2),i**2*Abs(s)**(1/4) + 0.0350991004855291*Abs(s)**(1/4) ; -i*r**2 + 0.000178250913356495*i*r + i*Abs(r)**(3/2)
6870,0.0,i*Abs(B0*i + s)**(1/4) ; i**2 - i*sqrt(Abs(B1 + r)),i*Abs(0.970386711862155*i + s)**(1/4) ; i**2 - i*sqrt(Abs(r + 35.9138531434848))
6871,0.0,i*Abs(s)**(1/4) ; i*r,i*Abs(s)**(1/4) ; i*r
6872,0.0,-s*Abs(i)**(1/4) ; B0*i + B1*r,-s*Abs(i)**(1/4) ; 1.64221376057113*i + 1.78053173456509*r
6873,0.0,B0*Abs(s)**(1/4) + i*Abs(s)**(1/4) ; B1*sqrt(Abs(r)),i*Abs(s)**(1/4) + 0.00818174648349501*Abs(s)**(1/4) ; 0.000972429493096861*sqrt(Abs(r))
6874,0.0,i*Abs(2*i*s + s**2)**(1/4) ; 2*i*r**3,i*Abs(2*i*s + s**2)**(1/4) ; 2*i*r**3
6875,0.0,i*Abs(B0*s + i*s)**(1/4) ; B1*sqrt(Abs(r)) - i*sqrt(Abs(r)),i*Abs(i*s - 15.6206730599315*s)**(1/4) ; -i*sqrt(Abs(r)) + 86.0345726284151*sqrt(Abs(r))
6876,0.0,Abs(i)**(3/2)*Abs(s)**(1/4) ; 2**(1/4)*r*Abs(i)**(1/4),Abs(i)**(3/2)*Abs(s)**(1/4) ; 2**(1/4)*r*Abs(i)**(1/4)
6877,0.0,i*Abs(B0*i - i**2)**(1/4) ; B1*r**2,i*Abs(i**2 - 15.0138259483541*i)**(1/4) ; 47.8539299276711*r**2
6878,0.0,i*Abs(i**2 - i*s)**(1/4) ; B0*r,i*Abs(i**2 - i*s)**(1/4) ; 0.0148680791409734*r
6879,0.0,i*Abs(B0*i + i*s)**(1/4) ; B1*r + r**2 + Abs(r)**(3/2),i*Abs(i*s + 2.36392974475137*i)**(1/4) ; r**2 + 1.95335237349123*r + Abs(r)**(3/2)
6880,0.0,i*Abs(B0*i + i**2)**(1/4) ; B1*r + i*r - r**2,i*Abs(i**2 + 0.0595725962114675*i)**(1/4) ; i*r - r**2 + 0.158044473764586*r
6881,0.0,Abs(i)**(11/8) ; B0*i - i**2 + i*r,Abs(i)**(11/8) ; -i**2 + i*r + 3.28303785456911*i
6882,0.0,Abs(i)**(11/8) ; B0*i*r,Abs(i)**(11/8) ; 0.0148762176783629*i*r
6883,0.0,Abs(i)**(11/8) ; B0*r**2 + i*r,Abs(i)**(11/8) ; i*r + 1.46818892351355*r**2
6884,0.0,Abs(i)**(11/8) ; B0*r + i**2*r + i*r,Abs(i)**(11/8) ; i**2*r + i*r + 0.0341283210161571*r
6885,0.0,Abs(i)**(11/8) ; B0*r + B1*r**2,Abs(i)**(11/8) ; 0.000102790375891862*r**2 + 0.00446702296693592*r
6886,0.0,Abs(i)**(11/8) ; B0*r + B1*r**2 + 2*i*r,Abs(i)**(11/8) ; 2*i*r + 0.0112688836333718*r**2 + 0.419299419819158*r
6887,0.0,B0*s + i*s ; Abs(r + sqrt(Abs(i)))**(1/4),i*s + 0.188948339511763*s ; Abs(r + sqrt(Abs(i)))**(1/4)
6888,0.0,B0*i + B0*s + s*sqrt(Abs(i)) + Abs(i)**(3/2) ; B1 + r,-1.37289016482686*i + s*sqrt(Abs(i)) - 1.37289016482686*s + Abs(i)**(3/2) ; r + 1.68767366145858
6889,0.0,2*i**2 + i*s ; r,2*i**2 + i*s ; r
6890,0.0,-i**3 + i**2*Abs(s)**(1/8) ; i + r,-i**3 + i**2*Abs(s)**(1/8) ; i + r
6891,0.0,i*s**2 ; B0 + B1*i**3 + r,i*s**2 ; 4.58479534142554*i**3 + r + 0.0545345108024186
6892,0.0,B0*i*s + i*s**2 ; B1 + i,i*s**2 - 0.00617777464721176*i*s ; i + 0.000882867615845953
6893,0.0,i**3 - i**2*s ; sqrt(Abs(B0 + 2*i - r)),i**3 - i**2*s ; sqrt(Abs(2*i - r + 3.42080077011913))
6894,0.0,B0 + B1*s - s**2 ; sqrt(Abs(B2 - i)),-s**2 + 1.70763181743376*s + 7.9664995017484 ; sqrt(Abs(i - 11.569146663336))
6895,0.0,-s**2 + s*sqrt(Abs(i)) ; r + sqrt(Abs(r)),-s**2 + s*sqrt(Abs(i)) ; r + sqrt(Abs(r))
6896,0.0,B0*i + 2*i**2 + 2*i*s ; B1 + r,2*i**2 + 2*i*s + 1.49950472899788*i ; r + 0.0303793643972008
6897,0.0,-s*sqrt(Abs(i)) + 2*Abs(i)**(3/2) ; -i**2 + i*r + i + r,-s*sqrt(Abs(i)) + 2*Abs(i)**(3/2) ; -i**2 + i*r + i + r
6898,0.0,i*sqrt(Abs(s)) ; 2*r,i*sqrt(Abs(s)) ; 2*r
6899,0.0,i*sqrt(Abs(i*s - i)) ; 2*r,i*sqrt(Abs(i*s - i)) ; 2*r
6900,0.0,-i*s + s*sqrt(Abs(-B0 + i + s)) ; i + r,-i*s + s*sqrt(Abs(i + s - 0.0172253451119803)) ; i + r
6901,0.0,i*s ; i + sqrt(Abs(i)),i*s ; i + sqrt(Abs(i))
6902,0.0,B0*i**2*s + i*s**2 + i*s ; i + sqrt(Abs(B1 + i)),-0.170088711227201*i**2*s + i*s**2 + i*s ; i + sqrt(Abs(i + 2.41531648677571))
6903,0.0,Abs(i)**(5/2) ; i + r,Abs(i)**(5/2) ; i + r
6904,0.0,i*s ; B0 + i,i*s ; i + 0.000508838381895571
6905,0.0,i*s ; i + r,i*s ; i + r
6906,0.0,-i**2*s + i*s**2 ; i + r,-i**2*s + i*s**2 ; i + r
6907,0.0,s*sqrt(Abs(i)) ; i + r,s*sqrt(Abs(i)) ; i + r
6908,0.0,sqrt(Abs(i))*sqrt(Abs(B0 - s)) ; B1 + B2*sqrt(Abs(i)),sqrt(Abs(i))*sqrt(Abs(s + 1.83787279460244)) ; 0.514862845458273*sqrt(Abs(i)) + 5.88957851576594
6909,0.0,B0 + B1*i**2 + B1*s ; B2 + r,4.33747012794874e-8*i**2 + 4.33747012794874e-8*s + 3.21686425112457 ; r - 0.0559636788970106
6910,0.0,s*sqrt(Abs(B0 - i)) ; sqrt(Abs(B1 + sqrt(Abs(r)))),s*sqrt(Abs(i - 0.000191861828568102)) ; sqrt(sqrt(Abs(r)) + 0.0204682128819947)
6911,0.0,i*sqrt(Abs(B0 - sqrt(Abs(s)))) ; B1 + r + sqrt(Abs(r)),i*sqrt(Abs(sqrt(Abs(s)) - 7.81037224670294)) ; r + sqrt(Abs(r)) - 0.00509748847659641
6912,0.0,B1*sqrt(Abs(B0 + s)) + i*sqrt(Abs(B0 + s)) ; Abs(B2 + B3*sqrt(Abs(i)))**(1/4),i*sqrt(Abs(s + 1.44514537354009)) + 1.42014135837291*sqrt(Abs(s + 1.44514537354009)) ; (0.694463115657449*sqrt(Abs(i)) + 0.206225136295157)**(1/4)
6913,0.0,s*sqrt(Abs(i - 2*s)) ; B0*r + B1*i*r - i,s*sqrt(Abs(i - 2*s)) ; 0.0532347211330536*i*r - i - 0.0420029771846082*r
6914,0.0,i*sqrt(Abs(i**4 - s)) ; B0*r*sqrt(Abs(i)),i*sqrt(Abs(i**4 - s)) ; 0.0230996160674806*r*sqrt(Abs(i))
6915,0.0,i*sqrt(Abs(B0 - i + s + sqrt(Abs(s)))) ; i + r - sqrt(Abs(i - r)),i*sqrt(Abs(-i + s + sqrt(Abs(s)) + 171.858673462149)) ; i + r - sqrt(Abs(i - r))
6916,0.0,i*sqrt(Abs(B1 - i + sqrt(Abs(B0 + s)))) ; B2*i*r,i*sqrt(Abs(i - sqrt(Abs(s + 1180.2848680248)) + 23.8408739052564)) ; 0.002125205267428*i*r
6917,0.0,s*sqrt(Abs(B0 + i)) ; B1 - i + r + Abs(i)**(1/4),s*sqrt(Abs(i + 14.0531488109336)) ; -i + r + Abs(i)**(1/4) + 94.2282024570998
6918,0.0,i*sqrt(Abs(B0 - i)) ; sqrt(Abs(i)),i*sqrt(Abs(i + 0.0364154633909814)) ; sqrt(Abs(i))
6919,0.0,sqrt(Abs(i))*sqrt(Abs(B0 - s)) ; r,sqrt(Abs(i))*sqrt(Abs(s - 0.0564150553172135)) ; r
6920,0.0,i*sqrt(Abs(B0 - i)) - s*sqrt(Abs(B0 - i)) ; i,i*sqrt(Abs(i - 0.17545566102471)) - s*sqrt(Abs(i - 0.17545566102471)) ; i
6921,0.0,sqrt(Abs(s))*sqrt(Abs(B0 - s)) ; i,sqrt(Abs(s))*sqrt(Abs(s - 0.00456340670828414)) ; i
6922,0.0,i*sqrt(Abs(B0 - s*sqrt(Abs(i)))) ; B1 - r,i*sqrt(Abs(s*sqrt(Abs(i)) - 11.6792595199743)) ; 1.58573589155535 - r
6923,0.0,sqrt(Abs(s))*sqrt(Abs(B0 - i)) ; r,sqrt(Abs(s))*sqrt(Abs(i - 70.2513611789248)) ; r
6924,0.0,i*sqrt(Abs(B0 - sqrt(Abs(s)))) ; r,i*sqrt(Abs(sqrt(Abs(s)) - 1.42433101582364)) ; r
6925,0.0,i*sqrt(Abs(B0 - s)) ; r,i*sqrt(Abs(s + 0.00221225114769678)) ; r
6926,0.0,i*sqrt(Abs(B0 - i)) ; r,i*sqrt(Abs(i - 10.5717569808548)) ; r
6927,0.0,i*sqrt(Abs(B0 - i*sqrt(Abs(s)))) ; r,i*sqrt(Abs(i*sqrt(Abs(s)) - 3.25248927024941)) ; r
6928,0.0,i*sqrt(Abs(-B0 + s + sqrt(Abs(i)))) ; r,i*sqrt(Abs(s + sqrt(Abs(i)) - 0.0207998835580808)) ; r
6929,0.0,i*sqrt(Abs(B0 - 2*i*s)) ; r,i*sqrt(Abs(2*i*s + 0.00496676932775076)) ; r
6930,0.0,i*sqrt(Abs(-B0 + s + sqrt(Abs(s)))) ; r,i*sqrt(Abs(s + sqrt(Abs(s)) + 0.0905987219567487)) ; r
6931,0.0,B0*i + i*sqrt(Abs(s)) ; sqrt(Abs(r)),i*sqrt(Abs(s)) + 0.000446933802689439*i ; sqrt(Abs(r))
6932,0.0,i*sqrt(Abs(i**2 - i*s)) ; B0*sqrt(Abs(r)) + r + Abs(r)**(3/2),i*sqrt(Abs(i**2 - i*s)) ; r + Abs(r)**(3/2) + 0.000112574082332954*sqrt(Abs(r))
6933,0.0,i*sqrt(Abs(B0*i + i*s)) ; sqrt(Abs(B1*sqrt(Abs(r)) + B2)),i*sqrt(Abs(i*s + 0.0344207484537465*i)) ; sqrt(Abs(0.0199079232958494*sqrt(Abs(r)) - 0.00778900884337282))
6934,0.0,i*Abs(s)**(3/2) ; -i + r,i*Abs(s)**(3/2) ; -i + r
6935,0.0,i*sqrt(Abs(B0*s**2 + B1*s)) ; sqrt(Abs(i - sqrt(Abs(B3 + sqrt(Abs(B2 + r)))))),i*sqrt(Abs(0.00086333328558038*s**2 - 0.0066280414236225*s)) ; sqrt(Abs(i - sqrt(sqrt(Abs(r + 25.0311427327902)) + 3.66265508689838)))
6936,0.0,i*sqrt(Abs(B0*s**2 + B1*s)) ; B2 + sqrt(Abs(r)),i*sqrt(Abs(0.00087583941953889*s**2 - 0.0572853542049594*s)) ; sqrt(Abs(r)) + 0.0797592125019906
6937,0.0,i*sqrt(Abs(B0*i*s + i**2*s)) ; B1*r,i*sqrt(Abs(i**2*s - 8.58217118412799*i*s)) ; 8.70334765794911*r
6938,0.0,sqrt(2)*i**2*sqrt(Abs(s)) ; i**3,sqrt(2)*i**2*sqrt(Abs(s)) ; i**3
6939,0.0,i*sqrt(Abs(i**2*s + i*s**2)) ; i**3,i*sqrt(Abs(i**2*s + i*s**2)) ; i**3
6940,0.0,B0*i*s**2 - s**3 ; sqrt(Abs(r - sqrt(Abs(B1 + i)))),3.66403949364965*i*s**2 - s**3 ; sqrt(Abs(r - sqrt(Abs(i + 22.6951958278581))))
6941,0.0,i*sqrt(Abs(i*sqrt(Abs(i + s)) + s)) ; r,i*sqrt(Abs(i*sqrt(Abs(i + s)) + s)) ; r
6942,0.0,sqrt(Abs(i))*sqrt(Abs(i - 2*s)) ; B0 + 2*r,sqrt(Abs(i))*sqrt(Abs(i - 2*s)) ; 2*r + 0.0137222885706288
6943,0.0,s**2*sqrt(Abs(i)) - s*Abs(i)**(3/2) - Abs(i)**(3/2) ; B0*r + i*r - i - r**2,s**2*sqrt(Abs(i)) - s*Abs(i)**(3/2) - Abs(i)**(3/2) ; i*r - i - r**2 + 66.6730570828044*r
6944,0.0,-s*sqrt(Abs(i)) + Abs(i)**(3/2) ; B0*r**3 - r**2,-s*sqrt(Abs(i)) + Abs(i)**(3/2) ; 0.000207380438966918*r**3 - r**2
6945,0.0,s**2*sqrt(Abs(i)) + Abs(i)**(3/2) ; sqrt(Abs(r)),s**2*sqrt(Abs(i)) + Abs(i)**(3/2) ; sqrt(Abs(r))
6946,0.0,Abs(i)**(3/2) ; r,Abs(i)**(3/2) ; r
6947,0.0,Abs(i)**(3/2) ; -2*i + r,Abs(i)**(3/2) ; -2*i + r
6948,0.0,Abs(i)**(3/2) ; B0*i*r + 2*r**2,Abs(i)**(3/2) ; 0.0395863475992981*i*r + 2*r**2
6949,0.0,Abs(i)**(3/2) ; sqrt(Abs(r - sqrt(Abs(i)))),Abs(i)**(3/2) ; sqrt(Abs(r - sqrt(Abs(i))))
6950,0.0,Abs(i)**(3/2) ; B0*i*r**2,Abs(i)**(3/2) ; 0.000416198766041641*i*r**2
6951,0.0,Abs(i)**(3/2) ; -r + sqrt(Abs(r)),Abs(i)**(3/2) ; -r + sqrt(Abs(r))
6952,0.0,Abs(i)**(3/2) ; i*sqrt(Abs(r)),Abs(i)**(3/2) ; i*sqrt(Abs(r))
6953,0.0,Abs(i)**(3/2) ; B0*r - i + 2*r**2,Abs(i)**(3/2) ; -i + 2*r**2 + 0.670251445722482*r
6954,0.0,Abs(i)**(3/2) ; B0*i - r,Abs(i)**(3/2) ; 0.885638760573815*i - r
6955,0.0,Abs(i)**(3/2) ; B0*r,Abs(i)**(3/2) ; 0.337334990899062*r
6956,0.0,Abs(i)**(3/2) ; B0*i + B1*i**2 - r,Abs(i)**(3/2) ; 0.508199748402434*i**2 - 0.0142920742332802*i - r
6957,0.0,Abs(i)**(3/2) ; B0*Abs(i)**(1/4)*sqrt(Abs(r)) - i,Abs(i)**(3/2) ; -i + 2.09028820617103*Abs(i)**(1/4)*sqrt(Abs(r))
6958,0.0,Abs(i)**(3/2) ; B0*r + B0*sqrt(Abs(i)) - i,Abs(i)**(3/2) ; -i + 0.39955595722539*r + 0.39955595722539*sqrt(Abs(i))
6959,0.0,Abs(i)**(3/2) ; B0*r + B0*sqrt(Abs(i + r)) - i,Abs(i)**(3/2) ; -i + 0.328718387752176*r + 0.328718387752176*sqrt(Abs(i + r))
6960,0.0,B0*s + i*s ; i + r + sqrt(Abs(r)),i*s - 0.378709263814524*s ; i + r + sqrt(Abs(r))
6961,0.0,B0*i + 2*i*s ; B1 + i + r,2*i*s - 0.936391072725961*i ; i + r + 0.110071235593051
6962,0.0,i**2 ; B0 + 2*r,i**2 ; 2*r + 0.000107075945319538
6963,0.0,s*sqrt(Abs(i + sqrt(Abs(i)))) ; B0 + r + sqrt(Abs(r)),s*sqrt(Abs(i + sqrt(Abs(i)))) ; r + sqrt(Abs(r)) + 0.0416118039488373
6964,0.0,i*Abs(s)**(3/2) ; sqrt(Abs(B0 + 2*i - r)),i*Abs(s)**(3/2) ; sqrt(Abs(2*i - r + 17.4508856605926))
6965,0.0,B0*i*s**2 ; Abs(i)**(1/4),0.000463566617328825*i*s**2 ; Abs(i)**(1/4)
6966,0.0,i ; B0 + r,i ; r + 0.10662162714191
6967,0.0,i ; B0 + sqrt(Abs(B1 + i + r)),i ; sqrt(Abs(i + r + 16.2230595166294)) - 3.41074183647115
6968,0.0,i ; B0*Abs(i)**(1/4)*sqrt(Abs(r)) + r,i ; r + 0.167157346699718*Abs(i)**(1/4)*sqrt(Abs(r))
6969,0.0,i ; B0*i**3*r**2,i ; 14.9211945846069*i**3*r**2
6970,0.0,i ; sqrt(Abs(r)),i ; sqrt(Abs(r))
6971,0.0,B0 + sqrt(Abs(B1 - i + s)) ; sqrt(Abs(i)),sqrt(Abs(i - s + 0.0937126702190143)) - 0.158105499702881 ; sqrt(Abs(i))
6972,0.0,i - s**2 ; Abs(B0 + B1*r)**(1/4),i - s**2 ; Abs(41.567139197512*r + 147.561532653315)**(1/4)
6973,0.0,i ; sqrt(Abs(i - r)),i ; sqrt(Abs(i - r))
6974,0.0,i - Abs(s)**(1/4) ; sqrt(Abs(i)),i - Abs(s)**(1/4) ; sqrt(Abs(i))
6975,0.0,B0*i**2*s**2 + i**3*s**2 ; sqrt(Abs(B1 + r - sqrt(Abs(i)))),i**3*s**2 + 0.361135970695489*i**2*s**2 ; sqrt(Abs(r - sqrt(Abs(i)) + 0.147656888191145))
6976,0.0,i*sqrt(Abs(s)) ; B0*sqrt(Abs(r)),i*sqrt(Abs(s)) ; 14.7523079586088*sqrt(Abs(r))
6977,0.0,i ; sqrt(Abs(i + r)),i ; sqrt(Abs(i + r))
6978,0.0,B0 + i ; sqrt(Abs(i + r)),i + 5.31345430023152 ; sqrt(Abs(i + r))
6979,0.0,sqrt(Abs(i*s**2 + i*s - s**3)) ; B0*sqrt(Abs(r)),sqrt(Abs(i*s**2 + i*s - s**3)) ; 0.14982504243914*sqrt(Abs(r))
6980,0.0,B0 + i*sqrt(Abs(B1 + B2*i)) ; sqrt(Abs(i + Abs(i)**(1/4))),i*sqrt(Abs(5.38728531673257e-8*i + 3.79917880893511e-6)) - 3.91901819001714 ; sqrt(Abs(i + Abs(i)**(1/4)))
6981,0.0,B0*i*s**2 + i ; sqrt(Abs(r + sqrt(Abs(i))*sqrt(Abs(r)))),0.00204530621414251*i*s**2 + i ; sqrt(Abs(r + sqrt(Abs(i))*sqrt(Abs(r))))
6982,0.0,i + s - sqrt(Abs(i)) ; sqrt(Abs(B0 + 2*i)),i + s - sqrt(Abs(i)) ; sqrt(Abs(2*i + 58.9554102063819))
6983,0.0,i*sqrt(Abs(s)) ; sqrt(Abs(B0 + i)),i*sqrt(Abs(s)) ; sqrt(Abs(i + 3.27744082735122))
6984,0.0,i*sqrt(Abs(s)) + Abs(s)**(3/2) ; sqrt(Abs(B0 + i + sqrt(Abs(i))*sqrt(Abs(r)))),i*sqrt(Abs(s)) + Abs(s)**(3/2) ; sqrt(Abs(i + sqrt(Abs(i))*sqrt(Abs(r)) + 2.1124765850582))
6985,0.0,B0*i + 2*i**2 ; sqrt(Abs(B1 + B2*r + i*r)),2*i**2 + 0.473501002926737*i ; sqrt(Abs(i*r + 0.15201446620627*r + 4.43520704742598))
6986,0.0,i*s*sqrt(Abs(B0 + s)) ; sqrt(Abs(B1*i + i**2 + r)),i*s*sqrt(Abs(s + 2.11477582496667)) ; sqrt(Abs(i**2 + 0.816541714823311*i + r))
6987,0.0,sqrt(Abs(i))*sqrt(Abs(s)) ; sqrt(Abs(B0*sqrt(Abs(i)) + B1*i + r)),sqrt(Abs(i))*sqrt(Abs(s)) ; sqrt(Abs(3.2994990574757*i + r + 1.38502907280571*sqrt(Abs(i))))
6988,0.0,s*sqrt(Abs(i)) ; sqrt(Abs(B0 + i**2 + r)),s*sqrt(Abs(i)) ; sqrt(Abs(i**2 + r + 26.3204775072184))
6989,0.0,B0*i + i**3 + i**2*s ; sqrt(Abs(B1 + 2*i - r)),i**3 + i**2*s + 1.49851947917422*i ; sqrt(Abs(2*i - r + 1.55758442162004))
6990,0.0,B0*i + i**2 ; sqrt(Abs(B1 + r)),i**2 + 0.0854075819486745*i ; sqrt(Abs(r + 0.00629119113933143))
6991,0.0,B0*i + i*s ; sqrt(Abs(B1 + i)),i*s - 0.333145356880549*i ; sqrt(Abs(i + 1.34150213909689))
6992,0.0,B0*s + i*s ; sqrt(Abs(B1 + i**2)),i*s - 0.206403915113277*s ; sqrt(Abs(i**2 + 0.000483838350343987))
6993,0.0,B0*i + i**2*s - i*s ; sqrt(Abs(B1 + r)),i**2*s - i*s + 8.80951131120904*i ; sqrt(Abs(r + 0.416264662943119))
6994,0.0,B0*i**2 - 2*i**3 ; sqrt(Abs(B1 + r)),-2*i**3 + 0.426761840488609*i**2 ; sqrt(Abs(r + 0.00141244106257904))
6995,0.0,i*s ; sqrt(Abs(B0 + r)),i*s ; sqrt(Abs(r + 0.136485338688016))
6996,0.0,B0*s**2 - i*s ; sqrt(Abs(B1 + r)),-i*s - 2.480847238116*s**2 ; sqrt(Abs(r + 16.6486525911631))
6997,0.0,B0*i*s + i**2*s ; sqrt(Abs(B1 + r)),i**2*s + 12.8084100554573*i*s ; sqrt(Abs(r - 0.222596744678171))
6998,0.0,B0 + i ; r,i + 0.00153293561720814 ; r
6999,0.0,B0 + sqrt(Abs(s + sqrt(Abs(i + s)))) ; r,sqrt(Abs(s + sqrt(Abs(i + s)))) - 0.0479702579530364 ; r
7000,0.0,B0 + Abs(i)**(3/2) ; B1 - i + r,Abs(i)**(3/2) + 10.3823442146592 ; -i + r + 7.05893140011278
7001,0.0,B0 + sqrt(Abs(s)) ; Abs(r)**(1/4),sqrt(Abs(s)) - 0.0328184496152631 ; Abs(r)**(1/4)
7002,0.0,B0 - s + sqrt(Abs(s)) ; r,-s + sqrt(Abs(s)) + 0.00967730060937511 ; r
7003,0.0,B0 + i + sqrt(Abs(s)) ; B1 + B2*i + Abs(i)**(3/2),i + sqrt(Abs(s)) - 2.44694966001819 ; 28.029919994582*i + Abs(i)**(3/2) - 2.22494944235605
7004,0.0,B0 + sqrt(Abs(s + sqrt(Abs(s)))) ; i,sqrt(Abs(s + sqrt(Abs(s)))) + 0.0125419369357659 ; i
7005,0.0,i**2 + sqrt(Abs(B0 + s)) ; B1 - i*r + Abs(i)**(3/2),i**2 + sqrt(Abs(s + 2.87602005598076)) ; -i*r + Abs(i)**(3/2) + 0.644780955764629
7006,0.0,B0 + i ; sqrt(Abs(B2 + sqrt(Abs(B1*i + r)))),i + 19.8376010566457 ; sqrt(sqrt(Abs(44.8692961107442*i + r)) + 389.99560843885)
7007,0.0,2*sqrt(Abs(s)) ; sqrt(Abs(r)),2*sqrt(Abs(s)) ; sqrt(Abs(r))
7008,0.0,B0 + sqrt(Abs(i)) ; sqrt(Abs(B1 + r)),sqrt(Abs(i)) + 0.984124040956853 ; sqrt(Abs(r + 0.0374987535816829))
7009,0.0,i + sqrt(Abs(B0 + s)) ; Abs(i)**(1/4),i + sqrt(Abs(s + 0.106248863744673)) ; Abs(i)**(1/4)
7010,0.0,i + sqrt(Abs(B0*s + s**2)) ; sqrt(Abs(i**2 + i*r)),i + sqrt(Abs(s**2 + 17.5396630166078*s)) ; sqrt(Abs(i**2 + i*r))
7011,0.0,i + Abs(B0 + sqrt(Abs(s)))**(1/4) ; sqrt(Abs(r)),i + (sqrt(Abs(s)) + 0.999896704819455)**(1/4) ; sqrt(Abs(r))
7012,0.0,B0 + i ; sqrt(Abs(B1*sqrt(Abs(i))*sqrt(Abs(r)) - i + r)),i + 12.0571812012467 ; sqrt(Abs(i - r + 26.3526623899991*sqrt(Abs(i))*sqrt(Abs(r))))
7013,0.0,B0 + i ; sqrt(Abs(r*Abs(i)**(3/2) - Abs(i)**(5/2))),i + 0.0695887408931912 ; sqrt(Abs(r*Abs(i)**(3/2) - Abs(i)**(5/2)))
7014,0.0,i + Abs(B0 + i)**(1/4) ; sqrt(Abs(B1 + B2*r + i*r - r**2)),i + Abs(i + 75.8568157934725)**(1/4) ; sqrt(Abs(i*r - r**2 + 10.7397508170194*r + 7.59217662060389e-10))
7015,0.0,s + sqrt(Abs(B0 + i*s - i)) ; sqrt(Abs(B1 + r)),s + sqrt(Abs(i*s - i + 17.3754072691023)) ; sqrt(Abs(r - 0.0561366276792664))
7016,0.0,B0 + i ; sqrt(Abs(B1 + B2*r + i)),i + 7.36877844290959 ; sqrt(Abs(i + 11.0078542636705*r + 2.34392354722455))
7017,0.0,i + sqrt(Abs(B0 + s)) ; sqrt(Abs(B1 + B2*r)),i + sqrt(Abs(s + 2.86663998370863)) ; sqrt(Abs(6.19775303437659*r - 2.54325009299301e-8))
7018,0.0,3*i + s + sqrt(Abs(s)) ; sqrt(Abs(B0 + B1*r)),3*i + s + sqrt(Abs(s)) ; sqrt(Abs(2.41902449423561*r - 4.17753829044535))
7019,0.0,i + sqrt(Abs(s)) ; sqrt(Abs(i*r + i)),i + sqrt(Abs(s)) ; sqrt(Abs(i*r + i))
7020,0.0,i*s + i + s**2 + sqrt(Abs(s)) ; sqrt(2)*sqrt(Abs(r)),i*s + i + s**2 + sqrt(Abs(s)) ; sqrt(2)*sqrt(Abs(r))
7021,0.0,Abs(s)**(3/2) + sqrt(Abs(s)) ; sqrt(Abs(B0 + 2*r)),Abs(s)**(3/2) + sqrt(Abs(s)) ; sqrt(Abs(2*r + 0.0075846504753747))
7022,0.0,(1 + sqrt(2))*sqrt(Abs(s)) ; sqrt(Abs(B0 + B1*i)),(1 + sqrt(2))*sqrt(Abs(s)) ; sqrt(Abs(0.189372849446975*i + 0.736415119829021))
7023,0.0,B0 + sqrt(Abs(s)) ; sqrt(2)*sqrt(Abs(i)),sqrt(Abs(s)) - 0.0328213610200018 ; sqrt(2)*sqrt(Abs(i))
7024,0.0,B0 + i + 2*sqrt(Abs(s)) ; sqrt(Abs(r + sqrt(Abs(r)))),i + 2*sqrt(Abs(s)) + 0.29506930436001 ; sqrt(Abs(r + sqrt(Abs(r))))
7025,0.0,i + sqrt(Abs(s)) ; sqrt(Abs(i + sqrt(Abs(r)))),i + sqrt(Abs(s)) ; sqrt(Abs(i + sqrt(Abs(r))))
7026,0.0,B0 + sqrt(Abs(s)) ; sqrt(Abs(i + r)),sqrt(Abs(s)) - 0.0328213324350023 ; sqrt(Abs(i + r))
7027,0.0,B0 + sqrt(Abs(s)) ; sqrt(Abs(2*i + r)),sqrt(Abs(s)) - 0.0328213534329837 ; sqrt(Abs(2*i + r))
7028,0.0,i ; B0 + B1*sqrt(Abs(i))*sqrt(Abs(r)),i ; 0.61867051362676*sqrt(Abs(i))*sqrt(Abs(r)) - 0.00261500382081579
7029,0.0,i ; B0 + B1*sqrt(Abs(i))*sqrt(Abs(r)) - i,i ; -i - 2.60343735642067*sqrt(Abs(i))*sqrt(Abs(r)) + 0.900379612442666
7030,0.0,i ; i - sqrt(Abs(r)),i ; i - sqrt(Abs(r))
7031,0.0,i - s ; -i + r,i - s ; -i + r
7032,0.0,i ; -i,i ; -i
7033,0.0,Abs(i)**(1/4) ; -i + sqrt(Abs(B0 + r)),Abs(i)**(1/4) ; -i + sqrt(Abs(r + 0.0721954871415214))
7034,0.0,i ; B0 + sqrt(Abs(B1 + i - 2*r)),i ; sqrt(Abs(i - 2*r + 7.49810062458615)) - 0.704721694001798
7035,0.0,i ; B0 - sqrt(Abs(i)),i ; 0.77945425119594 - sqrt(Abs(i))
7036,0.0,i**2 ; -2*r**2 + sqrt(Abs(i)),i**2 ; -2*r**2 + sqrt(Abs(i))
7037,0.0,i**2 ; -i + sqrt(Abs(B0*i + B0*r)),i**2 ; -i + sqrt(Abs(0.0461808388636898*i + 0.0461808388636898*r))
7038,0.0,sqrt(Abs(i**3 + i*s)) ; r + Abs(i)**(1/4),sqrt(Abs(i**3 + i*s)) ; r + Abs(i)**(1/4)
7039,0.0,sqrt(Abs(s)) ; B0 + sqrt(Abs(B1 + i - r + sqrt(Abs(r)))),sqrt(Abs(s)) ; sqrt(Abs(i - r + sqrt(Abs(r)) + 1.11882936946453)) + 0.319924851453707
7040,0.0,sqrt(Abs(i)) ; B0 - i,sqrt(Abs(i)) ; 0.478888311373356 - i
7041,0.0,sqrt(Abs(B0 + i*sqrt(Abs(s)) + s)) ; -r + sqrt(Abs(i)),sqrt(Abs(i*sqrt(Abs(s)) + s + 0.047555745998865)) ; -r + sqrt(Abs(i))
7042,0.0,sqrt(Abs(s)) ; B0 + r,sqrt(Abs(s)) ; r + 0.461184881654191
7043,0.0,sqrt(Abs(B0*i + s)) ; -i + sqrt(Abs(B1 + r)),sqrt(Abs(0.444460409253192*i + s)) ; -i + sqrt(Abs(r - 1.01005372085405))
7044,0.0,Abs(B0 + i + s**2 - s)**(1/4) ; -r + sqrt(Abs(B1 + B2*i)),Abs(i + s**2 - s - 69.8953099098424)**(1/4) ; -r + sqrt(Abs(139.710332722072*i + 8.97810862193852))
7045,0.0,sqrt(Abs(s)) ; B0*i - r,sqrt(Abs(s)) ; 0.0199588970585294*i - r
7046,0.0,sqrt(Abs(s)) ; -r + Abs(B0 + 2*r)**(1/4),sqrt(Abs(s)) ; -r + Abs(2*r + 0.252806013562725)**(1/4)
7047,0.0,sqrt(Abs(i))*sqrt(Abs(s)) ; B0 + sqrt(Abs(r)),sqrt(Abs(i))*sqrt(Abs(s)) ; sqrt(Abs(r)) + 0.000705556343096354
7048,0.0,sqrt(Abs(i))*sqrt(Abs(s)) ; i*Abs(i + r)**(1/4) - i,sqrt(Abs(i))*sqrt(Abs(s)) ; i*Abs(i + r)**(1/4) - i
7049,0.0,sqrt(Abs(B0*i + B0*s - i*s - s**2)) ; B1 + sqrt(Abs(r)),sqrt(Abs(i*s + 29.7399400897739*i + s**2 + 29.7399400897739*s)) ; sqrt(Abs(r)) - 0.970527699783929
7050,0.0,sqrt(Abs(i))*Abs(s)**(1/4) ; -i + sqrt(Abs(i))*sqrt(Abs(r)),sqrt(Abs(i))*Abs(s)**(1/4) ; -i + sqrt(Abs(i))*sqrt(Abs(r))
7051,0.0,sqrt(Abs(i))*sqrt(Abs(s)) ; B0 - r,sqrt(Abs(i))*sqrt(Abs(s)) ; 47.3731156260192 - r
7052,0.0,sqrt(Abs(2*i*s + s**2)) ; B0 - 2*i + r,sqrt(Abs(2*i*s + s**2)) ; -2*i + r + 0.374252418527713
7053,0.0,sqrt(Abs(B0*s + 2*i*s)) ; B1 - r,sqrt(Abs(2*i*s + 193.832030681121*s)) ; 155.70913577845 - r
7054,0.0,sqrt(Abs(B0*s - 2*i*s + 2*s**2)) ; B1 - r,sqrt(Abs(2*i*s - 2*s**2 + 0.551337213986596*s)) ; 102.087970853324 - r
7055,0.0,sqrt(Abs(s*Abs(i)**(3/2) - Abs(i)**(5/2))) ; B0 - i,sqrt(Abs(s*Abs(i)**(3/2) - Abs(i)**(5/2))) ; 5.02703633509548 - i
7056,0.0,sqrt(Abs(B0*Abs(s)**(3/2) + i*s)) ; B1 - 2*r,sqrt(Abs(i*s + 11.6300496011059*Abs(s)**(3/2))) ; -2*r - 67.9032498137006
7057,0.0,sqrt(Abs(B0*i + i*s)) ; B1 - sqrt(Abs(i)),sqrt(Abs(i*s + 2.1692630397653*i)) ; 10.9877304905306 - sqrt(Abs(i))
7058,0.0,sqrt(Abs(i))*sqrt(Abs(s))*Abs(i - s)**(1/4) ; B0 - 2*i,sqrt(Abs(i))*sqrt(Abs(s))*Abs(i - s)**(1/4) ; 0.858951571270718 - 2*i
7059,0.0,sqrt(Abs(i))*sqrt(Abs(s))*Abs(B0 - s)**(1/4) ; B1 - i,sqrt(Abs(i))*sqrt(Abs(s))*Abs(s - 5.38739143818263)**(1/4) ; 12.0205432507556 - i
7060,0.0,sqrt(Abs(s*Abs(i)**(3/2) - Abs(i)**(5/2))) ; B0 + i - sqrt(Abs(i - r)),sqrt(Abs(s*Abs(i)**(3/2) - Abs(i)**(5/2))) ; i - sqrt(Abs(i - r)) + 7.63553625773519
7061,0.0,sqrt(Abs(B0*i*s + i*s**2)) ; B1 - i,sqrt(Abs(i*s**2 + 21.9788630012374*i*s)) ; 24.8668124905254 - i
7062,0.0,sqrt(2)*sqrt(Abs(i))*Abs(s)**(3/4) ; B0 - i,sqrt(2)*sqrt(Abs(i))*Abs(s)**(3/4) ; 6.55178666704329 - i
7063,0.0,sqrt(Abs(i*Abs(s)**(3/2) - Abs(s)**(5/2))) ; B0 - i,sqrt(Abs(i*Abs(s)**(3/2) - Abs(s)**(5/2))) ; 1.64792643097831 - i
7064,0.0,i*Abs(s)**(3/4) ; B0 - i,i*Abs(s)**(3/4) ; 0.0461315678254868 - i
7065,0.0,sqrt(Abs(i))*sqrt(Abs(s)) ; B0 - i,sqrt(Abs(i))*sqrt(Abs(s)) ; 1.07026215759862 - i
7066,0.0,sqrt(Abs(i))*Abs(s)**(3/4) ; B0 - i,sqrt(Abs(i))*Abs(s)**(3/4) ; 4.03566015242034 - i
7067,0.0,B0*sqrt(Abs(i)) + i ; B1 + i*r,i + 0.21964877744151*sqrt(Abs(i)) ; i*r + 2.95472258243701e-9
7068,0.0,i*s + 3*s**2 ; B0 + B1*r**3,i*s + 3*s**2 ; 0.843157375180935 - 9.86561545176701*r**3
7069,0.0,i*sqrt(Abs(s)) + sqrt(Abs(i))*Abs(s)**(3/2) ; B0 + B1*r,i*sqrt(Abs(s)) + sqrt(Abs(i))*Abs(s)**(3/2) ; -1.53191517768239*r - 0.0728433934620843
7070,0.0,i*sqrt(Abs(-B0 + i + s**2)) ; B1 + B2*r**2,i*sqrt(Abs(i + s**2 - 0.280681078385505)) ; 0.431279274373897 - 3.42321330104603*r**2
7071,0.0,sqrt(Abs(s))*sqrt(Abs(B0 - i)) ; B1 + B3*sqrt(Abs(B2 + r)),sqrt(Abs(s))*sqrt(Abs(i - 12.0068266806848)) ; 1.18557820253767*sqrt(Abs(r + 1.09208005069225)) + 1.14002231678135
7072,0.0,i*sqrt(Abs(i + Abs(s)**(3/2))) ; B0 + B1*i*r,i*sqrt(Abs(i + Abs(s)**(3/2))) ; 0.313710755589203*i*r + 0.475780567759105
7073,0.0,B0*s + i*s ; B1 + i + r,i*s + 4.11129792930792*s ; i + r + 0.000666942287285466
7074,0.0,B0*i**2 + B1*i*s ; B2 + B3*r - i,-0.158560520848751*i**2 - 0.149701818995284*i*s ; -i + 0.421600359933459*r - 0.69934890556916
7075,0.0,B0*i*s + B1*i**2*s + B1*i*s**2 ; B2 - i,1.49909225988036*i**2*s + 1.49909225988036*i*s**2 + 1.81535013150543*i*s ; -i - 0.48788997197066
7076,0.0,B0*i**2 + B1*i**3 + B2*i**2*s ; B3 - i + Abs(r)**(1/4),0.019836743725068*i**3 - 0.00129160665998251*i**2*s + 0.58208388932568*i**2 ; -i + Abs(r)**(1/4) + 10.5694652151884
7077,0.0,B0*i*s + i*s**3 - i*s**2 ; B1 + 2*r - sqrt(Abs(i + r)),i*s**3 - i*s**2 + 0.922230680714455*i*s ; 2*r - sqrt(Abs(i + r)) + 1.53977725588488
7078,0.0,B0*i*s**2 + i**2*s ; B1 + sqrt(Abs(B2*r + B3)),i**2*s + 0.955467173135528*i*s**2 ; sqrt(Abs(0.815633963584788*r + 0.195016205953695)) + 0.032615257980202
7079,0.0,B0*i*s + 2*i**2*s ; B1 + 2*r,2*i**2*s + 0.000955275407044082*i*s ; 2*r - 0.213759564397474
7080,0.0,i*Abs(s)**(3/2) ; B0 + B1*r + i,i*Abs(s)**(3/2) ; i + 0.0566147119657827*r + 0.00134658438592174
7081,0.0,i*s**2 + s*Abs(i)**(3/2) ; B0 + B1*i + r,i*s**2 + s*Abs(i)**(3/2) ; -0.0788586428221453*i + r + 0.0367647446151076
7082,0.0,B0*i**2*s + i**3*s ; B1 - i**2 - i,i**3*s + 0.0749278230672666*i**2*s ; -i**2 - i + 0.155480209933726
7083,0.0,i*s**2 ; B0 - i + 2*r,i*s**2 ; -i + 2*r + 0.0661166083254467
7084,0.0,B0*i*s + i*s**2 ; B1 - i + r*Abs(i)**(1/4),i*s**2 - 0.0656662119078046*i*s ; -i + r*Abs(i)**(1/4) + 0.126952051732131
7085,0.0,i*Abs(s)**(5/4) ; B0 - i + sqrt(Abs(r + sqrt(Abs(i)))),i*Abs(s)**(5/4) ; -i + sqrt(Abs(r + sqrt(Abs(i)))) + 2.90637106381583
7086,0.0,i**2*s ; B0 + B1*r - i,i**2*s ; -i + 0.952746340320359*r + 0.666744112246236
7087,0.0,i*s**2 ; B0 + Abs(i)**(1/4),i*s**2 ; Abs(i)**(1/4) + 1.97798181933398
7088,0.0,i*s*sqrt(Abs(i - s)) ; B0 + r - Abs(i)**(1/4),i*s*sqrt(Abs(i - s)) ; r - Abs(i)**(1/4) - 0.125142136626332
7089,0.0,B0*i*s + i**2*s + i*s**2 ; B1 - i,i**2*s + i*s**2 + 1.10381242263345*i*s ; 3.42859863934467 - i
7090,0.0,i*s**2 ; B0 - i + r,i*s**2 ; -i + r + 0.10136154471017
7091,0.0,B0*i**3*s ; -i + r + sqrt(Abs(i)),159.973007996589*i**3*s ; -i + r + sqrt(Abs(i))
7092,0.0,B0*i*s**2 + B1*i**2*s**2 ; B2 - i*r - i - r**2,0.000526032280829242*i**2*s**2 + 0.054382968322981*i*s**2 ; -i*r - i - r**2 + 0.0744555262347945
7093,0.0,B0*s**2 + i*s**2 - s**3 ; B1*r**2,i*s**2 - s**3 + 3.93243100678414*s**2 ; 82.5283908178831*r**2
7094,0.0,B0*s + B1*i*s**2 + i*s ; B2 + B3*i + B4*r,22.615483653341*i*s**2 + i*s - 15.2685968122168*s ; -13.3983781620698*i - 3.84694740984078*r - 8.46546387357701
7095,0.0,i**2 ; B0*sqrt(Abs(r)) + B1*r,i**2 ; 0.207311458844803*r + 4.24191203851349*sqrt(Abs(r))
7096,0.0,i*s - s**2 ; B0 + B1*i*r + B1*r,i*s - s**2 ; 0.615550195327989*i*r + 0.615550195327989*r + 0.329176766730155
7097,0.0,i*s ; sqrt(Abs(i - sqrt(Abs(i)))),i*s ; sqrt(Abs(i - sqrt(Abs(i))))
7098,0.0,i*Abs(B0 + i)**(1/4) ; B1*r + B2*r**2,i*Abs(i + 0.00561312025914878)**(1/4) ; 0.00849793659586808*r**2 + 0.000188692184972451*r
7099,0.0,B0*i + 2*i**2 ; B1*r**2 + i*r,2*i**2 + 0.114240364691449*i ; i*r + 1.37300226194252*r**2
7100,0.0,B0*i + i**2*sqrt(Abs(B1 + s)) + i*s ; r*sqrt(Abs(B2 + sqrt(Abs(r)))),i**2*sqrt(Abs(s + 5.09263178339655)) + i*s - 0.0654109234948908*i ; r*sqrt(sqrt(Abs(r)) + 0.193519328991123)
7101,0.0,3*i**2 + i*s ; B0 + B1*r + B1*sqrt(Abs(r)),3*i**2 + i*s ; 1.3859329802873*r + 1.3859329802873*sqrt(Abs(r)) + 0.182054671156182
7102,0.0,2*i**2 + i*s ; B0*i*r + r*sqrt(Abs(i)),2*i**2 + i*s ; 6.93817168352776*i*r + r*sqrt(Abs(i))
7103,0.0,B0*i + i**2 + i*s ; B1*r + i*r,i**2 + i*s + 0.0553465608684669*i ; i*r + 0.0499160009936199*r
7104,0.0,B0*i + i**2 ; B2*sqrt(Abs(r**2 + r*sqrt(Abs(B1 + r)))),i**2 + 0.202978093483477*i ; 0.00189043498709475*sqrt(Abs(r**2 + r*sqrt(Abs(r + 0.000191276129296253))))
7105,0.0,B0*s + 2*s**2 ; B1*sqrt(Abs(r)),2*s**2 + 0.507110189271607*s ; 0.021378071767222*sqrt(Abs(r))
7106,0.0,B0*s + s**2 + Abs(s)**(5/4) ; B2*Abs(B1 + i + r)**(1/4),s**2 + 1.64138369913018*s + Abs(s)**(5/4) ; 0.00120146591333007*Abs(i + r + 0.749578539426622)**(1/4)
7107,0.0,B0*s + i*s - s**2 ; B1*i,i*s - s**2 - 0.0811810975208183*s ; 0.0588375813428601*i
7108,0.0,B0*i + i**2 ; B1*r**2,i**2 + 0.123849566798685*i ; 0.00353756595723695*r**2
7109,0.0,B0*s + 2*s**2 ; B1*i,2*s**2 + 0.507089509509497*s ; 0.0185101431433546*i
7110,0.0,B0*s - s**2 ; B1*i,-s**2 + 0.685139730451761*s ; 0.386937588469283*i
7111,0.0,i*s**2 - i*s - s**2 ; i,i*s**2 - i*s - s**2 ; i
7112,0.0,i*Abs(s**2 - s*sqrt(Abs(i)))**(1/4) ; Abs(i*r - r**2)**(1/4),i*Abs(s**2 - s*sqrt(Abs(i)))**(1/4) ; Abs(i*r - r**2)**(1/4)
7113,0.0,sqrt(Abs(s)) ; i,sqrt(Abs(s)) ; i
7114,0.0,Abs(s)**(1/4)*sqrt(Abs(B0 + s)) ; r,Abs(s)**(1/4)*sqrt(Abs(s + 33.1278472970476)) ; r
7115,0.0,i*Abs(s)**(1/4) ; B0 + r,i*Abs(s)**(1/4) ; r + 0.0105162993348665
7116,0.0,i*Abs(s)**(1/16) ; B1*sqrt(Abs(B0 + i)),i*Abs(s)**(1/16) ; 0.0502264818249114*sqrt(Abs(i + 0.0344321877759248))
7117,0.0,B0*Abs(i)**(1/8) - Abs(i)**(9/8) ; i + r,-Abs(i)**(9/8) + 0.684791065979047*Abs(i)**(1/8) ; i + r
7118,0.0,s*Abs(i)**(9/8) ; sqrt(Abs(i)),s*Abs(i)**(9/8) ; sqrt(Abs(i))
7119,0.0,i*Abs(s + sqrt(Abs(s)))**(1/8) ; sqrt(Abs(i - r)),i*Abs(s + sqrt(Abs(s)))**(1/8) ; sqrt(Abs(i - r))
7120,0.0,Abs(i)**(33/32) ; Abs(r)**(1/4),Abs(i)**(33/32) ; Abs(r)**(1/4)
7121,0.0,i*Abs(i - s)**(1/8) ; sqrt(Abs(r + sqrt(Abs(r)))),i*Abs(i - s)**(1/8) ; sqrt(Abs(r + sqrt(Abs(r))))
7122,0.0,i*Abs(s)**(1/8) ; sqrt(Abs(B0 + i)),i*Abs(s)**(1/8) ; sqrt(Abs(i + 3.74455677069917))
7123,0.0,Abs(i)**(9/8) ; sqrt(Abs(B0 - i + 2*r)),Abs(i)**(9/8) ; sqrt(Abs(-i + 2*r + 0.22903964816987))
7124,0.0,Abs(i)**(9/8) ; sqrt(Abs(r + sqrt(Abs(B0 + i)))),Abs(i)**(9/8) ; sqrt(Abs(r + sqrt(Abs(i + 3.41352085379841))))
7125,0.0,Abs(i)**(33/32) ; sqrt(Abs(B0 + i + r**2)),Abs(i)**(33/32) ; sqrt(Abs(i + r**2 + 0.035813006191892))
7126,0.0,B0*Abs(s)**(1/8) + i*Abs(s)**(1/8) ; sqrt(Abs(B1 + i*r - r)),i*Abs(s)**(1/8) - 3.3723194992193*Abs(s)**(1/8) ; sqrt(Abs(i*r - r + 1.641492369376))
7127,0.0,i*Abs(B0 + sqrt(Abs(i)))**(1/8) ; sqrt(Abs(r + sqrt(Abs(i))*Abs(r)**(3/2))),i*(sqrt(Abs(i)) + 0.0181597472900596)**(1/8) ; sqrt(Abs(r + sqrt(Abs(i))*Abs(r)**(3/2)))
7128,0.0,i*Abs(B0 + B1*i)**(1/8) ; sqrt(Abs(B2 + B3*r - r**2)),i*Abs(0.00017857411378512*i + 0.0178577865120449)**(1/8) ; sqrt(Abs(r**2 + 0.000167840845611528*r - 0.0251961802004958))
7129,0.0,-i*Abs(s)**(1/8) + Abs(s)**(9/8) ; sqrt(Abs(B0*r + i + r**2)),-i*Abs(s)**(1/8) + Abs(s)**(9/8) ; sqrt(Abs(i + r**2 - 0.289173849008227*r))
7130,0.0,Abs(i)**(9/8) ; sqrt(Abs(B0*i + B1 + r)),Abs(i)**(9/8) ; sqrt(Abs(13.5171635317388*i - r + 135.67238413173))
7131,0.0,Abs(s)**(5/8) ; sqrt(Abs(B0*i + i*r)),Abs(s)**(5/8) ; sqrt(Abs(i*r + 13.826271086049*i))
7132,0.0,2*Abs(s)**(9/8) ; sqrt(Abs(B0 + B1*i)),2*Abs(s)**(9/8) ; sqrt(Abs(12.2712674589343*i + 0.135980424715535))
7133,0.0,i*Abs(i + s**2)**(1/8) ; sqrt(Abs(B0 + B1*r + B2*i)),i*Abs(i + s**2)**(1/8) ; sqrt(Abs(0.0249111770398881*i + 0.00816951072497718*r + 0.0884543990460168))
7134,0.0,i*Abs(B0 - i)**(1/8) ; sqrt(Abs(B1*r + sqrt(Abs(i)))),i*Abs(i - 16.9055941434999)**(1/8) ; sqrt(Abs(0.905944394424005*r + sqrt(Abs(i))))
7135,0.0,-s*Abs(i)**(1/8) + Abs(i)**(9/8) ; sqrt(Abs(B0 + B1*i)),-s*Abs(i)**(1/8) + Abs(i)**(9/8) ; sqrt(Abs(130.865147686392*i + 155.701289288079))
7136,0.0,i*Abs(B0 - s)**(1/8) ; sqrt(Abs(B1*r + B2*i)),i*Abs(s + 0.000447471689364644)**(1/8) ; sqrt(Abs(0.0481023512383484*i - 0.0316989263097636*r))
7137,0.0,i*Abs(i + s)**(1/8) ; B0*sqrt(Abs(r)),i*Abs(i + s)**(1/8) ; 0.0515711579611751*sqrt(Abs(r))
7138,0.0,i**2*s + 2*i*s**2 ; B0 - 2*i,i**2*s + 2*i*s**2 ; 0.105763822974706 - 2*i
7139,0.0,i*sqrt(Abs(B0*s + B1*i*s)) ; B2 - sqrt(Abs(i))*sqrt(Abs(r)),i*sqrt(Abs(0.0141067117883402*i*s + 0.182807807764201*s)) ; -sqrt(Abs(i))*sqrt(Abs(r)) + 1.0394908944289
7140,0.0,i*sqrt(Abs(B0 - i*s + s)) ; B1 - i - r*sqrt(Abs(i)),i*sqrt(Abs(i*s - s + 0.31492347384783)) ; -i - r*sqrt(Abs(i)) + 4.34676538477367
7141,0.0,s*sqrt(Abs(B0 + i - 2*s)) ; B1*i**2*r - i,s*sqrt(Abs(-i + 2*s + 2.57254046321684)) ; 0.00420691338373009*i**2*r - i
7142,0.0,2*Abs(s)**(3/2) ; B0 - 2*i - 2*r,2*Abs(s)**(3/2) ; -2*i - 2*r + 81.2681061591343
7143,0.0,sqrt(Abs(i))*sqrt(Abs(B0 + i + s)) ; B1 + i + r - sqrt(Abs(i)),sqrt(Abs(i))*sqrt(Abs(i + s - 6.22092505292778)) ; i + r - sqrt(Abs(i)) - 6.9000535907145
7144,0.0,sqrt(Abs(s))*sqrt(Abs(B0 + s)) ; -i - r + sqrt(Abs(r - sqrt(Abs(i))*sqrt(Abs(r)))),sqrt(Abs(s))*sqrt(Abs(s + 69.2513721354873)) ; -i - r + sqrt(Abs(r - sqrt(Abs(i))*sqrt(Abs(r))))
7145,0.0,Abs(i)**(5/4)*sqrt(Abs(s)) ; B0 + 2*i - 2*r,Abs(i)**(5/4)*sqrt(Abs(s)) ; 2*i - 2*r + 0.407464191191401
7146,0.0,i*Abs(B0 + i + s)**(1/4) ; B1 + B2*i - r,i*Abs(i + s + 3.97851263453905)**(1/4) ; 21.5445563908987*i - r - 0.104774937733469
7147,0.0,i*sqrt(Abs(B0 - i)) ; r*Abs(i)**(1/8) - 2*r,i*sqrt(Abs(i - 1.31290342006001)) ; r*Abs(i)**(1/8) - 2*r
7148,0.0,Abs(s)**(3/4) ; -i - r + Abs(r)**(3/2),Abs(s)**(3/4) ; -i - r + Abs(r)**(3/2)
7149,0.0,i*Abs(s)**(3/4) ; i*Abs(r)**(1/8) - 2*r,i*Abs(s)**(3/4) ; i*Abs(r)**(1/8) - 2*r
7150,0.0,Abs(i)**(3/2) ; -i + r*Abs(i)**(3/2) - r,Abs(i)**(3/2) ; -i + r*Abs(i)**(3/2) - r
7151,0.0,i*sqrt(Abs(s)) ; B0 - i + r*sqrt(Abs(i)),i*sqrt(Abs(s)) ; -i + r*sqrt(Abs(i)) + 0.0773323018128215
7152,0.0,i*sqrt(Abs(i*s - s)) ; B0 + B1*i + B1*r,i*sqrt(Abs(i*s - s)) ; 0.00738211928075709*i + 0.00738211928075709*r + 0.0161488916056129
7153,0.0,B0*sqrt(Abs(i + s)) + i*sqrt(Abs(i + s)) ; -2*i + 2*Abs(r)**(3/2),i*sqrt(Abs(i + s)) - 0.0647620096684205*sqrt(Abs(i + s)) ; -2*i + 2*Abs(r)**(3/2)
7154,0.0,B0*sqrt(Abs(i)) + s*sqrt(Abs(i)) + Abs(i)**(3/2) ; B1 + B2*sqrt(Abs(i + r)) - i,s*sqrt(Abs(i)) + Abs(i)**(3/2) + 10.4929693158345*sqrt(Abs(i)) ; -i + 6.76634491710176*sqrt(Abs(i + r)) - 3.99031411193472
7155,0.0,s*sqrt(Abs(i**2*s + i*s**2)) ; B0 + B1*sqrt(Abs(i)) - i,s*sqrt(Abs(i**2*s + i*s**2)) ; -i + 0.498768278633059*sqrt(Abs(i)) + 8.10304641267286
7156,0.0,sqrt(Abs(i))*Abs(s)**(5/4) ; B0*i*r - 2*i,sqrt(Abs(i))*Abs(s)**(5/4) ; 3.76527511874492*i*r - 2*i
7157,0.0,i*sqrt(Abs(B0*i + Abs(i)**(3/2)*sqrt(Abs(s)))) ; B1 + B2*r,i*sqrt(Abs(0.00256408461254619*i + Abs(i)**(3/2)*sqrt(Abs(s)))) ; 0.00167325155974709*r + 0.00567330073761855
7158,0.0,i*sqrt(Abs(B0*i + i**2)) ; B1*Abs(r)**(1/4) - 2*r,i*sqrt(Abs(i**2 + 0.00477979313882433*i)) ; -2*r + 0.00138563662563386*Abs(r)**(1/4)
7159,0.0,Abs(i)**(7/4) ; B0 - i + r*sqrt(Abs(i)),Abs(i)**(7/4) ; -i + r*sqrt(Abs(i)) + 0.022665182238057
7160,0.0,sqrt(Abs(i))*Abs(s)**(3/2) ; B0*r*sqrt(Abs(i)) - 2*i,sqrt(Abs(i))*Abs(s)**(3/2) ; -2*i - 0.00219464680122746*r*sqrt(Abs(i))
7161,0.0,i*sqrt(Abs(i**2 + i*s)) ; B0*sqrt(Abs(i)) - 2*r,i*sqrt(Abs(i**2 + i*s)) ; -2*r + 0.0744708250403281*sqrt(Abs(i))
7162,0.0,B0*sqrt(Abs(i))*sqrt(Abs(s)) + sqrt(Abs(i))*Abs(s)**(3/2) ; B1 + B2*sqrt(Abs(i)) - i,sqrt(Abs(i))*Abs(s)**(3/2) + 0.32212475586654*sqrt(Abs(i))*sqrt(Abs(s)) ; -i - 0.0167244532173159*sqrt(Abs(i)) + 0.567707390402095
7163,0.0,i*sqrt(Abs(B0*sqrt(Abs(i)) - s*sqrt(Abs(i)))) ; B1 + B2*sqrt(Abs(i)),i*sqrt(Abs(s*sqrt(Abs(i)) - 0.0229010476222799*sqrt(Abs(i)))) ; 0.0433444215786765 - 0.0382584864411408*sqrt(Abs(i))
7164,0.0,i*sqrt(Abs(s))*Abs(i*s - s**2)**(1/4) ; B0 + B1*sqrt(Abs(i)) - r,i*sqrt(Abs(s))*Abs(i*s - s**2)**(1/4) ; -r - 1.29168197208228*sqrt(Abs(i)) + 0.665838625040578
7165,0.0,B0*sqrt(Abs(s)) + i*sqrt(Abs(s)) ; sqrt(Abs(B1 + r)),i*sqrt(Abs(s)) - 0.800672329581244*sqrt(Abs(s)) ; sqrt(Abs(r - 4.9611190740153e-9))
7166,0.0,sqrt(Abs(i))*sqrt(Abs(s)) + Abs(s)**(3/2) ; sqrt(Abs(i))*sqrt(Abs(r)),sqrt(Abs(i))*sqrt(Abs(s)) + Abs(s)**(3/2) ; sqrt(Abs(i))*sqrt(Abs(r))
7167,0.0,Abs(i)**(3/2) ; sqrt(Abs(B0 + r)),Abs(i)**(3/2) ; sqrt(Abs(r - 2.8554091938188e-5))
7168,0.0,i*Abs(s)**(1/4) + Abs(s)**(5/4) ; sqrt(Abs(B0 + r)),i*Abs(s)**(1/4) + Abs(s)**(5/4) ; sqrt(Abs(r + 0.024146627201468))
7169,0.0,B0*sqrt(Abs(i + s)) - i*sqrt(Abs(i + s)) ; sqrt(Abs(i - r)),-i*sqrt(Abs(i + s)) + 47.4219858092181*sqrt(Abs(i + s)) ; sqrt(Abs(i - r))
7170,0.0,i*sqrt(Abs(B0*i + B1 + s)) ; sqrt(Abs(i - r + sqrt(Abs(i)))),i*sqrt(Abs(1.06372728224496*i + s + 9.90672097271638)) ; sqrt(Abs(i - r + sqrt(Abs(i))))
7171,0.0,2*s*sqrt(Abs(i)) - Abs(i)**(3/2) ; sqrt(Abs(B0*i*r - i)),2*s*sqrt(Abs(i)) - Abs(i)**(3/2) ; sqrt(Abs(0.000723453895144725*i*r + i))
7172,0.0,sqrt(Abs(i))*Abs(i - s)**(1/4) ; sqrt(Abs(i - sqrt(Abs(B0*r + r**2)))),sqrt(Abs(i))*Abs(i - s)**(1/4) ; sqrt(Abs(i - sqrt(Abs(r**2 + 17.8124055543645*r))))
7173,0.0,i*sqrt(Abs(s)) ; sqrt(Abs(i - r)),i*sqrt(Abs(s)) ; sqrt(Abs(i - r))
7174,0.0,s*sqrt(Abs(i))*sqrt(Abs(B0 + i)) ; sqrt(Abs(i**2 - i)),s*sqrt(Abs(i))*sqrt(Abs(i - 0.0114087716755359)) ; sqrt(Abs(i**2 - i))
7175,0.0,s*sqrt(Abs(i)) + Abs(i)**(5/2) ; sqrt(Abs(B0*i + r)),s*sqrt(Abs(i)) + Abs(i)**(5/2) ; sqrt(Abs(15.4158154987849*i + r))
7176,0.0,s*sqrt(Abs(-B0 + i + s)) ; sqrt(Abs(i - r)),s*sqrt(Abs(i + s - 44.0560186199185)) ; sqrt(Abs(i - r))
7177,0.0,2*i*sqrt(Abs(s)) + Abs(s)**(3/2) ; sqrt(Abs(i - r)),2*i*sqrt(Abs(s)) + Abs(s)**(3/2) ; sqrt(Abs(i - r))
7178,0.0,B0*Abs(s)**(1/4) - i*Abs(s)**(1/4) ; sqrt(Abs(-i + r + sqrt(Abs(i)))),-i*Abs(s)**(1/4) + 7.38408839366449*Abs(s)**(1/4) ; sqrt(Abs(-i + r + sqrt(Abs(i))))
7179,0.0,B0*i*Abs(s)**(3/2) ; sqrt(Abs(B1 + i)),0.000445805317922173*i*Abs(s)**(3/2) ; sqrt(Abs(i + 0.00118895112153808))
7180,0.0,B0*i*s**2 + B0*s**3 ; sqrt(Abs(B1 + i)),0.000273537820939894*i*s**2 + 0.000273537820939894*s**3 ; sqrt(Abs(i + 3716.72865085947))
7181,0.0,i*sqrt(Abs(B0*s**2 + B1*s)) ; sqrt(Abs(i)),i*sqrt(Abs(0.00165280211110554*s**2 - 0.145222433570083*s)) ; sqrt(Abs(i))
7182,0.0,i*sqrt(Abs(B0*i*s - i*s**2)) ; B1 + Abs(r)**(1/4),i*sqrt(Abs(i*s**2 - 0.52780869520932*i*s)) ; Abs(r)**(1/4) + 0.0964262337461044
7183,0.0,2*i*Abs(s)**(1/4) + Abs(s)**(5/4) ; i*r,2*i*Abs(s)**(1/4) + Abs(s)**(5/4) ; i*r
7184,0.0,i*sqrt(Abs(s)) ; B0*sqrt(Abs(i))*Abs(r)**(1/4),i*sqrt(Abs(s)) ; 0.00133230342645225*sqrt(Abs(i))*Abs(r)**(1/4)
7185,0.0,i*sqrt(Abs(B0*s + i*s)) ; B1*sqrt(Abs(i)),i*sqrt(Abs(i*s - 0.0281805717723635*s)) ; 0.0474746106863021*sqrt(Abs(i))
7186,0.0,i*sqrt(Abs(i*s + i)) ; B0*Abs(r)**(1/4),i*sqrt(Abs(i*s + i)) ; 62.3932644866477*Abs(r)**(1/4)
7187,0.0,i*sqrt(Abs(s**2 + 2*s)) ; sqrt(Abs(B0*i + B1*i**2)),i*sqrt(Abs(s**2 + 2*s)) ; sqrt(Abs(2.32943402880135*i**2 + 1.43033162594051*i))
7188,0.0,i*sqrt(Abs(B0 - i**2 + i*s)) ; B1*sqrt(Abs(r)),i*sqrt(Abs(-i**2 + i*s + 1.21244387357131)) ; 1.00947049164163*sqrt(Abs(r))
7189,0.0,Abs(i)**(1/8)*sqrt(Abs(s)) ; B0*sqrt(Abs(i)),Abs(i)**(1/8)*sqrt(Abs(s)) ; 1.02037648786983*sqrt(Abs(i))
7190,0.0,i*sqrt(Abs(B0 + 2*s)) ; sqrt(Abs(B1*Abs(i)**(1/4) + B2*i)),i*sqrt(Abs(2*s - 0.00374018863313908)) ; sqrt(Abs(0.0693271745538419*i + 0.0525039509164606*Abs(i)**(1/4)))
7191,0.0,B0*sqrt(Abs(s)) + i*sqrt(Abs(s)) - Abs(s)**(3/2) ; B1*sqrt(Abs(i)),i*sqrt(Abs(s)) - Abs(s)**(3/2) + 2.7998041187094*sqrt(Abs(s)) ; 0.0702161344032365*sqrt(Abs(i))
7192,0.0,B1*sqrt(Abs(B0 - i)) + i*sqrt(Abs(B0 - i)) ; B2*Abs(r)**(1/4),i*sqrt(Abs(i + 1.0510465669415)) - 0.147806214230775*sqrt(Abs(i + 1.0510465669415)) ; 0.32588358026992*Abs(r)**(1/4)
7193,0.0,i*sqrt(Abs(i + sqrt(Abs(B0 + i)))) ; B1*sqrt(Abs(r)),i*sqrt(Abs(i + sqrt(Abs(i + 0.0111543882312743)))) ; 1.34849431837248*sqrt(Abs(r))
7194,0.0,i*sqrt(Abs(2*s + Abs(s)**(1/4))) ; B0*sqrt(Abs(i)),i*sqrt(Abs(2*s + Abs(s)**(1/4))) ; -0.0161813336112857*sqrt(Abs(i))
7195,0.0,i*sqrt(Abs(B0 + i + s)) ; B1*sqrt(Abs(i)),i*sqrt(Abs(i + s + 0.640930288170035)) ; 0.0856106130154514*sqrt(Abs(i))
7196,0.0,i*sqrt(Abs(s + Abs(B0 + s)**(1/4))) ; B1*Abs(r)**(1/4),i*sqrt(Abs(s + Abs(s + 265.041329005654)**(1/4))) ; 0.000590710075294842*Abs(r)**(1/4)
7197,0.0,i*sqrt(Abs(i + sqrt(Abs(i)))) ; B0*Abs(i)**(1/4),i*sqrt(Abs(i + sqrt(Abs(i)))) ; 0.0378037624707244*Abs(i)**(1/4)
7198,0.0,i*sqrt(Abs(B0 + sqrt(2)*sqrt(Abs(i)))) ; B1*Abs(r)**(1/4),i*sqrt(sqrt(2)*sqrt(Abs(i)) + 0.121253710540538) ; 0.00921791057559879*Abs(r)**(1/4)
7199,0.0,i*sqrt(Abs(B0*s + sqrt(Abs(s)))) ; sqrt(Abs(B1 + B2*i**2)),i*sqrt(Abs(0.103373243773586*s - sqrt(Abs(s)))) ; sqrt(Abs(1.61301724918831*i**2 + 0.289639920827545))
7200,0.0,i*sqrt(Abs(B0 + s)) ; B2*Abs(B1 + 2*r)**(1/4),i*sqrt(Abs(s + 1.69553709117292)) ; 0.0366244856563262*Abs(2*r + 0.346907870331269)**(1/4)
7201,0.0,i*sqrt(Abs(s)) ; B0*sqrt(Abs(i)),i*sqrt(Abs(s)) ; 0.17701812132797*sqrt(Abs(i))
7202,0.0,i*sqrt(Abs(B0 + sqrt(Abs(B1 + s)))) ; B2*sqrt(Abs(i)),i*sqrt(Abs(sqrt(Abs(s + 67.5562749706688)) - 4.54129488826002)) ; -0.958267941951251*sqrt(Abs(i))
7203,0.0,i*sqrt(Abs(B0 + s)) ; B1*sqrt(Abs(i)),i*sqrt(Abs(s + 0.667321418763764)) ; 0.118307882663926*sqrt(Abs(i))
7204,0.0,i*sqrt(Abs(B0 + sqrt(Abs(s)))) ; B1*sqrt(Abs(i)),i*sqrt(sqrt(Abs(s)) + 0.0528858756692888) ; -0.00581207558481619*sqrt(Abs(i))
7205,0.0,i*sqrt(Abs(i + sqrt(Abs(s)))) ; B0*sqrt(Abs(i)),i*sqrt(Abs(i + sqrt(Abs(s)))) ; 0.0852534752218861*sqrt(Abs(i))
7206,0.0,i*sqrt(Abs(B0 - s + sqrt(Abs(s)))) ; B1*sqrt(Abs(i)),i*sqrt(Abs(-s + sqrt(Abs(s)) + 0.00214318190317337)) ; 0.000603391431399397*sqrt(Abs(i))
7207,0.0,i*sqrt(Abs(B0 + i + sqrt(Abs(s)))) ; B1*sqrt(Abs(i)),i*sqrt(Abs(i + sqrt(Abs(s)) + 49.1416271165945)) ; 2.61753452834592*sqrt(Abs(i))
7208,0.0,i*sqrt(Abs(B0 + s + sqrt(Abs(s)))) ; B1*sqrt(Abs(i)),i*sqrt(Abs(s + sqrt(Abs(s)) + 1.52454554433057)) ; 0.178949518561056*sqrt(Abs(i))
7209,0.0,Abs(i)**(3/4)*Abs(s)**(1/4) ; Abs(i*r - r)**(1/4),Abs(i)**(3/4)*Abs(s)**(1/4) ; Abs(i*r - r)**(1/4)
7210,0.0,B0*sqrt(Abs(s)) + i*sqrt(Abs(s)) ; B1 - sqrt(Abs(i)),i*sqrt(Abs(s)) - 1.08636081275677*sqrt(Abs(s)) ; 13.1179151589491 - sqrt(Abs(i))
7211,0.0,i*sqrt(Abs(B0 + i)) ; i - r,i*sqrt(Abs(i + 0.0650264065075138)) ; i - r
7212,0.0,s*sqrt(Abs(B0*i + i**2)) ; -i + r - sqrt(Abs(i)),s*sqrt(Abs(i**2 + 1.14999366448861*i)) ; -i + r - sqrt(Abs(i))
7213,0.0,i*sqrt(Abs(i*s + s**2)) ; B0 + r,i*sqrt(Abs(i*s + s**2)) ; r + 0.0634643347318453
7214,0.0,i*sqrt(Abs(s - Abs(i + s)**(1/4))) ; B0*r,i*sqrt(Abs(s - Abs(i + s)**(1/4))) ; 0.00375947653163492*r
7215,0.0,i*sqrt(Abs(B0 - s + sqrt(Abs(i)))) ; r - Abs(r)**(1/8),i*sqrt(Abs(s - sqrt(Abs(i)) + 0.203294619298488)) ; r - Abs(r)**(1/8)
7216,0.0,i*sqrt(Abs(B0 + i)) ; -i + r,i*sqrt(Abs(i + 0.277933941143965)) ; -i + r
7217,0.0,i*sqrt(Abs(B0 + B1*i*s)) ; B2 + r,i*sqrt(Abs(9.4356193944039e-7*i*s + 0.00427138926417751)) ; r + 0.315812613303529
7218,0.0,i*sqrt(Abs(i - s)) ; r,i*sqrt(Abs(i - s)) ; r
7219,0.0,s*sqrt(Abs(i - sqrt(Abs(2*i + s)))) ; r - sqrt(Abs(i + r)),s*sqrt(Abs(i - sqrt(Abs(2*i + s)))) ; r - sqrt(Abs(i + r))
7220,0.0,i*sqrt(Abs(B0 + i)) - s*sqrt(Abs(B0 + i)) ; -i + r,i*sqrt(Abs(i + 0.00714078592133337)) - s*sqrt(Abs(i + 0.00714078592133337)) ; -i + r
7221,0.0,s*sqrt(Abs(B0 + i - s)) ; r - sqrt(Abs(i)),s*sqrt(Abs(i - s + 34.9981571478532)) ; r - sqrt(Abs(i))
7222,0.0,s*sqrt(Abs(B0*s + i)) ; -i + r,s*sqrt(Abs(i + 0.00326440586869126*s)) ; -i + r
7223,0.0,i*sqrt(Abs(i - sqrt(Abs(i + s)))) ; -i + r,i*sqrt(Abs(i - sqrt(Abs(i + s)))) ; -i + r
7224,0.0,B0*sqrt(Abs(i - s)) + i*sqrt(Abs(i - s)) ; B1 + r,i*sqrt(Abs(i - s)) - 3.03036509107983*sqrt(Abs(i - s)) ; r - 2.97801928103979
7225,0.0,s*sqrt(Abs(i - sqrt(Abs(i + s)))) ; -i + 3*r,s*sqrt(Abs(i - sqrt(Abs(i + s)))) ; -i + 3*r
7226,0.0,s*sqrt(Abs(i*s**2 - i)) ; B0 + B1*sqrt(Abs(i)) + r,s*sqrt(Abs(i*s**2 - i)) ; r + 14.0840730735502*sqrt(Abs(i)) + 1.7964936642763
7227,0.0,i*sqrt(Abs(2*i - s)) ; B0 + r,i*sqrt(Abs(2*i - s)) ; r + 0.0664900602494065
7228,0.0,Abs(i)**(3/2) ; -i*r,Abs(i)**(3/2) ; -i*r
7229,0.0,i*sqrt(Abs(B0 + i - sqrt(Abs(s)))) ; -sqrt(2)*i*sqrt(Abs(r)) + r,i*sqrt(Abs(i - sqrt(Abs(s)) + 0.466873769558652)) ; -sqrt(2)*i*sqrt(Abs(r)) + r
7230,0.0,s*sqrt(Abs(B0 + i - s)) ; -i + r,s*sqrt(Abs(i - s + 15.1138257876012)) ; -i + r
7231,0.0,s*sqrt(Abs(B0 + i)) ; B1 + r,s*sqrt(Abs(i + 0.24970622439608)) ; r + 0.352605673487626
7232,0.0,s*sqrt(Abs(2*i - sqrt(Abs(i)))) ; -i + r - sqrt(Abs(i)),s*sqrt(Abs(2*i - sqrt(Abs(i)))) ; -i + r - sqrt(Abs(i))
7233,0.0,s*sqrt(Abs(B0 + i - s)) ; i + r - sqrt(Abs(i)),s*sqrt(Abs(i - s + 0.576332487129688)) ; i + r - sqrt(Abs(i))
7234,0.0,s*sqrt(Abs(B0 + i - s)) ; B1*i + r,s*sqrt(Abs(-i + s + 0.0197498872434023)) ; 0.00169454548058842*i + r
7235,0.0,i*sqrt(Abs(B0 + s)) ; -i**2 + r,i*sqrt(Abs(s + 0.431919943935521)) ; -i**2 + r
7236,0.0,i*sqrt(Abs(B0 + 2*i - s)) ; B1 + r,i*sqrt(Abs(2*i - s + 0.943458976766622)) ; r + 0.00115969873350798
7237,0.0,i*sqrt(Abs(i - s)) ; r - sqrt(Abs(B0*i + i*r)),i*sqrt(Abs(i - s)) ; r - sqrt(Abs(i*r + 9.62732731213592e-9*i))
7238,0.0,i*sqrt(Abs(B0 - s)) ; -i**2*r - i + r,i*sqrt(Abs(s - 0.528777112277261)) ; -i**2*r - i + r
7239,0.0,s*sqrt(Abs(B0 + 2*i - s)) ; B1 - i + r,s*sqrt(Abs(2*i - s + 0.279051063330729)) ; -i + r + 0.179552954261363
7240,0.0,i*sqrt(Abs(B0 - s)) ; B1 + r - sqrt(Abs(i)),i*sqrt(Abs(s + 2.38409870260125)) ; r - sqrt(Abs(i)) + 1.06128814376121
7241,0.0,s*sqrt(Abs(B0 + i - 2*s)) ; -2*i + r - sqrt(Abs(B1 - i)),s*sqrt(Abs(-i + 2*s + 0.0570565934947567)) ; -2*i + r - sqrt(Abs(i + 0.0861348845497175))
7242,0.0,s*sqrt(Abs(B0 + 2*i)) ; B1 - 2*i + 3*r,s*sqrt(Abs(2*i + 9.41217109649882)) ; -2*i + 3*r + 31.7718906944226
7243,0.0,i*sqrt(Abs(B0 + i)) ; -Abs(i)**(1/4)*sqrt(Abs(r)),i*sqrt(Abs(i + 0.0233223678419338)) ; -Abs(i)**(1/4)*sqrt(Abs(r))
7244,0.0,i*sqrt(Abs(i - s)) ; -sqrt(Abs(i)),i*sqrt(Abs(i - s)) ; -sqrt(Abs(i))
7245,0.0,s*sqrt(Abs(B0 + 2*i)) ; -i,s*sqrt(Abs(2*i + 0.0825582244715919)) ; -i
7246,0.0,i*sqrt(Abs(B0 + i)) ; -i,i*sqrt(Abs(i + 1.30806165579847)) ; -i
7247,0.0,i*sqrt(Abs(B0 + i - 2*s)) ; -r,i*sqrt(Abs(i - 2*s + 2.00656282793145)) ; -r
7248,0.0,s*sqrt(Abs(B0 + i)) ; -i + r,s*sqrt(Abs(i + 18.1846021867873)) ; -i + r
7249,0.0,s*sqrt(Abs(i - s)) ; -i**2,s*sqrt(Abs(i - s)) ; -i**2
7250,0.0,i*sqrt(Abs(B0 + i + s)) ; -i**2*r,i*sqrt(Abs(i + s + 0.0139995529501145)) ; -i**2*r
7251,0.0,s*sqrt(Abs(2*i - 2*s)) ; -i**2,s*sqrt(Abs(2*i - 2*s)) ; -i**2
7252,0.0,i*sqrt(Abs(B0 + i)) ; -Abs(i)**(3/2),i*sqrt(Abs(i + 0.760880094646422)) ; -Abs(i)**(3/2)
7253,0.0,i*sqrt(Abs(B0 + 2*i - s)) ; B1*r,i*sqrt(Abs(-2*i + s + 3.58525624608849)) ; 1.79432692027551*r
7254,0.0,i*sqrt(Abs(i - s)) ; -i*r,i*sqrt(Abs(i - s)) ; -i*r
7255,0.0,i*sqrt(Abs(B0 + i - s)) ; -i*sqrt(Abs(r)),i*sqrt(Abs(-i + s + 0.11140950643508)) ; -i*sqrt(Abs(r))
7256,0.0,i*sqrt(Abs(B0 - s)) ; B1*sqrt(Abs(i)),i*sqrt(Abs(s + 0.284346902234116)) ; 0.120151850215382*sqrt(Abs(i))
7257,0.0,i*sqrt(Abs(i - s)) ; B0*sqrt(Abs(r)),i*sqrt(Abs(i - s)) ; 2.81008386750895*sqrt(Abs(r))
7258,0.0,i*sqrt(Abs(i - s)) ; B0*r,i*sqrt(Abs(i - s)) ; 16.258350057777*r
7259,0.0,i*sqrt(Abs(i - s)) ; -Abs(i)**(3/2),i*sqrt(Abs(i - s)) ; -Abs(i)**(3/2)
7260,0.0,s*sqrt(Abs(i - s)) ; -Abs(i)**(3/2),s*sqrt(Abs(i - s)) ; -Abs(i)**(3/2)
7261,0.0,i*sqrt(Abs(B0 - s)) ; -r*sqrt(Abs(i)),i*sqrt(Abs(s + 0.0022122513052196)) ; -r*sqrt(Abs(i))
7262,0.0,sqrt(2)*i*sqrt(Abs(s)) ; B0 + sqrt(Abs(i + r)),sqrt(2)*i*sqrt(Abs(s)) ; sqrt(Abs(i + r)) + 0.397451863434124
7263,0.0,i*sqrt(Abs(B0 - s)) ; B1 + r,i*sqrt(Abs(s + 0.0857308004813842)) ; r + 0.0385313935461577
7264,0.0,i**2 ; B0 + i*r + r,i**2 ; i*r + r + 0.0227112151863997
7265,0.0,sqrt(Abs(s))*sqrt(Abs(B0 + i)) ; B1 + B2*r - i,sqrt(Abs(s))*sqrt(Abs(i - 1.05245497445466)) ; -i + 0.127636143755889*r + 0.887705898252824
7266,0.0,B0*sqrt(Abs(s)) + i*sqrt(Abs(s)) ; -2*i + 2*r,i*sqrt(Abs(s)) + 0.190249742512153*sqrt(Abs(s)) ; -2*i + 2*r
7267,0.0,i*sqrt(Abs(s)) ; B0 + 2*r,i*sqrt(Abs(s)) ; 2*r + 0.0520461779499716
7268,0.0,B0*i + i**3 + i**2*s ; -i + r + sqrt(Abs(B1*i + B1*r)),i**3 + i**2*s + 7.62791379108266*i ; -i + r + sqrt(Abs(7.72573703673263*i + 7.72573703673263*r))
7269,0.0,B0*i + i**2 ; B1 + 2*r,i**2 + 0.744726153209094*i ; 2*r + 3.11959617552738
7270,0.0,i**2 + i*sqrt(Abs(i - sqrt(Abs(i)))) ; B0 + r,i**2 + i*sqrt(Abs(i - sqrt(Abs(i)))) ; r + 0.0914574450448817
7271,0.0,B0*i*s + B1*i*s**2 ; B2 - i*r + r,-0.00657944658364832*i*s**2 + 0.667882777285604*i*s ; -i*r + r + 0.36258624055375
7272,0.0,i**3*s**2 ; B0 + r,i**3*s**2 ; r + 1.26226833722082
7273,0.0,s*sqrt(Abs(i)) + sqrt(Abs(i))*sqrt(Abs(s)) ; B0 - i + r - sqrt(Abs(i)),s*sqrt(Abs(i)) + sqrt(Abs(i))*sqrt(Abs(s)) ; -i + r - sqrt(Abs(i)) + 0.365226303277132
7274,0.0,B0*i + B1*i**2 - i*s ; B2 + r - sqrt(Abs(i)),-0.68837285533656*i**2 - i*s + 4.19353858417116*i ; r - sqrt(Abs(i)) - 1.85279501035241
7275,0.0,sqrt(Abs(i))*sqrt(Abs(s)) ; B0 - r**2 + r,sqrt(Abs(i))*sqrt(Abs(s)) ; -r**2 + r + 2.05172702350898
7276,0.0,Abs(i)**(3/2) ; B0 - i + r,Abs(i)**(3/2) ; -i + r + 0.244936982704539
7277,0.0,i*sqrt(Abs(B0 + i)) ; B1 - 2*i*r + r,i*sqrt(Abs(i + 2.10986814783685)) ; -2*i*r + r + 0.0432964446268782
7278,0.0,sqrt(Abs(i))*sqrt(Abs(B0 + s)) ; B1 - i + 2*r,sqrt(Abs(i))*sqrt(Abs(s + 45.0084343731878)) ; -i + 2*r - 0.610994661063098
7279,0.0,sqrt(Abs(s))*sqrt(Abs(B0 + s)) ; B1 + B2*i + 2*r,sqrt(Abs(s))*sqrt(Abs(s + 69.1320152353559)) ; 0.0305407514851363*i + 2*r + 76.454826127048
7280,0.0,i*sqrt(Abs(B0 + i*s - s)) ; B1 + sqrt(Abs(i*r + r)),i*sqrt(Abs(i*s - s + 0.565588958943476)) ; sqrt(Abs(i*r + r)) - 0.00307834284214805
7281,0.0,i*sqrt(Abs(s)) ; B0 - i,i*sqrt(Abs(s)) ; 0.119642337163435 - i
7282,0.0,Abs(i)**(3/2) ; B0 + i + r,Abs(i)**(3/2) ; i + r + 6.70437257887125
7283,0.0,s*sqrt(Abs(i**2 - 2*i*s)) ; B0 - i + r + sqrt(Abs(i))*sqrt(Abs(r)),s*sqrt(Abs(i**2 - 2*i*s)) ; -i + r + sqrt(Abs(i))*sqrt(Abs(r)) - 0.00115879658244823
7284,0.0,i*sqrt(Abs(B0*s**2 + s**4)) ; B1 + r,i*sqrt(Abs(s**4 - 0.557430134813813*s**2)) ; r + 0.0146861997487129
7285,0.0,i*sqrt(Abs(B0*i + B1*s)) ; B2 - i + r,i*sqrt(Abs(0.00252460650407885*i + 0.00516166567798526*s)) ; -i + r - 0.000931180660907603
7286,0.0,Abs(i)**(3/2)*Abs(s)**(1/8) ; B0 - 2*i + r,Abs(i)**(3/2)*Abs(s)**(1/8) ; -2*i + r + 0.221793494045025
7287,0.0,i*Abs(s)**(3/2) ; B0 + sqrt(Abs(i)),i*Abs(s)**(3/2) ; sqrt(Abs(i)) + 0.027990357561822
7288,0.0,s*sqrt(Abs(B0*i + Abs(i)**(3/2))) ; B1 - i + Abs(i)**(1/4),s*sqrt(Abs(0.181607792205379*i - Abs(i)**(3/2))) ; -i + Abs(i)**(1/4) + 8.92041564226575
7289,0.0,i**2 ; B0 + r,i**2 ; r + 0.000134751317590885
7290,0.0,i*sqrt(Abs(-B0*i + i**2 + i*s)) ; B1 + B2*r - i,i*sqrt(Abs(i**2 + i*s - 0.072098670934602*i)) ; -i + 0.893829703769174*r + 3.0688707081242
7291,0.0,i*sqrt(Abs(i*s + s**2 - s*sqrt(Abs(i)))) ; B0 - i*r,i*sqrt(Abs(i*s + s**2 - s*sqrt(Abs(i)))) ; -i*r + 0.097960986987324
7292,0.0,i*sqrt(Abs(i**2 + i*s - Abs(i)**(3/2))) ; B0 - 2*i + sqrt(Abs(r)),i*sqrt(Abs(i**2 + i*s - Abs(i)**(3/2))) ; -2*i + sqrt(Abs(r)) + 3.01979028151742
7293,0.0,i*sqrt(Abs(B0*s + s**2)) ; B1 + i - r + sqrt(Abs(i)),i*sqrt(Abs(s**2 - 0.646736696362022*s)) ; i - r + sqrt(Abs(i)) + 0.256304375619077
7294,0.0,s*sqrt(Abs(B0*i - 2*i**2 + i*s)) ; B1 + B2*i + r,s*sqrt(Abs(-2*i**2 + i*s + 3.55407828477507e-5*i)) ; 24.9177703931525*i + r + 1.68967043411155
7295,0.0,s*sqrt(Abs(i**2 - i*s)) ; B0 + B1*i + r,s*sqrt(Abs(i**2 - i*s)) ; 0.0141407499905472*i + r + 0.00143349534750281
7296,0.0,i*sqrt(Abs(B0*i - i**2 + i*s)) ; B1 - i + r,i*sqrt(Abs(i**2 - i*s + 0.822419452479336*i)) ; -i + r + 2.07733480451791
7297,0.0,s*sqrt(Abs(B0*i + i**2 + i*s)) ; B1 - i + 2*r,s*sqrt(Abs(i**2 + i*s - 0.216729204756603*i)) ; -i + 2*r + 0.595933759777395
7298,0.0,i*sqrt(Abs(B0*i + i**2 + i*s)) ; B1 + r,i*sqrt(Abs(i**2 + i*s + 1.17251895766162*i)) ; r + 0.000363218994933728
7299,0.0,i*sqrt(Abs(B0*i + 2*i**2 - i*s)) ; B1 - i + 2*r,i*sqrt(Abs(2*i**2 - i*s + 0.0647903536181195*i)) ; -i + 2*r + 1.30665123594696
7300,0.0,s*sqrt(Abs(B0*i + 2*i**2)) ; B1 - i + 2*r,s*sqrt(Abs(2*i**2 + 1.30074386793848*i)) ; -i + 2*r + 1.5044956566351
7301,0.0,i*sqrt(Abs(B0*s + B1*i)) ; B2 - i + 2*r,i*sqrt(Abs(0.00268251194883361*i + 0.00546880346042888*s)) ; -i + 2*r + 0.268250192735678
7302,0.0,i*sqrt(Abs(B0*i - i*s)) ; B1 - i + 2*r,i*sqrt(Abs(i*s - 12.808372080201*i)) ; -i + 2*r + 0.0285538584508759
7303,0.0,i*sqrt(Abs(B0*s + s**2)) ; B1 - i + 2*r,i*sqrt(Abs(s**2 + 0.172731525347023*s)) ; -i + 2*r + 0.107757858410345
7304,0.0,i*sqrt(Abs(2*i*s - 2*s**2)) ; B0 - i + 2*r,i*sqrt(Abs(2*i*s - 2*s**2)) ; -i + 2*r + 1.31155024328442
7305,0.0,s*sqrt(Abs(B0*i + 2*i*s)) ; B1 - i + 2*r,s*sqrt(Abs(2*i*s - 0.0134260884643541*i)) ; -i + 2*r - 0.314850394689016
7306,0.0,i*sqrt(Abs(B0 + i + s + sqrt(Abs(s)))) ; B1 + Abs(i)**(5/2),i*sqrt(Abs(i + s + sqrt(Abs(s)) - 0.0416009804116182)) ; Abs(i)**(5/2) + 0.0314576582359
7307,0.0,-i**4 + i**2 ; B0 + i + r,-i**4 + i**2 ; i + r + 0.826062077738919
7308,0.0,B0 + B1*i + B2*s + i*s ; B3 + B4*sqrt(Abs(i)) + r,i*s - 1.75609963302468*i + 0.91825635310935*s + 0.627983726883539 ; r + 0.341950821742778*sqrt(Abs(i)) - 0.990576107516797
7309,0.0,B0*s + i*s ; i + r**2 + sqrt(Abs(r)),i*s - 0.0604518699999727*s ; i + r**2 + sqrt(Abs(r))
7310,0.0,-i**2*s**2 + i*s ; B0 + r,-i**2*s**2 + i*s ; r + 0.0949370443452174
7311,0.0,i**2 - i*Abs(i - s)**(1/4) ; B0 - i + r,i**2 - i*Abs(i - s)**(1/4) ; -i + r + 0.107048815198069
7312,0.0,i*s - Abs(s)**(5/2) ; B0 + sqrt(Abs(B1 + i)),i*s - Abs(s)**(5/2) ; sqrt(Abs(i + 0.033132476923916)) + 0.000356710504089821
7313,0.0,-s*sqrt(Abs(i)) ; B0 + B1*i,-s*sqrt(Abs(i)) ; 4.16179627311498*i + 0.041954184871009
7314,0.0,i*s - s**2 ; B0*r - r*sqrt(Abs(i)),i*s - s**2 ; -r*sqrt(Abs(i)) + 0.000470474341281988*r
7315,0.0,B0*s*sqrt(Abs(i)) + i*s ; B1 + B2*sqrt(Abs(i)),i*s + 0.0233675481309955*s*sqrt(Abs(i)) ; 0.821684838331614 - 2.05427959733151*sqrt(Abs(i))
7316,0.0,i*s - s*Abs(i)**(1/8) ; B0*r + i,i*s - s*Abs(i)**(1/8) ; i - 129.456845480071*r
7317,0.0,2*i*s - s*sqrt(Abs(B0 + s)) ; B1*r + i*r,2*i*s - s*sqrt(Abs(s - 0.144617698427284)) ; i*r + 0.714291163607947*r
7318,0.0,i*s - s**2 - s*sqrt(Abs(i)) + Abs(i)**(3/2) ; B0 + B1*Abs(r)**(1/4),i*s - s**2 - s*sqrt(Abs(i)) + Abs(i)**(3/2) ; 0.364785625179911*Abs(r)**(1/4) + 8.44120038616463
7319,0.0,i**2 - i*sqrt(Abs(B0 + s)) ; B1 + r,i**2 - i*sqrt(Abs(s - 0.769653737790695)) ; r + 4.82406544342472
7320,0.0,B0*i + B1*s + i**2*s - i*s**2 ; B2 + i + r,i**2*s - i*s**2 + 2.66725215917607*i + 2.60541339366462*s ; i + r - 0.421699939982826
7321,0.0,i*s**2 + i*s - s**3 ; B0 + i - r,i*s**2 + i*s - s**3 ; i - r + 0.000468678003721002
7322,0.0,-s*sqrt(Abs(i)) + Abs(i)**(3/2) ; B0*r + sqrt(Abs(i - r)),-s*sqrt(Abs(i)) + Abs(i)**(3/2) ; 0.612909578342719*r + sqrt(Abs(i - r))
7323,0.0,i*s - s**2 ; B0*i + B1*r,i*s - s**2 ; -1.88207454940655*i - 0.65194727369499*r
7324,0.0,i*s - 2*s**2 - s*sqrt(Abs(i)) ; B0*r + i**2 - i,i*s - 2*s**2 - s*sqrt(Abs(i)) ; i**2 - i + 0.00586488963229903*r
7325,0.0,B0*i + i**2 ; B1*r,i**2 + 0.0283926347517516*i ; 1.72816864057407*r
7326,0.0,i*s + s**2 - Abs(s)**(3/2) ; sqrt(Abs(i)),i*s + s**2 - Abs(s)**(3/2) ; sqrt(Abs(i))
7327,0.0,s*sqrt(Abs(B0*i**2*s + i**3*s)) ; B1 + r,s*sqrt(Abs(i**3*s + 14.7506606684218*i**2*s)) ; r + 0.547182995234313
7328,0.0,i*sqrt(Abs(B0 + i**2)) ; B1 + r - sqrt(Abs(i + r)),i*sqrt(Abs(i**2 - 3.56073245286021)) ; r - sqrt(Abs(i + r)) + 4.07676674770485
7329,0.0,i**2*Abs(s)**(3/2) ; B0 + sqrt(Abs(B1 + 2*r)),i**2*Abs(s)**(3/2) ; sqrt(Abs(2*r + 10.7316211881506)) + 2.48120075404907
7330,0.0,B0*s + i*s ; B1 + Abs(B2 + sqrt(Abs(i)))**(1/4),i*s - 0.402022643916615*s ; Abs(sqrt(Abs(i)) - 0.137830755911059)**(1/4) - 0.541401056335762
7331,0.0,B0*sqrt(Abs(s)) + i*sqrt(Abs(s)) ; B1 + sqrt(Abs(i + 3*r)),i*sqrt(Abs(s)) - 20.9153442581312*sqrt(Abs(s)) ; sqrt(Abs(i + 3*r)) - 50.4227700306679
7332,0.0,i*sqrt(Abs(B0 + 2*i)) ; B1 + sqrt(Abs(i)),i*sqrt(Abs(2*i + 12.2557468674724)) ; sqrt(Abs(i)) - 0.0291824056949336
7333,0.0,i*sqrt(Abs(B0*s + s*Abs(i)**(1/4))) ; B1 + sqrt(Abs(r)),i*sqrt(Abs(s*Abs(i)**(1/4) - 0.92856948756611*s)) ; sqrt(Abs(r)) + 0.281740633717949
7334,0.0,i*s ; B0 + sqrt(Abs(r - sqrt(Abs(i)))),i*s ; sqrt(Abs(r - sqrt(Abs(i)))) + 0.090182108744792
7335,0.0,i*s ; B0 + sqrt(Abs(B1 + B2*r + i)),i*s ; sqrt(Abs(i + 0.245301507930928*r + 0.943008614890091)) - 0.200260585462293
7336,0.0,B0*i - i**2 ; B1 + sqrt(Abs(B2*r - i)),-i**2 + 0.777844128322796*i ; sqrt(Abs(i + 0.783813443996113*r)) + 0.199681817361881
7337,0.0,i*sqrt(Abs(B0 + i**2 + i*s - s)) ; B1 + sqrt(Abs(B2 - i + sqrt(Abs(i)))),i*sqrt(Abs(i**2 + i*s - s - 13.0522362149105)) ; sqrt(Abs(-i + sqrt(Abs(i)) + 5.92733894787844)) - 1.62342733315348
7338,0.0,i*s**2 + i*s ; B0 + sqrt(Abs(B1 + r)),i*s**2 + i*s ; sqrt(Abs(r - 0.240504744526029)) + 0.775988108135978
7339,0.0,sqrt(2)*Abs(i)**(3/2)*Abs(s)**(1/4) ; B0 + sqrt(Abs(B1 - r)),sqrt(2)*Abs(i)**(3/2)*Abs(s)**(1/4) ; sqrt(Abs(r - 6.85173434819166)) + 0.314538228544857
7340,0.0,B0*i + i*s + i*sqrt(Abs(s)) ; B1 + sqrt(Abs(-B2 + i + r)),i*s + i*sqrt(Abs(s)) - 0.0125711998622473*i ; sqrt(Abs(i + r + 0.0404889563613032)) - 0.0442023375121148
7341,0.0,i*s ; B0 + sqrt(Abs(i*r - r)),i*s ; sqrt(Abs(i*r - r)) + 0.16430624796492
7342,0.0,B0*s - i*s + s*sqrt(Abs(i + sqrt(Abs(i)))) ; B1 + sqrt(Abs(i - sqrt(Abs(r)))),-i*s + s*sqrt(Abs(i + sqrt(Abs(i)))) + 0.314969650633842*s ; sqrt(Abs(i - sqrt(Abs(r)))) + 0.184513418653002
7343,0.0,B0*s - i*s - s**2 ; B1 + sqrt(Abs(B2 + i + r)),-i*s - s**2 + 6.16028659793499*s ; sqrt(Abs(i + r + 4.78090206076715)) - 0.820558542160734
7344,0.0,B0*s - s**2 ; B1 + sqrt(Abs(i - r)),-s**2 - 0.76798987713429*s ; sqrt(Abs(i - r)) + 0.0678289238565497
7345,0.0,i*s ; B0 + sqrt(Abs(B1 + i)),i*s ; sqrt(Abs(i + 1.07295974518743)) - 0.232276848968597
7346,0.0,i*sqrt(Abs(i + 2*s)) ; B0 + B1*sqrt(Abs(i)),i*sqrt(Abs(i + 2*s)) ; 2.45545463654476 - 3.21961374915118*sqrt(Abs(i))
7347,0.0,i*s + Abs(s)**(5/2) ; B0 + sqrt(Abs(B1*r + i)),i*s + Abs(s)**(5/2) ; sqrt(Abs(i + 1.04837529782041*r)) - 14.367970344472
7348,0.0,i*s + s**2 - s*sqrt(Abs(i)) ; B0 + sqrt(Abs(i**2 - i)),i*s + s**2 - s*sqrt(Abs(i)) ; sqrt(Abs(i**2 - i)) + 0.0494056233301192
7349,0.0,i**2 ; B0 + sqrt(Abs(i*r - i)),i**2 ; sqrt(Abs(i*r - i)) + 0.0829517538626182
7350,0.0,2*s**2 ; B0 + sqrt(Abs(B1 + i)),2*s**2 ; sqrt(Abs(i + 0.0591561332092553)) + 0.0176822513175702
7351,0.0,i*s ; B0 + sqrt(Abs(B1*r + i)),i*s ; sqrt(Abs(i + 0.818499233485114*r)) + 0.312970196249175
7352,0.0,B0*i - 2*i**2 + 2*i*s ; B1 + sqrt(Abs(B2 + i)),-2*i**2 + 2*i*s - 0.762250639762906*i ; sqrt(Abs(i - 0.0687702486969356)) + 0.828279327245475
7353,0.0,-i**2*sqrt(Abs(s)) + i*Abs(s)**(3/2) ; B0 + sqrt(Abs(B1 + i)),-i**2*sqrt(Abs(s)) + i*Abs(s)**(3/2) ; sqrt(Abs(i - 0.0423527985181841)) + 1.15280110638017
7354,0.0,B0*s + i*s ; B1 + sqrt(Abs(B2 + i)),i*s - 0.254690618122147*s ; sqrt(Abs(i + 0.245275092222518)) - 0.183389704559411
7355,0.0,B0*i + B1*s + 2*i**2 - 2*i*s ; B2 + sqrt(Abs(B3 + i)),2*i**2 - 2*i*s + 0.000365653655121947*i + 0.0239502006628492*s ; sqrt(Abs(i - 0.000523289122336608)) + 0.00184757042506915
7356,0.0,B0*i*s + i*s**2 ; B1 + sqrt(Abs(B2 + i)),i*s**2 + 1.57559908806341*i*s ; sqrt(Abs(i - 0.211789898478586)) + 0.436247940788046
7357,0.0,Abs(i)**(3/2) ; r*sqrt(Abs(B0 + i + r)),Abs(i)**(3/2) ; r*sqrt(Abs(i + r + 3.5585548670718))
7358,0.0,i*s**2 ; B0 + i + r,i*s**2 ; i + r + 0.0367233709792087
7359,0.0,B0*i*s - i**2*s + i*s**2 ; B1 + B2*r + B3*i*r,-i**2*s + i*s**2 - 2.87760214531921*i*s ; 1.99155038416218*i*r - 2.80956006745701*r + 0.675795657389886
7360,0.0,B0*s**2 + i*s**2 ; B1 + B2*sqrt(Abs(i + r)),i*s**2 - 0.140604801914024*s**2 ; 0.0961496358116315*sqrt(Abs(i + r)) + 2.07501834634822
7361,0.0,B0*s**2 + i*s**2 - s**3 ; B1*r + i,i*s**2 - s**3 + 0.519781673960402*s**2 ; i + 22.8906782908874*r
7362,0.0,-s**3 + s**2*sqrt(Abs(i)) ; B0*i,-s**3 + s**2*sqrt(Abs(i)) ; 40.4679005923747*i
7363,0.0,i*s**2 ; B0 + sqrt(Abs(i + r)),i*s**2 ; sqrt(Abs(i + r)) + 0.0690690852623919
7364,0.0,i*s**3 ; B0 + sqrt(Abs(r)),i*s**3 ; sqrt(Abs(r)) + 0.0150854919678474
7365,0.0,B0*s**2 - s**3 ; B1 + r,-s**3 + 0.291405308077401*s**2 ; r + 0.00165096668572211
7366,0.0,i*s**2 ; B0 - i + sqrt(Abs(r)),i*s**2 ; -i + sqrt(Abs(r)) + 0.0345122158365248
7367,0.0,i*s**2 ; B0 + Abs(r)**(3/2),i*s**2 ; Abs(r)**(3/2) + 0.0615982520904706
7368,0.0,i*s**2 ; B0 + i + sqrt(Abs(r)),i*s**2 ; i + sqrt(Abs(r)) + 0.11343205725099
7369,0.0,i*s**3 ; B0 + r,i*s**3 ; r + 0.105033104362309
7370,0.0,i*s**2 ; B0 + r,i*s**2 ; r + 0.155778806849621
7371,0.0,-Abs(i)**(3/2) + sqrt(Abs(i))*sqrt(Abs(B0 + i)) ; B1 + r,-Abs(i)**(3/2) + sqrt(Abs(i))*sqrt(Abs(i + 0.624376986204729)) ; r + 0.13947321425299
7372,0.0,sqrt(Abs(i))*sqrt(Abs(s)) ; B0 + r*sqrt(Abs(i)),sqrt(Abs(i))*sqrt(Abs(s)) ; r*sqrt(Abs(i)) + 6.67207660777656e-6
7373,0.0,i*sqrt(Abs(s)) ; B0 - i**2 + i*r,i*sqrt(Abs(s)) ; -i**2 + i*r + 0.00680539307527419
7374,0.0,sqrt(Abs(i))*sqrt(Abs(s)) ; B0*i + B1*r,sqrt(Abs(i))*sqrt(Abs(s)) ; 2.07936724902978*i + 0.000281839968190078*r
7375,0.0,sqrt(Abs(i))*sqrt(Abs(s)) ; B0 + 2*i**2*r + i*r,sqrt(Abs(i))*sqrt(Abs(s)) ; 2*i**2*r + i*r + 0.016757409634704
7376,0.0,s*sqrt(Abs(i)) - Abs(s)**(3/2) ; B0*i + B1*r,s*sqrt(Abs(i)) - Abs(s)**(3/2) ; 0.0150129378147862*i - 2.85890864276832*r
7377,0.0,i*sqrt(Abs(s)) ; B0*sqrt(Abs(i))*Abs(r)**(1/4) + r,i*sqrt(Abs(s)) ; r + 0.00519274333393413*sqrt(Abs(i))*Abs(r)**(1/4)
7378,0.0,sqrt(Abs(i))*sqrt(Abs(s)) - Abs(s)**(3/2) ; B0*sqrt(Abs(r)) + r,sqrt(Abs(i))*sqrt(Abs(s)) - Abs(s)**(3/2) ; r + 1.17184044808004*sqrt(Abs(r))
7379,0.0,sqrt(Abs(i))*sqrt(Abs(s)) ; B0 + 2*r,sqrt(Abs(i))*sqrt(Abs(s)) ; 2*r + 8.03553756593121e-5
7380,0.0,sqrt(Abs(i))*sqrt(Abs(s)) + Abs(s)**(3/2) ; B0*sqrt(Abs(r)) + i,sqrt(Abs(i))*sqrt(Abs(s)) + Abs(s)**(3/2) ; i + 1.210032329149*sqrt(Abs(r))
7381,0.0,B0*i*Abs(s)**(3/2) ; B1*sqrt(Abs(i)) + r,0.000382760501386623*i*Abs(s)**(3/2) ; r + 81.1890276097066*sqrt(Abs(i))
7382,0.0,i*sqrt(Abs(s)) ; B0 + B1*sqrt(Abs(i)) + r,i*sqrt(Abs(s)) ; r - 10.7802792225063*sqrt(Abs(i)) + 15.7905613715039
7383,0.0,B0*sqrt(Abs(s)) + i*sqrt(Abs(s)) + Abs(s)**(3/2) ; B1*sqrt(Abs(i)) + r,i*sqrt(Abs(s)) + Abs(s)**(3/2) - 7.78485858706963*sqrt(Abs(s)) ; r + 8.21577115664446e-6*sqrt(Abs(i))
7384,0.0,B0*i*sqrt(Abs(s)) - Abs(s)**(3/2) ; B1*sqrt(Abs(i)) + i + r,5.56249908200111*i*sqrt(Abs(s)) - Abs(s)**(3/2) ; i + r - 2.16481543741151*sqrt(Abs(i))
7385,0.0,i*sqrt(Abs(s)) ; B0*sqrt(Abs(i)) - i + r,i*sqrt(Abs(s)) ; -i + r + 15.000892444485*sqrt(Abs(i))
7386,0.0,B0*i*sqrt(Abs(s)) - Abs(s)**(3/2) ; B1*sqrt(Abs(i)) + i,1.50840460932255*i*sqrt(Abs(s)) - Abs(s)**(3/2) ; i + 7.07645013917356*sqrt(Abs(i))
7387,0.0,i**2 + i*s + i*Abs(s)**(3/2) ; Abs(B0 + r + sqrt(Abs(i)))**(1/4),i**2 + i*s + i*Abs(s)**(3/2) ; Abs(r + sqrt(Abs(i)) + 17.4842851006652)**(1/4)
7388,0.0,i ; i + sqrt(Abs(r)),i ; i + sqrt(Abs(r))
7389,0.0,B0 + i ; i**2*r + r,i + 0.00153293561861373 ; i**2*r + r
7390,0.0,i ; B0 + sqrt(Abs(r)),i ; sqrt(Abs(r)) + 0.0268815707170585
7391,0.0,B0 + B1*i - s ; B2*i**2 + 2*i**3 + i,2.06697134020345*i - s - 1.44128082538329 ; 2*i**3 - 0.00216110646035667*i**2 + i
7392,0.0,sqrt(Abs(s - sqrt(Abs(i)))) ; B0 + B1*i - i*r,sqrt(Abs(s - sqrt(Abs(i)))) ; -i*r + 0.12087160887838*i + 0.295576663534536
7393,0.0,i ; r**2*sqrt(Abs(i)) + r,i ; r**2*sqrt(Abs(i)) + r
7394,0.0,B0 + i ; i + r*sqrt(Abs(B1 + r)),i + 0.0528366712147888 ; i + r*sqrt(Abs(r + 0.120300487318094))
7395,0.0,B0*s - i*s ; r + Abs(i)**(3/4),-i*s + 0.53925891029964*s ; r + Abs(i)**(3/4)
7396,0.0,i ; B0*sqrt(Abs(i)) + r,i ; r - 0.000621244685610071*sqrt(Abs(i))
7397,0.0,B0*s - i*s ; B1*Abs(i)**(1/4) + i + r*Abs(i)**(1/4),-i*s + 0.0996203159461693*s ; i + r*Abs(i)**(1/4) + 0.0674659044740559*Abs(i)**(1/4)
7398,0.0,i ; B0*sqrt(Abs(r)) - i*sqrt(Abs(r)) + r,i ; -i*sqrt(Abs(r)) + r + 5.91364089135236*sqrt(Abs(r))
7399,0.0,i ; B0 + B1*sqrt(Abs(r)) + Abs(r)**(3/2),i ; Abs(r)**(3/2) - 0.545350801104729*sqrt(Abs(r)) + 0.121453170451903
7400,0.0,i ; B0 + Abs(r)**(3/2),i ; Abs(r)**(3/2) - 0.00160411632160907
7401,0.0,-i + s ; B0*sqrt(Abs(r)) + sqrt(Abs(i)),-i + s ; sqrt(Abs(i)) - 0.00565466469436419*sqrt(Abs(r))
7402,0.0,i ; B0*sqrt(Abs(r)) + 2*r,i ; 2*r + 0.495037061344845*sqrt(Abs(r))
7403,0.0,sqrt(Abs(s)) ; B0 + B1*sqrt(Abs(r)),sqrt(Abs(s)) ; 0.00350582632933516*sqrt(Abs(r)) + 2.50855729061537
7404,0.0,i ; r*sqrt(Abs(i)) + r,i ; r*sqrt(Abs(i)) + r
7405,0.0,i ; i + sqrt(Abs(r))*sqrt(Abs(B0 - r)),i ; i + sqrt(Abs(r))*sqrt(Abs(r - 0.0488458957093619))
7406,0.0,i + sqrt(Abs(i)) ; B0 + sqrt(Abs(i))*sqrt(Abs(r)),i + sqrt(Abs(i)) ; sqrt(Abs(i))*sqrt(Abs(r)) + 0.18366494199066
7407,0.0,i ; r + sqrt(2)*sqrt(Abs(i))*sqrt(Abs(r)),i ; r + sqrt(2)*sqrt(Abs(i))*sqrt(Abs(r))
7408,0.0,i ; i + sqrt(Abs(r))*sqrt(Abs(i - r)),i ; i + sqrt(Abs(r))*sqrt(Abs(i - r))
7409,0.0,sqrt(Abs(s)) ; i + r,sqrt(Abs(s)) ; i + r
7410,0.0,i ; B0 - i + r,i ; -i + r + 0.0493726284249124
7411,0.0,sqrt(Abs(i)) ; 2*i - r,sqrt(Abs(i)) ; 2*i - r
7412,0.0,2*i + s ; B0*i + B1*r,2*i + s ; 14.6375031430814*i + 3.03009459761998*r
7413,0.0,i*s ; B0 + i*r + sqrt(Abs(r)),i*s ; i*r + sqrt(Abs(r)) + 0.00248398047831453
7414,0.0,B0*s**2 - i*s + s**2*sqrt(Abs(i)) ; B1 + i + r,-i*s + s**2*sqrt(Abs(i)) + 0.0328395436703502*s**2 ; i + r + 3.0570375523152
7415,0.0,i ; B0*i*r + 2*r,i ; 1.03773991852519*i*r + 2*r
7416,0.0,i ; B0 + B1*sqrt(Abs(i)) + r,i ; r - 0.181846491552163*sqrt(Abs(i)) + 0.0545096590300979
7417,0.0,B0*i*s**2 + i**2 ; i + r**2 + r,i**2 + 1.24068510512682*i*s**2 ; i + r**2 + r
7418,0.0,B0 + i ; B1 + 2*r,i + 83.2407025771045 ; 2*r + 368.084925602007
7419,0.0,sqrt(Abs(s)) + sqrt(Abs(i + s)) ; 2*r + sqrt(Abs(i - r)),sqrt(Abs(s)) + sqrt(Abs(i + s)) ; 2*r + sqrt(Abs(i - r))
7420,0.0,-i + s ; B0 + i + 2*r + sqrt(Abs(i)),-i + s ; i + 2*r + sqrt(Abs(i)) + 0.101054924619771
7421,0.0,-i + s**2 - s*sqrt(Abs(i)) ; i + 2*r,-i + s**2 - s*sqrt(Abs(i)) ; i + 2*r
7422,0.0,2*i - Abs(B0 - s)**(1/4) ; B1 + i,2*i - Abs(s - 245764.823955502)**(1/4) ; i - 22.2443468777757
7423,0.0,B0 + 2*i - 2*s + sqrt(Abs(i)) ; i + r**2 + 2*r,2*i - 2*s + sqrt(Abs(i)) + 1.25304411328241 ; i + r**2 + 2*r
7424,0.0,i**2*sqrt(Abs(s)) - i*s - i ; 2*r + sqrt(Abs(B0 - i)),i**2*sqrt(Abs(s)) - i*s - i ; 2*r + sqrt(Abs(i - 0.240310116106244))
7425,0.0,B0*Abs(i**2 + i)**(1/4) - i ; B1 + i**2 + r,-i + 2.27557624125939*Abs(i**2 + i)**(1/4) ; i**2 + r - 0.16397794801266
7426,0.0,B0 + i + s - Abs(s)**(1/4) ; i + 2*r + sqrt(Abs(i)),i + s - Abs(s)**(1/4) + 5.4385380100563 ; i + 2*r + sqrt(Abs(i))
7427,0.0,B0 - s ; B1 + r,0.820849035017294 - s ; r + 0.00015092071610795
7428,0.0,B0 + B1*sqrt(Abs(i)) - s ; B2 + i*r + r,-s - 3.698497626938*sqrt(Abs(i)) + 9.10664325275747 ; i*r + r + 14.0833360625827
7429,0.0,B0 + i - s ; B1 + i*r**2 + r,i - s + 1.56678664055905 ; i*r**2 + r + 5.38817767738923
7430,0.0,B0 - 3*i ; B1 + r + sqrt(Abs(i))*sqrt(Abs(r)),4.93213243334446 - 3*i ; r + sqrt(Abs(i))*sqrt(Abs(r)) + 1.01722968347297
7431,0.0,B0 + i*sqrt(Abs(s)) - i - s ; B1 + 2*r,i*sqrt(Abs(s)) - i - s + 0.143345065416103 ; 2*r - 0.256429621374617
7432,0.0,i*s - s ; B0 + r,i*s - s ; r + 2.17376239534866
7433,0.0,-i + sqrt(Abs(s)) ; B0 - i + r,-i + sqrt(Abs(s)) ; -i + r + 0.376659342730099
7434,0.0,-i + sqrt(Abs(B0 - 2*s)) ; B1 + 2*r,-i + sqrt(Abs(2*s - 2310.3571353993)) ; 2*r + 0.00130187278417569
7435,0.0,-2*i**2 + i ; B0 + r,-2*i**2 + i ; r + 0.0118818548940106
7436,0.0,B0 + i - s ; B1 + i + 2*r,i - s + 1.27920110925459 ; i + 2*r - 1.10444051292497
7437,0.0,-i + s ; B0 + r + sqrt(Abs(i - r)),-i + s ; r + sqrt(Abs(i - r)) - 0.203731761770435
7438,0.0,-i + s ; B0 + i + r,-i + s ; i + r - 0.0158328411642513
7439,0.0,-i + s ; B0 + 2*r,-i + s ; 2*r + 0.000423842747438338
7440,0.0,-i + s ; B0 + r + sqrt(Abs(B1 + r)),-i + s ; r + sqrt(Abs(r + 0.987817400439513)) - 2.9448189287159
7441,0.0,B0*i + i**2 - i*s + s ; B1 + r + sqrt(Abs(B2 + r)),i**2 - i*s - 0.98361082714513*i + s ; r + sqrt(Abs(r + 3.94472683560514)) + 3.60461060160724
7442,0.0,-2*s**2 + s ; B0 - i + r + sqrt(Abs(i)),-2*s**2 + s ; -i + r + sqrt(Abs(i)) + 0.0121770535256919
7443,0.0,-i**2 + s ; B0 - i + r,-i**2 + s ; -i + r - 0.584804456428248
7444,0.0,B0*s - 2*i*s ; B1 + B2*r**2 + r,-2*i*s + 0.2940262549048*s ; 10.9477018282923*r**2 + r + 1.3550425401929
7445,0.0,-2*i*s + s ; B0 + i + r,-2*i*s + s ; i + r - 0.19862370495836
7446,0.0,-sqrt(2)*i**2*sqrt(Abs(s)) + s ; B0 + r + sqrt(Abs(i)),-sqrt(2)*i**2*sqrt(Abs(s)) + s ; r + sqrt(Abs(i)) + 2.05990808252029
7447,0.0,-i**2 + s ; B0 + r,-i**2 + s ; r + 3.66299770058119
7448,0.0,-i**3 + s ; B0 + r + sqrt(Abs(B1 - r)),-i**3 + s ; r + sqrt(Abs(r - 19.3722191850414)) - 4.59343246132317
